HIERARCHY
ROOT Root
{
  OFFSET 0.0 0.0 0.0
  CHANNELS 6 Xposition Yposition Zposition Zrotation Yrotation Xrotation
  JOINT Hips
  {
    OFFSET 0.0 100.0 0.0
    CHANNELS 6 Xposition Yposition Zposition Zrotation Yrotation Xrotation
    JOINT Spine1
    {
      OFFSET -0.013727 5.003763 -0.053727
      CHANNELS 3 Zrotation Yrotation Xrotation
      JOINT Spine2
      {
        OFFSET -0.0 7.125301 -0.029825
        CHANNELS 3 Zrotation Yrotation Xrotation
        JOINT Chest
        {
          OFFSET -1e-06 7.550063 -0.815971
          CHANNELS 3 Zrotation Yrotation Xrotation
          JOINT Neck1
          {
            OFFSET -0.181677 26.311295 -0.553348
            CHANNELS 3 Zrotation Yrotation Xrotation
            JOINT Neck2
            {
              OFFSET -3e-06 7.709397 2.302585
              CHANNELS 3 Zrotation Yrotation Xrotation
              JOINT Head
              {
                OFFSET -5e-06 6.128916 1.953709
                CHANNELS 3 Zrotation Yrotation Xrotation
                JOINT HeadEnd
                {
                  OFFSET 0.003598 16.065403 -1.835379
                  CHANNELS 3 Zrotation Yrotation Xrotation
                }
                JOINT Jaw
                {
                  OFFSET 0.002637 0.475592 3.094941
                  CHANNELS 3 Zrotation Yrotation Xrotation
                }
                JOINT LeftEye
                {
                  OFFSET 3.206381 5.380205 7.586883
                  CHANNELS 3 Zrotation Yrotation Xrotation
                }
                JOINT RightEye
                {
                  OFFSET -3.22244 5.361869 7.558234
                  CHANNELS 3 Zrotation Yrotation Xrotation
                }
              }
            }
          }
          JOINT LeftShoulder
          {
            OFFSET 1.621652 23.237164 5.113413
            CHANNELS 3 Zrotation Yrotation Xrotation
            JOINT LeftArm
            {
              OFFSET 14.919846 2e-06 -5.502326
              CHANNELS 3 Zrotation Yrotation Xrotation
              JOINT LeftForeArm
              {
                OFFSET 28.739307 0.0 -0.002588
                CHANNELS 3 Zrotation Yrotation Xrotation
                JOINT LeftHand
                {
                  OFFSET 27.093981 -1e-06 0.002609
                  CHANNELS 3 Zrotation Yrotation Xrotation
                  JOINT LeftHandThumb1
                  {
                    OFFSET 2.276482 -1.392045 3.191413
                    CHANNELS 3 Zrotation Yrotation Xrotation
                    JOINT LeftHandThumb2
                    {
                      OFFSET 4.012836 -1.828127 1.641654
                      CHANNELS 3 Zrotation Yrotation Xrotation
                      JOINT LeftHandThumb3
                      {
                        OFFSET 2.798515 0.0 -3e-06
                        CHANNELS 3 Zrotation Yrotation Xrotation
                        JOINT LeftHandThumbEnd
                        {
                          OFFSET 3.180793 -4e-06 4e-06
                          CHANNELS 3 Zrotation Yrotation Xrotation
                        }
                      }
                    }
                  }
                  JOINT LeftHandIndex1
                  {
                    OFFSET 3.247555 -0.531998 2.296169
                    CHANNELS 3 Zrotation Yrotation Xrotation
                    JOINT LeftHandIndex2
                    {
                      OFFSET 6.364578 0.01206 0.1786
                      CHANNELS 3 Zrotation Yrotation Xrotation
                      JOINT LeftHandIndex3
                      {
                        OFFSET 3.662364 0.0 0.0
                        CHANNELS 3 Zrotation Yrotation Xrotation
                        JOINT LeftHandIndex4
                        {
                          OFFSET 2.329242 4e-06 4e-06
                          CHANNELS 3 Zrotation Yrotation Xrotation
                          JOINT LeftHandIndexEnd
                          {
                            OFFSET 2.759615 -0.180537 -0.113024
                            CHANNELS 3 Zrotation Yrotation Xrotation
                          }
                        }
                      }
                    }
                  }
                  JOINT LeftHandMiddle1
                  {
                    OFFSET 3.163495 0.240981 1.000332
                    CHANNELS 3 Zrotation Yrotation Xrotation
                    JOINT LeftHandMiddle2
                    {
                      OFFSET 6.19078 -0.259278 -1.002548
                      CHANNELS 3 Zrotation Yrotation Xrotation
                      JOINT LeftHandMiddle3
                      {
                        OFFSET 4.35652 -4e-06 -1e-06
                        CHANNELS 3 Zrotation Yrotation Xrotation
                        JOINT LeftHandMiddle4
                        {
                          OFFSET 2.996877 -8e-06 0.0
                          CHANNELS 3 Zrotation Yrotation Xrotation
                          JOINT LeftHandMiddleEnd
                          {
                            OFFSET 2.304287 -0.294569 -0.031741
                            CHANNELS 3 Zrotation Yrotation Xrotation
                          }
                        }
                      }
                    }
                  }
                  JOINT LeftHandRing1
                  {
                    OFFSET 2.882643 -0.053652 -0.322543
                    CHANNELS 3 Zrotation Yrotation Xrotation
                    JOINT LeftHandRing2
                    {
                      OFFSET 5.854541 -0.486202 -1.373841
                      CHANNELS 3 Zrotation Yrotation Xrotation
                      JOINT LeftHandRing3
                      {
                        OFFSET 4.350578 0.0 3e-06
                        CHANNELS 3 Zrotation Yrotation Xrotation
                        JOINT LeftHandRing4
                        {
                          OFFSET 2.651321 7e-06 2e-06
                          CHANNELS 3 Zrotation Yrotation Xrotation
                          JOINT LeftHandRingEnd
                          {
                            OFFSET 1.936105 0.077687 -7.1e-05
                            CHANNELS 3 Zrotation Yrotation Xrotation
                          }
                        }
                      }
                    }
                  }
                  JOINT LeftHandPinky1
                  {
                    OFFSET 2.8655 -0.310005 -1.600378
                    CHANNELS 3 Zrotation Yrotation Xrotation
                    JOINT LeftHandPinky2
                    {
                      OFFSET 5.087849 -1.331141 -1.77123
                      CHANNELS 3 Zrotation Yrotation Xrotation
                      JOINT LeftHandPinky3
                      {
                        OFFSET 3.070974 4e-06 0.0
                        CHANNELS 3 Zrotation Yrotation Xrotation
                        JOINT LeftHandPinky4
                        {
                          OFFSET 1.549672 0.0 1e-06
                          CHANNELS 3 Zrotation Yrotation Xrotation
                          JOINT LeftHandPinkyEnd
                          {
                            OFFSET 1.944893 -0.157802 0.057219
                            CHANNELS 3 Zrotation Yrotation Xrotation
                          }
                        }
                      }
                    }
                  }
                }
              }
            }
          }
          JOINT RightShoulder
          {
            OFFSET -1.380118 23.180309 5.214158
            CHANNELS 3 Zrotation Yrotation Xrotation
            JOINT RightArm
            {
              OFFSET -15.037196 1.2e-05 -5.545604
              CHANNELS 3 Zrotation Yrotation Xrotation
              JOINT RightForeArm
              {
                OFFSET -28.736639 2e-06 -0.002597
                CHANNELS 3 Zrotation Yrotation Xrotation
                JOINT RightHand
                {
                  OFFSET -27.133619 -0.0 0.002613
                  CHANNELS 3 Zrotation Yrotation Xrotation
                  JOINT RightHandThumb1
                  {
                    OFFSET -2.274032 -1.383988 3.163127
                    CHANNELS 3 Zrotation Yrotation Xrotation
                    JOINT RightHandThumb2
                    {
                      OFFSET -4.011429 -1.827466 1.640914
                      CHANNELS 3 Zrotation Yrotation Xrotation
                      JOINT RightHandThumb3
                      {
                        OFFSET -2.794935 -4e-06 -3e-06
                        CHANNELS 3 Zrotation Yrotation Xrotation
                        JOINT RightHandThumbEnd
                        {
                          OFFSET -3.183852 4e-06 1e-06
                          CHANNELS 3 Zrotation Yrotation Xrotation
                        }
                      }
                    }
                  }
                  JOINT RightHandIndex1
                  {
                    OFFSET -3.253266 -0.520057 2.282866
                    CHANNELS 3 Zrotation Yrotation Xrotation
                    JOINT RightHandIndex2
                    {
                      OFFSET -6.341917 0.012471 0.178266
                      CHANNELS 3 Zrotation Yrotation Xrotation
                      JOINT RightHandIndex3
                      {
                        OFFSET -3.654871 -8e-06 -0.0
                        CHANNELS 3 Zrotation Yrotation Xrotation
                        JOINT RightHandIndex4
                        {
                          OFFSET -2.327586 0.0 1e-06
                          CHANNELS 3 Zrotation Yrotation Xrotation
                          JOINT RightHandIndexEnd
                          {
                            OFFSET -2.76179 -0.180656 -0.113078
                            CHANNELS 3 Zrotation Yrotation Xrotation
                          }
                        }
                      }
                    }
                  }
                  JOINT RightHandMiddle1
                  {
                    OFFSET -3.168106 0.246593 1.00103
                    CHANNELS 3 Zrotation Yrotation Xrotation
                    JOINT RightHandMiddle2
                    {
                      OFFSET -6.180828 -0.258836 -1.000895
                      CHANNELS 3 Zrotation Yrotation Xrotation
                      JOINT RightHandMiddle3
                      {
                        OFFSET -4.348901 0.0 -0.0
                        CHANNELS 3 Zrotation Yrotation Xrotation
                        JOINT RightHandMiddle4
                        {
                          OFFSET -3.00024 -4e-06 -2e-06
                          CHANNELS 3 Zrotation Yrotation Xrotation
                          JOINT RightHandMiddleEnd
                          {
                            OFFSET -2.30252 -0.29437 -0.031706
                            CHANNELS 3 Zrotation Yrotation Xrotation
                          }
                        }
                      }
                    }
                  }
                  JOINT RightHandRing1
                  {
                    OFFSET -2.88569 -0.067952 -0.308858
                    CHANNELS 3 Zrotation Yrotation Xrotation
                    JOINT RightHandRing2
                    {
                      OFFSET -5.854198 -0.48613 -1.373731
                      CHANNELS 3 Zrotation Yrotation Xrotation
                      JOINT RightHandRing3
                      {
                        OFFSET -4.33881 -4e-06 -0.0
                        CHANNELS 3 Zrotation Yrotation Xrotation
                        JOINT RightHandRing4
                        {
                          OFFSET -2.654903 -4e-06 4e-06
                          CHANNELS 3 Zrotation Yrotation Xrotation
                          JOINT RightHandRingEnd
                          {
                            OFFSET -1.933568 0.077527 -5.2e-05
                            CHANNELS 3 Zrotation Yrotation Xrotation
                          }
                        }
                      }
                    }
                  }
                  JOINT RightHandPinky1
                  {
                    OFFSET -2.866425 -0.342796 -1.584145
                    CHANNELS 3 Zrotation Yrotation Xrotation
                    JOINT RightHandPinky2
                    {
                      OFFSET -5.091371 -1.332055 -1.772385
                      CHANNELS 3 Zrotation Yrotation Xrotation
                      JOINT RightHandPinky3
                      {
                        OFFSET -3.062664 -4e-06 1e-06
                        CHANNELS 3 Zrotation Yrotation Xrotation
                        JOINT RightHandPinky4
                        {
                          OFFSET -1.546529 4e-06 -2e-06
                          CHANNELS 3 Zrotation Yrotation Xrotation
                          JOINT RightHandPinkyEnd
                          {
                            OFFSET -1.945119 -0.157718 0.057211
                            CHANNELS 3 Zrotation Yrotation Xrotation
                          }
                        }
                      }
                    }
                  }
                }
              }
            }
          }
        }
      }
    }
    JOINT LeftLeg
    {
      OFFSET 10.043214 -8.434526 2.595655
      CHANNELS 3 Zrotation Yrotation Xrotation
      JOINT LeftShin
      {
        OFFSET -1e-06 -43.221752 -0.802913
        CHANNELS 3 Zrotation Yrotation Xrotation
        JOINT LeftFoot
        {
          OFFSET 1e-06 -42.155094 -3.481523
          CHANNELS 3 Zrotation Yrotation Xrotation
          JOINT LeftToeBase
          {
            OFFSET 0.0 -5.059472 13.231529
            CHANNELS 3 Zrotation Yrotation Xrotation
            JOINT LeftToeEnd
            {
              OFFSET -0.009607 -1.647619 6.513017
              CHANNELS 3 Zrotation Yrotation Xrotation
            }
          }
        }
      }
    }
    JOINT RightLeg
    {
      OFFSET -10.047278 -8.29526 2.620317
      CHANNELS 3 Zrotation Yrotation Xrotation
      JOINT RightShin
      {
        OFFSET 1e-06 -43.362206 -0.805556
        CHANNELS 3 Zrotation Yrotation Xrotation
        JOINT RightFoot
        {
          OFFSET 2e-06 -42.117393 -3.478398
          CHANNELS 3 Zrotation Yrotation Xrotation
          JOINT RightToeBase
          {
            OFFSET -0.0 -5.079609 13.284196
            CHANNELS 3 Zrotation Yrotation Xrotation
            JOINT RightToeEnd
            {
              OFFSET 0.009532 -1.634378 6.460591
              CHANNELS 3 Zrotation Yrotation Xrotation
            }
          }
        }
      }
    }
  }
}
MOTION
Frames: 90
Frame Time: 0.03333333333333333
0.0 0.0 0.0 0.0 -0.0 0.0 -0.376685 98.777252 -3.74951 0.51864 -1.05325 3.43477 -2.244954 -2.521358 4.87371 -0.385503 -7.778606 -4.047804 -0.579181 -9.754224 11.194652 2.254897 1.926699 12.416062 -0.453299 1.727809 -3.483966 -4.123718 3.16435 -6.57063 7.7e-05 -2.2e-05 5e-06 0.003435 0.039654 -0.104368 0.741493 -3.66794 -10.557719 -0.732508 3.749758 -10.596189 2.840861 -14.362985 15.072993 -60.682053 -16.160934 10.583946 -177.179214 -61.024189 177.185516 6.157331 -9.167102 -15.484483 -5.882104 9.861284 0.702589 -10.93687 -0.360575 7.156203 1e-06 8.774824 -1e-06 -15.817387 18.503613 6.276396 -1.844033 2.498504 -2.507277 -10.163598 4.678944 4.621106 -20.976023 -4e-06 0.0 -21.226286 2.451696 -3.594002 1e-06 -6e-06 -1e-06 -1.362682 2.240798 -0.746324 -21.334911 0.58491 3.00832 -13.821213 -3e-06 1e-06 -23.887167 -0.249081 -0.839484 -59.857697 2.48628 -1.703093 -0.294025 1.679686 0.833255 -14.218205 0.093214 1.300578 -34.212048 -0.287566 0.967169 -20.033209 0.964534 1.212843 3e-06 1e-06 1e-06 -3.440389 0.788234 0.501655 -15.928183 -3.16731 2.999705 -6.338825 -2e-06 -0.0 -18.123444 3.648181 -4.905671 -4e-06 0.0 -2e-06 1.407526 -3.333102 16.732168 60.252438 -12.26847 19.89242 -178.984085 78.36541 179.293579 -2.558041 -12.027883 -10.190355 2.243543 -5.255038 -3.18016 14.282896 -0.826597 6.952506 -3e-06 -12.690609 2e-06 16.36842 -17.892727 2.533523 1.665668 -1.955923 -2.878301 4.727801 -4.170592 4.993927 11.020531 4e-06 -2e-06 12.109058 -3.735717 -2.866786 -1e-06 -1e-06 0.0 1.291986 -1.928549 -1.49809 14.800136 0.567467 3.865609 14.242579 -1.341735 -6.660661 19.631977 0.143926 -0.648247 50.92783 -1.005813 -6.755698 0.353029 -1.511151 -0.03194 20.222801 3.68431 2.31663 18.787283 6e-06 -0.0 10.751636 -0.479869 1.397905 0.0 2e-06 0.0 3.273808 0.305947 -0.580111 21.486824 11.830381 2.266133 8.162931 0.0 -1e-06 18.399092 -3.798986 -4.940578 2e-06 -1e-06 -1e-06 1.628019 5.502883 16.114698 0.184445 -0.652244 45.55769 -1.627846 4.781939 11.652395 1.650742 -1.960715 -4.039523 -0.0 0.0 2e-06 0.972785 -7.240877 -28.904186 -0.126215 -0.102575 20.06028 14.901537 -0.132813 -0.262854 -1.299138 1.128268 -2.755835 -0.0 -0.0 -1e-06 
0.0 0.0 0.0 0.0 -0.0 0.0 -0.623464 96.714592 1.055341 0.472713 -1.9604 1.182988 -1.446651 -1.704606 5.786851 -0.200064 -5.914483 -3.718176 -0.55201 -8.278967 11.584604 0.691298 2.629578 13.445044 -0.323801 0.855408 -3.585089 -3.742557 2.553804 -7.515798 7.7e-05 -2.3e-05 4e-06 0.052949 -0.100265 -0.113464 0.76349 -3.801167 -10.624766 -0.656553 3.600695 -10.651828 -0.181425 -11.552732 15.813049 -61.433365 -10.998278 14.668251 -177.190033 -71.374992 176.541412 5.883157 -9.842649 -16.398695 -5.882109 9.861288 0.702588 -10.936875 -0.360575 7.156209 -1e-06 8.774827 -2e-06 -16.339937 18.965204 6.058343 -1.844036 2.498506 -2.50728 -10.163604 4.678946 4.62111 -20.97603 -3e-06 1e-06 -21.226292 2.451696 -3.594003 1e-06 -6e-06 -0.0 -1.362682 2.240799 -0.746324 -21.334923 0.58491 3.008325 -13.821219 -2e-06 2e-06 -23.887178 -0.249078 -0.839485 -60.180286 2.361009 -1.704786 -0.294026 1.679688 0.833256 -14.218215 0.093215 1.300581 -34.212063 -0.287563 0.96717 -20.033218 0.964537 1.212843 0.0 0.0 -0.0 -3.44039 0.788234 0.501656 -15.928192 -3.16731 2.999709 -6.338829 -1e-06 1e-06 -18.123455 3.648184 -4.905674 -4e-06 -0.0 -2e-06 4.889039 -1.389399 16.788591 55.912834 -6.918073 18.478823 177.315872 80.302917 176.068726 -2.410073 -10.734204 -15.062157 2.243541 -5.255037 -3.180157 14.282887 -0.826594 6.9525 -1e-06 -12.690605 -2e-06 16.22875 -17.97468 2.439715 1.665666 -1.955921 -2.878298 4.727797 -4.170588 4.993921 11.020523 1e-06 -2e-06 12.109048 -3.735717 -2.866785 2e-06 0.0 1e-06 1.291985 -1.92855 -1.498089 14.800125 0.56747 3.865606 14.242568 -1.341739 -6.660655 19.631958 0.143928 -0.648245 50.824806 -0.679514 -6.659412 0.353029 -1.51115 -0.03194 20.222786 3.684311 2.316629 18.78727 6e-06 -1e-06 10.751625 -0.479868 1.397906 2e-06 1e-06 1e-06 3.273806 0.305946 -0.580111 21.486809 11.830377 2.266136 8.162922 4e-06 -0.0 18.399076 -3.798984 -4.940575 2e-06 0.0 -0.0 3.45994 6.821784 10.597535 0.214195 -0.689303 64.79422 -0.253611 9.699106 5.014122 2.169083 -2.075443 -3.319947 0.0 -0.0 2e-06 0.397578 -6.013538 -27.616444 0.144009 -0.155254 31.509764 3.992091 0.058196 -3.608611 -1.419127 0.929889 -0.869564 0.0 0.0 -1e-06 
0.0 0.0 0.0 0.0 -0.0 0.0 -1.010853 94.750473 9.367652 -1.799602 -1.926287 0.279915 0.386005 -0.981377 6.328408 0.242528 -4.10138 -3.552469 1.08358 -6.787531 12.259713 -0.936406 3.199916 13.11488 -0.463477 0.122026 -3.654288 -3.619965 1.637904 -9.732907 7.7e-05 -2.2e-05 6e-06 0.045086 -0.13305 -0.095703 0.757889 -3.820994 -10.652443 -0.670909 3.556407 -10.659861 -3.107909 -7.69594 16.890966 -61.560326 -5.723301 17.013409 -171.525192 -82.875717 170.659821 8.267026 -9.860011 -15.462881 -5.882104 9.861286 0.702587 -10.936866 -0.360575 7.156206 -2e-06 8.774824 -2e-06 -16.03577 18.703424 6.349462 -1.844032 2.498505 -2.507279 -10.163597 4.678944 4.621109 -20.976019 -3e-06 -0.0 -21.22628 2.451696 -3.594004 1e-06 -6e-06 1e-06 -1.362681 2.240799 -0.746324 -21.334906 0.584909 3.008322 -13.82121 -2e-06 1e-06 -23.887161 -0.249078 -0.839485 -61.121498 2.46376 -1.608764 -0.294024 1.679687 0.833255 -14.218201 0.093216 1.30058 -34.212036 -0.287563 0.967168 -20.033205 0.964537 1.212842 -0.0 0.0 -0.0 -3.440389 0.788233 0.501656 -15.928181 -3.167309 2.999708 -6.338824 -1e-06 1e-06 -18.123444 3.648184 -4.905674 -5e-06 0.0 -2e-06 8.799813 1.066635 16.85574 49.238071 -0.137517 17.212612 173.014709 82.041893 172.271194 -2.21566 -11.474253 -18.861813 2.243542 -5.255036 -3.180157 14.282894 -0.826597 6.9525 -2e-06 -12.690607 -0.0 16.187727 -17.837315 2.541601 1.665666 -1.955922 -2.878298 4.7278 -4.170587 4.993924 11.020528 3e-06 -1e-06 12.109053 -3.735718 -2.866784 2e-06 -1e-06 -0.0 1.291986 -1.928548 -1.498089 14.800131 0.567471 3.865608 14.242571 -1.34174 -6.660657 19.631969 0.143922 -0.648246 50.475044 -0.388272 -6.473241 0.353029 -1.511151 -0.03194 20.222794 3.684309 2.31663 18.787279 5e-06 -0.0 10.751629 -0.479869 1.397906 -1e-06 -0.0 -1e-06 3.273807 0.305946 -0.580111 21.486818 11.830376 2.266132 8.16293 2e-06 -0.0 18.399086 -3.798985 -4.940577 3e-06 1e-06 -0.0 7.567698 6.506011 0.989382 0.146925 -0.660381 81.805107 1.128762 13.127242 2.654613 2.407149 -2.03376 -3.297328 0.0 0.0 2e-06 2.244811 -4.869617 -25.363884 -0.029398 -0.192622 40.994289 2.593571 -1.664784 -13.754303 -1.428107 0.923413 0.397911 0.0 0.0 -1e-06 
0.0 0.0 0.0 0.0 -0.0 0.0 -1.22026 94.312546 17.50421 -2.900237 -0.935354 0.267111 1.499604 -0.412685 6.220659 0.316139 -2.699136 -3.525744 2.349018 -5.242249 12.871903 -1.573794 3.605569 12.358854 -0.802468 -0.567129 -3.625184 -3.52018 0.831277 -10.695068 7.7e-05 -2.3e-05 6e-06 0.031295 -0.142737 -0.079428 0.722182 -3.838817 -10.687197 -0.663953 3.55479 -10.687084 -3.831744 -4.241086 18.030329 -60.355392 0.493248 20.014725 -54.158722 -88.9161 53.16328 12.874406 -8.142988 -12.770202 -5.882104 9.861286 0.702589 -10.936868 -0.360575 7.156204 1e-06 8.774822 -2e-06 -16.144375 18.214516 6.165277 -1.844032 2.498506 -2.507279 -10.1636 4.678945 4.621109 -20.976021 -1e-06 -0.0 -21.226284 2.451697 -3.594002 -0.0 -7e-06 -1e-06 -1.362681 2.240799 -0.746323 -21.334908 0.584909 3.008322 -13.82121 -1e-06 2e-06 -23.887161 -0.249079 -0.839484 -61.926094 2.717333 -1.594808 -0.294024 1.679688 0.833255 -14.218205 0.093217 1.300579 -34.21204 -0.287564 0.967168 -20.033211 0.964537 1.212842 -1e-06 -1e-06 1e-06 -3.440389 0.788234 0.501656 -15.928183 -3.16731 2.999707 -6.338823 -0.0 1e-06 -18.123444 3.648183 -4.905674 -4e-06 0.0 -2e-06 10.798987 3.871251 17.41996 44.592857 6.508607 13.7121 169.255005 82.073921 168.787018 -2.59323 -13.497304 -17.781862 2.243541 -5.255037 -3.180158 14.282889 -0.826593 6.952504 -3e-06 -12.690605 1e-06 16.192877 -17.693745 2.544976 1.665666 -1.955921 -2.878299 4.727797 -4.170588 4.993925 11.020526 5e-06 -2e-06 12.109051 -3.735714 -2.866786 1e-06 1e-06 -0.0 1.291985 -1.92855 -1.49809 14.800125 0.567469 3.865609 14.242568 -1.341735 -6.660659 19.631964 0.143928 -0.648243 49.86425 -0.425754 -6.313269 0.353029 -1.51115 -0.03194 20.222788 3.684311 2.31663 18.78727 6e-06 -0.0 10.751624 -0.479868 1.397906 0.0 -0.0 -1e-06 3.273806 0.305945 -0.580112 21.486813 11.830377 2.266133 8.162925 2e-06 0.0 18.399078 -3.798985 -4.940575 3e-06 0.0 -2e-06 9.074727 4.265207 -10.536249 0.108995 -0.515004 91.42247 2.376876 14.393784 1.439426 2.381063 -2.036971 -3.965157 0.0 0.0 1e-06 2.807853 -6.14061 -20.08777 0.018228 -0.239386 42.613899 3.560035 -1.491634 -18.980364 -1.428962 0.917293 0.4193 -0.0 0.0 -1e-06 
0.0 0.0 0.0 0.0 -0.0 0.0 -1.346602 94.76696 26.064795 -2.102734 0.194452 0.610483 1.657734 0.182942 6.172727 0.129805 -0.976421 -3.6321 2.416135 -3.3677 12.391832 -1.826705 3.789981 12.39697 -1.192059 -1.059869 -3.585334 -2.771755 -0.348586 -11.473663 7.7e-05 -2.3e-05 6e-06 0.00453 -0.124935 -0.062899 0.689211 -3.83203 -10.753425 -0.685828 3.584266 -10.739991 -1.243473 -1.350838 18.523676 -56.493191 7.986481 26.319157 -154.997574 -87.738861 154.429794 12.342143 -6.926103 -13.32328 -5.88211 9.861297 0.702589 -10.936878 -0.360575 7.15621 0.0 8.774835 -2e-06 -16.178673 18.05924 5.961135 -1.844034 2.498508 -2.507282 -10.163608 4.67895 4.621112 -20.976044 -3e-06 -1e-06 -21.226307 2.4517 -3.594011 0.0 -5e-06 0.0 -1.362683 2.2408 -0.746324 -21.33493 0.58491 3.008322 -13.821223 -2e-06 0.0 -23.887186 -0.249079 -0.839487 -61.788548 2.889957 -1.51117 -0.294025 1.679689 0.833256 -14.218222 0.093217 1.300582 -34.212078 -0.287563 0.967167 -20.033232 0.964538 1.212841 -1e-06 -0.0 0.0 -3.440392 0.788233 0.501656 -15.928201 -3.167311 2.999708 -6.338833 -2e-06 1e-06 -18.123465 3.648184 -4.905679 -5e-06 2e-06 -1e-06 8.886759 6.978857 17.079248 44.093891 9.871229 10.464118 175.609955 78.220284 175.386719 -3.577579 -15.356712 -15.77869 2.243543 -5.255039 -3.18016 14.282896 -0.826596 6.952501 -2e-06 -12.690613 -1e-06 15.917964 -17.839972 2.669665 1.665667 -1.955923 -2.878301 4.727801 -4.170589 4.993925 11.020529 1e-06 -5e-06 12.109058 -3.735719 -2.866789 -0.0 0.0 -1e-06 1.291986 -1.92855 -1.49809 14.800132 0.567469 3.865607 14.242579 -1.341738 -6.660664 19.631973 0.14393 -0.648248 49.353676 -0.809501 -6.264961 0.35303 -1.511151 -0.03194 20.222797 3.684312 2.316628 18.787277 5e-06 -2e-06 10.75163 -0.479868 1.397905 1e-06 -0.0 1e-06 3.273808 0.305947 -0.580112 21.48682 11.830382 2.266132 8.16293 1e-06 -1e-06 18.399094 -3.798987 -4.940581 3e-06 0.0 -1e-06 7.71768 1.566382 -21.469307 0.044082 -0.283443 92.749794 2.935155 15.48443 -0.094746 2.226038 -2.08277 -4.21638 0.0 -0.0 3e-06 1.237546 -8.094224 -12.765068 0.106571 0.1725 39.844307 4.489039 -1.052908 -21.151941 -1.423908 0.874498 -0.644867 -0.0 0.0 -1e-06 
0.0 0.0 0.0 0.0 -0.0 0.0 -1.197572 96.188896 34.999794 -0.586687 0.930886 1.595634 1.364813 0.74518 5.723923 -0.197756 0.955657 -3.660511 1.802373 -1.325173 11.253904 -2.2651 4.008501 12.378588 -1.439259 -1.610472 -3.585402 -1.745609 -1.534283 -11.43857 7.7e-05 -2.2e-05 6e-06 -0.020625 -0.050171 -0.035212 0.656446 -3.756271 -10.692742 -0.705802 3.655568 -10.681172 0.691707 1.157517 18.644203 -50.107395 14.810161 32.546833 -172.180099 -80.576859 171.801056 10.937824 -7.038921 -15.356545 -5.882105 9.861286 0.702591 -10.936868 -0.360574 7.156203 -1e-06 8.774826 -2e-06 -16.065416 17.939653 5.987641 -1.844033 2.498504 -2.507278 -10.163597 4.678944 4.621108 -20.976021 -2e-06 1e-06 -21.226282 2.451697 -3.594002 -0.0 -6e-06 0.0 -1.362681 2.240798 -0.746323 -21.334911 0.584911 3.008322 -13.821213 1e-06 -0.0 -23.887165 -0.249076 -0.839484 -61.522552 2.867896 -1.254185 -0.294024 1.679688 0.833256 -14.218204 0.093216 1.300579 -34.212044 -0.287561 0.967169 -20.033211 0.964536 1.212841 -0.0 0.0 -1e-06 -3.440387 0.788232 0.501656 -15.928185 -3.167307 2.999706 -6.338825 -1e-06 1e-06 -18.123444 3.648184 -4.905671 -4e-06 -0.0 -3e-06 6.305107 9.787405 16.574247 43.487743 10.690314 8.562958 179.252869 71.936165 179.009796 -4.143636 -15.627864 -14.827303 2.243541 -5.25504 -3.180158 14.282898 -0.826596 6.952505 0.0 -12.690608 -3e-06 15.934345 -17.825871 2.757219 1.665667 -1.955923 -2.8783 4.727802 -4.170589 4.993923 11.020531 0.0 -1e-06 12.109058 -3.73572 -2.866786 0.0 2e-06 0.0 1.291986 -1.92855 -1.498088 14.800136 0.567466 3.86561 14.242579 -1.341741 -6.660659 19.631975 0.143922 -0.648247 49.174553 -1.026812 -6.091838 0.353029 -1.51115 -0.03194 20.222801 3.684308 2.316632 18.787281 1e-06 -1e-06 10.751633 -0.47987 1.397906 -0.0 -0.0 0.0 3.273806 0.305946 -0.580111 21.48682 11.830376 2.266136 8.16293 1e-06 -1e-06 18.399094 -3.798988 -4.94058 3e-06 -1e-06 -1e-06 4.905276 0.127644 -30.026472 -0.05605 -0.15669 86.002472 2.758672 15.370116 -1.311765 2.028275 -2.102021 -4.686739 0.0 0.0 1e-06 -1.169444 -8.861223 -4.03906 0.012954 0.516419 32.550621 5.696055 -1.043754 -18.374342 -1.405596 0.770972 -4.105436 -0.0 0.0 -1e-06 
0.0 0.0 0.0 0.0 -0.0 0.0 -0.880795 98.155388 44.310444 1.309955 1.335775 3.321795 0.610431 1.191013 4.665458 -0.577656 2.784087 -3.818685 0.814587 0.602396 10.072121 -3.123472 4.483679 11.580632 -1.548195 -2.148756 -3.663718 -0.543932 -2.676234 -10.941316 7.7e-05 -2.3e-05 6e-06 -0.027074 0.038783 -0.043821 0.619812 -3.663734 -10.635965 -0.684536 3.741063 -10.644236 1.720624 2.895695 18.32016 -44.764149 19.986588 37.401878 -175.496399 -74.219315 176.214005 10.46832 -6.801932 -17.06669 -5.88211 9.861289 0.702591 -10.936878 -0.360576 7.156211 2e-06 8.774831 -3e-06 -15.943027 18.071133 6.065063 -1.844034 2.498507 -2.507279 -10.163605 4.678949 4.621113 -20.976038 -1e-06 2e-06 -21.226303 2.451698 -3.594004 -1e-06 -7e-06 -1e-06 -1.362682 2.2408 -0.746324 -21.334929 0.584909 3.008324 -13.82122 -1e-06 2e-06 -23.887184 -0.24908 -0.839481 -61.456841 2.737055 -1.133544 -0.294025 1.679688 0.833256 -14.218219 0.093214 1.300581 -34.212074 -0.287565 0.967172 -20.033226 0.964537 1.212845 -0.0 0.0 -2e-06 -3.44039 0.788233 0.501654 -15.928196 -3.167312 2.999709 -6.338829 -1e-06 1e-06 -18.123455 3.648183 -4.905674 -3e-06 0.0 -2e-06 3.918646 11.919406 16.049824 42.92252 10.002797 9.198656 -178.652832 65.305 -178.753006 -3.87005 -14.441586 -16.829313 2.243543 -5.25504 -3.180161 14.2829 -0.826597 6.952507 -1e-06 -12.690612 1e-06 15.66703 -17.636969 2.895303 1.665668 -1.955922 -2.878301 4.727802 -4.170591 4.993927 11.020535 2e-06 -3e-06 12.109059 -3.73572 -2.866786 1e-06 -1e-06 1e-06 1.291986 -1.92855 -1.49809 14.800136 0.567466 3.865609 14.242583 -1.341736 -6.660664 19.631979 0.143926 -0.648248 49.383965 -1.210112 -5.856325 0.353028 -1.511153 -0.031939 20.222803 3.684307 2.316631 18.787287 3e-06 -3e-06 10.751634 -0.479869 1.397906 0.0 0.0 -0.0 3.273812 0.305947 -0.580111 21.48683 11.830379 2.266132 8.162932 0.0 -1e-06 18.399097 -3.798989 -4.940581 3e-06 0.0 -1e-06 1.284796 -0.100602 -35.460102 -0.032424 -0.016997 72.341881 1.085317 13.97094 -1.800468 1.84341 -2.052225 -4.992233 -0.0 0.0 0.0 -4.049375 -8.981645 4.376404 -0.068101 0.596169 23.407896 6.80848 -1.001238 -10.306699 -1.387606 0.692573 -10.945438 -0.0 0.0 -1e-06 
0.0 0.0 0.0 0.0 -0.0 0.0 -0.532482 99.872849 53.965603 3.191354 1.603781 5.529487 -0.419136 1.416908 3.283478 -0.857327 4.127808 -4.242576 -0.501056 2.321104 9.119848 -4.011196 4.790207 10.060136 -1.586731 -2.350937 -3.724088 0.390911 -3.536658 -10.691455 7.7e-05 -2.3e-05 6e-06 -0.026587 0.123448 -0.055879 0.61874 -3.577856 -10.605783 -0.684191 3.826896 -10.645123 2.939843 3.927873 18.224146 -43.10722 23.309641 39.261986 -176.600418 -70.455215 177.974228 10.566636 -6.315292 -17.966011 -5.882109 9.861288 0.70259 -10.936875 -0.360575 7.156207 -1e-06 8.774828 -3e-06 -15.724833 18.175009 6.077706 -1.844032 2.498506 -2.507279 -10.163604 4.678945 4.621109 -20.97603 -2e-06 -1e-06 -21.226292 2.451698 -3.594002 1e-06 -6e-06 0.0 -1.362682 2.240799 -0.746324 -21.334917 0.58491 3.008323 -13.821218 -1e-06 1e-06 -23.887175 -0.249077 -0.839487 -61.267712 2.675143 -1.228894 -0.294025 1.679688 0.833256 -14.218212 0.093217 1.30058 -34.212063 -0.287564 0.967169 -20.033218 0.964537 1.212844 0.0 1e-06 -2e-06 -3.440389 0.788233 0.501656 -15.928189 -3.16731 2.999708 -6.338828 -0.0 0.0 -18.123446 3.648183 -4.905674 -6e-06 -0.0 -2e-06 1.003706 13.245341 15.659447 44.669395 9.525509 11.564328 -178.133347 60.625389 -178.073288 -3.188651 -12.792387 -18.805454 2.243543 -5.255037 -3.18016 14.282889 -0.826596 6.952501 -2e-06 -12.690603 0.0 15.406149 -17.319206 2.885877 1.665668 -1.955922 -2.8783 4.727797 -4.170587 4.993923 11.020524 2e-06 -4e-06 12.109052 -3.735715 -2.866788 -0.0 -0.0 0.0 1.291987 -1.92855 -1.49809 14.800129 0.567467 3.865606 14.242571 -1.341737 -6.660662 19.631968 0.143926 -0.648249 49.310795 -1.129129 -5.859878 0.353027 -1.511151 -0.031941 20.222786 3.684307 2.316628 18.78727 4e-06 -4e-06 10.751627 -0.479869 1.397905 -1e-06 -0.0 0.0 3.273807 0.305946 -0.580111 21.486809 11.830372 2.266131 8.162926 1e-06 -1e-06 18.39908 -3.798984 -4.940578 3e-06 -0.0 -1e-06 -2.416935 -0.040421 -37.494797 0.163915 0.107831 53.13448 -1.91445 11.722359 -1.198072 1.772501 -1.98937 -4.898453 -0.0 0.0 2e-06 -6.802805 -8.461102 10.574831 -0.058588 0.685642 16.167145 7.972987 -1.06521 1.09877 -1.382238 0.667892 -18.48687 0.0 0.0 -1e-06 
0.0 0.0 0.0 0.0 -0.0 0.0 -0.130882 100.684235 63.814781 3.851248 1.5675 7.057054 -0.825789 1.552003 2.133794 -1.058454 4.693607 -4.660903 -1.549173 3.871525 8.451613 -4.807111 4.894237 8.472992 -1.673002 -2.387887 -3.687157 1.149391 -3.883857 -10.985501 7.7e-05 -2.2e-05 6e-06 -0.018132 0.14764 -0.046719 0.669533 -3.576522 -10.653666 -0.718889 3.871978 -10.705748 4.660516 4.401122 18.763601 -45.583107 25.29142 37.948849 -177.270294 -68.581345 178.522934 10.920774 -5.521284 -17.614086 -5.882108 9.861292 0.70259 -10.936874 -0.360575 7.156209 1e-06 8.77483 -3e-06 -15.505262 18.095539 6.1716 -1.844033 2.498505 -2.507278 -10.163603 4.678946 4.62111 -20.976032 -1e-06 2e-06 -21.226295 2.4517 -3.594002 -0.0 -6e-06 0.0 -1.362682 2.240798 -0.746324 -21.334919 0.584912 3.008324 -13.821217 -3e-06 2e-06 -23.887175 -0.249078 -0.839486 -61.003117 2.681071 -1.343595 -0.294025 1.679689 0.833256 -14.218213 0.093216 1.300581 -34.212055 -0.287561 0.967169 -20.033222 0.964537 1.212844 -1e-06 0.0 -1e-06 -3.440389 0.788232 0.501656 -15.928191 -3.167311 2.999709 -6.338829 -1e-06 0.0 -18.123453 3.648183 -4.905673 -4e-06 -0.0 -2e-06 -2.895414 14.053533 15.012476 49.604244 9.362414 15.481698 -177.665604 59.19294 -177.681 -2.087327 -11.553999 -19.213457 2.243543 -5.255039 -3.180159 14.282894 -0.826596 6.952506 -2e-06 -12.690609 1e-06 15.578326 -17.159185 2.721502 1.665667 -1.955922 -2.8783 4.7278 -4.17059 4.993927 11.020529 3e-06 -2e-06 12.109054 -3.735718 -2.866786 0.0 -0.0 0.0 1.291988 -1.92855 -1.49809 14.800129 0.567466 3.865609 14.242576 -1.341737 -6.660662 19.631969 0.143927 -0.648247 49.487862 -0.899551 -5.969961 0.353027 -1.511152 -0.03194 20.222797 3.68431 2.31663 18.787279 3e-06 -1e-06 10.751632 -0.47987 1.397906 -0.0 -0.0 -0.0 3.273808 0.305947 -0.580111 21.486816 11.830379 2.266133 8.162929 1e-06 -0.0 18.399086 -3.798988 -4.940577 4e-06 -0.0 -1e-06 -4.294187 0.321467 -35.413765 0.195101 0.1999 30.178703 -6.551704 8.867569 0.234855 1.781759 -1.957378 -4.592775 -0.0 -0.0 2e-06 -8.024871 -6.786922 14.58119 -0.02863 0.784956 13.72392 9.55658 -1.733698 11.01851 -1.391708 0.712011 -19.133129 -0.0 0.0 -1e-06 
0.0 0.0 0.0 0.0 -0.0 0.0 0.212765 100.598717 73.628677 2.793157 1.735246 7.101988 -0.353752 1.500104 1.627447 -1.069237 4.916856 -4.836923 -1.91511 4.542781 8.045944 -5.349373 5.105945 7.373612 -1.697521 -2.784834 -3.687177 1.634436 -3.745522 -11.481716 7.7e-05 -2.3e-05 6e-06 -0.007192 0.124094 -0.040709 0.725078 -3.613826 -10.718212 -0.754288 3.854295 -10.752696 5.407314 4.388025 19.630995 -50.2197 25.974424 34.17157 -178.135971 -67.133408 178.966797 11.275969 -4.603179 -17.05337 -5.882106 9.861286 0.702591 -10.936873 -0.360573 7.156207 1e-06 8.774826 -1e-06 -15.369329 18.174606 6.399973 -1.844032 2.498503 -2.507278 -10.163601 4.678945 4.621109 -20.976025 -3e-06 2e-06 -21.226288 2.451697 -3.594001 0.0 -6e-06 0.0 -1.362682 2.240799 -0.746324 -21.334913 0.584909 3.008323 -13.821213 -3e-06 1e-06 -23.887175 -0.249079 -0.839484 -60.594139 2.778248 -1.417805 -0.294024 1.679686 0.833256 -14.218208 0.093217 1.30058 -34.212051 -0.287562 0.967171 -20.033215 0.964537 1.212843 -1e-06 -1e-06 -1e-06 -3.440389 0.788231 0.501656 -15.928187 -3.16731 2.999708 -6.338828 -1e-06 1e-06 -18.123447 3.648183 -4.905671 -4e-06 1e-06 -2e-06 -5.645037 14.481429 14.582652 55.357944 8.872584 19.139399 -177.229385 61.221027 -177.320618 -1.192816 -11.201465 -19.316626 2.243541 -5.255037 -3.18016 14.282896 -0.826595 6.952506 -2e-06 -12.690608 -0.0 15.75404 -17.191244 2.608787 1.665666 -1.955923 -2.8783 4.727798 -4.170588 4.993925 11.020529 3e-06 -2e-06 12.109056 -3.735717 -2.866787 -0.0 -1e-06 -0.0 1.291986 -1.92855 -1.49809 14.800134 0.567468 3.865608 14.242577 -1.341735 -6.660662 19.631973 0.143928 -0.648247 49.934082 -0.726115 -5.916525 0.353029 -1.51115 -0.03194 20.222801 3.68431 2.31663 18.787283 5e-06 -2e-06 10.751633 -0.479868 1.397906 -1e-06 -0.0 -0.0 3.273809 0.305946 -0.580111 21.48682 11.830376 2.266132 8.16293 2e-06 -1e-06 18.399088 -3.798984 -4.940578 2e-06 -0.0 -1e-06 -3.503143 0.389243 -31.424311 0.037838 -0.027041 11.503556 -10.791501 7.18169 0.190561 1.589499 -2.150228 -4.799262 -0.0 0.0 4e-06 -6.59524 -4.082163 16.293705 -0.106791 0.899075 18.731373 10.936931 -3.842877 15.699605 -1.272854 0.742805 -11.190139 0.0 0.0 -2e-06 
0.0 0.0 0.0 0.0 -0.0 0.0 0.652696 99.797951 82.997498 2.251114 2.882531 6.002844 -0.531153 1.341314 1.828248 -0.967944 4.756648 -4.753038 -2.070805 3.972466 8.413469 -5.631182 5.369647 6.530921 -1.572191 -3.569534 -3.744724 2.294004 -3.741125 -11.701724 7.7e-05 -2.2e-05 6e-06 -0.010397 0.098103 -0.038642 0.708988 -3.636732 -10.755539 -0.746633 3.82638 -10.773207 2.624818 4.042111 19.175917 -52.680176 24.578773 30.421663 179.94574 -65.387505 -179.47113 12.11019 -4.079959 -16.859468 -5.882111 9.861295 0.702589 -10.936878 -0.360575 7.15621 -0.0 8.774831 -3e-06 -15.385387 18.363518 6.356411 -1.844034 2.498507 -2.507279 -10.163609 4.678951 4.62111 -20.97604 -2e-06 -0.0 -21.226307 2.451699 -3.594005 1e-06 -5e-06 -2e-06 -1.362683 2.240802 -0.746324 -21.334929 0.584912 3.008325 -13.821223 -4e-06 2e-06 -23.887184 -0.249076 -0.839483 -59.890884 2.839865 -1.518701 -0.294025 1.679688 0.833256 -14.218219 0.093215 1.300581 -34.212074 -0.287563 0.967171 -20.033226 0.964538 1.212843 -1e-06 -0.0 -0.0 -3.440391 0.788232 0.501656 -15.928201 -3.167314 2.99971 -6.338831 -1e-06 1e-06 -18.123459 3.648188 -4.905676 -6e-06 0.0 -2e-06 -4.208605 13.820918 14.87216 57.953815 7.847871 21.105103 -177.198334 66.279518 -177.387589 -1.263533 -11.499523 -19.807909 2.243544 -5.255043 -3.180162 14.282901 -0.826595 6.952508 0.0 -12.690614 1e-06 15.816875 -17.320068 2.585989 1.665669 -1.955923 -2.878302 4.727803 -4.170591 4.993928 11.020537 2e-06 -2e-06 12.109062 -3.735719 -2.866789 0.0 0.0 1e-06 1.291986 -1.928552 -1.49809 14.800139 0.567466 3.865609 14.242584 -1.341737 -6.660666 19.631979 0.143928 -0.648248 50.235405 -0.786379 -5.99181 0.353028 -1.511152 -0.03194 20.222805 3.684311 2.31663 18.787289 3e-06 -4e-06 10.751636 -0.479869 1.397906 0.0 -0.0 0.0 3.273808 0.305948 -0.580112 21.486832 11.830384 2.266134 8.162935 1e-06 -1e-06 18.399099 -3.798988 -4.940581 3e-06 -0.0 -1e-06 -3.290388 -0.313017 -28.868004 0.128591 -0.126548 6.818416 -10.337613 6.76932 0.230713 1.516514 -2.249392 -4.70626 -0.0 -0.0 2e-06 -5.580472 -3.6105 15.533915 -0.172759 1.051002 30.713675 9.760003 -6.788014 15.952602 -1.233545 0.803501 -5.637977 -0.0 -0.0 -1e-06 
0.0 0.0 0.0 0.0 -0.0 0.0 1.2128 98.207596 91.782028 2.987931 5.047976 4.005352 -1.548547 0.832416 2.801655 -1.012639 4.123303 -4.395038 -2.244568 2.723219 9.481955 -5.287055 5.032383 5.7618 -1.589771 -3.694807 -3.59696 2.670938 -3.96311 -12.148864 7.7e-05 -2.2e-05 6e-06 -0.007885 0.148777 0.017303 0.671609 -3.598945 -10.746536 -0.705741 3.892293 -10.765889 -2.159521 3.231833 17.750149 -53.157078 20.376177 27.323725 177.825775 -64.723557 -177.9543 13.583718 -4.289834 -15.875496 -5.882111 9.861296 0.70259 -10.936878 -0.360574 7.156211 0.0 8.774834 -0.0 -15.813823 18.347422 5.944907 -1.844034 2.498506 -2.50728 -10.163607 4.678948 4.621112 -20.97604 -2e-06 -1e-06 -21.226305 2.451698 -3.594005 -1e-06 -6e-06 -0.0 -1.362682 2.240799 -0.746324 -21.334929 0.584911 3.008324 -13.821224 -2e-06 1e-06 -23.887184 -0.24908 -0.839487 -59.401119 2.837188 -1.458771 -0.294025 1.679688 0.833257 -14.218219 0.093216 1.300581 -34.212074 -0.287564 0.967168 -20.033228 0.964537 1.212843 -0.0 0.0 -0.0 -3.440391 0.788233 0.501656 -15.928198 -3.167312 2.999709 -6.33883 -1e-06 0.0 -18.123459 3.648188 -4.905676 -4e-06 -0.0 -2e-06 -0.637335 12.221025 15.438023 57.979927 6.407667 22.723389 -176.678711 74.149307 -176.955917 -2.042809 -11.48822 -20.648117 2.243543 -5.255039 -3.180159 14.282889 -0.826594 6.952503 1e-06 -12.690606 -0.0 16.186312 -17.503374 2.567691 1.665665 -1.955922 -2.878299 4.727799 -4.170587 4.993925 11.020528 1e-06 -2e-06 12.109054 -3.735717 -2.866787 -0.0 1e-06 1e-06 1.291986 -1.928549 -1.49809 14.800125 0.567468 3.865608 14.242573 -1.341738 -6.660661 19.631969 0.143925 -0.648248 50.604923 -0.79814 -6.087991 0.353029 -1.511152 -0.031939 20.222788 3.684309 2.31663 18.787271 4e-06 -2e-06 10.751627 -0.47987 1.397905 -0.0 -0.0 1e-06 3.273806 0.305946 -0.580111 21.486809 11.830373 2.266132 8.162926 1e-06 -1e-06 18.39908 -3.798985 -4.940576 4e-06 -0.0 -0.0 -4.938596 -0.28737 -27.83803 0.036127 0.028338 15.372084 -5.251355 4.752568 4.290323 1.700473 -2.090083 -3.757284 0.0 -0.0 3e-06 -7.210658 -6.278271 13.092071 -0.112972 1.122893 46.669205 6.535176 -9.893398 13.666063 -1.389212 0.918075 -3.979408 -0.0 -0.0 -1e-06 
0.0 0.0 0.0 0.0 -0.0 0.0 1.857904 95.799377 100.379883 4.212944 6.694438 1.251863 -2.214477 0.402882 4.630184 -1.230794 3.241768 -3.853732 -3.038979 1.66095 10.6905 -3.937822 4.281453 6.450493 -1.370342 -3.539517 -3.62575 2.472779 -4.413878 -15.509291 7.7e-05 -2.2e-05 6e-06 0.018305 0.228959 0.100834 0.685965 -3.541034 -10.72534 -0.670573 3.995262 -10.784457 -6.211814 1.634366 17.16379 -53.945168 12.472026 23.37499 177.565201 -66.091957 -178.692673 15.463806 -4.508878 -14.859474 -5.882109 9.861292 0.702592 -10.93688 -0.360575 7.156212 2e-06 8.774831 -1e-06 -16.008781 18.630966 5.81674 -1.844033 2.498505 -2.507279 -10.163606 4.678949 4.621113 -20.976034 -2e-06 4e-06 -21.226299 2.451698 -3.594 -0.0 -6e-06 0.0 -1.362682 2.2408 -0.746324 -21.334929 0.584909 3.008328 -13.821223 -1e-06 3e-06 -23.887184 -0.249078 -0.839483 -59.592091 2.657832 -1.397915 -0.294025 1.679688 0.833257 -14.218217 0.093215 1.300582 -34.212074 -0.287564 0.967174 -20.033228 0.964538 1.212846 -2e-06 0.0 -0.0 -3.440391 0.788235 0.501656 -15.928196 -3.167313 2.999711 -6.33883 -1e-06 2e-06 -18.123459 3.648186 -4.905674 -3e-06 0.0 -2e-06 2.086738 10.325091 16.142426 57.870197 5.375971 24.051394 -178.4207 84.587234 -178.625534 -3.65876 -12.170679 -21.473003 2.243541 -5.255036 -3.180157 14.282895 -0.826596 6.952507 -3e-06 -12.690606 1e-06 16.471069 -17.926573 2.577785 1.665668 -1.955922 -2.8783 4.727799 -4.170588 4.993926 11.020528 3e-06 -0.0 12.109055 -3.735717 -2.866784 0.0 0.0 -1e-06 1.291985 -1.928548 -1.49809 14.800132 0.567465 3.86561 14.242573 -1.341736 -6.660658 19.631973 0.143925 -0.648246 50.61459 -0.869878 -6.213885 0.353027 -1.51115 -0.03194 20.222795 3.684307 2.316631 18.787273 3e-06 2e-06 10.75163 -0.47987 1.397905 0.0 -0.0 -1e-06 3.273808 0.305947 -0.58011 21.486816 11.830373 2.266132 8.162928 1e-06 -1e-06 18.399084 -3.798987 -4.940574 4e-06 1e-06 -1e-06 -6.69224 -0.224341 -27.804199 0.033066 0.125887 31.976549 0.746303 3.028014 -2.683158 1.671237 -1.884442 -1.237519 0.0 -0.0 2e-06 -10.574131 -8.83973 9.157803 0.054264 0.878478 63.873894 2.671251 -11.645992 10.868069 -1.598487 0.98996 -3.705666 -0.0 0.0 -1e-06 
0.0 0.0 0.0 0.0 -0.0 0.0 2.577826 94.366745 108.866287 5.753631 6.145104 -0.774368 -2.767753 0.220336 5.718389 -1.464352 2.455002 -3.446555 -4.534576 1.018736 11.990566 -1.939997 3.442645 7.668964 -1.43394 -2.6878 -3.727758 2.463431 -4.203065 -17.79727 7.7e-05 -2.3e-05 6e-06 0.023577 0.125527 0.142001 0.677228 -3.653151 -10.671814 -0.64971 3.904107 -10.73087 -10.180185 0.410601 16.972805 -54.272629 1.308175 18.835007 177.60141 -69.771629 -178.829269 16.183086 -4.170979 -11.85675 -5.882104 9.861282 0.702591 -10.936867 -0.360575 7.156207 1e-06 8.774822 0.0 -16.228722 18.828054 5.893359 -1.844031 2.498503 -2.507278 -10.163595 4.678944 4.621111 -20.976013 -3e-06 2e-06 -21.226276 2.451695 -3.593998 1e-06 -6e-06 -1e-06 -1.362681 2.240797 -0.746323 -21.334906 0.58491 3.008325 -13.821209 -3e-06 2e-06 -23.887161 -0.249077 -0.839482 -60.062588 2.506055 -1.347264 -0.294025 1.679686 0.833256 -14.218203 0.093215 1.300581 -34.212036 -0.287562 0.967172 -20.033209 0.964539 1.212844 -1e-06 -0.0 0.0 -3.440387 0.788234 0.501656 -15.928181 -3.167307 2.999708 -6.338825 -0.0 2e-06 -18.12344 3.648182 -4.905668 -5e-06 0.0 -2e-06 3.95028 8.542571 17.280489 58.76432 5.685801 25.824139 5.244943 83.057312 4.958578 -6.818121 -15.443321 -19.378134 2.24354 -5.255033 -3.180158 14.282894 -0.826595 6.952507 -3e-06 -12.690601 1e-06 16.51458 -17.430918 2.334796 1.665666 -1.955921 -2.8783 4.727799 -4.170586 4.993926 11.020528 3e-06 -2e-06 12.109053 -3.735713 -2.866784 -0.0 1e-06 1e-06 1.291985 -1.928548 -1.49809 14.800132 0.567468 3.865609 14.242571 -1.341732 -6.660656 19.631969 0.143928 -0.648244 49.96965 -0.660401 -6.347779 0.353028 -1.511149 -0.031942 20.222797 3.684311 2.316629 18.787279 6e-06 2e-06 10.751631 -0.479869 1.397906 1e-06 2e-06 1e-06 3.273808 0.305946 -0.58011 21.486813 11.830374 2.266132 8.162928 1e-06 -0.0 18.399084 -3.798984 -4.940573 3e-06 -0.0 -0.0 -8.176466 2.517045 -23.504168 0.051788 0.236408 40.218861 1.904327 2.072447 -12.121118 1.651287 -1.945027 -0.057051 -0.0 -0.0 2e-06 -13.725488 -8.743776 1.602374 0.122055 0.488916 78.391998 -0.783407 -11.571895 8.263931 -1.758233 0.992282 -3.920684 -0.0 0.0 -1e-06 
0.0 0.0 0.0 0.0 -0.0 0.0 3.260021 94.065002 117.158997 5.657119 4.171163 -1.804851 -2.873281 0.10688 6.088879 -1.345363 1.374926 -3.27013 -4.786287 -0.166134 12.329444 -1.022743 3.379391 9.195778 -1.23322 -1.762531 -3.797323 2.233926 -3.086673 -17.161999 7.7e-05 -2.2e-05 6e-06 0.01554 0.074403 0.111473 0.63043 -3.693523 -10.633164 -0.615836 3.847034 -10.697076 -11.769801 -1.538223 16.182005 -56.649933 -8.533729 13.98336 178.686447 -71.48735 -179.367584 14.481339 -4.163281 -7.638124 -5.882107 9.861286 0.70259 -10.936873 -0.360575 7.156207 0.0 8.774826 -2e-06 -16.58901 18.733999 5.875361 -1.844032 2.498505 -2.507278 -10.163599 4.678945 4.621109 -20.976023 -3e-06 2e-06 -21.226286 2.451697 -3.594 0.0 -6e-06 -0.0 -1.362681 2.240798 -0.746323 -21.334913 0.58491 3.008324 -13.821215 -2e-06 2e-06 -23.887171 -0.249078 -0.839482 -60.492638 2.479551 -1.375098 -0.294025 1.679687 0.833256 -14.218209 0.093215 1.300581 -34.212051 -0.287563 0.967172 -20.033211 0.964537 1.212844 0.0 -0.0 0.0 -3.440389 0.788233 0.501656 -15.928185 -3.16731 2.999708 -6.338826 -1e-06 1e-06 -18.123444 3.648183 -4.90567 -6e-06 0.0 -2e-06 4.214189 7.275553 17.751852 58.921589 3.671305 28.123198 4.547235 78.813026 3.720819 -8.175041 -17.147141 -20.003656 2.243543 -5.255038 -3.180159 14.282897 -0.826595 6.952506 -4e-06 -12.690607 2e-06 16.743317 -16.867594 2.100283 1.665668 -1.955922 -2.8783 4.7278 -4.170589 4.993929 11.020531 3e-06 -2e-06 12.109058 -3.735717 -2.866785 1e-06 1e-06 -1e-06 1.291986 -1.928549 -1.498091 14.800136 0.567467 3.865607 14.242583 -1.341734 -6.660663 19.631975 0.143928 -0.648247 49.28334 -0.441112 -6.221656 0.353029 -1.511151 -0.03194 20.222801 3.68431 2.316628 18.787283 6e-06 -3e-06 10.751634 -0.479867 1.397907 1e-06 0.0 -1e-06 3.273808 0.305948 -0.580113 21.486824 11.830378 2.26613 8.16293 2e-06 -2e-06 18.399092 -3.798983 -4.940578 3e-06 -1e-06 -1e-06 -7.375188 5.606236 -16.590574 -0.099477 0.104076 40.692085 1.57904 1.807873 -18.717829 1.648632 -1.956477 0.432697 0.0 0.0 2e-06 -14.12415 -7.887695 -8.439682 0.181593 0.140125 86.713272 -3.385508 -10.741965 5.6052 -1.72693 0.962291 -3.724251 0.0 0.0 -1e-06 
0.0 0.0 0.0 0.0 -0.0 0.0 3.757967 94.749153 125.609291 4.665753 2.921521 -1.77357 -2.967188 -0.323019 6.190635 -1.081982 -0.150168 -3.245279 -4.16412 -2.566889 11.614819 -0.502714 3.606445 10.584271 -0.765777 -0.811999 -3.714025 1.562661 -1.500037 -15.851933 7.7e-05 -2.3e-05 6e-06 0.009802 0.008625 0.066176 0.623145 -3.73667 -10.655646 -0.617059 3.761878 -10.711933 -9.981884 -4.74384 14.794803 -59.581455 -15.284161 8.871071 -179.779495 -69.345093 179.665955 12.94955 -4.394048 -6.26747 -5.882106 9.861286 0.70259 -10.936872 -0.360575 7.156206 1e-06 8.774827 0.0 -16.642347 18.635115 5.741366 -1.844033 2.498505 -2.507278 -10.163601 4.678945 4.621109 -20.976025 -4e-06 1e-06 -21.226286 2.451697 -3.594001 1e-06 -6e-06 -0.0 -1.362682 2.240798 -0.746324 -21.334913 0.584909 3.008322 -13.821214 -2e-06 2e-06 -23.887171 -0.24908 -0.839484 -60.60186 2.437837 -1.545005 -0.294025 1.679687 0.833256 -14.218208 0.093215 1.30058 -34.212051 -0.287564 0.96717 -20.033215 0.964536 1.212844 -0.0 -0.0 -0.0 -3.44039 0.788233 0.501656 -15.928189 -3.16731 2.999706 -6.338823 -1e-06 2e-06 -18.123444 3.648182 -4.905671 -5e-06 0.0 -2e-06 4.122919 5.204138 17.163774 56.755116 -0.512941 32.033375 3.789257 83.652267 2.539844 -5.582099 -15.183965 -21.685093 2.243542 -5.255036 -3.180156 14.282891 -0.826593 6.952501 -4e-06 -12.690603 0.0 16.880194 -17.09119 2.059505 1.665666 -1.955921 -2.878299 4.727798 -4.170588 4.993924 11.020526 4e-06 -2e-06 12.109053 -3.735713 -2.866784 1e-06 1e-06 -0.0 1.291986 -1.92855 -1.498091 14.800127 0.56747 3.865605 14.242571 -1.341735 -6.660656 19.631969 0.143928 -0.648245 49.419601 -0.415678 -6.237249 0.353029 -1.511151 -0.031939 20.222794 3.684311 2.316629 18.787273 8e-06 -2e-06 10.751629 -0.479866 1.397906 1e-06 -0.0 -0.0 3.273807 0.305948 -0.580111 21.486813 11.830378 2.266131 8.16293 2e-06 -0.0 18.39908 -3.798982 -4.940573 3e-06 0.0 -1e-06 -5.807961 6.171827 -8.064342 -0.089793 -0.229496 35.417194 0.557658 3.025682 -21.393253 1.692332 -1.946866 0.106071 0.0 -0.0 2e-06 -12.351644 -8.341496 -18.396585 0.271673 -0.016691 87.106102 -4.311711 -10.19274 3.774715 -1.621797 0.916993 -3.299979 0.0 1e-06 -1e-06 
0.0 0.0 0.0 0.0 -0.0 0.0 3.944029 96.587631 134.425934 2.883752 2.305369 -0.811661 -2.813439 -0.876384 5.759408 -0.819342 -2.037851 -3.334493 -2.885915 -5.355828 10.633741 0.269275 3.415349 11.671802 -0.242803 0.583668 -3.722156 0.46719 0.261095 -13.622272 7.7e-05 -2.2e-05 6e-06 0.018982 -0.093475 0.010626 0.633735 -3.823809 -10.717155 -0.602721 3.644743 -10.756197 -7.026492 -8.94503 13.608477 -59.927349 -19.082203 3.244113 -178.846832 -65.410881 179.02301 12.902095 -4.463619 -8.62504 -5.882107 9.86129 0.702591 -10.936871 -0.360575 7.156207 -0.0 8.774829 -1e-06 -16.436041 18.493469 5.76635 -1.844032 2.498504 -2.507277 -10.163601 4.678946 4.621109 -20.976021 -2e-06 2e-06 -21.226286 2.451699 -3.594001 1e-06 -6e-06 -1e-06 -1.36268 2.2408 -0.746324 -21.334915 0.58491 3.008325 -13.821217 -1e-06 1e-06 -23.887171 -0.249077 -0.839484 -60.538651 2.428562 -1.611799 -0.294025 1.679687 0.833256 -14.21821 0.093214 1.300581 -34.21204 -0.287563 0.967171 -20.033211 0.964537 1.212842 0.0 0.0 0.0 -3.440388 0.788234 0.501656 -15.928185 -3.167311 2.999709 -6.338825 -1e-06 3e-06 -18.123447 3.648186 -4.905672 -4e-06 1e-06 -2e-06 4.821106 2.296374 16.311552 53.178638 -3.993036 35.027199 39.224972 89.31987 37.666096 -2.635783 -12.824033 -24.020073 2.243543 -5.255037 -3.180158 14.282887 -0.826593 6.9525 -1e-06 -12.690603 0.0 16.907288 -17.405098 2.160917 1.665666 -1.955921 -2.878299 4.727796 -4.170588 4.993922 11.020526 4e-06 -3e-06 12.10905 -3.735716 -2.866787 1e-06 1e-06 -1e-06 1.291986 -1.928548 -1.498088 14.800127 0.56747 3.865604 14.242571 -1.341737 -6.660661 19.631968 0.143929 -0.648248 49.669167 -0.550786 -6.171232 0.353029 -1.51115 -0.03194 20.222788 3.68431 2.316627 18.78727 5e-06 -3e-06 10.751625 -0.479868 1.397905 1e-06 0.0 1e-06 3.273806 0.305947 -0.580111 21.486811 11.830374 2.26613 8.162926 2e-06 -1e-06 18.399078 -3.798983 -4.940577 4e-06 -0.0 -1e-06 -3.804739 4.586658 1.347523 0.080016 -0.438077 25.605581 -0.723485 5.158075 -18.216944 1.795433 -2.032363 -1.956439 -0.0 -0.0 2e-06 -8.28527 -9.150386 -26.211693 0.213873 -0.085487 78.897278 -3.549231 -10.365315 2.666147 -1.498258 0.904246 -3.150522 -0.0 -0.0 -2e-06 
0.0 0.0 0.0 0.0 -0.0 0.0 3.905388 98.796616 143.396027 0.694515 2.002304 1.068521 -2.383532 -1.411098 4.667891 -0.548219 -4.125593 -3.672199 -1.376461 -7.938665 9.998242 1.268709 2.834849 12.334337 0.01364 2.493435 -3.758593 -0.463549 1.740315 -11.438662 7.7e-05 -2.3e-05 6e-06 0.024586 -0.060422 -0.009904 0.659581 -3.782704 -10.788319 -0.612827 3.667928 -10.805632 -3.148526 -12.722563 12.828385 -58.44875 -20.658855 -1.131273 -179.15802 -60.95845 179.432648 13.204336 -3.916278 -10.912666 -5.882111 9.861292 0.70259 -10.936877 -0.360575 7.156211 -1e-06 8.77483 -2e-06 -16.41889 18.267681 5.735384 -1.844033 2.498507 -2.507279 -10.163605 4.678946 4.621112 -20.976038 -0.0 2e-06 -21.226301 2.451701 -3.594002 0.0 -6e-06 -0.0 -1.362682 2.240799 -0.746324 -21.334929 0.584912 3.008327 -13.821223 -1e-06 3e-06 -23.887188 -0.249076 -0.839483 -60.90514 2.368112 -1.782157 -0.294026 1.679688 0.833256 -14.218219 0.093216 1.300582 -34.212074 -0.287561 0.96717 -20.033228 0.964539 1.212846 0.0 1e-06 -1e-06 -3.44039 0.788235 0.501657 -15.928196 -3.167311 2.999709 -6.338831 0.0 1e-06 -18.123459 3.648185 -4.905674 -5e-06 1e-06 -2e-06 5.13619 -0.441466 15.842921 50.952377 -6.377905 36.349781 174.822739 86.016998 173.256042 -1.038248 -11.811148 -26.342953 2.243543 -5.255044 -3.18016 14.282898 -0.826595 6.952508 -0.0 -12.690616 -2e-06 16.966864 -17.587286 2.127227 1.665667 -1.955925 -2.878301 4.7278 -4.170591 4.993927 11.020532 2e-06 -1e-06 12.109056 -3.73572 -2.866787 2e-06 1e-06 -1e-06 1.291987 -1.928552 -1.498091 14.800138 0.56747 3.86561 14.242577 -1.341739 -6.660663 19.631975 0.143926 -0.648245 49.711292 -0.686287 -6.402476 0.353029 -1.511155 -0.03194 20.222803 3.684314 2.316633 18.787287 4e-06 -1e-06 10.751632 -0.479868 1.397907 -0.0 -1e-06 1e-06 3.27381 0.305946 -0.580112 21.486828 11.830385 2.266136 8.16293 2e-06 -1e-06 18.399094 -3.798988 -4.940581 4e-06 0.0 -0.0 -1.280377 3.217382 9.51339 0.113853 -0.313641 15.609803 -0.952441 6.449248 -9.287111 1.949888 -2.075922 -7.762293 -0.0 -0.0 2e-06 -3.05942 -9.149611 -31.047338 -0.074417 -0.25813 62.921692 -1.599415 -10.875166 2.551274 -1.406527 0.84781 -3.192896 0.0 0.0 -4e-06 
0.0 0.0 0.0 0.0 -0.0 0.0 3.841972 100.602493 152.624924 -0.672444 2.051992 3.137853 -2.115965 -1.985924 3.461708 -0.406491 -6.16951 -4.119325 -0.196858 -9.866131 9.598817 2.164785 2.288273 12.764553 0.175006 3.658608 -3.777445 -1.213246 3.248587 -10.193534 7.7e-05 -2.2e-05 6e-06 0.020347 -0.059153 0.016428 0.68315 -3.781115 -10.769699 -0.641033 3.666107 -10.769648 1.448296 -15.47077 12.523353 -56.615299 -20.776283 -3.152656 -179.937469 -56.775326 179.957565 13.170484 -3.54384 -12.707448 -5.882108 9.861292 0.702589 -10.936873 -0.360575 7.156209 -1e-06 8.774829 -1e-06 -16.235945 18.251657 5.877039 -1.844031 2.498505 -2.507279 -10.163605 4.678946 4.62111 -20.97603 -1e-06 3e-06 -21.226292 2.4517 -3.594002 0.0 -6e-06 -0.0 -1.362679 2.240798 -0.746322 -21.334921 0.584911 3.008326 -13.821217 -1e-06 2e-06 -23.887178 -0.249077 -0.839485 -60.99342 2.43853 -1.787291 -0.294024 1.679687 0.833255 -14.218211 0.093216 1.300582 -34.212059 -0.287559 0.967172 -20.033218 0.964539 1.212842 0.0 0.0 -1e-06 -3.440389 0.788235 0.501655 -15.928189 -3.167311 2.999708 -6.338829 -2e-06 3e-06 -18.123453 3.648185 -4.905675 -5e-06 1e-06 -3e-06 3.68595 -2.742219 15.808541 52.08773 -8.501342 35.70623 177.932892 82.696579 176.754196 -0.230198 -12.270862 -27.228691 2.243543 -5.25504 -3.18016 14.282897 -0.826595 6.952507 -1e-06 -12.690612 -1e-06 16.953863 -17.524679 2.147621 1.665668 -1.955922 -2.8783 4.727801 -4.17059 4.993926 11.020531 3e-06 -1e-06 12.109056 -3.735719 -2.866786 2e-06 0.0 -1e-06 1.291986 -1.928551 -1.49809 14.800136 0.567469 3.86561 14.242579 -1.341738 -6.660663 19.631973 0.143925 -0.648246 49.879723 -0.625914 -6.511628 0.35303 -1.511154 -0.03194 20.222801 3.684307 2.316631 18.787283 3e-06 -2e-06 10.751635 -0.479869 1.397907 1e-06 -0.0 -1e-06 3.273808 0.305947 -0.580111 21.486822 11.830379 2.266135 8.162933 1e-06 -1e-06 18.39909 -3.798988 -4.940578 3e-06 1e-06 -2e-06 0.666885 2.542672 15.27236 -0.007285 -0.083738 9.074714 -0.514003 7.089548 2.374079 2.071041 -1.966497 -13.252519 0.0 -0.0 3e-06 0.82802 -8.561851 -32.035748 -0.24186 -0.273062 41.109665 1.052616 -10.506198 3.668614 -1.417078 0.838287 -3.271174 0.0 0.0 -1e-06 
0.0 0.0 0.0 0.0 -0.0 0.0 3.81052 101.280991 162.116165 -0.175919 2.466007 4.202981 -2.648864 -2.629678 2.748076 -0.486122 -7.577487 -4.557299 0.146197 -11.108521 9.520369 2.989737 1.819498 13.10934 0.428478 3.990426 -3.732021 -1.914629 4.350479 -9.703487 7.7e-05 -2.3e-05 6e-06 -0.000358 -0.007361 0.008004 0.723044 -3.732735 -10.767954 -0.72096 3.722323 -10.768968 5.719546 -17.380075 12.503443 -55.414314 -19.596827 -2.477737 179.584091 -53.677574 179.975845 12.557371 -3.801495 -14.850329 -5.882108 9.86129 0.702591 -10.936877 -0.360574 7.156209 -0.0 8.774828 -1e-06 -16.039124 18.063217 5.900527 -1.844034 2.498506 -2.50728 -10.163602 4.678946 4.62111 -20.97603 -2e-06 -1e-06 -21.226292 2.451698 -3.594004 1e-06 -6e-06 1e-06 -1.362684 2.240799 -0.746324 -21.334925 0.584913 3.008321 -13.821221 -1e-06 0.0 -23.887182 -0.249078 -0.839486 -60.392265 2.481444 -1.603371 -0.294026 1.679688 0.833258 -14.218215 0.093216 1.30058 -34.212059 -0.287563 0.967166 -20.033218 0.964538 1.212841 1e-06 -0.0 -2e-06 -3.440392 0.788235 0.501656 -15.928189 -3.167309 2.999707 -6.338829 0.0 1e-06 -18.123453 3.648184 -4.905675 -4e-06 1e-06 -1e-06 1.260349 -4.529855 16.186693 55.772945 -10.6788 33.691223 -179.474869 80.271217 179.751709 -0.042637 -13.01341 -26.681932 2.243543 -5.255036 -3.180159 14.282896 -0.826597 6.952503 -1e-06 -12.690607 1e-06 16.792692 -17.776123 2.458487 1.665667 -1.955922 -2.878299 4.727801 -4.170588 4.993925 11.020528 3e-06 -1e-06 12.109053 -3.735717 -2.866784 2e-06 0.0 0.0 1.291986 -1.92855 -1.49809 14.800132 0.567466 3.865608 14.24258 -1.341738 -6.660661 19.631975 0.143925 -0.648249 50.742558 -0.647081 -6.363132 0.353029 -1.511149 -0.03194 20.222797 3.684305 2.31663 18.787279 2e-06 -4e-06 10.751631 -0.47987 1.397904 -1e-06 -1e-06 -1e-06 3.273808 0.305948 -0.580111 21.486818 11.83037 2.266129 8.16293 -0.0 -2e-06 18.399088 -3.798987 -4.940579 4e-06 0.0 -0.0 0.746014 1.815673 18.95076 -0.078791 -0.093145 8.631936 0.016375 7.92025 11.060816 2.002635 -1.822413 -12.169086 -0.0 -0.0 2e-06 1.222776 -6.953713 -29.617773 -0.14198 -0.221523 18.890518 4.069411 -8.908294 3.711477 -1.429537 0.922839 -3.132906 0.0 -0.0 -1e-06 
0.0 0.0 0.0 0.0 -0.0 0.0 3.776156 101.167427 171.62738 1.242561 2.329343 4.00107 -3.465833 -2.778748 2.569229 -0.710133 -8.201945 -4.657886 -0.096939 -11.583401 9.839803 3.799505 1.414169 13.249392 0.44985 4.105732 -3.742136 -2.543805 4.81655 -9.008274 7.7e-05 -2.3e-05 6e-06 -0.015898 0.084247 -0.042343 0.73751 -3.63138 -10.745135 -0.766649 3.808418 -10.745381 7.077693 -17.925808 12.662931 -54.041557 -16.952009 1.248351 179.206528 -52.829567 -179.926254 11.394757 -4.791826 -16.60778 -5.88211 9.86129 0.702593 -10.936877 -0.360573 7.156212 0.0 8.774829 -0.0 -15.834692 18.177153 5.770419 -1.844034 2.498505 -2.507278 -10.163606 4.678948 4.621114 -20.976036 0.0 5e-06 -21.226301 2.451702 -3.594001 2e-06 -6e-06 -2e-06 -1.362684 2.240799 -0.746324 -21.334929 0.584914 3.008329 -13.821222 -0.0 5e-06 -23.887184 -0.249073 -0.839483 -59.678989 2.453892 -1.610132 -0.294025 1.679688 0.833256 -14.218219 0.093218 1.300584 -34.212074 -0.287555 0.967171 -20.03323 0.964542 1.212842 0.0 1e-06 -0.0 -3.44039 0.788234 0.501657 -15.928196 -3.167306 2.99971 -6.33883 2e-06 0.0 -18.123459 3.648189 -4.905674 -4e-06 -0.0 -1e-06 1.230891 -5.976279 16.430769 58.082844 -11.816916 30.628368 -178.445831 78.60862 -178.850555 -0.550688 -13.728104 -26.111917 2.243543 -5.255041 -3.180159 14.282896 -0.826595 6.952502 -2e-06 -12.690607 -1e-06 16.35515 -18.088463 2.703309 1.665667 -1.955921 -2.8783 4.7278 -4.170588 4.993925 11.020531 3e-06 -3e-06 12.109058 -3.735716 -2.866787 1e-06 0.0 1e-06 1.291986 -1.92855 -1.49809 14.800132 0.567468 3.865606 14.242579 -1.341733 -6.660663 19.631973 0.143929 -0.648248 51.10535 -0.894513 -6.426196 0.353029 -1.511152 -0.03194 20.222797 3.684312 2.316628 18.787279 7e-06 -3e-06 10.751634 -0.479867 1.397906 -1e-06 -0.0 0.0 3.273808 0.305946 -0.580112 21.486822 11.830379 2.266131 8.16293 2e-06 -1e-06 18.399088 -3.798983 -4.940579 3e-06 0.0 -0.0 -0.218957 1.439427 19.890488 -0.042581 -0.313165 17.063311 0.305503 9.956747 14.173106 1.812784 -1.73823 -7.15523 0.0 0.0 2e-06 -0.315126 -4.274246 -26.968264 -0.17468 -0.106472 5.486185 7.739932 -7.406327 3.154817 -1.355664 1.015509 -3.027213 -0.0 -0.0 -1e-06 
0.0 0.0 0.0 0.0 -0.0 0.0 3.667197 100.04361 181.064362 2.281742 1.422785 2.487638 -3.813026 -2.569715 3.186762 -0.791158 -8.183621 -4.37027 -0.464283 -10.804349 10.607822 4.086691 1.109349 13.039027 0.261606 4.269786 -3.715827 -3.030737 4.843123 -8.655326 7.7e-05 -2.2e-05 6e-06 -0.019303 0.123475 -0.031294 0.730807 -3.570586 -10.61895 -0.766059 3.824087 -10.613075 6.573746 -16.959457 13.689452 -54.582142 -13.569003 6.036442 -179.813263 -55.281288 179.112656 10.271112 -5.658103 -17.740782 -5.882112 9.861294 0.702591 -10.936879 -0.360573 7.156215 -2e-06 8.774831 -2e-06 -15.943463 18.486212 5.626673 -1.844034 2.498507 -2.50728 -10.16361 4.678949 4.621114 -20.976038 1e-06 4e-06 -21.226303 2.451702 -3.594005 0.0 -6e-06 -0.0 -1.362682 2.2408 -0.746325 -21.334929 0.584914 3.008329 -13.821222 1e-06 3e-06 -23.887184 -0.249073 -0.839485 -59.056686 2.469532 -1.64843 -0.294027 1.679689 0.833255 -14.218219 0.093217 1.300583 -34.212074 -0.287556 0.967172 -20.03323 0.964541 1.212845 1e-06 1e-06 -1e-06 -3.440391 0.788234 0.501657 -15.928196 -3.167309 2.999713 -6.33883 1e-06 1e-06 -18.123459 3.648188 -4.905674 -4e-06 1e-06 -3e-06 3.299122 -6.508173 16.114294 58.631172 -10.563624 27.174398 179.872284 78.602242 179.49823 -1.547863 -14.518728 -25.60948 2.243543 -5.255041 -3.180159 14.282898 -0.826595 6.952507 -2e-06 -12.690611 1e-06 16.254196 -17.885309 2.621769 1.665667 -1.955922 -2.878301 4.727801 -4.170589 4.993927 11.020531 0.0 -3e-06 12.109058 -3.735719 -2.866787 1e-06 1e-06 0.0 1.291987 -1.928552 -1.49809 14.800136 0.567468 3.86561 14.242578 -1.341736 -6.660663 19.631973 0.143926 -0.648246 51.144279 -1.040421 -6.441307 0.353029 -1.511151 -0.031941 20.222801 3.684312 2.316631 18.787287 4e-06 -1e-06 10.751634 -0.47987 1.397905 -1e-06 1e-06 0.0 3.273809 0.305946 -0.580111 21.486828 11.830383 2.266135 8.16293 2e-06 -1e-06 18.399096 -3.798988 -4.940579 4e-06 -0.0 0.0 -0.372621 1.925017 17.801655 0.043459 -0.572766 33.566044 -1.383903 11.618289 13.82456 1.821847 -1.85733 -4.63355 0.0 0.0 2e-06 -0.67427 -3.75388 -25.555166 -0.183164 -0.112731 6.891452 9.363297 -6.282244 2.145379 -1.313828 1.107022 -3.337751 -0.0 -0.0 -1e-06 
0.0 0.0 0.0 0.0 -0.0 0.0 3.396272 98.09597 190.105743 1.822622 -0.171971 0.768705 -2.705579 -2.175749 4.09005 -0.749578 -7.03214 -4.17626 -0.710002 -9.357741 11.373917 3.700767 0.897435 13.067129 0.34618 3.496146 -3.686984 -3.373183 4.550589 -8.711233 7.7e-05 -2.3e-05 6e-06 0.000917 0.063884 -0.031814 0.719926 -3.625049 -10.574444 -0.713614 3.756673 -10.560998 5.012484 -14.843779 14.929279 -56.782825 -9.164343 12.914468 179.500473 -62.046116 179.502823 9.621259 -5.562894 -17.565359 -5.882103 9.861281 0.702589 -10.936866 -0.360576 7.1562 1e-06 8.774822 -1e-06 -16.237003 18.781614 5.658635 -1.844032 2.498503 -2.507276 -10.163597 4.678941 4.621105 -20.976021 -5e-06 2e-06 -21.22628 2.451694 -3.593997 1e-06 -6e-06 -0.0 -1.362681 2.240796 -0.746323 -21.334908 0.584907 3.00832 -13.821209 -4e-06 2e-06 -23.887163 -0.249081 -0.839481 -59.125103 2.607815 -1.61417 -0.294023 1.679686 0.833256 -14.218204 0.093214 1.300578 -34.21204 -0.287567 0.96717 -20.033205 0.964534 1.212843 1e-06 0.0 0.0 -3.440387 0.788232 0.501655 -15.928179 -3.16731 2.999705 -6.338823 -2e-06 1e-06 -18.12344 3.648178 -4.905669 -4e-06 0.0 -2e-06 6.597842 -5.218231 15.660008 57.23542 -7.74229 24.223433 177.464767 80.056458 176.442749 -3.170707 -14.136908 -25.775301 2.243541 -5.255038 -3.180159 14.282889 -0.826595 6.952503 -3e-06 -12.690603 2e-06 16.302019 -17.848219 2.230161 1.665666 -1.955921 -2.878299 4.727799 -4.170587 4.993926 11.020528 2e-06 -1e-06 12.109053 -3.735716 -2.866785 0.0 0.0 -1e-06 1.291986 -1.92855 -1.498089 14.800129 0.567468 3.865608 14.242572 -1.341735 -6.66066 19.631968 0.143927 -0.648246 50.694527 -1.120102 -6.638278 0.353029 -1.511152 -0.03194 20.222794 3.684309 2.316631 18.787273 5e-06 -0.0 10.751629 -0.479868 1.397905 -1e-06 -0.0 -1e-06 3.273807 0.305946 -0.580111 21.486813 11.830379 2.266134 8.162927 2e-06 1e-06 18.399082 -3.798985 -4.940576 3e-06 0.0 -1e-06 2.288745 4.088331 13.252227 0.153863 -1.047654 52.992634 -3.983355 11.225892 12.050078 2.13183 -2.060364 -3.92058 -0.0 -0.0 2e-06 0.370979 -4.236185 -24.896576 0.181669 -0.437675 17.693254 1.087343 -2.407534 7.127489 -1.430803 0.988409 -1.826167 -0.0 -0.0 -1e-06 
0.0 0.0 0.0 0.0 -0.0 0.0 2.796558 95.784233 198.462173 -0.671264 -1.471151 -1.08487 -0.979834 -1.543054 5.598969 -0.342798 -5.418684 -3.74813 0.802183 -8.216201 12.324386 2.06344 1.427536 12.440557 0.274158 2.484034 -3.680273 -3.704653 3.978578 -11.549331 7.7e-05 -2.2e-05 6e-06 0.003086 -0.006798 -0.041937 0.734061 -3.709363 -10.631403 -0.727701 3.702541 -10.621622 2.713246 -11.218393 16.046999 -59.20591 -5.05793 18.18972 -179.110306 -74.060936 178.462189 10.533823 -5.244974 -13.698409 -5.882114 9.861292 0.702588 -10.93688 -0.360575 7.156211 -0.0 8.77483 -2e-06 -15.978188 18.394606 6.013588 -1.844034 2.498507 -2.507281 -10.163605 4.678947 4.621111 -20.976038 -2e-06 -1e-06 -21.226303 2.451697 -3.594007 1e-06 -6e-06 -0.0 -1.362681 2.2408 -0.746325 -21.334929 0.584911 3.008325 -13.821222 -2e-06 1e-06 -23.887184 -0.249079 -0.839486 -60.045006 2.373941 -1.540518 -0.294023 1.679688 0.833256 -14.218219 0.093216 1.30058 -34.212067 -0.287563 0.967166 -20.033226 0.964537 1.212842 0.0 -0.0 0.0 -3.440392 0.788234 0.501656 -15.928196 -3.16731 2.999709 -6.33883 -1e-06 1e-06 -18.123459 3.648184 -4.905677 -4e-06 -0.0 -2e-06 10.272017 -3.03535 15.798069 52.844116 -1.936504 23.354219 176.681061 82.366013 175.886276 -5.254532 -13.822134 -30.41148 2.243542 -5.255042 -3.18016 14.282896 -0.826596 6.952503 -0.0 -12.690617 -3e-06 16.432791 -17.973621 2.309816 1.665667 -1.955923 -2.8783 4.727799 -4.17059 4.993925 11.02053 5e-06 -2e-06 12.109055 -3.735717 -2.866787 -0.0 -1e-06 -1e-06 1.291986 -1.92855 -1.49809 14.800136 0.567469 3.865608 14.24258 -1.341739 -6.660664 19.631975 0.143929 -0.648245 50.76096 -0.93125 -6.469118 0.353029 -1.511153 -0.03194 20.222801 3.684314 2.316629 18.787277 6e-06 -0.0 10.751632 -0.479868 1.397908 -1e-06 -0.0 -1e-06 3.273808 0.305948 -0.580111 21.486824 11.830385 2.266135 8.16293 4e-06 0.0 18.399096 -3.798987 -4.940579 2e-06 -0.0 0.0 7.371819 5.314837 7.071278 0.040844 -1.128858 71.520874 -3.184376 10.886372 9.468976 2.419249 -2.084424 -2.724578 0.0 0.0 2e-06 3.298393 -3.552336 -25.594849 -0.112857 -0.130493 34.273052 -1.758042 -2.684096 -6.771743 -1.413914 0.904062 0.141051 -0.0 -0.0 -1e-06 
0.0 0.0 0.0 0.0 -0.0 0.0 2.59775 95.085083 206.877991 -2.843431 -0.830018 -1.587174 0.550332 -0.984929 5.727288 -0.090876 -4.196641 -3.529282 2.260231 -7.322568 13.801683 1.31809 1.788611 11.526043 -0.248976 1.060007 -3.723256 -3.738083 2.529616 -11.645328 7.7e-05 -2.2e-05 6e-06 0.017604 -0.161574 -0.031551 0.710512 -3.850109 -10.548562 -0.675518 3.530485 -10.533858 -0.641106 -8.068456 17.645229 -60.549137 -1.696273 20.950346 -68.507591 -89.091293 68.152458 16.444794 -5.082981 -2.929506 -5.882114 9.861299 0.702589 -10.936885 -0.360574 7.156214 -2e-06 8.774835 -1e-06 -15.885579 18.477346 6.302153 -1.844035 2.498508 -2.50728 -10.163612 4.678952 4.621113 -20.976053 -0.0 -1e-06 -21.226318 2.451701 -3.594011 0.0 -7e-06 1e-06 -1.362684 2.240802 -0.746324 -21.334942 0.584913 3.008325 -13.82123 -2e-06 -1e-06 -23.887201 -0.249079 -0.839488 -61.414478 2.602045 -1.356737 -0.294027 1.679689 0.833258 -14.218227 0.093217 1.30058 -34.212086 -0.287563 0.967164 -20.033236 0.964536 1.212841 0.0 -0.0 0.0 -3.440395 0.788235 0.501656 -15.928205 -3.167313 2.999708 -6.338833 -1e-06 0.0 -18.123466 3.648187 -4.905682 -4e-06 -0.0 -2e-06 14.495948 -0.733986 16.729996 46.105446 5.387125 22.174919 166.442627 85.066521 165.813828 -6.33183 -14.690111 -32.528126 2.243543 -5.255044 -3.180162 14.2829 -0.826593 6.952508 -1e-06 -12.690617 -2e-06 16.919498 -17.9783 2.437221 1.665668 -1.955923 -2.878302 4.727803 -4.170592 4.993927 11.020535 6e-06 -2e-06 12.109062 -3.735719 -2.866789 -0.0 -1e-06 0.0 1.291987 -1.92855 -1.498091 14.800139 0.567468 3.86561 14.242583 -1.341737 -6.660666 19.631985 0.143928 -0.648246 51.086372 -0.597364 -6.186276 0.353029 -1.511151 -0.03194 20.222805 3.684315 2.316631 18.787289 6e-06 -1e-06 10.751636 -0.479868 1.397907 -2e-06 0.0 -1e-06 3.273809 0.305948 -0.580111 21.486832 11.830392 2.266138 8.16293 3e-06 -0.0 18.399096 -3.798988 -4.940581 2e-06 0.0 -0.0 10.18511 3.245403 -2.898821 0.017239 -0.952277 85.117226 -1.034232 10.882586 6.193279 2.517899 -2.04711 -3.151947 0.0 -0.0 2e-06 5.143096 -5.920357 -20.51173 -0.079111 -0.263251 37.38501 -1.839644 -1.663854 -14.794076 -1.407638 0.816574 0.500188 -0.0 0.0 -1e-06 
0.0 0.0 0.0 0.0 -0.0 0.0 2.497301 95.199165 215.356613 -2.744925 0.52585 -1.344505 1.084432 -0.45191 5.957641 -0.100772 -2.851857 -3.537457 2.364985 -5.720714 13.660557 1.453134 2.120821 11.533262 -0.717034 -0.082906 -3.642709 -3.475997 0.903679 -12.019352 7.7e-05 -2.3e-05 6e-06 0.014174 -0.196429 -0.025205 0.685806 -3.893216 -10.61437 -0.657119 3.500118 -10.588798 0.589658 -5.742534 18.121868 -61.964691 4.669703 23.37232 -14.674998 -84.763184 14.216655 19.544107 -4.879619 -2.019468 -5.88211 9.861292 0.702592 -10.936875 -0.360574 7.156206 -1e-06 8.774828 -1e-06 -16.111944 18.46632 5.838317 -1.844034 2.498505 -2.507279 -10.163602 4.678948 4.621112 -20.976032 -1e-06 2e-06 -21.226297 2.451699 -3.594004 1e-06 -4e-06 0.0 -1.362683 2.2408 -0.746325 -21.334921 0.584912 3.008324 -13.821217 -1e-06 0.0 -23.887178 -0.249077 -0.839487 -61.135269 2.87921 -1.292107 -0.294025 1.679687 0.833257 -14.218215 0.093217 1.300581 -34.212059 -0.287563 0.967168 -20.03322 0.964537 1.212843 0.0 0.0 -0.0 -3.440391 0.788235 0.501654 -15.928192 -3.16731 2.999707 -6.338829 -1e-06 2e-06 -18.123453 3.648184 -4.905675 -3e-06 1e-06 -1e-06 13.159964 2.288156 16.556852 44.691322 9.506118 21.390436 167.758698 83.135498 167.550339 -5.505074 -16.008028 -29.133789 2.243541 -5.255037 -3.180157 14.282892 -0.826593 6.952505 -1e-06 -12.690607 1e-06 16.340136 -17.656614 2.401464 1.665667 -1.955921 -2.878299 4.7278 -4.170589 4.993925 11.020527 2e-06 -1e-06 12.109052 -3.735716 -2.866782 -1e-06 -0.0 -0.0 1.291986 -1.92855 -1.498089 14.800129 0.567468 3.865609 14.242571 -1.341738 -6.660655 19.631968 0.143924 -0.648243 49.862759 -0.572925 -6.149677 0.353029 -1.511152 -0.03194 20.222794 3.684309 2.316631 18.787273 4e-06 1e-06 10.751629 -0.479869 1.397909 0.0 -1e-06 -0.0 3.273806 0.305946 -0.580111 21.486818 11.830373 2.266135 8.162929 2e-06 1e-06 18.399084 -3.798986 -4.940575 2e-06 0.0 0.0 9.885299 -0.014122 -15.056814 -0.013304 -0.524348 92.066826 -0.077723 10.114066 3.656641 2.358363 -2.069165 -3.393379 -0.0 0.0 2e-06 4.112932 -9.355304 -14.208369 0.042573 -0.091015 36.602116 -0.561123 -0.464947 -19.667128 -1.423678 0.827443 0.177638 0.0 0.0 -1e-06 
0.0 0.0 0.0 0.0 -0.0 0.0 2.541151 96.064667 223.779221 -1.560479 0.923064 -0.543664 1.148285 0.184682 5.893774 -0.272894 -0.840671 -3.616149 1.992077 -3.469218 12.645584 0.718721 2.684821 11.888706 -0.996439 -1.205266 -3.573387 -2.742214 -0.357139 -11.88918 7.7e-05 -2.2e-05 6e-06 0.003073 -0.147004 -0.020679 0.672262 -3.845251 -10.651095 -0.668189 3.550211 -10.629219 1.857186 -2.580541 18.352627 -58.262463 12.091356 28.217321 -123.415726 -88.123306 123.234207 17.480902 -5.29724 -6.311779 -5.882107 9.861289 0.70259 -10.936873 -0.360574 7.156208 1e-06 8.774828 1e-06 -15.980184 18.154333 5.717779 -1.844031 2.498504 -2.507279 -10.163601 4.678945 4.62111 -20.976027 -4e-06 3e-06 -21.226288 2.451696 -3.593999 0.0 -6e-06 -1e-06 -1.362682 2.240799 -0.746324 -21.334917 0.584909 3.008323 -13.821215 -4e-06 2e-06 -23.887171 -0.249083 -0.839483 -60.936573 2.866591 -1.209243 -0.294025 1.679688 0.833258 -14.218212 0.093214 1.300579 -34.212059 -0.287569 0.967172 -20.033218 0.964537 1.212844 -0.0 0.0 0.0 -3.440389 0.788231 0.501657 -15.928189 -3.167311 2.999709 -6.338828 -0.0 1e-06 -18.123451 3.648182 -4.905673 -4e-06 -0.0 -0.0 10.367321 5.513745 16.129448 43.402939 10.839942 19.527927 177.181488 76.647148 177.482376 -4.582992 -15.092136 -23.888048 2.243542 -5.255039 -3.180159 14.282889 -0.826593 6.952503 -4e-06 -12.690607 1e-06 16.017572 -17.61389 2.398827 1.665666 -1.955921 -2.8783 4.727799 -4.170588 4.993925 11.020524 3e-06 -3e-06 12.109053 -3.735717 -2.866788 0.0 1e-06 -1e-06 1.291985 -1.928551 -1.49809 14.800129 0.567468 3.865607 14.242573 -1.341735 -6.660661 19.631969 0.14393 -0.648247 49.071842 -0.857268 -6.138354 0.353029 -1.511151 -0.03194 20.222792 3.684312 2.316629 18.787273 6e-06 -4e-06 10.751627 -0.479867 1.397906 0.0 0.0 1e-06 3.273807 0.305948 -0.580112 21.486813 11.830379 2.26613 8.162926 2e-06 -0.0 18.39908 -3.798986 -4.940577 3e-06 -0.0 -0.0 7.824492 -1.559725 -25.388618 -0.040529 -0.206651 90.019302 0.165873 9.812021 1.372324 2.061229 -2.079735 -3.816142 0.0 0.0 3e-06 1.879554 -10.681252 -6.979376 -0.00708 0.207679 32.441177 1.154806 -0.038048 -19.841459 -1.425326 0.807394 -1.142904 0.0 0.0 -1e-06 
0.0 0.0 0.0 0.0 -0.0 0.0 2.865827 97.630943 232.532089 0.694338 0.542093 0.721535 0.611001 0.768814 5.316906 -0.585863 1.364472 -3.683346 1.064487 -1.072598 11.42129 -0.641478 3.513534 12.213303 -1.275347 -1.670162 -3.6011 -1.725159 -1.442344 -11.19271 7.7e-05 -2.2e-05 6e-06 -0.005935 -0.076616 -0.012538 0.654514 -3.768952 -10.607593 -0.67152 3.612925 -10.584092 2.459778 0.778834 17.881235 -52.074982 18.036842 34.160004 -169.554626 -81.939514 170.082321 13.256448 -5.44847 -9.163978 -5.882109 9.861288 0.70259 -10.936874 -0.360574 7.156207 1e-06 8.77483 0.0 -15.924682 18.167259 5.783279 -1.844033 2.498503 -2.507279 -10.163602 4.678947 4.621111 -20.97603 -2e-06 2e-06 -21.226292 2.451699 -3.594002 0.0 -6e-06 0.0 -1.362682 2.240799 -0.746324 -21.334921 0.584909 3.008324 -13.821217 -2e-06 2e-06 -23.887177 -0.249078 -0.839484 -61.147179 2.836203 -1.024415 -0.294024 1.679685 0.833255 -14.218215 0.093216 1.30058 -34.212067 -0.287564 0.96717 -20.033222 0.964536 1.212844 -1e-06 1e-06 -1e-06 -3.44039 0.788233 0.501656 -15.928192 -3.16731 2.999706 -6.338827 -3e-06 0.0 -18.123453 3.648182 -4.90567 -4e-06 -0.0 -3e-06 7.765087 8.64079 16.001194 40.98045 10.511361 16.64098 179.800003 69.467873 -179.776489 -3.999301 -13.665205 -20.387075 2.243539 -5.255037 -3.180158 14.282886 -0.826594 6.9525 0.0 -12.690605 -0.0 15.941991 -17.397242 2.455708 1.665667 -1.955922 -2.878299 4.727798 -4.170588 4.993924 11.020525 2e-06 -2e-06 12.109049 -3.735716 -2.866785 1e-06 1e-06 0.0 1.291983 -1.92855 -1.498089 14.800125 0.567468 3.865607 14.242568 -1.341736 -6.660658 19.63196 0.143927 -0.648246 49.089493 -1.012416 -5.94286 0.35303 -1.51115 -0.03194 20.222786 3.68431 2.31663 18.78727 5e-06 -1e-06 10.751625 -0.479869 1.397905 0.0 1e-06 0.0 3.273805 0.305947 -0.580111 21.486811 11.830376 2.266133 8.162924 1e-06 -0.0 18.399078 -3.798986 -4.940577 3e-06 0.0 -1e-06 3.782899 -1.257173 -32.359348 -0.0754 -0.075023 79.362541 -0.519702 9.718886 0.788734 1.858353 -2.032685 -4.076868 -0.0 0.0 -2e-06 -1.59115 -10.32365 0.221011 -0.09057 0.36545 26.519093 2.854633 0.092002 -15.269557 -1.405512 0.707793 -4.948974 0.0 0.0 -1e-06 
0.0 0.0 0.0 0.0 -0.0 0.0 3.337064 99.347946 241.648865 3.2862 -0.05664 2.490945 -0.321792 1.191998 4.24898 -0.873936 3.300367 -3.972838 -0.12101 1.113946 10.338093 -2.522571 4.559313 12.039757 -1.312341 -1.825116 -3.673458 -0.675902 -2.349005 -10.5475 7.7e-05 -2.3e-05 6e-06 -0.015577 0.022106 -0.019146 0.630444 -3.664705 -10.552785 -0.670024 3.710409 -10.560507 3.493594 3.390248 17.462545 -47.802063 22.171482 38.271053 -173.715317 -77.166283 175.302032 9.632381 -5.166363 -11.196251 -5.882108 9.861286 0.70259 -10.936873 -0.360574 7.156206 1e-06 8.774828 -3e-06 -15.859681 18.327948 5.826143 -1.844033 2.498505 -2.507279 -10.163603 4.678946 4.621108 -20.97603 -5e-06 -3e-06 -21.226294 2.451694 -3.594003 -1e-06 -6e-06 0.0 -1.362683 2.240799 -0.746324 -21.334921 0.584907 3.00832 -13.821218 -2e-06 0.0 -23.887177 -0.249082 -0.839485 -61.128986 2.715511 -1.027562 -0.294024 1.679689 0.833256 -14.218212 0.093214 1.300578 -34.212059 -0.287567 0.967167 -20.033222 0.964533 1.212844 1e-06 1e-06 -1e-06 -3.440388 0.788231 0.501656 -15.928192 -3.167311 2.999707 -6.338827 -1e-06 1e-06 -18.123451 3.648182 -4.905672 -4e-06 -0.0 -1e-06 4.811407 10.878614 15.963969 39.07317 9.411194 14.908158 -178.20784 63.554932 -177.7285 -3.428187 -12.780605 -19.678764 2.243542 -5.255038 -3.180158 14.282888 -0.826595 6.952503 -1e-06 -12.690609 1e-06 15.639103 -17.259346 2.63173 1.665667 -1.955922 -2.8783 4.727797 -4.170588 4.993925 11.020528 4e-06 -3e-06 12.109055 -3.735715 -2.866786 1e-06 -0.0 0.0 1.291986 -1.928549 -1.49809 14.800127 0.567468 3.865608 14.242573 -1.341735 -6.660661 19.631969 0.143928 -0.648246 49.326149 -1.090107 -5.942369 0.353031 -1.511151 -0.03194 20.222788 3.684311 2.316628 18.787271 6e-06 -2e-06 10.751628 -0.479869 1.397906 -0.0 0.0 0.0 3.273808 0.305946 -0.580111 21.486813 11.830378 2.266131 8.162926 1e-06 -1e-06 18.39908 -3.798986 -4.940576 3e-06 0.0 -1e-06 -1.035675 -0.79337 -35.73399 0.038032 0.051547 61.598404 -2.300447 9.493775 1.800608 1.779876 -2.011598 -4.387215 0.0 -0.0 3e-06 -5.697489 -10.1877 6.557463 -0.070861 0.438002 20.601675 4.372274 0.639968 -7.319883 -1.373208 0.637159 -11.681209 -0.0 0.0 -1e-06 
0.0 0.0 0.0 0.0 -0.0 0.0 3.856659 100.505508 251.156235 4.522239 -0.737899 4.070668 -0.663313 1.380166 3.045373 -1.028591 4.464612 -4.363412 -1.082451 3.086583 9.458838 -4.233772 5.204932 11.536469 -1.207998 -1.567326 -3.699765 0.100904 -2.684598 -10.286909 7.7e-05 -2.2e-05 6e-06 -0.020629 0.084518 -0.009455 0.643487 -3.61375 -10.541966 -0.69478 3.786082 -10.579688 5.468362 5.106043 17.716413 -47.398624 25.254356 39.530899 -175.454681 -74.805481 177.156784 6.989616 -4.889678 -11.946437 -5.882107 9.861288 0.702591 -10.936877 -0.360577 7.156209 1e-06 8.77483 -0.0 -15.557385 18.397669 6.029665 -1.844034 2.498504 -2.507279 -10.163603 4.678946 4.621113 -20.976034 -7e-06 1e-06 -21.226295 2.451694 -3.593999 -1e-06 -6e-06 -1e-06 -1.362682 2.240798 -0.746324 -21.334923 0.584908 3.008324 -13.821219 -3e-06 2e-06 -23.887182 -0.249081 -0.839481 -60.976673 2.674867 -1.097287 -0.294025 1.679688 0.833256 -14.218216 0.093215 1.300579 -34.212067 -0.287567 0.967172 -20.033222 0.964535 1.212846 -0.0 -0.0 0.0 -3.44039 0.788232 0.501656 -15.928192 -3.167311 2.999709 -6.338829 -2e-06 -0.0 -18.123453 3.64818 -4.905673 -4e-06 0.0 -2e-06 1.497403 12.084992 15.62641 39.142616 8.371161 14.959663 -176.925674 59.697445 -176.860809 -3.118541 -12.213884 -19.330067 2.243544 -5.255038 -3.180159 14.282896 -0.826597 6.952506 -1e-06 -12.690606 1e-06 15.568467 -17.244947 2.740298 1.665666 -1.955922 -2.8783 4.727801 -4.17059 4.993927 11.020532 2e-06 -2e-06 12.109059 -3.735719 -2.866786 -0.0 -0.0 0.0 1.291986 -1.928549 -1.49809 14.800136 0.567466 3.865609 14.24258 -1.341737 -6.660661 19.631975 0.143923 -0.648247 49.525669 -1.015391 -6.097515 0.353029 -1.511151 -0.03194 20.222803 3.684307 2.316631 18.787283 2e-06 -2e-06 10.751633 -0.47987 1.397905 -0.0 -0.0 0.0 3.273809 0.305948 -0.580111 21.486824 11.830376 2.266132 8.16293 0.0 -1e-06 18.399094 -3.798988 -4.940579 4e-06 0.0 -1e-06 -4.00392 -0.228101 -34.803734 0.185921 0.169228 38.220963 -4.588291 8.480358 3.072986 1.778983 -2.013567 -4.197786 -0.0 0.0 2e-06 -8.189246 -9.150787 12.233686 0.010455 0.472134 15.291514 5.90959 0.118511 2.449833 -1.368815 0.663118 -17.673061 0.0 0.0 -1e-06 
0.0 0.0 0.0 0.0 -0.0 0.0 4.213418 100.658371 260.920807 3.244596 -1.374624 4.613219 0.17276 1.44153 2.152454 -1.005196 4.96294 -4.681247 -1.210777 4.337792 8.732723 -5.165811 5.523457 11.100482 -1.145045 -1.40808 -3.700958 0.657104 -2.466645 -10.246246 7.7e-05 -2.3e-05 6e-06 -0.009362 0.07694 -0.005864 0.695957 -3.647967 -10.607457 -0.725635 3.798563 -10.644778 7.768744 5.799068 18.866055 -50.880589 27.640894 37.514675 -176.268356 -73.863869 177.366867 5.069784 -4.093429 -11.085779 -5.882107 9.861284 0.702591 -10.936873 -0.360576 7.156204 2e-06 8.774823 1e-06 -15.274071 18.343157 6.444307 -1.844032 2.498503 -2.507278 -10.163599 4.678942 4.621109 -20.976027 -6e-06 2e-06 -21.226286 2.451694 -3.593999 -2e-06 -7e-06 0.0 -1.362682 2.240798 -0.746323 -21.334913 0.584906 3.008321 -13.821213 -4e-06 1e-06 -23.887173 -0.249082 -0.839482 -61.077888 2.678861 -1.068463 -0.294025 1.679687 0.833255 -14.21821 0.093213 1.30058 -34.212051 -0.287568 0.967171 -20.033215 0.964535 1.212844 0.0 0.0 -1e-06 -3.440389 0.788234 0.501655 -15.928189 -3.167311 2.999707 -6.338826 -1e-06 -1e-06 -18.123449 3.64818 -4.905672 -4e-06 0.0 -2e-06 -1.601012 12.607679 15.101673 41.563679 7.690248 16.62075 -176.281357 57.809166 -176.608719 -2.792048 -11.766427 -19.914068 2.243541 -5.255034 -3.180157 14.282887 -0.826596 6.952502 -2e-06 -12.690598 1e-06 15.765144 -17.254896 2.746991 1.665665 -1.95592 -2.878299 4.727798 -4.170587 4.993924 11.020524 2e-06 -1e-06 12.109052 -3.735715 -2.866783 0.0 -1e-06 0.0 1.291985 -1.928549 -1.498088 14.800122 0.567465 3.865607 14.242568 -1.341737 -6.660655 19.631962 0.143924 -0.648246 49.866249 -0.88603 -6.008636 0.35303 -1.511149 -0.03194 20.222786 3.684306 2.316629 18.78727 3e-06 -1e-06 10.751625 -0.47987 1.397905 0.0 0.0 0.0 3.273807 0.305947 -0.580111 21.486809 11.830366 2.26613 8.162926 1e-06 -1e-06 18.39908 -3.798985 -4.940574 3e-06 0.0 -1e-06 -3.193611 0.297078 -31.271202 0.066326 0.06473 16.174168 -7.848042 6.869193 3.137731 1.69622 -2.10525 -4.056499 -0.0 -0.0 2e-06 -7.192459 -6.068922 16.785679 0.048541 0.435013 13.696208 7.976245 -2.255541 9.901878 -1.341288 0.689627 -16.464739 0.0 0.0 -2e-06 
0.0 0.0 0.0 0.0 -0.0 0.0 4.3839 99.937927 270.222626 1.338323 -1.08151 4.032429 0.850606 1.407989 2.003077 -0.806674 4.83865 -4.756038 -1.063365 4.216208 8.517602 -5.126721 5.740244 10.715326 -0.964176 -1.930778 -3.723315 1.284815 -2.052332 -10.191176 7.7e-05 -2.2e-05 6e-06 -0.004894 0.037119 -0.020882 0.715552 -3.684067 -10.63061 -0.73761 3.753825 -10.652843 7.726357 5.399161 19.450233 -55.075245 28.304218 33.446243 -176.971558 -72.795502 177.938278 4.108538 -3.009153 -10.524523 -5.882112 9.861296 0.702591 -10.936883 -0.360577 7.156213 2e-06 8.774836 -1e-06 -15.225486 18.364893 6.613505 -1.844035 2.498508 -2.507281 -10.16361 4.678947 4.621113 -20.976044 -4e-06 1e-06 -21.226307 2.451695 -3.594004 -1e-06 -6e-06 -1e-06 -1.362683 2.240801 -0.746324 -21.334934 0.584908 3.008324 -13.821228 -3e-06 -1e-06 -23.887197 -0.249082 -0.839486 -60.972519 2.743225 -1.172741 -0.294025 1.67969 0.833258 -14.218224 0.093215 1.30058 -34.212082 -0.28757 0.967169 -20.033234 0.964536 1.212844 0.0 0.0 0.0 -3.440392 0.788233 0.501656 -15.928201 -3.167313 2.999708 -6.338832 -2e-06 0.0 -18.123465 3.648184 -4.905677 -4e-06 0.0 -1e-06 -2.263709 12.352643 14.997173 44.347145 7.398851 18.310369 -176.606827 57.932915 -177.044998 -2.592831 -11.360468 -22.567884 2.243543 -5.25504 -3.180159 14.2829 -0.826598 6.952507 -0.0 -12.690612 1e-06 15.684461 -17.257257 2.768695 1.665666 -1.955923 -2.8783 4.727802 -4.170591 4.993927 11.020534 2e-06 -0.0 12.109058 -3.735718 -2.866785 0.0 -1e-06 0.0 1.291984 -1.928551 -1.49809 14.800136 0.567466 3.86561 14.24258 -1.341738 -6.660661 19.631975 0.143925 -0.648246 49.944309 -0.8425 -5.928444 0.353029 -1.511152 -0.03194 20.222803 3.68431 2.316632 18.787287 3e-06 -1e-06 10.751634 -0.47987 1.397906 -1e-06 -0.0 -0.0 3.273809 0.305947 -0.580111 21.486824 11.830379 2.266134 8.162931 0.0 -1e-06 18.399092 -3.79899 -4.940579 3e-06 -0.0 -1e-06 -1.245731 0.291058 -29.239763 0.090913 -0.113764 7.422683 -10.089199 6.294932 1.167919 1.530482 -2.211215 -4.32566 -0.0 0.0 3e-06 -4.674767 -3.488635 18.205591 -0.132524 0.66054 20.834982 9.203602 -4.902398 12.908684 -1.246551 0.736584 -9.312149 0.0 -0.0 -3e-06 
0.0 0.0 0.0 0.0 -0.0 0.0 4.466606 98.276352 279.083954 0.897483 0.813043 2.383453 0.242275 1.115206 2.64715 -0.791267 4.11474 -4.555872 -1.136741 2.812187 9.020314 -4.105372 5.207165 10.340713 -0.92907 -2.435166 -3.600675 1.991631 -1.912503 -10.182387 7.7e-05 -2.2e-05 6e-06 -0.024289 0.113449 0.040047 0.686986 -3.617611 -10.638433 -0.747811 3.839249 -10.636602 4.923755 3.905519 18.998447 -57.800079 25.754911 29.503731 -179.217575 -71.66523 179.776947 4.791549 -2.354477 -10.533552 -5.882107 9.861288 0.702589 -10.93687 -0.360574 7.156202 1e-06 8.774826 -1e-06 -15.16315 18.427244 6.485873 -1.844033 2.498505 -2.507278 -10.163599 4.678947 4.621107 -20.976021 -2e-06 -2e-06 -21.226286 2.451695 -3.594004 0.0 -6e-06 0.0 -1.362682 2.240798 -0.746324 -21.334913 0.584908 3.008321 -13.821213 -3e-06 -1e-06 -23.887169 -0.249079 -0.839486 -60.315243 2.857458 -1.314291 -0.294025 1.67969 0.833256 -14.21821 0.093215 1.300578 -34.212051 -0.287567 0.967166 -20.033215 0.964535 1.212842 -1e-06 0.0 -1e-06 -3.440388 0.788233 0.501656 -15.928185 -3.167309 2.999706 -6.338824 -1e-06 -2e-06 -18.123444 3.648182 -4.905674 -4e-06 1e-06 -3e-06 -0.629141 10.843887 15.013979 47.249233 7.023028 20.485405 -177.252136 61.236443 -177.601349 -2.85926 -10.486476 -25.814859 2.243542 -5.255041 -3.180162 14.282896 -0.826595 6.952508 -2e-06 -12.690612 0.0 15.782428 -17.231363 2.652949 1.665668 -1.955923 -2.878302 4.727801 -4.17059 4.993928 11.02053 2e-06 -3e-06 12.109058 -3.735716 -2.866788 1e-06 1e-06 0.0 1.291984 -1.92855 -1.498091 14.800136 0.567469 3.865611 14.242578 -1.341736 -6.660665 19.631973 0.143927 -0.648246 50.146629 -0.85385 -6.145326 0.35303 -1.511152 -0.03194 20.222799 3.684311 2.316631 18.787277 4e-06 -1e-06 10.751632 -0.479869 1.397907 -0.0 0.0 0.0 3.273809 0.305947 -0.580111 21.486822 11.830384 2.266135 8.16293 1e-06 -0.0 18.399092 -3.798987 -4.940579 3e-06 0.0 -1e-06 -1.562051 1.269322 -28.482346 0.07116 -0.039961 13.030504 -10.867459 4.282685 1.376644 1.620073 -2.207131 -4.167078 0.0 0.0 4e-06 -4.372197 -4.682677 16.921553 -0.147054 0.940118 35.421425 8.734304 -6.81513 11.96408 -1.30633 0.85451 -4.805363 -0.0 -0.0 -1e-06 
0.0 0.0 0.0 0.0 -0.0 0.0 4.602324 96.059402 287.454773 2.065721 3.044429 0.455113 -1.160214 0.504637 3.751152 -1.036706 3.019231 -4.239771 -1.710959 1.195792 9.858486 -2.563015 4.271904 10.593042 -0.889208 -2.667963 -3.540675 2.163783 -2.618712 -11.093045 7.7e-05 -2.3e-05 6e-06 -0.01019 0.151408 0.097711 0.661722 -3.594391 -10.617796 -0.697008 3.890955 -10.648008 0.41714 1.749389 17.880661 -58.164814 20.247181 25.957455 179.094299 -71.792267 -179.373718 6.809685 -3.00682 -10.773325 -5.882106 9.861286 0.702589 -10.936872 -0.360575 7.156206 1e-06 8.774825 1e-06 -15.536155 18.524612 6.092531 -1.844033 2.498505 -2.507279 -10.163601 4.678944 4.621109 -20.976023 -2e-06 1e-06 -21.226288 2.451697 -3.594002 0.0 -4e-06 -1e-06 -1.362682 2.240798 -0.746324 -21.334913 0.584912 3.008322 -13.821213 -2e-06 0.0 -23.887167 -0.24908 -0.839484 -60.037651 2.822967 -1.358688 -0.294025 1.679689 0.833255 -14.218209 0.093217 1.30058 -34.212051 -0.287565 0.967167 -20.033215 0.964534 1.212842 1e-06 0.0 1e-06 -3.440389 0.788234 0.501655 -15.928185 -3.167311 2.999706 -6.338827 -1e-06 2e-06 -18.123446 3.648183 -4.905673 -6e-06 -1e-06 -2e-06 2.157745 8.588828 15.145786 49.609856 6.456991 22.322937 -179.112305 68.220734 -179.140518 -3.569408 -9.477907 -31.340849 2.24354 -5.255037 -3.180158 14.282887 -0.826594 6.952503 -1e-06 -12.690603 -1e-06 16.481741 -17.318584 2.467888 1.665668 -1.955921 -2.878299 4.727797 -4.170587 4.993923 11.020526 4e-06 -2e-06 12.109052 -3.735716 -2.866784 -0.0 1e-06 -1e-06 1.291986 -1.92855 -1.498089 14.800131 0.567469 3.865607 14.242571 -1.341736 -6.66066 19.631968 0.143927 -0.648245 50.289215 -0.882166 -5.946239 0.353027 -1.511151 -0.03194 20.222788 3.684311 2.31663 18.787271 4e-06 -1e-06 10.751629 -0.479868 1.397906 -0.0 -0.0 0.0 3.273805 0.305946 -0.580111 21.486809 11.830374 2.266134 8.162926 2e-06 -0.0 18.399076 -3.798983 -4.940574 3e-06 0.0 -1e-06 -3.417848 1.791136 -28.772312 -0.203749 0.201601 26.491726 -1.953453 0.591569 3.093018 1.700018 -1.881861 -1.554478 0.0 0.0 2e-06 -7.6267 -8.518806 13.576836 0.05796 0.820657 52.302456 5.614846 -9.146383 9.529271 -1.379228 0.935958 -3.570749 -0.0 -0.0 -1e-06 
0.0 0.0 0.0 0.0 -0.0 0.0 4.784837 94.284241 295.641479 4.783916 3.54551 -1.419278 -2.477141 0.085592 5.016762 -1.594922 2.182589 -3.729158 -3.873563 0.14489 10.941176 -0.613967 3.086317 11.023638 -1.011106 -2.282627 -3.602384 2.410917 -3.095788 -13.903317 7.7e-05 -2.2e-05 6e-06 0.005548 0.113732 0.150124 0.689344 -3.634373 -10.518691 -0.694419 3.855789 -10.555288 -4.532519 -0.192546 17.277668 -56.06979 10.383632 22.137377 177.532593 -74.562996 -178.734619 8.832028 -3.940963 -10.257251 -5.882108 9.86129 0.702591 -10.936875 -0.360574 7.156209 -0.0 8.774831 1e-06 -15.725146 18.873842 6.099409 -1.844032 2.498505 -2.507279 -10.163604 4.678947 4.621112 -20.976034 -3e-06 1e-06 -21.226299 2.451696 -3.594001 1e-06 -6e-06 -1e-06 -1.362682 2.2408 -0.746324 -21.334921 0.584908 3.008322 -13.82122 -3e-06 2e-06 -23.887178 -0.249081 -0.839483 -60.244263 2.580875 -1.375555 -0.294025 1.67969 0.833257 -14.218213 0.093214 1.300581 -34.212059 -0.287565 0.96717 -20.033222 0.964535 1.212844 0.0 -0.0 0.0 -3.440389 0.788234 0.501656 -15.928192 -3.16731 2.999708 -6.338831 -1e-06 2e-06 -18.123453 3.648183 -4.905674 -5e-06 -0.0 -2e-06 4.658288 6.397565 15.534424 53.557247 6.593729 23.344227 174.103394 79.802429 174.067505 -5.52837 -9.17786 -33.188244 2.24354 -5.255036 -3.180159 14.282895 -0.826593 6.952506 -4e-06 -12.69061 2e-06 16.730854 -17.660812 2.478995 1.665668 -1.955921 -2.8783 4.727797 -4.170588 4.993926 11.020527 2e-06 -1e-06 12.109052 -3.735716 -2.866785 1e-06 1e-06 -1e-06 1.291985 -1.92855 -1.49809 14.800132 0.567471 3.865609 14.242575 -1.341735 -6.660659 19.631973 0.143929 -0.648244 50.420555 -0.725125 -6.157933 0.353028 -1.511152 -0.03194 20.222792 3.684314 2.31663 18.787275 6e-06 -0.0 10.75163 -0.479868 1.397908 -0.0 0.0 0.0 3.273809 0.305947 -0.58011 21.486818 11.830382 2.266133 8.16293 2e-06 1e-06 18.399084 -3.798985 -4.940574 3e-06 0.0 -1e-06 -6.135557 1.89406 -26.986382 0.051661 0.208933 38.542271 0.825393 0.868154 -7.713801 1.627708 -1.897619 -0.209954 0.0 -0.0 2e-06 -12.346131 -9.87253 7.205734 0.128313 0.503906 68.315132 1.075828 -11.410892 6.138248 -1.644707 1.00774 -3.327179 -1e-06 0.0 -1e-06 
0.0 0.0 0.0 0.0 -0.0 0.0 5.102724 93.960945 303.427399 5.687153 0.575838 -2.457353 -2.92111 0.167766 5.390969 -1.672882 1.593947 -3.417575 -4.830719 -0.354203 11.462083 -0.173243 3.28965 11.415924 -1.057021 -1.573907 -3.68368 2.416357 -2.544954 -12.978739 7.7e-05 -2.2e-05 6e-06 0.010223 0.045348 0.127016 0.666917 -3.695338 -10.500781 -0.661371 3.784427 -10.540631 -9.296288 -1.083307 16.544088 -53.587509 -0.736295 16.710253 177.587601 -79.628433 -178.750809 8.28001 -3.628626 -2.289773 -5.882107 9.861291 0.702589 -10.936877 -0.360575 7.156209 0.0 8.774829 -2e-06 -15.858574 18.785177 6.381351 -1.844034 2.498505 -2.507278 -10.163604 4.678946 4.62111 -20.976036 -3e-06 2e-06 -21.226299 2.4517 -3.594001 -0.0 -5e-06 0.0 -1.362681 2.2408 -0.746324 -21.334921 0.58491 3.008324 -13.821219 -3e-06 1e-06 -23.887182 -0.249078 -0.839484 -60.558468 2.42303 -1.158345 -0.294026 1.679688 0.833256 -14.218214 0.093213 1.300581 -34.212067 -0.287563 0.967172 -20.033226 0.964538 1.212844 0.0 0.0 1e-06 -3.44039 0.788235 0.501656 -15.928194 -3.167309 2.99971 -6.338831 -1e-06 1e-06 -18.123453 3.648185 -4.905673 -6e-06 0.0 -2e-06 5.770565 5.987444 16.518375 57.547287 6.853872 24.158081 41.425896 87.030609 40.712383 -7.962895 -12.590249 -30.12594 2.243541 -5.255036 -3.180158 14.282887 -0.826597 6.952501 1e-06 -12.690601 -2e-06 16.844553 -17.616812 2.311529 1.665666 -1.95592 -2.878298 4.727798 -4.170588 4.993923 11.020522 2e-06 -2e-06 12.109046 -3.735717 -2.866784 1e-06 -1e-06 -1e-06 1.291985 -1.928549 -1.498089 14.800122 0.567466 3.865607 14.242568 -1.341738 -6.660656 19.631962 0.143923 -0.648246 50.116337 -0.485359 -6.165317 0.35303 -1.511152 -0.031939 20.222786 3.684306 2.316629 18.78727 4e-06 -1e-06 10.751625 -0.479869 1.397906 -1e-06 1e-06 1e-06 3.273805 0.305947 -0.58011 21.486805 11.830369 2.266134 8.162924 2e-06 -0.0 18.399078 -3.798987 -4.940574 3e-06 1e-06 -0.0 -6.566455 4.563663 -21.210917 -0.002594 0.140098 40.686234 1.180837 2.042861 -15.18723 1.623636 -1.942961 0.917558 -0.0 0.0 2e-06 -12.955221 -7.368263 -2.888683 0.119318 0.176619 79.119598 -3.388975 -13.893335 3.341632 -1.732276 0.977891 -3.905594 -0.0 0.0 -1e-06 
0.0 0.0 0.0 0.0 -0.0 0.0 5.350734 94.375526 310.918854 5.078833 -1.68181 -2.475895 -3.107264 -0.003215 5.599638 -1.451925 0.526611 -3.261107 -4.642891 -1.751428 11.118738 -0.236685 3.633023 11.666407 -0.708582 -0.571996 -3.715944 1.94169 -1.251391 -11.5542 7.7e-05 -2.2e-05 7e-06 0.010437 -0.011897 0.074258 0.659757 -3.736981 -10.5438 -0.651196 3.715174 -10.584983 -9.481226 -3.548572 15.096296 -54.475311 -8.523206 10.253442 -179.805176 -78.776985 179.026093 6.8063 -3.220484 3.139337 -5.882104 9.861284 0.702591 -10.936872 -0.360576 7.156209 1e-06 8.774824 1e-06 -16.160635 18.226429 6.24393 -1.844033 2.498504 -2.507278 -10.1636 4.678944 4.621112 -20.976023 -6e-06 3e-06 -21.226286 2.451696 -3.593999 0.0 -8e-06 -1e-06 -1.362682 2.240797 -0.746324 -21.334913 0.584908 3.008327 -13.821213 -3e-06 3e-06 -23.887169 -0.249078 -0.83948 -60.941334 2.384052 -1.169827 -0.294024 1.679687 0.833257 -14.21821 0.093214 1.300581 -34.212048 -0.287565 0.967175 -20.033211 0.964537 1.212846 -0.0 -0.0 -0.0 -3.440387 0.788233 0.501656 -15.928189 -3.167311 2.999709 -6.338827 -2e-06 1e-06 -18.123444 3.648181 -4.905668 -4e-06 -1e-06 -1e-06 6.009564 5.405914 16.671562 57.802193 4.808699 27.271803 20.341904 86.172646 19.425531 -5.539433 -13.339027 -29.153221 2.243541 -5.255037 -3.180159 14.282894 -0.826593 6.952506 -4e-06 -12.690605 3e-06 17.049864 -17.517658 2.179932 1.665667 -1.955922 -2.8783 4.727798 -4.170588 4.993925 11.020529 5e-06 -1e-06 12.109053 -3.735713 -2.866783 1e-06 1e-06 -1e-06 1.291985 -1.928548 -1.49809 14.800131 0.567468 3.865608 14.242573 -1.341733 -6.660658 19.631969 0.143928 -0.648242 50.123814 -0.329009 -6.19296 0.353029 -1.511148 -0.03194 20.222797 3.684314 2.316631 18.787275 8e-06 1e-06 10.751631 -0.479867 1.397907 0.0 0.0 -1e-06 3.273809 0.305948 -0.580111 21.486818 11.830381 2.266133 8.16293 2e-06 -0.0 18.399084 -3.798982 -4.940575 3e-06 0.0 -1e-06 -5.602871 6.032986 -14.768473 -0.077396 -0.14263 38.730801 0.336361 3.438713 -19.670317 1.613113 -1.974913 1.007274 0.0 0.0 2e-06 -11.058915 -6.473992 -13.596372 0.132383 -0.044057 83.39122 -5.942124 -14.098063 0.54598 -1.688926 0.943287 -3.511024 -0.0 0.0 -1e-06 
0.0 0.0 0.0 0.0 -0.0 0.0 5.372919 95.633972 318.678131 3.743785 -2.080192 -1.538916 -3.211399 -0.57252 5.598742 -1.151518 -0.883884 -3.26532 -3.815987 -3.880239 10.395435 0.31553 3.414952 11.929379 -0.410064 0.511663 -3.670403 1.197296 0.185483 -10.134696 7.7e-05 -2.2e-05 6e-06 0.021114 -0.087692 0.029276 0.688132 -3.788842 -10.590981 -0.65568 3.617214 -10.615808 -7.165556 -7.318975 13.696845 -55.248367 -14.097762 3.61625 -178.064484 -73.805519 177.829971 5.975713 -3.616423 1.108155 -5.882104 9.861284 0.702589 -10.936865 -0.360575 7.156202 -0.0 8.774822 -1e-06 -16.3183 18.100485 6.11308 -1.844032 2.498503 -2.507277 -10.163597 4.678944 4.621105 -20.976013 -2e-06 2e-06 -21.226274 2.451697 -3.594 0.0 -6e-06 -1e-06 -1.362681 2.240798 -0.746323 -21.334906 0.584911 3.008322 -13.821208 -2e-06 1e-06 -23.887165 -0.249079 -0.839483 -61.273621 2.3583 -1.372565 -0.294023 1.679686 0.833255 -14.218204 0.093216 1.30058 -34.21204 -0.287562 0.967168 -20.033209 0.964537 1.212842 0.0 -0.0 -1e-06 -3.440389 0.788233 0.501655 -15.928179 -3.167308 2.999706 -6.338824 -1e-06 1e-06 -18.123444 3.648181 -4.905669 -5e-06 1e-06 -2e-06 6.443693 3.416786 16.140797 55.321171 2.019675 31.207592 153.950226 88.316002 152.714676 -0.598937 -12.077331 -29.842197 2.243543 -5.25504 -3.180159 14.282894 -0.826594 6.952501 -0.0 -12.690608 -1e-06 16.840326 -17.582209 2.221553 1.665667 -1.955922 -2.878299 4.7278 -4.170588 4.993925 11.020529 2e-06 -3e-06 12.109058 -3.735716 -2.866787 3e-06 1e-06 -1e-06 1.291986 -1.928552 -1.498091 14.800132 0.567469 3.865607 14.242578 -1.341735 -6.660661 19.631973 0.143929 -0.648247 49.884598 -0.438106 -6.290826 0.353029 -1.511152 -0.03194 20.222797 3.684312 2.316627 18.787279 7e-06 -2e-06 10.751631 -0.479867 1.397904 -0.0 -0.0 -0.0 3.273807 0.305946 -0.580111 21.48682 11.83038 2.266133 8.16293 1e-06 -1e-06 18.399092 -3.798982 -4.940579 2e-06 -0.0 -1e-06 -4.083497 5.522962 -7.076274 -0.035137 -0.403279 32.164589 -0.655195 4.703265 -20.217615 1.676809 -2.003823 0.310042 0.0 -0.0 2e-06 -7.540224 -7.388772 -22.583355 0.07327 -0.28039 79.762527 -5.544631 -12.92189 -1.572324 -1.545985 0.882333 -3.271287 -0.0 0.0 -2e-06 
0.0 0.0 0.0 0.0 -0.0 0.0 5.041179 97.611664 327.02063 1.990944 -1.687446 0.044474 -3.054336 -1.084877 5.133471 -0.908504 -2.562706 -3.389696 -2.428548 -6.101859 9.748909 1.164308 2.81125 12.243052 -0.109006 1.862791 -3.660461 0.348225 1.577011 -8.383905 7.7e-05 -2.3e-05 5e-06 0.032998 -0.131058 -0.003787 0.706197 -3.812471 -10.6272 -0.644053 3.554628 -10.630331 -4.302389 -11.427557 12.727275 -54.252956 -18.139872 -2.125086 -177.902679 -67.832413 178.149124 6.853037 -4.49273 -6.384605 -5.88211 9.861292 0.702589 -10.936878 -0.360575 7.156209 -1e-06 8.774829 -3e-06 -16.314512 18.368694 6.16678 -1.844032 2.498509 -2.50728 -10.163604 4.678946 4.621111 -20.976038 -1e-06 1e-06 -21.226303 2.451699 -3.594005 0.0 -6e-06 -0.0 -1.362682 2.2408 -0.746324 -21.334925 0.584911 3.008325 -13.821221 -2e-06 2e-06 -23.887182 -0.249077 -0.839487 -61.339424 2.357805 -1.585311 -0.294024 1.679688 0.833256 -14.218216 0.093216 1.300581 -34.212067 -0.287562 0.967169 -20.033226 0.964538 1.212844 -0.0 0.0 -1e-06 -3.440388 0.788235 0.501656 -15.928196 -3.167311 2.999711 -6.338829 -1e-06 0.0 -18.123459 3.648185 -4.905677 -5e-06 0.0 -1e-06 7.057757 0.645849 15.562593 52.27737 0.018157 33.825245 175.050308 83.058441 173.753601 3.46082 -10.671574 -31.047186 2.243542 -5.255041 -3.180159 14.282891 -0.826594 6.952507 -2e-06 -12.690609 -1e-06 16.728966 -17.607237 2.367952 1.665667 -1.955923 -2.8783 4.727799 -4.170588 4.993925 11.020529 3e-06 -2e-06 12.109055 -3.735718 -2.866785 3e-06 -1e-06 -0.0 1.291985 -1.92855 -1.49809 14.800132 0.567467 3.865607 14.242576 -1.341736 -6.660662 19.631969 0.143928 -0.648246 49.900692 -0.607434 -6.230144 0.353029 -1.511152 -0.031941 20.222795 3.684312 2.316631 18.787275 6e-06 -0.0 10.751629 -0.479869 1.397906 0.0 0.0 0.0 3.273807 0.305946 -0.580112 21.48682 11.830379 2.266135 8.162929 2e-06 -0.0 18.399086 -3.798985 -4.940579 3e-06 0.0 0.0 -2.085604 4.128439 1.207374 0.101239 -0.461635 22.494005 -1.39956 5.355381 -15.609509 1.798358 -2.072985 -2.221606 -0.0 -0.0 2e-06 -3.030272 -8.65873 -28.854694 -0.088031 -0.348918 68.379906 -3.375282 -11.835044 -2.595242 -1.404303 0.8259 -3.301978 0.0 1e-06 -3e-06 
0.0 0.0 0.0 0.0 -0.0 0.0 4.574765 99.719559 335.549103 0.417716 -0.870624 2.109429 -2.749313 -1.502451 4.24075 -0.645458 -4.385207 -3.730718 -0.939419 -7.986035 9.26078 1.997846 2.092851 12.514184 0.019751 3.303557 -3.666359 -0.44491 2.632473 -7.053316 7.7e-05 -2.2e-05 6e-06 0.018433 -0.058902 0.007055 0.693909 -3.741066 -10.665998 -0.657175 3.626675 -10.655203 -0.789763 -14.644068 12.162741 -52.400692 -20.924463 -5.405418 -179.047638 -61.687256 179.473694 8.41252 -4.949971 -13.93063 -5.882105 9.861287 0.702593 -10.936875 -0.360574 7.15621 0.0 8.774828 -0.0 -16.301439 18.446934 6.146733 -1.844033 2.498503 -2.507278 -10.163602 4.678945 4.621112 -20.97603 -2e-06 6e-06 -21.226292 2.451699 -3.593999 0.0 -6e-06 1e-06 -1.362679 2.240799 -0.746323 -21.334917 0.584911 3.008329 -13.821215 -1e-06 4e-06 -23.887175 -0.249075 -0.839481 -61.319897 2.368865 -1.86178 -0.294024 1.679688 0.833256 -14.218212 0.093215 1.300585 -34.212048 -0.287558 0.967176 -20.033215 0.964541 1.212844 0.0 0.0 0.0 -3.440388 0.788233 0.501658 -15.928189 -3.167309 2.99971 -6.338828 -0.0 2e-06 -18.123446 3.648185 -4.905669 -4e-06 0.0 -2e-06 6.919313 -1.820318 15.238499 50.826145 -1.82862 34.384956 177.398605 78.807961 176.241669 5.733212 -9.974379 -32.047768 2.243543 -5.255037 -3.180158 14.282898 -0.826596 6.952503 -3e-06 -12.690609 1e-06 16.82489 -17.557814 2.339163 1.665667 -1.955923 -2.878299 4.727801 -4.17059 4.993925 11.020529 3e-06 -2e-06 12.109058 -3.735718 -2.866787 3e-06 -1e-06 -1e-06 1.291986 -1.928551 -1.49809 14.800132 0.567467 3.865608 14.242577 -1.341735 -6.66066 19.631973 0.143927 -0.648247 50.134464 -0.623949 -6.287802 0.353029 -1.511151 -0.031939 20.222801 3.684308 2.316628 18.787283 5e-06 -1e-06 10.751633 -0.479869 1.397904 1e-06 -0.0 -0.0 3.273808 0.305947 -0.580111 21.48682 11.830378 2.26613 8.16293 1e-06 -1e-06 18.399086 -3.798984 -4.940578 2e-06 0.0 -1e-06 -0.023092 2.995571 8.147874 0.069905 -0.337691 13.55198 -1.469623 5.348018 -6.781389 1.941678 -2.122225 -7.732797 -0.0 -0.0 2e-06 0.995993 -9.519657 -31.821558 -0.187141 -0.303323 50.430676 -0.644132 -10.977165 -1.918986 -1.381484 0.745575 -3.480666 0.0 0.0 -1e-06 
0.0 0.0 0.0 0.0 -0.0 0.0 4.234552 101.16217 344.366608 0.275016 0.42178 4.021092 -2.814566 -2.05382 3.29836 -0.538858 -6.038113 -4.229315 0.012064 -9.307066 8.891072 2.75263 1.577747 12.70705 0.126767 3.865818 -3.677744 -1.322019 3.483093 -6.622344 7.7e-05 -2.2e-05 6e-06 0.004396 -0.041172 0.026095 0.708856 -3.739845 -10.695621 -0.697815 3.661775 -10.68494 3.3859 -16.950703 11.732505 -50.389622 -22.621855 -6.21799 179.784515 -56.024929 -179.856033 9.379563 -4.803896 -20.22364 -5.88211 9.861286 0.702591 -10.936874 -0.360573 7.156206 -0.0 8.774824 -1e-06 -16.05748 18.155647 6.127908 -1.844032 2.498505 -2.507278 -10.163602 4.678943 4.621111 -20.976027 -2e-06 2e-06 -21.22629 2.451698 -3.594 0.0 -7e-06 -1e-06 -1.362683 2.240799 -0.746323 -21.334921 0.584911 3.008326 -13.821218 -3e-06 0.0 -23.887178 -0.249079 -0.839484 -60.703224 2.490327 -1.795172 -0.294026 1.679689 0.833255 -14.218211 0.093216 1.300581 -34.212055 -0.287562 0.967171 -20.033216 0.964538 1.212843 -0.0 -0.0 1e-06 -3.440389 0.788233 0.501655 -15.928192 -3.16731 2.999708 -6.338829 -1e-06 2e-06 -18.123453 3.648184 -4.905672 -4e-06 0.0 -1e-06 5.46402 -3.914087 15.118995 52.011013 -4.157432 33.025986 179.089432 75.713142 178.320389 6.196425 -9.850773 -32.804096 2.243541 -5.255035 -3.180157 14.282887 -0.826593 6.9525 -2e-06 -12.690601 0.0 16.865089 -17.589912 2.455331 1.665665 -1.955919 -2.878298 4.727797 -4.170586 4.993922 11.020524 2e-06 -1e-06 12.109046 -3.735716 -2.866785 2e-06 -1e-06 -1e-06 1.291985 -1.92855 -1.498089 14.800125 0.56747 3.865606 14.242565 -1.341736 -6.660656 19.631958 0.143926 -0.648248 50.75967 -0.568326 -6.116142 0.353029 -1.51115 -0.03194 20.222784 3.684308 2.316628 18.787266 5e-06 -2e-06 10.751622 -0.479869 1.397904 0.0 -0.0 -0.0 3.273805 0.305945 -0.58011 21.486807 11.830373 2.266132 8.162924 3e-06 1e-06 18.399076 -3.798985 -4.940575 2e-06 1e-06 -1e-06 0.774382 2.081573 13.113733 -0.040357 -0.150634 8.020145 -0.73526 5.670043 3.244063 2.050152 -2.019526 -12.768397 -0.0 0.0 2e-06 2.417552 -9.870711 -31.464909 -0.127107 -0.250164 28.42997 1.195401 -9.939879 -0.911852 -1.442538 0.782461 -3.493423 -0.0 0.0 -1e-06 
0.0 0.0 0.0 0.0 -0.0 0.0 4.040432 101.666214 353.251617 1.826137 1.517603 5.036386 -3.435885 -2.536812 2.523872 -0.627757 -7.024991 -4.609993 0.215394 -10.111198 8.781195 3.249304 1.578907 12.872799 0.1164 3.627951 -3.686015 -2.040541 3.707603 -6.552796 7.7e-05 -2.2e-05 6e-06 -0.020319 0.057755 -0.005083 0.725935 -3.653936 -10.746593 -0.764429 3.777931 -10.732581 6.899352 -18.361599 10.847483 -48.361374 -22.471277 -4.49355 178.902084 -51.973518 -179.564636 9.501637 -4.318722 -25.5842 -5.882111 9.861292 0.702591 -10.936877 -0.360572 7.156211 -1e-06 8.77483 -2e-06 -15.800765 17.867653 6.028603 -1.844034 2.498508 -2.507279 -10.163607 4.678949 4.621114 -20.976034 1e-06 7e-06 -21.226299 2.451706 -3.594003 1e-06 -5e-06 -0.0 -1.362684 2.2408 -0.746323 -21.334925 0.584915 3.008328 -13.82122 1e-06 4e-06 -23.88718 -0.249071 -0.839483 -59.91798 2.512228 -1.510568 -0.294028 1.67969 0.833256 -14.218217 0.093218 1.300585 -34.212067 -0.287553 0.967176 -20.033222 0.964544 1.212844 2e-06 1e-06 2e-06 -3.440392 0.788234 0.501657 -15.928196 -3.167307 2.999714 -6.33883 1e-06 2e-06 -18.123459 3.648191 -4.905673 -4e-06 1e-06 -1e-06 3.522768 -5.228195 15.204928 54.753365 -6.448503 29.879913 179.911713 73.704582 179.281067 4.842945 -9.886629 -34.070225 2.243543 -5.25504 -3.180159 14.282895 -0.826595 6.952507 1e-06 -12.690609 -1e-06 16.663631 -17.902031 2.585691 1.665666 -1.955922 -2.8783 4.727802 -4.170588 4.993926 11.020529 3e-06 -1e-06 12.109058 -3.73572 -2.866785 0.0 -2e-06 -0.0 1.291985 -1.928549 -1.498089 14.800132 0.567469 3.865609 14.242578 -1.34174 -6.660659 19.631973 0.143925 -0.648246 51.256363 -0.661837 -6.057633 0.35303 -1.51115 -0.03194 20.222799 3.684309 2.316633 18.787281 1e-06 -1e-06 10.751631 -0.479867 1.397907 1e-06 -2e-06 -1e-06 3.273807 0.305947 -0.580111 21.486818 11.83038 2.266138 8.16293 0.0 1e-06 18.399088 -3.798987 -4.940579 3e-06 0.0 -0.0 -0.101163 1.831057 16.076361 -0.129507 -0.216854 8.587808 0.404556 6.301056 10.058701 2.022048 -1.821259 -12.84551 0.0 -0.0 2e-06 0.06477 -8.169477 -29.621828 -0.125341 -0.252812 10.267965 4.12544 -8.83938 -0.818957 -1.413428 0.903433 -3.530012 -0.0 -0.0 -0.0 
0.0 0.0 0.0 0.0 -0.0 0.0 3.903103 101.312424 361.948547 3.685769 1.483049 4.544607 -3.882796 -2.563729 2.355056 -0.721368 -7.297524 -4.643489 -0.013219 -10.307872 8.976857 3.057664 1.824603 13.23237 -0.022058 3.294342 -3.673692 -2.821305 3.814351 -6.563663 7.7e-05 -2.2e-05 6e-06 -0.030154 0.107662 -0.018322 0.735629 -3.59986 -10.716382 -0.793988 3.823257 -10.702242 8.524412 -18.588415 10.389614 -47.461021 -20.269239 -0.994354 178.866791 -50.829803 -179.676559 8.479768 -3.867581 -28.489388 -5.882107 9.861292 0.702592 -10.936875 -0.360577 7.156213 1e-06 8.77483 -1e-06 -15.885808 18.177267 5.8456 -1.844031 2.498505 -2.507279 -10.163604 4.678946 4.621114 -20.97603 -2e-06 7e-06 -21.226294 2.451702 -3.594 0.0 -6e-06 -1e-06 -1.362682 2.240799 -0.746324 -21.334925 0.584909 3.00833 -13.821218 -2e-06 5e-06 -23.887178 -0.249074 -0.839477 -59.630081 2.435894 -1.486671 -0.294024 1.679688 0.833257 -14.218214 0.093214 1.300586 -34.212059 -0.287558 0.96718 -20.033222 0.964543 1.212847 1e-06 0.0 1e-06 -3.44039 0.788235 0.501656 -15.928194 -3.167312 2.999714 -6.338829 -0.0 2e-06 -18.123455 3.648187 -4.905672 -4e-06 2e-06 -2e-06 2.660983 -5.524213 15.533269 56.216988 -6.636234 26.108124 179.2771 72.880936 178.746948 3.065704 -10.097212 -35.876884 2.243541 -5.25504 -3.18016 14.282895 -0.82659 6.952505 -4e-06 -12.690612 -2e-06 16.457882 -18.112135 2.555551 1.665667 -1.955922 -2.878301 4.727798 -4.170588 4.993925 11.02053 6e-06 -2e-06 12.109055 -3.735714 -2.866788 0.0 -0.0 -0.0 1.291986 -1.928549 -1.49809 14.800134 0.567473 3.865607 14.242576 -1.341734 -6.660663 19.631973 0.143933 -0.648244 51.408352 -0.761172 -6.249862 0.353029 -1.511152 -0.03194 20.222801 3.684321 2.316631 18.787275 1.1e-05 2e-06 10.751629 -0.479865 1.397909 -1e-06 1e-06 0.0 3.273807 0.305948 -0.58011 21.486826 11.830389 2.266136 8.16293 3e-06 0.0 18.399088 -3.798982 -4.940577 1e-06 1e-06 0.0 -1.36874 2.680813 16.950977 -0.093851 -0.494778 17.195074 0.871157 7.284043 12.147223 1.899999 -1.730413 -8.823913 -0.0 -0.0 0.0 -2.524543 -6.920321 -28.459238 -0.233468 -0.1851 4.782495 7.736849 -7.553494 -1.853883 -1.369281 0.961681 -3.460728 -0.0 0.0 -1e-06 
0.0 0.0 0.0 0.0 -0.0 0.0 3.607194 99.921738 370.702026 4.888203 0.995005 2.856082 -3.905775 -2.318282 2.612628 -0.705482 -7.000178 -4.420848 -0.256327 -9.734463 9.513561 2.506573 1.917057 13.694924 -0.268912 2.779011 -3.664958 -3.338154 3.451386 -6.384381 7.7e-05 -2.2e-05 6e-06 -0.038005 0.126124 -0.010861 0.730139 -3.5685 -10.621902 -0.803874 3.824404 -10.620302 8.5841 -17.827473 11.180704 -49.065994 -16.929729 3.922198 -179.863892 -52.840702 179.450226 6.711173 -3.212165 -29.645098 -5.88211 9.861292 0.70259 -10.936877 -0.360576 7.156213 1e-06 8.774831 -2e-06 -16.327639 18.541485 5.590292 -1.844033 2.498506 -2.50728 -10.163605 4.678947 4.621113 -20.976038 -4e-06 1e-06 -21.226301 2.451697 -3.594004 2e-06 -5e-06 -0.0 -1.362681 2.2408 -0.746323 -21.334929 0.58491 3.008327 -13.821222 -2e-06 1e-06 -23.887184 -0.24908 -0.839485 -59.588299 2.41992 -1.615867 -0.294025 1.679687 0.833256 -14.218219 0.093214 1.300582 -34.212074 -0.287565 0.967173 -20.033226 0.964538 1.212846 0.0 0.0 -1e-06 -3.440391 0.788234 0.501655 -15.928196 -3.167312 2.99971 -6.33883 -2e-06 2e-06 -18.123459 3.648185 -4.905675 -5e-06 0.0 -1e-06 3.676603 -5.154245 15.650126 55.034286 -4.53743 23.217207 178.279968 73.589172 177.855179 1.223114 -9.958577 -37.153641 2.243542 -5.25504 -3.180159 14.282894 -0.826596 6.952504 -2e-06 -12.690607 2e-06 16.310144 -17.906889 2.39834 1.665666 -1.955921 -2.878299 4.727799 -4.17059 4.993925 11.020529 4e-06 -2e-06 12.109057 -3.735718 -2.866786 0.0 -0.0 -0.0 1.291986 -1.928549 -1.498091 14.800132 0.567467 3.865608 14.242575 -1.341736 -6.660662 19.631973 0.143926 -0.648247 51.47921 -0.743298 -6.467097 0.353029 -1.511152 -0.03194 20.222794 3.684309 2.316628 18.787279 5e-06 -2e-06 10.751633 -0.479868 1.397905 -3e-06 1e-06 -0.0 3.273808 0.305948 -0.580111 21.486816 11.830378 2.26613 8.162929 1e-06 -1e-06 18.399084 -3.798984 -4.940579 3e-06 -0.0 -0.0 -1.641106 4.11273 15.711853 0.017563 -0.792361 32.238556 0.47662 8.749153 11.426932 1.871012 -1.851802 -5.870778 0.0 0.0 4e-06 -3.511694 -7.424156 -27.179544 -0.036649 -0.144373 10.040257 9.712885 -5.26773 -3.150343 -1.333751 1.100933 -3.93261 -0.0 -0.0 -0.0 
0.0 0.0 0.0 0.0 -0.0 0.0 3.046957 98.065788 379.100372 4.114389 0.209724 1.161028 -2.574228 -1.879406 3.017729 -0.614401 -6.045347 -4.36657 -0.134146 -8.822789 10.250072 1.944382 1.984796 14.091983 -0.443264 1.735752 -3.587644 -3.770221 2.661399 -6.364454 7.7e-05 -2.2e-05 6e-06 -0.013605 0.019733 -0.014556 0.725007 -3.671397 -10.579217 -0.748669 3.712091 -10.574526 6.08811 -15.626332 12.585524 -50.987061 -12.813901 10.600719 -179.470047 -57.791336 179.093536 4.914343 -2.565964 -29.71483 -5.882107 9.861286 0.702591 -10.936873 -0.360575 7.156209 0.0 8.774826 -1e-06 -16.504492 18.770304 5.531442 -1.844032 2.498504 -2.507278 -10.163602 4.678945 4.62111 -20.976027 -4e-06 4e-06 -21.226292 2.451698 -3.593998 1e-06 -6e-06 -1e-06 -1.362682 2.240798 -0.746323 -21.334919 0.58491 3.008326 -13.821215 -2e-06 3e-06 -23.887173 -0.249077 -0.839481 -59.291157 2.570658 -1.666429 -0.294026 1.679687 0.833257 -14.218211 0.093214 1.300582 -34.212051 -0.287563 0.967174 -20.033216 0.964538 1.212846 -1e-06 -0.0 0.0 -3.44039 0.788234 0.501656 -15.928191 -3.16731 2.999709 -6.338828 -1e-06 2e-06 -18.123451 3.648184 -4.905669 -4e-06 -0.0 -2e-06 7.967473 -3.79165 14.916241 49.657902 -1.678749 21.557974 179.045486 75.362984 178.698578 -0.437117 -8.943379 -36.758217 2.243541 -5.255034 -3.180157 14.282888 -0.826595 6.952503 -3e-06 -12.690601 2e-06 16.068766 -17.837498 2.281696 1.665665 -1.955919 -2.878297 4.727798 -4.170586 4.993924 11.020522 4e-06 -0.0 12.109052 -3.735714 -2.866783 -1e-06 -1e-06 -1e-06 1.291985 -1.928548 -1.498089 14.800125 0.567468 3.865608 14.242569 -1.341736 -6.660655 19.631962 0.143925 -0.648245 50.902634 -0.826362 -6.742488 0.353029 -1.511152 -0.03194 20.222788 3.684307 2.31663 18.78727 3e-06 1e-06 10.751625 -0.479869 1.397908 -3e-06 1e-06 -0.0 3.273807 0.305946 -0.580111 21.486809 11.830371 2.266134 8.162924 2e-06 0.0 18.39908 -3.798985 -4.940573 4e-06 -1e-06 -0.0 0.802717 5.900762 12.212279 0.060568 -0.95599 49.670742 -0.659687 9.255948 9.748091 1.935565 -1.99254 -4.939095 0.0 0.0 3e-06 -2.340395 -7.446094 -27.055784 0.186474 -0.302629 21.399717 4.523763 -2.195704 1.355221 -1.453943 0.966005 -2.676852 -0.0 0.0 -1e-06 
0.0 0.0 0.0 0.0 -0.0 0.0 2.278466 95.863625 387.052582 1.68504 -0.593769 -0.865014 -1.024319 -1.225784 4.057031 -0.151199 -4.971691 -4.08001 1.444443 -7.979787 11.193726 0.878467 2.462254 13.969752 -0.590395 0.216752 -3.66068 -4.385412 1.970106 -8.764265 7.7e-05 -2.3e-05 6e-06 0.015744 -0.13693 -0.020912 0.749192 -3.825983 -10.630845 -0.717443 3.557208 -10.638963 3.349483 -12.189712 13.849535 -54.660297 -8.121982 15.654541 -178.532837 -65.90818 178.186539 3.664396 -2.913599 -27.999271 -5.882106 9.861284 0.702589 -10.936868 -0.360575 7.156204 0.0 8.774823 -2e-06 -16.385443 18.796595 5.752969 -1.844031 2.498505 -2.507278 -10.163597 4.678944 4.621107 -20.976021 -4e-06 -0.0 -21.226286 2.451696 -3.594002 0.0 -6e-06 -0.0 -1.362681 2.240798 -0.746324 -21.334908 0.584909 3.00832 -13.821211 -3e-06 0.0 -23.887165 -0.24908 -0.839485 -59.943386 2.417053 -1.591464 -0.294023 1.679687 0.833256 -14.218206 0.093215 1.300579 -34.212048 -0.287565 0.967167 -20.033209 0.964535 1.212842 1e-06 -0.0 -0.0 -3.440388 0.788233 0.501655 -15.928183 -3.167309 2.999706 -6.338824 -1e-06 1e-06 -18.123444 3.648181 -4.905672 -3e-06 0.0 -2e-06 12.419374 -1.633761 15.17555 42.492279 3.318594 19.866926 179.594894 78.006874 179.523666 -2.742284 -7.575015 -37.788925 2.243543 -5.255041 -3.18016 14.282899 -0.826595 6.952507 -1e-06 -12.690615 -1e-06 16.25596 -17.927248 2.342635 1.665667 -1.955925 -2.878302 4.727801 -4.170592 4.993927 11.020533 4e-06 -1e-06 12.109058 -3.735718 -2.866788 -1e-06 -0.0 1e-06 1.291987 -1.928552 -1.498091 14.80014 0.567469 3.865611 14.242582 -1.341736 -6.660665 19.631979 0.143928 -0.648243 50.685596 -0.723646 -6.396088 0.353029 -1.511151 -0.03194 20.222805 3.684313 2.316633 18.787285 5e-06 -2e-06 10.751633 -0.479868 1.397906 -0.0 0.0 1e-06 3.273809 0.305947 -0.580112 21.486828 11.830384 2.266135 8.162931 3e-06 2e-06 18.399096 -3.798987 -4.94058 1e-06 -1e-06 -2e-06 4.36913 5.939151 7.703173 0.006374 -0.847455 65.970467 -1.394339 8.893365 6.49301 2.181481 -2.099036 -3.44187 0.0 0.0 2e-06 0.235936 -6.494682 -26.903168 -0.036527 -0.212229 35.680557 -0.078995 -3.488678 -7.181875 -1.429214 0.84057 -0.195539 0.0 0.0 -1e-06 
0.0 0.0 0.0 0.0 -0.0 0.0 1.720811 94.856873 395.048615 -0.617427 0.353877 -2.014323 0.302118 -0.942853 4.446411 0.091646 -3.993495 -3.953679 2.947332 -7.205283 12.343727 0.963951 2.062962 13.536712 -0.929914 -0.737345 -3.650308 -4.791481 0.78282 -9.855054 7.7e-05 -2.2e-05 5e-06 0.01729 -0.18234 -0.016896 0.728109 -3.865483 -10.607501 -0.695189 3.503466 -10.604604 2.074512 -9.347867 15.535742 -59.792747 -3.428169 18.147097 -175.542587 -76.563889 175.006836 4.875594 -2.796343 -22.509636 -5.88211 9.861293 0.70259 -10.936875 -0.360575 7.15621 0.0 8.77483 -2e-06 -16.091976 18.564886 6.322607 -1.844033 2.498507 -2.507281 -10.163602 4.678948 4.62111 -20.976034 -3e-06 -2e-06 -21.226301 2.451697 -3.594007 0.0 -7e-06 0.0 -1.362683 2.2408 -0.746324 -21.334925 0.584911 3.008323 -13.821219 -2e-06 0.0 -23.887178 -0.24908 -0.839486 -61.386837 2.389569 -1.295327 -0.294025 1.679689 0.833257 -14.218216 0.093215 1.300581 -34.212067 -0.287563 0.967167 -20.033222 0.964536 1.212843 -0.0 1e-06 0.0 -3.44039 0.788234 0.501656 -15.928194 -3.167311 2.999709 -6.33883 -1e-06 0.0 -18.123455 3.648185 -4.905676 -4e-06 -0.0 -1e-06 15.504519 -0.050935 16.108061 37.449368 9.44557 17.080229 175.729965 81.252457 175.528534 -5.557309 -7.192388 -35.448673 2.243544 -5.255044 -3.180161 14.2829 -0.826594 6.952509 1e-06 -12.69062 -2e-06 16.512001 -17.795406 2.376638 1.665668 -1.955925 -2.878302 4.727803 -4.170593 4.993927 11.020536 1e-06 -3e-06 12.109061 -3.735722 -2.86679 -1e-06 2e-06 -1e-06 1.291987 -1.928552 -1.498091 14.800139 0.567469 3.865609 14.242583 -1.34174 -6.660667 19.631981 0.143928 -0.648248 50.41785 -0.526419 -6.179992 0.353029 -1.511154 -0.03194 20.222805 3.684315 2.316631 18.787287 4e-06 -3e-06 10.75164 -0.479869 1.397907 0.0 -0.0 1e-06 3.273809 0.305947 -0.580112 21.48683 11.830389 2.266136 8.16293 2e-06 -2e-06 18.399099 -3.798989 -4.940584 2e-06 1e-06 -0.0 6.321406 2.991354 0.045801 -0.014686 -0.703033 78.363068 -1.408152 8.356288 3.317601 2.376175 -2.105862 -3.470904 0.0 0.0 2e-06 2.221907 -8.345575 -21.767859 -0.066162 -0.274308 39.688774 -0.238743 -3.438114 -15.574341 -1.410974 0.758219 0.71343 0.0 0.0 -1e-06 
0.0 0.0 0.0 0.0 -0.0 0.0 1.105887 94.770012 403.09491 -1.263468 2.354141 -2.154702 0.835827 -0.641838 4.585487 0.033684 -2.897912 -3.977408 3.248141 -5.906531 12.40031 2.183153 1.512351 13.603846 -1.344229 -1.972841 -3.581431 -4.566648 -0.601757 -10.371099 7.7e-05 -2.2e-05 6e-06 0.026595 -0.245625 -0.016553 0.731756 -3.926124 -10.620043 -0.681314 3.436728 -10.599323 3.182963 -7.335948 16.410955 -62.815113 2.618728 21.147121 -173.702698 -81.190628 172.854691 5.412006 -2.53995 -18.450001 -5.882108 9.861293 0.702585 -10.936868 -0.360574 7.156204 -3e-06 8.77483 -3e-06 -16.078697 18.336113 6.416234 -1.844032 2.498507 -2.507279 -10.1636 4.678948 4.621107 -20.976027 -0.0 -4e-06 -21.226292 2.451696 -3.594009 -1e-06 -6e-06 -1e-06 -1.362683 2.240801 -0.746324 -21.334913 0.58491 3.00832 -13.821216 -1e-06 -3e-06 -23.887173 -0.249081 -0.83949 -61.768093 2.662217 -1.129056 -0.294026 1.679688 0.833255 -14.218208 0.093217 1.300578 -34.212048 -0.287564 0.96716 -20.033211 0.964535 1.212839 0.0 -0.0 0.0 -3.44039 0.788235 0.501655 -15.928185 -3.16731 2.999706 -6.338829 -1e-06 -1e-06 -18.123447 3.648186 -4.905679 -4e-06 -0.0 -2e-06 15.235435 1.630925 16.067476 37.824306 13.13256 14.447799 172.448761 81.212044 172.464966 -7.4334 -8.158339 -29.559238 2.243543 -5.25504 -3.180159 14.282887 -0.826591 6.952506 -1e-06 -12.690616 -2e-06 16.264559 -17.669123 2.455717 1.665667 -1.955925 -2.878301 4.727797 -4.170588 4.993925 11.020524 4e-06 -3e-06 12.10905 -3.735717 -2.866789 -0.0 1e-06 -0.0 1.291986 -1.928551 -1.49809 14.800125 0.56747 3.865608 14.242571 -1.341737 -6.660662 19.631962 0.143929 -0.648245 49.775917 -0.627943 -6.111536 0.35303 -1.511151 -0.03194 20.222786 3.684313 2.31663 18.78727 5e-06 -1e-06 10.751625 -0.479869 1.397906 0.0 -0.0 0.0 3.273807 0.305947 -0.580111 21.486813 11.830384 2.266137 8.162928 2e-06 1e-06 18.39908 -3.798987 -4.940577 3e-06 0.0 -1e-06 6.223271 -0.378703 -9.970858 -0.044065 -0.402791 85.007866 -1.027353 8.681844 -0.074005 2.291388 -2.106045 -3.62676 0.0 -0.0 4e-06 2.3302 -10.788198 -15.06062 0.001844 -0.179217 38.592842 0.783245 -3.514015 -21.094372 -1.416397 0.802241 0.796069 -0.0 -0.0 -1e-06 
0.0 0.0 0.0 0.0 -0.0 0.0 0.544243 95.670265 410.969391 -0.796868 3.463848 -1.669077 1.001543 -0.088574 4.564005 -0.203554 -1.286708 -4.050928 2.781887 -4.050397 11.755429 2.762745 1.286772 13.911264 -1.634542 -2.963659 -3.463671 -3.87413 -2.04255 -10.309404 7.7e-05 -2.2e-05 6e-06 0.009909 -0.164699 -0.007285 0.70913 -3.85553 -10.653026 -0.693499 3.526487 -10.628841 3.864296 -4.780393 17.039503 -60.663788 9.229331 25.616459 -176.533508 -77.336533 175.703552 3.347458 -2.864 -19.345692 -5.882112 9.861292 0.702591 -10.93688 -0.360576 7.156212 1e-06 8.77483 -1e-06 -16.162453 18.098576 6.183898 -1.844033 2.498507 -2.507279 -10.163608 4.67895 4.621113 -20.976038 0.0 6e-06 -21.226303 2.451702 -3.594001 1e-06 -5e-06 0.0 -1.362682 2.2408 -0.746324 -21.334929 0.584911 3.008329 -13.821221 1e-06 4e-06 -23.887188 -0.249075 -0.83948 -61.545853 2.703484 -1.126079 -0.294025 1.679686 0.833257 -14.218216 0.093214 1.300584 -34.212074 -0.287558 0.967176 -20.033228 0.96454 1.212845 0.0 0.0 1e-06 -3.440391 0.788234 0.501656 -15.928196 -3.167309 2.999712 -6.338831 0.0 3e-06 -18.123459 3.648187 -4.905672 -4e-06 1e-06 -2e-06 12.763127 3.762424 15.628322 40.368042 14.555137 13.273259 177.184525 77.588226 177.519684 -8.396126 -8.794913 -24.328009 2.24354 -5.255037 -3.180159 14.282896 -0.826593 6.952507 -3e-06 -12.690608 0.0 16.139734 -17.715746 2.527164 1.665667 -1.955922 -2.8783 4.727799 -4.170588 4.993927 11.020529 4e-06 -0.0 12.109055 -3.735717 -2.866785 1e-06 0.0 0.0 1.291985 -1.928549 -1.498091 14.800132 0.567469 3.86561 14.242575 -1.341735 -6.660661 19.631975 0.143928 -0.648244 49.665543 -0.767003 -6.037334 0.353029 -1.511151 -0.03194 20.222797 3.684312 2.316632 18.787275 5e-06 0.0 10.751633 -0.479869 1.397907 -0.0 0.0 0.0 3.273808 0.305948 -0.580111 21.48682 11.830379 2.266135 8.16293 2e-06 1e-06 18.399084 -3.798986 -4.940574 3e-06 -0.0 -1e-06 4.861561 -1.47372 -19.350292 -0.013005 -0.047551 84.586876 -0.663254 9.121236 -2.397899 2.070182 -2.089367 -3.850455 0.0 -0.0 4e-06 1.495059 -11.863812 -7.349645 0.001382 0.003573 33.581627 1.844146 -3.784798 -21.627117 -1.439239 0.79393 -0.298987 0.0 -0.0 -1e-06 
0.0 0.0 0.0 0.0 -0.0 0.0 0.198591 97.16713 419.230652 0.531368 3.512062 -0.686993 0.723112 0.489876 4.162985 -0.509712 0.737328 -4.126562 1.874063 -1.996631 10.936513 2.309191 1.700028 14.492807 -1.962945 -3.627648 -3.518641 -2.880057 -3.264115 -9.808076 7.7e-05 -2.3e-05 6e-06 -0.009881 -0.077646 -0.011737 0.680447 -3.758052 -10.633661 -0.706901 3.59895 -10.581714 3.544721 -1.573563 17.227304 -55.725197 15.367392 30.283861 -178.401962 -71.386047 178.107635 1.605591 -3.467489 -21.039515 -5.882109 9.861289 0.702591 -10.936873 -0.360573 7.156208 0.0 8.774828 -1e-06 -16.111368 18.198845 6.189787 -1.844033 2.498506 -2.507279 -10.163604 4.678943 4.621111 -20.97603 -4e-06 5e-06 -21.226292 2.451698 -3.594001 1e-06 -5e-06 -1e-06 -1.362682 2.240799 -0.746324 -21.334919 0.58491 3.008326 -13.821217 -1e-06 2e-06 -23.887177 -0.249078 -0.839481 -61.565708 2.857297 -1.099333 -0.294025 1.679686 0.833257 -14.218214 0.093213 1.300582 -34.212063 -0.287564 0.967175 -20.033222 0.964537 1.212844 0.0 0.0 2e-06 -3.440389 0.788233 0.501656 -15.928192 -3.167311 2.999709 -6.338828 -2e-06 2e-06 -18.123453 3.648183 -4.905669 -5e-06 0.0 -2e-06 9.916918 6.396165 15.374348 41.796047 14.463387 12.977029 179.639069 72.227341 179.909225 -8.489767 -8.65013 -21.386721 2.243541 -5.255034 -3.180156 14.282896 -0.826596 6.952502 -1e-06 -12.690601 1e-06 16.188595 -17.618315 2.61426 1.665665 -1.95592 -2.878298 4.727799 -4.170586 4.993923 11.020525 2e-06 1e-06 12.109052 -3.735714 -2.866782 -0.0 0.0 0.0 1.291985 -1.928549 -1.498089 14.800131 0.567467 3.865608 14.242575 -1.341736 -6.660655 19.631969 0.143924 -0.648244 49.906948 -0.927144 -5.86984 0.35303 -1.51115 -0.03194 20.222794 3.684307 2.31663 18.787275 4e-06 -0.0 10.751629 -0.479869 1.397905 -0.0 -0.0 -0.0 3.273805 0.305947 -0.58011 21.486816 11.830369 2.266131 8.16293 1e-06 -1e-06 18.399086 -3.798985 -4.940574 3e-06 0.0 -1e-06 1.954085 -0.055449 -26.311108 0.022291 0.139282 76.697701 -1.365235 9.015854 -3.223197 1.837722 -1.979497 -4.144729 -0.0 -0.0 -1e-06 -0.315873 -11.650862 0.473674 -0.061256 0.081661 26.800228 2.998239 -3.925128 -17.739021 -1.427714 0.716225 -3.18405 -0.0 0.0 -1e-06 
0.0 0.0 0.0 0.0 -0.0 0.0 0.03622 98.796295 427.676208 2.287784 3.060109 0.771248 0.054205 0.982222 3.402311 -0.794316 2.683308 -4.391685 0.768356 0.042956 10.262071 1.015276 2.617047 14.895193 -2.084451 -4.161647 -3.605329 -1.901756 -4.084389 -9.21416 7.7e-05 -2.2e-05 6e-06 -0.031823 0.048567 -0.019892 0.642667 -3.625186 -10.59931 -0.715879 3.718206 -10.562588 3.464089 1.300995 17.247185 -51.641647 20.100693 33.402439 -179.288956 -67.051575 179.780487 1.817189 -3.559908 -21.528502 -5.88211 9.861292 0.702587 -10.936873 -0.360577 7.156208 -1e-06 8.774828 -4e-06 -15.982313 18.254557 6.03943 -1.844034 2.498509 -2.507279 -10.163604 4.678944 4.621107 -20.976027 -2e-06 -1e-06 -21.226297 2.451698 -3.594007 1e-06 -6e-06 -1e-06 -1.362682 2.240801 -0.746325 -21.334921 0.584909 3.008321 -13.821218 -3e-06 0.0 -23.887177 -0.249081 -0.839488 -61.325573 2.755143 -1.171573 -0.294024 1.679689 0.833256 -14.218215 0.093216 1.30058 -34.212059 -0.287565 0.967164 -20.03322 0.964535 1.212842 -0.0 -0.0 -1e-06 -3.440389 0.788234 0.501655 -15.928192 -3.167312 2.999708 -6.338829 1e-06 -1e-06 -18.123453 3.648185 -4.905676 -5e-06 0.0 -2e-06 6.705504 8.671717 15.373902 42.501408 13.936029 14.126731 -179.002777 66.673141 -178.698166 -7.904777 -8.275957 -20.986855 2.243543 -5.255041 -3.180161 14.282896 -0.826596 6.952505 0.0 -12.69061 -3e-06 15.84867 -17.505985 2.770102 1.665668 -1.955924 -2.878301 4.727802 -4.170589 4.993925 11.02053 1e-06 -2e-06 12.109058 -3.735719 -2.866789 1e-06 0.0 -0.0 1.291987 -1.928551 -1.498091 14.800136 0.567467 3.865609 14.242579 -1.34174 -6.660666 19.631975 0.143925 -0.648248 50.135185 -0.990959 -5.814711 0.353028 -1.511152 -0.031941 20.222801 3.684309 2.316631 18.787283 3e-06 -3e-06 10.751633 -0.479869 1.397906 0.0 -0.0 0.0 3.273808 0.305947 -0.580111 21.48682 11.830379 2.266137 8.16293 1e-06 -1e-06 18.399092 -3.798988 -4.940582 3e-06 0.0 -1e-06 -2.057636 2.030461 -30.559988 0.144641 0.26432 62.425156 -3.492233 8.07661 -1.61872 1.743959 -1.888657 -4.559525 -0.0 0.0 2e-06 -3.063623 -11.984149 6.788476 -0.071778 0.153379 21.547873 4.142047 -2.755588 -10.696323 -1.396193 0.667335 -9.099878 0.0 -0.0 -1e-06 
0.0 0.0 0.0 0.0 -0.0 0.0 0.058209 100.019501 436.311493 3.350506 2.421929 2.298497 -0.378114 1.285285 2.439656 -0.942742 3.953169 -4.720163 -0.253325 2.093364 9.658561 -0.46558 3.492048 15.072259 -2.039963 -4.195725 -3.614798 -1.172462 -4.392014 -8.815585 7.7e-05 -2.2e-05 6e-06 -0.041124 0.124491 -0.016225 0.630424 -3.553136 -10.560575 -0.724113 3.799082 -10.55893 4.127691 3.653873 17.440056 -49.954178 23.869905 34.29174 -179.681198 -64.651802 -179.62886 2.787709 -3.515703 -20.853298 -5.882109 9.861293 0.70259 -10.936875 -0.360577 7.15621 -0.0 8.77483 -0.0 -15.816019 18.28558 5.830685 -1.844034 2.498505 -2.507279 -10.163604 4.678945 4.621111 -20.976034 -6e-06 2e-06 -21.226292 2.451698 -3.594003 1e-06 -5e-06 -1e-06 -1.362682 2.240799 -0.746324 -21.334921 0.584907 3.008325 -13.821218 -5e-06 1e-06 -23.887182 -0.249082 -0.839483 -60.864826 2.624277 -1.296412 -0.294024 1.67969 0.833256 -14.218214 0.093214 1.300581 -34.212063 -0.287567 0.967172 -20.033222 0.964535 1.212845 -0.0 -0.0 -0.0 -3.440389 0.788232 0.501657 -15.928192 -3.167312 2.999708 -6.338831 -1e-06 0.0 -18.123457 3.648183 -4.905673 -5e-06 -0.0 -1e-06 3.433747 10.334051 15.267185 43.083275 13.557531 16.828102 -177.980576 62.007553 -178.028015 -7.015354 -7.359234 -21.300144 2.243541 -5.25504 -3.180158 14.282896 -0.826597 6.952506 1e-06 -12.690612 0.0 15.619675 -17.389818 2.757829 1.665667 -1.955922 -2.8783 4.727798 -4.17059 4.993927 11.020528 1e-06 -1e-06 12.109056 -3.73572 -2.866786 1e-06 0.0 0.0 1.291986 -1.92855 -1.49809 14.800134 0.567466 3.86561 14.242578 -1.341739 -6.660661 19.631973 0.143924 -0.648246 50.061298 -0.848278 -5.999016 0.353031 -1.511151 -0.03194 20.222797 3.684309 2.316632 18.787277 2e-06 -1e-06 10.751632 -0.47987 1.397906 -0.0 0.0 0.0 3.273807 0.305946 -0.58011 21.48682 11.830379 2.266135 8.16293 0.0 -1e-06 18.39909 -3.79899 -4.940579 3e-06 0.0 -1e-06 -5.516059 3.81799 -31.509756 0.2859 0.40888 42.521965 -6.869389 6.412145 0.195996 1.76981 -1.863291 -4.447385 1e-06 -0.0 2e-06 -5.40232 -12.4071 11.698947 -0.041022 0.293126 18.142443 5.110195 -1.423829 -1.985028 -1.390209 0.689666 -15.178417 0.0 -0.0 -1e-06 
0.0 0.0 0.0 0.0 -0.0 0.0 0.13974 100.375053 445.179993 2.700577 1.741344 3.142948 0.036156 1.473942 1.569513 -0.977155 4.500126 -4.973919 -0.69594 3.856441 9.115051 -1.613642 4.090646 15.089017 -1.954523 -3.844422 -3.589093 -0.560076 -4.198438 -8.62785 7.7e-05 -2.3e-05 6e-06 -0.019437 0.084325 -0.009573 0.670936 -3.63221 -10.620703 -0.722046 3.794157 -10.628083 5.317664 5.355158 18.112572 -50.873608 26.970173 33.135002 -179.776489 -63.438183 -179.836227 3.598174 -3.61043 -18.902464 -5.882106 9.861288 0.702591 -10.936873 -0.360574 7.156208 2e-06 8.774828 0.0 -15.617455 18.315609 5.897626 -1.844033 2.498507 -2.507279 -10.1636 4.678946 4.621111 -20.97603 -7e-06 -1e-06 -21.226295 2.451693 -3.594003 0.0 -5e-06 -1e-06 -1.362682 2.240798 -0.746324 -21.334917 0.584908 3.008322 -13.821217 -5e-06 3e-06 -23.887171 -0.249084 -0.839482 -60.573677 2.61506 -1.314934 -0.294024 1.679687 0.833257 -14.218212 0.093213 1.30058 -34.212059 -0.287569 0.967167 -20.033215 0.964534 1.212843 -0.0 -0.0 -1e-06 -3.440389 0.788232 0.501656 -15.928189 -3.167312 2.999707 -6.338829 -2e-06 0.0 -18.123447 3.648181 -4.905672 -5e-06 -0.0 -2e-06 0.669242 11.395671 15.07343 44.126823 13.20394 20.368534 -176.975662 58.566032 -177.660995 -5.897611 -6.404546 -21.313547 2.243539 -5.255037 -3.180157 14.282887 -0.826595 6.952503 -1e-06 -12.690606 1e-06 15.62293 -17.364697 2.698752 1.665668 -1.955922 -2.878299 4.727798 -4.170588 4.993925 11.020524 2e-06 -1e-06 12.10905 -3.735716 -2.866784 0.0 0.0 -0.0 1.291987 -1.92855 -1.498089 14.800125 0.567468 3.865607 14.242568 -1.341737 -6.660657 19.631962 0.143926 -0.648245 49.890305 -0.721298 -6.116354 0.35303 -1.51115 -0.03194 20.222786 3.684309 2.31663 18.78727 3e-06 -1e-06 10.751625 -0.479869 1.397906 0.0 -0.0 -0.0 3.273806 0.305947 -0.580111 21.486809 11.830377 2.266134 8.162925 1e-06 0.0 18.399076 -3.798987 -4.940575 2e-06 0.0 -1e-06 -6.395313 4.663416 -29.551592 0.136535 0.442755 20.573782 -11.035202 4.661775 0.410484 1.737473 -1.949498 -3.879527 0.0 -1e-06 1e-06 -5.856928 -11.820374 15.938396 -0.008096 0.389473 16.782194 6.421901 -1.508557 5.693035 -1.392911 0.703138 -16.505075 0.0 -0.0 -1e-06 
0.0 0.0 0.0 0.0 -0.0 0.0 0.2071 99.784424 453.862823 1.080655 1.296035 3.24636 0.627193 1.516776 0.987627 -0.828282 4.823802 -5.126495 -0.698842 4.637786 8.749327 -2.173216 4.609964 14.897691 -1.816279 -3.650427 -3.644337 0.10896 -3.873361 -8.625678 7.7e-05 -2.3e-05 6e-06 0.00322 -0.004914 -0.01938 0.69275 -3.737641 -10.685483 -0.699869 3.718938 -10.691677 5.526965 6.310429 18.729231 -53.153187 29.003931 30.218243 -179.968018 -62.704483 -179.726562 4.15997 -3.821676 -16.164541 -5.882105 9.861286 0.702589 -10.93687 -0.360575 7.156204 1e-06 8.774828 -1e-06 -15.538966 18.527161 6.057751 -1.844032 2.498503 -2.507278 -10.163597 4.678944 4.621108 -20.976023 -5e-06 1e-06 -21.226286 2.451695 -3.594 -0.0 -5e-06 -2e-06 -1.362681 2.240799 -0.746324 -21.334911 0.584907 3.008321 -13.821213 -4e-06 2e-06 -23.887167 -0.249082 -0.839483 -60.428421 2.739055 -1.378568 -0.294025 1.679686 0.833256 -14.218207 0.093213 1.300579 -34.21204 -0.287567 0.96717 -20.033209 0.964536 1.212842 1e-06 -0.0 0.0 -3.440388 0.788233 0.501655 -15.928185 -3.167312 2.999706 -6.338826 -3e-06 1e-06 -18.123444 3.648182 -4.905671 -5e-06 1e-06 -2e-06 -0.146468 11.935521 15.314365 45.261272 12.687845 22.848698 -176.80127 56.527973 -177.854584 -4.961274 -5.852042 -22.065611 2.243543 -5.255041 -3.180161 14.282898 -0.826595 6.952507 -2e-06 -12.690612 -1e-06 15.457229 -17.345041 2.683477 1.665666 -1.955923 -2.878301 4.7278 -4.170589 4.993926 11.020534 2e-06 -2e-06 12.109058 -3.735717 -2.866787 -0.0 0.0 -0.0 1.291985 -1.928551 -1.498091 14.800136 0.567469 3.86561 14.24258 -1.341737 -6.660663 19.631977 0.143926 -0.648246 49.529949 -0.628969 -6.140165 0.35303 -1.511152 -0.03194 20.222803 3.684312 2.316631 18.787287 5e-06 -2e-06 10.751636 -0.479869 1.397907 -0.0 0.0 -0.0 3.273808 0.305947 -0.580111 21.486828 11.830382 2.266135 8.162931 2e-06 -0.0 18.399094 -3.798987 -4.940579 3e-06 0.0 -1e-06 -4.617534 3.108666 -27.865492 0.064471 0.174456 5.984813 -13.10171 4.442128 -1.632695 1.45125 -2.221492 -4.306883 -0.0 -0.0 2e-06 -4.907781 -10.3494 18.566664 -0.076534 0.620996 19.882027 8.010771 -2.79177 9.654376 -1.27778 0.657858 -12.23219 -0.0 0.0 -4e-06 
0.0 0.0 0.0 0.0 -0.0 0.0 0.251913 98.237312 462.295044 -0.101784 2.068584 2.541112 0.494731 1.54705 1.030742 -0.681217 4.67312 -5.110104 -0.552328 4.019537 8.906622 -2.138659 4.694132 14.206331 -1.564575 -3.67661 -3.675706 0.933775 -3.387627 -8.81309 7.7e-05 -2.3e-05 6e-06 -0.003224 -0.012806 -0.009062 0.690385 -3.746895 -10.729671 -0.711129 3.714758 -10.728486 3.767257 6.174428 18.489334 -55.373154 29.087082 26.532866 179.457184 -62.426338 -179.317764 5.342283 -4.395608 -12.990742 -5.882108 9.86129 0.702589 -10.936873 -0.360573 7.156205 0.0 8.774828 -1e-06 -15.566778 18.783041 6.134202 -1.844033 2.498503 -2.507279 -10.163602 4.678944 4.621108 -20.97603 -5e-06 -2e-06 -21.226294 2.451694 -3.594005 0.0 -5e-06 -2e-06 -1.362682 2.240798 -0.746324 -21.334921 0.584908 3.008319 -13.821221 -3e-06 -1e-06 -23.88718 -0.249083 -0.839487 -60.218697 2.939754 -1.407336 -0.294025 1.679687 0.833256 -14.218212 0.093214 1.300578 -34.212063 -0.287569 0.967165 -20.033218 0.964533 1.21284 -1e-06 -0.0 1e-06 -3.440389 0.788235 0.501655 -15.928191 -3.16731 2.999705 -6.338829 -0.0 -0.0 -18.123453 3.648184 -4.905676 -5e-06 0.0 -1e-06 1.286822 11.519654 15.598076 46.72039 11.792677 23.788721 -177.462326 56.6903 -178.591293 -4.81344 -5.23462 -23.167934 2.243543 -5.25504 -3.18016 14.282897 -0.826596 6.952507 -2e-06 -12.69061 0.0 15.40898 -17.36145 2.684657 1.665668 -1.955923 -2.878301 4.727803 -4.170589 4.993927 11.020531 2e-06 -1e-06 12.109058 -3.735719 -2.866787 0.0 -0.0 0.0 1.291986 -1.928551 -1.49809 14.800134 0.567467 3.865611 14.242579 -1.341738 -6.660663 19.631975 0.143925 -0.648247 49.608559 -0.820973 -6.234638 0.353031 -1.511151 -0.03194 20.222799 3.684309 2.316631 18.787277 2e-06 -1e-06 10.751633 -0.47987 1.397906 0.0 0.0 -0.0 3.273808 0.305947 -0.580111 21.486822 11.830379 2.266135 8.16293 0.0 -1e-06 18.399092 -3.798988 -4.940579 3e-06 0.0 -1e-06 -3.136467 1.601618 -28.291832 0.199955 0.162808 6.642819 -12.940066 4.342821 -1.143034 1.440923 -2.351427 -4.351727 -0.0 -0.0 2e-06 -4.447919 -10.503014 19.112959 -0.143224 0.969974 28.807549 8.542783 -4.535112 9.650195 -1.291265 0.740609 -7.688832 -0.0 -0.0 -1e-06 
0.0 0.0 0.0 0.0 -0.0 0.0 0.218486 96.057983 470.429626 0.322595 3.96899 1.305416 -0.826325 1.02739 1.709376 -0.782119 4.11338 -4.862157 -0.517113 2.622596 9.456362 -1.682038 4.158593 13.241741 -1.392032 -3.18324 -3.587481 1.548585 -3.447529 -9.457244 7.7e-05 -2.3e-05 6e-06 -0.009583 0.082427 0.017566 0.669396 -3.645041 -10.70424 -0.703201 3.804097 -10.714459 0.109212 5.107569 17.076225 -56.749596 26.583387 22.687138 178.686279 -64.264969 -178.956299 7.272584 -5.794741 -9.795357 -5.882111 9.861298 0.702591 -10.936878 -0.360575 7.156211 -1e-06 8.774833 -1e-06 -15.999192 18.581793 5.914509 -1.844033 2.498507 -2.50728 -10.163607 4.67895 4.621113 -20.976038 -4e-06 2e-06 -21.226303 2.451699 -3.594003 0.0 -6e-06 -0.0 -1.362682 2.240801 -0.746324 -21.334925 0.584911 3.008326 -13.821223 -1e-06 4e-06 -23.887184 -0.249076 -0.839486 -60.274734 2.948882 -1.302152 -0.294025 1.679689 0.833257 -14.218217 0.093216 1.300582 -34.212063 -0.287562 0.967172 -20.033226 0.96454 1.212844 -0.0 0.0 -0.0 -3.440391 0.788234 0.501656 -15.928196 -3.167312 2.999711 -6.338831 1e-06 1e-06 -18.123459 3.648187 -4.905674 -5e-06 1e-06 -2e-06 4.66398 9.766073 15.999807 48.219753 10.934309 23.937447 -178.240921 60.062485 -178.894012 -5.529639 -4.168442 -26.601486 2.243543 -5.255039 -3.180161 14.282896 -0.826595 6.952508 -1e-06 -12.690609 -1e-06 15.71876 -17.330486 2.542561 1.665667 -1.955923 -2.878301 4.727802 -4.170589 4.993927 11.020532 2e-06 -1e-06 12.109059 -3.735717 -2.866787 -0.0 -0.0 -0.0 1.291985 -1.92855 -1.49809 14.800132 0.567468 3.865611 14.242579 -1.341737 -6.660663 19.631973 0.143926 -0.648246 49.635616 -0.999574 -6.183862 0.353026 -1.511151 -0.03194 20.222801 3.68431 2.316632 18.787283 4e-06 -1e-06 10.751633 -0.479869 1.397907 0.0 -0.0 0.0 3.273809 0.305947 -0.580111 21.486824 11.830379 2.266136 8.16293 1e-06 0.0 18.39909 -3.798986 -4.940577 3e-06 -0.0 -1e-06 -3.938538 1.40872 -30.295946 -0.07815 0.434448 18.84104 -3.956998 1.123405 7.907619 1.752386 -2.167458 -2.671999 -0.0 -0.0 2e-06 -7.521406 -14.171199 17.693146 -0.026931 1.117836 42.660141 6.877685 -6.449421 7.528398 -1.28057 0.836666 -4.294928 -0.0 0.0 -1e-06 
0.0 0.0 0.0 0.0 -0.0 0.0 0.289987 93.830597 477.899109 2.392391 5.730391 -0.319309 -1.598461 0.441216 3.106497 -1.348986 3.522534 -4.510247 -2.231256 1.531646 10.626656 -0.59905 3.344525 13.052841 -1.182736 -3.298561 -3.632258 2.316772 -4.037001 -14.447805 7.7e-05 -2.2e-05 6e-06 0.017998 0.140897 0.088848 0.70593 -3.601262 -10.650002 -0.687108 3.87467 -10.669471 -3.964054 3.131559 16.327564 -57.094158 19.559807 18.521091 178.405197 -68.879227 -179.235367 9.599373 -7.574515 -7.240715 -5.882108 9.861292 0.70259 -10.936873 -0.360573 7.156206 1e-06 8.774831 -1e-06 -16.077492 18.746464 5.906639 -1.844033 2.498506 -2.507279 -10.1636 4.678948 4.621109 -20.976028 -3e-06 -1e-06 -21.226292 2.451697 -3.594004 1e-06 -6e-06 -1e-06 -1.362682 2.2408 -0.746324 -21.334917 0.58491 3.008323 -13.821216 -3e-06 1e-06 -23.887175 -0.24908 -0.839485 -60.548431 2.671574 -1.229774 -0.294025 1.679687 0.833256 -14.218211 0.093216 1.300579 -34.212055 -0.287564 0.967166 -20.033216 0.964535 1.212842 -1e-06 0.0 1e-06 -3.440389 0.788235 0.501655 -15.928189 -3.167313 2.999707 -6.338828 -1e-06 1e-06 -18.123449 3.648183 -4.905675 -6e-06 0.0 -3e-06 7.60243 7.153213 16.726278 52.536461 10.612909 22.734333 179.223419 67.7416 179.507843 -8.494865 -2.892938 -31.24185 2.243543 -5.25504 -3.18016 14.282896 -0.826594 6.952507 -1e-06 -12.690612 1e-06 15.669535 -17.471792 2.736817 1.665667 -1.955923 -2.878301 4.7278 -4.170591 4.993927 11.020528 3e-06 -2e-06 12.109056 -3.735717 -2.866788 1e-06 0.0 0.0 1.291984 -1.92855 -1.498091 14.800132 0.567469 3.86561 14.242577 -1.341736 -6.660664 19.631973 0.143927 -0.648246 49.429272 -0.945395 -5.953571 0.35303 -1.511151 -0.03194 20.222795 3.684312 2.31663 18.787273 5e-06 -0.0 10.751631 -0.479868 1.397907 0.0 -0.0 0.0 3.273806 0.305947 -0.580111 21.48682 11.830384 2.266135 8.16293 1e-06 1e-06 18.399088 -3.798989 -4.940577 3e-06 0.0 -0.0 -6.202458 -0.408011 -32.77433 0.220109 0.458095 36.523777 2.734647 0.627607 -0.968202 1.645862 -2.049663 -0.128752 -0.0 0.0 2e-06 -12.790483 -17.548347 13.78797 0.205842 0.701047 58.261684 2.825975 -7.961571 2.711617 -1.418333 0.900181 -3.685405 -0.0 -0.0 -1e-06 
0.0 0.0 0.0 0.0 -0.0 0.0 0.525351 93.404312 485.027161 4.20389 3.657716 -1.626507 -2.237432 0.408157 3.81623 -1.528097 3.181503 -4.139906 -3.583725 1.322495 11.270004 -0.509672 3.493049 14.246969 -1.308619 -2.64688 -3.680058 3.392556 -3.96551 -15.216938 7.7e-05 -2.2e-05 6e-06 0.021978 0.120338 0.123948 0.680938 -3.620845 -10.54816 -0.653643 3.856042 -10.584389 -7.751479 2.794014 16.343464 -57.231541 8.617202 15.10063 175.846298 -76.211296 -176.536575 8.94168 -8.218803 0.521236 -5.882106 9.861284 0.70259 -10.936873 -0.360575 7.156208 3e-06 8.774824 1e-06 -16.0026 18.768841 6.251578 -1.844033 2.498504 -2.507279 -10.163601 4.678946 4.621109 -20.976027 -5e-06 0.0 -21.22629 2.451694 -3.594002 -1e-06 -6e-06 -1e-06 -1.362682 2.240798 -0.746324 -21.334913 0.584907 3.008322 -13.821215 -5e-06 1e-06 -23.887171 -0.249081 -0.839484 -60.488674 2.517162 -0.936375 -0.294025 1.679688 0.833257 -14.218208 0.093215 1.300579 -34.212048 -0.287567 0.967167 -20.033215 0.964534 1.212843 -1e-06 -1e-06 -0.0 -3.440389 0.788234 0.501655 -15.928185 -3.167311 2.999707 -6.338828 -2e-06 2e-06 -18.123447 3.648181 -4.905672 -6e-06 -0.0 -1e-06 6.539988 6.729415 17.534437 62.235508 10.670382 22.709091 169.579819 80.753433 169.487503 -14.642083 -4.589244 -36.849037 2.243543 -5.255041 -3.18016 14.282895 -0.826595 6.952506 -3e-06 -12.690612 4e-06 16.268366 -17.426525 2.759115 1.665669 -1.955921 -2.878302 4.727799 -4.170591 4.993927 11.020529 4e-06 -2e-06 12.109056 -3.735718 -2.866787 1e-06 -0.0 0.0 1.291986 -1.928551 -1.49809 14.800136 0.567467 3.865609 14.242577 -1.341735 -6.660661 19.631973 0.14393 -0.648246 49.875931 -0.641725 -5.761884 0.353029 -1.511152 -0.03194 20.222795 3.684314 2.31663 18.787277 5e-06 -2e-06 10.751632 -0.479869 1.397906 1e-06 0.0 1e-06 3.273808 0.305947 -0.580111 21.48682 11.830384 2.266133 8.16293 2e-06 1e-06 18.399084 -3.798987 -4.940576 3e-06 -0.0 -1e-06 -7.750901 2.035256 -28.527838 0.144986 0.3742 41.385239 3.61998 1.177143 -8.987407 1.621902 -2.022933 1.120149 0.0 -0.0 2e-06 -14.82011 -15.752039 5.286223 0.23054 0.219482 70.052773 -1.68021 -11.812985 -1.336025 -1.560584 0.909575 -4.484447 0.0 -0.0 -1e-06 
0.0 0.0 0.0 0.0 -0.0 0.0 0.80546 93.754738 491.742279 5.003635 0.611554 -2.25281 -2.77204 0.435247 4.102648 -1.426022 2.351294 -3.903866 -4.147785 0.52526 11.031385 -1.11431 4.316066 15.81198 -1.071931 -1.360766 -3.773974 3.741155 -3.009314 -13.729515 7.7e-05 -2.2e-05 6e-06 0.013072 0.10527 0.087027 0.644728 -3.622592 -10.548848 -0.633304 3.830769 -10.608533 -8.820845 1.640532 15.686359 -58.465927 0.664953 11.24361 176.630966 -76.673943 -177.044174 6.896826 -8.184655 5.70747 -5.882105 9.861281 0.702592 -10.936873 -0.360575 7.15621 1e-06 8.774824 1e-06 -16.075838 18.395119 6.306631 -1.844032 2.498503 -2.507278 -10.163601 4.678943 4.62111 -20.976021 -6e-06 4e-06 -21.226286 2.451695 -3.593997 1e-06 -7e-06 -0.0 -1.362682 2.240797 -0.746324 -21.334917 0.584908 3.008327 -13.821213 -3e-06 4e-06 -23.887173 -0.249078 -0.839479 -60.410988 2.522104 -0.946479 -0.294025 1.679687 0.833257 -14.218208 0.093214 1.300583 -34.212051 -0.287566 0.967176 -20.033215 0.964538 1.212847 0.0 2e-06 0.0 -3.440388 0.788233 0.501656 -15.928189 -3.16731 2.999709 -6.338827 -2e-06 2e-06 -18.123444 3.64818 -4.905665 -5e-06 0.0 -1e-06 4.783513 7.038214 17.768024 67.353104 9.593666 25.021404 160.460114 85.668854 159.882324 -14.932446 -5.649688 -42.244968 2.243541 -5.255033 -3.180157 14.282888 -0.826594 6.952503 -4e-06 -12.690601 3e-06 16.968233 -17.848858 2.653345 1.665666 -1.95592 -2.878298 4.727798 -4.170587 4.993924 11.020523 4e-06 -1e-06 12.109052 -3.735714 -2.866783 1e-06 -1e-06 -0.0 1.291985 -1.928549 -1.49809 14.800129 0.567466 3.865606 14.242571 -1.341735 -6.660656 19.631968 0.143927 -0.648245 50.653637 -0.48855 -5.825516 0.353029 -1.51115 -0.03194 20.222788 3.684308 2.316629 18.78727 4e-06 -1e-06 10.751625 -0.479868 1.397906 -1e-06 -0.0 -0.0 3.273806 0.305947 -0.580111 21.486811 11.830372 2.26613 8.162926 2e-06 -0.0 18.39908 -3.798986 -4.940575 2e-06 0.0 -1e-06 -8.129477 4.273467 -22.964544 0.049937 0.178011 41.420326 2.880491 2.799839 -14.489135 1.600551 -1.971031 1.347746 0.0 -0.0 2e-06 -14.343513 -13.466794 -5.365957 0.191148 -0.11781 76.736565 -4.529485 -14.31954 -5.21064 -1.595995 0.859423 -4.374272 -0.0 -0.0 -1e-06 
0.0 0.0 0.0 0.0 -0.0 0.0 0.916952 94.672165 498.013031 4.950533 -0.759079 -2.45154 -3.173372 0.050109 4.270937 -1.268224 1.130976 -3.772707 -4.208138 -1.114816 10.611071 -1.283037 4.885416 16.731106 -0.850381 -0.287681 -3.691646 3.645733 -1.814112 -12.158737 7.7e-05 -2.3e-05 6e-06 0.017055 0.02577 0.053312 0.664138 -3.686949 -10.551738 -0.642725 3.737869 -10.615947 -7.236349 -0.9979 14.634946 -58.449986 -4.60136 7.360513 179.630554 -72.553162 -179.755249 4.882833 -7.286964 5.676694 -5.882113 9.861293 0.702591 -10.93688 -0.360574 7.156213 -1e-06 8.774831 0.0 -16.025999 18.160528 6.255403 -1.844035 2.498507 -2.50728 -10.16361 4.678948 4.621113 -20.97604 -3e-06 4e-06 -21.226301 2.451699 -3.594002 2e-06 -6e-06 -0.0 -1.362682 2.2408 -0.746324 -21.33493 0.584912 3.008327 -13.821227 -2e-06 2e-06 -23.88719 -0.249077 -0.839483 -60.872135 2.508623 -1.128048 -0.294024 1.679689 0.833256 -14.218223 0.093216 1.300582 -34.212082 -0.287561 0.967171 -20.03323 0.96454 1.212844 1e-06 -0.0 0.0 -3.440392 0.788234 0.501655 -15.928201 -3.16731 2.99971 -6.338833 -1e-06 1e-06 -18.123463 3.648186 -4.905675 -4e-06 -1e-06 -2e-06 4.050057 5.797354 17.297346 67.158318 7.472018 28.782425 172.303986 82.3797 171.585693 -10.114667 -5.564944 -44.456249 2.243542 -5.255041 -3.180161 14.282902 -0.826595 6.952509 -4e-06 -12.690613 3e-06 16.681469 -18.061489 2.56466 1.665667 -1.955924 -2.878301 4.727803 -4.170592 4.993929 11.020531 3e-06 -2e-06 12.109059 -3.735719 -2.866787 -0.0 -0.0 -1e-06 1.291987 -1.928552 -1.498091 14.800139 0.567468 3.865612 14.24258 -1.341737 -6.660663 19.631983 0.143927 -0.648246 50.639816 -0.502205 -6.044559 0.353029 -1.511151 -0.03194 20.222803 3.684313 2.316632 18.787287 5e-06 -0.0 10.751636 -0.47987 1.397906 0.0 -0.0 0.0 3.27381 0.305948 -0.58011 21.486828 11.830384 2.266134 8.16293 3e-06 0.0 18.399096 -3.798988 -4.940579 3e-06 -0.0 -2e-06 -7.798409 4.610883 -16.792789 0.047231 -0.000617 38.496906 1.815364 4.395179 -17.022938 1.636452 -1.973881 1.057784 -0.0 -0.0 2e-06 -11.97759 -12.532428 -14.883194 0.085388 -0.318216 76.370567 -4.935261 -13.874459 -7.422244 -1.547545 0.819827 -3.87021 -0.0 -1e-06 -2e-06 
0.0 0.0 0.0 0.0 -0.0 0.0 0.702257 96.207031 504.599915 3.992208 -0.849896 -2.492466 -3.306712 -0.495442 4.276583 -1.099977 -0.348771 -3.71647 -3.651968 -2.991151 10.24194 -0.930103 4.697104 17.598885 -0.576733 0.781851 -3.650168 3.320676 -0.492476 -10.373144 7.7e-05 -2.3e-05 6e-06 0.027786 -0.034138 0.025384 0.686147 -3.736495 -10.571786 -0.639694 3.667849 -10.618039 -4.21902 -4.659671 13.760869 -56.61187 -8.106219 3.450008 -178.704544 -67.565651 178.623322 3.371961 -6.161852 1.362336 -5.882103 9.861282 0.702591 -10.936868 -0.360574 7.156207 0.0 8.774821 0.0 -16.070456 18.226177 6.187181 -1.84403 2.498504 -2.507277 -10.163599 4.678942 4.621111 -20.976017 -1e-06 4e-06 -21.226276 2.451699 -3.593997 1e-06 -7e-06 0.0 -1.362679 2.240797 -0.746324 -21.334906 0.584911 3.008325 -13.821211 -3e-06 4e-06 -23.887165 -0.249077 -0.839481 -61.316841 2.373623 -1.317883 -0.294025 1.679687 0.833255 -14.218205 0.093215 1.300582 -34.212036 -0.287561 0.967171 -20.033209 0.964539 1.212845 -0.0 -1e-06 0.0 -3.440387 0.788234 0.501657 -15.928181 -3.167308 2.999709 -6.338822 -0.0 2e-06 -18.123444 3.648184 -4.905666 -4e-06 0.0 -2e-06 4.014909 3.347745 16.712013 64.79184 5.641203 31.699871 175.804794 77.688004 174.872543 -5.303484 -5.486354 -44.073929 2.243541 -5.255037 -3.180158 14.28289 -0.826593 6.952503 -3e-06 -12.690603 -1e-06 16.426205 -18.036943 2.503889 1.665665 -1.955922 -2.878298 4.727798 -4.170586 4.993924 11.020525 3e-06 -1e-06 12.109053 -3.735716 -2.866784 -0.0 -0.0 -0.0 1.291985 -1.928549 -1.498089 14.800127 0.567469 3.865608 14.242571 -1.341736 -6.660657 19.631968 0.143925 -0.648243 50.503807 -0.578521 -6.127999 0.353029 -1.511151 -0.031939 20.222788 3.684309 2.316631 18.78727 5e-06 -2e-06 10.751625 -0.479867 1.397905 1e-06 -1e-06 -1e-06 3.273807 0.305945 -0.580109 21.486813 11.830373 2.266133 8.162922 3e-06 1e-06 18.39908 -3.798986 -4.940576 3e-06 0.0 -1e-06 -6.334857 4.470861 -9.576524 0.040233 -0.188035 33.395172 0.763657 4.668705 -16.255789 1.688647 -2.033722 -0.010255 -0.0 0.0 2e-06 -8.10911 -12.271774 -21.536152 -0.072244 -0.424905 68.552452 -3.582417 -12.854558 -7.557879 -1.431309 0.766055 -3.544178 0.0 -0.0 -4e-06 
0.0 0.0 0.0 0.0 -0.0 0.0 0.204614 97.995148 511.452667 2.647243 -0.25976 -2.18507 -3.314888 -0.909427 3.9593 -0.964031 -1.952798 -3.795141 -2.653722 -4.834114 9.919139 -0.350587 4.110516 18.552975 -0.293333 1.702391 -3.656785 3.019287 0.670171 -8.863077 7.7e-05 -2.2e-05 6e-06 0.022899 -0.035619 0.02358 0.684742 -3.73102 -10.60322 -0.644103 3.658951 -10.615636 -0.415099 -8.305357 13.092246 -53.971493 -10.012672 0.199291 -178.344742 -62.663139 178.311523 2.587596 -5.069218 -4.163766 -5.882107 9.861286 0.70259 -10.936877 -0.360575 7.156208 1e-06 8.774826 -2e-06 -16.33383 18.362804 5.987016 -1.844031 2.498504 -2.507278 -10.163603 4.678946 4.62111 -20.97603 -4e-06 4e-06 -21.226292 2.451697 -3.593999 0.0 -7e-06 -1e-06 -1.362682 2.240799 -0.746323 -21.334921 0.584909 3.008325 -13.821218 -3e-06 4e-06 -23.887177 -0.249078 -0.839481 -61.475044 2.259138 -1.548029 -0.294025 1.679688 0.833257 -14.218211 0.093216 1.300582 -34.212063 -0.287565 0.967173 -20.033222 0.964537 1.212845 -1e-06 -0.0 -1e-06 -3.440391 0.788234 0.501656 -15.928189 -3.167309 2.999708 -6.338828 -1e-06 1e-06 -18.123447 3.648181 -4.905669 -4e-06 0.0 -2e-06 3.975536 0.771102 16.455425 62.417683 3.957642 33.154995 177.157974 73.675903 176.213608 -2.094415 -5.906734 -42.768562 2.243541 -5.255038 -3.180158 14.28289 -0.826595 6.952506 -3e-06 -12.690607 1e-06 16.467014 -17.804752 2.433364 1.665667 -1.955923 -2.878302 4.727799 -4.170589 4.993926 11.020526 4e-06 -1e-06 12.109053 -3.735717 -2.866786 1e-06 0.0 -0.0 1.291984 -1.928549 -1.498089 14.800129 0.567468 3.865611 14.242576 -1.341736 -6.660662 19.631969 0.143927 -0.648246 50.775433 -0.581359 -6.224185 0.353029 -1.51115 -0.031941 20.22279 3.684312 2.316631 18.78727 5e-06 1e-06 10.751627 -0.47987 1.397908 -0.0 -0.0 -1e-06 3.273807 0.305948 -0.580112 21.486816 11.830379 2.266137 8.162928 1e-06 3e-06 18.399084 -3.798988 -4.940574 3e-06 0.0 -2e-06 -4.186942 4.305244 -2.050504 0.034718 -0.264256 27.074831 -0.131532 3.946148 -11.835714 1.760251 -2.084611 -2.583741 -0.0 -0.0 2e-06 -3.883526 -12.003267 -25.037878 -0.233038 -0.440828 54.060837 -1.034683 -11.805255 -5.487468 -1.387977 0.782078 -3.696706 0.0 -0.0 -2e-06 
0.0 0.0 0.0 0.0 -0.0 0.0 -0.2958 99.545883 518.402832 1.929674 0.685861 -1.51666 -3.460895 -1.244173 3.377173 -0.917732 -3.455344 -4.028399 -1.785082 -6.273428 9.484746 0.121609 3.457805 19.246538 -0.058405 2.000137 -3.589393 2.547974 1.714302 -7.8939 7.7e-05 -2.2e-05 5e-06 -0.004301 -0.004063 0.042006 0.675183 -3.702404 -10.605926 -0.683954 3.693334 -10.607403 3.703346 -11.229272 12.702733 -51.654118 -10.956575 -1.522252 -179.106689 -57.994972 178.971893 2.0992 -3.695828 -8.737178 -5.882114 9.861297 0.702589 -10.936881 -0.360575 7.156213 -1e-06 8.774833 -1e-06 -16.532053 18.353674 5.87711 -1.844035 2.498508 -2.507281 -10.163609 4.678949 4.621113 -20.976044 0.0 -0.0 -21.226311 2.451701 -3.594008 0.0 -6e-06 1e-06 -1.362682 2.240801 -0.746324 -21.334932 0.584913 3.008326 -13.821225 -0.0 -1e-06 -23.887192 -0.249078 -0.839489 -61.183632 2.345763 -1.580671 -0.294027 1.679688 0.833257 -14.218223 0.093217 1.300583 -34.212078 -0.28756 0.967166 -20.033232 0.964539 1.21284 -1e-06 -0.0 0.0 -3.440389 0.788235 0.501656 -15.928201 -3.167311 2.999711 -6.338833 -1e-06 0.0 -18.123466 3.648186 -4.905677 -4e-06 0.0 -3e-06 2.877773 -1.366291 16.295374 61.77861 1.589126 33.470596 177.976639 70.362564 177.465912 -0.025234 -6.868745 -40.968182 2.243542 -5.255042 -3.180161 14.282896 -0.826592 6.952514 -3e-06 -12.690616 -0.0 16.547647 -17.448555 2.557042 1.665668 -1.955924 -2.878302 4.727799 -4.170592 4.99393 11.020532 4e-06 1e-06 12.109059 -3.735719 -2.866785 1e-06 -0.0 -0.0 1.291985 -1.928551 -1.498092 14.800138 0.567472 3.865613 14.242578 -1.341735 -6.660665 19.631979 0.143928 -0.648242 51.317822 -0.470817 -6.047062 0.353029 -1.511152 -0.031941 20.222803 3.684315 2.316635 18.787281 7e-06 3e-06 10.751635 -0.479869 1.397909 0.0 -0.0 -0.0 3.273809 0.305947 -0.580112 21.486828 11.830389 2.266138 8.162934 3e-06 2e-06 18.399094 -3.798988 -4.940576 2e-06 0.0 -2e-06 -2.497343 4.013674 4.323561 0.041054 -0.136619 21.516838 -0.942376 2.82084 -5.265492 1.888127 -2.074838 -7.594706 -0.0 -0.0 1e-06 -0.983675 -11.95016 -25.559477 -0.173935 -0.279891 34.529648 1.312799 -10.271098 -1.460025 -1.435413 0.90976 -3.895256 -0.0 0.0 -1e-06 
0.0 0.0 0.0 0.0 -0.0 0.0 -0.663411 100.422752 525.58429 2.453012 1.787098 -0.932289 -3.907162 -1.580143 2.715423 -0.892286 -4.614152 -4.484785 -1.364414 -7.197871 9.095935 0.113235 3.346676 19.888348 0.089879 1.991567 -3.566239 1.954859 1.998763 -7.150876 7.7e-05 -2.3e-05 5e-06 -0.045906 0.090707 0.048658 0.67589 -3.619829 -10.601087 -0.767619 3.805121 -10.621314 7.543489 -13.292555 12.192985 -50.037556 -11.500165 -1.865759 -179.911057 -53.615993 179.533203 1.540253 -1.995575 -12.146745 -5.88211 9.861295 0.702589 -10.936878 -0.360575 7.156213 -0.0 8.774833 -4e-06 -16.514858 18.119936 5.845716 -1.844035 2.498506 -2.507281 -10.163606 4.678948 4.621113 -20.976038 -2e-06 2e-06 -21.226301 2.451699 -3.594005 0.0 -5e-06 1e-06 -1.362682 2.2408 -0.746324 -21.334929 0.584911 3.008327 -13.821221 -1e-06 2e-06 -23.887184 -0.249076 -0.839485 -60.589859 2.464031 -1.497999 -0.294026 1.679687 0.833257 -14.218219 0.093217 1.300581 -34.212074 -0.287564 0.967171 -20.033228 0.964538 1.212846 1e-06 0.0 -1e-06 -3.440389 0.788234 0.501656 -15.928196 -3.167311 2.999711 -6.338831 -1e-06 1e-06 -18.123459 3.648186 -4.905675 -4e-06 -0.0 -1e-06 0.385755 -2.486182 16.268154 63.586437 -1.978041 32.762691 178.989258 67.498268 178.618393 0.805939 -7.87541 -38.965691 2.243542 -5.255039 -3.180158 14.282896 -0.826593 6.952507 -3e-06 -12.69061 2e-06 16.386904 -17.541233 2.740007 1.665668 -1.955922 -2.878301 4.7278 -4.17059 4.993928 11.02053 4e-06 -3e-06 12.109056 -3.735716 -2.866786 -1e-06 -1e-06 -1e-06 1.291986 -1.92855 -1.498091 14.800136 0.567469 3.86561 14.242579 -1.341735 -6.660662 19.631975 0.143931 -0.648243 51.830139 -0.408237 -5.860668 0.35303 -1.511152 -0.03194 20.222801 3.684313 2.316631 18.787283 8e-06 -2e-06 10.751633 -0.479867 1.397908 -0.0 -0.0 0.0 3.273809 0.305947 -0.580112 21.486828 11.830385 2.266136 8.16293 3e-06 0.0 18.399094 -3.798988 -4.940578 2e-06 0.0 -1e-06 -1.971542 3.797368 9.521235 0.010585 -0.082084 18.05979 -1.659656 2.156596 1.379967 2.008242 -2.023401 -13.032457 0.0 -0.0 2e-06 -0.739199 -11.250721 -24.148752 0.023419 -0.247643 14.253695 4.385889 -7.580814 2.523867 -1.428486 0.954052 -3.947247 0.0 0.0 -1e-06 
0.0 0.0 0.0 0.0 -0.0 0.0 -0.885387 100.591805 533.15033 3.53527 2.317275 -0.759389 -4.121944 -1.639487 2.017869 -0.859943 -5.154279 -4.828526 -1.292931 -7.809289 8.795695 -0.451531 4.053348 20.577328 0.070256 1.673602 -3.632829 1.250984 1.759583 -6.149575 7.7e-05 -2.3e-05 5e-06 -0.063804 0.172308 0.021639 0.685659 -3.549855 -10.59989 -0.814814 3.905183 -10.639963 9.525564 -14.076509 11.310411 -48.407749 -11.40291 -0.23912 178.68335 -49.62616 -179.461487 0.964981 -0.525414 -14.366704 -5.882105 9.861283 0.702589 -10.93687 -0.360576 7.156207 2e-06 8.774824 -0.0 -16.198669 18.226414 5.986286 -1.844034 2.498504 -2.507278 -10.163597 4.678944 4.621108 -20.976021 -5e-06 1e-06 -21.226284 2.451694 -3.593997 -0.0 -6e-06 -1e-06 -1.362679 2.240798 -0.746324 -21.334911 0.584909 3.008323 -13.821213 -4e-06 3e-06 -23.887167 -0.249079 -0.839481 -60.341957 2.628376 -1.54374 -0.294024 1.679686 0.833257 -14.218208 0.093212 1.300582 -34.212048 -0.287567 0.967173 -20.033215 0.964536 1.212847 -0.0 2e-06 0.0 -3.440389 0.788234 0.501655 -15.928185 -3.16731 2.999706 -6.338825 -2e-06 2e-06 -18.123444 3.64818 -4.905669 -4e-06 -0.0 -1e-06 -1.589922 -2.810036 16.401957 65.606819 -5.676229 30.82625 -179.972626 65.099998 179.43074 0.742474 -9.315642 -37.492065 2.243542 -5.255037 -3.180159 14.282894 -0.826595 6.952501 -2e-06 -12.690604 2e-06 15.973057 -17.828587 2.847252 1.665667 -1.955921 -2.878298 4.7278 -4.170589 4.993926 11.020529 3e-06 -1e-06 12.109056 -3.735717 -2.866786 0.0 -0.0 -1e-06 1.291986 -1.92855 -1.498089 14.800129 0.567467 3.865607 14.242577 -1.341737 -6.66066 19.631973 0.143923 -0.648246 51.3633 -0.735561 -5.789971 0.353029 -1.51115 -0.031941 20.222794 3.684307 2.31663 18.787273 4e-06 -3e-06 10.751629 -0.479869 1.397905 0.0 1e-06 -1e-06 3.273808 0.305945 -0.58011 21.486816 11.830372 2.26613 8.16293 1e-06 -1e-06 18.39909 -3.798987 -4.940578 1e-06 0.0 -3e-06 -1.99526 4.063394 12.760531 -0.063177 -0.168773 19.154432 -2.696351 1.84874 6.632052 2.07429 -1.813418 -16.477432 0.0 0.0 4e-06 -2.313343 -9.118829 -23.499163 5.9e-05 -0.157901 1.993296 8.976988 -5.920678 3.024358 -1.36826 0.950289 -3.79322 -0.0 -0.0 -0.0 
0.0 0.0 0.0 0.0 -0.0 0.0 -0.993873 99.938377 540.780884 4.548017 2.199564 -1.646128 -3.871758 -1.467149 1.726052 -0.796743 -5.137028 -4.820361 -1.436126 -7.997711 8.803061 -1.351315 4.857122 21.225763 -0.152752 1.584718 -3.614885 0.325307 1.474145 -5.274964 7.7e-05 -2.3e-05 5e-06 -0.073101 0.214878 0.037755 0.687044 -3.506469 -10.507133 -0.83549 3.944996 -10.557362 9.738672 -13.595401 11.017615 -48.124897 -10.812402 1.707453 178.611588 -46.819489 -179.662979 0.318754 0.567086 -16.216595 -5.88211 9.861294 0.702589 -10.936875 -0.360574 7.156214 -1e-06 8.774831 -3e-06 -16.252245 18.558672 6.080963 -1.844034 2.498507 -2.507281 -10.163604 4.678948 4.621112 -20.976032 0.0 -1e-06 -21.226297 2.451701 -3.594006 1e-06 -6e-06 -0.0 -1.362683 2.2408 -0.746324 -21.334923 0.584914 3.008324 -13.821219 -0.0 -1e-06 -23.88718 -0.249075 -0.839485 -60.626892 2.615291 -1.521664 -0.294025 1.67969 0.833255 -14.218215 0.093218 1.300583 -34.212067 -0.287557 0.967169 -20.033222 0.96454 1.21284 0.0 0.0 -1e-06 -3.440389 0.788234 0.501657 -15.928192 -3.167308 2.999711 -6.338829 1e-06 2e-06 -18.123457 3.648189 -4.905677 -4e-06 0.0 -1e-06 -2.292051 -2.538537 16.804941 66.737289 -7.767872 27.851297 179.569275 64.080635 178.842926 -0.555519 -10.71489 -36.694534 2.243542 -5.255043 -3.180162 14.282897 -0.826593 6.95251 -2e-06 -12.690616 -2e-06 15.95141 -17.965183 2.78039 1.665667 -1.955924 -2.878301 4.727802 -4.17059 4.993928 11.020533 4e-06 -1e-06 12.109058 -3.735717 -2.866787 0.0 -1e-06 0.0 1.291986 -1.928551 -1.498092 14.800136 0.567472 3.865612 14.24258 -1.341735 -6.660665 19.631975 0.143928 -0.648243 51.134941 -0.882994 -5.897763 0.353029 -1.511152 -0.031942 20.222803 3.684313 2.316633 18.787287 6e-06 1e-06 10.751634 -0.479868 1.397908 -1e-06 0.0 1e-06 3.273809 0.305948 -0.580111 21.48683 11.830389 2.266139 8.162932 2e-06 2e-06 18.399088 -3.798987 -4.940577 2e-06 0.0 -1e-06 -2.043943 4.925742 13.690653 -0.05736 -0.338028 26.635265 -3.695277 1.999943 9.433439 2.063936 -1.732401 -15.402217 -0.0 -0.0 1e-06 -3.422531 -8.475659 -23.263987 -0.10437 -0.111667 2.303307 11.82776 -4.86845 1.182577 -1.341737 0.906313 -3.827176 -0.0 -0.0 -1e-06 
0.0 0.0 0.0 0.0 -0.0 0.0 -1.140951 98.368805 548.035706 4.87372 1.924364 -3.121302 -3.047439 -1.26121 1.754992 -0.736241 -4.860682 -4.611689 -1.558112 -7.412646 9.135481 -2.092845 5.131349 21.493164 -0.379673 1.426899 -3.507929 -0.360515 1.008713 -4.296075 7.7e-05 -2.2e-05 4e-06 -0.08186 0.230949 0.066877 0.670051 -3.49583 -10.468141 -0.836045 3.961924 -10.515923 8.299785 -12.376473 11.580496 -49.17366 -9.765609 4.253389 178.914673 -45.874222 179.926117 -0.319463 1.547982 -17.156229 -5.882108 9.86129 0.702589 -10.936872 -0.360575 7.156212 -1e-06 8.77483 -1e-06 -16.431192 18.915123 6.018817 -1.844032 2.498506 -2.50728 -10.163602 4.678946 4.621111 -20.976027 -2e-06 -1e-06 -21.226292 2.451697 -3.594005 -1e-06 -6e-06 -1e-06 -1.362682 2.240798 -0.746324 -21.334921 0.584911 3.008324 -13.821219 -1e-06 0.0 -23.88718 -0.249078 -0.839486 -60.696655 2.579061 -1.735382 -0.294025 1.679688 0.833256 -14.218211 0.093216 1.30058 -34.212055 -0.287562 0.967169 -20.033216 0.964538 1.212842 1e-06 1e-06 1e-06 -3.440389 0.788234 0.501657 -15.928189 -3.16731 2.999708 -6.338828 -1e-06 0.0 -18.123453 3.648184 -4.905675 -4e-06 0.0 -2e-06 -1.119359 -2.070951 16.804976 66.291435 -8.538962 24.770966 177.973602 64.63726 177.297424 -2.984356 -11.646482 -35.462021 2.243542 -5.255038 -3.180158 14.282894 -0.826596 6.952507 -3e-06 -12.690609 0.0 15.971182 -17.74905 2.621529 1.665667 -1.955922 -2.878299 4.7278 -4.17059 4.993925 11.020528 3e-06 -1e-06 12.109055 -3.735716 -2.866783 0.0 -1e-06 1e-06 1.291986 -1.928549 -1.49809 14.800134 0.567469 3.865606 14.242577 -1.341735 -6.660662 19.631975 0.143928 -0.648245 50.710396 -0.868019 -6.173124 0.353029 -1.51115 -0.031939 20.222797 3.684312 2.316632 18.787283 6e-06 -2e-06 10.751632 -0.479869 1.397905 -0.0 0.0 0.0 3.273808 0.305948 -0.580112 21.48682 11.83038 2.266134 8.16293 1e-06 0.0 18.399092 -3.798987 -4.940577 2e-06 0.0 -0.0 -1.23601 6.102308 12.229421 -0.043342 -0.465589 39.33651 -3.81641 3.524855 9.362682 2.003484 -1.801403 -10.957189 0.0 -0.0 1e-06 -3.678684 -9.171318 -22.597843 0.154441 -0.357526 10.076645 10.741868 -3.147625 2.52771 -1.352479 1.021892 -4.330235 -0.0 -0.0 -0.0 
0.0 0.0 0.0 0.0 -0.0 0.0 -1.663184 96.406113 554.45752 2.89862 1.291809 -4.726929 -1.046999 -0.872857 2.391277 -0.375967 -4.145537 -4.431845 -0.990149 -6.817324 9.728687 -2.25975 5.178509 21.571754 -0.5822 0.660984 -3.538039 -1.188066 0.665226 -5.15843 7.7e-05 -2.2e-05 5e-06 -0.028096 0.071814 0.027992 0.710314 -3.647483 -10.499914 -0.769307 3.798544 -10.553482 4.883085 -10.248458 12.129179 -50.02702 -8.006433 7.443409 178.67305 -47.3256 -179.994858 -0.203427 2.61114 -15.859157 -5.882107 9.861285 0.70259 -10.93687 -0.360575 7.156207 1e-06 8.774826 -1e-06 -16.232576 19.162928 5.952874 -1.844033 2.498504 -2.507278 -10.163597 4.678944 4.621109 -20.976019 -3e-06 2e-06 -21.226282 2.451696 -3.594002 1e-06 -6e-06 -1e-06 -1.362681 2.240798 -0.746325 -21.334909 0.584909 3.008325 -13.821211 -2e-06 3e-06 -23.887163 -0.249078 -0.839483 -60.206165 2.690959 -1.938441 -0.294025 1.679687 0.833255 -14.218205 0.093215 1.300581 -34.21204 -0.287563 0.96717 -20.033211 0.964537 1.212845 0.0 -0.0 -0.0 -3.440388 0.788233 0.501655 -15.928183 -3.167309 2.999708 -6.338825 -1e-06 0.0 -18.123444 3.648183 -4.905672 -4e-06 -0.0 -1e-06 2.588811 -0.9012 16.27495 62.953499 -8.291834 22.919044 177.044952 66.848869 176.375793 -5.638462 -11.500173 -33.575058 2.243542 -5.255037 -3.180158 14.282894 -0.826595 6.952503 -1e-06 -12.690603 0.0 16.212061 -17.698069 2.354424 1.665666 -1.955922 -2.8783 4.727799 -4.170588 4.993924 11.020528 2e-06 -2e-06 12.109053 -3.735716 -2.866785 -1e-06 -1e-06 1e-06 1.291986 -1.92855 -1.498089 14.800129 0.567467 3.865606 14.242572 -1.341736 -6.660659 19.631969 0.143925 -0.648247 50.24921 -0.856046 -6.381055 0.353029 -1.51115 -0.031941 20.222794 3.684309 2.31663 18.787273 5e-06 -3e-06 10.751626 -0.479869 1.397905 0.0 -0.0 2e-06 3.273806 0.305946 -0.580111 21.486814 11.830372 2.266132 8.162928 1e-06 -1e-06 18.399082 -3.798985 -4.940578 2e-06 0.0 -1e-06 2.974011 8.151206 8.558683 -0.028757 -0.474582 54.761864 -3.256735 5.420689 6.289414 1.932394 -1.88608 -7.346209 -0.0 0.0 3e-06 -1.316151 -8.115441 -24.776396 0.123186 -0.48127 23.393948 -0.262775 -2.200371 7.435038 -1.45048 0.930524 -1.330869 -0.0 0.0 -1e-06 
0.0 0.0 0.0 0.0 -0.0 0.0 -2.267215 94.929268 560.315369 -0.195464 1.015826 -6.969147 0.455704 -0.671556 3.660116 0.185735 -3.552917 -4.073549 0.951484 -6.631046 10.939848 -2.219201 4.734161 21.228182 -0.611724 0.159567 -3.593658 -2.14747 0.461875 -8.169311 7.7e-05 -2.2e-05 6e-06 -0.024373 0.027765 -0.010751 0.73988 -3.665227 -10.544113 -0.794876 3.732057 -10.578398 3.080368 -7.899181 13.698139 -55.823067 -5.576872 8.381092 -179.493057 -52.950336 178.881027 2.036014 2.394622 -11.983497 -5.882104 9.861286 0.702592 -10.936868 -0.360572 7.156205 -1e-06 8.774826 -1e-06 -15.60262 18.562243 6.050215 -1.844032 2.498506 -2.507277 -10.163595 4.678948 4.621109 -20.976021 -0.0 3e-06 -21.226284 2.451702 -3.594002 0.0 -6e-06 -0.0 -1.362678 2.240798 -0.746323 -21.334911 0.584914 3.008324 -13.82121 0.0 1e-06 -23.887165 -0.249073 -0.839485 -60.069267 2.435866 -1.782375 -0.294025 1.679687 0.833255 -14.218205 0.093217 1.300581 -34.212048 -0.287557 0.967168 -20.033211 0.964539 1.212841 -1e-06 -0.0 0.0 -3.440388 0.788234 0.501655 -15.928185 -3.167306 2.999707 -6.338826 0.0 2e-06 -18.123444 3.648186 -4.905669 -4e-06 0.0 -3e-06 5.021347 0.340407 16.573954 59.484482 -4.265647 22.861727 175.007629 73.199333 174.362289 -7.146541 -10.554523 -33.992847 2.243541 -5.255037 -3.180159 14.282887 -0.826593 6.952502 -2e-06 -12.690601 0.0 16.571846 -17.688646 2.308048 1.665667 -1.95592 -2.878299 4.727798 -4.170586 4.993923 11.020522 4e-06 -3e-06 12.10905 -3.735714 -2.866787 0.0 -1e-06 0.0 1.291985 -1.928549 -1.49809 14.800125 0.567471 3.865606 14.242568 -1.341735 -6.660659 19.631962 0.143928 -0.648248 50.072918 -0.817008 -6.291341 0.353029 -1.51115 -0.031942 20.222786 3.684312 2.31663 18.78727 6e-06 -2e-06 10.751624 -0.479866 1.397905 -1e-06 1e-06 0.0 3.273806 0.305947 -0.58011 21.486809 11.830376 2.266131 8.162926 3e-06 1e-06 18.399076 -3.798982 -4.940575 2e-06 2e-06 -1e-06 7.171031 7.737324 3.858913 -0.046968 -0.463845 68.911514 -2.585526 5.664688 3.493184 1.949223 -1.997828 -4.598739 0.0 -0.0 2e-06 1.913748 -8.347205 -24.323214 -0.110234 -0.17923 35.039665 -2.063213 -3.322417 -1.130314 -1.443336 0.935869 0.358663 -0.0 0.0 -1e-06 
0.0 0.0 0.0 0.0 -0.0 0.0 -2.641354 94.895981 566.42926 -1.385998 1.732554 -8.377355 0.804613 -0.562115 4.133319 0.186525 -3.056786 -3.896461 1.768785 -6.04045 11.880269 -0.713333 3.406404 21.886145 -0.734198 -0.421844 -3.61728 -2.346176 -0.132437 -8.31144 7.7e-05 -2.2e-05 6e-06 -0.012753 -0.021937 -0.021952 0.691743 -3.705536 -10.540339 -0.724398 3.673116 -10.559326 2.271795 -6.570911 15.429529 -62.40136 -1.807792 10.112453 -178.005722 -61.685749 177.491028 5.778684 1.819385 -8.549898 -5.882104 9.861289 0.702588 -10.936872 -0.360576 7.156206 -3e-06 8.774826 -3e-06 -15.326918 17.948008 6.267787 -1.844032 2.498505 -2.507277 -10.163598 4.678945 4.621108 -20.976019 -3e-06 1e-06 -21.226284 2.451699 -3.594002 0.0 -6e-06 -0.0 -1.362681 2.240799 -0.746323 -21.334906 0.584909 3.008322 -13.821207 -2e-06 1e-06 -23.887163 -0.249078 -0.839485 -60.029652 2.446252 -1.373642 -0.294026 1.679688 0.833256 -14.218205 0.093215 1.300581 -34.21204 -0.287562 0.96717 -20.033209 0.964538 1.212843 -0.0 0.0 0.0 -3.440388 0.788234 0.501655 -15.928183 -3.16731 2.999708 -6.338824 -1e-06 1e-06 -18.123444 3.648185 -4.905672 -3e-06 -1e-06 -2e-06 7.870296 0.937983 17.490677 56.529655 1.166281 23.090069 168.523972 81.066818 167.625992 -7.322453 -10.051439 -32.920456 2.243543 -5.255037 -3.18016 14.282896 -0.826596 6.952506 -2e-06 -12.69061 -1e-06 16.824591 -17.66927 2.291123 1.665668 -1.955922 -2.878299 4.727801 -4.170588 4.993926 11.020531 3e-06 -1e-06 12.109058 -3.735717 -2.866786 1e-06 -0.0 1e-06 1.291986 -1.928552 -1.49809 14.800136 0.567467 3.865609 14.242579 -1.341736 -6.660661 19.631975 0.143927 -0.648245 50.04126 -0.744693 -6.269828 0.353029 -1.51115 -0.03194 20.222801 3.684311 2.31663 18.787283 5e-06 -1e-06 10.751633 -0.479869 1.397907 1e-06 -0.0 0.0 3.273809 0.305948 -0.580111 21.486824 11.83038 2.266135 8.16293 2e-06 1e-06 18.399092 -3.798987 -4.940578 2e-06 0.0 -2e-06 7.859578 5.966743 -2.186599 -0.121465 -0.426368 77.368088 -2.586806 4.018621 1.403484 2.089717 -2.086287 -4.513838 -0.0 -0.0 3e-06 2.464383 -11.03387 -19.819744 -0.079613 -0.226525 38.025532 -1.704874 -2.279574 -7.023453 -1.440614 0.886529 1.009193 -0.0 0.0 -1e-06 
0.0 0.0 0.0 0.0 -0.0 0.0 -2.940959 95.496872 572.079041 -1.478015 2.01624 -8.751446 0.754961 -0.317851 4.361658 0.005789 -2.326404 -3.832966 1.895457 -4.997568 11.849413 0.706907 2.445629 22.625122 -0.80343 -1.133347 -3.540832 -2.006272 -0.622855 -7.746108 7.7e-05 -2.2e-05 5e-06 0.006881 -0.070014 -0.015558 0.688074 -3.748232 -10.533188 -0.681452 3.617988 -10.538674 2.074988 -4.89364 16.458431 -65.879478 3.32147 13.328519 -177.489639 -67.5532 176.809082 6.756101 0.512926 -6.412952 -5.882105 9.861288 0.702588 -10.936869 -0.360575 7.156205 -3e-06 8.774827 -2e-06 -15.276065 17.870199 6.497994 -1.844033 2.498505 -2.507277 -10.1636 4.678945 4.621107 -20.976021 -3e-06 -1e-06 -21.226286 2.451697 -3.594004 0.0 -7e-06 -1e-06 -1.362682 2.240799 -0.746323 -21.334913 0.584909 3.008321 -13.821212 -3e-06 -1e-06 -23.887167 -0.24908 -0.839486 -60.193066 2.6606 -1.11597 -0.294023 1.679688 0.833256 -14.218207 0.093215 1.300579 -34.212048 -0.287565 0.967165 -20.033211 0.964534 1.212841 0.0 -0.0 0.0 -3.440387 0.788233 0.501656 -15.928183 -3.16731 2.999705 -6.338825 -1e-06 -0.0 -18.123444 3.648183 -4.905675 -3e-06 0.0 -2e-06 8.31657 2.172264 17.752426 57.008408 4.923377 23.044121 158.986649 84.39563 158.192108 -7.32436 -9.508201 -31.872408 2.243544 -5.25504 -3.18016 14.282896 -0.826596 6.952507 -0.0 -12.69061 1e-06 16.66313 -17.512054 2.24024 1.665668 -1.955922 -2.878301 4.727801 -4.170589 4.993927 11.020531 3e-06 -2e-06 12.109058 -3.735719 -2.866787 0.0 -0.0 0.0 1.291986 -1.92855 -1.498091 14.800136 0.567468 3.865609 14.24258 -1.341737 -6.660663 19.631979 0.143927 -0.648248 49.537479 -0.669824 -6.276748 0.353029 -1.511151 -0.031939 20.222803 3.68431 2.31663 18.787283 5e-06 -2e-06 10.751635 -0.479869 1.397906 0.0 0.0 0.0 3.27381 0.305948 -0.580111 21.486828 11.83038 2.266133 8.162928 3e-06 0.0 18.399092 -3.798987 -4.94058 2e-06 -0.0 -2e-06 7.181484 5.748395 -8.870051 -0.184113 -0.24139 80.06929 -3.233999 1.853934 -0.530385 1.965054 -2.040884 -4.803313 0.0 0.0 4e-06 1.859893 -12.451907 -14.942986 -0.052263 -0.193706 37.456192 -0.692207 -1.759496 -10.672259 -1.438897 0.904729 1.0481 0.0 0.0 -1e-06 
0.0 0.0 0.0 0.0 -0.0 0.0 -3.084893 96.608009 577.40448 -0.860726 1.115458 -8.399398 0.593054 0.047808 4.487531 -0.22129 -1.210325 -3.846748 1.586221 -3.641664 11.246181 1.394499 1.940501 23.182451 -0.9072 -1.503349 -3.531295 -1.406378 -1.029996 -6.974684 7.7e-05 -2.2e-05 5e-06 0.006667 -0.063893 -0.012696 0.696815 -3.743745 -10.539089 -0.690795 3.622696 -10.534067 1.823217 -2.57621 17.233282 -65.884544 9.083176 16.999949 -177.636398 -68.653831 177.020248 5.323705 -0.553486 -6.561141 -5.882109 9.861287 0.70259 -10.936872 -0.360575 7.156209 1e-06 8.774827 0.0 -15.262601 17.988911 6.560561 -1.844032 2.498505 -2.507279 -10.163601 4.678945 4.621111 -20.976027 -3e-06 2e-06 -21.22629 2.451696 -3.594001 0.0 -6e-06 1e-06 -1.362682 2.240798 -0.746324 -21.334917 0.584909 3.008324 -13.821217 -3e-06 1e-06 -23.887175 -0.24908 -0.839484 -60.42564 2.784338 -1.063935 -0.294026 1.679687 0.833256 -14.218212 0.093214 1.300581 -34.212059 -0.287566 0.96717 -20.033218 0.964536 1.212844 -0.0 -1e-06 0.0 -3.440389 0.788234 0.501656 -15.928189 -3.167312 2.999707 -6.33883 -1e-06 1e-06 -18.123451 3.648183 -4.905673 -4e-06 -1e-06 -2e-06 6.464711 3.943064 17.438984 59.85907 7.339212 23.370775 165.92038 83.609596 165.230728 -7.791027 -8.155854 -31.928518 2.243542 -5.255037 -3.180157 14.282891 -0.826594 6.952501 -2e-06 -12.690603 -1e-06 16.43096 -17.49118 2.278664 1.665665 -1.955921 -2.878299 4.727799 -4.170585 4.993923 11.020526 3e-06 -1e-06 12.109053 -3.735717 -2.866783 2e-06 -0.0 0.0 1.291985 -1.928549 -1.498088 14.800127 0.567468 3.865608 14.242571 -1.341737 -6.660657 19.631968 0.143925 -0.648245 49.354813 -0.667641 -6.251351 0.353029 -1.511151 -0.031939 20.222788 3.684308 2.316629 18.78727 4e-06 -1e-06 10.751625 -0.479869 1.397904 -0.0 0.0 1e-06 3.273806 0.305948 -0.58011 21.486813 11.830373 2.266134 8.162927 1e-06 0.0 18.39908 -3.798985 -4.940577 3e-06 1e-06 -1e-06 5.635103 7.417933 -14.479859 -0.138847 -0.000377 76.683365 -4.35969 0.475645 -1.615906 1.761927 -1.901603 -4.933482 -0.0 -1e-06 2e-06 0.739196 -12.065041 -10.260885 -0.044029 -0.159797 34.795265 0.353893 -1.530829 -11.760981 -1.442886 0.91613 0.572611 0.0 -0.0 -1e-06 
0.0 0.0 0.0 0.0 -0.0 0.0 -3.08585 98.158676 582.751709 0.057077 -0.544989 -7.628237 0.332159 0.430806 4.393357 -0.458627 0.115306 -3.950005 1.06039 -2.192491 10.466314 1.603799 1.783637 23.749479 -1.026906 -1.472105 -3.54177 -0.914933 -1.270218 -6.134899 7.7e-05 -2.2e-05 5e-06 -0.024088 0.023619 -0.011714 0.66847 -3.667854 -10.537967 -0.723771 3.717576 -10.541347 1.331942 0.0289 17.840292 -64.204849 14.641584 20.267542 -178.79158 -67.43689 178.330856 3.84293 -1.0818 -7.741198 -5.882112 9.861295 0.702592 -10.936883 -0.360574 7.156214 -1e-06 8.774836 -1e-06 -15.530758 18.050282 6.385567 -1.844034 2.498507 -2.50728 -10.163609 4.678949 4.621115 -20.976044 -3e-06 2e-06 -21.226307 2.451699 -3.594003 -1e-06 -6e-06 -0.0 -1.362682 2.2408 -0.746325 -21.334934 0.58491 3.008328 -13.821226 -3e-06 3e-06 -23.887192 -0.249077 -0.839482 -60.808212 2.682127 -1.128484 -0.294026 1.679689 0.833258 -14.218224 0.093214 1.300582 -34.212082 -0.287563 0.967172 -20.033234 0.964538 1.212845 0.0 -1e-06 0.0 -3.440392 0.788233 0.501656 -15.928203 -3.167313 2.999711 -6.338832 -0.0 2e-06 -18.123466 3.648187 -4.905675 -4e-06 -1e-06 -1e-06 3.883057 5.932491 16.831896 62.535191 9.090456 23.543516 171.284943 80.832886 170.661942 -8.404936 -6.332239 -31.973881 2.243542 -5.255039 -3.18016 14.282896 -0.826596 6.952506 -3e-06 -12.690608 1e-06 16.258886 -17.389854 2.339689 1.665668 -1.955923 -2.878301 4.727798 -4.170588 4.993927 11.020529 3e-06 -1e-06 12.109056 -3.735717 -2.866787 -1e-06 0.0 -1e-06 1.291986 -1.92855 -1.49809 14.800132 0.567468 3.865609 14.242577 -1.341737 -6.660662 19.631973 0.143927 -0.648245 49.435364 -0.563243 -6.067938 0.35303 -1.51115 -0.03194 20.222797 3.684311 2.316631 18.787283 4e-06 -2e-06 10.751633 -0.479869 1.397906 -0.0 0.0 1e-06 3.273808 0.305948 -0.580111 21.486824 11.830379 2.266134 8.16293 1e-06 -0.0 18.399092 -3.798988 -4.940578 3e-06 0.0 -1e-06 3.598178 9.505017 -18.487076 -0.004437 0.216142 67.766586 -5.578514 0.425386 -1.600228 1.702553 -1.814804 -4.626816 -1e-06 0.0 2e-06 -0.545396 -10.721741 -5.613838 -0.010321 -0.123138 31.110979 1.047783 -1.314012 -10.021583 -1.460911 0.85805 -0.424313 0.0 -0.0 -1e-06 
0.0 0.0 0.0 0.0 -0.0 0.0 -2.992668 99.542419 588.207336 0.67362 -2.40151 -6.763895 0.13165 0.728553 3.976883 -0.607169 1.308976 -4.119415 0.658296 -0.922759 9.908024 1.305748 2.201938 24.329002 -1.102027 -1.448873 -3.619805 -0.518892 -1.311782 -5.277873 7.7e-05 -2.3e-05 6e-06 -0.041685 0.073423 -0.0192 0.637352 -3.617962 -10.513293 -0.728265 3.764825 -10.520674 0.935702 2.260079 18.291193 -62.859058 19.273748 21.903543 -179.911636 -66.04966 179.716415 3.724529 -1.284596 -8.314079 -5.882103 9.861283 0.702588 -10.936866 -0.360576 7.156201 -1e-06 8.774822 -2e-06 -15.794546 18.136414 6.240587 -1.844031 2.498503 -2.507277 -10.163597 4.678944 4.621106 -20.976017 -2e-06 2e-06 -21.226273 2.451695 -3.594 2e-06 -7e-06 -2e-06 -1.36268 2.240798 -0.746323 -21.334906 0.584909 3.008322 -13.821212 -3e-06 2e-06 -23.887161 -0.249079 -0.839483 -61.083237 2.595732 -1.176549 -0.294025 1.679686 0.833255 -14.218201 0.093215 1.30058 -34.212032 -0.287563 0.96717 -20.033203 0.964536 1.212843 0.0 1e-06 1e-06 -3.440388 0.788233 0.501655 -15.928179 -3.167309 2.999707 -6.338823 -1e-06 2e-06 -18.12344 3.64818 -4.905669 -3e-06 0.0 -2e-06 1.472091 7.811646 16.321411 63.707062 10.549097 23.903025 174.671021 77.706917 174.497772 -8.505548 -5.391514 -31.449791 2.24354 -5.255034 -3.180155 14.282883 -0.826593 6.952498 -2e-06 -12.690597 1e-06 15.958157 -17.260996 2.45785 1.665667 -1.95592 -2.878298 4.727795 -4.170584 4.99392 11.02052 3e-06 0.0 12.109042 -3.735713 -2.866782 -2e-06 -0.0 -1e-06 1.291985 -1.928549 -1.498089 14.800118 0.567469 3.865605 14.24256 -1.341735 -6.660654 19.631954 0.143927 -0.648243 49.575954 -0.447292 -5.946721 0.353029 -1.511149 -0.031941 20.222784 3.684308 2.31663 18.787266 5e-06 -0.0 10.751622 -0.479868 1.397906 0.0 -0.0 1e-06 3.273806 0.305947 -0.58011 21.486801 11.830368 2.266132 8.162921 2e-06 -0.0 18.399071 -3.798984 -4.940571 3e-06 0.0 -1e-06 1.919587 10.853207 -20.472088 0.108272 0.27638 54.604755 -6.967554 1.702404 -0.697326 1.730746 -1.82217 -4.204062 -0.0 1e-06 4e-06 -1.685258 -9.43985 -1.206562 -0.001729 -0.046332 27.452456 1.623934 -1.264863 -6.806145 -1.450353 0.827004 -1.837976 0.0 -0.0 -1e-06 
0.0 0.0 0.0 0.0 -0.0 0.0 -2.848244 100.345108 593.827515 0.567338 -4.090796 -5.975309 0.281614 0.856561 3.42241 -0.688816 2.041511 -4.350318 0.503787 0.234236 9.489398 0.630665 2.884287 24.834536 -1.003806 -1.235286 -3.583686 -0.264005 -1.054869 -4.592517 7.7e-05 -2.2e-05 6e-06 -0.057646 0.118116 -0.000989 0.621722 -3.575163 -10.464859 -0.744976 3.810755 -10.476104 1.377946 3.845759 18.844957 -62.829273 22.701622 22.239317 179.153519 -65.054359 -179.287628 4.59232 -1.279704 -8.054438 -5.882106 9.861292 0.702591 -10.936872 -0.360574 7.156205 -2e-06 8.77483 0.0 -15.887197 18.139912 6.089213 -1.844033 2.498507 -2.507278 -10.1636 4.678947 4.621109 -20.976023 -2e-06 2e-06 -21.226288 2.451699 -3.594003 2e-06 -5e-06 -2e-06 -1.362681 2.2408 -0.746324 -21.334913 0.58491 3.008324 -13.821215 -2e-06 2e-06 -23.887169 -0.249078 -0.839484 -60.942249 2.533827 -1.251505 -0.294025 1.679689 0.833256 -14.218209 0.093214 1.300581 -34.212055 -0.287563 0.967172 -20.033216 0.964538 1.212844 -0.0 -0.0 0.0 -3.44039 0.788234 0.501656 -15.928189 -3.167311 2.999709 -6.338827 -1e-06 2e-06 -18.123444 3.648186 -4.905673 -5e-06 0.0 -3e-06 -0.950818 9.289897 15.979863 64.135422 11.736686 24.601046 176.952362 74.907295 177.276123 -8.097337 -5.238687 -30.419352 2.243542 -5.255041 -3.180161 14.282896 -0.826596 6.952507 -0.0 -12.690614 -2e-06 15.683638 -17.225069 2.545029 1.665665 -1.955923 -2.878301 4.727802 -4.17059 4.993928 11.020533 1e-06 -2e-06 12.109058 -3.735719 -2.866788 0.0 0.0 0.0 1.291986 -1.928551 -1.49809 14.800136 0.567467 3.86561 14.242581 -1.341739 -6.660665 19.631979 0.143925 -0.648246 49.697021 -0.331898 -6.024859 0.35303 -1.511151 -0.03194 20.222801 3.684311 2.316633 18.787283 3e-06 -1e-06 10.751634 -0.47987 1.397906 -0.0 0.0 -0.0 3.273812 0.305946 -0.580111 21.486824 11.830382 2.266136 8.16293 0.0 0.0 18.399094 -3.798989 -4.94058 3e-06 0.0 -1e-06 1.376248 11.37431 -20.268341 0.154099 0.32575 38.16814 -8.581041 3.492498 1.095027 1.767572 -1.860309 -3.569744 0.0 -0.0 1e-06 -2.263764 -8.398538 3.597928 -0.032743 -0.009964 23.342323 2.132945 -1.202053 -3.682242 -1.443473 0.837385 -3.420286 0.0 0.0 -1e-06 
0.0 0.0 0.0 0.0 -0.0 0.0 -2.730349 100.333977 599.487 -0.317839 -5.519701 -5.24217 0.801365 0.841066 2.799732 -0.705562 2.399852 -4.602543 0.650265 1.136516 9.085625 -0.209979 3.613693 25.102737 -0.805993 -0.88392 -3.545605 -0.162239 -0.443808 -4.041863 7.7e-05 -2.2e-05 7e-06 -0.070122 0.155327 0.010759 0.660831 -3.550889 -10.462835 -0.809091 3.857232 -10.479518 2.768577 4.682191 19.58819 -64.194626 25.148888 21.759323 178.724823 -64.224167 -179.190826 5.951281 -1.164105 -6.980493 -5.882107 9.861292 0.702589 -10.936872 -0.360575 7.156208 2e-06 8.774829 -1e-06 -15.801112 18.084297 6.060942 -1.844033 2.498508 -2.507278 -10.163601 4.678946 4.621109 -20.976027 -3e-06 0.0 -21.226292 2.451696 -3.594003 0.0 -6e-06 -1e-06 -1.362682 2.240799 -0.746323 -21.334917 0.584909 3.008323 -13.821218 -3e-06 3e-06 -23.887173 -0.249078 -0.839485 -60.575336 2.560106 -1.239872 -0.294025 1.679688 0.833256 -14.21821 0.093215 1.30058 -34.212051 -0.287565 0.967168 -20.033216 0.964537 1.212843 -0.0 0.0 0.0 -3.440388 0.788234 0.501655 -15.928187 -3.167311 2.999707 -6.338828 -1e-06 1e-06 -18.123447 3.648185 -4.905676 -5e-06 -0.0 -2e-06 -3.298031 10.361372 15.701696 64.426994 12.36107 25.496967 178.589539 72.377335 179.068146 -7.554101 -5.584729 -29.447906 2.243541 -5.255037 -3.180159 14.282888 -0.826595 6.952505 -1e-06 -12.690605 0.0 15.67175 -17.24692 2.576131 1.665665 -1.955921 -2.878299 4.727798 -4.170586 4.993925 11.020524 2e-06 -1e-06 12.109051 -3.735716 -2.866785 0.0 0.0 -0.0 1.291985 -1.92855 -1.498089 14.800129 0.567468 3.86561 14.242571 -1.341736 -6.66066 19.631968 0.143926 -0.648245 49.82914 -0.292742 -6.149123 0.353031 -1.511151 -0.03194 20.222786 3.684309 2.316631 18.78727 4e-06 -0.0 10.751627 -0.479869 1.397907 -0.0 -0.0 0.0 3.273805 0.305948 -0.580111 21.486811 11.830373 2.266137 8.16293 1e-06 0.0 18.399084 -3.798985 -4.940575 3e-06 -0.0 -1e-06 2.146531 11.024713 -18.790092 0.089023 0.367393 20.859135 -10.166785 5.186988 2.7225 1.735719 -1.928346 -2.960432 -0.0 0.0 2e-06 -2.127041 -7.566313 8.994055 -0.09892 -0.046408 18.359665 3.03839 -1.478216 -1.667141 -1.440127 0.836037 -4.453233 0.0 0.0 -1e-06 
0.0 0.0 0.0 0.0 -0.0 0.0 -2.504456 99.672859 605.091797 -1.276761 -6.500212 -4.477146 1.157654 0.745242 2.129817 -0.643358 2.746138 -4.825656 0.862409 1.464725 8.726898 -0.879168 4.257488 25.079195 -0.671691 -0.528596 -3.548279 -0.045795 0.021255 -3.392178 7.7e-05 -2.2e-05 6e-06 -0.068749 0.151889 -0.005266 0.708306 -3.567692 -10.535079 -0.85428 3.862847 -10.552171 3.621279 4.971511 20.217834 -65.549881 26.478083 20.623556 178.759476 -63.254124 -179.677307 6.931839 -1.039274 -5.853466 -5.882102 9.861281 0.70259 -10.936865 -0.360576 7.156202 0.0 8.77482 -1e-06 -15.674147 18.187586 6.135046 -1.844031 2.498503 -2.507276 -10.163595 4.678943 4.621107 -20.976013 -1e-06 3e-06 -21.226273 2.451696 -3.593999 0.0 -5e-06 -1e-06 -1.362681 2.240797 -0.746323 -21.334902 0.58491 3.008322 -13.821206 -2e-06 4e-06 -23.887159 -0.249078 -0.839481 -60.349018 2.635457 -1.26032 -0.294024 1.679687 0.833255 -14.218203 0.093215 1.300581 -34.212032 -0.287563 0.967172 -20.033205 0.964537 1.212845 -1e-06 0.0 -0.0 -3.440386 0.788232 0.501655 -15.928179 -3.167308 2.999707 -6.338824 -0.0 2e-06 -18.123438 3.648181 -4.905667 -4e-06 1e-06 -3e-06 -4.313533 10.868461 15.607006 64.061417 12.363958 26.080975 179.481049 69.817017 179.937134 -7.297724 -6.056213 -29.688339 2.243541 -5.255035 -3.180157 14.282887 -0.826595 6.952502 -1e-06 -12.690601 0.0 15.705353 -17.293825 2.568104 1.665664 -1.955921 -2.878298 4.727798 -4.170587 4.993923 11.020526 2e-06 -1e-06 12.10905 -3.735716 -2.866784 1e-06 1e-06 1e-06 1.291986 -1.928549 -1.498089 14.800127 0.567467 3.865607 14.242572 -1.341736 -6.660656 19.631968 0.143925 -0.648244 49.773445 -0.34443 -6.231546 0.353028 -1.51115 -0.03194 20.222786 3.684308 2.31663 18.78727 4e-06 -1e-06 10.751625 -0.479869 1.397906 -0.0 0.0 0.0 3.273808 0.305946 -0.58011 21.486809 11.83037 2.266133 8.162926 1e-06 -0.0 18.399076 -3.798984 -4.940574 3e-06 -1e-06 -1e-06 3.326773 9.411623 -18.443111 0.035005 0.256579 8.593748 -10.569753 6.658794 2.832426 1.557771 -2.090995 -3.222606 0.0 -0.0 3e-06 -2.074181 -6.900485 14.324184 -0.140135 -0.154405 13.581821 4.446372 -2.408144 -0.164303 -1.417883 0.725008 -4.651945 0.0 0.0 -2e-06 
0.0 0.0 0.0 0.0 -0.0 0.0 -2.166969 98.441223 610.897461 -1.121831 -6.741685 -4.017449 0.584294 0.88988 1.629764 -0.653256 2.862091 -4.984438 0.924194 1.555755 8.827662 -1.248832 4.461009 24.952869 -0.618083 -0.478385 -3.541666 0.216691 0.017467 -2.615973 7.7e-05 -2.2e-05 6e-06 -0.065489 0.130459 -0.017337 0.713995 -3.601507 -10.603504 -0.8546 3.854473 -10.604955 2.54236 4.765054 20.117126 -65.464813 26.340195 19.57283 178.361084 -62.20121 -179.561188 7.120201 -0.703097 -4.891151 -5.882104 9.861282 0.70259 -10.936872 -0.360574 7.156206 2e-06 8.774822 -1e-06 -15.55509 18.459402 6.222102 -1.844032 2.498503 -2.507277 -10.163599 4.678943 4.62111 -20.976021 -3e-06 5e-06 -21.226282 2.451699 -3.593998 1e-06 -5e-06 -1e-06 -1.362681 2.240797 -0.746323 -21.334911 0.584909 3.008326 -13.821213 -2e-06 4e-06 -23.887165 -0.249075 -0.83948 -60.3438 2.702561 -1.329573 -0.294026 1.679687 0.833256 -14.218207 0.093216 1.300582 -34.212044 -0.287562 0.967173 -20.033209 0.964538 1.212844 -1e-06 -0.0 1e-06 -3.440388 0.788232 0.501656 -15.928185 -3.167309 2.999709 -6.338826 -1e-06 2e-06 -18.123444 3.648184 -4.905668 -4e-06 1e-06 -3e-06 -2.966345 10.342447 15.795332 62.55653 11.91357 25.907507 179.387848 67.675461 179.709839 -7.520362 -6.168382 -30.838654 2.243543 -5.25504 -3.18016 14.282896 -0.826595 6.952507 0.0 -12.690615 -1e-06 15.749366 -17.27301 2.500239 1.665668 -1.955923 -2.878301 4.727803 -4.170591 4.993927 11.020534 2e-06 -2e-06 12.109056 -3.735719 -2.866787 -0.0 0.0 0.0 1.291986 -1.928551 -1.49809 14.800134 0.567469 3.86561 14.242579 -1.341738 -6.660661 19.631975 0.143925 -0.648245 49.354725 -0.541622 -6.338271 0.35303 -1.511152 -0.03194 20.222801 3.684312 2.316633 18.787285 4e-06 -0.0 10.751635 -0.479869 1.397907 -0.0 0.0 -0.0 3.273808 0.305947 -0.580111 21.486822 11.830382 2.266137 8.16293 2e-06 -0.0 18.399088 -3.798986 -4.940578 3e-06 0.0 -1e-06 3.053553 7.717707 -20.264044 0.041689 0.127247 6.31346 -9.32096 7.164752 2.879855 1.519209 -2.157958 -3.360456 0.0 -0.0 3e-06 -3.633545 -6.956993 19.715906 -0.098486 -0.125688 9.748262 6.17962 -3.504949 0.684801 -1.409719 0.671285 -4.502594 0.0 0.0 -2e-06 
0.0 0.0 0.0 0.0 -0.0 0.0 -1.726352 96.880165 616.434448 0.455242 -6.167069 -4.014184 -1.024681 0.948009 1.272275 -0.754549 2.888471 -5.153162 0.696387 1.435704 9.688896 -1.363108 3.938185 24.899694 -0.757013 -0.598958 -3.475563 0.278066 -0.472889 -1.535921 7.7e-05 -2.3e-05 5e-06 -0.068596 0.141756 -0.021543 0.699783 -3.579453 -10.593231 -0.848196 3.857307 -10.589396 -0.485382 4.582851 19.098154 -63.815041 24.513586 18.554001 177.399796 -62.074516 -179.002457 6.919425 -0.257847 -4.817588 -5.882106 9.861293 0.70259 -10.936873 -0.360577 7.156209 1e-06 8.774832 0.0 -15.577981 18.637136 6.315692 -1.844032 2.498506 -2.507279 -10.163602 4.67895 4.62111 -20.976028 -3e-06 1e-06 -21.226292 2.451696 -3.594005 1e-06 -6e-06 -2e-06 -1.362682 2.240799 -0.746324 -21.334919 0.584908 3.008324 -13.821217 -3e-06 1e-06 -23.887175 -0.24908 -0.839484 -60.492352 2.801982 -1.261441 -0.294025 1.679689 0.833256 -14.218212 0.093216 1.300581 -34.212048 -0.287565 0.96717 -20.033215 0.964537 1.212842 -1e-06 1e-06 -0.0 -3.440389 0.788235 0.501656 -15.928189 -3.167314 2.999709 -6.338829 -0.0 1e-06 -18.123451 3.648185 -4.905675 -2e-06 1e-06 -3e-06 0.8259 9.267122 16.091019 59.604351 10.917298 25.488817 -179.819977 67.159386 -179.295029 -7.929271 -6.003451 -32.929325 2.243541 -5.255041 -3.180161 14.282894 -0.826592 6.952508 -2e-06 -12.690612 -2e-06 16.005497 -17.219717 2.408535 1.665664 -1.955923 -2.878302 4.727798 -4.170588 4.993926 11.020528 4e-06 -1e-06 12.109055 -3.735717 -2.866788 0.0 0.0 -0.0 1.291987 -1.928551 -1.498091 14.800131 0.567472 3.865612 14.242573 -1.341737 -6.660664 19.631969 0.143928 -0.648244 48.988083 -0.725454 -6.294083 0.353027 -1.511152 -0.031941 20.222794 3.684315 2.316635 18.787275 5e-06 2e-06 10.75163 -0.479868 1.397909 -0.0 0.0 0.0 3.273806 0.305948 -0.580112 21.486822 11.830384 2.26614 8.16293 1e-06 1e-06 18.399084 -3.798985 -4.940575 3e-06 1e-06 -1e-06 0.597619 7.113565 -23.543968 -0.069467 0.120686 13.190536 -5.37169 5.379994 8.73012 1.716064 -2.042596 -2.370596 -0.0 0.0 2e-06 -7.585577 -8.211657 22.990835 -0.002401 0.08908 11.145261 9.038534 -3.732058 0.001589 -1.422036 0.710496 -4.978112 -0.0 0.0 -0.0 
0.0 0.0 0.0 0.0 -0.0 0.0 -0.963662 95.451042 620.569153 2.156592 -5.529416 -4.510942 -1.857971 0.952894 1.189322 -0.903458 2.98877 -5.285708 -0.171475 1.228131 11.212428 -1.009346 3.699019 26.028406 -0.992115 -1.73788 -3.473763 0.009725 -1.778019 -1.409518 7.7e-05 -2.2e-05 6e-06 -0.024671 0.119253 -0.01194 0.691488 -3.595896 -10.491714 -0.754201 3.826614 -10.504803 -4.664868 4.875743 18.335648 -61.555866 19.612719 16.879316 176.452713 -64.180679 -178.319016 6.604415 -0.086751 -5.539234 -5.882105 9.861284 0.702589 -10.93687 -0.360573 7.156204 0.0 8.774824 -1e-06 -15.809874 18.724541 6.363778 -1.844032 2.498504 -2.507278 -10.163595 4.678944 4.621107 -20.976021 -4e-06 1e-06 -21.22628 2.451694 -3.594001 0.0 -6e-06 -1e-06 -1.362681 2.240798 -0.746324 -21.334913 0.584909 3.008322 -13.821213 -2e-06 1e-06 -23.887167 -0.24908 -0.839484 -60.992599 2.621908 -1.138252 -0.294025 1.679686 0.833256 -14.218207 0.093214 1.300579 -34.212048 -0.287566 0.967168 -20.033211 0.964536 1.212843 -1e-06 1e-06 1e-06 -3.440388 0.788234 0.501656 -15.928183 -3.16731 2.999707 -6.338826 0.0 1e-06 -18.123444 3.648181 -4.905671 -5e-06 -0.0 -1e-06 4.902374 7.95095 17.090582 57.141953 10.431803 24.399649 179.325165 70.663956 179.896683 -9.55358 -5.638846 -34.525368 2.243542 -5.255037 -3.180159 14.282887 -0.826592 6.952506 -3e-06 -12.690604 -0.0 15.876131 -17.427387 2.667496 1.665664 -1.955921 -2.878299 4.727798 -4.170586 4.993925 11.020527 4e-06 -1e-06 12.109054 -3.735715 -2.866786 0.0 -0.0 0.0 1.291988 -1.92855 -1.498089 14.800129 0.56747 3.865609 14.242569 -1.341735 -6.660659 19.631968 0.143929 -0.648243 49.006374 -0.897195 -6.010644 0.353031 -1.511151 -0.03194 20.222788 3.684312 2.316631 18.78727 6e-06 0.0 10.751627 -0.479868 1.397907 -1e-06 -0.0 0.0 3.273808 0.305947 -0.580112 21.486811 11.830379 2.266135 8.162926 1e-06 1e-06 18.399078 -3.798984 -4.940573 3e-06 -1e-06 -1e-06 -1.864244 6.711663 -26.254181 -0.05999 0.132917 23.608086 -1.195609 3.618303 9.69417 1.682312 -1.916487 0.23143 0.0 0.0 2e-06 -12.61311 -9.808872 23.800983 -0.035334 0.44306 18.013186 12.828201 -2.831017 2.083803 -1.469705 0.854569 -8.799708 -0.0 1e-06 -1e-06 
0.0 0.0 0.0 0.0 -0.0 0.0 -0.24922 95.171608 624.98584 3.412282 -5.394429 -5.40215 -1.830348 0.815111 1.4932 -0.95166 3.150971 -5.125171 -1.073523 1.308183 12.212431 -0.706631 3.612678 29.303534 -1.579629 -3.043595 -3.428412 -0.328133 -2.870264 -0.632299 7.7e-05 -2.2e-05 4e-06 -0.012837 0.098457 -0.01723 0.644736 -3.635355 -10.460175 -0.683539 3.823511 -10.487854 -6.650222 5.228956 18.4802 -61.240665 11.28203 14.468424 177.111526 -68.523819 -178.533707 5.712053 1.109178 -5.178191 -5.882102 9.861284 0.702589 -10.936867 -0.360576 7.156203 -0.0 8.774826 -1e-06 -15.793163 18.88126 6.591693 -1.844032 2.498505 -2.507277 -10.163594 4.678944 4.621108 -20.976017 -4e-06 -0.0 -21.226276 2.451694 -3.593999 1e-06 -5e-06 0.0 -1.362682 2.240797 -0.746323 -21.334904 0.584908 3.008321 -13.82121 -3e-06 1e-06 -23.887159 -0.249081 -0.839484 -61.28603 2.576624 -1.137813 -0.294025 1.679687 0.833256 -14.218201 0.093214 1.300578 -34.212032 -0.287566 0.967168 -20.033203 0.964535 1.212843 0.0 0.0 -0.0 -3.440387 0.788233 0.501655 -15.928179 -3.167308 2.999705 -6.338821 -2e-06 0.0 -18.12344 3.648182 -4.905672 -6e-06 -0.0 -2e-06 4.946899 7.994492 18.409515 59.593578 10.327198 22.972214 175.329346 78.662262 175.499649 -11.330987 -8.36857 -32.94091 2.243541 -5.255037 -3.180161 14.282891 -0.826593 6.952506 -1e-06 -12.690608 0.0 16.005095 -17.319502 2.693914 1.665667 -1.955923 -2.878301 4.727799 -4.170589 4.993925 11.020528 4e-06 -2e-06 12.109056 -3.735716 -2.866787 -2e-06 -0.0 -0.0 1.291985 -1.92855 -1.49809 14.800129 0.567469 3.865608 14.242574 -1.341736 -6.660662 19.631969 0.143927 -0.648246 49.412273 -0.623229 -6.015708 0.353029 -1.511152 -0.031941 20.222797 3.68431 2.316632 18.787273 5e-06 -1e-06 10.751629 -0.479868 1.397906 -0.0 -0.0 -0.0 3.273807 0.305947 -0.580111 21.486822 11.830379 2.266136 8.16293 2e-06 -0.0 18.399086 -3.798985 -4.940577 3e-06 0.0 -1e-06 -3.719029 7.451473 -25.25853 -0.027578 0.1015 29.188738 0.615082 2.403731 3.627688 1.675361 -1.90072 1.591024 -0.0 0.0 2e-06 -15.811386 -9.410131 20.94245 -0.07785 0.818327 29.792042 12.988014 -3.956675 8.747915 -1.578116 0.945261 -12.997915 0.0 -1e-06 -3e-06 
0.0 0.0 0.0 0.0 -0.0 0.0 0.24844 95.738129 629.442993 3.95592 -5.680287 -6.007834 -1.811495 0.64213 2.053406 -0.897598 2.886087 -4.892247 -1.167886 0.914037 12.409872 -0.786721 4.212531 33.99229 -1.701281 -3.851654 -3.493282 -1.339973 -3.299795 1.896056 7.7e-05 -2.2e-05 6e-06 -0.036382 0.099989 -0.030616 0.592831 -3.685259 -10.651127 -0.676247 3.875817 -10.700141 -4.977645 4.982878 18.526361 -63.030468 4.047346 12.271902 179.983307 -70.331444 179.367294 4.984251 1.579197 -5.385783 -5.882107 9.861288 0.702589 -10.936872 -0.360575 7.156206 -1e-06 8.774825 -1e-06 -15.807755 18.558416 6.627153 -1.844033 2.498505 -2.507278 -10.163601 4.678945 4.621109 -20.976027 -3e-06 1e-06 -21.22629 2.451697 -3.594003 1e-06 -6e-06 0.0 -1.362682 2.240799 -0.746324 -21.334919 0.584909 3.008323 -13.821215 -3e-06 2e-06 -23.887175 -0.249079 -0.839484 -60.870655 2.655283 -1.138158 -0.294024 1.679687 0.833256 -14.21821 0.093215 1.300581 -34.212048 -0.287565 0.96717 -20.033218 0.964537 1.212844 -0.0 0.0 -0.0 -3.440389 0.788234 0.501656 -15.928189 -3.16731 2.999708 -6.338827 -2e-06 0.0 -18.123446 3.648183 -4.905673 -7e-06 -0.0 -1e-06 2.078698 9.017125 18.995443 62.831409 9.880631 23.467209 170.777191 82.858727 170.901016 -9.79971 -10.868633 -31.89138 2.243543 -5.255038 -3.180159 14.282896 -0.826596 6.952505 -2e-06 -12.690609 -1e-06 16.207415 -17.231852 2.650521 1.665666 -1.955922 -2.8783 4.727801 -4.17059 4.993924 11.020528 4e-06 -2e-06 12.109056 -3.735718 -2.866786 1e-06 1e-06 -1e-06 1.291985 -1.92855 -1.49809 14.800132 0.567467 3.86561 14.242577 -1.341737 -6.660661 19.631973 0.143924 -0.648248 49.741714 -0.446238 -5.983874 0.353029 -1.511151 -0.03194 20.222797 3.684309 2.31663 18.787275 4e-06 -2e-06 10.751629 -0.479869 1.397905 -0.0 0.0 1e-06 3.273808 0.305946 -0.580111 21.486816 11.830379 2.266135 8.16293 1e-06 -1e-06 18.399088 -3.798986 -4.940578 3e-06 0.0 -1e-06 -4.429079 7.82482 -22.0508 -0.102353 0.008895 30.283167 1.507811 2.310102 -0.047139 1.649835 -1.902493 1.635677 0.0 0.0 2e-06 -16.948172 -8.8751 15.052933 -0.012628 1.113091 43.287445 10.431173 -7.040897 16.82336 -1.546855 0.904028 -9.322612 -1e-06 -0.0 -0.0 
0.0 0.0 0.0 0.0 -0.0 0.0 0.186916 96.976196 633.524963 3.769502 -5.410155 -6.065265 -1.992648 0.391469 2.65939 -0.790003 2.242954 -4.675372 -0.929034 -0.141883 12.499146 -0.85135 4.36788 37.914051 -1.686134 -3.718714 -3.476139 -2.233565 -3.260303 4.11965 7.7e-05 -2.3e-05 8e-06 -0.090645 0.12059 -0.032572 0.568316 -3.686386 -10.840365 -0.75748 3.915472 -10.874887 -1.727909 3.946424 18.115679 -62.613682 -0.010293 10.299535 -178.61731 -66.869766 178.497543 4.136874 1.620023 -8.424955 -5.882107 9.861285 0.702592 -10.936872 -0.360573 7.156208 1e-06 8.774826 0.0 -15.605563 18.085398 6.556202 -1.844032 2.498504 -2.507278 -10.163603 4.678945 4.62111 -20.976027 -4e-06 1e-06 -21.226288 2.451696 -3.594001 2e-06 -6e-06 -0.0 -1.362683 2.240798 -0.746324 -21.334917 0.58491 3.008325 -13.821217 -2e-06 2e-06 -23.887175 -0.249079 -0.839484 -60.46093 2.667699 -1.133103 -0.294025 1.679687 0.833256 -14.218212 0.093215 1.300581 -34.212063 -0.287565 0.967171 -20.033218 0.964538 1.212844 0.0 1e-06 -0.0 -3.440388 0.788233 0.501656 -15.928189 -3.167309 2.999708 -6.338826 -1e-06 1e-06 -18.123447 3.648182 -4.905671 -5e-06 0.0 -2e-06 -0.353144 9.366374 18.658167 64.5718 8.183469 25.270262 175.76001 79.72908 175.72934 -6.093324 -9.857747 -32.810673 2.243542 -5.255037 -3.180158 14.282894 -0.826594 6.952504 -3e-06 -12.690603 0.0 16.27079 -17.327284 2.536925 1.665667 -1.955922 -2.878299 4.7278 -4.170588 4.993923 11.020526 2e-06 -1e-06 12.109055 -3.735716 -2.866783 -0.0 1e-06 -1e-06 1.291987 -1.928548 -1.498088 14.800129 0.567468 3.865606 14.242576 -1.341736 -6.660657 19.631969 0.143926 -0.648245 49.654091 -0.614417 -6.011332 0.353029 -1.511151 -0.031941 20.222794 3.684309 2.31663 18.787271 6e-06 -0.0 10.751629 -0.479869 1.397905 -0.0 0.0 2e-06 3.273807 0.305948 -0.580111 21.486816 11.830374 2.266133 8.162928 2e-06 -0.0 18.399088 -3.798983 -4.940576 3e-06 -0.0 -2e-06 -4.122025 6.687261 -18.10376 -0.118881 -0.104304 28.385542 1.364183 3.16646 -1.002068 1.669513 -1.973095 1.018142 -0.0 -0.0 2e-06 -15.985761 -9.655352 8.473163 0.039197 0.952183 53.488941 6.624859 -10.276805 20.820061 -1.508463 0.922502 -3.839723 -1e-06 -0.0 -1e-06 
0.0 0.0 0.0 0.0 -0.0 0.0 0.085703 98.368942 636.862427 2.857282 -4.330944 -5.775967 -2.050741 0.058993 3.309489 -0.723878 1.249528 -4.493685 -0.450434 -1.065905 12.70906 -0.315276 3.618831 40.29887 -1.68803 -3.652245 -3.453096 -2.718712 -3.271139 5.469219 7.7e-05 -2.2e-05 5e-06 -0.10398 0.084751 -0.04581 0.595107 -3.726772 -10.954837 -0.808279 3.884073 -10.975072 1.611461 2.053034 17.848156 -59.318001 -2.304054 8.219198 -179.130875 -61.412533 179.108353 3.320185 1.25481 -11.477463 -5.882108 9.86129 0.702588 -10.936875 -0.360576 7.156209 -0.0 8.77483 -2e-06 -15.481503 17.71426 6.508953 -1.844033 2.498506 -2.507278 -10.163603 4.678946 4.621111 -20.976028 -3e-06 2e-06 -21.22629 2.451697 -3.594001 -0.0 -7e-06 -0.0 -1.362682 2.240799 -0.746324 -21.334921 0.584909 3.008326 -13.82122 -3e-06 2e-06 -23.887175 -0.249077 -0.839481 -60.530613 2.606279 -1.111046 -0.294025 1.679688 0.833256 -14.218214 0.093214 1.300582 -34.212067 -0.287563 0.967173 -20.033222 0.964538 1.212845 -0.0 0.0 0.0 -3.44039 0.788234 0.501656 -15.928191 -3.167312 2.999709 -6.338828 -2e-06 1e-06 -18.123451 3.648185 -4.905673 -3e-06 0.0 -2e-06 -1.891218 8.827074 18.141554 65.745682 6.358785 25.736345 176.692947 75.644958 176.303757 -3.940504 -9.313363 -33.103615 2.243544 -5.255041 -3.180161 14.282901 -0.826595 6.952509 -2e-06 -12.690618 0.0 16.338362 -17.447857 2.483988 1.665667 -1.955924 -2.878301 4.727801 -4.17059 4.993928 11.020533 2e-06 -2e-06 12.109059 -3.735719 -2.866789 -1e-06 0.0 1e-06 1.291987 -1.928552 -1.498091 14.80014 0.567468 3.865611 14.242585 -1.341738 -6.660663 19.631983 0.143926 -0.648248 49.608059 -0.7799 -5.986192 0.353028 -1.511151 -0.031939 20.222803 3.684313 2.316631 18.787289 4e-06 -1e-06 10.751636 -0.479869 1.397907 0.0 -0.0 1e-06 3.273808 0.305947 -0.580111 21.486832 11.830384 2.266135 8.162935 1e-06 -0.0 18.399096 -3.798988 -4.940581 3e-06 0.0 -2e-06 -3.244335 4.75258 -14.47955 -0.12937 -0.239965 25.275532 1.098414 3.758383 -0.326567 1.662712 -2.012524 0.61051 -0.0 0.0 2e-06 -13.269519 -11.819173 2.367154 0.098886 0.490996 58.53569 4.910207 -12.071617 19.735689 -1.449551 0.896665 -2.886078 -1e-06 -0.0 -1e-06 
0.0 0.0 0.0 0.0 -0.0 0.0 -0.240725 99.705376 640.201904 1.737075 -2.826952 -5.232887 -2.023659 -0.309425 3.944133 -0.652714 0.29734 -4.326171 0.079176 -1.798585 12.871294 0.504382 2.102123 41.522953 -1.766773 -3.501792 -3.458274 -2.884577 -3.401065 6.067173 7.7e-05 -2.2e-05 7e-06 -0.044688 0.003851 -0.061791 0.686027 -3.793983 -10.956306 -0.779729 3.793018 -10.982203 4.541734 0.096365 17.530827 -54.460045 -3.378654 5.990959 -179.917374 -56.022022 179.826843 2.083741 -0.172704 -14.229885 -5.882106 9.861291 0.702592 -10.936872 -0.360574 7.156208 -2e-06 8.77483 -0.0 -15.385351 17.656284 6.485587 -1.844033 2.498506 -2.507279 -10.163601 4.678947 4.621111 -20.976027 -0.0 2e-06 -21.226292 2.4517 -3.594002 0.0 -6e-06 -1e-06 -1.362682 2.2408 -0.746323 -21.334913 0.584912 3.008324 -13.821217 -1e-06 1e-06 -23.887171 -0.249076 -0.839485 -60.534992 2.56712 -1.175187 -0.294025 1.679688 0.833257 -14.218213 0.093217 1.300582 -34.212048 -0.287559 0.967171 -20.033216 0.964539 1.212842 0.0 0.0 0.0 -3.440388 0.788234 0.501656 -15.928189 -3.167308 2.999709 -6.338827 0.0 1e-06 -18.123446 3.648188 -4.905673 -5e-06 -1e-06 -2e-06 -3.061765 7.99662 17.700218 67.101807 4.356876 24.853559 176.439651 72.740105 175.825272 -3.324291 -9.494073 -33.550526 2.243542 -5.255038 -3.180159 14.282888 -0.826593 6.952505 -4e-06 -12.690605 -0.0 16.429724 -17.668003 2.495701 1.665664 -1.955922 -2.8783 4.727798 -4.170588 4.993925 11.020525 4e-06 -2e-06 12.109052 -3.735715 -2.866785 -1e-06 1e-06 0.0 1.291987 -1.92855 -1.49809 14.800129 0.567468 3.865608 14.242571 -1.341734 -6.660659 19.631966 0.143928 -0.648245 49.708534 -0.855688 -6.070278 0.353029 -1.511151 -0.031941 20.222788 3.684312 2.316631 18.78727 5e-06 -1e-06 10.751626 -0.479868 1.397907 -1e-06 1e-06 1e-06 3.273806 0.305947 -0.580111 21.486816 11.830379 2.266133 8.16293 2e-06 1e-06 18.399084 -3.798985 -4.940575 3e-06 0.0 -2e-06 -2.050495 3.091084 -11.534817 -0.127094 -0.296051 22.785692 0.741081 3.731638 0.978943 1.655882 -1.98287 0.133438 0.0 -0.0 2e-06 -9.680637 -14.320971 -3.267829 0.059886 -0.030853 58.20203 4.653314 -12.703559 17.381113 -1.392795 0.858686 -2.863066 -1e-06 -1e-06 -1e-06 
0.0 0.0 0.0 0.0 -0.0 0.0 -0.695198 100.942062 643.640442 0.747646 -1.273322 -4.53054 -1.949112 -0.584573 4.488906 -0.589366 -0.406067 -4.17184 0.601051 -2.410417 12.951292 1.389293 0.378223 42.007072 -1.816482 -3.3458 -3.495616 -2.909552 -3.635477 6.141398 7.7e-05 -2.3e-05 7e-06 0.03289 -0.062444 -0.068218 0.773282 -3.840378 -10.889556 -0.712028 3.711902 -10.925092 6.918667 -1.450769 17.281168 -49.860821 -3.779986 4.003549 179.62915 -51.910816 -179.826141 0.835032 -2.068968 -16.392609 -5.882105 9.861284 0.702589 -10.936868 -0.360573 7.156204 -0.0 8.774824 -1e-06 -15.415232 17.911306 6.472974 -1.844033 2.498504 -2.507279 -10.163601 4.678945 4.621108 -20.976021 -2e-06 1e-06 -21.226284 2.451698 -3.594002 0.0 -7e-06 -0.0 -1.362682 2.240798 -0.746322 -21.334911 0.584911 3.008322 -13.821209 -1e-06 0.0 -23.887165 -0.249077 -0.839484 -60.322483 2.551945 -1.341024 -0.294025 1.679687 0.833256 -14.218206 0.093216 1.300581 -34.212044 -0.287562 0.967167 -20.033209 0.964537 1.212841 0.0 -0.0 0.0 -3.440387 0.788234 0.501656 -15.928183 -3.167308 2.999706 -6.338825 -1e-06 1e-06 -18.123444 3.648183 -4.905671 -4e-06 0.0 -2e-06 -4.167558 7.195673 17.390583 68.705185 2.249664 23.157591 175.627579 71.421234 174.926331 -3.833312 -9.76203 -34.078453 2.243542 -5.255039 -3.180159 14.282888 -0.826595 6.952503 -1e-06 -12.690604 -0.0 16.464245 -17.855536 2.559477 1.665665 -1.955922 -2.878299 4.727798 -4.170588 4.993924 11.020526 3e-06 -1e-06 12.109053 -3.735717 -2.866787 -0.0 1e-06 0.0 1.291984 -1.92855 -1.49809 14.800127 0.567467 3.865609 14.242569 -1.341736 -6.660659 19.631968 0.143926 -0.648244 49.904644 -0.889553 -6.167818 0.353029 -1.511151 -0.031941 20.222788 3.684309 2.316629 18.78727 4e-06 -2e-06 10.751625 -0.479869 1.397905 -2e-06 0.0 0.0 3.273806 0.305947 -0.58011 21.486813 11.830377 2.266135 8.162924 2e-06 2e-06 18.39908 -3.798987 -4.940577 3e-06 0.0 -2e-06 -0.818513 2.327247 -9.608027 -0.121034 -0.297882 21.928476 0.257803 3.136933 3.006968 1.66495 -1.944822 -1.064573 0.0 -0.0 1e-06 -6.007557 -16.360708 -7.962647 -0.046924 -0.494439 52.014954 4.676409 -12.995419 15.061292 -1.368429 0.810707 -3.019351 1e-06 -1e-06 -2e-06 
0.0 0.0 0.0 0.0 -0.0 0.0 -1.247786 102.068985 647.146729 0.129874 0.119653 -3.894388 -1.902049 -0.662211 5.021986 -0.544483 -0.875215 -4.006054 0.997958 -2.891085 12.989465 2.301577 -1.248821 42.171387 -1.768771 -3.189769 -3.54027 -2.896004 -3.940712 5.851254 7.7e-05 -2.3e-05 7e-06 0.073218 -0.089146 -0.065648 0.807516 -3.865991 -10.865236 -0.666826 3.688961 -10.913094 8.955873 -2.494249 17.171236 -47.004513 -3.862778 2.793238 179.429825 -49.662117 -179.639511 0.082632 -3.350906 -17.331358 -5.882111 9.86129 0.702589 -10.936877 -0.360573 7.156209 -0.0 8.77483 1e-06 -15.445011 18.260798 6.454985 -1.844034 2.498507 -2.507281 -10.163605 4.678947 4.62111 -20.976032 -1e-06 1e-06 -21.226297 2.451698 -3.594004 0.0 -7e-06 -1e-06 -1.36268 2.2408 -0.746325 -21.334925 0.584912 3.008324 -13.821219 -0.0 0.0 -23.887182 -0.249078 -0.839487 -60.090504 2.565989 -1.552126 -0.294025 1.679687 0.833256 -14.218215 0.093216 1.300582 -34.212067 -0.287562 0.967168 -20.033222 0.964537 1.212843 -0.0 -1e-06 -1e-06 -3.440389 0.788234 0.501655 -15.928192 -3.16731 2.999709 -6.338829 -0.0 2e-06 -18.123455 3.648185 -4.905674 -5e-06 0.0 -2e-06 -5.290548 6.64406 17.312386 70.361794 0.281451 21.390018 174.87326 71.281708 174.203064 -4.59207 -9.675808 -34.096676 2.243541 -5.255037 -3.180159 14.282892 -0.826592 6.952504 -4e-06 -12.690607 0.0 16.506794 -17.910656 2.583878 1.665666 -1.955923 -2.878301 4.727797 -4.170589 4.993925 11.020525 5e-06 -1e-06 12.109053 -3.735715 -2.866785 0.0 -1e-06 1e-06 1.291986 -1.928548 -1.49809 14.800131 0.567471 3.865609 14.242569 -1.341736 -6.660661 19.631969 0.143928 -0.648244 50.208973 -0.916265 -6.306721 0.353031 -1.511153 -0.03194 20.22279 3.684311 2.316631 18.78727 5e-06 1e-06 10.751627 -0.479867 1.397908 -1e-06 0.0 -0.0 3.273805 0.305947 -0.580112 21.486816 11.830379 2.266135 8.162928 3e-06 2e-06 18.399084 -3.798983 -4.940573 3e-06 -0.0 -1e-06 0.280313 2.616902 -8.808206 -0.127822 -0.265284 23.494099 -0.204756 1.984954 6.390234 1.710536 -1.955011 -3.782135 0.0 -0.0 1e-06 -2.93315 -17.616323 -10.83889 -0.14167 -0.735015 40.264828 5.430933 -12.84783 12.81335 -1.396754 0.789136 -3.570483 -0.0 0.0 -3e-06 
0.0 0.0 0.0 0.0 -0.0 0.0 -1.764584 102.925156 650.842407 0.241477 1.384961 -3.538809 -2.130679 -0.562611 5.605301 -0.530729 -1.24031 -3.751965 1.142071 -3.044259 12.936502 3.290058 -2.662519 42.091316 -1.734879 -3.212281 -3.482127 -3.037955 -4.206582 5.271208 7.7e-05 -2.2e-05 6e-06 0.034608 -0.077316 -0.068823 0.789989 -3.859207 -10.877336 -0.726778 3.709733 -10.952799 10.825255 -3.082734 17.133812 -46.36298 -3.712783 2.651651 179.176376 -48.9828 -179.293686 -0.426593 -3.678097 -16.978813 -5.882108 9.86129 0.702588 -10.936877 -0.360577 7.156208 0.0 8.774828 -1e-06 -15.362685 18.434923 6.548374 -1.844033 2.498505 -2.507279 -10.163608 4.678945 4.621109 -20.976032 -3e-06 3e-06 -21.226295 2.451697 -3.594002 0.0 -6e-06 0.0 -1.362682 2.240799 -0.746324 -21.334923 0.584909 3.008325 -13.82122 -3e-06 1e-06 -23.88718 -0.249077 -0.839483 -60.152458 2.572045 -1.550838 -0.294025 1.679688 0.833256 -14.218215 0.093214 1.300581 -34.212059 -0.287563 0.967171 -20.03322 0.964537 1.212844 -0.0 0.0 -0.0 -3.440389 0.788233 0.501656 -15.928191 -3.16731 2.999709 -6.33883 -2e-06 1e-06 -18.123457 3.648182 -4.905674 -4e-06 0.0 -2e-06 -6.602234 6.247026 17.37874 72.033508 -1.648074 20.329237 174.79184 71.704445 174.296875 -4.898687 -8.764322 -33.649803 2.243541 -5.255038 -3.180158 14.282887 -0.826594 6.952505 -2e-06 -12.690605 -1e-06 16.500933 -17.816179 2.592402 1.665665 -1.955922 -2.878298 4.727797 -4.170586 4.993923 11.020522 4e-06 0.0 12.10905 -3.735714 -2.866783 0.0 -1e-06 -1e-06 1.291985 -1.928549 -1.49809 14.800127 0.56747 3.865609 14.242569 -1.341736 -6.660656 19.631968 0.143926 -0.648242 50.390343 -0.907611 -6.397263 0.353029 -1.51115 -0.03194 20.222788 3.68431 2.316633 18.78727 4e-06 2e-06 10.751626 -0.479868 1.397908 -1e-06 0.0 -1e-06 3.273806 0.305946 -0.580111 21.486809 11.830376 2.266137 8.162924 2e-06 2e-06 18.39908 -3.798986 -4.940573 3e-06 -0.0 -1e-06 0.654411 3.948723 -9.649258 -0.128252 -0.171558 28.264719 0.128954 0.692845 10.430782 1.819247 -1.961542 -7.987293 0.0 -0.0 2e-06 -1.274832 -18.444632 -10.846993 -0.093967 -0.598822 23.84935 8.205843 -10.930437 11.638227 -1.449619 0.860239 -4.479951 -0.0 -0.0 -1e-06 
0.0 0.0 0.0 0.0 -0.0 0.0 -2.15435 103.219711 654.773499 1.080099 2.229337 -3.617103 -2.639052 -0.291919 5.96877 -0.511817 -1.447281 -3.576015 0.997864 -2.857725 13.173048 4.081139 -3.451296 41.956455 -1.797594 -3.258421 -3.39991 -3.055632 -4.583824 5.024211 7.7e-05 -2.2e-05 7e-06 -0.046146 -0.030717 -0.055506 0.73353 -3.802201 -10.881881 -0.835888 3.749666 -10.988998 11.987415 -3.213925 17.108168 -47.10252 -3.368426 2.661285 179.631592 -49.693848 -179.652527 -0.456989 -4.026057 -16.828369 -5.882106 9.861286 0.702591 -10.936872 -0.360575 7.156207 0.0 8.774826 1e-06 -15.35112 18.345957 6.497398 -1.844032 2.498504 -2.507279 -10.163601 4.678946 4.621109 -20.976023 -3e-06 2e-06 -21.226286 2.451696 -3.594 1e-06 -6e-06 -0.0 -1.362683 2.240798 -0.746324 -21.334913 0.58491 3.008325 -13.821214 -1e-06 2e-06 -23.887169 -0.249079 -0.839482 -60.411591 2.462992 -1.480884 -0.294025 1.679687 0.833256 -14.218208 0.093215 1.300581 -34.212048 -0.287564 0.967169 -20.033215 0.964536 1.212844 -1e-06 1e-06 0.0 -3.440389 0.788233 0.501655 -15.928185 -3.167311 2.999708 -6.338825 -1e-06 1e-06 -18.123444 3.648181 -4.905671 -4e-06 0.0 -2e-06 -7.727858 6.022673 17.584129 73.157921 -3.406522 20.222273 175.676727 72.406158 175.281403 -4.291796 -7.323071 -33.252407 2.243541 -5.255037 -3.180157 14.282887 -0.826593 6.9525 -2e-06 -12.690605 -0.0 16.415596 -17.819942 2.547586 1.665666 -1.955923 -2.878299 4.727797 -4.170586 4.993922 11.020524 3e-06 -3e-06 12.109051 -3.735715 -2.866785 1e-06 -1e-06 0.0 1.291987 -1.928547 -1.49809 14.800127 0.567469 3.865606 14.24257 -1.341737 -6.660656 19.631968 0.143928 -0.648243 50.769978 -0.935715 -6.451405 0.353028 -1.51115 -0.031939 20.222788 3.684312 2.31663 18.78727 7e-06 -2e-06 10.751626 -0.479868 1.397906 0.0 -0.0 -0.0 3.273806 0.305948 -0.580111 21.486809 11.830376 2.266133 8.162924 3e-06 -0.0 18.399076 -3.798982 -4.940575 3e-06 -0.0 -0.0 0.145649 5.614318 -11.189884 -0.132235 -0.059382 34.990509 2.912325 1.610566 14.451748 1.870522 -1.903042 -9.974263 0.0 0.0 3e-06 -1.053456 -18.237265 -8.599147 0.03382 -0.405871 6.728817 12.703464 -8.482413 12.730617 -1.391651 0.943079 -4.393026 -0.0 1e-06 -1e-06 
0.0 0.0 0.0 0.0 -0.0 0.0 -2.277766 102.755997 656.824585 1.910908 2.511315 -3.996523 -2.724369 0.183848 5.897364 -0.613327 -1.486166 -3.539176 0.777145 -2.263934 13.76631 4.458983 -3.668322 42.520718 -1.833425 -3.240513 -3.361579 -3.273347 -4.746565 5.34665 7.7e-05 -2.3e-05 7e-06 -0.039814 -0.026233 -0.026241 0.753811 -3.728456 -10.745603 -0.843616 3.683992 -10.890152 11.597049 -3.031574 17.021677 -48.163399 -2.494742 2.757478 -179.143677 -51.281036 179.289856 -0.29402 -4.733262 -17.830782 -5.882109 9.86129 0.702591 -10.936875 -0.360575 7.156208 2e-06 8.774828 0.0 -15.404576 18.330021 6.345281 -1.844034 2.498506 -2.507278 -10.163604 4.678947 4.62111 -20.976028 -1e-06 -0.0 -21.226292 2.451697 -3.594003 0.0 -5e-06 -0.0 -1.36268 2.240799 -0.746324 -21.334925 0.58491 3.008324 -13.821218 -1e-06 1e-06 -23.887178 -0.249076 -0.839484 -60.585487 2.408368 -1.53142 -0.294024 1.679688 0.833256 -14.218217 0.093215 1.300581 -34.212055 -0.287561 0.96717 -20.033222 0.964539 1.212843 -0.0 -0.0 1e-06 -3.44039 0.788234 0.501657 -15.928192 -3.167309 2.999709 -6.338827 -1e-06 3e-06 -18.123453 3.648185 -4.905671 -4e-06 0.0 -1e-06 -8.043297 5.726559 17.894907 72.831406 -4.706618 20.485813 175.792603 72.967369 175.804886 -3.215297 -6.051809 -33.299858 2.243542 -5.255037 -3.180158 14.282895 -0.826594 6.952503 -2e-06 -12.690608 1e-06 16.444771 -18.108526 2.41866 1.665666 -1.955924 -2.878301 4.727798 -4.170588 4.993925 11.020528 4e-06 -3e-06 12.109056 -3.735717 -2.866786 -0.0 -0.0 -1e-06 1.291987 -1.928548 -1.498089 14.800132 0.567468 3.865608 14.242577 -1.341737 -6.660661 19.631973 0.143928 -0.648246 51.272488 -1.020538 -6.579885 0.35303 -1.51115 -0.03194 20.222797 3.684309 2.316629 18.787277 4e-06 -2e-06 10.751633 -0.479869 1.397905 1e-06 -1e-06 -0.0 3.273808 0.305946 -0.580111 21.486816 11.830378 2.26613 8.162928 2e-06 -1e-06 18.399088 -3.798985 -4.940577 3e-06 0.0 1e-06 -0.515178 6.817351 -13.386551 -0.063782 0.138053 43.343266 9.411525 5.779377 18.660795 1.747858 -1.728511 -8.189434 0.0 -0.0 4e-06 -1.064024 -17.29133 -6.572392 0.086874 -0.381292 -4.527453 14.738317 -8.060294 16.783491 -1.281006 1.046838 -3.763915 -0.0 0.0 -1e-06 
