HIERARCHY
ROOT Root
{
  OFFSET 0.0 0.0 0.0
  CHANNELS 6 Xposition Yposition Zposition Zrotation Yrotation Xrotation
  JOINT Hips
  {
    OFFSET 0.0 100.0 0.0
    CHANNELS 6 Xposition Yposition Zposition Zrotation Yrotation Xrotation
    JOINT Spine1
    {
      OFFSET -0.013727 5.003763 -0.053727
      CHANNELS 3 Zrotation Yrotation Xrotation
      JOINT Spine2
      {
        OFFSET -0.0 7.125301 -0.029825
        CHANNELS 3 Zrotation Yrotation Xrotation
        JOINT Chest
        {
          OFFSET -1e-06 7.550063 -0.815971
          CHANNELS 3 Zrotation Yrotation Xrotation
          JOINT Neck1
          {
            OFFSET -0.181677 26.311295 -0.553348
            CHANNELS 3 Zrotation Yrotation Xrotation
            JOINT Neck2
            {
              OFFSET -3e-06 7.709397 2.302585
              CHANNELS 3 Zrotation Yrotation Xrotation
              JOINT Head
              {
                OFFSET -5e-06 6.128916 1.953709
                CHANNELS 3 Zrotation Yrotation Xrotation
                JOINT HeadEnd
                {
                  OFFSET 0.003598 16.065403 -1.835379
                  CHANNELS 3 Zrotation Yrotation Xrotation
                }
                JOINT Jaw
                {
                  OFFSET 0.002637 0.475592 3.094941
                  CHANNELS 3 Zrotation Yrotation Xrotation
                }
                JOINT LeftEye
                {
                  OFFSET 3.206381 5.380205 7.586883
                  CHANNELS 3 Zrotation Yrotation Xrotation
                }
                JOINT RightEye
                {
                  OFFSET -3.22244 5.361869 7.558234
                  CHANNELS 3 Zrotation Yrotation Xrotation
                }
              }
            }
          }
          JOINT LeftShoulder
          {
            OFFSET 1.621652 23.237164 5.113413
            CHANNELS 3 Zrotation Yrotation Xrotation
            JOINT LeftArm
            {
              OFFSET 14.919846 2e-06 -5.502326
              CHANNELS 3 Zrotation Yrotation Xrotation
              JOINT LeftForeArm
              {
                OFFSET 28.739307 0.0 -0.002588
                CHANNELS 3 Zrotation Yrotation Xrotation
                JOINT LeftHand
                {
                  OFFSET 27.093981 -1e-06 0.002609
                  CHANNELS 3 Zrotation Yrotation Xrotation
                  JOINT LeftHandThumb1
                  {
                    OFFSET 2.276482 -1.392045 3.191413
                    CHANNELS 3 Zrotation Yrotation Xrotation
                    JOINT LeftHandThumb2
                    {
                      OFFSET 4.012836 -1.828127 1.641654
                      CHANNELS 3 Zrotation Yrotation Xrotation
                      JOINT LeftHandThumb3
                      {
                        OFFSET 2.798515 0.0 -3e-06
                        CHANNELS 3 Zrotation Yrotation Xrotation
                        JOINT LeftHandThumbEnd
                        {
                          OFFSET 3.180793 -4e-06 4e-06
                          CHANNELS 3 Zrotation Yrotation Xrotation
                        }
                      }
                    }
                  }
                  JOINT LeftHandIndex1
                  {
                    OFFSET 3.247555 -0.531998 2.296169
                    CHANNELS 3 Zrotation Yrotation Xrotation
                    JOINT LeftHandIndex2
                    {
                      OFFSET 6.364578 0.01206 0.1786
                      CHANNELS 3 Zrotation Yrotation Xrotation
                      JOINT LeftHandIndex3
                      {
                        OFFSET 3.662364 0.0 0.0
                        CHANNELS 3 Zrotation Yrotation Xrotation
                        JOINT LeftHandIndex4
                        {
                          OFFSET 2.329242 4e-06 4e-06
                          CHANNELS 3 Zrotation Yrotation Xrotation
                          JOINT LeftHandIndexEnd
                          {
                            OFFSET 2.759615 -0.180537 -0.113024
                            CHANNELS 3 Zrotation Yrotation Xrotation
                          }
                        }
                      }
                    }
                  }
                  JOINT LeftHandMiddle1
                  {
                    OFFSET 3.163495 0.240981 1.000332
                    CHANNELS 3 Zrotation Yrotation Xrotation
                    JOINT LeftHandMiddle2
                    {
                      OFFSET 6.19078 -0.259278 -1.002548
                      CHANNELS 3 Zrotation Yrotation Xrotation
                      JOINT LeftHandMiddle3
                      {
                        OFFSET 4.35652 -4e-06 -1e-06
                        CHANNELS 3 Zrotation Yrotation Xrotation
                        JOINT LeftHandMiddle4
                        {
                          OFFSET 2.996877 -8e-06 0.0
                          CHANNELS 3 Zrotation Yrotation Xrotation
                          JOINT LeftHandMiddleEnd
                          {
                            OFFSET 2.304287 -0.294569 -0.031741
                            CHANNELS 3 Zrotation Yrotation Xrotation
                          }
                        }
                      }
                    }
                  }
                  JOINT LeftHandRing1
                  {
                    OFFSET 2.882643 -0.053652 -0.322543
                    CHANNELS 3 Zrotation Yrotation Xrotation
                    JOINT LeftHandRing2
                    {
                      OFFSET 5.854541 -0.486202 -1.373841
                      CHANNELS 3 Zrotation Yrotation Xrotation
                      JOINT LeftHandRing3
                      {
                        OFFSET 4.350578 0.0 3e-06
                        CHANNELS 3 Zrotation Yrotation Xrotation
                        JOINT LeftHandRing4
                        {
                          OFFSET 2.651321 7e-06 2e-06
                          CHANNELS 3 Zrotation Yrotation Xrotation
                          JOINT LeftHandRingEnd
                          {
                            OFFSET 1.936105 0.077687 -7.1e-05
                            CHANNELS 3 Zrotation Yrotation Xrotation
                          }
                        }
                      }
                    }
                  }
                  JOINT LeftHandPinky1
                  {
                    OFFSET 2.8655 -0.310005 -1.600378
                    CHANNELS 3 Zrotation Yrotation Xrotation
                    JOINT LeftHandPinky2
                    {
                      OFFSET 5.087849 -1.331141 -1.77123
                      CHANNELS 3 Zrotation Yrotation Xrotation
                      JOINT LeftHandPinky3
                      {
                        OFFSET 3.070974 4e-06 0.0
                        CHANNELS 3 Zrotation Yrotation Xrotation
                        JOINT LeftHandPinky4
                        {
                          OFFSET 1.549672 0.0 1e-06
                          CHANNELS 3 Zrotation Yrotation Xrotation
                          JOINT LeftHandPinkyEnd
                          {
                            OFFSET 1.944893 -0.157802 0.057219
                            CHANNELS 3 Zrotation Yrotation Xrotation
                          }
                        }
                      }
                    }
                  }
                }
              }
            }
          }
          JOINT RightShoulder
          {
            OFFSET -1.380118 23.180309 5.214158
            CHANNELS 3 Zrotation Yrotation Xrotation
            JOINT RightArm
            {
              OFFSET -15.037196 1.2e-05 -5.545604
              CHANNELS 3 Zrotation Yrotation Xrotation
              JOINT RightForeArm
              {
                OFFSET -28.736639 2e-06 -0.002597
                CHANNELS 3 Zrotation Yrotation Xrotation
                JOINT RightHand
                {
                  OFFSET -27.133619 -0.0 0.002613
                  CHANNELS 3 Zrotation Yrotation Xrotation
                  JOINT RightHandThumb1
                  {
                    OFFSET -2.274032 -1.383988 3.163127
                    CHANNELS 3 Zrotation Yrotation Xrotation
                    JOINT RightHandThumb2
                    {
                      OFFSET -4.011429 -1.827466 1.640914
                      CHANNELS 3 Zrotation Yrotation Xrotation
                      JOINT RightHandThumb3
                      {
                        OFFSET -2.794935 -4e-06 -3e-06
                        CHANNELS 3 Zrotation Yrotation Xrotation
                        JOINT RightHandThumbEnd
                        {
                          OFFSET -3.183852 4e-06 1e-06
                          CHANNELS 3 Zrotation Yrotation Xrotation
                        }
                      }
                    }
                  }
                  JOINT RightHandIndex1
                  {
                    OFFSET -3.253266 -0.520057 2.282866
                    CHANNELS 3 Zrotation Yrotation Xrotation
                    JOINT RightHandIndex2
                    {
                      OFFSET -6.341917 0.012471 0.178266
                      CHANNELS 3 Zrotation Yrotation Xrotation
                      JOINT RightHandIndex3
                      {
                        OFFSET -3.654871 -8e-06 -0.0
                        CHANNELS 3 Zrotation Yrotation Xrotation
                        JOINT RightHandIndex4
                        {
                          OFFSET -2.327586 0.0 1e-06
                          CHANNELS 3 Zrotation Yrotation Xrotation
                          JOINT RightHandIndexEnd
                          {
                            OFFSET -2.76179 -0.180656 -0.113078
                            CHANNELS 3 Zrotation Yrotation Xrotation
                          }
                        }
                      }
                    }
                  }
                  JOINT RightHandMiddle1
                  {
                    OFFSET -3.168106 0.246593 1.00103
                    CHANNELS 3 Zrotation Yrotation Xrotation
                    JOINT RightHandMiddle2
                    {
                      OFFSET -6.180828 -0.258836 -1.000895
                      CHANNELS 3 Zrotation Yrotation Xrotation
                      JOINT RightHandMiddle3
                      {
                        OFFSET -4.348901 0.0 -0.0
                        CHANNELS 3 Zrotation Yrotation Xrotation
                        JOINT RightHandMiddle4
                        {
                          OFFSET -3.00024 -4e-06 -2e-06
                          CHANNELS 3 Zrotation Yrotation Xrotation
                          JOINT RightHandMiddleEnd
                          {
                            OFFSET -2.30252 -0.29437 -0.031706
                            CHANNELS 3 Zrotation Yrotation Xrotation
                          }
                        }
                      }
                    }
                  }
                  JOINT RightHandRing1
                  {
                    OFFSET -2.88569 -0.067952 -0.308858
                    CHANNELS 3 Zrotation Yrotation Xrotation
                    JOINT RightHandRing2
                    {
                      OFFSET -5.854198 -0.48613 -1.373731
                      CHANNELS 3 Zrotation Yrotation Xrotation
                      JOINT RightHandRing3
                      {
                        OFFSET -4.33881 -4e-06 -0.0
                        CHANNELS 3 Zrotation Yrotation Xrotation
                        JOINT RightHandRing4
                        {
                          OFFSET -2.654903 -4e-06 4e-06
                          CHANNELS 3 Zrotation Yrotation Xrotation
                          JOINT RightHandRingEnd
                          {
                            OFFSET -1.933568 0.077527 -5.2e-05
                            CHANNELS 3 Zrotation Yrotation Xrotation
                          }
                        }
                      }
                    }
                  }
                  JOINT RightHandPinky1
                  {
                    OFFSET -2.866425 -0.342796 -1.584145
                    CHANNELS 3 Zrotation Yrotation Xrotation
                    JOINT RightHandPinky2
                    {
                      OFFSET -5.091371 -1.332055 -1.772385
                      CHANNELS 3 Zrotation Yrotation Xrotation
                      JOINT RightHandPinky3
                      {
                        OFFSET -3.062664 -4e-06 1e-06
                        CHANNELS 3 Zrotation Yrotation Xrotation
                        JOINT RightHandPinky4
                        {
                          OFFSET -1.546529 4e-06 -2e-06
                          CHANNELS 3 Zrotation Yrotation Xrotation
                          JOINT RightHandPinkyEnd
                          {
                            OFFSET -1.945119 -0.157718 0.057211
                            CHANNELS 3 Zrotation Yrotation Xrotation
                          }
                        }
                      }
                    }
                  }
                }
              }
            }
          }
        }
      }
    }
    JOINT LeftLeg
    {
      OFFSET 10.043214 -8.434526 2.595655
      CHANNELS 3 Zrotation Yrotation Xrotation
      JOINT LeftShin
      {
        OFFSET -1e-06 -43.221752 -0.802913
        CHANNELS 3 Zrotation Yrotation Xrotation
        JOINT LeftFoot
        {
          OFFSET 1e-06 -42.155094 -3.481523
          CHANNELS 3 Zrotation Yrotation Xrotation
          JOINT LeftToeBase
          {
            OFFSET 0.0 -5.059472 13.231529
            CHANNELS 3 Zrotation Yrotation Xrotation
            JOINT LeftToeEnd
            {
              OFFSET -0.009607 -1.647619 6.513017
              CHANNELS 3 Zrotation Yrotation Xrotation
            }
          }
        }
      }
    }
    JOINT RightLeg
    {
      OFFSET -10.047278 -8.29526 2.620317
      CHANNELS 3 Zrotation Yrotation Xrotation
      JOINT RightShin
      {
        OFFSET 1e-06 -43.362206 -0.805556
        CHANNELS 3 Zrotation Yrotation Xrotation
        JOINT RightFoot
        {
          OFFSET 2e-06 -42.117393 -3.478398
          CHANNELS 3 Zrotation Yrotation Xrotation
          JOINT RightToeBase
          {
            OFFSET -0.0 -5.079609 13.284196
            CHANNELS 3 Zrotation Yrotation Xrotation
            JOINT RightToeEnd
            {
              OFFSET 0.009532 -1.634378 6.460591
              CHANNELS 3 Zrotation Yrotation Xrotation
            }
          }
        }
      }
    }
  }
}
MOTION
Frames: 120
Frame Time: 0.03333333333333333
0.0 0.0 0.0 0.0 -0.0 0.0 2.554244 94.494576 -3.221038 4.464918 -0.466261 6.369238 -1.758693 0.005591 -2.533788 -0.933383 1.580876 -5.692897 -2.388654 -1.13809 11.548954 -1.730618 3.248929 -2.244689 -0.879272 -0.247313 -3.678993 2.19374 -2.061332 -6.405041 7.7e-05 -2.2e-05 6e-06 0.027819 0.057278 -0.034045 0.734247 -3.686931 -10.643523 -0.689471 3.804814 -10.692698 -18.385004 -4.746775 15.202352 -62.78928 2.485932 -3.816085 0.378403 -24.756607 0.205424 5.665271 -0.492539 0.373548 -5.882109 9.861288 0.70259 -10.936877 -0.360576 7.156209 1e-06 8.774827 0.0 -16.406986 17.923191 5.884643 -1.844033 2.498505 -2.507278 -10.163605 4.678945 4.621111 -20.976034 -4e-06 3e-06 -21.226294 2.451697 -3.594 -1e-06 -5e-06 -0.0 -1.362682 2.240798 -0.746324 -21.334925 0.584909 3.008325 -13.82122 -3e-06 3e-06 -23.887182 -0.24908 -0.839481 -60.398537 2.413134 -0.871885 -0.294024 1.679687 0.833257 -14.218216 0.093214 1.300581 -34.212067 -0.287565 0.967173 -20.033226 0.964537 1.212845 -1e-06 0.0 0.0 -3.440389 0.788233 0.501656 -15.928198 -3.167311 2.999709 -6.33883 -1e-06 1e-06 -18.123457 3.648183 -4.905671 -4e-06 0.0 -3e-06 13.84938 11.366508 16.156145 55.032295 25.041822 21.207747 -0.484811 35.993523 -0.093069 -11.106737 5.785265 -9.338373 2.243542 -5.255039 -3.180157 14.282887 -0.826594 6.952503 -2e-06 -12.690605 -2e-06 15.600502 -17.850492 2.981334 1.665666 -1.955921 -2.878299 4.727797 -4.170588 4.993921 11.020525 3e-06 -1e-06 12.109052 -3.735715 -2.866786 1e-06 0.0 0.0 1.291986 -1.928551 -1.498089 14.800127 0.567468 3.865606 14.242571 -1.341736 -6.66066 19.631969 0.143926 -0.648246 49.772141 -0.883259 -6.191863 0.35303 -1.511151 -0.031939 20.222788 3.684311 2.316627 18.78727 5e-06 -3e-06 10.751627 -0.479867 1.397905 1e-06 2e-06 -1e-06 3.273807 0.305946 -0.580111 21.486811 11.830379 2.266131 8.162926 3e-06 -2e-06 18.39908 -3.798981 -4.940577 4e-06 0.0 -2e-06 -6.339108 0.207336 -37.821053 0.07774 -0.034055 25.387781 0.477958 9.194213 5.797597 1.63605 -1.970594 -2.987854 0.0 -0.0 2e-06 -5.501201 1.071427 8.920796 -0.155669 0.535831 28.614042 0.687405 2.701487 -0.09594 -1.577653 0.821341 -27.15085 -0.0 -0.0 -1e-06 
0.0 0.0 0.0 0.0 -0.0 0.0 3.104097 95.090553 1.189164 5.157743 -0.010629 5.645718 -2.469089 -0.15098 -2.35046 -1.115511 1.459228 -5.467435 -3.016721 -1.380553 11.278606 -0.566106 2.767692 -1.896779 -1.016291 -0.431833 -3.623726 2.421668 -2.224198 -6.410569 7.7e-05 -2.2e-05 6e-06 0.026377 0.082691 -0.040309 0.742333 -3.649867 -10.594054 -0.699605 3.815975 -10.638327 -17.620972 -5.359155 15.178577 -62.114498 1.579675 -2.913155 -0.027191 -23.912979 0.229679 5.418136 -0.470839 0.050102 -5.882109 9.861284 0.702591 -10.936877 -0.360576 7.156207 1e-06 8.774826 -2e-06 -16.613159 17.973841 5.686701 -1.844033 2.498504 -2.507278 -10.163604 4.678944 4.621109 -20.97603 -5e-06 3e-06 -21.226295 2.451695 -3.593999 -1e-06 -5e-06 -0.0 -1.362681 2.240798 -0.746323 -21.334923 0.584908 3.008325 -13.82122 -4e-06 3e-06 -23.887182 -0.24908 -0.83948 -60.290791 2.546174 -1.267655 -0.294025 1.679687 0.833255 -14.218215 0.093213 1.300581 -34.212067 -0.287566 0.967173 -20.033226 0.964536 1.212846 -1e-06 0.0 -0.0 -3.44039 0.788233 0.501656 -15.928192 -3.167311 2.999708 -6.338829 -2e-06 1e-06 -18.123453 3.648181 -4.90567 -4e-06 0.0 -2e-06 14.515052 10.769876 16.59115 56.479034 24.312012 22.636934 0.058695 31.505009 0.189636 -10.079803 5.025197 -9.187192 2.243543 -5.255038 -3.180159 14.282897 -0.826592 6.952505 -4e-06 -12.690609 1e-06 15.869395 -17.853901 2.861763 1.665667 -1.955921 -2.8783 4.7278 -4.170589 4.993927 11.020529 5e-06 -1e-06 12.109056 -3.735715 -2.866785 -0.0 0.0 -0.0 1.291985 -1.928549 -1.498089 14.800134 0.56747 3.865608 14.242577 -1.341734 -6.660663 19.631973 0.143929 -0.648244 49.924683 -0.638129 -6.208753 0.353029 -1.51115 -0.03194 20.222801 3.684313 2.316631 18.787283 9e-06 -2e-06 10.751632 -0.479869 1.397905 0.0 2e-06 -1e-06 3.273807 0.305949 -0.580113 21.486822 11.830381 2.266132 8.16293 4e-06 -0.0 18.399088 -3.798984 -4.940576 3e-06 -0.0 -1e-06 -7.239405 -0.722223 -34.812004 0.050925 -0.135573 27.253735 0.718116 9.529676 1.67977 1.591379 -2.035261 -1.98172 0.0 -0.0 2e-06 -6.968072 -0.250043 4.612038 -0.068879 0.636467 39.423592 2.012999 2.791911 10.435877 -1.599903 0.707609 -29.42808 -0.0 -0.0 -3e-06 
0.0 0.0 0.0 0.0 -0.0 0.0 3.690759 95.669418 5.633255 5.727746 -0.091655 4.780653 -3.056098 -0.224438 -2.042576 -1.265456 1.306274 -5.308868 -3.480557 -1.44185 11.217543 0.241377 2.535205 -1.683899 -1.05203 -0.647092 -3.578908 2.50367 -2.280441 -6.233436 7.7e-05 -2.2e-05 6e-06 0.025385 0.103456 -0.019756 0.740966 -3.623676 -10.57531 -0.700036 3.82895 -10.605748 -17.019888 -5.887326 15.190272 -61.147755 0.427796 -1.964609 -0.348851 -24.561066 0.240277 5.373908 -0.422354 -1.213761 -5.882108 9.861292 0.702591 -10.936877 -0.360575 7.156208 -0.0 8.774831 -0.0 -16.672476 18.069324 5.585475 -1.844032 2.498506 -2.507277 -10.163603 4.678948 4.621109 -20.97603 -2e-06 2e-06 -21.226297 2.451699 -3.594002 1e-06 -6e-06 -1e-06 -1.362682 2.240799 -0.746323 -21.334925 0.584911 3.008323 -13.821218 -2e-06 2e-06 -23.887182 -0.249078 -0.839485 -60.236141 2.515912 -1.504237 -0.294025 1.679688 0.833256 -14.218215 0.093216 1.300581 -34.212063 -0.287562 0.96717 -20.03322 0.964537 1.212842 -1e-06 -0.0 0.0 -3.440389 0.788234 0.501656 -15.928191 -3.167311 2.999709 -6.338828 -1e-06 1e-06 -18.123451 3.648186 -4.905674 -3e-06 0.0 -2e-06 15.086189 10.663592 16.941854 57.223881 23.471169 25.131912 0.352668 27.416195 0.262723 -7.964537 3.785407 -7.607492 2.243545 -5.255037 -3.180159 14.282898 -0.826596 6.952502 -2e-06 -12.690607 0.0 16.169613 -17.770741 2.654246 1.665668 -1.955922 -2.878299 4.727803 -4.17059 4.993925 11.020535 1e-06 -4e-06 12.109061 -3.735719 -2.866786 0.0 0.0 -1e-06 1.291988 -1.92855 -1.498091 14.800138 0.567466 3.865608 14.242582 -1.341738 -6.660665 19.631981 0.143924 -0.648252 49.895393 -0.53582 -6.287903 0.35303 -1.511151 -0.03194 20.222803 3.684309 2.316625 18.787285 4e-06 -7e-06 10.751634 -0.479868 1.397904 0.0 2e-06 1e-06 3.273808 0.305945 -0.580111 21.486828 11.830378 2.266129 8.16293 1e-06 -2e-06 18.399097 -3.798987 -4.940586 3e-06 -1e-06 -1e-06 -8.101401 -1.258189 -31.131672 0.045775 -0.098267 28.092323 0.82658 10.040969 -1.969563 1.589685 -2.088097 -1.804718 -0.0 -0.0 2e-06 -8.219908 -0.442253 -1.169864 0.063034 0.749832 50.694733 5.479913 1.631736 22.458225 -1.325543 0.758465 -15.103356 -0.0 0.0 0.0 
0.0 0.0 0.0 0.0 -0.0 0.0 4.173229 96.338501 9.900972 6.159241 -0.687094 3.975376 -3.554741 -0.245883 -1.759127 -1.404758 1.133543 -5.256223 -3.734514 -1.463056 11.307196 0.598004 2.495926 -1.304966 -0.975314 -0.670421 -3.553576 2.638631 -2.277864 -6.372466 7.7e-05 -2.3e-05 6e-06 0.023118 0.099337 0.006298 0.742359 -3.623852 -10.57109 -0.705942 3.820291 -10.589981 -16.672321 -6.116055 15.001324 -59.86797 -0.760502 -1.117719 -0.456178 -26.362173 0.241506 6.060179 -0.856885 -3.18867 -5.88211 9.86129 0.70259 -10.936878 -0.360575 7.156209 1e-06 8.774831 -1e-06 -16.526999 18.246269 5.65424 -1.844033 2.498507 -2.507279 -10.163604 4.678948 4.62111 -20.976034 -4e-06 1e-06 -21.226295 2.451698 -3.594001 1e-06 -6e-06 -1e-06 -1.362682 2.240799 -0.746324 -21.334927 0.584909 3.008324 -13.82122 -3e-06 2e-06 -23.887184 -0.249079 -0.839483 -60.284119 2.442272 -1.565413 -0.294025 1.679688 0.833256 -14.218217 0.093215 1.300581 -34.212067 -0.287565 0.96717 -20.033226 0.964537 1.212844 -1e-06 -1e-06 -1e-06 -3.440391 0.788233 0.501657 -15.928198 -3.167312 2.999709 -6.33883 -2e-06 1e-06 -18.123457 3.648185 -4.905672 -4e-06 0.0 -2e-06 15.5534 10.753916 17.149412 57.318436 22.664202 28.657425 0.675148 24.152493 0.280361 -5.176858 2.513882 -4.899928 2.243543 -5.25504 -3.180159 14.2829 -0.826596 6.952504 -2e-06 -12.690613 1e-06 16.479424 -17.716293 2.401841 1.665667 -1.955922 -2.8783 4.727801 -4.170591 4.993926 11.020534 3e-06 0.0 12.109059 -3.735718 -2.866787 0.0 0.0 1e-06 1.291988 -1.92855 -1.49809 14.800136 0.567469 3.865608 14.242581 -1.341738 -6.660664 19.631981 0.143927 -0.648246 49.965218 -0.56313 -6.424632 0.353029 -1.511151 -0.03194 20.222803 3.684313 2.316631 18.787287 6e-06 -2e-06 10.751634 -0.479867 1.397906 1e-06 1e-06 -0.0 3.273809 0.305947 -0.58011 21.486828 11.83038 2.266131 8.162933 3e-06 -3e-06 18.399094 -3.798986 -4.94058 4e-06 -1e-06 -0.0 -8.860709 -1.411785 -26.796137 0.113269 0.029357 27.280794 0.852738 10.699612 -4.787214 1.57651 -2.092078 -1.464324 0.0 0.0 2e-06 -8.912703 0.088898 -7.592191 0.121151 0.631048 60.758476 6.148223 0.424322 25.653162 -1.301221 0.883819 -6.027946 0.0 0.0 -1e-06 
0.0 0.0 0.0 0.0 -0.0 0.0 4.61442 97.224052 14.110894 6.126954 -1.516332 3.092215 -3.736295 -0.286321 -1.513741 -1.467751 0.885361 -5.214848 -3.732678 -1.502287 11.469525 0.672327 2.577114 -0.664316 -0.954844 -0.623655 -3.541943 2.78891 -2.109101 -6.63954 7.7e-05 -2.2e-05 6e-06 0.019163 0.063261 0.012178 0.742408 -3.655855 -10.565866 -0.713166 3.780095 -10.584766 -16.487099 -6.123353 14.72831 -58.63665 -1.992875 -1.19732 -0.529884 -28.493906 0.233989 7.308689 -1.578123 -4.384913 -5.882109 9.861293 0.702591 -10.936877 -0.360574 7.156208 -0.0 8.774831 -1e-06 -16.328667 18.369307 5.750719 -1.844034 2.498506 -2.507278 -10.163605 4.678948 4.621109 -20.976038 -3e-06 1e-06 -21.226303 2.451698 -3.594004 0.0 -6e-06 0.0 -1.362682 2.2408 -0.746323 -21.334925 0.584911 3.008322 -13.82122 -1e-06 0.0 -23.887182 -0.249077 -0.839485 -60.279049 2.454071 -1.60412 -0.294025 1.679688 0.833257 -14.218216 0.093216 1.30058 -34.212074 -0.287564 0.967167 -20.033226 0.964536 1.212843 0.0 -0.0 -0.0 -3.440391 0.788234 0.501655 -15.928192 -3.16731 2.999707 -6.33883 0.0 1e-06 -18.123457 3.648187 -4.905676 -4e-06 0.0 -1e-06 15.574697 10.891321 17.345839 57.423294 21.63328 31.441191 0.897733 22.252686 0.251889 -2.973397 1.319872 -2.096879 2.243545 -5.25504 -3.180157 14.282902 -0.826596 6.952501 -2e-06 -12.690613 1e-06 16.644348 -17.660612 2.243225 1.665668 -1.955921 -2.8783 4.727802 -4.170591 4.993924 11.020534 2e-06 -3e-06 12.109059 -3.735717 -2.866788 -0.0 0.0 1e-06 1.291986 -1.928551 -1.498091 14.800138 0.567467 3.865607 14.242584 -1.341738 -6.660659 19.631983 0.143927 -0.648248 50.153576 -0.569704 -6.498512 0.35303 -1.511152 -0.03194 20.222805 3.684312 2.316629 18.787289 6e-06 -3e-06 10.751636 -0.479868 1.397903 1e-06 1e-06 -0.0 3.273809 0.305947 -0.580111 21.486828 11.830381 2.266129 8.162933 2e-06 -4e-06 18.399097 -3.798985 -4.940582 3e-06 -1e-06 -1e-06 -9.072611 -1.115615 -21.534063 0.12156 0.042534 24.424065 0.798129 11.251092 -6.433294 1.562895 -2.117016 -1.100949 -0.0 0.0 2e-06 -8.665906 0.547029 -13.774138 0.124895 0.341301 68.170326 3.76742 -1.579606 20.965122 -1.385069 0.92552 -4.43325 -0.0 -0.0 -1e-06 
0.0 0.0 0.0 0.0 -0.0 0.0 5.028578 98.170418 18.3241 5.51011 -2.126318 2.157551 -3.615438 -0.37663 -1.229412 -1.404442 0.524832 -5.114389 -3.458473 -1.747501 11.504562 0.710096 2.646697 0.195927 -0.905408 -0.505118 -3.530434 2.84614 -1.83733 -6.790004 7.7e-05 -2.3e-05 6e-06 0.013332 0.021795 0.01107 0.739646 -3.695414 -10.569827 -0.720468 3.736934 -10.587635 -16.073376 -6.225654 14.531097 -57.965378 -3.170801 -2.105896 -0.534641 -30.603882 0.196648 8.443292 -2.029779 -4.888724 -5.88211 9.861289 0.70259 -10.936877 -0.360574 7.156209 1e-06 8.77483 -0.0 -16.134283 18.393787 5.867374 -1.844034 2.498506 -2.507279 -10.163605 4.678946 4.621109 -20.976034 -4e-06 1e-06 -21.226299 2.451696 -3.594003 0.0 -6e-06 -0.0 -1.362682 2.240799 -0.746325 -21.334925 0.584911 3.008322 -13.821221 -2e-06 0.0 -23.887184 -0.24908 -0.839485 -60.292828 2.500467 -1.587283 -0.294025 1.679688 0.833256 -14.218215 0.093215 1.30058 -34.212067 -0.287566 0.96717 -20.033226 0.964536 1.212845 -1e-06 -0.0 -1e-06 -3.44039 0.788235 0.501655 -15.928194 -3.167312 2.999707 -6.33883 -1e-06 1e-06 -18.123457 3.648185 -4.905674 -4e-06 1e-06 -3e-06 15.153857 10.747066 17.482162 57.79694 20.121637 32.402306 0.806349 21.813278 0.189343 -2.045129 0.428548 -0.262781 2.243542 -5.255037 -3.180158 14.282895 -0.826593 6.952503 -4e-06 -12.690607 0.0 16.715563 -17.616211 2.176811 1.665666 -1.955922 -2.878299 4.727799 -4.170588 4.993924 11.020528 4e-06 -0.0 12.109055 -3.735715 -2.866785 -0.0 0.0 1e-06 1.291986 -1.92855 -1.498089 14.800132 0.56747 3.865608 14.242576 -1.341736 -6.66066 19.631973 0.143928 -0.648242 50.285622 -0.526981 -6.505605 0.35303 -1.511151 -0.03194 20.222797 3.684314 2.316632 18.787279 6e-06 -0.0 10.751632 -0.479868 1.397905 -1e-06 -1e-06 1e-06 3.273806 0.305948 -0.580112 21.486818 11.83038 2.266135 8.162929 4e-06 -1e-06 18.399082 -3.798983 -4.940575 2e-06 -0.0 -2e-06 -8.776878 -0.541617 -15.41648 0.091923 -0.025102 19.981161 0.843188 11.308993 -7.277804 1.566309 -2.121023 -0.924853 -0.0 -0.0 2e-06 -7.391281 0.715372 -19.285709 0.101543 0.043541 72.032417 1.032997 -3.889948 15.528281 -1.423813 0.941294 -4.052887 0.0 0.0 -1e-06 
0.0 0.0 0.0 0.0 -0.0 0.0 5.339676 98.98777 22.361059 4.387884 -2.208696 1.381557 -3.298835 -0.489093 -0.936593 -1.263042 0.031714 -4.984681 -2.994229 -2.252353 11.416046 1.000029 2.550092 1.062686 -0.808366 -0.337393 -3.525801 2.801732 -1.606392 -6.756067 7.7e-05 -2.3e-05 6e-06 0.010101 0.001165 0.005486 0.739257 -3.717169 -10.594094 -0.724428 3.717399 -10.608049 -15.347401 -6.629884 14.464216 -57.693558 -4.261441 -3.382111 -0.547134 -32.774948 0.178891 9.075794 -2.146515 -5.423276 -5.88211 9.861292 0.702591 -10.93688 -0.360575 7.15621 0.0 8.774831 -2e-06 -15.908995 18.362387 6.012719 -1.844033 2.498505 -2.507278 -10.163607 4.678948 4.621111 -20.97604 -3e-06 3e-06 -21.226305 2.451699 -3.594001 2e-06 -6e-06 -1e-06 -1.362683 2.240799 -0.746324 -21.334934 0.584911 3.008324 -13.821227 -3e-06 1e-06 -23.887188 -0.249079 -0.839482 -60.25515 2.596199 -1.528874 -0.294026 1.679688 0.833257 -14.218221 0.093215 1.30058 -34.212074 -0.287564 0.967171 -20.033232 0.964536 1.212843 -1e-06 -0.0 -0.0 -3.44039 0.788234 0.501656 -15.928201 -3.16731 2.999709 -6.338833 -1e-06 1e-06 -18.123463 3.648185 -4.905675 -4e-06 1e-06 -1e-06 14.754363 10.139816 17.471834 58.125034 17.999134 31.249252 0.536508 22.760632 0.132027 -2.31955 0.133556 0.272061 2.243542 -5.255038 -3.180156 14.282894 -0.826594 6.952501 -3e-06 -12.690609 2e-06 16.731415 -17.595921 2.163887 1.665666 -1.955922 -2.878299 4.727799 -4.170588 4.993926 11.020528 3e-06 -0.0 12.109055 -3.735717 -2.866784 -0.0 0.0 2e-06 1.291987 -1.92855 -1.498088 14.800129 0.567468 3.865609 14.242573 -1.341738 -6.660658 19.631969 0.143924 -0.648244 50.245899 -0.456599 -6.492971 0.353029 -1.511151 -0.03194 20.222794 3.684312 2.316631 18.787273 5e-06 0.0 10.751631 -0.479868 1.397907 -1e-06 -1e-06 0.0 3.273807 0.305947 -0.580112 21.486818 11.830379 2.266135 8.162928 2e-06 -2e-06 18.399084 -3.798984 -4.940574 1e-06 -1e-06 -0.0 -7.845194 0.285469 -9.116922 0.064039 -0.097509 14.556837 0.909434 10.421984 -7.406914 1.583419 -2.073814 -0.961709 0.0 -0.0 2e-06 -5.360785 0.629416 -24.109797 0.021106 -0.220469 72.620789 -0.612132 -5.499526 11.114363 -1.425686 0.92693 -4.222137 0.0 -0.0 -1e-06 
0.0 0.0 0.0 0.0 -0.0 0.0 5.535408 99.503952 26.224569 3.060817 -1.671058 0.978335 -2.933935 -0.60243 -0.72625 -1.125548 -0.560405 -4.888049 -2.427374 -2.891542 11.316519 1.575066 2.289294 1.694188 -0.70004 -0.216112 -3.552785 2.730174 -1.522694 -6.64952 7.7e-05 -2.2e-05 6e-06 0.009233 -0.020062 -0.008187 0.738977 -3.740228 -10.6385 -0.723716 3.697651 -10.643526 -14.286519 -7.375411 14.449817 -57.602997 -5.364801 -4.440193 -0.559642 -35.018543 0.205352 9.157797 -2.152638 -6.299529 -5.88211 9.861291 0.702591 -10.936878 -0.360574 7.156209 1e-06 8.77483 -0.0 -15.732605 18.352243 6.157265 -1.844034 2.498507 -2.507279 -10.163607 4.678947 4.621111 -20.97604 -5e-06 1e-06 -21.226301 2.451697 -3.594003 2e-06 -5e-06 -0.0 -1.362682 2.240798 -0.746323 -21.33493 0.584909 3.008325 -13.821222 -4e-06 2e-06 -23.887184 -0.24908 -0.839483 -60.22427 2.688366 -1.475341 -0.294025 1.679689 0.833257 -14.218219 0.093216 1.30058 -34.212074 -0.287566 0.96717 -20.03323 0.964536 1.212844 -1e-06 -1e-06 -2e-06 -3.440392 0.788233 0.501656 -15.928198 -3.167312 2.999707 -6.33883 -1e-06 1e-06 -18.123459 3.648182 -4.905675 -3e-06 0.0 -1e-06 14.624378 9.15735 17.319437 58.21524 15.400113 28.60001 0.341289 24.616325 0.088799 -3.285909 0.566587 -0.544005 2.243542 -5.255038 -3.180158 14.282897 -0.826593 6.952503 -5e-06 -12.69061 1e-06 16.70192 -17.648027 2.222339 1.665667 -1.955922 -2.878301 4.7278 -4.170588 4.993927 11.020531 5e-06 -2e-06 12.109058 -3.735715 -2.866786 0.0 0.0 1e-06 1.291986 -1.92855 -1.49809 14.800138 0.567471 3.865606 14.24258 -1.341734 -6.660661 19.631981 0.14393 -0.648243 50.148891 -0.419344 -6.477794 0.353029 -1.51115 -0.031939 20.222801 3.684315 2.31663 18.787283 8e-06 1e-06 10.751634 -0.479866 1.397907 -0.0 0.0 0.0 3.273808 0.305948 -0.580112 21.486828 11.830384 2.266133 8.16293 4e-06 -2e-06 18.39909 -3.798984 -4.940575 2e-06 -0.0 -1e-06 -6.515074 1.121607 -3.310836 0.03864 -0.135539 8.974958 0.913504 8.737231 -7.178874 1.60472 -1.970652 -1.089932 0.0 0.0 2e-06 -3.124775 0.376032 -28.365377 -0.099709 -0.393868 70.263046 -0.907433 -6.18751 7.98735 -1.435427 0.913607 -4.595088 0.0 -0.0 -2e-06 
0.0 0.0 0.0 0.0 -0.0 0.0 5.666023 99.62603 30.115187 1.95585 -0.659843 0.973951 -2.705261 -0.701105 -0.617177 -1.058872 -1.197458 -4.84057 -1.902944 -3.565004 11.266473 2.400255 1.946364 1.995984 -0.656478 -0.173394 -3.606459 2.717426 -1.670963 -6.660478 7.7e-05 -2.3e-05 6e-06 0.01027 -0.053851 -0.023826 0.738219 -3.772524 -10.674133 -0.719306 3.66246 -10.666627 -12.999767 -8.384189 14.383117 -57.444057 -6.60459 -4.913019 -0.498538 -37.138157 0.216295 9.002212 -2.302147 -7.361359 -5.882106 9.861286 0.702591 -10.936872 -0.360575 7.156206 -0.0 8.774828 -1e-06 -15.620522 18.358795 6.280845 -1.844033 2.498506 -2.507277 -10.163601 4.678946 4.621109 -20.976027 -2e-06 2e-06 -21.22629 2.451698 -3.594001 1e-06 -7e-06 -1e-06 -1.362682 2.240799 -0.746324 -21.334917 0.58491 3.008322 -13.821215 -2e-06 2e-06 -23.887173 -0.249079 -0.839485 -60.231014 2.791819 -1.437086 -0.294025 1.679689 0.833256 -14.218208 0.093215 1.30058 -34.212048 -0.287563 0.967167 -20.033215 0.964535 1.212841 0.0 -0.0 1e-06 -3.440389 0.788232 0.501656 -15.928189 -3.16731 2.999707 -6.338827 0.0 0.0 -18.123447 3.648185 -4.905673 -3e-06 1e-06 -2e-06 14.870437 8.024429 17.128519 58.012081 12.825503 25.830044 0.224448 26.377186 0.034811 -4.260229 1.37091 -2.126502 2.243543 -5.255037 -3.180155 14.282896 -0.826597 6.952501 -1e-06 -12.690607 -0.0 16.65999 -17.723608 2.293109 1.665668 -1.955922 -2.8783 4.727801 -4.170588 4.993921 11.020529 2e-06 -2e-06 12.109056 -3.735717 -2.866784 0.0 -0.0 -1e-06 1.291986 -1.928549 -1.498088 14.800131 0.567466 3.865602 14.242576 -1.341737 -6.66066 19.631973 0.143926 -0.648248 50.035618 -0.444134 -6.515285 0.35303 -1.511151 -0.031941 20.222797 3.684309 2.316628 18.787279 4e-06 -3e-06 10.751631 -0.479867 1.397905 -0.0 1e-06 -0.0 3.273808 0.305947 -0.58011 21.486816 11.830376 2.266129 8.16293 2e-06 -3e-06 18.399092 -3.798986 -4.940579 2e-06 -1e-06 -1e-06 -5.226473 1.577912 1.756935 0.019909 -0.117969 4.091458 0.768654 6.878421 -7.166767 1.630222 -1.866882 -1.197082 0.0 -0.0 2e-06 -1.33951 0.091055 -32.109085 -0.193055 -0.397416 65.063126 0.02143 -6.29289 5.650976 -1.460119 0.935479 -4.705266 0.0 0.0 -3e-06 
0.0 0.0 0.0 0.0 -0.0 0.0 5.776423 99.392761 34.131775 1.32517 0.524006 1.241484 -2.704335 -0.76888 -0.611804 -1.051506 -1.812063 -4.815555 -1.540253 -4.152557 11.29631 3.36766 1.550414 2.028842 -0.734068 -0.185287 -3.652355 2.825152 -1.99784 -6.877798 7.7e-05 -2.3e-05 6e-06 0.010582 -0.071425 -0.027856 0.729913 -3.784711 -10.675529 -0.709771 3.639884 -10.660378 -11.760123 -9.446999 14.285259 -57.087505 -8.062623 -5.096819 -0.443628 -38.787548 0.234368 8.943501 -2.547669 -8.034129 -5.88211 9.861293 0.702591 -10.936875 -0.360574 7.156208 -0.0 8.77483 -1e-06 -15.572355 18.34421 6.341747 -1.844033 2.498507 -2.507277 -10.163604 4.678946 4.621109 -20.97603 -2e-06 1e-06 -21.226297 2.451699 -3.594003 -0.0 -7e-06 -0.0 -1.362682 2.240799 -0.746324 -21.334921 0.584913 3.008323 -13.821217 -1e-06 3e-06 -23.887175 -0.249077 -0.839486 -60.240246 2.898048 -1.382406 -0.294025 1.679688 0.833256 -14.218214 0.093217 1.30058 -34.212067 -0.287562 0.967166 -20.033222 0.964538 1.212841 1e-06 0.0 -1e-06 -3.44039 0.788233 0.501655 -15.928191 -3.167312 2.999708 -6.338827 -2e-06 2e-06 -18.123455 3.648187 -4.905674 -4e-06 1e-06 -2e-06 15.433392 6.98771 16.977308 57.627872 10.750724 23.903038 0.069649 27.086201 -0.045019 -4.874787 1.915532 -3.656272 2.243542 -5.255037 -3.180158 14.282893 -0.826596 6.952502 -2e-06 -12.690605 1e-06 16.640139 -17.759203 2.306497 1.665666 -1.955922 -2.8783 4.727799 -4.170588 4.993924 11.020528 2e-06 0.0 12.109054 -3.735717 -2.866785 0.0 -0.0 1e-06 1.291985 -1.92855 -1.49809 14.800129 0.567467 3.865609 14.242574 -1.341737 -6.660655 19.631969 0.143924 -0.648243 49.965683 -0.475673 -6.570215 0.353029 -1.511151 -0.03194 20.222795 3.684308 2.31663 18.787273 3e-06 1e-06 10.751629 -0.479869 1.397905 -0.0 -0.0 0.0 3.273807 0.305947 -0.58011 21.486814 11.830373 2.266133 8.162928 1e-06 -2e-06 18.399082 -3.798988 -4.940577 2e-06 -1e-06 -2e-06 -4.381876 1.650402 5.005478 0.000171 -0.086621 2.156156 0.624521 5.364697 -8.092171 1.654801 -1.80845 -1.249538 0.0 -0.0 2e-06 -0.367713 -0.155574 -34.800945 -0.183274 -0.236231 56.800526 1.19986 -6.510307 4.164806 -1.47503 0.982751 -4.546278 -0.0 0.0 -0.0 
0.0 0.0 0.0 0.0 -0.0 0.0 5.901647 98.89846 38.212013 1.178318 1.619493 1.639756 -2.895883 -0.811629 -0.696362 -1.060852 -2.333471 -4.814642 -1.410203 -4.532767 11.424882 4.353735 1.127323 1.854401 -0.918609 -0.297736 -3.648399 3.023955 -2.363059 -7.176662 7.7e-05 -2.3e-05 6e-06 0.00439 -0.067935 -0.014172 0.710692 -3.778294 -10.656739 -0.703135 3.640363 -10.646094 -10.700513 -10.429777 14.243019 -56.502274 -9.747049 -5.132942 -0.424054 -39.764496 0.265455 9.008556 -2.837413 -8.136241 -5.882108 9.861286 0.702591 -10.936877 -0.360574 7.156208 1e-06 8.774828 0.0 -15.62584 18.282766 6.284535 -1.844034 2.498506 -2.507278 -10.163604 4.678946 4.621109 -20.976036 -5e-06 3e-06 -21.226295 2.451696 -3.593998 -2e-06 -7e-06 0.0 -1.362682 2.240798 -0.746323 -21.334925 0.584909 3.008323 -13.821221 -3e-06 2e-06 -23.887186 -0.249081 -0.839482 -60.261509 2.963743 -1.343717 -0.294026 1.679688 0.833256 -14.218215 0.093213 1.30058 -34.212067 -0.287565 0.967171 -20.033222 0.964536 1.212846 0.0 1e-06 -1e-06 -3.44039 0.788233 0.501655 -15.928198 -3.16731 2.999707 -6.33883 -2e-06 0.0 -18.123453 3.648183 -4.905672 -3e-06 2e-06 -2e-06 16.09828 6.131815 16.841343 57.308907 9.218659 22.857199 -0.114375 26.462767 -0.116248 -5.031091 1.97304 -4.646194 2.243542 -5.255037 -3.180158 14.282894 -0.826594 6.952501 -4e-06 -12.690607 1e-06 16.593224 -17.702913 2.293351 1.665667 -1.955922 -2.878297 4.7278 -4.170588 4.993923 11.020528 4e-06 -2e-06 12.109055 -3.735714 -2.866785 0.0 0.0 -0.0 1.291985 -1.928549 -1.498089 14.800132 0.567469 3.865604 14.242577 -1.341735 -6.660657 19.631973 0.143928 -0.648244 49.961994 -0.470803 -6.575771 0.353029 -1.51115 -0.031939 20.222797 3.684311 2.316628 18.787279 6e-06 -0.0 10.75163 -0.479867 1.397904 -0.0 0.0 1e-06 3.273808 0.305947 -0.580111 21.48682 11.830379 2.26613 8.162928 3e-06 -1e-06 18.399088 -3.798982 -4.940578 2e-06 -0.0 -1e-06 -4.044119 1.460572 7.307106 -0.027072 -0.043969 1.863361 0.578471 4.394404 -9.597163 1.6734 -1.819501 -1.312508 -0.0 -0.0 2e-06 -0.202385 -0.382099 -35.91111 -0.080825 -0.043756 45.185112 1.571101 -7.278223 3.683551 -1.481678 1.037693 -4.458466 0.0 0.0 -1e-06 
0.0 0.0 0.0 0.0 -0.0 0.0 6.041239 98.177109 42.34211 1.392877 2.502556 2.061013 -3.174976 -0.838512 -0.803807 -1.089396 -2.600005 -4.89865 -1.481372 -4.760013 11.594937 5.242836 0.803498 1.612645 -1.055317 -0.518473 -3.577516 3.209685 -2.656613 -7.446143 7.7e-05 -2.2e-05 6e-06 -0.009008 -0.053815 0.011112 0.694767 -3.767065 -10.662959 -0.71438 3.658135 -10.668389 -9.829614 -11.283132 14.376699 -55.864597 -11.505515 -4.972102 -0.392006 -40.089573 0.239791 9.071851 -3.123342 -7.649333 -5.882113 9.861295 0.702589 -10.936881 -0.360575 7.156208 1e-06 8.774837 -1e-06 -15.700315 18.216995 6.193951 -1.844035 2.498507 -2.507281 -10.163609 4.678947 4.621111 -20.976044 -5e-06 0.0 -21.226307 2.451696 -3.594008 -1e-06 -6e-06 1e-06 -1.362682 2.240798 -0.746325 -21.33493 0.58491 3.008321 -13.821225 -4e-06 -2e-06 -23.887188 -0.249083 -0.839488 -60.383286 2.924906 -1.350255 -0.294024 1.679688 0.833256 -14.218221 0.093214 1.300578 -34.212078 -0.287566 0.967166 -20.033232 0.964536 1.212842 0.0 1e-06 -2e-06 -3.440392 0.788235 0.501655 -15.928201 -3.167313 2.999707 -6.338834 2e-06 1e-06 -18.123465 3.648183 -4.905678 -3e-06 1e-06 -2e-06 16.67845 5.575007 16.849232 57.218987 8.179419 22.598017 -0.319328 24.625689 -0.128509 -4.56496 1.561215 -4.798299 2.243543 -5.255041 -3.180161 14.282904 -0.826593 6.952506 -5e-06 -12.690617 1e-06 16.542019 -17.645134 2.305829 1.665668 -1.955922 -2.878301 4.727801 -4.170591 4.993926 11.020536 5e-06 -1e-06 12.10906 -3.735717 -2.866787 -0.0 0.0 -2e-06 1.291987 -1.92855 -1.498091 14.800142 0.567471 3.865607 14.242585 -1.341735 -6.660661 19.631987 0.143931 -0.648246 50.101467 -0.418585 -6.514299 0.35303 -1.511152 -0.03194 20.222813 3.684317 2.316629 18.787292 9e-06 0.0 10.751639 -0.479866 1.397907 -1e-06 -1e-06 1e-06 3.27381 0.305948 -0.580111 21.486834 11.83039 2.266132 8.162932 2e-06 -2e-06 18.399099 -3.798984 -4.940578 2e-06 0.0 -3e-06 -4.053808 1.294063 9.572382 -0.04306 0.038471 1.917026 0.476812 3.703455 -11.13031 1.688908 -1.870517 -1.669492 0.0 -0.0 2e-06 -0.573879 -0.597677 -35.23045 0.018584 0.02797 30.392246 1.210984 -7.952806 3.506422 -1.469774 1.131116 -4.4306 -0.0 0.0 -1e-06 
0.0 0.0 0.0 0.0 -0.0 0.0 6.132701 97.236443 46.743626 1.856274 3.039083 2.493554 -3.444373 -0.865229 -1.015443 -1.180738 -2.570326 -5.046071 -1.704664 -4.887887 11.676935 6.008246 0.571472 1.401011 -1.152137 -0.731408 -3.470169 3.356358 -3.039546 -7.676003 7.7e-05 -2.3e-05 6e-06 -0.012096 -0.004034 0.015354 0.703622 -3.722613 -10.706207 -0.730264 3.716446 -10.732276 -9.125323 -11.887486 14.440024 -55.390644 -12.715591 -4.458375 -0.32133 -40.169441 0.265687 8.858222 -3.229091 -6.553705 -5.88211 9.861293 0.702591 -10.936878 -0.360575 7.15621 0.0 8.774833 -1e-06 -15.691591 18.239162 6.172464 -1.844033 2.498506 -2.507278 -10.163606 4.678947 4.621111 -20.976038 -4e-06 3e-06 -21.226299 2.451699 -3.594 0.0 -6e-06 0.0 -1.362683 2.240798 -0.746323 -21.334929 0.584912 3.008326 -13.821223 -2e-06 3e-06 -23.887184 -0.249078 -0.839481 -60.363155 2.848162 -1.57838 -0.294024 1.679688 0.833258 -14.218219 0.093214 1.300582 -34.212074 -0.287562 0.967173 -20.03323 0.96454 1.212845 0.0 2e-06 1e-06 -3.440391 0.788235 0.501655 -15.928201 -3.167312 2.999709 -6.338831 0.0 0.0 -18.123461 3.648186 -4.905672 -4e-06 1e-06 -2e-06 17.177191 5.323741 16.92318 57.24324 7.184612 22.997128 -0.41892 22.385414 -0.048063 -3.365999 0.549685 -3.693882 2.243542 -5.255039 -3.180158 14.282894 -0.826596 6.952505 -1e-06 -12.69061 -1e-06 16.548639 -17.667776 2.293657 1.665667 -1.955922 -2.8783 4.7278 -4.170589 4.993928 11.020529 1e-06 -1e-06 12.109056 -3.735718 -2.866787 0.0 -1e-06 -1e-06 1.291986 -1.92855 -1.49809 14.800132 0.567467 3.865609 14.242576 -1.341738 -6.660661 19.631971 0.143925 -0.648246 50.139381 -0.410286 -6.513946 0.353029 -1.511151 -0.031939 20.222797 3.684308 2.316631 18.787279 2e-06 -2e-06 10.751632 -0.47987 1.397905 -2e-06 0.0 1e-06 3.273807 0.305947 -0.580109 21.486816 11.830376 2.266135 8.162929 -0.0 -1e-06 18.39909 -3.798989 -4.940579 2e-06 -0.0 -2e-06 -4.190207 1.514812 12.056054 -0.010242 0.150811 1.916641 0.39263 2.669013 -12.415085 1.740371 -1.879239 -2.243876 -0.0 0.0 2e-06 -0.984172 -0.801773 -33.55368 0.078266 -0.016665 15.132254 1.585071 -8.463357 1.669904 -1.374729 1.210902 -4.43118 -0.0 0.0 -0.0 
0.0 0.0 0.0 0.0 -0.0 0.0 6.084197 96.164169 51.513386 2.120944 2.985608 2.997526 -3.525529 -0.79499 -1.393558 -1.26802 -2.554968 -5.226238 -1.821239 -4.730313 11.660476 6.421332 0.449276 1.131759 -1.084072 -0.851973 -3.457847 3.427012 -3.103222 -7.543077 7.7e-05 -2.2e-05 6e-06 -0.004294 0.026355 0.010145 0.697755 -3.691516 -10.718953 -0.708319 3.748963 -10.737215 -9.269032 -11.954024 14.161174 -54.487839 -12.909625 -3.770034 -0.565411 -40.479305 0.374115 8.245157 -3.143986 -4.881204 -5.882107 9.861288 0.702591 -10.936869 -0.360572 7.156203 -1e-06 8.774826 -3e-06 -15.617178 18.248676 6.269385 -1.844033 2.498503 -2.507277 -10.163598 4.678948 4.621107 -20.976023 -0.0 -2e-06 -21.226286 2.451698 -3.594005 1e-06 -6e-06 -1e-06 -1.362681 2.240798 -0.746324 -21.334911 0.58491 3.00832 -13.821213 -1e-06 0.0 -23.887167 -0.249078 -0.839487 -60.401207 2.791514 -1.437532 -0.294024 1.679687 0.833256 -14.218207 0.093218 1.300578 -34.212048 -0.287562 0.967163 -20.033213 0.964535 1.212839 0.0 1e-06 0.0 -3.440389 0.788236 0.501656 -15.928183 -3.167307 2.999706 -6.338826 1e-06 -0.0 -18.123444 3.648185 -4.905674 -3e-06 1e-06 -3e-06 17.979618 5.319393 16.7575 56.8815 5.920136 23.738579 -0.395556 20.401106 -0.001844 -1.803759 -0.481144 -1.694892 2.243542 -5.255037 -3.180157 14.282894 -0.826597 6.952502 -2e-06 -12.690606 -0.0 16.54792 -17.608459 2.236944 1.665666 -1.955921 -2.878298 4.7278 -4.170589 4.993924 11.020528 2e-06 -1e-06 12.109056 -3.735717 -2.866784 0.0 -0.0 0.0 1.291986 -1.92855 -1.49809 14.800132 0.567466 3.865606 14.242576 -1.341738 -6.660656 19.631971 0.143922 -0.648244 50.078861 -0.389207 -6.653459 0.353029 -1.511151 -0.031938 20.222797 3.684309 2.316629 18.787279 4e-06 -1e-06 10.751629 -0.479869 1.397905 0.0 -1e-06 1e-06 3.273807 0.305947 -0.580113 21.486816 11.830374 2.266132 8.162929 1e-06 -1e-06 18.399088 -3.798986 -4.940577 3e-06 0.0 -2e-06 -3.913965 2.246005 14.53254 -0.06001 0.105583 2.069674 -0.221542 1.497418 -13.366498 1.774336 -1.797157 -3.295683 0.0 0.0 2e-06 -0.422511 -1.088501 -32.884113 0.01808 0.015594 5.037211 2.949403 -9.095695 -1.030601 -1.271043 1.213705 -4.538012 0.0 -0.0 -1e-06 
0.0 0.0 0.0 0.0 -0.0 0.0 5.921241 95.219254 56.428837 2.107079 2.392025 3.502839 -3.360093 -0.722488 -1.840329 -1.262103 -2.624097 -5.375508 -1.877033 -4.429557 11.562256 6.435694 0.439676 0.636792 -1.032354 -0.59025 -3.445703 3.470026 -3.004205 -7.557922 7.7e-05 -2.3e-05 6e-06 -0.002768 0.007706 0.013658 0.694445 -3.713065 -10.704523 -0.701088 3.734303 -10.702174 -9.872108 -11.622973 13.946662 -53.782795 -12.18383 -3.609099 -0.863038 -40.98605 0.418851 7.907864 -3.553416 -3.548279 -5.882114 9.861299 0.70259 -10.93688 -0.360572 7.156207 -1e-06 8.774835 -2e-06 -15.661291 18.261118 6.26351 -1.844035 2.498508 -2.507281 -10.163611 4.678953 4.621111 -20.976044 0.0 -3e-06 -21.226311 2.451699 -3.59401 -0.0 -6e-06 -0.0 -1.362684 2.240798 -0.746323 -21.334934 0.584913 3.008317 -13.821227 0.0 -5e-06 -23.887192 -0.24908 -0.839492 -60.656822 2.783021 -1.258775 -0.294025 1.67969 0.833258 -14.218224 0.093219 1.300577 -34.212082 -0.287565 0.967158 -20.033232 0.964534 1.212838 0.0 1e-06 1e-06 -3.440391 0.788233 0.501655 -15.928201 -3.167311 2.999704 -6.338832 2e-06 -2e-06 -18.123466 3.648189 -4.905683 -4e-06 2e-06 -1e-06 18.69722 5.532155 16.725719 56.495766 5.004844 24.376776 -0.268835 18.729061 0.023439 -0.63962 -1.112579 -0.381141 2.243543 -5.255041 -3.180159 14.282904 -0.826597 6.952506 -1e-06 -12.690612 -0.0 16.660715 -17.5063 2.093023 1.665668 -1.955922 -2.878299 4.727805 -4.170592 4.993927 11.020538 2e-06 -0.0 12.109064 -3.73572 -2.866784 0.0 1e-06 -1e-06 1.291986 -1.928551 -1.49809 14.800142 0.567466 3.865612 14.242584 -1.34174 -6.660661 19.631987 0.143923 -0.648245 49.906055 -0.252306 -6.750216 0.353029 -1.511152 -0.031941 20.222811 3.684309 2.316632 18.787291 2e-06 -1e-06 10.751637 -0.479871 1.397906 0.0 -0.0 0.0 3.27381 0.305947 -0.58011 21.486834 11.830381 2.266135 8.162937 0.0 -0.0 18.399103 -3.798989 -4.940581 2e-06 1e-06 -1e-06 -3.236833 3.13432 16.751921 -0.07495 -0.017921 2.961859 -1.385121 0.335558 -12.837832 1.809305 -1.766395 -5.656136 -0.0 -0.0 2e-06 1.310954 -1.855434 -33.524021 -0.058876 0.052873 3.255214 3.861443 -9.55767 -2.901993 -1.233713 1.19085 -4.894757 0.0 0.0 -2e-06 
0.0 0.0 0.0 0.0 -0.0 0.0 5.693879 94.56279 61.500961 0.980201 1.437127 4.221026 -2.324813 -0.498271 -2.604117 -1.103829 -2.719937 -5.596186 -1.656397 -4.193401 11.507756 5.953073 0.6225 -0.133615 -0.958012 -0.329796 -3.459332 3.511955 -2.974869 -7.261461 7.7e-05 -2.3e-05 6e-06 -0.007372 0.014169 0.024615 0.697639 -3.704201 -10.649224 -0.712407 3.737127 -10.637396 -11.404323 -11.069694 13.865517 -53.049694 -10.404892 -3.883904 -0.809223 -41.611774 0.245457 7.922037 -4.22673 -3.149823 -5.882103 9.861281 0.702589 -10.936865 -0.360573 7.1562 -0.0 8.774823 -0.0 -15.769398 18.272205 6.241471 -1.844032 2.498506 -2.507277 -10.163595 4.678942 4.621105 -20.976015 -2e-06 -1e-06 -21.226276 2.451696 -3.594002 1e-06 -6e-06 -1e-06 -1.362681 2.240797 -0.746323 -21.334904 0.584909 3.008318 -13.821208 -3e-06 -2e-06 -23.887161 -0.249081 -0.839486 -60.737621 2.664757 -1.138818 -0.294024 1.679687 0.833256 -14.218201 0.093215 1.300578 -34.212036 -0.287567 0.967166 -20.033205 0.964535 1.212842 0.0 1e-06 1e-06 -3.440387 0.788233 0.501654 -15.928179 -3.16731 2.999702 -6.338824 2e-06 -0.0 -18.12344 3.64818 -4.905673 -6e-06 2e-06 -0.0 19.444778 5.766505 16.525013 55.879791 4.243482 25.233122 -0.109438 17.604593 0.064294 -0.111056 -1.175455 -0.171159 2.243541 -5.255034 -3.180157 14.282887 -0.826593 6.952502 -4e-06 -12.690601 -1e-06 16.613531 -17.443853 1.990664 1.665665 -1.955921 -2.878298 4.727798 -4.170586 4.993922 11.020524 3e-06 -1e-06 12.10905 -3.735713 -2.866782 -0.0 1e-06 0.0 1.291985 -1.928548 -1.498089 14.800125 0.567469 3.865607 14.242567 -1.341734 -6.660655 19.631962 0.143927 -0.648245 49.779476 -0.132112 -6.705284 0.353028 -1.51115 -0.031938 20.222786 3.68431 2.316631 18.78727 6e-06 1e-06 10.751625 -0.479869 1.397905 0.0 1e-06 0.0 3.273806 0.305947 -0.580111 21.486809 11.830373 2.266132 8.162925 1e-06 -1e-06 18.399076 -3.798984 -4.940572 3e-06 1e-06 -2e-06 -1.100471 4.758577 17.274843 -0.012162 -0.292606 6.840212 -2.616125 -1.302083 -11.133614 1.871937 -1.774248 -10.345 0.0 -0.0 2e-06 3.758718 -1.548953 -33.700733 -0.009379 -0.083491 6.214454 1.821288 -9.630242 0.320097 -1.263205 1.25059 -5.778435 -0.0 -0.0 -1e-06 
0.0 0.0 0.0 0.0 -0.0 0.0 5.36203 94.289764 66.868042 -1.714533 0.221796 5.23386 -0.313953 -0.281641 -3.576534 -0.840707 -2.439037 -6.048624 -0.710099 -4.33454 11.551849 5.124286 1.105495 -1.030721 -0.988428 0.022172 -3.578232 3.300544 -2.995194 -6.184272 7.7e-05 -2.3e-05 6e-06 -0.024131 -0.003826 -0.024119 0.693755 -3.717263 -10.674191 -0.737736 3.714715 -10.679298 -14.131325 -10.07842 13.537588 -52.127605 -7.820182 -4.221568 -0.437318 -41.647938 -0.214575 8.252001 -5.080318 -3.298941 -5.88211 9.861292 0.702589 -10.936877 -0.360574 7.156207 -0.0 8.774831 1e-06 -15.853843 18.188118 6.258195 -1.844035 2.498507 -2.50728 -10.163604 4.678948 4.621108 -20.976032 -3e-06 -1e-06 -21.226299 2.451697 -3.594004 0.0 -6e-06 0.0 -1.362683 2.240801 -0.746325 -21.334925 0.584911 3.008321 -13.821218 -2e-06 -1e-06 -23.887175 -0.24908 -0.839487 -60.6371 2.529049 -1.0209 -0.294025 1.679689 0.833256 -14.218215 0.093216 1.300577 -34.212067 -0.287565 0.967165 -20.033226 0.964534 1.212839 -1e-06 1e-06 0.0 -3.44039 0.788234 0.501654 -15.928192 -3.16731 2.999705 -6.338829 -0.0 -0.0 -18.123459 3.648184 -4.905674 -4e-06 1e-06 -3e-06 20.577574 6.126721 16.358671 54.689857 3.73034 25.666624 0.091206 16.844707 0.100029 -0.009385 -1.014354 0.057439 2.243543 -5.255041 -3.180159 14.282904 -0.826596 6.95251 -2e-06 -12.690614 -0.0 16.429512 -17.427011 2.05857 1.665667 -1.955922 -2.878299 4.727803 -4.170591 4.993927 11.020536 2e-06 1e-06 12.109062 -3.735719 -2.866786 -0.0 1e-06 0.0 1.291986 -1.92855 -1.498089 14.80014 0.567469 3.865609 14.242584 -1.341737 -6.660661 19.631983 0.143925 -0.648245 49.857582 -0.106691 -6.617088 0.353029 -1.511152 -0.03194 20.222811 3.684313 2.316633 18.787289 5e-06 1e-06 10.751639 -0.479869 1.397908 -1e-06 1e-06 0.0 3.273809 0.305947 -0.580112 21.486834 11.830383 2.266137 8.162935 1e-06 0.0 18.399099 -3.798988 -4.940579 2e-06 -1e-06 -2e-06 3.286887 7.732377 15.590303 0.022079 -0.502821 14.330758 -4.034671 -4.074137 -7.489607 2.026246 -1.67152 -18.535603 0.0 -0.0 2e-06 6.649461 1.455398 -34.750713 -0.075212 -0.297658 11.245159 -3.127178 -9.214173 9.517003 -1.355905 1.173269 -4.787639 0.0 0.0 -1e-06 
0.0 0.0 0.0 0.0 -0.0 0.0 4.982702 94.377953 72.332016 -3.991422 -1.171961 5.026403 0.783599 -0.146825 -3.518015 -0.415513 -2.652021 -6.13059 0.830166 -4.096968 11.380714 4.100828 1.519875 -1.282464 -0.947755 0.43519 -3.638493 3.144312 -2.38697 -6.571304 7.7e-05 -2.2e-05 6e-06 -0.02045 0.004392 -0.067768 0.735085 -3.715925 -10.741421 -0.771047 3.727901 -10.739001 -14.53619 -9.203554 13.586141 -54.886726 -5.973255 -5.197327 0.184707 -39.804966 -0.504611 8.989614 -5.626771 -4.21255 -5.882107 9.861287 0.70259 -10.936874 -0.360576 7.156209 1e-06 8.774826 -1e-06 -15.968914 17.987173 6.220883 -1.844032 2.498503 -2.50728 -10.163604 4.678944 4.62111 -20.97603 -4e-06 3e-06 -21.22629 2.451695 -3.594001 -1e-06 -7e-06 1e-06 -1.362682 2.240799 -0.746324 -21.334921 0.584906 3.008326 -13.821218 -3e-06 3e-06 -23.887175 -0.24908 -0.839481 -60.418945 2.451294 -0.96954 -0.294025 1.679689 0.833257 -14.218212 0.093216 1.30058 -34.212063 -0.287563 0.967173 -20.03322 0.964537 1.212847 0.0 1e-06 -1e-06 -3.440389 0.788233 0.501656 -15.928189 -3.16731 2.999708 -6.338829 0.0 3e-06 -18.123447 3.648183 -4.905668 -4e-06 1e-06 -2e-06 19.646805 6.888828 16.723022 55.428535 4.570302 26.281858 0.100484 16.014742 0.068506 -0.051768 -1.295547 -0.251061 2.243541 -5.255036 -3.180157 14.282885 -0.826594 6.952499 -2e-06 -12.690601 1e-06 16.404324 -17.512939 2.049181 1.665665 -1.955921 -2.878297 4.727796 -4.170587 4.993924 11.020521 3e-06 -2e-06 12.109047 -3.735715 -2.866783 -0.0 1e-06 -1e-06 1.291985 -1.928549 -1.498089 14.800122 0.567467 3.865606 14.242562 -1.341736 -6.660655 19.631954 0.143927 -0.648244 49.688396 -0.13022 -6.739289 0.353029 -1.511151 -0.031941 20.222784 3.684308 2.316628 18.787266 3e-06 -0.0 10.751624 -0.47987 1.397907 -0.0 -1e-06 0.0 3.273805 0.305947 -0.58011 21.486801 11.83037 2.266132 8.162922 1e-06 2e-06 18.399071 -3.798987 -4.940572 3e-06 -0.0 -1e-06 7.068817 9.406203 13.319488 -0.090282 -0.645574 24.361719 -5.956113 -5.390576 0.956449 2.148108 -1.462186 -27.743792 0.0 -0.0 2e-06 9.057287 4.256208 -34.599468 -0.245742 -0.285661 17.96113 -5.200373 -9.393932 9.832822 -1.356931 1.125776 -2.811746 -0.0 0.0 -1e-06 
0.0 0.0 0.0 0.0 -0.0 0.0 4.533377 94.906021 77.633736 -5.335456 -2.085043 3.880811 1.323215 -0.072243 -2.814618 -0.180329 -2.651723 -5.830977 1.749346 -3.98672 10.973452 3.755284 1.650505 -0.634007 -0.682224 0.29409 -3.57731 2.814269 -1.742792 -6.935558 7.7e-05 -2.3e-05 6e-06 -0.001181 0.089062 -0.065661 0.770335 -3.61307 -10.666683 -0.768279 3.792761 -10.662422 -12.903543 -8.933346 14.255718 -59.386917 -5.356798 -5.60974 0.348005 -36.049122 -0.456256 9.000325 -5.320504 -5.335297 -5.88211 9.861288 0.70259 -10.936877 -0.360574 7.156209 0.0 8.774828 1e-06 -15.837826 18.00729 6.108823 -1.844033 2.498507 -2.507279 -10.163604 4.678947 4.621112 -20.976034 -1e-06 4e-06 -21.226295 2.451698 -3.594001 -0.0 -7e-06 0.0 -1.362681 2.2408 -0.746323 -21.334921 0.584913 3.008326 -13.821218 -1e-06 3e-06 -23.887178 -0.249077 -0.839485 -60.103283 2.38008 -1.130651 -0.294025 1.679687 0.833257 -14.218215 0.093215 1.300583 -34.212055 -0.287562 0.967172 -20.03322 0.964539 1.212844 1e-06 0.0 -1e-06 -3.44039 0.788235 0.501655 -15.928196 -3.167308 2.999709 -6.33883 2e-06 3e-06 -18.123457 3.648185 -4.905672 -4e-06 1e-06 -2e-06 18.006214 7.542574 17.00317 57.254223 6.165615 26.740889 0.213208 15.236723 0.107321 -0.007264 -1.368045 -0.495236 2.243541 -5.255037 -3.180155 14.282892 -0.826596 6.952499 -1e-06 -12.690603 -1e-06 16.503942 -17.567183 2.035445 1.665666 -1.955921 -2.878297 4.727799 -4.170588 4.993925 11.020528 2e-06 -1e-06 12.109054 -3.735717 -2.866786 0.0 1e-06 0.0 1.291986 -1.928549 -1.498089 14.800129 0.567467 3.865606 14.242574 -1.341738 -6.660657 19.631968 0.143925 -0.648246 49.6898 -0.162268 -6.713357 0.353029 -1.51115 -0.031938 20.22279 3.684308 2.316629 18.78727 3e-06 0.0 10.751627 -0.479869 1.397906 -1e-06 0.0 0.0 3.273807 0.305946 -0.580112 21.486813 11.830371 2.266132 8.162928 1e-06 0.0 18.399086 -3.798985 -4.940576 3e-06 1e-06 -1e-06 9.56493 8.84479 9.472321 -0.18626 -0.611614 36.591927 -9.268798 -6.324762 13.015643 2.170471 -1.404836 -27.555038 -0.0 -0.0 0.0 10.992453 4.793145 -31.60499 -0.155997 -0.457646 22.087265 -6.625911 -8.697097 6.247574 -1.379198 1.131047 -1.434802 -0.0 -0.0 -1e-06 
0.0 0.0 0.0 0.0 -0.0 0.0 4.026293 95.457748 82.711777 -6.261826 -1.837937 2.581549 1.671901 -0.172279 -2.061548 -0.119134 -2.386709 -5.557359 2.287657 -4.111371 10.850402 3.912479 1.292232 -0.016782 -0.503053 0.209525 -3.591459 2.581865 -1.532249 -6.970123 7.7e-05 -2.3e-05 6e-06 -0.004111 0.1179 -0.070202 0.749661 -3.589521 -10.61142 -0.753697 3.820835 -10.584803 -11.800831 -9.017893 14.658585 -62.058971 -5.074987 -3.621893 0.338074 -32.00729 -0.311084 7.502719 -4.399344 -4.793777 -5.882109 9.861287 0.702591 -10.936877 -0.360575 7.15621 2e-06 8.774828 0.0 -15.929188 17.819845 6.081141 -1.844033 2.498504 -2.507279 -10.163604 4.678947 4.621112 -20.976034 -6e-06 3e-06 -21.226295 2.451694 -3.593999 1e-06 -6e-06 -1e-06 -1.362682 2.240798 -0.746324 -21.334923 0.584909 3.008326 -13.821221 -2e-06 3e-06 -23.887182 -0.249081 -0.839482 -60.203262 2.308596 -0.913452 -0.294025 1.679689 0.833257 -14.218215 0.093213 1.300582 -34.212059 -0.287566 0.967173 -20.033222 0.964536 1.212845 1e-06 0.0 -1e-06 -3.44039 0.788233 0.501656 -15.928194 -3.167311 2.999709 -6.33883 -1e-06 1e-06 -18.123453 3.648183 -4.90567 -3e-06 1e-06 -3e-06 17.527061 7.910936 17.113541 57.778572 7.625247 26.939053 0.381175 15.645261 0.109702 -0.090988 -1.046585 -0.835014 2.243541 -5.255036 -3.180156 14.282896 -0.826593 6.952502 -4e-06 -12.690603 -0.0 16.379122 -17.446995 2.094624 1.665666 -1.955921 -2.878298 4.727799 -4.170587 4.993923 11.020527 4e-06 -1e-06 12.109053 -3.735714 -2.866781 -0.0 1e-06 -1e-06 1.291985 -1.928549 -1.498086 14.800132 0.56747 3.865607 14.242576 -1.341734 -6.660656 19.631975 0.143928 -0.648241 49.698658 -0.181454 -6.616971 0.353028 -1.511151 -0.031941 20.222794 3.684312 2.31663 18.787275 7e-06 -1e-06 10.751629 -0.479867 1.397907 -0.0 0.0 -1e-06 3.273807 0.305947 -0.580112 21.486818 11.830376 2.26613 8.162928 2e-06 0.0 18.399082 -3.798981 -4.940575 2e-06 1e-06 -2e-06 11.291432 6.250038 3.990628 -0.058791 -0.618217 48.546589 -13.9298 -5.416693 22.859781 1.852745 -1.670331 -11.044078 -0.0 0.0 2e-06 12.590826 4.163032 -27.568558 -0.128234 -0.342384 24.019211 -7.328631 -8.482697 1.688797 -1.4046 1.087884 -1.038731 -0.0 -0.0 -1e-06 
0.0 0.0 0.0 0.0 -0.0 0.0 3.59694 96.240524 87.546318 -6.58638 -1.26099 1.494297 1.820426 -0.143843 -1.560442 -0.09497 -2.017773 -5.38166 2.316345 -4.127316 11.065559 4.22676 0.926344 0.328017 -0.508421 0.084229 -3.582625 2.511278 -1.741137 -6.876472 7.7e-05 -2.2e-05 6e-06 -0.01394 0.068378 -0.057682 0.723146 -3.63847 -10.593998 -0.747301 3.770329 -10.557225 -11.993447 -8.837649 15.040726 -62.560188 -5.050697 0.165315 0.441467 -28.875517 -0.192502 5.042173 -3.367376 -2.822954 -5.88211 9.861292 0.70259 -10.936878 -0.360575 7.156209 1e-06 8.774831 -0.0 -16.223352 17.862633 5.973418 -1.844034 2.498506 -2.50728 -10.163607 4.678947 4.62111 -20.97604 -3e-06 3e-06 -21.226303 2.451698 -3.594003 1e-06 -7e-06 -1e-06 -1.362683 2.240799 -0.746324 -21.334929 0.584909 3.008323 -13.821224 -3e-06 0.0 -23.887188 -0.24908 -0.839484 -60.45792 2.41028 -0.790759 -0.294025 1.679688 0.833257 -14.218217 0.093214 1.300579 -34.212074 -0.287566 0.967168 -20.033226 0.964536 1.212842 0.0 0.0 -1e-06 -3.44039 0.788235 0.501655 -15.928196 -3.167311 2.999707 -6.338831 -1e-06 1e-06 -18.123459 3.648185 -4.905675 -3e-06 1e-06 -3e-06 18.350533 7.984818 17.162188 56.702354 9.288756 27.004988 0.595265 16.722559 0.079617 -0.774231 -0.470564 -1.052583 2.243543 -5.255039 -3.180159 14.282897 -0.826595 6.952507 -2e-06 -12.690612 0.0 16.391354 -17.405748 2.170267 1.665667 -1.955922 -2.878299 4.727801 -4.17059 4.993926 11.020531 3e-06 -1e-06 12.109058 -3.735718 -2.866785 -1e-06 1e-06 -1e-06 1.291986 -1.92855 -1.49809 14.800136 0.567468 3.865611 14.242579 -1.341737 -6.66066 19.631975 0.143926 -0.648247 49.793243 -0.307425 -6.492551 0.353029 -1.511151 -0.031941 20.222801 3.684311 2.316632 18.787283 4e-06 -0.0 10.751636 -0.47987 1.397907 -0.0 0.0 0.0 3.273808 0.305947 -0.58011 21.486828 11.830382 2.266135 8.162931 3e-06 -1e-06 18.399094 -3.798987 -4.940578 4e-06 1e-06 -1e-06 11.71855 3.092026 -2.232174 -0.019042 -0.514342 58.242847 -14.10808 -3.815992 22.415514 1.806431 -1.789205 -5.418624 0.0 0.0 3e-06 13.400735 3.374411 -22.67388 -0.202502 -0.279932 23.272589 -7.547854 -8.645171 -1.437941 -1.40857 1.038192 -0.759732 0.0 -0.0 -1e-06 
0.0 0.0 0.0 0.0 -0.0 0.0 3.312882 97.252556 92.219406 -5.836606 -1.095594 0.513502 1.593805 -0.006579 -1.21811 -0.239778 -1.533934 -5.244462 1.805197 -3.799925 11.38236 4.525877 0.832256 0.775118 -0.636636 -0.212789 -3.536878 2.399883 -2.113853 -6.714494 7.7e-05 -2.2e-05 6e-06 -0.016199 0.007312 -0.042009 0.697111 -3.697926 -10.580051 -0.726302 3.70868 -10.552773 -12.281516 -8.331572 15.249863 -62.97477 -4.69824 2.739508 0.235214 -27.10132 -0.028434 3.35839 -2.845715 -1.066301 -5.88211 9.861292 0.702591 -10.936879 -0.360575 7.156209 1e-06 8.774831 -3e-06 -16.417212 17.959496 5.808721 -1.844033 2.498504 -2.507281 -10.163605 4.678947 4.621112 -20.976036 -5e-06 3e-06 -21.226299 2.451696 -3.594002 1e-06 -6e-06 -0.0 -1.362683 2.2408 -0.746323 -21.334929 0.58491 3.008323 -13.821223 -4e-06 2e-06 -23.887188 -0.24908 -0.839484 -60.456593 2.564964 -0.867378 -0.294025 1.679688 0.833256 -14.218219 0.093214 1.30058 -34.212074 -0.287566 0.96717 -20.033232 0.964535 1.212844 -1e-06 -0.0 -0.0 -3.440391 0.788234 0.501655 -15.928201 -3.167312 2.999707 -6.338831 -1e-06 1e-06 -18.123459 3.648184 -4.905674 -3e-06 0.0 -1e-06 18.979048 8.138626 17.167358 55.843475 11.452991 27.19949 0.678826 17.642927 0.11025 -1.948857 0.224122 -0.677372 2.243542 -5.255038 -3.180159 14.282896 -0.826593 6.952508 -4e-06 -12.690609 1e-06 16.464912 -17.425608 2.18899 1.665667 -1.955922 -2.878302 4.7278 -4.170588 4.993925 11.020529 4e-06 1e-06 12.109056 -3.735716 -2.866785 -0.0 0.0 -1e-06 1.291986 -1.928549 -1.498089 14.800134 0.567469 3.86561 14.242579 -1.341734 -6.660659 19.631975 0.143929 -0.648244 49.757877 -0.426074 -6.507799 0.353029 -1.511151 -0.031941 20.222801 3.684312 2.316633 18.787281 6e-06 1e-06 10.751631 -0.479867 1.397908 -0.0 1e-06 -1e-06 3.273808 0.305948 -0.580111 21.486824 11.830381 2.266133 8.16293 3e-06 -2e-06 18.39909 -3.798984 -4.940576 2e-06 0.0 -1e-06 10.641199 0.722406 -8.437076 -0.035894 -0.208028 64.184273 -11.395858 -1.405912 17.765018 1.792625 -1.837815 -4.932934 -0.0 0.0 3e-06 12.864953 3.064 -17.02309 -0.19562 -0.243328 20.486814 -7.503699 -8.848591 -3.365195 -1.412123 1.026637 -0.506209 0.0 -0.0 -1e-06 
0.0 0.0 0.0 0.0 -0.0 0.0 3.133262 98.163834 96.819221 -4.453032 -1.532657 -0.394343 1.293747 0.209155 -0.795545 -0.434267 -0.904146 -5.077012 0.927775 -3.183546 11.422473 4.351833 0.959839 1.427963 -0.751613 -0.48063 -3.493351 2.376432 -2.5948 -6.580689 7.7e-05 -2.2e-05 6e-06 -0.013416 -0.020097 -0.03025 0.687348 -3.724799 -10.590182 -0.71209 3.68005 -10.573195 -12.1084 -7.652637 15.28285 -64.123489 -3.521796 3.448873 0.049418 -26.943659 0.063207 2.629023 -2.675931 -0.459868 -5.882105 9.861286 0.70259 -10.93687 -0.360575 7.156202 1e-06 8.774826 -1e-06 -16.416269 18.012558 5.723342 -1.844033 2.498505 -2.507277 -10.163598 4.678945 4.621106 -20.976021 -4e-06 1e-06 -21.226282 2.451696 -3.594 1e-06 -7e-06 -1e-06 -1.362681 2.240798 -0.746322 -21.334908 0.584909 3.008321 -13.821213 -3e-06 2e-06 -23.887167 -0.24908 -0.839483 -60.34798 2.622738 -1.045611 -0.294024 1.679686 0.833256 -14.218205 0.093215 1.30058 -34.212036 -0.287566 0.96717 -20.033209 0.964535 1.212842 1e-06 -0.0 -1e-06 -3.440388 0.788233 0.501655 -15.928183 -3.16731 2.999705 -6.338825 -1e-06 1e-06 -18.123444 3.648183 -4.905672 -3e-06 0.0 -1e-06 18.202391 8.672794 17.088575 56.444839 13.849998 27.100428 0.583686 18.63587 0.149631 -3.096677 0.683312 -0.03685 2.243542 -5.255037 -3.180158 14.282896 -0.826595 6.952505 -3e-06 -12.690605 0.0 16.415525 -17.453278 2.242181 1.665666 -1.955921 -2.878299 4.7278 -4.170588 4.993925 11.020529 3e-06 -1e-06 12.109056 -3.735716 -2.866786 0.0 -1e-06 0.0 1.291986 -1.92855 -1.49809 14.800132 0.567469 3.865609 14.242577 -1.341735 -6.660661 19.631973 0.143926 -0.648246 49.585499 -0.551004 -6.558992 0.353029 -1.511151 -0.031938 20.222799 3.684309 2.316629 18.787283 5e-06 0.0 10.751633 -0.479869 1.397906 -1e-06 1e-06 1e-06 3.273808 0.305947 -0.580111 21.486824 11.830377 2.266134 8.16293 2e-06 -3e-06 18.399092 -3.798984 -4.940576 2e-06 -1e-06 -2e-06 8.735022 -0.430356 -14.081345 -0.014104 0.051466 66.258675 -8.511379 1.222697 14.092508 1.801169 -1.873115 -4.843029 0.0 -0.0 2e-06 11.533448 3.087603 -11.121413 -0.130598 -0.207982 16.954428 -7.27213 -8.738391 -4.858662 -1.409376 1.025431 -0.273443 -0.0 -0.0 -1e-06 
0.0 0.0 0.0 0.0 -0.0 0.0 2.994241 98.74321 101.332977 -2.993696 -2.525539 -1.023977 1.105575 0.442702 -0.398839 -0.551863 -0.146471 -4.895902 0.022127 -2.447819 11.270635 3.467678 1.368364 1.965459 -0.84091 -0.795078 -3.483313 2.431194 -2.954866 -6.489896 7.7e-05 -2.3e-05 6e-06 -0.011892 -0.044689 -0.022786 0.684916 -3.752906 -10.609919 -0.708483 3.657716 -10.60051 -12.167635 -6.855135 15.228381 -65.150108 -1.756046 3.120491 0.035839 -27.82478 0.089774 2.268089 -2.405475 -0.792886 -5.882109 9.86129 0.702591 -10.936875 -0.360575 7.156207 0.0 8.774829 -0.0 -16.343985 18.031076 5.750972 -1.844033 2.498505 -2.507279 -10.163604 4.678947 4.621109 -20.976034 -4e-06 2e-06 -21.226297 2.451697 -3.594003 -0.0 -7e-06 -1e-06 -1.362682 2.240799 -0.746325 -21.334923 0.58491 3.008323 -13.82122 -3e-06 1e-06 -23.887178 -0.249079 -0.839484 -60.364128 2.61058 -1.198181 -0.294025 1.679688 0.833256 -14.218215 0.093215 1.300581 -34.212067 -0.287564 0.967169 -20.033222 0.964537 1.212843 -1e-06 -0.0 -1e-06 -3.44039 0.788234 0.501656 -15.928192 -3.167311 2.999707 -6.33883 -1e-06 2e-06 -18.123457 3.648185 -4.905672 -3e-06 1e-06 -1e-06 16.495447 9.525203 16.943033 57.592865 16.305021 26.743698 0.42976 20.175201 0.172723 -4.081985 1.04632 0.416005 2.243542 -5.255039 -3.180156 14.2829 -0.826595 6.952507 -4e-06 -12.690614 4e-06 16.299223 -17.490746 2.354456 1.665667 -1.955922 -2.8783 4.727801 -4.170591 4.993925 11.020535 4e-06 -2e-06 12.10906 -3.735717 -2.866786 0.0 0.0 1e-06 1.291987 -1.92855 -1.49809 14.800139 0.567469 3.865609 14.242584 -1.341735 -6.66066 19.631983 0.143927 -0.648246 49.436737 -0.663914 -6.536566 0.353029 -1.511151 -0.031939 20.222805 3.684314 2.316629 18.787289 5e-06 -0.0 10.751636 -0.479869 1.397906 1e-06 1e-06 0.0 3.273809 0.305947 -0.58011 21.486832 11.830386 2.266132 8.162932 3e-06 -1e-06 18.399096 -3.798987 -4.940578 1e-06 -0.0 0.0 6.752743 -0.369768 -19.129372 0.040505 0.230497 64.809395 -6.229304 3.299753 11.465037 1.805402 -1.881859 -4.937913 0.0 0.0 1e-06 10.150027 3.424151 -5.750723 -0.096099 -0.205498 13.649755 -7.043813 -8.350067 -6.245847 -1.407259 0.994155 -0.188415 -0.0 -0.0 -1e-06 
0.0 0.0 0.0 0.0 -0.0 0.0 2.87987 98.951416 105.716476 -1.763754 -3.854814 -1.311666 1.064247 0.623166 -0.163067 -0.578361 0.618236 -4.752568 -0.724211 -1.73676 11.171167 2.047993 1.989892 2.221912 -0.886084 -1.001682 -3.529065 2.437931 -3.10618 -6.462565 7.7e-05 -2.2e-05 6e-06 -0.011631 -0.065191 -0.018072 0.682207 -3.777881 -10.613405 -0.707603 3.64069 -10.61186 -12.870584 -5.991787 15.186481 -65.367271 0.045697 2.68312 0.097846 -28.88796 0.101561 1.953202 -1.956084 -1.403651 -5.882113 9.861293 0.70259 -10.936883 -0.360576 7.156209 1e-06 8.774833 -0.0 -16.297945 18.022232 5.813126 -1.844035 2.498507 -2.507279 -10.163611 4.678948 4.621108 -20.976048 -6e-06 1e-06 -21.226311 2.451696 -3.594001 -0.0 -7e-06 1e-06 -1.362683 2.240801 -0.746324 -21.334938 0.584908 3.008319 -13.82123 -4e-06 0.0 -23.887201 -0.249083 -0.839485 -60.440441 2.559739 -1.19128 -0.294025 1.679688 0.833256 -14.218225 0.093213 1.300578 -34.21209 -0.28757 0.967168 -20.033236 0.964533 1.212843 -1e-06 -1e-06 -1e-06 -3.440392 0.788233 0.501657 -15.928203 -3.167313 2.999705 -6.338833 -2e-06 1e-06 -18.123463 3.648184 -4.905676 -3e-06 1e-06 -1e-06 14.743006 10.531635 16.786037 58.098251 18.663643 26.031424 0.401801 22.688658 0.200282 -4.925096 1.637125 0.135345 2.243546 -5.255044 -3.18016 14.282911 -0.826596 6.952509 -3e-06 -12.690624 1e-06 16.170876 -17.586199 2.506749 1.665668 -1.955923 -2.878301 4.727805 -4.170594 4.99393 11.020542 3e-06 -2e-06 12.109068 -3.735721 -2.866786 0.0 -0.0 -0.0 1.291988 -1.928552 -1.49809 14.800149 0.567468 3.865611 14.24259 -1.341737 -6.660668 19.631992 0.143928 -0.648245 49.442104 -0.729288 -6.440484 0.35303 -1.511152 -0.031939 20.222818 3.684316 2.316632 18.7873 6e-06 -2e-06 10.751642 -0.479868 1.397905 1e-06 1e-06 -1e-06 3.273812 0.305947 -0.58011 21.486843 11.830393 2.266134 8.162939 3e-06 -3e-06 18.399111 -3.798989 -4.940583 2e-06 -1e-06 -0.0 5.000098 0.360376 -23.419687 0.112151 0.297356 59.920498 -4.59413 4.927916 9.246553 1.815785 -1.881719 -5.228549 0.0 0.0 1e-06 8.92941 3.823888 -1.185676 -0.100322 -0.209084 10.963396 -6.815604 -7.729186 -7.830608 -1.410675 0.945743 -0.233946 -0.0 0.0 -1e-06 
0.0 0.0 0.0 0.0 -0.0 0.0 2.774747 98.844925 110.039139 -0.89058 -5.315858 -1.365677 1.133148 0.685339 -0.083141 -0.541559 1.288516 -4.704765 -1.230014 -1.109376 11.263451 0.385216 2.640572 2.294979 -0.828055 -0.975789 -3.594405 2.322501 -3.076283 -6.500223 7.7e-05 -2.2e-05 6e-06 -0.005593 -0.038164 -0.017462 0.68044 -3.753449 -10.59994 -0.696247 3.669669 -10.615532 -13.98105 -5.079611 15.168638 -64.962143 1.487033 2.67506 0.237074 -29.566332 0.086774 1.621323 -1.458731 -1.743766 -5.882111 9.861294 0.70259 -10.936881 -0.360576 7.156209 -0.0 8.774832 -2e-06 -16.313942 17.993397 5.830566 -1.844034 2.498507 -2.507278 -10.163609 4.678949 4.621112 -20.97604 -4e-06 3e-06 -21.226305 2.451699 -3.594002 -1e-06 -6e-06 0.0 -1.362683 2.2408 -0.746324 -21.334934 0.584909 3.008325 -13.821226 -3e-06 3e-06 -23.887192 -0.249079 -0.839483 -60.516365 2.5146 -1.113719 -0.294025 1.679689 0.833256 -14.218224 0.093215 1.300581 -34.212082 -0.287565 0.96717 -20.033236 0.964536 1.212842 0.0 -1e-06 -1e-06 -3.440392 0.788234 0.501655 -15.928203 -3.167312 2.999707 -6.338831 -1e-06 2e-06 -18.123465 3.648186 -4.905674 -3e-06 1e-06 -1e-06 13.345289 11.525454 16.695261 57.663532 20.940802 25.030739 0.464028 26.010477 0.233395 -5.77684 2.505844 -0.99171 2.243544 -5.255041 -3.180157 14.282904 -0.826596 6.952507 -2e-06 -12.690618 -1e-06 16.019894 -17.721882 2.617546 1.665668 -1.955922 -2.878299 4.727802 -4.170592 4.993926 11.020536 2e-06 -3e-06 12.109062 -3.735719 -2.866786 -0.0 0.0 -0.0 1.291985 -1.92855 -1.498091 14.800142 0.567468 3.86561 14.242585 -1.341737 -6.660665 19.631987 0.143925 -0.648247 49.45845 -0.752859 -6.382514 0.353028 -1.511151 -0.031942 20.222811 3.684313 2.316629 18.787292 3e-06 -2e-06 10.751639 -0.479869 1.397905 0.0 2e-06 -0.0 3.273809 0.305949 -0.580112 21.486834 11.830385 2.266131 8.162932 2e-06 -4e-06 18.399099 -3.798987 -4.940582 2e-06 -1e-06 -0.0 3.638629 1.199968 -26.596237 0.169477 0.241836 51.631485 -3.647663 6.057634 8.018125 1.824719 -1.90911 -5.456837 -0.0 0.0 3e-06 7.975822 4.172447 3.112473 -0.112851 -0.184597 8.170632 -6.613096 -7.000138 -9.417951 -1.415812 0.897815 -0.222628 -0.0 -0.0 -1e-06 
0.0 0.0 0.0 0.0 -0.0 0.0 2.687114 98.430542 114.386818 -0.439238 -6.750167 -1.282175 1.328187 0.618389 -0.122655 -0.466304 1.77761 -4.746334 -1.471413 -0.527833 11.488648 -1.265656 3.173953 2.380177 -0.689982 -0.755553 -3.628364 2.11391 -2.891016 -6.639567 7.7e-05 -2.3e-05 6e-06 0.005247 0.025188 -0.012366 0.683344 -3.6889 -10.575402 -0.679673 3.732462 -10.610198 -15.096029 -4.210361 15.129307 -64.462624 2.576732 2.933981 0.372352 -29.778307 0.049334 1.302705 -1.002349 -1.50882 -5.882111 9.861292 0.70259 -10.93688 -0.360575 7.156209 0.0 8.774831 -1e-06 -16.357624 17.978498 5.820207 -1.844034 2.498506 -2.507279 -10.163608 4.678948 4.62111 -20.97604 -3e-06 4e-06 -21.226301 2.451699 -3.594002 -1e-06 -7e-06 -0.0 -1.362682 2.2408 -0.746324 -21.334929 0.58491 3.008326 -13.821222 -3e-06 2e-06 -23.887184 -0.24908 -0.839485 -60.5844 2.522595 -1.114239 -0.294025 1.679688 0.833256 -14.218219 0.093214 1.300582 -34.21207 -0.287563 0.96717 -20.033226 0.964537 1.212844 -0.0 -0.0 -0.0 -3.440391 0.788234 0.501656 -15.928201 -3.167311 2.999709 -6.338831 -1e-06 2e-06 -18.123459 3.648186 -4.905674 -2e-06 0.0 -2e-06 12.177447 12.423615 16.592794 56.755436 23.082588 23.840839 0.47396 29.648563 0.242096 -6.763595 3.423982 -2.417201 2.243542 -5.255039 -3.180157 14.282898 -0.826594 6.952502 -3e-06 -12.690612 0.0 15.922242 -17.82239 2.650886 1.665668 -1.955922 -2.878298 4.7278 -4.170588 4.993925 11.020534 4e-06 -2e-06 12.109059 -3.735715 -2.866787 -0.0 1e-06 -0.0 1.291986 -1.92855 -1.49809 14.800139 0.567468 3.865605 14.242582 -1.341734 -6.660661 19.631981 0.143928 -0.648244 49.420082 -0.78396 -6.409874 0.353029 -1.511151 -0.031941 20.222803 3.684314 2.316628 18.787287 9e-06 -2e-06 10.751633 -0.479867 1.397907 0.0 2e-06 -1e-06 3.273809 0.305946 -0.580113 21.486828 11.830384 2.266129 8.16293 3e-06 -2e-06 18.399092 -3.798984 -4.940579 3e-06 -2e-06 -1e-06 2.766853 2.062222 -28.260105 0.192584 0.162143 39.787338 -3.208436 6.581631 8.452546 1.811299 -1.963112 -5.523007 -0.0 0.0 1e-06 7.328242 4.292766 7.524579 -0.111283 -0.137589 4.926937 -6.486984 -6.100464 -10.824761 -1.417998 0.883964 -0.187826 0.0 -0.0 -1e-06 
0.0 0.0 0.0 0.0 -0.0 0.0 2.609 97.701385 118.906769 -0.531252 -8.037551 -1.089289 1.747919 0.524439 -0.216997 -0.368712 1.988465 -4.845008 -1.438116 0.01026 11.677566 -2.686362 3.613189 2.579252 -0.591385 -0.532109 -3.638463 1.950773 -2.497812 -6.782123 7.7e-05 -2.2e-05 6e-06 0.016953 0.069424 -0.003908 0.701445 -3.649017 -10.593729 -0.676181 3.782763 -10.629745 -16.035416 -3.426648 15.098569 -64.08313 3.386071 3.146055 0.342495 -29.703909 0.022013 1.031401 -0.528901 -0.626731 -5.882108 9.861287 0.702591 -10.936875 -0.360575 7.156207 1e-06 8.774828 -0.0 -16.306576 17.974209 5.904979 -1.844033 2.498504 -2.507277 -10.163604 4.678945 4.621109 -20.97603 -4e-06 5e-06 -21.226294 2.451698 -3.593999 -1e-06 -6e-06 -1e-06 -1.362682 2.240798 -0.746325 -21.334923 0.584909 3.008326 -13.82122 -3e-06 4e-06 -23.887182 -0.249078 -0.839481 -60.653488 2.56893 -1.094009 -0.294024 1.679687 0.833256 -14.218213 0.093215 1.30058 -34.212063 -0.287564 0.967173 -20.03322 0.964536 1.212844 -0.0 -1e-06 -0.0 -3.440389 0.788233 0.501656 -15.928192 -3.16731 2.999709 -6.338829 -1e-06 2e-06 -18.123447 3.648183 -4.90567 -4e-06 0.0 -2e-06 11.183862 13.195457 16.455587 55.782116 24.973082 22.515991 0.361275 33.037739 0.17045 -7.863418 4.151435 -3.698151 2.243541 -5.255037 -3.180159 14.282894 -0.826595 6.952503 -4e-06 -12.690607 1e-06 15.895225 -17.784294 2.653216 1.665668 -1.955921 -2.8783 4.727798 -4.170589 4.993924 11.020528 3e-06 -3e-06 12.109055 -3.735716 -2.866784 -0.0 0.0 0.0 1.291986 -1.92855 -1.49809 14.800132 0.567467 3.865606 14.242576 -1.341734 -6.660661 19.631973 0.143927 -0.648247 49.44828 -0.839573 -6.424675 0.353029 -1.51115 -0.031939 20.222795 3.684309 2.316628 18.787273 5e-06 -3e-06 10.75163 -0.479868 1.397906 1e-06 2e-06 -2e-06 3.273806 0.305945 -0.58011 21.486818 11.830379 2.266129 8.162928 2e-06 -2e-06 18.399088 -3.798986 -4.940578 3e-06 -1e-06 -2e-06 2.500221 3.107534 -28.094687 0.154468 0.167805 24.647495 -3.556114 6.63671 9.539042 1.793478 -1.971217 -5.055397 0.0 0.0 2e-06 7.104296 4.063024 11.775875 -0.124839 -0.135835 2.033252 -6.259993 -4.988578 -12.087968 -1.417557 0.939234 -0.554302 0.0 -0.0 -1e-06 
0.0 0.0 0.0 0.0 -0.0 0.0 2.490191 96.784088 123.677734 -1.083351 -9.074858 -0.769144 2.247949 0.420433 -0.444332 -0.252594 2.065418 -4.998277 -1.11711 0.226757 11.85477 -3.706205 4.056263 2.723544 -0.628259 -0.274766 -3.557027 1.774389 -1.924412 -6.778792 7.7e-05 -2.3e-05 6e-06 0.026555 0.162909 0.018672 0.726675 -3.572979 -10.643299 -0.68395 3.89342 -10.680463 -17.055429 -2.660863 15.11768 -63.644585 4.008124 3.012427 0.211459 -29.543604 0.054009 0.825834 -0.142187 0.401456 -5.882107 9.861288 0.702591 -10.936873 -0.360575 7.156207 -0.0 8.774829 -2e-06 -16.238495 18.097956 6.031731 -1.844033 2.498505 -2.507278 -10.163603 4.678946 4.621109 -20.976027 -3e-06 2e-06 -21.226288 2.451697 -3.594002 -1e-06 -6e-06 -0.0 -1.362682 2.240799 -0.746323 -21.334917 0.58491 3.008324 -13.821216 -2e-06 3e-06 -23.887173 -0.249077 -0.839483 -60.828045 2.56356 -0.968586 -0.294025 1.679688 0.833257 -14.21821 0.093215 1.30058 -34.212048 -0.287564 0.967171 -20.033215 0.964538 1.212844 0.0 -0.0 -0.0 -3.440389 0.788234 0.501656 -15.928187 -3.16731 2.999708 -6.338827 -1e-06 2e-06 -18.123447 3.648184 -4.905671 -4e-06 -0.0 -2e-06 10.573597 13.952494 16.331413 54.650005 26.433163 21.145567 0.294928 35.93108 0.146214 -9.115741 4.663811 -4.837113 2.243542 -5.255036 -3.180158 14.282892 -0.826596 6.952504 -2e-06 -12.690603 0.0 15.919216 -17.766239 2.660245 1.665666 -1.955922 -2.8783 4.727801 -4.170587 4.993925 11.020528 2e-06 -1e-06 12.109055 -3.735716 -2.866787 -1e-06 -0.0 0.0 1.291985 -1.928549 -1.498089 14.800131 0.567468 3.865607 14.242574 -1.341737 -6.660659 19.631969 0.143925 -0.648245 49.721306 -0.997584 -6.430322 0.353029 -1.511151 -0.03194 20.222797 3.684309 2.31663 18.787273 2e-06 -1e-06 10.75163 -0.479869 1.397905 0.0 1e-06 0.0 3.273809 0.305946 -0.580112 21.48682 11.830374 2.266132 8.162931 1e-06 -1e-06 18.399088 -3.798985 -4.940579 2e-06 -2e-06 -2e-06 2.824956 3.718254 -26.890818 -0.015619 0.071242 8.899389 -4.90012 6.946392 8.897567 1.716303 -2.070473 -4.239003 0.0 0.0 2e-06 7.150288 3.511845 14.638521 -0.142381 -0.258432 2.142335 -5.685966 -3.853652 -13.693666 -1.429636 0.883732 -1.588013 0.0 0.0 -1e-06 
0.0 0.0 0.0 0.0 -0.0 0.0 2.418442 95.784843 128.616302 -1.541181 -9.808966 -0.097519 2.422793 0.331655 -1.017992 -0.112614 2.148695 -5.205317 -0.682746 0.123912 12.114126 -4.479787 4.41729 2.499774 -0.615709 0.036998 -3.567888 1.594629 -1.495997 -6.338222 7.7e-05 -2.2e-05 6e-06 0.020729 0.126468 0.030673 0.695657 -3.616173 -10.657561 -0.665968 3.863994 -10.688899 -18.411102 -2.179239 14.988127 -62.828274 4.54256 2.89629 0.222944 -29.02869 0.100752 0.597266 -0.135245 0.896827 -5.882108 9.861286 0.70259 -10.936875 -0.360574 7.156207 1e-06 8.774826 -1e-06 -16.240728 18.202368 5.993516 -1.844033 2.498504 -2.507278 -10.163604 4.678946 4.621109 -20.97603 -3e-06 3e-06 -21.226295 2.451698 -3.593999 -1e-06 -6e-06 0.0 -1.362682 2.240798 -0.746325 -21.334925 0.58491 3.008325 -13.821218 -3e-06 1e-06 -23.88718 -0.249078 -0.839483 -60.944698 2.575996 -1.03025 -0.294025 1.679688 0.833256 -14.218213 0.093215 1.300581 -34.212063 -0.287564 0.96717 -20.03322 0.964537 1.212845 0.0 -0.0 -1e-06 -3.440389 0.788233 0.501656 -15.928192 -3.167309 2.999707 -6.338829 -1e-06 3e-06 -18.123451 3.648182 -4.90567 -4e-06 1e-06 -2e-06 10.839311 14.454407 16.158241 52.860577 27.369064 20.026567 0.315857 38.169033 0.177928 -10.125358 5.040728 -5.822229 2.243541 -5.255038 -3.180159 14.282891 -0.826594 6.952501 -2e-06 -12.690605 0.0 15.668446 -17.788874 2.761358 1.665667 -1.955922 -2.878298 4.727798 -4.170589 4.993925 11.020522 3e-06 -1e-06 12.10905 -3.735717 -2.866785 -1e-06 1e-06 -2e-06 1.291986 -1.928552 -1.498089 14.800129 0.567469 3.865608 14.242571 -1.341736 -6.660659 19.631968 0.143928 -0.648246 49.681824 -0.942743 -6.428493 0.353029 -1.511151 -0.031942 20.22279 3.684311 2.316629 18.787273 5e-06 -3e-06 10.751629 -0.479867 1.397906 1e-06 2e-06 0.0 3.273807 0.305947 -0.580111 21.486813 11.830376 2.26613 8.162927 2e-06 -2e-06 18.399084 -3.798984 -4.940576 1e-06 -2e-06 -1e-06 2.789427 4.232243 -26.735651 -0.118556 -0.073944 -1.852615 -7.358133 8.000518 6.107201 1.553021 -2.157638 -4.374089 0.0 -0.0 2e-06 6.839468 2.818195 16.803164 -0.108093 -0.379066 2.872777 -4.839184 -2.43449 -14.973186 -1.420396 0.770648 -2.752114 0.0 0.0 -1e-06 
0.0 0.0 0.0 0.0 -0.0 0.0 2.402847 94.846878 133.611496 -1.452164 -10.062132 0.578441 2.140619 0.369095 -1.475393 -0.075395 2.054726 -5.413807 -0.495447 -0.060297 12.272467 -4.721042 4.486549 1.973517 -0.506817 0.124567 -3.52045 1.418615 -1.112374 -6.08633 7.7e-05 -2.3e-05 6e-06 0.012872 0.028204 0.038151 0.686122 -3.707431 -10.630153 -0.672972 3.75964 -10.6585 -19.346487 -2.189947 15.046526 -62.045174 4.529581 3.174415 0.298704 -28.014839 0.144067 0.5067 -0.147195 1.198511 -5.882107 9.861288 0.702589 -10.936873 -0.360576 7.156204 1e-06 8.77483 -1e-06 -16.33848 18.156166 5.869217 -1.844032 2.498505 -2.507277 -10.163601 4.678946 4.621108 -20.976023 -3e-06 2e-06 -21.226286 2.451698 -3.594002 0.0 -7e-06 -1e-06 -1.362682 2.240799 -0.746323 -21.334913 0.584909 3.008323 -13.821215 -3e-06 1e-06 -23.887169 -0.249079 -0.839483 -60.968067 2.560767 -1.032313 -0.294024 1.679688 0.833256 -14.218209 0.093215 1.300579 -34.212048 -0.287564 0.967169 -20.033216 0.964536 1.212843 0.0 -0.0 -0.0 -3.440389 0.788234 0.501656 -15.928189 -3.167311 2.999707 -6.338827 -1e-06 2e-06 -18.123447 3.648183 -4.905672 -4e-06 1e-06 -3e-06 11.219677 14.616708 15.880588 51.568405 27.945894 19.295242 0.269177 39.37289 0.255675 -10.788457 5.382647 -6.378224 2.243543 -5.255038 -3.180158 14.282892 -0.826595 6.952507 -2e-06 -12.690605 -1e-06 15.564395 -17.845181 2.764449 1.665666 -1.95592 -2.878299 4.7278 -4.170588 4.993925 11.020528 2e-06 0.0 12.109054 -3.735716 -2.866783 -1e-06 1e-06 -2e-06 1.291985 -1.928549 -1.49809 14.800132 0.567468 3.865608 14.242576 -1.341737 -6.660658 19.631971 0.143924 -0.648245 49.512684 -0.88482 -6.439419 0.353029 -1.511151 -0.03194 20.222797 3.684309 2.316633 18.787279 5e-06 1e-06 10.751631 -0.479869 1.397909 1e-06 1e-06 0.0 3.273807 0.305946 -0.580111 21.486816 11.830376 2.266135 8.162931 3e-06 0.0 18.399088 -3.798987 -4.940573 3e-06 1e-06 -1e-06 1.191226 5.363292 -28.485201 -0.074927 -0.129187 -3.235343 -10.018117 9.235972 2.733538 1.473731 -2.122135 -4.632358 0.0 0.0 3e-06 5.767274 1.752742 18.058043 -0.139949 -0.379059 5.116122 -3.769871 -0.988169 -15.778734 -1.401524 0.722841 -4.47935 -0.0 -0.0 -1e-06 
0.0 0.0 0.0 0.0 -0.0 0.0 2.456245 94.094597 138.810211 -0.263559 -9.801292 1.252005 0.99603 0.434118 -2.106391 -0.152699 1.868935 -5.725715 -0.731774 -0.282375 12.31713 -4.225104 4.219001 1.461515 -0.520982 0.269489 -3.444319 1.306706 -1.040725 -5.548746 7.7e-05 -2.3e-05 6e-06 0.012486 -0.017301 0.054473 0.697105 -3.765915 -10.662955 -0.683149 3.72749 -10.678082 -20.235468 -2.595206 15.17975 -60.893753 4.376334 3.362962 0.184096 -26.55253 0.138361 0.675094 0.11029 2.018144 -5.882109 9.86129 0.70259 -10.936878 -0.360576 7.156208 1e-06 8.774829 -1e-06 -16.504847 18.393066 5.886005 -1.844033 2.498505 -2.507278 -10.163604 4.678945 4.621109 -20.976034 -5e-06 4e-06 -21.226295 2.451697 -3.594 0.0 -7e-06 -1e-06 -1.362682 2.240799 -0.746324 -21.334925 0.584907 3.008322 -13.82122 -4e-06 3e-06 -23.887182 -0.249079 -0.839481 -61.074097 2.682806 -1.116472 -0.294025 1.679688 0.833256 -14.218217 0.093214 1.300581 -34.212067 -0.287566 0.967173 -20.033226 0.964535 1.212845 -1e-06 -1e-06 -0.0 -3.44039 0.788233 0.501655 -15.928198 -3.167312 2.999709 -6.338829 -1e-06 2e-06 -18.123457 3.648183 -4.905672 -4e-06 0.0 -1e-06 12.157067 14.317003 15.653666 50.61198 27.772013 19.264885 -0.146698 39.594318 0.069951 -11.141258 5.380238 -6.822209 2.243545 -5.255042 -3.180161 14.282903 -0.826599 6.952507 -2e-06 -12.690612 2e-06 15.721761 -17.932789 2.783522 1.665668 -1.955923 -2.8783 4.727802 -4.17059 4.993928 11.020535 0.0 -1e-06 12.109061 -3.735719 -2.866788 -1e-06 0.0 -2e-06 1.291986 -1.928551 -1.498092 14.80014 0.567465 3.865608 14.242586 -1.341737 -6.660666 19.631987 0.143924 -0.648248 49.585052 -1.02615 -6.53799 0.353029 -1.511151 -0.031941 20.222807 3.684308 2.316628 18.787289 4e-06 -7e-06 10.751637 -0.47987 1.397905 1e-06 0.0 -1e-06 3.273809 0.305948 -0.580112 21.48683 11.830379 2.266132 8.162935 1e-06 -1e-06 18.399099 -3.798988 -4.940581 2e-06 1e-06 -1e-06 -1.54626 5.641713 -29.384451 -0.111688 -0.183422 0.502223 -10.078862 9.289433 2.686265 1.551151 -2.194205 -5.549779 -0.0 -0.0 2e-06 3.603271 0.765369 18.031252 -0.130954 -0.231928 9.750216 -2.505775 -0.224932 -15.395186 -1.40018 0.76127 -8.020972 -0.0 0.0 -1e-06 
0.0 0.0 0.0 0.0 -0.0 0.0 2.479542 93.976021 144.240616 2.648302 -9.083096 2.263192 -1.236895 0.231083 -3.250031 -0.498974 1.88321 -6.254096 -1.736295 -0.502375 12.552918 -3.149235 3.616497 0.557901 -0.423428 0.612641 -3.590361 1.117481 -1.224472 -4.245108 7.7e-05 -2.2e-05 6e-06 0.021184 -0.064287 0.005042 0.673181 -3.797667 -10.61707 -0.640842 3.665673 -10.640837 -21.969555 -3.381383 14.756264 -58.425091 4.604033 3.308402 -0.042348 -24.563663 0.165268 1.005757 0.166078 2.41731 -5.882111 9.861293 0.702591 -10.93688 -0.360575 7.156211 -0.0 8.774833 -0.0 -16.536903 18.293213 5.954326 -1.844033 2.498506 -2.507279 -10.16361 4.678949 4.621112 -20.97604 -1e-06 4e-06 -21.226303 2.451702 -3.594001 0.0 -7e-06 -1e-06 -1.362682 2.2408 -0.746324 -21.334929 0.584911 3.008326 -13.821225 -2e-06 3e-06 -23.887188 -0.249075 -0.839482 -61.176098 2.636619 -0.831981 -0.294025 1.679688 0.833256 -14.218221 0.093215 1.300582 -34.212078 -0.287561 0.967173 -20.033232 0.96454 1.212845 -0.0 -2e-06 -0.0 -3.440391 0.788234 0.501657 -15.928201 -3.167311 2.999709 -6.338833 -1e-06 1e-06 -18.123463 3.648187 -4.905672 -4e-06 1e-06 -2e-06 15.301656 13.348242 15.582238 48.615871 26.596964 18.721455 -0.205232 39.010105 -0.024564 -11.761102 5.435294 -5.942296 2.243543 -5.255038 -3.18016 14.282896 -0.826594 6.952505 -5e-06 -12.690609 1e-06 15.767126 -17.91724 2.770275 1.665669 -1.955923 -2.878299 4.727801 -4.170589 4.993928 11.020531 3e-06 -2e-06 12.109058 -3.735715 -2.866789 -1e-06 -0.0 -2e-06 1.291987 -1.928551 -1.498091 14.800136 0.567468 3.865607 14.242581 -1.341736 -6.660662 19.631975 0.143926 -0.648247 49.756817 -0.903834 -6.447044 0.35303 -1.511151 -0.031941 20.222803 3.68431 2.316628 18.787283 6e-06 -5e-06 10.751633 -0.47987 1.397906 -0.0 1e-06 1e-06 3.273809 0.305945 -0.580111 21.486824 11.830381 2.266131 8.16293 2e-06 -1e-06 18.399092 -3.798985 -4.940579 2e-06 -0.0 -0.0 -5.235379 3.377878 -31.224081 -0.071641 -0.095237 5.971413 -3.747443 8.687711 11.493916 1.743048 -2.060655 -5.17028 0.0 0.0 3e-06 -0.778539 -0.852332 15.960835 -0.116288 -0.228313 16.817122 -0.925139 1.875199 -12.291796 -1.421163 0.752407 -16.62952 -0.0 -0.0 -1e-06 
0.0 0.0 0.0 0.0 -0.0 0.0 2.434556 94.200928 149.75975 4.969979 -7.698071 2.291577 -2.415901 0.074144 -3.383331 -0.953239 1.795769 -6.340034 -3.333775 -0.422896 12.384044 -1.862715 3.185424 0.267508 -0.794964 -0.222473 -3.584643 1.502499 -1.687579 -4.940768 7.7e-05 -2.2e-05 6e-06 0.02622 -0.047691 -0.017948 0.703974 -3.75117 -10.550816 -0.660268 3.65296 -10.592614 -20.839798 -4.507702 15.0707 -58.402771 3.160625 3.748455 0.019935 -22.048073 0.134687 1.33654 0.36191 1.299297 -5.88211 9.861292 0.702591 -10.936878 -0.360576 7.156207 1e-06 8.774831 -2e-06 -16.733784 18.162594 5.688893 -1.844034 2.498505 -2.507278 -10.163605 4.678947 4.621109 -20.976038 -3e-06 3e-06 -21.226299 2.451699 -3.594002 0.0 -8e-06 -1e-06 -1.362682 2.240799 -0.746322 -21.334927 0.584909 3.008321 -13.821221 -3e-06 1e-06 -23.887184 -0.24908 -0.839484 -61.00758 2.569877 -0.95399 -0.294025 1.679688 0.833256 -14.218217 0.093215 1.30058 -34.212067 -0.287566 0.967169 -20.033226 0.964534 1.212843 -0.0 -1e-06 -1e-06 -3.44039 0.788234 0.501656 -15.928198 -3.167312 2.999707 -6.33883 -2e-06 0.0 -18.123453 3.648185 -4.905674 -4e-06 0.0 -2e-06 15.93589 12.184292 15.688148 51.094437 25.074034 16.784681 -0.339266 37.169609 0.053547 -14.075628 5.377402 -6.600765 2.243543 -5.255041 -3.180159 14.2829 -0.826598 6.952507 -2e-06 -12.69061 0.0 15.646454 -17.891703 2.909659 1.665667 -1.955922 -2.878299 4.727804 -4.170591 4.993927 11.020535 1e-06 -2e-06 12.10906 -3.73572 -2.866787 -0.0 1e-06 -1e-06 1.291987 -1.928552 -1.498089 14.800139 0.567466 3.865609 14.242582 -1.341738 -6.660664 19.631985 0.143924 -0.648249 49.883175 -0.775996 -6.210426 0.35303 -1.511151 -0.031941 20.222803 3.684308 2.316632 18.787287 2e-06 -4e-06 10.751634 -0.479869 1.397906 -1e-06 3e-06 -0.0 3.273808 0.305947 -0.580111 21.486828 11.830379 2.266136 8.162935 2e-06 -1e-06 18.399096 -3.798988 -4.94058 3e-06 -1e-06 -2e-06 -7.820271 0.758024 -32.380417 0.022526 -0.169923 13.663177 -0.964637 8.516087 12.483935 1.689166 -2.015154 -3.000946 -0.0 -0.0 2e-06 -4.085423 -2.306872 12.891315 -0.158584 -0.035083 27.006903 0.235813 3.196318 -3.445115 -1.504215 0.719616 -27.980419 -0.0 -0.0 -0.0 
0.0 0.0 0.0 0.0 -0.0 0.0 2.334564 94.730652 155.175537 6.379031 -6.368114 1.41398 -3.010915 -0.001848 -2.695396 -1.217162 1.778926 -5.873135 -4.321096 -0.417107 11.854019 -1.444901 2.987692 0.702368 -1.152056 -1.048838 -3.536103 1.681286 -2.449912 -5.913593 7.7e-05 -2.3e-05 6e-06 0.027135 -0.028735 -0.005162 0.733833 -3.719297 -10.52109 -0.689992 3.656316 -10.571106 -18.02091 -5.533382 15.321812 -60.528679 1.022192 3.88302 0.278805 -20.803459 -0.0191 1.624241 0.778197 0.328428 -5.882107 9.861284 0.702591 -10.936875 -0.360575 7.156205 2e-06 8.774824 -1e-06 -16.708809 17.956772 5.555588 -1.844033 2.498504 -2.507276 -10.163602 4.678944 4.621109 -20.976027 -6e-06 4e-06 -21.226292 2.451695 -3.593997 -1e-06 -7e-06 -1e-06 -1.362681 2.240798 -0.746322 -21.334917 0.584908 3.008323 -13.821216 -4e-06 3e-06 -23.887175 -0.24908 -0.839481 -60.700451 2.63022 -1.461131 -0.294024 1.679687 0.833256 -14.218212 0.093213 1.30058 -34.212063 -0.287567 0.967175 -20.033216 0.964536 1.212846 -0.0 1e-06 0.0 -3.440389 0.788233 0.501657 -15.928189 -3.167311 2.999707 -6.338828 -2e-06 2e-06 -18.123451 3.648181 -4.905669 -4e-06 1e-06 -2e-06 13.768918 11.89406 16.033178 56.472691 23.533794 15.35533 -0.371784 33.771587 0.120215 -15.04939 5.188015 -9.476451 2.243542 -5.255037 -3.180159 14.282892 -0.826594 6.952501 -4e-06 -12.690602 2e-06 15.584098 -17.842926 2.949023 1.665666 -1.95592 -2.878302 4.727799 -4.170588 4.993926 11.020528 2e-06 -3e-06 12.109055 -3.735713 -2.866786 -1e-06 1e-06 0.0 1.291986 -1.92855 -1.498089 14.800131 0.567469 3.865607 14.242577 -1.341736 -6.660661 19.631975 0.143927 -0.648247 49.931885 -0.617868 -6.361181 0.353029 -1.51115 -0.03194 20.222794 3.68431 2.316628 18.787273 5e-06 -1e-06 10.751631 -0.479869 1.397906 0.0 2e-06 -0.0 3.273808 0.305947 -0.58011 21.486818 11.830373 2.26613 8.162927 3e-06 -2e-06 18.399086 -3.798984 -4.940578 2e-06 -1e-06 -3e-06 -9.807724 0.017792 -30.877451 -0.070777 -0.1174 19.726236 0.631476 7.202344 8.595901 1.620369 -2.01309 -1.542976 0.0 0.0 2e-06 -6.267277 -2.472262 7.85918 0.004889 0.059122 40.000092 3.257614 3.520375 11.48263 -1.460688 0.597192 -30.138306 -0.0 0.0 -3e-06 
0.0 0.0 0.0 0.0 -0.0 0.0 2.290875 95.432381 160.393036 7.030418 -6.207829 0.38598 -3.259066 -0.108109 -1.957377 -1.307555 1.917932 -5.452607 -4.508761 -0.585508 11.600583 -1.959292 3.208086 0.939306 -1.176765 -1.410957 -3.553505 1.655845 -2.558481 -5.779993 7.7e-05 -2.2e-05 6e-06 0.025881 0.048444 0.020263 0.737336 -3.65338 -10.525529 -0.696815 3.742235 -10.559826 -17.245501 -5.869031 15.454185 -60.91695 -0.600901 3.393915 0.404309 -22.029633 -0.059167 1.988224 0.617196 -1.91965 -5.88211 9.861292 0.70259 -10.936875 -0.360574 7.156208 -0.0 8.77483 -2e-06 -16.692856 17.95553 5.579207 -1.844033 2.498506 -2.507278 -10.163603 4.678948 4.621108 -20.976034 -1e-06 1e-06 -21.226297 2.4517 -3.594004 -1e-06 -7e-06 0.0 -1.362682 2.240799 -0.746323 -21.334921 0.584912 3.008323 -13.821218 -1e-06 0.0 -23.88718 -0.249079 -0.839485 -60.556156 2.514428 -1.54221 -0.294025 1.679688 0.833257 -14.218212 0.093217 1.30058 -34.212055 -0.287561 0.967167 -20.033218 0.964537 1.212841 -1e-06 -1e-06 -0.0 -3.44039 0.788234 0.501655 -15.928192 -3.16731 2.999707 -6.338828 -0.0 2e-06 -18.123455 3.648188 -4.905674 -2e-06 1e-06 -3e-06 12.90313 12.141677 16.494572 58.668083 22.431345 17.686195 -0.19571 29.824076 0.075802 -12.273145 4.198285 -9.905513 2.243542 -5.255037 -3.180156 14.282887 -0.826596 6.952503 0.0 -12.690602 -1e-06 15.75615 -17.686762 2.914016 1.665666 -1.955922 -2.878297 4.727799 -4.170588 4.993923 11.020524 2e-06 -1e-06 12.10905 -3.735718 -2.866783 -0.0 1e-06 -1e-06 1.291984 -1.928547 -1.498088 14.800125 0.567466 3.865608 14.242569 -1.34174 -6.660655 19.631968 0.143923 -0.648243 49.719799 -0.5656 -6.306732 0.35303 -1.511152 -0.03194 20.222786 3.684307 2.31663 18.78727 -1e-06 -1e-06 10.751625 -0.479869 1.397906 0.0 1e-06 -1e-06 3.273806 0.305947 -0.58011 21.486809 11.830369 2.266134 8.162923 1e-06 -1e-06 18.39908 -3.798988 -4.940577 2e-06 0.0 -1e-06 -10.861027 0.26786 -27.575489 -0.060929 0.04142 22.460743 1.156962 6.472441 3.572151 1.643496 -1.992337 -1.804114 0.0 -0.0 2e-06 -7.71069 -1.028845 1.102536 0.097984 0.26934 52.373444 9.453634 3.843253 30.542749 -1.038967 0.80042 -11.085977 -0.0 -0.0 0.0 
0.0 0.0 0.0 0.0 -0.0 0.0 2.25206 96.33886 165.314713 7.518576 -6.694244 -0.384148 -3.513205 -0.084559 -1.563775 -1.419124 1.796885 -5.291817 -4.319784 -0.798401 11.658058 -2.722959 3.599552 1.241016 -0.945381 -1.27448 -3.547922 1.481565 -2.286835 -5.402736 7.7e-05 -2.2e-05 6e-06 0.02987 0.094883 0.052373 0.748566 -3.616637 -10.540691 -0.700875 3.798958 -10.552367 -17.86393 -5.687599 15.113813 -59.796082 -1.681851 3.077822 0.437758 -24.069733 -0.062596 3.20879 -0.12772 -4.442979 -5.882113 9.861294 0.702592 -10.936881 -0.360574 7.156212 -0.0 8.774833 -1e-06 -16.463766 18.137178 5.768672 -1.844035 2.498507 -2.507281 -10.163611 4.67895 4.621112 -20.976044 -2e-06 3e-06 -21.226311 2.4517 -3.594004 -1e-06 -7e-06 -1e-06 -1.362683 2.2408 -0.746324 -21.334936 0.584911 3.008323 -13.821229 -2e-06 2e-06 -23.887196 -0.249078 -0.839485 -60.423058 2.459432 -1.492073 -0.294025 1.679689 0.833257 -14.218224 0.093216 1.300581 -34.212082 -0.287563 0.967167 -20.033236 0.964538 1.212843 0.0 0.0 -0.0 -3.440392 0.788235 0.501656 -15.928203 -3.167311 2.999708 -6.338834 -1e-06 3e-06 -18.123466 3.648187 -4.905676 -2e-06 0.0 -3e-06 13.67274 12.456898 16.949108 58.33963 21.783045 22.588503 0.290414 25.549732 0.060675 -7.884245 3.350731 -7.149718 2.243543 -5.25504 -3.180159 14.282898 -0.826595 6.952506 -2e-06 -12.690612 0.0 16.103655 -17.684429 2.683357 1.665667 -1.955922 -2.878302 4.727801 -4.170589 4.993927 11.020534 3e-06 -4e-06 12.109059 -3.735717 -2.866786 0.0 -0.0 -0.0 1.291987 -1.928552 -1.498091 14.800139 0.567469 3.865609 14.242584 -1.341736 -6.660662 19.631979 0.143927 -0.648245 49.652435 -0.61586 -6.399574 0.35303 -1.511153 -0.03194 20.222803 3.684313 2.31663 18.787287 5e-06 -1e-06 10.751636 -0.479869 1.397907 0.0 2e-06 -2e-06 3.273809 0.305947 -0.580112 21.48683 11.830384 2.266135 8.162934 3e-06 -2e-06 18.399096 -3.798986 -4.940578 4e-06 1e-06 0.0 -11.604343 0.606544 -23.102407 0.069323 0.218502 21.866457 1.434476 6.709052 0.31278 1.611762 -1.963293 -1.337107 0.0 -0.0 2e-06 -8.667617 0.63035 -5.774027 0.155469 0.209844 62.695271 10.806787 4.238185 33.280712 -1.033836 0.915702 -4.788292 0.0 -0.0 -1e-06 
0.0 0.0 0.0 0.0 -0.0 0.0 2.141295 97.368416 169.975143 7.51008 -7.131797 -1.070083 -3.548888 -0.120961 -1.281385 -1.43238 1.445228 -5.226286 -3.893317 -0.893397 11.888083 -3.246032 3.902661 1.586845 -0.918152 -1.202363 -3.508993 1.245111 -1.910432 -5.277821 7.7e-05 -2.2e-05 6e-06 0.033911 0.073433 0.041998 0.767342 -3.638688 -10.544534 -0.711188 3.779879 -10.56227 -18.312174 -5.503136 14.722402 -58.655399 -2.925096 2.601545 0.234223 -25.971788 0.011448 4.839017 -0.799388 -5.690153 -5.882108 9.861288 0.70259 -10.936873 -0.360575 7.156206 0.0 8.77483 -1e-06 -16.339535 18.336889 5.839424 -1.844033 2.498507 -2.507279 -10.163601 4.678946 4.621108 -20.976027 -4e-06 2e-06 -21.226294 2.451696 -3.594001 -1e-06 -6e-06 1e-06 -1.362682 2.240799 -0.746324 -21.334917 0.58491 3.008322 -13.821217 -3e-06 1e-06 -23.887173 -0.24908 -0.839484 -60.404915 2.468705 -1.515996 -0.294024 1.679688 0.833257 -14.21821 0.093214 1.300578 -34.212048 -0.287565 0.967167 -20.033211 0.964535 1.212842 1e-06 0.0 -1e-06 -3.440389 0.788234 0.501655 -15.928189 -3.16731 2.999707 -6.338829 -1e-06 1e-06 -18.123453 3.648184 -4.905674 -3e-06 0.0 -3e-06 14.373829 12.559544 17.379864 58.105145 20.976828 27.093998 0.731852 22.01511 0.085274 -4.534162 2.243409 -3.503075 2.243542 -5.255037 -3.180157 14.282894 -0.826596 6.9525 -2e-06 -12.690607 -1e-06 16.267267 -17.654566 2.43182 1.665666 -1.955922 -2.878299 4.7278 -4.170588 4.993924 11.020528 1e-06 -0.0 12.109055 -3.735718 -2.866783 0.0 0.0 -0.0 1.291986 -1.92855 -1.498089 14.800129 0.567468 3.865608 14.242574 -1.341737 -6.660658 19.631969 0.143924 -0.648247 49.948257 -0.65932 -6.429314 0.35303 -1.511152 -0.03194 20.222795 3.684309 2.316629 18.787279 5e-06 -2e-06 10.751631 -0.479868 1.397906 1e-06 1e-06 -2e-06 3.273807 0.305946 -0.580111 21.486816 11.830377 2.266133 8.162927 2e-06 -2e-06 18.399086 -3.798986 -4.940577 2e-06 -2e-06 0.0 -11.755919 0.722355 -17.668793 0.128841 0.242592 18.869942 1.657946 7.464061 -1.521197 1.583536 -2.025367 -1.056189 -0.0 0.0 2e-06 -8.717319 1.551135 -12.451004 0.147469 -0.008266 70.057999 6.828913 1.980736 25.91391 -1.13906 0.914559 -4.085212 -1e-06 -0.0 -1e-06 
0.0 0.0 0.0 0.0 -0.0 0.0 1.94416 98.362869 174.612946 6.842768 -6.949154 -1.657405 -3.335808 -0.260057 -0.914 -1.313534 0.957117 -5.080274 -3.288743 -1.305809 11.963842 -3.412631 4.117314 2.077681 -0.939014 -1.168563 -3.486097 0.953591 -1.532423 -5.322546 7.7e-05 -2.2e-05 6e-06 0.02954 0.020379 0.02146 0.770352 -3.692036 -10.559145 -0.721379 3.728539 -10.582489 -17.611738 -5.634479 14.46271 -58.452862 -4.291159 2.227452 -0.130298 -28.007446 0.143152 6.071829 -1.117282 -5.969686 -5.882107 9.861286 0.70259 -10.936873 -0.360575 7.156205 1e-06 8.774827 -1e-06 -16.174152 18.428345 5.943306 -1.844033 2.498504 -2.507278 -10.163601 4.678945 4.621108 -20.976027 -5e-06 1e-06 -21.22629 2.451695 -3.594002 -2e-06 -6e-06 1e-06 -1.362682 2.240799 -0.746323 -21.334917 0.584908 3.00832 -13.821215 -4e-06 1e-06 -23.887173 -0.249081 -0.839484 -60.421116 2.546354 -1.502836 -0.294025 1.679687 0.833256 -14.218212 0.093214 1.300579 -34.212051 -0.287567 0.967169 -20.033218 0.964534 1.212842 1e-06 -1e-06 -1e-06 -3.440389 0.788234 0.501655 -15.928189 -3.167311 2.999705 -6.338828 -2e-06 1e-06 -18.123447 3.648182 -4.905673 -3e-06 0.0 -2e-06 14.111667 12.257324 17.569038 58.99649 19.511101 29.851358 0.833917 19.857746 0.09548 -2.875231 0.999658 -0.905953 2.243543 -5.255038 -3.180157 14.282898 -0.826595 6.952504 -3e-06 -12.690607 -1e-06 16.351618 -17.549681 2.288468 1.665667 -1.955922 -2.8783 4.727801 -4.170588 4.993925 11.020531 3e-06 -1e-06 12.109058 -3.735716 -2.866784 -0.0 -0.0 1e-06 1.291987 -1.92855 -1.49809 14.800136 0.56747 3.865606 14.242579 -1.341735 -6.660657 19.631975 0.143926 -0.648243 50.062767 -0.611108 -6.459031 0.353028 -1.511151 -0.031943 20.222801 3.684313 2.316632 18.787283 8e-06 -1e-06 10.751633 -0.479866 1.397908 1e-06 1e-06 -1e-06 3.273808 0.305947 -0.580111 21.486824 11.830379 2.266133 8.16293 4e-06 -2e-06 18.399092 -3.798984 -4.940577 3e-06 -2e-06 0.0 -11.230577 0.770465 -11.512455 0.097238 0.134139 14.354642 1.937841 7.709998 -2.451815 1.576499 -2.055671 -0.92549 -0.0 -0.0 2e-06 -7.782932 1.755945 -18.511881 0.107082 -0.162104 73.414818 2.684352 -1.441673 18.611832 -1.255352 0.916413 -3.955373 0.0 -0.0 0.0 
0.0 0.0 0.0 0.0 -0.0 0.0 1.615451 99.115341 179.357681 5.573952 -6.079103 -2.019736 -2.955352 -0.45416 -0.506095 -1.117163 0.348781 -4.89727 -2.495699 -2.031444 11.817779 -3.17251 4.117069 2.629776 -0.903049 -1.053241 -3.478975 0.69229 -1.193987 -5.452774 7.7e-05 -2.2e-05 6e-06 0.022857 -0.012154 0.00848 0.774313 -3.724019 -10.586782 -0.736617 3.696594 -10.605896 -16.135761 -6.162036 14.370009 -58.644119 -5.40006 2.343529 -0.546384 -30.571688 0.321651 6.569406 -1.258467 -5.722148 -5.88211 9.861292 0.702591 -10.936878 -0.360575 7.156205 1e-06 8.774833 -1e-06 -15.93217 18.447508 6.082353 -1.844034 2.498506 -2.507279 -10.163606 4.678947 4.62111 -20.976038 -4e-06 1e-06 -21.226305 2.451697 -3.594004 -0.0 -7e-06 -1e-06 -1.362683 2.240798 -0.746325 -21.33493 0.584909 3.008321 -13.821225 -4e-06 1e-06 -23.887186 -0.249081 -0.839485 -60.356621 2.66326 -1.456104 -0.294026 1.679689 0.833256 -14.218219 0.093214 1.30058 -34.212074 -0.287568 0.967168 -20.033232 0.964534 1.212843 1e-06 -1e-06 0.0 -3.44039 0.788234 0.501657 -15.928196 -3.167312 2.999707 -6.33883 -1e-06 1e-06 -18.123459 3.648185 -4.905676 -3e-06 1e-06 -2e-06 13.494021 11.502004 17.554382 60.145725 17.20413 30.341999 0.667299 19.499609 0.093982 -2.452855 0.166449 0.343852 2.243542 -5.255039 -3.180158 14.2829 -0.826593 6.952502 -3e-06 -12.69061 -2e-06 16.411779 -17.476593 2.235287 1.665667 -1.955922 -2.878299 4.727802 -4.170589 4.993925 11.020535 4e-06 -1e-06 12.10906 -3.735718 -2.866785 -1e-06 -0.0 1e-06 1.291987 -1.928551 -1.49809 14.800139 0.56747 3.865609 14.242582 -1.341737 -6.660659 19.631981 0.143927 -0.648245 49.957767 -0.548607 -6.497251 0.353029 -1.511151 -0.031941 20.222803 3.684314 2.316631 18.787287 6e-06 -0.0 10.751634 -0.479869 1.397906 0.0 1e-06 -1e-06 3.273809 0.305948 -0.580111 21.48683 11.830386 2.266133 8.162934 2e-06 -2e-06 18.399096 -3.798987 -4.940579 1e-06 0.0 -0.0 -9.986647 0.758211 -5.280429 0.049534 0.011925 9.505687 2.096865 7.15455 -3.182112 1.583743 -2.032441 -0.866258 0.0 -0.0 2e-06 -6.168043 1.444436 -23.641809 0.033427 -0.289278 72.836739 0.429251 -3.931162 13.524458 -1.339437 0.897054 -4.105667 0.0 -0.0 -1e-06 
0.0 0.0 0.0 0.0 -0.0 0.0 1.166265 99.499168 184.084351 4.119003 -4.701853 -2.008191 -2.581059 -0.634233 -0.250709 -0.937672 -0.323203 -4.795169 -1.658926 -2.858646 11.633965 -2.578767 3.876214 3.021214 -0.823816 -0.796016 -3.497353 0.552691 -1.062131 -5.574635 7.7e-05 -2.3e-05 6e-06 0.020817 -0.020069 -0.005595 0.774672 -3.730727 -10.623272 -0.739027 3.688385 -10.631134 -14.489623 -6.995317 14.327497 -58.524994 -6.212028 3.096092 -0.741163 -33.689114 0.445067 6.468233 -1.317227 -5.35877 -5.882106 9.861286 0.702591 -10.93687 -0.360574 7.156204 -0.0 8.774826 -0.0 -15.706157 18.48295 6.27395 -1.844032 2.498503 -2.507279 -10.163599 4.678946 4.621109 -20.976021 -2e-06 3e-06 -21.226286 2.451698 -3.593999 2e-06 -6e-06 0.0 -1.362682 2.240798 -0.746324 -21.334911 0.584911 3.008323 -13.821213 -3e-06 1e-06 -23.887165 -0.249078 -0.839485 -60.36787 2.779424 -1.335856 -0.294025 1.679687 0.833257 -14.218208 0.093216 1.30058 -34.212048 -0.287561 0.967168 -20.033211 0.964538 1.212844 -1e-06 -0.0 -1e-06 -3.440388 0.788233 0.501655 -15.928185 -3.16731 2.999706 -6.338826 -1e-06 1e-06 -18.123444 3.648185 -4.905672 -3e-06 1e-06 -3e-06 13.309532 10.372509 17.470215 60.640461 14.207799 29.075863 0.479575 20.753485 0.084323 -2.604222 0.185582 0.098504 2.243542 -5.255037 -3.180157 14.282894 -0.826598 6.952502 0.0 -12.690603 -0.0 16.427299 -17.487959 2.28653 1.665667 -1.955922 -2.878298 4.7278 -4.170588 4.993922 11.020528 1e-06 -0.0 12.109056 -3.735717 -2.866783 -1e-06 0.0 -1e-06 1.291986 -1.928549 -1.498089 14.800132 0.567465 3.865605 14.242577 -1.341738 -6.660658 19.631971 0.143923 -0.648249 49.826279 -0.53825 -6.535356 0.35303 -1.511151 -0.031941 20.222792 3.684306 2.31663 18.787279 2e-06 -1e-06 10.751631 -0.479869 1.397905 -1e-06 0.0 1e-06 3.273807 0.305946 -0.580112 21.486816 11.830369 2.266133 8.16293 0.0 -2e-06 18.399088 -3.798986 -4.940579 2e-06 -0.0 -2e-06 -8.38731 0.551135 0.115312 0.025078 -0.045656 5.441967 2.096056 6.085865 -4.149198 1.60683 -1.952408 -0.801449 -0.0 0.0 2e-06 -4.43517 0.766049 -27.90617 -0.073654 -0.372762 68.613235 0.068492 -5.103005 10.199419 -1.404412 0.884821 -4.201322 0.0 -0.0 -3e-06 
0.0 0.0 0.0 0.0 -0.0 0.0 0.654718 99.503456 188.632782 2.950234 -3.144629 -1.664841 -2.389588 -0.736639 -0.217652 -0.839169 -1.022414 -4.777167 -0.97645 -3.593262 11.536417 -1.681007 3.465226 3.189139 -0.7766 -0.467197 -3.540594 0.593863 -1.157373 -5.804133 7.7e-05 -2.2e-05 6e-06 0.022814 -0.016146 -0.018052 0.762312 -3.723744 -10.634846 -0.721325 3.690123 -10.627544 -12.954054 -7.955274 14.290944 -57.888374 -6.965301 4.051647 -0.685846 -36.98317 0.448558 6.340187 -1.487425 -5.385206 -5.88211 9.861292 0.70259 -10.93688 -0.360574 7.156208 1e-06 8.774831 0.0 -15.50399 18.514767 6.47388 -1.844033 2.498504 -2.507279 -10.163609 4.678947 4.621109 -20.97604 -4e-06 0.0 -21.226305 2.451697 -3.594003 2e-06 -5e-06 -1e-06 -1.362682 2.240798 -0.746323 -21.33493 0.584909 3.008322 -13.821225 -3e-06 1e-06 -23.88719 -0.249081 -0.839484 -60.464256 2.878566 -1.156303 -0.294024 1.679689 0.833256 -14.218221 0.093216 1.30058 -34.212082 -0.287565 0.967168 -20.033232 0.964537 1.212844 -1e-06 -0.0 1e-06 -3.440391 0.788234 0.501654 -15.9282 -3.167314 2.999706 -6.33883 -1e-06 -1e-06 -18.123463 3.648181 -4.905674 -3e-06 1e-06 -1e-06 13.698738 9.122225 17.442842 60.496571 11.152943 27.536909 0.325682 22.586901 0.065846 -2.593767 0.701578 -0.931505 2.243543 -5.25504 -3.180159 14.282901 -0.826596 6.952507 -1e-06 -12.690611 -0.0 16.433002 -17.588062 2.362163 1.665667 -1.955922 -2.878299 4.727803 -4.17059 4.993926 11.020535 2e-06 -1e-06 12.109059 -3.735718 -2.866785 0.0 -0.0 -0.0 1.291986 -1.92855 -1.498091 14.800138 0.567467 3.865611 14.242581 -1.341737 -6.660661 19.631981 0.143927 -0.648245 49.794918 -0.581874 -6.608861 0.353029 -1.511152 -0.031938 20.222803 3.68431 2.316631 18.787287 4e-06 -1e-06 10.751637 -0.47987 1.397907 -0.0 -0.0 -0.0 3.273809 0.305948 -0.58011 21.486828 11.83038 2.266134 8.162933 2e-06 -2e-06 18.399092 -3.798988 -4.94058 3e-06 1e-06 -1e-06 -6.996055 0.133665 4.105855 0.016345 -0.027784 2.884909 2.085918 4.983075 -5.477795 1.641478 -1.873766 -0.704733 0.0 0.0 2e-06 -3.05683 -0.044297 -31.193943 -0.147454 -0.319294 60.635307 0.658242 -6.010874 8.143955 -1.442713 0.89744 -4.189738 0.0 0.0 -3e-06 
0.0 0.0 0.0 0.0 -0.0 0.0 0.141728 99.190674 193.034454 2.392817 -1.698442 -1.215444 -2.472266 -0.772606 -0.346324 -0.814609 -1.703108 -4.777111 -0.657178 -4.09279 11.549944 -0.58628 2.92483 3.241575 -0.816417 -0.19892 -3.579751 0.795346 -1.293685 -6.15913 7.7e-05 -2.3e-05 6e-06 0.020067 -0.006487 -0.013648 0.737515 -3.714534 -10.620149 -0.701493 3.700326 -10.602309 -11.628654 -8.883477 14.360911 -56.880287 -7.924486 4.699079 -0.484528 -39.765152 0.34971 6.618825 -1.80187 -5.823894 -5.882112 9.861292 0.702591 -10.936878 -0.360574 7.156208 -0.0 8.77483 1e-06 -15.38445 18.497553 6.56414 -1.844033 2.498506 -2.507277 -10.163605 4.678948 4.621109 -20.976038 -1e-06 -2e-06 -21.226301 2.451699 -3.594005 1e-06 -6e-06 0.0 -1.362683 2.2408 -0.746325 -21.334929 0.584912 3.008322 -13.821223 -2e-06 -0.0 -23.887184 -0.249079 -0.839488 -60.559334 2.94751 -1.035819 -0.294025 1.679691 0.833258 -14.218219 0.093216 1.300579 -34.212074 -0.287562 0.967166 -20.03323 0.964537 1.212842 0.0 -1e-06 1e-06 -3.44039 0.788233 0.501655 -15.928196 -3.167308 2.999705 -6.33883 -0.0 -1e-06 -18.123459 3.648186 -4.905678 -5e-06 0.0 -1e-06 14.245426 7.910534 17.435335 60.306595 8.676922 26.963373 0.124708 23.820534 0.039472 -2.145839 1.121777 -1.633771 2.243542 -5.255039 -3.180158 14.282896 -0.826597 6.952507 -1e-06 -12.69061 -1e-06 16.441313 -17.663664 2.374154 1.665667 -1.955923 -2.8783 4.727801 -4.170589 4.993926 11.020529 1e-06 -0.0 12.109056 -3.735719 -2.866786 0.0 -0.0 0.0 1.291986 -1.92855 -1.498089 14.800134 0.567466 3.86561 14.242577 -1.341739 -6.660662 19.631973 0.143922 -0.648245 49.818306 -0.630917 -6.700529 0.353029 -1.511151 -0.031939 20.222797 3.684308 2.316632 18.787279 2e-06 1e-06 10.751631 -0.479869 1.397906 -0.0 1e-06 -2e-06 3.273808 0.305946 -0.580111 21.486816 11.830377 2.266134 8.16293 1e-06 -1e-06 18.399088 -3.798989 -4.940578 3e-06 1e-06 -1e-06 -6.211841 -0.426892 7.105121 0.001331 0.027251 1.866112 2.20438 4.241837 -7.244655 1.668705 -1.872561 -0.648123 -0.0 -0.0 2e-06 -2.443566 -0.85454 -32.825447 -0.092422 -0.130338 48.66428 0.904947 -7.380447 7.374269 -1.456494 0.920182 -4.34474 0.0 0.0 -2e-06 
0.0 0.0 0.0 0.0 -0.0 0.0 -0.330155 98.593887 197.548752 2.468848 -0.476722 -0.8272 -2.791536 -0.815233 -0.521474 -0.827616 -2.171968 -4.85042 -0.741105 -4.377423 11.665179 0.493457 2.373434 3.278485 -0.833397 -0.119146 -3.560939 1.014545 -1.315044 -6.533649 7.7e-05 -2.3e-05 6e-06 0.004724 -0.016557 0.007745 0.711937 -3.732128 -10.627378 -0.70641 3.697983 -10.610211 -10.520004 -9.710256 14.567942 -55.832123 -9.156226 4.967206 -0.207184 -41.581398 0.168528 7.198835 -2.115909 -5.980233 -5.882103 9.861281 0.70259 -10.936872 -0.360574 7.156203 1e-06 8.774824 1e-06 -15.421552 18.426344 6.494414 -1.844033 2.498502 -2.507278 -10.163599 4.678944 4.621108 -20.976023 -6e-06 0.0 -21.226288 2.451695 -3.594 1e-06 -6e-06 -1e-06 -1.362682 2.240799 -0.746324 -21.334917 0.584906 3.008323 -13.821214 -4e-06 0.0 -23.887171 -0.249081 -0.839481 -60.719257 2.887379 -1.047045 -0.294025 1.679688 0.833255 -14.218208 0.093213 1.300581 -34.212048 -0.287567 0.96717 -20.033211 0.964534 1.212845 1e-06 0.0 -0.0 -3.440388 0.788231 0.501653 -15.928185 -3.167309 2.999709 -6.338826 -2e-06 0.0 -18.123444 3.648181 -4.905668 -4e-06 -0.0 -2e-06 14.616632 6.86267 17.452808 60.435982 6.944946 27.363171 -0.217149 23.930006 0.02805 -1.278214 1.318004 -1.732206 2.243541 -5.255035 -3.180159 14.282885 -0.826594 6.952501 -3e-06 -12.6906 1e-06 16.444399 -17.746256 2.393467 1.665665 -1.95592 -2.878298 4.727797 -4.170586 4.993925 11.020521 3e-06 -1e-06 12.109048 -3.735714 -2.866784 -1e-06 0.0 -1e-06 1.291985 -1.928549 -1.498089 14.800122 0.567469 3.865607 14.242564 -1.341736 -6.660654 19.631958 0.143927 -0.648245 49.985477 -0.654008 -6.708593 0.353029 -1.51115 -0.031939 20.222784 3.684309 2.316628 18.787268 5e-06 1e-06 10.751624 -0.479869 1.397907 -0.0 1e-06 0.0 3.273805 0.305947 -0.580109 21.486805 11.830371 2.266131 8.162924 2e-06 -3e-06 18.399076 -3.798984 -4.940571 3e-06 1e-06 -1e-06 -6.090912 -1.046083 9.824782 -0.019373 0.138217 1.691044 2.305585 3.913808 -9.045692 1.682787 -1.940891 -0.852015 0.0 0.0 2e-06 -2.735782 -1.659082 -32.319107 0.030223 0.021213 32.75013 0.391773 -8.424588 7.664109 -1.470372 0.984152 -4.507722 -0.0 0.0 -1e-06 
0.0 0.0 0.0 0.0 -0.0 0.0 -0.795133 97.660591 202.397064 3.138205 0.597404 -0.584198 -3.311767 -0.905939 -0.74666 -0.926023 -2.275677 -5.017786 -1.200372 -4.621486 11.830792 1.59421 1.897217 3.397375 -0.832256 -0.176325 -3.481887 1.183316 -1.530048 -6.971245 7.7e-05 -2.2e-05 6e-06 -0.00674 -0.005366 0.020369 0.711512 -3.733149 -10.676113 -0.72944 3.723783 -10.674472 -9.489806 -10.47767 14.736396 -55.154457 -10.249022 5.106681 0.195843 -42.545418 -0.032019 7.774771 -2.301122 -5.530693 -5.882108 9.861288 0.70259 -10.936873 -0.360575 7.156208 -1e-06 8.774831 -1e-06 -15.482951 18.417984 6.421147 -1.844033 2.498506 -2.507276 -10.163601 4.678949 4.621108 -20.976027 -1e-06 -1e-06 -21.226294 2.451701 -3.594005 0.0 -5e-06 -1e-06 -1.362681 2.240798 -0.746324 -21.334917 0.584914 3.008322 -13.821216 -1e-06 0.0 -23.887173 -0.249076 -0.839487 -60.764572 2.846856 -1.413648 -0.294025 1.67969 0.833255 -14.218213 0.093219 1.300581 -34.212059 -0.287561 0.967168 -20.033218 0.964536 1.212842 1e-06 -0.0 1e-06 -3.440389 0.788233 0.501654 -15.928189 -3.167306 2.999706 -6.338827 -2e-06 -2e-06 -18.123453 3.648185 -4.905674 -3e-06 0.0 -2e-06 14.812666 6.019666 17.5196 60.866417 5.605371 27.942602 -0.441816 23.310179 0.107872 -0.288401 1.162852 -0.931544 2.243543 -5.255038 -3.180157 14.282894 -0.826598 6.952502 1e-06 -12.690607 -0.0 16.544531 -17.88875 2.410961 1.665667 -1.955922 -2.8783 4.727801 -4.170589 4.993925 11.020528 0.0 -1e-06 12.109055 -3.735719 -2.866785 -1e-06 1e-06 -0.0 1.291986 -1.92855 -1.498089 14.800132 0.567465 3.865606 14.242577 -1.34174 -6.660657 19.631969 0.143922 -0.648247 50.137974 -0.646313 -6.623447 0.353029 -1.511151 -0.031938 20.222795 3.684306 2.316629 18.787279 2e-06 -3e-06 10.751633 -0.47987 1.397904 -0.0 1e-06 -2e-06 3.273807 0.305947 -0.580108 21.486816 11.830371 2.266133 8.162929 0.0 -3e-06 18.39909 -3.798988 -4.940579 2e-06 -0.0 -2e-06 -6.475837 -1.331353 12.887796 0.020028 0.29895 1.58829 2.356661 3.070604 -10.785684 1.724394 -1.991478 -1.38046 -0.0 -0.0 2e-06 -3.86818 -2.297632 -30.102047 0.154157 0.000318 14.933756 0.865795 -8.330582 6.825752 -1.429904 1.084744 -4.397853 -0.0 0.0 -1e-06 
0.0 0.0 0.0 0.0 -0.0 0.0 -1.38354 96.480476 207.390854 3.733977 1.228267 -0.242102 -3.698928 -0.853663 -1.200163 -1.095116 -2.394815 -5.228036 -1.603656 -4.601058 11.992966 2.57887 1.590912 3.52119 -0.754247 -0.370255 -3.496206 1.325188 -1.685676 -6.981167 7.7e-05 -2.2e-05 6e-06 -0.000184 0.03227 0.017505 0.702501 -3.696718 -10.691906 -0.706859 3.765879 -10.694401 -9.53298 -10.849366 14.490105 -53.838512 -10.664603 5.101251 0.166754 -43.104778 -0.032617 7.929931 -2.149333 -4.295787 -5.882106 9.861283 0.70259 -10.93687 -0.360578 7.156206 2e-06 8.774822 0.0 -15.460309 18.421789 6.502744 -1.844033 2.498503 -2.507278 -10.163598 4.678944 4.621109 -20.976021 -6e-06 2e-06 -21.226286 2.451694 -3.594 0.0 -5e-06 -2e-06 -1.362683 2.240799 -0.746323 -21.334913 0.584907 3.008324 -13.821213 -4e-06 1e-06 -23.887167 -0.249081 -0.839481 -60.6665 2.751312 -1.428294 -0.294025 1.679686 0.833257 -14.218208 0.093213 1.300579 -34.212048 -0.287568 0.967174 -20.033211 0.964536 1.212845 0.0 -0.0 -0.0 -3.440388 0.788231 0.501656 -15.928185 -3.167309 2.999707 -6.338827 -1e-06 0.0 -18.123444 3.648179 -4.905668 -4e-06 1e-06 -1e-06 15.661752 5.310647 17.221123 60.621296 4.072837 28.148546 -0.511329 22.600857 0.144301 0.398907 0.941135 0.608438 2.243541 -5.255036 -3.180157 14.282887 -0.826594 6.952501 -3e-06 -12.690601 -1e-06 16.489286 -17.818455 2.418553 1.665666 -1.955921 -2.878298 4.727797 -4.170586 4.993925 11.020523 3e-06 -1e-06 12.109049 -3.735714 -2.866784 -1e-06 1e-06 -0.0 1.291985 -1.928549 -1.498089 14.800122 0.567469 3.865606 14.242567 -1.341735 -6.660656 19.631962 0.143925 -0.648243 50.139389 -0.596751 -6.619277 0.353029 -1.51115 -0.031941 20.222786 3.684309 2.316631 18.78727 4e-06 -0.0 10.751627 -0.479868 1.397906 1e-06 3e-06 0.0 3.273806 0.305947 -0.580112 21.486805 11.830372 2.266133 8.162924 3e-06 -2e-06 18.399076 -3.798985 -4.940573 2e-06 1e-06 -2e-06 -6.424677 -0.91997 15.944131 -0.049074 0.339256 1.559986 2.017393 1.642696 -12.424347 1.764529 -1.921843 -2.158428 -0.0 0.0 2e-06 -4.645346 -2.643317 -28.789869 0.129751 0.008422 1.583943 3.230567 -8.305606 4.422435 -1.334548 1.152135 -4.517338 -0.0 0.0 -1e-06 
0.0 0.0 0.0 0.0 -0.0 0.0 -2.093972 95.421608 212.393738 3.918314 1.280155 0.078687 -3.781833 -0.805188 -1.620545 -1.213527 -2.582499 -5.401854 -1.867079 -4.408451 12.118957 3.309415 1.381747 3.351244 -0.702953 -0.191053 -3.466829 1.398726 -1.609294 -7.21469 7.7e-05 -2.3e-05 6e-06 0.003479 -0.00389 0.027359 0.683987 -3.735708 -10.682164 -0.680203 3.734745 -10.67082 -10.023782 -10.821497 14.338606 -52.806248 -10.676715 4.010569 -0.401836 -43.120541 0.1908 8.195426 -2.445962 -2.683095 -5.882108 9.861292 0.702593 -10.936878 -0.360573 7.156212 -0.0 8.77483 0.0 -15.415193 18.374916 6.506112 -1.844033 2.498507 -2.50728 -10.163604 4.678947 4.621113 -20.976034 -0.0 2e-06 -21.226297 2.4517 -3.594003 1e-06 -6e-06 -2e-06 -1.362681 2.240799 -0.746322 -21.334925 0.584912 3.008328 -13.82122 -3e-06 1e-06 -23.887184 -0.249077 -0.839484 -60.735523 2.694493 -1.180784 -0.294025 1.679689 0.833258 -14.218215 0.093216 1.300581 -34.212067 -0.287561 0.967173 -20.033222 0.964541 1.212846 0.0 -0.0 1e-06 -3.44039 0.788232 0.501656 -15.928196 -3.167309 2.99971 -6.338831 1e-06 2e-06 -18.123459 3.648185 -4.905674 -5e-06 1e-06 -1e-06 16.776052 5.0273 17.146439 60.073879 3.14693 27.434738 -0.434403 21.710049 0.131089 0.53277 0.705267 1.253363 2.243542 -5.255038 -3.180159 14.282898 -0.826593 6.952505 -4e-06 -12.690609 2e-06 16.493528 -17.631805 2.360451 1.665667 -1.955922 -2.878299 4.727801 -4.170588 4.993928 11.020534 4e-06 -1e-06 12.109058 -3.735715 -2.866784 -0.0 1e-06 -1e-06 1.291986 -1.92855 -1.498091 14.800138 0.56747 3.865608 14.242577 -1.341734 -6.660661 19.631979 0.143928 -0.648243 49.832867 -0.504132 -6.735721 0.353029 -1.511151 -0.03194 20.222801 3.684314 2.316631 18.787283 7e-06 2e-06 10.751634 -0.479867 1.397907 -1e-06 1e-06 -1e-06 3.273808 0.305948 -0.580112 21.486828 11.830383 2.266136 8.162935 3e-06 0.0 18.399092 -3.798984 -4.940573 3e-06 1e-06 -2e-06 -5.765589 -0.414126 18.966492 -0.133156 0.281022 1.636198 0.943488 0.261431 -12.539312 1.806646 -1.866565 -3.627204 -0.0 0.0 2e-06 -3.83976 -3.781019 -29.955595 0.008198 0.114706 -1.743681 6.380976 -8.814236 0.744389 -1.279278 1.108979 -4.671169 0.0 0.0 -2e-06 
0.0 0.0 0.0 0.0 -0.0 0.0 -2.94569 94.582222 217.584106 3.486703 1.00595 0.403278 -3.513634 -0.72083 -2.109049 -1.173062 -2.756429 -5.480279 -1.86853 -4.300366 12.113284 3.63633 1.248125 2.893975 -0.724548 0.153589 -3.446948 1.638929 -1.612336 -7.526191 7.7e-05 -2.3e-05 6e-06 0.000188 0.009297 0.045852 0.69496 -3.731535 -10.653483 -0.696867 3.75563 -10.625536 -10.433421 -10.720803 14.64261 -52.865303 -10.215473 2.559406 -0.480036 -42.891315 0.145798 8.585157 -2.774873 -1.762835 -5.882111 9.861293 0.702589 -10.93688 -0.360573 7.156208 -1e-06 8.774832 0.0 -15.514894 18.297697 6.471324 -1.844035 2.498508 -2.507281 -10.163607 4.678951 4.62111 -20.976044 -1e-06 -3e-06 -21.226307 2.451699 -3.594008 2e-06 -6e-06 -2e-06 -1.362682 2.240801 -0.746324 -21.334929 0.584914 3.008323 -13.821223 -2e-06 -0.0 -23.887188 -0.249077 -0.839489 -60.890118 2.664057 -1.032774 -0.294025 1.679688 0.833257 -14.21822 0.093218 1.300581 -34.212074 -0.287562 0.967163 -20.03323 0.964537 1.21284 0.0 -0.0 -1e-06 -3.44039 0.788235 0.501655 -15.928196 -3.16731 2.999706 -6.338831 -1e-06 -0.0 -18.123461 3.648187 -4.905681 -5e-06 1e-06 -1e-06 17.41324 5.032567 17.197189 59.848263 2.913587 27.04364 -0.281751 20.608269 0.185035 0.457453 0.781157 0.752283 2.243544 -5.255041 -3.180159 14.282904 -0.826597 6.952508 -1e-06 -12.690616 2e-06 16.564646 -17.540178 2.291451 1.665668 -1.955923 -2.878302 4.727804 -4.170591 4.993928 11.020536 2e-06 -0.0 12.109063 -3.73572 -2.866786 -1e-06 1e-06 -1e-06 1.291987 -1.928551 -1.498091 14.800146 0.567466 3.865613 14.242587 -1.341738 -6.660662 19.631987 0.143925 -0.648245 49.746731 -0.354905 -6.640119 0.353029 -1.511152 -0.031942 20.222809 3.684312 2.316634 18.787291 4e-06 -0.0 10.751639 -0.47987 1.397908 -1e-06 3e-06 -1e-06 3.27381 0.305947 -0.580113 21.486834 11.830382 2.266135 8.162937 2e-06 -2e-06 18.399103 -3.79899 -4.940579 3e-06 1e-06 -2e-06 -4.28706 0.441265 21.080334 -0.052095 -0.033804 3.541975 -0.201293 -1.090535 -11.161957 1.859772 -1.880561 -7.075635 0.0 0.0 2e-06 -2.128525 -4.729662 -29.587561 0.083355 0.150555 -1.119039 6.482625 -8.780224 0.753849 -1.259716 1.169875 -5.342966 -0.0 0.0 -2e-06 
0.0 0.0 0.0 0.0 -0.0 0.0 -3.993633 94.258652 223.105759 0.852036 0.508311 1.490083 -1.569778 -0.539792 -3.243577 -0.988366 -2.609246 -5.877248 -1.332422 -4.44375 12.365975 3.50999 1.42455 1.950526 -0.745045 0.164429 -3.486111 1.819116 -1.603608 -6.504871 7.7e-05 -2.3e-05 6e-06 -0.011527 -0.014751 0.034753 0.678569 -3.745629 -10.604256 -0.699915 3.721811 -10.58646 -12.913696 -10.293518 14.458299 -51.509346 -8.46031 1.237062 -0.32842 -42.795776 -0.122745 8.508955 -3.01319 -1.594545 -5.882105 9.861284 0.702588 -10.936872 -0.360576 7.156203 1e-06 8.774823 -0.0 -15.531068 18.297693 6.500758 -1.844033 2.498503 -2.507277 -10.163599 4.678943 4.621105 -20.976027 -8e-06 -1e-06 -21.226288 2.451691 -3.594004 0.0 -6e-06 -1e-06 -1.362682 2.240799 -0.746323 -21.334913 0.584905 3.008317 -13.821213 -6e-06 -2e-06 -23.887173 -0.249087 -0.839486 -60.647442 2.564993 -1.013941 -0.294025 1.679689 0.833256 -14.218212 0.093213 1.300575 -34.212051 -0.287573 0.967163 -20.033215 0.964529 1.212842 0.0 -0.0 -0.0 -3.440388 0.788231 0.501654 -15.928189 -3.167311 2.999703 -6.338827 -2e-06 1e-06 -18.123446 3.648177 -4.905675 -6e-06 0.0 -2e-06 19.39535 5.07994 16.834944 57.966648 2.602103 27.274035 -0.081529 19.770823 0.262667 0.782807 0.76954 0.152584 2.243543 -5.255039 -3.180159 14.282902 -0.826594 6.952506 -4e-06 -12.69061 1e-06 16.381907 -17.558146 2.347454 1.665667 -1.955922 -2.8783 4.727802 -4.170589 4.993925 11.020535 3e-06 -0.0 12.10906 -3.735716 -2.866786 -1e-06 1e-06 -1e-06 1.291987 -1.92855 -1.498089 14.800139 0.567469 3.865608 14.242582 -1.341735 -6.66066 19.631981 0.143927 -0.648246 49.78038 -0.304598 -6.581625 0.353029 -1.511151 -0.031941 20.222805 3.684312 2.316631 18.787287 6e-06 -0.0 10.751633 -0.479867 1.397907 -1e-06 2e-06 -2e-06 3.273809 0.305947 -0.580111 21.486832 11.830383 2.266133 8.162935 3e-06 -3e-06 18.399096 -3.798985 -4.940578 4e-06 -1e-06 -1e-06 0.2911 2.609201 20.331884 0.073193 -0.420239 9.150868 -1.601767 -3.572856 -9.166981 1.967073 -1.811238 -13.021112 -0.0 0.0 2e-06 1.279437 -3.120093 -29.72967 0.094199 0.014158 2.427777 2.292268 -8.517232 7.181031 -1.327432 1.232817 -6.128327 -0.0 0.0 -1e-06 
0.0 0.0 0.0 0.0 -0.0 0.0 -5.221538 94.225723 228.810425 -2.40973 -0.279395 2.304279 0.280799 -0.392948 -4.011436 -0.638677 -2.625613 -6.319732 0.16995 -4.473044 12.525825 2.893347 1.750803 0.999238 -0.840078 0.729116 -3.612967 1.768447 -1.559557 -5.661666 7.7e-05 -2.3e-05 6e-06 -0.019405 -0.05771 -0.018528 0.707011 -3.792524 -10.685789 -0.741368 3.684918 -10.677557 -15.767084 -9.523685 14.158472 -50.966423 -6.185494 -0.939368 -0.526783 -42.108746 -0.047994 8.786778 -3.594687 -1.567412 -5.882108 9.861288 0.70259 -10.936874 -0.360575 7.156205 0.0 8.774828 -1e-06 -15.864421 18.169542 6.280345 -1.844034 2.498506 -2.507279 -10.163602 4.678949 4.621109 -20.976027 -3e-06 -2e-06 -21.226288 2.451697 -3.593999 1e-06 -6e-06 -1e-06 -1.362682 2.240798 -0.746324 -21.334919 0.584911 3.008321 -13.821218 -3e-06 -1e-06 -23.887178 -0.249079 -0.839485 -60.467609 2.400116 -0.874518 -0.294025 1.679688 0.833256 -14.21821 0.093215 1.300578 -34.212055 -0.287565 0.967166 -20.033216 0.964536 1.212841 0.0 1e-06 1e-06 -3.440389 0.788235 0.501656 -15.928189 -3.16731 2.999706 -6.338829 1e-06 -1e-06 -18.123451 3.648186 -4.905674 -5e-06 -0.0 -1e-06 21.195522 5.619288 16.797882 55.922192 3.065169 27.981817 0.044352 18.473824 0.190647 1.3628 0.670767 0.311148 2.243544 -5.25504 -3.180162 14.282902 -0.826597 6.952508 -2e-06 -12.69061 2e-06 16.257822 -17.632305 2.343609 1.665668 -1.955922 -2.878303 4.727803 -4.17059 4.993926 11.020535 3e-06 -2e-06 12.109062 -3.735718 -2.866786 -0.0 1e-06 -1e-06 1.291987 -1.92855 -1.498091 14.800139 0.567467 3.865611 14.242584 -1.341736 -6.660662 19.631983 0.143926 -0.648247 49.878902 -0.240225 -6.574086 0.353029 -1.511151 -0.031941 20.222805 3.684309 2.316629 18.787287 4e-06 -3e-06 10.751637 -0.47987 1.397906 -1e-06 1e-06 -2e-06 3.273809 0.305947 -0.58011 21.486828 11.830378 2.266132 8.162936 1e-06 -1e-06 18.399096 -3.798988 -4.940579 4e-06 -0.0 -1e-06 5.59411 4.471744 18.312914 0.002338 -0.522039 17.32217 -3.10305 -5.548627 -3.639812 2.104927 -1.653803 -22.296919 -0.0 -0.0 1e-06 4.878678 0.066611 -31.163656 0.001213 -0.160054 8.759727 -1.899847 -8.451345 14.946038 -1.390229 1.143839 -4.291739 -0.0 0.0 -1e-06 
0.0 0.0 0.0 0.0 -0.0 0.0 -6.334132 94.587509 234.535431 -4.456417 -1.51155 1.617611 0.97903 -0.278667 -3.557786 -0.278662 -2.893415 -6.298926 1.732993 -4.189599 12.289454 2.149489 2.060951 1.208978 -0.621373 0.937351 -3.614358 1.679902 -1.091651 -6.430618 7.7e-05 -2.3e-05 6e-06 -0.013648 -0.009546 -0.029585 0.746974 -3.723326 -10.670623 -0.769875 3.711428 -10.662588 -14.773143 -8.946517 14.671346 -55.687077 -5.089825 -3.429419 0.023158 -39.929237 -0.148648 9.263526 -3.725938 -3.502206 -5.88211 9.861288 0.70259 -10.936877 -0.360575 7.156207 1e-06 8.774826 -0.0 -15.982989 18.229721 6.210257 -1.844033 2.498504 -2.507279 -10.163604 4.678946 4.62111 -20.976036 -5e-06 1e-06 -21.226299 2.451694 -3.593999 1e-06 -7e-06 0.0 -1.362682 2.240798 -0.746324 -21.334925 0.584908 3.008323 -13.82122 -5e-06 1e-06 -23.88718 -0.249081 -0.839485 -60.274055 2.414831 -0.977782 -0.294025 1.679688 0.833256 -14.218217 0.093213 1.300579 -34.212067 -0.287566 0.967168 -20.033226 0.964535 1.212844 1e-06 1e-06 0.0 -3.44039 0.788234 0.501656 -15.928194 -3.167312 2.999706 -6.33883 0.0 1e-06 -18.123453 3.64818 -4.905672 -4e-06 -0.0 -1e-06 20.092754 6.624402 17.43185 56.871964 5.28015 28.063393 0.17026 16.593477 0.154025 1.412585 -0.352711 0.733217 2.243542 -5.255039 -3.180158 14.282899 -0.826594 6.952507 -3e-06 -12.690609 -1e-06 16.347691 -17.784601 2.267872 1.665667 -1.955922 -2.878301 4.727802 -4.170589 4.993926 11.020534 3e-06 1e-06 12.109058 -3.735717 -2.866783 -1e-06 1e-06 -1e-06 1.291986 -1.92855 -1.49809 14.800136 0.567469 3.865609 14.242579 -1.341738 -6.660657 19.631975 0.143924 -0.648243 49.794159 -0.224133 -6.642198 0.353029 -1.511151 -0.031939 20.222803 3.684312 2.316636 18.787287 6e-06 2e-06 10.751634 -0.479869 1.397907 -1e-06 1e-06 -1e-06 3.273809 0.305948 -0.58011 21.486828 11.830381 2.266138 8.162935 3e-06 -0.0 18.399096 -3.798987 -4.940576 4e-06 1e-06 -1e-06 8.623439 4.86122 15.922331 -0.068468 -0.674485 27.490438 -4.750807 -5.655296 6.713321 2.294332 -1.499346 -30.141817 -0.0 0.0 4e-06 7.64651 1.620599 -30.597975 -0.01236 -0.235119 16.173243 -3.320846 -7.264215 12.880585 -1.390365 1.118985 -2.203183 -0.0 -0.0 -1e-06 
0.0 0.0 0.0 0.0 -0.0 0.0 -7.423708 95.217415 240.237396 -5.779702 -2.108177 0.321741 1.380126 -0.244477 -2.683724 -0.069886 -2.814476 -5.984292 2.556072 -4.175539 11.962788 2.226667 1.922036 1.856932 -0.465484 0.81545 -3.564967 1.531479 -0.505902 -7.106936 7.7e-05 -2.3e-05 6e-06 -0.001285 0.051587 -0.022495 0.763851 -3.667642 -10.650927 -0.762504 3.772879 -10.62981 -12.584835 -8.883139 15.056445 -60.777546 -4.298055 -4.476331 0.213886 -36.780518 -0.204074 8.538419 -3.363561 -4.598017 -5.88211 9.861291 0.702591 -10.936877 -0.360574 7.156209 -0.0 8.774831 -2e-06 -15.95578 18.008289 6.139338 -1.844033 2.498506 -2.507278 -10.163605 4.678948 4.621112 -20.976034 -2e-06 3e-06 -21.226299 2.451698 -3.594004 -0.0 -7e-06 0.0 -1.362683 2.240799 -0.746324 -21.334929 0.584912 3.008325 -13.821222 -2e-06 2e-06 -23.887184 -0.249078 -0.839484 -60.065647 2.308456 -1.023362 -0.294025 1.679688 0.833256 -14.218217 0.093215 1.300581 -34.21207 -0.28756 0.967173 -20.033222 0.964541 1.212844 1e-06 -0.0 0.0 -3.440391 0.788233 0.501655 -15.928198 -3.167309 2.999709 -6.33883 1e-06 1e-06 -18.123457 3.648188 -4.905674 -4e-06 1e-06 -2e-06 18.859768 7.449151 17.687067 58.118298 7.457973 27.406149 0.167204 15.716467 0.127019 0.860503 -0.796188 0.536771 2.243544 -5.255041 -3.180159 14.282904 -0.826598 6.952507 -0.0 -12.690614 0.0 16.426977 -17.682629 2.284616 1.665668 -1.955923 -2.8783 4.727803 -4.170591 4.993929 11.020536 1e-06 -1e-06 12.109062 -3.735719 -2.866788 -1e-06 1e-06 -2e-06 1.291987 -1.928551 -1.498091 14.80014 0.567467 3.865611 14.242585 -1.341738 -6.660663 19.631985 0.143925 -0.648244 49.691044 -0.237727 -6.600643 0.353029 -1.511152 -0.031939 20.222803 3.684309 2.316631 18.787287 2e-06 1e-06 10.751636 -0.479869 1.397906 1e-06 2e-06 -1e-06 3.273809 0.305947 -0.580111 21.48683 11.830379 2.266136 8.162932 1e-06 -1e-06 18.399099 -3.798991 -4.94058 3e-06 1e-06 -1e-06 10.634082 3.918188 11.632301 -0.140395 -0.66875 39.685917 -7.44296 -4.877491 18.14282 2.185193 -1.45175 -25.374582 0.0 -0.0 -2e-06 9.8733 1.866347 -27.415939 0.057981 -0.212636 20.725924 -4.589626 -6.69616 6.676804 -1.409177 1.093751 -1.329326 -0.0 -0.0 -1e-06 
0.0 0.0 0.0 0.0 -0.0 0.0 -8.407703 95.839188 245.438629 -6.899384 -1.828753 -0.700606 1.804909 -0.273778 -1.953169 0.052858 -2.531563 -5.758751 3.06948 -4.260496 11.917459 2.503354 1.543051 2.140755 -0.402239 0.728706 -3.636075 1.52503 -0.625817 -7.149414 7.7e-05 -2.2e-05 6e-06 -0.004023 0.047763 -0.033403 0.751791 -3.669648 -10.625806 -0.756545 3.763383 -10.59871 -11.850465 -8.925685 15.305248 -62.983963 -3.807955 -3.084785 0.202086 -33.632748 -0.139126 6.647477 -2.425674 -3.3385 -5.88211 9.861292 0.702591 -10.936878 -0.360574 7.156208 0.0 8.774831 -0.0 -16.067682 17.865763 6.141253 -1.844033 2.498505 -2.50728 -10.163606 4.678948 4.62111 -20.976038 -3e-06 2e-06 -21.226301 2.451697 -3.594002 -0.0 -6e-06 0.0 -1.362682 2.2408 -0.746324 -21.334929 0.58491 3.008324 -13.821221 -3e-06 1e-06 -23.887182 -0.24908 -0.839482 -60.256973 2.292151 -0.768588 -0.294025 1.679688 0.833256 -14.218217 0.093215 1.30058 -34.212067 -0.287565 0.967169 -20.033222 0.964536 1.212842 0.0 0.0 -1e-06 -3.44039 0.788235 0.501655 -15.928196 -3.167311 2.999707 -6.33883 0.0 1e-06 -18.123459 3.648185 -4.905675 -3e-06 2e-06 -2e-06 18.732079 7.854755 17.598984 57.762848 9.077143 25.983711 0.217814 16.802147 0.054955 -0.315148 -0.484797 -0.296021 2.243542 -5.25504 -3.180159 14.2829 -0.826594 6.952508 -2e-06 -12.690615 0.0 16.388971 -17.536621 2.38477 1.665667 -1.955923 -2.878301 4.727802 -4.170591 4.993925 11.020535 4e-06 -0.0 12.109058 -3.735718 -2.866784 -1e-06 1e-06 -1e-06 1.291986 -1.928551 -1.49809 14.800139 0.567469 3.865609 14.242582 -1.341737 -6.660661 19.631983 0.143928 -0.648243 49.87212 -0.230422 -6.392187 0.353029 -1.511152 -0.031939 20.222805 3.684314 2.316633 18.787289 5e-06 0.0 10.751637 -0.479868 1.397906 -0.0 2e-06 -2e-06 3.27381 0.305948 -0.580109 21.486832 11.830386 2.266135 8.162934 2e-06 -2e-06 18.399096 -3.798987 -4.940577 4e-06 0.0 -1e-06 11.938221 2.090249 5.505307 -0.040741 -0.675743 51.775558 -9.448974 -1.585441 24.868906 1.970737 -1.789473 -9.061086 0.0 0.0 4e-06 11.773312 1.372742 -23.32513 -0.001269 -0.152405 22.104319 -5.610504 -6.47319 2.300405 -1.421535 1.023225 -0.953348 -0.0 -0.0 -1e-06 
0.0 0.0 0.0 0.0 -0.0 0.0 -9.153602 96.67244 250.220154 -7.390473 -1.402385 -1.506981 2.095589 -0.224466 -1.468464 0.09646 -2.185068 -5.549714 3.090679 -4.197507 12.138947 2.893521 1.269029 2.228229 -0.452704 0.521294 -3.631137 1.54259 -0.979403 -7.174352 7.7e-05 -2.2e-05 6e-06 -0.008582 -0.002208 -0.031872 0.734772 -3.714101 -10.599274 -0.749176 3.708049 -10.579864 -11.995464 -8.733546 15.607321 -63.434509 -3.722716 -0.184349 0.232966 -30.82752 -0.026452 4.38467 -1.490159 -0.738514 -5.882109 9.861286 0.702589 -10.936877 -0.360576 7.156209 2e-06 8.774828 1e-06 -16.350582 17.920237 5.980487 -1.844034 2.498505 -2.507278 -10.163605 4.678946 4.621109 -20.976038 -7e-06 4e-06 -21.226297 2.451694 -3.593999 -0.0 -7e-06 -1e-06 -1.362684 2.240799 -0.746325 -21.334929 0.584907 3.008325 -13.821223 -4e-06 2e-06 -23.887184 -0.249082 -0.839481 -60.486721 2.433799 -0.712726 -0.294025 1.679688 0.833256 -14.218215 0.093214 1.300581 -34.212067 -0.287568 0.96717 -20.033222 0.964534 1.212847 0.0 -0.0 -1e-06 -3.44039 0.788233 0.501656 -15.928198 -3.167313 2.999706 -6.338829 -2e-06 2e-06 -18.123453 3.648182 -4.905672 -3e-06 1e-06 -2e-06 19.151884 8.080506 17.531113 56.503769 10.856862 24.619055 0.31866 18.731627 0.013701 -2.095673 0.495326 -1.490318 2.243542 -5.255037 -3.180155 14.282896 -0.826596 6.952505 -2e-06 -12.690612 0.0 16.406563 -17.501152 2.475317 1.665666 -1.955922 -2.878298 4.7278 -4.170589 4.993928 11.020529 2e-06 -1e-06 12.109056 -3.735717 -2.866784 -0.0 0.0 1e-06 1.291985 -1.92855 -1.49809 14.800132 0.567467 3.865611 14.242576 -1.341737 -6.660658 19.631973 0.143926 -0.648245 49.919994 -0.365388 -6.287373 0.353029 -1.511151 -0.031939 20.222797 3.684311 2.316631 18.787281 3e-06 2e-06 10.751631 -0.479869 1.397905 -1e-06 1e-06 -1e-06 3.273808 0.305947 -0.58011 21.48682 11.830379 2.266135 8.16293 1e-06 0.0 18.399084 -3.798989 -4.940573 3e-06 -0.0 -1e-06 12.182296 0.60662 -1.200874 -0.068485 -0.499993 61.566685 -7.251368 1.511992 21.296375 1.952899 -1.893374 -5.432769 0.0 -0.0 4e-06 12.767303 1.030531 -18.359468 -0.120317 -0.151574 20.546591 -6.168583 -6.716916 -0.313966 -1.416215 0.991925 -0.685087 -0.0 -0.0 -1e-06 
0.0 0.0 0.0 0.0 -0.0 0.0 -9.700264 97.592987 254.905487 -6.854635 -1.47856 -2.326444 2.078263 -0.078348 -1.049668 -0.038564 -1.717911 -5.343321 2.559554 -3.858791 12.382123 3.218461 1.194344 2.63517 -0.517956 0.315959 -3.586727 1.63073 -1.418072 -7.082452 7.7e-05 -2.3e-05 6e-06 -0.010839 -0.035612 -0.021864 0.717683 -3.745949 -10.589145 -0.737212 3.673557 -10.578701 -11.922979 -8.238975 15.804657 -63.903748 -3.501378 2.068495 0.074931 -28.851423 0.104716 2.826006 -1.036643 1.638529 -5.88211 9.86129 0.70259 -10.936877 -0.360574 7.156206 0.0 8.77483 1e-06 -16.513691 17.972288 5.799426 -1.844034 2.498506 -2.507277 -10.163604 4.678948 4.621108 -20.976038 -4e-06 -1e-06 -21.226301 2.451698 -3.594004 1e-06 -6e-06 -1e-06 -1.362682 2.240798 -0.746323 -21.334927 0.584911 3.008321 -13.821221 -3e-06 1e-06 -23.887182 -0.24908 -0.839486 -60.522266 2.570573 -0.800042 -0.294025 1.679688 0.833256 -14.218218 0.093215 1.300579 -34.212074 -0.287566 0.967166 -20.033226 0.964534 1.212841 -1e-06 0.0 0.0 -3.440391 0.788234 0.501655 -15.928198 -3.16731 2.999705 -6.33883 -1e-06 0.0 -18.123459 3.648184 -4.905675 -4e-06 0.0 -0.0 18.869314 8.549674 17.512432 55.919109 12.926854 23.713118 0.382048 20.671928 0.034339 -3.830896 1.542336 -1.992919 2.243542 -5.255039 -3.180158 14.282896 -0.826596 6.952503 -1e-06 -12.690612 1e-06 16.3431 -17.542854 2.504941 1.665667 -1.955922 -2.878299 4.727799 -4.17059 4.993925 11.020529 2e-06 -2e-06 12.109056 -3.735717 -2.866787 0.0 -0.0 -0.0 1.291986 -1.92855 -1.49809 14.800132 0.567468 3.865607 14.242577 -1.341737 -6.660661 19.631973 0.143927 -0.648247 49.756451 -0.485988 -6.33099 0.353029 -1.511152 -0.031941 20.222799 3.684311 2.316627 18.787283 4e-06 -3e-06 10.751633 -0.479868 1.397903 0.0 2e-06 -1e-06 3.273808 0.305947 -0.58011 21.48682 11.830383 2.266132 8.16293 2e-06 -0.0 18.399092 -3.798989 -4.940579 3e-06 1e-06 -1e-06 11.034469 -0.189143 -7.342845 -0.085605 -0.167493 66.93084 -4.229415 4.068933 15.961654 1.925316 -1.911705 -5.116474 0.0 0.0 3e-06 12.531658 1.148153 -12.757918 -0.136645 -0.141473 17.553223 -6.352088 -6.98131 -2.069831 -1.411927 0.991354 -0.422771 0.0 -0.0 -1e-06 
0.0 0.0 0.0 0.0 -0.0 0.0 -10.154625 98.338272 259.548523 -5.797279 -2.106926 -3.087111 1.966099 0.148562 -0.569754 -0.196054 -1.105582 -5.125765 1.774593 -3.323574 12.401151 3.142051 1.31759 3.296955 -0.554581 0.128928 -3.55376 1.85491 -1.799767 -6.908593 7.7e-05 -2.3e-05 6e-06 -0.010366 -0.048574 -0.014683 0.708969 -3.760228 -10.606956 -0.728745 3.660651 -10.599222 -11.724095 -7.571313 15.839762 -64.582672 -2.700133 3.051734 -0.036003 -28.151646 0.156089 2.211596 -0.872687 2.777483 -5.882108 9.86129 0.702591 -10.936874 -0.360574 7.156205 0.0 8.774829 0.0 -16.516951 17.972885 5.725939 -1.844033 2.498504 -2.507278 -10.163602 4.678947 4.621109 -20.97603 -4e-06 0.0 -21.226292 2.451698 -3.594002 1e-06 -7e-06 0.0 -1.362681 2.240798 -0.746324 -21.334917 0.584911 3.008321 -13.821217 -2e-06 1e-06 -23.887175 -0.24908 -0.839486 -60.508812 2.604255 -0.925617 -0.294025 1.679688 0.833255 -14.21821 0.093216 1.300579 -34.212051 -0.287562 0.967168 -20.033216 0.964536 1.212842 1e-06 -2e-06 0.0 -3.440389 0.788234 0.501655 -15.928189 -3.16731 2.999706 -6.338829 -1e-06 -0.0 -18.123451 3.648185 -4.905672 -4e-06 1e-06 -1e-06 17.643087 9.300925 17.444954 56.152172 15.057238 23.3009 0.353546 22.553411 0.065906 -4.983119 2.281469 -2.004535 2.243543 -5.255039 -3.180159 14.282896 -0.826597 6.952505 -1e-06 -12.690609 1e-06 16.208977 -17.601351 2.533591 1.665666 -1.955921 -2.878299 4.7278 -4.170589 4.993926 11.020529 2e-06 -1e-06 12.109056 -3.735718 -2.866786 0.0 0.0 -1e-06 1.291986 -1.928551 -1.498091 14.800132 0.567466 3.865607 14.242577 -1.341738 -6.660662 19.631969 0.143923 -0.648246 49.534145 -0.60313 -6.418563 0.353029 -1.511152 -0.031941 20.222799 3.684308 2.31663 18.787283 3e-06 -2e-06 10.751631 -0.47987 1.397905 1e-06 2e-06 -0.0 3.273808 0.305947 -0.580111 21.48682 11.830376 2.266132 8.16293 1e-06 -1e-06 18.399092 -3.798987 -4.94058 4e-06 -1e-06 0.0 9.148712 -0.314861 -12.708221 -0.025037 0.107532 68.113525 -2.083439 6.356128 11.822639 1.892869 -1.920126 -5.017928 -0.0 0.0 3e-06 11.729806 1.626978 -7.029806 -0.10207 -0.113259 14.096995 -6.427763 -7.046054 -3.47999 -1.408764 0.98096 -0.168522 -0.0 -0.0 -1e-06 
0.0 0.0 0.0 0.0 -0.0 0.0 -10.549929 98.813889 264.170898 -4.529239 -3.117459 -3.599569 1.812424 0.375948 -0.181081 -0.301062 -0.393543 -4.929999 0.958157 -2.726226 12.283752 2.560403 1.665782 3.903341 -0.591017 -0.078469 -3.555471 2.127774 -2.042343 -6.564446 7.7e-05 -2.3e-05 6e-06 -0.011533 -0.069333 -0.010672 0.702127 -3.782508 -10.629791 -0.725903 3.639602 -10.623389 -11.961353 -6.806848 15.761375 -64.865776 -1.459977 3.314173 0.028558 -28.325394 0.099033 2.228801 -0.655377 2.745081 -5.882106 9.861286 0.702591 -10.93687 -0.360573 7.156207 -1e-06 8.774824 0.0 -16.459236 17.971382 5.771805 -1.844033 2.498505 -2.507278 -10.163599 4.678945 4.621108 -20.976021 -1e-06 3e-06 -21.226286 2.451697 -3.593999 1e-06 -6e-06 -1e-06 -1.362681 2.240798 -0.746324 -21.334913 0.584912 3.008322 -13.821213 -2e-06 2e-06 -23.887167 -0.249077 -0.839483 -60.612488 2.576311 -0.998744 -0.294025 1.679687 0.833256 -14.218207 0.093217 1.300581 -34.212048 -0.28756 0.96717 -20.033211 0.964539 1.21284 -2e-06 -1e-06 -1e-06 -3.440388 0.788233 0.501654 -15.928183 -3.167308 2.999707 -6.338826 -0.0 1e-06 -18.123444 3.648185 -4.905672 -4e-06 0.0 -1e-06 16.182011 10.212502 17.307053 56.291451 17.115204 23.095875 0.251241 24.473722 0.088601 -5.693066 2.796938 -2.047182 2.243541 -5.255035 -3.180156 14.282885 -0.826594 6.952499 -2e-06 -12.6906 0.0 16.115496 -17.676987 2.600208 1.665665 -1.955922 -2.878298 4.727796 -4.170585 4.993921 11.02052 3e-06 -0.0 12.109047 -3.735715 -2.866784 -0.0 -1e-06 -0.0 1.291984 -1.928549 -1.498089 14.80012 0.567468 3.865606 14.242563 -1.341737 -6.660654 19.631954 0.143924 -0.648245 49.439899 -0.694713 -6.424114 0.353029 -1.511151 -0.031941 20.222784 3.684308 2.316631 18.787266 4e-06 0.0 10.751623 -0.479868 1.397905 1e-06 2e-06 -1e-06 3.273805 0.305947 -0.580111 21.486801 11.830372 2.266132 8.162922 3e-06 -0.0 18.399073 -3.798985 -4.940572 2e-06 -1e-06 0.0 6.964814 -0.13724 -17.358944 0.08991 0.305233 65.478416 -0.868827 8.425506 8.504259 1.873525 -1.934054 -5.022372 0.0 0.0 1e-06 10.682167 2.261353 -1.589606 -0.070429 -0.109217 10.590506 -6.432338 -6.787958 -4.800014 -1.410868 0.933566 -0.072577 -0.0 0.0 -1e-06 
0.0 0.0 0.0 0.0 -0.0 0.0 -10.887454 98.96804 268.818054 -3.275108 -4.313415 -3.758881 1.643109 0.517615 -0.001321 -0.351909 0.316159 -4.81058 0.243444 -2.161049 12.185672 1.555113 2.169717 4.234055 -0.599727 -0.170687 -3.592817 2.325991 -2.183738 -6.132098 7.7e-05 -2.3e-05 6e-06 -0.011742 -0.070686 -0.009577 0.695504 -3.785076 -10.639645 -0.721653 3.638132 -10.637484 -12.675204 -6.017149 15.653132 -64.586884 -0.207706 3.608206 0.234086 -28.79266 0.001864 2.430151 -0.28883 2.303745 -5.882107 9.861284 0.702591 -10.936874 -0.360575 7.156209 2e-06 8.774824 -1e-06 -16.414284 17.98514 5.854806 -1.844033 2.498504 -2.507278 -10.163603 4.678943 4.62111 -20.976027 -5e-06 5e-06 -21.22629 2.451695 -3.593998 1e-06 -6e-06 -1e-06 -1.362681 2.240797 -0.746322 -21.334917 0.584908 3.008324 -13.821216 -3e-06 5e-06 -23.887175 -0.249079 -0.839479 -60.760033 2.55214 -0.971981 -0.294025 1.679687 0.833255 -14.218213 0.093214 1.300582 -34.212063 -0.287564 0.967175 -20.033218 0.964537 1.212845 -0.0 -1e-06 -2e-06 -3.440389 0.788233 0.501656 -15.928191 -3.16731 2.999711 -6.338829 -2e-06 2e-06 -18.123453 3.648181 -4.905668 -3e-06 0.0 -2e-06 14.907822 11.183627 17.115992 55.972298 19.016335 22.505274 0.163047 26.55184 0.095941 -6.358099 3.301151 -2.48978 2.243542 -5.255036 -3.180158 14.282889 -0.826595 6.952506 -1e-06 -12.690603 -1e-06 16.056601 -17.760355 2.690831 1.665664 -1.95592 -2.878298 4.7278 -4.170588 4.993926 11.020524 2e-06 -1e-06 12.10905 -3.735716 -2.866785 -0.0 1e-06 1e-06 1.291986 -1.92855 -1.498092 14.800125 0.567466 3.865608 14.242569 -1.341736 -6.660658 19.631964 0.143924 -0.648242 49.472122 -0.734173 -6.350432 0.353028 -1.51115 -0.031941 20.222786 3.68431 2.316631 18.78727 3e-06 1e-06 10.751625 -0.479869 1.397908 1e-06 1e-06 1e-06 3.273806 0.305947 -0.580112 21.486809 11.830374 2.266134 8.162926 1e-06 -1e-06 18.39908 -3.798986 -4.940574 2e-06 -1e-06 0.0 4.86722 0.106134 -21.27928 0.206347 0.390541 59.280285 -0.460404 10.017091 6.107468 1.870517 -1.9714 -5.130846 0.0 -0.0 2e-06 9.557961 2.861991 3.369104 -0.06123 -0.101992 7.210204 -6.402543 -6.327473 -6.235857 -1.416484 0.869912 -0.115802 -0.0 -0.0 -1e-06 
0.0 0.0 0.0 0.0 -0.0 0.0 -11.198468 98.818932 273.510406 -2.288406 -5.562901 -3.619628 1.53837 0.523033 -0.018893 -0.359287 0.923089 -4.798223 -0.246812 -1.613639 12.202169 0.294714 2.700263 4.287764 -0.56237 -0.109507 -3.625023 2.384874 -2.213105 -5.839968 7.7e-05 -2.3e-05 6e-06 -0.008599 -0.032774 -0.011902 0.689256 -3.745962 -10.625366 -0.71115 3.674491 -10.638412 -13.598787 -5.250276 15.533519 -64.037865 0.801408 4.099603 0.430712 -29.2094 -0.052645 2.557775 0.102243 2.047665 -5.882109 9.86129 0.70259 -10.936875 -0.360575 7.156209 1e-06 8.774828 -1e-06 -16.409622 18.000568 5.870239 -1.844034 2.498505 -2.507278 -10.163604 4.678947 4.621108 -20.976034 -4e-06 1e-06 -21.226299 2.451696 -3.594003 0.0 -6e-06 0.0 -1.362682 2.240798 -0.746323 -21.334925 0.58491 3.008322 -13.821221 -3e-06 0.0 -23.887182 -0.249079 -0.839485 -60.766228 2.556646 -0.933111 -0.294025 1.679688 0.833257 -14.218215 0.093216 1.300581 -34.212067 -0.287566 0.967168 -20.033226 0.964536 1.212843 -0.0 -1e-06 -1e-06 -3.44039 0.788234 0.501657 -15.928192 -3.167311 2.999708 -6.338829 -1e-06 1e-06 -18.123453 3.648184 -4.905674 -3e-06 1e-06 -1e-06 13.879585 12.087657 16.955339 55.241722 20.803743 21.426174 0.109701 28.781277 0.095368 -7.123476 3.845222 -3.336005 2.243543 -5.255039 -3.180162 14.282896 -0.826595 6.952506 -3e-06 -12.690611 2e-06 16.002787 -17.838831 2.747199 1.665667 -1.955921 -2.878301 4.727801 -4.17059 4.993929 11.020534 3e-06 -2e-06 12.109058 -3.735716 -2.866786 -0.0 0.0 -0.0 1.291986 -1.92855 -1.498092 14.800138 0.567468 3.865609 14.242581 -1.341735 -6.660665 19.631983 0.14393 -0.648245 49.511574 -0.734868 -6.315017 0.35303 -1.511153 -0.03194 20.222803 3.684312 2.316628 18.787287 5e-06 0.0 10.751636 -0.479867 1.397909 0.0 2e-06 -0.0 3.273809 0.305949 -0.580112 21.486828 11.83038 2.266134 8.162934 1e-06 -1e-06 18.399096 -3.798985 -4.940577 2e-06 -1e-06 -2e-06 3.21491 0.55937 -24.238432 0.28731 0.361872 49.979519 -0.46619 10.857553 5.311411 1.843779 -2.027363 -5.23876 0.0 0.0 4e-06 8.622477 3.323997 7.928592 -0.067134 -0.067914 3.835301 -6.48804 -5.791728 -7.490253 -1.424231 0.825501 -0.115995 0.0 -0.0 -1e-06 
0.0 0.0 0.0 0.0 -0.0 0.0 -11.483911 98.380707 278.247345 -1.769756 -6.75833 -3.298199 1.633253 0.401064 -0.169982 -0.332941 1.341684 -4.860612 -0.475166 -1.016989 12.2592 -1.037446 3.179621 4.29885 -0.501252 0.021327 -3.630624 2.346277 -2.086896 -5.7824 7.7e-05 -2.3e-05 6e-06 -0.002027 0.016225 -0.006827 0.693208 -3.695172 -10.606716 -0.70382 3.723292 -10.635576 -14.428062 -4.504365 15.373704 -63.55302 1.575286 4.654263 0.478395 -29.54397 -0.061391 2.489412 0.451532 2.314498 -5.88211 9.861292 0.702591 -10.936875 -0.360573 7.156208 -1e-06 8.77483 -2e-06 -16.370401 18.008583 5.86433 -1.844034 2.498505 -2.507277 -10.163604 4.678949 4.621109 -20.97603 1e-06 2e-06 -21.226295 2.451701 -3.594004 0.0 -6e-06 -0.0 -1.362682 2.240799 -0.746324 -21.334921 0.584913 3.008322 -13.821217 -0.0 2e-06 -23.887173 -0.249074 -0.839487 -60.658329 2.623485 -0.960859 -0.294026 1.679688 0.833256 -14.218212 0.093217 1.300581 -34.212063 -0.287559 0.967166 -20.033222 0.964538 1.21284 -1e-06 -1e-06 -1e-06 -3.440389 0.788234 0.501655 -15.928189 -3.167308 2.999708 -6.338829 -0.0 2e-06 -18.123453 3.648188 -4.905675 -2e-06 0.0 -2e-06 12.971943 12.871915 16.846924 54.429424 22.44993 20.213226 -0.023825 30.902987 0.035779 -7.949947 4.361734 -4.440392 2.243544 -5.255037 -3.180157 14.282894 -0.826596 6.952503 -1e-06 -12.690601 1e-06 15.957662 -17.843124 2.751124 1.665667 -1.955923 -2.878299 4.7278 -4.170588 4.993923 11.020529 2e-06 -0.0 12.109055 -3.735717 -2.866784 -0.0 0.0 1e-06 1.291986 -1.92855 -1.498091 14.800132 0.567466 3.865605 14.242575 -1.341737 -6.660658 19.631969 0.143924 -0.648243 49.45105 -0.719389 -6.351425 0.35303 -1.511151 -0.03194 20.222795 3.684306 2.31663 18.787277 1e-06 -1e-06 10.751631 -0.47987 1.397907 1e-06 2e-06 0.0 3.273808 0.305946 -0.580111 21.486818 11.830371 2.266136 8.16293 1e-06 -2e-06 18.399086 -3.798988 -4.940576 2e-06 -1e-06 -2e-06 2.109103 1.670839 -25.82432 0.333771 0.346441 37.661766 -0.817643 10.670315 6.094293 1.785109 -2.057534 -5.241364 0.0 -0.0 2e-06 8.065146 3.514427 11.190557 -0.088515 -0.034679 2.642551 -6.605324 -5.178451 -9.165411 -1.430223 0.838448 -0.20734 -0.0 -0.0 -1e-06 
0.0 0.0 0.0 0.0 -0.0 0.0 -11.770762 97.657082 283.113251 -1.828249 -7.861537 -2.868889 1.991019 0.255635 -0.39117 -0.269997 1.52803 -4.993608 -0.406053 -0.392865 12.28575 -2.201391 3.622594 4.36895 -0.510943 0.180711 -3.56185 2.202757 -1.757232 -5.861524 7.7e-05 -2.3e-05 6e-06 0.011423 0.110372 0.013416 0.723317 -3.60952 -10.618925 -0.708754 3.826638 -10.65517 -15.146936 -3.774494 15.205397 -63.250141 2.160294 5.209693 0.462098 -29.907053 -0.068913 2.321671 0.749312 2.90142 -5.882113 9.861295 0.702592 -10.936883 -0.360575 7.156211 1e-06 8.774835 -1e-06 -16.242561 18.034435 5.914831 -1.844035 2.498507 -2.507278 -10.163611 4.678949 4.621111 -20.976044 -3e-06 3e-06 -21.226311 2.451701 -3.594003 -0.0 -6e-06 -0.0 -1.362683 2.2408 -0.746323 -21.334938 0.58491 3.008326 -13.821227 -2e-06 2e-06 -23.887192 -0.249078 -0.839484 -60.601994 2.623945 -0.978741 -0.294025 1.679689 0.833255 -14.218225 0.093215 1.300581 -34.212086 -0.287565 0.96717 -20.033236 0.964538 1.212844 -2e-06 -1e-06 0.0 -3.440392 0.788234 0.501655 -15.928205 -3.167313 2.999709 -6.338833 -1e-06 0.0 -18.123468 3.648185 -4.905674 -2e-06 -0.0 -4e-06 12.181264 13.58453 16.737869 53.69931 23.755009 19.183794 -0.191765 32.589016 -0.011711 -8.837626 4.794011 -5.65332 2.243543 -5.255041 -3.180158 14.282897 -0.826595 6.952505 -2e-06 -12.690612 1e-06 16.000372 -17.85116 2.711634 1.665668 -1.955922 -2.8783 4.727801 -4.170591 4.993925 11.020531 3e-06 -1e-06 12.109059 -3.735717 -2.866785 -1e-06 1e-06 -0.0 1.291988 -1.928553 -1.498092 14.800136 0.567467 3.865607 14.24258 -1.341736 -6.660661 19.631975 0.143928 -0.648247 49.590721 -0.819933 -6.389991 0.35303 -1.511152 -0.031939 20.222801 3.684312 2.316629 18.787283 3e-06 -2e-06 10.751633 -0.479868 1.397906 1e-06 1e-06 -1e-06 3.273808 0.305948 -0.580112 21.486822 11.83038 2.266133 8.162933 2e-06 -2e-06 18.399092 -3.798988 -4.940578 2e-06 -2e-06 -2e-06 1.411449 3.581044 -25.832293 0.272717 0.416622 22.71529 -1.720062 9.740566 6.9422 1.737399 -2.073674 -4.64962 0.0 -0.0 2e-06 7.899215 3.030016 14.009833 -0.140528 -0.06181 2.378368 -6.705775 -4.118084 -10.950916 -1.445851 0.853607 -0.843573 -0.0 -0.0 -1e-06 
0.0 0.0 0.0 0.0 -0.0 0.0 -12.016514 96.8228 288.037109 -2.263143 -8.892282 -2.253906 2.36623 0.262847 -0.840761 -0.137455 1.638765 -5.218217 -0.085627 -0.153546 12.44173 -3.265005 4.120823 4.223131 -0.548937 0.321947 -3.576103 1.991756 -1.271311 -5.586147 7.7e-05 -2.2e-05 6e-06 0.014498 0.130417 0.028948 0.732171 -3.604041 -10.665237 -0.713667 3.861938 -10.69411 -16.162136 -2.911479 15.033563 -62.866585 2.603331 5.212398 0.373591 -30.248034 -0.037389 2.150339 0.709124 3.194949 -5.882106 9.861282 0.70259 -10.936873 -0.360576 7.156208 3e-06 8.774823 -2e-06 -16.07802 18.141195 6.029321 -1.844032 2.498503 -2.507279 -10.163601 4.678941 4.62111 -20.976027 -8e-06 4e-06 -21.226292 2.45169 -3.593997 1e-06 -6e-06 -0.0 -1.362681 2.240797 -0.746324 -21.334917 0.584905 3.008325 -13.821217 -5e-06 4e-06 -23.887175 -0.249084 -0.839478 -60.700348 2.642874 -0.931801 -0.294025 1.679686 0.833255 -14.218212 0.093212 1.300581 -34.212063 -0.287569 0.967176 -20.033218 0.964536 1.212847 -1e-06 -0.0 -1e-06 -3.440389 0.788232 0.501657 -15.928189 -3.167311 2.999707 -6.338828 -2e-06 3e-06 -18.123447 3.648177 -4.905667 -2e-06 0.0 -2e-06 12.000521 14.32018 16.724606 52.406235 24.660995 18.498722 -0.329424 33.917175 -0.09121 -9.371428 4.890636 -6.423152 2.243541 -5.255037 -3.180157 14.282895 -0.826593 6.952507 -4e-06 -12.690604 -0.0 15.953895 -17.879263 2.729517 1.665666 -1.955921 -2.878298 4.727799 -4.170587 4.993924 11.020526 3e-06 2e-06 12.109052 -3.735714 -2.866785 -0.0 1e-06 -0.0 1.291985 -1.928549 -1.498088 14.800131 0.56747 3.86561 14.242571 -1.341735 -6.660655 19.631968 0.143927 -0.648243 49.719452 -0.910265 -6.36458 0.353029 -1.511151 -0.031939 20.222797 3.684312 2.316634 18.787279 5e-06 3e-06 10.751631 -0.479867 1.39791 0.0 2e-06 -2e-06 3.273807 0.305947 -0.58011 21.48682 11.830378 2.266137 8.16293 3e-06 0.0 18.399084 -3.798985 -4.940572 2e-06 -1e-06 -2e-06 1.094223 5.001529 -25.322523 0.040554 0.361807 8.275178 -3.421428 8.903979 6.675613 1.658461 -2.112449 -4.288773 0.0 -0.0 3e-06 7.871548 2.288011 16.7465 -0.155025 -0.158531 2.215456 -6.436755 -3.055315 -11.902802 -1.438329 0.837466 -1.945091 -0.0 -0.0 -1e-06 
0.0 0.0 0.0 0.0 -0.0 0.0 -12.20848 95.870193 292.995148 -2.67882 -9.720425 -1.298739 2.534878 0.211398 -1.557164 0.005994 1.764367 -5.464658 0.4003 -0.120623 12.593689 -4.167768 4.494352 3.636079 -0.548069 0.589087 -3.562523 1.640029 -0.878984 -5.039076 7.7e-05 -2.2e-05 6e-06 0.010501 0.077286 0.045874 0.709775 -3.664529 -10.656936 -0.701171 3.816101 -10.679545 -17.533161 -2.260333 14.792348 -62.267166 2.808787 5.312678 0.398586 -30.027578 -0.011465 2.237432 0.10029 2.860205 -5.88211 9.86129 0.702591 -10.936878 -0.360576 7.15621 1e-06 8.77483 -1e-06 -16.031597 18.204651 5.956949 -1.844033 2.498505 -2.507278 -10.163608 4.678946 4.621111 -20.976038 -6e-06 3e-06 -21.226301 2.451695 -3.593999 -0.0 -6e-06 -0.0 -1.362682 2.240799 -0.746323 -21.33493 0.584908 3.008323 -13.821225 -4e-06 3e-06 -23.887186 -0.24908 -0.839483 -60.781204 2.610229 -1.054128 -0.294025 1.679689 0.833256 -14.218221 0.093214 1.30058 -34.212078 -0.287567 0.967171 -20.03323 0.964533 1.212844 0.0 -1e-06 -1e-06 -3.440391 0.788234 0.501656 -15.928201 -3.167313 2.999707 -6.33883 -2e-06 2e-06 -18.123461 3.648182 -4.905672 -3e-06 0.0 -2e-06 12.329775 14.885081 16.634281 50.733997 25.219007 18.37141 -0.103204 34.491104 0.02675 -9.454775 5.02586 -6.572341 2.243542 -5.255039 -3.180159 14.282896 -0.826593 6.952507 -3e-06 -12.690612 2e-06 15.790947 -17.968622 2.76849 1.665666 -1.955922 -2.878301 4.727799 -4.170588 4.993929 11.020528 6e-06 -1e-06 12.109054 -3.735715 -2.866785 -0.0 -0.0 -0.0 1.291987 -1.92855 -1.498089 14.800132 0.567468 3.865608 14.242575 -1.341734 -6.66066 19.631973 0.143929 -0.648244 49.676884 -0.897048 -6.460476 0.353028 -1.51115 -0.03194 20.222797 3.684313 2.316631 18.787279 7e-06 0.0 10.75163 -0.479866 1.397907 0.0 1e-06 -0.0 3.273808 0.305947 -0.580111 21.486826 11.830385 2.266133 8.16293 3e-06 -1e-06 18.399088 -3.798986 -4.940574 3e-06 -1e-06 -1e-06 0.684764 5.787299 -25.826643 -0.104077 0.167678 -1.426588 -5.820884 8.787388 4.299381 1.492914 -2.213661 -4.582003 -0.0 0.0 2e-06 7.329501 1.056158 18.924229 -0.123348 -0.288551 2.551844 -5.666001 -1.37969 -12.565981 -1.423829 0.730916 -3.278194 0.0 -0.0 -1e-06 
0.0 0.0 0.0 0.0 -0.0 0.0 -12.330465 94.96904 297.981873 -2.608094 -10.171141 -0.399788 2.311807 0.273955 -2.095751 0.049099 1.750885 -5.701321 0.653063 -0.168656 12.634877 -4.62032 4.633135 2.713253 -0.43413 0.616533 -3.525687 1.256607 -0.527782 -4.64939 7.7e-05 -2.2e-05 6e-06 0.005099 -0.018833 0.038544 0.710437 -3.753937 -10.632253 -0.714009 3.714317 -10.658179 -18.534533 -2.110159 14.685341 -61.797508 2.597107 5.603427 0.440253 -29.176428 0.04217 2.510091 -0.402982 2.661865 -5.88211 9.861288 0.702589 -10.936877 -0.360575 7.156207 1e-06 8.774828 -2e-06 -16.138075 18.126345 5.796688 -1.844034 2.498505 -2.507278 -10.163606 4.678946 4.621108 -20.976038 -4e-06 1e-06 -21.226299 2.451696 -3.594001 1e-06 -6e-06 -1e-06 -1.362683 2.240799 -0.746323 -21.334927 0.584909 3.00832 -13.821221 -3e-06 2e-06 -23.887184 -0.24908 -0.839485 -60.797367 2.574747 -1.120923 -0.294024 1.679688 0.833257 -14.218215 0.093216 1.30058 -34.212063 -0.287565 0.967167 -20.033224 0.964536 1.212842 -1e-06 -1e-06 -1e-06 -3.44039 0.788234 0.501654 -15.928194 -3.16731 2.999706 -6.33883 -1e-06 2e-06 -18.123453 3.648184 -4.905672 -3e-06 1e-06 -3e-06 12.806921 15.157689 16.519144 49.547138 25.450201 18.559929 0.159648 34.365917 0.192588 -9.008188 5.19962 -6.258027 2.24354 -5.255036 -3.180158 14.282892 -0.826595 6.952505 -3e-06 -12.690609 2e-06 15.73038 -17.971684 2.731105 1.665667 -1.955924 -2.878299 4.727799 -4.170589 4.993924 11.020528 2e-06 -2e-06 12.109055 -3.735717 -2.866784 -0.0 -0.0 -1e-06 1.291985 -1.928548 -1.498089 14.800131 0.567468 3.865611 14.242575 -1.341736 -6.660658 19.631969 0.143925 -0.648244 49.5844 -0.830974 -6.507198 0.353029 -1.511149 -0.031938 20.222797 3.684311 2.316632 18.787273 2e-06 -1e-06 10.751629 -0.479869 1.397905 1e-06 1e-06 -1e-06 3.273807 0.305948 -0.58011 21.486818 11.830377 2.266134 8.162931 1e-06 0.0 18.399088 -3.798984 -4.940575 3e-06 -2e-06 -1e-06 -0.601165 6.344222 -27.756941 -0.039092 0.082119 -2.647022 -8.036579 9.660624 1.238443 1.401714 -2.205673 -4.84407 0.0 0.0 4e-06 5.980266 -0.39624 20.311193 -0.147051 -0.274475 4.282932 -4.401708 0.356377 -12.693914 -1.40075 0.676372 -5.139231 0.0 0.0 -1e-06 
0.0 0.0 0.0 0.0 -0.0 0.0 -12.359587 94.322708 303.282684 -1.331061 -10.334303 0.420565 1.172266 0.399978 -2.786975 -0.025185 1.720719 -6.053836 0.453811 -0.27653 12.620144 -4.432817 4.519399 1.737962 -0.451209 0.819638 -3.456463 1.02491 -0.483834 -3.944756 7.7e-05 -2.3e-05 6e-06 0.007357 -0.047272 0.034365 0.724203 -3.792318 -10.667672 -0.722168 3.696924 -10.692603 -19.609554 -2.33878 14.643357 -60.939476 2.412142 5.859725 0.302168 -27.898264 0.077831 2.709867 -0.516277 3.277993 -5.88211 9.861291 0.70259 -10.936877 -0.360575 7.156209 1e-06 8.774831 0.0 -16.330706 18.317123 5.809641 -1.844033 2.498506 -2.507277 -10.163604 4.678947 4.621107 -20.976032 -4e-06 4e-06 -21.226295 2.451698 -3.594 1e-06 -7e-06 1e-06 -1.362682 2.240799 -0.746323 -21.334929 0.584908 3.008324 -13.821221 -3e-06 3e-06 -23.887182 -0.249079 -0.839483 -60.917568 2.696104 -1.233292 -0.294025 1.679689 0.833256 -14.218217 0.093214 1.30058 -34.21207 -0.287565 0.967172 -20.033226 0.964536 1.212845 -0.0 0.0 -1e-06 -3.44039 0.788234 0.501657 -15.928194 -3.167312 2.999709 -6.338829 -1e-06 1e-06 -18.123457 3.648185 -4.905672 -3e-06 -0.0 -2e-06 13.987203 15.022653 16.605371 48.485928 25.068333 19.379267 0.088768 33.647446 0.139431 -8.51279 5.339616 -6.038306 2.243542 -5.255037 -3.18016 14.282898 -0.8266 6.952503 -1e-06 -12.690612 2e-06 15.868061 -17.955896 2.750018 1.665667 -1.955922 -2.8783 4.727803 -4.170592 4.993927 11.020531 2e-06 -2e-06 12.109058 -3.735718 -2.866788 -0.0 0.0 -1e-06 1.291986 -1.92855 -1.49809 14.800132 0.567466 3.865607 14.242579 -1.341738 -6.660663 19.631975 0.143929 -0.648248 49.683945 -0.898868 -6.576837 0.353028 -1.51115 -0.031939 20.222801 3.684309 2.316629 18.787283 3e-06 -4e-06 10.751633 -0.479869 1.397906 1e-06 2e-06 0.0 3.27381 0.305945 -0.580112 21.48682 11.830382 2.266129 8.16293 1e-06 -1e-06 18.399092 -3.798988 -4.940579 2e-06 -2e-06 -1e-06 -2.919883 6.128412 -28.134829 -0.03288 0.047319 -0.140713 -7.679972 10.137897 1.990631 1.48033 -2.265058 -5.702288 0.0 -0.0 1e-06 3.278504 -1.594718 20.087151 -0.119586 -0.091492 9.09949 -2.896085 1.837106 -11.513721 -1.395308 0.712512 -9.245173 0.0 0.0 -1e-06 
0.0 0.0 0.0 0.0 -0.0 0.0 -12.37237 94.314125 308.878357 1.555686 -10.131452 1.421172 -1.017597 0.216552 -3.92644 -0.354912 1.860034 -6.551708 -0.43937 -0.394068 12.776497 -3.680908 4.015685 0.405786 -0.333125 1.298874 -3.616977 0.761426 -0.479483 -2.677768 7.7e-05 -2.2e-05 6e-06 0.019921 -0.072871 -0.008308 0.711942 -3.801358 -10.624023 -0.683883 3.654602 -10.663552 -21.373049 -2.82818 14.215001 -58.925163 2.636621 6.252762 0.09737 -26.192337 0.122625 2.745348 -0.751429 3.619305 -5.882108 9.861289 0.702591 -10.936877 -0.360576 7.156206 1e-06 8.77483 -2e-06 -16.418766 18.267639 5.90219 -1.844034 2.498505 -2.507278 -10.163606 4.678946 4.62111 -20.976038 -6e-06 3e-06 -21.226295 2.451696 -3.594001 1e-06 -6e-06 1e-06 -1.362682 2.240799 -0.746323 -21.334927 0.584908 3.008324 -13.821221 -4e-06 2e-06 -23.887184 -0.249079 -0.839481 -61.071995 2.562758 -0.926248 -0.294025 1.679688 0.833255 -14.218215 0.093213 1.300581 -34.212067 -0.287566 0.967172 -20.033222 0.964535 1.212843 -0.0 0.0 -1e-06 -3.44039 0.788234 0.501655 -15.928194 -3.167311 2.999709 -6.338829 -1e-06 0.0 -18.123459 3.648182 -4.905672 -3e-06 0.0 -2e-06 17.072029 14.242474 16.757196 46.48777 23.855999 19.986572 -0.049362 32.560261 0.053143 -8.246663 5.700789 -4.981503 2.243541 -5.255037 -3.180158 14.28289 -0.826595 6.952504 -3e-06 -12.690604 1e-06 15.859539 -17.864985 2.786196 1.665665 -1.955921 -2.878298 4.727798 -4.17059 4.993926 11.020522 3e-06 1e-06 12.109052 -3.735718 -2.866782 -0.0 -0.0 -0.0 1.291985 -1.92855 -1.498091 14.800125 0.567465 3.865608 14.242568 -1.341737 -6.660659 19.631962 0.143924 -0.648245 49.903881 -0.768874 -6.377447 0.353028 -1.511148 -0.03194 20.222788 3.684309 2.316631 18.78727 3e-06 -1e-06 10.751627 -0.479869 1.397907 1e-06 2e-06 -1e-06 3.273805 0.305947 -0.580113 21.486813 11.830373 2.266134 8.16293 -1e-06 0.0 18.399082 -3.798988 -4.940573 3e-06 -2e-06 -1e-06 -6.252961 3.824714 -29.668768 0.003077 0.10733 4.882704 -1.940094 9.898192 10.598181 1.683176 -2.146446 -5.256309 0.0 0.0 4e-06 -1.489808 -3.129674 17.831316 -0.049341 -0.050492 16.386139 -1.343745 4.526481 -7.472608 -1.417071 0.699289 -18.94273 0.0 0.0 -1e-06 
0.0 0.0 0.0 0.0 -0.0 0.0 -12.537472 94.632492 314.641296 3.679571 -9.170533 1.44754 -2.11044 0.046533 -4.121483 -0.744808 1.959604 -6.60575 -1.913803 -0.472058 12.479844 -2.754194 3.652665 0.00248 -0.580623 0.864397 -3.627591 1.111073 -0.635755 -3.264129 7.7e-05 -2.3e-05 6e-06 0.032112 -0.076637 -0.035584 0.749655 -3.785073 -10.576021 -0.696356 3.631175 -10.650296 -20.605621 -3.581142 14.408891 -58.907227 1.62901 7.072646 -0.063595 -23.979885 0.186735 2.650626 -0.832652 3.529166 -5.882103 9.86128 0.702589 -10.93687 -0.360577 7.156206 3e-06 8.774822 -2e-06 -16.416664 18.091513 5.72122 -1.844032 2.498503 -2.507278 -10.163598 4.678942 4.621109 -20.976021 -6e-06 4e-06 -21.226286 2.451693 -3.593998 -0.0 -6e-06 -0.0 -1.362681 2.240797 -0.746323 -21.334913 0.584906 3.008324 -13.821213 -5e-06 3e-06 -23.887169 -0.249083 -0.839481 -60.772797 2.548936 -1.016401 -0.294024 1.679687 0.833256 -14.218207 0.093213 1.300581 -34.212048 -0.287568 0.967171 -20.033211 0.964533 1.212845 0.0 1e-06 -1e-06 -3.440387 0.788232 0.501657 -15.928185 -3.167311 2.999707 -6.338825 -2e-06 0.0 -18.123444 3.648178 -4.905667 -4e-06 0.0 -2e-06 17.839695 13.27171 16.918505 48.553646 22.58832 19.322992 -0.149002 30.285971 0.094164 -9.140814 5.873844 -4.436606 2.243541 -5.255034 -3.180157 14.282885 -0.826592 6.952503 -4e-06 -12.690598 1e-06 15.815752 -17.978855 2.82961 1.665665 -1.955921 -2.878298 4.727797 -4.170584 4.993923 11.020519 4e-06 -1e-06 12.109044 -3.735712 -2.866782 0.0 1e-06 -1e-06 1.291984 -1.928548 -1.49809 14.800123 0.567471 3.865607 14.242564 -1.341733 -6.660654 19.631956 0.143929 -0.648244 50.075481 -0.659836 -6.383944 0.353029 -1.51115 -0.03194 20.222784 3.68431 2.31663 18.787266 4e-06 1e-06 10.751623 -0.479867 1.397907 0.0 1e-06 0.0 3.273806 0.305946 -0.580112 21.486801 11.830372 2.26613 8.162922 2e-06 -1e-06 18.399075 -3.798984 -4.940569 2e-06 -1e-06 -3e-06 -8.511939 1.517929 -30.535133 0.096106 0.092747 11.734519 1.534233 9.377721 13.327261 1.696962 -2.118875 -2.987538 -0.0 -0.0 2e-06 -4.758817 -4.026702 14.636285 -0.079566 0.066671 26.360224 0.361157 6.018355 2.234489 -1.51487 0.699389 -29.72847 0.0 -0.0 -1e-06 
0.0 0.0 0.0 0.0 -0.0 0.0 -12.763621 95.181862 320.21167 4.762281 -8.086267 0.265838 -2.428911 0.007955 -3.282678 -0.95639 1.827396 -6.176221 -2.816631 -0.319547 11.964068 -2.526649 3.620929 0.572445 -0.858814 0.318373 -3.546295 1.381971 -0.855632 -4.348697 7.7e-05 -2.2e-05 6e-06 0.034935 -0.02391 -0.004943 0.77638 -3.715887 -10.525374 -0.718534 3.664909 -10.591426 -18.032459 -4.477335 14.938848 -60.978153 -0.236379 7.945284 0.114807 -22.776592 0.088322 2.16521 -0.20496 3.570233 -5.882108 9.86129 0.70259 -10.936873 -0.360573 7.156208 -1e-06 8.774828 -1e-06 -16.605782 17.990541 5.486897 -1.844033 2.498505 -2.507276 -10.163601 4.678948 4.62111 -20.976027 -1e-06 2e-06 -21.226294 2.451699 -3.594002 1e-06 -6e-06 -0.0 -1.362682 2.240799 -0.746323 -21.334917 0.584912 3.008325 -13.821218 -2e-06 2e-06 -23.887175 -0.249077 -0.839483 -60.570522 2.65491 -1.339854 -0.294025 1.679688 0.833256 -14.21821 0.093216 1.300581 -34.212048 -0.287561 0.967172 -20.033218 0.964537 1.212843 0.0 -1e-06 -1e-06 -3.440389 0.788234 0.501656 -15.928189 -3.167309 2.99971 -6.338827 -1e-06 1e-06 -18.123453 3.648186 -4.905672 -3e-06 1e-06 -2e-06 15.335893 12.953894 17.024126 54.041306 21.389336 18.520252 -0.163634 26.983358 0.081737 -9.105571 5.085812 -6.182924 2.24354 -5.255035 -3.180156 14.282884 -0.826593 6.952497 -4e-06 -12.690601 0.0 15.873643 -17.774311 2.819001 1.665666 -1.95592 -2.878298 4.727797 -4.170586 4.993922 11.020522 4e-06 -4e-06 12.10905 -3.735712 -2.866785 0.0 -0.0 2e-06 1.291986 -1.92855 -1.498088 14.800125 0.567469 3.865604 14.242568 -1.341735 -6.660658 19.631962 0.14393 -0.648247 50.044254 -0.530346 -6.39712 0.353028 -1.51115 -0.031938 20.222784 3.68431 2.316625 18.78727 6e-06 -4e-06 10.751624 -0.479867 1.397904 1e-06 3e-06 -1e-06 3.273806 0.305947 -0.580111 21.486809 11.830376 2.266128 8.162923 2e-06 -2e-06 18.399076 -3.79898 -4.940576 3e-06 0.0 -0.0 -9.889993 0.582655 -28.653502 -0.032826 0.052961 17.37112 3.376652 8.639761 10.167438 1.618207 -2.059661 -1.572839 0.0 -0.0 2e-06 -6.545522 -3.315537 9.90998 0.071414 0.20665 39.003853 4.830462 5.769862 17.377649 -1.361392 0.554256 -29.119579 -0.0 1e-06 -4e-06 
0.0 0.0 0.0 0.0 -0.0 0.0 -12.925795 95.841171 325.493683 5.548465 -8.202546 -0.981182 -2.680726 -0.026996 -2.478614 -1.01263 2.033996 -5.797864 -3.106733 -0.435356 11.73303 -3.241984 3.951729 1.105088 -0.806 0.191815 -3.585136 1.506398 -0.766573 -4.470583 7.7e-05 -2.3e-05 6e-06 0.035886 0.083303 0.028416 0.766115 -3.623512 -10.542757 -0.707279 3.785287 -10.578429 -17.364948 -4.64028 14.979198 -61.255577 -1.251391 8.132577 0.389411 -23.915426 0.036322 2.0763 0.029467 2.399723 -5.882108 9.861286 0.70259 -10.936875 -0.360575 7.156208 1e-06 8.774826 -1e-06 -16.617046 17.916325 5.505948 -1.844033 2.498505 -2.507278 -10.163603 4.678946 4.62111 -20.97603 -3e-06 4e-06 -21.226292 2.451696 -3.593999 1e-06 -4e-06 -0.0 -1.362682 2.240798 -0.746324 -21.334921 0.584908 3.008326 -13.821217 -4e-06 2e-06 -23.887175 -0.249077 -0.839481 -60.456486 2.553466 -1.353135 -0.294025 1.679687 0.833256 -14.218214 0.093214 1.300582 -34.212063 -0.287566 0.967174 -20.03322 0.964537 1.212847 -0.0 0.0 -0.0 -3.44039 0.788233 0.501658 -15.928192 -3.16731 2.999709 -6.338829 -2e-06 1e-06 -18.123455 3.648183 -4.905669 -3e-06 -0.0 -1e-06 14.076837 13.249132 17.2638 56.699955 20.254393 20.421957 0.199527 23.856888 0.129588 -6.390608 3.55195 -6.098362 2.243543 -5.255038 -3.180159 14.282896 -0.826594 6.952504 -3e-06 -12.690607 2e-06 16.075174 -17.545139 2.786934 1.665666 -1.955922 -2.878298 4.7278 -4.170588 4.993928 11.020531 2e-06 -1e-06 12.109056 -3.735716 -2.866782 0.0 -0.0 -0.0 1.291985 -1.928548 -1.49809 14.800136 0.567465 3.86561 14.242579 -1.341736 -6.660659 19.631975 0.143924 -0.648241 49.82756 -0.496468 -6.351683 0.353029 -1.51115 -0.031938 20.222803 3.684311 2.316633 18.787287 5e-06 0.0 10.751636 -0.479868 1.397906 0.0 3e-06 -1e-06 3.273809 0.305947 -0.580111 21.486824 11.830376 2.266132 8.16293 1e-06 -2e-06 18.399092 -3.798985 -4.940578 4e-06 0.0 -1e-06 -10.941504 0.62873 -25.12636 -0.008906 0.17193 20.076994 3.924576 8.454615 4.793827 1.639622 -2.009685 -1.526759 -0.0 -0.0 2e-06 -8.088199 -1.230378 3.71509 0.107734 0.440424 50.919315 11.805124 5.760224 32.723282 -0.938923 0.819174 -8.61435 -0.0 0.0 -1e-06 
0.0 0.0 0.0 0.0 -0.0 0.0 -13.044707 96.764267 330.434814 6.300259 -8.859072 -1.958017 -2.952027 0.04093 -2.02162 -1.145654 1.914864 -5.604691 -3.091112 -0.512491 11.779438 -4.1016 4.422698 1.695325 -0.555539 0.429169 -3.597075 1.422194 -0.41054 -4.583953 7.7e-05 -2.3e-05 6e-06 0.038087 0.115993 0.058241 0.776196 -3.596435 -10.563931 -0.714105 3.824753 -10.584433 -18.036142 -4.271415 14.658346 -59.943256 -1.84451 7.634765 0.356153 -25.738789 0.02787 3.379858 -0.691042 0.61376 -5.88211 9.861291 0.70259 -10.936878 -0.360574 7.15621 -0.0 8.77483 -1e-06 -16.406315 18.115467 5.67819 -1.844034 2.498506 -2.507279 -10.163606 4.678948 4.621112 -20.97604 -3e-06 0.0 -21.226301 2.451697 -3.594005 0.0 -5e-06 0.0 -1.362683 2.240799 -0.746325 -21.334929 0.584911 3.008324 -13.821224 -3e-06 1e-06 -23.887186 -0.249079 -0.839486 -60.287445 2.547246 -1.476845 -0.294024 1.679688 0.833257 -14.218218 0.093216 1.300579 -34.212074 -0.287562 0.967171 -20.033226 0.964537 1.212841 0.0 1e-06 -0.0 -3.440391 0.788234 0.501656 -15.9282 -3.16731 2.999708 -6.33883 -1e-06 -1e-06 -18.123459 3.648185 -4.905674 -3e-06 0.0 -2e-06 14.119534 13.518576 17.559343 57.330257 19.36919 24.055477 0.693572 21.139948 0.132451 -3.292021 2.68172 -4.379638 2.243544 -5.255039 -3.180158 14.282898 -0.826597 6.952503 -0.0 -12.690609 1e-06 16.331984 -17.48427 2.576562 1.665669 -1.955922 -2.878299 4.727803 -4.17059 4.993923 11.020535 -0.0 -0.0 12.10906 -3.735719 -2.866786 -0.0 0.0 1e-06 1.291986 -1.92855 -1.49809 14.800136 0.567466 3.86561 14.242582 -1.341738 -6.660661 19.631981 0.143923 -0.648245 49.91502 -0.587768 -6.422981 0.353029 -1.511151 -0.031939 20.222803 3.684307 2.31663 18.787287 1e-06 -0.0 10.751634 -0.479869 1.397904 1e-06 2e-06 -1e-06 3.273808 0.305947 -0.580111 21.486824 11.830373 2.266132 8.162933 2e-06 -3e-06 18.399096 -3.798987 -4.940579 1e-06 -2e-06 0.0 -11.932557 0.725514 -20.212168 0.128875 0.27468 18.877409 4.185879 9.182076 1.875751 1.60336 -2.029343 -1.141202 0.0 -0.0 2e-06 -9.302827 0.472168 -2.838715 0.166881 0.299016 61.178619 10.458529 5.158046 29.523039 -1.015684 0.877006 -4.77537 -0.0 0.0 -0.0 
0.0 0.0 0.0 0.0 -0.0 0.0 -13.213287 97.802498 335.117859 6.243691 -9.186629 -2.772434 -2.884463 -0.024219 -1.663266 -1.1532 1.539778 -5.448299 -2.772986 -0.617549 11.926052 -4.587868 4.748352 2.360303 -0.457143 0.655171 -3.583227 1.293304 -0.021281 -4.558658 7.7e-05 -2.2e-05 6e-06 0.03583 0.084559 0.05276 0.778417 -3.62818 -10.576175 -0.720494 3.795257 -10.612767 -18.389967 -4.059886 14.414711 -58.7304 -2.778957 6.822908 0.050839 -27.130989 0.085651 4.925081 -1.352652 -0.17982 -5.882107 9.861286 0.702592 -10.936872 -0.360574 7.156206 -0.0 8.774827 -2e-06 -16.238144 18.314047 5.793075 -1.844032 2.498504 -2.507277 -10.163599 4.678946 4.621111 -20.976021 -2e-06 3e-06 -21.226286 2.451698 -3.593998 1e-06 -6e-06 0.0 -1.362682 2.240799 -0.746324 -21.334913 0.58491 3.008326 -13.821213 -2e-06 3e-06 -23.887167 -0.249076 -0.839482 -60.257359 2.553175 -1.530558 -0.294025 1.679688 0.833257 -14.218208 0.093214 1.30058 -34.212048 -0.287563 0.967171 -20.033215 0.96454 1.212845 0.0 0.0 1e-06 -3.440388 0.788233 0.501657 -15.928185 -3.16731 2.99971 -6.338826 -1e-06 2e-06 -18.123446 3.648185 -4.90567 -5e-06 -0.0 -1e-06 13.958304 13.378655 17.761045 58.125271 18.231791 26.83742 0.883654 19.632988 0.099438 -1.533946 2.080747 -2.774725 2.24354 -5.255034 -3.180158 14.282883 -0.826594 6.952497 -2e-06 -12.690598 0.0 16.421696 -17.485474 2.433602 1.665666 -1.955921 -2.878299 4.727797 -4.170587 4.993921 11.02052 2e-06 0.0 12.109046 -3.735715 -2.866781 -0.0 1e-06 1e-06 1.291985 -1.928548 -1.498088 14.800122 0.567467 3.865605 14.242565 -1.341737 -6.660656 19.631958 0.143924 -0.648246 50.141693 -0.611196 -6.40362 0.353029 -1.511149 -0.03194 20.222778 3.684309 2.316629 18.787266 3e-06 0.0 10.751623 -0.479869 1.397907 -0.0 1e-06 -1e-06 3.273805 0.305948 -0.580111 21.486807 11.830369 2.266131 8.162924 3e-06 -0.0 18.399076 -3.798983 -4.940572 3e-06 -1e-06 -1e-06 -12.121222 0.853019 -14.357247 0.179248 0.252611 15.316575 4.475409 9.692818 0.435787 1.586121 -2.097269 -0.975947 0.0 -0.0 2e-06 -9.160012 1.287502 -9.163201 0.141961 0.049736 67.817818 4.965098 1.517369 21.343454 -1.170002 0.884901 -4.301111 -1e-06 -0.0 -1e-06 
0.0 0.0 0.0 0.0 -0.0 0.0 -13.483945 98.714325 339.708984 5.383777 -8.773208 -3.448594 -2.615663 -0.20846 -1.230122 -1.038089 1.01398 -5.233567 -2.203772 -1.122026 11.881931 -4.482371 4.836836 3.220108 -0.380352 0.875649 -3.565364 1.185694 0.361794 -4.409323 7.7e-05 -2.3e-05 6e-06 0.029245 0.058873 0.041558 0.775132 -3.653954 -10.596772 -0.728629 3.770881 -10.640268 -17.540489 -4.292695 14.36556 -58.521259 -3.825036 6.302573 -0.273881 -28.484713 0.154778 5.736192 -1.573097 -0.315429 -5.882107 9.861286 0.702588 -10.936873 -0.360575 7.156206 1e-06 8.774826 -2e-06 -16.049721 18.414116 5.965156 -1.844033 2.498504 -2.507277 -10.163599 4.678944 4.621107 -20.976025 -5e-06 1e-06 -21.226286 2.451695 -3.594002 1e-06 -5e-06 -0.0 -1.362681 2.240797 -0.746325 -21.334915 0.584909 3.008322 -13.821215 -3e-06 -0.0 -23.887175 -0.249081 -0.839486 -60.32328 2.639222 -1.454857 -0.294024 1.679687 0.833257 -14.21821 0.093215 1.300579 -34.212051 -0.287564 0.967166 -20.033215 0.964533 1.212843 0.0 1e-06 0.0 -3.440389 0.788233 0.501655 -15.928187 -3.16731 2.999705 -6.338827 -1e-06 -2e-06 -18.123449 3.648181 -4.905674 -4e-06 -1e-06 -2e-06 13.299879 12.75611 17.757444 59.390953 16.57724 27.877884 0.794135 19.466534 0.071909 -1.148814 1.828613 -2.606151 2.243541 -5.255035 -3.180157 14.282887 -0.826596 6.952503 -2e-06 -12.690601 1e-06 16.480518 -17.492393 2.372974 1.665666 -1.95592 -2.878297 4.727797 -4.170585 4.993923 11.020524 3e-06 2e-06 12.109049 -3.735715 -2.866785 -0.0 -0.0 -1e-06 1.291985 -1.92855 -1.498091 14.800125 0.567468 3.865608 14.242568 -1.341737 -6.660653 19.631958 0.143924 -0.648245 50.139736 -0.527321 -6.381912 0.353029 -1.511151 -0.031941 20.222786 3.684309 2.31663 18.78727 4e-06 1e-06 10.751624 -0.479869 1.397907 -1e-06 -0.0 -0.0 3.273805 0.305947 -0.580112 21.486805 11.830371 2.266131 8.162925 3e-06 -0.0 18.399076 -3.798984 -4.940573 3e-06 -1e-06 -1e-06 -11.466666 1.126833 -8.603578 0.131627 0.144283 11.855772 4.526278 9.358685 -0.508209 1.587074 -2.100025 -0.907478 0.0 -0.0 2e-06 -7.798364 1.308574 -14.562699 0.090427 -0.133897 70.1884 0.71184 -2.362524 15.36462 -1.285978 0.876131 -4.294353 -0.0 -0.0 -1e-06 
0.0 0.0 0.0 0.0 -0.0 0.0 -13.885462 99.312798 344.404694 4.103547 -7.661256 -3.877586 -2.354138 -0.430375 -0.80757 -0.894011 0.373779 -5.051234 -1.521456 -1.904909 11.721348 -3.749846 4.5875 4.11352 -0.290041 1.071035 -3.549131 1.153557 0.61335 -4.27798 7.7e-05 -2.2e-05 6e-06 0.024379 0.053021 0.03135 0.773791 -3.661162 -10.622972 -0.734553 3.766941 -10.662347 -16.016384 -4.959366 14.426425 -58.647606 -4.654957 6.182198 -0.581613 -30.333086 0.26924 5.865198 -1.54736 -0.334483 -5.88211 9.861286 0.702592 -10.93688 -0.360576 7.156211 3e-06 8.774827 -1e-06 -15.870521 18.458769 6.133987 -1.844034 2.498507 -2.50728 -10.163606 4.678945 4.621112 -20.97604 -7e-06 3e-06 -21.226301 2.451693 -3.593999 1e-06 -6e-06 0.0 -1.362682 2.240799 -0.746323 -21.334929 0.584906 3.008324 -13.821223 -5e-06 2e-06 -23.887184 -0.249083 -0.83948 -60.367966 2.763439 -1.358655 -0.294025 1.679687 0.833256 -14.218221 0.093212 1.300581 -34.212082 -0.28757 0.967173 -20.03323 0.964535 1.212847 -0.0 0.0 -1e-06 -3.440391 0.788233 0.501656 -15.928201 -3.167312 2.999708 -6.338831 -2e-06 0.0 -18.123461 3.64818 -4.90567 -5e-06 1e-06 -3e-06 12.842474 11.691004 17.64031 60.339252 14.421206 27.480631 0.611699 20.397385 0.071014 -1.466292 1.969892 -3.401957 2.243541 -5.255037 -3.180157 14.282894 -0.826592 6.952506 -6e-06 -12.690607 2e-06 16.474859 -17.510271 2.378053 1.665666 -1.955921 -2.878298 4.727798 -4.170588 4.993927 11.020528 5e-06 0.0 12.109054 -3.735714 -2.866785 -0.0 0.0 0.0 1.291985 -1.928549 -1.49809 14.800134 0.567472 3.865608 14.242573 -1.341731 -6.660659 19.631973 0.143931 -0.648242 49.992821 -0.466871 -6.399015 0.353029 -1.51115 -0.031939 20.222799 3.684315 2.316633 18.787279 8e-06 3e-06 10.751629 -0.479867 1.397909 -1e-06 2e-06 -1e-06 3.273807 0.305949 -0.580111 21.48682 11.830381 2.266134 8.162928 4e-06 -0.0 18.399082 -3.798982 -4.940571 4e-06 0.0 -3e-06 -10.236388 1.454825 -2.994905 0.073603 0.050033 8.504653 4.284334 8.2119 -1.852542 1.598764 -2.042052 -0.885738 0.0 0.0 2e-06 -5.911512 0.782469 -19.041592 0.005876 -0.294854 68.912491 -1.437907 -4.802166 11.489686 -1.347638 0.839991 -4.473594 0.0 0.0 -1e-06 
0.0 0.0 0.0 0.0 -0.0 0.0 -14.399563 99.558563 349.149323 2.8785 -6.076734 -3.958215 -2.227948 -0.61319 -0.559467 -0.810893 -0.315659 -4.980154 -0.937038 -2.740057 11.635682 -2.546862 4.050482 4.760979 -0.224991 1.279688 -3.549583 1.26216 0.5401 -4.264656 7.7e-05 -2.2e-05 6e-06 0.022469 0.043143 0.019834 0.770306 -3.67035 -10.645529 -0.732456 3.756902 -10.674647 -14.466719 -5.952794 14.522352 -58.417271 -5.305612 6.48472 -0.741641 -32.686123 0.371157 5.652024 -1.517409 -0.508495 -5.882111 9.861292 0.702589 -10.936881 -0.360576 7.156212 1e-06 8.774831 1e-06 -15.699583 18.511246 6.319671 -1.844035 2.498507 -2.50728 -10.163608 4.678947 4.621112 -20.976044 -6e-06 1e-06 -21.226305 2.451696 -3.594002 2e-06 -5e-06 -0.0 -1.362683 2.240798 -0.746322 -21.334932 0.584907 3.008326 -13.821227 -4e-06 0.0 -23.88719 -0.249082 -0.839483 -60.420906 2.851639 -1.218721 -0.294025 1.679689 0.833256 -14.218223 0.093213 1.300582 -34.212082 -0.287569 0.967172 -20.033232 0.964535 1.212845 0.0 -0.0 -1e-06 -3.440392 0.788233 0.501657 -15.928201 -3.167312 2.999709 -6.338832 -3e-06 1e-06 -18.123463 3.64818 -4.905676 -5e-06 1e-06 -2e-06 13.040743 10.306438 17.583982 60.541363 12.131097 26.503061 0.415737 21.904118 0.064712 -1.866462 2.275441 -4.442319 2.243541 -5.255037 -3.180161 14.282894 -0.826592 6.952505 -5e-06 -12.690609 -3e-06 16.46484 -17.576893 2.419334 1.665666 -1.955921 -2.8783 4.727798 -4.170588 4.993925 11.020528 5e-06 -2e-06 12.109053 -3.735714 -2.866785 -0.0 -0.0 -0.0 1.291986 -1.92855 -1.498089 14.800134 0.567471 3.865609 14.242576 -1.341734 -6.660657 19.631971 0.143929 -0.648241 49.883297 -0.491106 -6.443844 0.353029 -1.511151 -0.031939 20.222792 3.684313 2.316633 18.787273 7e-06 2e-06 10.751628 -0.479867 1.397907 -1e-06 1e-06 -1e-06 3.273807 0.305947 -0.580111 21.486818 11.830382 2.266137 8.162928 3e-06 -0.0 18.399086 -3.798984 -4.940572 5e-06 1e-06 -2e-06 -8.844142 1.63425 2.088764 0.038257 0.029808 5.43514 3.902322 6.615674 -3.433512 1.617589 -1.953901 -0.829159 0.0 -0.0 2e-06 -4.132919 0.125188 -22.875294 -0.115244 -0.392428 64.42701 -1.783078 -5.925001 8.873443 -1.396033 0.825872 -4.622999 -0.0 0.0 -2e-06 
0.0 0.0 0.0 0.0 -0.0 0.0 -14.93979 99.460999 353.715179 2.066858 -4.382156 -3.741321 -2.291862 -0.708602 -0.506781 -0.818793 -1.003814 -4.985089 -0.586877 -3.443786 11.653075 -1.153199 3.385906 5.055429 -0.233836 1.427709 -3.578815 1.505208 0.25154 -4.468747 7.7e-05 -2.3e-05 6e-06 0.021652 0.018267 0.009762 0.756085 -3.693744 -10.656077 -0.718146 3.731234 -10.669593 -13.18138 -7.05587 14.626325 -57.726807 -5.984736 6.930031 -0.750487 -35.0947 0.415808 5.460818 -1.581086 -0.859565 -5.882108 9.861288 0.70259 -10.936872 -0.360575 7.156206 -0.0 8.774826 1e-06 -15.533439 18.553244 6.480155 -1.844033 2.498505 -2.507276 -10.163601 4.678946 4.621107 -20.976023 -4e-06 -1e-06 -21.226286 2.451698 -3.594001 2e-06 -6e-06 -2e-06 -1.362682 2.240798 -0.746324 -21.334915 0.584911 3.008323 -13.821215 -3e-06 -1e-06 -23.887173 -0.249079 -0.839487 -60.469681 2.902444 -1.063863 -0.294024 1.679687 0.833258 -14.218208 0.093214 1.30058 -34.212051 -0.287563 0.967167 -20.033213 0.964537 1.212842 -0.0 -1e-06 1e-06 -3.440388 0.788233 0.501656 -15.928187 -3.167308 2.999706 -6.338827 -0.0 -1e-06 -18.123451 3.648182 -4.905671 -3e-06 1e-06 -2e-06 13.667319 8.886214 17.611809 60.339485 10.131887 25.628998 0.226828 23.251394 0.040403 -2.134022 2.47804 -5.252439 2.243544 -5.255041 -3.18016 14.2829 -0.826597 6.952507 -1e-06 -12.690613 0.0 16.499157 -17.677023 2.428489 1.665667 -1.955924 -2.8783 4.727801 -4.170591 4.993928 11.020534 2e-06 -0.0 12.109059 -3.735718 -2.866786 0.0 -0.0 -1e-06 1.291986 -1.928551 -1.49809 14.800136 0.567466 3.865611 14.242582 -1.341738 -6.660662 19.631977 0.143925 -0.648245 49.858475 -0.544324 -6.500854 0.353029 -1.511151 -0.03194 20.222803 3.68431 2.316633 18.787287 2e-06 1e-06 10.751634 -0.47987 1.397907 -1e-06 -1e-06 -1e-06 3.273808 0.305946 -0.580113 21.486828 11.83038 2.266135 8.162935 1e-06 1e-06 18.399096 -3.79899 -4.940578 4e-06 -0.0 -2e-06 -7.748236 1.595169 6.131866 0.014037 0.063604 3.249161 3.581647 5.091938 -5.126822 1.638964 -1.890241 -0.694231 0.0 0.0 2e-06 -2.898511 -0.309737 -25.980978 -0.187638 -0.335923 56.97562 -1.079294 -6.607204 7.161002 -1.432588 0.85593 -4.610144 -0.0 1e-06 -2e-06 
0.0 0.0 0.0 0.0 -0.0 0.0 -15.445559 99.052994 358.117188 1.792617 -2.857046 -3.324106 -2.52334 -0.755143 -0.620889 -0.871478 -1.632928 -5.009098 -0.553629 -3.934003 11.738222 0.201706 2.70828 5.035689 -0.328294 1.412867 -3.601174 1.781655 -0.043145 -4.836104 7.7e-05 -2.3e-05 6e-06 0.016117 -6e-05 0.01297 0.735368 -3.714621 -10.653702 -0.707722 3.715533 -10.656991 -12.225679 -8.055264 14.779882 -56.772938 -6.863488 7.296423 -0.649135 -37.022263 0.40152 5.446683 -1.655191 -1.120546 -5.882113 9.861297 0.702592 -10.936885 -0.360577 7.15621 2e-06 8.774837 1e-06 -15.417047 18.547899 6.563483 -1.844035 2.498507 -2.507281 -10.163613 4.678948 4.621111 -20.976053 -8e-06 -2e-06 -21.226316 2.451698 -3.594005 2e-06 -6e-06 -0.0 -1.362684 2.240801 -0.746323 -21.334944 0.584908 3.008322 -13.821235 -6e-06 -2e-06 -23.887205 -0.249085 -0.839485 -60.501652 2.919167 -0.948644 -0.294025 1.679689 0.833257 -14.218227 0.093212 1.300579 -34.212097 -0.287571 0.967167 -20.033241 0.964531 1.212845 -0.0 -1e-06 -0.0 -3.440392 0.788234 0.501655 -15.928206 -3.167316 2.999707 -6.338835 -3e-06 0.0 -18.12347 3.648185 -4.905678 -3e-06 1e-06 -0.0 14.319105 7.67404 17.608528 60.222305 8.548164 25.079735 0.076518 23.954212 0.018274 -2.336511 2.518074 -5.733042 2.243543 -5.255041 -3.18016 14.282905 -0.826594 6.952507 -4e-06 -12.690618 2e-06 16.547909 -17.74227 2.383274 1.665668 -1.955924 -2.878302 4.727803 -4.170591 4.993927 11.020538 4e-06 -0.0 12.109062 -3.735718 -2.866785 0.0 -0.0 -1e-06 1.291987 -1.92855 -1.498091 14.800144 0.56747 3.86561 14.242586 -1.341735 -6.660662 19.631987 0.143928 -0.648243 49.88644 -0.549932 -6.543735 0.353029 -1.511152 -0.03194 20.222813 3.684314 2.316633 18.787291 7e-06 1e-06 10.751637 -0.479869 1.397907 -2e-06 0.0 0.0 3.27381 0.305947 -0.580112 21.486834 11.830388 2.266137 8.162935 2e-06 -1e-06 18.399101 -3.798989 -4.940581 4e-06 1e-06 0.0 -7.179553 1.372267 9.203062 -0.013629 0.117372 2.206617 3.383925 3.994122 -7.133009 1.656583 -1.879421 -0.583978 0.0 -0.0 2e-06 -2.421697 -0.504421 -27.92947 -0.129853 -0.142293 46.690113 -0.373451 -7.444041 6.755908 -1.449499 0.907899 -4.597213 0.0 0.0 -1e-06 
0.0 0.0 0.0 0.0 -0.0 0.0 -15.911148 98.433846 362.511047 1.891348 -1.526746 -2.751957 -2.802368 -0.814887 -0.844507 -0.906108 -2.11516 -5.088207 -0.781727 -4.24543 11.864897 1.371079 2.120625 4.784457 -0.443587 1.227818 -3.580694 2.017671 -0.317215 -5.254862 7.7e-05 -2.3e-05 6e-06 0.004144 -0.009613 0.023863 0.719294 -3.731124 -10.669029 -0.715479 3.712508 -10.675199 -11.582616 -8.895355 14.977115 -55.741982 -7.956189 7.510191 -0.509543 -38.226501 0.367215 5.58307 -1.693879 -0.931092 -5.882111 9.861292 0.702592 -10.936876 -0.360574 7.156203 -0.0 8.774831 0.0 -15.385952 18.482706 6.524714 -1.844033 2.498504 -2.507279 -10.163606 4.67895 4.621109 -20.976038 -2e-06 -1e-06 -21.226305 2.451698 -3.594006 1e-06 -4e-06 -2e-06 -1.362682 2.240798 -0.746324 -21.334925 0.58491 3.008318 -13.82122 -2e-06 -2e-06 -23.887184 -0.249082 -0.839488 -60.567074 2.887621 -0.934956 -0.294024 1.679687 0.833259 -14.218217 0.093216 1.30058 -34.21207 -0.287564 0.967165 -20.033226 0.964535 1.21284 1e-06 -1e-06 -0.0 -3.440389 0.788233 0.501653 -15.928192 -3.167309 2.999704 -6.338829 -0.0 -0.0 -18.123457 3.648186 -4.905677 -3e-06 1e-06 -1e-06 14.80691 6.719108 17.523571 60.324436 7.274636 25.059423 -0.108803 23.947128 -0.00705 -2.303545 2.429827 -6.077913 2.243542 -5.255039 -3.180158 14.282896 -0.826596 6.952506 -2e-06 -12.690612 -1e-06 16.537783 -17.761076 2.346668 1.665667 -1.955922 -2.878299 4.727801 -4.170589 4.993926 11.020531 2e-06 -2e-06 12.109056 -3.735718 -2.866785 0.0 0.0 -1e-06 1.291986 -1.92855 -1.49809 14.800136 0.567468 3.865609 14.242579 -1.341738 -6.660661 19.631975 0.143925 -0.648244 49.973587 -0.512768 -6.537558 0.353029 -1.511151 -0.03194 20.222801 3.684311 2.316632 18.787283 5e-06 -0.0 10.751634 -0.479869 1.397907 -2e-06 -1e-06 1e-06 3.273808 0.305947 -0.580111 21.486824 11.83038 2.266134 8.16293 0.0 -0.0 18.399092 -3.798989 -4.940578 3e-06 1e-06 -0.0 -6.987501 0.976837 11.741186 -0.041804 0.238039 1.927143 3.20251 3.298233 -9.00985 1.671719 -1.921499 -0.655954 -0.0 -0.0 2e-06 -2.577588 -0.605324 -28.526196 -0.0143 0.018179 33.376354 -0.145972 -8.063758 7.569292 -1.463966 0.992256 -4.570014 -0.0 0.0 -1e-06 
0.0 0.0 0.0 0.0 -0.0 0.0 -16.376904 97.624153 367.016937 2.245921 -0.361927 -2.157353 -3.08902 -0.872481 -1.105476 -0.955986 -2.366888 -5.255413 -1.123265 -4.486372 11.998615 2.317165 1.757405 4.455662 -0.521947 0.912586 -3.538795 2.171266 -0.714465 -5.687037 7.7e-05 -2.3e-05 6e-06 -0.009846 0.004105 0.032912 0.715619 -3.721247 -10.703804 -0.739914 3.730848 -10.718035 -11.085034 -9.617352 15.227069 -55.062458 -9.071227 7.489866 -0.335793 -38.763916 0.283302 5.706343 -1.665151 -0.266692 -5.882109 9.861291 0.702591 -10.936877 -0.360575 7.156207 1e-06 8.77483 -1e-06 -15.376842 18.465706 6.495617 -1.844034 2.498505 -2.507279 -10.163602 4.678948 4.621111 -20.97603 -5e-06 1e-06 -21.226294 2.451697 -3.594002 0.0 -5e-06 -2e-06 -1.362682 2.240798 -0.746323 -21.334923 0.584907 3.00832 -13.82122 -5e-06 1e-06 -23.88718 -0.249081 -0.839484 -60.65189 2.823667 -1.041357 -0.294024 1.679688 0.833255 -14.218215 0.093215 1.300579 -34.212063 -0.287568 0.967168 -20.033222 0.964534 1.212843 0.0 -1e-06 -0.0 -3.440391 0.788234 0.501656 -15.928192 -3.167312 2.999707 -6.338828 -2e-06 0.0 -18.123453 3.648183 -4.905676 -4e-06 1e-06 -2e-06 15.074858 6.07773 17.51104 60.630669 6.318629 25.400541 -0.284904 23.234533 -0.008928 -1.868288 2.361302 -6.076443 2.243543 -5.255039 -3.18016 14.282902 -0.826595 6.952507 -3e-06 -12.690611 -1e-06 16.53039 -17.816259 2.35789 1.665667 -1.955922 -2.878299 4.727802 -4.170588 4.993927 11.020535 3e-06 -0.0 12.109059 -3.735717 -2.866784 0.0 -0.0 -1e-06 1.291986 -1.928551 -1.49809 14.80014 0.567468 3.865611 14.242584 -1.341737 -6.660661 19.631985 0.143925 -0.648242 50.222561 -0.454543 -6.50284 0.353029 -1.511152 -0.03194 20.222805 3.684313 2.316633 18.787289 6e-06 0.0 10.751637 -0.479868 1.397908 -1e-06 -1e-06 1e-06 3.27381 0.305947 -0.58011 21.486832 11.830382 2.266135 8.162934 1e-06 -2e-06 18.399096 -3.798985 -4.940579 3e-06 1e-06 -1e-06 -6.915977 0.807352 14.20339 -0.050458 0.344625 2.026032 2.944026 2.417213 -10.820863 1.692935 -1.983443 -1.117671 -0.0 0.0 2e-06 -3.046706 -0.912299 -27.658419 0.11826 0.016301 17.958723 0.59892 -7.73762 7.558181 -1.440422 1.077029 -4.533097 0.0 0.0 -1e-06 
0.0 0.0 0.0 0.0 -0.0 0.0 -16.904602 96.699699 371.791229 2.578087 0.461926 -1.40978 -3.26512 -0.894445 -1.590827 -1.020224 -2.454591 -5.453494 -1.386999 -4.579213 12.038096 3.110377 1.589751 4.029086 -0.620225 0.470553 -3.510073 2.212964 -1.268553 -5.83727 7.7e-05 -2.2e-05 6e-06 -0.006291 0.032911 0.012743 0.721859 -3.699277 -10.743708 -0.739288 3.769644 -10.767492 -10.951278 -10.107625 15.163126 -54.570518 -9.654119 7.55927 -0.116027 -38.983437 0.240849 5.785923 -1.557707 0.601166 -5.882107 9.861288 0.702591 -10.936876 -0.360575 7.156208 1e-06 8.77483 -1e-06 -15.37166 18.457384 6.468088 -1.844033 2.498506 -2.507279 -10.163603 4.678946 4.62111 -20.976034 -4e-06 3e-06 -21.226295 2.451698 -3.594004 1e-06 -5e-06 0.0 -1.362681 2.240798 -0.746324 -21.334921 0.584908 3.008323 -13.821219 -2e-06 1e-06 -23.88718 -0.249081 -0.839481 -60.490723 2.769327 -1.280318 -0.294025 1.679689 0.833257 -14.218215 0.093215 1.300578 -34.212067 -0.287567 0.967171 -20.033226 0.964535 1.212844 1e-06 -0.0 0.0 -3.44039 0.788233 0.501657 -15.928192 -3.167311 2.999707 -6.338829 -1e-06 -0.0 -18.123457 3.648181 -4.905674 -4e-06 -0.0 -3e-06 15.700389 5.688467 17.365313 60.418289 5.169533 25.962427 -0.361846 22.267715 0.031046 -1.044636 2.026453 -4.993558 2.243542 -5.255037 -3.180157 14.282896 -0.826596 6.952506 -2e-06 -12.690608 1e-06 16.457394 -17.801567 2.358055 1.665667 -1.955922 -2.878299 4.727801 -4.170589 4.993925 11.020529 2e-06 -0.0 12.109056 -3.735717 -2.866784 0.0 1e-06 -1e-06 1.291986 -1.92855 -1.49809 14.800132 0.567468 3.86561 14.242577 -1.341736 -6.660659 19.631973 0.143925 -0.648244 50.137001 -0.46947 -6.558866 0.353029 -1.511151 -0.031937 20.222801 3.68431 2.316632 18.787281 4e-06 0.0 10.751633 -0.479869 1.397905 -0.0 -0.0 1e-06 3.273808 0.305948 -0.58011 21.48682 11.830377 2.266133 8.16293 -0.0 1e-06 18.39909 -3.798986 -4.940578 4e-06 1e-06 0.0 -6.568846 1.075453 16.875761 -0.051438 0.382928 1.669802 2.76377 0.797814 -11.687829 1.760328 -1.924933 -1.891644 0.0 -0.0 2e-06 -3.273381 -1.177286 -26.699316 0.140689 0.013581 4.2713 2.809052 -7.52048 5.236529 -1.348006 1.150807 -4.458578 -0.0 -0.0 -2e-06 
0.0 0.0 0.0 0.0 -0.0 0.0 -17.499126 95.836296 376.735413 2.688641 0.799896 -0.808202 -3.260506 -0.813449 -2.060684 -1.098794 -2.637041 -5.631954 -1.49079 -4.428668 12.091742 3.659459 1.506643 3.53124 -0.638915 0.309293 -3.51167 2.199314 -1.466771 -5.812861 7.7e-05 -2.2e-05 6e-06 -0.000412 0.004168 0.003869 0.704464 -3.731199 -10.740518 -0.70924 3.746962 -10.74663 -11.592759 -10.139469 14.922594 -53.832565 -9.594357 6.733052 -0.3604 -39.189541 0.232017 5.695382 -1.621898 1.802563 -5.88211 9.861292 0.702589 -10.93688 -0.360575 7.156208 2e-06 8.774833 0.0 -15.398523 18.431032 6.485375 -1.844035 2.498505 -2.507279 -10.163608 4.678947 4.621109 -20.976042 -9e-06 1e-06 -21.226305 2.451693 -3.594002 1e-06 -5e-06 -1e-06 -1.362682 2.240798 -0.746323 -21.33493 0.584907 3.008323 -13.821225 -6e-06 0.0 -23.887188 -0.249085 -0.839484 -60.497166 2.746765 -1.048641 -0.294026 1.67969 0.833256 -14.218221 0.093213 1.300578 -34.212078 -0.287571 0.967169 -20.03323 0.964532 1.212847 -0.0 -0.0 0.0 -3.440392 0.788235 0.501653 -15.928201 -3.167314 2.999707 -6.338832 -2e-06 0.0 -18.123465 3.64818 -4.905673 -4e-06 1e-06 -3e-06 16.84008 5.53344 17.184994 59.551567 4.262842 26.515265 -0.306334 20.980886 0.050335 -0.333645 1.658768 -3.805516 2.243543 -5.255039 -3.180159 14.2829 -0.826592 6.952505 -5e-06 -12.69061 0.0 16.455534 -17.654877 2.334382 1.665667 -1.955922 -2.878299 4.727801 -4.170588 4.993925 11.020535 5e-06 1e-06 12.109059 -3.735716 -2.866785 1e-06 -1e-06 -1e-06 1.291986 -1.92855 -1.49809 14.80014 0.567471 3.865608 14.242582 -1.341734 -6.660659 19.631985 0.143929 -0.648243 49.948532 -0.390219 -6.660467 0.353029 -1.511151 -0.031941 20.222807 3.684315 2.316631 18.787287 8e-06 0.0 10.751636 -0.479866 1.397907 -1e-06 1e-06 -0.0 3.273809 0.305948 -0.580112 21.486832 11.830386 2.266134 8.162935 3e-06 -1e-06 18.399096 -3.798983 -4.940578 3e-06 -0.0 -2e-06 -5.809882 1.587973 19.227209 -0.104766 0.271558 2.297919 2.029807 -0.722638 -11.54648 1.818853 -1.853485 -3.654071 0.0 0.0 2e-06 -2.475842 -1.915662 -27.412884 0.007834 0.124959 -0.970426 6.010034 -7.858259 0.788052 -1.279931 1.130293 -4.521284 0.0 0.0 -2e-06 
0.0 0.0 0.0 0.0 -0.0 0.0 -18.131338 95.145065 381.984711 2.218993 0.843886 -0.30473 -2.820737 -0.618317 -2.60645 -1.019998 -2.812626 -5.738926 -1.436535 -4.268645 12.152949 3.819392 1.406814 2.905457 -0.727986 0.392756 -3.500648 2.293108 -1.778385 -5.848502 7.7e-05 -2.2e-05 6e-06 -0.00427 -0.012461 0.023585 0.712 -3.748271 -10.690269 -0.723569 3.730348 -10.676525 -12.527152 -9.984024 14.951626 -53.660561 -9.035228 5.238529 -0.334264 -39.42313 0.086078 5.889597 -2.014248 2.517623 -5.882111 9.861292 0.70259 -10.93688 -0.360575 7.156209 1e-06 8.774831 0.0 -15.521091 18.346155 6.43422 -1.844035 2.498507 -2.50728 -10.163607 4.678946 4.621114 -20.97604 -2e-06 3e-06 -21.226303 2.451699 -3.594003 2e-06 -6e-06 -1e-06 -1.362683 2.240799 -0.746325 -21.33493 0.58491 3.008324 -13.821224 -3e-06 1e-06 -23.887188 -0.249079 -0.839483 -60.621269 2.756167 -0.958804 -0.294025 1.679688 0.833258 -14.218221 0.093214 1.300581 -34.212078 -0.287563 0.967173 -20.03323 0.964537 1.212844 1e-06 -1e-06 0.0 -3.440391 0.788233 0.501657 -15.928201 -3.167311 2.999707 -6.338833 -1e-06 1e-06 -18.123463 3.648185 -4.905674 -4e-06 1e-06 -2e-06 17.91576 5.578503 17.215902 58.502205 4.052964 27.428501 -0.173209 19.202517 0.08332 0.132635 1.311411 -3.265329 2.243543 -5.255039 -3.18016 14.282898 -0.826595 6.952507 -3e-06 -12.690609 -1e-06 16.585968 -17.537369 2.218855 1.665667 -1.955922 -2.8783 4.727801 -4.170589 4.993925 11.020534 4e-06 1e-06 12.109059 -3.735717 -2.866784 0.0 0.0 -1e-06 1.291986 -1.92855 -1.498091 14.800139 0.567469 3.865608 14.242582 -1.341735 -6.660661 19.631981 0.143927 -0.648245 49.855408 -0.274294 -6.645481 0.353029 -1.511152 -0.031937 20.222803 3.684313 2.31663 18.787287 5e-06 -2e-06 10.751637 -0.479867 1.397906 -1e-06 1e-06 -0.0 3.273809 0.305947 -0.580111 21.486828 11.830383 2.266133 8.162933 2e-06 -2e-06 18.399096 -3.798985 -4.940578 3e-06 0.0 -2e-06 -4.277173 2.32318 20.311625 -0.031411 -0.002503 5.62606 1.186493 -2.077996 -10.407823 1.886731 -1.86692 -7.51931 0.0 0.0 2e-06 -0.606405 -3.128872 -27.102329 0.053726 0.141917 -0.898704 7.01478 -7.653466 0.255155 -1.253917 1.172049 -5.171217 -0.0 0.0 -2e-06 
0.0 0.0 0.0 0.0 -0.0 0.0 -18.854731 94.876923 387.471375 -0.342662 0.557645 0.723035 -0.778451 -0.437262 -3.645154 -0.770436 -2.608011 -6.182212 -0.823049 -4.301435 12.4244 3.485453 1.637801 1.993152 -0.839825 0.132502 -3.500129 2.261035 -2.143545 -4.670997 7.7e-05 -2.3e-05 6e-06 -0.017204 -0.029968 0.017084 0.690782 -3.747983 -10.612034 -0.723966 3.695389 -10.609858 -15.062962 -9.43002 14.56285 -52.690102 -7.38186 3.723538 -0.018109 -39.688503 -0.241001 6.26801 -2.479889 2.378935 -5.88211 9.861291 0.70259 -10.93688 -0.360574 7.156209 1e-06 8.77483 2e-06 -15.543252 18.352528 6.43929 -1.844035 2.498504 -2.507278 -10.163608 4.678949 4.621109 -20.976042 -4e-06 1e-06 -21.226307 2.451698 -3.594004 1e-06 -6e-06 -0.0 -1.362682 2.240798 -0.746322 -21.334932 0.584911 3.008324 -13.821225 -3e-06 -2e-06 -23.88719 -0.249081 -0.839488 -60.445835 2.640377 -1.043188 -0.294025 1.679688 0.833256 -14.218219 0.093217 1.300579 -34.212074 -0.287566 0.967165 -20.03323 0.964534 1.21284 0.0 -1e-06 -0.0 -3.440392 0.788234 0.501654 -15.928201 -3.167314 2.999706 -6.338832 -0.0 1e-06 -18.123465 3.648184 -4.905672 -4e-06 1e-06 -2e-06 19.686539 5.764175 16.926716 56.476322 3.790401 28.235853 0.149961 17.420612 0.156913 0.621751 0.853292 -2.796531 2.243543 -5.255039 -3.180159 14.282902 -0.826596 6.952509 -2e-06 -12.69061 1e-06 16.412491 -17.496534 2.22463 1.665667 -1.955923 -2.878299 4.727802 -4.17059 4.993925 11.020534 2e-06 -1e-06 12.109059 -3.735718 -2.866785 -1e-06 -0.0 -1e-06 1.291986 -1.92855 -1.498089 14.800139 0.567467 3.865609 14.242581 -1.341738 -6.660661 19.631979 0.143925 -0.648246 49.827293 -0.278566 -6.654782 0.353029 -1.511151 -0.031942 20.222803 3.684311 2.31663 18.787287 4e-06 -1e-06 10.751636 -0.479868 1.397907 -1e-06 1e-06 -1e-06 3.273809 0.305947 -0.580109 21.486832 11.83038 2.266135 8.162933 1e-06 -2e-06 18.399099 -3.798987 -4.94058 3e-06 -0.0 -1e-06 0.270373 4.573632 18.738489 0.071059 -0.373198 12.886624 0.20908 -4.780569 -8.462894 2.004562 -1.773378 -14.026218 0.0 0.0 2e-06 2.889975 -2.09054 -27.227997 0.052171 -0.027896 2.46909 3.889556 -7.244652 6.945743 -1.317017 1.212549 -5.778006 -0.0 -0.0 -0.0 
0.0 0.0 0.0 0.0 -0.0 0.0 -19.687658 94.857742 393.05246 -3.117159 -0.165592 1.097427 0.890371 -0.294853 -4.097196 -0.372478 -2.623443 -6.48068 0.611509 -4.171424 12.423384 2.723607 1.94785 1.448356 -0.978524 0.442847 -3.591127 2.119167 -2.19217 -4.068656 7.7e-05 -2.3e-05 6e-06 -0.022462 -0.061654 -0.026633 0.723216 -3.786458 -10.689611 -0.764957 3.6719 -10.691523 -17.099644 -8.62707 14.303568 -53.480217 -5.533748 1.120888 0.094071 -39.08934 -0.345825 7.248397 -3.244272 1.626718 -5.882108 9.861288 0.702591 -10.936877 -0.360575 7.156209 1e-06 8.77483 -2e-06 -15.767635 18.18642 6.247373 -1.844033 2.498505 -2.507281 -10.163604 4.678947 4.621111 -20.976034 -3e-06 -0.0 -21.226299 2.451696 -3.594003 0.0 -5e-06 0.0 -1.362682 2.240798 -0.746322 -21.334925 0.58491 3.008322 -13.821221 -4e-06 -1e-06 -23.887184 -0.249082 -0.839486 -60.120403 2.450145 -0.975389 -0.294024 1.679687 0.833258 -14.218215 0.093215 1.300579 -34.212059 -0.287566 0.967166 -20.033222 0.964534 1.212842 1e-06 -0.0 1e-06 -3.44039 0.788232 0.501655 -15.928194 -3.167308 2.999708 -6.33883 0.0 -1e-06 -18.123457 3.648184 -4.905674 -4e-06 -1e-06 -1e-06 20.470112 6.545943 16.993603 55.207504 4.220865 29.041828 0.489185 15.378938 0.122981 1.154399 0.261102 -2.203351 2.243542 -5.255038 -3.180157 14.282894 -0.826596 6.952504 -0.0 -12.690608 -1e-06 16.316862 -17.511854 2.191658 1.665666 -1.955922 -2.878298 4.7278 -4.170589 4.993925 11.020528 2e-06 -1e-06 12.109056 -3.735718 -2.866784 -1e-06 1e-06 -1e-06 1.291986 -1.92855 -1.498089 14.800129 0.567467 3.865609 14.242573 -1.341738 -6.660658 19.631969 0.143927 -0.648246 49.761082 -0.22852 -6.681588 0.353029 -1.511151 -0.03194 20.222794 3.684309 2.316631 18.787273 2e-06 -1e-06 10.751631 -0.479869 1.397906 -0.0 2e-06 -3e-06 3.273807 0.305947 -0.580109 21.486818 11.830378 2.266132 8.162929 1e-06 -2e-06 18.39909 -3.798989 -4.940577 3e-06 -0.0 -2e-06 4.9338 6.336761 16.098866 -0.00127 -0.512962 22.996817 -1.0458 -6.42617 -2.245144 2.146466 -1.606356 -23.549534 -0.0 0.0 2e-06 6.106681 0.335943 -28.188105 -0.035149 -0.184161 8.808987 0.48873 -7.065356 13.050747 -1.366426 1.120511 -3.962603 -0.0 -0.0 -1e-06 
0.0 0.0 0.0 0.0 -0.0 0.0 -20.453634 95.283485 398.421844 -4.927661 -1.16424 0.166197 1.661192 -0.14181 -3.541224 -0.012207 -2.712457 -6.329993 1.938288 -3.920375 12.094587 2.104704 2.215991 1.7983 -0.807808 0.403337 -3.544411 2.010338 -1.934957 -4.594407 7.7e-05 -2.3e-05 6e-06 -0.011227 0.018024 -0.036197 0.752921 -3.686457 -10.663387 -0.772933 3.728983 -10.657611 -16.368914 -8.078192 14.755404 -57.590591 -4.582276 -0.910513 0.517862 -36.88525 -0.372595 8.170384 -3.60697 -0.993223 -5.882109 9.86129 0.70259 -10.936877 -0.360574 7.156208 -0.0 8.774828 -1e-06 -15.712632 18.157192 6.231314 -1.844033 2.498505 -2.507278 -10.163605 4.678947 4.621109 -20.976034 -3e-06 2e-06 -21.226297 2.451698 -3.594001 0.0 -6e-06 1e-06 -1.362682 2.240798 -0.746323 -21.334925 0.584909 3.008323 -13.821219 -4e-06 2e-06 -23.88718 -0.24908 -0.839485 -59.706066 2.414642 -1.077197 -0.294024 1.679687 0.833256 -14.218215 0.093216 1.300581 -34.212063 -0.287564 0.967171 -20.033222 0.964537 1.212845 1e-06 1e-06 1e-06 -3.44039 0.788235 0.501655 -15.928192 -3.167314 2.999705 -6.33883 1e-06 0.0 -18.123457 3.648184 -4.905672 -4e-06 0.0 -3e-06 19.428228 7.618848 17.493141 55.912117 5.737707 29.033573 0.754778 13.606284 0.151234 1.60373 -0.882704 -1.359918 2.243543 -5.255038 -3.180157 14.282896 -0.826599 6.952503 0.0 -12.690605 -0.0 16.399059 -17.654995 2.167761 1.665667 -1.955922 -2.878299 4.727801 -4.17059 4.993923 11.02053 -1e-06 0.0 12.109056 -3.735721 -2.866784 -0.0 -0.0 -2e-06 1.291986 -1.92855 -1.498089 14.800132 0.567465 3.865608 14.242576 -1.34174 -6.660658 19.631973 0.143923 -0.648246 49.692951 -0.226485 -6.790653 0.353029 -1.511151 -0.031938 20.222797 3.684306 2.316629 18.787279 1e-06 -2e-06 10.751631 -0.479871 1.397905 1e-06 1e-06 -1e-06 3.273808 0.305946 -0.58011 21.486816 11.830372 2.266133 8.16293 0.0 -2e-06 18.39909 -3.798989 -4.940579 3e-06 2e-06 -1e-06 7.893693 6.576172 12.581132 -0.130956 -0.592383 35.214264 -3.209026 -6.563559 9.312647 2.287122 -1.455451 -28.839811 0.0 -0.0 2e-06 8.479586 1.547441 -26.920675 0.005047 -0.309822 15.008209 -1.798703 -5.975877 11.679981 -1.380854 1.096071 -2.025117 0.0 0.0 -1e-06 
0.0 0.0 0.0 0.0 -0.0 0.0 -21.285543 95.859482 403.628967 -6.171461 -1.335184 -1.100818 2.056261 -0.137896 -2.739163 0.155602 -2.513512 -5.99462 2.742241 -3.959647 11.801127 2.349236 1.919831 2.240852 -0.689787 0.281918 -3.549134 1.874916 -1.491774 -4.856755 7.7e-05 -2.2e-05 6e-06 -0.005132 0.048535 -0.035665 0.758388 -3.660422 -10.637977 -0.76671 3.757506 -10.613893 -15.022844 -8.030458 15.064223 -60.871151 -3.933966 -0.574923 0.439555 -33.73254 -0.288513 7.326344 -3.194187 -1.170554 -5.882108 9.861289 0.70259 -10.936874 -0.360575 7.156208 0.0 8.774828 -1e-06 -15.709343 17.906311 6.19394 -1.844033 2.498506 -2.507278 -10.163603 4.678946 4.621109 -20.97603 -3e-06 2e-06 -21.226292 2.451696 -3.594003 1e-06 -6e-06 -0.0 -1.362682 2.240798 -0.746324 -21.334917 0.584909 3.008322 -13.821216 -3e-06 0.0 -23.887175 -0.249081 -0.839486 -59.676456 2.302021 -0.980532 -0.294025 1.679687 0.833257 -14.218212 0.093215 1.300579 -34.212063 -0.287563 0.967169 -20.033218 0.964536 1.212843 -0.0 -0.0 1e-06 -3.440389 0.788234 0.501655 -15.928189 -3.16731 2.999707 -6.338828 0.0 -2e-06 -18.123451 3.648183 -4.905674 -3e-06 0.0 -1e-06 18.836126 8.268674 17.540203 56.303825 7.175801 28.720539 0.769509 13.091126 0.13471 1.7316 -1.175653 -0.928944 2.243543 -5.255039 -3.180159 14.282901 -0.826595 6.952507 -3e-06 -12.690612 -0.0 16.409695 -17.545982 2.213104 1.665667 -1.955922 -2.8783 4.727802 -4.170589 4.993927 11.020535 3e-06 1e-06 12.10906 -3.735717 -2.866785 -1e-06 1e-06 -1e-06 1.291986 -1.92855 -1.498089 14.800139 0.567469 3.865609 14.24258 -1.341737 -6.660657 19.631981 0.143925 -0.648243 49.796455 -0.206388 -6.691841 0.353029 -1.511151 -0.031941 20.222803 3.684313 2.316633 18.787287 6e-06 -0.0 10.751636 -0.479869 1.397907 0.0 1e-06 -0.0 3.273809 0.305947 -0.580112 21.486832 11.83038 2.266135 8.162933 2e-06 -2e-06 18.399097 -3.798987 -4.940579 2e-06 1e-06 -2e-06 9.87377 4.903494 7.264248 -0.131931 -0.49407 48.127342 -7.422752 -5.083255 20.236652 1.998243 -1.597379 -16.647436 0.0 0.0 4e-06 10.393849 1.639932 -23.637365 0.033962 -0.271688 18.49412 -3.562288 -5.646219 6.36802 -1.411934 1.047712 -1.275608 -0.0 0.0 -1e-06 
0.0 0.0 0.0 0.0 -0.0 0.0 -22.061056 96.520348 408.581268 -6.970772 -0.796817 -2.175293 2.275615 -0.194138 -2.112741 0.207492 -2.22964 -5.743045 3.046573 -4.102987 11.816752 2.889226 1.397453 2.475327 -0.601677 0.334539 -3.590099 1.852836 -1.620109 -4.976752 7.7e-05 -2.2e-05 6e-06 -0.010902 0.026383 -0.033972 0.746918 -3.679872 -10.61926 -0.767137 3.729712 -10.582455 -14.190827 -8.165933 15.462125 -62.155659 -3.782697 2.609148 0.474317 -30.54739 -0.181206 4.654565 -1.753647 1.339143 -5.882109 9.861288 0.70259 -10.936875 -0.360575 7.156207 1e-06 8.774828 -2e-06 -15.987718 17.888128 6.143643 -1.844033 2.498505 -2.507279 -10.163604 4.678946 4.621109 -20.976036 -5e-06 0.0 -21.226295 2.451696 -3.594002 -0.0 -6e-06 -1e-06 -1.362682 2.240798 -0.746323 -21.334921 0.584909 3.008321 -13.821219 -3e-06 0.0 -23.887178 -0.24908 -0.839486 -60.101688 2.422142 -0.789052 -0.294025 1.679688 0.833257 -14.218215 0.093214 1.300578 -34.212067 -0.287566 0.967169 -20.033226 0.964534 1.212843 -0.0 1e-06 -0.0 -3.440389 0.788233 0.501655 -15.928192 -3.167312 2.999707 -6.338828 -2e-06 -2e-06 -18.123455 3.648182 -4.905673 -3e-06 1e-06 -3e-06 19.090792 8.474715 17.454872 55.544636 8.68666 28.046017 0.810331 14.155832 0.088247 0.900704 -0.979941 -0.958944 2.243542 -5.255038 -3.180157 14.282892 -0.826597 6.952503 -2e-06 -12.690606 1e-06 16.431581 -17.387259 2.287935 1.665666 -1.955922 -2.8783 4.7278 -4.170589 4.993925 11.020528 2e-06 1e-06 12.109053 -3.735717 -2.866785 -1e-06 1e-06 -1e-06 1.291986 -1.92855 -1.49809 14.800132 0.567466 3.865611 14.242573 -1.341737 -6.660661 19.631969 0.143925 -0.648246 50.009094 -0.245272 -6.486904 0.353029 -1.511151 -0.031941 20.222794 3.684308 2.316629 18.787271 2e-06 1e-06 10.751631 -0.47987 1.397905 -0.0 1e-06 -0.0 3.273807 0.305947 -0.58011 21.486813 11.830376 2.266135 8.162928 1e-06 -0.0 18.399088 -3.798988 -4.940577 2e-06 1e-06 -1e-06 10.669613 2.269535 0.976894 -0.047264 -0.440299 59.123814 -8.924995 -2.487773 22.643204 1.881114 -1.836961 -6.227446 0.0 0.0 4e-06 11.777396 1.249368 -19.384174 -0.070363 -0.233569 19.142815 -4.718718 -5.952056 2.561069 -1.417631 0.973855 -0.804763 -0.0 0.0 -1e-06 
0.0 0.0 0.0 0.0 -0.0 0.0 -22.679462 97.37368 413.401642 -6.841817 -0.438219 -3.174485 2.203393 -0.14495 -1.651283 0.099195 -1.929547 -5.54521 2.739536 -4.023358 12.057046 3.567526 1.041324 2.804757 -0.596558 0.174616 -3.55971 1.836435 -1.817266 -5.111081 7.7e-05 -2.3e-05 6e-06 -0.014224 -0.018086 -0.024668 0.731993 -3.7233 -10.618357 -0.758993 3.684508 -10.588699 -13.544903 -8.076592 15.817272 -62.697468 -3.560569 6.434007 0.462705 -28.445387 -0.057846 1.762749 -0.399342 4.35845 -5.882114 9.861294 0.70259 -10.936886 -0.360575 7.156211 1e-06 8.774833 -1e-06 -16.329315 17.958561 5.982599 -1.844036 2.498507 -2.507277 -10.163612 4.678948 4.621109 -20.976053 -4e-06 2e-06 -21.226318 2.451699 -3.594002 0.0 -4e-06 -1e-06 -1.362684 2.240801 -0.746324 -21.334942 0.584909 3.008323 -13.821231 -3e-06 -1e-06 -23.887203 -0.249081 -0.839484 -60.395592 2.607949 -0.806731 -0.294025 1.679688 0.833256 -14.218225 0.093214 1.300578 -34.212097 -0.287567 0.967172 -20.033239 0.964536 1.212844 0.0 -0.0 -0.0 -3.440392 0.788235 0.501654 -15.928206 -3.167313 2.999709 -6.338834 -2e-06 -1e-06 -18.12347 3.648185 -4.905675 -4e-06 -1e-06 -2e-06 19.386642 8.51911 17.439735 54.686913 10.637163 27.302916 0.705655 15.934972 0.080159 -1.056386 -0.173017 -0.957961 2.243544 -5.255041 -3.180159 14.282903 -0.826597 6.952507 -1e-06 -12.690614 1e-06 16.58419 -17.383303 2.304959 1.665668 -1.955923 -2.878303 4.727803 -4.170591 4.993928 11.020535 2e-06 1e-06 12.109062 -3.735719 -2.866785 -0.0 0.0 -1e-06 1.291986 -1.928551 -1.498092 14.800139 0.567467 3.865613 14.242584 -1.341737 -6.660662 19.631985 0.143924 -0.648246 50.080162 -0.382021 -6.443331 0.353029 -1.511152 -0.031939 20.222805 3.684312 2.316633 18.787289 3e-06 1e-06 10.751637 -0.479869 1.397907 0.0 0.0 -0.0 3.27381 0.305947 -0.58011 21.486832 11.830382 2.266134 8.162935 1e-06 -1e-06 18.399101 -3.798988 -4.940581 1e-06 0.0 -1e-06 10.157608 0.193078 -5.33079 -0.056823 -0.177178 66.36364 -6.79415 -0.100528 17.458574 1.849583 -1.876433 -5.166574 -0.0 0.0 3e-06 12.059017 1.326556 -14.124504 -0.130071 -0.177224 17.36792 -5.363566 -6.6284 0.110765 -1.416849 0.961283 -0.493991 0.0 0.0 -1e-06 
0.0 0.0 0.0 0.0 -0.0 0.0 -23.176914 98.184929 418.152893 -6.029581 -0.692972 -4.113346 2.005046 0.025379 -1.182257 -0.09941 -1.500995 -5.325027 2.070429 -3.633909 12.196629 4.053669 0.869054 3.353855 -0.628486 0.048296 -3.52844 1.950124 -2.08206 -5.15802 7.7e-05 -2.3e-05 6e-06 -0.012943 -0.046229 -0.012332 0.715377 -3.75169 -10.615952 -0.740298 3.657087 -10.597293 -12.927791 -7.641004 16.0063 -63.233276 -2.669209 8.672855 0.229346 -28.015917 0.072026 0.233168 -0.01324 5.800252 -5.882107 9.861286 0.70259 -10.936875 -0.360575 7.156209 1e-06 8.774826 0.0 -16.414236 17.995047 5.890705 -1.844033 2.498505 -2.507278 -10.163603 4.678945 4.621111 -20.976028 -5e-06 2e-06 -21.226292 2.451695 -3.593997 2e-06 -6e-06 -0.0 -1.362681 2.240798 -0.746324 -21.334921 0.584908 3.008326 -13.821218 -4e-06 3e-06 -23.887178 -0.249078 -0.83948 -60.465664 2.688623 -0.908313 -0.294025 1.679688 0.833255 -14.218212 0.093214 1.300581 -34.212063 -0.287564 0.967171 -20.03322 0.964537 1.212845 -1e-06 1e-06 1e-06 -3.440389 0.788233 0.501655 -15.928192 -3.167312 2.999709 -6.338829 -1e-06 1e-06 -18.123453 3.648182 -4.905669 -3e-06 1e-06 -1e-06 18.876467 8.777191 17.374325 54.650593 12.749573 26.260565 0.460409 18.199268 0.072497 -3.558963 1.038137 -1.090313 2.243541 -5.255034 -3.180156 14.282887 -0.826594 6.952499 -3e-06 -12.690601 1e-06 16.535032 -17.459534 2.368842 1.665666 -1.955921 -2.878297 4.727799 -4.170587 4.993922 11.020524 3e-06 0.0 12.109051 -3.735715 -2.866782 0.0 -0.0 -1e-06 1.291986 -1.928549 -1.498091 14.800125 0.567468 3.865607 14.242568 -1.341736 -6.660657 19.631966 0.143927 -0.648244 49.897488 -0.521768 -6.472178 0.353028 -1.51115 -0.031941 20.222786 3.684307 2.316629 18.78727 3e-06 0.0 10.751625 -0.479868 1.397905 -0.0 1e-06 -0.0 3.273806 0.305946 -0.580111 21.486809 11.830368 2.266131 8.162924 2e-06 -3e-06 18.39908 -3.798982 -4.940573 2e-06 -0.0 1e-06 8.723668 -0.958747 -11.198266 -0.024353 0.078294 69.313911 -4.099167 2.866698 12.692911 1.856742 -1.90197 -4.936949 0.0 0.0 2e-06 11.633622 1.991881 -8.329461 -0.117154 -0.124177 14.316594 -5.840055 -7.122538 -1.58161 -1.415838 0.967131 -0.276222 0.0 0.0 -1e-06 
0.0 0.0 0.0 0.0 -0.0 0.0 -23.588923 98.771599 422.745453 -4.908765 -1.599846 -4.816529 1.810889 0.243794 -0.728958 -0.234485 -0.881131 -5.097649 1.342644 -3.036407 12.138406 3.907211 0.979622 3.840368 -0.650949 -0.041734 -3.537017 2.217776 -2.276598 -5.058419 7.7e-05 -2.3e-05 6e-06 -0.01214 -0.062463 -0.006332 0.705091 -3.770504 -10.622512 -0.729498 3.642618 -10.60993 -12.804569 -6.947593 15.966981 -63.514881 -1.07155 9.276083 0.074152 -28.849096 0.14109 0.198737 -0.242092 5.421032 -5.882106 9.861286 0.702591 -10.936873 -0.360576 7.156206 2e-06 8.774826 1e-06 -16.333244 18.034334 5.905678 -1.844033 2.498504 -2.507278 -10.163601 4.678944 4.621107 -20.976023 -5e-06 -1e-06 -21.226288 2.451695 -3.594001 1e-06 -5e-06 -1e-06 -1.362682 2.240799 -0.746324 -21.334919 0.584907 3.008322 -13.821217 -5e-06 0.0 -23.887178 -0.249083 -0.839482 -60.51791 2.659705 -1.017444 -0.294024 1.679688 0.833255 -14.21821 0.093214 1.300582 -34.212051 -0.287568 0.967171 -20.033216 0.964536 1.212846 0.0 -0.0 0.0 -3.440389 0.788234 0.501657 -15.928189 -3.167312 2.999707 -6.338827 -2e-06 -0.0 -18.123451 3.64818 -4.90567 -2e-06 1e-06 -1e-06 17.744232 9.362881 17.266666 54.950413 14.77866 25.008595 0.1776 20.952887 0.054117 -5.611153 2.311742 -1.44087 2.243542 -5.255037 -3.180157 14.282897 -0.826595 6.952504 -3e-06 -12.69061 1e-06 16.294739 -17.579256 2.485603 1.665668 -1.955922 -2.878299 4.727802 -4.17059 4.993926 11.020535 3e-06 -2e-06 12.10906 -3.735717 -2.866786 -0.0 -0.0 -1e-06 1.291988 -1.928551 -1.498091 14.800139 0.567467 3.865606 14.242584 -1.341736 -6.660661 19.631985 0.143927 -0.648246 49.615349 -0.635651 -6.447814 0.353031 -1.511151 -0.031942 20.222803 3.684311 2.316628 18.787287 3e-06 -4e-06 10.751636 -0.479869 1.397906 1e-06 2e-06 -3e-06 3.273808 0.305948 -0.58011 21.486824 11.830379 2.26613 8.16293 3e-06 -3e-06 18.399092 -3.798985 -4.940578 3e-06 -1e-06 0.0 6.875965 -1.22962 -16.325174 0.064756 0.267027 68.179321 -1.943798 5.988442 9.478025 1.873681 -1.926932 -4.807103 0.0 0.0 1e-06 10.925986 2.865265 -2.674266 -0.094899 -0.111878 10.829126 -6.220038 -7.043872 -2.807305 -1.415434 0.960206 -0.220856 0.0 0.0 -1e-06 
0.0 0.0 0.0 0.0 -0.0 0.0 -23.943937 99.021957 427.167114 -3.770375 -2.930855 -5.145811 1.687368 0.404338 -0.419874 -0.282378 -0.137335 -4.926286 0.724847 -2.385147 12.017119 3.11254 1.379697 4.027223 -0.62993 -0.105455 -3.589959 2.51221 -2.352637 -4.876415 7.7e-05 -2.2e-05 6e-06 -0.014211 -0.069195 -0.013462 0.69899 -3.779741 -10.636174 -0.729131 3.636545 -10.629598 -13.320305 -6.133148 15.796305 -63.357704 0.624241 9.240999 0.189877 -29.926235 0.102339 0.883844 -0.349603 4.46366 -5.882105 9.861284 0.702589 -10.936872 -0.360577 7.156207 2e-06 8.774826 -0.0 -16.280119 18.064932 5.948709 -1.844032 2.498505 -2.507279 -10.1636 4.678943 4.621109 -20.976025 -7e-06 3e-06 -21.226286 2.451695 -3.593997 0.0 -6e-06 0.0 -1.362681 2.240797 -0.746323 -21.334915 0.584906 3.008323 -13.821215 -6e-06 2e-06 -23.887171 -0.249082 -0.83948 -60.632961 2.585092 -1.080189 -0.294025 1.679687 0.833257 -14.21821 0.093212 1.300581 -34.212048 -0.287566 0.967178 -20.033215 0.964535 1.212846 -1e-06 -1e-06 0.0 -3.440389 0.788232 0.501656 -15.928187 -3.167312 2.999709 -6.338826 -3e-06 1e-06 -18.123444 3.64818 -4.905666 -2e-06 0.0 -2e-06 16.506321 10.200415 17.142502 54.832176 16.688835 23.794266 -0.002115 24.196516 0.030772 -6.931065 3.536943 -1.981484 2.243542 -5.255038 -3.18016 14.282898 -0.826595 6.952507 -4e-06 -12.690611 1e-06 16.056271 -17.709791 2.601443 1.665667 -1.955922 -2.878301 4.727801 -4.170588 4.993927 11.020531 4e-06 -1e-06 12.109058 -3.735716 -2.866784 -0.0 0.0 -0.0 1.291986 -1.92855 -1.49809 14.800136 0.567469 3.86561 14.242579 -1.341734 -6.660659 19.631975 0.143929 -0.648245 49.458061 -0.717869 -6.360156 0.353029 -1.511151 -0.031941 20.222801 3.684314 2.316631 18.787285 6e-06 1e-06 10.751636 -0.479867 1.397907 0.0 2e-06 0.0 3.273808 0.305948 -0.580111 21.486824 11.830381 2.266133 8.16293 4e-06 -1e-06 18.399092 -3.798987 -4.940575 1e-06 -0.0 0.0 5.079192 -0.971773 -20.627567 0.168247 0.353478 63.332348 -1.133026 8.17041 7.514505 1.863063 -1.942358 -4.755996 0.0 0.0 1e-06 10.18235 3.630404 2.207549 -0.084563 -0.107096 7.857148 -6.507313 -6.514856 -4.265022 -1.418638 0.935244 -0.248495 0.0 -0.0 -1e-06 
0.0 0.0 0.0 0.0 -0.0 0.0 -24.221876 98.948189 431.487854 -2.839543 -4.440715 -5.141059 1.681463 0.441143 -0.297618 -0.264924 0.590707 -4.86267 0.271764 -1.779379 12.003939 1.885236 1.931713 3.902377 -0.535231 -0.014293 -3.65078 2.696608 -2.307394 -4.742335 7.7e-05 -2.2e-05 6e-06 -0.013224 -0.045191 -0.025171 0.694127 -3.756125 -10.633853 -0.724153 3.659597 -10.641811 -14.233479 -5.286016 15.621898 -62.865166 1.921951 9.249522 0.46338 -30.607847 0.00464 1.572228 -0.195675 3.638758 -5.882112 9.861295 0.702594 -10.936881 -0.360575 7.156209 0.0 8.774835 0.0 -16.353022 18.086899 5.930982 -1.844034 2.498507 -2.50728 -10.16361 4.67895 4.621112 -20.976044 -4e-06 2e-06 -21.226307 2.4517 -3.594003 0.0 -6e-06 0.0 -1.362683 2.240801 -0.746326 -21.334934 0.58491 3.008325 -13.821227 -3e-06 1e-06 -23.887196 -0.24908 -0.839485 -60.754955 2.516792 -1.054708 -0.294025 1.679689 0.833257 -14.218223 0.093215 1.300581 -34.212078 -0.287564 0.96717 -20.033232 0.964536 1.212844 -1e-06 -2e-06 -0.0 -3.440392 0.788234 0.501657 -15.928203 -3.167314 2.999709 -6.338833 -2e-06 -0.0 -18.123466 3.648185 -4.905676 -2e-06 0.0 -0.0 15.412156 11.174379 17.077196 54.154167 18.653387 22.696894 -0.072202 27.616383 0.007655 -7.904614 4.625824 -2.66959 2.243543 -5.255041 -3.180161 14.2829 -0.826595 6.952501 -2e-06 -12.690614 -1e-06 15.916069 -17.833944 2.668754 1.665668 -1.955922 -2.8783 4.727802 -4.170592 4.993924 11.020536 2e-06 -2e-06 12.10906 -3.73572 -2.866784 0.0 1e-06 1e-06 1.291986 -1.928553 -1.49809 14.800139 0.567468 3.865606 14.242584 -1.341738 -6.660662 19.631985 0.143926 -0.648247 49.432438 -0.77448 -6.26811 0.35303 -1.511153 -0.031938 20.222805 3.684312 2.316628 18.787289 5e-06 -3e-06 10.751636 -0.479869 1.397905 0.0 1e-06 -0.0 3.27381 0.305946 -0.580114 21.48683 11.830386 2.26613 8.162934 2e-06 -3e-06 18.399099 -3.798987 -4.940582 3e-06 -0.0 -1e-06 3.643777 -0.30167 -23.970839 0.235647 0.32115 55.258816 -1.378647 9.135804 6.688178 1.840268 -1.968775 -4.745914 0.0 0.0 2e-06 9.422942 4.280276 6.114049 -0.087483 -0.068573 5.80773 -6.597121 -5.814859 -6.158521 -1.42557 0.901179 -0.194491 0.0 -0.0 -1e-06 
0.0 0.0 0.0 0.0 -0.0 0.0 -24.397501 98.625114 435.718262 -2.227791 -5.957821 -4.880064 1.810779 0.352267 -0.381307 -0.218526 1.15357 -4.908208 0.021671 -1.184486 12.111896 0.51946 2.479227 3.683319 -0.409097 0.263694 -3.673206 2.738513 -2.156219 -4.708697 7.7e-05 -2.2e-05 6e-06 -0.006159 -0.003981 -0.030692 0.698263 -3.71207 -10.623706 -0.715971 3.698545 -10.65107 -15.210141 -4.463568 15.438111 -62.36525 2.786041 9.312439 0.656958 -30.754795 -0.070848 1.950425 0.050534 3.21495 -5.882113 9.861295 0.702591 -10.936883 -0.360575 7.156209 1e-06 8.774835 1e-06 -16.457502 18.094851 5.872859 -1.844034 2.498507 -2.507279 -10.163611 4.678949 4.621113 -20.976044 -3e-06 3e-06 -21.226307 2.451701 -3.594004 1e-06 -5e-06 1e-06 -1.362683 2.2408 -0.746323 -21.334936 0.58491 3.008325 -13.821229 -3e-06 1e-06 -23.887199 -0.24908 -0.839484 -60.807148 2.530606 -1.05433 -0.294025 1.679689 0.833257 -14.218225 0.093214 1.300582 -34.212093 -0.287566 0.967169 -20.033239 0.964537 1.212843 -0.0 0.0 -1e-06 -3.440392 0.788234 0.501656 -15.928203 -3.167312 2.999709 -6.338833 -1e-06 -1e-06 -18.12347 3.648186 -4.905676 -4e-06 1e-06 -3e-06 14.423301 12.149728 17.036877 53.277733 20.658293 21.797262 -0.196124 30.694986 -0.03478 -8.741561 5.389042 -3.392742 2.243543 -5.255043 -3.180161 14.282901 -0.826596 6.952507 -3e-06 -12.690618 2e-06 15.889202 -17.909962 2.674292 1.665668 -1.955922 -2.8783 4.727802 -4.170592 4.993928 11.020535 3e-06 -2e-06 12.10906 -3.735719 -2.866787 0.0 1e-06 -0.0 1.291987 -1.928551 -1.498091 14.800139 0.567468 3.86561 14.242584 -1.341736 -6.660664 19.631985 0.143928 -0.648246 49.443546 -0.811979 -6.24596 0.353029 -1.511152 -0.031941 20.222803 3.684313 2.316628 18.787287 3e-06 -2e-06 10.751636 -0.479871 1.397908 0.0 2e-06 -1e-06 3.27381 0.305946 -0.580112 21.486832 11.830384 2.266135 8.16293 1e-06 -2e-06 18.399097 -3.798989 -4.940581 2e-06 -2e-06 -1e-06 2.629103 0.90944 -25.978312 0.279042 0.276312 44.204147 -1.867031 9.212266 7.301712 1.799643 -1.998143 -4.745968 -0.0 0.0 2e-06 8.826439 4.638886 9.480623 -0.089531 -0.004422 4.301645 -6.673122 -4.899234 -8.18368 -1.430676 0.891842 -0.115296 -0.0 -0.0 -1e-06 
0.0 0.0 0.0 0.0 -0.0 0.0 -24.484772 98.046822 440.002197 -2.03607 -7.374193 -4.415475 2.121695 0.231495 -0.630691 -0.170489 1.421771 -5.047722 0.007461 -0.57328 12.217682 -0.765083 2.91758 3.551347 -0.304492 0.677796 -3.665182 2.692536 -1.860785 -4.691856 7.7e-05 -2.2e-05 6e-06 0.00439 0.029262 -0.025351 0.717124 -3.678978 -10.646474 -0.715437 3.733641 -10.676321 -16.036774 -3.680435 15.320096 -62.088318 3.28406 9.326248 0.716834 -30.505585 -0.135962 1.961297 0.326237 3.329717 -5.882107 9.861286 0.702591 -10.936873 -0.360575 7.156209 1e-06 8.774827 0.0 -16.43013 18.084801 5.9037 -1.844033 2.498505 -2.507278 -10.163601 4.678946 4.621109 -20.976027 -4e-06 0.0 -21.22629 2.451696 -3.594001 -0.0 -6e-06 -1e-06 -1.362681 2.240798 -0.746325 -21.334917 0.584909 3.008324 -13.821215 -3e-06 2e-06 -23.887175 -0.249079 -0.839483 -60.84676 2.580391 -1.044202 -0.294025 1.679687 0.833256 -14.218212 0.093214 1.300579 -34.212063 -0.287566 0.96717 -20.033218 0.964536 1.212845 -1e-06 1e-06 -0.0 -3.440389 0.788233 0.501656 -15.928189 -3.167311 2.999706 -6.338827 -2e-06 0.0 -18.123446 3.648183 -4.90567 -3e-06 1e-06 -2e-06 13.517909 13.042989 16.921789 52.568256 22.54777 20.929331 -0.402291 33.019337 -0.136992 -9.409533 5.772517 -4.017817 2.243541 -5.255037 -3.180157 14.28289 -0.826595 6.952503 -3e-06 -12.690605 0.0 15.927807 -17.878292 2.679488 1.665666 -1.955923 -2.878299 4.7278 -4.170586 4.993924 11.020525 2e-06 1e-06 12.109051 -3.735715 -2.866783 -0.0 0.0 -0.0 1.291985 -1.928548 -1.49809 14.800127 0.567468 3.865609 14.242569 -1.341735 -6.660656 19.631968 0.143929 -0.648246 49.543945 -0.858382 -6.209828 0.35303 -1.511152 -0.03194 20.222788 3.68431 2.316631 18.78727 4e-06 -1e-06 10.751625 -0.479869 1.397906 0.0 1e-06 -1e-06 3.273807 0.305948 -0.580112 21.486813 11.830374 2.266132 8.162929 0.0 -1e-06 18.399082 -3.798983 -4.940576 3e-06 -1e-06 -1e-06 2.004719 2.776453 -26.355991 0.276343 0.339892 30.128105 -2.768425 8.613784 8.430042 1.766445 -1.991915 -4.49418 -0.0 -0.0 2e-06 8.391319 4.516313 12.527458 -0.09821 0.021876 3.018339 -6.63138 -3.601136 -10.275768 -1.428014 0.929897 -0.278241 -0.0 -0.0 -1e-06 
0.0 0.0 0.0 0.0 -0.0 0.0 -24.545527 97.247353 444.519989 -2.299641 -8.637649 -3.81902 2.559138 0.183238 -1.007119 -0.083522 1.490332 -5.232869 0.22225 -0.228996 12.292883 -1.938937 3.380661 3.375041 -0.289001 1.037074 -3.652762 2.630007 -1.277638 -4.448015 7.7e-05 -2.2e-05 6e-06 0.010295 0.06462 -0.012893 0.736232 -3.654913 -10.695531 -0.724711 3.781007 -10.716553 -16.809042 -2.831273 15.249038 -61.948513 3.557303 9.085967 0.656833 -30.119194 -0.14405 1.706303 0.542436 3.55529 -5.882105 9.861286 0.70259 -10.936868 -0.360574 7.156205 -1e-06 8.774825 -2e-06 -16.258181 18.111504 6.049847 -1.844032 2.498504 -2.507279 -10.163596 4.678946 4.62111 -20.976017 -2e-06 1e-06 -21.226282 2.451697 -3.594002 1e-06 -5e-06 -0.0 -1.362681 2.240798 -0.746323 -21.334906 0.584911 3.008322 -13.82121 -1e-06 1e-06 -23.887163 -0.249078 -0.839484 -60.889191 2.61148 -0.873999 -0.294025 1.679688 0.833255 -14.218203 0.093216 1.30058 -34.212036 -0.287561 0.96717 -20.033211 0.964538 1.212842 -0.0 1e-06 1e-06 -3.440387 0.788234 0.501655 -15.928183 -3.167308 2.999708 -6.338824 -1e-06 1e-06 -18.12344 3.648186 -4.905671 -3e-06 0.0 -1e-06 12.853896 13.896122 16.780415 51.960346 24.215961 19.905045 -0.508587 34.648495 -0.258066 -9.993596 5.912426 -4.562362 2.243541 -5.255036 -3.180161 14.282895 -0.826595 6.952503 -1e-06 -12.690607 -1e-06 15.934456 -17.798468 2.705363 1.665667 -1.955923 -2.8783 4.7278 -4.170589 4.993927 11.020528 1e-06 1e-06 12.109056 -3.735719 -2.866786 -1e-06 0.0 -1e-06 1.291987 -1.928551 -1.498089 14.800131 0.56747 3.865607 14.242577 -1.341739 -6.660658 19.631971 0.143925 -0.648243 49.652344 -0.952695 -6.198127 0.353031 -1.511152 -0.031941 20.222797 3.684308 2.31663 18.787279 3e-06 -2e-06 10.751632 -0.47987 1.397905 1e-06 3e-06 1e-06 3.273808 0.305947 -0.58011 21.48682 11.830374 2.266135 8.162929 2e-06 -0.0 18.39909 -3.798985 -4.940577 2e-06 -2e-06 -1e-06 1.859208 4.638695 -25.74552 0.088051 0.330031 14.989378 -4.674877 8.079313 7.893674 1.701795 -2.054257 -4.187619 -0.0 -0.0 2e-06 8.230446 4.160591 15.041407 -0.106466 -0.04169 2.948448 -6.371675 -2.305068 -12.434128 -1.425415 0.913952 -1.020511 0.0 0.0 -1e-06 
0.0 0.0 0.0 0.0 -0.0 0.0 -24.592207 96.260315 449.314972 -2.656509 -9.677058 -2.923598 2.808365 0.041799 -1.674151 0.084575 1.641353 -5.44472 0.654204 -0.201613 12.372959 -3.029678 3.902477 2.974461 -0.334897 1.433288 -3.572073 2.398582 -0.630666 -3.762158 7.7e-05 -2.2e-05 6e-06 0.012492 0.136914 0.017795 0.718408 -3.596665 -10.68041 -0.704204 3.867014 -10.699711 -18.062265 -2.251692 15.035082 -61.579128 3.831161 8.573229 0.631938 -29.506704 -0.128684 1.444617 0.493523 2.965851 -5.882107 9.861286 0.702587 -10.936873 -0.360575 7.156207 -0.0 8.774826 -3e-06 -16.163694 18.186472 5.976702 -1.844033 2.498505 -2.507279 -10.163602 4.678945 4.621107 -20.976027 -3e-06 2e-06 -21.226292 2.451696 -3.594 -0.0 -6e-06 1e-06 -1.362682 2.240798 -0.746322 -21.334917 0.58491 3.008322 -13.821217 -2e-06 2e-06 -23.887175 -0.249079 -0.839485 -60.868435 2.629043 -0.973148 -0.294025 1.679687 0.833255 -14.218208 0.093215 1.300581 -34.212051 -0.287565 0.967168 -20.033215 0.964538 1.212843 -0.0 1e-06 1e-06 -3.440389 0.788233 0.501655 -15.928185 -3.16731 2.999707 -6.338826 -1e-06 1e-06 -18.123451 3.648183 -4.905672 -3e-06 0.0 -1e-06 12.753059 14.564274 16.417337 51.046432 25.424814 18.82233 -0.156766 35.644192 -0.050135 -10.422262 6.022336 -5.104474 2.243542 -5.255037 -3.180157 14.282893 -0.826594 6.952504 -3e-06 -12.690606 0.0 15.775357 -17.827028 2.741871 1.665667 -1.955922 -2.878299 4.7278 -4.170588 4.993925 11.020527 3e-06 -3e-06 12.109055 -3.735715 -2.866786 -0.0 0.0 -1e-06 1.291987 -1.928549 -1.498091 14.800129 0.567469 3.865604 14.242576 -1.341738 -6.660661 19.631969 0.143928 -0.64825 49.60117 -1.078274 -6.352199 0.353029 -1.511151 -0.031939 20.222795 3.684309 2.316626 18.787273 5e-06 -4e-06 10.751629 -0.479869 1.397905 2e-06 1e-06 1e-06 3.273809 0.305945 -0.580111 21.486816 11.830378 2.266129 8.162928 2e-06 -2e-06 18.399086 -3.798984 -4.940577 3e-06 -1e-06 -1e-06 1.796068 5.935584 -25.795086 -0.136301 0.08793 2.879237 -7.092216 8.116021 4.744499 1.477323 -2.228924 -4.423553 -0.0 -0.0 1e-06 7.848732 3.516505 17.577904 -0.072412 -0.20735 2.511431 -5.85371 -0.640007 -14.225557 -1.437971 0.74852 -2.054318 0.0 0.0 -1e-06 
0.0 0.0 0.0 0.0 -0.0 0.0 -24.585508 95.314583 454.129456 -2.815454 -10.319102 -2.142625 2.853987 0.061629 -2.149068 0.179319 1.612812 -5.620654 0.981857 -0.293433 12.490745 -3.883677 4.315378 2.324092 -0.222354 1.431589 -3.57649 2.026174 -0.111064 -3.350785 7.7e-05 -2.2e-05 6e-06 0.007334 0.072147 0.019603 0.708181 -3.650209 -10.641994 -0.70607 3.792869 -10.660331 -19.03767 -2.149821 14.737996 -61.363213 3.855711 8.031293 0.636743 -28.6721 -0.069007 1.206051 0.297937 2.025043 -5.882112 9.861293 0.702591 -10.936883 -0.360575 7.156214 1e-06 8.774833 -3e-06 -16.147142 18.02817 5.81181 -1.844035 2.498506 -2.50728 -10.16361 4.678948 4.621113 -20.976044 -5e-06 2e-06 -21.226311 2.451696 -3.594002 1e-06 -4e-06 -0.0 -1.362682 2.240799 -0.746323 -21.334934 0.58491 3.008325 -13.821227 -3e-06 2e-06 -23.887194 -0.249079 -0.839483 -60.758583 2.588159 -1.074009 -0.294025 1.679689 0.833255 -14.218224 0.093215 1.300582 -34.212082 -0.287564 0.967171 -20.033232 0.964538 1.212845 -1e-06 0.0 -1e-06 -3.440392 0.788234 0.501656 -15.928203 -3.167312 2.99971 -6.338832 -2e-06 0.0 -18.123466 3.648183 -4.905674 -4e-06 -0.0 -3e-06 12.856633 14.888129 16.039196 50.41523 26.277519 18.132521 0.015271 36.092899 0.094867 -10.362916 6.147856 -5.467265 2.24354 -5.255037 -3.180159 14.282894 -0.826595 6.952506 -3e-06 -12.690606 1e-06 15.535375 -17.833584 2.755484 1.665667 -1.955922 -2.878299 4.7278 -4.170588 4.993927 11.020528 2e-06 1e-06 12.109056 -3.735718 -2.866782 -1e-06 -0.0 -1e-06 1.291985 -1.928549 -1.498091 14.800131 0.567468 3.86561 14.242576 -1.341736 -6.660659 19.631973 0.143924 -0.64824 49.413349 -0.959396 -6.390056 0.35303 -1.511152 -0.031941 20.222797 3.684309 2.316633 18.787279 4e-06 1e-06 10.751631 -0.47987 1.397907 0.0 2e-06 0.0 3.273808 0.305948 -0.58011 21.486818 11.830377 2.266135 8.16293 3e-06 1e-06 18.399088 -3.798986 -4.940576 2e-06 1e-06 -1e-06 0.925867 7.336309 -28.181976 -0.103843 0.007061 1.013074 -9.658965 9.502066 1.05937 1.363759 -2.184191 -4.704574 0.0 0.0 3e-06 7.219508 2.795933 19.965939 -0.135863 -0.271055 2.402334 -5.051374 0.844343 -15.004836 -1.425521 0.703509 -3.158217 0.0 0.0 -1e-06 
0.0 0.0 0.0 0.0 -0.0 0.0 -24.507511 94.508774 459.117401 -2.142367 -10.606466 -1.669107 2.362775 0.200724 -2.542226 0.180531 1.542639 -5.847303 0.838981 -0.536967 12.498743 -4.213214 4.491983 1.837184 -0.194564 1.399463 -3.466305 1.782551 0.229129 -3.024514 7.7e-05 -2.2e-05 6e-06 0.007339 0.031459 0.015846 0.735265 -3.69792 -10.687571 -0.732939 3.75837 -10.699566 -19.446842 -2.216303 14.759699 -61.284336 3.564214 7.603205 0.50958 -27.823488 0.02089 1.077054 0.485765 1.652271 -5.88211 9.861292 0.702591 -10.936877 -0.360575 7.156209 -0.0 8.774831 -2e-06 -16.26984 18.072977 5.727916 -1.844034 2.498506 -2.507277 -10.163604 4.678947 4.621109 -20.976034 -2e-06 3e-06 -21.226297 2.451699 -3.594002 1e-06 -6e-06 0.0 -1.362682 2.240799 -0.746323 -21.334925 0.58491 3.008322 -13.821222 -2e-06 2e-06 -23.887184 -0.249077 -0.839483 -60.724537 2.656297 -1.188741 -0.294025 1.679688 0.833255 -14.218215 0.093215 1.300581 -34.212067 -0.287563 0.96717 -20.033226 0.964536 1.212843 -1e-06 0.0 -0.0 -3.44039 0.788234 0.501657 -15.928198 -3.167311 2.999708 -6.338829 -1e-06 1e-06 -18.123457 3.648185 -4.905675 -3e-06 -0.0 -2e-06 12.830271 14.900077 16.021532 50.664345 26.80901 18.204996 -0.154689 35.817589 0.100597 -10.085285 6.118453 -6.149521 2.243545 -5.255041 -3.18016 14.282903 -0.826599 6.952507 -1e-06 -12.690611 0.0 15.61112 -17.862383 2.761987 1.665667 -1.955922 -2.8783 4.727802 -4.170591 4.993926 11.020534 0.0 -1e-06 12.10906 -3.735718 -2.866785 -0.0 1e-06 -1e-06 1.291987 -1.928549 -1.49809 14.800139 0.567466 3.865608 14.242584 -1.34174 -6.660664 19.631983 0.143923 -0.648251 49.313332 -0.969423 -6.456515 0.35303 -1.511152 -0.031939 20.222803 3.684309 2.316631 18.787289 4e-06 -4e-06 10.751636 -0.479869 1.397904 0.0 1e-06 0.0 3.273809 0.305947 -0.580111 21.486828 11.830376 2.266133 8.162935 1e-06 -2e-06 18.399099 -3.798988 -4.940582 3e-06 1e-06 -1e-06 -0.88513 8.230666 -28.421515 -0.069316 0.047386 2.910271 -10.964552 10.249051 -0.741112 1.400436 -2.191336 -5.280931 0.0 -0.0 3e-06 5.595448 1.970206 21.356184 -0.185683 -0.154907 4.654222 -4.070265 2.036172 -15.29758 -1.416394 0.75016 -5.273002 -0.0 0.0 -1e-06 
0.0 0.0 0.0 0.0 -0.0 0.0 -24.410286 94.11824 464.457092 -0.039251 -10.662307 -1.057791 0.863963 0.3024 -3.418178 0.071401 1.454127 -6.305574 0.347142 -0.517922 12.628814 -4.204729 4.396597 1.307834 -0.229067 1.626688 -3.455168 1.633722 0.16716 -1.931545 7.7e-05 -2.2e-05 6e-06 0.012893 -0.028314 0.015974 0.741848 -3.769675 -10.727695 -0.726608 3.711349 -10.735744 -20.816929 -2.476365 14.501221 -60.115044 3.748993 7.090863 0.437429 -27.107399 0.041824 0.881407 0.732392 1.526646 -5.882112 9.861293 0.70259 -10.936881 -0.360576 7.156211 0.0 8.774834 -1e-06 -16.40859 18.304928 5.806626 -1.844034 2.498506 -2.50728 -10.163611 4.678949 4.621113 -20.976044 -4e-06 3e-06 -21.226307 2.451698 -3.594003 1e-06 -5e-06 0.0 -1.362683 2.2408 -0.746324 -21.334938 0.584909 3.008323 -13.821231 -3e-06 2e-06 -23.887192 -0.24908 -0.839484 -60.813179 2.734345 -1.294522 -0.294025 1.679689 0.833258 -14.218224 0.093214 1.30058 -34.212086 -0.287566 0.967169 -20.033236 0.964535 1.212844 -1e-06 0.0 -0.0 -3.440392 0.788234 0.501656 -15.928203 -3.167313 2.999709 -6.338833 -2e-06 -0.0 -18.123468 3.648185 -4.905675 -3e-06 0.0 -2e-06 13.959097 14.444984 15.911615 50.229633 26.060255 18.784193 -0.27965 35.092056 0.030243 -9.849766 6.251937 -7.162179 2.243543 -5.255038 -3.18016 14.282896 -0.826597 6.9525 0.0 -12.690612 -0.0 15.628525 -17.944595 2.936197 1.665669 -1.955923 -2.8783 4.727801 -4.170591 4.993925 11.020529 1e-06 -3e-06 12.109057 -3.735719 -2.866787 -1e-06 1e-06 -1e-06 1.291987 -1.928551 -1.498088 14.800136 0.567464 3.865608 14.242579 -1.341739 -6.660663 19.631975 0.143924 -0.64825 49.580578 -1.03006 -6.423306 0.353029 -1.511151 -0.03194 20.222797 3.684309 2.316627 18.787277 3e-06 -5e-06 10.751633 -0.479869 1.397905 0.0 3e-06 1e-06 3.273809 0.305945 -0.580111 21.486816 11.83038 2.266127 8.16293 1e-06 -3e-06 18.399094 -3.798988 -4.940581 3e-06 1e-06 -1e-06 -3.727003 7.186043 -28.57037 -0.0844 -0.029308 7.482071 -8.46676 10.140665 2.069323 1.572874 -2.266947 -6.40774 0.0 -0.0 2e-06 1.957934 0.912934 21.106035 -0.101845 0.00647 9.363058 -2.811384 3.731718 -13.873129 -1.425905 0.772408 -9.845083 -0.0 0.0 -1e-06 
0.0 0.0 0.0 0.0 -0.0 0.0 -24.320517 94.151619 469.937195 3.224432 -10.505696 -0.462659 -1.184651 0.184381 -4.499528 -0.223851 1.806176 -6.860291 -0.901874 -0.524341 12.904945 -3.884222 3.943253 0.475271 -0.130564 1.880156 -3.594034 1.509314 -0.008611 -0.575062 7.7e-05 -2.2e-05 6e-06 0.025492 -0.056847 -0.034271 0.715746 -3.783315 -10.672509 -0.675187 3.668824 -10.709813 -22.663137 -2.96034 14.038226 -58.031727 4.071968 6.343149 0.343709 -26.160879 0.05421 0.933562 0.593336 0.820093 -5.882109 9.861291 0.70259 -10.936875 -0.360574 7.156207 -1e-06 8.77483 -1e-06 -16.358105 18.09165 5.876918 -1.844033 2.498506 -2.507278 -10.163604 4.678948 4.62111 -20.97603 -2e-06 2e-06 -21.226297 2.451699 -3.594002 1e-06 -5e-06 -1e-06 -1.362682 2.2408 -0.746322 -21.334921 0.584912 3.008326 -13.821218 -1e-06 3e-06 -23.887178 -0.249076 -0.839484 -60.920631 2.596959 -1.043475 -0.294025 1.679688 0.833256 -14.218213 0.093216 1.300581 -34.212055 -0.287561 0.967169 -20.033222 0.964537 1.212841 -0.0 0.0 -1e-06 -3.44039 0.788234 0.501656 -15.928191 -3.16731 2.999709 -6.338828 -1e-06 1e-06 -18.123453 3.648186 -4.905675 -4e-06 1e-06 -2e-06 16.865894 13.392435 16.164499 48.69088 24.755886 18.647818 -0.033604 33.588306 0.142436 -9.776251 6.737567 -7.35097 2.243541 -5.255034 -3.180158 14.282883 -0.826595 6.952498 -2e-06 -12.6906 -2e-06 15.543899 -17.833891 2.983185 1.665666 -1.955921 -2.878298 4.727796 -4.170585 4.993921 11.02052 2e-06 -2e-06 12.109046 -3.735716 -2.866783 -1e-06 1e-06 -0.0 1.291985 -1.928548 -1.498088 14.80012 0.567466 3.865604 14.242564 -1.341737 -6.660657 19.631954 0.143924 -0.648246 49.652866 -0.857209 -6.24065 0.353028 -1.51115 -0.031939 20.222784 3.684308 2.316628 18.787266 3e-06 -2e-06 10.751623 -0.479869 1.397903 -1e-06 4e-06 -1e-06 3.273804 0.305949 -0.58011 21.486801 11.830369 2.266132 8.162924 3e-06 -1e-06 18.399075 -3.798985 -4.940575 3e-06 0.0 -2e-06 -7.150745 4.042622 -29.55999 0.049992 0.04977 11.793026 -1.380192 10.463398 11.079222 1.737132 -2.104308 -4.894463 -0.0 -0.0 2e-06 -3.305206 -0.511778 19.04711 -0.114402 0.117851 16.72286 -1.476166 6.802825 -9.9446 -1.4625 0.782612 -18.897594 -0.0 -0.0 -1e-06 
0.0 0.0 0.0 0.0 -0.0 0.0 -24.310097 94.415573 475.300964 5.325862 -9.673343 -1.026157 -1.991685 0.143395 -4.527403 -0.585359 1.880202 -6.862059 -2.408326 -0.355923 12.712602 -3.206599 3.758491 0.67081 -0.403571 1.381427 -3.580486 1.768416 -0.343276 -1.149033 7.7e-05 -2.3e-05 6e-06 0.041162 -0.025567 -0.022255 0.764519 -3.725739 -10.611651 -0.693566 3.672076 -10.660574 -21.677567 -3.547921 14.390707 -58.295803 2.883241 6.06683 0.238145 -25.011877 0.020551 1.337992 0.238021 -0.216409 -5.882107 9.861286 0.70259 -10.936875 -0.360576 7.156206 2e-06 8.774826 0.0 -16.424318 17.946314 5.628467 -1.844032 2.498504 -2.507278 -10.163603 4.678944 4.621109 -20.97603 -7e-06 3e-06 -21.226292 2.451694 -3.593999 1e-06 -6e-06 -0.0 -1.362682 2.240798 -0.746323 -21.334921 0.584907 3.008322 -13.82122 -5e-06 3e-06 -23.887178 -0.249082 -0.839482 -60.603912 2.519868 -1.311719 -0.294024 1.679687 0.833256 -14.218212 0.093213 1.300581 -34.212051 -0.287568 0.967172 -20.033216 0.964535 1.212845 -1e-06 -1e-06 -0.0 -3.440389 0.788233 0.501655 -15.928191 -3.167312 2.999707 -6.338829 -2e-06 2e-06 -18.123453 3.648181 -4.90567 -3e-06 1e-06 -2e-06 16.977894 12.543138 16.537239 51.28273 23.515327 17.682545 0.187894 30.303179 0.249652 -10.239009 6.779509 -7.373736 2.243542 -5.255037 -3.180159 14.282893 -0.826593 6.952502 -4e-06 -12.690603 3e-06 15.546067 -17.738146 2.968045 1.665667 -1.955921 -2.878301 4.727799 -4.170588 4.993924 11.020526 4e-06 -2e-06 12.109054 -3.735713 -2.866784 -0.0 1e-06 1e-06 1.291985 -1.928549 -1.498089 14.800131 0.567472 3.865608 14.242572 -1.341735 -6.660658 19.631969 0.143929 -0.648245 49.753342 -0.651719 -6.142941 0.353029 -1.51115 -0.031939 20.222794 3.684313 2.316631 18.787273 7e-06 -1e-06 10.751628 -0.47987 1.397906 1e-06 3e-06 -1e-06 3.273806 0.305949 -0.580112 21.48682 11.830374 2.266129 8.162929 2e-06 -2e-06 18.399086 -3.798982 -4.940574 2e-06 -0.0 -1e-06 -9.285538 1.430508 -29.403452 0.106685 0.007006 18.335714 1.5123 10.51142 10.445539 1.665389 -2.073337 -1.839535 0.0 -0.0 2e-06 -6.834737 -1.418509 15.91031 -0.065828 0.209371 27.571266 0.166974 9.230666 -0.985777 -1.548977 0.731933 -28.705458 0.0 -0.0 -1e-06 
0.0 0.0 0.0 0.0 -0.0 0.0 -24.344595 94.839737 480.59906 6.61887 -9.198699 -2.535463 -2.434106 0.15381 -3.710453 -0.827739 1.834502 -6.348005 -3.059386 -0.145937 12.201938 -3.148327 3.768726 1.408405 -0.601281 0.764583 -3.493647 1.817776 -0.400837 -2.160282 7.7e-05 -2.2e-05 6e-06 0.038989 -0.012399 -0.00223 0.780825 -3.706176 -10.557937 -0.714969 3.678028 -10.596989 -19.407005 -4.092633 14.770547 -60.148579 1.35825 6.313105 0.305792 -24.819372 0.039442 1.501094 0.182465 -0.554841 -5.88211 9.861291 0.70259 -10.936879 -0.360575 7.156209 0.0 8.77483 -2e-06 -16.48632 17.851875 5.469584 -1.844033 2.498506 -2.507279 -10.163605 4.678947 4.621111 -20.976034 -3e-06 2e-06 -21.226297 2.451698 -3.594002 1e-06 -6e-06 -0.0 -1.362682 2.2408 -0.746325 -21.334929 0.58491 3.008326 -13.821221 -3e-06 3e-06 -23.887184 -0.24908 -0.839484 -60.384262 2.503525 -1.624022 -0.294025 1.679688 0.833256 -14.218217 0.093215 1.300581 -34.21207 -0.287563 0.96717 -20.033228 0.964537 1.212846 -0.0 -1e-06 -1e-06 -3.440391 0.788234 0.501655 -15.928194 -3.167311 2.999709 -6.33883 -1e-06 2e-06 -18.123457 3.648184 -4.905671 -2e-06 -1e-06 -1e-06 14.808475 12.471858 16.967548 55.761646 22.527786 17.677256 0.309284 25.579514 0.19761 -9.716827 5.395995 -7.628067 2.243542 -5.255038 -3.180156 14.282894 -0.826597 6.952503 -2e-06 -12.690605 0.0 15.67868 -17.70623 2.935728 1.665666 -1.955922 -2.8783 4.7278 -4.170589 4.993925 11.020527 2e-06 -2e-06 12.109053 -3.735717 -2.866784 -1e-06 1e-06 -1e-06 1.291985 -1.92855 -1.49809 14.800129 0.567468 3.865609 14.242574 -1.341737 -6.660659 19.631969 0.143924 -0.648245 49.841148 -0.453247 -6.279299 0.353029 -1.511151 -0.03194 20.222794 3.684308 2.316631 18.787273 0.0 -1e-06 10.751631 -0.479869 1.397905 -1e-06 2e-06 -1e-06 3.273806 0.305948 -0.580111 21.486813 11.830373 2.266134 8.162926 0.0 -1e-06 18.399086 -3.798986 -4.940576 3e-06 -1e-06 -1e-06 -10.92871 0.448087 -26.525087 -0.010601 -0.0382 22.687376 2.791348 10.605795 4.825479 1.629066 -2.066713 -0.97691 0.0 -0.0 2e-06 -9.348137 -0.992546 10.802322 0.044404 0.331819 41.400547 4.729887 10.790646 12.806972 -1.423383 0.617204 -27.414837 -0.0 0.0 -4e-06 
0.0 0.0 0.0 0.0 -0.0 0.0 -24.367744 95.362701 485.636963 7.6931 -9.61276 -3.853373 -2.88438 0.125986 -2.931757 -0.92804 1.982499 -5.990009 -3.359237 -0.295991 11.960402 -3.611413 4.094587 1.814948 -0.488218 0.69706 -3.543692 1.750152 -0.122523 -2.323837 7.7e-05 -2.2e-05 6e-06 0.038058 0.082078 0.027713 0.770169 -3.623224 -10.569901 -0.707197 3.783898 -10.583855 -18.598616 -4.362444 14.958922 -60.375248 0.218209 6.68928 0.383503 -25.726192 0.054252 1.421169 0.209698 -1.420098 -5.882108 9.861286 0.702588 -10.936877 -0.360577 7.156204 2e-06 8.774826 -2e-06 -16.471544 17.811493 5.495952 -1.844033 2.498504 -2.507278 -10.163604 4.678943 4.621107 -20.976032 -7e-06 3e-06 -21.226294 2.451694 -3.593999 1e-06 -6e-06 0.0 -1.362682 2.240799 -0.746325 -21.334925 0.584907 3.008322 -13.82122 -5e-06 1e-06 -23.887182 -0.249082 -0.839484 -60.334354 2.391397 -1.523002 -0.294025 1.679687 0.833256 -14.218215 0.093212 1.300578 -34.212067 -0.287572 0.96717 -20.033226 0.964531 1.212845 -1e-06 -0.0 -1e-06 -3.44039 0.788233 0.501655 -15.928196 -3.167313 2.999707 -6.338829 -2e-06 1e-06 -18.123453 3.64818 -4.905672 -3e-06 1e-06 -1e-06 13.96625 12.701186 17.403679 57.783997 21.612219 19.76469 0.465993 21.630356 0.141439 -7.519569 3.378375 -5.996348 2.243542 -5.255037 -3.180158 14.282894 -0.826596 6.952503 -3e-06 -12.690607 2e-06 15.981726 -17.525322 2.871604 1.665666 -1.955921 -2.878298 4.727799 -4.170588 4.993925 11.020528 4e-06 -1e-06 12.109055 -3.735717 -2.866786 -0.0 -1e-06 -1e-06 1.291985 -1.928548 -1.498091 14.800132 0.567467 3.865608 14.242577 -1.341735 -6.660659 19.631971 0.143927 -0.648248 49.722111 -0.430482 -6.233226 0.353029 -1.511152 -0.031939 20.222797 3.68431 2.316629 18.787279 6e-06 0.0 10.751631 -0.479868 1.397906 -0.0 1e-06 -2e-06 3.273808 0.305947 -0.580112 21.486816 11.830378 2.26613 8.162929 2e-06 -2e-06 18.399084 -3.798986 -4.940576 3e-06 1e-06 -1e-06 -12.397626 0.427993 -22.60533 0.040217 0.131986 24.180328 3.381514 11.021556 0.563985 1.634205 -2.044239 -0.938698 0.0 -0.0 2e-06 -11.114842 0.994182 3.984154 0.101968 0.550644 53.971207 11.121474 10.110772 26.895452 -0.955568 0.811188 -9.188659 0.0 -0.0 0.0 
0.0 0.0 0.0 0.0 -0.0 0.0 -24.446493 96.125069 490.36087 8.438425 -10.01098 -4.741217 -3.26896 0.126996 -2.54443 -1.076262 1.736999 -5.819103 -3.418195 -0.627889 12.077765 -4.07525 4.464211 2.109473 -0.274975 0.949492 -3.559435 1.606962 0.29908 -2.498395 7.7e-05 -2.2e-05 6e-06 0.037343 0.116587 0.042208 0.777394 -3.588303 -10.578781 -0.716355 3.820213 -10.589391 -18.99262 -4.446012 14.802593 -58.882275 -0.714649 7.265451 0.349257 -26.606022 0.037466 2.050698 0.029151 -2.219102 -5.882107 9.861288 0.70259 -10.936873 -0.360576 7.156205 1e-06 8.774827 -2e-06 -16.384199 18.027964 5.649552 -1.844033 2.498505 -2.507278 -10.163601 4.678944 4.621107 -20.976027 -4e-06 1e-06 -21.22629 2.451696 -3.594001 1e-06 -5e-06 0.0 -1.362682 2.240798 -0.746323 -21.334921 0.584908 3.008322 -13.821217 -3e-06 3e-06 -23.887178 -0.24908 -0.839483 -60.30825 2.445294 -1.504351 -0.294024 1.679687 0.833257 -14.218209 0.093214 1.30058 -34.212051 -0.287565 0.967168 -20.033215 0.964535 1.212843 1e-06 -0.0 0.0 -3.440389 0.788233 0.501655 -15.928189 -3.167312 2.999707 -6.338827 -1e-06 -0.0 -18.123449 3.648181 -4.905672 -3e-06 0.0 -1e-06 14.361356 12.465012 17.728851 57.993961 20.27981 22.870012 0.638039 19.94429 0.097834 -5.611519 2.649829 -3.274521 2.243542 -5.255039 -3.180159 14.282898 -0.826596 6.952507 -2e-06 -12.690613 1e-06 16.254723 -17.488308 2.660506 1.665666 -1.955922 -2.878299 4.727802 -4.17059 4.993925 11.020534 2e-06 -2e-06 12.109059 -3.735718 -2.866786 -0.0 0.0 -1e-06 1.291987 -1.92855 -1.498087 14.800136 0.567468 3.865608 14.242579 -1.341738 -6.66066 19.631981 0.143926 -0.648246 49.754951 -0.547768 -6.331862 0.353029 -1.51115 -0.03194 20.222803 3.684311 2.316632 18.787285 3e-06 -3e-06 10.751633 -0.47987 1.397904 1e-06 1e-06 -2e-06 3.273809 0.305947 -0.580111 21.486824 11.83038 2.266134 8.16293 2e-06 -1e-06 18.399092 -3.798987 -4.940581 4e-06 -1e-06 0.0 -13.580396 0.420415 -17.798153 0.203767 0.27462 22.633688 3.598422 11.799641 -2.00951 1.598477 -2.051915 -0.567271 -0.0 0.0 2e-06 -11.913615 2.810234 -3.152392 0.154031 0.392176 64.346664 9.357643 8.078988 23.976696 -1.018806 0.877515 -5.14121 -0.0 0.0 -1e-06 
0.0 0.0 0.0 0.0 -0.0 0.0 -24.633533 96.996567 494.836945 8.202382 -9.791899 -5.317474 -3.270157 -0.00799 -2.226857 -1.117905 1.202442 -5.662407 -3.185565 -1.113042 12.239828 -4.243553 4.644269 2.500687 -0.200322 1.152976 -3.546267 1.448099 0.669779 -2.707213 7.7e-05 -2.2e-05 6e-06 0.035104 0.10008 0.026464 0.779612 -3.604071 -10.59178 -0.721992 3.804016 -10.621606 -19.109776 -4.710341 14.699531 -57.485893 -2.001173 7.318674 0.144329 -26.940325 0.03317 3.368826 -0.026972 -2.007632 -5.882107 9.861288 0.702588 -10.936872 -0.360575 7.156206 -0.0 8.774826 -2e-06 -16.309425 18.221136 5.753254 -1.844033 2.498504 -2.507278 -10.163601 4.678946 4.621108 -20.976027 -3e-06 0.0 -21.226288 2.451697 -3.594002 -0.0 -6e-06 -1e-06 -1.362682 2.240798 -0.746323 -21.334915 0.584911 3.008321 -13.821215 -3e-06 -0.0 -23.887171 -0.24908 -0.839485 -60.386822 2.497403 -1.466451 -0.294025 1.679687 0.833257 -14.218209 0.093215 1.300579 -34.212051 -0.287566 0.967166 -20.033211 0.964535 1.212843 0.0 -1e-06 1e-06 -3.440389 0.788234 0.501655 -15.928189 -3.16731 2.999706 -6.338826 0.0 -0.0 -18.123447 3.648183 -4.905673 -5e-06 -1e-06 -1e-06 14.46363 11.741706 17.797167 58.276703 18.256771 25.117491 0.616014 20.580235 0.039813 -4.973863 3.056259 -1.872347 2.243542 -5.255037 -3.180159 14.282889 -0.826596 6.952506 -1e-06 -12.690605 -0.0 16.330551 -17.543657 2.488741 1.665667 -1.955923 -2.878299 4.727799 -4.170588 4.993926 11.020526 2e-06 -3e-06 12.109053 -3.735717 -2.866785 -0.0 -0.0 -1e-06 1.291987 -1.928549 -1.49809 14.800127 0.567467 3.865608 14.242571 -1.341738 -6.660657 19.631968 0.143923 -0.648245 49.884304 -0.543034 -6.366746 0.353029 -1.51115 -0.031938 20.222788 3.684309 2.316631 18.78727 4e-06 -1e-06 10.751626 -0.479869 1.397907 1e-06 2e-06 -1e-06 3.273806 0.305947 -0.58011 21.486809 11.830376 2.266133 8.162926 2e-06 -1e-06 18.399078 -3.798986 -4.940575 3e-06 0.0 0.0 -13.749087 0.40519 -12.50204 0.232492 0.265912 19.556925 3.719455 12.008578 -3.590201 1.583502 -2.078821 -0.364311 -0.0 0.0 2e-06 -11.130561 3.810844 -9.857589 0.136854 0.116652 70.690102 4.483543 3.701112 17.437111 -1.180577 0.897089 -4.493408 -0.0 -0.0 -1e-06 
0.0 0.0 0.0 0.0 -0.0 0.0 -24.923042 97.814598 499.206299 7.254558 -8.858 -5.739598 -3.110231 -0.229223 -1.764094 -1.056442 0.548931 -5.453938 -2.726067 -1.848233 12.177232 -3.953005 4.615599 3.157271 -0.147697 1.273939 -3.533694 1.270059 0.976737 -2.944037 7.7e-05 -2.2e-05 6e-06 0.030679 0.069464 0.009721 0.778431 -3.639628 -10.614779 -0.727617 3.777969 -10.652427 -18.218555 -5.302203 14.771787 -57.067558 -3.479895 7.049863 -0.056478 -27.450808 0.048008 4.80694 -0.099068 -1.576644 -5.88211 9.861289 0.70259 -10.936876 -0.360574 7.156208 -0.0 8.774828 -1e-06 -16.131506 18.324211 5.871351 -1.844033 2.498507 -2.507278 -10.163602 4.678947 4.62111 -20.976028 -2e-06 3e-06 -21.226292 2.451699 -3.594001 0.0 -5e-06 -0.0 -1.362682 2.240799 -0.746322 -21.334921 0.584912 3.008323 -13.821219 -2e-06 1e-06 -23.887178 -0.249076 -0.839485 -60.395081 2.576872 -1.436034 -0.294025 1.679687 0.833255 -14.218215 0.093216 1.300584 -34.212067 -0.28756 0.967171 -20.033222 0.964538 1.212842 -0.0 1e-06 -0.0 -3.44039 0.788234 0.501656 -15.928192 -3.16731 2.999708 -6.338829 -1e-06 0.0 -18.123457 3.648186 -4.905671 -4e-06 -0.0 -3e-06 14.045382 10.730942 17.730717 59.041481 15.892276 26.204809 0.478478 22.017231 0.008543 -4.981305 3.727753 -1.883572 2.243544 -5.255041 -3.180161 14.282905 -0.826598 6.952509 -2e-06 -12.690612 2e-06 16.351435 -17.581711 2.39129 1.665669 -1.955923 -2.878301 4.727805 -4.170592 4.993927 11.020539 1e-06 -3e-06 12.109066 -3.73572 -2.866786 -0.0 -0.0 -1e-06 1.291988 -1.928553 -1.498091 14.800142 0.567467 3.865609 14.242588 -1.341738 -6.660666 19.63199 0.143926 -0.648249 49.894234 -0.511113 -6.374321 0.35303 -1.511152 -0.03194 20.222815 3.68431 2.31663 18.787294 4e-06 -3e-06 10.751641 -0.479867 1.397906 1e-06 2e-06 -1e-06 3.273809 0.305948 -0.580112 21.486834 11.830383 2.266133 8.162935 3e-06 -4e-06 18.399103 -3.79899 -4.94058 2e-06 0.0 0.0 -13.103846 0.449989 -6.813438 0.171706 0.169607 15.579747 3.763172 11.418218 -4.595878 1.585578 -2.058476 -0.286914 0.0 0.0 2e-06 -9.374841 4.032067 -15.668157 0.110886 -0.073755 72.742523 1.042516 -0.160131 12.674256 -1.305418 0.899984 -4.376492 -0.0 -0.0 0.0 
0.0 0.0 0.0 0.0 -0.0 0.0 -25.300295 98.455391 503.541901 5.874997 -7.370063 -5.961074 -2.879949 -0.441534 -1.299129 -0.958535 -0.149732 -5.267982 -2.139871 -2.690447 11.993629 -3.185434 4.312875 3.98299 -0.102052 1.395986 -3.528971 1.137222 1.04977 -3.119749 7.7e-05 -2.2e-05 6e-06 0.027168 0.05143 0.005145 0.78175 -3.662329 -10.640319 -0.73552 3.763536 -10.674063 -16.750788 -6.125159 14.950717 -57.096104 -4.813433 6.865698 -0.187441 -28.867088 0.064036 5.779281 -0.393222 -1.251036 -5.882108 9.861288 0.702592 -10.936875 -0.360574 7.156211 0.0 8.774828 1e-06 -15.889852 18.405396 6.034689 -1.844033 2.498505 -2.507279 -10.163604 4.678948 4.621113 -20.976032 -1e-06 3e-06 -21.226295 2.451701 -3.594002 1e-06 -6e-06 0.0 -1.362683 2.2408 -0.746323 -21.334923 0.584913 3.008326 -13.821219 -1e-06 1e-06 -23.887178 -0.249076 -0.839482 -60.318165 2.669599 -1.39076 -0.294024 1.679686 0.833257 -14.218214 0.093216 1.300583 -34.212059 -0.287562 0.967173 -20.03322 0.964538 1.212842 -0.0 1e-06 -0.0 -3.440389 0.788233 0.501657 -15.928192 -3.16731 2.999708 -6.338829 -0.0 2e-06 -18.123453 3.648185 -4.905673 -4e-06 0.0 -3e-06 13.765281 9.548657 17.642994 59.698902 13.401554 26.375948 0.394053 23.269815 0.004025 -4.919252 4.085021 -2.627724 2.243541 -5.255036 -3.180157 14.282894 -0.826595 6.952505 -3e-06 -12.690605 1e-06 16.345486 -17.590023 2.355771 1.665667 -1.955922 -2.878299 4.727798 -4.170586 4.993925 11.020528 4e-06 -2e-06 12.109053 -3.735715 -2.866785 -0.0 0.0 0.0 1.291986 -1.928549 -1.498089 14.800131 0.567468 3.865607 14.242576 -1.341735 -6.66066 19.631973 0.143927 -0.648246 49.817799 -0.52263 -6.376063 0.353029 -1.511151 -0.031939 20.222797 3.68431 2.316631 18.787279 6e-06 -2e-06 10.751629 -0.479868 1.397906 0.0 2e-06 -1e-06 3.273807 0.305947 -0.580114 21.486816 11.830376 2.266129 8.162928 2e-06 -1e-06 18.399088 -3.798983 -4.940578 4e-06 -0.0 -1e-06 -11.823308 0.566538 -0.992099 0.101072 0.084729 11.161135 3.744294 10.012994 -5.359423 1.601443 -2.000175 -0.349287 0.0 0.0 2e-06 -7.198802 3.715225 -20.408092 0.055692 -0.185959 70.713005 -0.260943 -2.011415 9.4849 -1.380742 0.890725 -4.475582 -0.0 0.0 -1e-06 
0.0 0.0 0.0 0.0 -0.0 0.0 -25.73196 98.830132 507.783417 4.407159 -5.610447 -5.878755 -2.640682 -0.572893 -1.030624 -0.890854 -0.861589 -5.171578 -1.516158 -3.444581 11.815856 -2.105567 3.803488 4.73201 -0.081448 1.452908 -3.541139 1.115717 0.85495 -3.175805 7.7e-05 -2.2e-05 6e-06 0.025383 0.02957 0.009382 0.777349 -3.684917 -10.654074 -0.732427 3.741755 -10.672055 -15.188485 -7.021859 15.069532 -57.081924 -5.852537 7.037519 -0.19519 -31.276516 0.060267 6.16411 -0.885294 -1.443586 -5.88211 9.861292 0.70259 -10.936878 -0.360574 7.156209 -0.0 8.77483 -2e-06 -15.638651 18.510637 6.274348 -1.844035 2.498507 -2.507277 -10.163606 4.678948 4.62111 -20.97604 -2e-06 -1e-06 -21.226305 2.451699 -3.594003 1e-06 -6e-06 -0.0 -1.362682 2.240798 -0.746323 -21.334929 0.584911 3.008321 -13.821221 -2e-06 -1e-06 -23.887188 -0.249079 -0.839486 -60.316082 2.753433 -1.301222 -0.294026 1.679688 0.833256 -14.218221 0.093217 1.300582 -34.212078 -0.287562 0.967167 -20.033232 0.964536 1.212841 -0.0 -1e-06 0.0 -3.440392 0.788233 0.501656 -15.9282 -3.16731 2.999705 -6.338831 -1e-06 -0.0 -18.123459 3.648185 -4.905675 -4e-06 1e-06 1e-06 13.919539 8.394462 17.581017 59.986412 11.029498 26.134525 0.352879 23.703747 0.016513 -4.466588 3.949136 -3.397788 2.243543 -5.255039 -3.180159 14.2829 -0.826595 6.952506 -3e-06 -12.690614 -1e-06 16.332273 -17.597914 2.372442 1.665668 -1.955924 -2.8783 4.727801 -4.170591 4.993926 11.020534 3e-06 -1e-06 12.109059 -3.735718 -2.866788 -0.0 0.0 1e-06 1.291987 -1.928551 -1.49809 14.800139 0.567469 3.865609 14.242582 -1.341737 -6.660664 19.631983 0.143928 -0.648246 49.74403 -0.554793 -6.390902 0.353029 -1.511153 -0.031941 20.222805 3.684314 2.316629 18.787289 6e-06 -1e-06 10.751637 -0.479867 1.397906 -1e-06 1e-06 0.0 3.273809 0.305948 -0.58011 21.486828 11.830384 2.266135 8.16293 3e-06 -0.0 18.399092 -3.798986 -4.940579 4e-06 1e-06 0.0 -10.206155 0.697469 4.440459 0.045116 0.079906 6.289969 3.763041 8.006651 -5.737179 1.623767 -1.928009 -0.434419 0.0 0.0 2e-06 -5.082322 3.161458 -24.140507 -0.034859 -0.22005 64.864182 -0.034978 -2.522565 7.222023 -1.431882 0.905227 -4.566919 0.0 0.0 -4e-06 
0.0 0.0 0.0 0.0 -0.0 0.0 -26.15819 98.852013 511.897278 3.257319 -3.780011 -5.504471 -2.528594 -0.624176 -1.001384 -0.878005 -1.53313 -5.134012 -1.02723 -3.989271 11.67105 -0.83706 3.142668 5.209468 -0.146509 1.395656 -3.554549 1.213515 0.439935 -3.254269 7.7e-05 -2.2e-05 6e-06 0.021552 0.010082 0.016323 0.758537 -3.703061 -10.65213 -0.7198 3.720712 -10.646447 -13.78386 -7.920119 15.114053 -56.824562 -6.747742 7.543352 -0.092038 -34.184418 0.027164 6.341947 -1.35874 -2.230154 -5.882111 9.861292 0.702591 -10.936881 -0.360574 7.156208 1e-06 8.774831 2e-06 -15.456322 18.570328 6.482848 -1.844035 2.498507 -2.50728 -10.16361 4.678947 4.621112 -20.976048 -7e-06 -2e-06 -21.226307 2.451696 -3.594004 2e-06 -6e-06 -1e-06 -1.362683 2.2408 -0.746325 -21.334934 0.584908 3.008323 -13.821227 -5e-06 -0.0 -23.887196 -0.249082 -0.839484 -60.373108 2.827401 -1.179277 -0.294025 1.679688 0.833256 -14.218222 0.093214 1.300578 -34.212082 -0.287568 0.967169 -20.033232 0.964535 1.212843 1e-06 -1e-06 1e-06 -3.440392 0.788233 0.501655 -15.928203 -3.167313 2.999709 -6.338831 -2e-06 -1e-06 -18.123463 3.648181 -4.905675 -4e-06 0.0 -1e-06 14.391163 7.390433 17.581932 60.06506 8.999387 25.745871 0.346219 23.203812 0.047905 -3.830253 3.503519 -3.851366 2.243543 -5.25504 -3.18016 14.282906 -0.826594 6.952505 -5e-06 -12.690616 0.0 16.344625 -17.572186 2.407802 1.665668 -1.955923 -2.878301 4.727803 -4.17059 4.993927 11.020537 5e-06 -2e-06 12.109064 -3.735716 -2.866786 -1e-06 0.0 1e-06 1.291986 -1.92855 -1.498091 14.800144 0.56747 3.865608 14.242585 -1.341735 -6.660662 19.631989 0.143929 -0.648243 49.71188 -0.569244 -6.396574 0.35303 -1.511153 -0.031941 20.222815 3.684315 2.316631 18.787292 8e-06 -1e-06 10.751639 -0.479868 1.397905 -1e-06 0.0 -1e-06 3.27381 0.305948 -0.580111 21.486834 11.830387 2.266133 8.162935 3e-06 -1e-06 18.399099 -3.798983 -4.940581 5e-06 0.0 -2e-06 -8.770576 0.695948 8.767314 -0.001044 0.134452 2.724318 3.711431 6.03598 -6.474867 1.643721 -1.885869 -0.483778 -0.0 0.0 2e-06 -3.552241 2.583698 -26.631348 -0.068448 -0.122742 55.380959 0.77319 -3.01092 5.93064 -1.449468 0.933946 -4.632281 -0.0 0.0 -1e-06 
0.0 0.0 0.0 0.0 -0.0 0.0 -26.529385 98.5364 515.987427 2.705001 -1.978555 -4.952891 -2.63987 -0.663174 -1.153345 -0.894711 -2.080199 -5.162433 -0.886133 -4.323501 11.622298 0.486943 2.414995 5.362332 -0.290515 1.140668 -3.553262 1.329581 -0.046148 -3.361902 7.7e-05 -2.2e-05 6e-06 0.011106 -0.004425 0.027131 0.736379 -3.720028 -10.659339 -0.71801 3.708333 -10.64021 -12.714341 -8.75208 15.200688 -56.221344 -7.741793 8.202804 0.078187 -36.784042 -0.028683 6.614768 -1.752333 -2.771561 -5.882113 9.861297 0.702592 -10.936881 -0.360573 7.156208 0.0 8.774837 1e-06 -15.405593 18.540258 6.525615 -1.844037 2.498509 -2.507281 -10.16361 4.678953 4.621114 -20.976048 -2e-06 -2e-06 -21.226311 2.4517 -3.594007 0.0 -6e-06 -0.0 -1.362684 2.240801 -0.746325 -21.334934 0.584911 3.008321 -13.821229 -4e-06 -3e-06 -23.887196 -0.249081 -0.839487 -60.388969 2.856235 -1.115988 -0.294025 1.679689 0.833257 -14.218224 0.093214 1.30058 -34.212086 -0.287567 0.967166 -20.033232 0.964536 1.212842 1e-06 -1e-06 1e-06 -3.440392 0.788236 0.501656 -15.928201 -3.167312 2.999708 -6.338831 1e-06 -1e-06 -18.123465 3.648185 -4.905679 -4e-06 2e-06 -2e-06 14.945214 6.550875 17.536865 60.176632 7.283948 25.572748 0.265024 22.209026 0.06396 -3.173743 3.036352 -4.059363 2.243542 -5.255038 -3.180156 14.282896 -0.826594 6.952501 -2e-06 -12.69061 -2e-06 16.350664 -17.501665 2.415824 1.665666 -1.955922 -2.878299 4.7278 -4.170589 4.993921 11.020529 3e-06 -0.0 12.109056 -3.735717 -2.866784 -1e-06 -0.0 -0.0 1.291986 -1.928549 -1.498089 14.800132 0.567469 3.865608 14.242577 -1.341737 -6.66066 19.631973 0.143927 -0.648244 49.762146 -0.565371 -6.382606 0.353028 -1.51115 -0.031939 20.222799 3.684313 2.316628 18.787279 7e-06 -1e-06 10.751633 -0.479866 1.397907 -1e-06 -1e-06 -1e-06 3.273808 0.305947 -0.580111 21.48682 11.830381 2.266133 8.16293 3e-06 -1e-06 18.399088 -3.798984 -4.940578 3e-06 -0.0 -1e-06 -7.936911 0.379563 11.419827 -0.042804 0.199854 1.875937 3.548363 4.727648 -8.187159 1.655603 -1.901044 -0.521062 -0.0 -0.0 2e-06 -3.042675 2.097736 -27.575508 0.003476 0.021851 42.889488 1.278195 -3.958939 5.770942 -1.460448 0.976411 -4.735283 -0.0 -0.0 -1e-06 
0.0 0.0 0.0 0.0 -0.0 0.0 -26.864433 97.990242 520.258057 2.709294 -0.19777 -4.308562 -2.929711 -0.715053 -1.400965 -0.933898 -2.409613 -5.311021 -1.098879 -4.562971 11.682363 1.767117 1.734674 5.277144 -0.420629 0.716315 -3.515558 1.33539 -0.636535 -3.417999 7.7e-05 -2.3e-05 6e-06 -0.005787 -0.013737 0.04523 0.721437 -3.736715 -10.697808 -0.736856 3.707492 -10.686512 -11.985612 -9.572529 15.342836 -55.380871 -8.935697 8.947014 0.264284 -38.452862 -0.102607 6.824702 -1.973062 -2.357162 -5.882105 9.861283 0.702591 -10.93687 -0.360575 7.156204 1e-06 8.774824 -1e-06 -15.389151 18.48649 6.498409 -1.844032 2.498505 -2.507279 -10.163598 4.678945 4.621109 -20.976021 -1e-06 5e-06 -21.226284 2.451699 -3.593997 2e-06 -5e-06 -1e-06 -1.362682 2.240798 -0.746322 -21.334913 0.584908 3.008325 -13.821213 -2e-06 4e-06 -23.887167 -0.249076 -0.839479 -60.460972 2.830075 -1.139994 -0.294024 1.679686 0.833254 -14.218207 0.093215 1.300584 -34.212048 -0.287561 0.967174 -20.033211 0.964539 1.212844 0.0 -1e-06 -1e-06 -3.440389 0.788233 0.501655 -15.928185 -3.167308 2.999707 -6.338826 1e-06 2e-06 -18.123446 3.648182 -4.905668 -3e-06 1e-06 -2e-06 15.530378 5.861982 17.492168 60.30439 5.766438 25.529472 0.066029 21.106573 0.089877 -2.420316 2.752715 -4.297024 2.243541 -5.255036 -3.180157 14.28289 -0.826595 6.952503 -2e-06 -12.690603 0.0 16.367081 -17.535013 2.450736 1.665666 -1.955921 -2.878298 4.727798 -4.170587 4.993925 11.020523 3e-06 1e-06 12.109048 -3.735714 -2.866784 0.0 0.0 -2e-06 1.291985 -1.928548 -1.498088 14.800125 0.567468 3.865607 14.242568 -1.341736 -6.660655 19.631962 0.143925 -0.648242 50.034115 -0.52847 -6.304924 0.353029 -1.51115 -0.03194 20.222786 3.684308 2.31663 18.78727 4e-06 1e-06 10.751627 -0.47987 1.397905 -2e-06 -1e-06 1e-06 3.273806 0.305946 -0.580109 21.486813 11.830372 2.266133 8.162927 0.0 0.0 18.39908 -3.798985 -4.940575 3e-06 -0.0 -1e-06 -7.676845 -0.162182 13.554039 -0.062788 0.305243 1.872912 3.25889 3.760563 -10.014636 1.670385 -1.9557 -0.795737 0.0 -0.0 2e-06 -3.472511 1.672269 -27.000816 0.106998 0.07867 27.652128 1.603721 -4.801204 5.855097 -1.460694 1.077612 -4.722601 -0.0 0.0 -1e-06 
0.0 0.0 0.0 0.0 -0.0 0.0 -27.245975 97.279106 524.747192 3.016194 1.45415 -3.482266 -3.180078 -0.763749 -1.829064 -1.019273 -2.506955 -5.561703 -1.537081 -4.739239 11.759507 2.961239 1.233333 4.952622 -0.656117 0.089039 -3.481282 1.27427 -1.532282 -3.238717 7.7e-05 -2.3e-05 6e-06 -0.010685 0.019639 0.032868 0.72597 -3.712419 -10.762818 -0.751993 3.754236 -10.778211 -11.5079 -10.373667 15.208253 -54.649937 -9.92287 9.90625 0.550537 -39.049107 -0.145091 6.721016 -1.853253 -1.020625 -5.88211 9.861288 0.70259 -10.936877 -0.360575 7.156209 1e-06 8.77483 0.0 -15.356285 18.568293 6.494838 -1.844035 2.498504 -2.507279 -10.163606 4.678946 4.621109 -20.976038 -4e-06 1e-06 -21.226299 2.451696 -3.594003 -0.0 -5e-06 -0.0 -1.362682 2.240799 -0.746323 -21.334925 0.58491 3.008324 -13.821218 -5e-06 0.0 -23.887182 -0.249083 -0.839484 -60.376953 2.853404 -1.450933 -0.294025 1.679688 0.833256 -14.218215 0.093215 1.300581 -34.212067 -0.287564 0.967167 -20.033222 0.964536 1.212842 1e-06 -0.0 1e-06 -3.44039 0.788234 0.501656 -15.928198 -3.167311 2.999708 -6.33883 -1e-06 0.0 -18.123457 3.64818 -4.905672 -4e-06 -0.0 -2e-06 16.130777 5.357159 17.378269 60.321609 4.18722 25.487621 -0.037509 20.263649 0.155315 -1.596699 2.419311 -3.929697 2.243543 -5.25504 -3.180159 14.282901 -0.826595 6.952506 -3e-06 -12.690614 -1e-06 16.386644 -17.648544 2.488167 1.665668 -1.955923 -2.878299 4.727802 -4.17059 4.993927 11.020536 3e-06 -0.0 12.10906 -3.735718 -2.866786 0.0 -0.0 -1e-06 1.291987 -1.92855 -1.49809 14.800139 0.567469 3.865611 14.242582 -1.341737 -6.660661 19.631983 0.143927 -0.648244 50.206947 -0.523039 -6.29079 0.353029 -1.511152 -0.03194 20.222805 3.684313 2.316632 18.787287 4e-06 -1e-06 10.751636 -0.479868 1.397905 -1e-06 1e-06 -0.0 3.273809 0.305948 -0.58011 21.486832 11.830384 2.266134 8.162933 1e-06 -2e-06 18.399097 -3.798986 -4.940579 3e-06 1e-06 -1e-06 -7.576189 -0.559178 15.521833 -0.023951 0.40095 1.958021 3.142356 2.322271 -11.599257 1.731069 -1.96455 -1.283331 -0.0 -0.0 2e-06 -4.308777 1.480798 -25.904758 0.158435 0.02099 12.44645 2.639006 -5.866985 3.738305 -1.369499 1.178827 -4.625299 -0.0 -0.0 -1e-06 
0.0 0.0 0.0 0.0 -0.0 0.0 -27.629896 96.496483 529.160461 3.086284 2.399401 -2.571304 -3.171836 -0.675229 -2.359974 -1.093682 -2.586807 -5.814358 -1.726858 -4.658209 11.742459 3.691511 1.083328 4.47688 -0.814934 -0.614489 -3.496272 1.190696 -2.228577 -2.796304 7.7e-05 -2.3e-05 6e-06 -0.005394 0.025193 0.005245 0.711379 -3.706904 -10.77874 -0.726369 3.763716 -10.800596 -11.90892 -10.64597 14.681401 -53.686996 -10.368603 10.132828 0.261457 -39.108765 -0.042242 6.383008 -1.612823 1.021734 -5.882109 9.861291 0.702589 -10.936879 -0.360577 7.15621 3e-06 8.774829 -1e-06 -15.340187 18.62274 6.485482 -1.844034 2.498505 -2.50728 -10.163604 4.678945 4.621111 -20.976038 -8e-06 2e-06 -21.226301 2.451694 -3.594 1e-06 -4e-06 -0.0 -1.362682 2.240799 -0.746324 -21.33493 0.584907 3.008321 -13.821224 -6e-06 1e-06 -23.887186 -0.249084 -0.839481 -60.285606 2.786912 -1.409089 -0.294025 1.679689 0.833257 -14.218221 0.093215 1.300579 -34.212074 -0.287569 0.96717 -20.033228 0.964534 1.212843 -0.0 -1e-06 2e-06 -3.440391 0.788234 0.501656 -15.9282 -3.167313 2.999708 -6.33883 -1e-06 1e-06 -18.123459 3.648182 -4.905673 -4e-06 0.0 -0.0 17.010103 5.157518 17.107925 59.735176 2.592949 25.717209 -0.062349 19.591475 0.170566 -0.348227 1.997639 -2.661294 2.243542 -5.255039 -3.180158 14.282896 -0.826595 6.952506 -3e-06 -12.69061 -0.0 16.318773 -17.620188 2.456593 1.665666 -1.955922 -2.8783 4.7278 -4.170588 4.993925 11.02053 3e-06 0.0 12.109056 -3.735717 -2.866785 1e-06 -0.0 0.0 1.291986 -1.92855 -1.498087 14.800136 0.567469 3.865609 14.242577 -1.341737 -6.660657 19.631975 0.143925 -0.648243 50.154011 -0.480203 -6.499177 0.353029 -1.511151 -0.03194 20.222801 3.684313 2.316633 18.787283 5e-06 2e-06 10.751635 -0.479867 1.397907 -1e-06 0.0 -2e-06 3.273808 0.305947 -0.580112 21.486822 11.83038 2.266136 8.16293 2e-06 -0.0 18.399092 -3.798986 -4.940575 3e-06 -0.0 -1e-06 -7.046002 -0.596462 17.358793 -0.081093 0.385977 2.244582 2.802195 1.105389 -12.859262 1.781647 -1.894891 -1.948285 0.0 -0.0 2e-06 -4.220314 1.061771 -26.100807 0.05655 0.037015 2.774189 4.707184 -6.839112 0.728826 -1.291927 1.185708 -4.590286 0.0 -0.0 -1e-06 
0.0 0.0 0.0 0.0 -0.0 0.0 -27.99798 95.773148 533.499878 3.002637 2.746589 -2.01619 -3.06068 -0.584514 -2.723133 -1.082336 -2.654016 -5.927341 -1.742988 -4.490764 11.642487 3.980263 1.069237 3.998014 -0.881936 -0.869432 -3.456211 1.125749 -2.758517 -2.830046 7.7e-05 -2.3e-05 6e-06 -0.005464 -0.011994 -0.004983 0.716507 -3.744923 -10.782051 -0.730792 3.728897 -10.793771 -12.201706 -10.622216 14.367851 -53.728695 -10.364152 9.089234 -0.191393 -38.783939 0.070738 6.498306 -1.829258 2.36578 -5.882109 9.861288 0.702591 -10.936877 -0.360574 7.156209 1e-06 8.774828 -1e-06 -15.432645 18.577599 6.42876 -1.844032 2.498504 -2.507278 -10.163604 4.678946 4.62111 -20.97603 -1e-06 5e-06 -21.226295 2.451701 -3.594002 1e-06 -5e-06 -1e-06 -1.362682 2.240798 -0.746324 -21.334921 0.58491 3.008328 -13.821218 -1e-06 2e-06 -23.887178 -0.249076 -0.839483 -60.397579 2.757568 -1.223684 -0.294026 1.679689 0.833256 -14.218215 0.093216 1.300582 -34.212063 -0.287563 0.967171 -20.033222 0.964539 1.212842 0.0 -1e-06 1e-06 -3.440388 0.788235 0.501655 -15.928192 -3.167311 2.999709 -6.338829 0.0 2e-06 -18.123457 3.648188 -4.905672 -5e-06 0.0 -1e-06 17.4547 5.326504 17.145378 59.282566 1.929989 26.253355 0.012753 18.591797 0.162059 1.117185 1.37118 -1.660784 2.243541 -5.255035 -3.180157 14.282885 -0.826594 6.9525 -2e-06 -12.690599 -1e-06 16.431267 -17.611732 2.343356 1.665666 -1.955921 -2.878299 4.727797 -4.170586 4.993923 11.020521 2e-06 -0.0 12.109048 -3.735714 -2.866783 0.0 0.0 -1e-06 1.291985 -1.928549 -1.498091 14.800122 0.567467 3.865609 14.242566 -1.341737 -6.660654 19.631958 0.143925 -0.648244 50.069763 -0.348976 -6.697597 0.353029 -1.51115 -0.031941 20.222784 3.684308 2.316629 18.787266 5e-06 -1e-06 10.751625 -0.479867 1.397906 -0.0 1e-06 -0.0 3.273805 0.305947 -0.580109 21.486803 11.83037 2.266133 8.162925 2e-06 -0.0 18.399076 -3.798983 -4.940572 3e-06 -1e-06 -2e-06 -6.267992 -0.303789 19.301403 -0.097443 0.276247 3.144316 2.155992 0.224724 -13.006541 1.824365 -1.887895 -3.764844 0.0 -0.0 2e-06 -2.940675 -0.455999 -26.945732 0.003166 0.113429 0.975559 7.405442 -6.900067 -1.579756 -1.277811 1.129682 -4.708871 -0.0 0.0 -2e-06 
0.0 0.0 0.0 0.0 -0.0 0.0 -28.42663 95.251419 538.010071 2.06527 2.762154 -1.61773 -2.373672 -0.442547 -3.218231 -0.972333 -2.730549 -6.019852 -1.449075 -4.380736 11.566854 3.904124 1.132854 3.609973 -0.912984 -1.056456 -3.428805 1.229569 -3.235248 -2.630412 7.7e-05 -2.2e-05 6e-06 -0.013523 -0.017153 0.015888 0.727551 -3.746553 -10.71433 -0.75648 3.717371 -10.718863 -12.869106 -10.32895 14.209552 -54.161076 -9.580262 7.714186 -0.412535 -38.460957 0.123613 6.79635 -2.147137 2.221449 -5.882113 9.861293 0.702592 -10.936881 -0.360573 7.156209 -1e-06 8.774833 1e-06 -15.592634 18.417971 6.341511 -1.844035 2.498508 -2.507281 -10.163611 4.678952 4.621112 -20.976044 1e-06 1e-06 -21.226311 2.451702 -3.594005 1e-06 -4e-06 0.0 -1.362685 2.240801 -0.746325 -21.334938 0.584914 3.008324 -13.821229 -3e-06 -0.0 -23.887196 -0.24908 -0.839486 -60.358124 2.658983 -1.136571 -0.294025 1.679687 0.833256 -14.218224 0.093218 1.300581 -34.212086 -0.287563 0.967166 -20.033236 0.964537 1.21284 -0.0 -0.0 0.0 -3.440392 0.788235 0.501657 -15.928203 -3.16731 2.999707 -6.338832 -1e-06 -0.0 -18.123466 3.648187 -4.905677 -5e-06 -0.0 -1e-06 17.97493 5.516675 17.166451 58.447868 1.811869 27.148848 0.034973 17.579956 0.156294 2.271093 0.79828 -1.305582 2.243543 -5.255038 -3.180159 14.282896 -0.826597 6.952503 0.0 -12.690609 1e-06 16.468473 -17.677679 2.277786 1.665667 -1.955922 -2.878298 4.727801 -4.170589 4.993924 11.020529 1e-06 -1e-06 12.109057 -3.735719 -2.866785 -1e-06 1e-06 -2e-06 1.291986 -1.92855 -1.498091 14.800132 0.567467 3.865606 14.242577 -1.341739 -6.660659 19.631973 0.143923 -0.648246 50.143276 -0.292412 -6.763596 0.353029 -1.511151 -0.031942 20.222799 3.684308 2.316633 18.787279 1e-06 -2e-06 10.751633 -0.479871 1.397906 -1e-06 2e-06 -0.0 3.273808 0.305947 -0.580112 21.486818 11.830377 2.266132 8.16293 1e-06 -2e-06 18.39909 -3.798988 -4.940577 3e-06 -0.0 -2e-06 -4.267486 0.753043 20.042166 -0.014264 0.012907 6.675385 1.511275 -0.887624 -12.436229 1.877548 -1.912968 -7.212505 0.0 0.0 2e-06 -0.861497 -1.591296 -25.954035 0.087257 0.004003 1.988292 7.488923 -6.63149 1.164669 -1.286828 1.184194 -5.360922 -0.0 -0.0 -0.0 
0.0 0.0 0.0 0.0 -0.0 0.0 -29.023636 95.046173 542.665894 -0.5266 2.458354 -1.017141 -0.618966 -0.369527 -4.004972 -0.754807 -2.501885 -6.373729 -0.567024 -4.517868 11.619634 3.677742 1.279309 3.18676 -1.073324 -1.18217 -3.484294 1.363919 -3.716914 -1.219387 7.7e-05 -2.3e-05 6e-06 -0.027529 -0.032706 -0.002815 0.714146 -3.754173 -10.686823 -0.766153 3.693123 -10.694468 -15.054827 -9.520635 13.736681 -53.56926 -7.793237 6.534132 -0.529232 -38.200684 0.039721 6.937599 -2.565358 1.253188 -5.88211 9.861291 0.702589 -10.936877 -0.360574 7.156208 -1e-06 8.77483 -0.0 -15.648309 18.373714 6.357348 -1.844034 2.498506 -2.507278 -10.163603 4.678944 4.62111 -20.976036 -4e-06 -0.0 -21.226297 2.451698 -3.594003 0.0 -6e-06 -1e-06 -1.362683 2.2408 -0.746323 -21.334923 0.584908 3.008323 -13.821218 -5e-06 0.0 -23.887182 -0.249081 -0.839487 -60.173393 2.526697 -1.06232 -0.294026 1.67969 0.833256 -14.218215 0.093214 1.300578 -34.212067 -0.287564 0.967168 -20.033226 0.964536 1.212845 1e-06 -1e-06 1e-06 -3.44039 0.788233 0.501655 -15.928192 -3.16731 2.999707 -6.338828 -1e-06 -0.0 -18.123457 3.648183 -4.905676 -4e-06 1e-06 -2e-06 19.532701 5.767485 16.829021 56.403332 1.520793 27.597172 0.094711 16.810053 0.14537 2.935656 0.333933 -1.076236 2.243542 -5.255038 -3.180159 14.282896 -0.826595 6.952506 -1e-06 -12.69061 -0.0 16.302284 -17.67597 2.32985 1.665667 -1.955922 -2.878299 4.7278 -4.17059 4.993926 11.020529 2e-06 -1e-06 12.109058 -3.735717 -2.866785 -1e-06 1e-06 -1e-06 1.291986 -1.92855 -1.498089 14.800132 0.567468 3.86561 14.242577 -1.341736 -6.660661 19.631975 0.143926 -0.648243 50.165668 -0.280292 -6.707332 0.353029 -1.511151 -0.031941 20.222801 3.68431 2.316633 18.787281 3e-06 -1e-06 10.751634 -0.47987 1.397908 -1e-06 2e-06 -1e-06 3.273808 0.305947 -0.580111 21.48682 11.830378 2.266134 8.16293 2e-06 -1e-06 18.399088 -3.798986 -4.940577 3e-06 1e-06 -1e-06 0.236399 3.035613 18.781326 0.094933 -0.295001 13.534624 0.868895 -3.159881 -10.622986 1.987987 -1.840342 -13.365016 0.0 -0.0 2e-06 2.403865 -0.308449 -25.771896 0.030074 -0.187723 4.758806 4.907745 -7.162637 8.665738 -1.329606 1.158481 -5.013642 -0.0 -0.0 -1e-06 
0.0 0.0 0.0 0.0 -0.0 0.0 -29.727592 95.105774 547.301514 -2.990507 1.784758 -1.0323 0.543782 -0.267997 -4.207059 -0.439703 -2.593731 -6.52081 0.960488 -4.365871 11.458273 3.272266 1.392507 3.113752 -1.226396 -1.038749 -3.523197 1.546086 -3.80214 -0.907505 7.7e-05 -2.3e-05 6e-06 -0.028269 -0.063528 -0.021301 0.74742 -3.791418 -10.747264 -0.798613 3.66968 -10.745907 -16.447552 -8.619632 13.587759 -54.646458 -6.050807 4.784004 -0.390165 -37.20665 0.022673 7.119305 -3.024035 -0.061378 -5.882114 9.861295 0.702593 -10.936884 -0.360575 7.15621 1e-06 8.774835 -2e-06 -15.820469 18.18071 6.249199 -1.844035 2.498505 -2.50728 -10.163612 4.678951 4.621112 -20.976051 -3e-06 0.0 -21.226315 2.451699 -3.594005 1e-06 -6e-06 -0.0 -1.362684 2.240801 -0.746323 -21.334942 0.58491 3.008322 -13.82123 -4e-06 -1e-06 -23.887203 -0.249082 -0.839485 -59.944733 2.415562 -0.913152 -0.294026 1.679689 0.833257 -14.218227 0.093215 1.300579 -34.212093 -0.287567 0.967168 -20.033241 0.964536 1.212844 1e-06 2e-06 -0.0 -3.440392 0.788235 0.501656 -15.928206 -3.167313 2.999708 -6.338835 -1e-06 -1e-06 -18.12347 3.648185 -4.905678 -4e-06 0.0 -1e-06 20.153179 6.448097 16.704304 55.132004 2.02042 27.551397 0.106559 16.133682 0.038058 2.625648 -0.112732 -1.054003 2.243543 -5.255043 -3.180159 14.282907 -0.826597 6.952512 -1e-06 -12.690619 -2e-06 16.242714 -17.592941 2.244438 1.665668 -1.955924 -2.878302 4.727805 -4.170593 4.993927 11.020539 2e-06 1e-06 12.109066 -3.735722 -2.866787 -1e-06 0.0 -0.0 1.291987 -1.928551 -1.498088 14.800146 0.567469 3.86561 14.242587 -1.34174 -6.660661 19.63199 0.143925 -0.648245 50.010017 -0.260674 -6.679033 0.353029 -1.511153 -0.03194 20.222816 3.684313 2.316635 18.787296 3e-06 0.0 10.751642 -0.479871 1.397908 1e-06 2e-06 -1e-06 3.27381 0.305947 -0.580111 21.486837 11.830387 2.266138 8.162937 2e-06 -2e-06 18.399107 -3.798991 -4.940581 3e-06 1e-06 -2e-06 4.340105 4.692489 16.053375 0.068016 -0.43677 23.76326 0.2214 -4.071847 -4.795285 2.143042 -1.728562 -22.039801 0.0 -0.0 2e-06 5.422613 1.758346 -26.080008 -0.031058 -0.187258 10.333162 2.240381 -7.247608 11.23337 -1.362224 1.098186 -3.191039 -0.0 0.0 -1e-06 
0.0 0.0 0.0 0.0 -0.0 0.0 -30.344959 95.568993 551.963867 -4.472421 1.118692 -1.641599 1.153184 -0.183643 -3.847187 -0.208657 -2.568438 -6.370469 1.993945 -4.079806 11.143623 3.310046 1.390883 3.468514 -1.283144 -1.061277 -3.478924 1.594076 -3.589309 -1.348035 7.7e-05 -2.2e-05 6e-06 -0.020898 -0.056015 -0.01253 0.777021 -3.77319 -10.750593 -0.812923 3.665571 -10.740979 -15.792939 -8.073084 13.796333 -57.684978 -4.997237 3.337425 -0.130385 -35.317677 -0.067358 7.000175 -3.191184 -1.250374 -5.88211 9.86129 0.702593 -10.936877 -0.360575 7.156209 -0.0 8.77483 -0.0 -15.832583 17.9224 6.144731 -1.844033 2.498505 -2.507279 -10.163606 4.678947 4.621113 -20.976038 -1e-06 3e-06 -21.226301 2.451699 -3.594003 -1e-06 -7e-06 -0.0 -1.362683 2.240799 -0.746323 -21.334929 0.58491 3.008327 -13.821222 -3e-06 1e-06 -23.887184 -0.24908 -0.839486 -59.748528 2.440896 -0.949575 -0.294024 1.679688 0.833256 -14.218217 0.093216 1.300581 -34.21207 -0.287563 0.967169 -20.033226 0.964539 1.212847 1e-06 -0.0 1e-06 -3.440392 0.788235 0.501656 -15.928196 -3.16731 2.999708 -6.33883 0.0 -1e-06 -18.123459 3.648185 -4.905674 -3e-06 1e-06 -3e-06 19.566961 7.095773 16.638096 55.24551 3.414149 26.380362 0.269107 15.914514 -0.011434 1.520314 -0.438217 -0.859603 2.243541 -5.255037 -3.180158 14.282892 -0.826594 6.952501 -3e-06 -12.690604 -0.0 16.400717 -17.547911 2.176464 1.665666 -1.955921 -2.8783 4.727798 -4.170588 4.993927 11.020526 4e-06 -2e-06 12.109053 -3.735713 -2.866784 -1e-06 1e-06 -0.0 1.291986 -1.92855 -1.498091 14.800131 0.567469 3.865608 14.242574 -1.341735 -6.660659 19.631969 0.143929 -0.648244 49.964672 -0.280747 -6.637434 0.353029 -1.511151 -0.031941 20.222794 3.684312 2.316631 18.787273 6e-06 2e-06 10.751629 -0.479867 1.397907 -0.0 0.0 -1e-06 3.273807 0.305947 -0.58011 21.486818 11.830378 2.266132 8.162928 3e-06 -1e-06 18.39908 -3.798985 -4.940573 4e-06 0.0 -1e-06 6.884378 5.393724 11.624249 -0.086748 -0.521993 36.395321 -0.880026 -3.95041 5.11729 2.2553 -1.553324 -27.087505 -0.0 0.0 3e-06 7.570984 2.588123 -24.530863 -0.008473 -0.194836 14.154553 0.610676 -6.578979 10.037663 -1.379569 1.004734 -1.969165 -0.0 -0.0 -1e-06 
0.0 0.0 0.0 0.0 -0.0 0.0 -30.818098 96.207359 556.58844 -5.421274 0.641265 -2.506393 1.513434 -0.038126 -3.195917 -0.088591 -2.283106 -6.160577 2.641568 -3.788569 10.936622 3.614418 1.196356 4.012577 -1.14855 -1.179553 -3.522611 1.519648 -3.434439 -1.791694 7.7e-05 -2.2e-05 6e-06 -0.016227 0.005658 -0.040505 0.766049 -3.694927 -10.722959 -0.793037 3.706547 -10.698298 -14.666125 -7.615248 14.330509 -60.434189 -4.629616 2.981734 -0.066684 -33.433559 0.045036 6.749602 -3.067274 -2.31287 -5.882111 9.861292 0.70259 -10.93688 -0.360574 7.156209 1e-06 8.774832 -2e-06 -15.889804 18.090548 6.159461 -1.844035 2.498508 -2.507279 -10.16361 4.67895 4.621109 -20.97604 -5e-06 -0.0 -21.226307 2.451697 -3.594005 1e-06 -6e-06 0.0 -1.362684 2.240801 -0.746323 -21.334932 0.58491 3.008322 -13.821225 -4e-06 -1e-06 -23.887188 -0.249081 -0.839486 -59.804878 2.482805 -1.116315 -0.294025 1.679689 0.833256 -14.218221 0.093216 1.300579 -34.212074 -0.287565 0.967167 -20.033232 0.964534 1.212843 -0.0 1e-06 -1e-06 -3.440392 0.788235 0.501656 -15.928201 -3.167314 2.999707 -6.338832 -2e-06 0.0 -18.123461 3.648181 -4.905674 -2e-06 1e-06 -2e-06 18.869101 7.592994 16.447716 55.381115 4.881804 25.013496 0.573133 17.092604 0.061177 0.094799 -0.360861 -0.780459 2.243544 -5.255041 -3.180162 14.282904 -0.826596 6.95251 -2e-06 -12.690616 -0.0 16.551085 -17.593216 2.204753 1.665668 -1.955923 -2.878304 4.727804 -4.170591 4.99393 11.020536 2e-06 -1e-06 12.109064 -3.735719 -2.866787 -0.0 0.0 -0.0 1.291987 -1.928551 -1.49809 14.800142 0.567467 3.865612 14.242585 -1.341738 -6.660665 19.631987 0.143926 -0.648247 50.007393 -0.358473 -6.522527 0.353029 -1.511152 -0.031941 20.222809 3.684312 2.316634 18.787289 3e-06 1e-06 10.751638 -0.479871 1.397907 -2e-06 -1e-06 -1e-06 3.27381 0.305947 -0.580113 21.486834 11.830383 2.266136 8.162935 0.0 -1e-06 18.399101 -3.79899 -4.940581 3e-06 1e-06 -1e-06 8.486933 5.202394 5.996759 -0.117637 -0.41112 49.143051 -3.918698 -2.940857 15.065349 2.061801 -1.611307 -17.783323 0.0 -0.0 1e-06 9.177595 2.411965 -21.479708 0.019809 -0.420132 15.728747 -0.96057 -4.871139 8.084208 -1.406038 0.998396 -0.692559 0.0 0.0 -1e-06 
0.0 0.0 0.0 0.0 -0.0 0.0 -31.25382 96.62886 560.975708 -6.299928 0.496762 -3.175163 1.935725 -0.089119 -2.645979 0.052542 -1.824467 -5.924965 3.044442 -3.579016 10.930859 3.8709 0.872476 4.309129 -1.045541 -1.148307 -3.572029 1.42607 -3.151468 -2.334447 7.7e-05 -2.3e-05 6e-06 -0.022911 -0.034135 -0.059124 0.743999 -3.749679 -10.73704 -0.784862 3.677662 -10.706697 -14.137026 -7.045209 14.554947 -61.667881 -3.981583 3.617849 -0.170438 -32.601131 0.127973 6.095469 -3.044012 -2.171376 -5.882111 9.861292 0.70259 -10.93688 -0.360575 7.156209 0.0 8.774831 -0.0 -16.087292 18.055756 6.067791 -1.844034 2.498505 -2.507279 -10.163607 4.678949 4.621111 -20.97604 -4e-06 -1e-06 -21.226303 2.451698 -3.594005 2e-06 -6e-06 -0.0 -1.362682 2.240799 -0.746324 -21.334934 0.584911 3.008322 -13.821226 -2e-06 1e-06 -23.887192 -0.24908 -0.839486 -60.058769 2.592868 -1.238553 -0.294024 1.679687 0.833256 -14.218223 0.093214 1.300581 -34.212082 -0.287566 0.967168 -20.033232 0.964535 1.212842 -0.0 1e-06 0.0 -3.440391 0.788234 0.501655 -15.928201 -3.167312 2.999706 -6.338833 -1e-06 -0.0 -18.123465 3.648186 -4.905674 -2e-06 1e-06 -0.0 18.614864 7.991488 16.327356 54.730675 6.568517 24.557819 0.526248 19.46814 -0.00997 -1.584651 0.699226 -2.190759 2.243545 -5.255044 -3.180161 14.282908 -0.826597 6.952507 -1e-06 -12.690619 -0.0 16.530937 -17.470713 2.294218 1.66567 -1.955925 -2.878302 4.727805 -4.170593 4.993928 11.020541 2e-06 -2e-06 12.109068 -3.735722 -2.866786 -0.0 0.0 -0.0 1.291987 -1.928552 -1.49809 14.800148 0.567467 3.865611 14.242591 -1.341739 -6.660665 19.631992 0.143924 -0.648248 50.083015 -0.405421 -6.34743 0.35303 -1.511153 -0.031937 20.222818 3.684313 2.316629 18.787298 4e-06 -2e-06 10.751641 -0.479869 1.397905 -0.0 1e-06 -0.0 3.273811 0.305947 -0.580111 21.486843 11.830388 2.266133 8.162938 2e-06 -5e-06 18.399107 -3.798989 -4.940584 2e-06 1e-06 -1e-06 9.569827 4.474655 -0.170595 -0.079574 -0.339381 59.571857 -5.036959 -0.002923 19.567141 1.836249 -1.825139 -6.589601 0.0 0.0 2e-06 10.700921 2.17796 -18.68614 -0.110408 -0.437041 17.620226 -2.052031 -4.634363 4.124009 -1.433864 1.01945 -0.294852 -0.0 -0.0 -1e-06 
0.0 0.0 0.0 0.0 -0.0 0.0 -31.513824 97.03241 565.022827 -6.727815 0.155543 -3.581413 2.263504 -0.092803 -2.367385 0.13778 -1.404886 -5.797946 3.162956 -3.233064 11.104058 3.868839 0.64075 4.578613 -0.940494 -1.069143 -3.566631 1.323878 -3.066098 -2.633947 7.7e-05 -2.3e-05 6e-06 -0.024337 -0.076556 -0.054 0.721807 -3.805604 -10.74797 -0.76589 3.644082 -10.714692 -14.018426 -6.396133 14.838089 -62.240051 -3.270162 3.953455 -0.3398 -32.290524 0.241463 5.682174 -3.116208 -1.863488 -5.882108 9.861288 0.70259 -10.936873 -0.360575 7.156204 -0.0 8.774828 0.0 -16.143089 18.062923 5.946184 -1.844033 2.498505 -2.507277 -10.163603 4.678945 4.621108 -20.976028 -5e-06 1e-06 -21.226294 2.451696 -3.594002 0.0 -6e-06 -1e-06 -1.362682 2.240799 -0.746323 -21.334917 0.584911 3.008321 -13.821216 -1e-06 1e-06 -23.887173 -0.249079 -0.839486 -60.157711 2.692761 -1.410812 -0.294026 1.679689 0.833256 -14.21821 0.093215 1.300579 -34.212048 -0.287564 0.967166 -20.033216 0.964535 1.21284 -0.0 0.0 -1e-06 -3.440388 0.788233 0.501656 -15.928185 -3.167309 2.999705 -6.338828 0.0 -0.0 -18.123453 3.648183 -4.905673 -3e-06 1e-06 -2e-06 18.426926 8.388055 16.404924 54.00555 8.612104 24.4028 0.265247 21.924997 -0.08202 -2.99728 1.526818 -3.23929 2.243544 -5.255037 -3.180158 14.282893 -0.826594 6.952498 -3e-06 -12.690607 1e-06 16.602983 -17.689903 2.409484 1.665668 -1.955922 -2.878299 4.727799 -4.170588 4.993921 11.02053 3e-06 -3e-06 12.109056 -3.735716 -2.866788 0.0 -0.0 -1e-06 1.291987 -1.92855 -1.49809 14.800132 0.567469 3.865605 14.242578 -1.341735 -6.660662 19.631973 0.143928 -0.648249 50.242516 -0.553 -6.333416 0.35303 -1.511151 -0.03194 20.222797 3.68431 2.316627 18.787279 7e-06 -5e-06 10.751633 -0.479866 1.397904 0.0 1e-06 -0.0 3.273807 0.305946 -0.580112 21.486816 11.830376 2.266128 8.162928 2e-06 -3e-06 18.399088 -3.798983 -4.940581 4e-06 -0.0 -2e-06 9.984799 3.640554 -5.686271 -0.095659 -0.246494 66.24424 -4.76277 1.343994 17.94486 1.722339 -1.844143 -4.353938 -0.0 0.0 4e-06 11.547048 2.494908 -15.753661 -0.176593 -0.41721 18.235374 -2.525611 -5.035991 1.063515 -1.447389 1.119347 0.01341 0.0 0.0 -1e-06 
