HIERARCHY
ROOT Root
{
  OFFSET 0.0 0.0 0.0
  CHANNELS 6 Xposition Yposition Zposition Zrotation Yrotation Xrotation
  JOINT Hips
  {
    OFFSET 0.0 100.0 0.0
    CHANNELS 6 Xposition Yposition Zposition Zrotation Yrotation Xrotation
    JOINT Spine1
    {
      OFFSET -0.013727 5.003763 -0.053727
      CHANNELS 3 Zrotation Yrotation Xrotation
      JOINT Spine2
      {
        OFFSET -0.0 7.125301 -0.029825
        CHANNELS 3 Zrotation Yrotation Xrotation
        JOINT Chest
        {
          OFFSET -1e-06 7.550063 -0.815971
          CHANNELS 3 Zrotation Yrotation Xrotation
          JOINT Neck1
          {
            OFFSET -0.181677 26.311295 -0.553348
            CHANNELS 3 Zrotation Yrotation Xrotation
            JOINT Neck2
            {
              OFFSET -3e-06 7.709397 2.302585
              CHANNELS 3 Zrotation Yrotation Xrotation
              JOINT Head
              {
                OFFSET -5e-06 6.128916 1.953709
                CHANNELS 3 Zrotation Yrotation Xrotation
                JOINT HeadEnd
                {
                  OFFSET 0.003598 16.065403 -1.835379
                  CHANNELS 3 Zrotation Yrotation Xrotation
                }
                JOINT Jaw
                {
                  OFFSET 0.002637 0.475592 3.094941
                  CHANNELS 3 Zrotation Yrotation Xrotation
                }
                JOINT LeftEye
                {
                  OFFSET 3.206381 5.380205 7.586883
                  CHANNELS 3 Zrotation Yrotation Xrotation
                }
                JOINT RightEye
                {
                  OFFSET -3.22244 5.361869 7.558234
                  CHANNELS 3 Zrotation Yrotation Xrotation
                }
              }
            }
          }
          JOINT LeftShoulder
          {
            OFFSET 1.621652 23.237164 5.113413
            CHANNELS 3 Zrotation Yrotation Xrotation
            JOINT LeftArm
            {
              OFFSET 14.919846 2e-06 -5.502326
              CHANNELS 3 Zrotation Yrotation Xrotation
              JOINT LeftForeArm
              {
                OFFSET 28.739307 0.0 -0.002588
                CHANNELS 3 Zrotation Yrotation Xrotation
                JOINT LeftHand
                {
                  OFFSET 27.093981 -1e-06 0.002609
                  CHANNELS 3 Zrotation Yrotation Xrotation
                  JOINT LeftHandThumb1
                  {
                    OFFSET 2.276482 -1.392045 3.191413
                    CHANNELS 3 Zrotation Yrotation Xrotation
                    JOINT LeftHandThumb2
                    {
                      OFFSET 4.012836 -1.828127 1.641654
                      CHANNELS 3 Zrotation Yrotation Xrotation
                      JOINT LeftHandThumb3
                      {
                        OFFSET 2.798515 0.0 -3e-06
                        CHANNELS 3 Zrotation Yrotation Xrotation
                        JOINT LeftHandThumbEnd
                        {
                          OFFSET 3.180793 -4e-06 4e-06
                          CHANNELS 3 Zrotation Yrotation Xrotation
                        }
                      }
                    }
                  }
                  JOINT LeftHandIndex1
                  {
                    OFFSET 3.247555 -0.531998 2.296169
                    CHANNELS 3 Zrotation Yrotation Xrotation
                    JOINT LeftHandIndex2
                    {
                      OFFSET 6.364578 0.01206 0.1786
                      CHANNELS 3 Zrotation Yrotation Xrotation
                      JOINT LeftHandIndex3
                      {
                        OFFSET 3.662364 0.0 0.0
                        CHANNELS 3 Zrotation Yrotation Xrotation
                        JOINT LeftHandIndex4
                        {
                          OFFSET 2.329242 4e-06 4e-06
                          CHANNELS 3 Zrotation Yrotation Xrotation
                          JOINT LeftHandIndexEnd
                          {
                            OFFSET 2.759615 -0.180537 -0.113024
                            CHANNELS 3 Zrotation Yrotation Xrotation
                          }
                        }
                      }
                    }
                  }
                  JOINT LeftHandMiddle1
                  {
                    OFFSET 3.163495 0.240981 1.000332
                    CHANNELS 3 Zrotation Yrotation Xrotation
                    JOINT LeftHandMiddle2
                    {
                      OFFSET 6.19078 -0.259278 -1.002548
                      CHANNELS 3 Zrotation Yrotation Xrotation
                      JOINT LeftHandMiddle3
                      {
                        OFFSET 4.35652 -4e-06 -1e-06
                        CHANNELS 3 Zrotation Yrotation Xrotation
                        JOINT LeftHandMiddle4
                        {
                          OFFSET 2.996877 -8e-06 0.0
                          CHANNELS 3 Zrotation Yrotation Xrotation
                          JOINT LeftHandMiddleEnd
                          {
                            OFFSET 2.304287 -0.294569 -0.031741
                            CHANNELS 3 Zrotation Yrotation Xrotation
                          }
                        }
                      }
                    }
                  }
                  JOINT LeftHandRing1
                  {
                    OFFSET 2.882643 -0.053652 -0.322543
                    CHANNELS 3 Zrotation Yrotation Xrotation
                    JOINT LeftHandRing2
                    {
                      OFFSET 5.854541 -0.486202 -1.373841
                      CHANNELS 3 Zrotation Yrotation Xrotation
                      JOINT LeftHandRing3
                      {
                        OFFSET 4.350578 0.0 3e-06
                        CHANNELS 3 Zrotation Yrotation Xrotation
                        JOINT LeftHandRing4
                        {
                          OFFSET 2.651321 7e-06 2e-06
                          CHANNELS 3 Zrotation Yrotation Xrotation
                          JOINT LeftHandRingEnd
                          {
                            OFFSET 1.936105 0.077687 -7.1e-05
                            CHANNELS 3 Zrotation Yrotation Xrotation
                          }
                        }
                      }
                    }
                  }
                  JOINT LeftHandPinky1
                  {
                    OFFSET 2.8655 -0.310005 -1.600378
                    CHANNELS 3 Zrotation Yrotation Xrotation
                    JOINT LeftHandPinky2
                    {
                      OFFSET 5.087849 -1.331141 -1.77123
                      CHANNELS 3 Zrotation Yrotation Xrotation
                      JOINT LeftHandPinky3
                      {
                        OFFSET 3.070974 4e-06 0.0
                        CHANNELS 3 Zrotation Yrotation Xrotation
                        JOINT LeftHandPinky4
                        {
                          OFFSET 1.549672 0.0 1e-06
                          CHANNELS 3 Zrotation Yrotation Xrotation
                          JOINT LeftHandPinkyEnd
                          {
                            OFFSET 1.944893 -0.157802 0.057219
                            CHANNELS 3 Zrotation Yrotation Xrotation
                          }
                        }
                      }
                    }
                  }
                }
              }
            }
          }
          JOINT RightShoulder
          {
            OFFSET -1.380118 23.180309 5.214158
            CHANNELS 3 Zrotation Yrotation Xrotation
            JOINT RightArm
            {
              OFFSET -15.037196 1.2e-05 -5.545604
              CHANNELS 3 Zrotation Yrotation Xrotation
              JOINT RightForeArm
              {
                OFFSET -28.736639 2e-06 -0.002597
                CHANNELS 3 Zrotation Yrotation Xrotation
                JOINT RightHand
                {
                  OFFSET -27.133619 -0.0 0.002613
                  CHANNELS 3 Zrotation Yrotation Xrotation
                  JOINT RightHandThumb1
                  {
                    OFFSET -2.274032 -1.383988 3.163127
                    CHANNELS 3 Zrotation Yrotation Xrotation
                    JOINT RightHandThumb2
                    {
                      OFFSET -4.011429 -1.827466 1.640914
                      CHANNELS 3 Zrotation Yrotation Xrotation
                      JOINT RightHandThumb3
                      {
                        OFFSET -2.794935 -4e-06 -3e-06
                        CHANNELS 3 Zrotation Yrotation Xrotation
                        JOINT RightHandThumbEnd
                        {
                          OFFSET -3.183852 4e-06 1e-06
                          CHANNELS 3 Zrotation Yrotation Xrotation
                        }
                      }
                    }
                  }
                  JOINT RightHandIndex1
                  {
                    OFFSET -3.253266 -0.520057 2.282866
                    CHANNELS 3 Zrotation Yrotation Xrotation
                    JOINT RightHandIndex2
                    {
                      OFFSET -6.341917 0.012471 0.178266
                      CHANNELS 3 Zrotation Yrotation Xrotation
                      JOINT RightHandIndex3
                      {
                        OFFSET -3.654871 -8e-06 -0.0
                        CHANNELS 3 Zrotation Yrotation Xrotation
                        JOINT RightHandIndex4
                        {
                          OFFSET -2.327586 0.0 1e-06
                          CHANNELS 3 Zrotation Yrotation Xrotation
                          JOINT RightHandIndexEnd
                          {
                            OFFSET -2.76179 -0.180656 -0.113078
                            CHANNELS 3 Zrotation Yrotation Xrotation
                          }
                        }
                      }
                    }
                  }
                  JOINT RightHandMiddle1
                  {
                    OFFSET -3.168106 0.246593 1.00103
                    CHANNELS 3 Zrotation Yrotation Xrotation
                    JOINT RightHandMiddle2
                    {
                      OFFSET -6.180828 -0.258836 -1.000895
                      CHANNELS 3 Zrotation Yrotation Xrotation
                      JOINT RightHandMiddle3
                      {
                        OFFSET -4.348901 0.0 -0.0
                        CHANNELS 3 Zrotation Yrotation Xrotation
                        JOINT RightHandMiddle4
                        {
                          OFFSET -3.00024 -4e-06 -2e-06
                          CHANNELS 3 Zrotation Yrotation Xrotation
                          JOINT RightHandMiddleEnd
                          {
                            OFFSET -2.30252 -0.29437 -0.031706
                            CHANNELS 3 Zrotation Yrotation Xrotation
                          }
                        }
                      }
                    }
                  }
                  JOINT RightHandRing1
                  {
                    OFFSET -2.88569 -0.067952 -0.308858
                    CHANNELS 3 Zrotation Yrotation Xrotation
                    JOINT RightHandRing2
                    {
                      OFFSET -5.854198 -0.48613 -1.373731
                      CHANNELS 3 Zrotation Yrotation Xrotation
                      JOINT RightHandRing3
                      {
                        OFFSET -4.33881 -4e-06 -0.0
                        CHANNELS 3 Zrotation Yrotation Xrotation
                        JOINT RightHandRing4
                        {
                          OFFSET -2.654903 -4e-06 4e-06
                          CHANNELS 3 Zrotation Yrotation Xrotation
                          JOINT RightHandRingEnd
                          {
                            OFFSET -1.933568 0.077527 -5.2e-05
                            CHANNELS 3 Zrotation Yrotation Xrotation
                          }
                        }
                      }
                    }
                  }
                  JOINT RightHandPinky1
                  {
                    OFFSET -2.866425 -0.342796 -1.584145
                    CHANNELS 3 Zrotation Yrotation Xrotation
                    JOINT RightHandPinky2
                    {
                      OFFSET -5.091371 -1.332055 -1.772385
                      CHANNELS 3 Zrotation Yrotation Xrotation
                      JOINT RightHandPinky3
                      {
                        OFFSET -3.062664 -4e-06 1e-06
                        CHANNELS 3 Zrotation Yrotation Xrotation
                        JOINT RightHandPinky4
                        {
                          OFFSET -1.546529 4e-06 -2e-06
                          CHANNELS 3 Zrotation Yrotation Xrotation
                          JOINT RightHandPinkyEnd
                          {
                            OFFSET -1.945119 -0.157718 0.057211
                            CHANNELS 3 Zrotation Yrotation Xrotation
                          }
                        }
                      }
                    }
                  }
                }
              }
            }
          }
        }
      }
    }
    JOINT LeftLeg
    {
      OFFSET 10.043214 -8.434526 2.595655
      CHANNELS 3 Zrotation Yrotation Xrotation
      JOINT LeftShin
      {
        OFFSET -1e-06 -43.221752 -0.802913
        CHANNELS 3 Zrotation Yrotation Xrotation
        JOINT LeftFoot
        {
          OFFSET 1e-06 -42.155094 -3.481523
          CHANNELS 3 Zrotation Yrotation Xrotation
          JOINT LeftToeBase
          {
            OFFSET 0.0 -5.059472 13.231529
            CHANNELS 3 Zrotation Yrotation Xrotation
            JOINT LeftToeEnd
            {
              OFFSET -0.009607 -1.647619 6.513017
              CHANNELS 3 Zrotation Yrotation Xrotation
            }
          }
        }
      }
    }
    JOINT RightLeg
    {
      OFFSET -10.047278 -8.29526 2.620317
      CHANNELS 3 Zrotation Yrotation Xrotation
      JOINT RightShin
      {
        OFFSET 1e-06 -43.362206 -0.805556
        CHANNELS 3 Zrotation Yrotation Xrotation
        JOINT RightFoot
        {
          OFFSET 2e-06 -42.117393 -3.478398
          CHANNELS 3 Zrotation Yrotation Xrotation
          JOINT RightToeBase
          {
            OFFSET -0.0 -5.079609 13.284196
            CHANNELS 3 Zrotation Yrotation Xrotation
            JOINT RightToeEnd
            {
              OFFSET 0.009532 -1.634378 6.460591
              CHANNELS 3 Zrotation Yrotation Xrotation
            }
          }
        }
      }
    }
  }
}
MOTION
Frames: 120
Frame Time: 0.03333333333333333
0.0 0.0 0.0 0.0 -0.0 0.0 2.098216 99.858109 3.405509 -0.450805 -0.292826 -0.325636 -1.136583 0.290578 -4.079073 -0.463153 0.807029 -6.728015 0.698951 -0.785922 14.955777 0.957138 2.07069 1.876988 -0.434547 0.692652 -3.558489 1.328693 -0.632126 -8.572254 7.7e-05 -2.3e-05 6e-06 0.025785 0.07615 0.062598 0.719041 -3.670012 -10.566566 -0.668699 3.829864 -10.602481 -21.000053 -6.516233 18.984329 -52.184631 -14.010364 27.924433 -0.012617 -26.900558 0.17045 8.182537 8.189685 -15.867016 -5.882112 9.861292 0.70259 -10.936877 -0.360572 7.156206 -1e-06 8.77483 -1e-06 -16.061062 17.93354 6.070307 -1.844034 2.498505 -2.507277 -10.163605 4.678949 4.621109 -20.976036 -0.0 -1e-06 -21.226301 2.451702 -3.594002 1e-06 -5e-06 0.0 -1.362682 2.240798 -0.746322 -21.334925 0.584913 3.008321 -13.82122 -1e-06 1e-06 -23.887184 -0.249076 -0.839485 -60.013184 2.406359 -1.309148 -0.294025 1.679689 0.833254 -14.218215 0.093218 1.300582 -34.212063 -0.287558 0.967165 -20.033226 0.964537 1.212838 1e-06 1e-06 0.0 -3.44039 0.788234 0.501656 -15.928192 -3.167308 2.999705 -6.338829 -0.0 0.0 -18.123457 3.648187 -4.905676 -4e-06 -1e-06 -2e-06 13.383838 15.849151 18.05147 62.513779 8.171311 20.567783 0.321772 33.329369 0.050632 -1.738209 -6.909986 -15.850406 2.243543 -5.25504 -3.180158 14.282896 -0.826597 6.952502 -1e-06 -12.69061 -1e-06 16.00057 -17.510014 2.696193 1.665667 -1.955922 -2.878301 4.727801 -4.17059 4.993927 11.02053 2e-06 -1e-06 12.109058 -3.735718 -2.866785 0.0 -0.0 -1e-06 1.291986 -1.92855 -1.49809 14.800132 0.567467 3.865608 14.242578 -1.341738 -6.66066 19.631973 0.143924 -0.648246 49.348 -0.60407 -6.361443 0.353029 -1.511151 -0.03194 20.222801 3.684309 2.316632 18.787283 2e-06 -0.0 10.751633 -0.479871 1.397906 -0.0 1e-06 -0.0 3.273808 0.305947 -0.58011 21.48682 11.830377 2.266134 8.16293 0.0 -0.0 18.399092 -3.798989 -4.940578 3e-06 -0.0 -2e-06 4.866158 10.769423 4.214639 -0.03372 0.022664 3.620731 -5.297231 3.562065 -6.986753 1.606388 -1.796896 -0.372 -0.0 -0.0 2e-06 -4.810851 -9.38132 0.907468 0.00278 0.080619 8.474418 5.971141 2.835612 -6.622358 -1.425932 1.054585 -0.578459 -0.0 -0.0 -1e-06 
0.0 0.0 0.0 0.0 -0.0 0.0 2.01129 99.806892 3.635581 -0.389242 -0.43994 -0.211707 -1.176677 0.274316 -4.013927 -0.455471 0.845928 -6.698192 0.520777 -0.845997 14.767013 1.024895 2.161519 1.808734 -0.431459 0.646874 -3.538439 1.375154 -0.605749 -8.903166 7.7e-05 -2.3e-05 6e-06 0.023022 0.084791 0.061625 0.705053 -3.667579 -10.553409 -0.65993 3.843486 -10.588105 -21.068184 -6.276039 18.959799 -52.177177 -13.599162 26.847042 -0.14805 -28.142723 0.167324 9.402268 7.963434 -14.846099 -5.882113 9.861296 0.702592 -10.936878 -0.360572 7.156209 -2e-06 8.774833 -2e-06 -16.054319 17.95879 6.076114 -1.844035 2.498507 -2.507278 -10.163609 4.678952 4.621111 -20.976038 2e-06 0.0 -21.226303 2.451703 -3.594005 0.0 -6e-06 -1e-06 -1.362683 2.2408 -0.746323 -21.334929 0.584916 3.008326 -13.821222 1e-06 1e-06 -23.887184 -0.249073 -0.839486 -60.028191 2.433629 -1.228976 -0.294025 1.679689 0.833258 -14.218219 0.093218 1.300583 -34.212074 -0.287556 0.967166 -20.03323 0.964541 1.21284 0.0 1e-06 1e-06 -3.440391 0.788234 0.501656 -15.928198 -3.167309 2.999708 -6.338831 1e-06 0.0 -18.123463 3.64819 -4.905678 -4e-06 1e-06 -1e-06 13.443814 15.653487 18.205109 63.332718 8.033331 18.729681 -0.026765 34.527905 -0.015887 -2.462553 -7.267566 -16.303537 2.243545 -5.255043 -3.180159 14.282902 -0.826597 6.952507 1e-06 -12.690616 -2e-06 16.157438 -17.601788 2.66759 1.665668 -1.955923 -2.8783 4.727804 -4.170593 4.993927 11.020536 1e-06 -1e-06 12.109064 -3.735722 -2.866787 -1e-06 -0.0 -0.0 1.291987 -1.928551 -1.498089 14.800139 0.567466 3.865607 14.242585 -1.34174 -6.660664 19.631983 0.143923 -0.648248 49.668385 -0.553036 -6.359154 0.35303 -1.511153 -0.03194 20.222807 3.684309 2.316631 18.787289 2e-06 -1e-06 10.751637 -0.47987 1.397905 -2e-06 -0.0 1e-06 3.27381 0.305947 -0.580111 21.486832 11.830382 2.266133 8.162936 1e-06 -3e-06 18.399099 -3.79899 -4.940584 4e-06 0.0 -1e-06 4.861023 10.531976 4.234764 -0.056197 -0.020823 3.831037 -5.576292 3.881303 -7.260882 1.609469 -1.800652 -0.526068 -0.0 -0.0 2e-06 -4.757584 -9.170977 0.290816 -0.002969 0.113543 9.734786 5.82391 2.779173 -7.191092 -1.436931 1.059772 -0.736291 -0.0 -0.0 -1e-06 
0.0 0.0 0.0 0.0 -0.0 0.0 1.781541 99.657677 4.151021 -0.168878 -0.661249 -0.057697 -1.311883 0.25409 -3.92308 -0.469445 0.850247 -6.661771 0.282125 -0.836274 14.606266 1.086713 2.254484 1.516733 -0.398984 0.545651 -3.559556 1.426501 -0.683745 -9.133787 7.7e-05 -2.3e-05 6e-06 0.021211 0.067669 0.06058 0.688745 -3.686789 -10.535796 -0.647146 3.82794 -10.568715 -21.105627 -6.018606 18.938091 -52.107986 -12.953301 25.568991 -0.195269 -30.660761 0.155601 11.187627 7.784197 -13.644788 -5.882109 9.861292 0.702589 -10.936876 -0.360575 7.156205 0.0 8.77483 -2e-06 -15.964624 18.022581 6.10574 -1.844033 2.498506 -2.507278 -10.163604 4.678947 4.621107 -20.976034 -4e-06 -0.0 -21.226297 2.451697 -3.594 1e-06 -6e-06 2e-06 -1.362682 2.240799 -0.746324 -21.334923 0.58491 3.00832 -13.82122 -3e-06 -0.0 -23.887178 -0.249079 -0.839484 -60.020977 2.507527 -1.202832 -0.294025 1.679688 0.833257 -14.218215 0.093216 1.300579 -34.212067 -0.287567 0.967167 -20.033222 0.964535 1.212842 0.0 1e-06 0.0 -3.44039 0.788235 0.501656 -15.928192 -3.16731 2.999705 -6.338829 -1e-06 -0.0 -18.123457 3.648184 -4.905674 -4e-06 0.0 -2e-06 13.404571 15.318586 18.274029 64.480316 7.662534 16.07728 -0.50362 37.052376 -0.179381 -3.976692 -7.841951 -17.463749 2.243542 -5.255038 -3.180159 14.282892 -0.826595 6.952503 -2e-06 -12.690607 0.0 16.247986 -17.668413 2.693472 1.665666 -1.955922 -2.878299 4.727799 -4.170588 4.993925 11.020528 2e-06 -3e-06 12.109054 -3.735717 -2.866787 -1e-06 -1e-06 -1e-06 1.291986 -1.92855 -1.49809 14.800132 0.567469 3.865608 14.242576 -1.341737 -6.660658 19.631969 0.143926 -0.648246 49.91003 -0.509606 -6.31166 0.353029 -1.511151 -0.031942 20.222792 3.684311 2.316629 18.787273 6e-06 -2e-06 10.75163 -0.479868 1.397906 -2e-06 -1e-06 0.0 3.273808 0.305946 -0.580111 21.486816 11.830377 2.266134 8.162928 3e-06 -1e-06 18.399084 -3.798987 -4.940578 6e-06 1e-06 -0.0 4.751585 10.179781 4.125403 -0.061431 -0.04499 4.404928 -5.863739 4.24852 -7.909598 1.609676 -1.814476 -0.674367 -0.0 -0.0 2e-06 -4.913143 -8.926109 -0.386271 0.01319 0.149703 11.434706 5.759627 2.71362 -8.316353 -1.44544 1.063085 -0.769378 0.0 -0.0 -1e-06 
0.0 0.0 0.0 0.0 -0.0 0.0 1.444476 99.398697 4.643357 0.146156 -1.004812 0.143101 -1.488146 0.196063 -3.800884 -0.478078 0.838039 -6.609701 -0.023801 -0.788023 14.479602 1.118723 2.293807 0.869473 -0.337881 0.542251 -3.587446 1.481714 -0.656374 -9.432205 7.7e-05 -2.2e-05 6e-06 0.014688 0.022371 0.052648 0.664117 -3.733476 -10.517672 -0.63548 3.783982 -10.541843 -21.100882 -5.629215 18.861162 -51.961922 -12.092737 24.134855 -0.046168 -34.604965 0.057931 13.816021 7.072192 -12.226977 -5.882107 9.861284 0.70259 -10.936872 -0.360575 7.156207 1e-06 8.774825 -0.0 -15.774997 18.078932 6.162283 -1.844033 2.498504 -2.507278 -10.163601 4.678945 4.621109 -20.976025 -6e-06 1e-06 -21.226286 2.451694 -3.593999 1e-06 -6e-06 -0.0 -1.362682 2.240799 -0.746324 -21.334915 0.584909 3.008323 -13.821217 -3e-06 1e-06 -23.887175 -0.249081 -0.839486 -60.015404 2.531067 -1.05187 -0.294024 1.679687 0.833255 -14.218212 0.093215 1.300582 -34.212048 -0.287564 0.96717 -20.033218 0.964535 1.212843 -0.0 1e-06 -1e-06 -3.440389 0.788232 0.501656 -15.928185 -3.16731 2.999706 -6.338826 -2e-06 0.0 -18.123446 3.648181 -4.905671 -5e-06 0.0 -3e-06 13.298313 14.732252 18.33169 65.824791 6.843829 12.698118 -1.095303 42.133663 -0.472436 -6.816925 -8.269004 -19.069124 2.243541 -5.255037 -3.180158 14.282889 -0.826596 6.952503 -3e-06 -12.690606 1e-06 16.280258 -17.752867 2.766853 1.665666 -1.955921 -2.878299 4.727798 -4.170588 4.993925 11.020526 3e-06 -2e-06 12.109052 -3.735717 -2.866785 1e-06 0.0 1e-06 1.291986 -1.928549 -1.49809 14.800127 0.567468 3.865608 14.242572 -1.341735 -6.660659 19.631969 0.143929 -0.648246 50.215687 -0.502177 -6.156412 0.353029 -1.511151 -0.03194 20.222788 3.684311 2.316629 18.78727 5e-06 -1e-06 10.751627 -0.479868 1.397905 -0.0 0.0 0.0 3.273806 0.305947 -0.58011 21.486809 11.83038 2.266132 8.162926 2e-06 0.0 18.39908 -3.798985 -4.940575 3e-06 1e-06 -2e-06 4.533148 9.770489 3.394094 -0.058021 -0.061798 6.24228 -6.137004 4.715938 -9.259136 1.602177 -1.870871 -0.921282 0.0 0.0 2e-06 -5.065655 -8.678969 -1.365658 0.044536 0.180019 13.558998 5.572924 2.690223 -9.971855 -1.448246 1.053022 -0.788353 0.0 -0.0 -1e-06 
0.0 0.0 0.0 0.0 -0.0 0.0 1.01943 99.045715 5.084449 0.341214 -1.457379 0.484609 -1.515968 0.113104 -3.691272 -0.465135 0.793088 -6.558368 -0.336906 -0.788673 14.418719 1.105878 2.27181 -0.257183 -0.292804 0.722875 -3.63111 1.547278 -0.424905 -9.88569 7.7e-05 -2.2e-05 6e-06 0.004418 -0.043451 0.027841 0.631535 -3.796829 -10.478483 -0.622928 3.716051 -10.486983 -21.169905 -5.107543 18.890078 -51.482231 -11.200096 22.428482 0.457135 -40.426659 -0.268227 17.727964 5.232525 -9.886156 -5.882109 9.86129 0.70259 -10.936877 -0.360575 7.156209 2e-06 8.774831 -1e-06 -15.542183 18.186882 6.255783 -1.844033 2.498507 -2.50728 -10.163605 4.678946 4.62111 -20.976036 -7e-06 2e-06 -21.226299 2.451694 -3.594 2e-06 -6e-06 -1e-06 -1.362682 2.240799 -0.746324 -21.334927 0.584907 3.008323 -13.821221 -4e-06 1e-06 -23.887184 -0.249081 -0.839481 -59.990597 2.433554 -0.791126 -0.294025 1.679688 0.833258 -14.218217 0.093212 1.30058 -34.21207 -0.287568 0.96717 -20.033228 0.964536 1.212846 0.0 1e-06 2e-06 -3.44039 0.788234 0.501656 -15.928196 -3.167314 2.99971 -6.33883 -3e-06 1e-06 -18.123459 3.648181 -4.905671 -4e-06 1e-06 -0.0 13.298963 13.787683 18.40798 66.895447 5.399059 8.844993 -1.251417 51.358139 -0.584489 -11.073319 -8.042621 -20.941828 2.243544 -5.255038 -3.180161 14.282902 -0.826597 6.952507 -3e-06 -12.69061 2e-06 16.132706 -17.808807 2.844553 1.665668 -1.955924 -2.878302 4.727802 -4.170589 4.993927 11.020538 4e-06 -2e-06 12.10906 -3.735716 -2.866788 1e-06 0.0 -0.0 1.291987 -1.92855 -1.498091 14.800139 0.567467 3.865608 14.242585 -1.341734 -6.660665 19.631987 0.143928 -0.64825 50.390991 -0.559394 -5.975357 0.353029 -1.511151 -0.03194 20.222807 3.684313 2.316629 18.787289 6e-06 -2e-06 10.751638 -0.479867 1.397907 2e-06 1e-06 -1e-06 3.27381 0.305947 -0.580112 21.48683 11.83038 2.266129 8.162935 1e-06 -2e-06 18.399097 -3.798982 -4.94058 1e-06 -0.0 -1e-06 4.430082 9.075733 1.778703 -0.03907 -0.079795 9.558614 -6.366389 5.473345 -11.231149 1.597347 -1.927743 -1.26811 -0.0 0.0 2e-06 -5.018883 -8.517258 -2.573159 0.083577 0.236624 15.735023 5.330257 2.686631 -11.857506 -1.444924 1.031533 -0.846664 0.0 0.0 -1e-06 
0.0 0.0 0.0 0.0 -0.0 0.0 0.583177 98.587753 5.551193 8e-06 -2.078152 1.08588 -1.132973 0.079026 -3.472109 -0.400485 0.614812 -6.50067 -0.389233 -0.969834 14.267838 0.894896 2.421887 -1.7199 -0.341318 1.098588 -3.687396 1.500995 0.206746 -10.778784 7.7e-05 -2.2e-05 6e-06 -0.00279 -0.105208 -0.005943 0.62049 -3.846173 -10.44939 -0.625773 3.641787 -10.439602 -20.612083 -4.683709 18.999241 -51.528988 -10.594908 19.842278 1.212668 -48.276836 -1.001898 23.333965 1.743682 -6.077881 -5.88211 9.861292 0.702589 -10.936877 -0.360573 7.156205 -1e-06 8.774831 -1e-06 -15.41532 18.303911 6.32332 -1.844033 2.498506 -2.507278 -10.163604 4.678948 4.621109 -20.976034 -3e-06 -2e-06 -21.226299 2.451696 -3.594005 1e-06 -6e-06 -0.0 -1.362682 2.240798 -0.746323 -21.334923 0.58491 3.008321 -13.82122 -1e-06 -1e-06 -23.887182 -0.249083 -0.839485 -60.019585 2.333211 -0.67548 -0.294026 1.679687 0.833257 -14.218214 0.093215 1.30058 -34.212067 -0.287565 0.967167 -20.03322 0.964538 1.212841 -0.0 2e-06 -0.0 -3.440388 0.788233 0.501655 -15.928191 -3.167311 2.999707 -6.338829 1e-06 -1e-06 -18.123457 3.648185 -4.905674 -4e-06 1e-06 -2e-06 12.954193 12.905354 18.456724 67.175247 4.060209 5.727908 0.356411 64.833809 0.54777 -15.527023 -7.378824 -22.289034 2.243543 -5.255043 -3.180159 14.282897 -0.826592 6.952505 -3e-06 -12.690615 -0.0 15.898126 -17.735865 2.721177 1.665667 -1.955923 -2.8783 4.7278 -4.170589 4.993926 11.020534 4e-06 -3e-06 12.109057 -3.735718 -2.866788 0.0 -1e-06 -0.0 1.291986 -1.92855 -1.49809 14.800136 0.56747 3.865608 14.24258 -1.341737 -6.660662 19.631975 0.143928 -0.648246 49.964973 -0.461378 -5.950815 0.353029 -1.511152 -0.03194 20.222801 3.684314 2.316629 18.787283 8e-06 -3e-06 10.751633 -0.479865 1.397906 -1e-06 -1e-06 -0.0 3.273809 0.305946 -0.580111 21.486824 11.830386 2.266134 8.16293 3e-06 0.0 18.399092 -3.798985 -4.940581 2e-06 -0.0 1e-06 4.808971 8.052577 -0.52147 -0.007066 -0.069683 13.822701 -6.375874 6.745431 -13.790081 1.608385 -1.937813 -1.588569 -0.0 0.0 2e-06 -4.339241 -8.367611 -4.168023 0.092778 0.321542 18.137993 5.064731 2.867024 -13.688089 -1.441069 1.020351 -1.006916 -0.0 0.0 -1e-06 
0.0 0.0 0.0 0.0 -0.0 0.0 0.178983 97.815147 5.845551 -1.068441 -2.920133 1.63782 -0.308328 0.107035 -2.740429 -0.200993 0.418788 -6.273224 -0.063754 -1.40572 13.976277 0.552863 2.741429 -3.549722 -0.371522 1.852547 -3.688331 0.876402 1.045216 -12.451867 7.7e-05 -2.3e-05 6e-06 0.00589 -0.086421 -0.039177 0.64138 -3.815913 -10.454741 -0.630761 3.648438 -10.429898 -18.024776 -4.814726 19.217625 -53.811047 -11.166035 15.966722 1.395573 -57.046894 -1.384179 30.970793 -3.520261 -1.614093 -5.882105 9.861284 0.702591 -10.93687 -0.360574 7.156207 -1e-06 8.774822 -2e-06 -15.622915 18.393705 6.25746 -1.844032 2.498504 -2.507275 -10.163599 4.678944 4.621108 -20.976021 -2e-06 5e-06 -21.226282 2.4517 -3.593999 -0.0 -6e-06 -2e-06 -1.362681 2.240798 -0.746323 -21.334911 0.584912 3.008327 -13.821213 -3e-06 3e-06 -23.887167 -0.249075 -0.839483 -60.286823 2.379192 -0.982286 -0.294026 1.679688 0.833256 -14.218208 0.093213 1.300583 -34.212048 -0.287561 0.967173 -20.033211 0.964541 1.212846 -0.0 0.0 1e-06 -3.440388 0.788233 0.501654 -15.928185 -3.167309 2.999711 -6.338827 -0.0 2e-06 -18.123449 3.648187 -4.905669 -4e-06 -1e-06 -2e-06 10.867587 12.868671 18.274284 66.776947 4.533388 5.202776 7.091884 79.413918 6.628034 -18.609243 -8.322021 -20.190971 2.24354 -5.255036 -3.180157 14.282884 -0.826592 6.952501 -3e-06 -12.690603 -1e-06 15.520502 -17.313736 2.582802 1.665665 -1.955922 -2.878298 4.727797 -4.170585 4.993922 11.02052 4e-06 -1e-06 12.109046 -3.735716 -2.866784 0.0 -1e-06 0.0 1.291985 -1.928549 -1.498089 14.800123 0.567473 3.865608 14.242565 -1.341735 -6.660655 19.631958 0.143927 -0.648242 49.220531 -0.372651 -5.967786 0.353029 -1.51115 -0.03194 20.222784 3.68431 2.31663 18.787266 6e-06 1e-06 10.751624 -0.479867 1.397906 -2e-06 1e-06 -1e-06 3.273805 0.305946 -0.58011 21.486801 11.830374 2.266134 8.162923 2e-06 1e-06 18.399071 -3.798982 -4.940573 2e-06 -0.0 -1e-06 6.04748 7.519503 -3.758296 -0.00172 -0.109573 20.206097 -6.04058 8.263943 -17.284485 1.6636 -1.959142 -1.72883 -0.0 0.0 2e-06 -2.968101 -8.6207 -6.355693 0.085884 0.356951 21.705492 4.85281 4.104517 -15.861153 -1.441491 1.02689 -1.028678 0.0 0.0 -1e-06 
0.0 0.0 0.0 0.0 -0.0 0.0 -0.030055 96.561691 5.942328 -2.84128 -3.537327 1.635007 0.913926 0.055662 -1.303017 -0.031591 0.255924 -5.705126 0.900847 -1.830402 13.828926 0.174026 2.975493 -5.685866 -0.327191 2.430356 -3.611546 -0.475029 2.038925 -14.148738 7.7e-05 -2.3e-05 6e-06 0.005426 -0.06923 -0.03697 0.664243 -3.798085 -10.491328 -0.654727 3.666166 -10.463935 -14.305305 -5.945804 19.787884 -56.438366 -13.765547 12.849497 1.341409 -65.14801 -1.34133 39.244892 -9.627668 3.108794 -5.882108 9.861286 0.702589 -10.936872 -0.360575 7.156207 -1e-06 8.774825 -0.0 -16.064169 18.246719 6.133924 -1.844032 2.498506 -2.507276 -10.1636 4.678946 4.62111 -20.976027 -1e-06 -0.0 -21.22629 2.451699 -3.594003 1e-06 -6e-06 -2e-06 -1.362682 2.240799 -0.746324 -21.334917 0.584912 3.008324 -13.821216 -1e-06 -0.0 -23.887171 -0.249076 -0.839486 -60.318916 2.444485 -1.30332 -0.294025 1.679688 0.833255 -14.218209 0.093217 1.300581 -34.212048 -0.287562 0.967168 -20.033218 0.964537 1.212841 -1e-06 0.0 1e-06 -3.440388 0.788233 0.501656 -15.928187 -3.167307 2.99971 -6.338827 -2e-06 1e-06 -18.123447 3.648184 -4.905674 -5e-06 2e-06 -2e-06 7.931915 13.389915 17.514236 63.78273 7.316915 6.831025 146.235413 86.065079 145.858505 -18.945442 -12.801113 -11.968832 2.243541 -5.255038 -3.180157 14.282888 -0.826595 6.952503 -1e-06 -12.690605 -1e-06 14.872106 -16.428925 2.538838 1.665666 -1.955922 -2.878298 4.727797 -4.170588 4.993923 11.020523 1e-06 -0.0 12.109048 -3.735716 -2.866784 -1e-06 1e-06 -1e-06 1.291985 -1.928549 -1.498089 14.800125 0.567467 3.865607 14.242566 -1.341739 -6.660657 19.631962 0.143925 -0.648244 47.829792 -0.341451 -5.826058 0.353029 -1.511151 -0.03194 20.222786 3.684309 2.316631 18.78727 4e-06 -0.0 10.751629 -0.479869 1.397906 0.0 1e-06 0.0 3.273806 0.305947 -0.580111 21.486809 11.830377 2.266135 8.162926 1e-06 -1e-06 18.39908 -3.798987 -4.940576 4e-06 1e-06 -0.0 8.188283 8.551871 -8.903834 -0.057223 -0.31345 31.431585 -5.81702 8.81299 -20.51475 1.739603 -2.027444 -1.615865 -0.0 -0.0 2e-06 -1.110821 -9.262787 -8.543679 0.084274 0.312146 26.565485 4.416922 5.707621 -18.633516 -1.453771 0.967225 -0.997351 -0.0 0.0 -1e-06 
0.0 0.0 0.0 0.0 -0.0 0.0 0.026939 95.19252 6.134393 -4.043273 -3.788141 1.161934 1.705497 0.088939 0.002053 0.139794 0.066578 -5.039116 1.733715 -2.199961 14.420899 0.128828 2.963023 -7.446349 -0.300982 2.907547 -3.55226 -2.262424 3.0717 -15.122184 7.7e-05 -2.2e-05 6e-06 0.017076 -0.023127 -0.000827 0.679829 -3.760058 -10.489852 -0.648684 3.716556 -10.445943 -11.843954 -7.532964 19.396099 -55.80402 -17.532423 11.616075 2.65876 -70.21524 -2.538201 44.119007 -14.632903 9.486081 -5.882112 9.861292 0.702591 -10.93688 -0.360573 7.156215 -1e-06 8.774831 0.0 -15.727392 18.205055 6.149852 -1.844034 2.498506 -2.507279 -10.16361 4.678949 4.621114 -20.97604 -1e-06 2e-06 -21.226307 2.451699 -3.594004 -1e-06 -5e-06 -0.0 -1.362682 2.240799 -0.746323 -21.33493 0.584913 3.008327 -13.821225 -1e-06 1e-06 -23.887192 -0.249076 -0.839485 -59.970844 2.482951 -1.574759 -0.294025 1.679688 0.833257 -14.218219 0.093217 1.30058 -34.212074 -0.287559 0.96717 -20.033226 0.964541 1.212843 -0.0 -1e-06 -0.0 -3.440391 0.788234 0.501655 -15.9282 -3.167309 2.999709 -6.338831 -0.0 0.0 -18.123463 3.648189 -4.905673 -6e-06 1e-06 0.0 6.610148 14.178113 16.074881 56.133797 12.67308 8.352522 173.672882 74.515511 174.01416 -13.733121 -20.363493 5.346145 2.243542 -5.255038 -3.180158 14.282887 -0.826595 6.952503 -1e-06 -12.690609 1e-06 14.024788 -16.080408 2.800932 1.665666 -1.955922 -2.8783 4.727796 -4.170589 4.993925 11.020522 1e-06 -3e-06 12.109052 -3.735717 -2.866786 -0.0 -1e-06 2e-06 1.291986 -1.92855 -1.49809 14.800125 0.567467 3.865608 14.242571 -1.341738 -6.660662 19.631966 0.143925 -0.648249 46.352657 -0.644929 -5.682966 0.35303 -1.511151 -0.03194 20.222786 3.684309 2.316627 18.78727 2e-06 -3e-06 10.751625 -0.47987 1.397905 1e-06 -1e-06 0.0 3.273807 0.305947 -0.580112 21.486805 11.830378 2.266131 8.162924 0.0 -1e-06 18.399076 -3.798988 -4.940578 4e-06 -0.0 -0.0 9.479444 10.415709 -15.438468 -0.193057 -0.446388 46.190582 -5.262542 8.054484 -22.283735 1.757322 -2.127252 -1.883799 -0.0 -1e-06 2e-06 -0.206694 -10.154201 -10.380251 0.107395 0.258378 32.062679 3.855763 7.215026 -21.250046 -1.456332 0.932876 -0.485007 0.0 0.0 -1e-06 
0.0 0.0 0.0 0.0 -0.0 0.0 0.182877 93.845421 6.63382 -4.411762 -3.639503 0.244397 2.092883 0.157003 0.81246 0.168754 -0.162568 -4.504158 2.296364 -2.412443 15.496166 0.119772 2.718781 -7.908746 -0.199992 3.22343 -3.551518 -3.705274 3.612514 -15.344015 7.7e-05 -2.3e-05 6e-06 0.036231 0.014266 0.008138 0.707695 -3.721922 -10.46966 -0.639923 3.749209 -10.399158 -10.816402 -8.812508 18.46155 -52.32756 -22.485409 12.446785 4.52595 -69.301819 -4.357735 44.799065 -16.00104 15.8837 -5.882115 9.861299 0.70259 -10.936886 -0.360574 7.156213 -2e-06 8.774835 -2e-06 -15.158739 18.431984 6.332915 -1.844035 2.498508 -2.50728 -10.163614 4.678952 4.621113 -20.976053 1e-06 0.0 -21.226318 2.451702 -3.594009 0.0 -6e-06 0.0 -1.362684 2.240801 -0.746325 -21.334944 0.584915 3.008326 -13.821235 -0.0 -0.0 -23.887205 -0.249076 -0.839488 -59.787216 2.386931 -1.673947 -0.294026 1.679689 0.833257 -14.218227 0.093217 1.300581 -34.212097 -0.287558 0.967167 -20.033241 0.96454 1.212842 -1e-06 0.0 0.0 -3.440393 0.788235 0.501655 -15.928206 -3.16731 2.999711 -6.338834 0.0 1e-06 -18.12347 3.648189 -4.905681 -4e-06 1e-06 -2e-06 6.463663 14.921882 14.640208 45.345734 20.609457 8.050336 -179.75351 67.353157 -178.916656 -2.423492 -30.418552 23.842319 2.243545 -5.25504 -3.180162 14.282904 -0.826599 6.952509 -1e-06 -12.690614 4e-06 14.261985 -16.836988 3.139664 1.665667 -1.955923 -2.878304 4.727805 -4.170592 4.993931 11.020538 3e-06 -4e-06 12.109067 -3.73572 -2.866789 1e-06 -0.0 -0.0 1.291986 -1.928551 -1.498093 14.800142 0.567465 3.86561 14.242586 -1.341738 -6.660666 19.631987 0.143923 -0.648249 47.224583 -0.909743 -5.567977 0.353028 -1.511152 -0.03194 20.222809 3.68431 2.31663 18.787291 2e-06 -4e-06 10.751639 -0.479874 1.397906 -1e-06 -0.0 1e-06 3.27381 0.305947 -0.580111 21.486834 11.830383 2.266132 8.162936 -1e-06 -1e-06 18.399103 -3.798989 -4.940582 4e-06 -0.0 -1e-06 9.512157 12.456791 -21.619717 -0.234362 -0.382083 60.750736 -4.116805 6.180439 -22.607422 1.777008 -2.167167 -2.362886 -0.0 -1e-06 1e-06 -0.38962 -11.011827 -11.357149 0.126463 0.287829 37.302895 3.522383 8.279813 -23.65943 -1.437158 0.967383 0.041956 0.0 0.0 -1e-06 
0.0 0.0 0.0 0.0 -0.0 0.0 0.376695 92.823128 7.776953 -4.091119 -3.239613 -1.047877 2.276401 0.331008 1.2552 0.2065 -0.268057 -4.241552 2.124864 -2.529205 16.523117 0.238806 2.65903 -7.003652 -0.184189 3.151173 -3.581177 -4.305044 3.077725 -15.09234 7.7e-05 -2.2e-05 6e-06 0.050366 0.054327 -0.014369 0.727714 -3.670632 -10.445892 -0.633572 3.775924 -10.396204 -10.358029 -9.529984 17.901388 -48.478149 -28.375612 13.764146 2.433335 -61.956154 -2.424767 43.013683 -13.676566 19.855864 -5.882108 9.86129 0.702587 -10.936874 -0.360577 7.156209 1e-06 8.774829 -3e-06 -15.178934 18.813791 6.368027 -1.844033 2.498506 -2.507279 -10.163603 4.678945 4.621109 -20.97603 -3e-06 4e-06 -21.226294 2.451697 -3.594001 -1e-06 -6e-06 -0.0 -1.362682 2.240799 -0.746323 -21.334919 0.584909 3.008326 -13.821217 -1e-06 4e-06 -23.887178 -0.249078 -0.839482 -59.544338 2.24244 -1.614388 -0.294025 1.679688 0.833255 -14.21821 0.093214 1.30058 -34.212048 -0.287565 0.967173 -20.033216 0.964536 1.212845 -0.0 0.0 -0.0 -3.440389 0.788233 0.501655 -15.928191 -3.167311 2.99971 -6.338827 -1e-06 2e-06 -18.123453 3.648183 -4.905673 -6e-06 0.0 -3e-06 4.965665 16.087118 13.529139 35.686672 28.345371 6.8619 -173.51532 67.594009 -173.458267 8.613264 -36.290535 31.6763 2.243541 -5.255035 -3.180159 14.282899 -0.826593 6.952508 -3e-06 -12.690606 -0.0 15.577326 -17.477747 2.832703 1.665665 -1.955922 -2.878299 4.727802 -4.170588 4.993926 11.020531 5e-06 1e-06 12.109058 -3.735716 -2.866782 0.0 0.0 0.0 1.291986 -1.92855 -1.49809 14.800139 0.567471 3.865612 14.242577 -1.341736 -6.660657 19.631979 0.143924 -0.648242 49.976162 -0.851347 -5.81082 0.353029 -1.511151 -0.03194 20.222803 3.684313 2.316636 18.787285 6e-06 2e-06 10.751634 -0.479868 1.397909 1e-06 -1e-06 1e-06 3.273808 0.305947 -0.58011 21.486832 11.830379 2.26614 8.162933 1e-06 2e-06 18.399094 -3.798986 -4.940573 2e-06 0.0 -1e-06 8.412941 13.723839 -25.832144 -0.122598 -0.122534 71.24968 -2.456176 5.335778 -22.914764 1.783031 -2.150048 -2.304806 0.0 0.0 2e-06 -1.460604 -11.496076 -10.55897 0.147337 0.399882 40.659225 3.444725 8.622777 -25.687117 -1.404741 1.005418 0.180844 0.0 0.0 -1e-06 
0.0 0.0 0.0 0.0 -0.0 0.0 0.612579 92.376488 9.644354 -3.501167 -2.320044 -2.312255 2.418775 0.585227 1.405211 0.170064 -0.062496 -4.230746 1.286831 -2.678169 16.836231 0.685055 2.736185 -5.13946 -0.403872 2.558397 -3.581531 -3.844052 1.908018 -14.580758 7.7e-05 -2.3e-05 6e-06 0.052227 0.098345 -0.042001 0.729319 -3.617824 -10.460864 -0.632656 3.808994 -10.444295 -9.863172 -9.869485 17.669796 -46.439484 -33.416622 16.284407 0.371466 -52.268932 -0.44516 39.699646 -9.318645 24.656759 -5.882113 9.86129 0.70259 -10.936881 -0.360576 7.156212 1e-06 8.774829 -1e-06 -16.052549 19.154299 6.105801 -1.844035 2.498506 -2.50728 -10.16361 4.678946 4.621113 -20.976049 -3e-06 1e-06 -21.226309 2.451697 -3.594003 -1e-06 -6e-06 -0.0 -1.362682 2.240799 -0.746324 -21.334934 0.58491 3.008324 -13.821226 -3e-06 1e-06 -23.887192 -0.249079 -0.839484 -59.523186 2.209732 -1.403087 -0.294025 1.679688 0.833256 -14.218223 0.093215 1.30058 -34.212082 -0.287564 0.96717 -20.033237 0.964536 1.212843 -0.0 0.0 0.0 -3.440392 0.788234 0.501655 -15.928201 -3.16731 2.999709 -6.338832 -2e-06 2e-06 -18.123463 3.648182 -4.905674 -4e-06 0.0 -2e-06 1.878162 17.353523 12.560871 29.127079 33.77916 6.065938 -165.319702 73.150703 -166.324509 14.781491 -36.323349 32.229851 2.243541 -5.255037 -3.180158 14.282894 -0.826595 6.952507 -4e-06 -12.690607 2e-06 15.870322 -17.469065 2.53554 1.665668 -1.95592 -2.878298 4.727799 -4.170588 4.993926 11.020528 4e-06 -1e-06 12.109052 -3.735716 -2.866785 2e-06 1e-06 -1e-06 1.291986 -1.928551 -1.49809 14.800132 0.567469 3.865611 14.242577 -1.341736 -6.660659 19.631969 0.143926 -0.648242 50.529434 -0.976409 -6.271962 0.353029 -1.511151 -0.03194 20.222797 3.684312 2.316634 18.787279 4e-06 2e-06 10.751633 -0.47987 1.397908 0.0 0.0 0.0 3.273808 0.305946 -0.58011 21.48682 11.830378 2.266135 8.16293 2e-06 1e-06 18.39909 -3.798986 -4.940573 4e-06 0.0 -2e-06 7.024651 13.914295 -28.724669 0.054229 0.129003 77.034355 -1.674328 4.187481 -22.475437 1.770253 -2.117245 -2.334425 0.0 0.0 4e-06 -2.725723 -11.327036 -7.872162 0.145152 0.545305 41.103966 3.878739 7.749971 -27.063763 -1.370617 0.999538 0.171448 0.0 0.0 -1e-06 
0.0 0.0 0.0 0.0 -0.0 0.0 0.878189 92.583252 12.088591 -2.48539 -1.267138 -3.079553 2.315349 0.85859 1.181548 0.014018 0.541688 -4.439607 -0.048043 -2.385651 16.255157 1.283501 2.673009 -3.03536 -0.718673 1.605358 -3.555029 -2.486372 0.353648 -13.488458 7.7e-05 -2.2e-05 6e-06 0.046944 0.134153 -0.056869 0.719945 -3.581642 -10.476709 -0.634106 3.841861 -10.466292 -10.087713 -9.233145 17.627058 -46.045181 -35.693607 20.558855 0.385455 -47.534752 -0.18201 33.521629 -5.916504 32.157482 -5.882104 9.861281 0.702589 -10.936869 -0.360576 7.156203 2e-06 8.774822 -2e-06 -17.28376 18.827263 5.324989 -1.844032 2.498504 -2.507277 -10.163595 4.678942 4.621107 -20.976019 -5e-06 2e-06 -21.22628 2.451694 -3.593999 0.0 -6e-06 -0.0 -1.362681 2.240797 -0.746324 -21.334909 0.584907 3.008322 -13.821208 -4e-06 2e-06 -23.887165 -0.249081 -0.839482 -59.833782 2.249138 -1.032617 -0.294024 1.679687 0.833256 -14.218205 0.093213 1.30058 -34.212036 -0.287567 0.967171 -20.033209 0.964534 1.212844 0.0 0.0 0.0 -3.440387 0.788233 0.501655 -15.928181 -3.16731 2.999707 -6.338825 -2e-06 1e-06 -18.123444 3.648179 -4.905669 -5e-06 0.0 -2e-06 -1.113363 18.628927 11.900887 25.268923 36.905857 7.189525 -149.670776 80.687386 -150.492889 16.914282 -32.97649 30.601526 2.24354 -5.255034 -3.180157 14.282883 -0.826593 6.952499 -4e-06 -12.690598 -0.0 15.799191 -17.312695 2.488979 1.665664 -1.955921 -2.878298 4.727797 -4.170583 4.993922 11.02052 4e-06 -1e-06 12.109043 -3.735713 -2.866781 1e-06 0.0 -0.0 1.291986 -1.928549 -1.498088 14.800122 0.567471 3.865607 14.242563 -1.341734 -6.660653 19.631958 0.143928 -0.648244 49.97831 -1.209334 -6.557406 0.353028 -1.511149 -0.03194 20.222784 3.684309 2.316629 18.787266 7e-06 1e-06 10.751624 -0.479866 1.397904 0.0 -0.0 1e-06 3.273804 0.305948 -0.58011 21.486801 11.830371 2.266133 8.162923 2e-06 -1e-06 18.399071 -3.798981 -4.940571 3e-06 0.0 0.0 5.344859 13.564317 -30.730356 0.181091 0.263028 77.611954 -2.267751 2.510004 -21.114773 1.732064 -2.051353 -2.484718 -0.0 1e-06 2e-06 -4.177089 -10.567178 -3.948663 0.121552 0.661076 38.498035 4.48436 6.264622 -27.691502 -1.362515 0.931794 0.009013 0.0 0.0 -1e-06 
0.0 0.0 0.0 0.0 -0.0 0.0 1.129722 93.49939 15.261227 -1.09234 -0.449587 -3.236771 1.831984 1.155208 0.488416 -0.2147 1.583884 -4.834766 -1.624553 -1.290894 15.248961 2.03191 2.353792 -1.357022 -1.015746 0.605129 -3.484303 -0.783036 -1.734043 -11.621725 7.7e-05 -2.3e-05 6e-06 0.043569 0.200404 -0.04535 0.716563 -3.516583 -10.455862 -0.637383 3.906216 -10.457547 -11.340683 -7.09055 17.409769 -46.716557 -34.196842 23.535975 2.0428 -53.13694 -1.590523 25.261364 -6.305139 41.040062 -5.882109 9.861286 0.702592 -10.936878 -0.360575 7.156209 1e-06 8.774828 0.0 -17.796354 18.097269 4.757012 -1.844033 2.498504 -2.507278 -10.163605 4.678946 4.621111 -20.976038 -5e-06 3e-06 -21.226295 2.451696 -3.593999 0.0 -6e-06 -0.0 -1.362682 2.240798 -0.746324 -21.334925 0.584908 3.008325 -13.821219 -4e-06 3e-06 -23.887182 -0.24908 -0.839481 -59.8311 2.296189 -0.940209 -0.294024 1.679688 0.833256 -14.218215 0.093214 1.300581 -34.212067 -0.287566 0.967173 -20.033226 0.964536 1.212845 -0.0 -0.0 -0.0 -3.440391 0.788233 0.501656 -15.928192 -3.167312 2.999708 -6.338828 -2e-06 1e-06 -18.123453 3.648183 -4.90567 -5e-06 0.0 -2e-06 -2.371022 19.868053 12.151091 23.537275 38.157051 10.075148 -97.560387 85.346169 -97.374802 17.549522 -29.804323 28.295252 2.243541 -5.255039 -3.180157 14.282898 -0.826594 6.952505 -2e-06 -12.690609 1e-06 15.489373 -17.179651 2.602169 1.665667 -1.95592 -2.878299 4.727798 -4.170588 4.993926 11.020535 6e-06 1e-06 12.109056 -3.735715 -2.866782 1e-06 -1e-06 0.0 1.291986 -1.928549 -1.498089 14.800132 0.567469 3.865609 14.242576 -1.341735 -6.660657 19.631973 0.143927 -0.648241 49.216568 -1.375023 -6.713785 0.353028 -1.51115 -0.031938 20.222801 3.684314 2.316631 18.787283 7e-06 3e-06 10.751633 -0.479868 1.397907 0.0 1e-06 -1e-06 3.273806 0.305946 -0.580111 21.486824 11.830383 2.266132 8.16293 3e-06 0.0 18.399088 -3.798983 -4.940575 3e-06 0.0 0.0 3.563254 13.412004 -31.299746 0.22495 0.317897 72.691887 -3.97014 1.053254 -19.373236 1.687993 -1.988866 -2.573377 -0.0 0.0 2e-06 -5.807324 -9.429473 1.266792 0.083854 0.686388 32.57674 4.726197 4.48665 -26.560694 -1.394006 0.852436 -0.653808 -0.0 -0.0 -1e-06 
0.0 0.0 0.0 0.0 -0.0 0.0 1.416552 94.6772 18.77623 0.350465 0.399366 -2.721277 1.018671 1.430445 -0.626795 -0.41895 2.96702 -5.353722 -3.250399 0.40077 14.080679 2.95327 1.918301 -0.181118 -1.308019 -0.748679 -3.515809 1.077066 -4.292449 -9.64264 7.7e-05 -2.3e-05 6e-06 0.034697 0.214826 -0.05071 0.699219 -3.490052 -10.43348 -0.638055 3.906456 -10.439141 -12.840495 -4.117764 16.710804 -47.54163 -30.865717 24.993658 4.71164 -66.491585 -4.588249 15.096484 -6.141013 49.63398 -5.882107 9.861289 0.702592 -10.936877 -0.360575 7.156211 1e-06 8.77483 -0.0 -17.617674 17.495453 4.779855 -1.844033 2.498505 -2.507279 -10.163604 4.678946 4.621111 -20.976032 -5e-06 3e-06 -21.226295 2.451697 -3.594001 2e-06 -6e-06 -0.0 -1.362682 2.240799 -0.746324 -21.334927 0.584908 3.008326 -13.821221 -4e-06 3e-06 -23.887182 -0.249079 -0.839481 -59.333439 2.363708 -1.016664 -0.294025 1.67969 0.833257 -14.218216 0.093214 1.300582 -34.212067 -0.287566 0.967173 -20.033224 0.964538 1.212846 -0.0 0.0 0.0 -3.44039 0.788233 0.501656 -15.928194 -3.167312 2.99971 -6.338829 -1e-06 2e-06 -18.123457 3.648185 -4.905671 -5e-06 0.0 -2e-06 -2.431207 20.855284 12.642884 23.370703 38.170074 13.358141 -39.746384 83.37709 -38.717247 17.422991 -27.732643 26.057665 2.243541 -5.255038 -3.180157 14.282894 -0.826595 6.952504 -1e-06 -12.690605 1e-06 15.312028 -17.185154 2.767236 1.665665 -1.955922 -2.878298 4.727798 -4.170589 4.993924 11.02053 4e-06 -1e-06 12.109055 -3.735717 -2.866783 1e-06 -0.0 -0.0 1.291986 -1.928547 -1.498089 14.800132 0.567468 3.865608 14.242577 -1.341735 -6.660658 19.631973 0.143926 -0.648243 48.778 -1.63875 -6.78161 0.353031 -1.511152 -0.03194 20.222797 3.684312 2.31663 18.787279 5e-06 -1e-06 10.751631 -0.479868 1.397908 -0.0 0.0 1e-06 3.273806 0.305945 -0.580111 21.48682 11.830378 2.266131 8.16293 2e-06 -0.0 18.399088 -3.798985 -4.940577 3e-06 -0.0 -1e-06 1.923218 13.402122 -31.275297 0.217968 0.340926 64.26033 -5.430758 0.837434 -17.880856 1.663291 -1.932598 -2.675555 0.0 -0.0 2e-06 -7.295575 -8.451799 7.012475 -0.011672 0.742528 24.467161 5.117855 2.688097 -23.375612 -1.40903 0.832261 -1.375178 -0.0 -0.0 -1e-06 
0.0 0.0 0.0 0.0 -0.0 0.0 1.746476 95.70295 22.430164 1.732478 1.683986 -1.689037 -0.035881 1.648433 -1.976287 -0.64646 4.354557 -5.909409 -4.852416 2.34399 12.945606 4.034063 1.287289 0.570036 -1.564468 -2.35268 -3.506536 2.968331 -7.134114 -8.255608 7.7e-05 -2.3e-05 6e-06 0.031517 0.197843 -0.036263 0.682199 -3.503315 -10.448133 -0.627565 3.883779 -10.447887 -13.975039 -1.304454 15.562326 -47.572277 -27.883284 27.099779 14.027041 -83.081703 -14.573288 4.691691 -2.361894 53.185616 -5.882106 9.861286 0.70259 -10.936873 -0.360578 7.156207 2e-06 8.774827 -1e-06 -17.001328 17.090786 5.079466 -1.844033 2.498503 -2.507278 -10.163601 4.678945 4.621109 -20.976027 -5e-06 2e-06 -21.226288 2.451696 -3.594001 1e-06 -5e-06 0.0 -1.362681 2.2408 -0.746324 -21.334917 0.584908 3.008324 -13.821214 -2e-06 4e-06 -23.887173 -0.249081 -0.839482 -58.744499 2.493155 -1.080951 -0.294025 1.679687 0.833256 -14.218209 0.093213 1.30058 -34.212048 -0.287568 0.967172 -20.033215 0.964535 1.212846 -0.0 0.0 0.0 -3.440388 0.788232 0.501655 -15.928189 -3.167311 2.999708 -6.338827 -2e-06 1e-06 -18.123446 3.648182 -4.905671 -3e-06 -0.0 -1e-06 -2.095592 21.53857 13.095281 23.645452 37.029064 15.53936 -23.300556 80.496674 -21.717064 17.294094 -25.986841 23.365568 2.243543 -5.255036 -3.180158 14.282899 -0.826594 6.952509 -5e-06 -12.690609 4e-06 15.322695 -17.157188 2.926064 1.665666 -1.95592 -2.878302 4.727799 -4.170588 4.993929 11.020534 7e-06 -2e-06 12.109056 -3.735714 -2.866784 0.0 1e-06 -0.0 1.291984 -1.928551 -1.49809 14.800139 0.567471 3.865608 14.24258 -1.341732 -6.660659 19.631979 0.143931 -0.648242 48.504749 -1.768686 -6.746027 0.353028 -1.511152 -0.031939 20.222803 3.684315 2.316631 18.787283 8e-06 2e-06 10.751633 -0.479868 1.397907 0.0 -0.0 0.0 3.27381 0.305949 -0.58011 21.486828 11.830383 2.266132 8.16293 2e-06 0.0 18.399092 -3.798985 -4.940573 3e-06 0.0 0.0 0.460028 12.880959 -31.296528 0.166936 0.323446 54.249794 -6.418286 1.03206 -16.582737 1.674061 -1.902563 -2.876734 0.0 -0.0 2e-06 -8.78805 -8.326482 12.682783 -0.110141 0.789737 16.027464 5.71376 1.074476 -18.116808 -1.410353 0.825863 -2.337799 0.0 -0.0 -1e-06 
0.0 0.0 0.0 0.0 -0.0 0.0 2.252692 96.285919 26.05164 2.98205 3.568832 -0.452823 -1.122192 1.806977 -3.374557 -0.914718 5.47574 -6.41267 -6.434103 4.162419 12.126904 5.105545 0.620157 1.066881 -1.828978 -3.986418 -3.47594 4.786484 -10.116561 -7.630692 7.7e-05 -2.3e-05 6e-06 0.030835 0.162603 -0.00425 0.666746 -3.538755 -10.462401 -0.613484 3.847397 -10.45038 -14.652549 0.819747 14.157419 -46.758038 -27.106787 29.6527 176.114716 -80.330551 -177.338181 -4.180904 3.671051 50.83292 -5.882104 9.861284 0.702589 -10.936873 -0.360577 7.156204 3e-06 8.774826 -2e-06 -16.515415 16.91563 5.386288 -1.844032 2.498504 -2.507277 -10.163599 4.678943 4.621106 -20.976023 -9e-06 2e-06 -21.226286 2.45169 -3.594 1e-06 -6e-06 -0.0 -1.362682 2.240799 -0.746324 -21.334913 0.584906 3.008322 -13.821213 -7e-06 3e-06 -23.887169 -0.249083 -0.83948 -58.675827 2.553974 -1.054953 -0.294024 1.679688 0.833255 -14.218209 0.093215 1.300579 -34.212051 -0.287574 0.967171 -20.033215 0.964531 1.212845 -0.0 0.0 -0.0 -3.440388 0.788233 0.501655 -15.928185 -3.167313 2.999707 -6.338826 -4e-06 1e-06 -18.123444 3.648177 -4.905669 -4e-06 1e-06 -2e-06 -1.408703 22.063881 13.57704 22.885998 34.539249 16.07736 -19.709753 79.626366 -18.181168 17.397326 -24.511688 20.92378 2.243541 -5.255037 -3.180158 14.282894 -0.82659 6.952502 -6e-06 -12.690605 0.0 15.519232 -16.98027 2.998278 1.665667 -1.955922 -2.878299 4.727797 -4.170587 4.993924 11.020529 7e-06 -1e-06 12.109055 -3.735711 -2.866784 0.0 -0.0 -1e-06 1.291984 -1.92855 -1.498091 14.800134 0.567473 3.865606 14.242574 -1.341732 -6.660655 19.631973 0.143932 -0.648241 48.372871 -1.778591 -6.64024 0.353028 -1.511151 -0.03194 20.222797 3.684315 2.316627 18.787273 1.1e-05 -0.0 10.75163 -0.479865 1.397906 0.0 -0.0 1e-06 3.273807 0.305949 -0.580111 21.48682 11.830383 2.266132 8.162928 4e-06 1e-06 18.399084 -3.798979 -4.940573 3e-06 -0.0 -0.0 -0.664172 11.192083 -31.412386 0.106165 0.280019 44.275917 -7.214036 0.863753 -15.598414 1.697755 -1.904279 -3.034003 0.0 -0.0 2e-06 -10.400519 -9.24702 17.596872 -0.166322 0.83874 9.402795 6.293765 0.230129 -11.789569 -1.415726 0.821896 -3.671627 -0.0 0.0 -1e-06 
0.0 0.0 0.0 0.0 -0.0 0.0 2.944569 96.252632 29.487991 4.060348 5.736629 0.590588 -2.121727 1.992536 -4.610053 -1.112316 6.356981 -6.810731 -7.963428 5.475202 11.811125 6.138271 0.225276 1.221691 -2.112067 -5.555695 -3.502441 6.306427 -12.628781 -7.512359 7.7e-05 -2.2e-05 6e-06 0.017544 0.096997 0.007469 0.651163 -3.594675 -10.470764 -0.624833 3.772811 -10.433973 -14.817488 2.153662 12.690031 -46.293945 -28.666739 31.756948 -178.957764 -66.287895 177.736099 -11.3127 9.261361 45.42778 -5.882111 9.861292 0.702592 -10.93688 -0.360575 7.156214 1e-06 8.774831 0.0 -16.605085 16.904205 5.379388 -1.844033 2.498506 -2.50728 -10.163608 4.678948 4.621115 -20.976044 -3e-06 3e-06 -21.226305 2.451698 -3.594002 0.0 -5e-06 -1e-06 -1.362682 2.240798 -0.746324 -21.33493 0.584911 3.008328 -13.821225 -2e-06 4e-06 -23.887194 -0.24908 -0.839485 -58.872406 2.490064 -0.996891 -0.294025 1.679689 0.833257 -14.218222 0.093216 1.300583 -34.212078 -0.287562 0.967171 -20.033232 0.96454 1.212847 -0.0 0.0 0.0 -3.440391 0.788235 0.501657 -15.928201 -3.167311 2.999712 -6.338831 1e-06 1e-06 -18.123461 3.648187 -4.905673 -4e-06 1e-06 -1e-06 -0.52442 22.482124 14.078926 20.826618 31.007168 15.219481 -22.68071 81.043663 -21.632242 17.773489 -23.183811 19.515173 2.243541 -5.255037 -3.180159 14.282895 -0.826596 6.952506 -2e-06 -12.690607 2e-06 15.871774 -16.662861 3.009344 1.665667 -1.95592 -2.878299 4.7278 -4.170592 4.993925 11.020529 3e-06 -0.0 12.109056 -3.735717 -2.866786 -0.0 -1e-06 0.0 1.291985 -1.92855 -1.498089 14.800132 0.567469 3.86561 14.242577 -1.341735 -6.660659 19.631973 0.143927 -0.648245 48.540771 -1.741459 -6.421521 0.353029 -1.511149 -0.03194 20.222797 3.684309 2.316633 18.787275 3e-06 1e-06 10.751631 -0.47987 1.397909 0.0 -0.0 1e-06 3.273808 0.305947 -0.580111 21.48682 11.830378 2.266133 8.16293 1e-06 1e-06 18.399088 -3.798988 -4.940577 3e-06 0.0 2e-06 -1.409596 8.636538 -31.452423 0.093085 0.26562 36.671974 -7.151509 0.972324 -14.330371 1.705901 -1.894917 -3.278201 -0.0 -0.0 2e-06 -12.052896 -10.784643 17.781328 -0.172701 0.966164 12.099124 6.297291 1.157094 -7.383912 -1.436719 0.795352 -5.275971 0.0 -0.0 -1e-06 
0.0 0.0 0.0 0.0 -0.0 0.0 3.885957 95.526054 32.991497 4.764677 7.898755 0.996864 -2.859682 2.217733 -5.363863 -1.294409 6.946147 -7.026606 -9.124417 6.337678 11.788601 6.943574 -0.070085 1.210226 -2.448159 -6.839925 -3.421039 7.555945 -14.63896 -7.787621 7.7e-05 -2.2e-05 6e-06 0.018504 0.086325 0.019645 0.626878 -3.605744 -10.413722 -0.598974 3.762783 -10.385822 -14.663954 3.150105 11.263585 -46.938419 -31.705353 34.032101 -179.532669 -54.186146 178.065552 -17.634752 12.86235 38.798016 -5.882114 9.861293 0.702592 -10.936883 -0.360572 7.156215 -0.0 8.774833 -1e-06 -16.616791 16.982939 5.059054 -1.844034 2.498509 -2.507281 -10.163612 4.678948 4.621115 -20.976048 1e-06 3e-06 -21.226315 2.4517 -3.594004 1e-06 -5e-06 -1e-06 -1.362685 2.2408 -0.746324 -21.334938 0.584913 3.008328 -13.82123 -4e-06 3e-06 -23.887197 -0.249077 -0.839482 -59.19492 2.382132 -1.25239 -0.294024 1.679688 0.833257 -14.218225 0.093218 1.300583 -34.212086 -0.287559 0.967172 -20.033241 0.964541 1.212844 1e-06 0.0 -1e-06 -3.440392 0.788233 0.501657 -15.928203 -3.167312 2.999712 -6.338833 -2e-06 1e-06 -18.123466 3.648183 -4.905674 -5e-06 -1e-06 -2e-06 -0.027781 22.976597 14.494584 18.337589 26.594181 13.714349 -39.694847 84.009956 -39.102352 18.388231 -21.976894 18.673132 2.243543 -5.255041 -3.180157 14.282912 -0.826593 6.952511 -5e-06 -12.69062 1e-06 16.160542 -16.628021 2.96348 1.665668 -1.95592 -2.8783 4.727805 -4.170592 4.99393 11.020541 4e-06 2e-06 12.109066 -3.73572 -2.866785 0.0 -0.0 -1e-06 1.291986 -1.928552 -1.498091 14.800151 0.567469 3.865613 14.242587 -1.341736 -6.66066 19.631992 0.143928 -0.648239 48.708675 -1.78003 -6.406046 0.353028 -1.511154 -0.031941 20.222822 3.684319 2.316637 18.7873 7e-06 1e-06 10.751645 -0.479868 1.397908 1e-06 0.0 -1e-06 3.27381 0.305947 -0.580111 21.486847 11.830393 2.266137 8.162938 3e-06 0.0 18.399105 -3.798988 -4.940578 3e-06 -0.0 1e-06 -1.604231 5.612917 -31.310101 0.085422 0.219997 33.295197 -6.129446 0.192114 -12.405835 1.730771 -1.949857 -3.321105 0.0 -0.0 1e-06 -13.338446 -12.124656 16.093843 -0.133863 1.148877 19.801241 6.343364 2.380491 -6.169811 -1.461444 0.862563 -6.617551 0.0 0.0 -2e-06 
0.0 0.0 0.0 0.0 -0.0 0.0 4.962534 93.985466 36.395542 4.952452 9.951132 0.728789 -3.280341 2.408346 -5.466074 -1.350988 7.422955 -6.96007 -9.981484 6.676477 11.738198 7.713099 -0.255401 0.891562 -2.560103 -7.734404 -3.31767 8.363786 -15.986279 -8.644942 7.7e-05 -2.3e-05 6e-06 0.0168 0.069124 0.014953 0.616818 -3.624018 -10.366327 -0.592885 3.748673 -10.327641 -13.536832 3.992373 9.967504 -50.39864 -36.075977 36.575142 179.998001 -44.619068 178.880493 -22.679974 13.529007 32.498001 -5.88211 9.86129 0.702591 -10.936878 -0.360575 7.156212 1e-06 8.774828 -0.0 -17.714146 17.040962 4.31243 -1.844033 2.498506 -2.507279 -10.163606 4.678949 4.621113 -20.976038 -5e-06 3e-06 -21.226301 2.451699 -3.594002 -1e-06 -6e-06 -1e-06 -1.362682 2.240798 -0.746323 -21.334927 0.584909 3.008326 -13.821221 -2e-06 2e-06 -23.887184 -0.249078 -0.839483 -60.285744 2.077704 -1.419411 -0.294025 1.679686 0.833256 -14.218219 0.093212 1.300583 -34.212074 -0.287564 0.967174 -20.03323 0.964538 1.212846 -0.0 0.0 0.0 -3.440392 0.788233 0.501656 -15.928196 -3.16731 2.999709 -6.33883 -1e-06 1e-06 -18.123459 3.648184 -4.905674 -4e-06 -0.0 -2e-06 -0.384446 23.392504 14.598235 16.088987 21.579351 11.458459 -101.711769 85.94725 -101.792404 18.512342 -20.114712 18.528902 2.243541 -5.255037 -3.180158 14.282895 -0.826592 6.952503 -4e-06 -12.690606 -2e-06 16.408964 -16.446808 2.96062 1.665668 -1.955922 -2.878299 4.7278 -4.170588 4.993924 11.020529 5e-06 -1e-06 12.109056 -3.735716 -2.866785 1e-06 2e-06 -1e-06 1.291985 -1.928549 -1.49809 14.800138 0.567472 3.865608 14.242577 -1.341735 -6.660661 19.631975 0.143929 -0.648244 49.017086 -1.663752 -6.309219 0.353029 -1.51115 -0.03194 20.222797 3.684315 2.31663 18.787283 9e-06 -0.0 10.751632 -0.479866 1.397906 0.0 0.0 2e-06 3.273808 0.305949 -0.580109 21.486822 11.830383 2.266133 8.16293 4e-06 2e-06 18.399086 -3.798982 -4.940576 3e-06 0.0 -1e-06 -1.740682 3.444942 -31.738674 0.015353 0.230327 36.549843 -4.164336 -0.509604 -10.822162 1.779754 -1.901023 -3.171701 -0.0 -0.0 2e-06 -14.492187 -13.628833 14.623406 -0.035439 1.508931 29.012154 5.451423 4.274186 -6.343576 -1.49024 0.820271 -8.885874 -0.0 0.0 -1e-06 
0.0 0.0 0.0 0.0 -0.0 0.0 6.181279 91.771545 39.575691 4.374105 11.745761 -0.300345 -3.074267 2.582276 -4.818155 -1.349811 7.456316 -6.719534 -10.356472 6.720924 11.727552 8.4528 -0.411988 0.287871 -2.737601 -8.382275 -3.181452 9.039742 -16.914673 -10.449083 7.7e-05 -2.2e-05 6e-06 0.030653 0.109688 0.001496 0.627815 -3.599075 -10.368061 -0.577116 3.807779 -10.334624 -12.426494 4.63751 9.051899 -55.798584 -41.654682 39.135487 179.569901 -37.629463 179.43988 -25.03636 11.309123 27.937473 -5.882111 9.861289 0.702588 -10.936883 -0.360578 7.156212 2e-06 8.774826 -2e-06 -18.882605 16.979301 3.554484 -1.844033 2.498507 -2.507279 -10.16361 4.678943 4.621111 -20.976044 -5e-06 4e-06 -21.226305 2.451697 -3.593999 0.0 -6e-06 -0.0 -1.362682 2.240799 -0.746325 -21.334934 0.584906 3.008327 -13.821227 -6e-06 3e-06 -23.887196 -0.249081 -0.839481 -61.863434 1.794223 -1.767525 -0.294026 1.679687 0.833256 -14.218222 0.093211 1.300581 -34.212082 -0.28757 0.967175 -20.033236 0.964536 1.212848 0.0 -0.0 0.0 -3.440393 0.788234 0.501656 -15.928203 -3.167314 2.99971 -6.338832 -2e-06 1e-06 -18.123463 3.64818 -4.905673 -4e-06 0.0 -2e-06 -1.704402 23.703003 14.3439 14.514032 16.460535 8.842084 -146.365097 81.607964 -146.792297 17.896357 -16.83046 19.137281 2.243541 -5.255037 -3.180159 14.282898 -0.826594 6.952507 -6e-06 -12.690612 3e-06 17.072943 -16.411146 2.691061 1.66567 -1.955921 -2.878301 4.727801 -4.170588 4.993929 11.020534 6e-06 -0.0 12.109058 -3.735712 -2.866783 -1e-06 0.0 0.0 1.291987 -1.928549 -1.49809 14.800139 0.56747 3.865608 14.24258 -1.341732 -6.660659 19.631983 0.143931 -0.648244 49.501884 -1.421821 -6.322438 0.353029 -1.511151 -0.031939 20.222807 3.684316 2.316632 18.787289 9e-06 1e-06 10.751636 -0.479868 1.397907 -0.0 0.0 1e-06 3.27381 0.305947 -0.580112 21.48683 11.830386 2.266132 8.162933 3e-06 0.0 18.399094 -3.798983 -4.940576 3e-06 -0.0 -1e-06 -1.238593 1.732231 -33.094639 -0.006116 0.200292 44.915657 -3.278301 -1.982146 -12.764095 1.800171 -1.881213 -2.092577 -0.0 -0.0 2e-06 -15.172678 -14.900585 13.291015 0.037379 1.76042 39.311127 3.724517 5.659671 -7.966962 -1.510441 0.817681 -10.575364 0.0 -0.0 -3e-06 
0.0 0.0 0.0 0.0 -0.0 0.0 7.302096 89.221085 42.339867 3.540572 13.212472 -1.568975 -2.512401 2.655883 -3.690268 -1.300546 7.138943 -6.383793 -10.718206 6.29438 11.698209 9.487249 -0.552345 -0.42462 -2.757053 -8.881821 -3.138573 9.371511 -17.026293 -13.208596 7.7e-05 -2.3e-05 5e-06 0.055151 0.180125 0.009502 0.663651 -3.550397 -10.428159 -0.567006 3.898273 -10.382108 -11.921391 4.773826 8.44941 -61.915562 -47.275494 41.553104 179.507919 -33.87719 179.407761 -22.579786 7.509175 26.982059 -5.882109 9.861284 0.702588 -10.936877 -0.360578 7.156209 1e-06 8.774827 -1e-06 -19.979336 16.994749 3.26037 -1.844032 2.498505 -2.507279 -10.163604 4.678944 4.62111 -20.976032 -5e-06 3e-06 -21.226295 2.451694 -3.593999 -0.0 -7e-06 -0.0 -1.36268 2.2408 -0.746323 -21.334921 0.584907 3.008325 -13.82122 -4e-06 3e-06 -23.88718 -0.24908 -0.839482 -63.600639 1.697646 -1.83903 -0.294024 1.679688 0.833256 -14.218215 0.093213 1.300581 -34.212067 -0.287565 0.967173 -20.03322 0.964535 1.212846 -0.0 0.0 1e-06 -3.440389 0.788233 0.501656 -15.928198 -3.167311 2.999711 -6.338829 -2e-06 2e-06 -18.123457 3.648182 -4.905672 -4e-06 -1e-06 -2e-06 -3.548426 23.686651 13.508128 14.137267 12.317782 5.890982 -155.700836 76.845787 -156.386993 15.330862 -12.000632 20.295528 2.243542 -5.255039 -3.180157 14.282891 -0.826597 6.952504 -2e-06 -12.690603 3e-06 17.86101 -16.184965 2.284019 1.665667 -1.955923 -2.878299 4.727798 -4.170588 4.993925 11.020524 3e-06 -1e-06 12.109052 -3.735717 -2.866783 0.0 0.0 -0.0 1.291986 -1.92855 -1.498088 14.800129 0.567467 3.865611 14.242571 -1.341738 -6.660657 19.631969 0.143923 -0.648245 50.40337 -1.117553 -6.299315 0.353028 -1.511149 -0.031941 20.222794 3.684309 2.316633 18.787273 1e-06 0.0 10.751629 -0.479871 1.397905 0.0 1e-06 -1e-06 3.273805 0.305947 -0.58011 21.486813 11.830376 2.266135 8.162929 1e-06 1e-06 18.399086 -3.798987 -4.940574 3e-06 -0.0 -0.0 -0.534538 0.841998 -34.30653 0.001545 0.21783 53.242634 -2.788301 -3.558586 -16.529791 1.699676 -1.781203 -0.689354 0.0 -0.0 2e-06 -15.756092 -15.749715 11.508386 0.167915 1.77012 50.047733 0.580973 5.31998 -9.221971 -1.48524 0.742946 -11.813442 0.0 -0.0 -4e-06 
0.0 0.0 0.0 0.0 -0.0 0.0 8.226321 87.015282 44.830887 3.286749 14.015318 -2.565642 -2.218651 2.666529 -2.643418 -1.292509 6.619527 -5.974254 -11.252626 5.829389 11.998275 11.161966 -1.074703 -1.324653 -2.789176 -8.772389 -3.176259 9.800693 -16.469906 -16.342478 7.7e-05 -2.2e-05 6e-06 0.032182 0.124047 0.006845 0.657192 -3.629836 -10.467998 -0.607116 3.863129 -10.405719 -12.648202 4.013772 8.115422 -66.419846 -53.15799 43.520576 179.425568 -33.471725 179.352112 -15.223189 4.4445 28.903456 -5.882101 9.861282 0.702592 -10.936868 -0.360574 7.156205 1e-06 8.774823 0.0 -20.258423 17.354078 3.735901 -1.844032 2.498503 -2.507275 -10.163595 4.678943 4.621109 -20.976015 -3e-06 6e-06 -21.226276 2.451699 -3.593995 0.0 -7e-06 0.0 -1.362681 2.240796 -0.746322 -21.334906 0.584909 3.008325 -13.821208 -1e-06 4e-06 -23.887159 -0.249076 -0.83948 -64.491791 2.04586 -1.845982 -0.294025 1.679687 0.833256 -14.218201 0.093215 1.300582 -34.212036 -0.28756 0.967177 -20.033203 0.96454 1.212845 0.0 0.0 -0.0 -3.440385 0.788233 0.501656 -15.928179 -3.167309 2.999709 -6.338823 -1e-06 2e-06 -18.12344 3.648182 -4.905666 -5e-06 0.0 -2e-06 -5.322669 22.875065 12.426298 14.725521 10.471218 1.516237 -157.917847 75.212227 -158.560654 9.743683 -7.267229 20.674109 2.243541 -5.255035 -3.180157 14.28288 -0.826595 6.952501 1e-06 -12.6906 -0.0 18.525414 -16.449976 2.019065 1.665664 -1.955921 -2.878298 4.727797 -4.170585 4.993923 11.020517 1e-06 -1e-06 12.109043 -3.735715 -2.866783 -0.0 1e-06 -0.0 1.291985 -1.928549 -1.498089 14.800118 0.567467 3.865606 14.242563 -1.341738 -6.660658 19.631954 0.143926 -0.648247 51.262451 -1.186946 -6.278194 0.353028 -1.511148 -0.03194 20.222778 3.684306 2.316629 18.787266 3e-06 -2e-06 10.751622 -0.479869 1.397904 1e-06 1e-06 0.0 3.273803 0.305946 -0.580111 21.486799 11.830367 2.266131 8.162924 0.0 1e-06 18.399075 -3.798985 -4.940574 4e-06 0.0 -1e-06 -0.493285 0.740707 -34.83905 0.052071 0.210981 59.953392 -2.315323 -5.099744 -21.663027 1.669098 -1.787121 -0.034833 0.0 -0.0 2e-06 -16.956425 -15.583869 8.812544 0.277417 1.611094 60.483757 -2.208883 4.076955 -10.315228 -1.482743 0.773111 -10.191875 0.0 -0.0 -3e-06 
0.0 0.0 0.0 0.0 -0.0 0.0 8.959271 85.392509 47.082062 3.130301 13.344205 -3.459386 -2.08276 2.540805 -1.847901 -1.256652 6.096937 -5.598475 -11.508443 5.255928 12.332956 12.876461 -1.545418 -1.708374 -2.631587 -8.111754 -3.382372 10.000612 -14.905534 -18.386028 7.7e-05 -2.3e-05 5e-06 0.007657 0.083375 0.011788 0.636547 -3.679713 -10.525162 -0.634514 3.830302 -10.444462 -14.206767 2.561081 8.171391 -68.104729 -57.625946 42.936478 179.976456 -36.547012 178.866638 -5.586565 1.696911 31.059128 -5.882107 9.861292 0.702589 -10.936877 -0.360578 7.156209 1e-06 8.774829 -2e-06 -19.852409 17.808165 4.438904 -1.844033 2.498507 -2.507279 -10.163603 4.678944 4.621109 -20.976034 -7e-06 1e-06 -21.226295 2.451694 -3.594003 1e-06 -7e-06 -0.0 -1.362683 2.240799 -0.746324 -21.334925 0.584905 3.008325 -13.821219 -4e-06 2e-06 -23.887182 -0.249084 -0.839481 -63.93676 2.337253 -1.750612 -0.294025 1.679688 0.833255 -14.218215 0.093212 1.30058 -34.212063 -0.287571 0.967171 -20.033222 0.964533 1.212847 -0.0 0.0 -0.0 -3.440389 0.788233 0.501656 -15.928192 -3.167314 2.999708 -6.338829 -1e-06 1e-06 -18.123457 3.64818 -4.905674 -4e-06 -0.0 -1e-06 -6.478114 22.067022 11.347942 16.871408 11.910303 -2.749946 -153.046326 78.465218 -153.280731 1.475789 -4.909922 20.138947 2.243545 -5.255039 -3.180161 14.282904 -0.826594 6.952507 -5e-06 -12.690612 2e-06 18.729763 -16.984207 2.025884 1.665669 -1.955924 -2.878302 4.727804 -4.170588 4.993927 11.020538 5e-06 -1e-06 12.109062 -3.735713 -2.866785 1e-06 1e-06 -1e-06 1.291987 -1.92855 -1.49809 14.800144 0.56747 3.86561 14.242588 -1.341731 -6.660662 19.63199 0.14393 -0.648244 51.570873 -1.237266 -6.315907 0.353029 -1.51115 -0.031939 20.222815 3.684315 2.316631 18.787296 8e-06 -1e-06 10.751638 -0.479867 1.397908 1e-06 2e-06 0.0 3.27381 0.305947 -0.580112 21.486834 11.830384 2.266132 8.162935 3e-06 -0.0 18.399099 -3.798983 -4.940578 4e-06 0.0 -1e-06 -0.27425 1.672719 -34.237915 0.038002 0.216401 64.455589 -2.28028 -5.719368 -25.825657 1.654608 -1.796839 0.339398 -0.0 -0.0 2e-06 -18.022232 -13.6678 4.987577 0.349668 1.404199 69.459259 -3.448531 2.758252 -11.568328 -1.500714 0.834398 -7.606389 0.0 -0.0 -3e-06 
0.0 0.0 0.0 0.0 -0.0 0.0 9.547753 84.408676 49.189152 2.631102 11.085999 -4.550132 -1.995735 2.272846 -1.280198 -1.190035 5.450767 -5.280849 -10.929786 4.649794 12.480916 13.993461 -1.953903 -1.224126 -2.241182 -6.89095 -3.651644 9.629843 -12.607365 -19.042578 7.7e-05 -2.2e-05 5e-06 -0.00636 0.049378 0.044758 0.628573 -3.725652 -10.614573 -0.651941 3.80767 -10.535163 -15.236589 0.794633 8.476016 -67.170311 -59.417847 39.142868 -178.598282 -43.211094 177.716095 4.442259 -1.973665 30.498974 -5.882108 9.861289 0.70259 -10.936875 -0.360576 7.156209 -2e-06 8.774828 -2e-06 -18.858734 18.382933 4.870448 -1.844032 2.498506 -2.507278 -10.163602 4.678946 4.621111 -20.97603 -3e-06 5e-06 -21.226292 2.451699 -3.593999 1e-06 -7e-06 -0.0 -1.362683 2.240799 -0.746324 -21.334923 0.58491 3.008326 -13.821218 -1e-06 3e-06 -23.887178 -0.249077 -0.839482 -62.171669 2.32999 -1.652282 -0.294026 1.679688 0.833256 -14.218212 0.093215 1.300581 -34.212055 -0.287562 0.967173 -20.033218 0.964541 1.212844 0.0 -2e-06 -1e-06 -3.440389 0.788234 0.501655 -15.928192 -3.167311 2.999711 -6.338829 -1e-06 2e-06 -18.123453 3.648184 -4.905673 -5e-06 0.0 -2e-06 -6.815947 21.445856 10.242423 20.630169 16.829067 -4.800551 -110.985008 85.093277 -110.450867 -6.003299 -5.510997 17.928942 2.243543 -5.255036 -3.180159 14.282896 -0.826595 6.952505 -3e-06 -12.690608 -0.0 17.696095 -17.456606 2.377243 1.665667 -1.955923 -2.8783 4.727801 -4.170588 4.993926 11.020531 5e-06 -1e-06 12.109056 -3.735715 -2.866785 1e-06 -1e-06 1e-06 1.291986 -1.92855 -1.49809 14.800136 0.567468 3.86561 14.24258 -1.341737 -6.66066 19.631975 0.143926 -0.648245 50.483906 -0.96723 -6.425554 0.353029 -1.51115 -0.03194 20.222801 3.684312 2.316631 18.787281 6e-06 -0.0 10.751632 -0.479868 1.397906 0.0 0.0 0.0 3.273808 0.305947 -0.580111 21.486824 11.830378 2.266133 8.162929 2e-06 -1e-06 18.399088 -3.798985 -4.940578 4e-06 1e-06 0.0 0.585769 3.261188 -32.358635 0.046551 0.225886 67.082336 -2.718748 -5.204547 -29.419018 1.637139 -1.773314 0.610041 0.0 -0.0 2e-06 -18.807201 -10.845199 0.048949 0.391959 1.190264 76.519142 -3.358848 2.331242 -13.979147 -1.542914 0.903111 -5.467958 -0.0 0.0 -0.0 
0.0 0.0 0.0 0.0 -0.0 0.0 10.025677 84.118591 51.25153 1.975445 7.645969 -5.826828 -2.032975 1.871479 -0.838497 -1.156822 4.704623 -5.041278 -9.529329 4.020313 12.449616 14.296602 -2.295951 0.037045 -1.756854 -5.23069 -3.895923 8.58544 -9.850379 -18.768682 7.7e-05 -2.3e-05 6e-06 -0.021131 -0.001785 0.090001 0.63731 -3.784307 -10.687564 -0.686959 3.766563 -10.632565 -14.629611 -1.057292 9.157261 -65.305779 -58.806866 33.028549 -175.739212 -54.380909 175.375656 14.227167 -5.984978 23.760691 -5.88211 9.861291 0.70259 -10.936878 -0.360576 7.156209 1e-06 8.77483 -2e-06 -17.384676 18.684925 4.91678 -1.844033 2.498506 -2.507279 -10.163606 4.678946 4.62111 -20.976038 -7e-06 -0.0 -21.226301 2.451695 -3.594003 -0.0 -6e-06 -1e-06 -1.362682 2.240799 -0.746323 -21.334929 0.584907 3.008324 -13.821223 -5e-06 1e-06 -23.887184 -0.249081 -0.839483 -59.887543 2.175507 -1.655005 -0.294025 1.679688 0.833256 -14.218218 0.093213 1.30058 -34.212074 -0.287569 0.967172 -20.03323 0.964535 1.212846 -0.0 1e-06 -0.0 -3.44039 0.788233 0.501656 -15.928196 -3.167313 2.999708 -6.33883 -1e-06 1e-06 -18.123457 3.648182 -4.905675 -6e-06 0.0 -2e-06 -5.781396 20.719757 9.687868 24.930805 24.162384 -4.168245 -21.0599 79.180054 -19.992798 -8.049525 -8.264244 14.57315 2.243543 -5.255039 -3.180161 14.282896 -0.826594 6.952507 -3e-06 -12.69061 2e-06 16.228962 -17.482439 2.712191 1.665667 -1.955922 -2.878301 4.7278 -4.170589 4.993927 11.020532 4e-06 -2e-06 12.109058 -3.735716 -2.866787 1e-06 1e-06 1e-06 1.291986 -1.928552 -1.498091 14.800138 0.567471 3.865608 14.242579 -1.341733 -6.660664 19.631975 0.14393 -0.648248 49.483429 -0.567085 -6.349885 0.353029 -1.511149 -0.03194 20.222801 3.684314 2.31663 18.787283 7e-06 -2e-06 10.751633 -0.479865 1.397907 1e-06 -1e-06 1e-06 3.273808 0.305948 -0.580112 21.486824 11.830381 2.266131 8.16293 2e-06 -1e-06 18.399092 -3.798984 -4.940578 4e-06 -0.0 -0.0 1.802607 5.071224 -29.137318 0.085791 0.228379 67.869087 -3.517438 -3.89015 -32.267246 1.615938 -1.726179 0.683286 0.0 0.0 2e-06 -19.394695 -8.250798 -5.984612 0.494479 1.017263 81.249107 -2.378936 3.317142 -16.824791 -1.562915 0.956888 -4.478021 -0.0 -0.0 -3e-06 
0.0 0.0 0.0 0.0 -0.0 0.0 10.382679 84.314728 53.332127 1.349751 3.618412 -7.268413 -2.220543 1.347477 -0.418894 -1.188563 3.905432 -4.916532 -7.463935 3.26485 12.461541 13.726372 -2.462111 1.834925 -1.445323 -3.419495 -4.073497 7.009662 -6.729076 -18.38497 7.7e-05 -2.3e-05 5e-06 -0.031603 -0.049231 0.128158 0.655912 -3.825965 -10.686163 -0.723773 3.717828 -10.645205 -11.787474 -2.607404 10.327544 -64.916611 -57.586563 27.042824 -170.842682 -70.456314 171.349701 21.486814 -7.874378 11.603491 -5.882111 9.861293 0.702591 -10.936883 -0.360575 7.156213 2e-06 8.774834 -2e-06 -15.826254 18.306303 5.250705 -1.844033 2.498507 -2.50728 -10.163611 4.67895 4.621113 -20.976044 -2e-06 4e-06 -21.226305 2.4517 -3.594001 1e-06 -6e-06 -0.0 -1.362682 2.240799 -0.746324 -21.334938 0.584909 3.008328 -13.821231 -3e-06 4e-06 -23.887201 -0.249077 -0.839482 -59.115772 2.078902 -1.750295 -0.294025 1.679689 0.833256 -14.218224 0.093215 1.300583 -34.212082 -0.287563 0.967174 -20.033232 0.964538 1.212846 0.0 1e-06 0.0 -3.440392 0.788235 0.501656 -15.928203 -3.167312 2.999712 -6.338831 -2e-06 2e-06 -18.123463 3.648187 -4.905674 -6e-06 1e-06 -2e-06 -3.489737 19.66713 10.136172 29.376112 32.109955 -2.353727 -8.888877 67.189392 -7.852179 -4.265471 -12.983344 14.670914 2.243543 -5.255038 -3.18016 14.282905 -0.826595 6.952511 -2e-06 -12.690611 1e-06 15.513134 -17.200626 2.919443 1.665668 -1.955923 -2.878302 4.727804 -4.170589 4.993929 11.020535 2e-06 0.0 12.109062 -3.735717 -2.866784 1e-06 -1e-06 -0.0 1.291986 -1.928551 -1.498091 14.800142 0.567468 3.865613 14.242582 -1.341736 -6.660661 19.631985 0.143925 -0.648242 49.659821 -0.419848 -6.091719 0.353029 -1.51115 -0.03194 20.222811 3.68431 2.316635 18.787292 2e-06 2e-06 10.751639 -0.479871 1.397909 1e-06 1e-06 -0.0 3.27381 0.305948 -0.580111 21.486834 11.830382 2.266138 8.162935 3e-06 0.0 18.399099 -3.798989 -4.940575 2e-06 -0.0 -1e-06 3.065622 6.754805 -24.865257 0.06781 0.1595 67.302544 -4.562788 -2.089742 -34.30909 1.593277 -1.718771 0.717677 0.0 0.0 2e-06 -19.351606 -6.655982 -12.743194 0.622887 0.852328 83.608002 -0.794528 5.406227 -18.986616 -1.50377 0.959206 -4.158173 0.0 -0.0 -4e-06 
0.0 0.0 0.0 0.0 -0.0 0.0 10.632719 84.826004 55.567562 0.888921 -0.442536 -8.851115 -2.465282 0.827305 0.012517 -1.211794 3.052735 -4.87823 -5.169756 2.322917 12.828259 12.27949 -2.225247 3.600587 -1.210273 -1.659512 -4.065884 4.987856 -3.83014 -18.117157 7.7e-05 -2.3e-05 6e-06 -0.020259 -0.050692 0.143959 0.669083 -3.820476 -10.63835 -0.712493 3.710948 -10.59717 -7.179993 -3.931859 11.392198 -64.857719 -57.160679 21.504034 -100.421532 -88.159851 101.978905 22.837645 -6.411695 3.72036 -5.882113 9.861295 0.70259 -10.936878 -0.360575 7.156216 -1e-06 8.774831 -2e-06 -15.016718 17.951344 6.145672 -1.844034 2.498509 -2.50728 -10.16361 4.67895 4.621114 -20.976044 1e-06 4e-06 -21.226307 2.451702 -3.594003 1e-06 -6e-06 -1e-06 -1.362683 2.240801 -0.746324 -21.33493 0.584912 3.008329 -13.821223 -1e-06 3e-06 -23.887188 -0.249076 -0.839483 -60.010738 2.156701 -1.782737 -0.294025 1.679689 0.833257 -14.21822 0.093216 1.300585 -34.212074 -0.287558 0.967173 -20.033226 0.96454 1.212845 -0.0 -0.0 0.0 -3.440391 0.788233 0.501656 -15.928201 -3.16731 2.999715 -6.338833 1e-06 2e-06 -18.123463 3.648188 -4.905674 -5e-06 0.0 -3e-06 -0.773359 18.528412 11.425609 34.321571 37.355915 -1.203115 -7.560849 60.436699 -6.58046 -0.67676 -19.290819 19.065729 2.243544 -5.255039 -3.180159 14.282904 -0.826597 6.952507 -2e-06 -12.690612 3e-06 15.791177 -16.965303 2.8242 1.665668 -1.955922 -2.8783 4.727804 -4.17059 4.993927 11.020536 3e-06 -1e-06 12.10906 -3.735717 -2.866784 0.0 0.0 0.0 1.291986 -1.92855 -1.49809 14.800142 0.567467 3.86561 14.242585 -1.341736 -6.660661 19.631987 0.143925 -0.648245 50.038631 -0.401837 -6.005172 0.353029 -1.511151 -0.03194 20.222813 3.68431 2.316631 18.787292 4e-06 -1e-06 10.751639 -0.479869 1.397906 0.0 0.0 0.0 3.27381 0.305947 -0.580111 21.486834 11.830381 2.266131 8.162937 -0.0 -1e-06 18.399099 -3.798987 -4.940578 3e-06 -0.0 -1e-06 4.014446 7.776175 -19.789841 -0.024161 -0.020107 65.739006 -5.800034 0.271722 -35.609158 1.573006 -1.830806 0.731545 -0.0 -0.0 2e-06 -18.13986 -6.219873 -19.221601 0.668088 0.706774 83.30191 1.329775 8.452651 -19.911364 -1.394445 0.856576 -3.946792 0.0 0.0 -2e-06 
0.0 0.0 0.0 0.0 -0.0 0.0 10.732898 85.550102 58.017902 0.479259 -4.075244 -10.340338 -2.541729 0.440478 0.380808 -1.129771 2.112349 -4.774147 -3.19288 1.22305 13.396949 10.48698 -1.533537 4.954317 -0.864443 -0.204616 -3.867192 2.862038 -1.372902 -17.6661 7.7e-05 -2.3e-05 7e-06 -0.008501 -0.04795 0.135645 0.67598 -3.808917 -10.567924 -0.694794 3.704031 -10.536872 -3.05699 -5.477693 11.824562 -60.150757 -57.776367 14.937004 -0.298409 -72.290344 2.608463 20.781345 -2.954017 3.789763 -5.88211 9.861292 0.70259 -10.936878 -0.360574 7.156212 -0.0 8.774828 -3e-06 -15.059381 17.898005 6.784599 -1.844034 2.498506 -2.50728 -10.163605 4.678947 4.621111 -20.976038 -3e-06 2e-06 -21.226301 2.451699 -3.594003 -1e-06 -6e-06 -1e-06 -1.362682 2.240801 -0.746324 -21.334927 0.584912 3.008325 -13.821221 -1e-06 2e-06 -23.887182 -0.249075 -0.839485 -60.913506 2.187355 -1.48304 -0.294025 1.679689 0.833257 -14.218216 0.093214 1.300583 -34.212067 -0.287559 0.967172 -20.033226 0.964538 1.212843 -0.0 1e-06 -1e-06 -3.44039 0.788232 0.501656 -15.928192 -3.167309 2.99971 -6.338829 1e-06 2e-06 -18.123459 3.648185 -4.905676 -4e-06 -1e-06 -1e-06 1.554538 17.174677 12.600118 38.51976 38.340881 -0.720407 -10.133643 63.601254 -8.628328 -1.093722 -24.12825 23.209238 2.243542 -5.255038 -3.180159 14.282901 -0.826596 6.952507 -2e-06 -12.690609 2e-06 16.247746 -17.011654 2.762929 1.665667 -1.955922 -2.8783 4.727801 -4.170589 4.993927 11.020535 3e-06 -1e-06 12.109059 -3.735716 -2.866783 1e-06 -0.0 -0.0 1.291986 -1.92855 -1.49809 14.800139 0.567468 3.865609 14.242582 -1.341735 -6.660659 19.631981 0.143926 -0.648244 50.160465 -0.323076 -6.122472 0.353029 -1.511151 -0.03194 20.222805 3.684312 2.316631 18.787287 5e-06 0.0 10.751637 -0.479869 1.397907 -1e-06 -0.0 0.0 3.273808 0.305947 -0.580111 21.486832 11.830379 2.266133 8.162933 1e-06 -1e-06 18.399099 -3.798986 -4.940578 4e-06 0.0 -1e-06 4.593318 7.80913 -14.371731 -0.074688 -0.159289 63.318851 -6.890557 3.134793 -36.352077 1.564422 -1.955719 0.467152 -0.0 0.0 2e-06 -15.385201 -6.705708 -24.176687 0.660881 0.68193 79.964424 3.963697 11.299325 -19.852304 -1.339963 0.788538 -3.773792 -0.0 0.0 -2e-06 
0.0 0.0 0.0 0.0 -0.0 0.0 10.612333 86.347984 60.604866 -0.056345 -7.357034 -11.591405 -2.450876 0.232378 0.707415 -1.005429 1.177011 -4.702259 -1.433503 0.05251 13.893274 8.786453 -0.82242 6.272278 -0.439659 1.139326 -3.690425 0.791622 0.878198 -16.862865 7.7e-05 -2.3e-05 6e-06 -0.014956 -0.066887 0.119505 0.666175 -3.812255 -10.475639 -0.696571 3.669326 -10.44711 -0.641525 -7.073896 12.344841 -48.830326 -58.076477 8.037807 1.924988 -58.90078 0.540773 18.125204 1.37546 5.1008 -5.88211 9.86129 0.70259 -10.936875 -0.360573 7.156211 -2e-06 8.774828 0.0 -15.218351 17.731413 6.790486 -1.844033 2.498505 -2.507279 -10.163605 4.678947 4.621109 -20.97603 2e-06 2e-06 -21.226297 2.4517 -3.594004 1e-06 -5e-06 0.0 -1.362684 2.240799 -0.746325 -21.334925 0.584915 3.008326 -13.821218 1e-06 1e-06 -23.887178 -0.249075 -0.839489 -60.682476 2.053362 -1.037764 -0.294026 1.679689 0.833259 -14.218216 0.093216 1.300582 -34.212067 -0.28756 0.967167 -20.033226 0.964539 1.21284 1e-06 -0.0 1e-06 -3.440391 0.788234 0.501656 -15.928192 -3.167308 2.99971 -6.338829 -0.0 -0.0 -18.123457 3.648184 -4.905673 -4e-06 1e-06 -1e-06 3.425852 15.726967 13.420954 40.585594 37.410519 -0.233754 -15.531847 72.153191 -13.909798 -2.702481 -26.576387 26.260201 2.243541 -5.255035 -3.180157 14.282892 -0.826595 6.952507 -1e-06 -12.690603 2e-06 16.423977 -17.201015 2.847473 1.665666 -1.955921 -2.878299 4.727798 -4.170587 4.993925 11.020527 3e-06 -0.0 12.109052 -3.735715 -2.866782 0.0 -0.0 0.0 1.291985 -1.928549 -1.49809 14.800129 0.567467 3.86561 14.242574 -1.341735 -6.660657 19.631969 0.143924 -0.648244 50.39085 -0.278051 -6.225228 0.353029 -1.51115 -0.03194 20.222797 3.684307 2.316633 18.787277 3e-06 2e-06 10.751628 -0.47987 1.397907 0.0 -0.0 0.0 3.273807 0.305947 -0.580111 21.486813 11.830372 2.266134 8.16293 1e-06 0.0 18.399088 -3.798987 -4.940573 3e-06 -0.0 -1e-06 4.989489 7.25205 -8.986493 -0.105013 -0.286436 60.384712 -7.822839 6.176782 -36.652607 1.582498 -2.006768 -0.051996 0.0 -0.0 2e-06 -11.456268 -7.595948 -26.875223 0.594641 0.606857 74.013199 6.127928 13.101589 -19.292391 -1.330697 0.778619 -3.994288 0.0 0.0 -1e-06 
0.0 0.0 0.0 0.0 -0.0 0.0 10.240914 87.012619 63.270081 -0.592475 -10.604672 -12.592874 -2.297705 0.236633 0.88757 -0.85889 0.476614 -4.698246 0.212509 -1.007305 14.284909 7.214788 -0.285296 7.687674 0.058081 2.394034 -3.6174 -1.181019 2.880308 -15.5314 7.7e-05 -2.3e-05 6e-06 -0.027683 -0.091104 0.079931 0.639115 -3.8211 -10.400877 -0.693969 3.630502 -10.378123 0.405928 -8.119258 13.362653 -33.844471 -56.525841 3.719509 1.393047 -52.083725 0.240718 15.151665 5.366117 4.401737 -5.882112 9.86129 0.70259 -10.936878 -0.360574 7.156212 -0.0 8.77483 0.0 -15.506063 17.783043 6.663351 -1.844034 2.498505 -2.50728 -10.163607 4.67895 4.621111 -20.97604 -2e-06 -2e-06 -21.226303 2.451697 -3.594007 -0.0 -6e-06 -1e-06 -1.362683 2.2408 -0.746324 -21.33493 0.584913 3.008323 -13.821222 -1e-06 0.0 -23.887186 -0.249077 -0.839488 -60.055553 1.937519 -0.719178 -0.294025 1.679688 0.833256 -14.218219 0.093217 1.300579 -34.212074 -0.287563 0.967166 -20.03323 0.964536 1.212841 0.0 1e-06 -0.0 -3.440391 0.788235 0.501657 -15.928201 -3.16731 2.999709 -6.338831 -1e-06 0.0 -18.123461 3.648188 -4.905676 -5e-06 1e-06 -2e-06 4.79372 14.51656 14.084305 40.392437 36.432816 0.107096 -26.326515 81.409615 -24.886789 -3.407135 -27.965628 28.15958 2.243544 -5.255038 -3.18016 14.2829 -0.826598 6.952506 -2e-06 -12.690608 3e-06 16.436399 -17.216671 2.894233 1.665668 -1.955922 -2.878302 4.727802 -4.17059 4.993926 11.020535 2e-06 -2e-06 12.10906 -3.735717 -2.866786 1e-06 -0.0 1e-06 1.291986 -1.92855 -1.498091 14.800139 0.567466 3.865608 14.242584 -1.341737 -6.660663 19.631985 0.143925 -0.648248 50.535221 -0.323529 -6.226614 0.353029 -1.511151 -0.031939 20.222805 3.684309 2.316629 18.787287 4e-06 -3e-06 10.751636 -0.479869 1.397905 -3e-06 1e-06 0.0 3.273809 0.305946 -0.58011 21.486828 11.830377 2.26613 8.16293 0.0 -1e-06 18.399096 -3.798987 -4.940581 3e-06 -2e-06 -1e-06 5.20063 6.639508 -3.97819 -0.066753 -0.380762 57.815449 -8.739808 9.636062 -36.14011 1.654447 -2.043724 -0.926639 0.0 -1e-06 2e-06 -7.220691 -8.166031 -27.197641 0.378082 0.353027 67.238945 6.01617 13.192019 -19.226505 -1.345957 0.751382 -3.989343 0.0 0.0 -1e-06 
0.0 0.0 0.0 0.0 -0.0 0.0 9.67201 87.324646 66.014351 -0.716039 -13.569262 -13.320136 -2.16822 0.390195 0.905769 -0.824618 -0.035437 -4.723681 1.641912 -1.577832 14.462479 5.713555 0.287552 9.025454 0.411003 3.269814 -3.579985 -2.734981 4.560068 -13.715175 7.7e-05 -2.2e-05 7e-06 -0.025711 -0.069022 0.050981 0.619086 -3.789384 -10.377843 -0.666792 3.645353 -10.342685 0.601553 -8.331476 14.60423 -19.438313 -53.308926 2.543463 -0.864806 -52.581619 0.825554 11.419314 8.731514 3.445313 -5.88211 9.861289 0.702591 -10.936877 -0.360574 7.156209 -0.0 8.774828 -1e-06 -16.036297 17.700315 6.507336 -1.844034 2.498505 -2.50728 -10.163605 4.678947 4.62111 -20.976038 -3e-06 2e-06 -21.226299 2.451698 -3.594002 1e-06 -6e-06 -0.0 -1.362682 2.240799 -0.746324 -21.334927 0.584911 3.008325 -13.821221 -3e-06 2e-06 -23.887184 -0.249079 -0.839484 -59.813107 1.840319 -0.567538 -0.294025 1.679688 0.833257 -14.218217 0.093215 1.300582 -34.212074 -0.287563 0.967169 -20.033226 0.964537 1.212843 0.0 1e-06 -1e-06 -3.44039 0.788235 0.501657 -15.928198 -3.167311 2.999708 -6.33883 -1e-06 1e-06 -18.123457 3.648184 -4.905673 -4e-06 -0.0 -1e-06 5.522588 13.487555 14.466298 38.897774 36.142105 0.885191 -108.54435 86.954895 -107.538147 -2.58614 -29.246965 29.371084 2.243542 -5.255037 -3.180159 14.282893 -0.826592 6.952503 -3e-06 -12.690607 -0.0 16.295492 -17.173956 2.880397 1.665667 -1.955922 -2.878299 4.727798 -4.170586 4.993925 11.020528 4e-06 -2e-06 12.109056 -3.735715 -2.866786 1e-06 0.0 0.0 1.291986 -1.92855 -1.49809 14.800131 0.56747 3.865607 14.242576 -1.341735 -6.660661 19.631973 0.143928 -0.648245 50.617527 -0.339506 -6.24867 0.353029 -1.511151 -0.03194 20.222795 3.684313 2.31663 18.787273 7e-06 -0.0 10.751631 -0.479867 1.397907 -2e-06 -0.0 1e-06 3.273807 0.305947 -0.580111 21.48682 11.830379 2.266133 8.162928 2e-06 0.0 18.39908 -3.798982 -4.940575 2e-06 -0.0 -0.0 5.073034 6.450696 -0.458595 0.015922 -0.427884 57.365921 -8.584254 12.278973 -34.158875 1.776713 -2.174886 -3.0667 -0.0 0.0 2e-06 -4.116466 -8.20686 -25.760475 0.18107 0.167029 62.224785 2.527218 12.021263 -20.070547 -1.408623 0.567183 -3.550967 -0.0 -0.0 -1e-06 
0.0 0.0 0.0 0.0 -0.0 0.0 9.008475 87.23774 68.519196 -0.225593 -15.958189 -13.728384 -2.078292 0.531379 0.897447 -0.823076 -0.295815 -4.757354 2.416573 -1.850053 14.477974 4.383889 0.946028 9.651914 0.61377 4.027832 -3.485382 -4.153273 5.800666 -12.077138 7.7e-05 -2.3e-05 6e-06 -0.016632 -0.017694 0.044857 0.613889 -3.736546 -10.361502 -0.64297 3.695678 -10.311516 0.858059 -7.986262 15.635856 -8.011558 -48.884541 2.21158 -2.952322 -58.839287 1.707346 7.765576 10.462503 2.188337 -5.882111 9.86129 0.702591 -10.936881 -0.360574 7.156211 1e-06 8.77483 0.0 -16.247477 17.593185 6.370836 -1.844035 2.498507 -2.507279 -10.16361 4.678947 4.621113 -20.976044 -2e-06 1e-06 -21.226305 2.451698 -3.594003 1e-06 -6e-06 1e-06 -1.362682 2.240799 -0.746324 -21.334932 0.58491 3.008324 -13.821224 -4e-06 2e-06 -23.887192 -0.249079 -0.839485 -59.910423 1.811596 -0.520786 -0.294025 1.679688 0.833257 -14.218224 0.093215 1.300581 -34.212082 -0.287564 0.96717 -20.033232 0.964537 1.212844 -0.0 0.0 0.0 -3.440391 0.788236 0.501656 -15.928203 -3.167311 2.999708 -6.338832 0.0 0.0 -18.123463 3.648183 -4.905673 -5e-06 1e-06 -1e-06 5.458603 13.075443 14.471752 36.907887 36.683773 1.598367 -165.119217 80.765862 -164.183426 -0.530748 -30.053249 28.457779 2.243543 -5.255037 -3.180161 14.282899 -0.826594 6.952505 -4e-06 -12.690605 2e-06 16.200512 -17.044554 2.895694 1.665667 -1.955922 -2.8783 4.727801 -4.170588 4.993926 11.020535 4e-06 -2e-06 12.109059 -3.735716 -2.866785 0.0 0.0 -1e-06 1.291986 -1.928549 -1.49809 14.800136 0.567469 3.865609 14.242582 -1.341734 -6.660661 19.631981 0.143927 -0.648246 50.792301 -0.394197 -6.215629 0.353029 -1.511151 -0.03194 20.222803 3.684312 2.31663 18.787283 6e-06 -2e-06 10.751634 -0.479868 1.397906 -1e-06 -0.0 -0.0 3.273809 0.305947 -0.580111 21.486832 11.830379 2.266132 8.16293 2e-06 -0.0 18.399097 -3.798983 -4.940578 2e-06 -0.0 -0.0 4.827624 7.337044 0.298412 0.04626 -0.341916 60.724113 -7.540461 13.844101 -30.155661 1.88825 -2.304081 -6.773203 -0.0 -0.0 2e-06 -3.17233 -7.590086 -23.851019 0.034645 0.068802 60.526009 -1.12935 10.81329 -21.80921 -1.46635 0.356228 -2.65039 0.0 -0.0 -1e-06 
0.0 0.0 0.0 0.0 -0.0 0.0 8.332041 86.68354 70.666573 0.251204 -17.776012 -13.761236 -1.873812 0.57677 1.168288 -0.805274 -0.44498 -4.652861 3.065131 -1.771474 14.194983 2.981165 1.774041 9.301206 0.64336 4.364998 -3.321636 -5.429861 6.679856 -10.995873 7.7e-05 -2.2e-05 6e-06 -0.010769 -0.018697 0.051983 0.637613 -3.734477 -10.338264 -0.656187 3.690648 -10.284701 1.396022 -7.738459 16.108408 0.755752 -43.151726 0.806898 -5.134778 -68.98719 2.890858 4.757935 11.369519 0.197419 -5.882109 9.86129 0.702592 -10.936877 -0.360574 7.15621 2e-06 8.77483 1e-06 -16.336664 17.596117 6.215633 -1.844033 2.498504 -2.507279 -10.163605 4.678948 4.621111 -20.976038 -4e-06 2e-06 -21.226299 2.451697 -3.594002 -1e-06 -7e-06 0.0 -1.362682 2.240798 -0.746324 -21.334929 0.584909 3.008325 -13.821223 -4e-06 -0.0 -23.887184 -0.24908 -0.839482 -59.859287 1.835133 -0.782336 -0.294025 1.679688 0.833256 -14.218219 0.093215 1.300581 -34.212074 -0.287565 0.967169 -20.03323 0.964537 1.212845 -0.0 -0.0 1e-06 -3.44039 0.788234 0.501656 -15.928198 -3.167314 2.999708 -6.33883 -2e-06 0.0 -18.123459 3.648186 -4.905673 -5e-06 1e-06 -3e-06 5.012814 12.906414 14.023633 34.560135 38.587933 1.347672 -171.74585 73.363274 -170.912369 2.187278 -29.925402 25.179714 2.243544 -5.25504 -3.18016 14.282902 -0.826598 6.952508 -0.0 -12.690611 2e-06 15.74328 -16.962006 3.03132 1.665668 -1.955923 -2.878301 4.727804 -4.170591 4.993928 11.020536 1e-06 -1e-06 12.109062 -3.735719 -2.866787 -0.0 1e-06 -0.0 1.291987 -1.92855 -1.498089 14.800139 0.567465 3.865611 14.24258 -1.341738 -6.660663 19.631979 0.143924 -0.648246 50.68623 -0.433197 -6.136439 0.353029 -1.511151 -0.03194 20.222803 3.684308 2.316632 18.787287 0.0 -1e-06 10.751637 -0.479869 1.397906 -2e-06 -0.0 -0.0 3.273809 0.305946 -0.580111 21.486828 11.830378 2.266134 8.162931 -0.0 0.0 18.399096 -3.79899 -4.940577 2e-06 -0.0 -1e-06 5.057511 8.956569 -2.064353 0.0444 -0.227192 68.32795 -4.848781 15.165359 -24.286457 1.995146 -2.320321 -9.80672 0.0 -0.0 4e-06 -3.277058 -6.973313 -22.733566 -0.048519 -0.013653 61.321808 -3.238505 10.677533 -24.885111 -1.479064 0.374492 -1.469696 0.0 -0.0 -1e-06 
0.0 0.0 0.0 0.0 -0.0 0.0 7.661322 85.690109 72.544464 -0.408721 -19.159336 -13.141298 -1.227162 0.562506 1.618687 -0.619678 -0.602016 -4.442797 4.035777 -1.713773 13.939893 1.443973 2.53635 8.060593 0.666876 4.639542 -3.282563 -6.595247 7.482273 -10.280554 7.7e-05 -2.3e-05 7e-06 -0.015554 -0.063637 0.050396 0.656988 -3.765664 -10.296437 -0.687944 3.631413 -10.245371 2.392404 -7.773529 16.520401 7.243429 -36.689152 -2.149046 -8.877363 -80.242104 6.459557 2.694599 12.157359 -1.910947 -5.882104 9.861281 0.702592 -10.936869 -0.360573 7.156204 1e-06 8.774824 0.0 -16.21159 17.563581 6.279479 -1.844031 2.498502 -2.507277 -10.163599 4.678942 4.62111 -20.976019 -2e-06 5e-06 -21.226282 2.451697 -3.593995 0.0 -6e-06 -2e-06 -1.362681 2.240798 -0.746323 -21.334911 0.584909 3.008324 -13.821213 -2e-06 3e-06 -23.887167 -0.249078 -0.839481 -59.788239 1.955475 -0.935942 -0.294025 1.679689 0.833256 -14.218206 0.093214 1.300581 -34.212048 -0.287561 0.967173 -20.033211 0.964538 1.212842 -0.0 -0.0 -0.0 -3.440389 0.788233 0.501656 -15.928185 -3.167308 2.999707 -6.338825 2e-06 1e-06 -18.123444 3.648182 -4.905668 -5e-06 0.0 -3e-06 4.606954 12.824987 13.208644 32.463486 42.431473 -0.357311 -172.299164 67.078491 -172.190689 4.032962 -28.662889 22.05835 2.243543 -5.255039 -3.180161 14.282901 -0.826597 6.952508 -3e-06 -12.69061 3e-06 15.573552 -16.937304 3.001277 1.665667 -1.955922 -2.878301 4.727802 -4.170589 4.993928 11.020534 3e-06 -1e-06 12.109059 -3.735717 -2.866784 -0.0 0.0 0.0 1.291986 -1.92855 -1.498089 14.800138 0.567467 3.865611 14.242581 -1.341735 -6.660661 19.631979 0.143927 -0.648244 50.929981 -0.608401 -6.067468 0.353029 -1.511151 -0.031939 20.222803 3.68431 2.316632 18.787287 5e-06 1e-06 10.751636 -0.479868 1.397907 -1e-06 -1e-06 -0.0 3.273808 0.305948 -0.580112 21.486828 11.830381 2.266132 8.162933 -2e-06 -1e-06 18.399099 -3.798986 -4.940578 3e-06 -1e-06 -1e-06 6.558939 10.424791 -6.620268 0.027279 -0.012171 78.31176 -1.192129 18.103012 -18.458488 2.029037 -2.271354 -8.437608 -1e-06 -0.0 3e-06 -2.418526 -6.67247 -23.025717 -0.086469 0.052919 63.69318 -4.112545 11.641077 -27.664574 -1.451253 0.493347 -0.525964 0.0 -0.0 -1e-06 
0.0 0.0 0.0 0.0 -0.0 0.0 6.958194 84.383133 74.291786 -2.261383 -19.879604 -11.961899 -0.337466 0.473706 2.044683 -0.370822 -0.855371 -4.149897 5.73423 -1.642893 13.801167 -0.36131 3.223687 6.443487 0.736589 4.855801 -3.247469 -7.749928 8.246836 -9.97786 7.7e-05 -2.3e-05 6e-06 -0.018127 -0.13354 0.047035 0.694885 -3.835664 -10.325408 -0.733577 3.560826 -10.284576 4.229164 -8.012249 16.81982 10.810954 -30.689259 -5.607154 -134.637115 -89.056641 132.309799 1.524831 13.395316 -2.757704 -5.882108 9.861288 0.702591 -10.936877 -0.360576 7.156209 2e-06 8.774828 -0.0 -16.111799 17.387434 6.428152 -1.844032 2.498505 -2.507278 -10.163604 4.678948 4.62111 -20.976038 -3e-06 4e-06 -21.226297 2.451699 -3.593999 0.0 -5e-06 -2e-06 -1.362683 2.2408 -0.746323 -21.334923 0.584911 3.008326 -13.821218 -3e-06 3e-06 -23.88718 -0.249077 -0.839482 -59.65884 2.090324 -0.930403 -0.294025 1.679687 0.833256 -14.218214 0.093213 1.300581 -34.212067 -0.287561 0.967174 -20.033226 0.964539 1.212846 -0.0 -0.0 -1e-06 -3.44039 0.788235 0.501656 -15.928192 -3.167308 2.999707 -6.338829 -0.0 1e-06 -18.123453 3.648185 -4.90567 -4e-06 0.0 -1e-06 4.249439 12.958056 12.129061 31.857248 47.541538 -3.927217 -172.334808 63.315586 -172.851425 4.950019 -25.731634 19.749825 2.243542 -5.255039 -3.180161 14.282902 -0.826596 6.952511 -2e-06 -12.690606 1e-06 15.813492 -17.121069 2.779548 1.665667 -1.955922 -2.878301 4.727803 -4.170588 4.993928 11.020535 2e-06 2e-06 12.109059 -3.735715 -2.866783 -0.0 0.0 1e-06 1.291985 -1.92855 -1.49809 14.80014 0.567468 3.865613 14.242582 -1.341737 -6.66066 19.631985 0.143921 -0.648245 50.915703 -0.592702 -6.107812 0.353029 -1.511151 -0.03194 20.222805 3.684308 2.316636 18.787289 2e-06 2e-06 10.751637 -0.47987 1.397909 0.0 2e-06 -0.0 3.27381 0.305948 -0.58011 21.486832 11.830378 2.266138 8.162935 1e-06 -0.0 18.399099 -3.798987 -4.940577 2e-06 -1e-06 -1e-06 8.968485 10.211842 -12.003037 0.090675 0.216352 88.410568 1.830349 20.563398 -14.537839 2.041368 -2.280854 -5.240908 -0.0 -0.0 1e-06 -0.456342 -6.732891 -23.616966 -0.140988 0.039899 66.496643 -4.383544 12.669606 -29.992603 -1.43113 0.649386 -0.025391 -0.0 -0.0 -1e-06 
0.0 0.0 0.0 0.0 -0.0 0.0 6.286988 83.181145 76.136574 -3.999808 -20.115124 -10.988839 0.451818 0.458397 2.327781 -0.154468 -0.946588 -3.845779 7.356482 -1.403207 13.789156 -2.221331 3.915913 5.257727 0.793455 4.859776 -3.308553 -8.566501 8.646753 -9.784128 7.7e-05 -2.2e-05 6e-06 -0.018448 -0.202586 0.027178 0.724912 -3.905584 -10.393187 -0.766914 3.492053 -10.368049 6.656535 -7.962831 16.514046 11.023562 -27.338095 -8.784178 177.740356 -82.395195 -179.440445 0.997565 14.927409 -1.268376 -5.882108 9.861286 0.70259 -10.936873 -0.360576 7.156206 1e-06 8.774823 -1e-06 -16.243313 17.003281 6.368822 -1.844033 2.498507 -2.507278 -10.163602 4.678946 4.62111 -20.976028 -5e-06 1e-06 -21.22629 2.451695 -3.594002 1e-06 -6e-06 -2e-06 -1.362682 2.240797 -0.746323 -21.334917 0.58491 3.008323 -13.821217 -3e-06 2e-06 -23.887175 -0.249079 -0.83948 -59.388645 2.209205 -0.777259 -0.294025 1.679687 0.833256 -14.218212 0.093213 1.300581 -34.212055 -0.287563 0.967171 -20.033215 0.964536 1.212847 -0.0 0.0 -0.0 -3.44039 0.788232 0.501656 -15.928189 -3.167309 2.999707 -6.338827 -2e-06 1e-06 -18.123444 3.648182 -4.90567 -5e-06 -0.0 -2e-06 3.75917 13.529048 11.18369 35.196163 52.813038 -6.798149 -171.890244 62.670914 -172.347214 2.777349 -22.044979 20.44243 2.243541 -5.255036 -3.18016 14.282892 -0.826593 6.952505 -3e-06 -12.690604 -0.0 16.308271 -17.253349 2.59618 1.665668 -1.955924 -2.878299 4.727799 -4.170587 4.993926 11.020528 4e-06 -1e-06 12.109053 -3.735714 -2.866785 0.0 0.0 1e-06 1.291985 -1.928551 -1.498091 14.800131 0.56747 3.865611 14.242573 -1.341733 -6.66066 19.631969 0.143928 -0.648243 51.138351 -0.473248 -6.096761 0.353029 -1.511149 -0.03194 20.222795 3.684312 2.316632 18.787273 6e-06 1e-06 10.75163 -0.47987 1.397907 -0.0 1e-06 0.0 3.273807 0.305948 -0.580112 21.486816 11.830377 2.266134 8.162929 1e-06 0.0 18.399084 -3.798982 -4.940575 3e-06 1e-06 -1e-06 10.865484 8.296558 -16.751244 0.09529 0.24906 95.675354 2.421296 19.853765 -14.289371 2.08147 -2.305185 -4.036236 -0.0 0.0 1e-06 1.172668 -6.983518 -23.562231 -0.135521 0.021111 68.773842 -4.219672 13.815739 -32.308327 -1.420506 0.785977 0.334873 0.0 -0.0 -1e-06 
0.0 0.0 0.0 0.0 -0.0 0.0 5.58751 82.329094 78.131882 -4.334703 -19.958469 -10.847358 0.78119 0.588775 2.493085 -0.048557 -0.564314 -3.700111 7.980906 -0.918712 13.836033 -3.757723 4.704437 4.956985 0.698766 4.78384 -3.24204 -8.743347 8.259988 -9.582276 7.7e-05 -2.3e-05 6e-06 -0.008714 -0.19824 0.037815 0.75596 -3.910849 -10.441748 -0.780422 3.50175 -10.447815 8.177335 -7.389827 15.845805 9.550315 -27.909582 -12.514104 175.859192 -80.043015 -177.117661 2.111886 15.881416 2.321158 -5.882109 9.861283 0.702593 -10.936878 -0.360576 7.156209 1e-06 8.77483 0.0 -16.556738 16.663164 6.195799 -1.844033 2.498503 -2.507277 -10.163606 4.678944 4.62111 -20.976038 -3e-06 3e-06 -21.226299 2.451698 -3.593998 1e-06 -5e-06 -0.0 -1.362682 2.240799 -0.746324 -21.334929 0.584907 3.008324 -13.821221 -2e-06 2e-06 -23.887186 -0.24908 -0.839482 -59.339474 2.268378 -0.464533 -0.294025 1.679688 0.833257 -14.218217 0.093213 1.300581 -34.212074 -0.287566 0.967172 -20.033228 0.964536 1.212846 -1e-06 -0.0 1e-06 -3.44039 0.788233 0.501656 -15.9282 -3.167312 2.999709 -6.33883 -3e-06 0.0 -18.123459 3.648181 -4.90567 -6e-06 1e-06 -0.0 3.100042 14.693664 11.078882 44.063255 56.65979 -6.201315 -171.213943 65.412727 -171.426468 -5.671156 -17.696312 25.397779 2.243541 -5.255038 -3.180161 14.282892 -0.826596 6.952508 1e-06 -12.690601 -2e-06 16.693092 -17.187269 2.666153 1.665666 -1.95592 -2.8783 4.727802 -4.170587 4.993925 11.020527 0.0 0.0 12.109053 -3.735716 -2.866784 0.0 0.0 -1e-06 1.291987 -1.92855 -1.498089 14.800129 0.567465 3.865611 14.242571 -1.341741 -6.660658 19.631969 0.143921 -0.648245 51.35355 -0.246224 -6.013083 0.353028 -1.511151 -0.031941 20.222795 3.684304 2.316634 18.787273 -1e-06 -0.0 10.75163 -0.47987 1.397907 1e-06 0.0 1e-06 3.273806 0.305946 -0.58011 21.486814 11.830371 2.266139 8.162928 -1e-06 1e-06 18.399086 -3.798988 -4.940576 3e-06 1e-06 -1e-06 10.840552 6.108817 -20.501657 0.048979 0.182955 98.351883 2.556342 18.069151 -14.806612 2.072527 -2.32329 -3.932928 0.0 0.0 0.0 1.218126 -7.16292 -22.57332 -0.104452 0.007034 70.395393 -4.091127 14.524765 -34.868816 -1.421877 0.798478 0.64995 -0.0 -1e-06 -1e-06 
0.0 0.0 0.0 0.0 -0.0 0.0 4.941478 82.06794 80.174156 -3.881364 -19.164906 -11.321293 0.92397 0.833249 2.524205 0.066407 0.052181 -3.606802 7.59992 -0.324714 13.818422 -4.931455 5.237824 5.34301 0.581339 4.472325 -3.394479 -7.800379 7.315109 -9.020035 7.7e-05 -2.3e-05 6e-06 -0.007608 -0.203234 0.052717 0.737084 -3.908399 -10.450646 -0.761416 3.487008 -10.451242 8.513483 -6.570552 15.023238 7.008334 -32.423504 -16.101236 173.701889 -82.409996 -173.959259 4.707855 14.490228 5.503745 -5.88211 9.861288 0.702592 -10.936879 -0.360575 7.15621 0.0 8.774829 -0.0 -16.864477 16.647741 6.098245 -1.844033 2.498504 -2.507278 -10.163607 4.678946 4.621112 -20.976034 -2e-06 5e-06 -21.226297 2.451699 -3.593998 0.0 -6e-06 -1e-06 -1.362682 2.240801 -0.746323 -21.334929 0.58491 3.008327 -13.821222 -2e-06 3e-06 -23.887184 -0.249076 -0.839481 -59.700832 2.220547 -0.406823 -0.294025 1.679686 0.833257 -14.218217 0.093214 1.300583 -34.21207 -0.28756 0.967175 -20.033226 0.964538 1.212846 -0.0 1e-06 -1e-06 -3.440391 0.788233 0.501656 -15.928196 -3.16731 2.999708 -6.33883 -1e-06 1e-06 -18.123459 3.648183 -4.905671 -4e-06 0.0 -1e-06 1.203628 16.302216 11.178266 58.487457 57.336891 -2.117778 -173.513336 70.839706 -173.858185 -19.564402 -12.921533 33.121456 2.243541 -5.255035 -3.180159 14.282894 -0.826594 6.952507 -5e-06 -12.690607 1e-06 16.586346 -17.062775 3.059485 1.665667 -1.955922 -2.8783 4.727801 -4.170588 4.993925 11.020529 4e-06 1e-06 12.109055 -3.735714 -2.866782 -1e-06 1e-06 -1e-06 1.291985 -1.928549 -1.49809 14.800134 0.567468 3.86561 14.242575 -1.341736 -6.660656 19.631973 0.143924 -0.64824 51.341465 -0.183953 -5.948511 0.353029 -1.51115 -0.031939 20.222801 3.68431 2.316635 18.787279 5e-06 2e-06 10.751633 -0.47987 1.397909 1e-06 1e-06 1e-06 3.273807 0.305948 -0.580109 21.486818 11.83038 2.266138 8.162931 2e-06 1e-06 18.39909 -3.798987 -4.940573 3e-06 -1e-06 -1e-06 9.732368 4.509219 -23.488609 -0.077942 0.089013 97.344543 2.466269 17.591015 -14.763511 2.034468 -2.256748 -3.601083 0.0 0.0 1e-06 0.438693 -7.25638 -20.451853 -0.036027 0.136852 70.683617 -4.134087 14.489506 -37.15538 -1.404001 0.844551 1.044551 -0.0 -0.0 -1e-06 
0.0 0.0 0.0 0.0 -0.0 0.0 4.391829 82.496872 82.154312 -3.172145 -17.196703 -11.911945 0.832744 0.966665 2.484416 0.102148 0.886279 -3.614521 6.764579 0.042623 13.645843 -5.341376 5.35674 6.202401 0.326448 4.067357 -3.428182 -6.497464 6.002663 -8.744268 7.7e-05 -2.3e-05 6e-06 0.005827 -0.115257 0.097932 0.734944 -3.836516 -10.486616 -0.733813 3.591132 -10.475833 7.899582 -5.968343 14.884503 4.591234 -39.569363 -18.311895 137.538116 -88.151146 -136.851685 8.025341 11.261741 7.783824 -5.882107 9.861286 0.70259 -10.936873 -0.360575 7.156206 2e-06 8.774822 -0.0 -16.824751 16.780712 6.111393 -1.844033 2.498502 -2.507279 -10.163601 4.678942 4.62111 -20.976027 -6e-06 0.0 -21.226292 2.451696 -3.594002 0.0 -7e-06 1e-06 -1.362681 2.240796 -0.746324 -21.334917 0.584907 3.008322 -13.821217 -5e-06 2e-06 -23.887175 -0.249081 -0.839484 -59.928387 2.182236 -0.521579 -0.294025 1.679687 0.833256 -14.218212 0.093214 1.300579 -34.212063 -0.287569 0.967168 -20.033218 0.964535 1.212845 -0.0 0.0 -1e-06 -3.440389 0.788234 0.501656 -15.928189 -3.167311 2.999707 -6.338828 -2e-06 1e-06 -18.123451 3.648179 -4.905671 -4e-06 0.0 -2e-06 -1.031827 17.873333 10.90303 70.184639 54.35305 0.97029 -176.845612 78.094292 -177.182602 -29.235409 -11.31799 36.891899 2.243542 -5.255039 -3.180157 14.282887 -0.826594 6.952503 -1e-06 -12.690603 -1e-06 16.349409 -16.890818 3.202211 1.665665 -1.955922 -2.8783 4.7278 -4.170588 4.993924 11.020524 1e-06 -1e-06 12.109051 -3.735719 -2.866785 -0.0 1e-06 -0.0 1.291984 -1.928549 -1.498089 14.800125 0.567468 3.865608 14.242568 -1.341739 -6.660655 19.631962 0.143922 -0.648246 50.68417 -0.122522 -5.970223 0.353029 -1.51115 -0.03194 20.222786 3.684308 2.316632 18.78727 1e-06 0.0 10.751627 -0.479871 1.397907 0.0 1e-06 1e-06 3.273806 0.305945 -0.580111 21.486809 11.830371 2.266135 8.162925 0.0 1e-06 18.399078 -3.798986 -4.940574 2e-06 -0.0 -1e-06 8.200825 3.074269 -26.165115 -0.205006 -0.025649 94.512993 2.091922 16.293077 -15.057234 1.942292 -2.164916 -3.228505 0.0 1e-06 0.0 -0.795554 -7.96232 -17.544558 0.067547 0.27922 69.573044 -3.692875 13.721257 -38.264675 -1.395445 0.817873 1.021913 -0.0 -0.0 -1e-06 
0.0 0.0 0.0 0.0 -0.0 0.0 4.032471 83.685036 84.144775 -2.585936 -14.347818 -12.358521 0.623572 1.109012 2.267761 0.02513 1.533361 -3.708288 5.759066 0.153936 13.497384 -5.043694 5.176605 7.212444 0.090574 3.466924 -3.504441 -5.038191 4.658447 -8.463793 7.7e-05 -2.3e-05 6e-06 0.019449 -0.079705 0.110244 0.723316 -3.809806 -10.517025 -0.696371 3.640862 -10.498171 6.317142 -5.90484 14.967375 2.213423 -48.025116 -18.141251 10.063028 -80.97113 -9.025245 9.91097 7.643413 8.922251 -5.882105 9.861282 0.702589 -10.936872 -0.360574 7.156204 1e-06 8.774821 -1e-06 -16.744083 17.013847 5.973089 -1.844032 2.498504 -2.507277 -10.163599 4.678944 4.621108 -20.976021 -3e-06 3e-06 -21.226282 2.451695 -3.593997 -0.0 -6e-06 -0.0 -1.362681 2.240799 -0.746323 -21.334911 0.584909 3.008322 -13.821213 -2e-06 3e-06 -23.887167 -0.249079 -0.839481 -60.103992 2.245053 -0.720548 -0.294024 1.679686 0.833256 -14.218207 0.093214 1.30058 -34.212048 -0.287566 0.967171 -20.033211 0.964535 1.212843 -1e-06 -1e-06 -1e-06 -3.440388 0.788231 0.501656 -15.928185 -3.167308 2.999707 -6.338826 0.0 0.0 -18.123444 3.648177 -4.905669 -4e-06 1e-06 -1e-06 -1.786702 19.010118 10.954707 73.950706 50.349392 2.700088 174.244675 86.314484 174.177139 -32.91338 -14.730758 36.478783 2.24354 -5.255035 -3.180157 14.282887 -0.826596 6.952503 -1e-06 -12.6906 -2e-06 16.589979 -16.725824 3.063395 1.665665 -1.955922 -2.878299 4.727799 -4.170585 4.993923 11.020521 2e-06 -1e-06 12.109048 -3.735715 -2.866782 -0.0 -0.0 -1e-06 1.291984 -1.928548 -1.498088 14.800122 0.567468 3.865609 14.242564 -1.341738 -6.660654 19.631958 0.143923 -0.648243 50.762188 -0.210337 -5.861402 0.35303 -1.511151 -0.03194 20.222784 3.684307 2.316632 18.787266 2e-06 2e-06 10.751625 -0.47987 1.397906 0.0 1e-06 -0.0 3.273806 0.305946 -0.580111 21.486803 11.830368 2.266136 8.162924 1e-06 0.0 18.399076 -3.798985 -4.940572 3e-06 0.0 -0.0 6.612561 1.688326 -28.428328 -0.279097 -0.176853 89.716003 1.234783 14.076971 -15.902363 1.843892 -2.059208 -2.795995 -0.0 0.0 2e-06 -2.041312 -8.934543 -13.792519 0.177765 0.39018 66.548203 -2.886873 12.35345 -38.174675 -1.400651 0.768122 0.594663 -0.0 -0.0 -1e-06 
0.0 0.0 0.0 0.0 -0.0 0.0 3.861782 85.440468 86.222008 -2.210278 -10.914608 -12.675568 0.357171 1.202366 1.909679 -0.042578 1.793298 -3.948257 4.529454 0.012156 13.525449 -4.273936 4.753246 8.051217 -0.069048 2.858232 -3.610865 -3.5513 3.588213 -8.003556 7.7e-05 -2.3e-05 6e-06 0.02555 -0.04783 0.077359 0.71559 -3.772645 -10.547213 -0.67743 3.672905 -10.520841 3.850771 -6.664923 15.124993 -0.871481 -56.204346 -15.328734 4.375754 -67.118561 -3.561009 9.81485 4.803277 10.470463 -5.882108 9.861286 0.70259 -10.936875 -0.360575 7.156208 1e-06 8.774824 -1e-06 -16.713673 17.422829 5.791033 -1.844033 2.498503 -2.507278 -10.163604 4.678946 4.621109 -20.97603 -3e-06 2e-06 -21.226292 2.451698 -3.593999 -2e-06 -5e-06 -0.0 -1.362682 2.240797 -0.746324 -21.334921 0.58491 3.008324 -13.821217 -0.0 1e-06 -23.887178 -0.24908 -0.839483 -60.138718 2.421163 -0.989946 -0.294025 1.679687 0.833256 -14.218214 0.093215 1.300581 -34.212063 -0.287563 0.96717 -20.033222 0.964537 1.212843 0.0 2e-06 -2e-06 -3.440389 0.788234 0.501656 -15.928191 -3.167312 2.999708 -6.338828 -3e-06 1e-06 -18.123453 3.648183 -4.905673 -5e-06 0.0 -3e-06 -0.984614 19.356499 11.763809 70.439163 47.932941 6.609824 -0.741723 85.095314 -0.451186 -29.235434 -21.881783 33.492924 2.243542 -5.255037 -3.180157 14.282896 -0.826594 6.952507 -4e-06 -12.690607 3e-06 16.723421 -16.922192 2.637683 1.665666 -1.955921 -2.878301 4.727799 -4.170587 4.993925 11.020528 4e-06 0.0 12.109053 -3.735716 -2.866782 1e-06 -0.0 -1e-06 1.291985 -1.928549 -1.49809 14.800134 0.567469 3.865612 14.242573 -1.341736 -6.660657 19.631973 0.143926 -0.648243 51.22578 -0.418662 -5.895016 0.353029 -1.511151 -0.031939 20.222797 3.684311 2.316633 18.787279 5e-06 3e-06 10.75163 -0.479869 1.39791 -1e-06 0.0 0.0 3.273808 0.305947 -0.580111 21.48682 11.830377 2.266136 8.16293 3e-06 1e-06 18.399088 -3.798986 -4.940573 2e-06 0.0 -1e-06 5.036973 0.490154 -29.383709 -0.291288 -0.315903 82.312263 0.150191 11.184248 -16.297592 1.776127 -2.007385 -2.430347 0.0 -0.0 3e-06 -2.936838 -9.603 -9.129639 0.210375 0.44661 61.444794 -1.547189 10.310959 -37.37318 -1.41605 0.756235 0.302995 0.0 0.0 -1e-06 
0.0 0.0 0.0 0.0 -0.0 0.0 3.855743 87.485191 88.457916 -2.134037 -7.443487 -12.98944 0.194524 1.077304 1.369571 -0.156637 1.810746 -4.368516 3.147219 -0.361979 13.792345 -2.973346 4.251889 8.790522 -0.206763 2.500431 -3.552161 -2.201354 2.570701 -7.170343 7.7e-05 -2.3e-05 6e-06 0.026973 0.015736 0.031343 0.74098 -3.691748 -10.527072 -0.698808 3.71714 -10.519345 0.693311 -8.32554 15.762391 -5.037393 -62.451981 -10.072254 2.742954 -51.83321 -2.148263 8.385555 3.753435 12.206293 -5.882111 9.861286 0.702591 -10.93688 -0.360574 7.15621 1e-06 8.774828 0.0 -16.456003 17.616777 5.751176 -1.844035 2.498504 -2.507279 -10.163607 4.678947 4.621111 -20.976042 -3e-06 -0.0 -21.226305 2.451696 -3.594002 -0.0 -7e-06 1e-06 -1.362683 2.240798 -0.746324 -21.33493 0.58491 3.008322 -13.821225 -3e-06 0.0 -23.887188 -0.24908 -0.839486 -59.662518 2.422933 -1.024815 -0.294025 1.679687 0.833257 -14.218219 0.093215 1.30058 -34.212074 -0.287565 0.967168 -20.03323 0.964535 1.212841 1e-06 1e-06 -0.0 -3.440391 0.788234 0.501656 -15.928198 -3.16731 2.999707 -6.33883 -2e-06 1e-06 -18.123461 3.648183 -4.905674 -5e-06 0.0 -2e-06 0.802936 18.910658 13.102656 59.781834 48.449993 12.20612 -3.113339 75.991829 -2.068335 -14.183771 -30.315529 23.750204 2.243543 -5.255038 -3.180156 14.282894 -0.826595 6.952505 -1e-06 -12.690605 -0.0 17.27722 -18.212402 2.135578 1.665666 -1.955922 -2.878298 4.727799 -4.170588 4.993925 11.020528 2e-06 -1e-06 12.109053 -3.735717 -2.866783 0.0 0.0 -2e-06 1.291986 -1.928549 -1.498089 14.800129 0.567467 3.86561 14.242576 -1.341738 -6.660658 19.631969 0.143923 -0.648246 51.730526 -0.449307 -6.351216 0.353029 -1.511151 -0.031941 20.222797 3.684308 2.316631 18.787275 4e-06 -0.0 10.751629 -0.479869 1.397906 1e-06 0.0 -1e-06 3.273807 0.305947 -0.580111 21.486816 11.830377 2.266134 8.162927 0.0 0.0 18.399084 -3.798985 -4.940576 2e-06 -1e-06 -1e-06 3.873091 -0.102686 -27.885311 -0.186574 -0.348382 72.800522 -0.77526 7.559907 -16.094345 1.725524 -2.043528 -2.296881 -0.0 0.0 2e-06 -3.166286 -9.447252 -3.71322 0.116071 0.290393 54.767715 0.272461 7.666995 -35.657887 -1.441029 0.731669 0.293871 -0.0 0.0 -1e-06 
0.0 0.0 0.0 0.0 -0.0 0.0 4.042458 89.620667 90.910652 -2.172278 -4.400838 -13.270602 0.104424 0.841792 0.621061 -0.305669 1.665246 -4.801092 1.706859 -0.451945 13.868122 -1.201073 3.392893 9.540778 -0.270051 2.170989 -3.580171 -0.875596 1.670912 -5.593765 7.7e-05 -2.3e-05 6e-06 0.020321 -0.028684 0.036816 0.72081 -3.730105 -10.451106 -0.688979 3.666921 -10.447251 -2.27836 -10.27101 16.195135 -14.266595 -66.775047 -0.639882 2.893907 -38.042847 -1.695738 6.311416 3.481787 14.171323 -5.882107 9.861284 0.702592 -10.936873 -0.360574 7.156209 1e-06 8.774824 0.0 -16.600304 17.834616 5.839406 -1.844032 2.498504 -2.507279 -10.163602 4.678944 4.621111 -20.976025 -3e-06 3e-06 -21.226288 2.451696 -3.593998 -0.0 -6e-06 -1e-06 -1.362682 2.240799 -0.746323 -21.334917 0.584909 3.008326 -13.821215 -2e-06 3e-06 -23.887178 -0.249079 -0.839482 -59.62133 2.2466 -0.814741 -0.294025 1.679688 0.833257 -14.218212 0.093216 1.300582 -34.212063 -0.287563 0.967174 -20.033218 0.964539 1.212845 -1e-06 -0.0 -2e-06 -3.440389 0.788233 0.501656 -15.928189 -3.16731 2.999709 -6.338827 -1e-06 2e-06 -18.123444 3.648184 -4.905669 -4e-06 -0.0 -2e-06 1.76888 18.478258 14.290158 47.968182 50.393097 15.232491 -1.092762 64.747246 -0.408352 0.358063 -31.908909 16.070053 2.243544 -5.255041 -3.180159 14.282896 -0.826596 6.952507 -2e-06 -12.690612 2e-06 18.634619 -18.307411 1.482679 1.665666 -1.955922 -2.878301 4.727801 -4.170591 4.993928 11.020532 2e-06 -1e-06 12.109055 -3.735718 -2.866785 1e-06 0.0 0.0 1.291987 -1.928551 -1.49809 14.800132 0.567469 3.865612 14.242578 -1.341735 -6.660661 19.631973 0.143925 -0.648244 52.051586 -0.292111 -6.486562 0.353029 -1.511151 -0.03194 20.222795 3.684312 2.316633 18.787277 2e-06 1e-06 10.751632 -0.47987 1.397907 1e-06 -1e-06 -0.0 3.273809 0.305947 -0.580111 21.48682 11.83038 2.266135 8.162929 1e-06 0.0 18.399088 -3.798988 -4.940576 2e-06 1e-06 -0.0 3.08771 1.377578 -23.679991 -0.051696 -0.170411 62.105045 -0.569886 4.734673 -15.399401 1.682718 -1.998011 -2.256582 0.0 -0.0 2e-06 -3.059094 -8.975801 2.09451 0.014961 0.179648 47.145706 2.029961 5.24097 -32.747925 -1.448995 0.826004 -0.111129 -0.0 0.0 -1e-06 
0.0 0.0 0.0 0.0 -0.0 0.0 4.424205 91.512802 93.479279 -2.01255 -2.12714 -13.351687 -0.130342 0.49562 -0.279414 -0.44603 1.588954 -5.17044 0.265001 -0.210497 13.676899 0.527438 2.434682 9.974122 -0.178901 1.816133 -3.596651 0.41222 1.040199 -3.356955 7.7e-05 -2.3e-05 6e-06 0.01709 -0.068412 0.090419 0.679601 -3.780207 -10.388139 -0.652423 3.636782 -10.385784 -4.760557 -11.377461 16.230272 -26.904688 -68.551453 11.062428 3.962692 -29.906216 -1.492905 4.514344 4.121795 17.514627 -5.882108 9.861283 0.70259 -10.936875 -0.360575 7.156207 2e-06 8.774824 -0.0 -16.556396 18.197666 6.011767 -1.844033 2.498502 -2.507278 -10.163603 4.678945 4.621109 -20.97603 -5e-06 2e-06 -21.226292 2.451695 -3.593999 1e-06 -6e-06 -1e-06 -1.362682 2.240797 -0.746324 -21.334925 0.584908 3.008322 -13.821218 -3e-06 2e-06 -23.88718 -0.249081 -0.839482 -59.734337 2.276666 -0.973531 -0.294025 1.679687 0.833256 -14.218214 0.093214 1.30058 -34.212063 -0.287566 0.967171 -20.033218 0.964535 1.212845 -0.0 0.0 -0.0 -3.440389 0.788233 0.501655 -15.928192 -3.167311 2.999707 -6.33883 -1e-06 0.0 -18.123457 3.648181 -4.905671 -3e-06 -0.0 -2e-06 2.479264 18.33536 14.826172 38.272045 51.358494 15.835467 0.914025 52.634937 -0.023356 4.475751 -29.515413 16.867619 2.243539 -5.255035 -3.180157 14.282884 -0.826595 6.952501 -1e-06 -12.690598 0.0 18.041342 -17.414625 1.712461 1.665665 -1.95592 -2.878298 4.727797 -4.170586 4.993923 11.02052 2e-06 -1e-06 12.109047 -3.735714 -2.866783 0.0 0.0 -0.0 1.291984 -1.928548 -1.498088 14.80012 0.567467 3.865606 14.242562 -1.341735 -6.660655 19.631954 0.143925 -0.648244 51.37738 -0.280181 -6.210358 0.353028 -1.51115 -0.03194 20.222784 3.684307 2.31663 18.787266 3e-06 -0.0 10.751624 -0.479869 1.397905 1e-06 0.0 0.0 3.273805 0.305946 -0.58011 21.486801 11.830368 2.266131 8.162923 1e-06 1e-06 18.399076 -3.798985 -4.940573 3e-06 -0.0 -1e-06 3.039959 5.48299 -17.586739 0.023114 0.127153 52.42757 -0.2218 1.169198 -16.732244 1.686977 -1.859993 -2.125409 0.0 -0.0 2e-06 -3.533435 -8.987576 7.501335 -0.06676 0.048806 39.926731 3.701352 4.197334 -28.861614 -1.447141 0.903041 -1.429809 -0.0 0.0 -1e-06 
0.0 0.0 0.0 0.0 -0.0 0.0 5.087143 92.916061 95.914291 -1.185265 -1.087148 -12.746019 -0.744979 0.390728 -1.18079 -0.595602 1.679238 -5.524943 -0.777312 0.075018 13.305976 1.61236 1.800349 9.684064 -0.301546 1.548794 -3.581369 1.416013 0.425316 -1.622378 7.7e-05 -2.3e-05 6e-06 0.009996 -0.066716 0.102111 0.651778 -3.792299 -10.419817 -0.63586 3.653254 -10.434424 -7.151081 -11.734692 15.563899 -36.011497 -68.085945 19.35825 4.774697 -28.139807 -1.469853 3.632373 4.61812 20.239014 -5.882111 9.86129 0.702592 -10.936881 -0.360575 7.156212 2e-06 8.774831 0.0 -16.724504 18.205183 5.891386 -1.844034 2.498507 -2.507281 -10.163608 4.678948 4.621113 -20.976044 -5e-06 1e-06 -21.226305 2.451697 -3.594002 2e-06 -6e-06 -0.0 -1.362683 2.2408 -0.746324 -21.33493 0.584908 3.008325 -13.821224 -4e-06 2e-06 -23.887188 -0.249081 -0.839482 -60.196583 2.267055 -1.200653 -0.294025 1.679688 0.833257 -14.218223 0.093214 1.300581 -34.212082 -0.287567 0.967172 -20.03323 0.964536 1.212846 -0.0 0.0 1e-06 -3.440392 0.788233 0.501656 -15.928203 -3.167312 2.999709 -6.338831 -1e-06 1e-06 -18.123465 3.648184 -4.905674 -5e-06 0.0 -1e-06 3.695138 18.294634 14.914971 31.270638 50.217941 14.402082 1.913755 44.661995 -0.02209 1.818886 -26.740374 19.415432 2.243543 -5.255038 -3.180159 14.282905 -0.826595 6.952509 -5e-06 -12.690614 3e-06 16.818312 -17.226051 2.319915 1.665668 -1.955922 -2.878301 4.727801 -4.17059 4.993929 11.020538 5e-06 -1e-06 12.109062 -3.735717 -2.866785 1e-06 0.0 0.0 1.291985 -1.92855 -1.49809 14.800144 0.56747 3.865611 14.242585 -1.341734 -6.660661 19.631989 0.143928 -0.648244 50.720619 -0.464234 -6.03385 0.35303 -1.511152 -0.031939 20.222815 3.684314 2.316632 18.787289 6e-06 0.0 10.751638 -0.479868 1.397908 0.0 0.0 0.0 3.27381 0.305948 -0.580111 21.486837 11.830385 2.266133 8.162938 2e-06 0.0 18.399099 -3.798987 -4.940577 3e-06 -0.0 -1e-06 2.573447 9.761926 -12.645713 0.011048 0.245519 44.747143 -0.498281 -1.919518 -19.301388 1.686285 -1.75102 -1.481569 -0.0 0.0 2e-06 -5.796968 -10.122639 10.606215 -0.00163 0.023655 35.961739 4.836139 5.223411 -24.202169 -1.456553 0.839519 -3.615781 -0.0 0.0 -1e-06 
0.0 0.0 0.0 0.0 -0.0 0.0 5.982502 93.932457 97.913345 0.502097 -1.571819 -11.691789 -1.729773 0.380809 -1.719102 -0.650922 1.999755 -5.738559 -1.801111 0.338896 13.14227 1.989139 1.382701 8.511648 -0.225851 1.922382 -3.571906 2.034841 0.044178 -1.081496 7.7e-05 -2.2e-05 6e-06 0.001045 -0.02911 0.077456 0.637251 -3.750962 -10.417126 -0.638246 3.687428 -10.432817 -8.605877 -12.108354 14.90602 -37.862759 -67.195862 20.018656 4.986041 -29.206247 -1.429214 3.479392 4.922607 21.890846 -5.88211 9.861288 0.702591 -10.93688 -0.360575 7.156209 2e-06 8.774829 0.0 -17.053444 18.189461 5.772393 -1.844034 2.498506 -2.507279 -10.163606 4.678946 4.621111 -20.976038 -5e-06 1e-06 -21.226297 2.451696 -3.594002 1e-06 -6e-06 -1e-06 -1.362682 2.240798 -0.746323 -21.334929 0.584909 3.008322 -13.821221 -4e-06 1e-06 -23.887184 -0.249081 -0.839484 -60.615997 2.27307 -1.073965 -0.294025 1.679687 0.833257 -14.21822 0.093214 1.30058 -34.212074 -0.287568 0.967168 -20.03323 0.964535 1.212845 -0.0 0.0 1e-06 -3.440391 0.788233 0.501656 -15.928201 -3.16731 2.999707 -6.33883 0.0 0.0 -18.123459 3.648183 -4.905674 -3e-06 -0.0 -2e-06 4.755245 18.334669 14.832637 27.385073 47.97102 10.97345 2.126459 43.960098 0.167677 -1.485846 -24.439222 20.785257 2.243542 -5.255037 -3.180158 14.282908 -0.826594 6.952509 -3e-06 -12.69061 3e-06 16.589596 -17.240057 2.565116 1.665668 -1.955922 -2.8783 4.727805 -4.170589 4.993927 11.020538 4e-06 1e-06 12.10906 -3.735717 -2.866782 1e-06 -0.0 0.0 1.291986 -1.92855 -1.49809 14.800148 0.567469 3.865612 14.242586 -1.341734 -6.660657 19.63199 0.143926 -0.648241 50.372559 -0.603687 -5.989076 0.35303 -1.511151 -0.031939 20.222818 3.684314 2.316634 18.787294 6e-06 3e-06 10.751641 -0.479868 1.397908 -0.0 -0.0 0.0 3.273811 0.305948 -0.58011 21.486843 11.830382 2.266136 8.162936 2e-06 1e-06 18.399103 -3.798985 -4.940576 3e-06 0.0 -1e-06 0.531872 11.83568 -10.153117 0.032664 0.250375 40.465916 -0.353306 -2.384991 -18.642841 1.670196 -1.724271 -1.616987 -0.0 -0.0 2e-06 -9.839409 -11.851404 9.089038 0.121912 0.292665 39.302521 5.850649 8.051858 -19.101561 -1.468111 0.749786 -6.599892 0.0 0.0 -1e-06 
0.0 0.0 0.0 0.0 -0.0 0.0 7.012656 94.3321 99.593666 1.692266 -3.33846 -11.025587 -2.245632 0.392885 -1.539313 -0.684848 1.956948 -5.599902 -2.104128 0.602144 13.00203 1.588413 1.556273 7.179152 -0.104748 2.330172 -3.589068 2.549883 0.307368 -1.57318 7.7e-05 -2.2e-05 6e-06 0.001498 0.027106 0.05173 0.657853 -3.691326 -10.445125 -0.658101 3.743901 -10.472165 -9.091825 -12.469073 14.533994 -34.124931 -66.502159 14.573448 4.576673 -31.225451 -1.325362 3.259013 5.157897 23.156555 -5.882111 9.861288 0.702591 -10.936878 -0.360574 7.156209 3e-06 8.774828 0.0 -17.061104 18.281685 5.927301 -1.844034 2.498504 -2.507279 -10.163608 4.678948 4.621111 -20.97604 -3e-06 0.0 -21.226305 2.451697 -3.594002 1e-06 -6e-06 -0.0 -1.362683 2.240798 -0.746324 -21.33493 0.584911 3.008323 -13.821224 -3e-06 1e-06 -23.887188 -0.249081 -0.839485 -61.01598 2.129017 -0.877481 -0.294025 1.679688 0.833256 -14.218219 0.093215 1.30058 -34.212074 -0.287566 0.967169 -20.03323 0.964536 1.212842 -1e-06 1e-06 1e-06 -3.440391 0.788234 0.501656 -15.9282 -3.167311 2.999707 -6.338831 -1e-06 0.0 -18.123463 3.648182 -4.905674 -4e-06 1e-06 -2e-06 4.341633 18.556431 14.607779 26.370209 46.696217 7.895695 1.240566 47.174183 -0.020031 -4.699362 -23.903101 21.434639 2.243543 -5.255039 -3.18016 14.282907 -0.826596 6.95251 -4e-06 -12.690612 2e-06 16.606276 -17.133982 2.567629 1.665666 -1.955922 -2.878301 4.727805 -4.170591 4.993929 11.02054 4e-06 0.0 12.109066 -3.735717 -2.866784 2e-06 1e-06 0.0 1.291987 -1.92855 -1.49809 14.800148 0.567469 3.865611 14.242586 -1.341735 -6.660661 19.631987 0.143926 -0.648243 50.13232 -0.400647 -5.973108 0.35303 -1.511151 -0.03194 20.222811 3.684314 2.316633 18.787292 6e-06 1e-06 10.751639 -0.479869 1.397908 -0.0 0.0 -0.0 3.273811 0.305948 -0.580111 21.486841 11.830386 2.266135 8.162937 2e-06 -0.0 18.399099 -3.798986 -4.940577 4e-06 0.0 -1e-06 -1.332539 12.355606 -8.476609 0.048747 0.248357 38.120487 0.055207 -1.085283 -18.911947 1.656307 -1.815919 -1.962478 -0.0 0.0 2e-06 -13.523243 -13.259513 4.352889 0.332344 0.568975 47.970249 7.271608 11.119908 -14.955818 -1.440382 0.704113 -7.436514 0.0 -0.0 -1e-06 
0.0 0.0 0.0 0.0 -0.0 0.0 7.976875 93.930984 101.024178 1.906544 -5.984511 -11.003057 -2.089703 0.352299 -0.635377 -0.599516 1.60077 -5.215539 -1.790482 0.646708 13.067146 0.768197 2.048038 5.921705 0.223248 3.142435 -3.576955 2.85934 1.332298 -2.865577 7.7e-05 -2.3e-05 6e-06 0.007557 0.123199 0.062951 0.686024 -3.597376 -10.498321 -0.674775 3.844716 -10.538967 -8.755509 -12.814195 14.452845 -25.722664 -65.444115 4.273849 3.526401 -34.044048 -0.907485 2.939604 4.989974 23.252268 -5.882109 9.86129 0.702591 -10.936877 -0.360575 7.156211 1e-06 8.77483 -1e-06 -17.12672 18.235867 6.069304 -1.844033 2.498505 -2.50728 -10.163604 4.678946 4.621113 -20.976032 -4e-06 4e-06 -21.226294 2.451697 -3.594 1e-06 -6e-06 -0.0 -1.362682 2.240797 -0.746324 -21.334921 0.58491 3.008327 -13.82122 -3e-06 3e-06 -23.887182 -0.24908 -0.83948 -61.330612 1.910034 -0.743933 -0.294025 1.679689 0.833257 -14.218215 0.093214 1.300583 -34.212067 -0.287562 0.967174 -20.033226 0.964539 1.212846 0.0 0.0 -1e-06 -3.44039 0.788234 0.501656 -15.928198 -3.167312 2.999711 -6.33883 -0.0 2e-06 -18.123457 3.648183 -4.905672 -5e-06 1e-06 -2e-06 2.716339 19.009434 14.123501 28.001492 46.55759 4.903739 -0.058649 53.353241 -0.375343 -9.163438 -24.343554 22.791361 2.243543 -5.25504 -3.180161 14.282905 -0.826596 6.952513 -1e-06 -12.690614 2e-06 16.842386 -17.067402 2.419645 1.665667 -1.955923 -2.878302 4.727803 -4.17059 4.99393 11.020536 3e-06 -0.0 12.10906 -3.735719 -2.866786 1e-06 -0.0 -0.0 1.291986 -1.928551 -1.498091 14.800144 0.567469 3.865614 14.242584 -1.341735 -6.660664 19.631985 0.143926 -0.648243 49.992783 -0.202794 -5.976334 0.353029 -1.511152 -0.03194 20.222811 3.684313 2.316635 18.787289 4e-06 2e-06 10.751637 -0.47987 1.397909 -0.0 -0.0 -0.0 3.27381 0.305948 -0.580111 21.486837 11.830384 2.266139 8.162937 2e-06 1e-06 18.399099 -3.798988 -4.940577 2e-06 -0.0 -1e-06 -2.326456 11.655364 -7.905291 0.063329 0.226153 39.028767 0.594269 1.535457 -20.729176 1.652894 -1.9656 -1.931628 0.0 -0.0 2e-06 -15.764753 -13.766926 -2.171391 0.537683 0.804413 59.904255 8.305234 13.614261 -13.296997 -1.386957 0.64878 -5.574005 0.0 -0.0 -1e-06 
0.0 0.0 0.0 0.0 -0.0 0.0 8.804746 92.673782 102.327492 1.679257 -8.650905 -11.300834 -1.616809 0.338924 0.588351 -0.453667 1.171114 -4.809515 -1.439705 0.384768 13.519609 -0.11312 2.468664 4.786215 0.678968 4.163198 -3.567772 3.095836 2.811116 -4.96808 7.7e-05 -2.2e-05 6e-06 0.022752 0.207503 0.073748 0.714257 -3.514969 -10.538933 -0.673722 3.931919 -10.594298 -8.392393 -13.13732 14.677098 -13.946176 -63.054901 -7.932317 2.060353 -38.033543 -0.456299 2.93946 3.747298 20.158772 -5.882114 9.861295 0.702593 -10.936886 -0.360575 7.156218 2e-06 8.774837 2e-06 -17.061996 18.107487 5.987209 -1.844035 2.498506 -2.507282 -10.163614 4.67895 4.621118 -20.976053 -3e-06 4e-06 -21.226316 2.451698 -3.594004 0.0 -7e-06 -1e-06 -1.362683 2.240802 -0.746324 -21.334942 0.584912 3.00833 -13.82123 -0.0 4e-06 -23.887203 -0.249078 -0.839484 -61.240036 1.807253 -0.870792 -0.294025 1.67969 0.833258 -14.218229 0.093216 1.300583 -34.212097 -0.287562 0.967174 -20.033241 0.96454 1.212848 0.0 1e-06 -1e-06 -3.440393 0.788233 0.501656 -15.928209 -3.167311 2.999713 -6.338835 -1e-06 2e-06 -18.12347 3.648186 -4.905674 -4e-06 -1e-06 -1e-06 0.526694 19.214931 13.439603 31.813694 47.353928 2.434531 -2.251211 62.607277 -1.532413 -14.948692 -24.315973 24.216393 2.243544 -5.255041 -3.180162 14.282907 -0.826596 6.952516 -4e-06 -12.690618 3e-06 16.979942 -17.301888 2.270115 1.665668 -1.955923 -2.878304 4.727805 -4.170592 4.993932 11.020538 3e-06 -0.0 12.109065 -3.735719 -2.866786 2e-06 -0.0 -0.0 1.291987 -1.928551 -1.498091 14.800149 0.567469 3.865614 14.242587 -1.341735 -6.660665 19.631992 0.143926 -0.648243 49.880245 -0.319506 -6.12263 0.353029 -1.511152 -0.03194 20.222818 3.684313 2.316635 18.787296 4e-06 2e-06 10.751643 -0.47987 1.397909 -2e-06 0.0 0.0 3.273811 0.305948 -0.580112 21.486843 11.830387 2.266136 8.162938 0.0 1e-06 18.399105 -3.798989 -4.940578 4e-06 0.0 -1e-06 -3.071329 10.138419 -8.484437 0.141862 0.262249 42.968616 0.649235 5.002157 -24.001104 1.63736 -2.07656 -1.17724 -0.0 0.0 2e-06 -16.936811 -13.205008 -9.366647 0.613654 0.697053 72.266922 7.313015 14.233708 -15.04612 -1.337209 0.583352 -3.9512 -0.0 0.0 -1e-06 
0.0 0.0 0.0 0.0 -0.0 0.0 9.447831 90.908821 103.417862 1.724213 -10.661327 -11.577295 -1.241223 0.354891 1.755105 -0.323615 0.938796 -4.413298 -1.589637 -0.00949 14.293417 -0.722938 2.751211 3.458314 1.01391 4.930887 -3.500458 3.256252 3.932554 -8.055231 7.7e-05 -2.3e-05 6e-06 0.038783 0.209192 0.077365 0.76153 -3.504916 -10.50854 -0.690511 3.924996 -10.576111 -7.88603 -13.559384 14.756865 -3.926228 -59.08408 -17.929811 1.141134 -43.219559 -0.304332 4.495001 1.46919 14.625361 -5.882107 9.861284 0.702589 -10.936873 -0.360574 7.156201 1e-06 8.774824 -1e-06 -16.854469 17.886549 5.835296 -1.844033 2.498505 -2.507277 -10.163601 4.678945 4.621107 -20.976025 -3e-06 -2e-06 -21.226288 2.451696 -3.594002 1e-06 -7e-06 0.0 -1.362682 2.240797 -0.746324 -21.334913 0.58491 3.008317 -13.821213 -6e-06 -1e-06 -23.887173 -0.249083 -0.839486 -61.02985 1.785784 -0.926701 -0.294025 1.679686 0.833255 -14.21821 0.093215 1.300578 -34.212051 -0.287567 0.967165 -20.033218 0.964534 1.21284 0.0 1e-06 1e-06 -3.440389 0.788232 0.501655 -15.928187 -3.16731 2.999705 -6.338827 -2e-06 -0.0 -18.123451 3.648182 -4.905674 -4e-06 1e-06 -2e-06 -2.352763 18.886345 12.292801 38.470421 48.698936 1.115518 -6.788757 73.281403 -5.347911 -21.678143 -22.074068 26.191769 2.243543 -5.255038 -3.180159 14.282897 -0.826595 6.952505 -2e-06 -12.690607 -0.0 16.823761 -17.562147 2.135673 1.665667 -1.955922 -2.8783 4.727802 -4.170589 4.993926 11.020534 2e-06 -1e-06 12.10906 -3.735718 -2.866786 1e-06 -0.0 -0.0 1.291987 -1.92855 -1.498089 14.800138 0.567467 3.865609 14.24258 -1.341738 -6.660661 19.631981 0.143924 -0.648246 49.972946 -0.482804 -6.295461 0.353029 -1.511151 -0.03194 20.222803 3.684309 2.316631 18.787287 4e-06 -0.0 10.751634 -0.47987 1.397907 -1e-06 0.0 -0.0 3.273808 0.305947 -0.580111 21.486824 11.830377 2.266135 8.16293 0.0 -0.0 18.399094 -3.798986 -4.940578 3e-06 -1e-06 -1e-06 -4.096906 8.780993 -10.023231 0.251261 0.340729 48.153015 -0.116128 7.966819 -27.522806 1.608491 -2.12125 -0.297403 0.0 0.0 2e-06 -18.122149 -12.59594 -16.586096 0.568342 0.452061 82.064674 5.898125 14.54337 -16.855703 -1.311623 0.563528 -3.394286 0.0 1e-06 -3e-06 
0.0 0.0 0.0 0.0 -0.0 0.0 9.897005 89.18634 104.559792 2.312599 -11.778788 -11.766308 -1.107815 0.332718 2.426236 -0.231089 0.93209 -4.130834 -2.239856 -0.219145 15.241931 -1.019199 2.946386 2.275175 1.002237 5.051552 -3.440792 3.400328 4.265525 -11.034352 7.7e-05 -2.3e-05 6e-06 0.033842 0.098927 0.091111 0.779876 -3.600733 -10.418309 -0.719791 3.798587 -10.486266 -7.299559 -14.14318 14.678716 1.074834 -55.061417 -24.748608 1.008132 -48.155121 -0.368344 7.629564 -0.668638 9.854639 -5.882108 9.861284 0.70259 -10.936873 -0.360574 7.156206 1e-06 8.774822 -1e-06 -16.563326 17.809929 6.010242 -1.844034 2.498503 -2.507277 -10.163603 4.678945 4.621109 -20.97603 -4e-06 1e-06 -21.226295 2.451695 -3.594002 -1e-06 -6e-06 0.0 -1.362682 2.240798 -0.746323 -21.334917 0.584909 3.008323 -13.821217 -3e-06 2e-06 -23.887177 -0.24908 -0.839484 -61.069309 1.799976 -0.846639 -0.294024 1.679687 0.833256 -14.218211 0.093215 1.300579 -34.212063 -0.287568 0.967167 -20.03322 0.964534 1.212842 -1e-06 -0.0 0.0 -3.440389 0.788233 0.501655 -15.928189 -3.167308 2.999706 -6.338827 -2e-06 0.0 -18.123453 3.648182 -4.905673 -4e-06 1e-06 -1e-06 -5.073658 18.151043 11.119572 47.370785 50.278351 1.352128 -18.294847 81.721626 -16.69478 -30.394266 -17.969826 30.806499 2.243543 -5.25504 -3.18016 14.2829 -0.826594 6.952507 -3e-06 -12.690609 -0.0 16.716352 -17.547188 2.195564 1.665668 -1.955923 -2.878301 4.727802 -4.170589 4.993927 11.020535 3e-06 0.0 12.10906 -3.735717 -2.866786 0.0 -0.0 -1e-06 1.291986 -1.92855 -1.498091 14.800139 0.56747 3.865609 14.24258 -1.341737 -6.660659 19.631981 0.143926 -0.648244 50.529419 -0.436824 -6.303332 0.353029 -1.511152 -0.03194 20.222803 3.684312 2.316632 18.787287 6e-06 0.0 10.751636 -0.479868 1.397909 -0.0 1e-06 0.0 3.27381 0.305947 -0.580112 21.486828 11.83038 2.266137 8.162933 3e-06 -1e-06 18.399096 -3.798985 -4.940577 1e-06 -1e-06 -1e-06 -5.426509 8.290005 -11.206242 0.309392 0.3831 52.524227 -1.122479 9.568947 -30.68619 1.593025 -2.146008 0.485943 -0.0 0.0 2e-06 -19.501423 -12.91806 -22.566875 0.515059 0.310719 87.069336 5.043752 15.992278 -17.115534 -1.291891 0.546882 -3.125481 -0.0 0.0 -2e-06 
0.0 0.0 0.0 0.0 -0.0 0.0 10.074232 88.114754 106.190681 3.075071 -12.369897 -11.903287 -1.071122 0.413017 2.329956 -0.140915 1.013096 -4.059893 -2.921765 -0.148652 16.212955 -1.490064 3.1866 1.634803 0.770369 4.890008 -3.439526 3.515222 3.952088 -12.541867 7.7e-05 -2.3e-05 6e-06 0.006129 -0.019581 0.101665 0.711069 -3.721988 -10.32934 -0.706615 3.679703 -10.389213 -7.472354 -14.517376 14.823462 1.910503 -52.341576 -28.88612 0.766262 -51.911697 -0.027067 10.747311 -2.292264 6.264639 -5.882113 9.861291 0.702591 -10.936881 -0.360574 7.156214 0.0 8.77483 -0.0 -16.287819 18.002699 6.530715 -1.844034 2.498507 -2.507281 -10.16361 4.678949 4.621115 -20.976046 -2e-06 1e-06 -21.226311 2.451697 -3.594006 -0.0 -7e-06 0.0 -1.362684 2.240798 -0.746324 -21.334932 0.584912 3.008327 -13.821224 0.0 3e-06 -23.887192 -0.249078 -0.839483 -61.452011 1.912265 -0.873221 -0.294025 1.679689 0.833258 -14.218223 0.093216 1.300583 -34.212078 -0.287562 0.967169 -20.033232 0.964537 1.212844 -0.0 0.0 1e-06 -3.440393 0.788234 0.501657 -15.928201 -3.167309 2.999711 -6.338831 -1e-06 2e-06 -18.123463 3.648184 -4.905675 -5e-06 1e-06 -2e-06 -5.931415 17.588976 10.988382 56.639965 51.610611 3.822703 -49.352013 86.191727 -47.881382 -42.634731 -12.019341 37.279247 2.243544 -5.255041 -3.180161 14.282904 -0.826597 6.952512 -1e-06 -12.690612 0.0 16.666166 -17.458439 2.421691 1.665667 -1.955924 -2.878302 4.727803 -4.17059 4.993927 11.020535 1e-06 0.0 12.10906 -3.735719 -2.866785 -0.0 -0.0 1e-06 1.291985 -1.928551 -1.498091 14.800139 0.567467 3.865614 14.242582 -1.341738 -6.660663 19.631985 0.143923 -0.648244 51.010429 -0.369704 -6.18619 0.353028 -1.511151 -0.031938 20.222805 3.684311 2.316633 18.787289 2e-06 0.0 10.751637 -0.479871 1.397908 1e-06 1e-06 -1e-06 3.273809 0.305947 -0.580112 21.486834 11.830379 2.266141 8.162935 1e-06 2e-06 18.399099 -3.798989 -4.940577 3e-06 -0.0 -1e-06 -6.406128 8.886992 -10.942307 0.297693 0.426985 54.418663 -1.581433 9.567882 -33.106487 1.601646 -2.13422 1.006354 0.0 -0.0 2e-06 -20.127701 -13.445539 -25.68611 0.499976 0.218306 86.581032 4.892575 18.456993 -15.845915 -1.25738 0.498932 -3.053776 0.0 -1e-06 -1e-06 
0.0 0.0 0.0 0.0 -0.0 0.0 9.822837 87.879494 108.470871 3.616189 -12.534687 -12.106501 -1.162162 0.626579 1.864755 -0.047326 1.0283 -4.223781 -3.209107 0.011897 16.83392 -2.085817 3.62415 1.851985 0.467365 4.60838 -3.365444 3.351751 3.510816 -13.047096 7.7e-05 -2.2e-05 6e-06 -0.011342 -0.0626 0.108635 0.645533 -3.78709 -10.298749 -0.675358 3.654591 -10.342443 -7.530324 -14.730273 15.050364 -1.0043 -51.208611 -30.102375 -0.18529 -54.104092 0.881766 12.651566 -3.715497 2.880283 -5.882106 9.861285 0.70259 -10.936873 -0.360574 7.156209 1e-06 8.774826 -1e-06 -16.075056 18.290562 6.994958 -1.844033 2.498503 -2.507279 -10.163601 4.678944 4.621111 -20.976027 -4e-06 2e-06 -21.226292 2.451695 -3.594 -1e-06 -6e-06 -1e-06 -1.362682 2.240797 -0.746325 -21.334917 0.58491 3.008325 -13.821217 -1e-06 2e-06 -23.887175 -0.249081 -0.839481 -61.643059 2.129236 -0.933675 -0.294024 1.679687 0.833256 -14.218212 0.093215 1.300581 -34.212051 -0.287562 0.967171 -20.033215 0.964538 1.212845 -1e-06 -0.0 -0.0 -3.44039 0.788231 0.501656 -15.928189 -3.167309 2.999709 -6.338826 2e-06 2e-06 -18.123453 3.648181 -4.905672 -4e-06 1e-06 -2e-06 -4.449492 17.280239 11.992927 63.107136 52.301609 8.522961 -101.48468 87.885674 -99.509949 -49.716652 -6.231054 41.184982 2.243543 -5.255042 -3.18016 14.282904 -0.826595 6.952512 -0.0 -12.690614 -3e-06 16.635309 -17.41906 2.619642 1.665666 -1.955922 -2.878301 4.727805 -4.17059 4.993927 11.020535 1e-06 -0.0 12.109062 -3.735719 -2.866786 -0.0 -0.0 -1e-06 1.291986 -1.92855 -1.498092 14.800139 0.567468 3.865612 14.242582 -1.341738 -6.660663 19.631985 0.143924 -0.648245 51.02795 -0.467543 -6.014659 0.353032 -1.511152 -0.03194 20.222805 3.684311 2.316633 18.787289 2e-06 0.0 10.751637 -0.47987 1.397908 -0.0 -0.0 -0.0 3.273809 0.305949 -0.580111 21.486832 11.830379 2.266139 8.162933 2e-06 -0.0 18.399096 -3.798987 -4.940579 3e-06 -1e-06 -0.0 -6.618804 9.813652 -8.681922 0.239076 0.442694 53.668163 -1.713268 8.514045 -34.671848 1.614777 -2.084381 1.365458 0.0 0.0 2e-06 -19.720188 -13.083642 -24.695654 0.552214 0.241964 80.909592 6.382376 21.408285 -13.350113 -1.231461 0.505442 -3.691965 0.0 0.0 -1e-06 
0.0 0.0 0.0 0.0 -0.0 0.0 9.056143 88.312119 111.065041 3.317679 -11.442184 -12.104794 -1.531078 0.912863 1.029224 -0.089344 0.81262 -4.470542 -2.834057 -0.458083 16.759418 -2.030716 3.96251 2.972382 0.343996 3.928788 -3.406656 2.671692 3.812781 -12.745253 7.7e-05 -2.3e-05 6e-06 -0.028824 -0.113983 0.125499 0.622124 -3.852994 -10.309052 -0.686274 3.616414 -10.326198 -6.511553 -14.644269 15.407844 -5.764973 -52.114899 -27.97452 -1.874513 -52.480766 1.664124 12.531621 -4.088531 0.946005 -5.882111 9.861288 0.702591 -10.936878 -0.360574 7.156214 1e-06 8.77483 -1e-06 -15.916007 18.310272 6.778926 -1.844035 2.498506 -2.507279 -10.163605 4.678948 4.621113 -20.976038 -3e-06 4e-06 -21.226299 2.4517 -3.594002 -1e-06 -4e-06 -1e-06 -1.362682 2.2408 -0.746324 -21.33493 0.584913 3.008327 -13.821221 -0.0 4e-06 -23.887186 -0.249077 -0.839483 -60.8592 2.099671 -1.104666 -0.294024 1.679689 0.833256 -14.218219 0.093214 1.300584 -34.212074 -0.287563 0.967173 -20.03323 0.964538 1.212846 0.0 0.0 -0.0 -3.440391 0.788234 0.501657 -15.9282 -3.16731 2.999711 -6.33883 1e-06 2e-06 -18.123459 3.648186 -4.905672 -4e-06 2e-06 -2e-06 -0.275507 16.269598 14.553609 62.742619 53.826206 15.951711 -55.507263 88.462776 -52.833897 -46.017174 -4.786256 44.40144 2.243541 -5.255042 -3.180163 14.282907 -0.826596 6.952514 -2e-06 -12.690616 -1e-06 17.675133 -17.897188 2.273004 1.665668 -1.955925 -2.878302 4.727805 -4.170592 4.99393 11.020538 2e-06 -0.0 12.109066 -3.73572 -2.866787 -0.0 0.0 -0.0 1.291985 -1.928551 -1.498091 14.800144 0.567469 3.865616 14.242585 -1.34174 -6.660665 19.631987 0.143924 -0.648244 51.779606 -0.556096 -6.067269 0.353031 -1.511153 -0.03194 20.222815 3.684313 2.316637 18.787294 3e-06 0.0 10.751641 -0.479869 1.39791 -0.0 -0.0 0.0 3.27381 0.305946 -0.58011 21.486837 11.830384 2.266141 8.162938 1e-06 2e-06 18.399107 -3.798992 -4.940581 3e-06 0.0 -1e-06 -5.468988 10.170221 -5.30194 0.172734 0.39601 51.156719 -1.725263 6.413874 -35.462303 1.621487 -2.025276 1.127027 0.0 0.0 2e-06 -17.884464 -11.860052 -18.662804 0.61826 0.450078 70.733215 7.175146 21.123701 -12.555007 -1.282912 0.543375 -7.67826 -0.0 -0.0 -1e-06 
0.0 0.0 0.0 0.0 -0.0 0.0 8.118747 89.260231 113.642654 2.052625 -8.710573 -11.433174 -1.896058 0.786818 -0.136866 -0.318896 0.561773 -4.894246 -1.998902 -1.1586 15.717155 -1.633328 3.565171 5.047994 0.443468 4.033749 -3.425078 1.935305 3.514714 -11.775986 7.7e-05 -2.2e-05 6e-06 -0.017111 -0.136694 0.114741 0.663621 -3.874737 -10.325648 -0.701868 3.599619 -10.341607 -4.281051 -14.537182 16.093113 -9.987302 -54.567432 -21.776253 -2.429808 -47.866238 0.842475 9.760128 -1.512835 4.459195 -5.88211 9.861288 0.702589 -10.936876 -0.360572 7.156209 1e-06 8.774829 -1e-06 -16.150841 17.816196 6.006834 -1.844034 2.498505 -2.507279 -10.163604 4.678946 4.62111 -20.97603 -1e-06 2e-06 -21.226295 2.451698 -3.594001 -0.0 -6e-06 -0.0 -1.362682 2.2408 -0.746326 -21.334925 0.58491 3.008325 -13.821218 -3e-06 3e-06 -23.887182 -0.249076 -0.839482 -60.38599 2.077277 -1.501441 -0.294025 1.679689 0.833257 -14.218216 0.093217 1.300581 -34.212067 -0.28756 0.967171 -20.033226 0.964541 1.212842 1e-06 1e-06 0.0 -3.440389 0.788233 0.501655 -15.928192 -3.167309 2.999708 -6.338829 1e-06 1e-06 -18.123453 3.648184 -4.905672 -4e-06 2e-06 -3e-06 3.657857 14.434605 16.025167 55.884174 57.274349 22.073317 -7.958906 81.758339 -5.717102 -26.414114 -17.355114 40.848118 2.243543 -5.255037 -3.180159 14.282894 -0.826595 6.952506 -2e-06 -12.690603 0.0 17.775999 -18.264029 1.934372 1.665666 -1.955922 -2.8783 4.727799 -4.170587 4.993926 11.020528 4e-06 -1e-06 12.109054 -3.735716 -2.866785 1e-06 -1e-06 -0.0 1.291986 -1.928549 -1.498091 14.800132 0.567468 3.86561 14.242576 -1.341735 -6.660661 19.631969 0.143927 -0.648244 52.263794 -0.644058 -6.412259 0.353029 -1.51115 -0.031941 20.222797 3.684309 2.316632 18.787279 5e-06 0.0 10.751633 -0.479868 1.397907 0.0 -1e-06 -0.0 3.273807 0.305947 -0.580111 21.486818 11.830376 2.266135 8.16293 1e-06 0.0 18.399088 -3.798988 -4.940577 3e-06 -0.0 -1e-06 -3.073874 9.99297 -2.8046 0.157511 0.189824 49.263371 -1.553353 3.031742 -33.886688 1.703112 -2.062829 -0.458282 0.0 -0.0 2e-06 -14.831954 -10.058698 -9.89239 0.564317 0.703835 59.211544 6.306032 15.993014 -20.910418 -1.407129 0.589855 -5.795628 0.0 0.0 -1e-06 
0.0 0.0 0.0 0.0 -0.0 0.0 7.236802 90.024406 115.92437 -0.092369 -5.468312 -10.481969 -1.265616 0.358479 -0.981006 -0.458632 0.430885 -5.438767 -1.259776 -0.755124 14.788184 -1.041725 3.135819 6.566297 0.058359 3.230572 -3.627387 2.180487 2.411102 -10.462847 7.7e-05 -2.3e-05 6e-06 -0.018557 -0.153706 0.035706 0.64141 -3.884327 -10.423627 -0.67969 3.579455 -10.415335 -2.69228 -14.050139 16.167345 -15.336805 -57.349178 -14.405508 -2.677875 -47.498352 1.193426 4.388097 3.592105 13.181847 -5.882108 9.861286 0.70259 -10.936874 -0.360576 7.156207 1e-06 8.774825 -1e-06 -17.196167 18.077127 5.440462 -1.844033 2.498505 -2.507279 -10.163603 4.678945 4.621109 -20.976027 -5e-06 1e-06 -21.22629 2.451693 -3.594001 -1e-06 -5e-06 -1e-06 -1.362682 2.240798 -0.746325 -21.334917 0.584909 3.008321 -13.821216 -3e-06 2e-06 -23.887177 -0.249081 -0.839485 -60.12009 2.021651 -1.415251 -0.294025 1.679686 0.833256 -14.218211 0.093215 1.300581 -34.212055 -0.287564 0.967168 -20.033216 0.964536 1.212842 1e-06 0.0 -1e-06 -3.440389 0.788234 0.501655 -15.928189 -3.167309 2.999706 -6.338827 -3e-06 1e-06 -18.123453 3.648183 -4.905673 -5e-06 -1e-06 -2e-06 3.374508 14.720812 15.336742 47.805157 58.783348 20.615654 -5.59146 71.476959 -5.015222 -13.123865 -29.71092 39.636944 2.243542 -5.255037 -3.180158 14.282896 -0.826595 6.952505 -2e-06 -12.690605 0.0 16.704144 -17.151093 2.023193 1.665666 -1.955921 -2.878299 4.7278 -4.170588 4.993925 11.020529 2e-06 -0.0 12.109056 -3.735716 -2.866784 2e-06 -0.0 -0.0 1.291986 -1.928549 -1.498089 14.800134 0.567468 3.86561 14.242577 -1.341736 -6.660657 19.631973 0.143926 -0.648244 50.387787 -0.530403 -6.206026 0.353029 -1.51115 -0.03194 20.222797 3.68431 2.316633 18.787279 4e-06 0.0 10.75163 -0.479868 1.397908 -1e-06 0.0 0.0 3.273808 0.305948 -0.580111 21.48682 11.830376 2.266135 8.162931 3e-06 -0.0 18.399088 -3.798986 -4.940574 4e-06 -0.0 -2e-06 0.968567 11.030671 -3.899314 0.034912 -0.196331 52.614441 -1.412719 -2.089034 -30.108707 1.812361 -1.945103 -3.903939 -0.0 -0.0 2e-06 -10.382733 -7.846859 -3.910857 0.239125 0.664477 50.077408 6.888693 9.110715 -27.887735 -1.445225 0.815404 -2.286379 -0.0 0.0 -1e-06 
0.0 0.0 0.0 0.0 -0.0 0.0 6.711581 90.816788 117.80722 -1.366373 -2.37449 -9.926378 -0.398067 0.365795 -1.059992 -0.482868 0.957574 -5.62098 -1.590622 -0.015111 14.241168 -0.702979 2.931201 6.258808 -0.346578 2.299172 -3.663035 2.568412 0.330817 -9.945946 7.7e-05 -2.2e-05 6e-06 -0.018953 -0.115022 0.02466 0.643568 -3.827557 -10.421535 -0.684224 3.597553 -10.417583 -2.908715 -12.370916 15.498158 -23.889156 -58.703564 -7.426743 -1.453208 -55.49567 1.093439 0.005939 4.235986 18.138948 -5.882109 9.861287 0.70259 -10.936878 -0.360575 7.15621 2e-06 8.774828 0.0 -17.319731 17.842482 5.197474 -1.844034 2.498504 -2.507279 -10.163606 4.678944 4.621112 -20.976034 -4e-06 4e-06 -21.226295 2.451696 -3.593999 -1e-06 -6e-06 -1e-06 -1.362682 2.240798 -0.746324 -21.334929 0.584909 3.008326 -13.82122 -4e-06 4e-06 -23.887184 -0.249078 -0.839482 -60.098167 2.127862 -1.353807 -0.294025 1.679687 0.833256 -14.218218 0.093213 1.300581 -34.21207 -0.287564 0.967173 -20.033226 0.964538 1.212844 1e-06 1e-06 0.0 -3.440391 0.788234 0.501657 -15.928198 -3.16731 2.99971 -6.33883 0.0 1e-06 -18.123459 3.648183 -4.905673 -5e-06 -1e-06 -2e-06 2.070311 16.866785 14.529182 36.833904 54.772606 11.02636 -4.575758 67.838768 -4.821596 -4.351683 -31.250332 35.367477 2.243541 -5.255036 -3.180157 14.28289 -0.826594 6.952503 -3e-06 -12.6906 2e-06 16.342697 -16.609447 2.203319 1.665665 -1.955921 -2.878298 4.727799 -4.170585 4.993923 11.020525 3e-06 -1e-06 12.10905 -3.735713 -2.866782 0.0 0.0 -1e-06 1.291985 -1.928548 -1.498089 14.800125 0.567467 3.865608 14.242568 -1.341735 -6.660653 19.631969 0.143926 -0.648243 49.872444 -0.619659 -6.015596 0.353029 -1.51115 -0.03194 20.222792 3.68431 2.316631 18.787271 5e-06 0.0 10.751627 -0.479867 1.397907 1e-06 1e-06 2e-06 3.273807 0.305948 -0.58011 21.486813 11.830371 2.266134 8.162928 2e-06 1e-06 18.399086 -3.798984 -4.940574 3e-06 -0.0 -2e-06 3.939193 11.308764 -8.680344 -0.162909 -0.267416 60.901772 -3.363091 -8.07936 -21.109259 1.857169 -1.785021 -9.661956 -0.0 -0.0 2e-06 -8.045181 -7.722544 0.236304 0.092881 0.534746 44.47171 8.234668 6.103622 -28.471041 -1.417301 0.833445 -1.193694 0.0 0.0 -1e-06 
0.0 0.0 0.0 0.0 -0.0 0.0 6.365693 91.355431 119.7425 -1.453077 0.366857 -9.450241 -0.028878 0.640052 -0.912207 -0.576458 2.072721 -5.618492 -2.483119 0.954277 13.840095 -0.355704 2.688006 5.261134 -0.581884 1.197655 -3.640569 3.167196 -2.347685 -9.478806 7.7e-05 -2.2e-05 6e-06 0.000937 0.008419 0.046237 0.671566 -3.691988 -10.41855 -0.676097 3.703809 -10.405674 -4.078007 -9.629497 14.693502 -33.600796 -57.922279 -0.784199 -2.118613 -68.323395 2.055887 -4.051665 3.953334 21.018559 -5.88211 9.861287 0.702589 -10.936877 -0.360573 7.156206 1e-06 8.774826 -0.0 -16.651323 17.700901 5.324132 -1.844034 2.498506 -2.507279 -10.163604 4.678948 4.621108 -20.976038 -4e-06 -2e-06 -21.226301 2.451693 -3.594005 2e-06 -5e-06 -0.0 -1.362683 2.240797 -0.746325 -21.334925 0.584909 3.00832 -13.821222 -4e-06 -2e-06 -23.887184 -0.249084 -0.839487 -59.905437 2.321775 -1.257381 -0.294026 1.679686 0.833257 -14.218216 0.093216 1.300577 -34.21207 -0.287567 0.967166 -20.033226 0.964534 1.212843 -1e-06 2e-06 -1e-06 -3.44039 0.788232 0.501655 -15.928194 -3.16731 2.999704 -6.338829 -1e-06 -1e-06 -18.123459 3.648182 -4.905677 -4e-06 2e-06 -2e-06 0.566738 18.953909 13.960964 28.646852 47.226414 3.136612 -3.968984 69.265175 -4.586532 2.017424 -28.831923 29.451748 2.243541 -5.255034 -3.180157 14.282895 -0.826592 6.952499 -3e-06 -12.690601 3e-06 15.923204 -16.436697 2.412578 1.665667 -1.955919 -2.878298 4.727798 -4.170585 4.993923 11.020527 5e-06 -3e-06 12.109055 -3.735712 -2.866784 2e-06 -0.0 -0.0 1.291986 -1.928548 -1.498089 14.800134 0.567471 3.865606 14.242577 -1.341732 -6.660656 19.631973 0.143929 -0.648245 49.494202 -0.554078 -5.958028 0.353029 -1.51115 -0.03194 20.222797 3.684313 2.316628 18.787275 8e-06 -3e-06 10.751632 -0.479865 1.397906 1e-06 1e-06 1e-06 3.273807 0.305948 -0.580111 21.486818 11.830376 2.266129 8.16293 3e-06 -3e-06 18.399086 -3.79898 -4.940574 4e-06 0.0 -3e-06 5.104164 10.193939 -14.600203 -0.203605 -0.247334 68.771797 -8.490767 -14.002114 -12.813161 1.74402 -1.747286 -7.806237 -0.0 0.0 3e-06 -8.047411 -9.306816 3.224973 0.063628 0.479147 41.347237 9.2913 6.060573 -27.580868 -1.423404 0.779546 -1.210169 0.0 -0.0 -1e-06 
0.0 0.0 0.0 0.0 -0.0 0.0 6.186563 91.602066 121.844254 -0.915375 2.583441 -8.684821 -0.064722 1.066263 -0.9244 -0.620938 3.355943 -5.59158 -3.744649 2.032928 13.66748 0.159944 2.37995 3.778946 -0.75133 -0.199021 -3.650631 4.058705 -4.796942 -9.058649 7.7e-05 -2.3e-05 6e-06 0.016259 0.073457 0.043961 0.687079 -3.613316 -10.400221 -0.664652 3.751606 -10.387461 -6.307054 -6.359497 13.972664 -39.281151 -54.842957 3.550052 -14.571555 -83.27964 14.263069 -8.125798 3.899098 20.921423 -5.882109 9.861289 0.702589 -10.936875 -0.360573 7.156206 -0.0 8.774824 0.0 -16.114811 17.603264 5.403215 -1.844034 2.498505 -2.507279 -10.163604 4.678945 4.621109 -20.976036 -2e-06 1e-06 -21.226297 2.451698 -3.594003 0.0 -6e-06 -0.0 -1.362681 2.240798 -0.746324 -21.334921 0.584912 3.008322 -13.821219 -1e-06 1e-06 -23.88718 -0.249081 -0.839488 -59.589397 2.371391 -1.191926 -0.294026 1.679688 0.833256 -14.218214 0.093215 1.30058 -34.212063 -0.287565 0.967167 -20.033222 0.964536 1.212843 1e-06 -1e-06 1e-06 -3.44039 0.788235 0.501655 -15.928192 -3.16731 2.999707 -6.338829 2e-06 1e-06 -18.123457 3.64818 -4.905674 -5e-06 1e-06 -1e-06 -1.000575 20.631182 13.906042 23.077974 39.202694 -0.081854 -6.163189 72.426643 -6.955755 6.486764 -25.049393 24.66078 2.243542 -5.25504 -3.180159 14.282907 -0.826596 6.952512 -4e-06 -12.690614 4e-06 15.881802 -16.588463 2.458995 1.665667 -1.955922 -2.878301 4.727803 -4.170591 4.993931 11.020542 5e-06 2e-06 12.109064 -3.735716 -2.866784 2e-06 -0.0 0.0 1.291986 -1.928552 -1.498091 14.800148 0.567471 3.865613 14.242585 -1.341734 -6.660659 19.63199 0.143927 -0.648241 49.301147 -0.532522 -6.125381 0.353029 -1.511151 -0.031939 20.222815 3.684312 2.316633 18.787296 5e-06 5e-06 10.751643 -0.479869 1.397911 1e-06 -0.0 -1e-06 3.27381 0.305949 -0.580111 21.486837 11.830383 2.266136 8.162937 2e-06 -0.0 18.399103 -3.798987 -4.940575 3e-06 -0.0 -1e-06 5.195125 9.038378 -20.257214 -0.179255 -0.172905 72.951416 -8.506843 -12.603377 -13.415751 1.652238 -1.698051 -4.946119 -0.0 0.0 2e-06 -8.819694 -10.732907 5.043222 -0.016833 0.53017 40.190998 9.805123 6.670339 -26.359297 -1.40852 0.791161 -1.956084 0.0 0.0 -1e-06 
0.0 0.0 0.0 0.0 -0.0 0.0 6.137867 91.600639 124.078857 0.11192 4.485854 -7.670536 -0.490229 1.560021 -1.073384 -0.712642 4.434924 -5.584644 -5.355248 3.219321 13.629689 1.187128 1.840794 2.129349 -0.950594 -1.415977 -3.656417 5.134798 -7.099985 -8.868855 7.7e-05 -2.3e-05 6e-06 0.029778 0.121079 0.02936 0.699211 -3.559246 -10.376196 -0.65252 3.790654 -10.369769 -8.790668 -3.559594 13.458305 -40.307774 -50.752087 5.192755 -170.069595 -80.93924 169.277985 -12.118193 3.719187 18.353254 -5.882108 9.861286 0.702589 -10.936873 -0.360573 7.156205 0.0 8.774825 -1e-06 -15.990387 17.489071 5.25019 -1.844033 2.498506 -2.507278 -10.163603 4.678945 4.621109 -20.976027 -3e-06 3e-06 -21.226292 2.451696 -3.594001 0.0 -5e-06 -1e-06 -1.362682 2.240798 -0.746324 -21.334915 0.584911 3.008324 -13.821214 -1e-06 2e-06 -23.887171 -0.249077 -0.839484 -59.41785 2.355894 -1.271349 -0.294025 1.679687 0.833256 -14.218212 0.093213 1.30058 -34.212051 -0.28756 0.96717 -20.033216 0.964537 1.212843 1e-06 0.0 0.0 -3.440389 0.788235 0.501656 -15.928187 -3.167308 2.999708 -6.338828 -2e-06 1e-06 -18.123447 3.648183 -4.905674 -4e-06 -1e-06 -1e-06 -2.673821 21.788311 13.939717 19.92001 32.165359 -0.141276 -10.691924 76.017502 -11.394814 9.073994 -21.24901 21.850061 2.243541 -5.255039 -3.18016 14.282898 -0.826592 6.952507 -5e-06 -12.690609 2e-06 15.930153 -16.755474 2.38086 1.665666 -1.955923 -2.8783 4.727803 -4.170588 4.993928 11.020534 6e-06 1e-06 12.109058 -3.735714 -2.866784 3e-06 1e-06 -1e-06 1.291986 -1.92855 -1.49809 14.800139 0.56747 3.865609 14.242582 -1.341733 -6.66066 19.631981 0.143929 -0.648245 49.028927 -0.62485 -6.382004 0.35303 -1.511152 -0.03194 20.222803 3.684313 2.316631 18.787283 7e-06 1e-06 10.751633 -0.479867 1.397907 0.0 -0.0 -1e-06 3.27381 0.305948 -0.58011 21.486828 11.830383 2.266132 8.162931 3e-06 1e-06 18.399092 -3.798983 -4.940575 3e-06 -0.0 -0.0 4.527881 8.199118 -24.997509 -0.072338 -0.058957 72.185631 -6.108849 -7.609587 -16.676157 1.662331 -1.667933 -4.059206 0.0 0.0 3e-06 -9.943014 -11.516686 6.266495 -0.034693 0.575577 39.949421 9.957315 6.717357 -25.546755 -1.406704 0.813685 -2.942385 0.0 0.0 -1e-06 
0.0 0.0 0.0 0.0 -0.0 0.0 6.2909 91.241226 126.524338 1.372718 6.157244 -6.530379 -1.132151 1.938076 -1.381964 -0.798966 5.263344 -5.573849 -7.144512 4.435367 13.546616 2.464149 1.370425 0.685267 -1.173431 -2.496641 -3.765209 6.521963 -9.2722 -8.7432 7.7e-05 -2.3e-05 6e-06 0.038807 0.1453 0.015931 0.695498 -3.536597 -10.371168 -0.632274 3.816506 -10.351722 -10.958526 -1.472941 12.929416 -39.2453 -47.376862 4.813516 -179.334152 -66.689445 177.86528 -15.352628 2.799898 15.101164 -5.882109 9.861289 0.702592 -10.936877 -0.360578 7.156209 1e-06 8.77483 -0.0 -16.362919 17.340374 4.902539 -1.844033 2.498503 -2.507279 -10.163604 4.678946 4.621111 -20.976034 -2e-06 2e-06 -21.226297 2.451696 -3.594002 -0.0 -7e-06 -1e-06 -1.362682 2.240798 -0.746323 -21.334925 0.584909 3.008324 -13.82122 -3e-06 2e-06 -23.887182 -0.249079 -0.839484 -59.793835 2.280478 -1.39089 -0.294024 1.679687 0.833256 -14.218215 0.093216 1.300581 -34.212067 -0.287565 0.967172 -20.03322 0.964537 1.212846 1e-06 1e-06 0.0 -3.440389 0.788232 0.501656 -15.928198 -3.167312 2.999709 -6.33883 -1e-06 1e-06 -18.123457 3.648183 -4.90567 -5e-06 0.0 -3e-06 -4.593363 22.537785 13.83005 18.386379 26.527264 1.332928 -20.251627 79.672897 -20.727291 10.207365 -17.902086 21.79521 2.243541 -5.255038 -3.180159 14.282896 -0.826596 6.952507 -2e-06 -12.690607 3e-06 16.0065 -16.896078 2.268248 1.665667 -1.955922 -2.878299 4.727803 -4.170588 4.993928 11.020534 3e-06 0.0 12.109057 -3.735716 -2.866783 1e-06 1e-06 -2e-06 1.291986 -1.928549 -1.498088 14.800138 0.56747 3.865609 14.242577 -1.341735 -6.66066 19.631973 0.143925 -0.648243 48.697887 -0.878806 -6.603535 0.353029 -1.511152 -0.031938 20.222801 3.68431 2.316634 18.787283 6e-06 2e-06 10.751633 -0.47987 1.397908 0.0 1e-06 -2e-06 3.273809 0.305947 -0.58011 21.486824 11.830379 2.266131 8.162932 2e-06 0.0 18.399092 -3.798987 -4.940576 3e-06 -0.0 -0.0 3.090161 7.857074 -28.082403 0.03298 -0.050022 67.175758 -4.360931 -3.343149 -19.919064 1.697961 -1.669358 -3.505024 -0.0 -1e-06 2e-06 -11.119682 -11.689702 7.606134 0.003338 0.692019 39.488533 10.038235 6.077364 -26.176807 -1.421915 0.910573 -3.700588 0.0 -0.0 -1e-06 
0.0 0.0 0.0 0.0 -0.0 0.0 6.643079 90.414833 129.388397 2.235487 7.890552 -5.532075 -1.432601 2.190117 -1.793203 -0.936154 5.729251 -5.573094 -8.730847 5.465754 13.474527 3.762253 0.760684 -0.496127 -1.389672 -3.295889 -3.563393 7.934946 -10.994796 -8.82822 7.7e-05 -2.2e-05 6e-06 0.04675 0.199248 0.040344 0.693116 -3.498722 -10.35673 -0.614503 3.885617 -10.344189 -12.545265 -0.615781 12.777369 -38.353046 -46.119884 2.73746 176.825897 -54.305569 -179.130508 -16.639647 1.021789 12.072879 -5.882106 9.861284 0.70259 -10.936871 -0.360577 7.156208 1e-06 8.774825 -2e-06 -17.004251 17.423063 4.648291 -1.844032 2.498505 -2.507279 -10.1636 4.678944 4.621109 -20.976023 -4e-06 3e-06 -21.226286 2.451698 -3.594001 -0.0 -7e-06 -0.0 -1.362682 2.240799 -0.746323 -21.334911 0.58491 3.008325 -13.821213 -2e-06 2e-06 -23.887167 -0.249079 -0.839483 -60.686737 2.291552 -1.406548 -0.294026 1.679687 0.833256 -14.218207 0.093216 1.300581 -34.212048 -0.287564 0.967171 -20.033211 0.964537 1.212844 -0.0 0.0 0.0 -3.440387 0.788235 0.501655 -15.928185 -3.167311 2.999708 -6.338825 1e-06 1e-06 -18.123444 3.648182 -4.90567 -4e-06 -0.0 -1e-06 -6.276216 22.881464 13.970918 17.140629 21.874207 1.910992 -38.145771 83.434662 -38.407051 9.880267 -14.207085 24.539921 2.243543 -5.255037 -3.180158 14.282896 -0.826594 6.952506 -3e-06 -12.690607 0.0 16.463276 -16.986513 2.132136 1.665666 -1.955921 -2.878299 4.727799 -4.170588 4.993925 11.020526 4e-06 -1e-06 12.109053 -3.735715 -2.866782 1e-06 -0.0 -1e-06 1.291986 -1.928548 -1.498088 14.800131 0.56747 3.865606 14.242572 -1.341736 -6.660658 19.631969 0.143928 -0.648245 48.454109 -1.288028 -6.680436 0.35303 -1.511152 -0.031941 20.222797 3.684311 2.316631 18.787273 6e-06 1e-06 10.751629 -0.479868 1.397908 -0.0 0.0 1e-06 3.273806 0.305948 -0.580111 21.486818 11.830376 2.266134 8.16293 2e-06 1e-06 18.399088 -3.798984 -4.940574 3e-06 0.0 -1e-06 1.511714 7.968297 -28.909712 0.084289 0.011375 60.104961 -3.83065 -1.53974 -21.27636 1.719521 -1.674161 -3.256298 -0.0 -0.0 2e-06 -11.972281 -11.84967 9.854897 0.031495 0.687957 38.194813 10.553935 4.634221 -28.150677 -1.460139 0.989273 -3.623027 -0.0 -0.0 -1e-06 
0.0 0.0 0.0 0.0 -0.0 0.0 7.24785 88.82766 132.178146 2.125669 9.679792 -4.892024 -1.396067 2.085209 -2.061001 -0.944741 5.952492 -5.638813 -9.5676 5.617458 13.345096 4.897277 0.558882 -1.534947 -1.501398 -4.168565 -3.470029 8.912329 -12.027435 -8.261846 7.7e-05 -2.2e-05 6e-06 0.054676 0.212353 0.040501 0.674039 -3.497782 -10.403627 -0.580478 3.910116 -10.387478 -13.182308 -0.125926 12.250985 -40.773312 -47.750095 1.431327 175.265976 -45.572376 -178.590317 -16.002216 -0.997266 10.716194 -5.882114 9.861293 0.702592 -10.936889 -0.360574 7.156216 2e-06 8.774835 -0.0 -18.051378 17.435133 4.389502 -1.844035 2.498506 -2.507279 -10.163616 4.678949 4.621115 -20.976055 -5e-06 4e-06 -21.22632 2.451701 -3.594002 0.0 -6e-06 0.0 -1.362684 2.2408 -0.746325 -21.334949 0.58491 3.008329 -13.821237 -2e-06 3e-06 -23.887205 -0.249078 -0.839482 -61.78796 2.188197 -1.531824 -0.294024 1.67969 0.833258 -14.218231 0.093214 1.300582 -34.212105 -0.287565 0.967175 -20.033247 0.964539 1.212847 -0.0 0.0 -0.0 -3.440394 0.788234 0.501656 -15.928209 -3.167311 2.999711 -6.338837 -1e-06 1e-06 -18.123474 3.648184 -4.905674 -4e-06 0.0 -2e-06 -7.57392 23.322706 14.051028 16.061249 17.344492 0.934195 -88.526886 85.255791 -88.62394 8.122251 -10.918645 28.240061 2.24354 -5.255037 -3.180159 14.282898 -0.8266 6.95251 -2e-06 -12.69061 3e-06 17.488714 -16.711573 1.630371 1.665667 -1.955923 -2.878301 4.727805 -4.170592 4.993929 11.020531 2e-06 0.0 12.109058 -3.735717 -2.866783 -0.0 -0.0 -2e-06 1.291985 -1.928552 -1.498089 14.800138 0.567465 3.865613 14.242579 -1.341736 -6.660658 19.631975 0.14392 -0.648243 48.905067 -1.323446 -6.538418 0.353029 -1.511149 -0.03194 20.222803 3.684306 2.316635 18.787285 -0.0 3e-06 10.751634 -0.479873 1.397907 -0.0 1e-06 -1e-06 3.273808 0.305945 -0.58011 21.486824 11.830379 2.266137 8.162931 1e-06 3e-06 18.399094 -3.798993 -4.940575 3e-06 1e-06 -2e-06 0.785762 8.178335 -28.422503 -0.039066 0.195046 56.818699 -2.960769 -1.276897 -21.779022 1.751168 -1.616571 -2.117703 0.0 0.0 2e-06 -12.17129 -12.479833 11.861773 0.039683 0.717098 38.40033 11.085235 3.149885 -30.822496 -1.461212 0.839625 -3.648116 0.0 0.0 -1e-06 
0.0 0.0 0.0 0.0 -0.0 0.0 7.98891 87.224365 134.592819 2.372537 11.488366 -4.502449 -1.606976 2.141494 -1.982386 -0.922136 5.909218 -5.619273 -10.484159 5.480121 13.883576 6.549461 -0.077808 -2.791528 -1.62543 -4.759254 -3.500737 9.895059 -12.911857 -9.771384 7.7e-05 -2.2e-05 6e-06 0.033782 0.164249 0.000497 0.677083 -3.562918 -10.525907 -0.624703 3.879751 -10.508672 -14.338703 -0.639057 11.536125 -42.578297 -52.568291 1.904297 174.288666 -41.518154 -178.264877 -13.253 -2.050804 10.870151 -5.88211 9.861293 0.702587 -10.936881 -0.360576 7.156209 -0.0 8.774832 -1e-06 -18.170998 17.656893 4.619991 -1.844035 2.498507 -2.507279 -10.163608 4.678947 4.62111 -20.976044 -5e-06 -1e-06 -21.226307 2.451696 -3.594004 0.0 -7e-06 -0.0 -1.362684 2.2408 -0.746324 -21.33493 0.584909 3.008324 -13.821225 -4e-06 0.0 -23.887194 -0.249082 -0.839484 -61.538372 2.365303 -1.618411 -0.294025 1.679688 0.833256 -14.218223 0.093214 1.300581 -34.212082 -0.287567 0.967168 -20.033232 0.964535 1.212844 0.0 -0.0 0.0 -3.440392 0.788234 0.501655 -15.928201 -3.167313 2.999707 -6.338831 -2e-06 -0.0 -18.123463 3.648183 -4.905677 -4e-06 -2e-06 -2e-06 -6.172861 22.679644 14.699313 12.865561 12.452749 -3.620819 -138.213821 83.700134 -137.862732 4.184631 -6.593259 31.451498 2.243543 -5.25504 -3.180162 14.282904 -0.826595 6.952513 -5e-06 -12.690614 2e-06 18.584568 -16.873938 1.359202 1.665667 -1.955923 -2.878301 4.727805 -4.170591 4.99393 11.020538 3e-06 -2e-06 12.109062 -3.735717 -2.866786 -1e-06 -1e-06 -2e-06 1.291987 -1.928552 -1.498091 14.800144 0.567468 3.865614 14.242585 -1.341735 -6.660664 19.631987 0.143926 -0.648243 50.165886 -1.502918 -6.424313 0.35303 -1.511152 -0.031939 20.222815 3.684314 2.316636 18.787291 6e-06 1e-06 10.751637 -0.479869 1.39791 0.0 1e-06 1e-06 3.27381 0.30595 -0.580111 21.486834 11.830385 2.266137 8.162937 2e-06 1e-06 18.399099 -3.798988 -4.940576 4e-06 1e-06 0.0 0.370906 7.770718 -29.465132 0.087927 0.235793 61.568916 -2.52576 -2.23614 -24.990736 1.692851 -1.66665 -1.308331 0.0 -1e-06 2e-06 -13.894777 -14.058906 11.311225 0.103409 0.895264 44.240158 11.229331 4.391829 -31.15444 -1.464507 0.825076 -5.197286 -0.0 -0.0 -1e-06 
0.0 0.0 0.0 0.0 -0.0 0.0 8.805035 85.882416 136.695892 2.828413 12.494741 -4.466925 -1.674019 2.133392 -1.702421 -0.901612 5.627392 -5.473033 -11.29121 5.260265 14.883196 7.822679 -0.452224 -3.982935 -1.783197 -4.875077 -3.567604 10.783175 -13.191515 -12.370948 7.7e-05 -2.3e-05 5e-06 0.005561 0.123595 -0.023668 0.694248 -3.596598 -10.551013 -0.697964 3.833509 -10.534785 -15.465929 -1.62979 11.196483 -44.301506 -57.806385 2.53925 175.13829 -41.505707 -178.939896 -9.914916 -2.672573 12.219996 -5.882109 9.86129 0.70259 -10.936877 -0.360577 7.156208 2e-06 8.77483 -2e-06 -17.976164 17.87151 4.701043 -1.844034 2.498506 -2.507279 -10.163606 4.678946 4.621109 -20.976038 -5e-06 1e-06 -21.226299 2.451695 -3.594002 0.0 -6e-06 -1e-06 -1.362682 2.240799 -0.746325 -21.334929 0.584907 3.008323 -13.821221 -3e-06 1e-06 -23.887186 -0.249081 -0.839483 -60.869457 2.592518 -1.755061 -0.294024 1.679688 0.833256 -14.218216 0.093213 1.300581 -34.212067 -0.287567 0.96717 -20.033222 0.964535 1.212845 -0.0 0.0 0.0 -3.440391 0.788233 0.501655 -15.928198 -3.167312 2.999709 -6.33883 -2e-06 1e-06 -18.123457 3.64818 -4.905674 -4e-06 0.0 -2e-06 -5.071534 22.10647 15.16335 11.302215 8.623105 -8.50999 -151.486389 81.756622 -150.667343 -0.97361 -3.177188 33.587563 2.243541 -5.255037 -3.180158 14.282896 -0.826593 6.952508 -7e-06 -12.690607 1e-06 19.310358 -17.191734 1.416269 1.665667 -1.955922 -2.8783 4.727799 -4.170589 4.993927 11.020529 6e-06 -2e-06 12.109056 -3.735714 -2.866783 0.0 -1e-06 -1e-06 1.291986 -1.92855 -1.498091 14.800134 0.567473 3.865611 14.242577 -1.341733 -6.660658 19.631973 0.143929 -0.648241 51.445423 -1.765242 -6.448536 0.35303 -1.51115 -0.03194 20.222801 3.684313 2.316633 18.787283 8e-06 0.0 10.751633 -0.479867 1.397908 -0.0 3e-06 0.0 3.273807 0.305948 -0.580111 21.486828 11.830384 2.266135 8.16293 2e-06 -0.0 18.39909 -3.798984 -4.940575 4e-06 1e-06 -1e-06 -0.071973 8.46848 -29.322586 0.146472 0.330876 64.83313 -1.906615 -3.865968 -28.00518 1.669747 -1.708817 -0.603846 -0.0 0.0 2e-06 -16.193016 -14.336905 8.255081 0.312917 0.956992 54.281345 10.278557 5.558871 -27.872459 -1.485793 0.904064 -8.554048 -0.0 -0.0 -1e-06 
0.0 0.0 0.0 0.0 -0.0 0.0 9.536371 85.235497 138.675354 2.980517 11.959377 -4.963907 -1.562177 1.96559 -1.175573 -0.921275 5.171046 -5.251281 -11.287141 5.048018 15.517555 8.246599 -0.474793 -4.50021 -1.792253 -4.441374 -3.624379 11.208279 -12.593631 -14.238325 7.8e-05 -2.2e-05 6e-06 -0.005464 0.112713 -0.01305 0.708477 -3.599841 -10.533184 -0.734137 3.816005 -10.505643 -15.572085 -2.722509 11.096786 -46.486706 -60.356163 2.681236 176.89061 -44.338909 -179.617096 -6.292431 -2.974592 14.322664 -5.882106 9.861283 0.70259 -10.93687 -0.360577 7.156205 1e-06 8.774824 -2e-06 -17.788675 18.169476 4.89231 -1.844033 2.498504 -2.507278 -10.163601 4.678944 4.621108 -20.976023 -4e-06 1e-06 -21.226286 2.451696 -3.594 0.0 -7e-06 -1e-06 -1.362682 2.240798 -0.746323 -21.334913 0.584908 3.008323 -13.821213 -2e-06 3e-06 -23.887167 -0.249078 -0.839482 -60.614925 2.684499 -1.769887 -0.294024 1.679687 0.833257 -14.218207 0.093214 1.300581 -34.212048 -0.287567 0.967171 -20.033211 0.964535 1.212844 0.0 0.0 0.0 -3.440388 0.788233 0.501656 -15.928185 -3.16731 2.999705 -6.338825 -2e-06 2e-06 -18.123444 3.648181 -4.905672 -4e-06 0.0 -2e-06 -4.896532 22.040531 14.971853 12.164231 7.55144 -10.700858 -146.466965 82.772896 -144.818909 -5.50226 -1.759335 34.170929 2.243542 -5.255037 -3.180159 14.282894 -0.826591 6.952506 -3e-06 -12.690606 -1e-06 18.889088 -17.426199 1.603713 1.665666 -1.955921 -2.878299 4.727799 -4.170586 4.993925 11.020526 4e-06 -2e-06 12.109053 -3.735711 -2.866784 -1e-06 0.0 -1e-06 1.291986 -1.928548 -1.49809 14.800134 0.567469 3.865609 14.242577 -1.341734 -6.66066 19.631973 0.143925 -0.648242 50.898617 -1.856427 -6.578618 0.353029 -1.51115 -0.031941 20.222795 3.684313 2.316632 18.787273 8e-06 -1e-06 10.75163 -0.479869 1.397908 0.0 3e-06 -1e-06 3.273809 0.305947 -0.580112 21.486816 11.830379 2.266135 8.16293 2e-06 0.0 18.399088 -3.798984 -4.940574 3e-06 -1e-06 -2e-06 0.142915 9.943046 -27.442369 0.165591 0.400317 65.958954 -1.512835 -4.777961 -30.701656 1.656263 -1.73691 -0.175584 -0.0 0.0 2e-06 -17.647539 -12.449008 3.095098 0.452862 0.861903 66.217354 7.806848 4.524688 -22.179998 -1.527333 0.954333 -9.643089 -0.0 0.0 -1e-06 
0.0 0.0 0.0 0.0 -0.0 0.0 10.155131 85.384636 140.604126 2.758536 9.911366 -5.857959 -1.355464 1.673676 -0.670939 -0.930871 4.64399 -5.062847 -10.377916 4.772638 15.757865 7.853855 -0.195379 -4.324919 -1.530137 -3.745783 -3.73056 11.002907 -11.159674 -15.017337 7.7e-05 -2.3e-05 5e-06 0.000135 0.120974 0.005834 0.719222 -3.594336 -10.562394 -0.732357 3.830439 -10.525376 -14.950895 -3.571166 11.218027 -47.738518 -59.939644 1.89485 178.751068 -50.05648 179.845688 -0.99237 -3.416886 16.811338 -5.882106 9.861286 0.702589 -10.936873 -0.360576 7.156207 -0.0 8.774825 -3e-06 -17.416212 18.48419 5.088993 -1.844032 2.498505 -2.507277 -10.163603 4.678944 4.621108 -20.976027 -3e-06 5e-06 -21.226286 2.451697 -3.593999 -0.0 -7e-06 -0.0 -1.362681 2.240798 -0.746324 -21.334917 0.584908 3.008325 -13.821218 -3e-06 3e-06 -23.887171 -0.249079 -0.839481 -60.52124 2.570622 -1.910068 -0.294024 1.679687 0.833254 -14.21821 0.093214 1.300582 -34.212051 -0.287563 0.967174 -20.033218 0.964537 1.212846 -0.0 1e-06 0.0 -3.44039 0.788233 0.501657 -15.928189 -3.167312 2.999709 -6.338826 -1e-06 1e-06 -18.123449 3.648182 -4.905671 -5e-06 0.0 -2e-06 -5.008245 22.307013 14.437719 14.324435 9.333458 -9.972053 -109.885498 85.621765 -107.319557 -8.09768 -2.996654 32.403412 2.243542 -5.255039 -3.180161 14.282904 -0.826592 6.95251 -6e-06 -12.690613 -1e-06 17.876141 -17.26088 1.600121 1.665667 -1.955922 -2.878301 4.727803 -4.170587 4.993927 11.020536 4e-06 1e-06 12.10906 -3.735715 -2.866783 -0.0 1e-06 1e-06 1.291985 -1.928548 -1.498089 14.800144 0.567474 3.865613 14.242583 -1.341734 -6.660658 19.631985 0.143925 -0.648238 49.126846 -1.527734 -6.84174 0.353028 -1.511151 -0.031941 20.222811 3.684315 2.316635 18.787292 1e-05 4e-06 10.751637 -0.479868 1.397911 1e-06 3e-06 -0.0 3.273809 0.305949 -0.580111 21.486839 11.830384 2.266141 8.162937 4e-06 1e-06 18.399103 -3.798985 -4.940575 3e-06 -1e-06 -0.0 1.014358 11.806999 -24.105665 0.165287 0.409915 65.144623 -1.669255 -4.419082 -32.501278 1.653204 -1.739968 -0.050055 -0.0 0.0 2e-06 -18.09934 -8.928727 -3.085408 0.427675 0.651443 76.844948 5.198946 1.787643 -18.859486 -1.546004 1.009907 -5.614467 0.0 0.0 -4e-06 
0.0 0.0 0.0 0.0 -0.0 0.0 10.719815 86.178535 142.58963 2.461763 7.008288 -6.832188 -1.275985 1.262876 -0.361212 -0.871518 4.105393 -4.933184 -8.947512 4.308529 15.67911 7.047053 0.173356 -3.564919 -1.204823 -2.908591 -3.858904 10.138161 -9.178482 -15.132749 7.7e-05 -2.2e-05 7e-06 0.006186 0.110561 0.026724 0.727995 -3.614511 -10.639157 -0.72683 3.834687 -10.591628 -13.696217 -4.276019 11.605191 -47.515064 -57.592957 0.244549 -179.436157 -59.799229 179.342316 6.175665 -4.286253 18.229763 -5.88211 9.861289 0.702591 -10.936875 -0.360576 7.156208 1e-06 8.774828 -1e-06 -16.653334 18.610935 5.521017 -1.844033 2.498505 -2.507279 -10.163606 4.678947 4.62111 -20.976034 -2e-06 3e-06 -21.226294 2.451697 -3.594001 0.0 -4e-06 0.0 -1.362683 2.240798 -0.746324 -21.334925 0.584909 3.008325 -13.82122 -4e-06 3e-06 -23.887182 -0.249077 -0.839483 -60.613491 2.328253 -2.065279 -0.294025 1.679688 0.833256 -14.218215 0.093215 1.300582 -34.212067 -0.287564 0.967172 -20.03322 0.964538 1.212845 0.0 1e-06 -0.0 -3.44039 0.788234 0.501655 -15.928192 -3.167311 2.999709 -6.338829 -0.0 2e-06 -18.123453 3.648183 -4.905671 -4e-06 2e-06 -2e-06 -4.96206 22.541634 13.94967 17.036501 12.873851 -7.381873 -43.742756 83.684128 -40.55611 -7.60738 -7.474801 27.966955 2.243542 -5.25504 -3.180161 14.282898 -0.826593 6.95251 -4e-06 -12.690609 -1e-06 16.59091 -17.119091 1.804057 1.665667 -1.955921 -2.8783 4.7278 -4.170587 4.993929 11.020531 5e-06 -1e-06 12.109058 -3.735713 -2.866785 -0.0 -0.0 0.0 1.291985 -1.928549 -1.49809 14.800138 0.567472 3.865612 14.242579 -1.341733 -6.660662 19.631979 0.14393 -0.648243 47.863873 -0.952248 -6.97669 0.35303 -1.511152 -0.03194 20.222807 3.684315 2.316635 18.787287 8e-06 -0.0 10.751635 -0.479869 1.397908 2e-06 1e-06 -1e-06 3.273808 0.305949 -0.580111 21.486828 11.830384 2.266135 8.162931 2e-06 1e-06 18.399092 -3.798983 -4.940574 3e-06 0.0 -2e-06 1.955833 13.43082 -19.771126 0.122597 0.309886 62.642834 -2.421661 -2.817665 -33.320908 1.640037 -1.737595 -0.039317 -0.0 -0.0 2e-06 -18.174582 -5.227879 -9.269469 0.414058 0.482077 83.343895 4.456459 1.604568 -19.281946 -1.567721 1.061714 -3.275789 -0.0 -0.0 -2e-06 
0.0 0.0 0.0 0.0 -0.0 0.0 11.211647 87.365761 144.652954 2.097264 4.004681 -7.715294 -1.255987 0.815408 -0.297961 -0.782501 3.466695 -4.925917 -7.32529 3.547879 15.621243 6.253409 0.509082 -2.6632 -1.03296 -1.920903 -3.896962 8.573232 -7.106805 -14.889097 7.7e-05 -2.3e-05 7e-06 0.009715 0.076549 0.048078 0.73385 -3.658951 -10.695676 -0.72323 3.812382 -10.644296 -12.314082 -5.11397 12.341072 -44.73698 -54.909733 -2.747735 -176.748352 -73.209656 177.737793 12.156721 -4.135785 18.363209 -5.882107 9.861284 0.702592 -10.936875 -0.360575 7.15621 1e-06 8.774824 -1e-06 -15.640343 18.354221 6.210317 -1.844032 2.498503 -2.507278 -10.163603 4.678944 4.62111 -20.976027 -2e-06 9e-06 -21.226288 2.451699 -3.593995 0.0 -5e-06 -2e-06 -1.362681 2.240797 -0.746322 -21.334919 0.584908 3.008327 -13.82122 -2e-06 6e-06 -23.887175 -0.249074 -0.839477 -60.945648 2.214517 -1.952124 -0.294026 1.679688 0.833257 -14.218212 0.093215 1.300584 -34.212051 -0.287561 0.967179 -20.033215 0.964539 1.212848 0.0 -1e-06 1e-06 -3.44039 0.788233 0.501657 -15.928189 -3.16731 2.999711 -6.338827 -1e-06 3e-06 -18.123444 3.648185 -4.905665 -3e-06 -0.0 -1e-06 -3.919282 22.05822 13.949108 19.003645 16.809082 -5.030213 -27.753313 80.081665 -24.424986 -4.80423 -13.094543 24.193167 2.243542 -5.255037 -3.18016 14.2829 -0.826593 6.952509 -3e-06 -12.690607 1e-06 15.374209 -17.110138 2.533111 1.665667 -1.955923 -2.878299 4.727801 -4.170588 4.993928 11.020535 4e-06 -1e-06 12.109058 -3.735714 -2.866782 1e-06 1e-06 -1e-06 1.291986 -1.92855 -1.49809 14.80014 0.56747 3.865611 14.242581 -1.341735 -6.660661 19.631985 0.143927 -0.648242 48.18531 -0.581727 -6.654659 0.353029 -1.511152 -0.03194 20.222805 3.684311 2.316634 18.787289 7e-06 3e-06 10.751636 -0.479869 1.397908 1e-06 0.0 -1e-06 3.273809 0.305949 -0.58011 21.48683 11.83038 2.266135 8.162935 1e-06 0.0 18.399096 -3.798986 -4.940575 4e-06 0.0 -1e-06 2.805859 14.504569 -15.012344 0.042994 0.119771 58.979393 -3.571345 -0.627927 -33.272438 1.629916 -1.794324 -0.113102 0.0 -0.0 2e-06 -17.667271 -2.74896 -14.902116 0.496152 0.518588 84.980843 5.816186 4.837191 -20.400278 -1.528472 1.044218 -2.704309 0.0 -0.0 -5e-06 
0.0 0.0 0.0 0.0 -0.0 0.0 11.555701 88.760544 146.857132 1.460031 1.07598 -8.539797 -1.168856 0.434281 -0.399103 -0.637028 2.608404 -5.005644 -5.491306 2.422476 15.639174 5.366512 0.833569 -1.757917 -0.843156 -0.739276 -3.802044 6.311345 -4.878772 -14.345981 7.7e-05 -2.3e-05 6e-06 0.010815 0.046027 0.072883 0.737365 -3.689725 -10.67937 -0.722589 3.781115 -10.640784 -10.851181 -6.411957 13.264755 -39.791084 -52.5923 -6.361809 -136.48175 -88.71534 138.10556 15.225441 -1.960913 19.067648 -5.882109 9.86129 0.702591 -10.936875 -0.360575 7.156206 0.0 8.774828 -1e-06 -14.830565 18.26128 6.881335 -1.844033 2.498506 -2.507277 -10.163604 4.678948 4.621108 -20.97603 -4e-06 1e-06 -21.226294 2.451698 -3.594003 2e-06 -5e-06 0.0 -1.362682 2.2408 -0.746323 -21.334923 0.584911 3.008322 -13.821218 -2e-06 1e-06 -23.887178 -0.24908 -0.839486 -61.14716 2.182283 -1.76245 -0.294025 1.679687 0.833257 -14.218214 0.093215 1.30058 -34.212063 -0.287564 0.967169 -20.033222 0.964538 1.212843 -1e-06 -0.0 -1e-06 -3.44039 0.788234 0.501655 -15.928192 -3.167311 2.999707 -6.338828 -1e-06 1e-06 -18.123457 3.648185 -4.905674 -4e-06 1e-06 -1e-06 -2.099416 20.666595 14.267362 20.238777 20.648306 -4.275443 -26.287796 79.649185 -23.157654 -1.651443 -18.821516 22.404259 2.243542 -5.255038 -3.180157 14.282898 -0.826594 6.952506 -2e-06 -12.690609 0.0 14.921831 -17.046934 3.139818 1.665667 -1.955922 -2.878298 4.727801 -4.170588 4.993925 11.020534 3e-06 1e-06 12.109059 -3.735716 -2.866782 2e-06 0.0 -0.0 1.291986 -1.92855 -1.498089 14.800136 0.567469 3.86561 14.242578 -1.341736 -6.660657 19.631975 0.143924 -0.648243 49.124386 -0.354335 -6.23354 0.353029 -1.51115 -0.03194 20.222803 3.684312 2.316633 18.787283 5e-06 1e-06 10.751633 -0.479869 1.397908 -0.0 0.0 1e-06 3.273808 0.305947 -0.58011 21.486824 11.830378 2.266137 8.162931 2e-06 -0.0 18.399092 -3.798985 -4.940576 4e-06 -1e-06 -2e-06 3.86252 15.140527 -9.905303 -0.054619 -0.139635 54.424446 -4.770699 1.977825 -32.706718 1.634035 -1.880658 -0.234825 0.0 -0.0 2e-06 -15.97424 -1.506302 -19.154062 0.603793 0.68287 81.956795 8.246531 8.433506 -20.621872 -1.473311 1.001888 -2.615671 0.0 0.0 -2e-06 
0.0 0.0 0.0 0.0 -0.0 0.0 11.673694 90.149269 149.317032 0.424694 -1.825618 -9.289172 -1.027323 0.168363 -0.530902 -0.480786 1.48866 -5.112154 -3.311597 1.053072 15.600275 4.326189 1.175596 -0.80691 -0.500139 0.543772 -3.651029 3.603413 -2.29649 -13.538394 7.7e-05 -2.3e-05 7e-06 0.003291 0.011284 0.070424 0.729891 -3.715614 -10.630659 -0.728842 3.736641 -10.607743 -9.029354 -8.386808 14.388808 -33.582726 -50.374775 -9.611054 -1.003608 -75.240395 2.65931 16.643322 1.432196 19.844603 -5.88211 9.86129 0.702589 -10.936877 -0.360575 7.15621 -1e-06 8.774827 -2e-06 -14.77599 18.418505 7.132873 -1.844032 2.498506 -2.507279 -10.163605 4.678947 4.621112 -20.976038 0.0 3e-06 -21.226303 2.451699 -3.594003 1e-06 -5e-06 -1e-06 -1.362682 2.240799 -0.746321 -21.334925 0.584913 3.008325 -13.82122 1e-06 3e-06 -23.887182 -0.249076 -0.839484 -61.00288 2.030985 -1.535124 -0.294025 1.679687 0.833255 -14.218215 0.093216 1.300582 -34.212067 -0.287559 0.96717 -20.033226 0.96454 1.212842 2e-06 1e-06 1e-06 -3.44039 0.788233 0.501657 -15.928192 -3.167307 2.999711 -6.338829 0.0 1e-06 -18.123455 3.648186 -4.905672 -3e-06 1e-06 -1e-06 -0.188769 18.761843 14.564257 21.33234 24.289505 -4.588144 -36.717976 82.18779 -33.900883 0.847327 -24.994726 21.988333 2.243543 -5.255038 -3.18016 14.282901 -0.826595 6.952508 -4e-06 -12.690609 3e-06 15.075882 -17.032799 3.475287 1.665667 -1.955922 -2.878301 4.727801 -4.170589 4.993929 11.020535 4e-06 -1e-06 12.10906 -3.735716 -2.866785 1e-06 0.0 -0.0 1.291986 -1.92855 -1.498091 14.800139 0.567469 3.865611 14.242583 -1.341734 -6.660662 19.631985 0.143928 -0.648244 49.814804 -0.201547 -5.977011 0.353029 -1.511151 -0.03194 20.222805 3.684313 2.316631 18.787287 6e-06 -0.0 10.751636 -0.479868 1.397907 0.0 -0.0 -0.0 3.273809 0.305947 -0.580112 21.486834 11.830383 2.266133 8.16293 2e-06 -1e-06 18.399096 -3.798986 -4.940576 2e-06 -0.0 -1e-06 5.353834 15.422859 -4.441251 -0.122261 -0.425039 49.25668 -5.834489 5.00643 -31.987446 1.645914 -1.901686 -0.420271 -0.0 -1e-06 2e-06 -13.089448 -1.262238 -21.221107 0.629898 0.786516 75.195549 10.886848 10.574821 -20.228113 -1.422124 0.983232 -2.898093 0.0 0.0 -2e-06 
0.0 0.0 0.0 0.0 -0.0 0.0 11.580173 91.257202 152.108902 -0.849868 -4.899793 -9.797898 -0.921304 -0.028074 -0.718371 -0.376802 0.338294 -5.285935 -0.827848 -0.341118 15.522676 3.363206 1.579756 0.163488 -0.089437 1.829503 -3.580551 0.804406 0.689743 -12.382348 7.7e-05 -2.2e-05 6e-06 -0.005965 -0.016512 0.05133 0.714019 -3.741756 -10.606853 -0.730173 3.706081 -10.583924 -6.911971 -10.525507 15.452803 -27.068634 -47.451424 -10.733431 -0.125754 -62.358562 1.416446 17.015724 6.272111 20.346653 -5.882111 9.861287 0.70259 -10.936878 -0.360574 7.156212 0.0 8.774825 -2e-06 -15.308853 18.725266 7.071005 -1.844033 2.498505 -2.507279 -10.163606 4.678945 4.621111 -20.976038 -1e-06 5e-06 -21.226299 2.451699 -3.594 1e-06 -5e-06 0.0 -1.362682 2.240799 -0.746326 -21.334927 0.584912 3.008327 -13.82122 -1e-06 3e-06 -23.887184 -0.249076 -0.839483 -60.465683 1.83678 -1.064037 -0.294025 1.679687 0.833256 -14.218217 0.093215 1.300582 -34.212074 -0.28756 0.967173 -20.033226 0.964539 1.212845 1e-06 0.0 -0.0 -3.44039 0.788234 0.501655 -15.928194 -3.167309 2.99971 -6.338829 -0.0 1e-06 -18.123457 3.648184 -4.90567 -3e-06 -1e-06 -2e-06 1.641981 16.971561 14.860729 22.205845 27.748541 -4.737472 -70.654388 84.867256 -68.137794 1.723989 -30.811028 22.517363 2.243541 -5.255036 -3.180159 14.282896 -0.826596 6.952507 -2e-06 -12.690605 3e-06 15.41059 -17.07304 3.651974 1.665666 -1.955921 -2.8783 4.727798 -4.170588 4.993927 11.020528 3e-06 -1e-06 12.109055 -3.735714 -2.866783 1e-06 -0.0 -0.0 1.291986 -1.928549 -1.49809 14.800132 0.567467 3.86561 14.242576 -1.341734 -6.660658 19.631969 0.143926 -0.648245 50.267311 -0.207286 -5.88799 0.353029 -1.51115 -0.03194 20.222795 3.684308 2.316631 18.787279 3e-06 0.0 10.751633 -0.47987 1.397906 1e-06 0.0 -0.0 3.273807 0.305947 -0.580111 21.486818 11.830373 2.266132 8.162931 1e-06 0.0 18.399088 -3.798985 -4.940574 3e-06 -0.0 -1e-06 7.042613 15.485908 1.1134 -0.107034 -0.647641 44.026619 -6.679982 8.32348 -31.357658 1.657081 -1.91519 -0.769466 -0.0 -0.0 2e-06 -9.628864 -1.971649 -21.324162 0.555081 0.718376 66.62738 12.944353 11.102815 -19.382441 -1.38109 0.962037 -3.387412 0.0 0.0 -1e-06 
0.0 0.0 0.0 0.0 -0.0 0.0 11.348345 91.850288 155.06752 -1.823121 -8.275752 -9.935551 -0.945427 -0.103395 -1.107458 -0.235105 -0.533329 -5.470071 1.424293 -1.535403 15.526755 2.583265 1.94193 0.816038 0.337373 3.050678 -3.520378 -1.779106 3.667347 -11.19244 7.7e-05 -2.2e-05 6e-06 -0.005796 -0.018079 0.026869 0.671796 -3.749292 -10.547831 -0.687646 3.708054 -10.525083 -5.087144 -12.078406 16.465172 -20.59112 -43.431259 -7.686947 -1.025823 -55.263027 1.674266 15.285166 11.31374 20.632511 -5.882106 9.861284 0.702591 -10.936873 -0.360575 7.156206 2e-06 8.774824 -0.0 -16.38283 18.919979 6.704106 -1.844032 2.498505 -2.507277 -10.1636 4.678944 4.62111 -20.976023 -5e-06 3e-06 -21.226288 2.451695 -3.593998 -0.0 -6e-06 -1e-06 -1.362682 2.240798 -0.746323 -21.334913 0.584909 3.008324 -13.821213 -4e-06 3e-06 -23.887171 -0.249079 -0.839481 -60.117496 2.055963 -0.517631 -0.294025 1.679687 0.833256 -14.218208 0.093214 1.300581 -34.212048 -0.287565 0.967172 -20.033216 0.964537 1.212844 -1e-06 -0.0 -0.0 -3.440388 0.788233 0.501656 -15.928185 -3.167309 2.999708 -6.338825 -1e-06 2e-06 -18.123444 3.648182 -4.905669 -4e-06 -0.0 -2e-06 3.47832 15.626922 15.261774 22.485458 30.78812 -4.324139 -122.089767 84.463669 -119.988365 1.098955 -34.879566 23.1807 2.243541 -5.255036 -3.180159 14.282894 -0.826595 6.952507 -3e-06 -12.690603 2e-06 15.74791 -17.148754 3.694041 1.665666 -1.955921 -2.878299 4.7278 -4.170588 4.993927 11.020528 3e-06 0.0 12.109053 -3.735715 -2.866783 1e-06 -0.0 0.0 1.291985 -1.928549 -1.498089 14.800132 0.567468 3.865611 14.242573 -1.341735 -6.660657 19.631973 0.143925 -0.648243 50.645004 -0.357913 -5.928204 0.353029 -1.51115 -0.03194 20.222797 3.68431 2.316633 18.787273 4e-06 2e-06 10.751629 -0.47987 1.397907 -1e-06 -0.0 0.0 3.273807 0.305947 -0.580111 21.48682 11.830376 2.266135 8.16293 1e-06 1e-06 18.39909 -3.798987 -4.940573 2e-06 -1e-06 -1e-06 7.994365 15.260568 6.093132 0.021397 -0.695173 39.57056 -7.219686 12.298201 -30.772083 1.699609 -1.965194 -1.162061 0.0 -0.0 2e-06 -6.579986 -3.570958 -20.392235 0.37642 0.485982 59.24123 13.287557 10.703506 -18.780392 -1.364412 0.896725 -3.555032 -0.0 0.0 -1e-06 
0.0 0.0 0.0 0.0 -0.0 0.0 10.944879 91.860893 158.013184 -2.305167 -11.860134 -9.813679 -0.91535 -0.070476 -1.499198 -0.144134 -1.036683 -5.690132 3.214296 -2.167134 15.747402 1.946598 2.197752 0.891529 0.532469 4.20091 -3.495917 -3.693341 6.122068 -10.263407 7.7e-05 -2.2e-05 5e-06 0.000288 0.018608 0.00731 0.626238 -3.713336 -10.501023 -0.628415 3.745534 -10.473931 -4.324673 -12.56107 17.546467 -15.474749 -38.044441 -3.622089 -2.528975 -57.793633 2.170274 13.618025 12.933865 19.761898 -5.882104 9.861283 0.70259 -10.936868 -0.360576 7.156202 1e-06 8.774822 -2e-06 -17.244152 18.518297 5.980932 -1.844032 2.498504 -2.507276 -10.163597 4.678944 4.621106 -20.976017 -4e-06 3e-06 -21.226282 2.451697 -3.593999 0.0 -6e-06 -0.0 -1.362681 2.240798 -0.746323 -21.334906 0.584908 3.008322 -13.82121 -3e-06 3e-06 -23.887159 -0.249078 -0.839482 -60.04493 2.137564 -0.299908 -0.294025 1.679688 0.833256 -14.218204 0.093215 1.30058 -34.212036 -0.287564 0.967172 -20.033205 0.964537 1.212844 -1e-06 -0.0 0.0 -3.440387 0.788234 0.501655 -15.928183 -3.16731 2.999706 -6.338823 -0.0 1e-06 -18.123444 3.648183 -4.905669 -4e-06 0.0 -3e-06 5.077572 14.593587 15.705484 22.730507 33.282795 -3.91578 -151.575851 81.47242 -149.752716 -0.318109 -36.508625 23.267334 2.243541 -5.255035 -3.180157 14.282887 -0.826593 6.952501 -4e-06 -12.690601 1e-06 15.946453 -17.325871 3.471926 1.665666 -1.955921 -2.878299 4.727798 -4.170586 4.993924 11.020525 4e-06 -1e-06 12.109051 -3.735713 -2.866784 2e-06 -0.0 0.0 1.291985 -1.928549 -1.49809 14.800125 0.567469 3.865607 14.24257 -1.341734 -6.660657 19.631969 0.143928 -0.648244 50.692638 -0.485755 -6.14449 0.353029 -1.51115 -0.03194 20.222788 3.684311 2.31663 18.78727 6e-06 -1e-06 10.751629 -0.479868 1.397906 -1e-06 0.0 0.0 3.273806 0.305947 -0.580111 21.486813 11.830374 2.266132 8.162924 1e-06 -0.0 18.39908 -3.798983 -4.940574 3e-06 0.0 -1e-06 7.912093 14.731587 9.291021 0.161983 -0.68864 37.892921 -7.172514 16.419405 -29.709885 1.793991 -2.11272 -1.92204 -0.0 -1e-06 2e-06 -4.459812 -5.618938 -19.190685 0.242817 0.328594 55.244289 11.508113 10.429989 -19.635702 -1.393401 0.74442 -3.437107 -0.0 -1e-06 -1e-06 
0.0 0.0 0.0 0.0 -0.0 0.0 10.374996 91.392097 160.776596 -2.634879 -15.059319 -9.308208 -0.71751 0.085281 -1.823799 0.027899 -1.26899 -5.865949 4.375604 -2.470734 16.150969 1.467756 2.497862 0.17046 0.686857 5.464838 -3.48186 -5.247416 7.827092 -9.879942 7.7e-05 -2.2e-05 6e-06 0.007341 0.014867 -0.013084 0.594478 -3.714822 -10.395733 -0.582585 3.737737 -10.372558 -4.438519 -11.910379 18.481867 -11.702312 -31.904634 -2.461764 -5.060892 -67.794891 4.440641 15.367435 11.369267 20.947714 -5.882109 9.861284 0.70259 -10.936878 -0.360576 7.156208 2e-06 8.774824 -1e-06 -17.742361 18.172518 5.473413 -1.844033 2.498504 -2.507279 -10.163605 4.678945 4.62111 -20.976038 -5e-06 3e-06 -21.226299 2.451695 -3.593999 2e-06 -6e-06 -1e-06 -1.362682 2.240798 -0.746323 -21.334925 0.584908 3.008324 -13.821219 -4e-06 2e-06 -23.88718 -0.24908 -0.83948 -60.66003 2.088715 -0.42665 -0.294025 1.679689 0.833256 -14.218215 0.093214 1.300581 -34.212067 -0.287566 0.967173 -20.033226 0.964536 1.212845 1e-06 -0.0 -1e-06 -3.44039 0.788233 0.501656 -15.928198 -3.167311 2.999707 -6.33883 -1e-06 1e-06 -18.123457 3.64818 -4.90567 -4e-06 0.0 -2e-06 6.402503 13.968537 16.132786 23.143988 35.32251 -3.573653 -164.053345 77.693901 -162.285675 -3.147889 -35.87096 23.475851 2.243543 -5.255037 -3.18016 14.282899 -0.826595 6.952507 -5e-06 -12.690605 4e-06 16.080292 -17.463163 3.220256 1.665668 -1.955921 -2.8783 4.727801 -4.170588 4.993927 11.020535 4e-06 -3e-06 12.109059 -3.735714 -2.866785 0.0 -0.0 -0.0 1.291986 -1.928549 -1.49809 14.800136 0.567468 3.865608 14.242582 -1.341733 -6.660661 19.631977 0.143928 -0.648247 50.731506 -0.563486 -6.200628 0.353029 -1.51115 -0.03194 20.222805 3.684311 2.316628 18.787285 7e-06 -2e-06 10.751636 -0.479868 1.397906 -2e-06 0.0 0.0 3.273809 0.305947 -0.580112 21.486828 11.830378 2.266129 8.16293 2e-06 -1e-06 18.399094 -3.798982 -4.940578 2e-06 -0.0 -1e-06 7.587151 14.55327 9.451595 0.210398 -0.549352 40.973526 -6.78478 20.320274 -28.148216 1.871811 -2.1696 -3.416684 -0.0 -1e-06 2e-06 -3.065269 -7.204935 -18.188297 0.139783 0.156555 53.75787 8.940425 10.819738 -20.707973 -1.417839 0.57384 -3.293794 0.0 -1e-06 -1e-06 
0.0 0.0 0.0 0.0 -0.0 0.0 9.605234 90.332832 163.339401 -2.945259 -17.338202 -8.691942 -0.439174 0.21862 -1.790189 0.085765 -1.301037 -5.886159 5.229844 -2.457672 16.498465 1.228923 2.903277 -1.235787 0.713001 6.216387 -3.407312 -6.503166 8.879338 -10.084489 7.7e-05 -2.2e-05 6e-06 0.002851 -0.038717 -0.007347 0.594725 -3.774675 -10.341522 -0.592173 3.688493 -10.313834 -4.622302 -10.953559 19.062319 -8.755278 -25.767445 -3.748419 -11.177655 -81.173767 11.126914 19.660503 8.55252 24.89584 -5.882112 9.861291 0.70259 -10.936885 -0.360577 7.156214 3e-06 8.774831 0.0 -17.750645 17.806881 5.38986 -1.844035 2.498507 -2.507281 -10.163611 4.678946 4.621113 -20.976051 -9e-06 1e-06 -21.226313 2.451694 -3.594004 0.0 -6e-06 1e-06 -1.362683 2.240798 -0.746324 -21.334938 0.584907 3.008325 -13.821229 -5e-06 3e-06 -23.887201 -0.249085 -0.839481 -61.254204 2.033439 -0.662766 -0.294025 1.67969 0.833257 -14.218227 0.093213 1.300581 -34.212097 -0.287569 0.967175 -20.033241 0.964535 1.212848 0.0 0.0 1e-06 -3.440392 0.788234 0.501655 -15.928206 -3.167312 2.999709 -6.338833 -3e-06 0.0 -18.12347 3.648178 -4.905675 -6e-06 -0.0 -2e-06 7.014739 13.55183 16.153038 24.48922 37.185047 -3.981693 -171.097794 74.205368 -169.613235 -7.661727 -32.933086 24.199814 2.243544 -5.255041 -3.180161 14.282901 -0.826596 6.952511 -3e-06 -12.690612 1e-06 16.310787 -17.492111 2.882681 1.665667 -1.955922 -2.878303 4.727802 -4.17059 4.993928 11.020536 3e-06 -2e-06 12.109062 -3.735717 -2.866788 1e-06 -0.0 1e-06 1.291987 -1.928551 -1.498091 14.80014 0.567468 3.865611 14.242584 -1.341736 -6.660665 19.631987 0.143925 -0.648246 50.90247 -0.600958 -6.124372 0.353029 -1.511152 -0.031941 20.222809 3.684311 2.316633 18.787289 4e-06 -0.0 10.751637 -0.47987 1.397908 -2e-06 0.0 0.0 3.273809 0.305948 -0.580111 21.48683 11.830382 2.266134 8.162935 2e-06 1e-06 18.399099 -3.798988 -4.940578 3e-06 -0.0 -1e-06 7.492755 14.499555 6.39317 0.197263 -0.430799 49.539936 -6.042039 23.43927 -25.072308 1.94607 -2.210972 -5.481672 1e-06 -0.0 3e-06 -2.286792 -8.480781 -17.112427 0.087076 -0.023488 53.680527 5.475161 11.239902 -23.336988 -1.449521 0.488132 -2.66553 -0.0 0.0 -1e-06 
0.0 0.0 0.0 0.0 -0.0 0.0 8.672645 88.728752 165.540985 -3.66724 -18.698872 -8.089149 0.347184 0.238978 -1.327074 0.136301 -1.099999 -5.682066 5.718044 -2.075585 16.679087 0.74612 3.145017 -2.618453 0.644565 6.248788 -3.381531 -7.282588 9.271658 -11.331739 7.7e-05 -2.2e-05 6e-06 0.001052 -0.064862 -0.014772 0.60972 -3.798886 -10.300167 -0.61274 3.659972 -10.260365 -3.569328 -10.150455 18.707508 -7.882465 -21.022385 -6.537055 -165.957352 -85.469055 166.409164 22.817923 6.362398 30.887182 -5.882105 9.861286 0.70259 -10.936872 -0.360574 7.156205 0.0 8.774826 -1e-06 -17.261625 17.583012 5.515227 -1.844032 2.498503 -2.507277 -10.163601 4.678945 4.621109 -20.976025 -5e-06 3e-06 -21.226286 2.451695 -3.593999 1e-06 -7e-06 1e-06 -1.362682 2.240798 -0.746324 -21.334913 0.58491 3.008323 -13.821213 -3e-06 4e-06 -23.887169 -0.249079 -0.839481 -61.548637 2.145717 -1.125437 -0.294025 1.679687 0.833256 -14.218207 0.093213 1.30058 -34.212048 -0.287565 0.96717 -20.033211 0.964536 1.212842 -1e-06 0.0 -1e-06 -3.440388 0.788233 0.501656 -15.928185 -3.167307 2.999707 -6.338828 -1e-06 2e-06 -18.123446 3.648183 -4.905671 -3e-06 1e-06 -2e-06 6.47005 13.528568 15.726887 26.983131 39.469246 -5.056202 -173.885727 71.717529 -172.64975 -12.981191 -28.01713 25.649759 2.24354 -5.255034 -3.180157 14.282885 -0.826595 6.952501 -3e-06 -12.690599 1e-06 16.341221 -17.346865 2.652003 1.665666 -1.95592 -2.878296 4.727797 -4.170585 4.993922 11.020521 3e-06 -1e-06 12.109048 -3.735713 -2.866781 0.0 0.0 -3e-06 1.291985 -1.928549 -1.498089 14.800125 0.567468 3.865607 14.242567 -1.341735 -6.660655 19.631966 0.143925 -0.648243 51.448494 -0.733122 -5.966075 0.353027 -1.51115 -0.03194 20.222786 3.684308 2.316632 18.787268 4e-06 2e-06 10.751625 -0.479868 1.397906 -1e-06 0.0 1e-06 3.273807 0.305946 -0.580111 21.486809 11.830369 2.266134 8.162926 3e-06 2e-06 18.39908 -3.798985 -4.940573 4e-06 -1e-06 -2e-06 8.425926 14.436253 0.908759 0.051425 -0.460429 62.225994 -4.227282 24.56358 -19.536522 2.040445 -2.220684 -6.854466 0.0 0.0 2e-06 -1.425895 -9.072484 -16.261919 0.042314 -0.18376 54.954914 2.167161 12.136152 -27.957561 -1.443267 0.575976 -0.768364 0.0 0.0 -1e-06 
0.0 0.0 0.0 0.0 -0.0 0.0 7.693741 86.96563 167.408127 -5.250636 -19.368025 -7.508512 1.655479 0.266385 -0.562108 0.410742 -0.783501 -5.347331 6.397611 -1.681438 17.013126 -0.416692 3.455909 -3.954552 0.615816 6.088205 -3.312389 -7.845273 9.38454 -13.638992 7.7e-05 -2.3e-05 5e-06 0.0071 -0.088718 0.002004 0.668084 -3.849796 -10.333438 -0.66186 3.660033 -10.300523 -1.080483 -8.995053 17.970318 -10.028346 -19.092434 -10.954516 -176.339569 -74.747612 177.283203 23.284929 5.840562 34.318531 -5.882111 9.861288 0.702589 -10.93688 -0.360576 7.156211 3e-06 8.774828 -0.0 -16.798912 17.353344 5.565637 -1.844035 2.498506 -2.50728 -10.163607 4.678945 4.621111 -20.97604 -5e-06 1e-06 -21.226303 2.451694 -3.594 0.0 -5e-06 1e-06 -1.362682 2.240798 -0.746324 -21.33493 0.58491 3.008325 -13.821225 -2e-06 2e-06 -23.887188 -0.249082 -0.839482 -61.445808 2.330904 -1.271349 -0.294024 1.679686 0.833256 -14.218223 0.093216 1.30058 -34.212082 -0.287571 0.967175 -20.033234 0.964535 1.212847 1e-06 0.0 -1e-06 -3.440392 0.788233 0.501656 -15.928201 -3.167313 2.999709 -6.338833 -0.0 1e-06 -18.123463 3.64818 -4.905674 -3e-06 0.0 -1e-06 4.580635 14.175112 14.926724 30.012634 42.313351 -6.358512 -173.680801 70.951485 -172.955383 -17.416109 -22.278276 27.981153 2.243543 -5.25504 -3.18016 14.282899 -0.826596 6.952507 -1e-06 -12.690609 0.0 16.576181 -17.434523 2.533098 1.665666 -1.955922 -2.878301 4.727802 -4.170589 4.993925 11.020534 1e-06 -1e-06 12.109059 -3.735718 -2.866787 -0.0 -0.0 -0.0 1.291986 -1.92855 -1.49809 14.800136 0.567467 3.86561 14.24258 -1.341738 -6.660663 19.631975 0.143923 -0.648245 52.020573 -0.647117 -6.004125 0.353029 -1.511152 -0.031941 20.222803 3.684307 2.316632 18.787287 4e-06 -2e-06 10.751634 -0.479871 1.397907 -1e-06 0.0 0.0 3.273808 0.305947 -0.580111 21.486826 11.830376 2.266137 8.162933 -1e-06 0.0 18.399096 -3.798988 -4.94058 3e-06 -0.0 -1e-06 10.691543 14.003021 -5.181194 -0.090709 -0.374932 75.204643 -2.039749 24.209166 -13.748648 2.108913 -2.17772 -5.852279 -0.0 0.0 1e-06 0.337904 -8.615172 -16.411888 -0.036577 -0.117426 58.406582 1.206437 12.656993 -31.573994 -1.399215 0.708923 0.220899 -0.0 -1e-06 -1e-06 
0.0 0.0 0.0 0.0 -0.0 0.0 6.894956 85.782768 169.297058 -5.786482 -19.391512 -7.502797 2.499116 0.425691 0.13523 0.639451 -0.145411 -4.979541 6.435493 -1.112624 17.253433 -1.770379 3.599063 -4.732874 0.586661 5.680817 -3.355402 -7.805984 8.920016 -16.027845 7.7e-05 -2.3e-05 6e-06 0.010855 -0.09632 0.01323 0.698432 -3.87531 -10.371583 -0.687678 3.667437 -10.355168 2.34501 -7.873209 16.667797 -15.332469 -20.054745 -14.637264 -177.852936 -67.755508 178.728531 22.975985 5.175602 34.738678 -5.88211 9.861289 0.702591 -10.936878 -0.360574 7.156212 1e-06 8.77483 -1e-06 -16.458292 17.114164 5.615535 -1.844034 2.498504 -2.507279 -10.163606 4.678945 4.621112 -20.976036 -4e-06 4e-06 -21.226295 2.451696 -3.593999 1e-06 -6e-06 0.0 -1.362683 2.240799 -0.746324 -21.334927 0.58491 3.008327 -13.821222 -2e-06 4e-06 -23.887184 -0.249077 -0.839481 -60.96769 2.337094 -1.238608 -0.294025 1.679689 0.833256 -14.218217 0.093214 1.300583 -34.212067 -0.287563 0.967176 -20.033222 0.964539 1.212847 -0.0 -0.0 1e-06 -3.440391 0.788231 0.501655 -15.928196 -3.167313 2.999712 -6.33883 -0.0 2e-06 -18.123457 3.648184 -4.905671 -4e-06 0.0 -2e-06 2.214326 15.535396 14.510073 32.896366 44.790981 -8.270519 -172.331924 72.887894 -172.125275 -20.32852 -16.79858 30.176722 2.243543 -5.255039 -3.18016 14.282898 -0.826597 6.952506 1e-06 -12.690605 -1e-06 16.682816 -17.434574 2.513212 1.665666 -1.955922 -2.8783 4.727801 -4.170588 4.993925 11.02053 1e-06 0.0 12.109056 -3.735717 -2.866784 -0.0 0.0 0.0 1.291986 -1.928551 -1.498089 14.800134 0.567465 3.865611 14.242578 -1.341739 -6.660661 19.631973 0.143923 -0.648243 52.216614 -0.421016 -6.015324 0.353027 -1.51115 -0.03194 20.222801 3.684307 2.316634 18.787283 0.0 -2e-06 10.751633 -0.479871 1.397906 0.0 0.0 0.0 3.273808 0.305947 -0.58011 21.486822 11.830374 2.266137 8.16293 -1e-06 1e-06 18.399092 -3.798986 -4.940578 3e-06 -2e-06 -1e-06 11.222326 12.432561 -10.750501 -0.116684 -0.22614 84.755379 0.782463 25.964613 -10.486236 2.098541 -2.137904 -3.10278 -0.0 0.0 1e-06 0.803516 -8.339344 -15.683275 -0.045931 -0.043292 60.773151 0.836488 12.922123 -34.135201 -1.365559 0.844621 0.692596 0.0 0.0 -1e-06 
0.0 0.0 0.0 0.0 -0.0 0.0 6.279562 85.538742 171.721237 -4.602343 -18.32626 -8.155352 2.576025 0.634096 0.59992 0.634304 0.804709 -4.70804 5.35267 -0.344756 17.102188 -2.72765 3.706083 -4.780607 0.421289 4.98068 -3.405728 -6.902892 7.77335 -17.510916 7.7e-05 -2.2e-05 6e-06 -0.004735 -0.104751 0.04793 0.678981 -3.884607 -10.385785 -0.70123 3.656321 -10.366222 4.943645 -7.00816 15.05037 -20.863264 -23.50293 -15.664324 -179.448074 -66.056328 179.8452 22.955492 3.842486 32.258968 -5.882107 9.861286 0.70259 -10.936873 -0.360579 7.156206 1e-06 8.774829 -1e-06 -16.339622 17.051075 5.729893 -1.844033 2.498504 -2.507279 -10.163604 4.678946 4.621108 -20.976032 -5e-06 1e-06 -21.226294 2.451698 -3.594002 1e-06 -6e-06 -0.0 -1.362681 2.2408 -0.746323 -21.334921 0.584911 3.008321 -13.821218 -3e-06 -0.0 -23.887178 -0.24908 -0.839487 -60.344887 2.228507 -1.306762 -0.294025 1.679687 0.833256 -14.218214 0.093215 1.300579 -34.212063 -0.287569 0.96717 -20.033222 0.964535 1.212844 0.0 1e-06 -1e-06 -3.44039 0.788233 0.501655 -15.928192 -3.16731 2.999707 -6.338829 1e-06 1e-06 -18.123453 3.648181 -4.905673 -5e-06 0.0 -1e-06 0.302814 17.51552 14.429133 34.717571 45.243843 -10.534509 -170.197845 77.678207 -170.419144 -21.916071 -14.217696 31.482983 2.24354 -5.255037 -3.180159 14.282894 -0.826594 6.952505 -3e-06 -12.690604 1e-06 16.680262 -17.40073 2.508537 1.665667 -1.955921 -2.878299 4.727799 -4.170588 4.993925 11.020529 3e-06 -2e-06 12.109056 -3.735716 -2.866785 -0.0 0.0 0.0 1.291987 -1.928549 -1.49809 14.800129 0.567469 3.865607 14.242573 -1.341735 -6.66066 19.631969 0.14393 -0.648244 52.042789 -0.244943 -5.922031 0.353028 -1.511151 -0.031942 20.222797 3.684311 2.31663 18.787273 6e-06 -2e-06 10.751629 -0.479868 1.397906 0.0 1e-06 -1e-06 3.273808 0.305947 -0.58011 21.486818 11.830376 2.266133 8.162928 2e-06 1e-06 18.399084 -3.798984 -4.940576 4e-06 -2e-06 -1e-06 9.299081 9.611672 -15.69342 -0.038461 -0.04434 89.736633 3.053082 28.483624 -9.669651 2.103556 -2.162188 -1.63487 0.0 0.0 1e-06 -0.912703 -8.570762 -13.320614 0.025098 0.088094 60.947842 1.040844 12.676584 -36.13839 -1.36082 0.909322 0.868968 0.0 0.0 -1e-06 
0.0 0.0 0.0 0.0 -0.0 0.0 5.736155 86.176788 174.575745 -3.122043 -15.931129 -8.853504 2.400538 0.861511 0.724208 0.535452 1.741746 -4.584074 3.887017 0.398735 16.626593 -3.443565 3.880694 -4.174228 0.169128 4.065905 -3.471576 -5.300923 5.944797 -17.763203 7.7e-05 -2.2e-05 7e-06 -0.01399 -0.100856 0.075344 0.662315 -3.866604 -10.415326 -0.703493 3.64715 -10.381955 5.114519 -6.129256 13.91317 -23.29763 -29.044331 -14.395101 178.021637 -70.163826 -178.020462 22.407118 3.188066 28.917799 -5.882108 9.861287 0.702589 -10.936878 -0.360577 7.156209 1e-06 8.774825 -3e-06 -16.211775 17.370411 5.832525 -1.844032 2.498505 -2.507278 -10.163606 4.678942 4.62111 -20.976038 -6e-06 5e-06 -21.226299 2.451694 -3.593997 -0.0 -7e-06 -0.0 -1.362681 2.240796 -0.746325 -21.334929 0.584908 3.008326 -13.821223 -6e-06 3e-06 -23.887188 -0.249078 -0.83948 -59.960312 2.253955 -1.36041 -0.294028 1.679688 0.833256 -14.218217 0.093212 1.300581 -34.212074 -0.28757 0.967175 -20.033226 0.964533 1.212848 -1e-06 -0.0 -0.0 -3.44039 0.788233 0.501657 -15.928198 -3.167314 2.999709 -6.33883 -3e-06 2e-06 -18.123457 3.64818 -4.90567 -5e-06 2e-06 -2e-06 -0.565067 19.566376 14.491961 33.631977 43.24564 -12.276884 -155.960602 84.855782 -156.653732 -20.743225 -15.655744 30.836031 2.243541 -5.255037 -3.180158 14.282895 -0.826595 6.952504 -2e-06 -12.690607 2e-06 16.445734 -17.311266 2.496268 1.665667 -1.955922 -2.878299 4.727801 -4.170589 4.993926 11.020528 3e-06 -0.0 12.109055 -3.735717 -2.866784 -0.0 -0.0 -0.0 1.291987 -1.92855 -1.498091 14.800131 0.567468 3.865609 14.242575 -1.341737 -6.660661 19.631969 0.143925 -0.648246 51.452347 -0.284372 -5.852514 0.35303 -1.511151 -0.031941 20.222795 3.68431 2.316631 18.787279 4e-06 -2e-06 10.751631 -0.479869 1.397906 -0.0 1e-06 -0.0 3.273808 0.305947 -0.58011 21.486816 11.830377 2.266135 8.162929 1e-06 -0.0 18.399084 -3.798985 -4.940576 3e-06 -1e-06 -2e-06 7.044051 6.286961 -20.110458 -0.020851 -0.021287 90.09819 3.361576 27.677561 -10.753057 2.054822 -2.207151 -1.423688 0.0 -1e-06 1e-06 -3.161549 -9.478527 -9.223177 0.101158 0.250879 58.350895 1.831775 12.089826 -37.147877 -1.376688 0.917432 0.726542 -0.0 0.0 -1e-06 
0.0 0.0 0.0 0.0 -0.0 0.0 5.198968 87.56176 177.689423 -1.822529 -12.558654 -9.443977 2.127394 1.05813 0.644066 0.353258 2.715748 -4.569771 2.359864 1.045732 15.904078 -3.818548 3.923467 -3.209154 -0.077511 3.17939 -3.459682 -3.357888 3.631286 -16.986387 7.7e-05 -2.3e-05 5e-06 0.010686 -0.046732 0.088112 0.683513 -3.78829 -10.43162 -0.675536 3.679412 -10.398133 3.265262 -5.307611 13.424237 -22.769569 -35.901344 -12.203209 173.572205 -78.988655 -173.619507 20.658424 3.671265 25.286631 -5.88211 9.861293 0.702588 -10.936881 -0.360577 7.156213 0.0 8.774832 -3e-06 -16.216137 17.735228 5.698307 -1.844034 2.498505 -2.507281 -10.163611 4.678947 4.621113 -20.976049 -6e-06 2e-06 -21.226309 2.451697 -3.594004 1e-06 -5e-06 -0.0 -1.362683 2.240801 -0.746324 -21.334934 0.584907 3.008325 -13.821226 -4e-06 2e-06 -23.887192 -0.24908 -0.839483 -59.701988 2.423512 -1.348668 -0.294024 1.679686 0.833257 -14.218221 0.093212 1.300581 -34.212078 -0.287566 0.967171 -20.033232 0.964537 1.212847 1e-06 2e-06 0.0 -3.440392 0.788234 0.501656 -15.928203 -3.167313 2.99971 -6.338833 1e-06 1e-06 -18.123466 3.648184 -4.905677 -4e-06 2e-06 -2e-06 -0.384467 21.339407 14.879441 29.642691 39.079643 -12.231687 -30.622295 85.201958 -31.596947 -15.779645 -18.699459 27.77038 2.243544 -5.255039 -3.180161 14.282898 -0.826598 6.952507 -0.0 -12.690609 0.0 15.950006 -17.138168 2.648509 1.665668 -1.955923 -2.878302 4.727802 -4.170591 4.993928 11.020534 1e-06 -3e-06 12.10906 -3.735719 -2.866788 1e-06 -0.0 1e-06 1.291987 -1.92855 -1.498091 14.800136 0.567466 3.86561 14.24258 -1.34174 -6.660665 19.631977 0.143925 -0.64825 50.484211 -0.324494 -5.792688 0.35303 -1.511151 -0.031941 20.222801 3.684307 2.316631 18.787287 2e-06 -1e-06 10.751636 -0.47987 1.397906 -2e-06 -1e-06 1e-06 3.273808 0.305946 -0.580111 21.486824 11.830377 2.266133 8.162931 0.0 -0.0 18.399094 -3.79899 -4.940581 4e-06 -1e-06 -1e-06 5.116528 3.371972 -23.800621 -0.058193 -0.080549 86.329407 1.995861 23.812531 -12.224163 1.943661 -2.230466 -1.70806 -0.0 1e-06 1e-06 -5.327402 -10.920974 -3.671106 0.149919 0.357494 53.308559 3.036958 11.207062 -36.3074 -1.404522 0.851564 0.099504 0.0 0.0 -1e-06 
0.0 0.0 0.0 0.0 -0.0 0.0 4.740819 89.32766 181.062439 -0.925415 -8.734786 -9.678521 1.863523 1.202407 0.357421 0.209977 3.667712 -4.666829 0.836441 1.699647 15.084085 -3.873575 3.902216 -2.206381 -0.33687 2.163042 -3.557275 -1.138646 0.836904 -15.449024 7.7e-05 -2.3e-05 6e-06 0.04022 0.023682 0.066919 0.700729 -3.682347 -10.41715 -0.634451 3.71969 -10.384343 0.224044 -4.523399 12.950946 -20.854424 -43.189785 -9.639042 82.818932 -88.583076 -82.465332 17.485785 5.209165 22.562897 -5.88211 9.86129 0.70259 -10.936877 -0.360576 7.15621 1e-06 8.774829 -2e-06 -16.398153 18.042349 5.556752 -1.844032 2.498504 -2.507279 -10.163604 4.678946 4.621113 -20.976032 -3e-06 5e-06 -21.226295 2.451699 -3.593999 1e-06 -5e-06 0.0 -1.362682 2.240799 -0.746324 -21.334923 0.584908 3.008327 -13.821219 -3e-06 4e-06 -23.887178 -0.249077 -0.839481 -59.837162 2.413692 -1.312491 -0.294026 1.679689 0.833257 -14.218214 0.093215 1.300583 -34.212063 -0.287563 0.967177 -20.033222 0.964538 1.212847 2e-06 0.0 -0.0 -3.440389 0.788233 0.501656 -15.928192 -3.167313 2.999712 -6.338829 -4e-06 2e-06 -18.123453 3.648185 -4.90567 -4e-06 1e-06 -2e-06 -0.03597 22.58009 15.47246 24.941845 33.859528 -9.044493 -11.772413 77.169983 -12.812182 -9.610368 -19.881859 23.775345 2.243542 -5.255037 -3.180159 14.282896 -0.826595 6.952506 -3e-06 -12.690605 1e-06 15.953437 -17.043629 2.894248 1.665666 -1.955922 -2.8783 4.7278 -4.170588 4.993925 11.020529 3e-06 -1e-06 12.109055 -3.735715 -2.866785 2e-06 -0.0 0.0 1.291986 -1.928549 -1.49809 14.800132 0.567469 3.865609 14.242577 -1.341735 -6.660661 19.631969 0.143928 -0.648244 50.328766 -0.340176 -5.864357 0.353029 -1.511151 -0.031939 20.222797 3.684311 2.316632 18.787279 4e-06 0.0 10.751631 -0.479868 1.397907 -1e-06 -0.0 0.0 3.273808 0.305947 -0.580111 21.486818 11.830378 2.266133 8.16293 2e-06 -1e-06 18.399088 -3.798984 -4.940576 2e-06 1e-06 -1e-06 3.61527 1.753204 -26.821747 -0.106004 -0.116505 79.158211 0.257559 19.659273 -12.863107 1.839146 -2.216158 -1.923737 1e-06 1e-06 2e-06 -7.007208 -12.544054 2.545027 0.123341 0.463748 46.842667 4.379754 9.82799 -33.220249 -1.404497 0.778222 -1.030828 0.0 0.0 -1e-06 
0.0 0.0 0.0 0.0 -0.0 0.0 4.367582 91.109833 184.664673 -0.268095 -4.838551 -9.551349 1.628093 1.29139 -0.046094 0.077589 4.481003 -4.885514 -0.758833 2.500069 14.35228 -3.547552 3.721242 -1.559147 -0.580082 1.1207 -3.65965 1.067833 -2.121762 -13.499835 7.7e-05 -2.3e-05 5e-06 0.072212 0.120958 0.044227 0.721228 -3.563999 -10.40766 -0.591986 3.801691 -10.375769 -3.447251 -3.839314 12.604826 -18.617428 -49.970406 -7.635714 7.484564 -79.785889 -6.584925 13.989966 7.265419 21.896858 -5.882118 9.861298 0.70259 -10.936889 -0.360574 7.156216 1e-06 8.774837 -1e-06 -16.490253 18.440023 5.629204 -1.844036 2.498507 -2.507281 -10.163616 4.678952 4.621115 -20.976057 -4e-06 -2e-06 -21.22632 2.451698 -3.594008 0.0 -5e-06 -1e-06 -1.362683 2.240801 -0.746326 -21.334948 0.584912 3.008324 -13.821237 -1e-06 -1e-06 -23.887209 -0.249082 -0.839488 -60.09557 2.370738 -1.197694 -0.294025 1.679689 0.833256 -14.218232 0.093215 1.30058 -34.212112 -0.287568 0.967166 -20.033247 0.964535 1.212844 1e-06 -0.0 1e-06 -3.440393 0.788234 0.501655 -15.928209 -3.167313 2.999709 -6.338836 -0.0 -0.0 -18.123476 3.648185 -4.905681 -3e-06 -0.0 -2e-06 -0.035158 23.312723 15.991899 21.174032 28.581432 -3.069264 -7.419721 71.445953 -8.18455 -4.334578 -19.097464 19.703701 2.243543 -5.255037 -3.180159 14.282898 -0.826595 6.952503 -2e-06 -12.690607 3e-06 16.348728 -16.965755 2.768034 1.665667 -1.955922 -2.8783 4.727801 -4.170588 4.993926 11.020531 4e-06 -2e-06 12.109058 -3.735715 -2.866784 0.0 0.0 0.0 1.291987 -1.92855 -1.49809 14.800136 0.567469 3.865607 14.24258 -1.341734 -6.660661 19.631979 0.143929 -0.648247 50.64114 -0.3194 -6.023086 0.353029 -1.511151 -0.03194 20.222803 3.684312 2.316628 18.787283 6e-06 -3e-06 10.751633 -0.479867 1.397906 -0.0 -0.0 -2e-06 3.273809 0.305948 -0.580111 21.486824 11.830378 2.266128 8.16293 3e-06 -2e-06 18.399092 -3.798984 -4.940577 2e-06 -1e-06 -2e-06 2.156999 1.44472 -28.96384 -0.029702 -0.039051 69.523201 -1.646009 15.579598 -12.795795 1.76545 -2.228739 -2.037487 -0.0 -0.0 3e-06 -8.306441 -14.136408 8.69389 0.05748 0.506786 40.29372 5.57725 7.886867 -27.788429 -1.391271 0.701875 -3.056345 0.0 0.0 -1e-06 
0.0 0.0 0.0 0.0 -0.0 0.0 4.15409 92.630424 188.435959 0.215078 -1.206805 -8.989619 1.436792 1.386789 -0.637261 -0.063806 5.028177 -5.150438 -2.375823 3.285321 13.752223 -2.82251 3.519763 -1.453985 -0.77654 0.091283 -3.724558 3.00243 -4.934265 -11.298954 7.7e-05 -2.3e-05 6e-06 0.074405 0.170227 0.028609 0.721546 -3.510947 -10.429084 -0.588902 3.851025 -10.381243 -6.546479 -3.390568 12.076732 -18.594646 -54.749996 -6.012725 3.323594 -74.169991 -1.786678 12.282612 8.607688 22.65221 -5.88211 9.861286 0.70259 -10.936875 -0.360574 7.156209 0.0 8.774826 -1e-06 -16.566385 18.57909 5.748529 -1.844033 2.498505 -2.50728 -10.163604 4.678945 4.621112 -20.976032 -3e-06 -0.0 -21.226295 2.451696 -3.594002 0.0 -5e-06 -0.0 -1.362682 2.240799 -0.746324 -21.334927 0.584912 3.008324 -13.821221 -1e-06 1e-06 -23.887182 -0.249078 -0.839486 -60.064877 2.372563 -0.90453 -0.294025 1.679688 0.833257 -14.218215 0.093217 1.300579 -34.212067 -0.287563 0.967168 -20.033226 0.964539 1.212842 2e-06 2e-06 1e-06 -3.440392 0.788234 0.501656 -15.928192 -3.167308 2.999708 -6.338829 0.0 1e-06 -18.123457 3.648183 -4.905674 -3e-06 0.0 -2e-06 -0.474124 23.630554 16.130486 19.426359 23.879564 3.458366 -5.542388 69.546219 -5.72488 -0.921484 -17.381159 16.349468 2.243541 -5.255036 -3.180158 14.282896 -0.826595 6.952507 -3e-06 -12.690605 3e-06 16.452145 -16.781574 2.43655 1.665667 -1.955921 -2.878299 4.727801 -4.170588 4.993926 11.020528 3e-06 0.0 12.109054 -3.735716 -2.866782 1e-06 0.0 -0.0 1.291986 -1.928549 -1.49809 14.800136 0.567469 3.865611 14.242577 -1.341734 -6.660657 19.631973 0.143926 -0.648244 50.228161 -0.42575 -6.228248 0.35303 -1.51115 -0.03194 20.222801 3.684311 2.316632 18.787279 3e-06 1e-06 10.751632 -0.479869 1.397908 1e-06 -0.0 1e-06 3.273808 0.305948 -0.58011 21.48682 11.830378 2.266132 8.16293 3e-06 -0.0 18.39909 -3.798987 -4.940575 3e-06 -0.0 -2e-06 0.345917 2.391969 -30.046795 0.154074 0.191982 58.104385 -3.841241 11.90175 -12.93969 1.677016 -2.167283 -1.929011 -0.0 -0.0 2e-06 -9.402421 -15.88705 13.361067 0.00303 0.538214 35.740578 5.677047 5.967489 -21.737602 -1.381544 0.633356 -6.352396 0.0 0.0 -1e-06 
0.0 0.0 0.0 0.0 -0.0 0.0 4.143473 93.712433 192.349548 0.494374 1.97084 -8.245163 1.305557 1.456758 -1.290731 -0.191417 5.306714 -5.455781 -3.724177 4.03344 13.26274 -2.0729 3.26548 -1.492914 -0.949254 -1.074857 -3.728218 4.61626 -7.392103 -9.400854 7.7e-05 -2.3e-05 6e-06 0.068525 0.181307 0.032945 0.708591 -3.51251 -10.450217 -0.588864 3.877689 -10.395676 -8.794396 -3.13618 11.345246 -20.955889 -57.468605 -4.080477 2.265231 -72.850433 -0.156831 12.452345 9.072143 23.565742 -5.882108 9.861284 0.70259 -10.936875 -0.360575 7.156207 1e-06 8.774826 -1e-06 -16.334764 18.629236 5.954874 -1.844033 2.498503 -2.507278 -10.163603 4.678944 4.621109 -20.97603 -5e-06 1e-06 -21.226294 2.451695 -3.594 -1e-06 -5e-06 0.0 -1.362682 2.240799 -0.746325 -21.334925 0.58491 3.008322 -13.821218 -3e-06 1e-06 -23.887182 -0.249081 -0.839484 -60.101982 2.483656 -0.801022 -0.294024 1.679688 0.833256 -14.218215 0.093214 1.30058 -34.212067 -0.287566 0.96717 -20.03322 0.964537 1.212844 0.0 0.0 0.0 -3.440389 0.788234 0.501656 -15.928192 -3.16731 2.999707 -6.338829 -1e-06 1e-06 -18.123453 3.648182 -4.905672 -4e-06 -0.0 -1e-06 -1.099973 23.674591 16.162933 18.993708 19.752384 8.77577 -5.764674 70.930397 -5.539279 -0.223024 -16.213093 15.237609 2.243543 -5.255036 -3.180159 14.2829 -0.826593 6.952507 -7e-06 -12.690605 3e-06 16.485399 -16.795805 2.249037 1.665668 -1.955922 -2.878299 4.727802 -4.170587 4.993926 11.020532 6e-06 -0.0 12.109056 -3.735714 -2.866784 2e-06 1e-06 -0.0 1.291986 -1.928548 -1.49809 14.800139 0.56747 3.865609 14.24258 -1.341731 -6.660658 19.631975 0.143928 -0.648243 49.913437 -0.59601 -6.337044 0.353029 -1.51115 -0.03194 20.222809 3.684315 2.31663 18.787289 8e-06 0.0 10.751637 -0.479867 1.397908 0.0 1e-06 2e-06 3.27381 0.305947 -0.580111 21.486832 11.830381 2.26613 8.162933 3e-06 -1e-06 18.399094 -3.798983 -4.940574 4e-06 -0.0 -2e-06 -1.822551 4.342069 -30.223988 0.307818 0.466179 46.685463 -6.720728 8.175316 -13.829573 1.59842 -2.126284 -1.999574 -0.0 -1e-06 2e-06 -10.591096 -18.064653 16.499493 -0.013001 0.482911 33.969856 5.316902 4.322855 -16.273407 -1.376475 0.626425 -9.397335 0.0 0.0 -1e-06 
0.0 0.0 0.0 0.0 -0.0 0.0 4.242718 94.215462 196.508926 0.435281 4.838289 -7.651326 1.152273 1.515748 -1.931876 -0.252661 5.345212 -5.742643 -4.647891 4.44501 12.86977 -1.050689 2.867174 -1.589967 -1.094852 -2.193157 -3.729917 5.841763 -9.289296 -7.598647 7.7e-05 -2.2e-05 5e-06 0.048062 0.145556 0.035046 0.672572 -3.554259 -10.438792 -0.59363 3.846591 -10.384178 -10.126065 -3.123969 10.788709 -24.229004 -58.61874 -2.359636 1.161134 -74.660645 1.254725 14.404752 8.761737 24.484818 -5.882109 9.861286 0.70259 -10.936877 -0.360575 7.156206 0.0 8.774827 -2e-06 -16.181114 18.610043 6.25966 -1.844034 2.498505 -2.507278 -10.163604 4.678946 4.621108 -20.976036 -5e-06 -0.0 -21.226295 2.451695 -3.594003 0.0 -6e-06 -1e-06 -1.362682 2.240798 -0.746324 -21.334921 0.584909 3.00832 -13.821218 -3e-06 0.0 -23.887178 -0.249083 -0.839486 -60.356701 2.4509 -0.684525 -0.294024 1.679688 0.833255 -14.218212 0.093215 1.300577 -34.212063 -0.287567 0.967167 -20.033218 0.964534 1.212843 1e-06 1e-06 0.0 -3.440388 0.788233 0.501655 -15.928189 -3.16731 2.999706 -6.338828 -1e-06 0.0 -18.123453 3.64818 -4.905674 -4e-06 1e-06 -2e-06 -1.160642 23.338013 16.283398 18.900303 15.910501 11.933334 -7.964045 74.439651 -7.349846 -1.899208 -15.476763 16.751486 2.243542 -5.255035 -3.180157 14.282894 -0.826594 6.952506 -4e-06 -12.690601 2e-06 16.804897 -16.87421 2.0964 1.665665 -1.955922 -2.8783 4.727801 -4.170588 4.993926 11.020529 4e-06 1e-06 12.109055 -3.735714 -2.866781 2e-06 1e-06 0.0 1.291985 -1.928548 -1.498089 14.800132 0.567469 3.865609 14.242573 -1.341734 -6.660655 19.631973 0.143926 -0.648242 49.79916 -0.734594 -6.464543 0.353029 -1.511151 -0.03194 20.222799 3.684311 2.316631 18.787279 7e-06 4e-06 10.751631 -0.479868 1.397906 0.0 -0.0 -0.0 3.273808 0.305948 -0.58011 21.486822 11.830376 2.266134 8.16293 1e-06 0.0 18.399084 -3.798984 -4.940571 3e-06 0.0 -1e-06 -3.938872 6.454672 -30.021574 0.339443 0.594974 38.04781 -9.006365 5.193339 -14.324707 1.50232 -2.157323 -2.677129 0.0 1e-06 3e-06 -12.131732 -20.917896 18.319065 0.002655 0.46269 35.436481 4.512578 3.223137 -11.777916 -1.367808 0.590775 -11.405754 0.0 0.0 -2e-06 
0.0 0.0 0.0 0.0 -0.0 0.0 4.448993 93.915222 200.801392 0.139257 7.339909 -7.537256 0.803734 1.593191 -2.458579 -0.258189 5.197863 -5.986802 -5.028776 4.396439 12.724425 0.317054 2.261207 -1.656222 -1.251831 -3.087038 -3.739938 6.71435 -10.704997 -6.110272 7.7e-05 -2.2e-05 6e-06 0.022119 0.102377 0.015714 0.630791 -3.593805 -10.434872 -0.601683 3.797368 -10.397467 -10.605415 -3.264234 10.627784 -26.124931 -59.159473 -1.608889 -0.698717 -77.551369 3.118671 16.736988 8.215999 25.228006 -5.882114 9.861292 0.702589 -10.936883 -0.360576 7.156216 1e-06 8.77483 -2e-06 -16.13188 18.585449 6.558218 -1.844033 2.498507 -2.507282 -10.163613 4.678947 4.621113 -20.976049 -3e-06 3e-06 -21.226311 2.451698 -3.594001 2e-06 -6e-06 0.0 -1.362684 2.2408 -0.746325 -21.334938 0.58491 3.008328 -13.821231 -3e-06 3e-06 -23.887201 -0.249079 -0.839483 -60.60907 2.414914 -0.566263 -0.294024 1.679688 0.833256 -14.218225 0.093215 1.300583 -34.212086 -0.287563 0.967174 -20.033236 0.964538 1.212846 2e-06 0.0 0.0 -3.440391 0.788233 0.501657 -15.928203 -3.167312 2.999712 -6.338833 -1e-06 2e-06 -18.123466 3.648184 -4.905675 -4e-06 -0.0 -3e-06 -0.321252 22.696815 16.693048 18.383385 12.265774 12.333145 -13.325532 78.988403 -12.580638 -5.866481 -14.954146 20.674362 2.243544 -5.255041 -3.180161 14.282909 -0.826597 6.952512 -3e-06 -12.690615 3e-06 17.337934 -16.982531 1.891912 1.665668 -1.955923 -2.878301 4.727805 -4.170592 4.99393 11.02054 5e-06 -0.0 12.109066 -3.735717 -2.866784 0.0 1e-06 0.0 1.291988 -1.928552 -1.49809 14.800148 0.567469 3.865614 14.242587 -1.341733 -6.660662 19.63199 0.143927 -0.648242 49.88343 -0.837283 -6.611076 0.35303 -1.51115 -0.03194 20.222816 3.684312 2.316636 18.787294 4e-06 2e-06 10.751639 -0.47987 1.397908 0.0 -0.0 -0.0 3.273811 0.305948 -0.580111 21.486837 11.830387 2.266137 8.162936 1e-06 -1e-06 18.399101 -3.798988 -4.940575 3e-06 -0.0 0.0 -5.320493 7.215645 -29.702208 0.399115 0.614513 34.592834 -8.726254 3.709404 -12.793644 1.496778 -2.213811 -3.000621 0.0 0.0 3e-06 -14.487793 -24.204517 18.917055 0.071846 0.492154 40.911606 3.637461 3.259044 -8.69438 -1.357231 0.567715 -11.934584 -0.0 0.0 -2e-06 
0.0 0.0 0.0 0.0 -0.0 0.0 4.736859 92.679268 205.012634 -0.149877 9.516134 -7.874105 0.170939 1.575239 -2.813798 -0.253021 4.924569 -6.126387 -5.067184 3.970757 12.74484 2.116527 1.444582 -1.719454 -1.453068 -3.646699 -3.692722 7.185618 -11.632902 -5.23602 7.7e-05 -2.3e-05 6e-06 -3.8e-05 0.050395 -0.005928 0.588495 -3.646442 -10.460684 -0.60125 3.745003 -10.445383 -10.294916 -3.364025 10.588162 -25.487423 -60.002762 -2.013881 -4.206929 -79.74086 6.292223 18.282112 8.271248 26.405029 -5.882113 9.861288 0.702587 -10.93688 -0.360575 7.156209 0.0 8.774826 -2e-06 -16.141531 18.455944 6.598406 -1.844035 2.498506 -2.507279 -10.163609 4.678946 4.621109 -20.976044 -3e-06 0.0 -21.226309 2.451695 -3.594005 1e-06 -6e-06 -0.0 -1.362685 2.240799 -0.746324 -21.33493 0.58491 3.00832 -13.821227 -3e-06 0.0 -23.887194 -0.249081 -0.839488 -60.655823 2.409531 -0.502506 -0.294024 1.679687 0.833255 -14.218218 0.093215 1.300578 -34.212078 -0.287564 0.967165 -20.03323 0.964535 1.212841 1e-06 2e-06 -1e-06 -3.440391 0.788234 0.501655 -15.928201 -3.16731 2.999705 -6.338832 0.0 -0.0 -18.123463 3.648181 -4.905678 -4e-06 1e-06 -1e-06 1.0028 22.04377 16.965778 17.509819 8.954405 10.62464 -26.472307 83.165459 -25.934673 -12.013918 -14.037105 25.755955 2.243542 -5.255037 -3.180161 14.282904 -0.826591 6.952507 -6e-06 -12.690607 -1e-06 17.776899 -17.235174 1.73964 1.665666 -1.955921 -2.878302 4.727802 -4.170588 4.993925 11.020535 6e-06 0.0 12.10906 -3.735713 -2.866782 1e-06 0.0 0.0 1.291986 -1.92855 -1.498091 14.800144 0.567472 3.865609 14.242584 -1.341731 -6.660661 19.631987 0.143931 -0.648242 50.098297 -0.839206 -6.751035 0.353029 -1.511151 -0.03194 20.222813 3.684316 2.316632 18.787294 1e-05 1e-06 10.751638 -0.479866 1.397909 -0.0 0.0 0.0 3.273809 0.305949 -0.580111 21.486834 11.830383 2.266133 8.162933 2e-06 -0.0 18.399099 -3.79898 -4.940576 3e-06 0.0 -2e-06 -5.789886 6.704432 -29.574804 0.386838 0.655388 36.35014 -4.22274 2.508459 -7.543719 1.639178 -2.244519 -2.510577 0.0 2e-06 1e-06 -17.939137 -27.47463 18.469164 0.185602 0.571328 50.10408 3.331174 4.491332 -6.45328 -1.327284 0.598215 -10.580486 0.0 1e-06 -3e-06 
0.0 0.0 0.0 0.0 -0.0 0.0 4.9832 90.440048 208.660507 -0.605399 11.257401 -8.785672 -0.147144 1.345832 -2.610394 -0.304544 4.54162 -6.032108 -5.011224 3.460059 12.661787 3.738061 0.808619 -1.772788 -1.456059 -4.227677 -3.621657 7.158024 -11.848902 -5.997072 7.7e-05 -2.3e-05 5e-06 -0.002079 0.040136 0.004012 0.622758 -3.654841 -10.511986 -0.641201 3.730638 -10.523523 -9.194804 -3.471065 10.623516 -22.697571 -61.494415 -4.177433 -10.833137 -80.506775 12.707425 18.778028 8.650591 26.86949 -5.882107 9.861287 0.702589 -10.936873 -0.360576 7.156208 2e-06 8.774828 -2e-06 -16.222248 18.210512 6.177929 -1.844033 2.498505 -2.507278 -10.163604 4.678946 4.621108 -20.976027 -5e-06 3e-06 -21.226292 2.451697 -3.594 1e-06 -6e-06 0.0 -1.362682 2.240798 -0.746323 -21.334917 0.584908 3.008324 -13.821215 -4e-06 2e-06 -23.887173 -0.249079 -0.839481 -60.303768 2.496755 -0.676138 -0.294026 1.679688 0.833257 -14.218209 0.093213 1.300581 -34.212048 -0.287566 0.967173 -20.033215 0.964536 1.212846 2e-06 1e-06 1e-06 -3.440387 0.788232 0.501656 -15.928189 -3.167312 2.999708 -6.338829 -1e-06 1e-06 -18.123453 3.648182 -4.905672 -4e-06 0.0 -2e-06 1.020693 21.694855 16.62215 17.4555 6.741577 7.427014 -52.545589 85.281128 -51.819874 -17.481058 -12.848722 29.419636 2.243541 -5.255038 -3.180159 14.282896 -0.826592 6.952506 -2e-06 -12.690606 -1e-06 17.663776 -17.465506 1.793481 1.665667 -1.955923 -2.878299 4.7278 -4.170588 4.993925 11.020529 5e-06 -1e-06 12.109056 -3.735715 -2.866786 0.0 -0.0 -0.0 1.291986 -1.928551 -1.498089 14.800136 0.56747 3.865608 14.242577 -1.341737 -6.660659 19.631973 0.143926 -0.648244 50.259476 -0.774675 -6.901782 0.353029 -1.511151 -0.031941 20.222801 3.684311 2.316631 18.787281 8e-06 2e-06 10.751633 -0.479868 1.397907 -0.0 -0.0 -1e-06 3.273808 0.305948 -0.580109 21.486824 11.830379 2.266137 8.16293 2e-06 0.0 18.39909 -3.798985 -4.940577 6e-06 0.0 -2e-06 -5.389812 5.429328 -30.812067 0.372337 0.713426 43.462906 3.83624 0.785961 -4.679673 1.659403 -2.146868 -0.309321 0.0 -0.0 2e-06 -21.48497 -29.474924 17.105639 0.355765 0.594417 61.490814 3.482526 6.507173 -3.639863 -1.226793 0.631266 -8.126422 0.0 0.0 -3e-06 
0.0 0.0 0.0 0.0 -0.0 0.0 5.120155 88.266144 211.880783 -0.433903 12.092899 -9.616269 -0.316168 1.350638 -2.145566 -0.424978 4.321382 -5.865324 -5.521097 3.210379 12.831544 5.084483 0.179149 -1.942602 -1.56 -4.392333 -3.505842 7.456349 -11.995998 -8.479256 7.7e-05 -2.2e-05 6e-06 -0.005324 0.039613 0.045842 0.688562 -3.670063 -10.508671 -0.714476 3.743862 -10.529674 -8.608068 -3.766578 11.091214 -16.825277 -63.2244 -7.67019 -9.98842 -80.713036 11.457254 18.73847 8.682571 26.737419 -5.88211 9.861291 0.702591 -10.936878 -0.360576 7.156211 1e-06 8.774829 -2e-06 -16.032619 18.188272 6.01708 -1.844034 2.498507 -2.507281 -10.163608 4.678946 4.621111 -20.97604 -3e-06 2e-06 -21.226301 2.451696 -3.594003 1e-06 -6e-06 -1e-06 -1.362683 2.2408 -0.746324 -21.334929 0.584909 3.008326 -13.821224 -4e-06 2e-06 -23.887188 -0.24908 -0.839483 -59.756363 2.628184 -1.003176 -0.294026 1.679689 0.833255 -14.21822 0.093214 1.300581 -34.212074 -0.287565 0.967171 -20.03323 0.964537 1.212844 0.0 0.0 -0.0 -3.440392 0.788234 0.501656 -15.928201 -3.167312 2.99971 -6.33883 -1e-06 1e-06 -18.123459 3.648183 -4.905673 -4e-06 0.0 -1e-06 -0.271873 21.388912 15.938796 18.271584 6.445302 3.104527 -69.550621 85.232643 -68.562485 -20.694807 -11.855623 31.340105 2.243544 -5.255039 -3.180161 14.282907 -0.826593 6.952509 -5e-06 -12.690614 -1e-06 17.001516 -17.886244 2.108039 1.665669 -1.955923 -2.878302 4.727804 -4.170588 4.993928 11.02054 4e-06 -1e-06 12.109066 -3.735716 -2.866784 -1e-06 0.0 0.0 1.291986 -1.928549 -1.498092 14.800148 0.56747 3.865613 14.242586 -1.341734 -6.660663 19.63199 0.143928 -0.648243 49.841946 -0.864179 -7.061405 0.353029 -1.511151 -0.031939 20.222815 3.684314 2.316633 18.787294 9e-06 2e-06 10.751637 -0.479868 1.397907 0.0 0.0 1e-06 3.27381 0.305948 -0.580112 21.486839 11.830386 2.266136 8.162937 4e-06 -0.0 18.399101 -3.798982 -4.940577 4e-06 1e-06 0.0 -5.33194 4.61671 -32.272877 0.585947 0.614865 52.179642 5.996172 0.824457 -10.918399 1.629275 -2.106434 0.669863 0.0 0.0 2e-06 -23.084877 -28.444838 13.829306 0.437601 0.435072 72.102539 3.294453 7.406024 -2.264127 -1.200743 0.739373 -4.959854 -0.0 -0.0 0.0 
0.0 0.0 0.0 0.0 -0.0 0.0 5.177836 86.849716 214.639908 0.283785 11.662532 -10.079712 -0.500428 1.434008 -1.777672 -0.565464 4.299398 -5.674306 -6.409179 3.163721 13.022707 5.954126 0.002536 -2.189003 -1.668988 -4.413039 -3.512072 7.921053 -11.863024 -10.02889 7.7e-05 -2.2e-05 5e-06 0.009123 0.084986 0.090671 0.737725 -3.628112 -10.494059 -0.736109 3.79234 -10.509749 -9.310259 -3.977759 11.812372 -9.827667 -63.821377 -11.624413 -8.442291 -80.378845 9.430362 17.259499 8.823561 28.24852 -5.882113 9.861293 0.702589 -10.936884 -0.360578 7.156218 2e-06 8.774833 -4e-06 -16.06266 18.19585 5.939718 -1.844033 2.498507 -2.507282 -10.163611 4.678946 4.621116 -20.976048 -5e-06 7e-06 -21.226311 2.451698 -3.594 1e-06 -5e-06 -0.0 -1.362683 2.2408 -0.746325 -21.334942 0.584906 3.008332 -13.821231 -4e-06 5e-06 -23.887201 -0.24908 -0.839479 -59.503269 2.574077 -1.002601 -0.294027 1.679689 0.833255 -14.218227 0.093213 1.300585 -34.212097 -0.287566 0.967179 -20.033241 0.964538 1.21285 1e-06 1e-06 0.0 -3.440395 0.788233 0.501656 -15.928206 -3.167316 2.999716 -6.338835 -1e-06 3e-06 -18.123466 3.648184 -4.905673 -4e-06 1e-06 -2e-06 -2.879759 21.645304 14.670007 20.707705 8.054008 -0.647134 -64.74456 84.422264 -63.503658 -22.714483 -11.146564 31.95698 2.243543 -5.255041 -3.180162 14.282907 -0.826593 6.952514 -4e-06 -12.690614 -1e-06 16.454033 -18.04582 2.280011 1.665667 -1.955923 -2.878303 4.727804 -4.170588 4.99393 11.020536 5e-06 1e-06 12.109062 -3.735717 -2.866786 -0.0 -0.0 -2e-06 1.291986 -1.92855 -1.498092 14.800144 0.567472 3.865617 14.242584 -1.341735 -6.660664 19.631987 0.143927 -0.648242 49.307388 -0.894739 -7.171041 0.353027 -1.511151 -0.031941 20.222815 3.684315 2.316638 18.787291 6e-06 5e-06 10.751642 -0.479867 1.397911 0.0 0.0 -0.0 3.273809 0.305947 -0.580111 21.486839 11.830385 2.266141 8.162937 3e-06 2e-06 18.399101 -3.798986 -4.940574 4e-06 1e-06 -0.0 -5.48934 5.265483 -32.277035 0.660759 0.625569 57.300663 6.717601 1.437314 -15.410471 1.614701 -2.055966 1.418743 -0.0 0.0 2e-06 -22.096153 -25.028996 8.169206 0.406175 0.163365 80.622597 1.896323 3.53569 -4.742626 -1.248731 0.79953 -3.589571 -0.0 0.0 -0.0 
0.0 0.0 0.0 0.0 -0.0 0.0 5.217434 86.232338 216.934464 0.83239 10.321231 -10.443221 -0.545736 1.312093 -1.414554 -0.644622 4.209264 -5.476375 -6.989605 3.203263 13.005643 6.091348 0.166609 -2.296226 -1.654128 -4.124962 -3.59806 8.275726 -11.334547 -10.508687 7.7e-05 -2.3e-05 5e-06 0.043573 0.162069 0.103191 0.77643 -3.559736 -10.532107 -0.707181 3.877201 -10.53346 -10.461514 -4.21347 12.394783 -6.038852 -63.156403 -13.122563 -6.448872 -80.135048 7.421273 13.74948 10.042177 31.008205 -5.88211 9.861288 0.702589 -10.93688 -0.360575 7.156211 1e-06 8.774827 -2e-06 -16.668909 18.337183 5.782551 -1.844033 2.498506 -2.507279 -10.163608 4.678945 4.621111 -20.976038 -2e-06 2e-06 -21.226301 2.451698 -3.594002 0.0 -6e-06 -0.0 -1.362682 2.240799 -0.746324 -21.334929 0.58491 3.008325 -13.821224 -2e-06 2e-06 -23.887188 -0.249079 -0.839483 -60.106022 2.445722 -0.840468 -0.294024 1.679688 0.833257 -14.218219 0.093215 1.300581 -34.212074 -0.287563 0.967171 -20.03323 0.964538 1.212844 2e-06 0.0 0.0 -3.44039 0.788233 0.501656 -15.928198 -3.167311 2.999709 -6.33883 -1e-06 1e-06 -18.123459 3.648184 -4.905674 -4e-06 0.0 -2e-06 -6.858204 22.281132 12.730141 24.197905 10.897781 -2.513193 -51.644405 83.424393 -50.25444 -23.00946 -11.089097 31.329494 2.243542 -5.255039 -3.180161 14.282904 -0.826593 6.952513 -4e-06 -12.690612 1e-06 16.329145 -17.949978 2.145656 1.665667 -1.955923 -2.878302 4.727803 -4.170588 4.99393 11.020535 4e-06 -1e-06 12.10906 -3.735716 -2.866787 0.0 -0.0 -1e-06 1.291986 -1.928551 -1.498091 14.800144 0.567469 3.865614 14.242584 -1.341733 -6.660663 19.631987 0.143928 -0.648243 48.915737 -0.830826 -7.244113 0.353029 -1.511152 -0.03194 20.222813 3.684315 2.316636 18.787289 5e-06 3e-06 10.751639 -0.479867 1.397909 -1e-06 1e-06 0.0 3.27381 0.305948 -0.580111 21.486834 11.830385 2.266139 8.162935 2e-06 1e-06 18.399096 -3.798988 -4.940577 2e-06 -1e-06 -0.0 -5.275219 6.594961 -31.274681 0.678336 0.610599 59.828754 6.47429 2.149095 -18.601564 1.604312 -2.049027 2.089285 -0.0 -0.0 2e-06 -19.844893 -20.949512 1.652174 0.270807 -0.101861 85.893173 -0.155476 -3.537133 -8.430724 -1.337488 0.813267 -3.162355 -0.0 0.0 -0.0 
0.0 0.0 0.0 0.0 -0.0 0.0 5.150901 86.598991 219.054657 0.97316 8.937706 -10.775919 -0.559125 1.014723 -1.200067 -0.609151 4.050244 -5.331727 -7.166662 3.102956 12.973443 6.04663 0.330552 -2.234323 -1.570567 -3.64586 -3.678168 8.305267 -10.60531 -10.219077 7.7e-05 -2.3e-05 5e-06 0.049182 0.175338 0.095354 0.773338 -3.552135 -10.536006 -0.692627 3.895996 -10.533707 -11.518715 -4.564756 12.951091 -6.942623 -61.937599 -12.165627 -6.956226 -80.938438 7.998364 10.652452 10.804329 32.292061 -5.882106 9.861284 0.702589 -10.936873 -0.360576 7.156206 0.0 8.774822 -3e-06 -17.192764 18.515039 5.707196 -1.844032 2.498506 -2.507278 -10.1636 4.678945 4.621108 -20.976027 -4e-06 2e-06 -21.226288 2.451696 -3.594001 1e-06 -6e-06 -0.0 -1.362681 2.240798 -0.746324 -21.334917 0.584909 3.008323 -13.821215 -4e-06 2e-06 -23.887175 -0.24908 -0.839483 -60.865681 2.271722 -0.784607 -0.294023 1.679686 0.833255 -14.21821 0.093214 1.30058 -34.212059 -0.287565 0.967169 -20.033216 0.964536 1.212843 2e-06 1e-06 0.0 -3.440388 0.788234 0.501656 -15.928187 -3.167309 2.999708 -6.338827 -1e-06 1e-06 -18.123449 3.648181 -4.905672 -4e-06 0.0 -2e-06 -9.579118 22.60775 11.249159 26.692638 13.441579 -2.981501 -44.78447 83.002098 -43.416016 -22.232157 -10.954236 30.841436 2.243541 -5.255038 -3.180158 14.282896 -0.826593 6.952507 -4e-06 -12.690606 0.0 16.354567 -17.869986 1.958783 1.665666 -1.955921 -2.878299 4.727799 -4.170588 4.993925 11.020528 4e-06 -0.0 12.109055 -3.735715 -2.866783 -0.0 -0.0 0.0 1.291985 -1.928549 -1.498089 14.800132 0.567471 3.865611 14.242573 -1.341735 -6.660656 19.631969 0.143926 -0.648241 48.6992 -0.795003 -7.258876 0.353028 -1.511153 -0.03194 20.222797 3.684313 2.316633 18.787279 5e-06 2e-06 10.751632 -0.479869 1.397909 1e-06 1e-06 0.0 3.273808 0.305947 -0.580111 21.486824 11.830379 2.266135 8.16293 2e-06 1e-06 18.399088 -3.798985 -4.940573 2e-06 0.0 -1e-06 -4.535665 7.746253 -29.104731 0.657207 0.555997 59.778088 5.498246 2.636396 -20.288618 1.595594 -2.059534 2.55186 0.0 -0.0 2e-06 -17.746134 -18.041794 -3.992974 0.221725 -0.168272 86.524536 -1.485882 -8.30061 -10.519693 -1.37561 0.78465 -3.227696 0.0 -1e-06 -2e-06 
0.0 0.0 0.0 0.0 -0.0 0.0 4.931763 88.096031 220.918793 0.916103 7.782105 -10.936957 -0.707539 0.769059 -1.21299 -0.53474 3.831851 -5.301075 -7.008288 2.785588 13.043665 6.140961 0.368732 -1.948228 -1.48029 -3.121773 -3.744588 7.822527 -9.687574 -9.372624 7.7e-05 -2.2e-05 4e-06 0.0192 0.110075 0.085245 0.744606 -3.610901 -10.506244 -0.722344 3.823447 -10.511795 -12.153871 -5.058048 13.444644 -12.032015 -60.154011 -9.680659 -12.343349 -82.69014 13.199478 9.145429 10.065376 31.385378 -5.882108 9.861288 0.70259 -10.936877 -0.360576 7.15621 0.0 8.774828 -2e-06 -16.99596 18.523003 5.884244 -1.844033 2.498506 -2.507278 -10.163604 4.678947 4.621112 -20.976034 -2e-06 4e-06 -21.226297 2.451699 -3.594 0.0 -6e-06 -0.0 -1.362684 2.240801 -0.746323 -21.334927 0.58491 3.008328 -13.821221 -1e-06 3e-06 -23.887184 -0.249076 -0.839481 -60.947952 2.109486 -0.854412 -0.294025 1.679688 0.833256 -14.218215 0.093215 1.300582 -34.212067 -0.28756 0.967174 -20.033222 0.964539 1.212845 1e-06 0.0 1e-06 -3.44039 0.788233 0.501656 -15.928198 -3.16731 2.999711 -6.33883 -2e-06 2e-06 -18.123457 3.648183 -4.905671 -4e-06 -0.0 -2e-06 -9.565455 22.194614 10.854482 27.813753 15.419662 -2.957744 -46.729137 83.627296 -45.776699 -21.530571 -10.442831 31.775185 2.243543 -5.255037 -3.18016 14.282901 -0.826593 6.952507 -4e-06 -12.690607 1e-06 16.262175 -17.901798 1.98012 1.665666 -1.955921 -2.878301 4.7278 -4.170588 4.993927 11.020534 4e-06 1e-06 12.109058 -3.735714 -2.866784 -0.0 -0.0 -0.0 1.291987 -1.92855 -1.49809 14.80014 0.567471 3.86561 14.242581 -1.341735 -6.660661 19.631981 0.143927 -0.648244 48.6539 -0.808497 -7.162271 0.35303 -1.511149 -0.031941 20.222803 3.684314 2.316632 18.787287 6e-06 2e-06 10.751634 -0.479867 1.397908 1e-06 1e-06 1e-06 3.273808 0.305947 -0.58011 21.486828 11.83038 2.266133 8.162934 1e-06 0.0 18.399096 -3.798983 -4.940576 3e-06 -1e-06 -2e-06 -3.550843 8.658302 -25.753925 0.580626 0.500034 56.640785 4.145758 2.663267 -20.374533 1.594092 -2.035553 2.678733 -0.0 -0.0 2e-06 -16.155613 -16.67902 -7.919835 0.289429 -0.115415 82.524803 -1.198922 -8.235889 -11.407501 -1.370891 0.752349 -3.432408 0.0 -1e-06 -3e-06 
0.0 0.0 0.0 0.0 -0.0 0.0 4.6077 90.436394 222.654373 0.758291 6.602756 -10.865793 -0.992629 0.530845 -1.373814 -0.47664 3.533382 -5.378988 -6.400954 2.325826 13.01981 6.243645 0.406471 -1.373341 -1.373745 -2.557396 -3.780884 6.825056 -8.430424 -8.251813 7.7e-05 -2.2e-05 5e-06 -0.003607 0.049876 0.07938 0.72878 -3.660886 -10.486687 -0.749876 3.75092 -10.498759 -12.113645 -5.651893 13.93013 -19.753059 -57.429535 -6.202217 -20.750414 -84.328568 21.344545 8.379731 9.431444 29.738722 -5.882109 9.861286 0.702589 -10.936877 -0.360576 7.15621 1e-06 8.774828 -2e-06 -16.562941 18.369442 6.067846 -1.844033 2.498505 -2.507279 -10.163604 4.678945 4.621111 -20.976032 -4e-06 4e-06 -21.226295 2.451696 -3.594 1e-06 -7e-06 -0.0 -1.362682 2.240797 -0.746324 -21.334923 0.584908 3.008327 -13.821219 -3e-06 4e-06 -23.887178 -0.249077 -0.839481 -60.679516 2.045486 -0.91706 -0.294025 1.679687 0.833255 -14.218213 0.093214 1.300582 -34.212059 -0.287564 0.967175 -20.033224 0.964537 1.212847 2e-06 -0.0 1e-06 -3.440389 0.788234 0.501656 -15.928192 -3.167312 2.99971 -6.338829 -1e-06 2e-06 -18.123453 3.648183 -4.90567 -5e-06 0.0 -2e-06 -7.755929 21.164211 11.179495 28.689615 17.331135 -2.554377 -55.400166 84.8731 -54.797321 -20.64694 -10.401265 33.172783 2.243543 -5.255037 -3.18016 14.282896 -0.826594 6.952507 -3e-06 -12.690607 -0.0 15.958481 -17.911726 2.172552 1.665666 -1.955921 -2.8783 4.727799 -4.170587 4.993926 11.020529 5e-06 -1e-06 12.109056 -3.735717 -2.866786 0.0 0.0 -1e-06 1.291985 -1.92855 -1.49809 14.800136 0.567469 3.865609 14.242579 -1.341735 -6.660662 19.631975 0.143928 -0.648245 48.553577 -0.825918 -7.017875 0.353029 -1.511151 -0.03194 20.222801 3.684313 2.316631 18.787283 6e-06 -0.0 10.751634 -0.479867 1.397907 0.0 0.0 0.0 3.273808 0.305947 -0.580111 21.486824 11.830378 2.266135 8.16293 3e-06 1e-06 18.399086 -3.798985 -4.940576 3e-06 0.0 -1e-06 -2.428645 9.568239 -21.43227 0.468715 0.441441 50.818596 2.807781 2.312924 -18.928806 1.60457 -1.982176 2.451373 -0.0 -0.0 2e-06 -14.747 -16.309158 -9.969016 0.361413 -0.04142 74.631874 0.781017 -5.688719 -12.068363 -1.362972 0.723959 -3.464231 0.0 0.0 -4e-06 
0.0 0.0 0.0 0.0 -0.0 0.0 4.194885 93.150482 224.281784 0.397354 5.227685 -10.491798 -1.308203 0.323064 -1.674699 -0.444415 3.147281 -5.55089 -5.295263 1.700156 12.785271 6.233377 0.474365 -0.703693 -1.222265 -1.910211 -3.783168 5.490129 -6.889052 -6.96461 7.7e-05 -2.2e-05 6e-06 -0.009958 0.031015 0.086545 0.732831 -3.676112 -10.491275 -0.763908 3.726631 -10.509683 -11.240632 -6.332856 14.378119 -28.582441 -53.668968 -2.568768 -26.315868 -85.523636 26.658003 8.554818 10.204017 28.524527 -5.882108 9.861288 0.70259 -10.936875 -0.360575 7.156207 0.0 8.77483 -1e-06 -16.378998 18.204216 6.138305 -1.844034 2.498503 -2.507279 -10.163602 4.678946 4.621109 -20.976028 -5e-06 1e-06 -21.226292 2.451696 -3.594001 -0.0 -6e-06 0.0 -1.362682 2.240798 -0.746325 -21.334917 0.584908 3.008323 -13.821217 -5e-06 2e-06 -23.887175 -0.249079 -0.839483 -60.611366 2.029985 -0.913869 -0.294025 1.679687 0.833256 -14.218213 0.093214 1.300581 -34.212059 -0.287564 0.967172 -20.033222 0.964536 1.212844 1e-06 0.0 0.0 -3.440387 0.788234 0.501655 -15.928189 -3.167311 2.999709 -6.338828 -1e-06 1e-06 -18.123451 3.648185 -4.905673 -4e-06 -0.0 -2e-06 -5.063621 19.822966 12.050113 29.861856 19.325321 -1.583867 -73.175652 86.06871 -72.67778 -19.321749 -11.541345 34.740387 2.243543 -5.25504 -3.180161 14.282903 -0.826593 6.952509 -5e-06 -12.69061 0.0 15.551193 -17.804449 2.404295 1.665667 -1.955921 -2.878301 4.727801 -4.170588 4.993927 11.020535 4e-06 -1e-06 12.109059 -3.735715 -2.866786 -1e-06 -0.0 -0.0 1.291986 -1.92855 -1.498091 14.80014 0.56747 3.86561 14.242584 -1.341734 -6.660663 19.631983 0.143929 -0.648244 48.359848 -0.790051 -6.933166 0.35303 -1.51115 -0.031941 20.222811 3.684317 2.316632 18.787289 8e-06 1e-06 10.751637 -0.479868 1.397908 1e-06 -0.0 1e-06 3.27381 0.305947 -0.580112 21.486834 11.830386 2.266135 8.162935 3e-06 0.0 18.399096 -3.798983 -4.940576 3e-06 0.0 -1e-06 -1.084755 10.653929 -16.627275 0.347296 0.377671 43.08926 1.672682 1.739441 -16.328449 1.629147 -1.929145 1.932838 0.0 -0.0 2e-06 -13.104784 -16.193808 -10.077218 0.421354 0.075797 63.061684 3.704047 -2.746393 -12.084715 -1.381477 0.719185 -3.317861 -0.0 1e-06 -1e-06 
0.0 0.0 0.0 0.0 -0.0 0.0 3.589406 95.71563 225.711349 -0.251901 3.758156 -9.73981 -1.545156 0.209981 -2.173674 -0.451183 2.651165 -5.763386 -3.836433 0.94927 12.391882 6.198734 0.434684 -0.200169 -1.036756 -1.203501 -3.780546 4.159239 -5.302439 -5.728142 7.7e-05 -2.2e-05 6e-06 -0.011291 0.039917 0.114723 0.744991 -3.674721 -10.51039 -0.775868 3.743101 -10.531211 -9.72085 -7.126822 14.697699 -36.567501 -49.389149 0.358125 -26.197426 -86.679047 26.41713 9.844659 12.058496 27.884659 -5.882106 9.861288 0.702592 -10.936875 -0.360577 7.156209 0.0 8.774828 -1e-06 -16.392563 18.069878 6.169152 -1.844033 2.498505 -2.507278 -10.163602 4.678945 4.621112 -20.976028 -4e-06 7e-06 -21.22629 2.451699 -3.593998 -0.0 -5e-06 -1e-06 -1.362681 2.240798 -0.746324 -21.334917 0.584909 3.008328 -13.821217 -4e-06 4e-06 -23.887177 -0.249077 -0.839479 -60.742165 2.09516 -0.873616 -0.294023 1.679688 0.833255 -14.218212 0.093214 1.300582 -34.212051 -0.287563 0.967177 -20.033218 0.964539 1.212847 0.0 2e-06 0.0 -3.440388 0.788234 0.501654 -15.928192 -3.167312 2.999711 -6.338829 -2e-06 3e-06 -18.123453 3.648182 -4.905668 -3e-06 -0.0 -2e-06 -2.332726 18.433578 13.189212 31.574514 21.093412 0.113708 -106.022461 86.521935 -105.320587 -17.291283 -13.966439 36.666878 2.243544 -5.255041 -3.180161 14.282903 -0.826595 6.952511 -3e-06 -12.690612 1e-06 15.341378 -17.517008 2.548267 1.665667 -1.955923 -2.878302 4.727802 -4.170588 4.993929 11.020535 2e-06 -1e-06 12.109059 -3.735717 -2.866787 -0.0 -0.0 -1e-06 1.291987 -1.928552 -1.498091 14.800142 0.567469 3.865611 14.242585 -1.341735 -6.660666 19.631985 0.143927 -0.648245 48.231705 -0.699714 -6.75222 0.353029 -1.51115 -0.03194 20.222805 3.684312 2.316633 18.787289 6e-06 0.0 10.751635 -0.479869 1.397908 1e-06 -0.0 0.0 3.273809 0.305948 -0.580111 21.486832 11.830383 2.266135 8.162932 1e-06 0.0 18.399096 -3.798985 -4.940577 3e-06 1e-06 -1e-06 0.537852 11.766592 -12.177003 0.232365 0.29257 34.809734 0.667111 1.175491 -12.917697 1.654097 -1.894691 1.254268 0.0 -0.0 2e-06 -11.036132 -15.554303 -8.595803 0.439097 0.211025 48.883659 6.383097 -1.004042 -11.154838 -1.434481 0.78252 -3.089948 0.0 0.0 -1e-06 
0.0 0.0 0.0 0.0 -0.0 0.0 2.785826 97.692307 227.106903 -0.96451 2.669578 -8.636497 -1.675247 0.157491 -2.845744 -0.506659 2.065231 -5.996541 -2.524996 0.22043 12.00311 6.312331 0.345376 0.048023 -0.829935 -0.693977 -3.780343 3.066708 -3.962225 -4.670012 7.7e-05 -2.2e-05 6e-06 -0.011869 0.048955 0.1341 0.767024 -3.683214 -10.55934 -0.796616 3.772255 -10.583385 -8.172258 -7.88577 15.036695 -41.536411 -45.773232 2.366642 -32.065289 -88.054085 32.343338 11.527678 13.965953 26.583683 -5.882111 9.861292 0.70259 -10.936881 -0.360575 7.156213 1e-06 8.77483 -0.0 -16.309649 17.882608 6.171957 -1.844033 2.498507 -2.507282 -10.16361 4.678947 4.621115 -20.97604 -2e-06 5e-06 -21.226305 2.4517 -3.594002 1e-06 -7e-06 0.0 -1.362683 2.240798 -0.746324 -21.33493 0.58491 3.008328 -13.821225 -3e-06 4e-06 -23.887192 -0.249079 -0.839482 -60.707779 2.304416 -0.825594 -0.294025 1.679688 0.833257 -14.218221 0.093215 1.300583 -34.212078 -0.287561 0.967174 -20.03323 0.964539 1.212845 2e-06 -0.0 -0.0 -3.440391 0.788234 0.501655 -15.928201 -3.167312 2.999711 -6.338832 -2e-06 3e-06 -18.123463 3.648184 -4.905674 -3e-06 -0.0 -2e-06 0.051653 17.146513 14.219649 33.791077 21.818041 2.177139 -148.651443 84.659843 -147.455185 -14.421523 -16.752657 38.670933 2.243541 -5.255038 -3.180159 14.282896 -0.826594 6.952507 -3e-06 -12.690609 0.0 15.374356 -17.241907 2.621428 1.665667 -1.955923 -2.8783 4.7278 -4.170588 4.993926 11.02053 3e-06 -1e-06 12.109055 -3.735717 -2.866785 1e-06 -0.0 -1e-06 1.291985 -1.928549 -1.49809 14.800134 0.567468 3.86561 14.242577 -1.341736 -6.66066 19.631973 0.143925 -0.648244 48.338982 -0.661749 -6.579329 0.353029 -1.511151 -0.03194 20.222801 3.684313 2.316633 18.787283 6e-06 1e-06 10.751633 -0.479869 1.397907 -0.0 -0.0 -0.0 3.273808 0.305947 -0.580111 21.486824 11.83038 2.266138 8.16293 2e-06 1e-06 18.399088 -3.798987 -4.940575 4e-06 -0.0 -2e-06 2.103705 12.44184 -8.616967 0.14753 0.208705 27.334005 -0.260548 0.966982 -9.696164 1.669944 -1.891867 0.576473 0.0 -0.0 2e-06 -8.849549 -13.956521 -6.100172 0.337446 0.309948 33.964912 7.13813 -1.690408 -9.383833 -1.469095 0.872391 -2.691985 0.0 0.0 -1e-06 
0.0 0.0 0.0 0.0 -0.0 0.0 1.902323 98.827225 228.423355 -1.341074 2.181479 -7.337467 -1.818148 0.244619 -3.538291 -0.60119 1.499396 -6.223397 -1.65375 -0.428774 11.698869 6.520668 0.298046 -0.04468 -0.598743 -0.379452 -3.795789 2.194357 -3.156484 -3.615241 7.7e-05 -2.2e-05 7e-06 -0.009008 0.059809 0.108926 0.781821 -3.6877 -10.639688 -0.804613 3.800562 -10.662879 -7.156703 -8.262759 15.335474 -42.785362 -43.765648 3.96959 -92.663788 -88.694489 92.967072 12.359264 15.833959 23.88257 -5.88211 9.86129 0.70259 -10.936877 -0.360573 7.156208 0.0 8.774828 0.0 -16.307394 17.802296 6.078944 -1.844034 2.498505 -2.507279 -10.163604 4.678947 4.621112 -20.976032 -3e-06 1e-06 -21.226297 2.451696 -3.594002 1e-06 -6e-06 -1e-06 -1.362683 2.240798 -0.746324 -21.334925 0.584912 3.008326 -13.821219 -3e-06 1e-06 -23.887178 -0.249078 -0.839483 -60.809174 2.494447 -0.699713 -0.294025 1.679686 0.833256 -14.218214 0.093217 1.300582 -34.212063 -0.287562 0.967168 -20.033222 0.964539 1.212842 2e-06 0.0 0.0 -3.440389 0.788235 0.501655 -15.928192 -3.167309 2.999708 -6.33883 -3e-06 1e-06 -18.123457 3.648182 -4.905674 -4e-06 1e-06 -1e-06 2.405496 16.04035 15.088078 35.570198 20.988312 3.165463 -170.492538 79.063911 -168.663376 -10.836479 -18.541538 39.486591 2.243543 -5.255037 -3.18016 14.282896 -0.826594 6.952505 -4e-06 -12.690609 1e-06 15.603753 -17.156836 2.68138 1.665667 -1.955923 -2.878301 4.727799 -4.170588 4.993926 11.02053 3e-06 -3e-06 12.109056 -3.735716 -2.866786 0.0 0.0 -1e-06 1.291986 -1.92855 -1.49809 14.800132 0.567468 3.865608 14.242577 -1.341734 -6.660663 19.631975 0.143928 -0.648247 48.869793 -0.733551 -6.579942 0.353029 -1.51115 -0.03194 20.222799 3.684313 2.316629 18.787279 6e-06 -1e-06 10.751629 -0.479868 1.397906 0.0 -1e-06 -1e-06 3.273808 0.305947 -0.580111 21.48682 11.830378 2.26613 8.16293 2e-06 -1e-06 18.399088 -3.798983 -4.940577 3e-06 -1e-06 -1e-06 3.11915 12.711155 -6.353841 0.088082 0.095529 21.756464 -1.182128 1.074991 -7.712296 1.666498 -1.928909 0.168822 0.0 -0.0 2e-06 -7.298223 -12.372022 -3.614835 0.122545 0.298933 21.901409 5.757066 -3.484793 -6.365458 -1.481806 0.867766 -2.132693 -0.0 -0.0 -1e-06 
0.0 0.0 0.0 0.0 -0.0 0.0 1.108932 99.121109 229.295563 -1.372066 2.00754 -6.162984 -1.829485 0.26559 -3.97736 -0.717111 1.083202 -6.331775 -1.183688 -0.848308 11.513414 6.439296 0.358786 -0.279545 -0.53491 -0.163056 -3.783003 1.431224 -2.946096 -2.892321 7.7e-05 -2.2e-05 6e-06 -0.010878 0.039598 0.073185 0.733024 -3.702718 -10.641683 -0.759957 3.775674 -10.666363 -7.85072 -7.781438 15.294812 -39.43272 -43.170895 5.727954 -147.323547 -87.262764 147.415405 10.858551 18.220497 19.774563 -5.882113 9.861292 0.70259 -10.936882 -0.360574 7.156211 -1e-06 8.774828 -1e-06 -16.399036 18.055378 5.911054 -1.844035 2.498507 -2.50728 -10.16361 4.678948 4.621113 -20.97604 -0.0 1e-06 -21.226307 2.4517 -3.594004 2e-06 -5e-06 0.0 -1.362682 2.2408 -0.746324 -21.334932 0.584911 3.008326 -13.821223 -1e-06 2e-06 -23.88719 -0.249077 -0.839485 -60.857143 2.577698 -0.700648 -0.294025 1.679688 0.833256 -14.218223 0.093216 1.300581 -34.212082 -0.287563 0.967168 -20.033232 0.964536 1.212842 1e-06 1e-06 -0.0 -3.440392 0.788233 0.501656 -15.928201 -3.167309 2.999709 -6.338831 -1e-06 2e-06 -18.123463 3.648184 -4.905675 -5e-06 0.0 -2e-06 5.562153 15.131079 15.749553 35.75914 19.017523 2.449845 -177.481827 70.236382 -175.544006 -7.152358 -18.435112 38.609383 2.243541 -5.255037 -3.180158 14.282895 -0.826593 6.952504 -4e-06 -12.690605 -0.0 16.157721 -17.324343 2.656903 1.665666 -1.955921 -2.878299 4.727799 -4.170588 4.993924 11.020528 4e-06 -1e-06 12.109055 -3.735717 -2.866784 1e-06 0.0 0.0 1.291986 -1.928552 -1.498089 14.800134 0.56747 3.865608 14.242576 -1.341735 -6.660657 19.631969 0.143926 -0.648243 50.026756 -0.870663 -6.546512 0.353029 -1.511151 -0.03194 20.222797 3.684312 2.316631 18.787279 9e-06 1e-06 10.751629 -0.479869 1.397907 -1e-06 1e-06 -0.0 3.273808 0.305947 -0.580111 21.48682 11.830376 2.266135 8.16293 1e-06 0.0 18.399088 -3.798983 -4.940573 1e-06 -0.0 -1e-06 3.642329 13.211296 -6.141468 0.052998 0.088227 19.934217 -2.411695 0.34476 -7.39716 1.641079 -1.995292 0.293877 0.0 0.0 2e-06 -6.564394 -12.543014 -2.047597 0.040461 0.180384 16.17589 4.874574 -3.473004 -4.148607 -1.465786 0.88579 -1.142595 -0.0 -0.0 -1e-06 
0.0 0.0 0.0 0.0 -0.0 0.0 0.243106 99.10878 229.930908 -1.843949 2.360702 -5.166819 -1.320198 0.143691 -4.136235 -0.695184 0.786914 -6.425441 -0.670609 -1.042472 11.855991 5.791511 0.561371 -0.989527 -0.583187 -0.103304 -3.620822 0.832628 -2.820702 -3.366853 7.7e-05 -2.2e-05 6e-06 -0.012206 0.008381 0.031044 0.731022 -3.736619 -10.617973 -0.760675 3.74841 -10.643891 -10.878275 -7.041483 15.380581 -32.417732 -43.195122 5.83381 -167.183395 -84.377853 166.978699 8.639197 19.314384 16.381842 -5.882114 9.861295 0.70259 -10.936883 -0.360575 7.156215 -0.0 8.774833 0.0 -16.515236 18.205982 5.74199 -1.844035 2.498508 -2.507282 -10.163611 4.678951 4.621115 -20.976046 -2e-06 2e-06 -21.226311 2.451702 -3.594005 1e-06 -6e-06 -1e-06 -1.362683 2.240802 -0.746325 -21.334938 0.584914 3.008325 -13.821228 0.0 1e-06 -23.887199 -0.249078 -0.839486 -60.901531 2.603084 -0.836457 -0.294025 1.679689 0.833256 -14.218224 0.093218 1.300582 -34.212086 -0.287562 0.96717 -20.033236 0.964537 1.212846 1e-06 -0.0 1e-06 -3.440393 0.788235 0.501658 -15.928206 -3.167311 2.999713 -6.338833 1e-06 1e-06 -18.12347 3.648185 -4.905676 -5e-06 0.0 -1e-06 9.296906 14.416471 16.042608 34.874527 16.668242 0.194084 -178.676987 60.600418 -177.217911 -5.698186 -15.596655 35.430695 2.243544 -5.25504 -3.18016 14.282896 -0.826597 6.952507 -1e-06 -12.690609 2e-06 16.675797 -17.860945 2.684669 1.665667 -1.955919 -2.878302 4.727802 -4.17059 4.993927 11.020532 1e-06 -2e-06 12.109058 -3.73572 -2.866787 -1e-06 0.0 1e-06 1.291987 -1.928552 -1.49809 14.800138 0.567466 3.865609 14.242582 -1.341738 -6.660664 19.631979 0.143924 -0.648248 51.285973 -0.948419 -6.457958 0.35303 -1.511149 -0.03194 20.222803 3.684309 2.316629 18.787285 4e-06 -2e-06 10.751633 -0.479869 1.397905 0.0 1e-06 -0.0 3.273808 0.305946 -0.580111 21.486824 11.830379 2.266131 8.162931 1e-06 -0.0 18.399092 -3.798986 -4.940579 2e-06 -1e-06 -1e-06 4.679117 14.091514 -7.326651 0.04729 0.091585 20.792042 -3.597541 -1.59491 -7.83405 1.619305 -2.0467 0.464053 0.0 -0.0 2e-06 -5.461819 -13.873049 -2.26045 0.006856 0.139488 15.391142 4.856225 -2.73329 -4.897211 -1.443392 0.891719 -0.57415 0.0 -0.0 -1e-06 
0.0 0.0 0.0 0.0 -0.0 0.0 -0.580425 99.172684 230.340408 -2.471863 3.018744 -4.192342 -0.723809 0.127726 -4.241905 -0.578733 0.658327 -6.52867 -0.243844 -1.386711 12.43045 5.147238 0.859668 -1.990593 -0.840114 -0.222132 -3.546177 0.548946 -2.96253 -4.506785 7.7e-05 -2.2e-05 6e-06 -0.012673 0.011215 0.001632 0.762125 -3.711052 -10.554073 -0.792925 3.731054 -10.580222 -12.914842 -6.921829 15.345037 -29.41729 -42.025581 5.000846 -175.418839 -80.986336 175.131256 9.05313 16.268351 13.167925 -5.88211 9.861291 0.70259 -10.936877 -0.360575 7.156209 -0.0 8.77483 -2e-06 -16.483919 18.438627 5.908207 -1.844033 2.498507 -2.507279 -10.163605 4.678947 4.621112 -20.97603 -2e-06 4e-06 -21.226297 2.4517 -3.594002 1e-06 -5e-06 -0.0 -1.362682 2.240798 -0.746323 -21.334925 0.584912 3.008325 -13.82122 -1e-06 2e-06 -23.887182 -0.249078 -0.839487 -61.029331 2.758444 -1.182943 -0.294026 1.679687 0.833256 -14.218215 0.093218 1.300581 -34.212067 -0.287562 0.967169 -20.033226 0.964539 1.212843 1e-06 0.0 1e-06 -3.440391 0.788232 0.501658 -15.928198 -3.167312 2.99971 -6.338829 1e-06 2e-06 -18.123459 3.648185 -4.905673 -4e-06 1e-06 -2e-06 11.436951 14.141524 16.165537 36.588745 14.836004 -3.406121 -179.202972 53.015347 -177.914551 -7.764791 -10.133285 29.818169 2.243541 -5.255037 -3.180158 14.282892 -0.826593 6.952505 -2e-06 -12.690601 0.0 16.769722 -18.173386 2.571445 1.665666 -1.955924 -2.878298 4.727799 -4.170587 4.993925 11.020526 6e-06 0.0 12.109052 -3.735715 -2.866783 -1e-06 -2e-06 1e-06 1.291986 -1.928548 -1.49809 14.800132 0.567465 3.86561 14.242573 -1.341737 -6.660658 19.631969 0.143925 -0.648243 51.192642 -0.815425 -6.505671 0.353029 -1.511149 -0.03194 20.222794 3.684311 2.316635 18.787273 3e-06 3e-06 10.751629 -0.47987 1.397908 0.0 1e-06 1e-06 3.273808 0.305947 -0.58011 21.486816 11.830372 2.266137 8.16293 1e-06 1e-06 18.399088 -3.798987 -4.940575 2e-06 1e-06 0.0 5.69309 14.085485 -8.556422 0.02567 0.090867 21.248444 -4.265846 -3.045208 -7.894241 1.618352 -2.020442 0.549611 0.0 -0.0 2e-06 -4.082872 -14.574292 -2.330016 0.002851 0.121479 14.041115 4.814736 -2.74774 -5.082788 -1.422067 1.007081 -0.252156 -0.0 -0.0 -1e-06 
0.0 0.0 0.0 0.0 -0.0 0.0 -1.287958 99.275482 230.74765 -2.793207 3.555707 -3.642842 -0.357223 0.132311 -4.076966 -0.529728 0.505554 -6.500749 0.081112 -1.555109 12.53464 4.626596 0.996549 -2.182887 -0.917881 -0.229244 -3.488446 0.6103 -2.940778 -5.490509 7.7e-05 -2.2e-05 5e-06 0.002454 0.041609 0.010422 0.769054 -3.668586 -10.447546 -0.769516 3.748998 -10.473984 -13.220488 -7.472644 15.245672 -32.164627 -39.581188 4.484001 -177.712921 -78.064453 177.388794 12.026367 11.846381 9.800947 -5.882116 9.861295 0.702593 -10.936887 -0.360573 7.156218 1e-06 8.774833 0.0 -16.003681 18.555025 6.326576 -1.844034 2.498507 -2.507282 -10.163614 4.67895 4.621116 -20.976051 0.0 5e-06 -21.226313 2.451704 -3.594001 -1e-06 -5e-06 -2e-06 -1.362682 2.240803 -0.746324 -21.334942 0.584913 3.008332 -13.821234 1e-06 4e-06 -23.887203 -0.249072 -0.839483 -60.691723 2.854512 -1.20145 -0.294025 1.679686 0.833257 -14.218229 0.093215 1.300583 -34.212097 -0.287556 0.967175 -20.033241 0.964544 1.212845 0.0 -0.0 -1e-06 -3.440392 0.788236 0.501655 -15.928208 -3.16731 2.999717 -6.338834 0.0 3e-06 -18.12347 3.648189 -4.905673 -5e-06 1e-06 -3e-06 11.742425 13.879569 16.24794 40.789097 14.333404 -6.416107 -179.210175 48.955215 -177.991821 -12.988333 -5.260688 25.338556 2.243542 -5.255038 -3.180161 14.282896 -0.826594 6.952508 -1e-06 -12.690609 -1e-06 16.947657 -18.060541 2.392107 1.665666 -1.955922 -2.878301 4.727801 -4.170588 4.993926 11.020531 5e-06 -0.0 12.109056 -3.735718 -2.866785 -0.0 -1e-06 -0.0 1.291985 -1.92855 -1.49809 14.800136 0.567469 3.865611 14.242577 -1.341736 -6.66066 19.631973 0.143923 -0.648244 51.116825 -0.714998 -6.394489 0.353031 -1.511152 -0.031941 20.222801 3.684312 2.316633 18.787283 3e-06 1e-06 10.751634 -0.47987 1.397907 0.0 0.0 0.0 3.273808 0.305945 -0.58011 21.486822 11.830378 2.266137 8.16293 1e-06 0.0 18.399088 -3.798988 -4.940576 3e-06 1e-06 -1e-06 6.37303 13.397614 -8.916657 -0.03917 0.035232 20.94418 -4.347865 -3.253726 -7.765532 1.630686 -1.966462 0.521066 0.0 -0.0 2e-06 -3.134766 -14.559189 -1.651278 -5.6e-05 0.083663 12.038079 4.839345 -3.330983 -5.065037 -1.41413 1.046762 0.139053 -0.0 -0.0 -1e-06 
0.0 0.0 0.0 0.0 -0.0 0.0 -1.88734 99.315636 231.18866 -3.0665 3.624971 -3.375275 0.043595 0.109868 -3.776318 -0.446918 0.448624 -6.39387 0.347443 -1.53634 12.375244 4.030727 1.107881 -2.015109 -0.849492 -0.215991 -3.495717 0.887736 -2.731926 -6.024262 7.7e-05 -2.3e-05 6e-06 0.013497 0.06927 0.022408 0.749047 -3.646957 -10.444381 -0.72727 3.781084 -10.457394 -13.443296 -7.94231 15.45198 -37.127792 -36.689331 4.286411 -177.861847 -75.908112 177.603943 15.937717 7.765384 5.14533 -5.88211 9.86129 0.70259 -10.936875 -0.360574 7.156209 -1e-06 8.774826 -3e-06 -15.395862 18.380129 6.561437 -1.844034 2.498506 -2.507279 -10.163602 4.678947 4.621109 -20.976028 -1e-06 0.0 -21.226295 2.451699 -3.594006 -1e-06 -7e-06 -1e-06 -1.362681 2.240799 -0.746323 -21.334919 0.584912 3.008322 -13.821218 -1e-06 -0.0 -23.887178 -0.249078 -0.839486 -59.951591 2.682097 -1.139823 -0.294024 1.679685 0.833255 -14.218213 0.093217 1.30058 -34.212051 -0.287561 0.967169 -20.033216 0.964538 1.212842 0.0 0.0 0.0 -3.440389 0.788234 0.501655 -15.928192 -3.167308 2.999709 -6.338828 -0.0 1e-06 -18.123453 3.648185 -4.905675 -5e-06 -0.0 -2e-06 11.1669 13.803934 16.304358 45.820869 14.522169 -8.074149 179.994003 48.067852 -178.502426 -21.830631 -1.07046 21.974552 2.243543 -5.255041 -3.180159 14.282896 -0.826599 6.952505 -1e-06 -12.690606 -3e-06 16.756788 -18.017097 2.581253 1.665667 -1.955922 -2.878302 4.727802 -4.170589 4.993925 11.020528 1e-06 -0.0 12.109054 -3.735717 -2.866787 -1e-06 -0.0 -2e-06 1.291987 -1.92855 -1.49809 14.800132 0.567468 3.865611 14.242576 -1.34174 -6.660659 19.631969 0.143921 -0.648246 50.870911 -0.668992 -6.237915 0.353029 -1.511149 -0.031938 20.222792 3.684309 2.316634 18.787279 2e-06 0.0 10.751631 -0.47987 1.397907 0.0 1e-06 1e-06 3.273808 0.305946 -0.580111 21.48682 11.830376 2.266139 8.16293 0.0 0.0 18.399088 -3.798988 -4.940577 3e-06 1e-06 -1e-06 7.063524 13.046796 -8.929464 -0.107604 -0.069934 20.84115 -4.345426 -3.009057 -7.894511 1.639597 -1.929701 0.556437 -0.0 -0.0 2e-06 -2.362874 -14.3446 -0.916775 -0.015843 0.018117 10.45586 4.845208 -3.714944 -5.10351 -1.412973 0.980823 0.626174 0.0 -0.0 -1e-06 
0.0 0.0 0.0 0.0 -0.0 0.0 -2.384053 99.345932 231.641693 -3.297662 3.04931 -3.03839 0.479897 0.137573 -3.609371 -0.336377 0.545516 -6.314661 0.557774 -1.424325 12.298514 3.555533 1.162699 -1.981387 -0.753681 -0.054554 -3.535908 1.235647 -2.334308 -6.090569 7.7e-05 -2.2e-05 6e-06 0.010274 0.067037 0.027262 0.73783 -3.655982 -10.514661 -0.722138 3.78416 -10.509308 -14.746095 -7.908687 16.002514 -41.145367 -33.649437 4.534331 -178.056885 -74.85453 177.89711 19.957779 3.902704 -0.305723 -5.88211 9.861293 0.702589 -10.936878 -0.360575 7.156211 0.0 8.774831 -2e-06 -15.186347 18.111679 6.430477 -1.844033 2.498508 -2.507279 -10.163605 4.678948 4.621111 -20.976034 -2e-06 4e-06 -21.226297 2.451699 -3.594001 0.0 -5e-06 -1e-06 -1.362682 2.240799 -0.746324 -21.33493 0.584911 3.008327 -13.821224 -2e-06 2e-06 -23.887188 -0.249076 -0.839482 -59.47567 2.498792 -1.13985 -0.294025 1.679687 0.833256 -14.218217 0.093216 1.300583 -34.21207 -0.287561 0.967173 -20.033228 0.964538 1.212843 -0.0 0.0 1e-06 -3.440391 0.788234 0.501656 -15.928198 -3.16731 2.999711 -6.338829 -1e-06 2e-06 -18.123457 3.648185 -4.905674 -4e-06 -0.0 -2e-06 11.13904 13.931994 16.362057 49.757095 14.655015 -7.835468 178.63858 49.072418 -179.382507 -28.363783 2.288696 19.10305 2.243543 -5.25504 -3.180157 14.282896 -0.826595 6.952505 -0.0 -12.690609 -3e-06 15.986929 -17.845432 2.920565 1.665667 -1.955923 -2.878297 4.727802 -4.170588 4.993924 11.020528 3e-06 -0.0 12.109056 -3.735718 -2.866786 -1e-06 -1e-06 -0.0 1.291986 -1.928553 -1.498089 14.800132 0.567466 3.865609 14.242579 -1.341739 -6.660657 19.631973 0.143923 -0.648244 49.725224 -0.679354 -6.086899 0.353029 -1.511152 -0.03194 20.222801 3.684309 2.316631 18.787283 2e-06 -2e-06 10.751633 -0.47987 1.397906 0.0 2e-06 -1e-06 3.273808 0.305946 -0.58011 21.48682 11.830379 2.266136 8.16293 1e-06 -1e-06 18.399096 -3.798988 -4.94058 3e-06 -0.0 -2e-06 7.723847 13.310159 -8.832324 -0.13024 -0.134233 20.733452 -4.536053 -2.724628 -8.166975 1.63551 -1.92185 0.625738 -0.0 -0.0 2e-06 -1.703075 -14.24064 -0.880408 -0.039871 -0.021659 10.012465 4.801142 -3.542079 -5.144858 -1.414948 0.903418 0.959913 0.0 -0.0 -1e-06 
0.0 0.0 0.0 0.0 -0.0 0.0 -2.787283 99.398056 232.146545 -3.425414 2.195934 -2.644203 0.843531 0.192717 -3.623241 -0.210863 0.662253 -6.318892 0.688782 -1.312722 12.397499 3.174312 1.182907 -1.859156 -0.611424 0.148124 -3.604944 1.452368 -1.706836 -5.831758 7.7e-05 -2.2e-05 6e-06 -0.001329 0.039831 0.036388 0.735556 -3.678752 -10.567548 -0.742699 3.752866 -10.554886 -16.858141 -7.381007 16.673983 -43.731556 -30.576336 5.442623 -178.394241 -76.232162 178.307663 23.382141 0.467772 -4.561815 -5.882111 9.861296 0.70259 -10.936878 -0.360574 7.156215 -2e-06 8.774835 -2e-06 -15.085637 17.994322 6.374129 -1.844033 2.498506 -2.507279 -10.163605 4.678948 4.621114 -20.976038 -1e-06 4e-06 -21.226301 2.451702 -3.594005 2e-06 -6e-06 -0.0 -1.362682 2.2408 -0.746324 -21.334929 0.584914 3.008329 -13.821221 -1e-06 3e-06 -23.887188 -0.249075 -0.839484 -59.339211 2.474762 -1.125632 -0.294025 1.679687 0.833257 -14.218219 0.093214 1.300584 -34.212074 -0.287559 0.967172 -20.033226 0.964541 1.212845 1e-06 1e-06 0.0 -3.44039 0.788234 0.501657 -15.928196 -3.167312 2.999712 -6.33883 1e-06 2e-06 -18.123459 3.648189 -4.905674 -5e-06 -0.0 -0.0 11.804301 14.010934 16.615406 52.007343 14.488662 -5.286657 176.825577 52.298283 179.166443 -30.893732 4.930495 17.896549 2.243543 -5.255043 -3.180161 14.282901 -0.826597 6.952509 -0.0 -12.690612 -3e-06 15.557086 -17.755087 3.064722 1.665668 -1.955924 -2.878301 4.727804 -4.170591 4.993926 11.020536 1e-06 1e-06 12.109059 -3.73572 -2.866786 -1e-06 -1e-06 -1e-06 1.291987 -1.928552 -1.49809 14.80014 0.567469 3.865612 14.242583 -1.341741 -6.660662 19.631979 0.143922 -0.648243 49.078705 -0.647332 -6.024937 0.353029 -1.511153 -0.031939 20.222805 3.684308 2.316637 18.787287 0.0 1e-06 10.751637 -0.47987 1.397908 -0.0 2e-06 -0.0 3.27381 0.305946 -0.580111 21.48683 11.830379 2.26614 8.162935 0.0 -0.0 18.399096 -3.798988 -4.940577 3e-06 1e-06 -1e-06 8.235806 14.059845 -8.53658 -0.125138 -0.188162 20.360716 -4.922944 -2.60216 -8.226714 1.61882 -1.911029 0.716457 0.0 -0.0 2e-06 -1.222721 -14.155441 -0.796993 -0.052669 -0.002513 9.38771 4.774429 -3.242893 -5.071378 -1.414096 0.900245 1.160609 -0.0 0.0 -1e-06 
0.0 0.0 0.0 0.0 -0.0 0.0 -3.059626 99.4823 232.734894 -3.258621 1.285653 -2.299165 1.001504 0.20301 -3.829539 -0.068859 0.750884 -6.422397 0.61027 -1.163858 12.657129 2.894465 1.167825 -1.344254 -0.416579 0.496711 -3.683383 1.558585 -1.023912 -5.090956 7.7e-05 -2.2e-05 6e-06 -0.012375 0.006771 0.036526 0.733999 -3.696623 -10.596706 -0.763127 3.708508 -10.58353 -19.156691 -6.55352 17.361164 -45.881618 -27.23204 6.640187 -177.48764 -81.273277 177.225952 26.576633 -2.719279 -6.994147 -5.88211 9.861292 0.702591 -10.936877 -0.360574 7.156212 -1e-06 8.774831 -2e-06 -14.813789 17.956665 6.608266 -1.844033 2.498506 -2.507279 -10.163608 4.678948 4.621114 -20.976034 1e-06 5e-06 -21.226297 2.451704 -3.594002 0.0 -6e-06 -0.0 -1.362682 2.2408 -0.746324 -21.334925 0.584912 3.00833 -13.821219 0.0 3e-06 -23.887184 -0.249073 -0.839483 -59.159035 2.571388 -0.997721 -0.294025 1.679689 0.833256 -14.218215 0.093218 1.300585 -34.212067 -0.287556 0.967175 -20.033226 0.964543 1.212846 0.0 -0.0 -0.0 -3.44039 0.788233 0.501657 -15.928194 -3.167309 2.999712 -6.33883 0.0 2e-06 -18.123457 3.648188 -4.905671 -3e-06 -0.0 -3e-06 12.526566 14.03572 17.191986 53.451794 14.017782 -0.745285 174.680222 59.352772 176.942017 -31.179533 6.936286 19.466282 2.243541 -5.255037 -3.180158 14.282896 -0.826595 6.952507 -1e-06 -12.690607 -2e-06 15.695248 -17.666084 3.028556 1.665666 -1.955922 -2.8783 4.7278 -4.170588 4.993928 11.020528 3e-06 -0.0 12.109053 -3.735718 -2.866783 -0.0 1e-06 1e-06 1.291985 -1.928551 -1.498089 14.800134 0.567469 3.865611 14.242576 -1.341738 -6.660657 19.631971 0.143923 -0.648242 49.311436 -0.631761 -5.94927 0.353029 -1.51115 -0.03194 20.222797 3.684311 2.316634 18.787279 4e-06 2e-06 10.751631 -0.479869 1.397908 0.0 3e-06 -0.0 3.273807 0.305946 -0.580112 21.486822 11.830378 2.266139 8.16293 1e-06 0.0 18.399088 -3.798987 -4.940574 3e-06 -1e-06 -0.0 8.362227 14.941922 -7.810023 -0.116322 -0.27541 19.42885 -5.360869 -2.46503 -8.161393 1.606786 -1.886394 0.698197 0.0 -0.0 2e-06 -1.200403 -14.037539 -0.547388 -0.036815 0.076704 8.69016 4.885621 -2.807712 -5.004917 -1.407681 0.936905 1.138813 0.0 0.0 -1e-06 
0.0 0.0 0.0 0.0 -0.0 0.0 -3.171609 99.598289 233.367752 -2.741742 0.25912 -2.094139 0.946746 0.199145 -4.195946 0.026662 0.736813 -6.56121 0.421512 -0.904789 12.946827 2.465172 1.162875 -0.360212 -0.163373 1.054001 -3.729944 1.625401 -0.507027 -3.622493 7.7e-05 -2.3e-05 6e-06 -0.01276 -0.001126 0.021038 0.744826 -3.691414 -10.638622 -0.775695 3.693644 -10.630886 -21.106073 -5.580121 18.222902 -47.930256 -24.044767 8.006812 -18.901199 -89.207214 18.210659 29.351809 -4.748692 -3.882848 -5.882107 9.861283 0.70259 -10.936872 -0.360575 7.156208 1e-06 8.774822 -1e-06 -14.509144 17.858679 7.125472 -1.844032 2.498504 -2.507278 -10.1636 4.678944 4.62111 -20.976023 -3e-06 2e-06 -21.226286 2.451696 -3.594001 2e-06 -6e-06 -0.0 -1.362682 2.240798 -0.746324 -21.334913 0.584911 3.008326 -13.821213 -1e-06 2e-06 -23.887169 -0.249078 -0.839482 -58.802486 2.734176 -0.974787 -0.294025 1.679687 0.833256 -14.21821 0.093216 1.300582 -34.212051 -0.287562 0.967171 -20.033215 0.964538 1.212844 -0.0 -0.0 -1e-06 -3.440389 0.788234 0.501656 -15.928185 -3.167309 2.999709 -6.338827 -1e-06 1e-06 -18.123447 3.648182 -4.905669 -4e-06 -0.0 -1e-06 12.603668 14.075211 17.914156 54.533604 13.776919 5.536257 172.72374 71.658653 174.056015 -30.139675 6.744993 23.707167 2.243541 -5.255036 -3.180161 14.282895 -0.826591 6.952508 -4e-06 -12.690605 1e-06 15.981272 -17.363844 2.77476 1.665666 -1.955922 -2.878299 4.727799 -4.170585 4.993926 11.020528 5e-06 -0.0 12.109053 -3.735714 -2.866783 1e-06 -1e-06 1e-06 1.291986 -1.928549 -1.498091 14.800134 0.56747 3.865612 14.242573 -1.341735 -6.660657 19.631971 0.143929 -0.648241 49.736557 -0.598559 -5.855731 0.353029 -1.511151 -0.031941 20.222795 3.684313 2.316634 18.787275 8e-06 1e-06 10.751629 -0.479869 1.397908 1e-06 3e-06 -0.0 3.273808 0.305947 -0.580111 21.48682 11.830379 2.266137 8.16293 4e-06 1e-06 18.399088 -3.798985 -4.940572 3e-06 0.0 -0.0 8.004766 15.532296 -6.519705 -0.104187 -0.404389 17.789169 -5.679831 -1.9327 -7.879013 1.601038 -1.883524 0.675586 0.0 -0.0 2e-06 -1.737139 -13.800393 -0.1411 -0.005995 0.074445 8.042933 5.214086 -2.161486 -4.955189 -1.398925 0.971864 0.8875 -0.0 1e-06 -1e-06 
0.0 0.0 0.0 0.0 -0.0 0.0 -3.106036 99.736366 233.943588 -2.089461 -0.762704 -2.1343 0.785083 0.296494 -4.535662 0.075143 0.740538 -6.701843 0.3163 -0.721359 13.192237 1.742384 1.407803 0.825912 0.054916 1.48086 -3.714575 1.666011 -0.318159 -1.601477 7.7e-05 -2.2e-05 6e-06 -0.002896 0.04452 0.008518 0.764817 -3.636796 -10.657767 -0.777368 3.734339 -10.663389 -22.672478 -4.869446 18.951292 -49.195637 -21.636347 11.365232 3.845219 -75.506973 -4.427082 30.869627 -4.964007 3.620923 -5.882111 9.861293 0.702589 -10.936878 -0.360575 7.156211 -0.0 8.774831 -1e-06 -14.631794 17.789757 7.345931 -1.844034 2.498507 -2.50728 -10.163607 4.678948 4.621112 -20.976038 -2e-06 1e-06 -21.226303 2.451698 -3.594005 0.0 -8e-06 -1e-06 -1.362683 2.2408 -0.746324 -21.33493 0.584911 3.008323 -13.821223 -3e-06 0.0 -23.887188 -0.249079 -0.839485 -58.619396 2.898079 -1.127374 -0.294025 1.679688 0.833257 -14.218219 0.093216 1.30058 -34.212074 -0.287563 0.967167 -20.033226 0.964537 1.212842 -1e-06 -0.0 -1e-06 -3.440391 0.788234 0.501656 -15.928196 -3.16731 2.99971 -6.33883 -1e-06 3e-06 -18.123459 3.648185 -4.905677 -4e-06 1e-06 -2e-06 12.21612 14.323524 18.607452 54.888653 14.741702 13.032727 132.697784 88.674995 133.495483 -29.03104 4.121252 27.897635 2.243542 -5.255038 -3.180158 14.282895 -0.826597 6.952504 -2e-06 -12.690607 1e-06 15.441071 -17.225555 2.860689 1.665667 -1.955922 -2.878301 4.7278 -4.170589 4.993927 11.020528 1e-06 1e-06 12.109056 -3.735718 -2.866786 -1e-06 -0.0 1e-06 1.291986 -1.92855 -1.49809 14.800132 0.567465 3.865608 14.242577 -1.341739 -6.660661 19.631971 0.143923 -0.648247 49.325565 -0.722786 -5.852059 0.353029 -1.511151 -0.031939 20.222797 3.684307 2.316631 18.787279 1e-06 -0.0 10.751629 -0.479872 1.397907 1e-06 0.0 0.0 3.273808 0.305947 -0.580112 21.486816 11.830373 2.266134 8.16293 1e-06 -1e-06 18.399088 -3.798988 -4.940578 3e-06 -1e-06 -0.0 7.386261 15.727877 -4.765125 -0.067831 -0.49033 15.620649 -5.752918 -1.040145 -7.390445 1.593285 -1.916742 0.716853 0.0 0.0 2e-06 -2.595262 -13.557452 0.647025 0.012181 0.020576 7.047868 5.550701 -1.576453 -4.677124 -1.390988 0.978608 0.675124 0.0 0.0 -1e-06 
0.0 0.0 0.0 0.0 -0.0 0.0 -2.889762 99.826012 234.409454 -1.427297 -1.759721 -2.378045 0.614435 0.466722 -4.771337 0.104417 0.909795 -6.850464 0.341923 -0.651204 13.441727 0.893062 1.888711 1.94925 0.108044 1.665751 -3.648673 1.596907 -0.157106 0.594875 7.7e-05 -2.2e-05 6e-06 0.008616 0.096604 0.009292 0.786446 -3.581981 -10.649366 -0.776998 3.785522 -10.67809 -24.232819 -4.69759 19.355255 -49.302952 -20.180548 17.647341 4.701111 -58.607933 -4.178298 31.150915 -3.647792 7.894663 -5.882112 9.861293 0.702591 -10.93688 -0.360571 7.156211 0.0 8.77483 1e-06 -14.881334 18.382078 7.045481 -1.844034 2.498505 -2.507281 -10.163606 4.678949 4.621109 -20.97604 1e-06 -0.0 -21.226303 2.4517 -3.594008 -0.0 -5e-06 -2e-06 -1.362684 2.2408 -0.746324 -21.33493 0.584914 3.008322 -13.821225 0.0 0.0 -23.887188 -0.249077 -0.839487 -59.049767 2.907813 -1.399745 -0.294025 1.679689 0.833256 -14.218219 0.093217 1.30058 -34.212074 -0.287558 0.967165 -20.033228 0.964538 1.212841 -0.0 -1e-06 -0.0 -3.440391 0.788235 0.501656 -15.928196 -3.167308 2.999708 -6.338831 1e-06 0.0 -18.123459 3.648187 -4.905677 -7e-06 1e-06 -0.0 11.840862 15.147089 19.186869 55.17062 17.567686 21.850368 -0.99561 69.604553 0.056305 -28.229568 0.824269 29.227251 2.243544 -5.255037 -3.180157 14.282896 -0.826596 6.952504 -3e-06 -12.690605 3e-06 15.815776 -17.408596 2.84998 1.665667 -1.955921 -2.8783 4.727801 -4.170588 4.993926 11.02053 2e-06 -2e-06 12.109056 -3.735717 -2.866784 1e-06 0.0 -1e-06 1.291986 -1.92855 -1.498089 14.800132 0.567468 3.865607 14.242579 -1.341736 -6.660659 19.631973 0.143925 -0.648246 49.270123 -0.810007 -5.905507 0.353029 -1.511151 -0.031939 20.222801 3.68431 2.316629 18.787283 5e-06 -1e-06 10.751633 -0.479868 1.397906 0.0 -0.0 0.0 3.273809 0.305947 -0.580111 21.486824 11.830376 2.266131 8.16293 2e-06 -1e-06 18.39909 -3.798984 -4.940578 2e-06 -1e-06 -1e-06 6.691246 15.891489 -2.955662 -0.020445 -0.471592 13.581891 -5.463583 -0.201613 -6.927166 1.589196 -1.919939 0.813998 0.0 0.0 2e-06 -3.631294 -13.443617 1.320889 0.024371 0.01372 6.624125 5.802146 -0.95511 -4.57188 -1.380771 0.988401 0.773277 0.0 0.0 -1e-06 
0.0 0.0 0.0 0.0 -0.0 0.0 -2.565753 99.834 234.767502 -0.772835 -2.692343 -2.648741 0.509894 0.587336 -4.991354 0.107713 1.201846 -6.970396 0.40916 -0.544719 13.752517 0.137668 2.391952 2.70628 -0.002621 1.649361 -3.568894 1.363312 0.00425 2.95403 7.7e-05 -2.2e-05 6e-06 0.014065 0.098062 0.026238 0.792935 -3.58737 -10.62112 -0.772771 3.792724 -10.667471 -25.769184 -5.151949 19.518484 -48.936024 -19.287613 26.204884 3.405044 -41.50771 -2.08324 29.137587 -0.09454 5.664133 -5.882113 9.861292 0.702592 -10.936881 -0.360574 7.156209 -1e-06 8.774832 -0.0 -15.064284 18.838327 6.573967 -1.844035 2.498506 -2.507277 -10.163611 4.678952 4.621109 -20.97604 -0.0 2e-06 -21.226303 2.451703 -3.594005 1e-06 -5e-06 -0.0 -1.362683 2.2408 -0.746321 -21.33493 0.584911 3.008325 -13.821227 -1e-06 4e-06 -23.887192 -0.249075 -0.839484 -59.47575 2.737147 -1.440463 -0.294026 1.679689 0.833258 -14.218224 0.093218 1.300583 -34.212082 -0.28756 0.96717 -20.033232 0.964537 1.212842 -0.0 0.0 1e-06 -3.440392 0.788235 0.501656 -15.9282 -3.16731 2.999708 -6.338832 -0.0 2e-06 -18.123463 3.648186 -4.905674 -3e-06 0.0 -1e-06 12.194331 16.659889 19.745808 56.099407 20.74579 31.798578 -1.329857 46.991257 -0.453523 -26.063923 -3.242363 23.531635 2.243543 -5.255039 -3.18016 14.2829 -0.826596 6.952507 -3e-06 -12.690614 3e-06 16.480534 -17.777752 2.124198 1.665668 -1.955921 -2.878302 4.727802 -4.170592 4.993928 11.020535 4e-06 -3e-06 12.109059 -3.735717 -2.866786 -1e-06 0.0 0.0 1.291986 -1.92855 -1.498092 14.800136 0.567468 3.865608 14.242582 -1.341734 -6.660663 19.631979 0.143928 -0.648246 49.4967 -0.748944 -6.072058 0.353028 -1.511151 -0.031939 20.222803 3.684313 2.316629 18.787287 6e-06 -2e-06 10.751634 -0.479869 1.397906 -1e-06 0.0 0.0 3.27381 0.305947 -0.580111 21.486828 11.830383 2.266129 8.162932 2e-06 -1e-06 18.399096 -3.798988 -4.940579 3e-06 -2e-06 -1e-06 5.946741 16.195881 -1.535636 0.002853 -0.378512 12.170605 -4.930499 0.465188 -6.688637 1.592305 -1.913732 0.928239 0.0 0.0 2e-06 -4.733679 -13.515327 1.285903 0.043254 0.016932 7.467378 5.952058 -0.163308 -4.960071 -1.380048 0.997815 1.018259 -0.0 0.0 -1e-06 
0.0 0.0 0.0 0.0 -0.0 0.0 -2.257166 99.777077 235.072662 -0.361649 -3.353149 -2.787284 0.51805 0.587886 -5.189764 0.098509 1.415043 -7.03826 0.508606 -0.512342 14.085449 -0.416575 2.789644 2.765314 -0.094294 1.59856 -3.47753 1.189214 0.211766 5.095668 7.7e-05 -2.3e-05 6e-06 0.011165 0.030976 0.027653 0.789613 -3.659499 -10.563044 -0.773947 3.728546 -10.60455 -26.822012 -6.127482 19.412468 -48.838528 -18.205639 35.598389 1.622083 -27.937201 -0.706489 21.859615 4.548613 1.46222 -5.882113 9.861292 0.702591 -10.936881 -0.360574 7.156208 -1e-06 8.774831 -2e-06 -15.251601 18.672161 6.210912 -1.844034 2.498506 -2.507278 -10.16361 4.678949 4.62111 -20.97604 -1e-06 1e-06 -21.226307 2.4517 -3.594002 1e-06 -7e-06 -1e-06 -1.362682 2.2408 -0.746324 -21.33493 0.584912 3.008324 -13.821225 -0.0 2e-06 -23.887188 -0.249076 -0.839484 -59.696045 2.68584 -1.219908 -0.294024 1.679688 0.833257 -14.218218 0.093216 1.300582 -34.212078 -0.287562 0.96717 -20.03323 0.964538 1.212842 2e-06 -0.0 1e-06 -3.440392 0.788235 0.501653 -15.928201 -3.16731 2.999706 -6.338832 -1e-06 0.0 -18.123463 3.648186 -4.905673 -4e-06 -0.0 -2e-06 13.698877 18.614769 20.1133 57.310684 21.646395 40.025402 -0.056412 28.717821 -0.211858 -20.799255 -8.51094 12.840446 2.243545 -5.25504 -3.18016 14.282907 -0.826596 6.952508 -3e-06 -12.690614 2e-06 15.918193 -17.961561 1.788908 1.665666 -1.955922 -2.878301 4.727805 -4.170591 4.993928 11.02054 3e-06 -1e-06 12.109068 -3.735718 -2.866786 0.0 -0.0 0.0 1.291989 -1.928551 -1.498091 14.800146 0.567468 3.865609 14.24259 -1.341735 -6.660664 19.63199 0.143927 -0.648245 48.660534 -0.935641 -6.492785 0.353029 -1.511152 -0.03194 20.222818 3.684313 2.316631 18.7873 5e-06 -1e-06 10.751643 -0.479868 1.397907 -0.0 0.0 0.0 3.273812 0.305947 -0.580112 21.486843 11.830385 2.266132 8.162937 1e-06 -1e-06 18.399103 -3.798987 -4.94058 3e-06 0.0 -0.0 5.424987 16.447454 -0.883576 0.005597 -0.282322 11.8149 -4.435041 0.892888 -6.872887 1.587416 -1.906921 1.010022 0.0 0.0 2e-06 -5.532078 -13.699969 0.876433 0.048551 -0.029855 8.726213 6.170285 0.534568 -5.506824 -1.389441 0.948476 1.098434 0.0 0.0 -1e-06 
0.0 0.0 0.0 0.0 -0.0 0.0 -2.068364 99.707726 235.378784 -0.221535 -3.585734 -2.774321 0.514752 0.510578 -5.302771 0.041942 1.369184 -7.049705 0.692872 -0.589811 14.299001 -0.643022 2.949962 2.337544 -0.120092 1.664003 -3.402483 1.137979 0.344842 6.767554 7.7e-05 -2.3e-05 6e-06 -0.000312 0.012046 0.002933 0.788532 -3.679388 -10.495071 -0.793287 3.710257 -10.522981 -27.068916 -7.141567 19.580009 -49.100372 -16.698849 42.169937 0.051443 -19.480967 -0.136936 12.319299 6.869904 -3.321845 -5.882106 9.861288 0.702592 -10.936872 -0.360574 7.156207 0.0 8.774828 1e-06 -15.64817 18.321043 5.967516 -1.844033 2.498505 -2.507279 -10.1636 4.678948 4.621109 -20.976027 -2e-06 2e-06 -21.22629 2.4517 -3.594002 1e-06 -6e-06 -1e-06 -1.362683 2.240799 -0.746324 -21.334913 0.584912 3.008323 -13.821214 -1e-06 3e-06 -23.887169 -0.249076 -0.839483 -59.899353 2.805783 -1.059423 -0.294025 1.679687 0.833256 -14.21821 0.093216 1.30058 -34.212048 -0.287561 0.967167 -20.033216 0.964538 1.212842 1e-06 -1e-06 -1e-06 -3.44039 0.788234 0.501657 -15.928185 -3.167309 2.999707 -6.338826 -1e-06 1e-06 -18.123446 3.648185 -4.90567 -4e-06 -1e-06 -2e-06 15.531519 20.036142 20.136894 57.783974 19.561098 42.937153 0.893985 18.952868 -0.059838 -13.265413 -13.998331 2.513436 2.243541 -5.255037 -3.180157 14.282888 -0.826595 6.952504 -3e-06 -12.690603 2e-06 15.416929 -17.54541 2.203198 1.665666 -1.955921 -2.878299 4.727798 -4.170588 4.993925 11.020526 3e-06 -1e-06 12.109053 -3.735715 -2.866783 0.0 0.0 -1e-06 1.291987 -1.92855 -1.49809 14.800129 0.567468 3.865606 14.242572 -1.341736 -6.660659 19.631968 0.143927 -0.648246 48.339325 -1.036694 -6.563716 0.353028 -1.511151 -0.03194 20.222786 3.68431 2.316628 18.78727 5e-06 -2e-06 10.751626 -0.479869 1.397907 -1e-06 0.0 -1e-06 3.273805 0.305948 -0.58011 21.486811 11.830378 2.266131 8.162926 2e-06 -0.0 18.399078 -3.798984 -4.940574 3e-06 0.0 -2e-06 5.236164 16.676647 -0.779209 -0.002745 -0.196249 12.093679 -4.070406 0.798017 -7.262114 1.582325 -1.864677 0.99754 -0.0 0.0 2e-06 -5.90065 -13.844838 0.619509 0.03751 -0.075885 9.518339 6.50628 0.906536 -5.941502 -1.400564 0.88143 1.082411 -0.0 0.0 -1e-06 
0.0 0.0 0.0 0.0 -0.0 0.0 -1.929208 99.666855 235.691666 -0.182021 -3.539096 -2.517803 0.442547 0.40762 -5.351129 -0.029586 1.20251 -7.052876 0.845358 -0.746437 14.244106 -0.604966 2.898458 1.873793 -0.085042 1.691256 -3.309043 1.004007 0.518762 7.605764 7.7e-05 -2.3e-05 6e-06 -0.009194 0.034274 -0.014048 0.800917 -3.658423 -10.455809 -0.821075 3.732734 -10.478792 -26.382071 -7.7078 20.0007 -49.590637 -14.746159 42.951347 -0.57229 -15.566754 -0.003266 6.384376 7.067671 -8.865732 -5.882114 9.861295 0.70259 -10.936883 -0.360573 7.156214 -1e-06 8.774834 -2e-06 -16.068151 18.108952 5.858425 -1.844035 2.498507 -2.507278 -10.163612 4.678951 4.621112 -20.976049 1e-06 1e-06 -21.226315 2.451702 -3.594006 -0.0 -6e-06 -1e-06 -1.362684 2.2408 -0.746323 -21.33494 0.584913 3.008325 -13.821229 -1e-06 1e-06 -23.887201 -0.249077 -0.839486 -59.973827 2.853587 -1.128226 -0.294026 1.679689 0.833255 -14.218225 0.093217 1.300584 -34.212093 -0.287561 0.967167 -20.033236 0.964538 1.212842 1e-06 1e-06 0.0 -3.440392 0.788235 0.501656 -15.928205 -3.16731 2.999709 -6.338833 -0.0 -0.0 -18.12347 3.648187 -4.905677 -4e-06 0.0 0.0 16.635426 20.262783 19.647568 57.362232 15.790093 41.078064 0.845033 17.049988 -0.093901 -8.355169 -14.883088 -6.401237 2.243544 -5.25504 -3.18016 14.2829 -0.826594 6.952507 -3e-06 -12.690611 1e-06 15.577516 -17.14908 2.509399 1.665668 -1.955922 -2.878299 4.727801 -4.170591 4.993926 11.020534 3e-06 -1e-06 12.109058 -3.735718 -2.866785 0.0 -0.0 1e-06 1.291986 -1.92855 -1.498089 14.800138 0.567468 3.86561 14.24258 -1.341737 -6.660659 19.631981 0.143926 -0.648244 48.767834 -0.879021 -6.404552 0.35303 -1.511152 -0.03194 20.222805 3.684312 2.316632 18.787287 5e-06 -2e-06 10.751636 -0.479869 1.397907 1e-06 0.0 0.0 3.273809 0.305948 -0.580109 21.486828 11.830384 2.266134 8.162933 1e-06 -1e-06 18.399096 -3.798987 -4.940579 3e-06 1e-06 -2e-06 5.115286 16.925322 -1.005435 -0.02104 -0.142662 12.405676 -3.99249 0.469553 -7.598672 1.584133 -1.823698 1.094708 0.0 -0.0 2e-06 -6.045014 -13.910215 0.396124 0.041685 -0.074313 9.827493 6.699051 0.932266 -6.231703 -1.414484 0.844562 1.053174 -0.0 0.0 -1e-06 
0.0 0.0 0.0 0.0 -0.0 0.0 -1.774669 99.658096 235.970947 -0.111251 -3.482032 -2.080926 0.368454 0.311038 -5.40775 -0.079102 1.092268 -7.066967 0.878128 -0.809605 14.048133 -0.444678 2.750474 1.434435 -0.035725 1.655915 -3.22245 0.82479 0.603384 7.958545 7.7e-05 -2.3e-05 6e-06 -0.009086 0.063551 -0.027397 0.820446 -3.631621 -10.449016 -0.839409 3.763071 -10.473606 -25.483229 -7.994112 20.138775 -49.818043 -12.649059 40.511639 -0.660288 -14.110878 0.017896 3.713054 6.607312 -15.490382 -5.882112 9.861293 0.702591 -10.93688 -0.360573 7.156209 -0.0 8.774831 -1e-06 -16.365105 18.078274 5.757773 -1.844034 2.498506 -2.507279 -10.163608 4.67895 4.621111 -20.97604 -1e-06 2e-06 -21.226301 2.451703 -3.594001 0.0 -6e-06 -1e-06 -1.362682 2.2408 -0.746324 -21.33493 0.584913 3.008328 -13.821225 -1e-06 2e-06 -23.88719 -0.249075 -0.839485 -60.130745 2.82206 -1.433915 -0.294025 1.679688 0.833255 -14.21822 0.093217 1.300582 -34.212078 -0.28756 0.967172 -20.03323 0.96454 1.212843 -0.0 0.0 1e-06 -3.440391 0.788234 0.501656 -15.928201 -3.16731 2.99971 -6.338831 -1e-06 0.0 -18.123459 3.648188 -4.905674 -5e-06 0.0 -1e-06 17.375065 19.786545 19.144922 56.039337 11.946552 37.518238 0.788128 19.146677 -0.119962 -5.916383 -12.7754 -15.986126 2.243545 -5.255041 -3.180161 14.282903 -0.826597 6.952506 -0.0 -12.690615 -2e-06 15.966002 -17.013182 2.454531 1.665668 -1.955923 -2.878298 4.727804 -4.170592 4.993927 11.020536 1e-06 -0.0 12.10906 -3.735721 -2.866786 -0.0 0.0 1e-06 1.291987 -1.928551 -1.49809 14.80014 0.567467 3.865608 14.242584 -1.34174 -6.660663 19.631985 0.143923 -0.648245 49.233013 -0.759095 -6.425672 0.353029 -1.511152 -0.031942 20.222809 3.684309 2.316633 18.787289 2e-06 -1e-06 10.751637 -0.479871 1.397906 0.0 -0.0 -1e-06 3.27381 0.305948 -0.580111 21.486832 11.830382 2.266136 8.162934 1e-06 -2e-06 18.399099 -3.798989 -4.940581 3e-06 0.0 -1e-06 4.878999 17.24938 -1.358171 -0.039344 -0.153704 12.494968 -4.109585 0.322834 -7.786427 1.595055 -1.791245 1.248051 -0.0 -0.0 2e-06 -6.171207 -13.930177 0.04052 0.048486 -0.104318 9.946251 6.70444 0.885931 -6.404235 -1.433852 0.832407 0.999807 -0.0 0.0 -1e-06 
0.0 0.0 0.0 0.0 -0.0 0.0 -1.644334 99.669655 236.200882 0.070661 -3.472334 -1.627041 0.273214 0.274009 -5.504891 -0.1142 1.047751 -7.074943 0.791143 -0.777953 13.86922 -0.190677 2.638106 1.042447 -0.027195 1.626312 -3.176929 0.66925 0.549694 8.132851 7.7e-05 -2.2e-05 6e-06 -0.004842 0.068932 -0.043438 0.840117 -3.62386 -10.445556 -0.850633 3.764991 -10.465794 -24.904179 -7.989872 20.10829 -49.322243 -10.866897 38.433014 -0.706358 -14.098939 0.042809 1.8008 6.139383 -21.254719 -5.882108 9.861288 0.70259 -10.936877 -0.360576 7.15621 1e-06 8.774829 -0.0 -16.632629 18.032045 5.589176 -1.844033 2.498505 -2.507279 -10.163604 4.678946 4.62111 -20.97603 -5e-06 4e-06 -21.226294 2.451698 -3.593998 0.0 -6e-06 1e-06 -1.362682 2.240799 -0.746325 -21.334925 0.584909 3.008325 -13.821221 -3e-06 3e-06 -23.887184 -0.249078 -0.839478 -60.347698 2.74643 -1.650872 -0.294025 1.679688 0.833255 -14.218214 0.093214 1.300582 -34.212063 -0.287564 0.967176 -20.033222 0.964536 1.212846 -1e-06 0.0 -0.0 -3.44039 0.788233 0.501656 -15.928194 -3.167312 2.999706 -6.338829 -1e-06 1e-06 -18.123453 3.648182 -4.905668 -3e-06 1e-06 -1e-06 18.016548 19.155331 18.932617 54.34024 8.765869 35.032326 0.868747 22.271471 -0.084741 -3.8326 -10.761546 -23.673052 2.243541 -5.255036 -3.180157 14.282894 -0.826594 6.952504 -3e-06 -12.690605 2e-06 16.216482 -17.108772 2.355748 1.665666 -1.955921 -2.878301 4.727799 -4.170588 4.993925 11.020528 3e-06 -0.0 12.109053 -3.735715 -2.866782 0.0 -0.0 -0.0 1.291986 -1.928549 -1.49809 14.800129 0.56747 3.865607 14.242574 -1.341736 -6.660654 19.631969 0.143926 -0.648242 49.347668 -0.698862 -6.596408 0.353029 -1.51115 -0.031939 20.222797 3.684311 2.31663 18.787273 5e-06 2e-06 10.751631 -0.479869 1.397907 -1e-06 -0.0 -0.0 3.273808 0.305947 -0.580113 21.486818 11.830377 2.266134 8.16293 1e-06 -0.0 18.399084 -3.798984 -4.940572 3e-06 1e-06 -2e-06 4.533695 17.747713 -1.589277 -0.055484 -0.191095 12.23597 -4.335176 0.112343 -7.758812 1.609915 -1.803035 1.223134 -0.0 -0.0 2e-06 -6.412335 -14.089975 -0.412772 0.061796 -0.160656 10.134743 6.712814 1.124197 -6.545509 -1.450264 0.803608 0.870073 -0.0 0.0 -1e-06 
0.0 0.0 0.0 0.0 -0.0 0.0 -1.550811 99.663391 236.351868 0.268824 -3.43373 -1.338153 0.158417 0.26253 -5.589208 -0.155267 0.970841 -7.063404 0.695688 -0.694268 13.779088 0.058567 2.539921 0.785843 -0.009579 1.718501 -3.189069 0.54758 0.52459 8.311622 7.7e-05 -2.3e-05 6e-06 -0.002315 0.037002 -0.055692 0.845999 -3.653521 -10.434255 -0.85163 3.730148 -10.44576 -24.720715 -7.772068 20.093254 -48.342693 -9.644629 37.826809 -0.744882 -14.493166 0.078216 0.230968 5.844384 -24.375063 -5.882102 9.861279 0.70259 -10.936866 -0.360574 7.156201 -0.0 8.774819 -1e-06 -16.7885 17.937567 5.529673 -1.844031 2.498502 -2.507276 -10.163594 4.678942 4.621107 -20.976013 -3e-06 1e-06 -21.226273 2.451696 -3.593999 -1e-06 -5e-06 -1e-06 -1.362681 2.240796 -0.746323 -21.334904 0.584909 3.008324 -13.821208 -3e-06 2e-06 -23.887157 -0.249079 -0.839481 -60.498749 2.654435 -1.59229 -0.294024 1.679686 0.833254 -14.2182 0.093215 1.300582 -34.212032 -0.287562 0.967171 -20.033205 0.964537 1.212843 -0.0 1e-06 -1e-06 -3.440387 0.788233 0.501656 -15.928177 -3.167307 2.999706 -6.338822 -1e-06 2e-06 -18.123438 3.64818 -4.905665 -5e-06 1e-06 -0.0 18.490067 18.490969 18.923374 52.804462 6.518339 34.496418 0.793152 25.041388 -0.079352 -1.899297 -9.572144 -27.729139 2.243541 -5.255034 -3.180156 14.282887 -0.826595 6.9525 -2e-06 -12.690597 1e-06 16.252926 -17.20911 2.331832 1.665666 -1.95592 -2.878298 4.727798 -4.170585 4.993921 11.020524 3e-06 -2e-06 12.109051 -3.735713 -2.866784 0.0 -0.0 1e-06 1.291986 -1.928549 -1.498088 14.800125 0.567467 3.865604 14.242568 -1.341736 -6.660657 19.631966 0.143927 -0.648245 49.401371 -0.628835 -6.632512 0.353029 -1.51115 -0.031941 20.222786 3.684307 2.31663 18.78727 5e-06 -2e-06 10.751626 -0.479868 1.397905 -2e-06 0.0 0.0 3.273806 0.305947 -0.580109 21.486809 11.830366 2.266131 8.162924 1e-06 -2e-06 18.399078 -3.798983 -4.940576 2e-06 0.0 -3e-06 4.223995 18.202419 -1.740169 -0.053039 -0.214993 12.068103 -4.471886 -0.216228 -7.728807 1.622255 -1.828607 1.08656 0.0 -0.0 2e-06 -6.665597 -14.254446 -0.839788 0.060495 -0.186554 10.543986 6.788145 1.392179 -6.768605 -1.459602 0.797929 0.756115 0.0 0.0 -1e-06 
0.0 0.0 0.0 0.0 -0.0 0.0 -1.477141 99.646339 236.282761 0.371017 -3.365626 -1.100399 0.098576 0.241883 -5.688887 -0.169185 0.911121 -7.067665 0.620325 -0.710229 13.775074 0.098806 2.440102 0.693962 0.029992 1.911206 -3.208768 0.487406 0.574196 8.449119 7.7e-05 -2.2e-05 6e-06 -0.002836 0.020239 -0.057521 0.834522 -3.667315 -10.404455 -0.841199 3.710289 -10.411322 -24.67547 -7.466902 19.980942 -47.590515 -8.793424 37.392246 -0.601629 -14.801309 0.096422 -0.449293 5.734229 -25.621391 -5.882108 9.861288 0.702591 -10.936877 -0.360575 7.156211 0.0 8.774831 -2e-06 -16.856775 17.925812 5.542864 -1.844033 2.498505 -2.507277 -10.163604 4.678947 4.621111 -20.976034 -1e-06 4e-06 -21.226295 2.451697 -3.594001 -1e-06 -5e-06 -1e-06 -1.362681 2.240799 -0.746323 -21.334921 0.58491 3.008326 -13.821218 -2e-06 2e-06 -23.887182 -0.249078 -0.839481 -60.587864 2.549905 -1.445989 -0.294026 1.679688 0.833255 -14.218214 0.093214 1.300584 -34.212063 -0.287564 0.967175 -20.033222 0.96454 1.212846 -0.0 0.0 0.0 -3.44039 0.788234 0.501657 -15.928192 -3.167311 2.999712 -6.338829 -1e-06 0.0 -18.123457 3.648184 -4.905672 -5e-06 0.0 -3e-06 18.599874 17.853491 18.852951 51.87965 5.066069 34.628807 0.545061 26.975527 -0.095346 -0.905208 -8.825934 -29.2104 2.243542 -5.255037 -3.180158 14.282898 -0.826591 6.952502 -6e-06 -12.690607 -0.0 16.199327 -17.334061 2.371269 1.665667 -1.955921 -2.878299 4.7278 -4.170587 4.993925 11.020531 6e-06 -1e-06 12.109058 -3.735712 -2.866784 0.0 0.0 -2e-06 1.291986 -1.928549 -1.49809 14.800138 0.567471 3.865607 14.242579 -1.341733 -6.660657 19.631981 0.14393 -0.648242 49.440304 -0.630487 -6.561662 0.353029 -1.511151 -0.03194 20.222801 3.684315 2.316628 18.787283 9e-06 -0.0 10.751631 -0.479865 1.397907 -2e-06 0.0 0.0 3.273808 0.305948 -0.580111 21.486828 11.830382 2.266133 8.162931 3e-06 -2e-06 18.399092 -3.798979 -4.940575 4e-06 1e-06 -2e-06 3.979738 18.387819 -2.200534 -0.05165 -0.222722 12.31683 -4.539972 -0.195415 -7.781349 1.630738 -1.854556 1.019367 0.0 -0.0 2e-06 -6.741777 -14.286468 -1.42204 0.053566 -0.169057 11.09164 6.796747 1.418132 -6.964842 -1.45999 0.82331 0.730109 -0.0 0.0 -1e-06 
