HIERARCHY
ROOT Root
{
  OFFSET 0.0 0.0 0.0
  CHANNELS 6 Xposition Yposition Zposition Zrotation Yrotation Xrotation
  JOINT Hips
  {
    OFFSET 0.0 100.0 0.0
    CHANNELS 6 Xposition Yposition Zposition Zrotation Yrotation Xrotation
    JOINT Spine1
    {
      OFFSET -0.013727 5.003763 -0.053727
      CHANNELS 3 Zrotation Yrotation Xrotation
      JOINT Spine2
      {
        OFFSET -0.0 7.125301 -0.029825
        CHANNELS 3 Zrotation Yrotation Xrotation
        JOINT Chest
        {
          OFFSET -1e-06 7.550063 -0.815971
          CHANNELS 3 Zrotation Yrotation Xrotation
          JOINT Neck1
          {
            OFFSET -0.181677 26.311295 -0.553348
            CHANNELS 3 Zrotation Yrotation Xrotation
            JOINT Neck2
            {
              OFFSET -3e-06 7.709397 2.302585
              CHANNELS 3 Zrotation Yrotation Xrotation
              JOINT Head
              {
                OFFSET -5e-06 6.128916 1.953709
                CHANNELS 3 Zrotation Yrotation Xrotation
                JOINT HeadEnd
                {
                  OFFSET 0.003598 16.065403 -1.835379
                  CHANNELS 3 Zrotation Yrotation Xrotation
                }
                JOINT Jaw
                {
                  OFFSET 0.002637 0.475592 3.094941
                  CHANNELS 3 Zrotation Yrotation Xrotation
                }
                JOINT LeftEye
                {
                  OFFSET 3.206381 5.380205 7.586883
                  CHANNELS 3 Zrotation Yrotation Xrotation
                }
                JOINT RightEye
                {
                  OFFSET -3.22244 5.361869 7.558234
                  CHANNELS 3 Zrotation Yrotation Xrotation
                }
              }
            }
          }
          JOINT LeftShoulder
          {
            OFFSET 1.621652 23.237164 5.113413
            CHANNELS 3 Zrotation Yrotation Xrotation
            JOINT LeftArm
            {
              OFFSET 14.919846 2e-06 -5.502326
              CHANNELS 3 Zrotation Yrotation Xrotation
              JOINT LeftForeArm
              {
                OFFSET 28.739307 0.0 -0.002588
                CHANNELS 3 Zrotation Yrotation Xrotation
                JOINT LeftHand
                {
                  OFFSET 27.093981 -1e-06 0.002609
                  CHANNELS 3 Zrotation Yrotation Xrotation
                  JOINT LeftHandThumb1
                  {
                    OFFSET 2.276482 -1.392045 3.191413
                    CHANNELS 3 Zrotation Yrotation Xrotation
                    JOINT LeftHandThumb2
                    {
                      OFFSET 4.012836 -1.828127 1.641654
                      CHANNELS 3 Zrotation Yrotation Xrotation
                      JOINT LeftHandThumb3
                      {
                        OFFSET 2.798515 0.0 -3e-06
                        CHANNELS 3 Zrotation Yrotation Xrotation
                        JOINT LeftHandThumbEnd
                        {
                          OFFSET 3.180793 -4e-06 4e-06
                          CHANNELS 3 Zrotation Yrotation Xrotation
                        }
                      }
                    }
                  }
                  JOINT LeftHandIndex1
                  {
                    OFFSET 3.247555 -0.531998 2.296169
                    CHANNELS 3 Zrotation Yrotation Xrotation
                    JOINT LeftHandIndex2
                    {
                      OFFSET 6.364578 0.01206 0.1786
                      CHANNELS 3 Zrotation Yrotation Xrotation
                      JOINT LeftHandIndex3
                      {
                        OFFSET 3.662364 0.0 0.0
                        CHANNELS 3 Zrotation Yrotation Xrotation
                        JOINT LeftHandIndex4
                        {
                          OFFSET 2.329242 4e-06 4e-06
                          CHANNELS 3 Zrotation Yrotation Xrotation
                          JOINT LeftHandIndexEnd
                          {
                            OFFSET 2.759615 -0.180537 -0.113024
                            CHANNELS 3 Zrotation Yrotation Xrotation
                          }
                        }
                      }
                    }
                  }
                  JOINT LeftHandMiddle1
                  {
                    OFFSET 3.163495 0.240981 1.000332
                    CHANNELS 3 Zrotation Yrotation Xrotation
                    JOINT LeftHandMiddle2
                    {
                      OFFSET 6.19078 -0.259278 -1.002548
                      CHANNELS 3 Zrotation Yrotation Xrotation
                      JOINT LeftHandMiddle3
                      {
                        OFFSET 4.35652 -4e-06 -1e-06
                        CHANNELS 3 Zrotation Yrotation Xrotation
                        JOINT LeftHandMiddle4
                        {
                          OFFSET 2.996877 -8e-06 0.0
                          CHANNELS 3 Zrotation Yrotation Xrotation
                          JOINT LeftHandMiddleEnd
                          {
                            OFFSET 2.304287 -0.294569 -0.031741
                            CHANNELS 3 Zrotation Yrotation Xrotation
                          }
                        }
                      }
                    }
                  }
                  JOINT LeftHandRing1
                  {
                    OFFSET 2.882643 -0.053652 -0.322543
                    CHANNELS 3 Zrotation Yrotation Xrotation
                    JOINT LeftHandRing2
                    {
                      OFFSET 5.854541 -0.486202 -1.373841
                      CHANNELS 3 Zrotation Yrotation Xrotation
                      JOINT LeftHandRing3
                      {
                        OFFSET 4.350578 0.0 3e-06
                        CHANNELS 3 Zrotation Yrotation Xrotation
                        JOINT LeftHandRing4
                        {
                          OFFSET 2.651321 7e-06 2e-06
                          CHANNELS 3 Zrotation Yrotation Xrotation
                          JOINT LeftHandRingEnd
                          {
                            OFFSET 1.936105 0.077687 -7.1e-05
                            CHANNELS 3 Zrotation Yrotation Xrotation
                          }
                        }
                      }
                    }
                  }
                  JOINT LeftHandPinky1
                  {
                    OFFSET 2.8655 -0.310005 -1.600378
                    CHANNELS 3 Zrotation Yrotation Xrotation
                    JOINT LeftHandPinky2
                    {
                      OFFSET 5.087849 -1.331141 -1.77123
                      CHANNELS 3 Zrotation Yrotation Xrotation
                      JOINT LeftHandPinky3
                      {
                        OFFSET 3.070974 4e-06 0.0
                        CHANNELS 3 Zrotation Yrotation Xrotation
                        JOINT LeftHandPinky4
                        {
                          OFFSET 1.549672 0.0 1e-06
                          CHANNELS 3 Zrotation Yrotation Xrotation
                          JOINT LeftHandPinkyEnd
                          {
                            OFFSET 1.944893 -0.157802 0.057219
                            CHANNELS 3 Zrotation Yrotation Xrotation
                          }
                        }
                      }
                    }
                  }
                }
              }
            }
          }
          JOINT RightShoulder
          {
            OFFSET -1.380118 23.180309 5.214158
            CHANNELS 3 Zrotation Yrotation Xrotation
            JOINT RightArm
            {
              OFFSET -15.037196 1.2e-05 -5.545604
              CHANNELS 3 Zrotation Yrotation Xrotation
              JOINT RightForeArm
              {
                OFFSET -28.736639 2e-06 -0.002597
                CHANNELS 3 Zrotation Yrotation Xrotation
                JOINT RightHand
                {
                  OFFSET -27.133619 -0.0 0.002613
                  CHANNELS 3 Zrotation Yrotation Xrotation
                  JOINT RightHandThumb1
                  {
                    OFFSET -2.274032 -1.383988 3.163127
                    CHANNELS 3 Zrotation Yrotation Xrotation
                    JOINT RightHandThumb2
                    {
                      OFFSET -4.011429 -1.827466 1.640914
                      CHANNELS 3 Zrotation Yrotation Xrotation
                      JOINT RightHandThumb3
                      {
                        OFFSET -2.794935 -4e-06 -3e-06
                        CHANNELS 3 Zrotation Yrotation Xrotation
                        JOINT RightHandThumbEnd
                        {
                          OFFSET -3.183852 4e-06 1e-06
                          CHANNELS 3 Zrotation Yrotation Xrotation
                        }
                      }
                    }
                  }
                  JOINT RightHandIndex1
                  {
                    OFFSET -3.253266 -0.520057 2.282866
                    CHANNELS 3 Zrotation Yrotation Xrotation
                    JOINT RightHandIndex2
                    {
                      OFFSET -6.341917 0.012471 0.178266
                      CHANNELS 3 Zrotation Yrotation Xrotation
                      JOINT RightHandIndex3
                      {
                        OFFSET -3.654871 -8e-06 -0.0
                        CHANNELS 3 Zrotation Yrotation Xrotation
                        JOINT RightHandIndex4
                        {
                          OFFSET -2.327586 0.0 1e-06
                          CHANNELS 3 Zrotation Yrotation Xrotation
                          JOINT RightHandIndexEnd
                          {
                            OFFSET -2.76179 -0.180656 -0.113078
                            CHANNELS 3 Zrotation Yrotation Xrotation
                          }
                        }
                      }
                    }
                  }
                  JOINT RightHandMiddle1
                  {
                    OFFSET -3.168106 0.246593 1.00103
                    CHANNELS 3 Zrotation Yrotation Xrotation
                    JOINT RightHandMiddle2
                    {
                      OFFSET -6.180828 -0.258836 -1.000895
                      CHANNELS 3 Zrotation Yrotation Xrotation
                      JOINT RightHandMiddle3
                      {
                        OFFSET -4.348901 0.0 -0.0
                        CHANNELS 3 Zrotation Yrotation Xrotation
                        JOINT RightHandMiddle4
                        {
                          OFFSET -3.00024 -4e-06 -2e-06
                          CHANNELS 3 Zrotation Yrotation Xrotation
                          JOINT RightHandMiddleEnd
                          {
                            OFFSET -2.30252 -0.29437 -0.031706
                            CHANNELS 3 Zrotation Yrotation Xrotation
                          }
                        }
                      }
                    }
                  }
                  JOINT RightHandRing1
                  {
                    OFFSET -2.88569 -0.067952 -0.308858
                    CHANNELS 3 Zrotation Yrotation Xrotation
                    JOINT RightHandRing2
                    {
                      OFFSET -5.854198 -0.48613 -1.373731
                      CHANNELS 3 Zrotation Yrotation Xrotation
                      JOINT RightHandRing3
                      {
                        OFFSET -4.33881 -4e-06 -0.0
                        CHANNELS 3 Zrotation Yrotation Xrotation
                        JOINT RightHandRing4
                        {
                          OFFSET -2.654903 -4e-06 4e-06
                          CHANNELS 3 Zrotation Yrotation Xrotation
                          JOINT RightHandRingEnd
                          {
                            OFFSET -1.933568 0.077527 -5.2e-05
                            CHANNELS 3 Zrotation Yrotation Xrotation
                          }
                        }
                      }
                    }
                  }
                  JOINT RightHandPinky1
                  {
                    OFFSET -2.866425 -0.342796 -1.584145
                    CHANNELS 3 Zrotation Yrotation Xrotation
                    JOINT RightHandPinky2
                    {
                      OFFSET -5.091371 -1.332055 -1.772385
                      CHANNELS 3 Zrotation Yrotation Xrotation
                      JOINT RightHandPinky3
                      {
                        OFFSET -3.062664 -4e-06 1e-06
                        CHANNELS 3 Zrotation Yrotation Xrotation
                        JOINT RightHandPinky4
                        {
                          OFFSET -1.546529 4e-06 -2e-06
                          CHANNELS 3 Zrotation Yrotation Xrotation
                          JOINT RightHandPinkyEnd
                          {
                            OFFSET -1.945119 -0.157718 0.057211
                            CHANNELS 3 Zrotation Yrotation Xrotation
                          }
                        }
                      }
                    }
                  }
                }
              }
            }
          }
        }
      }
    }
    JOINT LeftLeg
    {
      OFFSET 10.043214 -8.434526 2.595655
      CHANNELS 3 Zrotation Yrotation Xrotation
      JOINT LeftShin
      {
        OFFSET -1e-06 -43.221752 -0.802913
        CHANNELS 3 Zrotation Yrotation Xrotation
        JOINT LeftFoot
        {
          OFFSET 1e-06 -42.155094 -3.481523
          CHANNELS 3 Zrotation Yrotation Xrotation
          JOINT LeftToeBase
          {
            OFFSET 0.0 -5.059472 13.231529
            CHANNELS 3 Zrotation Yrotation Xrotation
            JOINT LeftToeEnd
            {
              OFFSET -0.009607 -1.647619 6.513017
              CHANNELS 3 Zrotation Yrotation Xrotation
            }
          }
        }
      }
    }
    JOINT RightLeg
    {
      OFFSET -10.047278 -8.29526 2.620317
      CHANNELS 3 Zrotation Yrotation Xrotation
      JOINT RightShin
      {
        OFFSET 1e-06 -43.362206 -0.805556
        CHANNELS 3 Zrotation Yrotation Xrotation
        JOINT RightFoot
        {
          OFFSET 2e-06 -42.117393 -3.478398
          CHANNELS 3 Zrotation Yrotation Xrotation
          JOINT RightToeBase
          {
            OFFSET -0.0 -5.079609 13.284196
            CHANNELS 3 Zrotation Yrotation Xrotation
            JOINT RightToeEnd
            {
              OFFSET 0.009532 -1.634378 6.460591
              CHANNELS 3 Zrotation Yrotation Xrotation
            }
          }
        }
      }
    }
  }
}
MOTION
Frames: 266
Frame Time: 0.03333333333333333
0.0 0.0 0.0 0.0 -0.0 0.0 -5.614604 98.952049 -2.090488 -0.978149 -0.935075 1.949206 3.453388 0.201281 2.295314 0.553035 1.709389 -3.74895 0.990701 0.285268 12.42995 -7.226126 3.526966 -5.1287 -0.152781 1.941675 -3.462349 4.039308 0.392772 -21.269831 7.7e-05 -2.3e-05 6e-06 -0.005225 -0.016365 0.009479 0.67735 -3.803676 -10.574371 -0.690675 3.783864 -10.597011 -6.607334 -5.681214 15.993554 -70.499161 -12.585129 23.634024 -0.097491 -24.148899 0.294147 -2.971068 2.098961 -4.881611 -5.882108 9.86129 0.70259 -10.936874 -0.360575 7.156209 1e-06 8.774828 0.0 -16.430149 18.339684 6.407206 -1.844033 2.498505 -2.507278 -10.163603 4.678946 4.621109 -20.976028 -2e-06 3e-06 -21.22629 2.451699 -3.594001 0.0 -4e-06 -2e-06 -1.362682 2.240799 -0.746323 -21.334919 0.584911 3.008324 -13.821217 -1e-06 2e-06 -23.887175 -0.249076 -0.839482 -61.610138 2.189022 -1.000819 -0.294025 1.679688 0.833257 -14.218212 0.093215 1.300584 -34.212059 -0.287562 0.967171 -20.033218 0.964539 1.212844 0.0 -0.0 -0.0 -3.440389 0.788234 0.501654 -15.928192 -3.16731 2.999709 -6.338827 -1e-06 -0.0 -18.123457 3.648183 -4.905674 -4e-06 -1e-06 -2e-06 2.295159 16.322262 15.842308 73.887184 -2.500944 4.066086 1.047767 42.343243 1.287866 -11.615855 14.150872 -11.107655 2.243542 -5.255039 -3.180159 14.282896 -0.826595 6.952507 -1e-06 -12.69061 0.0 16.239645 -17.365269 2.375716 1.665666 -1.955923 -2.878299 4.727801 -4.170589 4.993926 11.020528 3e-06 -0.0 12.109055 -3.735717 -2.866785 1e-06 0.0 1e-06 1.291985 -1.92855 -1.498091 14.800134 0.567468 3.865611 14.242577 -1.341738 -6.660658 19.631973 0.143923 -0.648243 49.676506 -0.703808 -6.021761 0.353029 -1.511149 -0.03194 20.222797 3.684311 2.316633 18.787283 4e-06 0.0 10.751633 -0.479871 1.397906 1e-06 -0.0 0.0 3.273808 0.305946 -0.58011 21.48682 11.83038 2.266138 8.16293 0.0 0.0 18.399088 -3.798989 -4.940575 4e-06 -0.0 -0.0 5.346659 -3.795448 -20.078569 0.056703 0.234672 35.994011 -12.243334 10.956348 -5.914952 1.850496 -2.243902 -3.792438 0.0 -0.0 2e-06 1.542934 1.448975 -14.118374 -0.14905 0.145976 25.112293 -1.797289 6.851692 -9.374075 -1.437414 0.905052 -0.59982 0.0 -0.0 -1e-06 
0.0 0.0 0.0 0.0 -0.0 0.0 -5.68237 98.294868 -2.205939 -0.979774 -2.156496 1.613479 3.796724 0.377683 3.40179 0.768564 2.175733 -3.3108 1.009667 0.68536 12.677209 -7.967758 3.763493 -6.204663 -0.263777 1.936503 -3.449555 3.78932 0.21131 -22.276897 7.7e-05 -2.2e-05 6e-06 0.008957 0.040797 0.016967 0.676345 -3.756535 -10.532178 -0.660742 3.847745 -10.556652 -7.038048 -4.997867 15.968106 -71.818146 -10.333395 21.832083 -0.492578 -25.069324 0.442583 -3.32054 1.265929 -4.806751 -5.88211 9.861289 0.702591 -10.936878 -0.360575 7.15621 1e-06 8.774829 -1e-06 -16.593447 18.231171 6.267461 -1.844033 2.498505 -2.507279 -10.163605 4.678947 4.621111 -20.976034 -3e-06 4e-06 -21.226295 2.451698 -3.594 -0.0 -5e-06 -1e-06 -1.362682 2.240799 -0.746324 -21.334925 0.58491 3.008324 -13.821221 -2e-06 2e-06 -23.887184 -0.249079 -0.839482 -61.747272 2.110429 -0.714554 -0.294025 1.679688 0.833258 -14.218218 0.093215 1.300583 -34.212074 -0.287564 0.967173 -20.033228 0.964537 1.212845 -1e-06 -2e-06 -0.0 -3.440391 0.788234 0.501657 -15.928198 -3.167311 2.999707 -6.338832 -1e-06 2e-06 -18.123459 3.648183 -4.905672 -5e-06 0.0 -2e-06 1.746613 17.022171 16.16258 73.716759 -3.971735 3.990271 1.340098 46.707111 1.486608 -13.068309 14.137223 -12.471171 2.243544 -5.255041 -3.180162 14.282904 -0.826595 6.952509 -3e-06 -12.690616 1e-06 16.288599 -17.397701 2.348899 1.665668 -1.955922 -2.878303 4.727803 -4.170592 4.99393 11.020536 5e-06 -3e-06 12.109061 -3.735717 -2.866787 -0.0 0.0 1e-06 1.291986 -1.92855 -1.498092 14.800142 0.567468 3.865609 14.242588 -1.341735 -6.660666 19.631989 0.14393 -0.648247 49.830437 -0.70459 -6.03606 0.353029 -1.51115 -0.031941 20.222809 3.684313 2.316631 18.787291 7e-06 -2e-06 10.751637 -0.479869 1.397906 1e-06 -0.0 0.0 3.27381 0.305947 -0.580113 21.486834 11.830386 2.266131 8.162935 2e-06 -1e-06 18.399099 -3.798988 -4.940581 4e-06 -1e-06 -1e-06 5.606652 -5.386385 -25.691458 -0.031309 0.040088 49.105175 -14.517793 11.029928 -4.706222 1.914956 -2.299584 -4.647035 -0.0 0.0 2e-06 1.523026 0.50841 -15.37813 -0.073323 0.157026 28.054947 -2.000417 8.675904 -11.068868 -1.449643 0.794342 -0.112016 0.0 -0.0 -1e-06 
0.0 0.0 0.0 0.0 -0.0 0.0 -5.682296 97.315956 -2.351097 -0.810977 -4.27377 0.913672 4.005843 0.637656 4.762065 0.947642 2.475716 -2.806907 1.0616 1.462369 13.139508 -8.953173 3.971003 -7.41162 -0.237781 1.989066 -3.456332 3.437836 0.258105 -23.059223 7.7e-05 -2.2e-05 6e-06 0.003355 0.030814 0.024614 0.655634 -3.773351 -10.513717 -0.651162 3.839148 -10.528132 -7.716777 -4.327496 16.271006 -73.144676 -7.371614 19.470284 -0.629641 -27.276894 0.459426 -3.740961 0.022842 -6.110428 -5.882112 9.861292 0.702592 -10.936881 -0.360576 7.156209 0.0 8.774831 0.0 -16.853651 18.295399 5.995331 -1.844034 2.498506 -2.507278 -10.163609 4.678948 4.62111 -20.97604 -4e-06 -1e-06 -21.226307 2.451698 -3.594004 -1e-06 -7e-06 -1e-06 -1.362683 2.240799 -0.746324 -21.334934 0.58491 3.008323 -13.821226 -2e-06 1e-06 -23.88719 -0.249079 -0.839485 -61.700043 2.170065 -0.868131 -0.294025 1.679688 0.833255 -14.218222 0.093215 1.300579 -34.212082 -0.287565 0.967168 -20.033232 0.964536 1.212843 0.0 0.0 -0.0 -3.440391 0.788234 0.501656 -15.928201 -3.167311 2.999707 -6.338833 -1e-06 1e-06 -18.123463 3.648184 -4.905674 -4e-06 -0.0 -2e-06 0.831616 17.930902 16.257608 73.207085 -4.488783 4.651829 1.532651 53.084995 1.607952 -14.524904 13.782248 -13.938706 2.243542 -5.25504 -3.180161 14.282896 -0.826596 6.952504 -2e-06 -12.690612 0.0 16.349569 -17.446569 2.270745 1.665668 -1.955923 -2.8783 4.7278 -4.170589 4.993926 11.020532 4e-06 -2e-06 12.109056 -3.735717 -2.866788 0.0 -1e-06 1e-06 1.291986 -1.928551 -1.49809 14.800136 0.567469 3.865608 14.242579 -1.341736 -6.660662 19.631975 0.143929 -0.648247 49.839092 -0.757495 -6.179898 0.353029 -1.51115 -0.03194 20.222801 3.684314 2.316627 18.787279 7e-06 -2e-06 10.75163 -0.479868 1.397906 2e-06 1e-06 -0.0 3.273808 0.305947 -0.580111 21.48682 11.830383 2.266133 8.16293 1e-06 -2e-06 18.399088 -3.798986 -4.940581 4e-06 0.0 -1e-06 5.43715 -7.274314 -31.954573 -0.116554 -0.11354 66.451523 -14.725739 11.842369 -3.929385 2.061398 -2.345903 -3.814398 0.0 -0.0 3e-06 1.264453 -0.435414 -17.303024 0.009192 0.194004 32.940598 -2.518152 11.2666 -12.998497 -1.460559 0.72473 0.032393 -0.0 -0.0 -1e-06 
0.0 0.0 0.0 0.0 -0.0 0.0 -5.663764 95.980362 -2.5049 -0.816994 -6.821823 -0.084345 4.250619 0.821408 6.082622 1.077585 2.698681 -2.292583 1.133413 2.225727 13.844578 -10.047254 4.115659 -8.62714 -0.131111 2.241383 -3.439465 3.283639 0.472864 -23.721294 7.7e-05 -2.2e-05 6e-06 0.000668 0.024413 0.023841 0.627896 -3.777117 -10.457322 -0.630135 3.827185 -10.468246 -8.824873 -3.42087 16.753561 -73.867905 -4.637908 18.010017 -0.694239 -29.513807 0.350114 -4.048893 -1.796716 -7.828429 -5.882108 9.86129 0.702593 -10.936875 -0.360574 7.156205 0.0 8.774828 -0.0 -16.920061 18.339439 5.907331 -1.844033 2.498505 -2.507277 -10.163604 4.678946 4.621108 -20.97603 -1e-06 0.0 -21.226294 2.4517 -3.594003 -2e-06 -6e-06 -0.0 -1.362682 2.240799 -0.746324 -21.334921 0.584909 3.008321 -13.82122 -3e-06 1e-06 -23.887184 -0.24908 -0.839485 -61.645435 2.30901 -1.092242 -0.294025 1.679688 0.833256 -14.218214 0.093215 1.30058 -34.212059 -0.287562 0.967168 -20.033216 0.964536 1.212841 -1e-06 -0.0 -0.0 -3.44039 0.788234 0.501656 -15.928189 -3.16731 2.999707 -6.338828 -1e-06 0.0 -18.123453 3.648184 -4.905673 -4e-06 1e-06 -2e-06 -0.203872 18.931053 16.2136 72.068512 -2.842159 6.061048 1.888575 60.09404 1.815919 -15.581975 13.686165 -15.077204 2.243543 -5.255041 -3.18016 14.282896 -0.826596 6.952505 -2e-06 -12.690611 -1e-06 16.307814 -17.393686 2.228863 1.665667 -1.955922 -2.8783 4.727801 -4.170591 4.993925 11.020531 4e-06 -1e-06 12.109056 -3.735717 -2.866786 1e-06 1e-06 -0.0 1.291986 -1.92855 -1.49809 14.800132 0.567469 3.865609 14.242579 -1.341736 -6.66066 19.631973 0.143927 -0.648245 49.68602 -0.797936 -6.300861 0.353029 -1.511151 -0.031939 20.222797 3.684312 2.316631 18.787283 5e-06 -1e-06 10.751634 -0.47987 1.397906 2e-06 1e-06 0.0 3.273808 0.305947 -0.580111 21.486824 11.830381 2.266135 8.16293 3e-06 -0.0 18.39909 -3.798986 -4.940579 3e-06 1e-06 1e-06 5.249194 -8.241456 -38.18734 -0.283406 -0.194479 84.811699 -13.656671 12.431731 -3.258781 2.17467 -2.328505 -3.05713 0.0 0.0 0.0 1.2202 -0.867639 -19.163366 0.065924 0.246335 38.277351 -3.314954 13.592776 -15.344849 -1.466762 0.731555 -0.007383 -0.0 -0.0 -1e-06 
0.0 0.0 0.0 0.0 -0.0 0.0 -5.573524 94.486168 -2.612985 -0.708757 -9.332006 -1.48442 4.400637 0.872059 7.318858 1.14854 2.898886 -1.783432 0.990544 2.883298 14.766106 -11.023667 4.278678 -9.701807 -0.073118 2.541432 -3.404293 3.50152 0.566408 -23.952517 7.7e-05 -2.3e-05 5e-06 0.011857 0.052105 0.025771 0.597085 -3.73826 -10.353544 -0.579358 3.843418 -10.377563 -10.428549 -2.337118 17.321888 -73.40136 -2.975138 18.120434 -0.808906 -30.548876 0.290232 -4.593947 -4.116227 -8.990975 -5.882108 9.861286 0.70259 -10.936877 -0.360576 7.156207 -0.0 8.774828 -1e-06 -16.840599 18.279739 5.930466 -1.844033 2.498505 -2.507278 -10.163606 4.678944 4.621109 -20.976036 -6e-06 2e-06 -21.226295 2.451696 -3.594 -0.0 -7e-06 -0.0 -1.362682 2.240798 -0.746324 -21.334925 0.584907 3.008325 -13.821221 -5e-06 2e-06 -23.887182 -0.249081 -0.83948 -61.554337 2.484414 -1.269118 -0.294025 1.679687 0.833256 -14.218215 0.093213 1.300581 -34.212067 -0.287567 0.967172 -20.033222 0.964535 1.212846 -1e-06 -1e-06 -0.0 -3.44039 0.788233 0.501655 -15.928192 -3.167312 2.999707 -6.338829 -2e-06 1e-06 -18.123453 3.648181 -4.905673 -3e-06 1e-06 -2e-06 -1.412295 19.931871 15.792425 69.837311 1.762551 8.855991 2.800015 66.425018 2.556412 -15.904785 13.387724 -16.39908 2.243542 -5.255041 -3.180159 14.282896 -0.826594 6.952506 -2e-06 -12.690612 1e-06 16.294493 -17.30188 2.2998 1.665668 -1.955923 -2.8783 4.727798 -4.170589 4.993926 11.020531 4e-06 -2e-06 12.109056 -3.735718 -2.866786 1e-06 -0.0 1e-06 1.291985 -1.928551 -1.49809 14.800136 0.567468 3.865609 14.242578 -1.341738 -6.660665 19.631975 0.143929 -0.648245 49.656193 -0.83771 -6.364335 0.353029 -1.511153 -0.03194 20.222799 3.684315 2.316632 18.787283 6e-06 -0.0 10.751631 -0.479867 1.397906 0.0 -0.0 -0.0 3.273809 0.305947 -0.580111 21.486818 11.830386 2.266133 8.16293 3e-06 0.0 18.39909 -3.798987 -4.940578 4e-06 -0.0 -1e-06 4.872854 -8.575643 -44.181305 -0.439308 -0.183175 102.312157 -12.335526 12.587084 -2.701433 2.214307 -2.271384 -2.790324 -1e-06 0.0 1e-06 1.051509 -0.595074 -20.389135 0.104472 0.29153 43.229786 -4.083031 14.914688 -17.992418 -1.466896 0.813967 0.075174 0.0 0.0 -1e-06 
0.0 0.0 0.0 0.0 -0.0 0.0 -5.417033 93.238831 -2.582473 0.212207 -11.45529 -3.488783 4.164227 0.846913 8.548343 1.111766 3.13992 -1.282243 0.333536 3.452716 15.694224 -11.834732 4.283054 -10.370337 -0.059801 2.800464 -3.341121 4.047501 0.463834 -23.74865 7.7e-05 -2.3e-05 5e-06 0.019534 0.06939 0.04578 0.569894 -3.702634 -10.257834 -0.539079 3.842282 -10.308666 -11.938979 -1.470587 17.820808 -71.853683 -2.35648 19.680227 -0.790351 -30.595488 0.4045 -5.669422 -6.139935 -8.373606 -5.882108 9.861288 0.702593 -10.936875 -0.360575 7.156208 0.0 8.774828 0.0 -16.670832 18.345884 5.973364 -1.844033 2.498505 -2.50728 -10.163604 4.678947 4.62111 -20.976032 -3e-06 -1e-06 -21.226295 2.451696 -3.594004 1e-06 -7e-06 -1e-06 -1.362682 2.240799 -0.746324 -21.334921 0.584911 3.008323 -13.821219 -2e-06 0.0 -23.88718 -0.249079 -0.839485 -61.30827 2.749309 -1.474329 -0.294025 1.679688 0.833256 -14.218214 0.093216 1.300581 -34.212063 -0.287564 0.967168 -20.033222 0.964536 1.212842 0.0 1e-06 -0.0 -3.44039 0.788234 0.501656 -15.928192 -3.167309 2.999707 -6.338828 -1e-06 2e-06 -18.123451 3.648183 -4.905674 -5e-06 -1e-06 -1e-06 -3.04533 20.755901 14.992393 66.243713 9.540691 13.319858 4.019002 71.866913 3.729738 -14.940886 12.280111 -17.938396 2.243541 -5.255034 -3.180156 14.282883 -0.826595 6.952501 -0.0 -12.690599 -1e-06 16.521145 -17.277241 2.472371 1.665666 -1.955923 -2.878298 4.727798 -4.170586 4.993921 11.02052 1e-06 -1e-06 12.109048 -3.735716 -2.866784 1e-06 0.0 0.0 1.291985 -1.92855 -1.498088 14.800122 0.567467 3.865607 14.242564 -1.341738 -6.660655 19.631958 0.143925 -0.648243 50.29192 -0.767211 -6.383088 0.353029 -1.511151 -0.03194 20.222784 3.684308 2.31663 18.787266 2e-06 -1e-06 10.751623 -0.479869 1.397905 1e-06 0.0 2e-06 3.273806 0.305946 -0.58011 21.486801 11.830369 2.266134 8.162922 1e-06 -0.0 18.399075 -3.798986 -4.940573 3e-06 0.0 -2e-06 3.866183 -8.822699 -50.044506 -0.477936 -0.196217 117.449051 -11.126557 12.070832 -2.310642 2.207784 -2.21088 -2.600735 0.0 -0.0 3e-06 0.031956 0.431414 -20.571442 0.14415 0.332829 47.282234 -4.48908 14.983669 -20.344936 -1.453651 0.909135 0.228051 -0.0 0.0 -1e-06 
0.0 0.0 0.0 0.0 -0.0 0.0 -5.215509 92.563614 -2.428461 1.901084 -13.063299 -5.838778 3.596956 0.823733 9.792982 0.981686 3.563407 -0.761311 -0.65115 3.962745 16.384411 -12.684425 4.200013 -10.705677 -0.123403 2.747073 -3.224001 4.699234 0.122015 -23.426361 7.7e-05 -2.3e-05 6e-06 0.015178 0.055232 0.062151 0.568338 -3.700397 -10.237155 -0.547827 3.811099 -10.321321 -12.376841 -0.862419 18.015514 -70.113426 -1.432033 21.00058 -0.216369 -32.320427 0.554956 -5.806714 -7.021614 -7.311039 -5.88211 9.861292 0.702589 -10.936877 -0.360573 7.15621 -1e-06 8.774831 -1e-06 -16.567984 18.419594 5.895668 -1.844034 2.498507 -2.507281 -10.163604 4.678949 4.621109 -20.97603 -3e-06 -3e-06 -21.226301 2.451698 -3.594007 0.0 -6e-06 0.0 -1.362683 2.240799 -0.746324 -21.334925 0.584912 3.008323 -13.82122 -1e-06 -1e-06 -23.88718 -0.249079 -0.839489 -60.906143 2.848644 -1.742331 -0.294025 1.679688 0.833257 -14.218215 0.093217 1.30058 -34.212055 -0.287563 0.967165 -20.033218 0.964537 1.21284 0.0 1e-06 0.0 -3.44039 0.788234 0.501656 -15.928192 -3.16731 2.999707 -6.338829 0.0 0.0 -18.123455 3.648187 -4.905676 -4e-06 1e-06 -2e-06 -5.648648 21.709372 13.832206 61.275826 19.408419 17.121216 7.085322 79.301338 7.24242 -12.138382 10.652715 -19.078428 2.243541 -5.25504 -3.18016 14.282898 -0.826597 6.952507 0.0 -12.69061 -1e-06 16.837292 -17.254236 2.649898 1.665666 -1.955922 -2.8783 4.7278 -4.17059 4.993926 11.020535 2e-06 0.0 12.109058 -3.735719 -2.866787 -0.0 0.0 1e-06 1.291985 -1.928551 -1.498091 14.800138 0.567467 3.86561 14.242579 -1.341738 -6.660663 19.631975 0.143925 -0.648245 51.458214 -0.631847 -6.249271 0.353029 -1.511151 -0.03194 20.222801 3.684309 2.316631 18.787287 3e-06 -2e-06 10.751635 -0.47987 1.397906 0.0 0.0 -0.0 3.273808 0.305947 -0.580111 21.486824 11.830379 2.266134 8.16293 1e-06 -1e-06 18.399092 -3.798988 -4.940579 3e-06 -0.0 -1e-06 2.765983 -9.440742 -56.585979 -0.480767 -0.312283 129.318756 -10.009205 11.01952 -2.322452 2.159581 -2.155817 -2.637865 -1e-06 0.0 2e-06 -1.711009 2.032775 -19.815527 0.163095 0.384883 49.951096 -4.416695 14.001064 -21.692371 -1.421068 0.966013 0.364629 0.0 -0.0 -1e-06 
0.0 0.0 0.0 0.0 -0.0 0.0 -5.023 92.633278 -2.23615 3.538858 -13.739533 -7.535866 3.035029 0.847979 10.832082 0.829575 4.190126 -0.381856 -1.509753 4.356452 16.629309 -13.300843 4.281181 -10.918937 -0.377583 2.180862 -3.121416 5.142805 -0.862781 -23.351137 7.7e-05 -2.3e-05 6e-06 -0.006818 0.015112 0.045856 0.57063 -3.739387 -10.338203 -0.596013 3.764431 -10.437455 -11.307693 -0.498519 17.914825 -68.573967 1.201371 19.446775 0.633897 -38.589962 0.48566 -2.812206 -6.950052 -7.73081 -5.882111 9.861295 0.70259 -10.93688 -0.360576 7.15621 1e-06 8.774834 -1e-06 -16.609253 18.280643 5.666866 -1.844034 2.498507 -2.50728 -10.16361 4.678948 4.62111 -20.976042 -4e-06 -2e-06 -21.226307 2.451698 -3.594006 0.0 -8e-06 -1e-06 -1.362683 2.2408 -0.746325 -21.334934 0.584909 3.008323 -13.821225 -3e-06 -1e-06 -23.887192 -0.249083 -0.839487 -60.467278 2.573399 -1.996245 -0.294025 1.679689 0.833256 -14.218221 0.093214 1.30058 -34.212078 -0.287568 0.967168 -20.033234 0.964534 1.212844 -1e-06 0.0 -0.0 -3.440392 0.788234 0.501655 -15.928196 -3.167313 2.999707 -6.338831 -1e-06 2e-06 -18.123463 3.648183 -4.905676 -3e-06 1e-06 -3e-06 -9.795917 23.104506 11.877261 54.939678 28.249214 15.000733 153.946503 87.077446 154.636993 -9.880274 9.268853 -22.187004 2.243543 -5.255039 -3.180159 14.282898 -0.826598 6.952506 1e-06 -12.69061 1e-06 16.888914 -16.921629 2.612931 1.665668 -1.955922 -2.8783 4.727804 -4.170591 4.993927 11.020534 2e-06 -1e-06 12.109058 -3.735719 -2.866785 1e-06 -0.0 0.0 1.291987 -1.92855 -1.49809 14.800136 0.567466 3.865609 14.24258 -1.341738 -6.660661 19.631977 0.143925 -0.648246 51.892044 -0.603882 -6.01249 0.35303 -1.511151 -0.03194 20.222803 3.684309 2.316631 18.787285 2e-06 -1e-06 10.751635 -0.47987 1.397906 -0.0 -0.0 -0.0 3.273808 0.305947 -0.580111 21.486826 11.830379 2.266133 8.162931 -0.0 -1e-06 18.399096 -3.798989 -4.94058 3e-06 0.0 -1e-06 2.790179 -10.594138 -64.609627 -0.61628 -0.463634 137.047775 -8.463805 10.224921 -3.24948 2.117084 -2.116141 -3.036667 -0.0 -1e-06 4e-06 -3.331465 3.620415 -18.642715 0.195774 0.473804 50.506268 -3.912104 12.496713 -21.785456 -1.399297 1.017924 0.571194 0.0 -0.0 -1e-06 
0.0 0.0 0.0 0.0 -0.0 0.0 -4.864309 93.757523 -2.056468 5.092047 -12.816513 -8.0121 2.279961 1.078967 11.299538 0.620199 4.815714 -0.220413 -2.314581 4.487571 16.30238 -12.803542 4.545959 -10.627157 -0.757843 0.880705 -3.099905 5.487767 -2.725861 -22.977661 7.7e-05 -2.2e-05 6e-06 -0.042107 -0.065547 0.019997 0.579741 -3.835024 -10.476602 -0.678535 3.689128 -10.578891 -9.335632 -1.147975 17.779312 -66.816139 4.860112 16.000458 0.745883 -48.180386 0.288396 2.692259 -7.56545 -9.287103 -5.882103 9.861281 0.702589 -10.936868 -0.360577 7.156198 1e-06 8.774822 -3e-06 -16.307203 18.035412 5.578925 -1.844032 2.498504 -2.507276 -10.163596 4.678943 4.621103 -20.976021 -7e-06 1e-06 -21.226286 2.451694 -3.593998 -0.0 -6e-06 -0.0 -1.362681 2.240797 -0.746323 -21.334906 0.584906 3.008319 -13.821212 -6e-06 0.0 -23.887163 -0.249084 -0.839484 -59.939308 2.099243 -1.914759 -0.294024 1.679686 0.833256 -14.218205 0.093212 1.300576 -34.212036 -0.287571 0.967167 -20.033209 0.964531 1.212842 -1e-06 -0.0 -1e-06 -3.440387 0.788233 0.501654 -15.928183 -3.167312 2.999702 -6.338824 -2e-06 0.0 -18.123444 3.648178 -4.905671 -4e-06 -0.0 -2e-06 -14.661202 23.999437 9.145666 47.152935 34.508327 5.15881 179.454025 71.819839 179.645508 -10.278776 7.7439 -28.101133 2.243544 -5.255041 -3.18016 14.282898 -0.826598 6.952511 1e-06 -12.690614 1e-06 16.509565 -16.581953 2.688436 1.665666 -1.955924 -2.878301 4.727801 -4.170591 4.993929 11.020529 -2e-06 1e-06 12.109056 -3.735722 -2.866786 0.0 -0.0 0.0 1.291984 -1.92855 -1.49809 14.800136 0.567465 3.865613 14.242578 -1.341742 -6.660661 19.631973 0.143921 -0.648245 51.520592 -0.67578 -5.934176 0.353028 -1.511152 -0.031939 20.222801 3.684307 2.316636 18.787281 -2e-06 1e-06 10.751633 -0.479872 1.397907 -0.0 1e-06 1e-06 3.273808 0.305947 -0.58011 21.48682 11.830376 2.266139 8.16293 -1e-06 1e-06 18.399094 -3.798994 -4.940578 2e-06 -1e-06 -1e-06 3.254092 -11.728514 -72.783623 -0.860195 -0.577862 139.010437 -5.832918 10.811538 -4.513283 2.106238 -2.115494 -3.802997 -2e-06 -0.0 2e-06 -5.012467 4.522046 -16.828793 0.25663 0.573066 47.620224 -2.948653 11.018978 -20.725702 -1.410432 1.08279 0.81978 0.0 -0.0 -1e-06 
0.0 0.0 0.0 0.0 -0.0 0.0 -4.975681 96.816147 -1.907871 6.640132 -9.868416 -7.093335 1.074708 1.505132 11.088595 0.167055 5.051925 -0.318986 -2.990014 4.224205 15.297122 -10.653724 4.614544 -9.663201 -1.04452 -0.855365 -3.159566 5.796051 -5.091472 -21.376112 7.7e-05 -2.2e-05 6e-06 -0.067167 -0.16188 -0.025211 0.631738 -3.944781 -10.597055 -0.781586 3.596068 -10.689528 -6.695119 -3.05261 18.226715 -65.413658 6.74871 14.747453 0.967966 -56.250568 -0.381918 7.636345 -8.804329 -10.096087 -5.88211 9.861294 0.70259 -10.936877 -0.360575 7.156208 0.0 8.774831 -1e-06 -16.230745 17.785629 5.438143 -1.844034 2.498507 -2.507278 -10.163605 4.678949 4.621109 -20.976038 -3e-06 1e-06 -21.226301 2.451698 -3.594004 -0.0 -6e-06 1e-06 -1.362683 2.2408 -0.746325 -21.334929 0.58491 3.008322 -13.821223 -3e-06 -0.0 -23.887184 -0.249082 -0.839487 -59.888477 1.864225 -1.610613 -0.294024 1.679688 0.833257 -14.218217 0.093215 1.300578 -34.212074 -0.287567 0.967166 -20.03323 0.964534 1.212841 1e-06 0.0 -1e-06 -3.440389 0.788233 0.501655 -15.928192 -3.167312 2.999707 -6.338828 0.0 -0.0 -18.123457 3.648185 -4.905677 -2e-06 1e-06 -2e-06 -19.495642 23.282997 5.98534 40.345779 37.428001 -8.561555 -176.333313 59.685268 -177.727859 -11.654093 6.147365 -34.626755 2.243542 -5.255039 -3.18016 14.282896 -0.826595 6.952509 -2e-06 -12.690609 -0.0 15.775017 -16.424366 2.996465 1.665665 -1.955922 -2.8783 4.7278 -4.170589 4.993929 11.020528 4e-06 1e-06 12.109055 -3.735718 -2.866783 0.0 -0.0 -0.0 1.291986 -1.928551 -1.49809 14.800136 0.567468 3.865612 14.242577 -1.341738 -6.660658 19.631973 0.143924 -0.648243 50.809528 -0.808781 -5.684298 0.353028 -1.51115 -0.031939 20.222801 3.684312 2.316635 18.787283 3e-06 3e-06 10.751634 -0.47987 1.397909 0.0 1e-06 -1e-06 3.273808 0.305947 -0.580112 21.48682 11.830379 2.266137 8.16293 -1e-06 1e-06 18.399088 -3.79899 -4.940577 3e-06 0.0 -2e-06 2.793168 -12.736168 -78.583763 -1.053379 -0.622598 134.357056 -3.347819 11.774912 -5.014578 2.037857 -2.114768 -4.636995 1e-06 0.0 2e-06 -6.88997 4.190367 -13.840522 0.255744 0.688149 40.353397 -1.097697 9.397636 -16.679386 -1.446792 1.004052 0.49215 -0.0 -0.0 -1e-06 
0.0 0.0 0.0 0.0 -0.0 0.0 -5.106104 101.184654 -1.676654 7.684132 -5.891055 -5.250692 -0.349081 1.672724 10.383082 -0.326732 4.974992 -0.558672 -3.592771 3.673091 13.842966 -7.004074 4.222795 -7.897399 -1.331533 -2.788952 -3.383235 6.391729 -7.892871 -18.630367 7.7e-05 -2.2e-05 6e-06 -0.056363 -0.139964 -0.034394 0.645174 -3.904332 -10.599658 -0.771378 3.598587 -10.704527 -3.036576 -5.94733 19.087368 -65.926239 5.772562 16.219534 1.424549 -60.065109 -0.779937 10.017694 -9.899672 -9.296962 -5.882106 9.861286 0.702589 -10.936872 -0.360577 7.156208 1e-06 8.774826 -1e-06 -16.36867 17.817831 5.462494 -1.844033 2.498505 -2.507277 -10.1636 4.678946 4.621109 -20.976027 -4e-06 1e-06 -21.22629 2.451695 -3.594004 -0.0 -6e-06 0.0 -1.362681 2.240798 -0.746323 -21.334913 0.584909 3.008322 -13.821214 -4e-06 1e-06 -23.887171 -0.249081 -0.839482 -60.080517 1.935874 -1.320814 -0.294025 1.679687 0.833257 -14.218208 0.093214 1.300581 -34.212051 -0.287565 0.96717 -20.033215 0.964535 1.212842 1e-06 -0.0 -1e-06 -3.440388 0.788234 0.501655 -15.928187 -3.167312 2.999707 -6.338827 -1e-06 -1e-06 -18.123447 3.648182 -4.905671 -3e-06 0.0 -2e-06 -22.6397 21.798275 3.610661 36.988663 36.503979 -19.478392 -174.228531 52.355198 -177.359299 -12.770693 5.484526 -39.011711 2.24354 -5.255038 -3.180157 14.282889 -0.826592 6.952504 -3e-06 -12.690606 -1e-06 14.997166 -16.409666 3.06135 1.665666 -1.955922 -2.878298 4.727798 -4.170587 4.993925 11.020526 3e-06 -1e-06 12.109052 -3.735717 -2.866785 -0.0 1e-06 -1e-06 1.291984 -1.928548 -1.498089 14.800127 0.567468 3.865608 14.242569 -1.341736 -6.660658 19.631962 0.143926 -0.648244 50.026829 -0.940691 -5.872591 0.35303 -1.511151 -0.031941 20.222788 3.684312 2.31663 18.78727 6e-06 0.0 10.751629 -0.479867 1.397907 0.0 -0.0 0.0 3.273808 0.305946 -0.58011 21.486813 11.830374 2.266133 8.162926 0.0 -2e-06 18.39908 -3.798987 -4.940575 2e-06 -0.0 -1e-06 1.415374 -13.331028 -77.719543 -1.194266 -0.562426 123.14595 -1.600364 14.242662 -3.894526 1.950523 -2.15454 -4.95428 -0.0 -0.0 4e-06 -8.503428 1.481138 -9.921173 0.173425 0.684511 29.726507 2.297421 8.672276 -6.940678 -1.472693 0.995453 -1.764075 0.0 -0.0 -1e-06 
0.0 0.0 0.0 0.0 -0.0 0.0 -5.126812 105.908875 -1.604952 6.843467 -3.094416 -3.382907 -0.986416 1.477015 9.696928 -0.525186 4.817616 -0.76053 -3.141937 2.912836 12.540942 -3.901633 3.454094 -6.051369 -1.386052 -3.609908 -3.41046 6.566864 -9.51551 -15.783044 7.7e-05 -2.2e-05 6e-06 -0.035142 -0.02042 -0.000951 0.636118 -3.769203 -10.605532 -0.7144 3.703257 -10.739562 -0.001672 -8.15168 19.590857 -67.981483 2.493762 18.909981 1.630921 -59.790424 -0.694364 11.338909 -11.217947 -10.348773 -5.88211 9.861292 0.70259 -10.936875 -0.360575 7.156205 -0.0 8.77483 -1e-06 -16.180309 18.053707 5.663914 -1.844034 2.498506 -2.507279 -10.163604 4.678949 4.621108 -20.976034 -3e-06 -2e-06 -21.226297 2.451697 -3.594007 0.0 -6e-06 0.0 -1.362682 2.2408 -0.746323 -21.334923 0.584908 3.008321 -13.821219 -3e-06 -1e-06 -23.887182 -0.249081 -0.839487 -60.42741 2.362439 -1.43751 -0.294025 1.679689 0.833255 -14.218215 0.093217 1.300577 -34.212059 -0.287566 0.967163 -20.033222 0.964534 1.212839 -0.0 -0.0 -1e-06 -3.44039 0.788235 0.501656 -15.928192 -3.16731 2.999705 -6.33883 -1e-06 -0.0 -18.123457 3.648186 -4.905677 -3e-06 1e-06 -1e-06 -22.808186 20.825258 2.689044 35.664448 34.82869 -25.943624 -174.201782 48.777397 -177.805817 -13.906943 4.507974 -41.458233 2.243543 -5.255041 -3.18016 14.282902 -0.826597 6.952509 -0.0 -12.690612 -1e-06 14.948636 -16.439093 3.060846 1.665666 -1.955924 -2.878302 4.727804 -4.170588 4.993929 11.020534 -1e-06 -1e-06 12.109059 -3.735722 -2.866786 -0.0 1e-06 -0.0 1.291985 -1.928551 -1.498089 14.80014 0.567468 3.865616 14.242582 -1.341742 -6.660662 19.631975 0.143919 -0.648244 49.743 -0.99777 -5.97417 0.353029 -1.511152 -0.03194 20.222803 3.684305 2.316634 18.787287 0.0 2e-06 10.751636 -0.479873 1.397908 0.0 2e-06 -1e-06 3.273808 0.305946 -0.580111 21.48683 11.830376 2.266143 8.162934 -1e-06 1e-06 18.399096 -3.79899 -4.940577 3e-06 -1e-06 -2e-06 1.331443 -12.224032 -70.121475 -1.248806 -0.499231 106.947121 -0.096793 16.858871 0.585015 1.935694 -2.214004 -4.876035 0.0 0.0 2e-06 -8.384183 -3.761848 -10.054455 0.143493 0.414669 24.81118 7.982044 9.890499 9.143993 -1.484758 1.026745 -6.260517 0.0 -0.0 -1e-06 
0.0 0.0 0.0 0.0 -0.0 0.0 -5.215203 110.265862 -1.776612 4.254178 -2.496718 -3.120909 -0.536864 1.060815 9.931923 -0.490857 4.462896 -0.743214 -1.592839 2.299388 12.12294 -1.854407 2.732049 -4.696864 -1.255579 -3.296768 -3.220307 6.015431 -9.621208 -13.600929 7.7e-05 -2.2e-05 6e-06 -0.031422 0.12852 0.07616 0.591104 -3.624517 -10.580438 -0.655383 3.855378 -10.715632 1.947107 -9.562404 19.440893 -70.411781 -2.314001 21.604546 0.387155 -56.60173 0.357298 12.506761 -12.920103 -13.059996 -5.882114 9.861299 0.702591 -10.936885 -0.360574 7.156215 -1e-06 8.774837 1e-06 -15.813724 18.315033 5.951662 -1.844035 2.498508 -2.507281 -10.163612 4.678952 4.621115 -20.976053 -4e-06 -2e-06 -21.226316 2.451698 -3.594006 -0.0 -7e-06 -1e-06 -1.362683 2.240801 -0.746325 -21.334942 0.584911 3.008326 -13.82123 -2e-06 1e-06 -23.887199 -0.24908 -0.839486 -60.629959 2.684415 -1.489264 -0.294026 1.67969 0.833257 -14.218227 0.093216 1.300581 -34.21209 -0.287564 0.967168 -20.033239 0.964536 1.212845 0.0 0.0 2e-06 -3.440392 0.788235 0.501656 -15.928206 -3.167311 2.999712 -6.338834 0.0 2e-06 -18.123468 3.648189 -4.905678 -4e-06 0.0 -2e-06 -19.988373 21.026682 3.057429 32.417084 34.307262 -30.261465 -174.620331 47.416515 -177.550705 -15.236513 3.498622 -43.662682 2.243543 -5.255039 -3.18016 14.282898 -0.826598 6.952505 1e-06 -12.690608 -3e-06 15.224521 -16.652889 3.127927 1.665668 -1.955925 -2.8783 4.727801 -4.170588 4.993926 11.020534 1e-06 -2e-06 12.109059 -3.735719 -2.866788 -0.0 2e-06 -0.0 1.291986 -1.92855 -1.498091 14.800136 0.567467 3.86561 14.242581 -1.341739 -6.66066 19.631975 0.143921 -0.648247 49.699211 -0.968883 -6.037628 0.353029 -1.51115 -0.03194 20.222803 3.684307 2.316634 18.787287 1e-06 -2e-06 10.751636 -0.479872 1.397906 -1e-06 4e-06 -1e-06 3.273807 0.305947 -0.58011 21.486824 11.830371 2.266137 8.162931 -1e-06 -1e-06 18.399096 -3.798986 -4.940579 3e-06 -1e-06 -2e-06 2.959975 -8.274505 -57.549755 -0.984063 -0.50573 86.986504 1.562016 15.960245 8.13173 1.919846 -2.194359 -4.781446 -0.0 0.0 2e-06 -6.507742 -9.93706 -16.533564 0.231932 0.257364 34.639069 12.85521 11.356516 20.086012 -1.443481 1.041765 -3.021862 0.0 0.0 -2e-06 
0.0 0.0 0.0 0.0 -0.0 0.0 -4.968335 113.307236 -2.05387 1.676485 -3.054539 -4.021749 0.51176 0.445344 10.644139 -0.245552 3.570486 -0.712277 -0.312214 1.956742 12.600189 -0.895245 2.347209 -3.872276 -0.935272 -2.677593 -3.14226 4.956172 -8.605529 -12.611523 7.7e-05 -2.3e-05 6e-06 -0.020239 0.232658 0.119155 0.568266 -3.522472 -10.500924 -0.606333 3.96103 -10.608856 3.107727 -10.847397 18.866686 -71.425117 -7.629708 26.213501 -0.39428 -52.12141 1.118788 14.097636 -14.737154 -16.046976 -5.88211 9.86129 0.702589 -10.936875 -0.360574 7.156207 0.0 8.77483 -4e-06 -15.703504 18.533621 6.203712 -1.844033 2.498506 -2.50728 -10.163604 4.678948 4.621108 -20.97603 -1e-06 -1e-06 -21.226297 2.451697 -3.594005 -0.0 -6e-06 -1e-06 -1.362682 2.240801 -0.746325 -21.334923 0.58491 3.008324 -13.821218 0.0 -1e-06 -23.887178 -0.249078 -0.839486 -60.978497 2.831179 -1.443897 -0.294025 1.679687 0.833256 -14.218214 0.093217 1.300578 -34.212059 -0.287565 0.967165 -20.033218 0.964536 1.212841 -0.0 1e-06 0.0 -3.440389 0.788234 0.501655 -15.928191 -3.16731 2.999705 -6.338829 -2e-06 -0.0 -18.123453 3.648187 -4.905675 -4e-06 0.0 -1e-06 -15.630533 21.682644 3.995448 26.762682 35.093384 -34.009476 -175.012421 46.756805 -177.186813 -16.753103 2.741794 -46.288513 2.243542 -5.255038 -3.180158 14.282896 -0.826594 6.952508 -4e-06 -12.690603 -1e-06 15.729849 -16.996784 3.198899 1.665665 -1.955923 -2.878298 4.727801 -4.170587 4.993925 11.020528 2e-06 0.0 12.109056 -3.735718 -2.866782 -1e-06 2e-06 -1e-06 1.291986 -1.92855 -1.49809 14.800136 0.567468 3.865611 14.242577 -1.341739 -6.660658 19.631973 0.143923 -0.648243 50.097095 -0.806727 -6.056772 0.353031 -1.511153 -0.031939 20.222801 3.68431 2.316638 18.787283 3e-06 2e-06 10.751633 -0.479869 1.397909 -1e-06 1e-06 -2e-06 3.273807 0.305948 -0.580108 21.486824 11.830376 2.26614 8.162932 1e-06 1e-06 18.399094 -3.798988 -4.940575 4e-06 -0.0 -2e-06 5.332556 -4.640362 -43.78212 -0.790006 -0.668948 67.347809 1.77998 12.788158 14.883924 1.866094 -2.182914 -3.906938 -0.0 0.0 3e-06 -4.87676 -13.440606 -27.778162 0.029638 -0.291364 58.140102 5.876274 9.456123 16.934628 -1.446582 0.900026 -1.362183 0.0 0.0 -5e-06 
0.0 0.0 0.0 0.0 -0.0 0.0 -4.382179 113.994858 -2.116399 -0.152104 -3.913096 -4.875778 1.652044 0.043576 11.12806 0.104439 2.401093 -0.661945 0.434666 1.339252 13.230103 -0.687526 2.332149 -3.723982 -0.72309 -2.073317 -3.179657 3.582761 -6.936154 -12.433232 7.7e-05 -2.2e-05 6e-06 -0.010683 0.195775 0.081006 0.593017 -3.543656 -10.487315 -0.609844 3.908325 -10.581707 3.654383 -11.961852 18.047466 -71.086174 -12.538957 31.396574 -0.470505 -47.894394 1.210775 16.096214 -15.694645 -17.92794 -5.882105 9.861285 0.70259 -10.93687 -0.360576 7.156204 2e-06 8.774828 1e-06 -15.891269 18.631132 6.133282 -1.844033 2.498504 -2.507277 -10.163597 4.678944 4.621107 -20.976025 -7e-06 1e-06 -21.226288 2.451693 -3.593999 -1e-06 -7e-06 -2e-06 -1.362681 2.240797 -0.746323 -21.334917 0.584905 3.008322 -13.821215 -4e-06 -1e-06 -23.887171 -0.249083 -0.83948 -61.301064 2.74134 -1.593363 -0.294023 1.679689 0.833256 -14.218208 0.093213 1.300578 -34.212051 -0.287567 0.967171 -20.033211 0.964534 1.212844 -0.0 -0.0 1e-06 -3.440386 0.788232 0.501655 -15.928185 -3.16731 2.999707 -6.338823 0.0 0.0 -18.123444 3.648181 -4.905669 -3e-06 1e-06 -3e-06 -12.103248 22.347572 5.140315 19.88093 36.505062 -38.907455 -176.32251 46.137836 -177.538712 -18.848303 2.078968 -48.336021 2.243541 -5.255037 -3.180159 14.282895 -0.826595 6.952507 -0.0 -12.690605 -2e-06 16.139727 -16.998974 3.297268 1.665667 -1.955922 -2.8783 4.727801 -4.170587 4.993924 11.020528 1e-06 -1e-06 12.109056 -3.735718 -2.866784 -0.0 -0.0 -0.0 1.291986 -1.92855 -1.498088 14.800132 0.567466 3.865608 14.242576 -1.341737 -6.660662 19.631971 0.143925 -0.648247 50.571644 -0.582999 -5.847426 0.353029 -1.511151 -0.031941 20.222792 3.68431 2.31663 18.787279 4e-06 -3e-06 10.75163 -0.479869 1.397906 1e-06 0.0 0.0 3.273807 0.305946 -0.580112 21.486816 11.830376 2.266135 8.162932 1e-06 -1e-06 18.399088 -3.798988 -4.940578 3e-06 1e-06 -1e-06 7.582475 -3.692064 -32.705997 -0.714557 -0.993886 53.701866 0.544706 10.899749 19.785645 1.884564 -2.205746 -3.126753 0.0 -0.0 1e-06 -4.42714 -13.780873 -42.023491 -0.361205 -0.494933 84.456459 -0.867518 5.777136 11.836161 -1.478052 0.897786 -1.459386 0.0 -0.0 -3e-06 
0.0 0.0 0.0 0.0 -0.0 0.0 -3.550734 112.313713 -1.969731 -1.836333 -4.726252 -5.776628 2.836167 -0.279581 11.553153 0.481107 1.45941 -0.385834 1.093924 0.462977 13.84323 -0.825683 2.522936 -4.0771 -0.421348 -1.579902 -3.279902 2.023232 -4.96101 -13.084022 7.7e-05 -2.3e-05 6e-06 -0.009774 0.053574 0.005186 0.613494 -3.6797 -10.552134 -0.627329 3.757377 -10.643686 4.240337 -12.867975 16.9249 -70.620598 -16.528545 35.236103 0.034417 -44.918854 0.470971 18.830933 -15.229994 -17.989578 -5.882111 9.861289 0.70259 -10.936875 -0.360573 7.156206 0.0 8.774828 -1e-06 -16.134441 18.840057 6.031106 -1.844033 2.498505 -2.507278 -10.163603 4.678948 4.621108 -20.976034 -2e-06 1e-06 -21.226295 2.451696 -3.594002 -1e-06 -5e-06 -2e-06 -1.362681 2.240797 -0.746325 -21.334921 0.584911 3.00832 -13.821217 -0.0 1e-06 -23.887178 -0.249081 -0.839486 -61.604477 2.771835 -1.705653 -0.294024 1.679687 0.833255 -14.218212 0.093214 1.300577 -34.212059 -0.287563 0.967167 -20.033218 0.964537 1.212843 -0.0 0.0 -1e-06 -3.44039 0.788235 0.501657 -15.928192 -3.16731 2.999707 -6.338827 -0.0 -1e-06 -18.123455 3.648182 -4.905676 -4e-06 1e-06 -1e-06 -10.137727 22.634073 6.129077 11.604245 37.357967 -45.896805 -178.655472 45.795155 -178.560043 -20.647917 0.710886 -48.420876 2.243541 -5.255036 -3.180155 14.282892 -0.826594 6.952504 -4e-06 -12.690601 -1e-06 16.371134 -16.866198 3.401661 1.665667 -1.955923 -2.878298 4.727798 -4.170585 4.993924 11.020524 5e-06 2e-06 12.10905 -3.735716 -2.866782 -1e-06 0.0 -1e-06 1.291984 -1.928548 -1.498087 14.800129 0.567469 3.865611 14.242569 -1.341736 -6.660655 19.631969 0.143927 -0.64824 50.778473 -0.429002 -5.502999 0.353028 -1.51115 -0.031939 20.222794 3.68431 2.316635 18.787277 5e-06 4e-06 10.751631 -0.479868 1.397908 -0.0 1e-06 0.0 3.273807 0.305948 -0.580111 21.486818 11.830376 2.266136 8.162926 1e-06 0.0 18.399084 -3.798984 -4.940573 2e-06 -1e-06 -1e-06 9.3147 -4.739916 -24.965277 -0.574809 -1.175333 47.181129 -0.643093 10.269903 23.10804 1.944162 -2.226227 -3.238792 0.0 -0.0 3e-06 -4.086129 -12.930283 -57.877239 -0.570868 -0.253797 108.176941 -3.651582 4.378181 7.115989 -1.512799 0.934248 -1.979676 1e-06 0.0 -1e-06 
0.0 0.0 0.0 0.0 -0.0 0.0 -2.938373 108.643402 -1.974471 -3.926431 -5.256188 -6.930585 4.198293 -0.644816 12.065412 0.909096 0.722591 0.044867 1.800119 -0.422973 14.834706 -0.882092 2.792356 -4.74154 -0.262455 -1.007206 -3.349186 0.765746 -3.25226 -14.859 7.7e-05 -2.3e-05 6e-06 -0.01693 -0.11406 -0.032159 0.602026 -3.868162 -10.622811 -0.630103 3.607716 -10.705637 5.275874 -13.351404 15.669407 -70.400261 -19.31168 36.283142 0.651474 -44.766384 -0.382365 22.88529 -14.131088 -15.682876 -5.882109 9.861288 0.702591 -10.936874 -0.360575 7.156211 1e-06 8.774827 -1e-06 -16.417107 19.190235 6.032931 -1.844033 2.498507 -2.507277 -10.163601 4.678947 4.621113 -20.97603 -1e-06 5e-06 -21.226294 2.451698 -3.593999 -0.0 -7e-06 0.0 -1.362682 2.240798 -0.746323 -21.334919 0.584911 3.008329 -13.821217 1e-06 4e-06 -23.887178 -0.249075 -0.839481 -62.432877 3.013369 -1.540504 -0.294026 1.679688 0.833258 -14.218214 0.093216 1.300582 -34.212059 -0.28756 0.967173 -20.033218 0.964539 1.212844 -0.0 1e-06 -1e-06 -3.440389 0.788233 0.501657 -15.928191 -3.167309 2.999711 -6.338828 1e-06 3e-06 -18.123451 3.648185 -4.905672 -4e-06 2e-06 -2e-06 -9.242357 22.535688 7.035265 1.82602 35.989132 -53.635975 -179.273529 45.766094 -179.151718 -21.985796 -0.277771 -44.942039 2.243542 -5.255041 -3.180161 14.282898 -0.826595 6.952508 -2e-06 -12.69061 -0.0 16.381105 -16.902065 3.509074 1.665666 -1.955922 -2.878301 4.727801 -4.170588 4.993926 11.020531 3e-06 0.0 12.109058 -3.735718 -2.866785 -0.0 -0.0 -0.0 1.291985 -1.928551 -1.49809 14.800132 0.567469 3.865611 14.242576 -1.341738 -6.660661 19.631973 0.143923 -0.648244 50.904858 -0.427414 -5.147869 0.353028 -1.51115 -0.03194 20.222801 3.684311 2.316633 18.787283 4e-06 1e-06 10.751633 -0.479871 1.397907 0.0 1e-06 0.0 3.273807 0.305947 -0.580111 21.48682 11.830377 2.266137 8.16293 -0.0 1e-06 18.399088 -3.798987 -4.940575 3e-06 -1e-06 -1e-06 10.699342 -5.620756 -19.417315 -0.376839 -1.028842 45.157692 -1.779962 8.176147 25.036068 1.984301 -2.217544 -5.362931 0.0 -0.0 2e-06 -2.740709 -11.576515 -74.915176 -0.54753 0.054357 125.865784 -3.958973 4.092964 3.126085 -1.476431 0.914086 -1.962478 0.0 -1e-06 -2e-06 
0.0 0.0 0.0 0.0 -0.0 0.0 -2.710001 103.897003 -1.998658 -6.665903 -5.528586 -8.461696 5.868125 -1.090293 12.612103 1.288767 0.276905 0.510649 2.706497 -1.149652 16.533785 -0.460405 3.013666 -5.447079 -0.621608 -0.297215 -3.30231 0.066249 -2.376583 -17.67944 7.7e-05 -2.3e-05 6e-06 -0.021339 -0.164016 -0.009859 0.583943 -3.931535 -10.613578 -0.622374 3.566435 -10.673078 7.094148 -13.273387 14.216298 -70.732063 -20.085222 34.081516 0.73378 -49.244961 -0.700746 28.917559 -14.534702 -11.800718 -5.882106 9.861289 0.70259 -10.936875 -0.360575 7.156208 1e-06 8.774828 -1e-06 -17.016104 19.693745 6.21298 -1.844035 2.498505 -2.507279 -10.1636 4.678946 4.621109 -20.976027 -3e-06 4e-06 -21.226292 2.451695 -3.593999 1e-06 -8e-06 0.0 -1.362681 2.240799 -0.746324 -21.334917 0.584908 3.008325 -13.821217 -2e-06 5e-06 -23.887175 -0.24908 -0.83948 -64.349434 3.224022 -1.114188 -0.294024 1.679688 0.833256 -14.21821 0.093213 1.30058 -34.212051 -0.287567 0.967175 -20.033218 0.964536 1.212846 -1e-06 -1e-06 -0.0 -3.440389 0.788233 0.501656 -15.928189 -3.167311 2.99971 -6.338827 -0.0 1e-06 -18.123446 3.648182 -4.905672 -4e-06 1e-06 -2e-06 -9.251987 22.346695 7.756456 -7.017187 30.863729 -58.27581 -175.566467 46.71917 -178.088608 -23.908318 0.021688 -40.751373 2.243543 -5.255037 -3.180157 14.282892 -0.826596 6.952502 -0.0 -12.690605 1e-06 16.848261 -17.34617 3.444587 1.665666 -1.955922 -2.878299 4.727798 -4.170588 4.993924 11.020525 2e-06 -0.0 12.109053 -3.735716 -2.866784 1e-06 0.0 0.0 1.291987 -1.928549 -1.498087 14.800125 0.567468 3.865606 14.242572 -1.341738 -6.660658 19.631968 0.143925 -0.648246 52.109226 -0.296933 -4.937685 0.353027 -1.511151 -0.031941 20.222794 3.684309 2.316629 18.787271 3e-06 -3e-06 10.751628 -0.479868 1.397905 -0.0 0.0 -1e-06 3.273806 0.305947 -0.580111 21.486811 11.830376 2.266132 8.162928 -1e-06 -0.0 18.39908 -3.798987 -4.940577 3e-06 -2e-06 -1e-06 12.280107 -4.828633 -14.958979 -0.213461 -0.655413 44.393738 -2.712702 3.964924 21.972321 1.96991 -2.062795 -12.063012 -0.0 0.0 3e-06 -0.339298 -8.89045 -90.858467 -0.331541 0.263666 132.543701 -3.532593 1.019819 1.16058 -1.352733 0.80737 -1.229212 0.0 -0.0 -4e-06 
0.0 0.0 0.0 0.0 -0.0 0.0 -3.01207 100.08403 -1.820122 -8.992786 -5.260844 -9.350904 7.15789 -1.253843 12.452778 1.42837 -0.138098 0.834369 3.556829 -1.806187 18.528749 0.370237 2.853373 -6.060497 -1.052139 0.289161 -3.362865 -0.474213 -1.674426 -19.802546 7.7e-05 -2.3e-05 6e-06 -0.017316 -0.049251 -0.023641 0.580266 -3.788081 -10.522217 -0.612424 3.649501 -10.567836 9.079805 -13.261144 12.625909 -70.539818 -19.185198 30.563484 0.41869 -57.20673 -0.539505 35.391445 -16.584305 -7.726918 -5.882107 9.86129 0.702594 -10.936875 -0.360573 7.156211 2e-06 8.774831 3e-06 -18.175833 20.459135 6.479574 -1.844033 2.498504 -2.507279 -10.163602 4.678948 4.621112 -20.976034 -6e-06 1e-06 -21.226295 2.451696 -3.594002 0.0 -7e-06 -1e-06 -1.362682 2.240798 -0.746324 -21.334921 0.584908 3.008324 -13.82122 -3e-06 2e-06 -23.887178 -0.249081 -0.839483 -66.948799 3.570061 -1.019007 -0.294026 1.679689 0.833255 -14.218211 0.093214 1.300579 -34.212055 -0.287566 0.967172 -20.033218 0.964535 1.212846 1e-06 -0.0 0.0 -3.440387 0.788233 0.501654 -15.928189 -3.167313 2.999708 -6.338829 0.0 1e-06 -18.123449 3.648185 -4.905672 -4e-06 0.0 -2e-06 -9.946399 22.231583 7.941345 -12.654806 22.97747 -58.294559 -171.013885 49.437801 -175.268784 -27.070873 1.143081 -38.735703 2.243543 -5.25504 -3.180161 14.282905 -0.826598 6.952507 -1e-06 -12.690611 -1e-06 17.72579 -17.899506 3.632442 1.665666 -1.955923 -2.878301 4.727803 -4.170589 4.993927 11.020536 1e-06 -0.0 12.109064 -3.735719 -2.866786 0.0 -0.0 -0.0 1.291987 -1.928551 -1.498091 14.800142 0.567468 3.865611 14.242585 -1.341737 -6.660663 19.631985 0.143925 -0.648246 55.164387 0.655999 -4.529911 0.35303 -1.511152 -0.031937 20.222811 3.684309 2.316631 18.787291 4e-06 -1e-06 10.751637 -0.47987 1.397906 -0.0 1e-06 0.0 3.273809 0.305947 -0.580111 21.486832 11.83038 2.266135 8.162934 1e-06 -1e-06 18.399101 -3.798988 -4.940581 3e-06 -1e-06 -0.0 13.915056 -2.798598 -13.023393 -0.195894 -0.632175 45.325836 0.237607 1.296944 8.852388 1.8509 -1.933414 -8.993408 0.0 -0.0 4e-06 1.482099 -5.42963 -100.563393 0.271885 0.323065 124.517464 -4.858475 -5.121102 1.326945 -1.17347 0.880184 -1.613902 0.0 0.0 -1e-06 
0.0 0.0 0.0 0.0 -0.0 0.0 -3.532334 98.429779 -1.831277 -9.295598 -4.074602 -9.013158 7.148563 -1.003576 11.596033 1.281144 -0.537473 0.651481 3.010037 -2.230403 19.851767 2.373245 2.313783 -6.16934 -1.199129 0.240482 -3.40422 -1.229236 -1.061037 -20.807125 7.7e-05 -2.2e-05 7e-06 -0.00472 0.071698 -0.035882 0.622157 -3.63941 -10.491584 -0.63194 3.745292 -10.520803 10.981117 -13.723836 11.925702 -68.719978 -18.157618 27.058725 1.46767 -65.609756 -1.210454 38.788197 -18.370882 -3.649684 -5.882113 9.861293 0.702591 -10.936882 -0.360575 7.156216 -0.0 8.774834 -1e-06 -19.209293 20.997522 6.723821 -1.844035 2.498507 -2.507281 -10.163611 4.678948 4.621114 -20.976048 -4e-06 3e-06 -21.226311 2.4517 -3.594003 -0.0 -6e-06 0.0 -1.362683 2.240801 -0.746325 -21.334938 0.584908 3.008329 -13.821229 -2e-06 4e-06 -23.887196 -0.249079 -0.839482 -69.270821 3.905225 -1.265573 -0.294026 1.679689 0.833257 -14.218224 0.093215 1.300582 -34.212082 -0.287565 0.967172 -20.033234 0.964537 1.212845 -0.0 0.0 0.0 -3.440393 0.788234 0.501655 -15.928206 -3.167313 2.999711 -6.338833 -0.0 2e-06 -18.12347 3.648184 -4.905677 -5e-06 2e-06 -2e-06 -10.836086 21.898438 8.420632 -14.866118 14.897878 -54.390598 -169.101379 54.049416 -172.444824 -31.215818 5.511641 -36.930393 2.243541 -5.255039 -3.180159 14.282896 -0.826595 6.952504 -1e-06 -12.690609 -1e-06 18.960964 -18.026562 3.489524 1.665667 -1.955922 -2.8783 4.727801 -4.170588 4.993924 11.020529 2e-06 -2e-06 12.109056 -3.735717 -2.866787 -0.0 0.0 -0.0 1.291985 -1.92855 -1.498089 14.800134 0.567467 3.86561 14.242577 -1.341738 -6.660663 19.631973 0.143925 -0.648247 58.041061 1.602568 -4.248394 0.353029 -1.51115 -0.031939 20.222797 3.684309 2.31663 18.787279 3e-06 -2e-06 10.751633 -0.479868 1.397906 -0.0 -0.0 -0.0 3.273807 0.305947 -0.580111 21.486818 11.830376 2.266134 8.16293 2e-06 -1e-06 18.399088 -3.798985 -4.940579 3e-06 -0.0 -1e-06 14.328116 -0.323215 -13.691134 -0.155574 -0.728178 45.977192 3.260839 -0.100199 0.260757 1.844636 -1.851602 -4.855231 0.0 0.0 3e-06 0.423352 -2.720583 -99.139313 0.613528 0.42367 104.269402 -3.910222 -8.959028 0.669 -1.045927 0.970544 -2.007082 0.0 0.0 -1e-06 
0.0 0.0 0.0 0.0 -0.0 0.0 -4.649545 98.57373 -1.97397 -8.010861 -1.777745 -8.076419 6.172968 -0.345082 10.883084 0.904293 -0.749356 0.282794 1.528683 -2.533788 19.445322 5.269204 1.813261 -5.606299 -1.236715 -0.604032 -3.508996 -1.893559 -1.062184 -21.001453 7.7e-05 -2.3e-05 6e-06 -0.011623 0.063731 -0.041371 0.642213 -3.623803 -10.517134 -0.66448 3.725231 -10.53666 12.61099 -14.781827 11.723786 -65.27301 -16.65365 24.127438 4.501823 -73.76178 -3.619783 40.138939 -19.969595 -3.10433 -5.882118 9.861301 0.702592 -10.936888 -0.360572 7.156217 -2e-06 8.774837 0.0 -20.498178 21.69212 7.072932 -1.844036 2.498509 -2.507283 -10.163615 4.678953 4.621115 -20.976057 3e-06 -0.0 -21.226322 2.451705 -3.594011 1e-06 -6e-06 -0.0 -1.362684 2.240802 -0.746325 -21.334946 0.584915 3.00833 -13.821234 1e-06 2e-06 -23.887205 -0.249075 -0.839487 -72.451836 3.186179 -0.936585 -0.294026 1.679689 0.833258 -14.21823 0.093219 1.300581 -34.212101 -0.287555 0.967166 -20.033243 0.964541 1.212841 -0.0 0.0 0.0 -3.440393 0.788235 0.501657 -15.928209 -3.16731 2.999712 -6.338834 2e-06 2e-06 -18.123476 3.64819 -4.905683 -3e-06 3e-06 -2e-06 -11.001594 21.143932 9.416525 -16.800434 6.540061 -51.636452 -173.670746 59.517086 -175.399063 -38.128407 11.189861 -33.997646 2.243543 -5.255044 -3.180164 14.282905 -0.826594 6.95251 1e-06 -12.690616 -4e-06 21.368828 -17.445765 2.795995 1.665668 -1.955925 -2.878303 4.727804 -4.17059 4.993927 11.02054 2e-06 -2e-06 12.109068 -3.735719 -2.866791 0.0 0.0 -0.0 1.291987 -1.928552 -1.498092 14.800146 0.567469 3.865611 14.242589 -1.341738 -6.660669 19.63199 0.143926 -0.648248 61.061939 4.451789 -3.160263 0.353029 -1.511152 -0.03194 20.222815 3.684313 2.316633 18.787296 4e-06 -3e-06 10.751641 -0.479869 1.397907 0.0 -0.0 0.0 3.27381 0.305947 -0.580112 21.486841 11.830385 2.266139 8.162938 2e-06 -1e-06 18.399107 -3.798986 -4.940585 3e-06 0.0 -1e-06 14.143316 2.860302 -15.363008 -0.164334 -0.825566 45.356953 3.214403 -4.380113 0.171248 1.863018 -1.679104 -4.686851 -0.0 -0.0 3e-06 -1.419812 -1.313507 -87.359016 0.751148 0.675416 79.092529 0.332262 -11.099183 0.816433 -1.002314 1.048839 -2.97629 0.0 0.0 -0.0 
0.0 0.0 0.0 0.0 -0.0 0.0 -6.195185 99.694481 -1.417221 -6.584281 1.364845 -7.177244 4.986008 0.04671 10.002219 0.630704 -0.570214 -0.237889 0.706433 -2.87154 17.950199 6.848076 1.356456 -4.449046 -1.571302 -1.525462 -3.478441 -2.066828 -2.600077 -19.503639 7.7e-05 -2.2e-05 6e-06 -0.014538 0.05816 0.006308 0.64716 -3.617964 -10.442586 -0.674458 3.71426 -10.45903 12.458139 -15.758349 11.981495 -60.590839 -14.535645 22.636086 11.318146 -81.058197 -10.176094 40.510067 -20.472208 -5.209365 -5.882106 9.861283 0.702591 -10.936873 -0.360575 7.15621 1e-06 8.774824 0.0 -22.498001 22.937445 7.045825 -1.844031 2.498505 -2.507278 -10.163601 4.678944 4.621111 -20.976027 -3e-06 6e-06 -21.226288 2.451696 -3.593996 -0.0 -6e-06 -0.0 -1.362682 2.240799 -0.746325 -21.334919 0.584909 3.008327 -13.821215 -3e-06 5e-06 -23.887175 -0.249078 -0.839479 -76.165565 1.820429 -1.062958 -0.294024 1.679687 0.833255 -14.21821 0.093215 1.300584 -34.212051 -0.287564 0.967177 -20.033216 0.964537 1.212847 -0.0 -1e-06 -0.0 -3.440389 0.788232 0.501656 -15.928189 -3.16731 2.999711 -6.338826 -2e-06 2e-06 -18.123444 3.648183 -4.905665 -4e-06 2e-06 -2e-06 -10.326057 20.378414 11.035348 -20.253397 -2.413928 -47.188332 -176.445526 63.44545 -177.427887 -46.426765 14.60475 -31.165262 2.243544 -5.255036 -3.180157 14.282894 -0.826595 6.952503 -3e-06 -12.690607 2e-06 24.312365 -15.422533 2.020436 1.665668 -1.955921 -2.878299 4.7278 -4.170588 4.993925 11.020528 3e-06 -2e-06 12.109055 -3.735716 -2.866783 -0.0 0.0 -0.0 1.291985 -1.928549 -1.498089 14.800129 0.567468 3.865607 14.242576 -1.341735 -6.660658 19.631971 0.143927 -0.648245 62.561977 9.207003 -1.512663 0.353029 -1.511151 -0.03194 20.222797 3.68431 2.316629 18.787273 4e-06 -1e-06 10.751629 -0.479869 1.397905 -0.0 0.0 -0.0 3.273808 0.305947 -0.580111 21.486818 11.830379 2.26613 8.162928 1e-06 -1e-06 18.399088 -3.798987 -4.940577 2e-06 -0.0 -1e-06 13.880645 4.696908 -14.882079 -0.243019 -0.975244 40.545589 0.767423 -7.579315 6.833557 1.886321 -1.503946 -5.557541 -0.0 -0.0 5e-06 -2.258794 -1.98792 -71.67379 1.036308 0.774053 58.842663 4.40497 -11.184192 5.019493 -1.038826 1.171801 -3.563503 0.0 0.0 -0.0 
0.0 0.0 0.0 0.0 -0.0 0.0 -8.176044 100.266838 -0.160185 -6.266755 5.368011 -6.293201 4.389461 0.063934 8.757739 0.554114 -0.488225 -0.866431 0.817434 -3.001698 15.737482 7.229772 0.792342 -2.949156 -1.906403 -2.640159 -3.451669 -1.850681 -4.265629 -16.904114 7.7e-05 -2.2e-05 6e-06 -0.020711 0.051889 0.04821 0.628231 -3.630574 -10.426996 -0.666432 3.717906 -10.434003 11.36825 -15.866959 12.304708 -56.459831 -11.554724 21.968954 37.562435 -86.840614 -36.002907 40.206856 -19.361259 -9.964611 -5.882107 9.861286 0.70259 -10.936877 -0.360578 7.15621 3e-06 8.774826 -3e-06 -24.907082 24.487131 6.444763 -1.844033 2.498505 -2.50728 -10.163604 4.678941 4.621109 -20.976038 -7e-06 6e-06 -21.226295 2.451694 -3.593996 0.0 -5e-06 -0.0 -1.362682 2.240798 -0.746322 -21.334929 0.584905 3.008324 -13.821221 -5e-06 3e-06 -23.887182 -0.249082 -0.839479 -79.856483 0.518421 -2.183825 -0.294025 1.679687 0.833257 -14.218216 0.093212 1.300582 -34.212063 -0.287568 0.967176 -20.033222 0.964536 1.212849 0.0 -1e-06 -0.0 -3.440389 0.788233 0.501657 -15.928198 -3.167315 2.99971 -6.338829 -2e-06 1e-06 -18.123457 3.648178 -4.905671 -4e-06 1e-06 -2e-06 -9.441622 18.870468 12.117433 -23.698673 -10.755315 -42.286747 -176.197601 65.921616 -177.376419 -53.184124 15.871988 -30.732836 2.243541 -5.255038 -3.180158 14.282893 -0.826596 6.952506 -2e-06 -12.690609 1e-06 26.492304 -12.725297 1.632036 1.665665 -1.955922 -2.878299 4.727798 -4.170589 4.993926 11.020525 2e-06 -1e-06 12.10905 -3.735717 -2.866784 -0.0 1e-06 0.0 1.291984 -1.92855 -1.498089 14.800129 0.567467 3.86561 14.242571 -1.341738 -6.660656 19.631968 0.143924 -0.648244 62.398415 13.95528 -0.246457 0.353029 -1.511151 -0.03194 20.222788 3.684309 2.316633 18.787271 2e-06 0.0 10.751629 -0.47987 1.397907 0.0 0.0 1e-06 3.273808 0.305947 -0.580111 21.486814 11.830377 2.266136 8.162928 1e-06 1e-06 18.399084 -3.798988 -4.940576 2e-06 -0.0 -1e-06 14.768932 5.986837 -14.916926 -0.292813 -0.971905 37.584652 -1.171524 -7.694602 11.901546 1.858513 -1.430676 -5.024452 -0.0 0.0 2e-06 -1.816694 -4.021928 -58.13472 1.080423 0.694401 49.766033 5.150022 -9.64268 11.036731 -1.225833 1.179322 -4.037656 0.0 0.0 -1e-06 
0.0 0.0 0.0 0.0 -0.0 0.0 -10.537097 100.087738 1.416673 -6.545036 9.487425 -5.187658 4.153751 0.136304 7.102656 0.552009 -0.616984 -1.596149 0.995289 -3.244154 13.699439 7.512336 0.330474 -1.484402 -2.326127 -3.5582 -3.442434 -1.237158 -5.863346 -13.997637 7.7e-05 -2.2e-05 6e-06 -0.031184 0.016008 0.074265 0.618883 -3.683077 -10.436394 -0.67645 3.699762 -10.433152 9.068605 -15.067189 12.425496 -51.948875 -7.187329 20.202248 156.807877 -86.237976 -154.654312 38.944595 -17.552822 -15.698348 -5.88211 9.861287 0.702589 -10.936877 -0.360575 7.156209 1e-06 8.774827 -1e-06 -26.171392 25.809864 5.905755 -1.844033 2.498506 -2.507279 -10.163604 4.678946 4.621112 -20.976034 -2e-06 5e-06 -21.226295 2.451697 -3.594 0.0 -7e-06 0.0 -1.362682 2.240798 -0.746325 -21.334923 0.584911 3.008325 -13.821218 -1e-06 2e-06 -23.88718 -0.249078 -0.839484 -81.897728 0.027967 -4.100818 -0.294024 1.679688 0.833256 -14.218216 0.093215 1.300582 -34.212067 -0.287563 0.967171 -20.033222 0.964537 1.212843 0.0 0.0 -1e-06 -3.44039 0.788233 0.501656 -15.928192 -3.16731 2.999707 -6.33883 -0.0 2e-06 -18.123453 3.648183 -4.905672 -4e-06 1e-06 -1e-06 -8.036963 16.803679 12.260824 -26.042692 -17.48192 -38.956959 -175.731674 67.257141 -177.653641 -57.346584 16.09907 -32.459927 2.243545 -5.255041 -3.18016 14.2829 -0.826595 6.952507 -2e-06 -12.690614 0.0 27.295908 -10.847928 1.717433 1.665668 -1.955923 -2.878301 4.727802 -4.17059 4.993927 11.020536 2e-06 -2e-06 12.109062 -3.735718 -2.866788 -0.0 0.0 1e-06 1.291987 -1.928551 -1.49809 14.800139 0.567469 3.865609 14.242584 -1.341738 -6.660666 19.631985 0.143927 -0.648247 62.245754 16.155218 0.520273 0.353028 -1.511151 -0.031939 20.222805 3.684312 2.316632 18.787287 5e-06 -3e-06 10.751637 -0.479868 1.397907 0.0 0.0 -1e-06 3.27381 0.305946 -0.580112 21.486832 11.830384 2.266135 8.162932 2e-06 -1e-06 18.399096 -3.798985 -4.940582 1e-06 -0.0 -1e-06 16.739676 6.848573 -17.047184 -0.340427 -0.867014 38.203899 -3.090717 -6.346027 15.206441 1.872865 -1.531185 -5.214055 0.0 0.0 2e-06 -1.574682 -6.01707 -48.011608 0.92912 0.562752 49.416821 1.920023 -5.644928 16.921648 -1.433748 1.023916 -3.439009 -0.0 -0.0 -1e-06 
0.0 0.0 0.0 0.0 -0.0 0.0 -12.904003 99.220558 3.217654 -6.173534 13.382554 -3.894652 3.639748 0.242175 5.378463 0.396338 -0.903271 -2.327027 0.749904 -3.577816 11.963304 7.718114 0.045287 0.053899 -2.761458 -4.420143 -3.527654 -0.589292 -6.98645 -11.317395 7.7e-05 -2.2e-05 6e-06 -0.035617 -0.054787 0.078954 0.636538 -3.76452 -10.467505 -0.702403 3.641003 -10.469874 5.399693 -13.622247 12.834521 -46.017784 -1.523454 16.79224 173.572449 -80.800331 -170.885147 36.27663 -15.398037 -22.337044 -5.88211 9.861293 0.702589 -10.936877 -0.360574 7.156216 -1e-06 8.774831 -3e-06 -26.598333 27.016062 5.708969 -1.844033 2.498507 -2.507281 -10.163604 4.678948 4.621113 -20.976034 -1e-06 3e-06 -21.226297 2.451701 -3.594004 -0.0 -6e-06 -1e-06 -1.362682 2.2408 -0.746325 -21.334925 0.584912 3.008328 -13.821221 -0.0 3e-06 -23.887182 -0.249075 -0.839484 -83.155693 0.129418 -6.12145 -0.294025 1.679688 0.833258 -14.218215 0.093217 1.300585 -34.212067 -0.287558 0.967173 -20.033224 0.964541 1.212844 0.0 -0.0 -0.0 -3.44039 0.788234 0.501657 -15.928196 -3.16731 2.999715 -6.338829 0.0 2e-06 -18.123457 3.648187 -4.905674 -5e-06 1e-06 -1e-06 -6.576621 14.189833 11.812054 -25.953808 -22.703617 -39.229023 -177.678696 67.971527 -179.737564 -60.002235 16.205832 -34.165279 2.243542 -5.255039 -3.18016 14.2829 -0.826593 6.952507 -4e-06 -12.69061 -0.0 26.631626 -9.228223 2.057193 1.665665 -1.955922 -2.8783 4.727801 -4.170588 4.993928 11.020535 5e-06 -1e-06 12.10906 -3.735714 -2.866786 0.0 0.0 -2e-06 1.291986 -1.92855 -1.498091 14.80014 0.56747 3.865608 14.242582 -1.341734 -6.660665 19.631981 0.143929 -0.648246 61.968723 17.284752 1.165623 0.353029 -1.511152 -0.03194 20.222803 3.684313 2.316629 18.787287 7e-06 -1e-06 10.751634 -0.479867 1.397906 -0.0 -0.0 -1e-06 3.27381 0.305948 -0.580111 21.486828 11.830382 2.266135 8.162931 3e-06 -1e-06 18.399096 -3.798983 -4.940577 2e-06 -0.0 -1e-06 18.389425 7.330719 -21.242685 -0.317563 -0.75877 42.663601 -5.762036 -5.531271 17.361694 1.902842 -1.715883 -5.934544 0.0 -1e-06 2e-06 -2.836411 -7.137206 -39.96656 0.607897 0.48109 53.687187 -3.835635 -2.857705 20.088982 -1.493447 0.758157 -2.274066 -0.0 0.0 -2e-06 
0.0 0.0 0.0 0.0 -0.0 0.0 -14.879346 97.915306 5.048969 -4.337934 15.674188 -2.489852 2.589822 0.284847 3.90044 0.067255 -1.108555 -2.917395 -0.229251 -3.57616 10.659674 7.111653 0.134887 1.651596 -3.087727 -5.020535 -3.664905 0.12146 -7.166069 -10.347758 7.7e-05 -2.3e-05 6e-06 -0.037629 -0.132166 0.094384 0.671034 -3.848714 -10.487626 -0.746715 3.575761 -10.485822 1.010223 -11.397627 13.228386 -39.081116 5.735978 12.337083 174.950302 -76.194939 -172.281921 33.003174 -12.756259 -28.609385 -5.88211 9.861292 0.702589 -10.936875 -0.360575 7.156209 -0.0 8.77483 -3e-06 -27.017113 28.157776 5.775019 -1.844033 2.498507 -2.507278 -10.163604 4.678948 4.621111 -20.97603 -1e-06 1e-06 -21.226297 2.4517 -3.594004 -2e-06 -7e-06 -0.0 -1.362682 2.240799 -0.746325 -21.334925 0.584912 3.008323 -13.821218 -1e-06 1e-06 -23.887175 -0.249076 -0.839486 -85.055168 0.438639 -7.770794 -0.294025 1.679688 0.833256 -14.218214 0.093217 1.300581 -34.212063 -0.28756 0.967168 -20.033222 0.964539 1.212842 0.0 -0.0 -1e-06 -3.44039 0.788234 0.501656 -15.928192 -3.16731 2.999709 -6.338829 -1e-06 2e-06 -18.123455 3.648186 -4.905674 -4e-06 -0.0 -2e-06 -5.989807 11.683134 10.954423 -21.378712 -26.102734 -43.61108 179.566299 68.090775 177.922729 -61.588711 17.206961 -34.14188 2.243541 -5.255037 -3.180158 14.282889 -0.826592 6.952501 -4e-06 -12.690605 -0.0 24.632233 -7.584598 2.433913 1.665666 -1.955921 -2.878299 4.727798 -4.170588 4.993924 11.020526 4e-06 -2e-06 12.109052 -3.735714 -2.866783 -0.0 -0.0 -1e-06 1.291985 -1.92855 -1.498091 14.800131 0.56747 3.865609 14.242572 -1.341734 -6.660657 19.631969 0.14393 -0.648242 61.171173 17.900703 1.888083 0.353028 -1.51115 -0.03194 20.22279 3.684312 2.316631 18.787271 7e-06 2e-06 10.751629 -0.479868 1.397907 -0.0 -0.0 0.0 3.273808 0.305948 -0.580111 21.486813 11.830379 2.266134 8.162926 3e-06 1e-06 18.39908 -3.798982 -4.940573 3e-06 0.0 -1e-06 18.544783 8.208122 -25.172709 -0.266036 -0.779949 48.231972 -8.443425 -6.595491 19.425653 1.860118 -1.847827 -6.750074 -0.0 1e-06 2e-06 -6.13787 -5.749848 -32.589767 0.333697 0.332461 57.980663 -8.493168 -3.127223 20.449657 -1.465714 0.646302 -2.521253 -1e-06 -1e-06 -3e-06 
0.0 0.0 0.0 0.0 -0.0 0.0 -16.284927 96.648193 6.637082 -2.30694 14.314374 -1.444152 1.73618 0.623275 2.987843 -0.141945 -0.778761 -3.251163 -1.149005 -3.377599 9.860586 4.943774 0.994641 3.063031 -2.813732 -4.542275 -3.862995 0.560264 -6.110267 -10.980901 7.7e-05 -2.2e-05 6e-06 -0.044299 -0.200352 0.07165 0.689791 -3.91678 -10.539536 -0.785351 3.518633 -10.520947 -3.558541 -8.001281 13.332713 -33.322098 13.832309 6.444976 173.497528 -74.152557 -171.157654 31.31052 -10.05625 -33.179783 -5.882107 9.861286 0.702589 -10.93687 -0.360573 7.156202 -1e-06 8.774823 -1e-06 -26.909389 28.906195 6.799701 -1.844032 2.498505 -2.507277 -10.163601 4.678946 4.621105 -20.976023 1e-06 1e-06 -21.226286 2.4517 -3.594004 -1e-06 -6e-06 -0.0 -1.362682 2.240798 -0.746323 -21.334911 0.584913 3.008322 -13.821213 -0.0 1e-06 -23.887165 -0.249076 -0.839487 -87.042206 1.382707 -8.245301 -0.294025 1.679688 0.833255 -14.218207 0.093217 1.30058 -34.212051 -0.287559 0.967167 -20.033211 0.964537 1.212841 0.0 -1e-06 -1e-06 -3.440388 0.788234 0.501656 -15.928183 -3.167308 2.999706 -6.338825 -0.0 2e-06 -18.123444 3.648185 -4.905674 -3e-06 0.0 -3e-06 -5.835748 10.166734 10.072346 -12.705063 -27.107088 -51.65395 175.643753 68.242897 173.945267 -63.187393 20.053696 -31.704069 2.243546 -5.255037 -3.180159 14.282887 -0.826595 6.952499 0.0 -12.690598 -2e-06 21.915791 -7.038718 2.494367 1.665666 -1.955924 -2.878301 4.727798 -4.170585 4.993922 11.020525 1e-06 -5e-06 12.109053 -3.735716 -2.86679 0.0 -0.0 1e-06 1.291984 -1.928551 -1.49809 14.800129 0.567467 3.865604 14.242576 -1.341738 -6.660665 19.631969 0.143927 -0.648249 61.654388 17.322523 2.264345 0.353028 -1.51115 -0.031942 20.222788 3.684307 2.316627 18.78727 5e-06 -3e-06 10.751627 -0.479868 1.397905 1e-06 -1e-06 0.0 3.273807 0.305947 -0.580111 21.486809 11.830369 2.266132 8.162926 2e-06 -1e-06 18.39908 -3.798982 -4.940578 2e-06 1e-06 -1e-06 18.164557 10.321896 -25.356251 -0.362811 -0.814105 50.575085 -9.24099 -7.677629 19.85144 1.875224 -1.905035 -7.38263 -0.0 1e-06 2e-06 -9.402436 -1.521733 -27.13139 0.324306 0.469268 59.17284 -7.578135 -3.772415 16.200588 -1.454347 0.767549 -2.601719 -0.0 -0.0 -3e-06 
0.0 0.0 0.0 0.0 -0.0 0.0 -17.417065 96.109001 8.145035 -1.50812 10.306325 -0.961146 1.44512 0.872922 2.454676 -0.075675 -0.131757 -3.554668 -1.147258 -3.26954 9.557579 1.728729 2.470792 3.920715 -2.052878 -2.61106 -4.099083 0.799235 -3.969822 -11.743814 7.7e-05 -2.2e-05 6e-06 -0.033062 -0.096218 -0.004289 0.719182 -3.815956 -10.68857 -0.793837 3.63612 -10.670207 -8.639729 -3.909237 13.080704 -30.114021 21.513477 -1.862654 174.455826 -76.33136 -173.154205 31.650492 -6.445346 -35.564152 -5.882107 9.861288 0.70259 -10.936872 -0.360574 7.156206 -1e-06 8.774826 -3e-06 -26.38718 29.868578 8.677792 -1.844034 2.498505 -2.507278 -10.1636 4.678947 4.621108 -20.976023 -1e-06 2e-06 -21.22629 2.451699 -3.594002 -1e-06 -7e-06 -1e-06 -1.362683 2.240798 -0.746324 -21.334913 0.584912 3.008322 -13.821215 -1e-06 1e-06 -23.887175 -0.249076 -0.839484 -88.568306 3.116644 -8.845381 -0.294024 1.679688 0.833256 -14.218208 0.093217 1.30058 -34.212051 -0.28756 0.967168 -20.033211 0.964538 1.212842 1e-06 -0.0 1e-06 -3.440389 0.788234 0.501655 -15.928185 -3.167308 2.999708 -6.338826 -0.0 2e-06 -18.123449 3.648185 -4.905673 -4e-06 1e-06 -2e-06 -4.912656 9.262496 9.69329 -1.784694 -24.967588 -58.898346 172.825119 68.688423 169.874435 -66.479408 24.811502 -28.388544 2.24354 -5.255033 -3.180158 14.282884 -0.826595 6.952499 -1e-06 -12.690598 1e-06 20.374243 -8.274198 2.463443 1.665666 -1.95592 -2.878296 4.727798 -4.170587 4.993922 11.02052 3e-06 -2e-06 12.109046 -3.735713 -2.866784 -0.0 -2e-06 0.0 1.291985 -1.928548 -1.498088 14.800118 0.567467 3.865606 14.242566 -1.341734 -6.660655 19.631958 0.143927 -0.648247 65.24057 15.957682 2.642883 0.353029 -1.51115 -0.031941 20.222784 3.684307 2.316628 18.787264 4e-06 -1e-06 10.751622 -0.479868 1.397905 -1e-06 -0.0 -0.0 3.273806 0.305947 -0.580111 21.486801 11.830368 2.26613 8.162924 1e-06 -0.0 18.399075 -3.798985 -4.940573 3e-06 1e-06 -0.0 18.576958 13.26291 -21.491558 -0.479942 -0.906376 48.284161 -8.321774 -6.432841 18.785936 1.902969 -1.869543 -7.814953 -0.0 -0.0 1e-06 -10.2538 3.058917 -23.536299 0.392379 0.805902 55.172249 -3.59088 -1.7234 10.612637 -1.434277 0.94704 -2.62078 -1e-06 -0.0 -3e-06 
0.0 0.0 0.0 0.0 -0.0 0.0 -18.483496 97.107605 9.322071 -1.215531 7.270092 -0.63246 1.042252 1.007575 1.911904 -0.08831 -0.169254 -3.907412 -0.755294 -3.313992 9.482486 -0.121832 3.883151 4.964811 -1.7131 -0.930799 -4.120042 0.709078 -2.430484 -12.522986 7.7e-05 -2.3e-05 6e-06 0.000151 0.033713 0.00907 0.734011 -3.694302 -10.772693 -0.741489 3.77889 -10.752814 -10.683889 -1.483477 12.927649 -34.001106 24.576412 -10.104338 164.521118 -86.05117 -164.498856 37.829662 -1.654844 -32.854652 -5.882103 9.861284 0.702589 -10.936868 -0.360575 7.156205 1e-06 8.774825 -1e-06 -26.523941 29.94298 10.096442 -1.844031 2.498504 -2.507279 -10.163597 4.678944 4.621109 -20.976017 -3e-06 4e-06 -21.226276 2.451695 -3.593997 0.0 -7e-06 -1e-06 -1.362681 2.240798 -0.746323 -21.334906 0.58491 3.008325 -13.821208 -2e-06 4e-06 -23.887159 -0.249077 -0.839482 -88.671738 4.326158 -9.51811 -0.294025 1.679687 0.833257 -14.218201 0.093215 1.300583 -34.212036 -0.287563 0.967173 -20.033205 0.964538 1.212844 0.0 0.0 -0.0 -3.440387 0.788233 0.501656 -15.928183 -3.167308 2.999708 -6.338824 -1e-06 2e-06 -18.12344 3.648183 -4.905669 -4e-06 -0.0 -2e-06 -3.766227 7.911523 9.974995 13.289471 -20.945461 -62.279709 168.232162 68.512924 165.661255 -70.284256 25.503067 -27.204908 2.243542 -5.255037 -3.180159 14.282896 -0.826596 6.952504 -3e-06 -12.690607 1e-06 21.514547 -11.626805 2.661704 1.665668 -1.955922 -2.878298 4.727801 -4.170587 4.993925 11.020529 3e-06 -1e-06 12.109055 -3.735717 -2.866784 0.0 0.0 -0.0 1.291987 -1.92855 -1.49809 14.800134 0.567469 3.865607 14.242578 -1.341735 -6.660661 19.631973 0.143929 -0.648246 73.262474 12.788302 2.867761 0.353029 -1.511151 -0.03194 20.222801 3.684314 2.316627 18.787279 5e-06 -2e-06 10.751631 -0.479867 1.397907 -0.0 0.0 1e-06 3.273808 0.305948 -0.580111 21.48682 11.830378 2.266132 8.16293 3e-06 -2e-06 18.39909 -3.798984 -4.940578 3e-06 -0.0 -1e-06 19.192379 15.234095 -16.287756 -0.510602 -1.079262 43.718143 -6.405566 -4.442603 16.333834 1.917535 -1.797312 -7.453792 -0.0 1e-06 2e-06 -9.436664 4.588337 -20.629782 0.374236 1.003246 49.39502 -0.357173 1.313154 7.409416 -1.424713 0.984432 -2.786462 0.0 -0.0 -3e-06 
0.0 0.0 0.0 0.0 -0.0 0.0 -19.41674 98.568306 10.235445 -0.793485 6.806855 -0.346433 0.308615 1.001569 1.359062 -0.20241 -0.654823 -4.180931 -0.61159 -3.676618 9.582257 -0.664704 4.545619 6.063454 -1.52805 -0.144847 -4.107847 0.590156 -1.750131 -13.240191 7.7e-05 -2.2e-05 6e-06 0.018609 0.042737 0.049985 0.720218 -3.708999 -10.810289 -0.687964 3.810502 -10.793248 -10.033468 -0.937154 13.874743 -41.288574 20.502422 -17.529202 3.277369 -77.00676 -3.580204 49.485104 2.460865 -28.666018 -5.88211 9.861292 0.702591 -10.936874 -0.360574 7.156209 -1e-06 8.77483 -1e-06 -26.627508 29.677876 10.644613 -1.844033 2.498505 -2.507278 -10.163604 4.678948 4.621112 -20.976028 1e-06 2e-06 -21.226295 2.451701 -3.594003 0.0 -5e-06 0.0 -1.362682 2.2408 -0.746324 -21.334921 0.584914 3.008325 -13.821217 1e-06 4e-06 -23.887177 -0.249075 -0.839484 -87.074928 4.828574 -10.278111 -0.294025 1.679688 0.833255 -14.218214 0.093218 1.300582 -34.212059 -0.287557 0.967167 -20.033222 0.96454 1.212842 0.0 -0.0 -0.0 -3.440391 0.788234 0.501655 -15.928189 -3.167306 2.999708 -6.338829 -0.0 1e-06 -18.123457 3.648189 -4.905675 -5e-06 -1e-06 -4e-06 -2.150841 5.536761 10.955204 30.165968 -16.138279 -62.175362 157.242981 72.696938 156.012512 -70.738235 19.534584 -25.454491 2.243544 -5.255041 -3.180161 14.282904 -0.826594 6.952506 -2e-06 -12.690612 -3e-06 24.341179 -19.614765 3.261842 1.665668 -1.955923 -2.8783 4.727803 -4.17059 4.993925 11.020536 3e-06 -1e-06 12.109063 -3.735718 -2.866788 1e-06 -0.0 1e-06 1.291987 -1.928551 -1.49809 14.80014 0.567469 3.865608 14.242586 -1.341737 -6.660664 19.631985 0.143927 -0.648246 82.471039 6.164764 -2.204869 0.353029 -1.511151 -0.031939 20.222811 3.684312 2.316631 18.787289 6e-06 -1e-06 10.751636 -0.479868 1.397906 -3e-06 -0.0 -0.0 3.27381 0.305947 -0.580112 21.486834 11.830384 2.266135 8.162935 2e-06 -1e-06 18.399099 -3.798985 -4.940581 3e-06 -1e-06 0.0 19.157419 15.356058 -12.584484 -0.512793 -1.323132 39.542572 -4.036145 -2.010273 12.015098 1.854548 -1.761709 -5.633927 -1e-06 -1e-06 1e-06 -8.484657 3.065051 -17.686176 0.279561 1.114147 43.600861 2.51047 3.969924 6.145833 -1.394449 0.84992 -2.625344 0.0 -0.0 -3e-06 
0.0 0.0 0.0 0.0 -0.0 0.0 -20.062521 99.717804 10.789928 -0.477156 7.860378 0.021782 -0.303885 0.939825 0.755691 -0.326044 -0.988167 -4.470042 -0.439901 -4.011725 10.212266 -0.702324 4.526091 6.381033 -1.425238 -0.203816 -4.127792 0.422963 -1.528608 -13.796652 7.7e-05 -2.2e-05 6e-06 0.025376 -0.015355 0.065898 0.695475 -3.803404 -10.856407 -0.645877 3.783649 -10.83486 -10.812669 -1.413131 14.910271 -44.161125 13.157397 -19.746494 2.273899 -58.363312 -2.269826 56.891319 7.108827 -28.03204 -5.882109 9.86129 0.702589 -10.936875 -0.360573 7.156209 -1e-06 8.774829 1e-06 -26.368294 28.747805 11.312065 -1.844032 2.498505 -2.50728 -10.163602 4.678948 4.621113 -20.976027 0.0 2e-06 -21.226292 2.451699 -3.594002 -0.0 -7e-06 -1e-06 -1.362682 2.240799 -0.746323 -21.334921 0.584914 3.008328 -13.821218 0.0 1e-06 -23.887178 -0.249075 -0.839485 -85.639481 4.816491 -10.772137 -0.294025 1.679688 0.833256 -14.218212 0.093217 1.300583 -34.212055 -0.287557 0.967173 -20.033215 0.964542 1.212844 -0.0 -1e-06 -1e-06 -3.440389 0.788234 0.501655 -15.928189 -3.167308 2.999712 -6.338827 -0.0 2e-06 -18.123447 3.648185 -4.905671 -3e-06 1e-06 -1e-06 2.730757 3.567672 12.485515 40.369118 -12.665321 -60.704189 116.414513 83.033821 113.776314 -66.054985 10.239278 -22.323071 2.243542 -5.255038 -3.180159 14.282898 -0.826597 6.952507 -2e-06 -12.690608 -0.0 25.568106 -28.528532 3.990321 1.665667 -1.955922 -2.878299 4.727802 -4.170589 4.993925 11.020531 4e-06 1e-06 12.109058 -3.735718 -2.866784 -1e-06 1e-06 0.0 1.291986 -1.92855 -1.498089 14.800136 0.567466 3.865609 14.242577 -1.341737 -6.660657 19.631975 0.143923 -0.648245 84.047707 -1.961819 -10.774086 0.35303 -1.511151 -0.03194 20.222801 3.68431 2.316634 18.787285 2e-06 1e-06 10.751634 -0.47987 1.397907 -2e-06 0.0 -0.0 3.273808 0.305947 -0.58011 21.486826 11.830376 2.266136 8.162933 2e-06 0.0 18.399094 -3.798988 -4.940576 3e-06 0.0 0.0 18.33987 14.993253 -10.725871 -0.407405 -1.338582 35.564892 -4.913689 -1.478519 7.226832 1.787162 -1.774905 -4.791195 0.0 0.0 1e-06 -7.890076 0.48255 -14.867118 0.117366 0.9862 38.154648 4.655239 5.556901 5.992324 -1.352647 0.693392 -2.566108 0.0 0.0 -1e-06 
0.0 0.0 0.0 0.0 -0.0 0.0 -20.408457 100.546371 11.13383 -0.500431 9.298313 0.158571 -0.408829 0.748377 0.357571 -0.389043 -0.967496 -4.679727 -0.096065 -4.307319 11.2238 -0.614574 4.314207 5.89237 -1.284579 -0.476705 -4.219029 -0.018538 -1.577976 -14.71714 7.7e-05 -2.3e-05 6e-06 0.02361 -0.077204 0.067379 0.686443 -3.877071 -10.858487 -0.637783 3.729773 -10.82655 -12.721711 -1.813233 15.245218 -44.448849 5.297561 -17.193296 1.775169 -41.422779 -1.435864 57.959381 11.567003 -25.796904 -5.88211 9.861293 0.702589 -10.936878 -0.360575 7.156212 -1e-06 8.77483 -3e-06 -26.68576 26.977377 10.853751 -1.844034 2.498506 -2.507279 -10.163605 4.678947 4.62111 -20.976038 -2e-06 2e-06 -21.226303 2.451699 -3.594004 1e-06 -6e-06 -1e-06 -1.362682 2.2408 -0.746323 -21.334929 0.584911 3.008324 -13.821222 -2e-06 1e-06 -23.887186 -0.249078 -0.839484 -83.048889 3.38115 -9.827644 -0.294025 1.679688 0.833256 -14.218218 0.093216 1.300582 -34.212074 -0.287561 0.967172 -20.03323 0.964539 1.212844 -1e-06 -0.0 0.0 -3.44039 0.788234 0.501656 -15.928196 -3.167311 2.99971 -6.338829 -1e-06 -0.0 -18.123457 3.648185 -4.905676 -5e-06 1e-06 -1e-06 8.058856 3.290755 13.154319 43.853008 -10.843737 -59.563007 16.647148 74.697914 12.456644 -58.907234 3.107018 -23.693777 2.243541 -5.255037 -3.180157 14.282891 -0.826596 6.952503 -1e-06 -12.690603 -1e-06 24.207232 -29.018206 4.019001 1.665666 -1.955921 -2.878298 4.727799 -4.170588 4.993924 11.020526 2e-06 -0.0 12.109052 -3.735716 -2.866783 1e-06 -0.0 -0.0 1.291985 -1.92855 -1.498089 14.800129 0.567468 3.865608 14.242569 -1.341738 -6.660657 19.631969 0.143923 -0.648243 79.392334 -3.915452 -11.754464 0.353029 -1.51115 -0.03194 20.222794 3.684312 2.316633 18.787279 4e-06 1e-06 10.751633 -0.479869 1.397907 2e-06 1e-06 1e-06 3.273807 0.305946 -0.58011 21.486816 11.830376 2.266136 8.162928 2e-06 1e-06 18.39908 -3.798984 -4.940574 2e-06 -0.0 -1e-06 16.911346 14.735328 -9.875369 -0.307542 -1.273034 31.809933 -7.235224 -2.704671 3.168944 1.797679 -1.82614 -4.526329 -0.0 -1e-06 2e-06 -7.600711 -1.483333 -11.885165 0.061378 0.907884 32.71904 5.757233 6.190354 5.363977 -1.347694 0.622902 -2.562463 -0.0 0.0 -0.0 
0.0 0.0 0.0 0.0 -0.0 0.0 -20.428219 100.984863 11.426729 -0.556736 10.421504 0.160852 -0.381128 0.690745 -0.052036 -0.43043 -0.954557 -4.861585 0.285877 -4.345352 12.291937 -0.244383 3.800258 4.909325 -1.291959 -0.687721 -4.320314 -0.331644 -1.854768 -15.649372 7.7e-05 -2.3e-05 7e-06 0.013581 -0.124854 0.059256 0.684328 -3.927408 -10.818839 -0.654178 3.686349 -10.781126 -14.642995 -2.173939 15.522959 -45.250427 -2.325238 -10.941657 1.492647 -27.745985 -0.910182 55.605606 15.12376 -21.91836 -5.882108 9.861286 0.702591 -10.936875 -0.360574 7.156208 -1e-06 8.774825 -0.0 -27.124208 25.966713 9.37912 -1.844033 2.498505 -2.507278 -10.1636 4.678946 4.621112 -20.976028 -2e-06 1e-06 -21.226292 2.451698 -3.594001 1e-06 -7e-06 -0.0 -1.362682 2.240799 -0.746323 -21.334919 0.584912 3.008325 -13.821216 -2e-06 2e-06 -23.887178 -0.249075 -0.839483 -79.504395 2.983925 -8.890181 -0.294025 1.679686 0.833256 -14.218212 0.093216 1.300582 -34.212055 -0.28756 0.967169 -20.033218 0.964539 1.212844 -0.0 1e-06 -0.0 -3.440389 0.788234 0.501654 -15.928189 -3.167309 2.999709 -6.338827 -0.0 1e-06 -18.123451 3.648184 -4.905672 -7e-06 0.0 -3e-06 11.937366 3.914884 13.432491 44.653503 -9.058591 -56.610092 3.019321 57.125172 -0.196964 -50.182133 -2.681262 -24.891108 2.243542 -5.25504 -3.18016 14.282899 -0.826596 6.952509 -1e-06 -12.690609 -1e-06 22.543507 -26.861763 4.238766 1.665667 -1.955924 -2.878301 4.727802 -4.170588 4.993927 11.020531 2e-06 0.0 12.109058 -3.735718 -2.866785 0.0 0.0 0.0 1.291986 -1.92855 -1.49809 14.800139 0.567468 3.865612 14.242579 -1.34174 -6.660661 19.631979 0.143922 -0.648244 74.725311 -2.40378 -9.954127 0.353029 -1.511151 -0.03194 20.222803 3.684308 2.316636 18.787287 2e-06 2e-06 10.751633 -0.479871 1.397907 -1e-06 -1e-06 0.0 3.273808 0.305948 -0.580111 21.486826 11.830378 2.266141 8.162931 0.0 1e-06 18.399092 -3.798989 -4.940576 4e-06 0.0 -1e-06 14.751976 14.299285 -9.206697 -0.223718 -1.124078 28.722794 -10.05062 -4.176647 -0.831018 1.865422 -1.918415 -4.117327 -0.0 -1e-06 2e-06 -7.447818 -2.569066 -8.916905 0.003177 0.875989 27.445135 6.47514 6.689051 4.102492 -1.322225 0.564627 -2.384762 -0.0 0.0 -2e-06 
0.0 0.0 0.0 0.0 -0.0 0.0 -20.132469 101.428543 11.685051 -0.660138 10.819577 0.161733 -0.258564 0.498818 -0.418247 -0.440564 -0.740849 -4.91292 0.534379 -4.224717 12.932734 0.433593 3.435231 3.855891 -1.17094 -0.869678 -4.241395 -0.898021 -2.167162 -16.530935 7.7e-05 -2.2e-05 6e-06 -0.006981 -0.121019 0.08265 0.663429 -3.91543 -10.747141 -0.673969 3.681183 -10.743695 -15.654323 -2.393451 15.921569 -47.810135 -8.686975 -3.955294 0.87419 -18.442871 -0.413442 50.858746 17.096947 -18.873158 -5.88211 9.861291 0.702591 -10.936877 -0.360573 7.156213 -1e-06 8.77483 -1e-06 -28.397783 25.372997 7.079848 -1.844033 2.498507 -2.507279 -10.163604 4.678948 4.621113 -20.976034 -1e-06 4e-06 -21.226297 2.4517 -3.594003 -0.0 -6e-06 1e-06 -1.362682 2.2408 -0.746324 -21.334927 0.584913 3.008327 -13.821221 -1e-06 3e-06 -23.887182 -0.249075 -0.839483 -76.907425 4.208469 -8.426177 -0.294026 1.679689 0.833255 -14.218215 0.093216 1.300583 -34.212067 -0.28756 0.967172 -20.033226 0.964541 1.212845 0.0 -0.0 -0.0 -3.44039 0.788233 0.501657 -15.928192 -3.167309 2.99971 -6.338829 0.0 3e-06 -18.123457 3.648186 -4.905673 -6e-06 1e-06 -1e-06 13.929285 4.927846 13.478884 45.461349 -7.098663 -51.590153 0.593057 41.903057 -1.321457 -43.172966 -5.098811 -22.028339 2.243542 -5.255037 -3.180161 14.282889 -0.826594 6.952505 -2e-06 -12.690603 -1e-06 22.836981 -25.038105 3.949058 1.665666 -1.955922 -2.878299 4.727799 -4.170586 4.993924 11.020528 2e-06 -2e-06 12.109052 -3.735715 -2.866786 -0.0 1e-06 0.0 1.291986 -1.92855 -1.498089 14.800129 0.567467 3.865607 14.242573 -1.341737 -6.66066 19.631971 0.143927 -0.648246 71.322342 -0.143155 -8.350522 0.353029 -1.511151 -0.03194 20.222794 3.684309 2.31663 18.787271 4e-06 -2e-06 10.751627 -0.479869 1.397907 0.0 -0.0 0.0 3.273807 0.305947 -0.580112 21.486813 11.830376 2.266135 8.162926 1e-06 -1e-06 18.399084 -3.798985 -4.940577 3e-06 -0.0 -1e-06 12.038315 13.935626 -8.440077 -0.108543 -1.037369 25.918051 -12.620765 -5.607203 -3.798398 1.919007 -2.066723 -3.991812 -0.0 -1e-06 2e-06 -7.385647 -2.443933 -6.782137 -0.007516 0.748981 23.216152 6.817336 6.645952 3.823586 -1.320286 0.448417 -2.001456 0.0 0.0 -1e-06 
0.0 0.0 0.0 0.0 -0.0 0.0 -19.690596 101.491287 11.913681 -0.722854 10.476233 0.335579 -0.195895 0.355569 -0.693812 -0.446157 -0.668092 -5.120314 0.734988 -3.939616 13.185374 1.084196 3.014141 3.069157 -1.195629 -1.146809 -4.124434 -1.093467 -2.395977 -17.200306 7.7e-05 -2.2e-05 6e-06 -0.010235 -0.062583 0.079717 0.66267 -3.86265 -10.751706 -0.680861 3.741066 -10.779683 -15.724419 -2.616776 16.213831 -51.491169 -12.553659 1.577864 0.412266 -14.0755 -0.168008 44.341351 16.641987 -18.368696 -5.882112 9.861292 0.702591 -10.936881 -0.360573 7.156212 -1e-06 8.774831 1e-06 -27.870749 25.02673 6.051606 -1.844035 2.498506 -2.50728 -10.163605 4.678948 4.621112 -20.97604 -1e-06 2e-06 -21.226307 2.4517 -3.594004 -0.0 -6e-06 -1e-06 -1.362683 2.240799 -0.746324 -21.33493 0.584913 3.008324 -13.821227 -1e-06 1e-06 -23.88719 -0.249077 -0.839485 -75.929298 6.884789 -8.762296 -0.294026 1.679688 0.833257 -14.218221 0.093217 1.300581 -34.212078 -0.287561 0.967168 -20.03323 0.964538 1.212842 0.0 1e-06 -0.0 -3.440391 0.788234 0.501655 -15.928201 -3.167309 2.999709 -6.338831 -1e-06 1e-06 -18.123461 3.648185 -4.905674 -5e-06 -0.0 -1e-06 14.483391 5.534426 13.69224 47.379154 -4.583086 -44.85046 -0.036549 32.034332 -0.956487 -36.568974 -5.002285 -15.971441 2.243545 -5.25504 -3.180162 14.282898 -0.826597 6.952508 -1e-06 -12.690611 0.0 23.535715 -23.525621 3.553323 1.665668 -1.955923 -2.878304 4.727802 -4.170591 4.993927 11.020533 0.0 -1e-06 12.109059 -3.735719 -2.866788 1e-06 -1e-06 -1e-06 1.291987 -1.928552 -1.498091 14.800136 0.567465 3.865609 14.242582 -1.341738 -6.660666 19.631977 0.143924 -0.64825 69.276978 0.229126 -7.947206 0.353029 -1.511152 -0.03194 20.222801 3.684308 2.316633 18.787283 2e-06 -2e-06 10.751633 -0.479869 1.397905 -1e-06 1e-06 -0.0 3.273809 0.305946 -0.580113 21.486824 11.830379 2.266135 8.162934 1e-06 -2e-06 18.399096 -3.798988 -4.940581 3e-06 -1e-06 -1e-06 8.904686 13.412799 -7.745146 -0.051782 -0.933458 22.5854 -14.283405 -6.663946 -3.581583 1.895989 -2.055054 -4.043105 -0.0 0.0 2e-06 -7.343884 -1.953185 -5.20803 -0.034683 0.577203 19.472775 6.930282 6.602237 3.623776 -1.324644 0.463129 -2.141467 -0.0 -0.0 -1e-06 
0.0 0.0 0.0 0.0 -0.0 0.0 -19.207193 101.4487 12.08741 -1.149023 9.735794 0.422595 -0.086618 0.111196 -0.83939 -0.405173 -0.54444 -5.254616 1.077284 -3.695316 13.271124 1.588867 2.588702 2.288311 -1.042568 -1.28142 -3.999877 -1.347468 -1.979676 -17.437582 7.7e-05 -2.2e-05 6e-06 -0.018201 -0.091772 0.075016 0.650193 -3.894373 -10.747358 -0.684643 3.708283 -10.780542 -15.449137 -2.849493 16.373394 -54.964451 -15.152794 5.494903 0.147931 -11.584872 -0.051748 35.98719 14.182924 -18.597332 -5.882113 9.861292 0.702589 -10.936881 -0.360574 7.156212 -1e-06 8.774831 -2e-06 -26.657759 24.405268 5.876409 -1.844035 2.498507 -2.507279 -10.16361 4.678948 4.621113 -20.976044 -1e-06 1e-06 -21.226311 2.451699 -3.594004 0.0 -6e-06 0.0 -1.362684 2.2408 -0.746324 -21.334934 0.584912 3.008325 -13.821227 -2e-06 1e-06 -23.887192 -0.249078 -0.839485 -76.286934 9.351734 -8.343849 -0.294024 1.679688 0.833256 -14.218225 0.093216 1.300582 -34.212082 -0.287561 0.96717 -20.033234 0.964538 1.212843 -0.0 0.0 -0.0 -3.440391 0.788234 0.501656 -15.928203 -3.16731 2.999709 -6.338833 -1e-06 1e-06 -18.123466 3.648184 -4.905676 -4e-06 0.0 -2e-06 15.383579 6.009406 13.868396 48.736832 -1.890724 -36.464844 -0.242041 25.202618 -0.592535 -29.391424 -4.366574 -8.410193 2.243543 -5.255038 -3.18016 14.282898 -0.826597 6.952507 -2e-06 -12.690607 3e-06 24.165173 -22.5457 3.211617 1.665666 -1.955922 -2.8783 4.727803 -4.170589 4.993927 11.020535 2e-06 0.0 12.10906 -3.735718 -2.866785 -1e-06 -0.0 -1e-06 1.291986 -1.928549 -1.49809 14.800139 0.567467 3.865609 14.24258 -1.341737 -6.660662 19.631977 0.143924 -0.648245 68.089241 -2.550232 -7.626211 0.35303 -1.511151 -0.03194 20.222803 3.684309 2.316631 18.787287 4e-06 -2e-06 10.751636 -0.479869 1.397907 -0.0 0.0 0.0 3.273809 0.305947 -0.580111 21.486828 11.830377 2.266134 8.16293 2e-06 1e-06 18.399096 -3.798987 -4.940578 2e-06 0.0 -1e-06 6.251361 12.382641 -7.036516 -0.008586 -0.756161 18.562599 -13.334117 -6.345672 -2.587602 1.864181 -1.961926 -3.943447 0.0 -1e-06 2e-06 -7.158484 -1.444084 -4.100369 -0.083769 0.515666 16.784689 7.220121 6.615515 3.462274 -1.333245 0.523422 -2.13414 -0.0 -0.0 -1e-06 
0.0 0.0 0.0 0.0 -0.0 0.0 -18.7197 101.36763 12.224403 -1.666197 8.443837 0.408128 -0.149531 -0.093388 -0.964372 -0.397822 -0.429613 -5.306903 1.542703 -3.437836 13.297686 1.985516 2.250023 1.717569 -0.779909 -1.106308 -3.965489 -1.50117 -1.451801 -17.113268 7.7e-05 -2.2e-05 6e-06 -0.027989 -0.146721 0.058001 0.622702 -3.943147 -10.712736 -0.676579 3.64347 -10.752638 -14.95472 -3.153343 16.451242 -57.835938 -16.857178 8.5791 -0.114221 -10.084523 0.03794 26.618559 10.869016 -18.876083 -5.882112 9.861292 0.702592 -10.936881 -0.360574 7.156209 2e-06 8.774831 -0.0 -24.819729 23.416027 6.254677 -1.844033 2.498506 -2.507278 -10.163609 4.678948 4.621112 -20.97604 -3e-06 2e-06 -21.226305 2.451699 -3.594002 -0.0 -6e-06 -1e-06 -1.362684 2.240799 -0.746324 -21.334932 0.584911 3.008324 -13.821227 -3e-06 2e-06 -23.887192 -0.249079 -0.839484 -76.864433 10.571288 -6.92934 -0.294024 1.679688 0.833256 -14.218224 0.093215 1.300581 -34.212082 -0.287564 0.96717 -20.033232 0.964537 1.212844 1e-06 0.0 0.0 -3.440392 0.788234 0.501656 -15.928201 -3.167311 2.999708 -6.338831 -1e-06 1e-06 -18.123463 3.648185 -4.905674 -4e-06 -0.0 -2e-06 16.949532 6.35458 13.839315 49.262432 1.314852 -28.249668 0.235459 19.551111 -0.192775 -22.013687 -3.763066 -4.096772 2.243547 -5.255042 -3.180161 14.282911 -0.826598 6.952509 -2e-06 -12.690616 2e-06 23.58217 -22.143818 2.847178 1.66567 -1.955924 -2.878302 4.727808 -4.170593 4.99393 11.020542 2e-06 -2e-06 12.109072 -3.73572 -2.866787 -0.0 0.0 -0.0 1.291987 -1.928552 -1.498091 14.800149 0.567466 3.865611 14.242593 -1.341738 -6.660666 19.631992 0.143924 -0.648248 67.041733 -6.156734 -7.396 0.35303 -1.511152 -0.03194 20.22282 3.684309 2.316631 18.7873 3e-06 -3e-06 10.751643 -0.479871 1.397905 -0.0 0.0 0.0 3.273814 0.305947 -0.580112 21.486843 11.830384 2.266133 8.162937 1e-06 -2e-06 18.399109 -3.798989 -4.940585 3e-06 -1e-06 -1e-06 4.276072 10.554966 -6.24305 0.024004 -0.483221 14.575716 -10.0428 -4.448315 -2.653006 1.842592 -1.866096 -3.024396 -0.0 -0.0 2e-06 -6.924558 -0.837528 -3.879432 -0.099409 0.569438 15.559378 7.599391 6.911462 3.80082 -1.356037 0.614497 -2.267425 0.0 0.0 -1e-06 
0.0 0.0 0.0 0.0 -0.0 0.0 -18.297842 101.264587 12.356678 -1.966493 6.414843 0.184868 -0.414047 -0.045371 -1.056187 -0.462348 -0.668259 -5.510293 2.060919 -2.862323 13.562125 2.165058 2.097064 1.725006 -0.741168 -1.252659 -3.854677 -1.21431 -0.73173 -16.211496 7.7e-05 -2.3e-05 6e-06 -0.009122 -0.068797 0.081068 0.632548 -3.851231 -10.615677 -0.650353 3.706161 -10.645662 -14.533635 -3.603559 16.193649 -59.666607 -17.230356 11.391255 -0.663019 -9.744632 0.113665 18.077068 7.40757 -18.478209 -5.882107 9.861292 0.702592 -10.936877 -0.360574 7.156209 0.0 8.774831 -0.0 -22.827126 22.602098 6.510572 -1.844035 2.498506 -2.507279 -10.163605 4.678949 4.621111 -20.976038 -4e-06 2e-06 -21.226301 2.451699 -3.594002 0.0 -6e-06 -0.0 -1.362682 2.240799 -0.746324 -21.334925 0.58491 3.008324 -13.821221 -2e-06 2e-06 -23.887184 -0.249079 -0.839484 -75.380898 9.928298 -5.54656 -0.294025 1.679688 0.833257 -14.218217 0.093215 1.300581 -34.212067 -0.287564 0.96717 -20.033226 0.964537 1.212843 1e-06 0.0 -0.0 -3.44039 0.788234 0.501656 -15.928192 -3.167311 2.999708 -6.338829 -1e-06 1e-06 -18.123457 3.648185 -4.905674 -4e-06 0.0 -2e-06 18.850744 6.645893 14.018053 49.463486 4.966483 -22.385731 0.882829 15.367426 0.059365 -15.792548 -3.628653 -3.157299 2.24354 -5.255037 -3.180156 14.282891 -0.826595 6.952502 -4e-06 -12.690609 3e-06 21.686735 -21.68251 3.040899 1.665665 -1.955921 -2.878298 4.7278 -4.170589 4.993924 11.020528 4e-06 -1e-06 12.109054 -3.735716 -2.866783 0.0 -0.0 1e-06 1.291985 -1.928549 -1.498088 14.800132 0.567468 3.865607 14.242576 -1.341735 -6.660656 19.631973 0.143928 -0.648243 65.765488 -7.979963 -6.742516 0.353029 -1.51115 -0.031939 20.222797 3.684313 2.316629 18.787279 6e-06 -1e-06 10.751631 -0.479868 1.397906 -0.0 0.0 0.0 3.273806 0.305947 -0.580111 21.486818 11.830381 2.266131 8.162928 1e-06 -1e-06 18.399084 -3.798986 -4.940575 3e-06 -1e-06 -1e-06 3.283173 8.593425 -5.241699 -0.050385 -0.30303 12.185705 -6.56271 -0.830268 -3.023039 1.771039 -1.79769 -1.856981 0.0 -0.0 2e-06 -6.839951 0.283847 -4.057153 -0.075648 0.421175 15.222784 7.251163 7.661619 3.650793 -1.375632 0.702113 -2.684336 0.0 0.0 -1e-06 
0.0 0.0 0.0 0.0 -0.0 0.0 -17.965727 101.120506 12.457362 -1.740739 4.267573 -0.022748 -0.941421 -0.042687 -1.293491 -0.566473 -0.554012 -5.466936 2.161587 -2.620273 13.733665 2.048965 1.982001 1.705679 -0.481429 -0.724081 -3.793925 -0.91847 -0.366433 -15.412469 7.7e-05 -2.3e-05 6e-06 -0.008348 -0.078687 0.098775 0.621626 -3.841062 -10.494651 -0.639749 3.676685 -10.52284 -14.03993 -3.836846 15.879374 -60.416576 -17.141605 14.157928 -1.283054 -9.877859 0.218327 11.284619 4.018565 -17.856928 -5.882107 9.86129 0.70259 -10.936873 -0.360575 7.156206 -0.0 8.774829 -2e-06 -21.083727 21.243797 6.303205 -1.844034 2.498505 -2.507278 -10.163603 4.678947 4.621108 -20.976028 -3e-06 1e-06 -21.226292 2.451698 -3.594002 0.0 -6e-06 -1e-06 -1.362681 2.240798 -0.746323 -21.334919 0.58491 3.008322 -13.821218 -2e-06 1e-06 -23.887177 -0.249079 -0.839485 -72.85614 8.100816 -4.175822 -0.294026 1.679688 0.833256 -14.218213 0.093215 1.300579 -34.212059 -0.287565 0.967168 -20.033218 0.964535 1.212842 1e-06 0.0 -0.0 -3.440389 0.788234 0.501656 -15.928189 -3.16731 2.999707 -6.338828 -1e-06 0.0 -18.123447 3.648185 -4.905674 -4e-06 0.0 -2e-06 20.778681 6.927489 13.884578 50.27924 8.193341 -17.065847 0.892466 12.428936 0.087431 -10.774656 -3.692925 -3.645619 2.243544 -5.25504 -3.180161 14.282899 -0.826596 6.952509 -2e-06 -12.69061 1e-06 20.041248 -21.155935 3.273988 1.665667 -1.955923 -2.878302 4.727802 -4.170589 4.993929 11.020534 3e-06 -1e-06 12.109059 -3.735717 -2.866787 0.0 0.0 0.0 1.291987 -1.92855 -1.498091 14.800138 0.567468 3.865611 14.24258 -1.341736 -6.660664 19.631977 0.143926 -0.648245 62.868298 -7.003374 -5.949391 0.353028 -1.511151 -0.03194 20.222801 3.68431 2.316633 18.787287 4e-06 -0.0 10.751634 -0.479869 1.397907 0.0 0.0 0.0 3.273808 0.305947 -0.580111 21.486826 11.83038 2.266135 8.162931 1e-06 0.0 18.399094 -3.798987 -4.940578 2e-06 0.0 -1e-06 2.745333 7.722034 -3.986714 0.033336 -0.21327 11.010746 -5.37748 1.561009 -3.867036 1.740578 -1.855172 -0.497086 -0.0 0.0 2e-06 -7.065578 1.208853 -3.81246 -0.059572 0.594438 14.615579 6.558144 8.049774 2.856984 -1.420132 0.81556 -2.739292 0.0 0.0 -1e-06 
0.0 0.0 0.0 0.0 -0.0 0.0 -17.723936 100.950012 12.569855 -1.322862 2.323514 -0.113619 -1.417567 -0.04522 -1.612676 -0.649147 -0.562276 -5.559514 2.075769 -2.364567 13.961231 1.691306 2.04318 1.62351 -0.367676 -0.198827 -3.709524 -0.5499 -0.243142 -14.642698 7.7e-05 -2.3e-05 6e-06 0.002329 -0.045206 0.109322 0.636036 -3.793261 -10.431474 -0.633929 3.699431 -10.462128 -13.60977 -3.912198 15.675256 -60.490498 -16.761524 16.487272 -1.759584 -10.303691 0.298408 7.221957 1.943737 -16.743279 -5.88211 9.861293 0.702592 -10.93688 -0.360575 7.15621 0.0 8.774831 -1e-06 -19.599375 20.235374 6.031477 -1.844034 2.498506 -2.507279 -10.163607 4.678948 4.621111 -20.976038 -3e-06 2e-06 -21.226301 2.451698 -3.594002 1e-06 -5e-06 0.0 -1.362682 2.2408 -0.746323 -21.334929 0.58491 3.008325 -13.821223 -3e-06 2e-06 -23.887186 -0.249078 -0.839483 -69.330162 6.219479 -3.240661 -0.294025 1.679689 0.833257 -14.218221 0.093215 1.300582 -34.212082 -0.287565 0.96717 -20.033232 0.964537 1.212844 -0.0 -0.0 0.0 -3.440391 0.788234 0.501655 -15.928201 -3.167312 2.999709 -6.338832 -1e-06 -0.0 -18.123463 3.648186 -4.905674 -3e-06 -0.0 -2e-06 21.859056 7.258595 14.009065 52.041382 10.730778 -12.941602 0.721622 11.237752 0.065486 -7.403575 -3.768686 -5.095635 2.243543 -5.255037 -3.180157 14.282896 -0.826596 6.952503 -2e-06 -12.690605 1e-06 18.713982 -20.366056 3.321209 1.665666 -1.955922 -2.878299 4.727801 -4.170589 4.993925 11.020531 3e-06 -1e-06 12.109058 -3.735717 -2.866784 0.0 0.0 -0.0 1.291987 -1.928549 -1.498089 14.800136 0.567468 3.865607 14.242579 -1.341737 -6.660658 19.631981 0.143925 -0.648245 59.482807 -4.6438 -5.197719 0.353028 -1.511151 -0.03194 20.222801 3.684309 2.316629 18.787281 4e-06 -2e-06 10.751633 -0.479869 1.397905 -1e-06 -0.0 -0.0 3.273808 0.305947 -0.580111 21.486824 11.830376 2.266131 8.162931 0.0 -2e-06 18.399092 -3.798985 -4.940578 3e-06 0.0 -1e-06 2.148573 8.081992 -3.049687 0.048418 -0.140778 10.120135 -4.700779 2.573017 -4.443138 1.71839 -1.921756 0.213672 -0.0 0.0 2e-06 -7.1369 1.417733 -3.492584 -0.035299 0.575713 12.273851 5.848094 8.378435 1.300131 -1.438678 0.909728 -2.315271 0.0 0.0 -1e-06 
0.0 0.0 0.0 0.0 -0.0 0.0 -17.597822 100.784126 12.70592 -0.888432 0.813125 -0.106922 -1.773473 -0.026912 -1.932366 -0.709466 -0.594674 -5.654959 1.916998 -2.201396 14.056953 1.297995 2.17541 1.422309 -0.264681 0.251464 -3.64187 -0.31093 -0.063181 -14.089788 7.7e-05 -2.3e-05 6e-06 0.004275 -0.039688 0.104575 0.648973 -3.782741 -10.411489 -0.643183 3.703257 -10.441334 -13.153472 -3.848957 15.547508 -60.323124 -16.22596 17.833809 -1.889781 -10.768574 0.326837 5.393206 1.089017 -15.666268 -5.882113 9.861293 0.70259 -10.936883 -0.360575 7.156211 1e-06 8.774831 0.0 -18.589495 19.449181 5.81707 -1.844034 2.498506 -2.50728 -10.16361 4.678948 4.621112 -20.976044 -4e-06 4e-06 -21.226305 2.451698 -3.594001 -1e-06 -7e-06 -1e-06 -1.362682 2.2408 -0.746323 -21.334934 0.58491 3.008324 -13.821225 -2e-06 2e-06 -23.887194 -0.249079 -0.839483 -66.295311 4.805334 -2.63051 -0.294025 1.679689 0.833257 -14.218224 0.093215 1.300582 -34.212082 -0.287566 0.967171 -20.033236 0.964536 1.212846 -1e-06 -1e-06 -0.0 -3.440393 0.788234 0.501654 -15.928203 -3.167312 2.999709 -6.338833 -1e-06 0.0 -18.123465 3.648185 -4.905674 -3e-06 1e-06 -1e-06 22.110538 7.549431 14.170633 54.282887 12.186041 -9.058615 0.46714 11.833146 0.034737 -5.349494 -3.650646 -6.721367 2.243543 -5.25504 -3.180159 14.282904 -0.826595 6.952507 -3e-06 -12.690612 0.0 17.938658 -19.56176 3.133367 1.665668 -1.955923 -2.8783 4.727802 -4.17059 4.993926 11.020535 3e-06 -1e-06 12.10906 -3.735718 -2.866785 0.0 0.0 0.0 1.291987 -1.92855 -1.49809 14.800139 0.567468 3.865609 14.242582 -1.341737 -6.66066 19.631983 0.143925 -0.648245 56.350815 -2.513089 -4.80498 0.353028 -1.511151 -0.03194 20.222809 3.684312 2.316632 18.787289 5e-06 -1e-06 10.751636 -0.479868 1.397907 -0.0 0.0 -0.0 3.273808 0.305947 -0.580111 21.48683 11.83038 2.266134 8.162933 2e-06 -1e-06 18.399096 -3.798986 -4.940578 2e-06 0.0 -1e-06 1.643681 8.67029 -2.297024 0.046677 -0.110221 9.179789 -4.178969 3.101117 -4.860715 1.694228 -1.978317 0.648493 -0.0 -0.0 2e-06 -7.035621 0.685182 -3.130986 -0.009327 0.483481 9.174424 6.067024 9.059395 0.185958 -1.437435 0.91715 -1.889735 -0.0 0.0 -1e-06 
0.0 0.0 0.0 0.0 -0.0 0.0 -17.568052 100.559547 12.918931 -0.53759 -0.124818 -0.034581 -1.887433 -0.027325 -2.231666 -0.737531 -0.756633 -5.887798 1.694856 -2.073537 14.208249 0.959648 2.204399 1.200459 -0.295338 0.480639 -3.594651 -0.0972 0.357242 -13.519844 7.7e-05 -2.3e-05 6e-06 -0.006711 -0.081027 0.070376 0.646108 -3.81127 -10.410542 -0.661499 3.652217 -10.425542 -12.872627 -3.689445 15.289876 -59.933628 -15.171224 18.420691 -1.633728 -11.770977 0.290893 5.036546 0.602351 -15.63605 -5.882106 9.861284 0.702591 -10.936872 -0.360575 7.156205 0.0 8.774823 -1e-06 -17.662416 19.068508 5.829737 -1.844033 2.498504 -2.507277 -10.163601 4.678944 4.621108 -20.976023 -4e-06 3e-06 -21.226286 2.451697 -3.594 -1e-06 -7e-06 -0.0 -1.362682 2.240798 -0.746323 -21.334913 0.58491 3.008323 -13.821215 -2e-06 3e-06 -23.887171 -0.249078 -0.83948 -63.743725 3.890521 -2.325994 -0.294025 1.679687 0.833257 -14.218208 0.093215 1.300581 -34.212048 -0.287564 0.96717 -20.033215 0.964535 1.212842 -1e-06 1e-06 1e-06 -3.440389 0.788233 0.501656 -15.928185 -3.16731 2.999705 -6.338827 -1e-06 3e-06 -18.123444 3.648182 -4.90567 -3e-06 0.0 -2e-06 21.624331 7.646999 14.182153 56.468727 12.663945 -5.135958 0.308062 14.194651 0.008365 -3.855639 -3.059312 -7.895511 2.243541 -5.255034 -3.180156 14.282887 -0.826594 6.952499 -3e-06 -12.690601 0.0 17.384558 -18.988894 2.906248 1.665666 -1.955921 -2.878298 4.727797 -4.170586 4.993922 11.020523 3e-06 -1e-06 12.10905 -3.735713 -2.866783 -0.0 0.0 0.0 1.291985 -1.928548 -1.498089 14.800125 0.567468 3.865605 14.242568 -1.341735 -6.660655 19.63196 0.143927 -0.648245 54.009666 -1.290115 -4.972006 0.353028 -1.51115 -0.03194 20.222786 3.684309 2.316628 18.78727 5e-06 -2e-06 10.751627 -0.479868 1.397905 -1e-06 0.0 -0.0 3.273806 0.305947 -0.580111 21.486809 11.830371 2.266131 8.162925 2e-06 -1e-06 18.399076 -3.798983 -4.940575 2e-06 0.0 -1e-06 1.349021 9.372434 -1.716599 0.029698 -0.048356 8.337177 -3.62794 3.273442 -5.527316 1.693472 -1.993629 0.98027 -0.0 -0.0 2e-06 -6.792863 -0.502163 -2.996409 -0.013825 0.270922 6.814239 6.828799 10.700209 -0.170776 -1.410154 0.900207 -0.826534 -0.0 -0.0 -1e-06 
0.0 0.0 0.0 0.0 -0.0 0.0 -17.616753 100.530884 13.230639 -0.398124 -0.502718 0.116192 -1.718004 -0.057019 -2.611654 -0.716091 -0.679659 -6.01873 1.397265 -2.158914 14.25049 0.696441 2.272498 0.980159 -0.29961 0.770048 -3.534658 0.028939 0.341953 -13.24017 7.7e-05 -2.2e-05 6e-06 0.000453 -0.049035 0.059448 0.654165 -3.784343 -10.42857 -0.655079 3.689678 -10.435893 -12.835824 -3.483757 15.090195 -59.468025 -14.040135 18.326395 -1.165808 -13.058631 0.228108 6.340785 0.148883 -15.985392 -5.882107 9.861286 0.70259 -10.936872 -0.360574 7.156207 -0.0 8.774826 -1e-06 -17.219938 18.872372 5.796169 -1.844032 2.498505 -2.507278 -10.163599 4.678946 4.621109 -20.976021 -2e-06 2e-06 -21.226286 2.451698 -3.594002 -1e-06 -7e-06 -1e-06 -1.362681 2.240798 -0.746324 -21.334913 0.58491 3.008323 -13.821212 -2e-06 3e-06 -23.887167 -0.249078 -0.839482 -62.505547 3.289976 -2.068879 -0.294025 1.679688 0.833256 -14.218208 0.093215 1.300582 -34.212048 -0.287561 0.967171 -20.033213 0.964537 1.212843 -1e-06 -1e-06 1e-06 -3.440388 0.788234 0.501656 -15.928185 -3.167309 2.999709 -6.338825 -0.0 2e-06 -18.123444 3.648183 -4.905671 -3e-06 0.0 -2e-06 20.84132 7.527644 14.128625 58.075569 12.32929 -1.565885 0.255414 17.985613 -0.015442 -3.189406 -1.678391 -9.059089 2.243541 -5.255037 -3.180157 14.282887 -0.826595 6.952501 -2e-06 -12.690605 0.0 17.186459 -18.730244 2.705482 1.665666 -1.955922 -2.878298 4.727798 -4.170588 4.993924 11.020524 2e-06 -1e-06 12.109049 -3.735717 -2.866783 -1e-06 -0.0 -0.0 1.291986 -1.928549 -1.498089 14.800125 0.567468 3.865607 14.242568 -1.341737 -6.660656 19.631966 0.143926 -0.648244 52.737572 -0.889103 -5.343127 0.353028 -1.511151 -0.03194 20.222786 3.684311 2.316631 18.78727 3e-06 -1e-06 10.751625 -0.479869 1.397906 -2e-06 -1e-06 -2e-06 3.273806 0.305947 -0.580111 21.486807 11.830376 2.266133 8.162926 2e-06 -0.0 18.399076 -3.798986 -4.940576 3e-06 0.0 -2e-06 1.365097 9.576088 -1.107385 0.026564 -0.08029 7.122657 -3.289653 3.49461 -5.371034 1.681793 -1.978068 1.033365 -0.0 -0.0 2e-06 -6.782609 -1.026148 -2.837286 -0.013533 0.256765 5.873537 7.426683 10.912724 -0.080898 -1.422117 0.997782 -0.463135 0.0 -0.0 -1e-06 
0.0 0.0 0.0 0.0 -0.0 0.0 -17.695967 100.576553 13.648547 -0.274617 -0.454753 0.256655 -1.502891 -0.065264 -2.975253 -0.671027 -0.588256 -6.179157 1.089865 -2.219885 14.246376 0.571144 2.243223 0.806181 -0.301002 0.936365 -3.54258 0.056665 0.16999 -12.701539 7.7e-05 -2.2e-05 6e-06 0.009793 -0.021994 0.046674 0.659953 -3.764647 -10.451893 -0.642084 3.72396 -10.461187 -12.851046 -3.363114 15.051227 -59.122547 -13.106205 18.170218 -0.824858 -14.362991 0.160785 7.325922 -0.16417 -16.009584 -5.882111 9.861291 0.702591 -10.936879 -0.360574 7.156213 0.0 8.77483 0.0 -16.892117 18.668694 5.728355 -1.844033 2.498507 -2.507281 -10.163607 4.678948 4.621112 -20.97604 -2e-06 2e-06 -21.226303 2.451699 -3.594004 -1e-06 -7e-06 -0.0 -1.362682 2.240799 -0.746324 -21.334929 0.584912 3.008325 -13.821223 -1e-06 3e-06 -23.887188 -0.249078 -0.839485 -61.665764 2.908392 -1.874196 -0.294025 1.679687 0.833257 -14.218219 0.093216 1.300582 -34.212078 -0.287562 0.96717 -20.03323 0.964538 1.212842 0.0 0.0 0.0 -3.440392 0.788234 0.501655 -15.928201 -3.16731 2.999711 -6.338832 0.0 2e-06 -18.123463 3.648185 -4.905674 -3e-06 -0.0 -2e-06 19.631937 7.394727 14.010011 59.253475 11.79569 1.071996 0.267529 21.611759 -0.009327 -2.988172 -0.284092 -9.916696 2.243543 -5.25504 -3.18016 14.2829 -0.826595 6.952508 -3e-06 -12.690614 1e-06 17.015739 -18.495001 2.629128 1.665667 -1.955922 -2.8783 4.727801 -4.170589 4.993928 11.020534 3e-06 -1e-06 12.109058 -3.735718 -2.866786 1e-06 -0.0 -0.0 1.291986 -1.92855 -1.498091 14.800138 0.56747 3.865611 14.24258 -1.341736 -6.660662 19.631975 0.143927 -0.648244 51.864147 -0.77518 -5.614043 0.353029 -1.51115 -0.03194 20.222803 3.684313 2.316632 18.787283 5e-06 0.0 10.751635 -0.479868 1.397908 -1e-06 -0.0 1e-06 3.273808 0.305949 -0.580111 21.486824 11.830384 2.266135 8.16293 2e-06 0.0 18.399092 -3.798988 -4.940577 4e-06 -0.0 -1e-06 1.518391 9.617201 -0.443957 0.01545 -0.09234 5.755949 -3.165584 3.61701 -4.782253 1.672298 -1.917124 1.077374 0.0 -0.0 2e-06 -6.759703 -1.334998 -2.409722 0.004999 0.232004 4.88251 7.768343 10.852863 0.174951 -1.427039 1.051676 -0.189808 0.0 -0.0 -1e-06 
0.0 0.0 0.0 0.0 -0.0 0.0 -17.786478 100.618652 14.110592 -0.082839 -0.220142 0.257215 -1.2866 -0.045076 -3.264278 -0.621371 -0.467928 -6.316966 0.760568 -2.165094 14.279546 0.553986 2.200247 0.54307 -0.306658 0.964159 -3.543275 0.060766 -0.086432 -11.972803 7.7e-05 -2.2e-05 6e-06 0.017859 0.006558 0.031652 0.662733 -3.740281 -10.470922 -0.628889 3.755537 -10.478995 -12.925236 -3.310965 15.059573 -58.861832 -12.538379 18.605936 -0.738177 -15.438967 0.131411 7.53716 -0.193737 -15.548251 -5.88211 9.86129 0.702592 -10.936877 -0.360573 7.156212 -0.0 8.774828 -0.0 -16.685701 18.432495 5.666855 -1.844033 2.498506 -2.507279 -10.163605 4.678948 4.621113 -20.976034 -0.0 3e-06 -21.226301 2.4517 -3.594002 -1e-06 -6e-06 -0.0 -1.362682 2.2408 -0.746324 -21.334925 0.584913 3.008326 -13.821221 -1e-06 2e-06 -23.887182 -0.249076 -0.839485 -61.106998 2.690064 -1.780007 -0.294025 1.679687 0.833255 -14.218216 0.093216 1.300584 -34.212067 -0.28756 0.967169 -20.033226 0.96454 1.212844 0.0 0.0 0.0 -3.440391 0.788235 0.501656 -15.928196 -3.16731 2.999711 -6.33883 0.0 1e-06 -18.123457 3.648186 -4.905672 -3e-06 0.0 -1e-06 18.410627 7.507869 13.890946 59.715237 11.418365 3.528034 0.306023 23.897408 0.043796 -2.66235 0.550651 -10.54458 2.243542 -5.255038 -3.180159 14.282896 -0.826595 6.952507 -2e-06 -12.690607 0.0 16.862616 -18.295607 2.642052 1.665666 -1.955922 -2.8783 4.7278 -4.170588 4.993926 11.020528 2e-06 -1e-06 12.109056 -3.735717 -2.866786 1e-06 -0.0 -1e-06 1.291986 -1.928552 -1.49809 14.800134 0.567466 3.86561 14.242577 -1.341737 -6.660661 19.631973 0.143926 -0.648245 51.307404 -0.745499 -5.760291 0.35303 -1.511152 -0.03194 20.222801 3.68431 2.316631 18.787279 4e-06 -1e-06 10.751633 -0.47987 1.397907 -0.0 -1e-06 -1e-06 3.273808 0.305946 -0.580111 21.48682 11.830376 2.266133 8.16293 1e-06 1e-06 18.39909 -3.798988 -4.940578 4e-06 0.0 -2e-06 1.655197 9.568273 0.362622 0.00246 -0.080958 4.419196 -3.236634 3.611459 -4.080262 1.666379 -1.884952 1.068925 -0.0 -1e-06 2e-06 -6.797912 -1.498579 -1.798023 0.02377 0.212987 4.101089 7.794853 10.59113 0.187527 -1.430318 1.052727 0.068187 0.0 -0.0 -1e-06 
0.0 0.0 0.0 0.0 -0.0 0.0 -17.866421 100.625526 14.55054 0.119947 0.10392 0.120184 -1.05384 -0.004672 -3.427617 -0.567725 -0.327782 -6.394074 0.516567 -1.959306 14.360244 0.483028 2.178792 0.120791 -0.324678 0.91662 -3.542272 0.054941 -0.402979 -11.342091 7.7e-05 -2.3e-05 6e-06 0.020837 0.01708 0.020787 0.664311 -3.730648 -10.481198 -0.62481 3.765876 -10.487389 -12.996464 -3.281992 15.017189 -58.922253 -12.336104 19.347143 -0.76199 -16.244982 0.135956 7.44588 -0.179366 -15.06995 -5.882105 9.861285 0.70259 -10.936872 -0.360576 7.156208 1e-06 8.774824 -1e-06 -16.506956 18.282589 5.69213 -1.844032 2.498504 -2.507278 -10.163599 4.678944 4.62111 -20.976023 -5e-06 4e-06 -21.226286 2.451696 -3.593999 -1e-06 -6e-06 -0.0 -1.362681 2.240797 -0.746324 -21.334913 0.584908 3.008325 -13.821215 -4e-06 2e-06 -23.887171 -0.24908 -0.839482 -60.725929 2.553279 -1.702127 -0.294025 1.679687 0.833256 -14.21821 0.093214 1.300581 -34.212051 -0.287566 0.967172 -20.033218 0.964536 1.212845 0.0 1e-06 0.0 -3.440388 0.788233 0.501657 -15.928185 -3.16731 2.99971 -6.338826 -1e-06 2e-06 -18.123444 3.648181 -4.90567 -3e-06 0.0 -2e-06 17.397429 7.865512 13.787264 59.571362 11.231741 5.907662 0.360419 24.501835 0.090079 -2.279401 0.783184 -11.015824 2.243543 -5.255038 -3.18016 14.282898 -0.826598 6.952507 -1e-06 -12.690609 1e-06 16.715475 -18.11775 2.661865 1.665667 -1.955923 -2.8783 4.727801 -4.17059 4.993926 11.020531 2e-06 -1e-06 12.109058 -3.735717 -2.866786 2e-06 0.0 -0.0 1.291987 -1.92855 -1.49809 14.800138 0.567467 3.86561 14.242582 -1.341737 -6.660662 19.631975 0.143925 -0.648245 51.002125 -0.71638 -5.81179 0.353029 -1.51115 -0.03194 20.222801 3.684308 2.316632 18.787285 3e-06 -1e-06 10.751633 -0.47987 1.397907 -0.0 -1e-06 -0.0 3.273808 0.305948 -0.580111 21.486822 11.830377 2.266133 8.16293 1e-06 -0.0 18.399088 -3.798988 -4.940577 4e-06 1e-06 -2e-06 1.723943 9.49431 1.194757 -0.001249 -0.053385 3.366182 -3.308988 3.467358 -3.551842 1.658906 -1.881555 1.051424 0.0 -0.0 2e-06 -6.858323 -1.473214 -0.872382 0.019965 0.220766 3.184864 7.620693 10.051708 0.016726 -1.434701 1.042738 0.298293 -0.0 -0.0 -1e-06 
0.0 0.0 0.0 0.0 -0.0 0.0 -17.933384 100.633583 14.933038 0.257937 0.439836 -0.052529 -0.810431 0.047853 -3.494805 -0.506692 -0.174948 -6.420883 0.41419 -1.712049 14.436914 0.351361 2.212292 -0.362854 -0.367533 0.780424 -3.54611 0.03816 -0.628462 -10.981972 7.7e-05 -2.2e-05 6e-06 0.018793 0.009461 0.01638 0.663431 -3.736432 -10.480865 -0.628376 3.756261 -10.487552 -12.927446 -3.215122 14.978452 -59.537395 -12.383801 19.772146 -0.781696 -16.964088 0.150603 7.36082 -0.352775 -14.85071 -5.882106 9.861286 0.702591 -10.936871 -0.360575 7.156204 -0.0 8.774826 -2e-06 -16.323027 18.222519 5.758891 -1.844033 2.498504 -2.507277 -10.163601 4.678947 4.621107 -20.976023 -2e-06 3e-06 -21.226286 2.451698 -3.594 -0.0 -6e-06 1e-06 -1.362682 2.240798 -0.746322 -21.334915 0.58491 3.008323 -13.821213 -2e-06 2e-06 -23.887169 -0.249078 -0.839483 -60.423042 2.465885 -1.661565 -0.294025 1.679687 0.833256 -14.218208 0.093216 1.300581 -34.212051 -0.287562 0.967169 -20.033215 0.964536 1.212842 -1e-06 0.0 -1e-06 -3.440388 0.788234 0.501655 -15.928185 -3.167309 2.999705 -6.338826 -0.0 2e-06 -18.123444 3.648185 -4.90567 -3e-06 0.0 -1e-06 16.440626 8.402654 13.703128 59.36821 11.226695 7.924251 0.408496 23.630203 0.110298 -1.963693 0.499412 -10.975945 2.243542 -5.255037 -3.180156 14.282887 -0.826596 6.952498 -1e-06 -12.690606 1e-06 16.607197 -17.962875 2.645514 1.665666 -1.955922 -2.878297 4.727798 -4.170589 4.993923 11.020526 2e-06 -1e-06 12.109052 -3.735717 -2.866783 1e-06 -0.0 -1e-06 1.291985 -1.928549 -1.498088 14.800125 0.567467 3.865607 14.242569 -1.341739 -6.660656 19.631962 0.143924 -0.648245 50.788197 -0.684064 -5.845792 0.353029 -1.511151 -0.03194 20.222786 3.684309 2.316628 18.78727 3e-06 -1e-06 10.751621 -0.47987 1.397904 1e-06 -0.0 -0.0 3.273806 0.305947 -0.580111 21.486809 11.830376 2.266131 8.162926 2e-06 -0.0 18.39908 -3.798986 -4.940577 4e-06 1e-06 -1e-06 1.768361 9.419253 1.760493 -0.003002 -0.03926 2.916885 -3.333427 3.300532 -3.244982 1.650853 -1.902199 1.010615 -0.0 -1e-06 2e-06 -6.877575 -1.364383 -0.058428 0.004977 0.241742 2.568828 7.340069 9.493519 -0.155497 -1.43838 1.033443 0.487486 0.0 -0.0 -1e-06 
0.0 0.0 0.0 0.0 -0.0 0.0 -18.000177 100.650169 15.245813 0.356999 0.756193 -0.230367 -0.587931 0.111522 -3.502288 -0.449399 -0.048783 -6.416563 0.418246 -1.476846 14.489205 0.234191 2.278966 -0.822143 -0.438471 0.61 -3.547473 0.004781 -0.726976 -10.789793 7.7e-05 -2.3e-05 6e-06 0.014947 -0.000239 0.015728 0.665206 -3.741866 -10.469445 -0.638236 3.743031 -10.479919 -12.680953 -3.130606 14.929403 -60.659607 -12.481056 19.958265 -0.779903 -17.766642 0.156438 7.261865 -0.722705 -14.889597 -5.882112 9.861297 0.70259 -10.93688 -0.360575 7.15621 -0.0 8.774835 -2e-06 -16.15624 18.160524 5.819805 -1.844034 2.498508 -2.507279 -10.163607 4.678949 4.62111 -20.97604 -3e-06 1e-06 -21.226303 2.451699 -3.594007 -0.0 -6e-06 -0.0 -1.362683 2.2408 -0.746324 -21.334932 0.584911 3.008325 -13.821225 -2e-06 2e-06 -23.887188 -0.24908 -0.839486 -60.174118 2.392208 -1.630175 -0.294025 1.679689 0.833256 -14.218222 0.093216 1.30058 -34.212078 -0.287564 0.967169 -20.033232 0.964536 1.212842 -0.0 -1e-06 -1e-06 -3.440392 0.788234 0.501655 -15.928201 -3.167313 2.999707 -6.338832 -1e-06 1e-06 -18.123461 3.648185 -4.905676 -3e-06 0.0 -2e-06 15.406049 9.069775 13.676474 59.452461 11.384552 9.312736 0.501518 21.653788 0.124217 -1.908432 -0.173505 -10.458935 2.243543 -5.255038 -3.180159 14.282896 -0.826594 6.952504 -3e-06 -12.690608 -0.0 16.527716 -17.846043 2.627398 1.665668 -1.955922 -2.8783 4.7278 -4.170588 4.993925 11.020531 4e-06 -2e-06 12.109057 -3.735716 -2.866785 0.0 0.0 -0.0 1.291986 -1.92855 -1.49809 14.800136 0.56747 3.865607 14.242579 -1.341735 -6.660659 19.631981 0.143928 -0.648244 50.610092 -0.655759 -5.869674 0.353029 -1.511152 -0.03194 20.222801 3.684313 2.316629 18.787283 6e-06 -1e-06 10.751634 -0.479868 1.397904 -0.0 -1e-06 1e-06 3.273808 0.305948 -0.580112 21.486824 11.830381 2.266132 8.162932 4e-06 -1e-06 18.399088 -3.798985 -4.940578 4e-06 0.0 -1e-06 1.781938 9.2948 2.196392 -0.006579 -0.037703 2.724784 -3.291929 3.173692 -3.022656 1.644317 -1.933736 0.952219 -0.0 -0.0 2e-06 -6.89809 -1.279904 0.570197 -0.005466 0.262773 2.270326 7.09059 9.047271 -0.285833 -1.441549 1.032211 0.649443 -0.0 -0.0 -1e-06 
0.0 0.0 0.0 0.0 -0.0 0.0 -18.073128 100.655151 15.481318 0.435465 1.06424 -0.380853 -0.411883 0.172527 -3.487233 -0.41071 0.038532 -6.402246 0.479992 -1.29737 14.528513 0.168726 2.366229 -1.239162 -0.507403 0.480278 -3.543287 -0.052347 -0.728268 -10.677751 7.7e-05 -2.3e-05 6e-06 0.011945 -0.007655 0.018401 0.671618 -3.744187 -10.45517 -0.651071 3.732058 -10.468054 -12.357924 -3.08336 14.838037 -61.993378 -12.534895 20.280567 -0.773336 -18.573177 0.157184 7.039362 -1.22199 -15.096422 -5.882104 9.861282 0.702589 -10.936866 -0.360574 7.156201 -0.0 8.774822 -1e-06 -16.017456 18.08012 5.86076 -1.844032 2.498503 -2.507277 -10.163595 4.678944 4.621106 -20.976013 -3e-06 0.0 -21.226278 2.451695 -3.594002 -0.0 -6e-06 1e-06 -1.362681 2.240797 -0.746322 -21.334904 0.58491 3.00832 -13.821206 -2e-06 0.0 -23.887161 -0.249079 -0.839487 -59.968987 2.32468 -1.591566 -0.294024 1.679687 0.833255 -14.218201 0.093216 1.300579 -34.212032 -0.287564 0.967166 -20.033201 0.964534 1.21284 1e-06 -1e-06 -1e-06 -3.440387 0.788234 0.501655 -15.928179 -3.167307 2.999706 -6.338824 -0.0 -0.0 -18.12344 3.648181 -4.905672 -4e-06 0.0 -2e-06 14.474197 9.707951 13.733727 59.790382 11.595197 9.850542 0.642299 19.303854 0.129629 -2.242268 -0.93489 -9.869108 2.243541 -5.255037 -3.180157 14.282883 -0.826595 6.952499 -1e-06 -12.690601 -1e-06 16.475044 -17.76152 2.61854 1.665665 -1.955922 -2.878297 4.727796 -4.170586 4.993923 11.020519 1e-06 -2e-06 12.109043 -3.735716 -2.866783 -1e-06 0.0 -1e-06 1.291985 -1.928549 -1.498088 14.800122 0.567466 3.865606 14.242564 -1.341738 -6.660655 19.631958 0.143924 -0.648245 50.433456 -0.615962 -5.890746 0.353029 -1.51115 -0.031939 20.22278 3.684308 2.316631 18.787266 3e-06 -0.0 10.751624 -0.47987 1.397906 -0.0 -1e-06 1e-06 3.273804 0.305947 -0.580109 21.486801 11.830369 2.266135 8.162924 2e-06 -0.0 18.399075 -3.798986 -4.940573 5e-06 0.0 -1e-06 1.774843 9.203118 2.531598 -0.013143 -0.04075 2.645943 -3.226489 3.012486 -2.910154 1.640364 -1.965501 0.907819 -0.0 -0.0 2e-06 -6.927518 -1.286386 1.038961 -0.007234 0.270678 2.162501 6.909074 8.709715 -0.450823 -1.444294 1.038232 0.803025 -0.0 -0.0 -1e-06 
0.0 0.0 0.0 0.0 -0.0 0.0 -18.160254 100.646378 15.646667 0.49162 1.354281 -0.483261 -0.281728 0.213751 -3.476564 -0.385576 0.099782 -6.388981 0.554392 -1.182112 14.556561 0.144488 2.421525 -1.623085 -0.535446 0.421529 -3.529883 -0.137644 -0.648048 -10.568147 7.7e-05 -2.3e-05 6e-06 0.010718 -0.012049 0.023622 0.677598 -3.745758 -10.442885 -0.659808 3.726328 -10.453 -12.066096 -3.111848 14.7637 -63.272987 -12.565727 20.770483 -0.793951 -19.225878 0.176587 6.642815 -1.696758 -15.323832 -5.88211 9.861292 0.702591 -10.936877 -0.360575 7.156207 0.0 8.77483 -0.0 -15.925421 17.986452 5.861749 -1.844034 2.498506 -2.507279 -10.163605 4.678948 4.62111 -20.976034 -2e-06 3e-06 -21.226299 2.451699 -3.594002 -1e-06 -6e-06 -0.0 -1.362682 2.2408 -0.746322 -21.334927 0.584911 3.008324 -13.821223 -1e-06 3e-06 -23.887184 -0.249078 -0.839485 -59.798565 2.248107 -1.57414 -0.294025 1.679688 0.833256 -14.218217 0.093215 1.300582 -34.21207 -0.287563 0.967171 -20.033226 0.964538 1.212844 1e-06 -1e-06 -1e-06 -3.44039 0.788234 0.501656 -15.928194 -3.167311 2.999709 -6.33883 0.0 1e-06 -18.123457 3.648185 -4.905674 -4e-06 0.0 -2e-06 13.774826 10.166771 13.79348 60.198841 11.611279 9.778614 0.774219 17.443375 0.129949 -2.708985 -1.466524 -9.507396 2.243543 -5.255039 -3.180159 14.282898 -0.826596 6.952506 -2e-06 -12.69061 -1e-06 16.436899 -17.699772 2.624145 1.665667 -1.955922 -2.878299 4.727802 -4.170591 4.993926 11.020534 2e-06 -1e-06 12.109059 -3.735719 -2.866786 -1e-06 0.0 -1e-06 1.291986 -1.928551 -1.498089 14.800136 0.567466 3.865609 14.242579 -1.341738 -6.660661 19.631975 0.143925 -0.648245 50.296486 -0.578824 -5.895769 0.353029 -1.511151 -0.031941 20.222801 3.684309 2.316631 18.787283 2e-06 -0.0 10.751633 -0.47987 1.397907 -2e-06 -0.0 -1e-06 3.273809 0.305947 -0.58011 21.486824 11.830379 2.266134 8.162933 1e-06 0.0 18.399096 -3.798988 -4.940579 3e-06 0.0 -2e-06 1.770516 9.156213 2.773635 -0.02198 -0.044165 2.618447 -3.160668 2.826223 -2.896971 1.637207 -1.988338 0.913823 0.0 -0.0 2e-06 -6.940776 -1.347416 1.379995 -0.004093 0.260657 2.154752 6.753751 8.453858 -0.666755 -1.447383 1.043523 0.951192 -0.0 -0.0 -1e-06 
0.0 0.0 0.0 0.0 -0.0 0.0 -18.264492 100.621368 15.745337 0.527067 1.582991 -0.538041 -0.202877 0.226355 -3.471776 -0.368684 0.14476 -6.384964 0.60453 -1.147773 14.59197 0.165288 2.426158 -1.956601 -0.523054 0.464164 -3.523385 -0.231133 -0.532547 -10.439331 7.7e-05 -2.3e-05 6e-06 0.012391 -0.005837 0.027629 0.683056 -3.737724 -10.431375 -0.662012 3.731916 -10.441021 -11.863377 -3.203804 14.764906 -64.295067 -12.657012 21.36665 -0.854256 -19.548948 0.222561 6.14952 -2.036165 -15.454056 -5.882107 9.861284 0.702589 -10.936875 -0.360576 7.156205 2e-06 8.774826 -2e-06 -15.872388 17.893547 5.859506 -1.844033 2.498505 -2.507278 -10.163604 4.678944 4.621107 -20.97603 -5e-06 4e-06 -21.226294 2.451695 -3.593999 -1e-06 -6e-06 1e-06 -1.362682 2.240797 -0.746323 -21.334921 0.584907 3.008322 -13.821218 -3e-06 4e-06 -23.887177 -0.24908 -0.839482 -59.701851 2.211911 -1.557704 -0.294025 1.679687 0.833256 -14.218214 0.093213 1.30058 -34.212063 -0.287568 0.967171 -20.033224 0.964534 1.212845 0.0 -1e-06 -1e-06 -3.440389 0.788233 0.501656 -15.928192 -3.167311 2.999707 -6.338829 -2e-06 1e-06 -18.123451 3.64818 -4.905672 -2e-06 1e-06 -2e-06 13.334234 10.40681 13.800033 60.577374 11.392807 9.643337 0.849535 16.510237 0.129905 -3.048876 -1.681462 -9.314148 2.243541 -5.255037 -3.180156 14.282896 -0.826593 6.9525 -4e-06 -12.690605 -1e-06 16.389336 -17.656336 2.630155 1.665667 -1.955922 -2.878299 4.7278 -4.170588 4.993923 11.020532 4e-06 -1e-06 12.109058 -3.735714 -2.866784 -1e-06 -0.0 -0.0 1.291986 -1.928549 -1.498089 14.800132 0.56747 3.865606 14.242579 -1.341735 -6.660658 19.631973 0.143928 -0.648244 50.194996 -0.544082 -5.912865 0.353029 -1.511151 -0.031939 20.222801 3.684313 2.316628 18.787279 8e-06 -2e-06 10.751633 -0.479866 1.397905 -3e-06 0.0 -0.0 3.273808 0.305948 -0.580111 21.48682 11.83038 2.266131 8.16293 4e-06 -1e-06 18.399084 -3.798983 -4.940576 2e-06 0.0 -2e-06 1.770059 9.121588 2.925632 -0.025358 -0.036962 2.632079 -3.093505 2.652213 -2.988764 1.63419 -1.995056 0.920618 -0.0 -0.0 2e-06 -6.924692 -1.375102 1.598761 -0.001219 0.243012 2.213171 6.595609 8.246757 -0.950812 -1.449181 1.04133 1.053473 0.0 -0.0 -1e-06 
0.0 0.0 0.0 0.0 -0.0 0.0 -18.371014 100.601997 15.816632 0.54799 1.765048 -0.563881 -0.172754 0.22091 -3.463163 -0.356121 0.15861 -6.391617 0.611336 -1.203686 14.640275 0.241147 2.402625 -2.220071 -0.501359 0.591944 -3.523514 -0.308995 -0.394668 -10.326436 7.7e-05 -2.2e-05 6e-06 0.014809 -0.001069 0.026634 0.690676 -3.731724 -10.425636 -0.664764 3.736266 -10.439158 -11.702864 -3.332875 14.816381 -65.075638 -12.831201 22.040638 -0.925492 -19.501419 0.271492 5.640423 -2.201098 -15.563011 -5.882108 9.861289 0.702591 -10.936873 -0.360574 7.156205 -1e-06 8.774828 -1e-06 -15.852085 17.832624 5.876615 -1.844032 2.498505 -2.507277 -10.163602 4.678947 4.621109 -20.976027 -1e-06 3e-06 -21.22629 2.4517 -3.594001 -0.0 -6e-06 1e-06 -1.362681 2.240798 -0.746323 -21.334917 0.584912 3.008324 -13.821215 -2e-06 3e-06 -23.887171 -0.249077 -0.839485 -59.68 2.207261 -1.492971 -0.294025 1.679688 0.833256 -14.218211 0.093216 1.300581 -34.212048 -0.28756 0.967168 -20.033218 0.964538 1.212842 0.0 -0.0 -2e-06 -3.440389 0.788234 0.501656 -15.928187 -3.167309 2.999707 -6.338826 0.0 2e-06 -18.123447 3.648186 -4.905671 -2e-06 0.0 -3e-06 13.040889 10.464231 13.794643 60.974377 11.072267 9.819129 0.881312 16.424726 0.140186 -3.247404 -1.644626 -9.155849 2.24354 -5.255034 -3.180156 14.282878 -0.826594 6.952497 -1e-06 -12.690598 -1e-06 16.34643 -17.64233 2.628882 1.665665 -1.95592 -2.878296 4.727794 -4.170586 4.993921 11.020514 2e-06 -1e-06 12.109038 -3.735714 -2.866782 -0.0 -0.0 -0.0 1.291984 -1.928548 -1.498088 14.800115 0.567467 3.865606 14.242558 -1.341738 -6.660654 19.63195 0.143925 -0.648245 50.125484 -0.530635 -5.957302 0.353029 -1.51115 -0.031939 20.222771 3.684307 2.316628 18.787254 2e-06 -1e-06 10.751619 -0.479869 1.397906 -2e-06 0.0 -1e-06 3.273804 0.305947 -0.58011 21.486792 11.830366 2.266132 8.162921 2e-06 0.0 18.399067 -3.798985 -4.940572 3e-06 0.0 -2e-06 1.771373 9.037847 3.011646 -0.022935 -0.023169 2.674871 -2.996888 2.502694 -3.07669 1.631044 -1.988615 0.9018 -0.0 -1e-06 2e-06 -6.887268 -1.39093 1.731823 -0.000463 0.230199 2.303047 6.423609 8.063166 -1.199392 -1.447833 1.036329 1.082224 -0.0 -0.0 -1e-06 
0.0 0.0 0.0 0.0 -0.0 0.0 -18.463093 100.598541 15.88168 0.554358 1.897095 -0.577619 -0.175509 0.204252 -3.437999 -0.34383 0.128669 -6.398774 0.592402 -1.291718 14.67075 0.346209 2.357952 -2.39302 -0.47687 0.76746 -3.524696 -0.359103 -0.239982 -10.251062 7.7e-05 -2.2e-05 6e-06 0.017627 0.005345 0.021647 0.700715 -3.725251 -10.426283 -0.669087 3.742808 -10.44488 -11.530194 -3.481341 14.918308 -65.673767 -13.083162 22.627857 -1.002401 -19.215158 0.309196 5.235584 -2.242855 -15.590443 -5.882109 9.861289 0.70259 -10.936875 -0.360574 7.156209 1e-06 8.774828 0.0 -15.869305 17.796329 5.882793 -1.844033 2.498504 -2.507278 -10.163603 4.678946 4.621109 -20.97603 -2e-06 3e-06 -21.226292 2.451699 -3.593999 -0.0 -6e-06 1e-06 -1.362682 2.240799 -0.746324 -21.334921 0.584911 3.008323 -13.821218 -2e-06 3e-06 -23.887178 -0.249078 -0.839485 -59.700329 2.212946 -1.412933 -0.294025 1.679687 0.833257 -14.218212 0.093215 1.300581 -34.212063 -0.287562 0.96717 -20.033216 0.964538 1.212843 -1e-06 -1e-06 -2e-06 -3.44039 0.788234 0.501654 -15.928192 -3.16731 2.999709 -6.338829 -0.0 1e-06 -18.123451 3.648185 -4.905673 -2e-06 1e-06 -1e-06 12.788612 10.374314 13.855344 61.427681 10.761742 10.411587 0.853659 16.996883 0.159166 -3.255661 -1.36404 -8.983258 2.243542 -5.255037 -3.180158 14.282896 -0.826595 6.952503 -2e-06 -12.690607 1e-06 16.330149 -17.652849 2.611477 1.665667 -1.955922 -2.878298 4.7278 -4.170588 4.993923 11.02053 3e-06 -2e-06 12.109057 -3.735717 -2.866784 -0.0 0.0 -1e-06 1.291986 -1.928549 -1.498089 14.800132 0.567469 3.865607 14.242577 -1.341736 -6.660658 19.631973 0.143926 -0.648244 50.094929 -0.546887 -6.034902 0.353029 -1.51115 -0.031939 20.222801 3.68431 2.316631 18.787283 4e-06 -1e-06 10.751633 -0.479868 1.397907 -2e-06 -0.0 -1e-06 3.273808 0.305946 -0.580112 21.486822 11.830378 2.266134 8.16293 2e-06 -1e-06 18.39909 -3.798986 -4.940577 3e-06 0.0 -1e-06 1.785228 8.894817 3.05464 -0.022255 -0.008117 2.733799 -2.919441 2.39207 -3.109229 1.627463 -1.972194 0.897881 0.0 -1e-06 2e-06 -6.829169 -1.4311 1.80103 0.001372 0.2305 2.394026 6.256382 7.920743 -1.348758 -1.444586 1.030495 1.065237 0.0 -0.0 -1e-06 
0.0 0.0 0.0 0.0 -0.0 0.0 -18.54141 100.606812 15.938335 0.554225 1.971799 -0.585168 -0.198422 0.176557 -3.392273 -0.337003 0.06849 -6.399785 0.563335 -1.370522 14.670473 0.450313 2.297842 -2.454709 -0.456127 0.94199 -3.520975 -0.404566 -0.049027 -10.248759 7.7e-05 -2.2e-05 6e-06 0.021545 0.016005 0.016629 0.709799 -3.716338 -10.430316 -0.670153 3.754912 -10.454601 -11.3235 -3.615607 15.03813 -66.06926 -13.338984 23.045479 -1.056264 -18.94591 0.325453 5.025528 -2.246477 -15.560923 -5.882105 9.861284 0.70259 -10.936868 -0.360575 7.156203 -0.0 8.774824 -1e-06 -15.897635 17.764063 5.866053 -1.844032 2.498504 -2.507276 -10.163596 4.678944 4.621106 -20.976017 -4e-06 2e-06 -21.226278 2.451695 -3.593999 -0.0 -6e-06 1e-06 -1.362681 2.240798 -0.746323 -21.334909 0.584909 3.008322 -13.821209 -2e-06 2e-06 -23.887159 -0.249078 -0.839483 -59.710148 2.219865 -1.360961 -0.294025 1.679687 0.833256 -14.218205 0.093215 1.300581 -34.212036 -0.287563 0.967169 -20.033211 0.964536 1.212843 -0.0 -1e-06 -1e-06 -3.440387 0.788233 0.501656 -15.928181 -3.167308 2.999707 -6.338825 -1e-06 1e-06 -18.123444 3.648183 -4.905671 -2e-06 0.0 -1e-06 12.563001 10.213304 13.968331 61.914429 10.486766 11.180093 0.76848 17.970501 0.176708 -3.136049 -0.901365 -8.913116 2.243542 -5.255037 -3.180158 14.282891 -0.826595 6.952499 -2e-06 -12.690603 -1e-06 16.334089 -17.666834 2.592581 1.665666 -1.955921 -2.878299 4.727799 -4.170588 4.993923 11.020528 3e-06 -3e-06 12.109055 -3.735716 -2.866785 -0.0 -0.0 -0.0 1.291986 -1.928549 -1.498089 14.800129 0.567468 3.865606 14.242574 -1.341737 -6.660659 19.631969 0.143926 -0.648248 50.100956 -0.574294 -6.110595 0.353029 -1.511151 -0.031941 20.222794 3.68431 2.316628 18.787273 4e-06 -2e-06 10.751628 -0.479868 1.397906 -1e-06 0.0 1e-06 3.273808 0.305946 -0.58011 21.486813 11.830376 2.266131 8.162928 2e-06 -2e-06 18.399082 -3.798985 -4.940578 3e-06 1e-06 -3e-06 1.810014 8.739748 3.067211 -0.025803 -0.00821 2.796727 -2.904835 2.350641 -3.094284 1.624881 -1.950592 0.915741 0.0 -1e-06 2e-06 -6.763149 -1.471877 1.809728 0.003902 0.234225 2.500828 6.125467 7.84945 -1.423348 -1.441773 1.027032 1.043325 -0.0 -0.0 -1e-06 
0.0 0.0 0.0 0.0 -0.0 0.0 -18.609465 100.611748 15.968832 0.555422 1.981252 -0.600622 -0.227762 0.15243 -3.335178 -0.340344 0.008859 -6.390796 0.530918 -1.41679 14.668849 0.544596 2.257841 -2.447486 -0.446849 1.062298 -3.522905 -0.435825 0.148485 -10.309074 7.7e-05 -2.3e-05 6e-06 0.02395 0.02249 0.015081 0.712256 -3.712331 -10.432476 -0.667668 3.763132 -10.461882 -11.140778 -3.716796 15.096655 -66.202011 -13.519464 23.299961 -1.07345 -18.904808 0.330477 5.064162 -2.266476 -15.603465 -5.882109 9.861289 0.702588 -10.936873 -0.360574 7.156207 -0.0 8.774828 0.0 -15.913909 17.738472 5.843759 -1.844033 2.498505 -2.507279 -10.163604 4.678947 4.621109 -20.976032 -2e-06 3e-06 -21.226295 2.451699 -3.594002 -0.0 -6e-06 1e-06 -1.362682 2.240799 -0.746323 -21.334921 0.58491 3.008322 -13.821215 -2e-06 1e-06 -23.887178 -0.249079 -0.839485 -59.700684 2.231829 -1.336054 -0.294025 1.679688 0.833255 -14.218212 0.093216 1.300581 -34.212059 -0.287562 0.967169 -20.033218 0.964537 1.212842 -0.0 -1e-06 -2e-06 -3.440389 0.788234 0.501655 -15.928189 -3.16731 2.999709 -6.338829 -1e-06 1e-06 -18.123453 3.648184 -4.905674 -2e-06 0.0 -1e-06 12.389316 10.048672 14.08647 62.386765 10.295973 11.874561 0.672598 19.019506 0.186162 -2.991427 -0.413216 -8.930061 2.243543 -5.255039 -3.180159 14.282896 -0.826596 6.952507 -2e-06 -12.69061 0.0 16.328011 -17.658625 2.588054 1.665667 -1.955922 -2.878301 4.727801 -4.170589 4.993927 11.020531 2e-06 -2e-06 12.109058 -3.735718 -2.866786 -1e-06 -0.0 -0.0 1.291986 -1.928549 -1.49809 14.800136 0.567468 3.865608 14.242579 -1.341737 -6.660661 19.631975 0.143927 -0.648246 50.106293 -0.580377 -6.154676 0.35303 -1.511152 -0.03194 20.222801 3.684311 2.316631 18.787283 5e-06 -2e-06 10.751634 -0.479869 1.397906 -2e-06 -1e-06 0.0 3.273808 0.305947 -0.580111 21.486824 11.830379 2.266134 8.16293 2e-06 -1e-06 18.399092 -3.798987 -4.940578 2e-06 1e-06 -2e-06 1.832416 8.604069 3.067837 -0.028572 -0.015453 2.874246 -2.910467 2.3656 -3.094273 1.624441 -1.932174 0.941701 0.0 -0.0 2e-06 -6.704988 -1.499417 1.788445 0.001059 0.239041 2.614078 6.01919 7.853168 -1.491337 -1.440958 1.026685 1.027473 -0.0 -0.0 -1e-06 
0.0 0.0 0.0 0.0 -0.0 0.0 -18.674746 100.611946 15.966389 0.545802 1.906485 -0.628482 -0.246276 0.151027 -3.276872 -0.351695 -0.019177 -6.378554 0.511391 -1.443985 14.687613 0.61501 2.243853 -2.409846 -0.4416 1.12569 -3.529459 -0.448526 0.327533 -10.378388 7.7e-05 -2.2e-05 6e-06 0.022939 0.018302 0.017763 0.708557 -3.718732 -10.434459 -0.666035 3.760425 -10.466737 -11.023657 -3.783656 15.110715 -66.109772 -13.662642 23.368954 -1.052052 -19.085833 0.313821 5.33993 -2.274324 -15.727881 -5.882107 9.861289 0.702592 -10.936872 -0.360573 7.156208 -1e-06 8.774828 -0.0 -15.895924 17.717857 5.85063 -1.844033 2.498505 -2.507278 -10.1636 4.678946 4.62111 -20.976023 -0.0 3e-06 -21.226286 2.4517 -3.594002 -0.0 -6e-06 0.0 -1.362681 2.240799 -0.746324 -21.334913 0.584913 3.008324 -13.821213 -0.0 3e-06 -23.887167 -0.249075 -0.839484 -59.675186 2.241743 -1.319144 -0.294025 1.679687 0.833256 -14.21821 0.093217 1.300583 -34.212048 -0.287559 0.967173 -20.033215 0.964541 1.212842 -0.0 -0.0 -1e-06 -3.440389 0.788234 0.501656 -15.928185 -3.167308 2.999709 -6.338827 -1e-06 1e-06 -18.123447 3.648186 -4.905673 -2e-06 1e-06 -2e-06 12.288432 9.92438 14.199937 62.788742 10.242253 12.447245 0.562916 19.865696 0.183371 -2.91323 -0.048744 -9.048577 2.243542 -5.255036 -3.180157 14.282888 -0.826595 6.952504 -3e-06 -12.690601 1e-06 16.307846 -17.645231 2.602722 1.665666 -1.955921 -2.878299 4.727798 -4.170588 4.993925 11.020526 2e-06 -1e-06 12.109052 -3.735716 -2.866785 -1e-06 -0.0 0.0 1.291985 -1.928549 -1.498089 14.800125 0.567467 3.865608 14.24257 -1.341735 -6.660657 19.631968 0.143925 -0.648244 50.117672 -0.574626 -6.150075 0.353029 -1.51115 -0.03194 20.222788 3.684308 2.316631 18.78727 3e-06 -2e-06 10.751628 -0.479869 1.397906 -1e-06 -1e-06 1e-06 3.273807 0.305947 -0.58011 21.486813 11.830372 2.266133 8.162927 1e-06 0.0 18.39908 -3.798988 -4.940574 4e-06 1e-06 -3e-06 1.858214 8.503138 3.040334 -0.024506 -0.022904 3.017295 -2.926623 2.441833 -3.142343 1.624158 -1.932174 0.964606 0.0 -0.0 2e-06 -6.638269 -1.481954 1.765499 -0.005614 0.243581 2.690819 5.932328 7.914187 -1.541351 -1.442322 1.028661 1.004952 -0.0 -0.0 -1e-06 
0.0 0.0 0.0 0.0 -0.0 0.0 -18.748089 100.608681 15.930696 0.522063 1.778096 -0.649288 -0.258359 0.157588 -3.221842 -0.37081 -0.028829 -6.367877 0.511906 -1.451982 14.719606 0.683332 2.241366 -2.352654 -0.434884 1.16425 -3.528809 -0.457966 0.464658 -10.426581 7.7e-05 -2.2e-05 6e-06 0.020758 0.011702 0.024824 0.703903 -3.726307 -10.433751 -0.665822 3.754555 -10.469475 -10.920305 -3.834472 15.069725 -65.882957 -13.787345 23.319021 -1.012759 -19.394094 0.280234 5.777414 -2.247503 -15.89185 -5.882108 9.861288 0.70259 -10.936877 -0.360576 7.156208 1e-06 8.774828 -0.0 -15.845674 17.708948 5.877656 -1.844033 2.498505 -2.507277 -10.163605 4.678946 4.621108 -20.976034 -5e-06 3e-06 -21.226295 2.451696 -3.594 -0.0 -6e-06 0.0 -1.362682 2.240798 -0.746324 -21.334925 0.584908 3.008324 -13.821221 -4e-06 3e-06 -23.887182 -0.249081 -0.839482 -59.607998 2.254907 -1.335619 -0.294024 1.679687 0.833256 -14.218216 0.093214 1.30058 -34.212067 -0.287565 0.967174 -20.033226 0.964536 1.212846 -0.0 -0.0 -2e-06 -3.44039 0.788233 0.501656 -15.928198 -3.167312 2.999708 -6.33883 -1e-06 2e-06 -18.123457 3.648183 -4.90567 -3e-06 0.0 -1e-06 12.242171 9.848359 14.271947 63.137291 10.276031 12.949469 0.447235 20.487331 0.172338 -2.867248 0.21458 -9.192045 2.243542 -5.255038 -3.180158 14.282897 -0.826595 6.952504 -3e-06 -12.690608 -0.0 16.293503 -17.640297 2.626377 1.665667 -1.955922 -2.878299 4.727801 -4.170588 4.993926 11.020534 4e-06 -3e-06 12.109058 -3.735716 -2.866784 0.0 -0.0 0.0 1.291986 -1.92855 -1.49809 14.800138 0.567469 3.865609 14.24258 -1.341735 -6.660659 19.631975 0.143926 -0.648245 50.148018 -0.588388 -6.127412 0.353029 -1.511152 -0.031942 20.222803 3.684313 2.316631 18.787287 6e-06 -1e-06 10.751636 -0.479867 1.397906 -2e-06 -0.0 1e-06 3.273808 0.305947 -0.580109 21.486826 11.830379 2.266133 8.162933 2e-06 -1e-06 18.399092 -3.798985 -4.940577 3e-06 1e-06 -2e-06 1.889587 8.408502 2.953174 -0.015701 -0.022181 3.235915 -2.949286 2.563416 -3.239042 1.622889 -1.937603 0.967878 -0.0 -0.0 2e-06 -6.560037 -1.478434 1.709098 -0.010453 0.248001 2.76658 5.883406 8.02924 -1.578862 -1.445291 1.034224 0.97195 -0.0 -0.0 -1e-06 
0.0 0.0 0.0 0.0 -0.0 0.0 -18.846012 100.611092 15.863058 0.485642 1.652361 -0.665486 -0.264981 0.158343 -3.169397 -0.394067 -0.030467 -6.360547 0.514498 -1.454026 14.759192 0.761473 2.241534 -2.286288 -0.426114 1.182983 -3.519295 -0.447302 0.568914 -10.458835 7.7e-05 -2.2e-05 6e-06 0.018411 0.003375 0.03292 0.699793 -3.735543 -10.433877 -0.666466 3.746921 -10.473723 -10.798338 -3.876413 15.02548 -65.586937 -13.930044 23.138113 -0.971214 -19.742439 0.244347 6.288062 -2.183626 -16.09614 -5.882108 9.861284 0.70259 -10.936875 -0.360575 7.156205 1e-06 8.774826 -0.0 -15.789205 17.716049 5.908452 -1.844034 2.498505 -2.50728 -10.163603 4.678946 4.621109 -20.97603 -5e-06 1e-06 -21.226294 2.451695 -3.594001 -0.0 -6e-06 0.0 -1.362682 2.240798 -0.746324 -21.334921 0.584909 3.008322 -13.821218 -4e-06 2e-06 -23.887175 -0.249082 -0.839483 -59.532101 2.265094 -1.370041 -0.294025 1.679686 0.833256 -14.218214 0.093215 1.30058 -34.212063 -0.287568 0.967167 -20.03322 0.964534 1.212843 -0.0 -1e-06 -0.0 -3.440389 0.788232 0.501656 -15.928192 -3.16731 2.999707 -6.338829 -1e-06 -0.0 -18.123453 3.648181 -4.905672 -3e-06 1e-06 -2e-06 12.231779 9.81304 14.312579 63.437809 10.38096 13.291611 0.393668 20.918087 0.176457 -2.856515 0.441473 -9.376115 2.243541 -5.255035 -3.18016 14.282896 -0.826592 6.952506 -6e-06 -12.690601 2e-06 16.29501 -17.64188 2.644253 1.665666 -1.95592 -2.878299 4.727799 -4.170584 4.993925 11.020529 6e-06 -2e-06 12.109056 -3.73571 -2.866784 0.0 -0.0 0.0 1.291986 -1.928549 -1.49809 14.800134 0.567472 3.865608 14.242577 -1.34173 -6.660658 19.631973 0.143932 -0.648243 50.179039 -0.608394 -6.100513 0.353029 -1.51115 -0.031939 20.222801 3.684315 2.316631 18.787279 1e-05 -1e-06 10.751629 -0.479865 1.397906 -1e-06 -0.0 0.0 3.273808 0.305948 -0.580111 21.486826 11.830379 2.266132 8.162933 4e-06 -1e-06 18.39909 -3.79898 -4.940571 3e-06 1e-06 -1e-06 1.93662 8.318666 2.838188 -0.006657 -0.020207 3.471382 -2.976762 2.668025 -3.320323 1.622012 -1.944389 0.939686 0.0 -0.0 2e-06 -6.472305 -1.498361 1.632555 -0.009473 0.252048 2.846246 5.850374 8.165349 -1.573844 -1.447994 1.043708 0.92331 -0.0 -0.0 -1e-06 
0.0 0.0 0.0 0.0 -0.0 0.0 -18.988234 100.617363 15.765004 0.436482 1.554743 -0.681971 -0.266814 0.148246 -3.12416 -0.409834 -0.024664 -6.360206 0.510965 -1.444777 14.804082 0.83997 2.230118 -2.220263 -0.4172 1.225797 -3.510881 -0.405403 0.618271 -10.454335 7.7e-05 -2.2e-05 6e-06 0.017382 0.000774 0.035936 0.697516 -3.739509 -10.438377 -0.666246 3.745797 -10.480708 -10.669347 -3.920882 15.000831 -65.264511 -14.109167 22.905334 -0.920105 -20.05118 0.209758 6.814457 -2.092171 -16.247656 -5.882108 9.861293 0.702592 -10.936875 -0.360574 7.156209 -1e-06 8.774831 -1e-06 -15.754518 17.74444 5.940695 -1.844033 2.498506 -2.507278 -10.163603 4.67895 4.621109 -20.976028 -1e-06 1e-06 -21.226292 2.451701 -3.594004 -0.0 -6e-06 0.0 -1.362682 2.240802 -0.746322 -21.334921 0.584911 3.008324 -13.821218 -1e-06 1e-06 -23.887178 -0.249077 -0.839485 -59.481728 2.275019 -1.386417 -0.294025 1.679689 0.833256 -14.218214 0.093216 1.30058 -34.212055 -0.287561 0.967169 -20.033218 0.964538 1.212843 0.0 -0.0 -0.0 -3.44039 0.788236 0.501656 -15.928191 -3.167311 2.999707 -6.338829 0.0 0.0 -18.123453 3.648188 -4.905673 -2e-06 0.0 -3e-06 12.234449 9.794027 14.359139 63.691624 10.541881 13.475248 0.39776 21.238436 0.192176 -2.816071 0.655922 -9.563254 2.243544 -5.255042 -3.180157 14.282896 -0.826597 6.952501 0.0 -12.690613 -0.0 16.296951 -17.656464 2.662209 1.665666 -1.955921 -2.878298 4.7278 -4.17059 4.993924 11.020529 1e-06 -2e-06 12.109056 -3.73572 -2.866786 -1e-06 -0.0 1e-06 1.291987 -1.928551 -1.49809 14.800132 0.567467 3.865607 14.242577 -1.341739 -6.660661 19.631973 0.143925 -0.648247 50.216133 -0.633739 -6.08059 0.353029 -1.511152 -0.03194 20.222797 3.684309 2.316628 18.787279 2e-06 -4e-06 10.751631 -0.479869 1.397905 -1e-06 -1e-06 1e-06 3.273808 0.305947 -0.580111 21.486816 11.83038 2.266132 8.16293 1e-06 -2e-06 18.39909 -3.798988 -4.940581 3e-06 1e-06 -2e-06 2.009614 8.24371 2.707315 -0.000811 -0.021441 3.724571 -3.034791 2.727792 -3.392806 1.620015 -1.947754 0.927487 0.0 0.0 2e-06 -6.37386 -1.533275 1.5687 -0.006179 0.258585 2.907723 5.817736 8.295315 -1.536008 -1.44863 1.054128 0.882476 -0.0 -0.0 -1e-06 
0.0 0.0 0.0 0.0 -0.0 0.0 -19.17647 100.619827 15.656251 0.372417 1.484967 -0.717723 -0.261499 0.137068 -3.073102 -0.414635 -0.023942 -6.35664 0.498358 -1.438401 14.838285 0.921886 2.203244 -2.136933 -0.405288 1.286365 -3.507496 -0.341737 0.641649 -10.440228 7.7e-05 -2.3e-05 6e-06 0.016447 -0.001357 0.033232 0.697654 -3.741823 -10.442695 -0.668274 3.743788 -10.488019 -10.523341 -3.967262 14.974997 -64.973434 -14.298 22.719337 -0.822831 -20.281084 0.171065 7.241964 -1.98016 -16.359707 -5.882109 9.861292 0.702591 -10.936877 -0.360575 7.15621 1e-06 8.77483 -1e-06 -15.758163 17.774622 5.955908 -1.844033 2.498506 -2.50728 -10.163605 4.678947 4.62111 -20.976036 -4e-06 3e-06 -21.226299 2.451697 -3.594003 -1e-06 -6e-06 -1e-06 -1.362682 2.2408 -0.746326 -21.334927 0.584909 3.008324 -13.821221 -3e-06 2e-06 -23.887182 -0.249079 -0.839484 -59.477245 2.287604 -1.386236 -0.294025 1.679689 0.833257 -14.218217 0.093215 1.300582 -34.212067 -0.287564 0.96717 -20.033226 0.964536 1.212843 1e-06 1e-06 -0.0 -3.440391 0.788233 0.501656 -15.928198 -3.16731 2.999707 -6.33883 -1e-06 0.0 -18.123457 3.648184 -4.905675 -3e-06 0.0 -3e-06 12.234618 9.790159 14.437471 63.897758 10.73482 13.579572 0.417624 21.5301 0.209366 -2.720072 0.85789 -9.87853 2.243541 -5.255038 -3.180159 14.282893 -0.826595 6.952503 -2e-06 -12.690607 -0.0 16.282684 -17.657816 2.66991 1.665666 -1.955922 -2.878299 4.7278 -4.170588 4.993925 11.020528 3e-06 -2e-06 12.109052 -3.735717 -2.866784 -1e-06 -0.0 1e-06 1.291986 -1.92855 -1.49809 14.800129 0.567468 3.865609 14.242571 -1.341738 -6.660659 19.631969 0.143926 -0.648246 50.201977 -0.638758 -6.084967 0.353029 -1.511151 -0.03194 20.222792 3.684311 2.316631 18.787273 4e-06 -1e-06 10.75163 -0.479868 1.397905 -2e-06 -1e-06 1e-06 3.273807 0.305948 -0.580111 21.486816 11.830379 2.266134 8.16293 2e-06 0.0 18.399088 -3.798987 -4.940576 4e-06 -0.0 -2e-06 2.117086 8.158447 2.587056 0.002963 -0.026593 3.989546 -3.117466 2.747518 -3.485795 1.619271 -1.944345 0.94485 0.0 -0.0 2e-06 -6.255034 -1.593709 1.533148 -0.004743 0.265625 2.963801 5.812242 8.422566 -1.49763 -1.448751 1.059994 0.878682 -0.0 -0.0 -1e-06 
0.0 0.0 0.0 0.0 -0.0 0.0 -19.380863 100.614037 15.556955 0.311378 1.450792 -0.772178 -0.256155 0.135281 -3.026599 -0.413826 -0.027282 -6.343621 0.476363 -1.429006 14.858273 1.011802 2.186942 -2.025942 -0.388936 1.331389 -3.513007 -0.279047 0.663725 -10.418254 7.7e-05 -2.3e-05 6e-06 0.014333 -0.008999 0.029029 0.698709 -3.749601 -10.450507 -0.673603 3.736259 -10.496777 -10.39853 -4.007789 14.932032 -64.712288 -14.448975 22.533123 -0.720571 -20.468552 0.141388 7.575004 -1.859629 -16.470682 -5.882105 9.861284 0.702592 -10.93687 -0.360575 7.156206 1e-06 8.774826 -1e-06 -15.772195 17.786913 5.950359 -1.844032 2.498505 -2.507276 -10.163599 4.678944 4.621108 -20.976021 -4e-06 4e-06 -21.226282 2.451696 -3.593999 -1e-06 -6e-06 0.0 -1.362682 2.240797 -0.746323 -21.334913 0.584908 3.008323 -13.821213 -3e-06 4e-06 -23.887167 -0.249079 -0.839481 -59.479431 2.300666 -1.388946 -0.294025 1.679687 0.833256 -14.218207 0.093215 1.300581 -34.212048 -0.287563 0.967173 -20.033209 0.964537 1.212844 0.0 0.0 -1e-06 -3.440389 0.788233 0.501655 -15.928185 -3.167311 2.999707 -6.338826 -0.0 1e-06 -18.123444 3.648182 -4.905668 -3e-06 0.0 -3e-06 12.218411 9.797137 14.503475 64.051933 10.900846 13.719156 0.422544 21.814861 0.215082 -2.584558 1.015275 -10.231358 2.243539 -5.255034 -3.180155 14.282883 -0.826592 6.952499 -3e-06 -12.690598 0.0 16.259348 -17.639587 2.66721 1.665665 -1.955922 -2.878297 4.727796 -4.170585 4.993921 11.020519 3e-06 -1e-06 12.109043 -3.735714 -2.866781 -1e-06 -0.0 1e-06 1.291984 -1.928548 -1.498088 14.800122 0.567469 3.865606 14.242563 -1.341736 -6.660653 19.631958 0.143926 -0.648243 50.166031 -0.629954 -6.088953 0.353029 -1.511151 -0.031941 20.222782 3.684309 2.31663 18.787264 7e-06 1e-06 10.751621 -0.479868 1.397907 -1e-06 -1e-06 1e-06 3.273805 0.305947 -0.58011 21.486803 11.83037 2.266132 8.162926 2e-06 1e-06 18.399075 -3.798982 -4.940572 5e-06 1e-06 -1e-06 2.238267 8.078051 2.487508 0.002945 -0.039454 4.25032 -3.21002 2.756434 -3.601175 1.619653 -1.939529 0.964819 -0.0 0.0 2e-06 -6.136643 -1.673427 1.537989 -0.004043 0.266315 3.004246 5.834039 8.553049 -1.489904 -1.448932 1.06338 0.882449 0.0 -0.0 -1e-06 
0.0 0.0 0.0 0.0 -0.0 0.0 -19.580837 100.597847 15.477686 0.252584 1.425259 -0.836779 -0.244077 0.149939 -2.989564 -0.410232 -0.022448 -6.332859 0.45515 -1.409608 14.880211 1.078542 2.176176 -1.924134 -0.375127 1.361412 -3.523454 -0.208364 0.682319 -10.413157 7.7e-05 -2.3e-05 6e-06 0.011462 -0.017838 0.02776 0.698696 -3.758307 -10.459954 -0.679412 3.727221 -10.50409 -10.326235 -4.033777 14.874845 -64.484474 -14.560859 22.239376 -0.662312 -20.6507 0.1266 7.863778 -1.723422 -16.513363 -5.88211 9.861295 0.702589 -10.936877 -0.360573 7.156208 -1e-06 8.774833 -1e-06 -15.777269 17.795755 5.936892 -1.844034 2.498507 -2.507279 -10.163604 4.67895 4.621111 -20.976034 -0.0 1e-06 -21.226297 2.451701 -3.594005 -1e-06 -6e-06 0.0 -1.362682 2.2408 -0.746324 -21.334925 0.584913 3.008324 -13.821219 -1e-06 1e-06 -23.887178 -0.249076 -0.839486 -59.47332 2.322314 -1.412312 -0.294025 1.679689 0.833258 -14.218215 0.093217 1.300579 -34.212067 -0.287561 0.967168 -20.033226 0.964537 1.212842 1e-06 -0.0 -0.0 -3.44039 0.788235 0.501655 -15.928192 -3.16731 2.999707 -6.33883 1e-06 0.0 -18.123459 3.648189 -4.905677 -3e-06 0.0 -2e-06 12.183165 9.812871 14.549777 64.144119 11.024959 13.885245 0.41196 22.097599 0.206134 -2.431846 1.118526 -10.536164 2.243543 -5.25504 -3.180158 14.282896 -0.826595 6.952499 -2e-06 -12.690614 -1e-06 16.243303 -17.622751 2.661614 1.665668 -1.955922 -2.878299 4.727801 -4.17059 4.993923 11.020534 3e-06 -4e-06 12.10906 -3.735718 -2.866787 -1e-06 -0.0 -1e-06 1.291987 -1.92855 -1.49809 14.800136 0.567469 3.865605 14.242582 -1.341738 -6.660665 19.631981 0.143928 -0.648249 50.142353 -0.622494 -6.081402 0.353029 -1.511153 -0.031939 20.222801 3.684313 2.316626 18.787283 7e-06 -3e-06 10.751633 -0.479866 1.397902 -1e-06 -1e-06 1e-06 3.273808 0.305946 -0.580112 21.486826 11.830384 2.266131 8.16293 3e-06 -3e-06 18.399088 -3.798985 -4.940579 5e-06 0.0 -1e-06 2.370113 8.023109 2.415508 0.000888 -0.052513 4.491544 -3.297623 2.75219 -3.748181 1.61904 -1.939057 0.968632 -0.0 -0.0 2e-06 -6.022437 -1.735399 1.575685 -0.003464 0.267621 3.029911 5.882239 8.657765 -1.524237 -1.448208 1.060474 0.899649 0.0 -0.0 -1e-06 
0.0 0.0 0.0 0.0 -0.0 0.0 -19.755682 100.571609 15.414288 0.202901 1.402903 -0.911984 -0.219702 0.168228 -2.961168 -0.406554 -0.000563 -6.320538 0.429129 -1.373416 14.9046 1.112122 2.157622 -1.84954 -0.359656 1.394347 -3.538736 -0.129492 0.697049 -10.427987 7.7e-05 -2.2e-05 6e-06 0.008066 -0.025492 0.027549 0.698055 -3.765468 -10.472336 -0.68564 3.719405 -10.512627 -10.306177 -4.053216 14.809048 -64.294487 -14.623791 21.797056 -0.665166 -20.824436 0.128914 8.160934 -1.592976 -16.556349 -5.882109 9.86129 0.702589 -10.936877 -0.360575 7.156206 1e-06 8.774828 -1e-06 -15.772688 17.788042 5.927508 -1.844033 2.498504 -2.507278 -10.163604 4.678947 4.621109 -20.976032 -3e-06 -1e-06 -21.226299 2.451697 -3.594004 -1e-06 -6e-06 0.0 -1.362681 2.240799 -0.746323 -21.334925 0.584909 3.00832 -13.82122 -3e-06 1e-06 -23.887178 -0.249082 -0.839485 -59.446121 2.327602 -1.440273 -0.294025 1.679688 0.833257 -14.218215 0.093216 1.300579 -34.212067 -0.287566 0.967165 -20.033222 0.964536 1.212843 1e-06 0.0 -0.0 -3.44039 0.788234 0.501656 -15.928194 -3.167311 2.999705 -6.33883 -0.0 -0.0 -18.123457 3.648183 -4.905678 -4e-06 1e-06 -1e-06 12.133649 9.840385 14.582314 64.173798 11.137181 14.049907 0.380468 22.314724 0.17849 -2.256911 1.181983 -10.739701 2.243543 -5.25504 -3.180159 14.2829 -0.826597 6.952506 -2e-06 -12.690612 1e-06 16.232603 -17.62174 2.668731 1.665667 -1.955923 -2.878301 4.727802 -4.170591 4.993928 11.020535 2e-06 -3e-06 12.10906 -3.735719 -2.866787 -1e-06 -0.0 1e-06 1.291987 -1.928551 -1.498091 14.800139 0.567467 3.86561 14.242584 -1.341737 -6.660662 19.631985 0.143926 -0.648246 50.152298 -0.631386 -6.058294 0.353029 -1.51115 -0.03194 20.222805 3.684311 2.31663 18.787289 5e-06 -1e-06 10.751633 -0.479869 1.397906 -2e-06 0.0 0.0 3.273809 0.305947 -0.58011 21.48683 11.830384 2.266134 8.162933 2e-06 -0.0 18.399096 -3.798988 -4.94058 5e-06 1e-06 -1e-06 2.49633 7.99626 2.367428 -0.000271 -0.059873 4.730786 -3.365037 2.742366 -3.928653 1.616686 -1.950277 0.961943 -0.0 0.0 2e-06 -5.920456 -1.756298 1.630495 -0.002004 0.26674 3.063301 5.948905 8.726156 -1.610529 -1.445143 1.058098 0.908708 0.0 -0.0 -1e-06 
0.0 0.0 0.0 0.0 -0.0 0.0 -19.895519 100.54541 15.354651 0.160914 1.391775 -0.979467 -0.186161 0.174568 -2.94491 -0.398964 0.034719 -6.309187 0.397279 -1.337403 14.935769 1.104961 2.15372 -1.826858 -0.342706 1.412553 -3.553554 -0.052801 0.704868 -10.456635 7.7e-05 -2.3e-05 5e-06 0.005663 -0.027711 0.025665 0.698433 -3.767211 -10.482621 -0.690823 3.717407 -10.520678 -10.328754 -4.053994 14.740556 -64.147774 -14.64541 21.299633 -0.688848 -20.95236 0.132365 8.441735 -1.487161 -16.748217 -5.882109 9.861292 0.702591 -10.936875 -0.360573 7.156209 -1e-06 8.774829 -1e-06 -15.765086 17.77593 5.92461 -1.844034 2.498506 -2.507279 -10.163604 4.678948 4.621111 -20.97603 0.0 4e-06 -21.226295 2.451701 -3.594004 -1e-06 -6e-06 1e-06 -1.362682 2.240798 -0.746324 -21.334921 0.584913 3.008325 -13.821219 -1e-06 3e-06 -23.887178 -0.249077 -0.839484 -59.434334 2.307069 -1.452286 -0.294026 1.679688 0.833255 -14.218214 0.093216 1.300583 -34.212063 -0.287559 0.96717 -20.033222 0.964539 1.212842 1e-06 -0.0 -1e-06 -3.440391 0.788233 0.501656 -15.928192 -3.16731 2.99971 -6.338829 1e-06 1e-06 -18.123457 3.648187 -4.905674 -3e-06 0.0 -2e-06 12.084769 9.881733 14.600875 64.139854 11.238983 14.067127 0.376592 22.463943 0.157106 -2.128117 1.21662 -10.875559 2.243541 -5.255039 -3.180159 14.282894 -0.826596 6.952505 -1e-06 -12.69061 -0.0 16.235456 -17.635761 2.682206 1.665667 -1.955923 -2.878298 4.7278 -4.17059 4.993925 11.020529 2e-06 -2e-06 12.109055 -3.735719 -2.866784 -1e-06 -0.0 0.0 1.291986 -1.92855 -1.498088 14.800131 0.567467 3.865608 14.242576 -1.34174 -6.660659 19.631971 0.143924 -0.648245 50.173065 -0.633035 -6.031135 0.353029 -1.511152 -0.03194 20.222797 3.684309 2.316632 18.787279 3e-06 1e-06 10.751631 -0.47987 1.397905 -2e-06 -1e-06 1e-06 3.273808 0.305946 -0.580111 21.486816 11.830378 2.266135 8.16293 2e-06 -0.0 18.39909 -3.79899 -4.940578 6e-06 0.0 -0.0 2.608388 7.992272 2.312418 0.00041 -0.058287 4.967055 -3.412755 2.686795 -4.101274 1.614945 -1.963629 0.94518 0.0 0.0 2e-06 -5.827222 -1.727627 1.673772 -0.001241 0.26895 3.114419 5.99952 8.74844 -1.715082 -1.440988 1.06053 0.897376 -0.0 -0.0 -1e-06 
0.0 0.0 0.0 0.0 -0.0 0.0 -19.995295 100.526337 15.292248 0.13607 1.394904 -1.032619 -0.151162 0.179238 -2.930976 -0.391198 0.071827 -6.302367 0.352708 -1.314848 14.965932 1.0702 2.175665 -1.856015 -0.327119 1.41596 -3.556991 0.012074 0.702175 -10.502516 7.7e-05 -2.3e-05 6e-06 0.004678 -0.026421 0.024947 0.697254 -3.766425 -10.483053 -0.691605 3.719699 -10.521816 -10.371453 -4.049541 14.682034 -64.04998 -14.666682 20.862753 -0.707012 -20.980711 0.134109 8.625626 -1.390992 -17.063074 -5.882105 9.861284 0.702588 -10.936868 -0.360575 7.156201 0.0 8.774824 -1e-06 -15.754591 17.773876 5.93012 -1.844032 2.498504 -2.507278 -10.163597 4.678944 4.621106 -20.976021 -4e-06 1e-06 -21.226282 2.451695 -3.594 -1e-06 -6e-06 0.0 -1.362681 2.240797 -0.746323 -21.334906 0.584908 3.008322 -13.82121 -3e-06 1e-06 -23.887159 -0.24908 -0.839484 -59.443123 2.281685 -1.452731 -0.294025 1.679689 0.833256 -14.218205 0.093215 1.300579 -34.212044 -0.287567 0.967167 -20.033209 0.964535 1.212843 1e-06 -0.0 -2e-06 -3.440387 0.788234 0.501655 -15.928183 -3.16731 2.999705 -6.338824 0.0 0.0 -18.123442 3.648182 -4.905672 -3e-06 1e-06 -1e-06 12.019434 9.922512 14.621739 64.072304 11.35119 13.997515 0.399349 22.570284 0.152042 -2.054642 1.223358 -10.983222 2.243542 -5.255037 -3.180159 14.282893 -0.826593 6.952502 -4e-06 -12.690607 0.0 16.246363 -17.651051 2.689179 1.665666 -1.955921 -2.878299 4.727798 -4.170588 4.993925 11.020528 4e-06 -3e-06 12.109053 -3.735715 -2.866786 -1e-06 -0.0 -1e-06 1.291986 -1.928549 -1.49809 14.800129 0.56747 3.865607 14.242573 -1.341735 -6.660661 19.631968 0.143928 -0.648245 50.18681 -0.631669 -6.018768 0.353029 -1.51115 -0.031939 20.222794 3.684311 2.316629 18.787271 6e-06 0.0 10.751627 -0.479868 1.397906 -1e-06 0.0 0.0 3.273808 0.305946 -0.58011 21.486814 11.830379 2.26613 8.16293 3e-06 -1e-06 18.399082 -3.798984 -4.940577 5e-06 0.0 -0.0 2.68809 7.994587 2.249231 0.001659 -0.0537 5.174212 -3.456043 2.583256 -4.224744 1.613507 -1.976669 0.935067 0.0 0.0 2e-06 -5.758483 -1.685408 1.696681 0.000807 0.268909 3.179593 6.037909 8.767187 -1.806929 -1.436578 1.06543 0.883618 0.0 -0.0 -1e-06 
0.0 0.0 0.0 0.0 -0.0 0.0 -20.066383 100.51339 15.232207 0.12734 1.421681 -1.075608 -0.117439 0.18482 -2.902682 -0.380576 0.102478 -6.297081 0.29394 -1.311329 14.973402 1.013467 2.204417 -1.914407 -0.314526 1.41486 -3.55532 0.056845 0.710318 -10.563951 7.7e-05 -2.3e-05 5e-06 0.00533 -0.022204 0.025564 0.696999 -3.762632 -10.47913 -0.690094 3.724724 -10.520433 -10.425354 -4.055532 14.648613 -63.997684 -14.709347 20.537483 -0.709455 -20.881433 0.135516 8.700412 -1.289445 -17.350948 -5.882108 9.861286 0.702589 -10.936873 -0.360575 7.156208 1e-06 8.774824 -1e-06 -15.736155 17.760033 5.945629 -1.844032 2.498504 -2.507278 -10.163601 4.678945 4.621109 -20.976025 -3e-06 2e-06 -21.226288 2.451697 -3.594001 -1e-06 -6e-06 0.0 -1.362682 2.240798 -0.746324 -21.334921 0.58491 3.008324 -13.821218 -2e-06 3e-06 -23.887178 -0.249079 -0.839483 -59.457474 2.258303 -1.438838 -0.294024 1.679686 0.833255 -14.218211 0.093215 1.30058 -34.212063 -0.287563 0.967171 -20.033215 0.964537 1.212844 1e-06 -0.0 -1e-06 -3.440389 0.788233 0.501655 -15.928189 -3.16731 2.999707 -6.338826 -1e-06 0.0 -18.123453 3.648182 -4.905672 -3e-06 1e-06 -1e-06 11.921805 9.948191 14.640018 64.015785 11.459923 13.932125 0.408192 22.680719 0.154009 -2.036459 1.226245 -11.1427 2.243543 -5.255039 -3.180159 14.282896 -0.826596 6.952505 -2e-06 -12.690609 1e-06 16.255301 -17.65204 2.689177 1.665666 -1.955921 -2.8783 4.727801 -4.17059 4.993926 11.020529 2e-06 -2e-06 12.109057 -3.735718 -2.866785 0.0 -0.0 -1e-06 1.291987 -1.928551 -1.498089 14.800134 0.567466 3.865609 14.242578 -1.341738 -6.66066 19.631975 0.143926 -0.648246 50.197731 -0.633124 -6.012788 0.353029 -1.511151 -0.03194 20.222801 3.684309 2.316632 18.787283 5e-06 -2e-06 10.751633 -0.479869 1.397906 -1e-06 -1e-06 1e-06 3.273808 0.305948 -0.580111 21.486822 11.830379 2.266134 8.16293 1e-06 -0.0 18.399092 -3.798988 -4.940578 5e-06 1e-06 -0.0 2.736702 7.971156 2.186054 0.002344 -0.049082 5.341731 -3.515388 2.465803 -4.302751 1.612862 -1.980534 0.917874 0.0 0.0 2e-06 -5.713201 -1.664312 1.70401 0.008796 0.26615 3.253784 6.067017 8.770161 -1.886084 -1.433918 1.067084 0.874389 -0.0 -0.0 -1e-06 
0.0 0.0 0.0 0.0 -0.0 0.0 -20.121447 100.508377 15.168852 0.127735 1.487581 -1.114839 -0.084047 0.176096 -2.85923 -0.367152 0.122543 -6.290556 0.229048 -1.320659 14.955126 0.929331 2.22447 -1.971637 -0.300479 1.428743 -3.545365 0.098105 0.70951 -10.638889 7.7e-05 -2.3e-05 5e-06 0.006915 -0.015583 0.025125 0.69843 -3.756176 -10.475434 -0.688378 3.731837 -10.519183 -10.480595 -4.084478 14.644462 -63.978691 -14.772663 20.374695 -0.675505 -20.701172 0.126772 8.666919 -1.19398 -17.512314 -5.882107 9.861286 0.70259 -10.936873 -0.360575 7.156207 1e-06 8.774826 -1e-06 -15.716139 17.731895 5.960023 -1.844033 2.498505 -2.507277 -10.163603 4.678945 4.621108 -20.976028 -4e-06 2e-06 -21.226294 2.451694 -3.594002 -0.0 -6e-06 -0.0 -1.362682 2.240798 -0.746323 -21.334917 0.584908 3.008324 -13.821217 -2e-06 3e-06 -23.887178 -0.24908 -0.839483 -59.463116 2.236681 -1.405901 -0.294024 1.679689 0.833255 -14.21821 0.093215 1.30058 -34.212051 -0.287565 0.967169 -20.033213 0.964535 1.212843 1e-06 -0.0 -1e-06 -3.440389 0.788232 0.501655 -15.928189 -3.167312 2.999707 -6.338826 -1e-06 2e-06 -18.123446 3.648183 -4.905671 -3e-06 1e-06 -2e-06 11.796882 9.974867 14.644636 63.991154 11.530421 13.84286 0.389663 22.812 0.153705 -2.036256 1.26234 -11.337965 2.243543 -5.255038 -3.180159 14.282896 -0.826596 6.952502 -1e-06 -12.69061 -1e-06 16.26895 -17.651716 2.676074 1.665668 -1.955923 -2.878301 4.7278 -4.170589 4.993924 11.020531 2e-06 -3e-06 12.109058 -3.735718 -2.866787 0.0 -0.0 -1e-06 1.291987 -1.92855 -1.498091 14.800136 0.567468 3.865607 14.24258 -1.341737 -6.660661 19.631973 0.143927 -0.648248 50.210514 -0.652573 -6.021414 0.353029 -1.511152 -0.031939 20.222801 3.684312 2.316629 18.787283 6e-06 -3e-06 10.751633 -0.479868 1.397905 -2e-06 -1e-06 0.0 3.273808 0.305948 -0.580111 21.486822 11.830381 2.266131 8.162931 3e-06 -2e-06 18.399088 -3.798986 -4.940581 6e-06 1e-06 -0.0 2.766939 7.920297 2.126843 0.001768 -0.04386 5.472563 -3.569197 2.360419 -4.330013 1.61383 -1.976254 0.911115 -0.0 0.0 2e-06 -5.680544 -1.660311 1.711813 0.013292 0.261242 3.322894 6.085828 8.740213 -1.936411 -1.432153 1.061803 0.867342 -0.0 -0.0 -1e-06 
0.0 0.0 0.0 0.0 -0.0 0.0 -20.172142 100.511047 15.105423 0.12366 1.585226 -1.146375 -0.044019 0.164536 -2.813906 -0.351348 0.132451 -6.282649 0.172506 -1.347164 14.925743 0.829558 2.24203 -2.044298 -0.293877 1.445251 -3.533163 0.138406 0.691401 -10.702529 7.7e-05 -2.2e-05 6e-06 0.008531 -0.008826 0.022136 0.699211 -3.750197 -10.472933 -0.686029 3.739242 -10.516853 -10.549807 -4.130767 14.660477 -63.969593 -14.857564 20.313652 -0.619539 -20.487997 0.108222 8.551439 -1.091669 -17.514622 -5.882111 9.861292 0.70259 -10.936881 -0.360576 7.156208 2e-06 8.774831 -1e-06 -15.690887 17.696568 5.964517 -1.844034 2.498507 -2.507279 -10.16361 4.678947 4.621109 -20.976049 -6e-06 2e-06 -21.226307 2.451696 -3.594002 -0.0 -6e-06 -0.0 -1.362682 2.2408 -0.746324 -21.334934 0.584908 3.008321 -13.821227 -3e-06 1e-06 -23.887197 -0.249082 -0.839484 -59.452789 2.22529 -1.373491 -0.294024 1.679688 0.833257 -14.218224 0.093213 1.30058 -34.212086 -0.287567 0.967171 -20.033234 0.964535 1.212846 1e-06 -0.0 -1e-06 -3.440392 0.788234 0.501656 -15.928203 -3.167315 2.999706 -6.338833 -1e-06 0.0 -18.123465 3.648183 -4.905674 -4e-06 1e-06 -2e-06 11.65718 10.006514 14.644282 63.979782 11.564893 13.699032 0.361251 22.947773 0.149277 -2.02813 1.318708 -11.5167 2.243543 -5.255041 -3.180158 14.282902 -0.826594 6.952506 -3e-06 -12.690616 1e-06 16.283915 -17.649487 2.658378 1.665668 -1.955923 -2.878299 4.727802 -4.170591 4.993926 11.020536 4e-06 -3e-06 12.109062 -3.735719 -2.866787 -1e-06 -1e-06 -1e-06 1.291987 -1.928551 -1.498089 14.800139 0.56747 3.865608 14.242584 -1.341738 -6.660662 19.631987 0.143928 -0.648247 50.219868 -0.667713 -6.042593 0.353029 -1.511153 -0.03194 20.222805 3.684314 2.316631 18.787287 7e-06 -1e-06 10.751635 -0.479868 1.397906 -1e-06 -1e-06 1e-06 3.27381 0.305947 -0.580112 21.486832 11.830387 2.266134 8.162935 3e-06 -1e-06 18.399099 -3.798986 -4.940581 5e-06 1e-06 -0.0 2.798695 7.860323 2.069685 -0.000657 -0.050524 5.560943 -3.610164 2.28017 -4.315177 1.615589 -1.967131 0.919488 -0.0 -0.0 2e-06 -5.642034 -1.640176 1.727668 0.012717 0.252631 3.366336 6.092807 8.664303 -1.947863 -1.431122 1.051626 0.875147 0.0 -0.0 -1e-06 
0.0 0.0 0.0 0.0 -0.0 0.0 -20.230804 100.512871 15.05053 0.12785 1.699871 -1.17186 -0.010839 0.157165 -2.771436 -0.341293 0.129796 -6.272049 0.132929 -1.363629 14.897843 0.72912 2.262938 -2.128504 -0.292445 1.4466 -3.527308 0.133529 0.65926 -10.778257 7.7e-05 -2.2e-05 6e-06 0.010589 -0.002523 0.020903 0.699247 -3.745074 -10.469754 -0.682043 3.74622 -10.514051 -10.619394 -4.192272 14.655426 -63.964123 -14.9261 20.309362 -0.568423 -20.313221 0.076996 8.389655 -1.015812 -17.437805 -5.882108 9.861286 0.70259 -10.936875 -0.360576 7.156208 1e-06 8.774828 -1e-06 -15.665095 17.669519 5.956649 -1.844033 2.498505 -2.507279 -10.163604 4.678944 4.62111 -20.976032 -6e-06 2e-06 -21.226295 2.451694 -3.594002 -0.0 -6e-06 -0.0 -1.362681 2.240798 -0.746324 -21.334925 0.584908 3.008323 -13.821221 -4e-06 3e-06 -23.887182 -0.249082 -0.839482 -59.420425 2.226492 -1.363021 -0.294025 1.679689 0.833256 -14.218215 0.093213 1.300581 -34.212067 -0.287567 0.967173 -20.033226 0.964535 1.212847 1e-06 -0.0 -1e-06 -3.440389 0.788232 0.501655 -15.928192 -3.167313 2.999708 -6.338828 -1e-06 1e-06 -18.123453 3.64818 -4.905672 -4e-06 1e-06 -2e-06 11.55074 10.03547 14.628568 63.938404 11.569451 13.518769 0.367242 23.053755 0.148139 -1.998065 1.382844 -11.671817 2.243544 -5.25504 -3.180159 14.282902 -0.826596 6.952507 -3e-06 -12.690614 1e-06 16.295689 -17.648735 2.642127 1.665668 -1.955923 -2.878302 4.727802 -4.170592 4.993927 11.020535 2e-06 -2e-06 12.10906 -3.735719 -2.866787 0.0 -1e-06 -1e-06 1.291987 -1.928552 -1.498092 14.800139 0.567468 3.865609 14.242584 -1.341739 -6.660664 19.631985 0.143926 -0.648248 50.207481 -0.67839 -6.067736 0.353029 -1.511152 -0.03194 20.222805 3.684312 2.316631 18.787287 5e-06 -2e-06 10.751633 -0.479868 1.397906 -1e-06 0.0 1e-06 3.273809 0.305947 -0.580112 21.48683 11.830381 2.266131 8.162932 0.0 -0.0 18.399096 -3.798988 -4.940579 5e-06 0.0 -0.0 2.824418 7.781915 2.034335 -0.005666 -0.061564 5.583034 -3.644397 2.227201 -4.280549 1.618199 -1.957022 0.927876 -0.0 0.0 2e-06 -5.611384 -1.601591 1.744804 0.009107 0.241626 3.405808 6.112863 8.576085 -1.969568 -1.431127 1.043443 0.878818 0.0 -0.0 -1e-06 
0.0 0.0 0.0 0.0 -0.0 0.0 -20.303913 100.510361 14.988676 0.143396 1.812761 -1.194183 0.010141 0.15999 -2.734453 -0.336325 0.119576 -6.253749 0.11721 -1.368337 14.874402 0.618282 2.295182 -2.219199 -0.29739 1.416682 -3.524796 0.109713 0.621603 -10.844252 7.7e-05 -2.2e-05 6e-06 0.011225 -0.002732 0.022114 0.698391 -3.746087 -10.470098 -0.680073 3.746039 -10.513073 -10.68885 -4.252026 14.640499 -63.943569 -14.99353 20.3043 -0.539227 -20.244225 0.047356 8.192022 -0.947777 -17.270498 -5.882112 9.861291 0.702589 -10.93688 -0.360574 7.156209 1e-06 8.77483 1e-06 -15.654539 17.66061 5.947817 -1.844035 2.498506 -2.50728 -10.163607 4.678948 4.621112 -20.97604 -3e-06 -0.0 -21.226303 2.451697 -3.594006 -0.0 -6e-06 -0.0 -1.362682 2.240799 -0.746324 -21.33493 0.584912 3.008322 -13.821225 -3e-06 1e-06 -23.887192 -0.24908 -0.839487 -59.406376 2.237413 -1.373839 -0.294025 1.679687 0.833256 -14.218222 0.093216 1.30058 -34.212082 -0.287565 0.967164 -20.033232 0.964535 1.212841 1e-06 -0.0 -1e-06 -3.440392 0.788234 0.501656 -15.928201 -3.16731 2.999706 -6.338831 0.0 -0.0 -18.123463 3.648185 -4.905676 -3e-06 1e-06 -1e-06 11.483073 10.075733 14.622322 63.871799 11.560792 13.428376 0.36475 23.113628 0.139004 -1.938769 1.399476 -11.844749 2.243544 -5.255041 -3.180158 14.2829 -0.826598 6.952506 -1e-06 -12.690615 2e-06 16.304895 -17.648722 2.625057 1.665668 -1.955922 -2.878301 4.727802 -4.170592 4.993926 11.020534 1e-06 -4e-06 12.109059 -3.73572 -2.866788 0.0 -1e-06 1e-06 1.291987 -1.928551 -1.49809 14.800139 0.567466 3.865606 14.242584 -1.341739 -6.660663 19.631985 0.143926 -0.648248 50.175846 -0.681384 -6.096346 0.35303 -1.511152 -0.03194 20.222803 3.68431 2.316628 18.787289 3e-06 -4e-06 10.751637 -0.47987 1.397905 -2e-06 -1e-06 0.0 3.273809 0.305946 -0.580111 21.486828 11.830381 2.266129 8.162934 1e-06 -3e-06 18.399099 -3.798988 -4.940584 6e-06 0.0 -0.0 2.842118 7.713686 2.002333 -0.009399 -0.075425 5.586991 -3.685353 2.175608 -4.249651 1.621147 -1.950677 0.909527 0.0 0.0 2e-06 -5.593819 -1.531991 1.720892 0.005946 0.236335 3.522496 6.112826 8.465455 -2.046409 -1.432885 1.038418 0.864751 0.0 -0.0 -1e-06 
0.0 0.0 0.0 0.0 -0.0 0.0 -20.380426 100.509048 14.920004 0.174877 1.914659 -1.212473 0.016819 0.17421 -2.705587 -0.337249 0.109366 -6.234612 0.122582 -1.365116 14.862239 0.512027 2.345113 -2.313457 -0.307983 1.373592 -3.522075 0.079549 0.557789 -10.900251 7.7e-05 -2.3e-05 6e-06 0.009496 -0.010331 0.028577 0.696568 -3.753063 -10.464125 -0.681921 3.737573 -10.506429 -10.738647 -4.298196 14.622219 -63.901108 -15.078778 20.325424 -0.535838 -20.293854 0.032631 8.01569 -0.862918 -17.123037 -5.882118 9.861303 0.702591 -10.936889 -0.360573 7.156214 -1e-06 8.774839 -1e-06 -15.65414 17.669075 5.943087 -1.844036 2.498509 -2.507281 -10.163616 4.678955 4.621114 -20.976057 0.0 0.0 -21.226318 2.451704 -3.59401 -0.0 -6e-06 -0.0 -1.362684 2.240803 -0.746324 -21.334946 0.584915 3.008324 -13.821237 -0.0 -0.0 -23.887209 -0.249078 -0.83949 -59.405228 2.266084 -1.401106 -0.294026 1.679691 0.833257 -14.218231 0.093219 1.300581 -34.212101 -0.28756 0.967164 -20.033239 0.96454 1.212839 1e-06 -0.0 -1e-06 -3.440394 0.788236 0.501656 -15.928209 -3.167311 2.999709 -6.338836 1e-06 0.0 -18.123476 3.648191 -4.905681 -4e-06 1e-06 -2e-06 11.44357 10.121138 14.621763 63.790649 11.555511 13.416372 0.359257 23.09506 0.121717 -1.824966 1.373413 -11.986756 2.243546 -5.255044 -3.18016 14.282908 -0.826599 6.952509 1e-06 -12.690625 -1e-06 16.299782 -17.655863 2.617242 1.665669 -1.955925 -2.878302 4.727805 -4.170594 4.993929 11.020539 1e-06 -3e-06 12.109068 -3.735724 -2.866788 -1e-06 -0.0 -1e-06 1.291988 -1.928552 -1.49809 14.800146 0.567466 3.865611 14.242589 -1.341741 -6.660667 19.631989 0.143923 -0.648248 50.137009 -0.685216 -6.115586 0.35303 -1.511153 -0.03194 20.222815 3.68431 2.316632 18.787296 1e-06 -4e-06 10.751641 -0.47987 1.397907 -2e-06 -1e-06 0.0 3.27381 0.305947 -0.580111 21.486835 11.830388 2.266134 8.162938 0.0 -3e-06 18.399107 -3.798994 -4.940587 5e-06 0.0 -0.0 2.841209 7.662348 1.959851 -0.009262 -0.082703 5.603735 -3.717659 2.087489 -4.20345 1.62336 -1.949735 0.884009 -0.0 0.0 2e-06 -5.597717 -1.473835 1.661621 0.001323 0.237051 3.70313 6.101019 8.348356 -2.147872 -1.435925 1.033643 0.842384 0.0 -0.0 -1e-06 
0.0 0.0 0.0 0.0 -0.0 0.0 -20.449705 100.500504 14.851125 0.207819 2.027171 -1.242043 0.020733 0.187572 -2.679533 -0.340522 0.094366 -6.214458 0.147255 -1.360687 14.868924 0.421769 2.394984 -2.404765 -0.327968 1.321978 -3.520004 0.043339 0.47323 -10.969955 7.7e-05 -2.2e-05 6e-06 0.00655 -0.019867 0.036145 0.693316 -3.760157 -10.450555 -0.684724 3.725688 -10.493504 -10.762636 -4.335169 14.623425 -63.844967 -15.19877 20.335051 -0.554984 -20.398758 0.034183 7.934149 -0.764366 -17.028635 -5.882105 9.861281 0.702589 -10.93687 -0.360575 7.156206 1e-06 8.774822 -2e-06 -15.680313 17.6971 5.943822 -1.844032 2.498505 -2.507278 -10.163597 4.678944 4.621109 -20.976021 -3e-06 5e-06 -21.226286 2.451695 -3.593999 -0.0 -6e-06 -0.0 -1.362681 2.240798 -0.746322 -21.334911 0.58491 3.008323 -13.82121 -3e-06 4e-06 -23.887165 -0.249079 -0.839481 -59.42712 2.295608 -1.422665 -0.294025 1.679686 0.833255 -14.218207 0.093215 1.300582 -34.212048 -0.287565 0.967172 -20.033209 0.964537 1.212844 1e-06 -0.0 -1e-06 -3.440388 0.788233 0.501656 -15.928185 -3.16731 2.999707 -6.338825 0.0 2e-06 -18.123444 3.64818 -4.905668 -4e-06 1e-06 -2e-06 11.437283 10.160451 14.62135 63.692039 11.582526 13.456064 0.360469 22.981342 0.10554 -1.706839 1.32302 -11.98067 2.243541 -5.255036 -3.180158 14.282887 -0.826594 6.952505 -3e-06 -12.690603 1e-06 16.282059 -17.664963 2.617857 1.665666 -1.955921 -2.878299 4.727798 -4.170587 4.993925 11.020525 3e-06 -1e-06 12.109052 -3.735715 -2.866783 0.0 -1e-06 0.0 1.291986 -1.928549 -1.498089 14.800125 0.567467 3.865608 14.24257 -1.341735 -6.660657 19.631968 0.143926 -0.648244 50.095303 -0.695968 -6.132362 0.353029 -1.511152 -0.031939 20.222788 3.684309 2.31663 18.78727 5e-06 1e-06 10.751625 -0.47987 1.397905 -2e-06 -1e-06 1e-06 3.273807 0.305946 -0.58011 21.486813 11.830373 2.266132 8.162928 2e-06 1e-06 18.399086 -3.798987 -4.940572 5e-06 1e-06 -0.0 2.835203 7.622163 1.908821 -0.005661 -0.079984 5.663733 -3.733466 1.951517 -4.195909 1.625005 -1.958069 0.855486 -0.0 0.0 2e-06 -5.602815 -1.41621 1.607005 -0.005236 0.240029 3.905499 6.066898 8.198546 -2.290771 -1.437717 1.029495 0.83518 0.0 -0.0 -1e-06 
0.0 0.0 0.0 0.0 -0.0 0.0 -20.512884 100.491676 14.783369 0.234305 2.158654 -1.281665 0.025886 0.191022 -2.652177 -0.337475 0.080419 -6.201622 0.182376 -1.366703 14.901099 0.333082 2.437729 -2.476957 -0.352419 1.261483 -3.519556 0.007642 0.39431 -11.065362 7.7e-05 -2.2e-05 6e-06 0.005753 -0.020282 0.038097 0.694376 -3.757552 -10.442589 -0.687492 3.722944 -10.48789 -10.762452 -4.365512 14.605599 -63.771503 -15.321125 20.258032 -0.594808 -20.519854 0.042398 7.941596 -0.647851 -16.985214 -5.88211 9.86129 0.70259 -10.936877 -0.360574 7.156208 0.0 8.77483 -2e-06 -15.706338 17.727476 5.944939 -1.844033 2.498504 -2.507278 -10.163604 4.678946 4.621109 -20.97603 -3e-06 0.0 -21.226297 2.451698 -3.594001 -0.0 -6e-06 -0.0 -1.362682 2.240799 -0.746324 -21.334925 0.584911 3.008322 -13.821221 -2e-06 1e-06 -23.887182 -0.249079 -0.839484 -59.432907 2.319242 -1.430062 -0.294025 1.679688 0.833256 -14.218215 0.093216 1.300579 -34.212067 -0.287564 0.967166 -20.033222 0.964536 1.212841 1e-06 -0.0 -1e-06 -3.44039 0.788234 0.501656 -15.928192 -3.16731 2.999707 -6.338829 1e-06 1e-06 -18.123457 3.648185 -4.905674 -4e-06 1e-06 -3e-06 11.466855 10.169957 14.629809 63.577312 11.655735 13.44889 0.391558 22.832621 0.104443 -1.65421 1.251989 -11.840642 2.243543 -5.25504 -3.180158 14.282896 -0.826596 6.952503 -1e-06 -12.690612 -1e-06 16.257673 -17.674997 2.616263 1.665667 -1.955923 -2.878299 4.727801 -4.17059 4.993925 11.02053 1e-06 -1e-06 12.109058 -3.735719 -2.866786 -1e-06 -0.0 0.0 1.291986 -1.928551 -1.49809 14.800132 0.567466 3.865608 14.242579 -1.34174 -6.660659 19.631973 0.143923 -0.648247 50.042976 -0.692391 -6.146915 0.35303 -1.511151 -0.03194 20.222801 3.684309 2.31663 18.787283 4e-06 -3e-06 10.751633 -0.47987 1.397906 -2e-06 -1e-06 1e-06 3.273807 0.305947 -0.580111 21.486818 11.830379 2.266133 8.16293 1e-06 -1e-06 18.399088 -3.79899 -4.940578 5e-06 0.0 -0.0 2.832367 7.568403 1.845696 -0.002708 -0.076938 5.765245 -3.742757 1.818598 -4.202016 1.625434 -1.977732 0.806411 0.0 0.0 2e-06 -5.60392 -1.374857 1.561418 -0.008583 0.245927 4.110531 6.022932 8.055519 -2.42762 -1.438254 1.03045 0.814194 0.0 -0.0 -1e-06 
0.0 0.0 0.0 0.0 -0.0 0.0 -20.563471 100.481155 14.728902 0.258679 2.293567 -1.324782 0.024168 0.196461 -2.625228 -0.334698 0.064341 -6.192668 0.229029 -1.399886 14.94121 0.254071 2.469245 -2.528347 -0.367536 1.20768 -3.512467 -0.020807 0.338719 -11.188495 7.7e-05 -2.2e-05 6e-06 0.005306 -0.018176 0.036206 0.696586 -3.752995 -10.441068 -0.690764 3.723218 -10.489437 -10.738412 -4.387779 14.576597 -63.685654 -15.41879 20.125698 -0.625367 -20.664061 0.053419 8.001763 -0.519462 -16.9597 -5.882109 9.861289 0.702591 -10.936875 -0.360574 7.156206 0.0 8.774827 0.0 -15.725326 17.752068 5.939965 -1.844034 2.498507 -2.507278 -10.163602 4.678946 4.62111 -20.976032 -3e-06 1e-06 -21.226295 2.451697 -3.594003 -0.0 -6e-06 -0.0 -1.362682 2.240798 -0.746323 -21.334921 0.584911 3.008322 -13.821217 -1e-06 0.0 -23.887178 -0.249079 -0.839488 -59.423916 2.332465 -1.43203 -0.294025 1.679688 0.833256 -14.218212 0.093216 1.30058 -34.212063 -0.287564 0.967166 -20.033218 0.964536 1.21284 1e-06 -0.0 -1e-06 -3.44039 0.788234 0.501656 -15.928189 -3.16731 2.999706 -6.338827 1e-06 1e-06 -18.123447 3.648184 -4.905673 -3e-06 1e-06 -3e-06 11.497341 10.16093 14.651516 63.493916 11.757885 13.343801 0.438199 22.71785 0.113775 -1.682095 1.191044 -11.723964 2.243542 -5.255037 -3.180157 14.282889 -0.826594 6.9525 -2e-06 -12.690607 -2e-06 16.236464 -17.675716 2.618597 1.665667 -1.955922 -2.8783 4.727798 -4.170588 4.993922 11.020526 2e-06 -3e-06 12.109052 -3.735716 -2.866784 0.0 -0.0 1e-06 1.291986 -1.92855 -1.498091 14.800129 0.567469 3.865605 14.242574 -1.341737 -6.660658 19.631969 0.143927 -0.648245 50.008358 -0.679333 -6.155672 0.353029 -1.511151 -0.031941 20.222788 3.684311 2.316629 18.78727 6e-06 -3e-06 10.751627 -0.479867 1.397905 -1e-06 0.0 0.0 3.273808 0.305946 -0.580111 21.486813 11.830377 2.266131 8.162927 1e-06 -1e-06 18.399076 -3.798983 -4.940577 6e-06 0.0 -0.0 2.82887 7.510356 1.789454 -0.002279 -0.082124 5.869711 -3.750678 1.714997 -4.221474 1.625927 -1.99668 0.763659 -0.0 -0.0 2e-06 -5.610121 -1.353336 1.517589 -0.006444 0.253054 4.317774 5.991364 7.932641 -2.563157 -1.437062 1.035316 0.796499 0.0 -0.0 -1e-06 
0.0 0.0 0.0 0.0 -0.0 0.0 -20.602736 100.468292 14.672287 0.280168 2.411688 -1.359189 0.017347 0.20619 -2.60522 -0.331425 0.048892 -6.194211 0.280126 -1.43895 14.984597 0.204308 2.473206 -2.563754 -0.36873 1.184999 -3.495633 -0.039689 0.300378 -11.310442 7.7e-05 -2.2e-05 6e-06 0.005794 -0.009504 0.03324 0.698235 -3.743371 -10.440803 -0.69155 3.73119 -10.49205 -10.700897 -4.403922 14.568778 -63.589924 -15.514279 19.97723 -0.640832 -20.813511 0.058789 8.098088 -0.387439 -16.90527 -5.882109 9.861286 0.70259 -10.936875 -0.360575 7.156206 1e-06 8.774827 0.0 -15.737128 17.765408 5.921957 -1.844033 2.498506 -2.507279 -10.163604 4.678946 4.621109 -20.976032 -4e-06 1e-06 -21.226299 2.451696 -3.594002 1e-06 -6e-06 -0.0 -1.362682 2.240798 -0.746324 -21.334923 0.58491 3.008323 -13.82122 -3e-06 2e-06 -23.887178 -0.249079 -0.839484 -59.41613 2.332261 -1.447602 -0.294025 1.679687 0.833256 -14.218214 0.093214 1.30058 -34.212063 -0.287566 0.967168 -20.03322 0.964536 1.212844 1e-06 -0.0 -1e-06 -3.440389 0.788232 0.501655 -15.928192 -3.167309 2.999709 -6.338828 -1e-06 1e-06 -18.123457 3.648183 -4.905672 -4e-06 1e-06 -2e-06 11.522348 10.12026 14.660892 63.448101 11.846504 13.196018 0.468651 22.685982 0.123578 -1.754193 1.173872 -11.803144 2.243543 -5.255038 -3.180159 14.282896 -0.826595 6.952508 -3e-06 -12.690609 0.0 16.219807 -17.672216 2.6212 1.665667 -1.955922 -2.878301 4.7278 -4.170589 4.993928 11.020531 4e-06 -2e-06 12.109056 -3.735717 -2.866786 0.0 -0.0 0.0 1.291986 -1.928549 -1.498091 14.800136 0.567467 3.865611 14.242579 -1.341735 -6.660662 19.631975 0.143928 -0.648243 49.993771 -0.666986 -6.159186 0.353029 -1.51115 -0.031941 20.222801 3.684311 2.316631 18.787283 5e-06 0.0 10.751634 -0.479869 1.397906 -1e-06 -1e-06 1e-06 3.273808 0.305948 -0.580111 21.486824 11.830379 2.266135 8.16293 1e-06 1e-06 18.399092 -3.798988 -4.940574 6e-06 1e-06 -0.0 2.819932 7.435123 1.727728 -0.006278 -0.09322 5.968965 -3.755876 1.674947 -4.258412 1.627143 -2.008333 0.760526 -0.0 -0.0 2e-06 -5.617909 -1.339575 1.473098 0.000177 0.251701 4.490358 5.974859 7.839321 -2.689516 -1.434728 1.041563 0.795264 0.0 -0.0 -1e-06 
0.0 0.0 0.0 0.0 -0.0 0.0 -20.642838 100.45459 14.596663 0.296697 2.498762 -1.380343 0.013838 0.209406 -2.586209 -0.331241 0.035654 -6.194479 0.330683 -1.475487 15.023251 0.187685 2.45549 -2.605808 -0.361152 1.183545 -3.491171 -0.050846 0.28411 -11.39502 7.7e-05 -2.2e-05 6e-06 0.006379 -0.002588 0.029703 0.698336 -3.73702 -10.441362 -0.690528 3.738934 -10.494002 -10.658912 -4.413198 14.590031 -63.481499 -15.604694 19.809984 -0.635879 -20.975878 0.063166 8.240094 -0.277181 -16.867039 -5.882106 9.861286 0.702589 -10.936871 -0.360575 7.156203 1e-06 8.774826 0.0 -15.743721 17.760876 5.903002 -1.844033 2.498504 -2.507278 -10.163598 4.678944 4.621107 -20.976021 -5e-06 1e-06 -21.226286 2.451695 -3.593999 2e-06 -6e-06 -1e-06 -1.362681 2.240798 -0.746323 -21.334913 0.584909 3.008321 -13.821215 -4e-06 1e-06 -23.887171 -0.249081 -0.839483 -59.394211 2.320506 -1.475465 -0.294025 1.679685 0.833254 -14.218207 0.093215 1.300578 -34.212048 -0.287567 0.967169 -20.033213 0.964535 1.212843 1e-06 -0.0 -1e-06 -3.440389 0.788233 0.501655 -15.928185 -3.167311 2.999705 -6.338825 -1e-06 1e-06 -18.123444 3.64818 -4.905671 -4e-06 1e-06 -3e-06 11.538139 10.076322 14.658949 63.4473 11.934386 12.925196 0.499286 22.714392 0.134664 -1.859053 1.196621 -11.923393 2.243542 -5.255038 -3.180158 14.282896 -0.826597 6.952506 -1e-06 -12.690609 0.0 16.20635 -17.661936 2.624425 1.665666 -1.955922 -2.878299 4.727801 -4.170589 4.993926 11.020529 2e-06 -2e-06 12.109056 -3.735718 -2.866787 0.0 -0.0 0.0 1.291986 -1.92855 -1.498089 14.800132 0.567467 3.86561 14.242577 -1.341738 -6.66066 19.631975 0.143925 -0.648247 49.995029 -0.655368 -6.146021 0.35303 -1.511151 -0.031939 20.222797 3.684308 2.316629 18.787279 3e-06 -1e-06 10.751633 -0.47987 1.397907 -2e-06 0.0 0.0 3.273808 0.305947 -0.58011 21.48682 11.830376 2.266132 8.16293 0.0 -1e-06 18.39909 -3.798988 -4.940578 5e-06 0.0 -0.0 2.813242 7.375312 1.643265 -0.00995 -0.104684 6.075847 -3.727817 1.670623 -4.304823 1.629364 -2.010888 0.782261 0.0 -0.0 2e-06 -5.616865 -1.319565 1.418902 0.006273 0.244974 4.625266 5.972584 7.775061 -2.800404 -1.432558 1.051426 0.802847 0.0 -0.0 -1e-06 
0.0 0.0 0.0 0.0 -0.0 0.0 -20.70426 100.446259 14.512391 0.303819 2.546997 -1.380357 0.015485 0.201718 -2.571862 -0.326451 0.024133 -6.194221 0.379124 -1.499269 15.047078 0.200084 2.431147 -2.643052 -0.358701 1.175188 -3.495264 -0.052905 0.267951 -11.443296 7.7e-05 -2.3e-05 6e-06 0.006988 0.003312 0.028073 0.699844 -3.731838 -10.440682 -0.690795 3.745819 -10.4934 -10.620209 -4.423304 14.596649 -63.349068 -15.649242 19.646233 -0.636069 -21.144279 0.070469 8.418356 -0.208584 -16.839907 -5.882109 9.861286 0.702589 -10.936873 -0.360573 7.156207 -0.0 8.774826 -0.0 -15.739537 17.743118 5.890028 -1.844032 2.498504 -2.507278 -10.163602 4.678947 4.621108 -20.976027 -1e-06 1e-06 -21.226294 2.451699 -3.594002 2e-06 -6e-06 -1e-06 -1.362682 2.240799 -0.746324 -21.334919 0.584912 3.00832 -13.821217 -1e-06 2e-06 -23.887175 -0.249077 -0.839485 -59.353886 2.291865 -1.481398 -0.294026 1.679686 0.833256 -14.218212 0.093216 1.300581 -34.212048 -0.287561 0.967168 -20.033216 0.964537 1.212841 1e-06 -0.0 -1e-06 -3.44039 0.788235 0.501655 -15.928189 -3.167307 2.999706 -6.338827 0.0 1e-06 -18.123447 3.648184 -4.905674 -4e-06 1e-06 -1e-06 11.535659 10.040771 14.647768 63.495193 12.016708 12.645987 0.491863 22.777115 0.133676 -1.957061 1.247701 -12.131714 2.243541 -5.255037 -3.180156 14.282892 -0.826596 6.952505 -3e-06 -12.690605 0.0 16.194696 -17.653795 2.634625 1.665667 -1.955922 -2.878298 4.7278 -4.170588 4.993925 11.020528 3e-06 -1e-06 12.109053 -3.735716 -2.866785 -1e-06 -0.0 0.0 1.291986 -1.928549 -1.49809 14.800131 0.567468 3.865609 14.242574 -1.341736 -6.660658 19.631969 0.143925 -0.648244 49.994919 -0.649345 -6.128256 0.353029 -1.511151 -0.031941 20.222794 3.684309 2.316631 18.787273 3e-06 2e-06 10.751632 -0.479869 1.397907 -2e-06 -1e-06 0.0 3.273807 0.305946 -0.58011 21.486814 11.830376 2.266135 8.16293 1e-06 -0.0 18.399084 -3.798988 -4.940575 5e-06 0.0 -0.0 2.824183 7.339005 1.535838 -0.009483 -0.110504 6.182797 -3.689947 1.677719 -4.332966 1.630714 -2.005039 0.810402 -0.0 -1e-06 2e-06 -5.596856 -1.307333 1.335602 0.009329 0.239933 4.743503 5.960069 7.760389 -2.877883 -1.430385 1.060246 0.815158 0.0 -0.0 -1e-06 
0.0 0.0 0.0 0.0 -0.0 0.0 -20.781765 100.437592 14.43675 0.304526 2.569683 -1.367785 0.022423 0.189846 -2.56004 -0.323443 0.024652 -6.189458 0.415731 -1.52714 15.055095 0.240263 2.403421 -2.672145 -0.361567 1.173039 -3.502318 -0.055247 0.256089 -11.477902 7.7e-05 -2.3e-05 6e-06 0.006151 0.002265 0.026225 0.701286 -3.733773 -10.443566 -0.693886 3.745739 -10.496847 -10.57072 -4.430706 14.588964 -63.202057 -15.660892 19.482096 -0.649935 -21.292873 0.078449 8.603376 -0.185739 -16.808971 -5.882108 9.861288 0.70259 -10.936875 -0.360574 7.156206 0.0 8.774828 -0.0 -15.723155 17.726974 5.901178 -1.844033 2.498505 -2.507279 -10.163604 4.678946 4.621109 -20.976032 -3e-06 2e-06 -21.226297 2.451697 -3.594002 1e-06 -6e-06 -1e-06 -1.362682 2.2408 -0.746322 -21.334921 0.58491 3.008323 -13.821218 -2e-06 1e-06 -23.887178 -0.24908 -0.839483 -59.336639 2.282516 -1.467764 -0.294025 1.679688 0.833256 -14.218214 0.093214 1.300582 -34.212063 -0.287564 0.967171 -20.033218 0.964537 1.212843 -0.0 -0.0 -0.0 -3.44039 0.788234 0.501656 -15.928192 -3.16731 2.999707 -6.338829 0.0 0.0 -18.123457 3.648183 -4.905674 -3e-06 2e-06 -1e-06 11.529105 10.025138 14.631537 63.563389 12.078603 12.426296 0.458276 22.890957 0.126611 -2.060819 1.303301 -12.41191 2.243542 -5.255037 -3.180157 14.282891 -0.826594 6.952502 -3e-06 -12.690603 -0.0 16.194605 -17.647818 2.645472 1.665666 -1.955922 -2.878298 4.727798 -4.170587 4.993922 11.020524 3e-06 -2e-06 12.109051 -3.735716 -2.866783 -1e-06 -0.0 -2e-06 1.291986 -1.92855 -1.498088 14.800129 0.567468 3.865606 14.242575 -1.341736 -6.660656 19.631969 0.143927 -0.648246 49.994919 -0.64085 -6.107963 0.353029 -1.51115 -0.031941 20.222788 3.684313 2.316628 18.78727 6e-06 -2e-06 10.751625 -0.479867 1.397906 -2e-06 -1e-06 1e-06 3.273807 0.305947 -0.58011 21.486813 11.830378 2.266131 8.162928 3e-06 -2e-06 18.39908 -3.798984 -4.940577 6e-06 0.0 -0.0 2.851241 7.31162 1.425172 -0.008736 -0.108496 6.27843 -3.662446 1.682589 -4.363918 1.631188 -1.999958 0.822268 0.0 -0.0 2e-06 -5.563559 -1.311499 1.240468 0.011081 0.239094 4.843951 5.930856 7.786609 -2.95038 -1.428164 1.064224 0.825442 0.0 -0.0 -1e-06 
0.0 0.0 0.0 0.0 -0.0 0.0 -20.859402 100.436272 14.375851 0.306681 2.572532 -1.347959 0.028486 0.177477 -2.541428 -0.321398 0.020998 -6.178401 0.440037 -1.560491 15.040903 0.308434 2.374565 -2.679462 -0.369788 1.18387 -3.509419 -0.046485 0.270338 -11.514985 7.7e-05 -2.2e-05 6e-06 0.005315 -0.000365 0.025256 0.702168 -3.737627 -10.443674 -0.696387 3.744194 -10.497655 -10.501829 -4.450706 14.589478 -63.066902 -15.663121 19.331581 -0.646449 -21.407297 0.080104 8.792773 -0.1894 -16.869514 -5.882108 9.861286 0.702591 -10.936875 -0.360575 7.156208 0.0 8.774825 -0.0 -15.703819 17.718657 5.91799 -1.844033 2.498505 -2.507278 -10.163603 4.678945 4.62111 -20.97603 -1e-06 4e-06 -21.226292 2.451699 -3.593999 1e-06 -6e-06 -1e-06 -1.362682 2.240798 -0.746324 -21.334921 0.584911 3.008324 -13.821218 -0.0 4e-06 -23.887178 -0.249076 -0.839481 -59.331264 2.278601 -1.438337 -0.294025 1.679688 0.833256 -14.218214 0.093215 1.300581 -34.212059 -0.287561 0.967172 -20.033218 0.964539 1.212844 -0.0 -0.0 -1e-06 -3.440389 0.788234 0.501655 -15.928189 -3.167309 2.999708 -6.338829 1e-06 2e-06 -18.123453 3.648183 -4.90567 -3e-06 1e-06 -1e-06 11.498379 10.027974 14.609863 63.672607 12.125648 12.227818 0.418451 23.053879 0.124776 -2.166154 1.340706 -12.700962 2.243544 -5.255039 -3.180162 14.282904 -0.826597 6.952508 -3e-06 -12.690614 -0.0 16.195183 -17.638685 2.652321 1.665668 -1.955923 -2.878302 4.727803 -4.170591 4.993927 11.020537 3e-06 -2e-06 12.109062 -3.735717 -2.866786 -1e-06 0.0 0.0 1.291987 -1.92855 -1.498089 14.800142 0.567468 3.86561 14.242586 -1.341736 -6.660664 19.631987 0.143926 -0.648247 49.971127 -0.634431 -6.093543 0.353029 -1.511152 -0.031941 20.222813 3.68431 2.316631 18.787292 5e-06 -1e-06 10.751638 -0.47987 1.397906 -0.0 -0.0 1e-06 3.27381 0.305946 -0.580112 21.486834 11.830381 2.266134 8.162935 2e-06 -1e-06 18.399099 -3.798988 -4.94058 5e-06 0.0 -1e-06 2.879835 7.287982 1.320126 -0.009676 -0.105015 6.364013 -3.647479 1.679816 -4.361905 1.632621 -1.996932 0.816088 -0.0 -0.0 2e-06 -5.530626 -1.335817 1.145522 0.013381 0.237346 4.924061 5.906387 7.836521 -2.985405 -1.427069 1.067181 0.827685 0.0 -0.0 -1e-06 
0.0 0.0 0.0 0.0 -0.0 0.0 -20.930071 100.443939 14.335023 0.309161 2.554518 -1.331599 0.033496 0.162166 -2.517889 -0.319979 0.01919 -6.166865 0.4508 -1.592746 15.017159 0.396609 2.335085 -2.649224 -0.367681 1.229414 -3.511938 -0.025432 0.303357 -11.541514 7.7e-05 -2.3e-05 6e-06 0.004626 -0.004443 0.023948 0.700718 -3.743206 -10.444818 -0.696255 3.741732 -10.497509 -10.426623 -4.474052 14.606852 -62.933731 -15.673202 19.199068 -0.623965 -21.481461 0.076647 8.973726 -0.209407 -16.915117 -5.88211 9.861292 0.702591 -10.936875 -0.360574 7.156208 -1e-06 8.77483 -1e-06 -15.666137 17.711241 5.945214 -1.844033 2.498506 -2.507279 -10.163604 4.678947 4.621111 -20.97603 -1e-06 1e-06 -21.226295 2.451701 -3.594003 1e-06 -6e-06 -0.0 -1.362683 2.2408 -0.746324 -21.334925 0.584911 3.008324 -13.821219 0.0 2e-06 -23.887178 -0.249077 -0.839484 -59.310947 2.272711 -1.395035 -0.294025 1.679688 0.833256 -14.218214 0.093217 1.300582 -34.212063 -0.287562 0.967169 -20.033222 0.964537 1.212843 -0.0 -0.0 -0.0 -3.44039 0.788234 0.501656 -15.928192 -3.167309 2.999709 -6.338829 1e-06 2e-06 -18.123455 3.648187 -4.905674 -3e-06 1e-06 -1e-06 11.440121 10.038447 14.589865 63.820442 12.174156 12.072454 0.36765 23.215324 0.12278 -2.280683 1.402681 -13.014538 2.243544 -5.255041 -3.180159 14.2829 -0.826596 6.952505 -1e-06 -12.690613 -0.0 16.194788 -17.626749 2.665964 1.665667 -1.955922 -2.878299 4.727802 -4.17059 4.993926 11.020535 4e-06 -3e-06 12.10906 -3.735719 -2.866785 -1e-06 0.0 -2e-06 1.291987 -1.92855 -1.49809 14.800138 0.567468 3.865608 14.242582 -1.341737 -6.660663 19.631983 0.143926 -0.648246 49.959034 -0.639628 -6.082627 0.353029 -1.511152 -0.031939 20.222805 3.684313 2.316629 18.787289 6e-06 -3e-06 10.751637 -0.479867 1.397906 -0.0 -1e-06 1e-06 3.273809 0.305947 -0.580112 21.486828 11.830383 2.266134 8.162935 1e-06 -3e-06 18.399094 -3.798988 -4.940582 5e-06 0.0 -1e-06 2.907341 7.266024 1.241261 -0.010741 -0.104873 6.430716 -3.635035 1.686124 -4.320627 1.634956 -1.987543 0.792311 -0.0 -0.0 2e-06 -5.499079 -1.370468 1.066477 0.013575 0.241058 4.986728 5.863406 7.889174 -2.979338 -1.427052 1.072206 0.806395 0.0 -0.0 -1e-06 
0.0 0.0 0.0 0.0 -0.0 0.0 -20.99012 100.451019 14.304471 0.313214 2.528762 -1.317447 0.04486 0.149739 -2.490192 -0.320508 0.016351 -6.159257 0.44582 -1.62951 14.994061 0.480625 2.302928 -2.599896 -0.36099 1.280663 -3.507725 -0.023272 0.349352 -11.549206 7.7e-05 -2.2e-05 5e-06 0.005733 -0.003183 0.021694 0.698192 -3.743913 -10.448498 -0.691475 3.744828 -10.499959 -10.351237 -4.485892 14.632892 -62.81115 -15.709712 19.112999 -0.593653 -21.50371 0.067439 9.117949 -0.235752 -16.905231 -5.882116 9.861298 0.70259 -10.93689 -0.360575 7.156216 1e-06 8.774837 1e-06 -15.625673 17.703716 5.967257 -1.844036 2.498507 -2.507281 -10.163618 4.678952 4.621113 -20.976065 -4e-06 2e-06 -21.226326 2.451698 -3.594005 1e-06 -6e-06 -1e-06 -1.362684 2.240801 -0.746324 -21.334953 0.584909 3.008325 -13.821239 -3e-06 2e-06 -23.887215 -0.249082 -0.839484 -59.269432 2.271568 -1.358867 -0.294025 1.67969 0.833257 -14.218234 0.093215 1.300581 -34.212112 -0.287567 0.967171 -20.033249 0.964536 1.212845 -1e-06 -0.0 -1e-06 -3.440394 0.788236 0.501656 -15.928213 -3.167315 2.999708 -6.338837 -1e-06 0.0 -18.123476 3.648185 -4.905678 -3e-06 2e-06 -1e-06 11.355011 10.071635 14.561481 63.981552 12.194027 11.910948 0.343272 23.388357 0.13096 -2.41714 1.495292 -13.318281 2.243546 -5.255044 -3.180162 14.282911 -0.826594 6.952505 -4e-06 -12.690619 -1e-06 16.211035 -17.620611 2.674187 1.665669 -1.955924 -2.878304 4.727805 -4.170592 4.993925 11.020544 5e-06 -3e-06 12.109072 -3.735718 -2.866787 -1e-06 -0.0 -1e-06 1.291987 -1.928552 -1.498091 14.800151 0.567472 3.865607 14.242594 -1.341735 -6.660667 19.632002 0.143932 -0.648247 49.983646 -0.65278 -6.076983 0.353029 -1.511152 -0.03194 20.22282 3.684318 2.316629 18.7873 9e-06 -4e-06 10.751644 -0.479866 1.397906 -0.0 -1e-06 1e-06 3.273812 0.305947 -0.580113 21.486851 11.830394 2.26613 8.16294 4e-06 -3e-06 18.399107 -3.798984 -4.940584 5e-06 -0.0 -2e-06 2.929555 7.24847 1.176052 -0.013576 -0.108012 6.487299 -3.6198 1.705196 -4.281997 1.637336 -1.977501 0.792023 -0.0 -0.0 2e-06 -5.47087 -1.397527 0.999999 0.013848 0.247161 5.035904 5.813601 7.932743 -2.974956 -1.428102 1.075884 0.771453 0.0 -0.0 -1e-06 
0.0 0.0 0.0 0.0 -0.0 0.0 -21.054592 100.46064 14.252655 0.317389 2.493304 -1.304062 0.05881 0.139336 -2.467776 -0.322842 -0.002581 -6.152347 0.447039 -1.643743 14.982027 0.538364 2.276851 -2.551746 -0.346375 1.338212 -3.50315 -0.033031 0.392192 -11.525681 7.7e-05 -2.2e-05 6e-06 0.008237 0.003312 0.019187 0.695875 -3.739089 -10.45188 -0.684121 3.752541 -10.501906 -10.286523 -4.505987 14.664442 -62.703869 -15.768413 19.019701 -0.556006 -21.504536 0.050464 9.227779 -0.259162 -16.85569 -5.882113 9.861295 0.702591 -10.936884 -0.360575 7.156209 1e-06 8.774833 -0.0 -15.595689 17.707415 5.983366 -1.844035 2.498507 -2.50728 -10.163611 4.67895 4.621112 -20.976051 -4e-06 1e-06 -21.226316 2.451697 -3.594005 1e-06 -6e-06 -1e-06 -1.362682 2.2408 -0.746323 -21.334938 0.584909 3.008321 -13.821229 -3e-06 0.0 -23.887196 -0.249082 -0.839487 -59.22892 2.265393 -1.339514 -0.294025 1.67969 0.833257 -14.218226 0.093216 1.300579 -34.212093 -0.287568 0.967166 -20.033239 0.964535 1.212842 -1e-06 -1e-06 -1e-06 -3.440392 0.788234 0.501656 -15.928205 -3.167313 2.999707 -6.338833 -0.0 -0.0 -18.123468 3.648184 -4.905677 -3e-06 1e-06 -1e-06 11.246614 10.117955 14.508424 64.128746 12.165533 11.823793 0.328679 23.587196 0.133562 -2.546457 1.587461 -13.607636 2.243544 -5.25504 -3.180161 14.282905 -0.826595 6.952503 -4e-06 -12.690614 1e-06 16.23633 -17.619631 2.674465 1.665668 -1.955922 -2.878301 4.727802 -4.170589 4.993925 11.020536 5e-06 -3e-06 12.109062 -3.735716 -2.86679 0.0 -0.0 1e-06 1.291987 -1.92855 -1.498091 14.80014 0.567469 3.865608 14.242586 -1.341736 -6.660665 19.631987 0.143929 -0.648248 50.009491 -0.65332 -6.07799 0.353029 -1.511151 -0.031941 20.222811 3.684315 2.316628 18.787289 8e-06 -1e-06 10.751637 -0.479866 1.397905 -0.0 -1e-06 0.0 3.27381 0.305946 -0.580113 21.486834 11.830384 2.26613 8.162935 3e-06 -2e-06 18.399097 -3.798984 -4.940581 6e-06 -0.0 -1e-06 2.94858 7.213456 1.099515 -0.014892 -0.11017 6.54921 -3.616631 1.778765 -4.231252 1.639093 -1.971673 0.813268 -0.0 -1e-06 2e-06 -5.438598 -1.414481 0.913951 0.014774 0.257535 5.106006 5.753079 7.974679 -2.964235 -1.429698 1.072124 0.750673 -0.0 -0.0 -1e-06 
0.0 0.0 0.0 0.0 -0.0 0.0 -21.120956 100.466072 14.181317 0.320191 2.450789 -1.29744 0.077605 0.134077 -2.446033 -0.32477 -0.020772 -6.14387 0.452985 -1.634031 14.987585 0.558012 2.273111 -2.533603 -0.34513 1.383565 -3.499644 -0.034491 0.412498 -11.468278 7.7e-05 -2.2e-05 6e-06 0.010683 0.011292 0.016994 0.695004 -3.731046 -10.455105 -0.678446 3.760381 -10.502877 -10.248743 -4.521229 14.678333 -62.606533 -15.832875 18.866198 -0.542998 -21.526632 0.039499 9.293619 -0.298822 -16.747055 -5.882102 9.861283 0.702591 -10.936866 -0.360575 7.1562 1e-06 8.774822 -1e-06 -15.579383 17.714428 5.999375 -1.844031 2.498503 -2.507276 -10.163594 4.678942 4.621105 -20.976013 -4e-06 3e-06 -21.226273 2.451694 -3.593999 0.0 -6e-06 -1e-06 -1.362681 2.240797 -0.746322 -21.334904 0.584908 3.00832 -13.821208 -3e-06 1e-06 -23.887157 -0.249081 -0.839482 -59.196655 2.27352 -1.329981 -0.294024 1.679688 0.833256 -14.218201 0.093214 1.300579 -34.212036 -0.287569 0.967167 -20.033201 0.964534 1.212841 -1e-06 -0.0 -1e-06 -3.440387 0.788233 0.501655 -15.928179 -3.167309 2.999705 -6.338824 -1e-06 0.0 -18.12344 3.64818 -4.905669 -3e-06 1e-06 -1e-06 11.146661 10.163696 14.473558 64.229904 12.133943 11.8516 0.303095 23.756628 0.130082 -2.659766 1.660758 -13.86743 2.243541 -5.255035 -3.180158 14.282884 -0.826594 6.952498 -3e-06 -12.690601 1e-06 16.257027 -17.621971 2.679277 1.665666 -1.95592 -2.878298 4.727797 -4.170585 4.99392 11.020523 4e-06 -3e-06 12.10905 -3.735713 -2.866785 0.0 -0.0 0.0 1.291985 -1.928549 -1.49809 14.800122 0.567469 3.865602 14.242567 -1.341735 -6.660658 19.631966 0.143929 -0.648248 50.027931 -0.64513 -6.077484 0.353028 -1.511151 -0.03194 20.222784 3.684309 2.316628 18.78727 7e-06 -3e-06 10.751625 -0.479866 1.397905 -0.0 -1e-06 0.0 3.273806 0.305948 -0.580111 21.486803 11.830371 2.266129 8.162923 2e-06 -1e-06 18.399075 -3.798982 -4.940575 6e-06 0.0 -2e-06 2.971816 7.196082 1.021853 -0.015891 -0.111629 6.613241 -3.629814 1.861672 -4.195415 1.640884 -1.967762 0.826347 -0.0 -0.0 2e-06 -5.4042 -1.415916 0.813745 0.015372 0.268961 5.202585 5.68504 8.007413 -2.974116 -1.43278 1.069556 0.742491 0.0 -0.0 -1e-06 
0.0 0.0 0.0 0.0 -0.0 0.0 -21.185421 100.46331 14.093566 0.32508 2.415462 -1.295447 0.098232 0.127686 -2.423042 -0.326573 -0.029144 -6.129611 0.461656 -1.619351 14.996925 0.530787 2.284438 -2.541876 -0.343175 1.401891 -3.498596 -0.058171 0.438829 -11.442414 7.7e-05 -2.2e-05 6e-06 0.012961 0.017004 0.017342 0.694347 -3.724375 -10.452903 -0.673333 3.765241 -10.499283 -10.227465 -4.531495 14.691251 -62.530907 -15.911016 18.697506 -0.55698 -21.579348 0.0462 9.350396 -0.368628 -16.633074 -5.882107 9.861288 0.702592 -10.936873 -0.360575 7.156207 -0.0 8.774829 -1e-06 -15.571366 17.724607 6.014939 -1.844033 2.498506 -2.507277 -10.163603 4.678947 4.621109 -20.976027 -2e-06 1e-06 -21.226292 2.451698 -3.594 0.0 -6e-06 -1e-06 -1.362682 2.2408 -0.746323 -21.334917 0.584911 3.008322 -13.821217 -2e-06 2e-06 -23.887171 -0.249079 -0.839483 -59.180378 2.285839 -1.332667 -0.294025 1.679688 0.833256 -14.218211 0.093215 1.300579 -34.212048 -0.287563 0.967168 -20.033215 0.964536 1.212843 -1e-06 -0.0 -1e-06 -3.440389 0.788233 0.501656 -15.928189 -3.16731 2.999706 -6.338828 1e-06 2e-06 -18.123451 3.648185 -4.905671 -3e-06 1e-06 -2e-06 11.066524 10.20949 14.449875 64.300606 12.111031 11.964359 0.265985 23.833601 0.126816 -2.737621 1.713816 -14.069681 2.243541 -5.255037 -3.180156 14.282885 -0.826594 6.952502 -1e-06 -12.690603 -1e-06 16.260303 -17.632248 2.691236 1.665665 -1.955921 -2.878298 4.727797 -4.170588 4.993922 11.02052 2e-06 -1e-06 12.109046 -3.735717 -2.866782 0.0 -0.0 -1e-06 1.291985 -1.928548 -1.498088 14.800122 0.567468 3.865608 14.242563 -1.341738 -6.660655 19.631954 0.143925 -0.648243 50.024754 -0.642543 -6.064497 0.353029 -1.51115 -0.031941 20.222784 3.684309 2.316632 18.787268 3e-06 2e-06 10.751624 -0.479869 1.397907 1e-06 -1e-06 0.0 3.273805 0.305948 -0.58011 21.486801 11.830371 2.266135 8.162924 1e-06 1e-06 18.399075 -3.798986 -4.940573 5e-06 -0.0 -1e-06 2.992984 7.190372 0.942573 -0.016387 -0.109395 6.671432 -3.642228 1.923159 -4.187503 1.64255 -1.962643 0.832831 -0.0 -0.0 2e-06 -5.373511 -1.40373 0.702714 0.014175 0.272241 5.322371 5.629923 8.030639 -3.020216 -1.435343 1.068286 0.737621 0.0 -0.0 -1e-06 
0.0 0.0 0.0 0.0 -0.0 0.0 -21.246805 100.460281 13.998129 0.329868 2.377091 -1.300206 0.1203 0.126428 -2.402315 -0.327883 -0.02622 -6.115266 0.469789 -1.615241 15.017941 0.466434 2.305 -2.561177 -0.340813 1.397886 -3.494105 -0.076928 0.457465 -11.47032 7.7e-05 -2.2e-05 6e-06 0.013567 0.017367 0.021778 0.695547 -3.721724 -10.444916 -0.673455 3.763534 -10.48914 -10.201355 -4.542563 14.706229 -62.487122 -15.998334 18.641218 -0.573863 -21.653322 0.063689 9.40761 -0.429618 -16.579218 -5.88211 9.86129 0.702589 -10.936877 -0.360576 7.156206 2e-06 8.774828 -1e-06 -15.571293 17.742514 6.033367 -1.844035 2.498506 -2.507279 -10.163604 4.678946 4.621109 -20.976038 -6e-06 2e-06 -21.226297 2.451694 -3.594001 0.0 -6e-06 -1e-06 -1.362683 2.2408 -0.746325 -21.334929 0.584908 3.008322 -13.821223 -4e-06 0.0 -23.887184 -0.249083 -0.839483 -59.189346 2.314561 -1.335637 -0.294025 1.679688 0.833256 -14.218217 0.093213 1.300579 -34.212067 -0.287569 0.967169 -20.033222 0.964533 1.212844 -1e-06 -0.0 -1e-06 -3.440389 0.788234 0.501656 -15.928194 -3.167312 2.999705 -6.338829 -0.0 1e-06 -18.123457 3.648181 -4.905674 -3e-06 1e-06 -2e-06 10.989294 10.278522 14.411848 64.370041 12.073151 12.118046 0.230221 23.824059 0.125536 -2.776539 1.71741 -14.145688 2.243543 -5.255035 -3.180157 14.282896 -0.826593 6.952505 -4e-06 -12.690604 2e-06 16.251005 -17.649286 2.709312 1.665667 -1.955922 -2.878301 4.727801 -4.170588 4.993925 11.020533 4e-06 -3e-06 12.109058 -3.735715 -2.866785 0.0 -0.0 0.0 1.291986 -1.92855 -1.498089 14.800136 0.567467 3.865607 14.242579 -1.341733 -6.660661 19.631975 0.143928 -0.648247 50.017727 -0.638371 -6.047904 0.353029 -1.51115 -0.03194 20.222803 3.684312 2.316629 18.787287 7e-06 -0.0 10.751632 -0.479869 1.397905 1e-06 -1e-06 0.0 3.273808 0.305947 -0.580112 21.486824 11.830376 2.26613 8.162932 1e-06 -1e-06 18.399092 -3.798984 -4.940577 5e-06 0.0 -1e-06 3.012251 7.188671 0.870756 -0.014381 -0.100579 6.720106 -3.658362 1.956863 -4.17579 1.642582 -1.96587 0.814946 -0.0 -0.0 2e-06 -5.346798 -1.416057 0.590539 0.011081 0.27165 5.448536 5.577009 8.069549 -3.062006 -1.437613 1.065939 0.742046 -0.0 -0.0 -1e-06 
0.0 0.0 0.0 0.0 -0.0 0.0 -21.315475 100.461563 13.916018 0.32689 2.35249 -1.299048 0.14247 0.126354 -2.386492 -0.326583 -0.010359 -6.10697 0.477717 -1.634748 15.061809 0.391845 2.327146 -2.604706 -0.335561 1.394203 -3.489576 -0.104623 0.472527 -11.558294 7.7e-05 -2.3e-05 6e-06 0.01377 0.016357 0.025433 0.697934 -3.721098 -10.440918 -0.675545 3.761217 -10.483632 -10.163137 -4.537336 14.719579 -62.476547 -16.111887 18.657143 -0.605556 -21.718386 0.081455 9.491627 -0.478937 -16.597132 -5.88211 9.861292 0.702591 -10.93688 -0.360575 7.156212 1e-06 8.774831 -1e-06 -15.575825 17.772509 6.042561 -1.844034 2.498505 -2.507281 -10.16361 4.678948 4.621113 -20.976044 -4e-06 3e-06 -21.226305 2.451696 -3.594003 -0.0 -7e-06 -1e-06 -1.362682 2.240798 -0.746324 -21.334932 0.584909 3.008324 -13.821227 -3e-06 3e-06 -23.887188 -0.249081 -0.839481 -59.219975 2.350237 -1.348393 -0.294026 1.679688 0.833257 -14.218221 0.093213 1.300581 -34.212082 -0.287566 0.967173 -20.03323 0.964537 1.212846 -1e-06 -0.0 -1e-06 -3.440392 0.788235 0.501656 -15.928201 -3.167313 2.999708 -6.338832 -0.0 2e-06 -18.123463 3.648185 -4.905674 -3e-06 1e-06 -1e-06 10.926727 10.363141 14.388888 64.392845 12.050021 12.250182 0.237896 23.761763 0.135238 -2.779601 1.692731 -14.185495 2.243543 -5.255041 -3.18016 14.2829 -0.826596 6.952509 -2e-06 -12.690613 0.0 16.247549 -17.667976 2.72948 1.665668 -1.955924 -2.878302 4.727803 -4.170592 4.993928 11.020535 3e-06 -2e-06 12.10906 -3.735719 -2.866786 -1e-06 -0.0 0.0 1.291986 -1.928551 -1.498091 14.800138 0.567468 3.865611 14.242581 -1.341738 -6.660662 19.631975 0.143924 -0.648246 50.035915 -0.639333 -6.025637 0.353029 -1.511151 -0.03194 20.222803 3.684311 2.316633 18.787289 4e-06 0.0 10.751636 -0.479869 1.397907 -0.0 -1e-06 0.0 3.273809 0.305947 -0.580112 21.48683 11.830384 2.266135 8.162931 1e-06 0.0 18.399096 -3.79899 -4.940578 5e-06 -0.0 -1e-06 3.043775 7.19595 0.79693 -0.010128 -0.097901 6.766354 -3.680833 1.971639 -4.149961 1.640541 -1.972922 0.798698 -0.0 -0.0 2e-06 -5.310775 -1.447571 0.475424 0.008453 0.263531 5.58063 5.539488 8.131724 -3.081017 -1.438492 1.067579 0.755304 0.0 -0.0 -1e-06 
0.0 0.0 0.0 0.0 -0.0 0.0 -21.390835 100.460304 13.840638 0.326079 2.350711 -1.284781 0.154545 0.129858 -2.379701 -0.320523 0.002423 -6.101199 0.493 -1.662189 15.118744 0.318045 2.334948 -2.66725 -0.31495 1.411724 -3.485389 -0.153295 0.508197 -11.687384 7.7e-05 -2.2e-05 6e-06 0.014528 0.018813 0.02563 0.700269 -3.718801 -10.438352 -0.676453 3.764306 -10.480735 -10.122037 -4.523628 14.717576 -62.508999 -16.24468 18.725069 -0.630029 -21.75601 0.093258 9.575718 -0.536864 -16.625225 -5.882108 9.861288 0.70259 -10.936875 -0.360575 7.156208 1e-06 8.774828 -0.0 -15.58497 17.794062 6.046464 -1.844033 2.498505 -2.507278 -10.163603 4.678946 4.62111 -20.97603 -3e-06 3e-06 -21.226294 2.451699 -3.593999 -0.0 -7e-06 -1e-06 -1.362682 2.240798 -0.746323 -21.334919 0.58491 3.008324 -13.821218 -1e-06 2e-06 -23.887177 -0.249078 -0.839483 -59.275845 2.380188 -1.336945 -0.294025 1.679688 0.833256 -14.218212 0.093216 1.300581 -34.212063 -0.287562 0.967173 -20.033218 0.964538 1.212844 -1e-06 -0.0 -1e-06 -3.44039 0.788233 0.501655 -15.928192 -3.167309 2.999708 -6.338829 -0.0 2e-06 -18.123453 3.648184 -4.90567 -3e-06 1e-06 -2e-06 10.878861 10.452929 14.388828 64.372551 12.04721 12.362171 0.269768 23.637146 0.143956 -2.745191 1.671426 -14.215667 2.243543 -5.25504 -3.18016 14.282897 -0.826596 6.952506 -1e-06 -12.690609 -0.0 16.240118 -17.684446 2.749437 1.665667 -1.955923 -2.878301 4.727801 -4.170589 4.993927 11.020531 3e-06 -1e-06 12.109057 -3.735718 -2.866786 0.0 -0.0 0.0 1.291986 -1.92855 -1.49809 14.800136 0.567466 3.865609 14.242579 -1.341737 -6.660659 19.631975 0.143924 -0.648245 50.052925 -0.638288 -6.005936 0.353029 -1.511151 -0.03194 20.222801 3.68431 2.316632 18.787283 4e-06 1e-06 10.751633 -0.47987 1.397906 1e-06 -1e-06 0.0 3.273808 0.305947 -0.580111 21.486822 11.830377 2.266133 8.162933 2e-06 1e-06 18.399092 -3.798987 -4.940577 6e-06 0.0 -0.0 3.104516 7.176372 0.690539 -0.00616 -0.098971 6.823341 -3.732846 1.989046 -4.118849 1.637492 -1.9794 0.791867 -0.0 -1e-06 2e-06 -5.275393 -1.503091 0.349106 0.007534 0.256102 5.721056 5.50207 8.205484 -3.118979 -1.438347 1.065588 0.760965 0.0 -0.0 -1e-06 
0.0 0.0 0.0 0.0 -0.0 0.0 -21.465542 100.461578 13.779172 0.33159 2.371167 -1.265834 0.157354 0.138151 -2.378014 -0.310931 0.013426 -6.096132 0.506926 -1.689447 15.175922 0.26901 2.328892 -2.730418 -0.298845 1.438419 -3.487518 -0.216238 0.55415 -11.844458 7.7e-05 -2.3e-05 6e-06 0.016232 0.022113 0.024231 0.702123 -3.716988 -10.436531 -0.674818 3.769519 -10.478299 -10.072145 -4.519597 14.726562 -62.592892 -16.392071 18.837793 -0.622711 -21.76182 0.101042 9.645762 -0.607537 -16.627151 -5.882106 9.861287 0.70259 -10.936872 -0.360576 7.156206 1e-06 8.774827 1e-06 -15.6 17.803158 6.041752 -1.844032 2.498504 -2.507278 -10.163599 4.678944 4.621108 -20.976023 -5e-06 2e-06 -21.226286 2.451696 -3.594001 -0.0 -7e-06 -1e-06 -1.36268 2.240797 -0.746322 -21.334913 0.584908 3.008322 -13.821213 -3e-06 2e-06 -23.887167 -0.24908 -0.839482 -59.311382 2.381924 -1.309399 -0.294024 1.679686 0.833256 -14.218208 0.093214 1.30058 -34.212048 -0.287567 0.96717 -20.033211 0.964534 1.212844 -1e-06 -0.0 -1e-06 -3.440389 0.788234 0.501656 -15.928185 -3.167312 2.999704 -6.338827 -1e-06 2e-06 -18.123444 3.648181 -4.905668 -4e-06 1e-06 -1e-06 10.846093 10.514523 14.409381 64.338066 12.06616 12.493248 0.285918 23.469709 0.140786 -2.648992 1.666674 -14.258224 2.243542 -5.255037 -3.180158 14.282894 -0.826596 6.952503 -2e-06 -12.690607 1e-06 16.24217 -17.707117 2.762771 1.665667 -1.955922 -2.878299 4.727799 -4.170588 4.993924 11.020529 3e-06 -3e-06 12.109056 -3.735716 -2.866783 0.0 -0.0 0.0 1.291986 -1.928549 -1.498088 14.800132 0.567468 3.865606 14.242577 -1.341736 -6.660657 19.631973 0.143927 -0.648245 50.088451 -0.638325 -5.989713 0.353029 -1.51115 -0.03194 20.222797 3.684309 2.316628 18.787281 6e-06 -1e-06 10.751626 -0.47987 1.397905 -0.0 -1e-06 0.0 3.273807 0.305947 -0.580112 21.486816 11.830376 2.266133 8.16293 2e-06 1e-06 18.399084 -3.798987 -4.940576 5e-06 0.0 -1e-06 3.095268 7.146877 0.612428 -0.004561 -0.09809 6.877153 -3.723534 1.994794 -4.11101 1.635491 -1.984324 0.788363 0.0 -0.0 2e-06 -5.210441 -1.577551 0.208889 0.007172 0.253575 5.856282 5.430385 8.261868 -3.16374 -1.437401 1.065891 0.75488 0.0 -0.0 -1e-06 
0.0 0.0 0.0 0.0 -0.0 0.0 -21.53054 100.468491 13.728252 0.342306 2.390366 -1.241107 0.15703 0.154425 -2.378062 -0.30125 0.029025 -6.094682 0.520366 -1.722978 15.227415 0.227807 2.329244 -2.803375 -0.292874 1.447344 -3.48886 -0.2821 0.610348 -12.028685 7.7e-05 -2.2e-05 6e-06 0.017869 0.023125 0.023745 0.702951 -3.717691 -10.429009 -0.672257 3.772436 -10.470978 -10.032628 -4.518553 14.731228 -62.694206 -16.509415 18.955978 -0.617356 -21.780642 0.109925 9.702711 -0.680096 -16.588184 -5.88211 9.861291 0.70259 -10.936877 -0.360575 7.156208 0.0 8.77483 0.0 -15.606036 17.802546 6.030098 -1.844034 2.498506 -2.507279 -10.163604 4.678946 4.621109 -20.976034 -3e-06 -1e-06 -21.226295 2.451696 -3.594004 -0.0 -7e-06 -1e-06 -1.362682 2.240799 -0.746324 -21.334925 0.58491 3.008322 -13.82122 -3e-06 1e-06 -23.887182 -0.249082 -0.839486 -59.297024 2.36129 -1.292931 -0.294026 1.679689 0.833255 -14.218215 0.093214 1.300579 -34.212067 -0.287567 0.967166 -20.033222 0.964535 1.212841 -1e-06 -0.0 -2e-06 -3.440389 0.788234 0.501655 -15.928192 -3.167312 2.999705 -6.338829 -1e-06 0.0 -18.123453 3.648183 -4.905674 -3e-06 1e-06 -1e-06 10.824297 10.549537 14.442676 64.292557 12.101703 12.612148 0.28584 23.305117 0.130925 -2.520285 1.673142 -14.336396 2.243544 -5.25504 -3.18016 14.282903 -0.826597 6.952508 -2e-06 -12.690614 1e-06 16.248968 -17.726408 2.769088 1.665668 -1.955924 -2.878301 4.727803 -4.170591 4.993927 11.020536 3e-06 -3e-06 12.109062 -3.735719 -2.866787 0.0 -0.0 0.0 1.291987 -1.928551 -1.49809 14.80014 0.567468 3.86561 14.242585 -1.341738 -6.660665 19.631985 0.143926 -0.64825 50.131989 -0.639369 -5.983156 0.35303 -1.511152 -0.031939 20.222809 3.684311 2.316631 18.787289 4e-06 -1e-06 10.751639 -0.479869 1.397906 -0.0 -0.0 0.0 3.273809 0.305947 -0.58011 21.486832 11.830383 2.266135 8.162935 1e-06 -2e-06 18.399097 -3.798989 -4.940581 6e-06 1e-06 -1e-06 3.075854 7.097016 0.545134 -0.002319 -0.090302 6.898031 -3.700771 1.997306 -4.070285 1.632759 -1.986698 0.796714 -0.0 -0.0 2e-06 -5.211936 -1.62228 0.10791 0.007421 0.253543 5.981249 5.416481 8.279508 -3.172283 -1.434773 1.070116 0.743123 -0.0 -0.0 -1e-06 
0.0 0.0 0.0 0.0 -0.0 0.0 -21.579924 100.474739 13.686535 0.357993 2.415555 -1.218256 0.158564 0.166111 -2.368461 -0.296273 0.03628 -6.095962 0.537034 -1.740418 15.271855 0.200307 2.346362 -2.887574 -0.300015 1.435637 -3.487939 -0.354203 0.664013 -12.219871 7.7e-05 -2.3e-05 6e-06 0.01713 0.016019 0.024909 0.701059 -3.726904 -10.419823 -0.671715 3.767411 -10.463832 -10.00785 -4.514243 14.73042 -62.795715 -16.582384 19.022663 -0.630613 -21.83827 0.118679 9.719583 -0.758497 -16.515879 -5.882106 9.86129 0.702592 -10.936873 -0.360574 7.156206 -1e-06 8.774828 -1e-06 -15.601208 17.799603 6.018384 -1.844032 2.498503 -2.507277 -10.163602 4.678948 4.621109 -20.976027 -1e-06 5e-06 -21.226288 2.4517 -3.594001 -0.0 -7e-06 -1e-06 -1.362681 2.240799 -0.746323 -21.334917 0.584913 3.008325 -13.821216 1e-06 4e-06 -23.887173 -0.249075 -0.839482 -59.279541 2.33022 -1.29498 -0.294026 1.679689 0.833256 -14.21821 0.093215 1.300583 -34.212048 -0.287558 0.967172 -20.033216 0.96454 1.212844 -0.0 -0.0 -2e-06 -3.440389 0.788234 0.501656 -15.928187 -3.167308 2.999711 -6.338827 -0.0 3e-06 -18.123449 3.648187 -4.905671 -3e-06 1e-06 -2e-06 10.820516 10.570318 14.498806 64.230492 12.153732 12.626222 0.310454 23.170103 0.127228 -2.383489 1.693166 -14.351218 2.243541 -5.255037 -3.180156 14.282887 -0.826595 6.9525 -2e-06 -12.690603 -0.0 16.265688 -17.742872 2.761891 1.665666 -1.955922 -2.878298 4.727798 -4.170588 4.993924 11.020522 3e-06 -2e-06 12.10905 -3.735716 -2.866784 0.0 -0.0 -1e-06 1.291986 -1.928549 -1.49809 14.800125 0.567468 3.865607 14.242569 -1.341736 -6.660655 19.631968 0.143926 -0.648245 50.166588 -0.646657 -5.996806 0.353029 -1.511151 -0.031939 20.222786 3.684308 2.31663 18.78727 3e-06 -2e-06 10.751627 -0.479868 1.397904 -1e-06 -0.0 1e-06 3.273806 0.305945 -0.58011 21.486809 11.830372 2.266134 8.162928 0.0 -0.0 18.399076 -3.798986 -4.940574 6e-06 1e-06 -2e-06 3.045955 7.031949 0.489055 -0.001996 -0.079003 6.908644 -3.668902 2.020636 -4.030514 1.630665 -1.991548 0.816996 -0.0 -0.0 2e-06 -5.220545 -1.634933 0.012181 0.008732 0.251647 6.105516 5.383404 8.273628 -3.191304 -1.431782 1.072496 0.741737 -0.0 -0.0 -1e-06 
0.0 0.0 0.0 0.0 -0.0 0.0 -21.607458 100.479652 13.653405 0.379357 2.449865 -1.206861 0.158662 0.167482 -2.338451 -0.295818 0.029092 -6.091335 0.551177 -1.745196 15.303537 0.19005 2.383289 -2.976871 -0.317536 1.405708 -3.487115 -0.430485 0.726975 -12.408263 7.7e-05 -2.3e-05 6e-06 0.015998 0.00805 0.025646 0.699161 -3.735471 -10.411366 -0.67195 3.759989 -10.458307 -9.985073 -4.494824 14.734023 -62.900291 -16.635485 19.072855 -0.657342 -21.896606 0.126735 9.707907 -0.853735 -16.454193 -5.882107 9.861284 0.702591 -10.936872 -0.360574 7.156207 0.0 8.774825 -0.0 -15.595676 17.794533 6.016228 -1.844032 2.498504 -2.507278 -10.163601 4.678946 4.621109 -20.976023 -2e-06 2e-06 -21.226286 2.451697 -3.594002 -1e-06 -7e-06 -2e-06 -1.362682 2.240798 -0.746324 -21.334913 0.584911 3.008325 -13.821213 -1e-06 1e-06 -23.887171 -0.249079 -0.839483 -59.292942 2.307106 -1.288786 -0.294025 1.679689 0.833255 -14.218208 0.093215 1.30058 -34.212048 -0.287561 0.967172 -20.033213 0.964538 1.212844 -1e-06 -0.0 -1e-06 -3.440389 0.788233 0.501656 -15.928187 -3.16731 2.999709 -6.338827 1e-06 1e-06 -18.123447 3.648183 -4.905671 -3e-06 1e-06 -2e-06 10.829052 10.60783 14.572057 64.174423 12.205617 12.55869 0.338694 23.088078 0.132133 -2.267006 1.720015 -14.380268 2.243542 -5.255038 -3.180158 14.282894 -0.826596 6.952505 -2e-06 -12.690607 1e-06 16.288733 -17.750648 2.74698 1.665666 -1.955922 -2.878299 4.7278 -4.170589 4.993925 11.020528 2e-06 -2e-06 12.109054 -3.735718 -2.866784 0.0 -0.0 1e-06 1.291986 -1.92855 -1.498088 14.800132 0.567467 3.865608 14.242575 -1.341739 -6.66066 19.631969 0.143923 -0.648246 50.191139 -0.66072 -6.018437 0.353029 -1.511151 -0.03194 20.222797 3.684309 2.316632 18.787279 2e-06 1e-06 10.751631 -0.47987 1.397907 -1e-06 -1e-06 1e-06 3.273808 0.305946 -0.580112 21.48682 11.830376 2.266134 8.16293 0.0 -0.0 18.399088 -3.798989 -4.940577 6e-06 1e-06 -1e-06 3.084551 6.98489 0.421695 -0.003832 -0.069409 6.934162 -3.715106 2.042879 -3.955845 1.630841 -1.993733 0.836465 -0.0 -1e-06 2e-06 -5.237353 -1.627666 -0.071732 0.012825 0.24366 6.238281 5.35691 8.261696 -3.220284 -1.429417 1.072285 0.751663 -0.0 -0.0 -1e-06 
0.0 0.0 0.0 0.0 -0.0 0.0 -21.621262 100.485359 13.629302 0.395632 2.468391 -1.206003 0.160051 0.157685 -2.300649 -0.292335 0.02527 -6.085288 0.562368 -1.732938 15.332037 0.203766 2.411216 -3.068601 -0.33576 1.406858 -3.48617 -0.488778 0.783306 -12.5872 7.7e-05 -2.3e-05 6e-06 0.015909 0.005737 0.025873 0.699254 -3.737824 -10.407163 -0.672157 3.757655 -10.45501 -9.95979 -4.468674 14.741364 -62.999519 -16.673615 19.146719 -0.681068 -21.938334 0.12691 9.678277 -0.972484 -16.362732 -5.882108 9.86129 0.702591 -10.936873 -0.360574 7.156209 -1e-06 8.774829 -2e-06 -15.590559 17.788958 6.0227 -1.844032 2.498505 -2.507277 -10.163601 4.678947 4.621112 -20.976027 -2e-06 3e-06 -21.226288 2.4517 -3.594 -0.0 -7e-06 -2e-06 -1.362681 2.240799 -0.746324 -21.334917 0.584911 3.008326 -13.821215 -0.0 3e-06 -23.887171 -0.249076 -0.839481 -59.331211 2.292484 -1.265113 -0.294025 1.679688 0.833256 -14.218209 0.093216 1.300581 -34.212048 -0.28756 0.967171 -20.033215 0.96454 1.212845 -0.0 -1e-06 -2e-06 -3.440389 0.788234 0.501656 -15.928187 -3.16731 2.999709 -6.338826 1e-06 2e-06 -18.123446 3.648185 -4.905671 -3e-06 1e-06 -2e-06 10.830446 10.654535 14.661135 64.159645 12.268837 12.519316 0.316767 23.03693 0.128651 -2.168498 1.756439 -14.512576 2.243543 -5.25504 -3.18016 14.282897 -0.826596 6.952505 -2e-06 -12.690612 -1e-06 16.323668 -17.761448 2.731425 1.665667 -1.955922 -2.8783 4.727802 -4.170591 4.993926 11.020534 3e-06 -3e-06 12.109058 -3.735717 -2.866787 0.0 -0.0 -1e-06 1.291986 -1.92855 -1.498089 14.800136 0.567468 3.865608 14.24258 -1.341736 -6.660662 19.631975 0.143927 -0.648247 50.21682 -0.668185 -6.040519 0.353029 -1.511151 -0.031939 20.222801 3.684311 2.31663 18.787283 5e-06 -2e-06 10.751635 -0.479868 1.397906 -1e-06 -0.0 2e-06 3.273808 0.305947 -0.580112 21.486824 11.830381 2.266133 8.16293 2e-06 -1e-06 18.399092 -3.798987 -4.940578 6e-06 0.0 -1e-06 3.073264 6.979421 0.379674 -0.005956 -0.067373 6.979886 -3.713909 2.045563 -3.917496 1.632414 -1.987873 0.845788 -0.0 -0.0 2e-06 -5.245092 -1.593286 -0.1323 0.013756 0.234233 6.352321 5.305571 8.237986 -3.243174 -1.428208 1.069737 0.759557 0.0 -0.0 -1e-06 
0.0 0.0 0.0 0.0 -0.0 0.0 -21.620277 100.491394 13.624989 0.412009 2.472522 -1.210894 0.15769 0.150072 -2.265975 -0.288627 0.028301 -6.081324 0.569383 -1.720817 15.361078 0.249275 2.40864 -3.160665 -0.350217 1.439674 -3.48603 -0.543842 0.842519 -12.755456 7.7e-05 -2.3e-05 6e-06 0.017861 0.009025 0.026489 0.70189 -3.734775 -10.407637 -0.670916 3.760984 -10.45512 -9.91679 -4.455521 14.766075 -63.099892 -16.698614 19.251966 -0.672738 -21.973774 0.118245 9.589696 -1.077522 -16.19911 -5.882113 9.861295 0.702592 -10.93688 -0.360573 7.156207 -1e-06 8.774833 1e-06 -15.587276 17.775244 6.033482 -1.844035 2.498506 -2.507278 -10.163608 4.67895 4.62111 -20.97604 -0.0 2e-06 -21.226303 2.451702 -3.594005 -0.0 -6e-06 -1e-06 -1.362683 2.2408 -0.746323 -21.334932 0.584913 3.008322 -13.821227 1e-06 1e-06 -23.887188 -0.249076 -0.839489 -59.380325 2.297097 -1.225602 -0.294025 1.679689 0.833256 -14.218221 0.093217 1.300579 -34.212082 -0.287562 0.967166 -20.03323 0.964538 1.21284 -0.0 -1e-06 -1e-06 -3.440392 0.788235 0.501656 -15.928198 -3.167309 2.999707 -6.338831 1e-06 -1e-06 -18.123463 3.648189 -4.905677 -3e-06 1e-06 -2e-06 10.824987 10.708585 14.755331 64.174278 12.334135 12.486779 0.276446 23.010265 0.126779 -2.108842 1.802633 -14.662068 2.243543 -5.255041 -3.180159 14.282896 -0.826597 6.952503 -0.0 -12.690615 0.0 16.344854 -17.757742 2.722815 1.665667 -1.955922 -2.878299 4.727801 -4.170591 4.993925 11.020531 1e-06 -2e-06 12.109058 -3.735719 -2.866787 0.0 -0.0 1e-06 1.291986 -1.92855 -1.49809 14.800136 0.567467 3.865608 14.242579 -1.34174 -6.660665 19.631975 0.143925 -0.648248 50.218029 -0.658562 -6.054586 0.353029 -1.51115 -0.03194 20.222801 3.684311 2.316629 18.787283 3e-06 -3e-06 10.751633 -0.479869 1.397904 -1e-06 -1e-06 1e-06 3.273808 0.305946 -0.580111 21.48682 11.830381 2.266132 8.162931 1e-06 -1e-06 18.399096 -3.798988 -4.940582 7e-06 1e-06 -1e-06 3.058724 7.005632 0.368735 -0.008015 -0.071414 7.003911 -3.70961 2.027233 -3.879513 1.634168 -1.975416 0.84908 -0.0 -0.0 2e-06 -5.254395 -1.591382 -0.163918 0.013107 0.231327 6.423682 5.250409 8.239286 -3.253715 -1.428807 1.062329 0.769943 0.0 -0.0 -1e-06 
0.0 0.0 0.0 0.0 -0.0 0.0 -21.613495 100.499573 13.633391 0.426889 2.474684 -1.213615 0.152471 0.14644 -2.237055 -0.289431 0.03034 -6.076014 0.575253 -1.717102 15.381188 0.313634 2.397096 -3.240776 -0.360019 1.48254 -3.486058 -0.601945 0.919436 -12.91514 7.7e-05 -2.2e-05 6e-06 0.020349 0.012249 0.027709 0.70556 -3.731954 -10.408896 -0.6696 3.764131 -10.456695 -9.854425 -4.446503 14.790309 -63.200779 -16.696028 19.385853 -0.631528 -22.011339 0.097554 9.469646 -1.140323 -15.985121 -5.88211 9.861295 0.702591 -10.936878 -0.360575 7.156211 -1e-06 8.774833 -1e-06 -15.581212 17.764385 6.048299 -1.844033 2.498508 -2.507279 -10.163605 4.678949 4.621111 -20.976036 -1e-06 1e-06 -21.226303 2.451701 -3.594004 -0.0 -6e-06 -1e-06 -1.362682 2.2408 -0.746323 -21.334929 0.584912 3.008327 -13.821223 -0.0 3e-06 -23.887186 -0.249077 -0.839483 -59.428986 2.31231 -1.184428 -0.294026 1.679689 0.833257 -14.218219 0.093215 1.300582 -34.212074 -0.287563 0.967169 -20.033228 0.964539 1.212843 -0.0 -0.0 -1e-06 -3.44039 0.788234 0.501656 -15.928196 -3.167312 2.99971 -6.33883 -0.0 1e-06 -18.123459 3.648188 -4.905675 -3e-06 1e-06 -2e-06 10.828269 10.770933 14.824817 64.190201 12.378101 12.452123 0.246513 23.009762 0.129805 -2.056922 1.834049 -14.758191 2.243544 -5.25504 -3.18016 14.282905 -0.826596 6.952507 -1e-06 -12.690613 -1e-06 16.351194 -17.754362 2.724452 1.665668 -1.955922 -2.878302 4.727803 -4.170592 4.993927 11.020536 2e-06 -1e-06 12.10906 -3.73572 -2.866785 0.0 0.0 0.0 1.291987 -1.928551 -1.49809 14.800142 0.567466 3.865609 14.242586 -1.341738 -6.660663 19.631987 0.143924 -0.648247 50.206974 -0.650206 -6.061314 0.353029 -1.511153 -0.03194 20.222811 3.68431 2.316631 18.787296 5e-06 0.0 10.751641 -0.479868 1.397907 -1e-06 -0.0 1e-06 3.27381 0.305948 -0.58011 21.486834 11.830382 2.266133 8.162935 1e-06 -2e-06 18.399103 -3.798987 -4.94058 6e-06 0.0 -1e-06 3.044426 7.047291 0.376614 -0.010689 -0.078031 7.001619 -3.708871 1.998334 -3.832353 1.634663 -1.964245 0.85071 0.0 -0.0 2e-06 -5.264466 -1.622742 -0.191111 0.012094 0.23443 6.477549 5.217902 8.274638 -3.243406 -1.43052 1.051984 0.773575 -0.0 -0.0 -1e-06 
0.0 0.0 0.0 0.0 -0.0 0.0 -21.603926 100.51519 13.624477 0.437592 2.472182 -1.225073 0.149179 0.145116 -2.202352 -0.295892 0.021368 -6.064866 0.583405 -1.697717 15.394118 0.375386 2.38126 -3.319567 -0.361906 1.539516 -3.484817 -0.65431 0.980394 -13.07327 7.7e-05 -2.3e-05 6e-06 0.022214 0.016023 0.028888 0.706133 -3.7289 -10.409438 -0.666391 3.768206 -10.456312 -9.791109 -4.454011 14.831083 -63.280418 -16.685614 19.45841 -0.58593 -22.06599 0.076354 9.367432 -1.177074 -15.758604 -5.88211 9.861291 0.702591 -10.936877 -0.360575 7.156208 0.0 8.774831 -0.0 -15.593654 17.772316 6.048311 -1.844033 2.498506 -2.507278 -10.163604 4.678947 4.621109 -20.976034 -3e-06 1e-06 -21.226299 2.451697 -3.594002 -0.0 -6e-06 -1e-06 -1.362682 2.240798 -0.746323 -21.334921 0.584911 3.008323 -13.82122 -1e-06 1e-06 -23.887178 -0.249079 -0.839483 -59.467438 2.322972 -1.158772 -0.294024 1.679689 0.833256 -14.218214 0.093214 1.300579 -34.212059 -0.287565 0.96717 -20.03322 0.964537 1.212843 -0.0 0.0 -1e-06 -3.44039 0.788233 0.501656 -15.928192 -3.167312 2.999705 -6.338828 -0.0 -0.0 -18.123453 3.648185 -4.905674 -3e-06 1e-06 -2e-06 10.823695 10.827335 14.885222 64.220802 12.433311 12.351939 0.243943 23.014702 0.133704 -1.9661 1.869105 -14.741876 2.243542 -5.255039 -3.180159 14.282896 -0.826593 6.952503 -3e-06 -12.69061 0.0 16.353985 -17.747339 2.723114 1.665667 -1.955923 -2.878299 4.727799 -4.170588 4.993925 11.020528 4e-06 -2e-06 12.109056 -3.735717 -2.866786 0.0 -0.0 -1e-06 1.291986 -1.928551 -1.49809 14.800132 0.56747 3.865607 14.242577 -1.341735 -6.660661 19.631973 0.143929 -0.648246 50.19017 -0.651217 -6.070584 0.353029 -1.511151 -0.031939 20.222799 3.684313 2.31663 18.787279 8e-06 -2e-06 10.751629 -0.479868 1.397905 -1e-06 -0.0 2e-06 3.273808 0.305949 -0.580111 21.48682 11.830383 2.266132 8.16293 3e-06 -1e-06 18.399088 -3.798984 -4.940578 6e-06 0.0 -1e-06 3.034432 7.096054 0.373999 -0.014807 -0.085016 7.024135 -3.716148 1.981092 -3.757019 1.635265 -1.959101 0.882911 -0.0 -0.0 2e-06 -5.269402 -1.664788 -0.217151 0.00962 0.240583 6.550898 5.200553 8.312601 -3.198559 -1.43197 1.041308 0.78238 -0.0 -0.0 -1e-06 
0.0 0.0 0.0 0.0 -0.0 0.0 -21.602032 100.533104 13.581504 0.450514 2.456522 -1.23193 0.14673 0.149385 -2.174084 -0.304339 0.011094 -6.053217 0.588525 -1.670719 15.425467 0.41145 2.383637 -3.415193 -0.366063 1.573737 -3.482176 -0.707508 1.005598 -13.265809 7.7e-05 -2.3e-05 6e-06 0.022287 0.014419 0.030815 0.704249 -3.730727 -10.411628 -0.664383 3.766351 -10.458126 -9.751348 -4.471364 14.868888 -63.295834 -16.674818 19.512289 -0.55409 -22.153259 0.059285 9.322926 -1.191467 -15.5988 -5.882108 9.861285 0.70259 -10.936873 -0.360575 7.156206 1e-06 8.774826 0.0 -15.601599 17.789429 6.043665 -1.844033 2.498504 -2.507279 -10.163603 4.678945 4.621109 -20.976028 -4e-06 2e-06 -21.22629 2.451696 -3.594 -0.0 -6e-06 -1e-06 -1.362682 2.240798 -0.746324 -21.334917 0.584908 3.008321 -13.821217 -1e-06 2e-06 -23.887175 -0.249079 -0.839483 -59.480286 2.342381 -1.173001 -0.294025 1.679686 0.833256 -14.218212 0.093214 1.30058 -34.212055 -0.287566 0.967169 -20.033215 0.964536 1.212843 -0.0 -0.0 -1e-06 -3.44039 0.788233 0.501655 -15.928189 -3.16731 2.999706 -6.338828 -0.0 1e-06 -18.123447 3.648183 -4.905674 -3e-06 1e-06 -1e-06 10.821171 10.867798 14.945786 64.223419 12.501957 12.244913 0.259905 23.071474 0.136232 -1.85944 1.911073 -14.746887 2.243541 -5.255036 -3.180158 14.282892 -0.826593 6.952501 -2e-06 -12.690604 -1e-06 16.34967 -17.739325 2.719491 1.665666 -1.955922 -2.878298 4.727799 -4.170586 4.993923 11.020524 4e-06 -2e-06 12.109052 -3.735715 -2.866782 0.0 0.0 1e-06 1.291985 -1.928549 -1.498088 14.800127 0.567469 3.865606 14.24257 -1.341737 -6.660655 19.631968 0.143926 -0.648243 50.173561 -0.653731 -6.083409 0.353029 -1.511148 -0.03194 20.222788 3.684309 2.316631 18.78727 6e-06 2e-06 10.751629 -0.479868 1.397906 -1e-06 -1e-06 1e-06 3.273806 0.305948 -0.58011 21.486813 11.830377 2.266134 8.162928 3e-06 0.0 18.399078 -3.798985 -4.940573 5e-06 1e-06 -1e-06 3.023038 7.134781 0.329372 -0.019254 -0.088524 7.086345 -3.737495 1.964233 -3.671137 1.635416 -1.957346 0.929725 0.0 0.0 2e-06 -5.271342 -1.679596 -0.266537 0.00662 0.242121 6.657184 5.197503 8.31642 -3.152996 -1.433773 1.039414 0.789421 -0.0 -1e-06 -1e-06 
0.0 0.0 0.0 0.0 -0.0 0.0 -21.608908 100.542915 13.52467 0.468062 2.438124 -1.250452 0.147177 0.154299 -2.152006 -0.312726 0.002572 -6.03983 0.584702 -1.631597 15.478281 0.42325 2.405705 -3.501456 -0.381173 1.546944 -3.482994 -0.731958 0.995286 -13.469564 7.7e-05 -2.3e-05 6e-06 0.02087 0.008366 0.032297 0.701431 -3.736596 -10.414859 -0.664456 3.759883 -10.459875 -9.737225 -4.503736 14.909746 -63.249664 -16.661987 19.526207 -0.54706 -22.247513 0.054339 9.317363 -1.208266 -15.530015 -5.882107 9.861287 0.70259 -10.93687 -0.360573 7.156204 -0.0 8.774825 0.0 -15.623055 17.801571 6.026986 -1.844033 2.498505 -2.507277 -10.163598 4.678947 4.621109 -20.976021 -1e-06 3e-06 -21.226286 2.451699 -3.594002 -0.0 -6e-06 -1e-06 -1.362681 2.240797 -0.746322 -21.334913 0.584912 3.008323 -13.821213 1e-06 2e-06 -23.887167 -0.249076 -0.839485 -59.470158 2.359956 -1.221758 -0.294026 1.679687 0.833256 -14.218207 0.093217 1.300579 -34.212048 -0.287561 0.967167 -20.033211 0.964538 1.212841 -0.0 0.0 -0.0 -3.440387 0.788233 0.501656 -15.928183 -3.167309 2.999707 -6.338825 -0.0 2e-06 -18.123444 3.648185 -4.905669 -3e-06 2e-06 -2e-06 10.815909 10.903347 14.99477 64.216507 12.567052 12.170448 0.276719 23.155832 0.133733 -1.772267 1.936908 -14.764563 2.243542 -5.255039 -3.180159 14.282896 -0.826595 6.952503 -2e-06 -12.690608 -0.0 16.330015 -17.721817 2.708518 1.665666 -1.955922 -2.878299 4.7278 -4.170588 4.993925 11.020529 3e-06 -1e-06 12.109055 -3.735717 -2.866785 0.0 -0.0 0.0 1.291986 -1.92855 -1.498089 14.800132 0.567468 3.865608 14.242576 -1.341738 -6.66066 19.631973 0.143926 -0.648245 50.13644 -0.650073 -6.097508 0.353029 -1.511151 -0.031939 20.222797 3.68431 2.316631 18.787273 3e-06 -0.0 10.751631 -0.479868 1.397905 -1e-06 -1e-06 1e-06 3.273808 0.305947 -0.58011 21.48682 11.830377 2.266136 8.162931 0.0 -1e-06 18.399088 -3.798987 -4.940577 6e-06 0.0 -1e-06 3.009007 7.146016 0.283951 -0.020465 -0.083382 7.159036 -3.75137 1.940381 -3.612278 1.636085 -1.963871 0.965884 -0.0 0.0 2e-06 -5.313286 -1.66201 -0.371321 0.002585 0.243922 6.786398 5.222757 8.282166 -3.104121 -1.435987 1.040348 0.777956 -0.0 -0.0 -1e-06 
0.0 0.0 0.0 0.0 -0.0 0.0 -21.6245 100.548553 13.475696 0.481742 2.407243 -1.281159 0.155034 0.162121 -2.132204 -0.314444 0.020124 -6.029822 0.565918 -1.602111 15.567108 0.412956 2.441159 -3.606973 -0.399825 1.490312 -3.487257 -0.741567 0.97384 -13.715825 7.7e-05 -2.3e-05 6e-06 0.018929 0.00032 0.034129 0.69868 -3.743657 -10.420609 -0.665727 3.751021 -10.463535 -9.766016 -4.521004 14.943175 -63.155548 -16.65225 19.483738 -0.548084 -22.320272 0.057437 9.342738 -1.203043 -15.580112 -5.882108 9.861287 0.702591 -10.936873 -0.360573 7.156208 -0.0 8.774826 -1e-06 -15.658827 17.810276 6.009283 -1.844034 2.498505 -2.507278 -10.163602 4.678947 4.62111 -20.97603 -2e-06 3e-06 -21.226292 2.451699 -3.594002 -1e-06 -6e-06 -1e-06 -1.362682 2.240798 -0.746323 -21.334917 0.584912 3.008322 -13.821217 -0.0 2e-06 -23.887175 -0.249078 -0.839484 -59.481686 2.379066 -1.272047 -0.294026 1.679687 0.833257 -14.218212 0.093215 1.300582 -34.212051 -0.287563 0.96717 -20.033216 0.964537 1.212842 -0.0 -0.0 -1e-06 -3.440389 0.788233 0.501656 -15.928189 -3.167309 2.999708 -6.338829 0.0 1e-06 -18.123451 3.648185 -4.905671 -3e-06 1e-06 -3e-06 10.818946 10.958222 15.069923 64.173683 12.650269 12.09135 0.303341 23.276625 0.130738 -1.718782 1.955252 -14.788856 2.243542 -5.255037 -3.180156 14.28289 -0.826595 6.952504 -2e-06 -12.690603 1e-06 16.298643 -17.696005 2.69897 1.665666 -1.95592 -2.878298 4.727799 -4.170588 4.993925 11.020528 3e-06 -1e-06 12.109053 -3.735717 -2.866785 0.0 -0.0 0.0 1.291985 -1.928549 -1.49809 14.800129 0.567467 3.865609 14.242571 -1.341737 -6.660657 19.631968 0.143924 -0.648245 50.093868 -0.642622 -6.09179 0.353029 -1.511152 -0.031939 20.222794 3.684308 2.316633 18.787273 4e-06 1e-06 10.751631 -0.479869 1.397907 -1e-06 -1e-06 1e-06 3.273807 0.305947 -0.580111 21.486814 11.830376 2.266135 8.162928 1e-06 -0.0 18.399082 -3.798988 -4.940575 5e-06 0.0 -1e-06 3.007852 7.168385 0.251624 -0.019954 -0.074755 7.24324 -3.772059 1.906527 -3.573086 1.636694 -1.973544 0.97297 0.0 -1e-06 2e-06 -5.309885 -1.583614 -0.429911 -1.9e-05 0.240853 6.904693 5.20371 8.190849 -3.105984 -1.436978 1.045108 0.737975 -0.0 -0.0 -1e-06 
0.0 0.0 0.0 0.0 -0.0 0.0 -21.643761 100.543739 13.442985 0.488716 2.355014 -1.314888 0.16898 0.178889 -2.122983 -0.309978 0.062669 -6.028564 0.533673 -1.576919 15.693138 0.387212 2.455062 -3.738174 -0.406958 1.445199 -3.482065 -0.753566 0.954046 -13.945779 7.7e-05 -2.2e-05 5e-06 0.01752 -0.004065 0.036068 0.69764 -3.746345 -10.423402 -0.667737 3.745272 -10.46555 -9.834559 -4.507802 14.963528 -63.037319 -16.666286 19.396931 -0.563829 -22.315401 0.062577 9.371776 -1.180067 -15.672791 -5.882109 9.861291 0.702591 -10.936875 -0.360575 7.156209 -1e-06 8.774831 -0.0 -15.682067 17.804483 6.002971 -1.844033 2.498506 -2.507278 -10.163604 4.678949 4.62111 -20.976032 -2e-06 1e-06 -21.226297 2.4517 -3.594003 -0.0 -6e-06 -1e-06 -1.362682 2.240799 -0.746324 -21.334925 0.584911 3.008324 -13.821221 -1e-06 2e-06 -23.887182 -0.249078 -0.839486 -59.503674 2.382473 -1.294242 -0.294025 1.679688 0.833257 -14.218214 0.093217 1.300581 -34.212059 -0.287562 0.967168 -20.033218 0.964538 1.212842 -0.0 0.0 -1e-06 -3.44039 0.788234 0.501656 -15.928192 -3.16731 2.999709 -6.338829 1e-06 -0.0 -18.123453 3.648185 -4.905673 -3e-06 1e-06 -2e-06 10.836712 11.028328 15.158097 64.088333 12.763825 12.041231 0.318213 23.362095 0.115306 -1.630982 2.002417 -14.807668 2.243543 -5.255037 -3.180159 14.282896 -0.826596 6.952506 -1e-06 -12.690608 -0.0 16.273506 -17.679873 2.694577 1.665667 -1.955922 -2.878301 4.727801 -4.170588 4.993925 11.020531 1e-06 -2e-06 12.109058 -3.735718 -2.866786 -1e-06 -0.0 1e-06 1.291986 -1.92855 -1.49809 14.800136 0.567468 3.865608 14.242577 -1.341738 -6.660662 19.631975 0.143925 -0.648248 50.069832 -0.632536 -6.072629 0.353029 -1.511152 -0.031939 20.222801 3.684309 2.31663 18.787283 3e-06 -1e-06 10.751633 -0.479869 1.397905 -1e-06 -1e-06 1e-06 3.273808 0.305945 -0.580111 21.486824 11.830377 2.266134 8.16293 1e-06 -1e-06 18.399092 -3.798987 -4.940578 5e-06 0.0 -1e-06 3.018754 7.202069 0.238698 -0.016602 -0.065552 7.319152 -3.806386 1.868254 -3.58558 1.634612 -1.983531 0.953795 0.0 -0.0 2e-06 -5.294791 -1.482088 -0.460551 -0.000267 0.241314 6.980381 5.168072 8.081322 -3.147038 -1.436557 1.050232 0.680398 -0.0 -0.0 -1e-06 
0.0 0.0 0.0 0.0 -0.0 0.0 -21.669943 100.53009 13.41246 0.485497 2.304806 -1.347893 0.186992 0.199531 -2.119503 -0.301656 0.11055 -6.029587 0.493593 -1.548566 15.82007 0.356326 2.44479 -3.865866 -0.403857 1.427934 -3.478834 -0.777729 0.936182 -14.094383 7.7e-05 -2.3e-05 5e-06 0.016603 -0.005133 0.036879 0.698058 -3.745738 -10.422979 -0.670061 3.743308 -10.467242 -9.902093 -4.471165 15.000315 -62.951237 -16.70402 19.236877 -0.579343 -22.216461 0.069878 9.414612 -1.153893 -15.788362 -5.882112 9.86129 0.70259 -10.93688 -0.360574 7.156209 0.0 8.77483 1e-06 -15.692252 17.793224 6.005083 -1.844033 2.498506 -2.507279 -10.163608 4.678948 4.621111 -20.97604 -3e-06 2e-06 -21.226303 2.451697 -3.594004 -0.0 -6e-06 0.0 -1.362684 2.2408 -0.746324 -21.334929 0.584911 3.008322 -13.821224 -2e-06 0.0 -23.887188 -0.24908 -0.839486 -59.524014 2.368418 -1.282856 -0.294025 1.679688 0.833257 -14.218221 0.093216 1.300579 -34.212074 -0.287567 0.967169 -20.033228 0.964536 1.212841 -0.0 -0.0 -1e-06 -3.440391 0.788234 0.501656 -15.928196 -3.16731 2.999707 -6.338831 -1e-06 1e-06 -18.123459 3.648183 -4.905674 -3e-06 1e-06 -1e-06 10.843369 11.08811 15.235021 64.008896 12.911361 12.022663 0.319284 23.356318 0.093054 -1.491175 2.040919 -14.812602 2.243542 -5.255037 -3.180157 14.282895 -0.826595 6.952504 -2e-06 -12.690607 -1e-06 16.254734 -17.675686 2.699831 1.665666 -1.95592 -2.878299 4.7278 -4.170586 4.993925 11.020528 3e-06 -1e-06 12.109052 -3.735716 -2.866784 -1e-06 -0.0 -1e-06 1.291986 -1.928548 -1.49809 14.800131 0.567469 3.865608 14.242576 -1.341737 -6.660658 19.631971 0.143926 -0.648244 50.077522 -0.621911 -6.044761 0.353029 -1.511151 -0.03194 20.222797 3.68431 2.316631 18.787273 5e-06 1e-06 10.751631 -0.479868 1.397906 -1e-06 -1e-06 1e-06 3.273808 0.305947 -0.580109 21.486818 11.830373 2.266132 8.162929 1e-06 -1e-06 18.399088 -3.798985 -4.940576 5e-06 0.0 -1e-06 3.045293 7.216867 0.223643 -0.015115 -0.057554 7.398928 -3.848986 1.825401 -3.644168 1.629376 -1.992932 0.925998 -0.0 -1e-06 2e-06 -5.268163 -1.415396 -0.479525 0.002648 0.243112 7.033311 5.151336 8.013313 -3.211423 -1.433174 1.060748 0.624019 -0.0 -0.0 -1e-06 
0.0 0.0 0.0 0.0 -0.0 0.0 -21.724401 100.511589 13.381688 0.481177 2.279906 -1.369976 0.2078 0.215784 -2.11869 -0.29404 0.148839 -6.028542 0.446043 -1.525671 15.918184 0.318208 2.439451 -3.972905 -0.400264 1.427491 -3.480901 -0.794421 0.924072 -14.172995 7.7e-05 -2.3e-05 6e-06 0.016477 -0.004838 0.036653 0.698921 -3.744992 -10.420164 -0.671196 3.743776 -10.468185 -9.938558 -4.435535 15.039324 -62.925747 -16.722698 19.091188 -0.559572 -22.047474 0.069959 9.403027 -1.130978 -15.904256 -5.882108 9.861286 0.70259 -10.936873 -0.360574 7.156208 0.0 8.774827 -1e-06 -15.716754 17.779129 5.994133 -1.844033 2.498504 -2.507279 -10.163601 4.678944 4.621109 -20.976027 -3e-06 3e-06 -21.226286 2.451697 -3.594 -0.0 -6e-06 -1e-06 -1.362681 2.240797 -0.746324 -21.334913 0.584909 3.008324 -13.821213 -1e-06 2e-06 -23.887169 -0.249079 -0.839482 -59.534149 2.342071 -1.274106 -0.294026 1.679687 0.833255 -14.21821 0.093216 1.300581 -34.212051 -0.287562 0.967173 -20.033218 0.964538 1.212843 -0.0 1e-06 -0.0 -3.440389 0.788233 0.501656 -15.928185 -3.167309 2.999709 -6.338828 1e-06 2e-06 -18.123447 3.648183 -4.905672 -3e-06 1e-06 -1e-06 10.822106 11.131326 15.295309 63.957867 13.075182 11.962034 0.339199 23.296576 0.081395 -1.373038 2.051645 -14.810227 2.243543 -5.255037 -3.180158 14.282895 -0.826596 6.952503 -1e-06 -12.690607 1e-06 16.253212 -17.680706 2.704682 1.665667 -1.955922 -2.878299 4.727799 -4.170588 4.993924 11.020528 2e-06 -2e-06 12.109056 -3.735717 -2.866785 -1e-06 -0.0 0.0 1.291986 -1.928549 -1.498089 14.800129 0.567466 3.865607 14.242575 -1.341737 -6.660659 19.631973 0.143925 -0.648247 50.108849 -0.620972 -6.031677 0.353029 -1.51115 -0.03194 20.222794 3.684307 2.316627 18.787275 5e-06 -3e-06 10.75163 -0.479868 1.397905 -2e-06 -1e-06 1e-06 3.273808 0.305947 -0.580111 21.486816 11.830376 2.266129 8.16293 2e-06 -2e-06 18.399086 -3.798988 -4.940578 5e-06 1e-06 -1e-06 3.087993 7.205059 0.184433 -0.015346 -0.052005 7.49229 -3.88944 1.771126 -3.719599 1.624786 -1.996872 0.888007 0.0 -0.0 2e-06 -5.230672 -1.421578 -0.518231 0.008753 0.245653 7.110404 5.16312 7.992349 -3.30128 -1.427774 1.071687 0.561265 -0.0 -0.0 -1e-06 
0.0 0.0 0.0 0.0 -0.0 0.0 -21.809322 100.493874 13.351409 0.471146 2.286626 -1.383596 0.236748 0.222611 -2.114078 -0.28833 0.177024 -6.027194 0.397856 -1.503844 15.983404 0.284913 2.450553 -4.052371 -0.403368 1.444044 -3.487504 -0.798648 0.908149 -14.229021 7.7e-05 -2.3e-05 6e-06 0.016663 -0.004591 0.035473 0.699552 -3.745139 -10.418212 -0.671421 3.744721 -10.468449 -9.956314 -4.41136 15.074101 -62.927311 -16.709343 18.985264 -0.504354 -21.882612 0.060411 9.336637 -1.118118 -15.950654 -5.882109 9.861293 0.702592 -10.936875 -0.360574 7.156208 -1e-06 8.774831 -1e-06 -15.751927 17.777052 5.980003 -1.844032 2.498505 -2.507279 -10.163604 4.678949 4.62111 -20.97603 -1e-06 2e-06 -21.226295 2.451701 -3.594002 -0.0 -6e-06 0.0 -1.362683 2.240799 -0.746324 -21.334923 0.584911 3.008324 -13.82122 -0.0 1e-06 -23.887182 -0.249078 -0.839485 -59.548546 2.317166 -1.275171 -0.294025 1.679688 0.833257 -14.218214 0.093216 1.300582 -34.212059 -0.287561 0.967168 -20.033222 0.964539 1.212842 -0.0 -0.0 -1e-06 -3.44039 0.788234 0.501655 -15.928192 -3.16731 2.999709 -6.338829 0.0 1e-06 -18.123455 3.648187 -4.905674 -3e-06 1e-06 -1e-06 10.777402 11.173133 15.374555 63.935516 13.25141 11.85874 0.335688 23.227184 0.072859 -1.297586 2.05102 -14.818553 2.243541 -5.255038 -3.180156 14.282887 -0.826595 6.952498 -1e-06 -12.690605 -2e-06 16.266344 -17.693501 2.707904 1.665665 -1.955921 -2.878298 4.727797 -4.170587 4.993921 11.020522 2e-06 -2e-06 12.109049 -3.735716 -2.866785 0.0 0.0 0.0 1.291985 -1.92855 -1.498089 14.800123 0.567468 3.865605 14.242568 -1.341739 -6.660657 19.631962 0.143926 -0.648245 50.143589 -0.632167 -6.035866 0.353029 -1.511152 -0.031939 20.222786 3.684311 2.316627 18.78727 5e-06 -2e-06 10.751625 -0.479868 1.397905 -1e-06 -1e-06 1e-06 3.273806 0.305947 -0.580111 21.486809 11.830377 2.266133 8.162926 2e-06 -1e-06 18.399076 -3.798986 -4.940578 5e-06 1e-06 -1e-06 3.153643 7.176171 0.119382 -0.014329 -0.045894 7.606036 -3.926612 1.723643 -3.789207 1.622539 -1.998711 0.857985 -0.0 -1e-06 2e-06 -5.167352 -1.442185 -0.55548 0.014648 0.245839 7.177056 5.167486 7.962024 -3.393834 -1.421821 1.076767 0.517262 0.0 -0.0 -1e-06 
0.0 0.0 0.0 0.0 -0.0 0.0 -21.920944 100.485138 13.329803 0.457735 2.332352 -1.397418 0.271185 0.220853 -2.094161 -0.279328 0.194829 -6.028851 0.351988 -1.47647 16.025307 0.236236 2.47492 -4.12481 -0.415928 1.46592 -3.49485 -0.784909 0.885162 -14.278863 7.7e-05 -2.3e-05 6e-06 0.016675 -0.003512 0.033615 0.701097 -3.744651 -10.42333 -0.672911 3.746492 -10.473243 -9.965408 -4.397349 15.116388 -62.908138 -16.678867 18.924589 -0.427279 -21.758957 0.039703 9.236628 -1.116807 -15.978123 -5.882107 9.861288 0.702591 -10.936875 -0.360575 7.156209 1e-06 8.774828 1e-06 -15.771348 17.778036 5.979815 -1.844034 2.498504 -2.507279 -10.163604 4.678946 4.621111 -20.976034 -5e-06 3e-06 -21.226295 2.451696 -3.594001 -0.0 -7e-06 -1e-06 -1.362682 2.240797 -0.746325 -21.334921 0.584909 3.008324 -13.821218 -2e-06 2e-06 -23.887178 -0.24908 -0.839483 -59.566082 2.291917 -1.26353 -0.294024 1.679687 0.833257 -14.218214 0.093213 1.300582 -34.212059 -0.287565 0.967171 -20.033218 0.964536 1.212844 -0.0 -1e-06 -1e-06 -3.440389 0.788232 0.501656 -15.928191 -3.16731 2.999708 -6.338828 -1e-06 1e-06 -18.123453 3.648181 -4.905671 -3e-06 1e-06 -1e-06 10.70765 11.222566 15.475222 63.95372 13.408308 11.647608 0.311659 23.172419 0.071856 -1.274628 2.053071 -14.884581 2.243543 -5.255038 -3.180159 14.282897 -0.826596 6.952504 -3e-06 -12.690609 1e-06 16.284733 -17.703722 2.708064 1.665668 -1.955923 -2.878302 4.727801 -4.170589 4.993925 11.020534 3e-06 -3e-06 12.109059 -3.735716 -2.866786 -1e-06 -0.0 -1e-06 1.291987 -1.928551 -1.49809 14.800136 0.56747 3.865608 14.242581 -1.341734 -6.660661 19.631981 0.143928 -0.648247 50.162704 -0.650515 -6.048402 0.353029 -1.511152 -0.03194 20.222803 3.68431 2.316629 18.787281 6e-06 -3e-06 10.751634 -0.479868 1.397905 -1e-06 -1e-06 2e-06 3.273809 0.305947 -0.58011 21.486828 11.830379 2.266131 8.162931 1e-06 -2e-06 18.399092 -3.798985 -4.940581 6e-06 0.0 -1e-06 3.241914 7.142597 0.049281 -0.013188 -0.037571 7.726089 -3.979967 1.674725 -3.812457 1.623304 -1.996446 0.831671 -0.0 -0.0 2e-06 -5.078746 -1.453702 -0.564093 0.018036 0.242137 7.209565 5.157494 7.906823 -3.454344 -1.416775 1.078109 0.486073 0.0 -0.0 -1e-06 
0.0 0.0 0.0 0.0 -0.0 0.0 -22.054316 100.487427 13.323736 0.434385 2.401318 -1.412639 0.313907 0.215475 -2.055486 -0.268964 0.212137 -6.026599 0.311136 -1.458873 16.032473 0.166493 2.498705 -4.191315 -0.422531 1.481575 -3.492174 -0.764196 0.868995 -14.32132 7.7e-05 -2.2e-05 6e-06 0.015769 -0.005709 0.030688 0.699919 -3.747556 -10.429834 -0.67357 3.745053 -10.478333 -9.950193 -4.402344 15.15886 -62.870449 -16.613285 18.856026 -0.351897 -21.703869 0.015603 9.107194 -1.129757 -15.998097 -5.882112 9.861296 0.702592 -10.936878 -0.360573 7.156209 -2e-06 8.774835 -2e-06 -15.757323 17.778826 5.981438 -1.844034 2.498506 -2.507279 -10.163607 4.678951 4.621111 -20.976038 1e-06 2e-06 -21.226301 2.451703 -3.594005 -0.0 -7e-06 0.0 -1.362682 2.2408 -0.746324 -21.334929 0.584913 3.008325 -13.821223 0.0 2e-06 -23.887184 -0.249075 -0.839486 -59.568348 2.279399 -1.253907 -0.294026 1.679689 0.833256 -14.218218 0.093217 1.300581 -34.21207 -0.28756 0.967168 -20.033226 0.96454 1.212841 -0.0 -0.0 -0.0 -3.44039 0.788235 0.501656 -15.928196 -3.16731 2.999708 -6.33883 1e-06 1e-06 -18.123459 3.648189 -4.905675 -3e-06 1e-06 -2e-06 10.615462 11.272265 15.576434 63.998047 13.529371 11.351432 0.27438 23.132557 0.07002 -1.256934 2.06871 -14.978149 2.243543 -5.255043 -3.18016 14.2829 -0.826595 6.952506 -1e-06 -12.690617 -3e-06 16.299911 -17.711857 2.696373 1.665667 -1.955925 -2.8783 4.727801 -4.17059 4.993926 11.020533 2e-06 -3e-06 12.109059 -3.735719 -2.866787 -1e-06 -0.0 0.0 1.291986 -1.928553 -1.49809 14.800136 0.56747 3.865608 14.242581 -1.341738 -6.660663 19.631975 0.143927 -0.648245 50.17128 -0.663335 -6.076448 0.353029 -1.511152 -0.03194 20.222803 3.684313 2.316631 18.787283 6e-06 -1e-06 10.751633 -0.479869 1.397907 -1e-06 -0.0 1e-06 3.273809 0.305947 -0.580112 21.486824 11.830384 2.266134 8.162933 1e-06 -0.0 18.399088 -3.798988 -4.940578 5e-06 0.0 -1e-06 3.358401 7.114123 -0.008134 -0.013399 -0.038834 7.831952 -4.060248 1.615913 -3.785303 1.625168 -1.997689 0.815574 0.0 -0.0 2e-06 -4.960408 -1.44249 -0.536908 0.01934 0.237738 7.19909 5.12746 7.809428 -3.468621 -1.413419 1.077611 0.45796 -0.0 -0.0 -1e-06 
0.0 0.0 0.0 0.0 -0.0 0.0 -22.218794 100.490463 13.336349 0.40516 2.482083 -1.426645 0.361694 0.204294 -2.000447 -0.264646 0.230091 -6.0174 0.276934 -1.441189 16.009857 0.102493 2.507294 -4.26287 -0.41511 1.506062 -3.488868 -0.763885 0.84577 -14.352253 7.7e-05 -2.2e-05 6e-06 0.014575 -0.010223 0.027163 0.698127 -3.753756 -10.439939 -0.674214 3.742024 -10.484782 -9.885798 -4.445158 15.1964 -62.8419 -16.527353 18.834913 -0.291571 -21.684772 -0.009807 8.986094 -1.15049 -15.99159 -5.882106 9.861283 0.70259 -10.936873 -0.360574 7.156205 1e-06 8.774822 -0.0 -15.731181 17.781818 5.989577 -1.844032 2.498503 -2.507277 -10.1636 4.678944 4.621109 -20.976023 -3e-06 2e-06 -21.226286 2.451696 -3.594 -0.0 -7e-06 -1e-06 -1.362681 2.240798 -0.746323 -21.334917 0.58491 3.008322 -13.821216 -2e-06 1e-06 -23.887175 -0.249079 -0.839485 -59.568321 2.276655 -1.24767 -0.294024 1.679687 0.833256 -14.218209 0.093216 1.30058 -34.212051 -0.287564 0.967168 -20.033213 0.964536 1.212843 -0.0 -1e-06 -1e-06 -3.440389 0.788233 0.501655 -15.928187 -3.167308 2.999706 -6.338827 -0.0 1e-06 -18.123449 3.648183 -4.905672 -3e-06 1e-06 -0.0 10.513969 11.320566 15.663775 64.05571 13.611278 11.020952 0.245996 23.111973 0.067845 -1.283797 2.12067 -15.111066 2.243541 -5.255037 -3.180157 14.282887 -0.826594 6.952501 -2e-06 -12.690601 0.0 16.321379 -17.717501 2.681417 1.665666 -1.955921 -2.878299 4.727797 -4.170586 4.993923 11.020522 3e-06 -1e-06 12.10905 -3.735715 -2.866783 0.0 -0.0 0.0 1.291985 -1.928548 -1.498088 14.800125 0.567469 3.865607 14.242568 -1.341735 -6.660655 19.631962 0.143927 -0.648243 50.19593 -0.675905 -6.104381 0.353029 -1.511152 -0.03194 20.222786 3.684308 2.316628 18.78727 5e-06 -0.0 10.751624 -0.479868 1.397905 -1e-06 -1e-06 1e-06 3.273806 0.305947 -0.58011 21.486809 11.830376 2.266132 8.162926 1e-06 -0.0 18.39908 -3.798984 -4.940573 5e-06 0.0 -0.0 3.501321 7.080765 0.028856 -0.017135 -0.04564 7.900055 -4.169264 1.542443 -3.777348 1.628243 -1.993788 0.787578 0.0 -0.0 2e-06 -4.812788 -1.42105 -0.477693 0.018421 0.235305 7.146982 5.05843 7.67857 -3.488019 -1.411411 1.074441 0.436918 0.0 -0.0 -1e-06 
0.0 0.0 0.0 0.0 -0.0 0.0 -22.403721 100.494682 13.346601 0.367365 2.580128 -1.429837 0.417596 0.192942 -1.933683 -0.268992 0.244676 -6.002479 0.255168 -1.421285 15.967263 0.051077 2.516925 -4.353531 -0.406848 1.508741 -3.485921 -0.784917 0.822389 -14.379799 7.7e-05 -2.3e-05 5e-06 0.01465 -0.011339 0.024402 0.698032 -3.756027 -10.448515 -0.674011 3.741559 -10.489523 -9.774436 -4.513386 15.214975 -62.8148 -16.425121 18.885521 -0.26061 -21.714115 -0.032071 8.882453 -1.162525 -15.920901 -5.882105 9.861286 0.702591 -10.936873 -0.360576 7.15621 1e-06 8.774824 1e-06 -15.705498 17.786346 6.004399 -1.844033 2.498505 -2.507279 -10.163601 4.678946 4.62111 -20.976027 -4e-06 3e-06 -21.22629 2.451696 -3.594001 -0.0 -7e-06 -1e-06 -1.362682 2.240798 -0.746324 -21.334917 0.584908 3.008325 -13.821215 -2e-06 3e-06 -23.887171 -0.249079 -0.839482 -59.55904 2.280151 -1.244925 -0.294025 1.679687 0.833257 -14.21821 0.093213 1.300581 -34.212048 -0.287564 0.967171 -20.033215 0.964539 1.212845 -0.0 -1e-06 -1e-06 -3.440389 0.788233 0.501656 -15.928189 -3.167309 2.999709 -6.338827 -2e-06 1e-06 -18.123446 3.648182 -4.905671 -3e-06 1e-06 -1e-06 10.414309 11.367335 15.742492 64.099083 13.647961 10.760091 0.21829 23.153711 0.060834 -1.350004 2.175496 -15.256032 2.243542 -5.255039 -3.180158 14.282896 -0.826595 6.952507 -2e-06 -12.690609 1e-06 16.352362 -17.724701 2.662081 1.665667 -1.955922 -2.878301 4.727801 -4.170591 4.993926 11.02053 3e-06 -1e-06 12.109058 -3.735717 -2.866786 0.0 -0.0 0.0 1.291985 -1.928549 -1.498091 14.800134 0.567468 3.865611 14.242578 -1.341736 -6.66066 19.631973 0.143926 -0.648245 50.236744 -0.675372 -6.12412 0.353029 -1.511151 -0.03194 20.222801 3.684309 2.316632 18.787283 4e-06 1e-06 10.751631 -0.47987 1.397907 1e-06 -1e-06 0.0 3.273808 0.305947 -0.580111 21.486824 11.830378 2.266134 8.16293 2e-06 0.0 18.399088 -3.798987 -4.940576 6e-06 1e-06 -1e-06 3.658251 7.068672 -0.037024 -0.020268 -0.050658 7.967196 -4.309884 1.447823 -3.727342 1.632331 -1.984473 0.714327 -0.0 -0.0 2e-06 -4.63664 -1.359694 -0.413247 0.017034 0.233284 7.062629 4.966837 7.501408 -3.502853 -1.411419 1.071005 0.414997 0.0 -0.0 -1e-06 
0.0 0.0 0.0 0.0 -0.0 0.0 -22.592546 100.503006 13.339061 0.325902 2.698842 -1.407618 0.470861 0.18265 -1.861366 -0.275549 0.255772 -5.982032 0.253041 -1.399167 15.909679 -0.001608 2.529698 -4.476327 -0.394725 1.483142 -3.47802 -0.815726 0.796266 -14.390008 7.7e-05 -2.2e-05 6e-06 0.015519 -0.00727 0.025856 0.698932 -3.753126 -10.452749 -0.673239 3.74629 -10.490183 -9.611249 -4.60467 15.216161 -62.791092 -16.3188 18.998549 -0.26863 -21.815031 -0.042499 8.778376 -1.149951 -15.715156 -5.882109 9.861286 0.70259 -10.936873 -0.360576 7.156205 1e-06 8.774826 -0.0 -15.687968 17.78891 6.01935 -1.844032 2.498506 -2.507278 -10.163603 4.678946 4.621108 -20.97603 -5e-06 2e-06 -21.226292 2.451695 -3.594 -0.0 -7e-06 0.0 -1.362683 2.240798 -0.746324 -21.334919 0.584909 3.008322 -13.821217 -3e-06 2e-06 -23.887175 -0.249081 -0.839486 -59.550434 2.278212 -1.24664 -0.294025 1.679687 0.833255 -14.218212 0.093214 1.300579 -34.212063 -0.287567 0.96717 -20.03322 0.964535 1.212844 -0.0 -1e-06 -1e-06 -3.440389 0.788234 0.501656 -15.928189 -3.16731 2.999706 -6.338828 -1e-06 1e-06 -18.123447 3.648182 -4.905671 -3e-06 1e-06 -2e-06 10.301491 11.408109 15.806349 64.146095 13.632385 10.57471 0.181865 23.242762 0.045411 -1.413648 2.223253 -15.384431 2.243542 -5.255037 -3.180158 14.282891 -0.826595 6.952503 -2e-06 -12.690605 -0.0 16.377907 -17.730873 2.645491 1.665666 -1.95592 -2.878299 4.727799 -4.170588 4.993925 11.020527 2e-06 -1e-06 12.109054 -3.735718 -2.866785 0.0 -0.0 0.0 1.291986 -1.928549 -1.498089 14.800129 0.567467 3.865608 14.242574 -1.341738 -6.660658 19.631969 0.143924 -0.648246 50.279682 -0.668065 -6.136252 0.353029 -1.51115 -0.031939 20.222788 3.684308 2.316631 18.787271 2e-06 -1e-06 10.751629 -0.479869 1.397907 -0.0 -1e-06 0.0 3.273807 0.305946 -0.580112 21.486813 11.830376 2.266133 8.16293 1e-06 -0.0 18.399088 -3.798987 -4.940576 5e-06 1e-06 -1e-06 3.823628 7.067755 -0.149155 -0.022264 -0.052243 8.060393 -4.46306 1.329477 -3.661807 1.634543 -1.971907 0.604807 -0.0 -0.0 2e-06 -4.452149 -1.302841 -0.373557 0.015127 0.229905 6.959277 4.860445 7.327174 -3.495239 -1.412034 1.071292 0.36953 0.0 -0.0 -1e-06 
0.0 0.0 0.0 0.0 -0.0 0.0 -22.774837 100.514046 13.309709 0.28143 2.839971 -1.358647 0.52444 0.171929 -1.789171 -0.279441 0.259672 -5.953264 0.262311 -1.387298 15.849765 -0.065749 2.539915 -4.632187 -0.381398 1.441416 -3.473654 -0.846826 0.76442 -14.380672 7.7e-05 -2.3e-05 6e-06 0.0157 -0.003223 0.028989 0.697514 -3.749906 -10.453783 -0.671553 3.750896 -10.488448 -9.410707 -4.692975 15.212158 -62.752426 -16.241262 19.258202 -0.277669 -21.968164 -0.050007 8.628378 -1.145867 -15.342784 -5.882107 9.861284 0.702591 -10.936874 -0.360576 7.156207 1e-06 8.774826 0.0 -15.692513 17.7906 6.04404 -1.844031 2.498504 -2.507278 -10.163599 4.678944 4.62111 -20.976023 -5e-06 4e-06 -21.226286 2.451696 -3.593996 -0.0 -6e-06 0.0 -1.362681 2.240798 -0.746323 -21.334913 0.584909 3.008325 -13.821214 -3e-06 3e-06 -23.887171 -0.24908 -0.839481 -59.583649 2.28667 -1.231312 -0.294025 1.679686 0.833257 -14.21821 0.093213 1.300581 -34.212051 -0.287566 0.967173 -20.033215 0.964536 1.212845 -0.0 0.0 -0.0 -3.440389 0.788234 0.501655 -15.928189 -3.167311 2.999707 -6.338827 -2e-06 2e-06 -18.123444 3.648181 -4.905669 -3e-06 0.0 -2e-06 10.16228 11.466845 15.863773 64.229942 13.589581 10.409822 0.150319 23.315142 0.028959 -1.471603 2.303103 -15.466655 2.243541 -5.255036 -3.180158 14.282887 -0.826595 6.9525 -2e-06 -12.690604 0.0 16.393358 -17.741764 2.643173 1.665666 -1.955921 -2.878299 4.727798 -4.170587 4.993925 11.020524 3e-06 -3e-06 12.10905 -3.735715 -2.866785 0.0 -0.0 0.0 1.291986 -1.92855 -1.498089 14.800125 0.567468 3.865604 14.242569 -1.341736 -6.660659 19.631966 0.143928 -0.648245 50.303444 -0.664999 -6.136567 0.353029 -1.511149 -0.03194 20.222788 3.68431 2.316628 18.78727 6e-06 -2e-06 10.751625 -0.479868 1.397906 1e-06 -1e-06 1e-06 3.273807 0.305946 -0.580111 21.486809 11.830374 2.26613 8.162925 1e-06 -2e-06 18.39908 -3.798983 -4.940577 6e-06 0.0 -1e-06 3.994346 7.044916 -0.303085 -0.025364 -0.059266 8.166078 -4.622022 1.216813 -3.585957 1.635082 -1.962299 0.499647 0.0 -0.0 2e-06 -4.267539 -1.263229 -0.356386 0.01209 0.22216 6.825333 4.768526 7.135399 -3.461784 -1.413324 1.070398 0.311435 0.0 -0.0 -1e-06 
0.0 0.0 0.0 0.0 -0.0 0.0 -22.944151 100.528564 13.245731 0.236351 3.019976 -1.282356 0.57867 0.160205 -1.712962 -0.280489 0.257088 -5.916769 0.274644 -1.391972 15.791364 -0.137107 2.55878 -4.818001 -0.380619 1.366492 -3.469338 -0.880053 0.709096 -14.376837 7.7e-05 -2.2e-05 5e-06 0.016308 0.002005 0.030705 0.696431 -3.745715 -10.455359 -0.669351 3.757057 -10.48892 -9.183829 -4.777694 15.223272 -62.694374 -16.207426 19.564571 -0.317758 -22.165216 -0.051401 8.473883 -1.1766 -14.901405 -5.882111 9.861294 0.702591 -10.936877 -0.360572 7.156208 -2e-06 8.774832 -1e-06 -15.706226 17.803619 6.064648 -1.844034 2.498506 -2.507278 -10.163606 4.678951 4.621111 -20.976034 2e-06 1e-06 -21.226299 2.451704 -3.594007 -0.0 -6e-06 0.0 -1.362684 2.240801 -0.746324 -21.334929 0.584916 3.008319 -13.821221 1e-06 1e-06 -23.887184 -0.249074 -0.839488 -59.632408 2.310847 -1.220909 -0.294025 1.679688 0.833258 -14.218217 0.09322 1.30058 -34.212067 -0.287557 0.967163 -20.033222 0.964539 1.212838 -1e-06 -0.0 -1e-06 -3.440391 0.788233 0.501657 -15.928192 -3.167308 2.999707 -6.338829 1e-06 0.0 -18.123457 3.64819 -4.905675 -3e-06 0.0 -1e-06 10.009237 11.537101 15.915577 64.338539 13.534977 10.275026 0.136998 23.355471 0.018392 -1.495233 2.418593 -15.579981 2.243545 -5.255044 -3.18016 14.282899 -0.826596 6.952504 0.0 -12.690615 -0.0 16.395138 -17.748941 2.633896 1.665668 -1.955924 -2.878301 4.727802 -4.170592 4.993926 11.020534 2e-06 -3e-06 12.109061 -3.73572 -2.86679 0.0 -0.0 1e-06 1.291987 -1.928551 -1.49809 14.800136 0.567467 3.865608 14.242584 -1.341739 -6.660665 19.631979 0.143926 -0.64825 50.283936 -0.655321 -6.14355 0.35303 -1.511152 -0.03194 20.222803 3.684309 2.316629 18.787285 3e-06 -4e-06 10.751634 -0.479868 1.397904 1e-06 -1e-06 0.0 3.273809 0.305946 -0.580111 21.486824 11.830381 2.266132 8.162932 1e-06 -2e-06 18.399097 -3.798989 -4.940582 5e-06 1e-06 -1e-06 4.155429 6.96837 -0.52322 -0.027373 -0.063853 8.320853 -4.752293 1.101938 -3.503408 1.635539 -1.96258 0.396196 0.0 -0.0 2e-06 -4.090316 -1.245826 -0.395337 0.009536 0.212817 6.717758 4.698176 6.912554 -3.408536 -1.414662 1.067502 0.241158 0.0 -0.0 -1e-06 
0.0 0.0 0.0 0.0 -0.0 0.0 -23.123581 100.540092 13.16385 0.190796 3.229894 -1.163923 0.629261 0.149358 -1.6297 -0.276397 0.250233 -5.880004 0.288805 -1.414999 15.737335 -0.215741 2.566915 -5.060289 -0.392741 1.278973 -3.468646 -0.931035 0.605518 -14.379233 7.7e-05 -2.3e-05 5e-06 0.016018 0.001812 0.032017 0.695209 -3.747869 -10.463688 -0.668866 3.75889 -10.496462 -8.90888 -4.881634 15.235391 -62.617462 -16.177067 19.936666 -0.401746 -22.441769 -0.038467 8.354352 -1.230184 -14.246243 -5.88211 9.86129 0.702591 -10.936878 -0.360575 7.15621 1e-06 8.77483 -1e-06 -15.72417 17.827242 6.079386 -1.844033 2.498507 -2.507278 -10.163604 4.678946 4.621111 -20.976034 -4e-06 3e-06 -21.226299 2.451698 -3.594 -0.0 -6e-06 -1e-06 -1.362683 2.2408 -0.746324 -21.334925 0.584909 3.008326 -13.821221 -3e-06 2e-06 -23.887184 -0.249081 -0.839483 -59.684456 2.345492 -1.215913 -0.294025 1.679688 0.833256 -14.218217 0.093214 1.300581 -34.21207 -0.287567 0.967172 -20.033228 0.964536 1.212846 -0.0 -1e-06 -1e-06 -3.440389 0.788233 0.501654 -15.928198 -3.167312 2.99971 -6.33883 -1e-06 1e-06 -18.123457 3.648184 -4.905672 -3e-06 0.0 -1e-06 9.839974 11.606795 15.958334 64.453819 13.469403 10.199574 0.138209 23.392439 0.00779 -1.469471 2.556291 -15.669031 2.243542 -5.255037 -3.180158 14.282896 -0.826595 6.952506 -3e-06 -12.690609 1e-06 16.380695 -17.759623 2.627226 1.665666 -1.95592 -2.878299 4.7278 -4.170589 4.993926 11.020529 3e-06 -1e-06 12.109056 -3.735716 -2.866784 0.0 0.0 1e-06 1.291986 -1.92855 -1.49809 14.800136 0.567468 3.865611 14.242578 -1.341736 -6.660657 19.631975 0.143925 -0.648243 50.253616 -0.639037 -6.152608 0.353029 -1.511151 -0.03194 20.222801 3.684311 2.316631 18.787287 5e-06 1e-06 10.751633 -0.479868 1.397905 -1e-06 -1e-06 1e-06 3.273808 0.305948 -0.58011 21.486824 11.830379 2.266135 8.162932 2e-06 0.0 18.399092 -3.798985 -4.940577 5e-06 1e-06 -1e-06 4.291439 6.814999 -0.924242 -0.028562 -0.065294 8.509454 -4.844155 1.006467 -3.399407 1.634428 -1.975503 0.290951 0.0 -1e-06 2e-06 -3.909807 -1.266013 -0.519914 0.010428 0.207561 6.677448 4.649159 6.661087 -3.382161 -1.415023 1.068307 0.166799 -0.0 -0.0 -1e-06 
0.0 0.0 0.0 0.0 -0.0 0.0 -23.307936 100.537453 13.084015 0.143974 3.481426 -0.993284 0.675985 0.132364 -1.530604 -0.268035 0.239792 -5.834627 0.316951 -1.439943 15.678377 -0.316249 2.554828 -5.372652 -0.404307 1.177126 -3.466654 -1.005565 0.468293 -14.402125 7.7e-05 -2.2e-05 6e-06 0.014819 -0.001043 0.032394 0.695366 -3.752918 -10.473409 -0.671522 3.75867 -10.505036 -8.583295 -5.011332 15.25713 -62.533386 -16.14382 20.454679 -0.478228 -22.782446 -0.026585 8.24573 -1.28768 -13.471808 -5.88211 9.861292 0.702591 -10.93688 -0.360575 7.156209 1e-06 8.774831 1e-06 -15.753016 17.866447 6.082867 -1.844034 2.498505 -2.507278 -10.163608 4.678948 4.621109 -20.97604 -6e-06 -0.0 -21.226305 2.451695 -3.594003 -0.0 -7e-06 -1e-06 -1.362683 2.240799 -0.746324 -21.334929 0.584908 3.008321 -13.821223 -5e-06 2e-06 -23.887184 -0.249083 -0.839484 -59.752525 2.372929 -1.223931 -0.294024 1.679688 0.833257 -14.218221 0.093214 1.300578 -34.212082 -0.287571 0.967166 -20.03323 0.964532 1.212843 0.0 1e-06 -0.0 -3.440392 0.788234 0.501655 -15.9282 -3.167313 2.999705 -6.338831 -2e-06 -0.0 -18.123461 3.648182 -4.905675 -3e-06 1e-06 -0.0 9.646802 11.673964 15.995516 64.576958 13.412859 10.217061 0.13103 23.397537 -0.007084 -1.41177 2.742831 -15.790477 2.243545 -5.255042 -3.18016 14.282907 -0.826595 6.952508 -5e-06 -12.690616 1e-06 16.35598 -17.767519 2.631271 1.665668 -1.955922 -2.878302 4.727803 -4.17059 4.993927 11.020538 4e-06 -3e-06 12.109066 -3.735717 -2.866786 0.0 -0.0 -1e-06 1.291987 -1.92855 -1.49809 14.800144 0.56747 3.865608 14.242586 -1.341735 -6.660664 19.63199 0.14393 -0.648246 50.228729 -0.635077 -6.163063 0.353029 -1.511152 -0.03194 20.222815 3.684314 2.316631 18.787292 8e-06 -1e-06 10.751639 -0.479867 1.397906 -1e-06 -0.0 1e-06 3.27381 0.305947 -0.580112 21.486837 11.830384 2.266132 8.162937 3e-06 -2e-06 18.399101 -3.798985 -4.94058 5e-06 1e-06 -1e-06 4.421285 6.61168 -1.348999 -0.02952 -0.065717 8.75959 -4.916153 0.896683 -3.405128 1.63278 -1.99027 0.179734 -0.0 -0.0 2e-06 -3.726373 -1.314771 -0.730041 0.01495 0.206771 6.704526 4.605224 6.381975 -3.441029 -1.413971 1.073758 0.099292 -0.0 -0.0 -1e-06 
0.0 0.0 0.0 0.0 -0.0 0.0 -23.48435 100.512779 13.009214 0.08963 3.763648 -0.765683 0.728169 0.122774 -1.39168 -0.257169 0.240547 -5.77146 0.3524 -1.478216 15.596864 -0.412773 2.524446 -5.759668 -0.424576 1.049236 -3.466454 -1.098675 0.334567 -14.446 7.7e-05 -2.3e-05 6e-06 0.01244 -0.00821 0.03014 0.695841 -3.762817 -10.485732 -0.676855 3.75468 -10.515797 -8.201766 -5.161585 15.281115 -62.463024 -16.075661 21.070274 -0.533941 -23.166939 -0.011778 8.159373 -1.404626 -12.678514 -5.882109 9.861288 0.702589 -10.936875 -0.360575 7.156206 1e-06 8.774827 -1e-06 -15.774076 17.886225 6.075639 -1.844033 2.498505 -2.507277 -10.163604 4.678947 4.621109 -20.976032 -3e-06 -0.0 -21.226297 2.451698 -3.594002 -0.0 -7e-06 -1e-06 -1.362682 2.240798 -0.746324 -21.334921 0.584909 3.008319 -13.82122 -3e-06 1e-06 -23.887182 -0.249079 -0.839485 -59.823845 2.386768 -1.235425 -0.294025 1.679689 0.833256 -14.218214 0.093216 1.30058 -34.212063 -0.287565 0.967166 -20.033218 0.964535 1.212842 1e-06 1e-06 -1e-06 -3.44039 0.788235 0.501656 -15.928191 -3.16731 2.999706 -6.338829 -1e-06 1e-06 -18.123453 3.648185 -4.905674 -4e-06 -0.0 -1e-06 9.441616 11.755902 16.039799 64.685928 13.377991 10.255342 0.14339 23.373291 -0.010806 -1.336007 2.9594 -15.922088 2.243541 -5.255036 -3.180157 14.28289 -0.826593 6.952503 -3e-06 -12.690602 1e-06 16.33083 -17.772652 2.638365 1.665665 -1.95592 -2.878298 4.727798 -4.170586 4.993922 11.020524 4e-06 -1e-06 12.109049 -3.735714 -2.866782 0.0 -0.0 0.0 1.291985 -1.928549 -1.498089 14.800125 0.567469 3.865607 14.242569 -1.341735 -6.660655 19.631968 0.143927 -0.648242 50.215809 -0.638337 -6.177399 0.353029 -1.51115 -0.03194 20.222788 3.684311 2.316631 18.78727 5e-06 1e-06 10.751627 -0.479868 1.397907 -2e-06 -0.0 1e-06 3.273806 0.305948 -0.580111 21.486811 11.830372 2.266134 8.162928 2e-06 1e-06 18.39908 -3.798984 -4.940573 5e-06 1e-06 -1e-06 4.544488 6.370938 -1.899855 -0.028694 -0.068447 9.126513 -4.951768 0.77821 -3.537696 1.630737 -2.003821 0.048891 0.0 -0.0 2e-06 -3.539963 -1.380853 -1.037267 0.021601 0.203156 6.805846 4.606891 6.092182 -3.606776 -1.41091 1.082945 0.030866 0.0 -0.0 -1e-06 
0.0 0.0 0.0 0.0 -0.0 0.0 -23.638803 100.472092 12.917234 0.017207 4.073609 -0.485095 0.794904 0.120554 -1.193485 -0.242951 0.249195 -5.684717 0.400925 -1.523401 15.480556 -0.498756 2.485319 -6.19469 -0.463568 0.883043 -3.464689 -1.208203 0.200401 -14.563572 7.7e-05 -2.3e-05 6e-06 0.011215 -0.01514 0.026415 0.696743 -3.774253 -10.498771 -0.68029 3.751928 -10.526828 -7.756594 -5.343985 15.324259 -62.439037 -15.981075 21.719757 -0.604599 -23.555027 0.010006 8.157784 -1.584627 -11.929035 -5.88211 9.861288 0.702591 -10.936874 -0.360574 7.156206 0.0 8.774826 0.0 -15.783445 17.897713 6.078584 -1.844034 2.498507 -2.50728 -10.163604 4.678947 4.621109 -20.97603 -2e-06 -0.0 -21.226297 2.451697 -3.594005 -0.0 -7e-06 -1e-06 -1.362682 2.240799 -0.746324 -21.334921 0.584911 3.008322 -13.821219 -2e-06 3e-06 -23.887178 -0.249078 -0.839484 -59.893917 2.394818 -1.22877 -0.294025 1.679688 0.833256 -14.218213 0.093215 1.300578 -34.212063 -0.287564 0.967166 -20.033218 0.964536 1.212841 1e-06 0.0 -0.0 -3.44039 0.788235 0.501656 -15.928192 -3.16731 2.999708 -6.338829 -2e-06 1e-06 -18.123457 3.648183 -4.905674 -5e-06 -0.0 -2e-06 9.202646 11.833118 16.07535 64.791397 13.373931 10.311419 0.175598 23.349266 -0.007468 -1.251285 3.187477 -16.126312 2.243543 -5.255037 -3.180157 14.282896 -0.826595 6.952503 -2e-06 -12.690607 -0.0 16.333223 -17.785574 2.633825 1.665667 -1.955922 -2.8783 4.7278 -4.170588 4.993925 11.020529 3e-06 -2e-06 12.109056 -3.735715 -2.866785 -1e-06 0.0 -1e-06 1.291986 -1.92855 -1.498089 14.800134 0.567469 3.865608 14.242577 -1.341736 -6.660659 19.631975 0.143927 -0.648247 50.212112 -0.631354 -6.199494 0.353029 -1.511151 -0.031941 20.222801 3.684309 2.316631 18.787283 6e-06 -2e-06 10.751633 -0.479867 1.397905 -2e-06 -0.0 1e-06 3.273808 0.305947 -0.580112 21.486824 11.830378 2.266133 8.162931 1e-06 -2e-06 18.39909 -3.798985 -4.940577 6e-06 0.0 -1e-06 4.660107 6.06438 -2.622643 -0.02709 -0.073325 9.684504 -4.957962 0.688094 -3.785965 1.627526 -2.014268 -0.107963 0.0 -0.0 2e-06 -3.34736 -1.461858 -1.462335 0.028507 0.201067 7.002577 4.652446 5.788554 -3.840789 -1.405545 1.096147 -0.045364 0.0 -0.0 -1e-06 
0.0 0.0 0.0 0.0 -0.0 0.0 -23.772985 100.417305 12.787252 -0.083373 4.425241 -0.110945 0.88091 0.118318 -0.922361 -0.223414 0.24806 -5.56358 0.485075 -1.562369 15.317606 -0.550317 2.449259 -6.691435 -0.53219 0.668258 -3.458881 -1.347663 0.035797 -14.796019 7.7e-05 -2.3e-05 6e-06 0.009122 -0.026732 0.02255 0.694432 -3.790447 -10.506227 -0.682241 3.743759 -10.532128 -7.232481 -5.564333 15.366761 -62.479668 -15.832192 22.355913 -0.696986 -23.968876 0.037538 8.229525 -1.796248 -11.13422 -5.882107 9.861286 0.702592 -10.936875 -0.360576 7.156209 2e-06 8.774826 -0.0 -15.798706 17.914034 6.092627 -1.844033 2.498505 -2.507278 -10.163604 4.678946 4.621109 -20.976034 -6e-06 3e-06 -21.226295 2.451696 -3.594002 -0.0 -6e-06 -1e-06 -1.362682 2.240799 -0.746323 -21.334923 0.584908 3.008324 -13.821218 -5e-06 3e-06 -23.88718 -0.249082 -0.839481 -59.973434 2.38742 -1.21872 -0.294025 1.679688 0.833257 -14.218215 0.093213 1.300581 -34.212067 -0.287567 0.967174 -20.033222 0.964536 1.212845 1e-06 0.0 -1e-06 -3.44039 0.788233 0.501656 -15.928192 -3.167314 2.999708 -6.338829 -1e-06 3e-06 -18.123453 3.648181 -4.905671 -5e-06 -1e-06 -3e-06 8.912678 11.923065 16.087103 64.880722 13.405695 10.345558 0.198293 23.298761 -0.010853 -1.12535 3.471912 -16.462721 2.243541 -5.255037 -3.180157 14.282895 -0.826593 6.952505 -4e-06 -12.690609 2e-06 16.369635 -17.803928 2.60791 1.665667 -1.955922 -2.878301 4.727798 -4.170588 4.993926 11.020528 4e-06 -2e-06 12.109055 -3.735715 -2.866787 -1e-06 0.0 -1e-06 1.291985 -1.928549 -1.498089 14.800132 0.567469 3.865609 14.242576 -1.341733 -6.660659 19.631973 0.143929 -0.648244 50.200817 -0.626263 -6.237841 0.353029 -1.511151 -0.031939 20.222799 3.684314 2.316631 18.787279 7e-06 -0.0 10.751633 -0.479867 1.397908 -2e-06 -0.0 1e-06 3.273807 0.305948 -0.580112 21.48682 11.830381 2.266134 8.16293 4e-06 -0.0 18.39908 -3.798985 -4.940573 6e-06 0.0 -1e-06 4.772718 5.633267 -3.613792 -0.026242 -0.079236 10.504254 -4.944593 0.70255 -4.149246 1.621842 -2.015374 -0.26695 0.0 -0.0 2e-06 -3.137518 -1.557973 -2.12367 0.035863 0.201105 7.413527 4.722153 5.456554 -4.150212 -1.399505 1.110349 -0.10634 -0.0 -0.0 -1e-06 
0.0 0.0 0.0 0.0 -0.0 0.0 -23.874004 100.341484 12.602941 -0.183986 4.788737 0.350751 0.973986 0.115779 -0.576567 -0.204458 0.238106 -5.406152 0.608943 -1.580624 15.121325 -0.57004 2.422558 -7.229104 -0.634373 0.398504 -3.455293 -1.52013 -0.166025 -15.185814 7.7e-05 -2.3e-05 6e-06 0.007875 -0.035381 0.020797 0.687595 -3.803788 -10.507254 -0.677919 3.738054 -10.532625 -6.644866 -5.814544 15.419228 -62.622795 -15.612238 22.912863 -0.776984 -24.45487 0.067371 8.30768 -2.025732 -10.328897 -5.882108 9.861288 0.702591 -10.936875 -0.360576 7.156207 1e-06 8.774828 -0.0 -15.8256 17.927225 6.108568 -1.844033 2.498504 -2.507278 -10.163604 4.678945 4.621109 -20.97603 -4e-06 4e-06 -21.226292 2.451695 -3.594 0.0 -6e-06 -1e-06 -1.362682 2.240798 -0.746325 -21.334921 0.584907 3.008324 -13.821218 -4e-06 3e-06 -23.887177 -0.249081 -0.839481 -60.071453 2.376948 -1.211368 -0.294024 1.679687 0.833256 -14.218214 0.093213 1.30058 -34.212063 -0.287567 0.967173 -20.03322 0.964535 1.212845 0.0 2e-06 -0.0 -3.44039 0.788233 0.501656 -15.928191 -3.167311 2.999707 -6.338827 -2e-06 -0.0 -18.123451 3.648181 -4.90567 -5e-06 -1e-06 -2e-06 8.554951 12.08542 16.060074 64.949577 13.461554 10.256616 0.226655 23.19508 -0.016433 -0.999531 3.822538 -16.788815 2.243543 -5.255039 -3.18016 14.2829 -0.826597 6.952506 -3e-06 -12.690611 2e-06 16.405783 -17.814854 2.58029 1.665668 -1.955922 -2.878299 4.727801 -4.170589 4.993926 11.020534 2e-06 -2e-06 12.10906 -3.735717 -2.866785 -1e-06 -0.0 0.0 1.291987 -1.928551 -1.49809 14.800139 0.567467 3.865607 14.242584 -1.341735 -6.660661 19.631985 0.143927 -0.648248 50.161842 -0.627036 -6.277697 0.35303 -1.511152 -0.031939 20.222803 3.684311 2.316631 18.787285 5e-06 -3e-06 10.751633 -0.479868 1.397905 -1e-06 -1e-06 2e-06 3.273808 0.305947 -0.580112 21.48683 11.830379 2.266132 8.162933 1e-06 -2e-06 18.399096 -3.798986 -4.940578 5e-06 1e-06 -0.0 4.851711 5.10084 -4.849581 -0.028407 -0.08361 11.549349 -4.896793 0.818638 -4.613527 1.618472 -2.019842 -0.393526 -0.0 -0.0 2e-06 -2.950695 -1.630414 -3.084726 0.043062 0.201908 8.149265 4.80017 5.082482 -4.586275 -1.395854 1.114031 -0.136665 -0.0 -0.0 -1e-06 
0.0 0.0 0.0 0.0 -0.0 0.0 -23.945391 100.243355 12.36955 -0.273 5.166841 0.920958 1.078908 0.112259 -0.160108 -0.182606 0.250168 -5.210577 0.769518 -1.586813 14.903145 -0.582411 2.425757 -7.833198 -0.768667 0.091641 -3.452718 -1.726585 -0.434644 -15.746788 7.7e-05 -2.3e-05 6e-06 0.007744 -0.043083 0.021941 0.677825 -3.816138 -10.503445 -0.668505 3.733259 -10.526532 -6.028532 -6.079902 15.472829 -62.834347 -15.321351 23.376581 -0.855043 -25.131241 0.106117 8.383542 -2.227268 -9.586757 -5.88211 9.861293 0.70259 -10.936877 -0.360574 7.156205 -1e-06 8.774831 -0.0 -15.853506 17.94882 6.128891 -1.844035 2.498507 -2.507278 -10.163605 4.67895 4.621109 -20.976034 -1e-06 0.0 -21.226301 2.451699 -3.594005 0.0 -6e-06 -1e-06 -1.362684 2.240799 -0.746323 -21.334929 0.584912 3.008325 -13.821223 -2e-06 2e-06 -23.887184 -0.249078 -0.839486 -60.191082 2.368475 -1.187659 -0.294025 1.679688 0.833257 -14.218215 0.093217 1.30058 -34.212067 -0.287561 0.967166 -20.033222 0.964537 1.212842 1e-06 2e-06 1e-06 -3.44039 0.788235 0.501656 -15.928194 -3.16731 2.999708 -6.33883 -0.0 -1e-06 -18.123457 3.648186 -4.905674 -5e-06 -0.0 -2e-06 8.094691 12.338815 15.968844 64.992409 13.526898 9.971867 0.303761 23.09425 -0.010104 -0.884136 4.179987 -17.056337 2.243543 -5.255041 -3.180159 14.282897 -0.826596 6.952501 -1e-06 -12.690612 -1e-06 16.407822 -17.813797 2.563399 1.665667 -1.955923 -2.8783 4.727801 -4.17059 4.993925 11.020534 2e-06 -2e-06 12.109059 -3.735719 -2.866786 -1e-06 -0.0 -0.0 1.291986 -1.928551 -1.498088 14.800136 0.567467 3.865607 14.24258 -1.341739 -6.660661 19.631981 0.143925 -0.648248 50.111652 -0.625991 -6.2995 0.353029 -1.511151 -0.031939 20.222801 3.684309 2.31663 18.787287 5e-06 -5e-06 10.751637 -0.479867 1.397905 0.0 -1e-06 0.0 3.273809 0.305946 -0.58011 21.486822 11.83038 2.266133 8.16293 1e-06 -2e-06 18.39909 -3.798988 -4.940581 5e-06 0.0 -1e-06 4.893496 4.517103 -6.347507 -0.031254 -0.093742 12.817493 -4.789929 1.002261 -5.149445 1.614121 -2.024487 -0.498181 0.0 -0.0 2e-06 -2.79366 -1.674909 -4.372831 0.045556 0.205398 9.237649 4.852436 4.648581 -5.156919 -1.39635 1.112571 -0.164106 0.0 -0.0 -1e-06 
0.0 0.0 0.0 0.0 -0.0 0.0 -23.982323 100.106552 12.08038 -0.307647 5.55313 1.642325 1.183607 0.104492 0.342854 -0.156971 0.302471 -4.976949 0.952174 -1.579814 14.6884 -0.591183 2.453073 -8.54595 -0.934708 -0.244743 -3.448027 -1.95129 -0.765695 -16.473314 7.7e-05 -2.3e-05 5e-06 0.008705 -0.048856 0.028334 0.667723 -3.825689 -10.491956 -0.656871 3.730127 -10.512216 -5.383355 -6.353152 15.515285 -63.132305 -14.983481 23.641676 -0.962433 -26.036175 0.166425 8.4478 -2.456237 -8.893946 -5.882108 9.861291 0.702592 -10.936873 -0.360572 7.156208 -2e-06 8.77483 1e-06 -15.870763 17.984938 6.153099 -1.844032 2.498505 -2.507276 -10.163602 4.678948 4.621109 -20.976027 2e-06 0.0 -21.226292 2.451702 -3.594003 0.0 -6e-06 -1e-06 -1.362682 2.240799 -0.746324 -21.334917 0.584915 3.008324 -13.821217 -0.0 2e-06 -23.887175 -0.249075 -0.839487 -60.309334 2.36669 -1.152901 -0.294025 1.679687 0.833256 -14.218212 0.093217 1.30058 -34.212059 -0.287556 0.96717 -20.033218 0.96454 1.21284 2e-06 1e-06 1e-06 -3.44039 0.788235 0.501656 -15.928189 -3.167308 2.999705 -6.338828 0.0 -0.0 -18.123453 3.648189 -4.905674 -4e-06 -1e-06 -1e-06 7.508869 12.69402 15.816916 64.946426 13.641979 9.468399 0.445907 23.061249 0.013349 -0.809764 4.496068 -17.264185 2.243541 -5.255037 -3.180157 14.282887 -0.826596 6.952503 -2e-06 -12.690605 -1e-06 16.382845 -17.817888 2.573365 1.665666 -1.955921 -2.878298 4.727798 -4.170588 4.993923 11.020524 2e-06 -3e-06 12.10905 -3.735717 -2.866784 -1e-06 -0.0 -0.0 1.291985 -1.928548 -1.498088 14.800123 0.567466 3.865608 14.242569 -1.341737 -6.660658 19.631958 0.143924 -0.648245 50.086712 -0.622553 -6.294392 0.353029 -1.51115 -0.03194 20.222786 3.684308 2.316631 18.78727 3e-06 -1e-06 10.751625 -0.47987 1.397905 -1e-06 -1e-06 1e-06 3.273806 0.305946 -0.580109 21.486807 11.830371 2.266132 8.162926 1e-06 -0.0 18.399086 -3.798986 -4.940577 5e-06 1e-06 1e-06 4.849458 3.880142 -8.177737 -0.032848 -0.111398 14.35902 -4.630872 1.270609 -5.772304 1.608649 -2.0266 -0.591114 0.0 0.0 2e-06 -2.71449 -1.678612 -6.095232 0.050058 0.214491 10.82835 4.865601 4.152711 -5.953796 -1.400294 1.107524 -0.196902 -0.0 -0.0 -1e-06 
0.0 0.0 0.0 0.0 -0.0 0.0 -23.967186 99.892601 11.715015 -0.245386 5.950214 2.545439 1.268457 0.088541 0.968702 -0.124734 0.383031 -4.679418 1.145091 -1.560991 14.457405 -0.585388 2.509178 -9.388428 -1.128091 -0.620076 -3.452543 -2.232861 -1.135248 -17.426767 7.7e-05 -2.2e-05 5e-06 0.008043 -0.058995 0.036054 0.655326 -3.841009 -10.485511 -0.646381 3.723958 -10.504554 -4.688587 -6.638448 15.544196 -63.573128 -14.625778 23.685284 -1.069217 -27.170887 0.243383 8.477364 -2.73729 -8.25876 -5.882105 9.861283 0.702591 -10.936872 -0.360575 7.156206 1e-06 8.774824 -0.0 -15.863917 18.047754 6.197788 -1.844033 2.498504 -2.507277 -10.1636 4.678944 4.621107 -20.976023 -4e-06 1e-06 -21.226288 2.451695 -3.593999 -1e-06 -5e-06 0.0 -1.362682 2.240799 -0.746324 -21.334913 0.584909 3.008322 -13.821213 -3e-06 3e-06 -23.887173 -0.249079 -0.839481 -60.422581 2.403596 -1.11991 -0.294024 1.679687 0.833256 -14.218208 0.093214 1.300581 -34.212048 -0.287566 0.96717 -20.033211 0.964535 1.212844 2e-06 1e-06 1e-06 -3.440388 0.788232 0.501655 -15.928187 -3.167309 2.999707 -6.338827 -1e-06 0.0 -18.123449 3.648182 -4.90567 -3e-06 -0.0 -0.0 6.799448 13.179543 15.613517 64.711861 13.825462 8.750724 0.678254 23.219084 0.066381 -0.769602 4.751117 -17.44385 2.243541 -5.255035 -3.180157 14.282887 -0.826595 6.952503 -2e-06 -12.690601 -0.0 16.358702 -17.824295 2.590321 1.665666 -1.955922 -2.878298 4.727798 -4.170587 4.993926 11.020525 2e-06 -2e-06 12.10905 -3.735716 -2.866785 -1e-06 -0.0 -0.0 1.291986 -1.928549 -1.498089 14.800127 0.567468 3.865607 14.242569 -1.341736 -6.660658 19.631968 0.143926 -0.648245 50.079468 -0.613947 -6.281447 0.353029 -1.51115 -0.03194 20.222788 3.684309 2.316631 18.78727 4e-06 1e-06 10.751626 -0.47987 1.397905 -1e-06 -1e-06 1e-06 3.273807 0.305947 -0.58011 21.486813 11.830373 2.266132 8.162928 2e-06 0.0 18.39908 -3.798984 -4.940574 5e-06 1e-06 -1e-06 4.667133 3.172888 -10.451813 -0.031783 -0.135896 16.318142 -4.428192 1.637481 -6.568462 1.60614 -2.027337 -0.733954 0.0 0.0 2e-06 -2.772369 -1.612936 -8.394565 0.055659 0.223091 13.145893 4.850834 3.585304 -7.105579 -1.405855 1.093653 -0.254953 0.0 -0.0 -1e-06 
0.0 0.0 0.0 0.0 -0.0 0.0 -23.874811 99.551788 11.20935 -0.037168 6.306283 3.66819 1.306784 0.0686 1.75222 -0.088595 0.473279 -4.299444 1.318126 -1.510019 14.197767 -0.576665 2.581933 -10.437402 -1.326588 -1.027025 -3.452016 -2.559582 -1.517951 -18.646832 7.7e-05 -2.2e-05 6e-06 0.005313 -0.072256 0.041508 0.641672 -3.860881 -10.485568 -0.639013 3.715287 -10.502652 -3.906048 -6.949518 15.552936 -64.210426 -14.281651 23.341509 -1.173523 -28.509703 0.360424 8.435893 -3.079204 -7.784782 -5.88211 9.861292 0.702591 -10.936879 -0.360576 7.156208 1e-06 8.774833 1e-06 -15.878964 18.128353 6.231706 -1.844033 2.498506 -2.507278 -10.163607 4.678948 4.62111 -20.976042 -6e-06 0.0 -21.226305 2.451696 -3.594003 -1e-06 -5e-06 1e-06 -1.362681 2.240799 -0.746324 -21.33493 0.584908 3.008322 -13.821225 -4e-06 1e-06 -23.887188 -0.249081 -0.839482 -60.536297 2.452733 -1.099104 -0.294025 1.679688 0.833257 -14.218221 0.093214 1.300581 -34.212078 -0.287568 0.967168 -20.03323 0.964535 1.212845 2e-06 0.0 -0.0 -3.440391 0.788233 0.501656 -15.928201 -3.167314 2.999706 -6.33883 -2e-06 -0.0 -18.123461 3.648183 -4.905677 -3e-06 -0.0 -1e-06 5.93906 13.81672 15.364979 64.255096 14.066702 7.866884 0.930365 23.795044 0.148415 -0.726589 4.998664 -17.806385 2.243543 -5.255039 -3.180159 14.282899 -0.826596 6.952505 -3e-06 -12.690612 3e-06 16.312641 -17.810255 2.609182 1.665668 -1.955922 -2.878301 4.727801 -4.17059 4.993926 11.020534 3e-06 -4e-06 12.10906 -3.735717 -2.866787 -1e-06 -0.0 -0.0 1.291986 -1.92855 -1.498089 14.800138 0.567469 3.865608 14.242582 -1.341736 -6.660661 19.631981 0.143928 -0.648245 50.044926 -0.62521 -6.289283 0.353029 -1.511152 -0.031939 20.222803 3.684313 2.31663 18.787283 7e-06 -2e-06 10.751634 -0.479867 1.397907 -1e-06 -1e-06 2e-06 3.273809 0.305948 -0.580113 21.486828 11.830383 2.266132 8.162933 3e-06 -1e-06 18.399096 -3.798985 -4.940578 5e-06 1e-06 -2e-06 4.284409 2.362486 -13.322632 -0.026173 -0.152906 18.872948 -4.202398 2.11886 -7.60505 1.609064 -2.032479 -0.936383 0.0 -0.0 2e-06 -3.057629 -1.448756 -11.663157 0.060514 0.224203 16.800743 4.845693 2.979434 -8.628524 -1.412238 1.068147 -0.359034 -0.0 -0.0 -1e-06 
0.0 0.0 0.0 0.0 -0.0 0.0 -23.696175 99.019089 10.521229 0.307436 6.589736 5.012826 1.294253 0.041014 2.723777 -0.040628 0.546394 -3.835953 1.445249 -1.395634 13.958719 -0.572433 2.660193 -11.76557 -1.522889 -1.479456 -3.455935 -2.894403 -1.918125 -20.148245 7.7e-05 -2.2e-05 6e-06 0.004495 -0.077461 0.046601 0.63264 -3.870287 -10.490633 -0.632742 3.711244 -10.501094 -3.045383 -7.337542 15.56192 -65.005096 -13.989954 22.37101 -1.312872 -30.047676 0.566004 8.33846 -3.48018 -7.700157 -5.88211 9.86129 0.702591 -10.936877 -0.360575 7.156209 0.0 8.77483 -1e-06 -15.939504 18.206549 6.22133 -1.844033 2.498505 -2.507278 -10.163605 4.678947 4.62111 -20.976036 -2e-06 1e-06 -21.226295 2.451698 -3.594002 -0.0 -6e-06 1e-06 -1.362683 2.2408 -0.746324 -21.334929 0.58491 3.008324 -13.821221 -2e-06 3e-06 -23.887184 -0.249079 -0.839484 -60.626678 2.481965 -1.075479 -0.294026 1.679688 0.833257 -14.218217 0.093215 1.30058 -34.212067 -0.287564 0.967171 -20.033226 0.964536 1.212844 1e-06 -0.0 -0.0 -3.44039 0.788233 0.501656 -15.928194 -3.16731 2.999705 -6.338829 -1e-06 1e-06 -18.123457 3.648184 -4.905673 -3e-06 -1e-06 -2e-06 4.988554 14.552003 15.105242 63.490448 14.341429 6.691988 1.11836 25.11763 0.236717 -0.661839 5.325004 -18.544075 2.243542 -5.255037 -3.180158 14.282897 -0.826594 6.952504 -4e-06 -12.690609 1e-06 16.297903 -17.829695 2.626501 1.665667 -1.955922 -2.878299 4.7278 -4.170588 4.993925 11.020531 4e-06 -2e-06 12.109058 -3.735716 -2.866786 -1e-06 -1e-06 -0.0 1.291986 -1.928549 -1.49809 14.800136 0.567469 3.865607 14.242579 -1.341734 -6.660659 19.631979 0.143929 -0.648244 50.059582 -0.667629 -6.306208 0.353029 -1.511151 -0.031941 20.222801 3.684314 2.316629 18.787283 7e-06 -3e-06 10.751631 -0.479867 1.397906 0.0 -0.0 1e-06 3.273808 0.305946 -0.580111 21.486828 11.830383 2.266132 8.162931 3e-06 -0.0 18.399092 -3.798985 -4.940576 5e-06 1e-06 -2e-06 3.720773 1.543036 -16.920134 -0.017158 -0.161131 22.235254 -4.048177 2.711767 -8.948884 1.613201 -2.053118 -1.114318 0.0 0.0 2e-06 -3.584189 -1.219106 -15.688379 0.059931 0.219268 21.284218 4.881413 2.3517 -10.430589 -1.419472 1.037549 -0.495371 0.0 -0.0 -1e-06 
0.0 0.0 0.0 0.0 -0.0 0.0 -23.448534 98.21682 9.632594 0.721313 6.780125 6.556139 1.244942 0.010163 3.901694 0.02123 0.598086 -3.282145 1.52363 -1.248073 13.785858 -0.587744 2.733633 -13.413561 -1.712758 -1.966444 -3.465466 -3.182263 -2.329805 -21.968386 7.7e-05 -2.2e-05 5e-06 0.007615 -0.068588 0.051112 0.629235 -3.862514 -10.503581 -0.624649 3.717391 -10.505435 -2.198538 -7.849234 15.499817 -65.795822 -13.772605 20.658009 -1.560128 -31.689428 0.883851 8.166751 -3.97444 -8.190473 -5.882106 9.861283 0.70259 -10.936872 -0.360575 7.156202 0.0 8.774824 -1e-06 -16.007856 18.271542 6.179568 -1.844032 2.498504 -2.507276 -10.1636 4.678945 4.621109 -20.976023 -3e-06 3e-06 -21.226286 2.451696 -3.593999 0.0 -6e-06 -1e-06 -1.362681 2.240798 -0.746325 -21.334913 0.584909 3.008322 -13.821213 -3e-06 2e-06 -23.887173 -0.249079 -0.839484 -60.655094 2.494569 -1.054159 -0.294024 1.679688 0.833254 -14.218208 0.093214 1.30058 -34.212048 -0.287565 0.967168 -20.033211 0.964535 1.212843 0.0 1e-06 -1e-06 -3.440388 0.788233 0.501655 -15.928185 -3.16731 2.999706 -6.338826 -2e-06 -0.0 -18.123444 3.648181 -4.905669 -4e-06 -0.0 -3e-06 4.109647 15.341624 14.815814 62.311436 14.539018 4.972473 1.259729 27.442373 0.334275 -0.702619 5.861646 -19.966772 2.243542 -5.255036 -3.180158 14.282894 -0.826595 6.952503 -3e-06 -12.690601 1e-06 16.351971 -17.888525 2.641659 1.665666 -1.955921 -2.878299 4.7278 -4.170588 4.993925 11.020529 3e-06 -3e-06 12.109055 -3.735715 -2.866785 -1e-06 -0.0 -0.0 1.291986 -1.928548 -1.498089 14.800132 0.567468 3.865607 14.242576 -1.341735 -6.66066 19.631973 0.143927 -0.648246 50.146454 -0.729958 -6.331357 0.353029 -1.51115 -0.03194 20.222797 3.684309 2.316628 18.787281 6e-06 -3e-06 10.751631 -0.479869 1.397906 -0.0 -0.0 1e-06 3.273808 0.305947 -0.580111 21.486818 11.830374 2.266131 8.162931 3e-06 -0.0 18.399088 -3.798984 -4.940576 5e-06 1e-06 -1e-06 3.067841 0.831813 -21.328516 -0.010908 -0.163875 26.579046 -3.984254 3.323241 -10.63458 1.618336 -2.090054 -1.219343 0.0 -0.0 2e-06 -4.282638 -1.060085 -20.443045 0.062391 0.216874 26.533094 5.001858 1.868845 -12.44348 -1.426866 1.004513 -0.621844 0.0 -0.0 -1e-06 
0.0 0.0 0.0 0.0 -0.0 0.0 -23.186296 97.037048 8.54801 1.06375 6.891848 8.248285 1.199335 -0.01736 5.279702 0.091173 0.628372 -2.622602 1.584863 -1.116638 13.781598 -0.606808 2.790527 -15.418336 -1.910912 -2.420272 -3.476789 -3.332139 -2.775298 -24.12038 7.7e-05 -2.3e-05 5e-06 0.018345 -0.042659 0.052601 0.633291 -3.835553 -10.526604 -0.609096 3.738501 -10.522843 -1.590606 -8.484186 15.371932 -66.247116 -13.810863 18.202656 -1.925378 -33.235111 1.275416 7.824454 -4.607513 -9.36491 -5.882106 9.861285 0.702591 -10.936872 -0.360574 7.156205 -0.0 8.774826 -1e-06 -16.055401 18.285398 6.107256 -1.844032 2.498503 -2.507277 -10.163599 4.678945 4.62111 -20.976021 -2e-06 4e-06 -21.226286 2.451698 -3.593999 0.0 -7e-06 -0.0 -1.362681 2.240798 -0.746324 -21.334913 0.58491 3.008323 -13.821213 -2e-06 1e-06 -23.887169 -0.249078 -0.839484 -60.616264 2.487924 -1.04847 -0.294025 1.679687 0.833257 -14.218208 0.093215 1.30058 -34.212051 -0.287563 0.967171 -20.033213 0.964537 1.212844 0.0 -0.0 -1e-06 -3.440388 0.788234 0.501656 -15.928185 -3.167309 2.999707 -6.338827 -1e-06 2e-06 -18.123446 3.648183 -4.90567 -3e-06 -0.0 -3e-06 3.557737 16.194443 14.494471 60.580994 14.646144 2.488774 1.397491 30.653957 0.440009 -1.031374 6.758605 -22.697289 2.243542 -5.255038 -3.180158 14.282892 -0.826595 6.952504 -2e-06 -12.690609 0.0 16.453775 -17.980812 2.648787 1.665667 -1.955922 -2.8783 4.727798 -4.170588 4.993925 11.020526 3e-06 -2e-06 12.109053 -3.735716 -2.866786 -1e-06 -0.0 1e-06 1.291986 -1.92855 -1.49809 14.800129 0.567467 3.865606 14.242575 -1.341737 -6.660659 19.631969 0.143928 -0.648246 50.257843 -0.811479 -6.383234 0.353029 -1.511152 -0.03194 20.22279 3.684312 2.316629 18.787273 6e-06 -3e-06 10.751626 -0.479869 1.397906 -1e-06 -1e-06 1e-06 3.273807 0.305947 -0.580112 21.486813 11.83038 2.266131 8.162928 2e-06 -0.0 18.399082 -3.798986 -4.940576 5e-06 1e-06 -0.0 2.501748 0.353684 -26.63093 -0.018179 -0.179714 32.113533 -3.960274 3.798836 -12.694192 1.629489 -2.124304 -1.267315 0.0 -0.0 2e-06 -4.95583 -1.067055 -25.903675 0.074825 0.234282 32.549988 5.188126 1.609219 -14.65435 -1.433807 0.97092 -0.738067 0.0 -0.0 -1e-06 
0.0 0.0 0.0 0.0 -0.0 0.0 -22.975142 95.402779 7.342704 1.189458 6.904964 9.994458 1.188873 -0.035139 6.741366 0.160091 0.629547 -1.862082 1.684957 -1.013976 14.075608 -0.611328 2.812982 -17.697186 -2.063488 -2.747351 -3.461298 -3.32081 -3.183954 -26.447819 7.7e-05 -2.3e-05 5e-06 0.036922 -0.002155 0.054425 0.641937 -3.791818 -10.538245 -0.582118 3.773493 -10.538116 -1.459107 -9.217944 15.145281 -66.033447 -14.342113 15.299513 -2.303375 -34.252506 1.607535 7.459476 -5.319889 -11.08806 -5.882106 9.861284 0.702591 -10.93687 -0.360574 7.156206 0.0 8.774823 -1e-06 -16.096987 18.231527 5.992035 -1.844032 2.498505 -2.507278 -10.163599 4.678945 4.621109 -20.976021 -1e-06 4e-06 -21.226286 2.451699 -3.594 -2e-06 -6e-06 -0.0 -1.362681 2.240797 -0.746323 -21.334911 0.584911 3.008327 -13.821213 -2e-06 4e-06 -23.887165 -0.249076 -0.839481 -60.574818 2.46724 -1.08322 -0.294026 1.679687 0.833255 -14.218208 0.093215 1.300583 -34.212048 -0.28756 0.967173 -20.033211 0.96454 1.212844 0.0 -0.0 -1e-06 -3.440388 0.788233 0.501656 -15.928185 -3.167307 2.999709 -6.338826 -0.0 4e-06 -18.123444 3.648183 -4.905669 -2e-06 0.0 -3e-06 3.485599 17.110987 14.145542 58.363422 14.841383 -0.449797 1.477116 33.893517 0.507018 -1.677933 7.82091 -26.516722 2.243542 -5.255037 -3.180159 14.282896 -0.826595 6.952507 -1e-06 -12.690608 0.0 16.562687 -18.108601 2.631185 1.665667 -1.955923 -2.8783 4.727801 -4.170589 4.993925 11.02053 2e-06 -1e-06 12.109056 -3.735717 -2.866784 2e-06 -0.0 -0.0 1.291986 -1.92855 -1.49809 14.800132 0.567469 3.86561 14.242577 -1.341736 -6.66066 19.631975 0.143925 -0.648245 50.280579 -0.912999 -6.47551 0.353029 -1.511151 -0.03194 20.222801 3.68431 2.316631 18.787283 3e-06 0.0 10.751633 -0.47987 1.397908 0.0 -1e-06 -0.0 3.273808 0.305948 -0.580111 21.486822 11.83038 2.266135 8.16293 2e-06 0.0 18.399092 -3.798988 -4.940577 4e-06 1e-06 -1e-06 2.193988 0.219188 -32.655579 -0.04412 -0.209813 38.723679 -3.963781 4.021803 -15.080404 1.644175 -2.138031 -1.202275 -0.0 -1e-06 2e-06 -5.377998 -1.257848 -31.929256 0.105721 0.271247 39.259045 5.32263 1.62679 -16.975632 -1.43827 0.941069 -0.859843 -0.0 -0.0 -1e-06 
0.0 0.0 0.0 0.0 -0.0 0.0 -22.830912 93.199936 6.121436 1.093897 6.844208 11.72849 1.177298 -0.04473 8.193678 0.211785 0.602231 -0.997833 1.815155 -0.936869 14.712477 -0.52521 2.790526 -20.109203 -2.121034 -2.955884 -3.427649 -3.186831 -3.492308 -28.917614 7.7e-05 -2.2e-05 5e-06 0.053418 0.02759 0.060952 0.635413 -3.761432 -10.528896 -0.543792 3.801637 -10.538517 -1.774065 -10.101954 14.868569 -65.091278 -15.538522 11.99043 -2.533935 -34.439106 1.743585 7.307427 -6.057097 -12.930031 -5.882108 9.861286 0.702591 -10.936874 -0.360573 7.156208 0.0 8.774826 0.0 -16.097216 18.174547 5.889902 -1.844032 2.498505 -2.507277 -10.163602 4.678945 4.621108 -20.976027 -2e-06 3e-06 -21.226292 2.451698 -3.593999 -1e-06 -6e-06 -0.0 -1.362682 2.240798 -0.746323 -21.334919 0.584911 3.008326 -13.821217 -1e-06 2e-06 -23.887177 -0.249077 -0.839483 -60.54118 2.435837 -1.157604 -0.294025 1.679688 0.833256 -14.218211 0.093216 1.300582 -34.212051 -0.287562 0.967169 -20.033218 0.964538 1.212843 0.0 -0.0 -0.0 -3.440389 0.788234 0.501656 -15.928189 -3.167308 2.999709 -6.338827 -1e-06 2e-06 -18.123447 3.648184 -4.905672 -3e-06 0.0 -2e-06 3.874795 18.081451 13.69795 55.904243 15.260714 -3.35142 1.437516 36.143326 0.536414 -2.451419 8.514916 -30.36516 2.243542 -5.255036 -3.180158 14.282893 -0.826596 6.952504 -2e-06 -12.690604 2e-06 16.614624 -18.215065 2.588373 1.665666 -1.955922 -2.8783 4.7278 -4.170588 4.993927 11.020529 2e-06 -0.0 12.109053 -3.735716 -2.866784 2e-06 0.0 -0.0 1.291986 -1.928549 -1.49809 14.800129 0.567467 3.865609 14.242574 -1.341737 -6.660659 19.631969 0.143925 -0.648245 50.171474 -0.999207 -6.545093 0.353029 -1.511152 -0.03194 20.222795 3.684309 2.316631 18.787279 3e-06 -1e-06 10.751629 -0.47987 1.397906 0.0 -1e-06 -1e-06 3.273807 0.305947 -0.580111 21.486816 11.830376 2.266132 8.16293 1e-06 -0.0 18.399088 -3.798987 -4.940576 4e-06 1e-06 -0.0 2.155321 0.346405 -39.234512 -0.099827 -0.248689 46.30328 -4.038973 3.979983 -17.86998 1.655366 -2.126348 -0.994294 -0.0 -1e-06 2e-06 -5.527293 -1.546247 -38.465668 0.155722 0.303314 46.798969 5.365797 1.828732 -19.468239 -1.442431 0.913156 -0.960478 0.0 -0.0 -1e-06 
0.0 0.0 0.0 0.0 -0.0 0.0 -22.713411 90.46344 5.022803 0.860397 6.731619 13.327793 1.126843 -0.023954 9.434976 0.226162 0.53279 -0.102775 1.92029 -0.920429 15.687584 -0.278791 2.738981 -22.321877 -2.042545 -3.003082 -3.397228 -3.042742 -3.610579 -31.495211 7.7e-05 -2.2e-05 5e-06 0.05582 0.023349 0.073403 0.604692 -3.770953 -10.504664 -0.50893 3.803282 -10.524708 -2.523088 -11.139325 14.571268 -63.444679 -17.268906 8.246356 -2.443548 -33.819832 1.575872 7.538352 -6.656606 -14.54805 -5.88211 9.861292 0.70259 -10.936877 -0.360575 7.156208 1e-06 8.774831 -1e-06 -15.996671 18.141846 5.899119 -1.844034 2.498507 -2.50728 -10.163605 4.678948 4.621109 -20.97604 -5e-06 -0.0 -21.226305 2.451697 -3.594005 -1e-06 -6e-06 -1e-06 -1.362682 2.2408 -0.746323 -21.334929 0.584909 3.008321 -13.821221 -3e-06 1e-06 -23.887182 -0.249081 -0.839485 -60.504147 2.421295 -1.188207 -0.294025 1.679688 0.833256 -14.218219 0.093214 1.300578 -34.212074 -0.287568 0.967167 -20.033226 0.964535 1.212843 0.0 -0.0 -0.0 -3.440391 0.788233 0.501655 -15.928196 -3.167313 2.999707 -6.33883 -1e-06 1e-06 -18.123457 3.648183 -4.905675 -2e-06 0.0 -1e-06 4.82694 19.081501 13.198185 53.354885 15.833549 -5.537601 1.182974 36.874657 0.556239 -3.195714 8.222396 -33.066044 2.243543 -5.255039 -3.18016 14.282891 -0.826592 6.952502 -3e-06 -12.690617 -1e-06 16.607132 -18.224817 2.588952 1.665667 -1.955923 -2.878301 4.727798 -4.170591 4.993925 11.020531 3e-06 -5e-06 12.109056 -3.735717 -2.86679 1e-06 0.0 -0.0 1.291986 -1.92855 -1.498091 14.800131 0.56747 3.865605 14.242575 -1.341736 -6.660666 19.631969 0.143931 -0.648248 50.10339 -1.044942 -6.479444 0.353029 -1.511152 -0.031941 20.222795 3.684315 2.316626 18.787275 8e-06 -5e-06 10.751628 -0.479867 1.397905 0.0 -1e-06 0.0 3.273807 0.305948 -0.580112 21.486818 11.830386 2.266132 8.16293 3e-06 -2e-06 18.399086 -3.798984 -4.94058 5e-06 1e-06 -2e-06 2.291133 0.577645 -45.90284 -0.167103 -0.272942 54.368755 -4.109416 3.796229 -20.956741 1.654982 -2.095425 -0.652689 -0.0 -1e-06 2e-06 -5.551146 -1.716688 -45.044647 0.215744 0.328398 54.696396 5.338444 2.001958 -22.217316 -1.446399 0.887671 -0.926779 -0.0 -0.0 -1e-06 
0.0 0.0 0.0 0.0 -0.0 0.0 -22.599134 87.313248 4.159297 0.60199 6.627538 14.695724 1.011514 0.007327 10.298458 0.226043 0.371424 0.755526 1.962603 -1.023441 17.053669 0.048606 2.718933 -24.333174 -1.807133 -2.857775 -3.387447 -2.96626 -3.410654 -33.965286 7.7e-05 -2.3e-05 5e-06 0.038053 -0.025617 0.095379 0.554661 -3.829739 -10.468457 -0.494556 3.765761 -10.499154 -3.945418 -12.260775 14.307378 -60.933014 -19.301306 3.731299 -2.070553 -32.84053 1.207926 8.148843 -6.941113 -15.817494 -5.882109 9.861288 0.70259 -10.936878 -0.360575 7.156208 1e-06 8.774828 1e-06 -15.839636 18.111826 6.019339 -1.844033 2.498505 -2.50728 -10.163606 4.678946 4.621111 -20.976036 -5e-06 2e-06 -21.226301 2.451696 -3.594002 -1e-06 -6e-06 0.0 -1.362682 2.240798 -0.746324 -21.334929 0.584909 3.008324 -13.821222 -3e-06 2e-06 -23.887188 -0.249081 -0.839483 -60.48317 2.460419 -1.146937 -0.294025 1.679687 0.833257 -14.218217 0.093214 1.300581 -34.21207 -0.287567 0.967169 -20.033226 0.964536 1.212844 0.0 0.0 0.0 -3.44039 0.788234 0.501655 -15.928196 -3.167312 2.999709 -6.338831 -1e-06 1e-06 -18.123459 3.648183 -4.905674 -3e-06 -0.0 -2e-06 6.618323 20.172552 12.879208 50.585068 16.352289 -7.190372 0.877268 36.709061 0.653376 -4.197752 6.62658 -34.578316 2.243543 -5.255037 -3.180159 14.28289 -0.826595 6.952503 -2e-06 -12.690606 2e-06 16.583946 -18.092047 2.617251 1.665667 -1.955921 -2.8783 4.727799 -4.170588 4.993926 11.020528 2e-06 -2e-06 12.109053 -3.735716 -2.866786 1e-06 0.0 -1e-06 1.291986 -1.92855 -1.49809 14.800129 0.567467 3.865606 14.242576 -1.341735 -6.660662 19.631969 0.143927 -0.648247 50.111786 -1.023225 -6.264836 0.353029 -1.511151 -0.03194 20.222794 3.68431 2.316628 18.787279 5e-06 -3e-06 10.751631 -0.479868 1.397905 -0.0 0.0 1e-06 3.273807 0.305948 -0.580111 21.486813 11.830376 2.26613 8.16293 1e-06 -0.0 18.39908 -3.798986 -4.940578 3e-06 1e-06 -1e-06 2.477144 0.851613 -52.268894 -0.226266 -0.267435 62.514736 -4.181138 3.464265 -24.16164 1.641293 -2.068073 -0.200537 -0.0 -0.0 2e-06 -5.643083 -1.634346 -51.322681 0.269459 0.348135 62.699429 5.276628 1.859102 -25.110378 -1.447457 0.883004 -0.679621 0.0 0.0 -1e-06 
0.0 0.0 0.0 0.0 -0.0 0.0 -22.495264 83.927025 3.647909 0.435574 6.613615 15.601715 0.871674 -0.00926 10.828213 0.214022 0.097536 1.542817 1.961239 -1.259714 18.718391 0.234421 2.753386 -26.250404 -1.436872 -2.597683 -3.404114 -2.995583 -2.823644 -35.993782 7.7e-05 -2.3e-05 4e-06 0.007241 -0.10696 0.126244 0.507599 -3.926301 -10.428336 -0.50832 3.702004 -10.467741 -5.936954 -13.434922 14.082667 -57.825897 -21.29077 -1.626167 -1.667081 -32.546146 0.882174 9.017591 -6.900425 -17.354542 -5.882109 9.861288 0.70259 -10.936876 -0.360575 7.156206 0.0 8.774827 -2e-06 -15.697922 18.014858 6.171934 -1.844034 2.498506 -2.507278 -10.163605 4.678946 4.621109 -20.976034 -3e-06 2e-06 -21.226297 2.451698 -3.594001 1e-06 -6e-06 -0.0 -1.362682 2.240799 -0.746324 -21.334925 0.58491 3.008322 -13.82122 -3e-06 0.0 -23.88718 -0.249079 -0.839484 -60.465363 2.429491 -1.037395 -0.294026 1.679687 0.833256 -14.218215 0.093215 1.300579 -34.212067 -0.287565 0.967168 -20.03322 0.964536 1.212843 -1e-06 -1e-06 0.0 -3.440389 0.788234 0.501656 -15.928192 -3.16731 2.999707 -6.338829 -1e-06 0.0 -18.123453 3.648185 -4.905674 -3e-06 0.0 -2e-06 8.78474 21.265493 12.77844 48.331196 16.687946 -9.243415 0.521859 37.120701 0.732101 -5.808845 4.578701 -35.743717 2.243542 -5.255038 -3.180159 14.282898 -0.826594 6.952505 -4e-06 -12.690612 1e-06 16.575613 -17.894402 2.564431 1.665667 -1.955922 -2.8783 4.727801 -4.170589 4.993925 11.020535 3e-06 -1e-06 12.109059 -3.735717 -2.866785 -0.0 -0.0 -0.0 1.291986 -1.92855 -1.49809 14.800139 0.56747 3.865608 14.24258 -1.341736 -6.66066 19.631985 0.143927 -0.648245 50.112499 -0.939103 -6.082171 0.353029 -1.511151 -0.03194 20.222807 3.684314 2.31663 18.787287 6e-06 -1e-06 10.751636 -0.479867 1.397906 1e-06 -0.0 -1e-06 3.273809 0.305947 -0.580111 21.486824 11.830383 2.266133 8.16293 3e-06 -1e-06 18.399088 -3.798984 -4.940577 3e-06 0.0 -2e-06 2.613461 1.084254 -57.819874 -0.249732 -0.237114 70.440033 -4.210826 2.935187 -27.303026 1.623169 -2.028322 0.229223 -0.0 -0.0 2e-06 -5.972434 -1.227593 -56.724602 0.276294 0.359623 70.463631 5.353266 1.345556 -28.220993 -1.445303 0.941481 -0.249452 0.0 0.0 -1e-06 
0.0 0.0 0.0 0.0 -0.0 0.0 -22.366323 80.439636 3.47221 0.554525 6.592697 15.761477 0.749363 -0.117135 11.354316 0.114889 -0.131179 2.201653 1.835563 -1.579165 20.216568 0.229124 2.746654 -27.799383 -1.069391 -2.284391 -3.410267 -3.079957 -2.151953 -37.424438 7.7e-05 -2.2e-05 5e-06 -0.011244 -0.155821 0.140894 0.489183 -3.988181 -10.412652 -0.525776 3.669408 -10.45443 -7.343433 -14.571287 13.790704 -55.393894 -23.008602 -6.286814 -1.182345 -34.521778 0.634633 9.95367 -6.909098 -20.199814 -5.882109 9.861288 0.70259 -10.936875 -0.360575 7.156208 1e-06 8.774828 -1e-06 -15.589338 17.883471 6.32768 -1.844033 2.498505 -2.507279 -10.163604 4.678946 4.621109 -20.976032 -4e-06 0.0 -21.226294 2.451696 -3.594002 1e-06 -6e-06 -1e-06 -1.362682 2.240798 -0.746324 -21.334923 0.584909 3.008322 -13.82122 -3e-06 1e-06 -23.887182 -0.249081 -0.839484 -60.62862 2.347008 -0.998015 -0.294025 1.679688 0.833256 -14.218214 0.093214 1.300581 -34.212059 -0.287567 0.967169 -20.033218 0.964535 1.212843 -0.0 0.0 -0.0 -3.44039 0.788234 0.501655 -15.928192 -3.167312 2.999707 -6.338829 -1e-06 -0.0 -18.123457 3.648183 -4.905674 -5e-06 0.0 -2e-06 9.778717 21.820013 12.577184 47.879951 17.320795 -11.83128 -0.093463 39.804852 0.528969 -7.767406 3.45808 -37.841808 2.243543 -5.255038 -3.18016 14.282894 -0.826596 6.952503 -2e-06 -12.690605 1e-06 16.654016 -17.950228 2.454284 1.665668 -1.955922 -2.8783 4.7278 -4.170589 4.993925 11.020529 2e-06 -3e-06 12.109057 -3.735717 -2.866788 -0.0 0.0 -0.0 1.291986 -1.928549 -1.49809 14.800132 0.567467 3.865607 14.242578 -1.341738 -6.660665 19.631975 0.143926 -0.64825 50.194717 -0.812157 -6.130391 0.353029 -1.511151 -0.03194 20.222797 3.684307 2.316627 18.787275 4e-06 -5e-06 10.751631 -0.479869 1.397904 -2e-06 -1e-06 1e-06 3.273807 0.305947 -0.580111 21.486814 11.830373 2.26613 8.162928 2e-06 -1e-06 18.399086 -3.798984 -4.940579 3e-06 -0.0 -1e-06 2.473037 1.180495 -62.133617 -0.276783 -0.222744 78.077568 -4.195247 2.408808 -30.147219 1.614935 -1.987805 0.389784 0.0 -0.0 2e-06 -6.771003 -0.547405 -60.84148 0.262577 0.391891 77.883881 5.790584 0.749457 -31.561749 -1.446887 1.026873 0.300323 0.0 0.0 -1e-06 
0.0 0.0 0.0 0.0 -0.0 0.0 -22.15274 77.144684 3.532424 0.8384 6.353228 15.132014 0.662901 -0.213219 11.89769 -0.026178 -0.271775 2.611629 1.583991 -1.905453 21.212437 0.155952 2.686215 -28.622992 -0.848467 -1.819661 -3.391691 -3.129627 -1.655316 -37.958138 7.7e-05 -2.2e-05 5e-06 -0.014396 -0.151409 0.124299 0.502723 -3.986253 -10.447299 -0.544587 3.678624 -10.490132 -7.707665 -15.411357 13.409884 -54.114792 -24.817884 -9.084475 -0.691141 -39.026184 0.395245 11.103209 -7.079441 -24.021143 -5.882107 9.861284 0.702591 -10.936872 -0.360574 7.156207 -0.0 8.774824 -1e-06 -15.431052 17.765013 6.489884 -1.844032 2.498503 -2.507277 -10.163599 4.678945 4.621109 -20.976021 -2e-06 3e-06 -21.226286 2.451698 -3.593999 1e-06 -6e-06 -1e-06 -1.362681 2.240798 -0.746323 -21.334913 0.584912 3.008324 -13.821214 -1e-06 2e-06 -23.887175 -0.249078 -0.839483 -60.90699 2.384396 -1.074084 -0.294025 1.679686 0.833256 -14.218206 0.093215 1.300581 -34.212036 -0.28756 0.967171 -20.033209 0.964539 1.212843 0.0 0.0 -0.0 -3.440388 0.788234 0.501656 -15.928185 -3.167308 2.999708 -6.338825 1e-06 1e-06 -18.123444 3.648183 -4.905668 -4e-06 -0.0 -2e-06 9.22558 21.712353 12.141075 48.716301 18.744091 -13.814144 -0.779191 44.8442 0.031013 -9.453296 2.675748 -40.385651 2.243541 -5.255035 -3.180158 14.282887 -0.826595 6.952503 -3e-06 -12.690601 1e-06 16.722485 -18.102098 2.305438 1.665666 -1.955921 -2.878299 4.727797 -4.170585 4.993923 11.020523 3e-06 -2e-06 12.109048 -3.735715 -2.866785 1e-06 1e-06 0.0 1.291985 -1.928549 -1.498089 14.800125 0.567469 3.865606 14.242569 -1.341735 -6.660658 19.631962 0.143927 -0.648245 50.237675 -0.662357 -6.256952 0.353029 -1.511151 -0.03194 20.222788 3.68431 2.316629 18.78727 5e-06 -1e-06 10.751625 -0.479871 1.397905 -1e-06 -0.0 0.0 3.273806 0.305948 -0.580111 21.486809 11.830373 2.266132 8.162926 1e-06 -0.0 18.399075 -3.798984 -4.940574 2e-06 0.0 -2e-06 2.134899 1.130583 -64.89888 -0.346067 -0.234301 84.936897 -4.307224 2.175858 -32.681858 1.614023 -1.989265 0.242297 -0.0 -0.0 2e-06 -7.919926 0.467644 -63.5252 0.245677 0.438632 84.551086 6.565233 0.304386 -34.63464 -1.444059 1.073649 0.78876 -0.0 0.0 -1e-06 
0.0 0.0 0.0 0.0 -0.0 0.0 -21.830906 74.289322 3.651614 1.086767 5.875063 13.934981 0.594856 -0.274602 12.299821 -0.127737 -0.379864 2.72704 1.367686 -2.194221 21.635599 -0.021539 2.697967 -28.667671 -0.682825 -1.252862 -3.376264 -3.254108 -1.175033 -37.611195 7.7e-05 -2.2e-05 5e-06 -0.01409 -0.125802 0.093052 0.52149 -3.954077 -10.500572 -0.56149 3.699005 -10.531346 -7.122105 -15.892414 12.9341 -53.620358 -27.411842 -9.837116 -0.271981 -45.627541 0.067925 12.631268 -6.931779 -27.531607 -5.882107 9.861287 0.702591 -10.936873 -0.360575 7.156208 0.0 8.774825 -0.0 -15.279152 17.767708 6.57703 -1.844032 2.498505 -2.507278 -10.163601 4.678945 4.62111 -20.976028 -2e-06 3e-06 -21.22629 2.451698 -3.594 -0.0 -7e-06 0.0 -1.362682 2.240799 -0.746324 -21.334917 0.58491 3.008325 -13.821217 -1e-06 2e-06 -23.887175 -0.249079 -0.839483 -60.90477 2.495879 -1.151895 -0.294025 1.679686 0.833256 -14.218211 0.093215 1.300582 -34.212055 -0.287563 0.967171 -20.033216 0.964538 1.212844 1e-06 0.0 -0.0 -3.440389 0.788234 0.501656 -15.928189 -3.16731 2.999709 -6.338827 -1e-06 2e-06 -18.123447 3.648184 -4.90567 -5e-06 1e-06 -2e-06 7.339476 21.319683 11.29549 49.911297 21.160166 -14.770166 -0.984732 51.423901 -0.431136 -10.863216 1.631666 -41.891163 2.243541 -5.255038 -3.180158 14.282889 -0.826594 6.952506 -3e-06 -12.69061 -0.0 16.739313 -18.134892 2.146543 1.665666 -1.955922 -2.8783 4.727798 -4.170588 4.993925 11.020524 3e-06 -1e-06 12.10905 -3.735716 -2.866785 0.0 -1e-06 -0.0 1.291985 -1.92855 -1.49809 14.800125 0.567469 3.865609 14.242569 -1.341735 -6.660659 19.631966 0.143929 -0.648243 50.039406 -0.527443 -6.344793 0.353029 -1.511152 -0.03194 20.222788 3.684311 2.316632 18.787271 5e-06 1e-06 10.751627 -0.479869 1.397907 -1e-06 0.0 0.0 3.273806 0.305948 -0.580111 21.486813 11.83038 2.266136 8.162927 -1e-06 0.0 18.39908 -3.798986 -4.940574 3e-06 -1e-06 -1e-06 1.757891 0.961839 -66.236198 -0.440172 -0.255017 90.529869 -4.623243 2.425578 -35.110649 1.620964 -2.03816 0.037937 0.0 0.0 2e-06 -9.100382 1.637905 -64.980186 0.224366 0.483926 90.038559 7.396804 0.149986 -37.139946 -1.434294 1.055002 1.209976 0.0 0.0 -1e-06 
0.0 0.0 0.0 0.0 -0.0 0.0 -21.42551 72.116539 3.723777 1.183991 5.209181 12.440695 0.543586 -0.309517 12.456807 -0.159728 -0.458691 2.55447 1.380179 -2.475488 21.520908 -0.383309 2.851892 -27.968231 -0.539864 -0.649254 -3.376164 -3.467947 -0.529518 -36.783794 7.7e-05 -2.2e-05 4e-06 -0.016498 -0.11719 0.061539 0.540859 -3.930162 -10.540492 -0.584193 3.694718 -10.545474 -5.557327 -16.158924 12.272384 -53.184841 -31.542982 -9.213916 -0.279058 -54.04847 0.063251 14.500073 -5.847961 -28.480207 -5.882105 9.861286 0.70259 -10.936869 -0.360576 7.156207 1e-06 8.774826 -1e-06 -15.154963 17.990019 6.533185 -1.844032 2.498505 -2.507278 -10.163598 4.678947 4.621109 -20.976023 -3e-06 -0.0 -21.226288 2.451695 -3.594002 -0.0 -6e-06 -0.0 -1.362681 2.240798 -0.746324 -21.334911 0.584907 3.008323 -13.821213 -3e-06 2e-06 -23.887167 -0.249079 -0.839484 -59.982525 2.646994 -1.201626 -0.294025 1.679685 0.833256 -14.218207 0.093214 1.300581 -34.212048 -0.287565 0.967172 -20.033209 0.964538 1.212845 0.0 -1e-06 0.0 -3.440388 0.788232 0.501656 -15.928185 -3.16731 2.999708 -6.338825 -1e-06 2e-06 -18.123444 3.648183 -4.905671 -4e-06 0.0 -2e-06 4.2196 20.97896 9.871528 50.846493 25.075714 -14.994562 -0.111726 58.928429 -0.230325 -13.010738 0.624483 -41.670357 2.243541 -5.255037 -3.180158 14.282889 -0.826593 6.952505 -3e-06 -12.690609 0.0 16.748138 -18.237009 2.076702 1.665666 -1.955922 -2.8783 4.727797 -4.170588 4.993926 11.020524 4e-06 -2e-06 12.10905 -3.735714 -2.866786 1e-06 -1e-06 -1e-06 1.291985 -1.928551 -1.498091 14.800127 0.567471 3.865609 14.242569 -1.341734 -6.66066 19.631962 0.143928 -0.648243 49.705002 -0.372336 -6.411582 0.353029 -1.511151 -0.03194 20.222788 3.684312 2.316631 18.78727 6e-06 1e-06 10.751626 -0.479869 1.397908 -0.0 -0.0 -0.0 3.273806 0.305946 -0.580111 21.486813 11.830383 2.266136 8.162926 3e-06 2e-06 18.399078 -3.798985 -4.940575 2e-06 0.0 -1e-06 1.47769 0.573251 -66.463417 -0.529392 -0.295329 94.676849 -5.164418 3.183998 -37.073528 1.636821 -2.103822 -0.081767 0.0 -0.0 2e-06 -10.048154 2.788605 -65.455078 0.208693 0.540052 94.035561 8.216248 0.163494 -38.798298 -1.423961 1.02187 1.555788 0.0 0.0 -1e-06 
0.0 0.0 0.0 0.0 -0.0 0.0 -21.045347 71.067337 3.721258 1.19149 4.389079 10.888098 0.352725 -0.223206 12.232797 -0.032771 -0.560217 2.266154 1.694079 -2.78513 20.864035 -0.971775 3.17022 -26.495153 -0.510809 -0.207071 -3.332223 -3.725683 0.281867 -35.602558 7.7e-05 -2.3e-05 5e-06 -0.015891 -0.140184 0.03866 0.570263 -3.94028 -10.553056 -0.611652 3.66337 -10.542512 -3.103617 -16.330406 11.171713 -50.824043 -38.005962 -8.987114 -2.205269 -63.577354 1.916158 16.902678 -4.780385 -24.030159 -5.882104 9.861286 0.70259 -10.936868 -0.360575 7.156206 0.0 8.774828 -2e-06 -15.362685 18.222849 6.039178 -1.844032 2.498504 -2.507278 -10.163599 4.678944 4.621109 -20.976021 -2e-06 3e-06 -21.226282 2.451695 -3.594001 -1e-06 -5e-06 -1e-06 -1.362681 2.240797 -0.746323 -21.334908 0.584908 3.008323 -13.821213 -3e-06 3e-06 -23.887167 -0.249079 -0.839481 -58.177605 2.746971 -1.348156 -0.294025 1.679688 0.833256 -14.218207 0.093215 1.30058 -34.212044 -0.287565 0.96717 -20.033209 0.964536 1.212844 -1e-06 -0.0 -1e-06 -3.440388 0.788233 0.501655 -15.928183 -3.167312 2.999707 -6.338824 -1e-06 2e-06 -18.123444 3.648181 -4.905669 -5e-06 0.0 -2e-06 0.072152 21.090166 7.653354 50.946068 30.889172 -14.352407 1.117241 67.64254 0.747948 -16.920069 0.528507 -39.616943 2.243541 -5.255037 -3.180157 14.282889 -0.826595 6.952503 -2e-06 -12.690607 -0.0 16.698416 -18.305586 2.094766 1.665666 -1.955921 -2.878298 4.727798 -4.17059 4.993923 11.020525 4e-06 -0.0 12.109053 -3.735717 -2.866784 -1e-06 -0.0 0.0 1.291985 -1.928549 -1.498089 14.800127 0.567468 3.865609 14.242569 -1.341737 -6.660658 19.631968 0.143925 -0.648244 49.207863 -0.221206 -6.64972 0.353029 -1.51115 -0.03194 20.22279 3.684312 2.316632 18.78727 5e-06 -0.0 10.751629 -0.479868 1.397905 -2e-06 -0.0 -0.0 3.273807 0.305946 -0.580111 21.486813 11.830377 2.266136 8.162924 2e-06 0.0 18.399082 -3.798987 -4.940577 2e-06 -0.0 -1e-06 1.395999 -0.308521 -65.768684 -0.593554 -0.329923 97.144768 -6.205207 4.814819 -37.290943 1.700118 -2.128762 -0.371099 -0.0 0.0 2e-06 -10.682267 4.076069 -65.052162 0.27406 0.637093 96.177399 9.058342 0.279012 -38.871613 -1.429595 1.099336 1.461241 0.0 0.0 -1e-06 
0.0 0.0 0.0 0.0 -0.0 0.0 -20.723843 71.39595 3.834025 1.124334 3.664114 9.251849 0.133856 0.024187 11.762322 0.163452 -0.982672 2.032405 2.195854 -2.74501 19.803587 -1.780472 3.626644 -24.562468 -0.372331 0.111279 -3.240269 -4.063715 0.814421 -34.034397 7.7e-05 -2.3e-05 6e-06 0.030797 -0.061869 0.044539 0.606327 -3.873616 -10.67983 -0.553234 3.761319 -10.638947 0.475872 -16.882498 9.120539 -43.856564 -45.409996 -12.515842 -6.582366 -74.186813 7.099873 18.796215 -5.426575 -12.516552 -5.882113 9.861295 0.702591 -10.936881 -0.360573 7.156217 -0.0 8.774833 -2e-06 -16.298525 17.980438 5.378897 -1.844035 2.498507 -2.50728 -10.16361 4.67895 4.621117 -20.976044 2e-06 4e-06 -21.226309 2.451704 -3.594004 1e-06 -6e-06 -1e-06 -1.362682 2.240801 -0.746324 -21.334934 0.584914 3.00833 -13.82123 1e-06 3e-06 -23.887192 -0.249073 -0.839484 -57.893448 2.572754 -1.223909 -0.294025 1.679689 0.833257 -14.218221 0.093217 1.300585 -34.212082 -0.287556 0.967174 -20.033232 0.964544 1.212844 -0.0 -0.0 -0.0 -3.440392 0.788234 0.501658 -15.928203 -3.16731 2.999714 -6.338833 0.0 3e-06 -18.123465 3.64819 -4.905675 -4e-06 0.0 -1e-06 -4.562509 21.302555 5.198384 49.054756 38.50909 -13.544331 1.715323 77.978378 1.990624 -21.714539 2.495198 -34.707466 2.243541 -5.25504 -3.180159 14.282897 -0.826595 6.952512 -2e-06 -12.690616 1e-06 16.96792 -17.819368 2.08595 1.665666 -1.955923 -2.878301 4.727802 -4.17059 4.99393 11.020531 2e-06 1e-06 12.109056 -3.735718 -2.866786 0.0 0.0 1e-06 1.291986 -1.928551 -1.49809 14.800138 0.567469 3.865614 14.242577 -1.341737 -6.660661 19.631975 0.143926 -0.648242 48.467892 -0.356089 -6.714446 0.353029 -1.511152 -0.03194 20.222799 3.684313 2.316636 18.787277 3e-06 3e-06 10.751635 -0.479871 1.397909 1e-06 -0.0 0.0 3.273808 0.305947 -0.580111 21.486828 11.830384 2.266141 8.16293 1e-06 2e-06 18.399092 -3.79899 -4.940575 3e-06 0.0 -1e-06 1.350091 -1.41232 -64.111626 -0.668551 -0.438859 98.168152 -6.939772 6.045846 -34.381042 1.734375 -2.108192 -1.809805 -0.0 0.0 2e-06 -10.861267 5.193113 -63.307514 0.379647 0.701683 96.190689 9.720114 0.040367 -37.370457 -1.467558 1.201836 0.855271 0.0 0.0 -1e-06 
0.0 0.0 0.0 0.0 -0.0 0.0 -20.522863 73.034248 4.131825 0.85204 3.371976 7.641407 0.014325 0.222884 11.167622 0.276449 -1.38552 1.762307 2.761727 -2.746826 18.349258 -2.013596 3.758588 -22.199505 -0.449775 0.86425 -3.170349 -4.363414 1.072929 -32.058041 7.7e-05 -2.3e-05 5e-06 0.072248 0.041696 0.089291 0.596009 -3.778779 -10.693787 -0.459592 3.882265 -10.619947 5.923877 -18.075434 5.820618 -29.964979 -50.373768 -26.505888 -37.548168 -86.130013 39.958641 19.610727 -11.975248 -2.448306 -5.88211 9.861286 0.70259 -10.936875 -0.360574 7.156209 -2e-06 8.774825 -2e-06 -16.907339 17.362108 5.567845 -1.844032 2.498505 -2.507278 -10.163602 4.678945 4.62111 -20.976025 -3e-06 3e-06 -21.226288 2.451697 -3.594001 -0.0 -8e-06 0.0 -1.362681 2.240798 -0.746323 -21.334921 0.58491 3.008326 -13.821216 -2e-06 2e-06 -23.887175 -0.249076 -0.839483 -60.849499 2.228157 -1.09566 -0.294024 1.679688 0.833255 -14.218212 0.093215 1.300581 -34.212059 -0.287561 0.967175 -20.033218 0.964538 1.212844 -1e-06 1e-06 -0.0 -3.440391 0.788231 0.501655 -15.928189 -3.167308 2.999711 -6.338828 -0.0 1e-06 -18.123449 3.648183 -4.905669 -5e-06 0.0 -4e-06 -9.982917 21.247297 2.326617 43.047699 47.505859 -16.250647 -139.8013 89.851967 -138.588577 -24.756489 6.933637 -25.707848 2.243544 -5.255037 -3.180158 14.282896 -0.826599 6.952504 1e-06 -12.690606 -0.0 17.353788 -17.091497 2.076017 1.665666 -1.955922 -2.878298 4.727801 -4.170589 4.993924 11.020528 0.0 -0.0 12.109056 -3.735719 -2.866785 1e-06 0.0 0.0 1.291986 -1.928551 -1.49809 14.800132 0.567465 3.865608 14.242579 -1.341738 -6.660657 19.631973 0.143921 -0.648246 50.015724 -0.575158 -6.723804 0.35303 -1.51115 -0.03194 20.222799 3.684305 2.316632 18.787283 -1e-06 -3e-06 10.751634 -0.479871 1.397906 -0.0 1e-06 1e-06 3.273808 0.305947 -0.58011 21.486818 11.830371 2.266135 8.16293 -0.0 -1e-06 18.399092 -3.798988 -4.940578 3e-06 -0.0 -1e-06 1.455696 -2.335271 -61.47546 -0.727623 -0.604478 97.43116 -7.195613 7.060214 -29.172955 1.704685 -1.969761 -3.32214 -0.0 -0.0 1e-06 -10.245781 5.800517 -60.120338 0.5234 0.839688 94.000366 9.864105 -0.120995 -34.855682 -1.503276 1.249621 0.144124 0.0 0.0 -1e-06 
0.0 0.0 0.0 0.0 -0.0 0.0 -20.543707 75.533417 4.709749 0.150609 3.333258 6.498655 0.073131 0.241791 10.731859 0.308048 -1.653632 1.068856 3.353864 -2.822059 16.294739 -1.757053 3.694837 -19.428429 -0.3491 1.650454 -3.297918 -4.44242 1.52436 -29.746857 7.7e-05 -2.3e-05 6e-06 0.082913 0.112092 0.090049 0.602812 -3.736321 -10.757462 -0.444698 3.983198 -10.674547 11.848671 -20.000389 3.269541 -9.417007 -48.422333 -54.926926 -160.411987 -78.970276 163.414307 22.282061 -15.856052 -5.761416 -5.882107 9.861284 0.702588 -10.936874 -0.360574 7.156206 -2e-06 8.774824 -2e-06 -15.319896 16.718138 6.583478 -1.844034 2.498504 -2.507277 -10.163603 4.678944 4.621108 -20.976027 -3e-06 4e-06 -21.226288 2.451697 -3.593999 0.0 -7e-06 1e-06 -1.362682 2.240798 -0.746323 -21.334917 0.584908 3.008324 -13.821217 -3e-06 3e-06 -23.887175 -0.249078 -0.839482 -61.40078 2.67188 -1.319113 -0.294026 1.679688 0.833256 -14.21821 0.093215 1.300581 -34.212059 -0.287563 0.967171 -20.033215 0.964537 1.212844 -1e-06 -0.0 0.0 -3.440388 0.788234 0.501656 -15.928187 -3.16731 2.999707 -6.338828 -1e-06 2e-06 -18.123444 3.648182 -4.90567 -4e-06 0.0 -2e-06 -14.992378 21.32921 -0.608873 25.584158 55.589088 -33.541767 176.718353 78.572594 177.43103 -25.706041 11.374094 -19.617771 2.243543 -5.25504 -3.18016 14.282903 -0.826595 6.952507 -0.0 -12.69061 -4e-06 16.097704 -16.995317 2.492338 1.665668 -1.955922 -2.878299 4.727804 -4.170591 4.993924 11.020534 3e-06 -0.0 12.10906 -3.735719 -2.866785 0.0 -1e-06 -1e-06 1.291987 -1.928552 -1.49809 14.800139 0.567469 3.86561 14.242582 -1.341739 -6.660659 19.631981 0.143923 -0.648244 49.769028 -0.464721 -6.344656 0.353029 -1.51115 -0.03194 20.222805 3.684308 2.316633 18.787287 3e-06 -1e-06 10.751636 -0.47987 1.397906 0.0 -0.0 -0.0 3.273809 0.305946 -0.58011 21.486828 11.830377 2.266137 8.162935 2e-06 -0.0 18.399096 -3.798988 -4.940578 3e-06 0.0 -1e-06 2.198387 -2.895766 -58.030724 -0.80437 -0.720448 94.411278 -7.409785 7.44345 -25.229654 1.625699 -1.913885 -5.144216 -0.0 -0.0 2e-06 -8.930404 6.513638 -56.247658 0.583501 0.850191 89.970688 9.289824 -1.124777 -32.19212 -1.513296 1.266603 -0.684539 0.0 0.0 -1e-06 
0.0 0.0 0.0 0.0 -0.0 0.0 -20.651127 79.50705 5.548369 -0.747952 3.5556 6.156957 -0.004897 0.120626 10.058002 0.16643 -1.505948 0.245301 4.308237 -3.094959 14.091167 -0.739763 3.44454 -17.473841 -0.541696 1.676401 -3.29157 -4.357549 2.362291 -27.49227 7.7e-05 -2.3e-05 6e-06 0.034242 0.003913 0.066759 0.595568 -3.864106 -10.740329 -0.53206 3.893739 -10.664638 16.696365 -22.350653 2.134479 9.722558 -38.578823 -85.314529 -165.572205 -72.93248 169.957092 27.841427 -15.601139 -15.581337 -5.88211 9.861292 0.702588 -10.93688 -0.360577 7.156208 1e-06 8.774831 -1e-06 -15.324179 16.994967 7.180941 -1.844037 2.498507 -2.50728 -10.163607 4.678946 4.621109 -20.97604 -7e-06 -2e-06 -21.226303 2.451694 -3.594005 1e-06 -6e-06 -0.0 -1.362682 2.2408 -0.746324 -21.334929 0.584906 3.00832 -13.821224 -5e-06 -1e-06 -23.887188 -0.249085 -0.839486 -61.531502 3.135505 -1.186225 -0.294024 1.679689 0.833256 -14.218221 0.093214 1.300577 -34.212082 -0.287572 0.967166 -20.033232 0.964532 1.212843 -0.0 0.0 -0.0 -3.440392 0.788234 0.501655 -15.928201 -3.167314 2.999706 -6.338829 -2e-06 -0.0 -18.123459 3.648181 -4.905678 -4e-06 -0.0 -2e-06 -17.767593 21.539457 -2.616064 -6.425038 55.568161 -66.117348 179.56897 77.124603 -179.933182 -26.995987 12.498197 -17.613478 2.243544 -5.25504 -3.18016 14.282904 -0.826595 6.952505 -4e-06 -12.690609 1e-06 14.367342 -16.918583 3.56321 1.66567 -1.955923 -2.878301 4.727803 -4.170588 4.993924 11.020538 3e-06 -3e-06 12.109066 -3.735717 -2.866787 0.0 -0.0 -1e-06 1.291987 -1.928551 -1.498092 14.800144 0.567468 3.865608 14.242586 -1.341736 -6.660663 19.631987 0.143927 -0.648247 46.879082 -0.622649 -5.916464 0.35303 -1.511152 -0.03194 20.222811 3.684312 2.31663 18.787292 6e-06 -3e-06 10.751641 -0.479868 1.397906 0.0 -1e-06 0.0 3.27381 0.305947 -0.580112 21.486832 11.830381 2.266131 8.162935 3e-06 -2e-06 18.399099 -3.798983 -4.940581 3e-06 -0.0 -1e-06 3.284108 -2.963023 -53.823162 -0.605693 -0.703396 88.261192 -7.233025 7.776362 -20.718601 1.619945 -1.915845 -5.565662 0.0 -1e-06 2e-06 -7.332714 7.335105 -51.638741 0.603027 0.804647 83.13266 8.105104 -2.103083 -27.859186 -1.511575 1.325124 -1.854431 -0.0 -0.0 -1e-06 
0.0 0.0 0.0 0.0 -0.0 0.0 -20.795227 84.883629 6.663921 -1.387312 4.05414 6.306635 -0.059914 -0.022361 9.444911 -0.091876 -1.296789 -0.551727 5.14902 -3.071412 11.753052 0.282545 3.16321 -16.615847 -0.618773 1.708878 -3.341955 -4.319123 2.561639 -25.725872 7.7e-05 -2.3e-05 5e-06 0.032216 0.034218 0.018743 0.579808 -3.818418 -10.688036 -0.515343 3.901187 -10.609422 21.860289 -24.37056 0.899747 20.301231 -24.534462 -102.331688 -172.171448 -76.609505 178.481598 33.202995 -16.119932 -18.273277 -5.882103 9.861281 0.70259 -10.936866 -0.360576 7.156203 1e-06 8.774821 -2e-06 -16.007368 16.473467 7.243812 -1.844033 2.498501 -2.507276 -10.163595 4.678942 4.621107 -20.976013 -4e-06 4e-06 -21.226274 2.451696 -3.593996 1e-06 -6e-06 1e-06 -1.362681 2.240796 -0.746323 -21.334908 0.584909 3.008323 -13.821209 -2e-06 3e-06 -23.887161 -0.249077 -0.83948 -62.255035 2.75369 -1.16199 -0.294024 1.679684 0.833256 -14.218201 0.093215 1.300581 -34.21204 -0.287562 0.967172 -20.033205 0.964537 1.212843 -0.0 0.0 -0.0 -3.440386 0.788233 0.501656 -15.928183 -3.167309 2.999708 -6.338824 -0.0 -0.0 -18.123444 3.648183 -4.90567 -5e-06 0.0 -3e-06 -19.022324 22.595289 -3.077049 -31.243891 42.633247 -88.596916 -162.783279 85.982437 -162.516846 -31.019594 13.019797 -11.857217 2.243543 -5.255039 -3.180161 14.282902 -0.826595 6.952507 -4e-06 -12.690609 2e-06 14.384648 -16.634855 4.19271 1.665667 -1.955923 -2.878302 4.727801 -4.170588 4.993928 11.020533 3e-06 -2e-06 12.10906 -3.735717 -2.866786 1e-06 -0.0 0.0 1.291987 -1.928549 -1.498091 14.80014 0.56747 3.86561 14.242582 -1.341734 -6.660662 19.631979 0.143927 -0.648245 45.82616 -1.248911 -5.598278 0.353028 -1.511151 -0.03194 20.222803 3.684311 2.316631 18.787289 6e-06 -0.0 10.751637 -0.479868 1.397907 1e-06 -0.0 1e-06 3.27381 0.305946 -0.580111 21.486832 11.830381 2.266134 8.162933 3e-06 -0.0 18.399096 -3.798985 -4.940577 4e-06 -1e-06 -2e-06 3.97079 -1.649657 -48.482834 -0.268253 -0.556422 78.872429 -6.193488 6.723453 -14.416905 1.684608 -2.069234 -6.390009 0.0 0.0 2e-06 -5.896177 7.282041 -45.635784 0.588281 0.721672 72.786858 6.483508 -3.474025 -22.032204 -1.507407 1.242603 -2.389783 -0.0 -0.0 -1e-06 
0.0 0.0 0.0 0.0 -0.0 0.0 -20.781734 91.625114 8.213978 -1.168668 5.026525 6.443912 -0.254462 -0.165635 8.647974 -0.276658 -0.894068 -1.277724 5.236965 -3.056721 9.468986 0.951315 2.84191 -15.950065 -0.701798 1.829383 -3.432711 -4.217103 2.353966 -24.777119 7.7e-05 -2.3e-05 6e-06 0.046017 0.08885 0.015577 0.560074 -3.712092 -10.527166 -0.464977 3.897715 -10.46447 26.860432 -25.193727 -0.475698 24.458155 -13.14631 -105.282692 155.848068 -87.348785 -149.746857 34.299091 -16.045118 -12.414248 -5.882101 9.861286 0.702591 -10.936867 -0.360576 7.156206 1e-06 8.774824 -2e-06 -17.110451 16.703543 6.992474 -1.84403 2.498504 -2.507277 -10.163595 4.678945 4.621109 -20.976019 -5e-06 4e-06 -21.226276 2.451698 -3.593997 0.0 -7e-06 -1e-06 -1.362681 2.2408 -0.746325 -21.334906 0.58491 3.008326 -13.82121 -3e-06 4e-06 -23.887159 -0.249077 -0.83948 -63.46114 2.554411 -1.307529 -0.294025 1.679687 0.833255 -14.218206 0.093215 1.300583 -34.212036 -0.287562 0.967176 -20.033209 0.964538 1.212846 0.0 0.0 -0.0 -3.440387 0.788234 0.501656 -15.928183 -3.16731 2.99971 -6.338824 -4e-06 1e-06 -18.123444 3.648183 -4.905668 -3e-06 -0.0 -2e-06 -20.230726 24.266932 -2.616659 -41.370861 26.522768 -92.084915 -12.379397 78.747414 -11.789038 -37.635239 11.983515 -5.875305 2.243541 -5.255037 -3.180158 14.282887 -0.826594 6.952503 -1e-06 -12.690603 1e-06 15.773947 -16.653034 4.005719 1.665665 -1.955921 -2.878299 4.727797 -4.170587 4.993924 11.020524 4e-06 -2e-06 12.109048 -3.735715 -2.866785 1e-06 0.0 -1e-06 1.291985 -1.928548 -1.49809 14.800123 0.567468 3.865607 14.242568 -1.341737 -6.660657 19.631962 0.143927 -0.648245 48.502914 -1.189274 -5.784896 0.353029 -1.511152 -0.031941 20.222786 3.684312 2.316629 18.78727 5e-06 1e-06 10.751625 -0.479868 1.397907 0.0 -0.0 -1e-06 3.273806 0.305946 -0.58011 21.486805 11.830374 2.266132 8.162926 -0.0 -1e-06 18.399076 -3.798986 -4.940577 3e-06 -0.0 -1e-06 3.385187 1.066554 -40.764362 -0.018793 -0.362701 65.054062 -5.250875 4.22086 -5.757792 1.825423 -2.087846 -7.79939 0.0 0.0 3e-06 -5.279161 5.579592 -36.901367 0.541394 0.716728 57.69223 5.053303 -3.759597 -14.208909 -1.536484 1.185576 -2.730414 -0.0 0.0 -1e-06 
0.0 0.0 0.0 0.0 -0.0 0.0 -20.547398 98.965172 9.941341 -0.227786 6.261244 6.909382 -0.75895 -0.286819 7.182624 -0.31854 -0.439847 -2.085359 4.612564 -3.4025 7.518346 1.020365 2.582257 -14.936934 -0.466017 2.422782 -3.716773 -3.883689 2.465676 -24.569874 7.7e-05 -2.3e-05 5e-06 0.061222 0.1749 0.043031 0.551236 -3.597011 -10.470117 -0.423214 3.947218 -10.423607 29.894932 -25.407949 -0.263253 27.327963 -6.701694 -101.654045 11.618234 -78.449333 -5.605565 30.759279 -13.353564 -4.605989 -5.882104 9.861281 0.70259 -10.936868 -0.360572 7.156204 -0.0 8.774819 -2e-06 -18.767466 16.443899 5.605984 -1.844033 2.498502 -2.507277 -10.1636 4.678942 4.621109 -20.976019 -3e-06 4e-06 -21.226282 2.451696 -3.593998 -0.0 -7e-06 -2e-06 -1.362679 2.240797 -0.746322 -21.334911 0.584909 3.008322 -13.821213 -2e-06 2e-06 -23.887167 -0.249079 -0.839481 -64.201042 2.083426 -1.265962 -0.294024 1.679685 0.833257 -14.218203 0.093214 1.300579 -34.212048 -0.287564 0.967172 -20.033211 0.964536 1.212846 1e-06 0.0 1e-06 -3.440387 0.788232 0.501657 -15.928185 -3.167309 2.999707 -6.338824 -2e-06 2e-06 -18.123444 3.648181 -4.905667 -5e-06 -0.0 -2e-06 -21.551535 25.637995 -1.301093 -44.188587 16.111429 -87.119286 -3.799724 63.819138 -3.148198 -41.451183 10.643495 -9.423373 2.243541 -5.255034 -3.180154 14.282887 -0.826593 6.9525 -3e-06 -12.6906 -1e-06 16.915731 -17.317204 3.580727 1.665666 -1.95592 -2.878298 4.727797 -4.170583 4.993923 11.02052 3e-06 -0.0 12.109049 -3.735713 -2.866782 2e-06 1e-06 0.0 1.291985 -1.928549 -1.498089 14.800123 0.56747 3.865606 14.242566 -1.341734 -6.660654 19.631966 0.143929 -0.648243 51.23682 -1.005128 -5.542676 0.353029 -1.51115 -0.031939 20.222786 3.68431 2.316629 18.78727 8e-06 0.0 10.751625 -0.479867 1.397907 0.0 -0.0 1e-06 3.273805 0.305948 -0.580111 21.486809 11.830373 2.26613 8.162923 2e-06 -1e-06 18.399076 -3.798981 -4.940571 4e-06 -0.0 -1e-06 2.33786 5.863107 -31.318186 -0.015833 -0.366845 46.056808 -7.153427 -0.153765 8.757218 1.95502 -1.950126 -10.856749 0.0 0.0 3e-06 -5.52368 1.531816 -26.312977 0.384925 0.802263 37.960213 4.58784 -1.99341 -0.639717 -1.553738 1.146025 -4.199203 0.0 -0.0 -1e-06 
0.0 0.0 0.0 0.0 -0.0 0.0 -20.479998 106.319771 11.476542 0.369993 7.376269 8.625643 -0.954277 -0.190217 4.34789 -0.36813 -0.471031 -3.31577 3.739193 -3.543182 5.834152 0.704658 2.571218 -13.801841 -0.153334 3.112994 -3.936675 -2.670651 1.937196 -24.244114 7.7e-05 -2.3e-05 5e-06 0.102563 0.259353 0.12094 0.623754 -3.498796 -10.525074 -0.415674 4.012238 -10.508907 31.512581 -25.510824 0.692319 30.829496 -4.087609 -92.301323 8.37473 -62.655819 -2.403245 25.071772 -9.010739 -0.416648 -5.882109 9.861291 0.702591 -10.936876 -0.360576 7.156207 1e-06 8.774831 -2e-06 -19.264185 16.86841 4.638535 -1.844033 2.498506 -2.507281 -10.163604 4.678946 4.621111 -20.976032 -4e-06 2e-06 -21.226297 2.451695 -3.594003 -0.0 -6e-06 -1e-06 -1.362682 2.2408 -0.746323 -21.334925 0.584908 3.008323 -13.821218 -3e-06 3e-06 -23.887182 -0.24908 -0.839487 -63.209324 1.809126 -1.09046 -0.294024 1.679687 0.833257 -14.218215 0.093215 1.300579 -34.212067 -0.287569 0.967168 -20.033222 0.964535 1.212843 1e-06 -1e-06 0.0 -3.440391 0.788233 0.501656 -15.928194 -3.167314 2.999707 -6.338829 -1e-06 1e-06 -18.123455 3.648183 -4.905676 -5e-06 -0.0 -3e-06 -22.735052 26.223114 0.376816 -43.925629 12.109469 -76.714912 -1.480697 49.885128 -1.454623 -39.594109 13.124258 -20.737894 2.243543 -5.255041 -3.180161 14.282904 -0.826593 6.952509 -4e-06 -12.690616 -0.0 17.622194 -17.12237 2.52663 1.665667 -1.955924 -2.878302 4.727802 -4.170591 4.993928 11.020536 4e-06 1e-06 12.10906 -3.735717 -2.866788 0.0 0.0 -0.0 1.291987 -1.92855 -1.49809 14.80014 0.56747 3.865611 14.242582 -1.341737 -6.660662 19.631979 0.143926 -0.648243 51.422386 -1.050521 -5.820856 0.353028 -1.511151 -0.03194 20.222805 3.684315 2.316635 18.787289 7e-06 2e-06 10.751637 -0.479867 1.39791 2e-06 1e-06 -0.0 3.273809 0.305948 -0.580112 21.486834 11.830391 2.26614 8.162936 3e-06 -0.0 18.399099 -3.798987 -4.940578 3e-06 1e-06 -2e-06 2.551553 10.708907 -21.150642 0.112695 -0.352298 21.276276 -13.552073 -0.705435 27.59639 1.833609 -1.914948 -8.808924 0.0 0.0 2e-06 -5.468931 -4.951831 -16.35836 0.114205 0.432999 15.423892 7.639143 -0.163028 18.8409 -1.512456 1.104853 -4.490277 -0.0 -0.0 -2e-06 
0.0 0.0 0.0 0.0 -0.0 0.0 -20.367886 112.570702 12.428364 -0.016856 8.464842 10.47003 -0.708457 0.020297 1.252581 -0.468254 -0.854343 -4.674583 3.362214 -3.710916 4.529356 0.359584 2.656648 -12.715433 0.609817 3.591628 -3.94935 -1.631066 2.33847 -23.347086 7.7e-05 -2.2e-05 6e-06 0.071709 0.162537 0.153433 0.621374 -3.577899 -10.504504 -0.475729 3.901566 -10.482591 33.560322 -25.378132 0.98244 33.553711 -4.463024 -75.503716 7.662875 -46.472652 -1.62717 17.36565 -4.204467 -1.905541 -5.882108 9.861295 0.70259 -10.936878 -0.360578 7.156209 0.0 8.774834 -2e-06 -19.289253 17.420748 4.855071 -1.844035 2.498507 -2.507279 -10.163604 4.678948 4.62111 -20.976038 -5e-06 -0.0 -21.226299 2.451695 -3.594005 1e-06 -6e-06 -1e-06 -1.362682 2.2408 -0.746325 -21.334925 0.584907 3.008322 -13.821222 -5e-06 1e-06 -23.887186 -0.249084 -0.839485 -63.726055 1.898494 -0.840174 -0.294024 1.67969 0.833256 -14.218217 0.093212 1.300579 -34.212067 -0.28757 0.967172 -20.033222 0.964535 1.212844 -0.0 1e-06 1e-06 -3.44039 0.788234 0.501655 -15.928192 -3.167314 2.999708 -6.338829 -3e-06 2e-06 -18.123457 3.648181 -4.905676 -4e-06 0.0 -1e-06 -23.436413 26.47386 2.112034 -43.007957 12.583373 -62.0177 -0.436212 37.411282 -1.1316 -33.328281 19.217531 -31.732615 2.243543 -5.25504 -3.180161 14.282899 -0.82659 6.952504 -4e-06 -12.69061 -3e-06 17.536114 -16.65151 1.740018 1.665668 -1.955923 -2.878299 4.727801 -4.170589 4.993925 11.020534 6e-06 1e-06 12.109059 -3.735717 -2.866784 0.0 -0.0 -0.0 1.291985 -1.928551 -1.498089 14.80014 0.567472 3.865611 14.242579 -1.341735 -6.66066 19.631981 0.143929 -0.648241 50.169819 -1.065807 -6.463647 0.353027 -1.511152 -0.031939 20.222803 3.684319 2.316632 18.787287 7e-06 1e-06 10.751636 -0.479867 1.39791 1e-06 -0.0 -1e-06 3.273809 0.305948 -0.580111 21.486835 11.830389 2.266136 8.162934 4e-06 1e-06 18.399096 -3.798983 -4.940575 3e-06 2e-06 -1e-06 4.295189 11.387249 -14.498632 0.372275 -0.476941 4.531415 -11.504545 5.659386 34.442379 1.717881 -1.992092 -3.496318 -0.0 -0.0 3e-06 -4.427678 -10.498136 -11.521355 0.002731 0.147001 3.701848 11.52061 -1.382933 31.923998 -1.423965 1.03225 -1.345282 -0.0 0.0 -3e-06 
0.0 0.0 0.0 0.0 -0.0 0.0 -20.275166 117.778412 12.184289 -0.197694 9.619541 10.634399 -0.755288 -0.094096 -0.168657 -0.615473 -1.032998 -5.270128 3.008792 -3.970491 4.231204 0.480838 2.612034 -11.955307 1.02817 3.790444 -3.924919 -0.73197 2.927753 -23.039572 7.7e-05 -2.2e-05 6e-06 0.013296 0.017827 0.170446 0.547689 -3.699339 -10.363475 -0.518328 3.744112 -10.299006 35.299828 -25.220409 0.993772 35.557182 -7.927965 -58.126072 3.909742 -35.009411 0.081741 8.892488 -1.983166 -4.147682 -5.882106 9.86129 0.70259 -10.936874 -0.360576 7.156209 -0.0 8.774828 -0.0 -18.96195 17.359724 4.995701 -1.844034 2.498505 -2.507279 -10.163602 4.678946 4.621111 -20.97603 -2e-06 3e-06 -21.226294 2.451699 -3.594001 0.0 -6e-06 -0.0 -1.362682 2.240798 -0.746324 -21.334923 0.584908 3.008327 -13.821218 -2e-06 2e-06 -23.887177 -0.249076 -0.839481 -63.481335 1.906651 -0.506262 -0.294025 1.679688 0.833256 -14.218215 0.093213 1.300582 -34.212063 -0.287564 0.967174 -20.03322 0.964537 1.212846 0.0 0.0 -0.0 -3.440392 0.788234 0.501655 -15.928192 -3.167312 2.999711 -6.33883 -2e-06 1e-06 -18.123453 3.648184 -4.905673 -4e-06 0.0 -1e-06 -22.099232 26.415016 4.20717 -42.329659 15.547843 -44.779682 0.243326 28.939672 -0.087566 -30.35877 24.720926 -38.493763 2.243543 -5.25504 -3.180163 14.282903 -0.826594 6.952511 -3e-06 -12.690614 -1e-06 17.203218 -16.345531 1.687103 1.665668 -1.955922 -2.878302 4.727801 -4.17059 4.993929 11.020533 4e-06 0.0 12.109058 -3.735718 -2.866785 0.0 -0.0 0.0 1.291983 -1.928552 -1.498091 14.80014 0.567469 3.865613 14.24258 -1.341736 -6.660661 19.631985 0.143927 -0.648241 49.933296 -0.873782 -6.788079 0.35303 -1.511152 -0.031941 20.222809 3.684315 2.316635 18.787289 7e-06 3e-06 10.751637 -0.479869 1.39791 1e-06 1e-06 1e-06 3.273808 0.305946 -0.58011 21.486834 11.830386 2.26614 8.162934 3e-06 0.0 18.399099 -3.798988 -4.940575 3e-06 1e-06 -0.0 5.702487 10.029309 -12.31407 0.319799 -0.658997 3.328447 -7.603574 9.696609 32.785984 1.803309 -2.120606 -1.390592 -0.0 -1e-06 3e-06 -4.209621 -12.653532 -9.737842 -0.014965 0.225834 3.57333 12.106948 -2.044692 37.383682 -1.40894 0.96293 -0.545678 -0.0 0.0 -4e-06 
0.0 0.0 0.0 0.0 -0.0 0.0 -20.219475 122.048882 11.313999 -0.145593 10.621802 9.967539 -1.004897 -0.277341 -0.581451 -0.669868 -1.101573 -5.604829 2.67473 -4.1738 4.624448 0.649144 2.551421 -10.95282 1.170967 3.720611 -3.93004 0.022305 3.489537 -23.11742 7.7e-05 -2.3e-05 5e-06 -0.040112 -0.088209 0.172663 0.450675 -3.800925 -10.289324 -0.529648 3.640635 -10.184608 36.444984 -25.137449 1.318408 35.300304 -14.554251 -43.980976 0.961851 -28.291628 0.757561 3.939175 -1.747671 -5.476693 -5.882102 9.861284 0.702591 -10.936871 -0.360576 7.156205 2e-06 8.774824 -2e-06 -17.65744 16.965145 5.38016 -1.844034 2.498503 -2.507278 -10.163601 4.678943 4.621109 -20.976023 -6e-06 5e-06 -21.226286 2.451694 -3.593998 -1e-06 -6e-06 -1e-06 -1.362681 2.240797 -0.746323 -21.334913 0.584907 3.008325 -13.821213 -4e-06 3e-06 -23.887167 -0.24908 -0.83948 -61.863224 1.841903 -0.23557 -0.294025 1.679687 0.833256 -14.218208 0.093212 1.30058 -34.212051 -0.287568 0.967174 -20.033213 0.964535 1.212846 -0.0 -0.0 -0.0 -3.440389 0.788233 0.501656 -15.928185 -3.167312 2.999708 -6.338826 -2e-06 1e-06 -18.123446 3.648178 -4.905668 -4e-06 -0.0 -3e-06 -19.743731 26.146566 6.491074 -40.110397 20.241024 -27.623196 0.12441 24.709133 0.906674 -30.377464 27.755119 -41.593048 2.243544 -5.255041 -3.18016 14.282898 -0.826596 6.952503 -3e-06 -12.690608 0.0 16.904022 -15.967709 1.787357 1.665668 -1.955923 -2.878301 4.727801 -4.170588 4.993926 11.020532 2e-06 -2e-06 12.109059 -3.735714 -2.866787 1e-06 -1e-06 0.0 1.291986 -1.928549 -1.49809 14.800136 0.567469 3.865608 14.242579 -1.341734 -6.660661 19.631975 0.143929 -0.648246 49.451385 -0.739993 -6.855752 0.35303 -1.511152 -0.03194 20.222801 3.684312 2.316628 18.787285 7e-06 -1e-06 10.751633 -0.479866 1.397907 -0.0 1e-06 1e-06 3.273808 0.305947 -0.580112 21.486824 11.830379 2.266136 8.16293 0.0 -1e-06 18.399092 -3.798985 -4.940578 3e-06 1e-06 -1e-06 6.124276 8.413805 -11.886859 0.143788 -0.827951 7.286847 -6.462739 10.606695 30.065432 1.884527 -2.221564 -0.857129 -0.0 1e-06 1e-06 -4.533547 -12.746488 -8.584625 -0.049222 0.394985 6.075403 11.805895 -2.104949 42.123013 -1.415305 0.948672 -0.668947 -0.0 0.0 -3e-06 
0.0 0.0 0.0 0.0 -0.0 0.0 -20.242907 125.19622 10.108368 -0.07359 11.557741 9.1975 -1.208463 -0.419797 -0.59954 -0.647233 -1.208793 -5.80389 2.338627 -4.393554 5.371732 0.839321 2.581643 -9.771542 1.217325 3.573191 -3.917323 0.534612 3.953523 -23.219084 7.7e-05 -2.2e-05 6e-06 -0.074489 -0.147466 0.165638 0.371394 -3.86749 -10.292297 -0.520954 3.592886 -10.163156 36.94202 -25.019899 1.846992 32.290775 -23.076075 -32.947346 -0.255274 -24.064287 0.911166 2.808445 -1.129151 -5.03948 -5.882104 9.861282 0.702593 -10.93687 -0.360575 7.156203 2e-06 8.774822 -0.0 -16.304646 16.880049 5.94877 -1.844033 2.498502 -2.507277 -10.163597 4.678942 4.621108 -20.976021 -7e-06 0.0 -21.226286 2.451692 -3.593998 -0.0 -6e-06 -1e-06 -1.362681 2.240797 -0.746322 -21.334913 0.584907 3.008321 -13.821213 -5e-06 -0.0 -23.887171 -0.249082 -0.839483 -60.676189 1.861827 -0.186503 -0.294024 1.679685 0.833256 -14.218207 0.093213 1.300579 -34.212048 -0.287569 0.96717 -20.033211 0.964533 1.212844 0.0 0.0 -0.0 -3.440389 0.788234 0.501654 -15.928185 -3.16731 2.999705 -6.338826 -2e-06 -1e-06 -18.123444 3.64818 -4.905669 -4e-06 -0.0 -3e-06 -17.110252 25.743256 8.679998 -35.702869 25.523561 -12.766742 -0.737528 23.578203 1.598625 -30.877438 28.399744 -41.610622 2.243543 -5.255038 -3.180159 14.282896 -0.826592 6.952503 -4e-06 -12.690605 -0.0 16.595419 -15.713791 2.054343 1.665668 -1.955924 -2.878301 4.7278 -4.170588 4.993925 11.020534 3e-06 -2e-06 12.109059 -3.735715 -2.866786 0.0 -1e-06 -1e-06 1.291986 -1.928548 -1.498091 14.800138 0.567471 3.865608 14.24258 -1.341732 -6.660665 19.631975 0.143931 -0.648249 48.417435 -0.825976 -6.707126 0.353029 -1.51115 -0.031941 20.222803 3.684313 2.316628 18.787283 8e-06 -1e-06 10.751634 -0.479868 1.397906 1e-06 1e-06 0.0 3.273808 0.305948 -0.580112 21.486826 11.830379 2.26613 8.16293 3e-06 -3e-06 18.399088 -3.798982 -4.940581 3e-06 0.0 -1e-06 5.92548 6.98637 -12.431377 0.033695 -0.934265 11.450653 -6.618702 9.885326 27.999647 1.903931 -2.232133 -0.821199 -0.0 1e-06 2e-06 -4.782135 -11.990366 -7.813383 -0.077046 0.506663 8.598752 11.560369 -2.150227 46.611179 -1.429673 0.978202 -0.918062 0.0 -0.0 -1e-06 
0.0 0.0 0.0 0.0 -0.0 0.0 -20.380871 127.085854 8.722923 -0.11564 12.42327 8.596944 -1.277256 -0.538249 -0.428292 -0.61067 -1.32895 -5.882797 2.052802 -4.605255 6.292725 1.133076 2.610458 -8.463241 1.195041 3.52721 -3.885344 0.823876 4.386925 -23.265934 7.7e-05 -2.2e-05 4e-06 -0.089491 -0.172022 0.165479 0.329612 -3.904003 -10.358266 -0.510373 3.581412 -10.211293 36.948063 -24.864981 2.545727 26.327591 -31.735716 -23.211824 -0.422319 -21.31575 0.911506 3.705337 0.730441 -2.660352 -5.882111 9.861293 0.702591 -10.936883 -0.360577 7.156213 3e-06 8.774832 -1e-06 -15.287326 17.149559 6.436039 -1.844034 2.498506 -2.507279 -10.163611 4.678946 4.621115 -20.976048 -7e-06 4e-06 -21.226311 2.451698 -3.593998 -1e-06 -6e-06 -1e-06 -1.362684 2.2408 -0.746326 -21.334938 0.584907 3.008328 -13.821229 -4e-06 3e-06 -23.887201 -0.249079 -0.839479 -60.29549 1.959526 -0.290504 -0.294024 1.679689 0.833257 -14.218224 0.093212 1.300583 -34.212086 -0.287569 0.967177 -20.033236 0.964535 1.212847 -0.0 1e-06 0.0 -3.440392 0.788234 0.501654 -15.928205 -3.167315 2.999712 -6.338834 -2e-06 1e-06 -18.123466 3.648182 -4.905674 -4e-06 1e-06 -2e-06 -14.46096 25.290001 10.639373 -29.498276 30.418566 0.056995 -2.111582 24.019209 1.860857 -30.262161 27.350727 -40.001598 2.243542 -5.255038 -3.18016 14.282902 -0.826591 6.952509 -5e-06 -12.690609 0.0 16.171097 -15.906463 2.633046 1.665667 -1.95592 -2.878302 4.727801 -4.170588 4.993929 11.020536 6e-06 0.0 12.109059 -3.735715 -2.866784 -0.0 1e-06 -0.0 1.291986 -1.928548 -1.49809 14.800142 0.56747 3.86561 14.242582 -1.341733 -6.66066 19.631983 0.143929 -0.648241 47.602844 -0.987839 -6.508802 0.353029 -1.511151 -0.031939 20.222807 3.684316 2.316633 18.787289 9e-06 3e-06 10.751636 -0.479868 1.397908 1e-06 1e-06 -0.0 3.273809 0.305947 -0.580111 21.486834 11.830382 2.266134 8.162933 2e-06 0.0 18.399096 -3.798982 -4.940575 5e-06 0.0 1e-06 5.683532 5.577012 -13.426489 0.01283 -0.984977 14.1525 -6.990759 8.759854 27.080999 1.876916 -2.191323 -0.95588 -1e-06 -1e-06 3e-06 -4.691988 -11.065078 -7.535317 -0.099305 0.541249 10.859863 11.010432 -2.274628 50.604424 -1.442752 1.005187 -0.961458 -0.0 -0.0 -2e-06 
0.0 0.0 0.0 0.0 -0.0 0.0 -20.698717 127.655289 7.266094 -0.28313 13.076166 8.259344 -1.215973 -0.660116 -0.066179 -0.567082 -1.414681 -5.853164 1.869089 -4.828305 7.270464 1.462055 2.61073 -7.154718 1.147452 3.708377 -3.856456 0.824062 4.883906 -23.225557 7.7e-05 -2.2e-05 5e-06 -0.085523 -0.167555 0.175801 0.326705 -3.912146 -10.461796 -0.500452 3.596782 -10.302014 36.162914 -24.739687 3.451615 17.203922 -39.08688 -12.627885 -0.286728 -19.436245 0.865835 5.426284 3.407526 0.6498 -5.882108 9.861286 0.702589 -10.936875 -0.360575 7.156211 1e-06 8.774824 -1e-06 -14.832118 17.654787 6.63579 -1.844033 2.498505 -2.507278 -10.163603 4.678944 4.621109 -20.97603 -6e-06 2e-06 -21.226292 2.451695 -3.594 1e-06 -6e-06 0.0 -1.362682 2.240798 -0.746322 -21.334921 0.584908 3.008324 -13.821218 -3e-06 2e-06 -23.887175 -0.24908 -0.839481 -60.601231 2.061434 -0.476888 -0.294025 1.679688 0.833255 -14.218212 0.093214 1.300581 -34.212051 -0.287566 0.967173 -20.033215 0.964535 1.212846 -1e-06 -1e-06 -1e-06 -3.440389 0.788233 0.501655 -15.928192 -3.167311 2.999709 -6.338829 -2e-06 1e-06 -18.123453 3.64818 -4.905672 -6e-06 1e-06 -0.0 -11.710021 24.878986 12.267505 -21.843206 34.68784 10.331032 -3.478314 24.673641 1.716378 -27.326431 25.217627 -37.632408 2.243541 -5.255033 -3.180158 14.28289 -0.826596 6.952503 -1e-06 -12.690603 0.0 15.669009 -16.514082 3.316797 1.665666 -1.95592 -2.878299 4.727798 -4.170587 4.993924 11.020526 3e-06 0.0 12.109051 -3.735713 -2.866782 1e-06 1e-06 0.0 1.291986 -1.928548 -1.498089 14.800127 0.567468 3.865608 14.242569 -1.341735 -6.660657 19.631968 0.143927 -0.648245 47.388466 -1.111691 -6.426956 0.353028 -1.511148 -0.03194 20.22279 3.684311 2.316629 18.78727 7e-06 0.0 10.751626 -0.479869 1.397905 -0.0 0.0 -1e-06 3.273806 0.305947 -0.580111 21.486816 11.830373 2.266134 8.162928 4e-06 -0.0 18.39908 -3.798984 -4.940575 4e-06 0.0 1e-06 5.652009 3.995321 -14.779893 0.041212 -0.98373 15.660658 -7.264599 7.884698 26.794022 1.848586 -2.153881 -1.061461 0.0 -1e-06 3e-06 -4.310904 -10.154541 -7.986862 -0.131248 0.511913 13.296078 9.85323 -2.426086 53.629303 -1.452875 1.011108 -0.712705 -0.0 -0.0 -1e-06 
0.0 0.0 0.0 0.0 -0.0 0.0 -21.130142 126.95298 5.879023 -0.419515 13.369011 8.340342 -1.102655 -0.763133 0.503583 -0.510358 -1.495187 -5.732982 1.752809 -5.086133 8.197833 1.682389 2.528719 -6.024037 1.104707 4.067894 -3.862148 0.554225 5.444788 -23.271275 7.7e-05 -2.4e-05 6e-06 -0.067128 -0.134114 0.1903 0.352561 -3.893032 -10.572679 -0.490692 3.640897 -10.412238 34.34383 -24.74131 4.676418 4.381547 -43.745785 0.134657 -0.143816 -17.626936 0.808443 7.445924 6.156946 3.40777 -5.882107 9.861292 0.702591 -10.936879 -0.360579 7.156215 5e-06 8.774833 -1e-06 -15.02796 18.136061 6.390226 -1.844033 2.498506 -2.507279 -10.163608 4.678945 4.621112 -20.976042 -1e-05 7e-06 -21.226301 2.451693 -3.593997 0.0 -6e-06 -0.0 -1.362682 2.2408 -0.746323 -21.334929 0.584903 3.008331 -13.821222 -6e-06 5e-06 -23.887188 -0.249082 -0.839475 -61.19054 2.179445 -0.73391 -0.294024 1.679689 0.833256 -14.21822 0.09321 1.300583 -34.212074 -0.287572 0.967182 -20.03323 0.964536 1.212852 0.0 -1e-06 -1e-06 -3.440391 0.788232 0.501656 -15.928201 -3.167316 2.999712 -6.338833 -3e-06 2e-06 -18.123457 3.64818 -4.90567 -6e-06 1e-06 -2e-06 -8.786325 24.563139 13.567215 -12.333447 38.198971 17.893976 -4.688485 24.647388 1.330357 -22.783947 22.127789 -35.942757 2.243542 -5.255039 -3.180158 14.2829 -0.826593 6.952502 -3e-06 -12.690605 1e-06 15.200576 -17.23094 3.725652 1.665667 -1.955922 -2.8783 4.727802 -4.170589 4.993924 11.020536 6e-06 -3e-06 12.10906 -3.735715 -2.866786 3e-06 1e-06 -0.0 1.291986 -1.928551 -1.498091 14.80014 0.56747 3.865607 14.242584 -1.341734 -6.660661 19.631985 0.143929 -0.648245 47.520603 -1.190866 -6.527118 0.353029 -1.51115 -0.031941 20.222803 3.684312 2.316628 18.787287 8e-06 -1e-06 10.751635 -0.479867 1.397908 1e-06 0.0 1e-06 3.27381 0.305946 -0.580112 21.486832 11.830379 2.266129 8.162933 4e-06 -3e-06 18.399096 -3.798981 -4.940578 3e-06 -0.0 -2e-06 5.650294 2.36368 -16.525925 0.076809 -0.962541 16.340157 -7.47065 7.379793 26.792582 1.82261 -2.122552 -1.10907 -0.0 -1e-06 1e-06 -3.946877 -9.081276 -9.401806 -0.170507 0.427229 15.899894 8.534334 -2.599859 55.596684 -1.466211 1.025241 -0.242374 0.0 0.0 0.0 
0.0 0.0 0.0 0.0 -0.0 0.0 -21.611286 125.119522 4.496815 -0.460163 13.219893 9.026723 -0.929387 -0.808578 1.230804 -0.442905 -1.6596 -5.488494 1.675674 -5.274171 8.94215 1.654793 2.450081 -5.396885 1.023708 4.34531 -3.950906 0.168586 5.887698 -23.372217 7.6e-05 -2.3e-05 5e-06 -0.04601 -0.086166 0.195854 0.379744 -3.869662 -10.679875 -0.476856 3.710876 -10.524211 31.340487 -24.889633 6.347346 -10.778325 -44.277573 12.802448 -0.692125 -15.139603 0.79085 9.509752 8.280487 4.998389 -5.882106 9.861288 0.702591 -10.936875 -0.360578 7.156208 0.0 8.774828 -3e-06 -15.747546 18.438398 5.780408 -1.844033 2.498505 -2.507278 -10.163603 4.678945 4.621112 -20.97603 -7e-06 4e-06 -21.226292 2.451697 -3.593999 1e-06 -4e-06 -0.0 -1.362682 2.240798 -0.746324 -21.334921 0.584905 3.008324 -13.821217 -3e-06 4e-06 -23.887175 -0.249079 -0.839481 -61.567135 2.401507 -0.960903 -0.294025 1.679688 0.833255 -14.218213 0.093211 1.300579 -34.212063 -0.287568 0.967175 -20.033218 0.964533 1.212847 0.0 -0.0 -0.0 -3.440389 0.788233 0.501657 -15.928192 -3.167312 2.999709 -6.338829 -1e-06 1e-06 -18.123453 3.64818 -4.90567 -4e-06 1e-06 -1e-06 -5.828883 24.232815 14.522709 -0.31423 40.419968 22.317753 -5.40318 24.164566 0.804049 -17.626495 18.227425 -33.779297 2.243544 -5.255039 -3.180159 14.282901 -0.826599 6.952506 0.0 -12.690609 1e-06 15.043357 -17.950674 3.643523 1.665668 -1.955922 -2.878301 4.727803 -4.170588 4.993927 11.020536 3e-06 -2e-06 12.109062 -3.735717 -2.866786 0.0 1e-06 -0.0 1.291987 -1.928549 -1.498091 14.800139 0.567466 3.865609 14.242583 -1.341736 -6.660663 19.631985 0.143925 -0.648248 48.047016 -1.209511 -6.864034 0.353031 -1.511152 -0.03194 20.222805 3.684309 2.316629 18.787289 4e-06 -4e-06 10.751636 -0.479868 1.397905 0.0 0.0 0.0 3.27381 0.305948 -0.580112 21.48683 11.830376 2.266131 8.162934 -0.0 -2e-06 18.399099 -3.798985 -4.940579 3e-06 -0.0 -1e-06 5.557972 0.72232 -18.704702 0.099689 -0.909822 16.273737 -7.858295 7.18454 26.951132 1.811304 -2.122474 -1.090065 -1e-06 1e-06 1e-06 -3.737287 -7.724818 -11.947995 -0.194587 0.321912 18.216728 7.213897 -2.570706 56.640526 -1.48125 1.049607 0.303059 0.0 0.0 -1e-06 
0.0 0.0 0.0 0.0 -0.0 0.0 -22.171368 122.228691 3.012054 -0.438311 12.494283 10.415571 -0.684567 -0.83171 2.14575 -0.362938 -1.869496 -5.075865 1.651167 -5.336572 9.470059 1.371833 2.496171 -5.672637 0.804731 4.455354 -4.025923 -0.246264 6.066794 -23.78701 7.7e-05 -2.3e-05 7e-06 -0.02181 -0.024814 0.17997 0.409301 -3.840176 -10.754966 -0.459076 3.804362 -10.605873 26.694147 -24.753838 8.599868 -24.37513 -40.361412 20.206028 -2.394184 -10.989693 0.698804 10.398952 8.928362 5.035719 -5.882102 9.861281 0.70259 -10.936868 -0.360576 7.156204 3e-06 8.774822 -1e-06 -16.564022 18.945757 5.154022 -1.844032 2.498504 -2.507277 -10.163597 4.678942 4.621109 -20.976019 -5e-06 4e-06 -21.226282 2.451694 -3.593996 0.0 -6e-06 0.0 -1.362679 2.240798 -0.746324 -21.334911 0.584907 3.008324 -13.82121 -3e-06 5e-06 -23.887161 -0.249077 -0.839479 -61.331692 2.787385 -1.084204 -0.294025 1.679687 0.833257 -14.218201 0.093213 1.300582 -34.212036 -0.287567 0.967176 -20.033209 0.964535 1.212847 -0.0 0.0 -0.0 -3.440387 0.788231 0.501657 -15.928183 -3.167311 2.999707 -6.338823 -1e-06 2e-06 -18.123444 3.648182 -4.905665 -4e-06 1e-06 -2e-06 -2.951371 23.580835 15.335436 13.442383 40.411503 22.713661 -5.211228 24.646948 0.087774 -12.783315 14.001833 -28.34993 2.243543 -5.255037 -3.180159 14.282894 -0.826596 6.952503 1e-06 -12.690601 0.0 15.434336 -18.653547 3.1131 1.665666 -1.955922 -2.878299 4.727799 -4.170588 4.993924 11.020529 1e-06 -2e-06 12.109056 -3.735717 -2.866785 0.0 -0.0 -0.0 1.291986 -1.92855 -1.49809 14.800132 0.567466 3.865607 14.24258 -1.341737 -6.66066 19.631973 0.143924 -0.648248 48.627552 -1.150819 -7.481262 0.35303 -1.51115 -0.03194 20.222797 3.684304 2.316629 18.787279 2e-06 -3e-06 10.751631 -0.479868 1.397905 0.0 -1e-06 -0.0 3.27381 0.305947 -0.580111 21.486818 11.83037 2.26613 8.16293 2e-06 -2e-06 18.399088 -3.798985 -4.94058 3e-06 -1e-06 -1e-06 5.396159 -0.84675 -21.468294 0.126198 -0.799321 16.140192 -9.024405 7.0006 26.772976 1.811842 -2.141418 -1.049891 -0.0 0.0 2e-06 -3.696429 -6.151483 -15.769785 -0.196297 0.248765 20.339407 6.104581 -2.214958 56.434902 -1.510956 1.07971 0.795031 0.0 -0.0 0.0 
0.0 0.0 0.0 0.0 -0.0 0.0 -22.848881 118.347038 1.27514 -0.4756 11.055762 12.507881 -0.32073 -0.849618 3.244905 -0.233104 -2.021247 -4.480503 1.545559 -5.200732 9.754598 0.913576 2.562115 -6.98887 0.480572 4.585884 -3.997963 -0.611731 6.0698 -24.826468 7.7e-05 -2.2e-05 6e-06 -0.008321 0.003697 0.156982 0.451182 -3.836838 -10.758628 -0.474121 3.85955 -10.621882 20.754681 -23.47781 11.27248 -34.864811 -33.087986 20.231213 -3.210239 -4.971467 0.323016 8.262677 10.017047 3.607906 -5.882111 9.861293 0.702595 -10.936886 -0.360576 7.156217 3e-06 8.774837 1e-06 -18.133904 19.910965 4.480788 -1.844033 2.498507 -2.507279 -10.163612 4.678952 4.621117 -20.976053 -6e-06 6e-06 -21.226313 2.451698 -3.593997 -0.0 -5e-06 -1e-06 -1.362682 2.2408 -0.746323 -21.334942 0.584907 3.008333 -13.821231 -4e-06 7e-06 -23.887203 -0.249079 -0.839476 -61.315258 3.112098 -1.41064 -0.294026 1.679689 0.833258 -14.218224 0.093215 1.300586 -34.212086 -0.287566 0.967181 -20.033236 0.96454 1.21285 1e-06 1e-06 0.0 -3.440393 0.788234 0.501658 -15.928208 -3.167315 2.999714 -6.338833 0.0 3e-06 -18.12347 3.648185 -4.90567 -4e-06 1e-06 -2e-06 -0.505739 22.367771 16.261139 27.35569 37.507347 20.401848 -3.749948 26.713913 -0.587195 -8.748366 9.799761 -20.985325 2.243541 -5.255036 -3.180157 14.282889 -0.826595 6.952503 -1e-06 -12.690605 2e-06 15.816867 -19.103416 2.580867 1.665666 -1.955921 -2.878299 4.727798 -4.170588 4.993925 11.020525 3e-06 -3e-06 12.109052 -3.735716 -2.866784 0.0 -0.0 -0.0 1.291984 -1.92855 -1.498089 14.800125 0.567468 3.865608 14.242569 -1.341734 -6.660658 19.631964 0.143927 -0.648245 49.051483 -0.938665 -7.924112 0.353028 -1.511151 -0.031939 20.222788 3.68431 2.31663 18.78727 6e-06 -0.0 10.751626 -0.479868 1.397906 -0.0 -0.0 0.0 3.273808 0.305947 -0.580111 21.486809 11.830376 2.266131 8.162926 1e-06 -0.0 18.39908 -3.798985 -4.940574 3e-06 1e-06 -1e-06 5.402971 -2.244324 -25.019516 0.157474 -0.640691 16.801264 -11.039371 6.483949 25.913723 1.791847 -2.11839 -1.216961 -0.0 0.0 2e-06 -3.5991 -4.509564 -20.609615 -0.24999 0.184065 21.847927 5.857658 -1.762438 55.150043 -1.527984 1.090196 0.926069 -0.0 -0.0 -1e-06 
0.0 0.0 0.0 0.0 -0.0 0.0 -23.41824 113.6353 -0.667726 -0.606659 8.990708 15.262281 0.082835 -0.764708 4.281735 -0.040646 -2.060234 -3.718426 1.198271 -4.675524 10.040244 0.301917 2.593307 -9.422458 0.217139 4.708035 -3.940962 -0.902674 6.013205 -26.172201 7.7e-05 -2.2e-05 6e-06 -0.024766 -0.066662 0.154533 0.492754 -3.925604 -10.707338 -0.547017 3.807793 -10.598892 14.203376 -20.437737 13.715905 -42.505463 -23.367479 14.897488 -2.098821 -0.090703 0.011731 4.507265 14.532561 2.69817 -5.88211 9.861291 0.702593 -10.936884 -0.360576 7.156215 2e-06 8.774832 0.0 -19.695581 19.48797 3.539589 -1.844033 2.498507 -2.507279 -10.163609 4.678946 4.621113 -20.97604 -5e-06 6e-06 -21.226301 2.451699 -3.593996 0.0 -5e-06 -1e-06 -1.362682 2.240799 -0.746325 -21.334934 0.584907 3.008329 -13.821224 -6e-06 7e-06 -23.887192 -0.249078 -0.839478 -61.425423 2.789181 -1.725443 -0.294026 1.679688 0.833257 -14.218222 0.093213 1.300583 -34.212082 -0.287563 0.967179 -20.033232 0.964541 1.212848 -1e-06 2e-06 1e-06 -3.440392 0.788233 0.501657 -15.928203 -3.167315 2.999713 -6.338832 -0.0 2e-06 -18.123463 3.648186 -4.905669 -4e-06 3e-06 -3e-06 1.361975 20.585999 17.501614 39.886002 31.141579 18.340261 -1.878159 28.955597 -0.6229 -5.428366 5.301524 -15.641658 2.243543 -5.255041 -3.180159 14.282907 -0.826599 6.952508 -1e-06 -12.690619 2e-06 16.276659 -18.676279 2.198551 1.665668 -1.955923 -2.878302 4.727805 -4.170592 4.993931 11.02054 1e-06 -0.0 12.109067 -3.735721 -2.866789 0.0 -0.0 -1e-06 1.291987 -1.928552 -1.49809 14.800142 0.567466 3.865608 14.242586 -1.34174 -6.660664 19.631987 0.143924 -0.648247 50.243999 -0.443154 -7.603719 0.35303 -1.511152 -0.031941 20.222813 3.684311 2.316631 18.787291 4e-06 -5e-06 10.751641 -0.47987 1.397906 0.0 -0.0 1e-06 3.273809 0.305948 -0.580111 21.486834 11.830385 2.266134 8.162937 1e-06 -1e-06 18.399105 -3.798989 -4.940584 2e-06 -1e-06 -2e-06 5.725678 -3.258356 -29.746372 0.172162 -0.474885 19.345863 -12.53576 5.880191 24.48694 1.726306 -2.057671 -1.926683 -0.0 -0.0 2e-06 -3.134624 -3.290396 -26.107424 -0.403418 0.075968 22.252293 5.894699 -1.632028 52.979595 -1.441511 0.993119 -0.38876 0.0 -0.0 -1e-06 
0.0 0.0 0.0 0.0 -0.0 0.0 -23.872755 107.35862 -2.217906 -0.905288 7.119055 18.287909 0.392382 -0.575105 5.192749 0.175758 -1.728687 -2.851009 1.024722 -3.684751 10.661391 -0.647862 2.249069 -12.438815 0.142718 4.635808 -3.96201 -0.949919 5.662747 -27.106047 7.7e-05 -2.2e-05 6e-06 -0.045801 -0.167105 0.185362 0.541605 -3.997334 -10.562762 -0.63532 3.68264 -10.508024 7.424386 -16.159885 15.419232 -47.346577 -11.461407 7.208072 -0.523973 0.720909 0.002746 3.426908 19.081036 3.656769 -5.882102 9.861284 0.702592 -10.936866 -0.360574 7.156204 -2e-06 8.774824 -1e-06 -17.975515 18.778175 4.154428 -1.844032 2.498504 -2.507278 -10.163595 4.678944 4.621109 -20.976017 -2e-06 2e-06 -21.226276 2.451696 -3.594001 -0.0 -6e-06 -0.0 -1.362681 2.240798 -0.746323 -21.334906 0.584911 3.008324 -13.821208 -1e-06 3e-06 -23.887159 -0.249078 -0.839482 -60.813335 2.253492 -1.455272 -0.294024 1.679686 0.833256 -14.218202 0.093215 1.300581 -34.212044 -0.287561 0.967171 -20.033207 0.964539 1.212844 1e-06 -1e-06 -1e-06 -3.440389 0.788233 0.501655 -15.928181 -3.16731 2.999708 -6.338825 -1e-06 2e-06 -18.123444 3.648184 -4.905669 -4e-06 -1e-06 -2e-06 2.731276 17.868464 18.702097 49.391438 21.842478 16.742033 0.444507 28.483702 0.213695 -3.632475 0.596686 -10.821447 2.243543 -5.255037 -3.180157 14.282894 -0.826596 6.952503 -2e-06 -12.690605 0.0 17.514404 -17.66161 1.929582 1.665666 -1.955922 -2.878301 4.7278 -4.170588 4.993924 11.020528 2e-06 -2e-06 12.109055 -3.735717 -2.866783 -1e-06 -0.0 0.0 1.291986 -1.92855 -1.498088 14.800132 0.567467 3.865608 14.242576 -1.341738 -6.660657 19.631969 0.143925 -0.648246 53.057987 0.065309 -6.4473 0.353029 -1.51115 -0.031939 20.222797 3.684308 2.316631 18.787277 4e-06 -2e-06 10.751632 -0.47987 1.397907 0.0 -1e-06 -1e-06 3.273808 0.305947 -0.580111 21.486816 11.830376 2.266132 8.162931 3e-06 -3e-06 18.399088 -3.798986 -4.940578 4e-06 1e-06 -0.0 6.169622 -3.399842 -36.125416 0.169639 -0.367851 25.650393 -11.342498 5.839234 20.839199 1.692009 -2.019576 -4.86159 -0.0 0.0 2e-06 -2.13667 -3.380676 -32.721222 -0.273732 0.052387 25.626591 4.666498 -0.685509 41.173428 -1.381489 0.8177 -9.73647 -0.0 0.0 -2e-06 
0.0 0.0 0.0 0.0 -0.0 0.0 -24.092756 100.330544 -3.679098 -1.406975 5.424616 20.8169 0.5856 -0.316319 6.746934 0.406195 -1.399897 -2.076224 0.601504 -1.936147 11.25047 -1.41244 2.46099 -14.285223 0.496105 4.192574 -3.953013 -1.385116 5.244058 -29.404087 7.7e-05 -2.2e-05 6e-06 -0.056467 -0.235471 0.137306 0.494869 -4.021469 -10.48628 -0.608515 3.572229 -10.466475 1.554435 -11.040801 17.220255 -50.147564 2.265027 0.443697 0.776294 -3.590665 -0.042465 3.379654 18.971819 1.983205 -5.88211 9.861286 0.702591 -10.936874 -0.360575 7.156209 -0.0 8.774826 -1e-06 -17.114429 18.961201 5.083533 -1.844034 2.498505 -2.507277 -10.163604 4.678946 4.62111 -20.97603 -2e-06 3e-06 -21.226292 2.451699 -3.593999 1e-06 -6e-06 -0.0 -1.36268 2.240797 -0.746324 -21.334921 0.58491 3.008326 -13.821218 -2e-06 3e-06 -23.887178 -0.249076 -0.839481 -60.185368 2.687994 -1.195439 -0.294025 1.679688 0.833256 -14.218214 0.093215 1.300581 -34.212059 -0.287562 0.967173 -20.033218 0.964539 1.212844 0.0 1e-06 0.0 -3.440388 0.788233 0.501656 -15.928189 -3.16731 2.999709 -6.338828 -0.0 2e-06 -18.123453 3.648184 -4.905669 -4e-06 0.0 -2e-06 3.231035 15.392054 19.394682 56.454353 10.062734 16.931726 2.657339 24.082743 1.188161 -4.7939 -4.346594 -8.577628 2.243541 -5.255038 -3.180159 14.282896 -0.826595 6.952507 -3e-06 -12.690608 -0.0 17.526649 -16.504778 1.855684 1.665668 -1.955922 -2.8783 4.7278 -4.170587 4.993925 11.020529 5e-06 -2e-06 12.109056 -3.735717 -2.866784 1e-06 -2e-06 -0.0 1.291987 -1.92855 -1.49809 14.800136 0.56747 3.865611 14.242578 -1.341737 -6.66066 19.631975 0.143928 -0.648244 54.744091 -0.027607 -5.119849 0.353028 -1.511152 -0.031938 20.222801 3.684311 2.316632 18.787281 7e-06 -0.0 10.751632 -0.479868 1.397907 0.0 0.0 0.0 3.273808 0.305947 -0.580109 21.486822 11.83038 2.266134 8.16293 3e-06 -0.0 18.399088 -3.798985 -4.940577 3e-06 0.0 -0.0 6.24921 -1.232986 -44.375324 -0.286664 -0.344253 37.47876 -7.985942 6.150687 6.287946 1.700016 -1.846379 -6.26745 -0.0 -0.0 2e-06 -1.164891 -4.408042 -43.044338 0.033046 0.163621 38.017456 4.627376 -0.245499 8.40715 -1.433058 0.889725 -5.837542 0.0 0.0 -1e-06 
0.0 0.0 0.0 0.0 -0.0 0.0 -24.126015 93.334808 -5.554395 -2.439621 4.368244 22.83099 0.795223 -0.086694 8.172959 0.324164 -0.688414 -1.219362 1.176565 -0.752663 12.585051 -1.92511 2.808001 -15.240676 0.957257 3.00205 -3.831005 -2.437574 5.220841 -33.441696 7.7e-05 -2.2e-05 6e-06 -0.058467 -0.290296 0.023613 0.49955 -4.081318 -10.520338 -0.617128 3.523649 -10.530725 -2.484071 -6.261457 19.536961 -52.853127 14.542699 -4.941618 1.014949 -10.401079 -0.21516 4.113052 15.136937 -2.981252 -5.882107 9.861286 0.702592 -10.936877 -0.360576 7.156209 3e-06 8.774828 0.0 -17.205969 18.362265 5.370898 -1.844032 2.498504 -2.507279 -10.163603 4.678944 4.621112 -20.976028 -5e-06 5e-06 -21.22629 2.451696 -3.593996 0.0 -6e-06 0.0 -1.362682 2.240798 -0.746323 -21.334923 0.584909 3.008327 -13.821218 -3e-06 4e-06 -23.887178 -0.24908 -0.839478 -60.121128 2.907777 -1.239305 -0.294024 1.679687 0.833256 -14.218214 0.093213 1.300582 -34.212063 -0.287566 0.967176 -20.03322 0.964536 1.212847 1e-06 1e-06 0.0 -3.44039 0.788232 0.501656 -15.928192 -3.167311 2.999709 -6.338828 -2e-06 2e-06 -18.123447 3.648181 -4.905666 -4e-06 1e-06 -1e-06 2.301584 13.266755 20.317158 61.128841 -2.460496 16.807314 5.10877 20.370079 1.374842 -8.412777 -8.06448 -15.203598 2.243541 -5.255039 -3.180156 14.282896 -0.826595 6.952505 -2e-06 -12.690607 2e-06 16.805386 -15.320352 1.597659 1.665666 -1.955922 -2.878298 4.7278 -4.17059 4.993924 11.020527 3e-06 1e-06 12.109053 -3.735716 -2.866781 -0.0 -0.0 0.0 1.291985 -1.92855 -1.498089 14.800129 0.567468 3.86561 14.242572 -1.341737 -6.660656 19.631969 0.143926 -0.648242 53.881683 -0.399197 -4.986428 0.353029 -1.511152 -0.031939 20.222794 3.684309 2.316632 18.787273 4e-06 1e-06 10.751629 -0.47987 1.397908 -1e-06 -1e-06 -0.0 3.273807 0.305949 -0.580112 21.486818 11.830376 2.266134 8.162929 0.0 -1e-06 18.399088 -3.798986 -4.940574 2e-06 -2e-06 -1e-06 6.269797 2.150764 -56.528915 -0.403517 -0.437243 54.753853 -7.370834 5.646554 -8.682505 1.671978 -1.795843 -3.538257 0.0 -0.0 2e-06 0.513072 -5.523169 -55.625786 0.206458 0.26054 55.295429 4.170644 1.405576 -4.922209 -1.496517 1.013733 -2.653435 -0.0 -0.0 -1e-06 
0.0 0.0 0.0 0.0 -0.0 0.0 -24.103128 87.259216 -7.218255 -1.670791 4.998893 23.100887 0.564444 -0.368035 9.692805 -0.112964 -0.123097 -0.387102 1.399297 -0.737788 14.499244 -1.398169 2.976116 -14.4153 0.928966 2.149152 -3.710384 -3.008855 3.756985 -35.893414 7.7e-05 -2.2e-05 6e-06 -0.041304 -0.222024 -0.070861 0.537686 -4.002785 -10.537564 -0.623292 3.571354 -10.614961 -2.15612 -3.261758 21.493366 -57.077465 23.923592 -6.385932 0.254135 -16.145693 -0.046022 5.94217 7.743137 -10.425612 -5.882105 9.861284 0.702592 -10.93687 -0.360575 7.156205 1e-06 8.774823 -1e-06 -17.243931 17.826738 5.519989 -1.844032 2.498504 -2.507276 -10.163595 4.678943 4.621109 -20.976021 -3e-06 5e-06 -21.226282 2.451697 -3.593996 1e-06 -6e-06 1e-06 -1.362681 2.240797 -0.746323 -21.334911 0.584909 3.008323 -13.821213 -3e-06 3e-06 -23.887167 -0.249077 -0.83948 -60.88488 3.047645 -1.336553 -0.294025 1.679687 0.833255 -14.218209 0.093215 1.300582 -34.212051 -0.287561 0.967174 -20.033215 0.964538 1.212844 1e-06 1e-06 1e-06 -3.440387 0.788232 0.501657 -15.928185 -3.16731 2.999708 -6.338826 -1e-06 2e-06 -18.123444 3.648183 -4.905668 -4e-06 -0.0 -3e-06 0.42034 11.09312 21.7544 65.16716 -16.200733 15.817728 6.856462 24.461277 1.945057 -9.69743 -6.793104 -28.087019 2.243539 -5.255033 -3.180156 14.282885 -0.826592 6.952501 -4e-06 -12.690599 0.0 18.081486 -15.220204 1.166582 1.665665 -1.955919 -2.878297 4.727797 -4.170585 4.993922 11.02052 4e-06 0.0 12.109046 -3.735713 -2.866781 0.0 -0.0 0.0 1.291985 -1.928548 -1.498088 14.800125 0.56747 3.865608 14.242565 -1.341733 -6.660653 19.631958 0.143927 -0.648241 53.069149 -0.5544 -5.397899 0.353029 -1.51115 -0.03194 20.222784 3.684311 2.316631 18.787268 7e-06 2e-06 10.751625 -0.479866 1.397907 0.0 1e-06 0.0 3.273803 0.305948 -0.58011 21.486805 11.830372 2.266134 8.162924 1e-06 1e-06 18.399075 -3.798982 -4.940569 2e-06 -2e-06 -1e-06 4.83613 3.112285 -66.1651 -0.504644 -0.570042 69.884201 -7.210008 4.967448 -12.509444 1.652739 -1.814644 -3.605201 0.0 0.0 2e-06 -0.409071 -6.260644 -64.908699 0.411476 0.419798 70.640327 3.746912 1.007056 -10.044308 -1.557119 1.136254 -2.228146 -0.0 -0.0 -1e-06 
0.0 0.0 0.0 0.0 -0.0 0.0 -23.977718 82.256226 -8.536637 -0.444312 5.513781 22.217943 0.276679 -0.459376 11.335458 -0.195754 -0.068561 0.007518 1.165402 -0.848708 15.533281 -0.923429 2.722077 -11.762306 0.496147 1.825318 -3.79716 -2.456582 1.889982 -34.85302 7.7e-05 -2.3e-05 6e-06 -0.013793 -0.028051 -0.117818 0.504933 -3.801939 -10.68276 -0.536879 3.746011 -10.781204 -0.010852 -2.371266 22.433817 -61.576466 30.020191 -6.156796 -0.51332 -20.631624 0.47132 6.459399 2.003436 -14.740141 -5.882107 9.861287 0.702592 -10.936875 -0.360576 7.156211 1e-06 8.774828 -0.0 -16.349525 17.071491 5.75873 -1.844033 2.498505 -2.507278 -10.163602 4.678945 4.621112 -20.97603 -6e-06 6e-06 -21.226294 2.451697 -3.593997 1e-06 -5e-06 0.0 -1.362683 2.240799 -0.746323 -21.334921 0.58491 3.008327 -13.821218 -3e-06 4e-06 -23.887182 -0.249079 -0.839479 -60.972622 3.098607 -1.104392 -0.294025 1.679688 0.833256 -14.218212 0.093213 1.300582 -34.212063 -0.287565 0.967175 -20.033218 0.964537 1.212847 -1e-06 0.0 0.0 -3.440389 0.788232 0.501656 -15.928192 -3.167311 2.999712 -6.338829 -1e-06 1e-06 -18.123453 3.648183 -4.905669 -4e-06 0.0 -3e-06 -2.50137 9.464 22.506353 68.015823 -27.521286 15.615114 8.169662 32.161739 3.322402 -9.672056 -1.33305 -36.584385 2.243542 -5.255037 -3.180158 14.282892 -0.826593 6.952504 -3e-06 -12.690607 1e-06 19.435251 -15.677682 0.871966 1.665666 -1.955922 -2.878298 4.7278 -4.170588 4.993926 11.020528 2e-06 -0.0 12.109053 -3.735717 -2.866783 0.0 -0.0 0.0 1.291985 -1.928551 -1.49809 14.800129 0.567468 3.865609 14.242573 -1.341737 -6.660658 19.631969 0.143927 -0.648243 53.196747 -0.68771 -5.466228 0.353029 -1.51115 -0.031939 20.222795 3.684313 2.316631 18.787275 5e-06 0.0 10.751628 -0.479869 1.397907 -1e-06 1e-06 1e-06 3.273808 0.305946 -0.580111 21.486816 11.830378 2.266133 8.162928 -1e-06 -0.0 18.399084 -3.798986 -4.940577 2e-06 -1e-06 -1e-06 3.157452 3.164493 -71.267509 -0.648899 -0.558176 79.032135 -7.398296 4.761238 -17.38751 1.659296 -1.798021 -3.901967 -0.0 -0.0 2e-06 -2.849338 -5.722799 -70.327721 0.498444 0.49773 81.393547 3.709921 0.289247 -13.929293 -1.564439 1.203913 -2.755399 -0.0 -0.0 -1e-06 
0.0 0.0 0.0 0.0 -0.0 0.0 -23.72324 77.802155 -9.724383 0.216104 5.512897 21.575968 0.110392 -0.405488 12.444201 -0.308872 -0.118041 0.440583 1.133811 -0.986538 15.911563 -0.894532 2.793903 -11.621251 0.194176 1.55591 -3.809947 -1.696603 1.269227 -33.124992 7.7e-05 -2.3e-05 6e-06 -0.00923 0.049435 -0.094395 0.500185 -3.754113 -10.814715 -0.524583 3.850605 -10.88166 0.499865 -2.520486 22.208967 -64.229462 32.078377 -7.108744 -1.309343 -24.61644 1.141437 7.156727 -0.669414 -16.408005 -5.882109 9.861288 0.702592 -10.936878 -0.360575 7.156212 1e-06 8.774828 -2e-06 -16.446974 15.988421 5.316308 -1.844031 2.498504 -2.507279 -10.163605 4.678946 4.621115 -20.976034 -1e-06 8e-06 -21.226295 2.451701 -3.593997 0.0 -5e-06 0.0 -1.362682 2.240798 -0.746324 -21.334929 0.58491 3.008329 -13.821221 -2e-06 6e-06 -23.887184 -0.249076 -0.839479 -61.230377 2.950042 -0.687946 -0.294025 1.679687 0.833256 -14.218217 0.093215 1.300585 -34.21207 -0.28756 0.967176 -20.033226 0.964541 1.212847 -1e-06 1e-06 0.0 -3.440391 0.788233 0.501656 -15.928198 -3.167309 2.999713 -6.33883 0.0 2e-06 -18.123459 3.648185 -4.905669 -4e-06 -0.0 -3e-06 -3.773897 9.512671 22.486002 69.439117 -32.100353 14.403588 8.201574 36.706112 4.006912 -11.176142 4.336791 -39.217514 2.24354 -5.255037 -3.180159 14.282896 -0.826593 6.952505 -3e-06 -12.690604 0.0 20.201799 -15.425529 0.677679 1.665667 -1.955922 -2.878298 4.727799 -4.170588 4.993924 11.020529 3e-06 0.0 12.109054 -3.735715 -2.866783 0.0 0.0 1e-06 1.291985 -1.928549 -1.498089 14.800132 0.567468 3.865608 14.242576 -1.341737 -6.660656 19.631971 0.143926 -0.648244 53.21204 -0.595915 -5.463228 0.353029 -1.511152 -0.03194 20.222797 3.684312 2.316632 18.787275 6e-06 -0.0 10.751631 -0.479868 1.397906 0.0 1e-06 -0.0 3.273807 0.305948 -0.580111 21.48682 11.830376 2.266135 8.16293 0.0 -1e-06 18.399088 -3.798985 -4.940576 1e-06 -1e-06 -1e-06 2.270875 3.065737 -75.062965 -0.562016 -0.359118 85.363731 -7.476821 5.63714 -23.876551 1.629916 -1.796075 -2.670317 0.0 0.0 2e-06 -5.013154 -4.590897 -74.613708 0.589816 0.529341 89.060822 3.550535 0.099215 -18.44891 -1.54457 1.177538 -2.88371 0.0 -0.0 -1e-06 
0.0 0.0 0.0 0.0 -0.0 0.0 -23.606115 73.949516 -10.945979 0.657124 5.819999 21.14492 -0.012367 -0.336446 12.990452 -0.351899 -0.14991 0.968724 1.258034 -1.273232 16.564922 -1.013528 2.725287 -14.406399 0.287889 1.529816 -3.742035 -1.630339 1.551201 -33.249458 7.7e-05 -2.2e-05 6e-06 -0.002633 -0.015789 -0.053064 0.568234 -3.821476 -10.771618 -0.582597 3.790914 -10.811448 -0.125229 -3.241803 21.322184 -65.60421 30.810471 -8.69753 -2.249353 -29.575356 1.35276 9.757984 -2.129987 -17.215147 -5.882113 9.861291 0.70259 -10.936881 -0.360574 7.15621 0.0 8.774828 -1e-06 -17.618876 15.117416 4.601305 -1.844032 2.498505 -2.507281 -10.16361 4.678948 4.621112 -20.976044 -0.0 2e-06 -21.226311 2.451701 -3.594003 0.0 -7e-06 -0.0 -1.362683 2.240799 -0.746324 -21.33493 0.584913 3.008326 -13.821226 -1e-06 1e-06 -23.887194 -0.249077 -0.839486 -62.38438 2.653743 -0.314362 -0.294025 1.679689 0.833256 -14.218224 0.093217 1.300582 -34.212082 -0.28756 0.967169 -20.033232 0.964539 1.212843 1e-06 1e-06 1e-06 -3.440391 0.788234 0.501655 -15.928203 -3.167308 2.99971 -6.338832 1e-06 1e-06 -18.123466 3.648186 -4.905674 -4e-06 0.0 -4e-06 -2.441952 10.521126 22.115938 70.550957 -30.723106 10.769372 7.318293 37.275539 3.538614 -12.325074 7.981694 -39.042507 2.243542 -5.255038 -3.180158 14.282896 -0.826597 6.952504 -2e-06 -12.690607 1e-06 20.291311 -15.286209 0.475805 1.665665 -1.955922 -2.8783 4.727801 -4.17059 4.993926 11.02053 3e-06 -1e-06 12.109058 -3.735718 -2.866785 0.0 -1e-06 -0.0 1.291987 -1.92855 -1.49809 14.800136 0.567468 3.865609 14.242579 -1.341737 -6.660659 19.631975 0.143927 -0.648247 53.032887 -0.371991 -5.422457 0.353029 -1.511151 -0.03194 20.222801 3.68431 2.316632 18.787283 3e-06 0.0 10.751633 -0.479868 1.397907 -0.0 2e-06 -0.0 3.273808 0.305945 -0.580111 21.486818 11.830379 2.266132 8.16293 2e-06 -0.0 18.39909 -3.798987 -4.940578 2e-06 -1e-06 -2e-06 1.738698 2.860403 -79.290398 -0.390916 -0.264801 91.481766 -7.515993 6.216591 -26.506401 1.595098 -1.800602 -1.571805 -0.0 -0.0 2e-06 -6.740306 -3.734808 -78.671989 0.650779 0.560892 95.508888 4.168652 0.12972 -20.973612 -1.538683 1.238601 -2.301298 -0.0 -0.0 -1e-06 
0.0 0.0 0.0 0.0 -0.0 0.0 -23.618176 70.973679 -12.295255 1.064635 6.490778 20.196299 -0.060774 -0.319392 13.409133 -0.384784 -0.128054 1.489197 1.422857 -1.57997 17.559572 -1.131287 2.346623 -18.662781 0.625309 1.569151 -3.660323 -1.807019 2.003813 -34.519897 7.7e-05 -2.2e-05 6e-06 -0.003328 -0.065718 -0.018904 0.657704 -3.862423 -10.744056 -0.675852 3.736595 -10.775459 -1.05279 -4.118116 20.267628 -66.295334 25.875795 -10.178548 -2.547192 -37.098217 1.021966 14.312539 -2.984248 -16.121344 -5.882109 9.861288 0.702591 -10.936875 -0.360575 7.156209 1e-06 8.77483 -1e-06 -18.895763 14.678987 3.992617 -1.844034 2.498505 -2.507279 -10.163603 4.678946 4.621111 -20.976032 -3e-06 1e-06 -21.226295 2.451697 -3.594001 0.0 -6e-06 0.0 -1.36268 2.240798 -0.746324 -21.334925 0.584908 3.008326 -13.821221 -2e-06 2e-06 -23.887182 -0.249079 -0.839483 -63.42675 2.380542 0.099189 -0.294025 1.679688 0.833255 -14.218214 0.093213 1.300581 -34.212067 -0.287564 0.967171 -20.033226 0.964538 1.212843 1e-06 1e-06 -0.0 -3.440389 0.788235 0.501656 -15.928198 -3.167311 2.999709 -6.33883 1e-06 1e-06 -18.123459 3.648181 -4.905673 -4e-06 -1e-06 -1e-06 0.403909 12.074111 21.820887 71.029251 -24.301128 6.516864 5.731079 35.625042 2.486146 -13.074368 10.591162 -37.112892 2.243542 -5.255039 -3.180159 14.2829 -0.826596 6.952507 -2e-06 -12.690614 1e-06 20.080296 -15.114189 0.248074 1.665668 -1.955923 -2.8783 4.727802 -4.17059 4.993927 11.020535 5e-06 -1e-06 12.10906 -3.735718 -2.866785 0.0 -1e-06 -0.0 1.291988 -1.928551 -1.49809 14.800139 0.567468 3.86561 14.242584 -1.341735 -6.660661 19.631985 0.143926 -0.648245 52.621506 -0.13479 -5.448586 0.353029 -1.511152 -0.03194 20.222805 3.68431 2.316632 18.787289 4e-06 -2e-06 10.751636 -0.479868 1.397907 -0.0 1e-06 -1e-06 3.27381 0.305947 -0.580111 21.486828 11.830382 2.266134 8.162933 3e-06 -1e-06 18.399096 -3.798986 -4.940578 3e-06 1e-06 -1e-06 1.169394 2.722987 -82.363342 -0.340444 -0.213774 95.92881 -7.443553 6.04214 -27.451197 1.564813 -1.804005 -0.653372 0.0 -0.0 2e-06 -8.365058 -2.918399 -81.435089 0.784094 0.575818 100.348495 5.655854 -0.07306 -22.036877 -1.533721 1.312685 -0.992583 -0.0 0.0 -1e-06 
0.0 0.0 0.0 0.0 -0.0 0.0 -23.80316 69.160995 -13.774551 1.559607 7.301091 18.632719 -0.117528 -0.355763 13.871737 -0.440729 -0.040345 1.948235 1.518156 -1.818913 18.417137 -0.952898 1.979778 -23.083389 0.77078 1.561632 -3.503657 -2.187851 2.420307 -36.151737 7.7e-05 -2.3e-05 6e-06 -0.003326 -0.051259 0.041461 0.723105 -3.853211 -10.753249 -0.741674 3.759634 -10.781576 -2.181462 -5.26479 18.614157 -66.547989 17.087242 -11.314057 -2.097239 -45.697697 0.296809 19.598961 -5.240361 -13.057324 -5.882109 9.86129 0.702592 -10.936877 -0.360574 7.156209 1e-06 8.774833 1e-06 -18.827126 15.813848 4.334211 -1.844035 2.498505 -2.507278 -10.163605 4.678949 4.621112 -20.976034 -3e-06 3e-06 -21.226297 2.451699 -3.594001 -0.0 -6e-06 -0.0 -1.362683 2.2408 -0.746323 -21.334925 0.584911 3.008324 -13.82122 -3e-06 2e-06 -23.887182 -0.249076 -0.839483 -62.966095 2.420516 0.212501 -0.294024 1.679689 0.833256 -14.218214 0.093215 1.300581 -34.212067 -0.287563 0.967171 -20.033222 0.964537 1.212843 0.0 1e-06 0.0 -3.44039 0.788233 0.501655 -15.928198 -3.167309 2.999709 -6.33883 -1e-06 1e-06 -18.123457 3.648187 -4.905671 -4e-06 -1e-06 -2e-06 3.984839 14.377671 21.266552 70.074371 -14.277506 1.669454 3.57813 33.978565 1.627813 -13.625664 11.404209 -35.495602 2.243543 -5.255041 -3.180159 14.282904 -0.826597 6.952507 -3e-06 -12.690617 1e-06 19.041847 -15.092879 0.517774 1.665668 -1.955924 -2.878301 4.727802 -4.170592 4.993927 11.020536 2e-06 -2e-06 12.109061 -3.735717 -2.866786 -0.0 0.0 0.0 1.291986 -1.92855 -1.498091 14.800142 0.567469 3.86561 14.242585 -1.341737 -6.660662 19.631987 0.143928 -0.648246 51.375111 -0.202015 -5.587533 0.353029 -1.511153 -0.03194 20.222811 3.684315 2.316631 18.787292 4e-06 -0.0 10.751638 -0.479869 1.397907 1e-06 0.0 0.0 3.27381 0.30595 -0.580112 21.486834 11.830388 2.266133 8.162935 2e-06 -1e-06 18.399099 -3.798988 -4.940581 3e-06 0.0 -1e-06 0.368875 2.824274 -83.701988 -0.39418 -0.161772 98.197433 -7.241016 5.563797 -27.126204 1.554567 -1.842275 -0.101498 0.0 -0.0 2e-06 -9.874102 -1.997685 -82.235237 0.825705 0.573848 102.67923 7.224447 -0.423219 -23.32654 -1.533188 1.320895 0.70519 -0.0 -0.0 -1e-06 
0.0 0.0 0.0 0.0 -0.0 0.0 -24.004396 68.555138 -14.955707 2.182287 7.919302 16.590702 -0.223435 -0.483506 13.998745 -0.513497 0.070922 2.319644 1.483333 -1.855178 19.246553 -0.263666 1.867821 -27.199873 0.140992 1.605855 -3.398881 -2.557578 2.502988 -38.345196 7.7e-05 -2.3e-05 7e-06 0.007723 -0.019302 0.130625 0.731163 -3.827065 -10.72368 -0.723022 3.802029 -10.745747 -4.454449 -7.179107 16.492695 -65.024185 3.482669 -11.273991 -2.189005 -50.461899 -0.191909 24.623514 -8.363394 -9.607771 -5.88211 9.861293 0.702591 -10.936875 -0.360573 7.156208 -0.0 8.774831 0.0 -18.061901 17.419113 5.272639 -1.844037 2.498506 -2.50728 -10.163602 4.67895 4.62111 -20.976038 -2e-06 -3e-06 -21.226301 2.451697 -3.594007 -1e-06 -6e-06 -0.0 -1.362682 2.2408 -0.746325 -21.334925 0.584912 3.008321 -13.821221 -2e-06 -0.0 -23.887182 -0.249079 -0.839488 -62.057148 2.716837 0.007649 -0.294024 1.679688 0.833256 -14.218217 0.093217 1.300579 -34.21207 -0.287563 0.967163 -20.033224 0.964536 1.21284 1e-06 0.0 0.0 -3.440392 0.788235 0.501655 -15.928192 -3.16731 2.999707 -6.33883 -0.0 -0.0 -18.123459 3.648186 -4.905678 -4e-06 -0.0 -2e-06 8.18917 17.52203 19.922979 66.246956 -0.830754 -3.911664 1.012675 31.974657 0.836661 -16.10046 8.324255 -36.121956 2.243542 -5.255038 -3.180159 14.282896 -0.826595 6.952505 -3e-06 -12.690611 0.0 17.816206 -16.102896 1.352402 1.665667 -1.955922 -2.8783 4.727799 -4.170588 4.993925 11.020529 3e-06 -2e-06 12.109056 -3.735717 -2.866786 -1e-06 -0.0 -0.0 1.291987 -1.92855 -1.49809 14.800136 0.56747 3.865608 14.242579 -1.341735 -6.660661 19.631981 0.143928 -0.648245 50.439472 -0.518769 -5.737707 0.353029 -1.511151 -0.03194 20.222801 3.684313 2.31663 18.787277 6e-06 -2e-06 10.751633 -0.479868 1.397906 0.0 -0.0 0.0 3.273808 0.305947 -0.580111 21.48682 11.830383 2.266132 8.16293 2e-06 -1e-06 18.399088 -3.798985 -4.940578 2e-06 0.0 -1e-06 -0.651702 3.201795 -82.902122 -0.400041 -0.06541 98.525719 -7.074103 5.639884 -26.370764 1.574954 -2.04062 0.455678 0.0 0.0 2e-06 -11.254896 -0.967705 -80.866844 0.669288 0.587753 102.736855 8.718398 -0.771366 -25.163036 -1.511384 1.19815 2.60077 -0.0 0.0 -1e-06 
0.0 0.0 0.0 0.0 -0.0 0.0 -24.164694 69.333961 -15.844763 2.876988 8.177156 14.056593 -0.34723 -0.571448 13.277555 -0.549024 0.128849 2.320367 1.419173 -1.718803 20.096781 0.141541 2.215517 -29.663916 -0.873807 1.580456 -3.449237 -2.857292 1.221226 -41.117489 7.7e-05 -2.2e-05 5e-06 -0.02451 -0.149283 0.162638 0.596704 -3.968385 -10.742876 -0.638044 3.693731 -10.748844 -7.834398 -9.607572 14.547641 -60.321384 -15.351612 -6.957145 -2.211948 -48.96505 0.013768 32.47065 -12.21129 -6.851856 -5.882109 9.861289 0.70259 -10.936879 -0.360576 7.156211 2e-06 8.774828 -1e-06 -18.105358 18.637566 5.819518 -1.844033 2.498505 -2.507279 -10.163606 4.678946 4.62111 -20.976038 -3e-06 4e-06 -21.226299 2.451698 -3.594002 0.0 -6e-06 -0.0 -1.362681 2.240799 -0.746324 -21.334929 0.584909 3.008328 -13.821221 -3e-06 2e-06 -23.887184 -0.249078 -0.83948 -63.082706 2.529435 0.051608 -0.294024 1.679687 0.833257 -14.218217 0.093213 1.300582 -34.21207 -0.287563 0.967174 -20.033222 0.964539 1.212846 0.0 1e-06 0.0 -3.440389 0.788234 0.501657 -15.928198 -3.167311 2.999709 -6.338831 -0.0 1e-06 -18.123459 3.648183 -4.905672 -4e-06 -0.0 -2e-06 11.72677 20.695219 17.465828 59.213711 14.704153 -8.204056 -1.493077 32.468822 -0.404612 -25.367836 4.163282 -35.728859 2.243541 -5.255037 -3.180157 14.282892 -0.826595 6.952503 -3e-06 -12.690607 1e-06 17.280031 -17.655079 1.517477 1.665665 -1.955922 -2.878299 4.727798 -4.170588 4.993924 11.020527 3e-06 -1e-06 12.109052 -3.735717 -2.866784 0.0 -0.0 -0.0 1.291985 -1.92855 -1.498089 14.800129 0.567468 3.865607 14.242574 -1.341737 -6.660657 19.631969 0.143927 -0.648245 50.566051 -0.241769 -5.860827 0.35303 -1.511151 -0.03194 20.222794 3.684311 2.31663 18.787273 4e-06 -2e-06 10.751629 -0.479868 1.397906 1e-06 -0.0 -0.0 3.273808 0.305947 -0.580111 21.486818 11.830378 2.266132 8.162928 1e-06 -1e-06 18.39908 -3.798986 -4.940576 3e-06 -0.0 -1e-06 -1.591078 3.592283 -79.720497 -0.259732 0.028318 96.757233 -6.780734 6.072324 -25.140507 1.619562 -2.327303 1.11158 -0.0 0.0 2e-06 -12.367551 0.005318 -77.719887 0.49505 0.512219 101.135498 9.569227 -1.90508 -25.034191 -1.513198 1.001402 4.070473 -0.0 0.0 -1e-06 
0.0 0.0 0.0 0.0 -0.0 0.0 -24.092524 70.828941 -16.613575 3.521472 8.272653 9.667319 -0.626226 -0.158255 12.9655 -0.244572 0.171746 2.362762 1.415866 -1.495411 19.687542 -0.495703 2.600921 -27.879284 -1.27273 0.445687 -3.571031 -3.580362 0.344606 -43.513702 7.7e-05 -2.3e-05 5e-06 -0.121867 -0.342162 0.07974 0.384514 -4.113173 -10.758299 -0.607495 3.458895 -10.751267 -8.035981 -11.263171 12.274837 -56.145576 -35.050671 -0.60204 -5.000865 -49.959629 3.120411 41.982784 -18.770849 -3.461323 -5.88211 9.861293 0.702589 -10.936877 -0.360571 7.156213 -2e-06 8.774829 -2e-06 -17.048742 20.28912 6.236427 -1.844033 2.498509 -2.507279 -10.163605 4.678951 4.621113 -20.976034 1e-06 -1e-06 -21.226299 2.4517 -3.594007 -0.0 -6e-06 -2e-06 -1.362683 2.240799 -0.746325 -21.334925 0.584913 3.008326 -13.82122 -1e-06 1e-06 -23.887182 -0.249077 -0.839487 -62.000748 2.844871 -0.835034 -0.294026 1.679688 0.833255 -14.218215 0.093217 1.300581 -34.212067 -0.28756 0.967166 -20.033222 0.96454 1.212843 0.0 1e-06 0.0 -3.440389 0.788232 0.501657 -15.928194 -3.16731 2.99971 -6.33883 2e-06 -0.0 -18.123459 3.648189 -4.905677 -4e-06 1e-06 -2e-06 8.271842 22.687969 14.172537 54.067482 30.335129 -7.592415 -2.054309 39.845272 -1.233342 -42.473618 8.629518 -21.437038 2.243542 -5.255037 -3.180157 14.282894 -0.826597 6.952503 -1e-06 -12.690607 0.0 16.324196 -17.832228 0.976252 1.665666 -1.955923 -2.878299 4.727801 -4.170591 4.993925 11.020528 2e-06 -0.0 12.109054 -3.735717 -2.866784 1e-06 -1e-06 -1e-06 1.291985 -1.92855 -1.498089 14.800132 0.567468 3.865607 14.242576 -1.341737 -6.660658 19.631971 0.143923 -0.648246 47.152954 -0.284417 -6.23643 0.353029 -1.511151 -0.031939 20.222797 3.684309 2.316631 18.787279 3e-06 -1e-06 10.751632 -0.479867 1.397905 -1e-06 1e-06 0.0 3.273808 0.305946 -0.58011 21.486816 11.830376 2.266132 8.162928 -0.0 -1e-06 18.399088 -3.798985 -4.94058 5e-06 0.0 -0.0 -2.31254 3.271601 -73.737846 -0.225473 -0.14928 94.328217 -6.484888 6.907275 -23.094574 1.642365 -2.230998 0.315578 0.0 -0.0 2e-06 -12.451015 -0.390747 -71.961212 0.588687 0.668309 98.85273 8.253774 -1.462521 -23.341469 -1.551013 1.162575 4.231165 -0.0 0.0 -2e-06 
0.0 0.0 0.0 0.0 -0.0 0.0 -23.824017 72.604698 -17.51799 3.37469 8.933055 3.480094 -0.470363 0.836307 13.156757 0.385819 -0.662829 1.762758 1.299145 -1.267273 17.81321 -1.412146 3.111863 -21.171669 -0.985896 -0.571453 -3.62039 -3.426464 -0.660238 -42.325054 7.7e-05 -2.3e-05 5e-06 -0.07176 -0.228912 0.068425 0.361115 -3.963375 -10.740863 -0.475517 3.553984 -10.6824 -4.02141 -12.311842 10.168284 -46.809631 -53.176849 -0.415862 -10.21608 -58.892487 12.35791 49.244282 -18.528454 0.484097 -5.882111 9.861292 0.70259 -10.936877 -0.360573 7.156212 -2e-06 8.774829 -2e-06 -16.575535 18.777082 6.063713 -1.844033 2.498506 -2.507278 -10.163604 4.678948 4.621112 -20.976034 0.0 2e-06 -21.226299 2.451702 -3.594001 -1e-06 -4e-06 0.0 -1.362682 2.2408 -0.746324 -21.334925 0.584914 3.008327 -13.82122 0.0 2e-06 -23.887182 -0.249075 -0.839484 -60.937992 2.559643 -1.108601 -0.294025 1.679688 0.833257 -14.218216 0.093218 1.300584 -34.212067 -0.287556 0.967173 -20.033226 0.964542 1.212843 0.0 -0.0 1e-06 -3.44039 0.788234 0.501656 -15.928194 -3.167308 2.999713 -6.338829 0.0 1e-06 -18.123457 3.648188 -4.905675 -4e-06 0.0 1e-06 -3.30808 22.417452 9.781566 48.742821 44.811867 -10.381277 0.393096 54.262836 -1.068693 -48.765247 21.806194 4.74309 2.243543 -5.25504 -3.18016 14.282896 -0.826596 6.952506 -0.0 -12.690609 -2e-06 16.955763 -15.952479 0.876999 1.665666 -1.955922 -2.8783 4.727801 -4.17059 4.993927 11.020529 1e-06 1e-06 12.109056 -3.735719 -2.866785 -0.0 1e-06 -0.0 1.291986 -1.928551 -1.498089 14.800132 0.567467 3.865611 14.242577 -1.341739 -6.660659 19.631973 0.143923 -0.648247 47.196217 -0.232205 -6.543204 0.353029 -1.511152 -0.031938 20.222801 3.684309 2.316633 18.787279 4e-06 0.0 10.751633 -0.479871 1.397907 -0.0 1e-06 0.0 3.273807 0.305947 -0.58011 21.486818 11.830378 2.266137 8.16293 1e-06 -1e-06 18.399088 -3.798988 -4.940577 2e-06 1e-06 -1e-06 -2.354963 2.529831 -65.856819 -0.589811 -0.43163 91.624786 -6.30757 7.489181 -20.540514 1.666428 -2.059341 -1.713271 -0.0 -1e-06 2e-06 -11.683839 -2.27188 -64.18438 0.75453 0.761102 96.440186 6.204991 0.429985 -19.56525 -1.598276 1.322604 2.526033 -0.0 -0.0 -1e-06 
0.0 0.0 0.0 0.0 -0.0 0.0 -23.580421 74.397217 -18.084093 2.148812 9.868567 -2.093618 0.377051 1.302069 12.335823 0.707133 -0.90394 0.651427 1.256485 -1.776983 15.334984 -2.372152 3.142067 -14.473632 -0.883354 0.711265 -3.340072 -1.251773 -2.244651 -36.238834 7.7e-05 -2.2e-05 6e-06 0.032247 0.021976 0.199757 0.326388 -3.72238 -10.410076 -0.228151 3.839748 -10.265153 -1.21185 -14.376334 8.116582 -6.95139 -64.293243 -33.191788 -20.992275 -73.155449 27.845716 51.37022 -13.232118 -0.971486 -5.882109 9.861294 0.70259 -10.93688 -0.360575 7.156212 -0.0 8.774831 -3e-06 -13.944735 16.493505 6.849948 -1.844035 2.498507 -2.507281 -10.163607 4.678947 4.621112 -20.976038 -4e-06 3e-06 -21.226301 2.451696 -3.594003 0.0 -6e-06 -1e-06 -1.362682 2.2408 -0.746325 -21.334929 0.58491 3.008326 -13.821223 -2e-06 3e-06 -23.887188 -0.249076 -0.839483 -59.319683 2.211548 -1.330448 -0.294026 1.679688 0.833256 -14.218217 0.093212 1.300581 -34.212074 -0.287566 0.967171 -20.033228 0.964539 1.212845 0.0 -2e-06 0.0 -3.44039 0.788235 0.501654 -15.928201 -3.167312 2.999711 -6.338831 -2e-06 -0.0 -18.123459 3.648184 -4.905674 -3e-06 -0.0 -2e-06 -15.237116 23.842928 4.713415 29.703005 50.102676 -34.6642 14.861474 77.149818 13.007926 -42.668846 23.140362 20.923079 2.243545 -5.255042 -3.180161 14.282907 -0.826593 6.95251 -1e-06 -12.690619 -2e-06 17.443417 -16.457565 2.503747 1.665669 -1.955923 -2.878303 4.727804 -4.170591 4.993927 11.020538 5e-06 -2e-06 12.109066 -3.73572 -2.866788 -0.0 -0.0 0.0 1.291987 -1.928554 -1.49809 14.800148 0.567471 3.865612 14.24259 -1.341738 -6.660666 19.631992 0.143925 -0.648245 51.810558 0.557051 -6.217925 0.35303 -1.511154 -0.03194 20.222818 3.684314 2.316633 18.787296 5e-06 -2e-06 10.751641 -0.479868 1.397907 -0.0 1e-06 0.0 3.27381 0.305947 -0.58011 21.486843 11.830387 2.266137 8.162938 4e-06 -0.0 18.399103 -3.798988 -4.940581 4e-06 2e-06 -0.0 -1.475824 2.543784 -58.87207 -0.781489 -0.66506 89.264938 -6.138976 7.633957 -17.762726 1.693843 -1.821943 -2.714511 -0.0 0.0 2e-06 -10.464413 -4.137469 -56.77816 0.736246 0.646798 93.843361 5.374784 1.716492 -15.344428 -1.606659 1.165611 -0.081972 -0.0 -0.0 -1e-06 
0.0 0.0 0.0 0.0 -0.0 0.0 -23.330603 76.414696 -17.79291 0.425619 10.454587 -6.2437 1.402966 1.146647 10.923783 0.552848 -0.951001 -0.456711 1.40518 -1.761867 11.35045 -2.985384 2.651887 -8.553346 0.104366 2.15617 -3.169536 1.259113 -1.623666 -27.962973 7.7e-05 -2.3e-05 6e-06 0.01947 0.157751 0.178945 0.370534 -3.61503 -10.461336 -0.30536 4.012855 -10.244935 0.88272 -16.37817 6.258814 45.263367 -53.428436 -85.53466 -14.233674 -81.425522 21.900301 43.433617 1.101672 -6.260133 -5.882107 9.861286 0.702589 -10.936872 -0.360576 7.156206 -0.0 8.774825 -2e-06 -13.611834 16.846098 7.655986 -1.844033 2.498505 -2.507276 -10.163601 4.678945 4.621108 -20.976025 -3e-06 2e-06 -21.226288 2.451696 -3.594002 0.0 -6e-06 -0.0 -1.362682 2.240798 -0.746323 -21.334913 0.58491 3.008322 -13.821217 -2e-06 2e-06 -23.887171 -0.249078 -0.839484 -58.136761 2.702497 -0.818756 -0.294024 1.679688 0.833256 -14.21821 0.093215 1.300581 -34.212051 -0.287563 0.96717 -20.033215 0.964537 1.212843 -0.0 1e-06 0.0 -3.440388 0.788233 0.501655 -15.928185 -3.16731 2.999707 -6.338827 -1e-06 2e-06 -18.123444 3.648182 -4.905669 -5e-06 1e-06 -2e-06 -24.550098 26.134972 -0.649526 3.238934 42.6203 -65.516045 -143.232468 82.612549 -143.630905 -32.939415 10.209237 23.558662 2.243543 -5.255038 -3.180159 14.282896 -0.826596 6.952507 -1e-06 -12.690606 -0.0 16.524721 -15.565556 5.99338 1.665667 -1.955922 -2.8783 4.7278 -4.170589 4.993925 11.020528 2e-06 -2e-06 12.109056 -3.735715 -2.866788 0.0 -1e-06 -1e-06 1.291986 -1.92855 -1.49809 14.800132 0.567467 3.865608 14.242579 -1.341736 -6.660661 19.631973 0.143925 -0.648246 51.676075 0.237254 -4.768809 0.353029 -1.511151 -0.03194 20.222797 3.684308 2.316632 18.787275 3e-06 -2e-06 10.751629 -0.479868 1.397905 -0.0 -0.0 1e-06 3.273808 0.305947 -0.580111 21.486816 11.830376 2.266134 8.16293 2e-06 -0.0 18.399088 -3.798985 -4.940577 4e-06 0.0 -1e-06 0.419353 3.450132 -53.004749 -0.502021 -0.330948 87.239998 -5.152622 6.042908 -14.604292 1.697082 -1.879031 -3.886066 -0.0 0.0 2e-06 -8.831924 -6.241691 -49.691368 0.81905 0.558782 90.047928 3.234399 3.005362 -13.594252 -1.558432 0.921247 -0.322381 -0.0 -0.0 -1e-06 
0.0 0.0 0.0 0.0 -0.0 0.0 -22.357172 79.968903 -13.759264 -1.514668 9.012897 -9.140327 2.39172 0.955198 8.97796 0.100916 0.059292 -1.562433 2.328249 -1.851386 6.872553 -2.299639 2.252062 -3.452909 0.712792 2.560789 -3.199211 3.42061 1.373694 -19.325869 7.7e-05 -2.3e-05 6e-06 -0.125885 0.046637 -0.050825 0.529356 -3.588652 -10.41817 -0.759573 3.777955 -10.17186 10.123402 -18.93576 4.03389 54.541447 -28.367859 -102.609245 23.142426 -72.341324 -23.557928 33.021126 4.87671 -22.654221 -5.882113 9.861295 0.702589 -10.936881 -0.360577 7.156209 -0.0 8.774832 -3e-06 -13.016834 14.496515 8.186671 -1.844035 2.498505 -2.507279 -10.16361 4.678948 4.621109 -20.976044 -4e-06 1e-06 -21.226307 2.451698 -3.594005 0.0 -6e-06 -0.0 -1.362683 2.2408 -0.746324 -21.334934 0.584908 3.008322 -13.821225 -4e-06 1e-06 -23.887194 -0.249082 -0.839486 -56.546303 2.395949 0.095079 -0.294025 1.679688 0.833255 -14.218223 0.093215 1.30058 -34.212082 -0.287568 0.96717 -20.033232 0.964534 1.212844 0.0 -0.0 -1e-06 -3.440392 0.788234 0.501656 -15.928201 -3.167314 2.999707 -6.338833 -2e-06 0.0 -18.123465 3.648185 -4.905678 -6e-06 -0.0 -4e-06 -34.964256 24.561337 -7.675542 -15.315475 25.291567 -78.186653 -71.63942 75.036659 -78.151009 -26.812359 6.692068 15.574706 2.243543 -5.255039 -3.180159 14.2829 -0.826594 6.952504 -4e-06 -12.690609 0.0 13.792551 -14.012327 7.892645 1.665668 -1.955924 -2.878299 4.727801 -4.170588 4.993924 11.020534 2e-06 -1e-06 12.109058 -3.735717 -2.866785 1e-06 1e-06 -1e-06 1.291986 -1.928551 -1.49809 14.800138 0.567468 3.865607 14.242582 -1.341738 -6.660661 19.631983 0.143926 -0.648245 50.673424 -0.575925 -4.540403 0.353029 -1.511152 -0.03194 20.222805 3.684313 2.31663 18.787287 5e-06 -1e-06 10.751634 -0.479867 1.397908 1e-06 0.0 -1e-06 3.273809 0.305948 -0.580111 21.486832 11.830382 2.266136 8.162935 1e-06 -3e-06 18.399096 -3.798985 -4.940581 3e-06 -0.0 0.0 3.327847 6.838431 -43.684208 -0.254109 -0.003142 83.594849 -2.432701 5.113291 -14.648278 1.736538 -1.899675 -2.684253 0.0 0.0 2e-06 -7.432071 -9.010487 -39.74371 1.205989 0.30989 83.78965 0.574748 6.713112 -13.826032 -1.619431 1.02749 -0.012286 -0.0 -0.0 -1e-06 
0.0 0.0 0.0 0.0 -0.0 0.0 -21.68918 86.795044 -11.455185 -2.646966 7.636074 -13.314247 2.188086 0.881588 6.760523 0.291478 -0.088678 -2.865424 3.465131 -1.230633 4.024461 0.278556 1.432388 5.747929 1.419572 2.754764 -3.023096 6.065702 4.654226 -7.376399 7.7e-05 -2.2e-05 6e-06 -0.222888 -0.12142 -0.329243 0.616908 -3.470096 -9.9379 -1.058344 3.357707 -9.701001 28.16153 -17.480055 2.700225 39.215771 -8.318969 -110.969055 18.071175 -63.02924 -39.179214 24.365236 5.834558 -47.630646 -5.882107 9.86129 0.702588 -10.936873 -0.360578 7.156208 -1e-06 8.774829 -3e-06 -12.344474 11.853137 5.710831 -1.844033 2.498506 -2.507277 -10.163603 4.678946 4.621109 -20.976032 -5e-06 2e-06 -21.226292 2.451696 -3.594002 1e-06 -6e-06 0.0 -1.362682 2.240799 -0.746324 -21.334921 0.584907 3.008325 -13.821217 -4e-06 3e-06 -23.88718 -0.249079 -0.839483 -49.259647 1.716679 -0.935609 -0.294025 1.679687 0.833256 -14.218212 0.093213 1.300581 -34.212063 -0.287564 0.967172 -20.03322 0.964536 1.212845 -0.0 1e-06 1e-06 -3.440389 0.788233 0.501655 -15.928191 -3.167311 2.999709 -6.338828 -3e-06 2e-06 -18.123453 3.648184 -4.905673 -3e-06 1e-06 -3e-06 -43.31039 20.180117 -9.997178 -19.608269 3.430675 -68.258812 -32.887993 71.631516 -50.465572 -24.784464 3.144821 5.052124 2.243542 -5.255038 -3.18016 14.282896 -0.826592 6.952505 -4e-06 -12.690607 -1e-06 14.998826 -17.360859 5.995974 1.665666 -1.955922 -2.878299 4.727799 -4.170588 4.993925 11.020529 5e-06 -2e-06 12.109056 -3.735714 -2.866785 1e-06 -0.0 -2e-06 1.291987 -1.928552 -1.498088 14.800132 0.567468 3.865608 14.242577 -1.341735 -6.660658 19.631973 0.143927 -0.648244 53.045486 -0.543762 -6.104327 0.353028 -1.511154 -0.03194 20.222803 3.684312 2.31663 18.787283 7e-06 -1e-06 10.751632 -0.479869 1.397908 0.0 1e-06 0.0 3.273809 0.305948 -0.580113 21.48682 11.830383 2.266134 8.16293 3e-06 -1e-06 18.399088 -3.798986 -4.940576 3e-06 -0.0 -1e-06 5.719366 9.807272 -30.279741 -0.355056 0.070145 71.979851 1.968032 8.93224 -5.569779 2.148436 -2.100733 -3.465544 1e-06 -0.0 3e-06 -7.600575 -11.436011 -25.999161 1.805319 0.401701 70.767769 0.548112 11.46343 -4.35215 -1.681006 1.014807 -2.677875 0.0 -0.0 -0.0 
0.0 0.0 0.0 0.0 -0.0 0.0 -21.678566 97.437439 -10.020967 -4.073554 5.809531 -19.93762 2.811696 1.025493 4.004976 0.564973 -0.574858 -4.159347 4.825279 -0.796457 3.335177 2.153969 -3.703678 24.467121 4.929438 5.75836 -1.929757 8.815871 6.96987 9.817884 7.6e-05 -2.2e-05 6e-06 -0.201582 0.382399 -0.424519 0.547606 -2.86499 -9.357944 -1.027445 3.822134 -9.038257 38.055214 -10.688079 3.868093 10.573135 0.939963 -58.988983 67.402107 -41.863453 -136.431091 18.191189 11.354255 -77.628746 -5.88211 9.86129 0.70259 -10.936876 -0.360575 7.156209 2e-06 8.774829 -1e-06 -10.035329 10.214132 4.821154 -1.844034 2.498505 -2.507279 -10.163604 4.678945 4.621109 -20.976038 -4e-06 2e-06 -21.226299 2.451698 -3.594003 1e-06 -6e-06 -1e-06 -1.362682 2.240799 -0.746323 -21.334927 0.584909 3.008325 -13.82122 -5e-06 2e-06 -23.887182 -0.249081 -0.839482 -44.480999 0.464371 -2.233312 -0.294025 1.679687 0.833255 -14.218215 0.093213 1.30058 -34.212067 -0.287565 0.967171 -20.033222 0.964535 1.212844 -0.0 -1e-06 0.0 -3.440391 0.788234 0.501656 -15.928198 -3.167311 2.999709 -6.338827 -1e-06 -0.0 -18.123457 3.648182 -4.905673 -3e-06 1e-06 -2e-06 -43.247307 16.095985 -3.020017 -12.695852 -16.851109 -32.255154 -98.564224 61.837608 -131.042389 -28.341652 -2.112011 -3.421432 2.243544 -5.255042 -3.180161 14.2829 -0.826595 6.952505 -1e-06 -12.690609 -2e-06 13.537155 -17.903898 4.385631 1.665666 -1.955925 -2.878301 4.727801 -4.17059 4.993925 11.020535 3e-06 -3e-06 12.109058 -3.735719 -2.866787 1e-06 1e-06 -0.0 1.291987 -1.92855 -1.498091 14.800136 0.567468 3.865608 14.242581 -1.341739 -6.660661 19.631981 0.143925 -0.648245 49.115196 -0.97318 -7.07383 0.353029 -1.511152 -0.03194 20.222803 3.68431 2.316633 18.787287 5e-06 0.0 10.751635 -0.47987 1.397906 1e-06 1e-06 -0.0 3.273808 0.305947 -0.58011 21.486828 11.830378 2.266135 8.162933 2e-06 -1e-06 18.399094 -3.798985 -4.940578 2e-06 2e-06 -1e-06 9.147158 9.871736 -14.584311 -0.451767 0.035746 54.221638 5.2677 11.615399 21.368826 2.674139 -2.471755 -9.66949 -1e-06 -1e-06 1e-06 -7.995946 -9.892717 -8.7707 1.576421 1.252625 50.433121 7.53876 10.425561 17.800875 -1.476759 0.712985 -4.628185 -0.0 -0.0 -4e-06 
0.0 0.0 0.0 0.0 -0.0 0.0 -23.460726 110.665894 -9.788603 -4.787378 4.173671 -27.276667 2.794908 1.489129 0.588071 0.30556 -1.978361 -5.834877 6.881811 0.111156 6.204754 1.673627 -10.617955 47.837696 5.299535 8.93196 -2.557078 7.562778 7.503795 22.726322 7.7e-05 -2.3e-05 6e-06 -0.455715 0.558688 -0.630805 0.351502 -2.879162 -10.146456 -1.396591 4.126234 -9.944274 25.528044 -0.732938 13.212884 -6.692561 21.108568 -11.006583 112.599007 -13.96637 -152.628036 10.049121 10.736273 -141.564362 -5.882108 9.86129 0.702592 -10.936877 -0.360576 7.156209 2e-06 8.77483 -1e-06 -8.80816 4.51586 6.008945 -1.844033 2.498505 -2.507278 -10.163604 4.678945 4.621111 -20.976036 -3e-06 8e-06 -21.226294 2.451699 -3.593997 -1e-06 -6e-06 -1e-06 -1.362682 2.240797 -0.746322 -21.334929 0.584908 3.008328 -13.821222 -4e-06 7e-06 -23.887184 -0.249076 -0.839476 -62.525928 -1.485749 -2.110131 -0.294025 1.679688 0.833257 -14.218217 0.093213 1.300584 -34.212074 -0.287564 0.96718 -20.03323 0.964538 1.212849 -0.0 -1e-06 1e-06 -3.44039 0.788233 0.501657 -15.928194 -3.167313 2.999709 -6.33883 -1e-06 4e-06 -18.123455 3.648185 -4.905668 -4e-06 1e-06 -3e-06 -27.995863 8.580876 7.870743 -9.115634 -40.453239 -1.733973 -138.423508 22.587358 -166.880157 -30.787062 -4.272213 -24.575327 2.243541 -5.255037 -3.180159 14.282889 -0.826595 6.952503 -1e-06 -12.690601 -1e-06 12.326695 -17.566603 3.3992 1.665666 -1.955921 -2.878299 4.727798 -4.170587 4.993925 11.020523 1e-06 -1e-06 12.10905 -3.735716 -2.866784 0.0 2e-06 1e-06 1.291986 -1.92855 -1.498089 14.800125 0.567468 3.865608 14.242571 -1.341737 -6.660659 19.631968 0.143925 -0.648245 47.669849 -0.969974 -7.234224 0.353029 -1.51115 -0.031942 20.222788 3.684309 2.31663 18.78727 4e-06 -2e-06 10.751626 -0.479869 1.397906 0.0 1e-06 -1e-06 3.273805 0.305946 -0.58011 21.486809 11.830372 2.266135 8.162926 0.0 -1e-06 18.39908 -3.798986 -4.940576 3e-06 1e-06 -2e-06 11.136665 5.900985 -4.495228 -0.160055 0.225686 39.320911 7.471389 9.042551 62.144054 2.86001 -2.202467 1.211042 -0.0 -0.0 2e-06 -7.757678 -6.102379 2.414576 0.686602 1.982808 32.926872 14.431574 1.929102 47.530231 -1.119345 0.764606 -0.42172 0.0 -0.0 -1e-06 
0.0 0.0 0.0 0.0 -0.0 0.0 -25.992752 120.881104 -12.432422 -4.611879 2.107202 -37.173862 2.83913 1.929691 -1.067587 -0.446333 -3.034425 -4.837997 8.655438 0.739252 12.375851 0.624608 -14.674193 75.637802 1.508582 8.721083 -4.074835 3.326623 8.157993 21.378622 7.7e-05 -2.1e-05 5e-06 -0.329002 0.242993 -0.587232 0.722193 -3.324878 -10.627335 -1.535433 3.878364 -10.754859 5.258553 14.720028 18.263193 -7.192558 30.694471 -1.792179 157.09993 -14.928605 -172.943527 11.017062 5.565527 15.962204 -5.882106 9.861286 0.70259 -10.936877 -0.360575 7.15621 2e-06 8.774827 -1e-06 -18.117002 16.411289 20.698624 -1.844035 2.498505 -2.507279 -10.163603 4.678945 4.621112 -20.976038 -4e-06 3e-06 -21.226297 2.451697 -3.594 0.0 -6e-06 -1e-06 -1.362682 2.240798 -0.746324 -21.334927 0.584909 3.008326 -13.82122 -3e-06 3e-06 -23.887184 -0.249079 -0.839481 -122.240112 4.697019 -4.118484 -0.294025 1.679688 0.833256 -14.218215 0.093214 1.300582 -34.212067 -0.287563 0.967174 -20.033226 0.964538 1.212846 -0.0 0.0 0.0 -3.440392 0.788233 0.501656 -15.928192 -3.16731 2.99971 -6.338828 -2e-06 2e-06 -18.123453 3.648183 -4.905671 -4e-06 0.0 -2e-06 -6.999348 -4.940995 17.411106 4.312171 -54.915482 5.816288 -174.912949 5.179936 -179.06575 -30.351063 0.509951 -23.608065 2.243543 -5.255041 -3.180161 14.282902 -0.826599 6.952513 2e-06 -12.690612 1e-06 13.052114 -19.265844 2.830898 1.665666 -1.955923 -2.878301 4.727802 -4.17059 4.99393 11.020533 0.0 -1e-06 12.10906 -3.73572 -2.866786 -0.0 -0.0 -1e-06 1.291987 -1.928551 -1.498091 14.800142 0.567467 3.865615 14.242584 -1.341739 -6.660665 19.631985 0.143922 -0.648246 51.772026 -3.207395 -7.897785 0.353029 -1.511152 -0.03194 20.222803 3.684307 2.316634 18.787287 -0.0 0.0 10.751636 -0.479873 1.397907 0.0 1e-06 0.0 3.27381 0.305946 -0.580111 21.486828 11.830374 2.266137 8.162935 -0.0 1e-06 18.399101 -3.79899 -4.940579 3e-06 2e-06 -1e-06 11.407673 0.939292 -2.044402 -0.43353 0.082324 47.110157 15.605021 10.058517 76.875076 2.984237 -1.667309 5.179594 -0.0 -1e-06 2e-06 -7.734749 -4.731003 4.102879 0.620348 1.703518 39.608017 14.797243 -1.497766 59.682632 -1.327292 0.862482 2.554513 -0.0 -0.0 -0.0 
0.0 0.0 0.0 0.0 -0.0 0.0 -28.450975 127.281952 -18.388166 -3.62048 1.609894 -51.344078 3.124957 0.948517 0.485825 -1.376044 -3.073674 -2.509231 8.097148 0.312798 22.006636 -0.841605 -14.58298 106.215294 -3.084168 5.809998 -4.539811 -2.070393 5.997527 9.40247 7.7e-05 -2.2e-05 6e-06 -0.033766 0.049606 -0.414565 1.121137 -3.281807 -10.098736 -1.333582 3.404966 -10.530613 -7.409258 22.452583 20.287977 -16.59783 29.588884 17.540165 -170.198624 -50.189018 -179.586624 11.647744 7.149618 35.148567 -5.882113 9.86129 0.702591 -10.936885 -0.360576 7.156213 2e-06 8.774831 -1e-06 -23.885571 19.390604 5.705506 -1.844034 2.498507 -2.507279 -10.163612 4.678947 4.621113 -20.976049 -3e-06 5e-06 -21.226309 2.451699 -3.593999 1e-06 -6e-06 -1e-06 -1.362683 2.240799 -0.746324 -21.334942 0.584909 3.008328 -13.821233 -3e-06 5e-06 -23.887203 -0.249078 -0.839479 -73.277657 3.397866 -1.488537 -0.294025 1.67969 0.833256 -14.218226 0.093213 1.300583 -34.212093 -0.287565 0.967177 -20.033239 0.964539 1.212847 -1e-06 0.0 1e-06 -3.440393 0.788233 0.501656 -15.928208 -3.167313 2.999711 -6.338834 -2e-06 2e-06 -18.12347 3.648184 -4.905671 -4e-06 0.0 -2e-06 7.076317 -10.084921 24.084101 43.83506 -52.763306 2.712178 156.508804 44.428787 165.801895 -35.231201 15.654841 3.279293 2.243543 -5.255041 -3.180159 14.2829 -0.826597 6.952505 -0.0 -12.690612 -0.0 16.210571 -18.366861 1.504732 1.665667 -1.955922 -2.878299 4.727802 -4.17059 4.993927 11.020534 1e-06 1e-06 12.109059 -3.73572 -2.866785 -0.0 0.0 -1e-06 1.291987 -1.928551 -1.49809 14.800138 0.567466 3.865608 14.242581 -1.34174 -6.66066 19.631981 0.143924 -0.648248 53.00386 -2.822431 -8.290621 0.353028 -1.511151 -0.031939 20.222801 3.684309 2.31663 18.787283 2e-06 1e-06 10.751634 -0.479869 1.397904 -0.0 -1e-06 -0.0 3.273808 0.305947 -0.580111 21.486824 11.830379 2.266135 8.16293 2e-06 -2e-06 18.399092 -3.798988 -4.940577 0.0 -1e-06 1e-06 10.769958 -1.531859 -1.91464 -0.549392 -0.055952 66.347961 10.111184 9.87815 79.139763 2.943037 -1.642936 3.992992 0.0 -0.0 2e-06 -8.363638 -3.720256 2.499279 0.913172 1.118288 60.278584 16.477446 -1.847616 66.337532 -1.545588 0.848468 2.302355 -0.0 -0.0 -1e-06 
0.0 0.0 0.0 0.0 -0.0 0.0 -30.455694 131.705795 -25.144451 -2.783424 2.957822 -67.635033 2.572576 -0.758673 2.868927 -2.494732 -2.325829 -0.519603 7.024654 0.03729 35.774582 -0.014992 -11.872883 125.390404 -5.000923 1.203884 -3.582639 -1.576893 1.817009 1.016248 7.7e-05 -2.3e-05 6e-06 0.073398 0.056532 -0.309448 0.934986 -2.944275 -9.272302 -0.894966 3.055674 -9.595929 -17.557594 23.138271 23.517321 -26.68873 12.461748 28.820831 19.260361 -79.525597 -8.145911 19.633139 -3.984081 29.647522 -5.882108 9.861288 0.702592 -10.936877 -0.360574 7.156211 2e-06 8.774831 -0.0 -17.915936 19.418262 7.306429 -1.844033 2.498505 -2.507279 -10.163604 4.678947 4.621112 -20.976034 -4e-06 3e-06 -21.226299 2.451698 -3.594 1e-06 -6e-06 -2e-06 -1.362682 2.240799 -0.746323 -21.334921 0.58491 3.008326 -13.821219 -3e-06 5e-06 -23.88718 -0.249076 -0.839481 -63.858212 3.425638 -0.51272 -0.294025 1.679688 0.833256 -14.218215 0.093214 1.300583 -34.212067 -0.287563 0.967176 -20.033222 0.964539 1.212846 0.0 -0.0 1e-06 -3.44039 0.788234 0.501656 -15.928198 -3.167312 2.999709 -6.33883 -1e-06 2e-06 -18.123457 3.648185 -4.90567 -3e-06 1e-06 -3e-06 16.617874 -10.094166 35.36478 63.848515 -24.46291 -4.878787 10.119911 76.235313 18.771975 -37.755192 24.348877 6.112217 2.243543 -5.255038 -3.180158 14.282894 -0.826594 6.952505 -3e-06 -12.690607 0.0 15.821597 -17.648214 2.118064 1.665668 -1.955922 -2.878298 4.727801 -4.170588 4.993922 11.020528 4e-06 -2e-06 12.109055 -3.735716 -2.866785 1e-06 -1e-06 -0.0 1.291986 -1.928549 -1.498089 14.800132 0.567469 3.86561 14.242577 -1.341738 -6.660661 19.631973 0.143926 -0.648247 50.755867 -1.815935 -6.322691 0.353029 -1.511152 -0.031942 20.222797 3.68431 2.316631 18.787273 5e-06 -3e-06 10.751629 -0.479867 1.397906 -1e-06 -0.0 1e-06 3.273806 0.305947 -0.58011 21.486816 11.830377 2.266133 8.16293 2e-06 -1e-06 18.399088 -3.798985 -4.940577 3e-06 0.0 -2e-06 9.603 -2.574772 -1.255616 -0.50911 -0.157854 82.052994 -3.98143 4.970819 78.912186 2.598724 -1.710827 1.999406 0.0 0.0 2e-06 -8.656822 -1.845666 0.036343 0.83 0.536925 81.446899 15.732853 -4.35439 69.528641 -1.76887 0.770067 1.506432 0.0 -0.0 -1e-06 
0.0 0.0 0.0 0.0 -0.0 0.0 -32.000191 135.429245 -31.096655 -3.153321 4.673028 -83.672623 1.666351 -1.895395 4.669422 -2.92183 -1.187988 0.485986 5.87761 -0.580303 49.859699 0.969773 -9.438193 134.368942 -5.078871 -1.878698 -2.974962 1.117668 0.058718 -3.119234 7.7e-05 -2.3e-05 6e-06 0.016656 0.086548 -0.249029 0.610229 -2.807287 -8.939143 -0.670928 2.960404 -8.947324 -24.338856 20.314863 34.848537 -28.477325 -12.981704 40.876423 14.369672 -38.309383 -2.285968 24.815693 -4.311509 9.945982 -5.882108 9.86129 0.702592 -10.936877 -0.360577 7.156211 1e-06 8.77483 -0.0 -16.823299 20.381071 8.038204 -1.844034 2.498507 -2.50728 -10.163604 4.678947 4.621111 -20.976036 -2e-06 3e-06 -21.226297 2.451698 -3.594002 0.0 -6e-06 -2e-06 -1.362684 2.240798 -0.746324 -21.334925 0.584908 3.008326 -13.82122 -2e-06 3e-06 -23.887184 -0.249078 -0.839482 -63.00396 3.052613 0.280208 -0.294025 1.679688 0.833255 -14.218214 0.093215 1.300581 -34.212067 -0.287564 0.967173 -20.033222 0.964538 1.212845 0.0 -0.0 0.0 -3.44039 0.788231 0.501656 -15.928196 -3.167312 2.999711 -6.338832 -1e-06 1e-06 -18.123459 3.648186 -4.905673 -3e-06 -0.0 -2e-06 22.223886 -8.877157 57.437344 59.394146 15.523855 41.477951 -24.472912 17.067511 -2.148276 -45.264629 -0.611072 -20.907543 2.243542 -5.255037 -3.180157 14.282896 -0.826594 6.952507 -3e-06 -12.69061 0.0 13.817777 -16.086342 2.090001 1.665666 -1.955922 -2.878299 4.727801 -4.170588 4.993925 11.020531 2e-06 1e-06 12.109057 -3.735718 -2.866784 0.0 -1e-06 0.0 1.291987 -1.92855 -1.498091 14.800132 0.567468 3.865611 14.242577 -1.341738 -6.660659 19.631973 0.143924 -0.648243 45.242676 -1.307027 -4.25062 0.353029 -1.51115 -0.03194 20.222801 3.68431 2.316634 18.787281 3e-06 0.0 10.751633 -0.47987 1.397908 -2e-06 -0.0 1e-06 3.273807 0.305948 -0.580111 21.48682 11.830379 2.266135 8.16293 1e-06 0.0 18.399092 -3.798989 -4.940577 3e-06 1e-06 1e-06 7.976032 -3.340948 -0.855827 -0.770893 -0.042219 90.877113 -16.214981 0.227196 73.663315 2.069519 -1.616788 0.275124 0.0 -0.0 2e-06 -8.480433 0.197571 -4.377969 0.554032 0.254809 97.739433 10.679266 -5.455512 70.309128 -1.668402 0.738913 2.229775 -1e-06 0.0 -1e-06 
0.0 0.0 0.0 0.0 -0.0 0.0 -32.69492 136.919205 -34.999191 -3.711133 6.438928 -99.492287 0.784591 -2.68609 4.35293 -2.720482 -0.355274 -0.201314 2.977475 -1.093186 50.375149 -0.865164 -6.850096 153.621201 -4.401285 -3.077244 -2.973007 2.282127 -0.288309 -5.130602 7.7e-05 -2.3e-05 6e-06 -0.004632 0.060336 -0.302789 0.476117 -2.822034 -8.990566 -0.630442 2.90936 -8.772625 -22.069403 24.251329 80.144577 -11.885019 -37.262844 28.468946 2.659398 -18.551231 1.057444 22.864611 -0.146524 -3.797198 -5.882108 9.861287 0.702589 -10.936877 -0.360574 7.156206 1e-06 8.774826 -1e-06 -16.884939 19.728111 7.947355 -1.844032 2.498506 -2.507279 -10.163604 4.678946 4.621109 -20.976032 -4e-06 2e-06 -21.226295 2.451696 -3.594003 -0.0 -6e-06 -1e-06 -1.362681 2.240799 -0.746324 -21.334923 0.584909 3.008322 -13.821219 -3e-06 1e-06 -23.887178 -0.249079 -0.839484 -64.340569 2.266113 1.348549 -0.294026 1.679688 0.833256 -14.218215 0.093215 1.30058 -34.212059 -0.287563 0.967168 -20.033218 0.964536 1.212842 -0.0 -0.0 -1e-06 -3.440389 0.788233 0.501656 -15.928192 -3.16731 2.999708 -6.338829 -1e-06 0.0 -18.123453 3.648183 -4.905673 -4e-06 -0.0 -2e-06 20.371981 -11.184684 116.137299 22.326187 52.011913 26.775259 -2.734172 14.152077 -0.231097 -45.011772 -7.128724 -17.094992 2.243543 -5.255038 -3.18016 14.282896 -0.826595 6.952506 -2e-06 -12.690604 -2e-06 14.878978 -16.543217 2.032696 1.665665 -1.955922 -2.878299 4.727801 -4.170587 4.993925 11.020531 1e-06 -0.0 12.109058 -3.735717 -2.866786 0.0 0.0 1e-06 1.291988 -1.92855 -1.49809 14.800132 0.567467 3.86561 14.242578 -1.341738 -6.66066 19.631973 0.143922 -0.648245 44.972153 -1.860083 -4.563806 0.35303 -1.511151 -0.031941 20.222801 3.684308 2.316633 18.787283 2e-06 0.0 10.751633 -0.479869 1.397907 -0.0 -0.0 0.0 3.273808 0.305946 -0.58011 21.486822 11.830374 2.266137 8.16293 -0.0 -0.0 18.399092 -3.798987 -4.940577 3e-06 -0.0 -1e-06 5.508801 -2.47282 -1.074238 -1.3381 0.508175 93.646545 -25.671457 -0.262839 60.535973 1.616322 -1.701358 0.152079 1e-06 1e-06 2e-06 -9.301581 3.671276 -10.634756 0.494989 -0.018595 106.61203 4.121585 -1.00915 69.012383 -1.376919 0.737274 5.092033 0.0 -0.0 0.0 
0.0 0.0 0.0 0.0 -0.0 0.0 -33.810062 135.275818 -38.126686 -3.426939 7.018708 -116.336922 -0.576822 -2.874324 0.817865 -2.077508 -0.038262 -2.575004 0.163206 -0.097733 -80.973068 -0.09172 3.338556 -52.143421 -3.777833 -2.606031 -3.39254 1.078718 -0.194865 -5.72918 7.7e-05 -2.3e-05 6e-06 0.066265 0.035449 -0.491388 0.615721 -2.956507 -9.387989 -0.712444 2.982778 -9.153852 31.144672 -13.816401 -72.464676 34.805786 -32.127636 -29.797394 -6.155712 -13.101983 2.153654 18.789852 0.630305 -9.818333 -5.882109 9.861284 0.70259 -10.936875 -0.360573 7.156208 -0.0 8.774824 -2e-06 -16.289562 17.714254 7.936731 -1.844032 2.498504 -2.507277 -10.163604 4.678945 4.62111 -20.976027 -0.0 2e-06 -21.226292 2.4517 -3.594001 0.0 -6e-06 1e-06 -1.362683 2.240798 -0.746324 -21.334921 0.584912 3.008325 -13.821218 -1e-06 1e-06 -23.887178 -0.249076 -0.839484 -64.930473 1.272982 1.722825 -0.294025 1.679686 0.833256 -14.218215 0.093217 1.300581 -34.212059 -0.287559 0.967168 -20.033218 0.964539 1.212842 1e-06 -0.0 -0.0 -3.44039 0.788233 0.501656 -15.928189 -3.167308 2.999708 -6.338829 -0.0 0.0 -18.123453 3.648183 -4.905672 -4e-06 0.0 -2e-06 -18.151806 -1.327762 -47.783234 -29.472441 47.182331 -36.032108 4.39593 24.428545 0.142696 -50.090557 3.753778 -14.517832 2.243541 -5.255036 -3.180158 14.282893 -0.826594 6.952503 -1e-06 -12.690602 -2e-06 15.607126 -18.334234 3.665399 1.665669 -1.955922 -2.878299 4.727801 -4.170586 4.993924 11.020528 2e-06 -1e-06 12.109054 -3.735717 -2.866785 -0.0 -0.0 0.0 1.291985 -1.928549 -1.498089 14.800129 0.567468 3.865608 14.242575 -1.341737 -6.660659 19.631971 0.143925 -0.648244 48.863506 -2.034435 -5.107657 0.353029 -1.51115 -0.031941 20.222794 3.684309 2.316631 18.787271 4e-06 -1e-06 10.751629 -0.479869 1.397907 0.0 -1e-06 -0.0 3.273806 0.305947 -0.58011 21.486816 11.830371 2.266134 8.162928 2e-06 -1e-06 18.39908 -3.798981 -4.940575 3e-06 1e-06 -1e-06 4.327841 0.599983 -0.995352 -1.442499 1.133507 90.328766 -27.582165 5.246966 36.064522 1.339429 -1.698947 1.835036 0.0 0.0 2e-06 -9.861969 9.733109 -16.770538 0.385257 -0.447968 104.528046 1.479726 9.576511 60.408169 -1.312615 0.508762 9.927097 -0.0 -0.0 -2e-06 
0.0 0.0 0.0 0.0 -0.0 0.0 -35.693462 132.283356 -41.171886 -3.395264 4.321586 -134.901184 -1.804817 -1.527144 -4.693385 -1.156923 -0.342306 -5.337057 0.76212 -1.024026 -52.458603 1.909523 1.222629 -52.756168 -4.104777 -1.356563 -3.637248 0.787169 0.221519 -5.886499 7.7e-05 -2.2e-05 6e-06 0.061418 0.001653 -0.52552 0.632725 -3.312506 -10.022678 -0.705313 3.276416 -9.83374 33.558571 -17.944366 -36.209881 48.314789 -9.488715 -56.827946 -8.874649 -8.034717 1.681519 20.145718 -0.911387 -13.133101 -5.88211 9.861292 0.702591 -10.936878 -0.360575 7.15621 2e-06 8.774831 -0.0 -16.089426 16.731295 7.687035 -1.844032 2.498506 -2.507279 -10.163605 4.678948 4.621113 -20.976038 -4e-06 4e-06 -21.226299 2.451698 -3.594001 1e-06 -6e-06 0.0 -1.362685 2.240799 -0.746323 -21.334929 0.584909 3.008326 -13.821223 -3e-06 2e-06 -23.887188 -0.24908 -0.839482 -63.142639 0.917148 0.14151 -0.294026 1.679689 0.833256 -14.218219 0.093215 1.300582 -34.212074 -0.287564 0.967172 -20.03323 0.964538 1.212844 2e-06 0.0 0.0 -3.440391 0.788234 0.501655 -15.9282 -3.167312 2.999709 -6.338831 -1e-06 3e-06 -18.123461 3.648185 -4.905673 -4e-06 0.0 -2e-06 -14.979039 3.947966 -27.617577 -42.560223 34.356503 -55.646858 3.877897 25.4688 -1.159804 -56.56731 12.206118 -20.654234 2.243545 -5.255037 -3.180159 14.282896 -0.826595 6.952505 -0.0 -12.69061 -1e-06 15.689578 -19.427996 3.570198 1.665666 -1.955922 -2.8783 4.7278 -4.170589 4.993925 11.020528 3e-06 -1e-06 12.109056 -3.735717 -2.866785 0.0 -0.0 0.0 1.291987 -1.928549 -1.49809 14.800132 0.567469 3.865609 14.242577 -1.341737 -6.660659 19.631973 0.143926 -0.648244 50.00296 -0.611876 -5.750941 0.353032 -1.511152 -0.03194 20.222797 3.68431 2.316631 18.787279 4e-06 -0.0 10.751631 -0.479869 1.397907 0.0 -1e-06 -0.0 3.273809 0.305948 -0.580112 21.48682 11.830379 2.266134 8.16293 -1e-06 -0.0 18.399088 -3.798985 -4.940577 3e-06 0.0 -1e-06 5.700159 3.22515 1.371097 -1.274539 1.171563 82.52552 -19.431581 8.029075 14.318013 1.578187 -1.696559 -0.680668 0.0 -0.0 1e-06 -6.299426 13.952476 -17.858164 0.047982 0.055656 90.499336 4.952639 11.044841 25.678455 -1.342161 0.538247 4.316355 -0.0 0.0 -1e-06 
0.0 0.0 0.0 0.0 -0.0 0.0 -37.170185 127.622009 -44.036629 -3.912521 -1.89027 -153.963669 -1.713018 -0.688184 -7.213933 -1.091482 -1.098467 -6.271156 0.649525 -3.531305 -28.031069 0.340771 -2.410899 -52.310207 -2.450927 -0.680227 -3.637214 0.371116 -0.610672 -6.214461 7.7e-05 -2.2e-05 6e-06 -0.151485 -0.057605 -0.442198 0.15007 -3.624882 -10.242348 -0.563329 3.500736 -10.143918 33.442959 -23.051003 -18.374977 49.090931 -2.424481 -76.176186 -8.796853 -1.908252 0.418135 30.264296 -5.532032 -15.239604 -5.882113 9.861295 0.702591 -10.936883 -0.360573 7.15621 -0.0 8.774833 0.0 -16.427361 16.355099 7.60444 -1.844034 2.498505 -2.50728 -10.163611 4.678948 4.62111 -20.976044 -2e-06 2e-06 -21.226311 2.4517 -3.594003 0.0 -6e-06 -2e-06 -1.362682 2.240798 -0.746324 -21.334938 0.584912 3.008324 -13.821229 -2e-06 3e-06 -23.887196 -0.249077 -0.839485 -61.276989 0.820627 0.663345 -0.294026 1.679689 0.833258 -14.218224 0.093216 1.300582 -34.212082 -0.287561 0.96717 -20.033236 0.964538 1.212843 2e-06 2e-06 0.0 -3.440393 0.788234 0.501656 -15.928205 -3.16731 2.999709 -6.338834 -1e-06 1e-06 -18.12347 3.648186 -4.905675 -4e-06 0.0 -4e-06 -14.589562 12.563946 -15.699441 -46.123428 25.235659 -58.537582 1.899714 21.456423 -1.941575 -64.613937 13.280014 -24.18696 2.243543 -5.255039 -3.180158 14.282896 -0.826596 6.952503 0.0 -12.690609 -1e-06 16.081415 -19.356749 2.463433 1.665667 -1.955922 -2.8783 4.727802 -4.17059 4.993924 11.020531 2e-06 -3e-06 12.109058 -3.735718 -2.866787 0.0 1e-06 -1e-06 1.291986 -1.92855 -1.49809 14.800136 0.567466 3.865608 14.24258 -1.341739 -6.660664 19.631979 0.143925 -0.648248 50.634319 -1.211656 -5.491699 0.353029 -1.511151 -0.031941 20.222801 3.684309 2.316629 18.787285 3e-06 -4e-06 10.751633 -0.479868 1.397905 0.0 -0.0 -0.0 3.273808 0.305946 -0.580112 21.486824 11.830378 2.266132 8.16293 -0.0 -1e-06 18.399092 -3.798985 -4.940581 3e-06 -1e-06 -1e-06 8.128242 4.312553 4.249776 -1.075777 0.973423 73.64328 -10.68492 5.983146 11.779004 2.024375 -1.578126 -3.552899 0.0 0.0 2e-06 -1.613981 14.894545 -11.68847 0.146003 1.472883 67.273552 6.869704 3.520369 10.216902 -1.779239 0.864326 -9.191186 0.0 0.0 -1e-06 
0.0 0.0 0.0 0.0 -0.0 0.0 -38.126678 122.374153 -47.127857 -3.465725 -6.703009 -167.39711 -1.408525 -0.723414 -6.150855 -1.572487 -0.730637 -6.650077 0.192622 -5.235302 -14.390589 -4.04997 -7.041778 -46.958565 0.635937 -0.574703 -3.812915 1.32003 -3.575055 -5.311028 7.7e-05 -2.2e-05 5e-06 -0.149946 -0.053594 -0.381277 -0.27206 -3.527645 -10.100805 -0.077517 3.46022 -9.933422 23.21106 -25.878735 -8.255238 54.81752 -8.519481 -100.780579 -9.334826 1.721939 -0.513307 45.382938 -19.651352 -17.391106 -5.882109 9.86129 0.702591 -10.936878 -0.360577 7.156209 2e-06 8.774828 1e-06 -16.588326 16.242401 6.83232 -1.844032 2.498505 -2.507277 -10.163609 4.678946 4.621109 -20.976038 -4e-06 3e-06 -21.226299 2.451697 -3.593999 1e-06 -6e-06 0.0 -1.362682 2.240799 -0.746325 -21.334929 0.584908 3.008326 -13.821223 -4e-06 3e-06 -23.887188 -0.24908 -0.83948 -60.643658 1.601928 1.140892 -0.294024 1.679687 0.833257 -14.218221 0.093213 1.300581 -34.212074 -0.287567 0.967172 -20.033226 0.964535 1.212846 -0.0 -1e-06 0.0 -3.440391 0.788234 0.501657 -15.928198 -3.167313 2.999709 -6.338829 -2e-06 3e-06 -18.123459 3.648181 -4.905671 -4e-06 0.0 -3e-06 -15.269626 17.786091 -11.4175 -44.322872 22.198177 -52.87439 -0.651957 21.735277 -2.625973 -71.533112 6.696861 -23.021542 2.243542 -5.255038 -3.180157 14.282895 -0.826594 6.952504 -3e-06 -12.690609 2e-06 16.069523 -18.754997 2.207096 1.665666 -1.955922 -2.878299 4.727798 -4.170588 4.993925 11.020529 4e-06 -0.0 12.109055 -3.735716 -2.866785 1e-06 -0.0 1e-06 1.291984 -1.92855 -1.498089 14.800132 0.567469 3.865609 14.242578 -1.341736 -6.660659 19.631975 0.143928 -0.648244 50.029385 -2.321465 -5.984305 0.353028 -1.511151 -0.031939 20.222797 3.684313 2.316629 18.787279 6e-06 0.0 10.751629 -0.479867 1.397906 -0.0 0.0 0.0 3.273807 0.305947 -0.580112 21.486818 11.830382 2.266132 8.162928 2e-06 0.0 18.399084 -3.798985 -4.940576 3e-06 -0.0 -1e-06 7.527944 5.224303 1.616479 -0.51007 1.069895 62.182125 -9.037737 2.544917 10.818404 2.589616 -1.4894 -5.632099 -0.0 -0.0 2e-06 0.835193 16.041138 -9.899 0.085173 0.417324 47.458199 5.568237 -4.332798 8.690988 -2.049253 1.364814 -10.480352 -0.0 -0.0 -3e-06 
0.0 0.0 0.0 0.0 -0.0 0.0 -38.839413 117.841553 -47.986874 -2.63195 -8.647882 -176.126373 -0.844779 -1.536225 -4.340477 -1.22066 0.008797 -6.916059 -0.448409 -5.78037 -7.163335 -7.166549 -8.535149 -39.016338 2.341374 0.049463 -4.053272 3.495622 -5.088428 -3.92293 7.7e-05 -2.3e-05 5e-06 0.018486 0.015573 -0.41628 -0.293791 -3.446875 -10.424006 0.307742 3.545282 -10.043966 11.397825 -25.110996 -1.739248 59.683361 -18.938963 -116.779366 -6.937716 0.569744 -0.109033 54.507992 -32.102451 -25.018991 -5.88211 9.861293 0.702592 -10.936877 -0.360572 7.156208 -1e-06 8.774831 -1e-06 -17.157057 16.214451 5.972194 -1.844034 2.498508 -2.50728 -10.163607 4.678951 4.621111 -20.976034 1e-06 1e-06 -21.226297 2.451704 -3.594001 0.0 -6e-06 -1e-06 -1.362683 2.2408 -0.746322 -21.334925 0.584913 3.008324 -13.821221 -0.0 1e-06 -23.887184 -0.249075 -0.839484 -62.217464 2.440966 0.482545 -0.294026 1.679688 0.833258 -14.218215 0.093217 1.300583 -34.212067 -0.287559 0.96717 -20.033222 0.96454 1.212842 2e-06 3e-06 0.0 -3.44039 0.788236 0.501655 -15.928192 -3.16731 2.999708 -6.338829 1e-06 0.0 -18.123457 3.648189 -4.905673 -5e-06 -0.0 -1e-06 -14.591798 20.055922 -10.264095 -42.430767 22.914412 -47.816391 -3.358369 25.929981 -3.670255 -75.458893 -0.234685 -19.593203 2.243545 -5.25504 -3.180159 14.282908 -0.826599 6.952508 -0.0 -12.690614 2e-06 15.297252 -18.210884 2.716029 1.66567 -1.955922 -2.878302 4.727804 -4.170591 4.993927 11.020542 0.0 -1e-06 12.109068 -3.73572 -2.866787 2e-06 -0.0 -1e-06 1.291987 -1.92855 -1.498092 14.800146 0.567467 3.865609 14.24259 -1.341739 -6.660665 19.63199 0.143924 -0.648248 49.352051 -1.992723 -6.497076 0.353029 -1.511152 -0.03194 20.222818 3.684309 2.31663 18.787298 2e-06 -3e-06 10.751642 -0.479871 1.397905 -0.0 1e-06 -0.0 3.273811 0.305947 -0.580111 21.486837 11.830383 2.266132 8.162937 1e-06 -2e-06 18.399103 -3.798988 -4.940583 3e-06 -1e-06 -1e-06 4.309865 4.823185 -5.025239 0.099688 0.847055 49.618511 -11.036284 -1.018991 9.898516 2.856809 -2.048683 -7.856403 0.0 0.0 2e-06 2.327303 13.932953 -16.091179 -0.929946 -1.062947 41.6842 -2.997033 -7.37788 6.344377 -1.926782 1.459823 -10.23382 0.0 -0.0 -0.0 
0.0 0.0 0.0 0.0 -0.0 0.0 -38.876091 115.807045 -48.306065 -2.030945 -9.330745 175.532349 -0.990863 -2.224277 -1.741163 -0.270799 0.601051 -6.47958 -1.105486 -6.777088 -1.881832 -8.271173 -6.942126 -33.057755 2.854833 0.853093 -4.194778 4.671519 -4.943573 -3.634005 7.7e-05 -2.2e-05 7e-06 0.188254 0.153745 -0.504478 0.006694 -3.42878 -10.975515 0.328178 3.793506 -10.442215 6.241151 -23.503649 1.889436 56.508949 -25.873058 -119.937874 -4.850625 -5.994217 0.625746 55.531868 -34.595207 -28.198265 -5.882109 9.86129 0.702591 -10.936877 -0.360575 7.156211 2e-06 8.77483 -1e-06 -16.783165 16.383886 6.042572 -1.844032 2.498505 -2.507279 -10.163608 4.678948 4.621111 -20.976036 -5e-06 4e-06 -21.226297 2.451696 -3.594001 -0.0 -7e-06 0.0 -1.362682 2.240798 -0.746323 -21.334929 0.584908 3.008327 -13.821222 -4e-06 2e-06 -23.887184 -0.24908 -0.839481 -62.60141 2.59392 -0.295195 -0.294024 1.679687 0.833256 -14.218219 0.093214 1.300581 -34.212074 -0.287567 0.967176 -20.033226 0.964537 1.212846 1e-06 3e-06 -0.0 -3.44039 0.788235 0.501654 -15.928196 -3.167313 2.99971 -6.338831 -2e-06 1e-06 -18.123459 3.648183 -4.905673 -3e-06 0.0 -2e-06 -13.998264 21.405653 -8.568995 -41.763588 23.508326 -46.545219 -4.806865 29.550421 -4.519096 -76.38475 -4.601462 -16.935406 2.243543 -5.255039 -3.180157 14.282895 -0.826595 6.952504 -1e-06 -12.69061 0.0 14.511861 -17.069586 2.866366 1.665667 -1.955922 -2.878301 4.727799 -4.170588 4.993925 11.020528 4e-06 -0.0 12.109056 -3.735718 -2.866785 -0.0 -0.0 -1e-06 1.291987 -1.928551 -1.498089 14.800129 0.567469 3.865608 14.242573 -1.341736 -6.660659 19.631971 0.143926 -0.648244 48.145435 -0.840187 -6.812639 0.353028 -1.51115 -0.03194 20.222792 3.684312 2.316631 18.787275 5e-06 0.0 10.75163 -0.479868 1.397907 -0.0 0.0 -0.0 3.273807 0.305948 -0.580111 21.486818 11.830381 2.266134 8.162926 2e-06 -0.0 18.399084 -3.798987 -4.940577 4e-06 0.0 0.0 0.428477 3.312702 -13.061122 0.201474 0.434615 43.862446 -14.03445 -3.000827 11.936678 2.703028 -2.749475 -7.639487 -0.0 -0.0 3e-06 4.055837 7.403024 -27.344652 -2.002955 -1.098288 43.005375 -11.950953 -0.199645 7.721795 -1.796251 1.123394 -8.406355 -0.0 -0.0 -1e-06 
0.0 0.0 0.0 0.0 -0.0 0.0 -38.490425 115.260384 -49.42498 -2.021039 -9.787012 165.745865 -1.762166 -2.22994 2.250522 0.520307 0.57569 -4.992762 -1.649414 -7.472758 3.011271 -8.109671 -4.640675 -29.330318 2.227047 1.725461 -4.102792 4.544519 -4.425812 -4.529222 7.7e-05 -2.3e-05 7e-06 0.248464 0.233723 -0.566577 0.411067 -3.43065 -11.115535 5.6e-05 3.917224 -10.650909 5.752284 -22.78875 4.138939 47.130413 -28.928188 -114.512375 -3.803055 -14.924553 0.230577 53.513073 -31.64731 -27.038624 -5.882107 9.861286 0.702591 -10.936873 -0.360574 7.156205 -0.0 8.774825 1e-06 -15.536059 16.604233 6.722814 -1.844033 2.498505 -2.507278 -10.163598 4.678946 4.62111 -20.976023 -2e-06 2e-06 -21.226286 2.451698 -3.594001 -0.0 -6e-06 -1e-06 -1.36268 2.240798 -0.746323 -21.334915 0.584911 3.008323 -13.821215 -2e-06 0.0 -23.887173 -0.249077 -0.839483 -61.921391 2.528155 -0.375644 -0.294026 1.679689 0.833256 -14.218209 0.093215 1.30058 -34.212051 -0.287562 0.96717 -20.033215 0.964538 1.212845 2e-06 2e-06 0.0 -3.440389 0.788235 0.501654 -15.928185 -3.167308 2.999705 -6.338827 1e-06 -0.0 -18.123449 3.648184 -4.905673 -4e-06 0.0 -1e-06 -12.750506 21.812586 -4.928665 -44.003574 22.275763 -47.993614 -5.36371 32.393917 -4.512152 -76.418213 -10.029562 -13.619368 2.243542 -5.255037 -3.180157 14.282896 -0.826594 6.952502 -0.0 -12.690609 -1e-06 14.420277 -16.429003 2.733031 1.665665 -1.955922 -2.878298 4.727799 -4.170589 4.993923 11.020526 2e-06 0.0 12.109056 -3.735718 -2.866783 -1e-06 -1e-06 -1e-06 1.291984 -1.928549 -1.498088 14.800132 0.567469 3.865608 14.242573 -1.341738 -6.660655 19.631969 0.143925 -0.648244 47.556885 0.172012 -6.978063 0.353029 -1.51115 -0.03194 20.222795 3.68431 2.316632 18.787279 2e-06 -0.0 10.751631 -0.479869 1.397905 -0.0 -0.0 0.0 3.273809 0.305946 -0.58011 21.486818 11.830377 2.266136 8.16293 2e-06 1e-06 18.399088 -3.798987 -4.940577 3e-06 0.0 -1e-06 -4.723573 3.755598 -23.269791 0.465722 0.189229 45.12233 -18.324295 -2.569618 14.944213 2.144606 -2.875223 -6.423074 0.0 -0.0 2e-06 6.70414 0.116446 -42.454605 -1.929279 0.461315 46.234917 -14.008511 12.351954 10.791734 -1.731901 0.883321 -5.454102 -0.0 1e-06 -1e-06 
0.0 0.0 0.0 0.0 -0.0 0.0 -38.771084 115.415596 -51.710224 -1.015605 -10.119199 154.838089 -1.592062 -1.282556 7.349545 0.702071 -0.367908 -2.920239 -1.805329 -7.675639 7.576952 -6.755864 -1.96192 -26.405106 0.341527 2.015579 -3.842322 3.619947 -3.846457 -5.017403 7.7e-05 -2.3e-05 7e-06 0.147962 0.167041 -0.547288 0.762946 -3.457541 -10.434558 -0.565385 3.77722 -10.348443 8.264183 -23.085907 5.253229 34.730373 -28.552721 -105.642433 -3.809582 -24.18783 -1.100217 51.235298 -27.249399 -23.272329 -5.882106 9.861284 0.702591 -10.936869 -0.360575 7.156202 1e-06 8.774824 -1e-06 -14.416573 17.028725 7.658907 -1.844032 2.498504 -2.507277 -10.163597 4.678945 4.621107 -20.976017 -3e-06 1e-06 -21.226276 2.451698 -3.593998 -0.0 -7e-06 -1e-06 -1.362681 2.240797 -0.746323 -21.334906 0.58491 3.008321 -13.82121 -3e-06 1e-06 -23.887161 -0.249078 -0.839482 -62.166565 2.641612 0.249383 -0.294024 1.679686 0.833256 -14.218205 0.093216 1.30058 -34.212036 -0.287562 0.967171 -20.033209 0.964537 1.212843 2e-06 0.0 -2e-06 -3.440388 0.788233 0.501655 -15.928185 -3.167307 2.999705 -6.338825 -1e-06 2e-06 -18.123444 3.648183 -4.905669 -4e-06 0.0 -2e-06 -10.418993 21.348185 0.254891 -47.983433 18.143272 -48.801746 -5.750949 35.834846 -3.944355 -76.140739 -18.480192 -9.627514 2.243541 -5.255034 -3.180156 14.28289 -0.826595 6.952502 -1e-06 -12.690601 1e-06 15.103049 -16.578169 2.567994 1.665665 -1.95592 -2.878298 4.727798 -4.170588 4.993923 11.020523 2e-06 -1e-06 12.10905 -3.735715 -2.866783 -0.0 -0.0 -1e-06 1.291984 -1.928549 -1.498088 14.800125 0.567469 3.865607 14.242569 -1.341737 -6.660655 19.631962 0.143926 -0.648244 48.092709 0.366614 -6.614805 0.353029 -1.51115 -0.03194 20.222788 3.684311 2.316631 18.78727 4e-06 0.0 10.751627 -0.479868 1.397906 0.0 0.0 1e-06 3.273806 0.305947 -0.58011 21.486809 11.830372 2.266134 8.162925 2e-06 0.0 18.399076 -3.798984 -4.940574 3e-06 -0.0 -1e-06 -9.866989 5.630505 -37.272152 0.886314 -0.649103 48.263573 -23.324867 2.458776 8.881698 1.286363 -2.137247 -4.998024 -0.0 -1e-06 2e-06 11.483971 -4.212015 -62.68478 -0.581724 1.645916 54.976009 -8.199358 20.894941 12.638044 -1.58842 0.980681 -2.511893 -0.0 0.0 0.0 
0.0 0.0 0.0 0.0 -0.0 0.0 -39.377007 116.362061 -55.35527 1.685683 -10.332874 142.959885 -0.633463 -0.50886 12.921663 0.403306 -1.49834 -0.844434 -1.57455 -7.272336 11.540325 -4.104442 0.083079 -23.585325 -1.513245 2.241532 -3.521824 1.784647 -3.374385 -3.565485 7.7e-05 -2.2e-05 8e-06 -0.101667 -0.069864 -0.481273 0.792557 -3.523783 -9.225871 -1.061681 3.37007 -9.692822 11.451276 -24.10148 5.586808 23.962982 -26.498135 -96.023262 -4.664633 -33.071815 -2.632323 49.566914 -22.817005 -19.580416 -5.882108 9.861291 0.702592 -10.936877 -0.360574 7.156206 0.0 8.77483 -0.0 -13.599995 17.775965 8.463078 -1.844033 2.498505 -2.507278 -10.163606 4.678948 4.621112 -20.97603 0.0 7e-06 -21.226295 2.451703 -3.594 1e-06 -7e-06 -2e-06 -1.362681 2.240798 -0.746322 -21.334921 0.584912 3.008324 -13.821219 -1e-06 3e-06 -23.887178 -0.249076 -0.839481 -62.203796 3.055106 0.704868 -0.294024 1.679688 0.833256 -14.218214 0.093217 1.300582 -34.212059 -0.287558 0.967172 -20.033218 0.96454 1.212844 2e-06 0.0 -1e-06 -3.44039 0.788234 0.501654 -15.928192 -3.167309 2.999709 -6.338829 -1e-06 1e-06 -18.123453 3.648187 -4.905672 -5e-06 0.0 -2e-06 -8.559018 20.528971 4.398952 -48.798882 12.760299 -46.984074 -6.279312 41.238495 -3.325287 -75.765625 -27.157841 -6.121827 2.243541 -5.255036 -3.180156 14.282891 -0.826595 6.9525 -3e-06 -12.690603 2e-06 15.898389 -16.851927 2.12003 1.665665 -1.955922 -2.878298 4.727797 -4.170588 4.993922 11.020526 3e-06 -1e-06 12.10905 -3.735715 -2.866784 -1e-06 0.0 -1e-06 1.291986 -1.92855 -1.498089 14.800127 0.567467 3.865606 14.242568 -1.341736 -6.660655 19.631966 0.143927 -0.648244 48.357864 0.194354 -6.386654 0.353028 -1.511149 -0.03194 20.222786 3.684311 2.316629 18.78727 5e-06 -0.0 10.751628 -0.479868 1.397907 0.0 0.0 1e-06 3.273806 0.305948 -0.58011 21.486813 11.830376 2.266132 8.162926 2e-06 -1e-06 18.39908 -3.798985 -4.940575 3e-06 -0.0 -0.0 -14.097432 5.920841 -54.626873 0.903042 -1.860227 51.592869 -22.720875 10.791666 -11.979198 0.982003 -1.455534 -2.351413 0.0 1e-06 3e-06 16.578497 -6.592539 -83.701996 0.812866 0.928534 68.669479 -1.186637 21.856979 13.276258 -1.316476 1.231467 -2.391818 0.0 1e-06 -3e-06 
0.0 0.0 0.0 0.0 -0.0 0.0 -39.586227 117.313744 -60.797363 4.960998 -10.205189 128.413452 -0.229636 -0.502488 19.265844 -0.14342 -1.715628 1.378911 -0.896653 -6.649145 14.788942 -1.522725 1.057685 -21.091711 -2.613384 3.351286 -3.360539 0.140603 -2.090729 -0.598034 7.7e-05 -2.3e-05 4e-06 -0.33231 -0.308151 -0.418826 0.552729 -3.72938 -8.480371 -1.262976 3.108838 -9.398163 12.697332 -24.579195 6.227022 16.17514 -25.464417 -84.586952 -4.070364 -42.909492 -4.549205 49.111191 -17.592049 -17.391315 -5.88211 9.86129 0.702589 -10.936878 -0.360574 7.15621 -1e-06 8.774828 -2e-06 -13.170293 18.236212 8.863558 -1.844032 2.498507 -2.507278 -10.163606 4.678947 4.621109 -20.976038 -3e-06 4e-06 -21.226299 2.451699 -3.594001 1e-06 -6e-06 -0.0 -1.362683 2.240798 -0.746324 -21.334925 0.584911 3.008326 -13.82122 -2e-06 2e-06 -23.88718 -0.249077 -0.839481 -60.718388 3.304528 1.078107 -0.294024 1.679688 0.833257 -14.218217 0.093216 1.30058 -34.212067 -0.28756 0.96717 -20.033226 0.964538 1.212843 -1e-06 1e-06 -0.0 -3.44039 0.788234 0.501655 -15.928198 -3.167309 2.999709 -6.33883 -1e-06 1e-06 -18.123457 3.648185 -4.905673 -4e-06 0.0 -2e-06 -9.572073 20.357021 6.264248 -43.01693 9.453328 -44.657486 -7.696908 48.258492 -3.562273 -75.636742 -31.99342 -2.725991 2.243541 -5.255035 -3.180157 14.282887 -0.826593 6.952503 -2e-06 -12.690601 -1e-06 16.795048 -17.164818 1.606071 1.665664 -1.955921 -2.878299 4.727798 -4.170585 4.993925 11.020524 4e-06 -1e-06 12.109052 -3.735714 -2.866784 0.0 0.0 -0.0 1.291986 -1.928548 -1.498089 14.800125 0.56747 3.865607 14.242569 -1.341736 -6.660656 19.631968 0.143926 -0.648243 48.530113 -0.197418 -6.407497 0.353028 -1.51115 -0.031941 20.222788 3.684311 2.316632 18.78727 5e-06 2e-06 10.751627 -0.479869 1.397906 0.0 -0.0 2e-06 3.273807 0.305947 -0.580112 21.486811 11.830376 2.266135 8.162926 3e-06 0.0 18.39908 -3.798983 -4.940572 3e-06 0.0 -1e-06 -15.827406 5.941204 -68.55867 -0.164 -2.359273 56.722466 -16.68955 13.745244 -17.561293 1.531502 -1.545253 -3.147771 0.0 -0.0 2e-06 19.697887 -8.552938 -96.312523 0.714587 -0.178384 78.761108 0.400509 16.942167 14.053138 -1.04434 1.303277 -4.315267 -1e-06 -1e-06 -1e-06 
0.0 0.0 0.0 0.0 -0.0 0.0 -39.575661 116.449478 -67.506508 7.675715 -8.689669 110.62928 -0.213585 -0.492344 25.811735 -0.525825 -0.852984 3.840454 -0.424902 -6.333454 18.139679 -0.0321 2.105201 -19.474449 -2.643621 5.443577 -3.611058 -0.035552 1.186889 2.648664 7.7e-05 -2.2e-05 6e-06 -0.433371 -0.305203 -0.44445 0.305011 -3.866603 -8.53085 -1.213143 3.246816 -9.688719 12.225932 -23.850523 7.422752 8.315385 -26.362709 -70.922134 0.588269 -54.881378 -8.128553 48.988243 -11.994658 -13.328679 -5.882111 9.861291 0.702592 -10.936882 -0.360575 7.15621 0.0 8.774831 -1e-06 -13.337957 18.594664 8.727944 -1.844032 2.498506 -2.507277 -10.163609 4.678947 4.621109 -20.976038 -2e-06 5e-06 -21.226301 2.4517 -3.593999 -0.0 -6e-06 -1e-06 -1.362682 2.240798 -0.746324 -21.334934 0.58491 3.008327 -13.821225 -2e-06 3e-06 -23.887188 -0.249076 -0.839483 -58.484303 3.224217 1.420399 -0.294024 1.679688 0.833258 -14.218221 0.093215 1.300583 -34.212082 -0.287561 0.967174 -20.033232 0.964539 1.212845 0.0 2e-06 1e-06 -3.440391 0.788234 0.501657 -15.928201 -3.16731 2.999709 -6.338832 -1e-06 1e-06 -18.123461 3.648185 -4.90567 -4e-06 0.0 -1e-06 -14.070822 22.967821 5.608593 -28.940382 9.401444 -42.71608 -11.476621 56.764477 -6.994791 -76.000641 -29.522053 1.082576 2.243539 -5.255037 -3.180157 14.282894 -0.826595 6.952504 -4e-06 -12.690607 1e-06 17.587723 -17.602068 1.376787 1.665667 -1.955922 -2.878298 4.727801 -4.17059 4.993925 11.020528 3e-06 0.0 12.109055 -3.735715 -2.866783 -0.0 -0.0 -1e-06 1.291985 -1.92855 -1.498089 14.800132 0.567469 3.865609 14.242576 -1.341737 -6.660656 19.631971 0.143925 -0.648242 49.179497 -1.042729 -6.41996 0.353028 -1.51115 -0.031941 20.222797 3.684312 2.316634 18.787275 5e-06 0.0 10.751631 -0.479869 1.397907 -0.0 -0.0 -0.0 3.273806 0.305948 -0.580111 21.486818 11.830378 2.266134 8.16293 2e-06 1e-06 18.399088 -3.798986 -4.940576 3e-06 -0.0 -0.0 -14.17396 6.638026 -74.567604 -0.828036 -1.684265 60.326424 -13.264606 6.400202 -11.920774 1.833019 -1.853903 -4.988512 0.0 1e-06 2e-06 18.682562 -10.999787 -98.121933 0.020322 -0.508502 78.736732 -0.470158 10.589441 14.464925 -0.90673 1.132386 -6.330342 -0.0 -0.0 -1e-06 
0.0 0.0 0.0 0.0 -0.0 0.0 -39.809834 111.625862 -76.362511 9.356853 -5.718192 91.813423 0.016441 -0.44614 29.963408 -0.789345 0.080136 5.845717 -0.557592 -5.307325 21.934021 0.338434 4.089994 -19.154755 -1.38506 7.13503 -3.786625 1.128086 4.951226 5.946695 7.7e-05 -2.3e-05 5e-06 -0.400383 -0.04221 -0.494428 0.253258 -3.77261 -8.959509 -1.097719 3.662287 -10.08031 10.940773 -23.660028 8.90363 -3.887868 -26.97785 -55.039104 10.509809 -68.48101 -15.447359 48.135094 -8.550071 -4.361593 -5.882114 9.861297 0.70259 -10.936885 -0.360575 7.156214 -1e-06 8.774834 -2e-06 -13.792166 18.221022 7.867226 -1.844035 2.498508 -2.50728 -10.163612 4.678951 4.621114 -20.976048 -0.0 1e-06 -21.226315 2.451701 -3.594007 -1e-06 -6e-06 -2e-06 -1.362683 2.2408 -0.746324 -21.334938 0.584912 3.008326 -13.821229 -1e-06 1e-06 -23.887201 -0.249078 -0.839485 -56.688866 3.038699 1.465607 -0.294025 1.679689 0.833253 -14.218225 0.093216 1.300582 -34.212086 -0.28756 0.967169 -20.033236 0.964538 1.212841 -0.0 1e-06 -1e-06 -3.440392 0.788234 0.501657 -15.928205 -3.167311 2.999711 -6.338833 -1e-06 2e-06 -18.123466 3.648187 -4.905677 -3e-06 -0.0 -1e-06 -18.863708 30.297701 3.538197 -7.320831 9.331369 -38.557552 -18.899763 67.460175 -15.7223 -76.867027 -19.716042 4.999949 2.243544 -5.255044 -3.18016 14.282905 -0.826598 6.952509 0.0 -12.690619 -1e-06 17.626068 -17.532078 1.439127 1.665668 -1.955923 -2.8783 4.727803 -4.170592 4.993927 11.020536 1e-06 1e-06 12.109064 -3.735723 -2.866786 -0.0 0.0 0.0 1.291986 -1.928551 -1.498091 14.800144 0.567466 3.865613 14.242585 -1.341741 -6.660663 19.631987 0.143921 -0.648245 49.948513 -1.97226 -6.66525 0.353031 -1.511153 -0.031941 20.222809 3.684309 2.316634 18.787292 0.0 -1e-06 10.751639 -0.479871 1.397907 0.0 -0.0 0.0 3.273811 0.305947 -0.580111 21.486832 11.830384 2.266138 8.162935 0.0 -1e-06 18.399099 -3.798991 -4.940583 3e-06 -1e-06 -1e-06 -11.670774 7.493745 -73.246216 -0.642497 -1.012804 52.362144 -18.125996 -2.42664 -7.98664 1.521256 -1.784356 -6.588147 -0.0 -0.0 1e-06 12.684634 -13.45702 -91.62838 -0.265923 -0.314631 65.138985 1.483461 8.567469 16.758041 -0.868261 0.846916 -6.441416 -0.0 -0.0 -1e-06 
0.0 0.0 0.0 0.0 -0.0 0.0 -40.112995 103.418625 -83.72921 10.484195 -1.562507 75.105759 1.205462 -0.979842 30.880993 -1.107017 0.500127 6.670046 -0.810749 -3.590781 25.309122 0.861539 6.029492 -18.247639 -0.184709 6.667674 -3.469533 3.304537 6.912379 7.707145 7.7e-05 -2.4e-05 6e-06 -0.391723 -0.050272 -0.451334 0.214476 -3.908765 -9.438608 -1.013201 3.80682 -10.335574 7.782436 -24.573404 10.872867 -18.0581 -22.488647 -39.284195 30.411217 -81.316261 -31.502571 47.396164 -7.66874 3.171018 -5.882106 9.861288 0.702589 -10.936872 -0.360576 7.156208 0.0 8.774826 -2e-06 -15.025127 17.177109 6.658259 -1.844033 2.498506 -2.507279 -10.163599 4.678945 4.621109 -20.976023 -4e-06 1e-06 -21.226286 2.451697 -3.593999 0.0 -6e-06 -1e-06 -1.362681 2.240798 -0.746323 -21.334911 0.584909 3.008326 -13.821213 -2e-06 2e-06 -23.887167 -0.249078 -0.839483 -56.366112 2.472611 0.763573 -0.294026 1.679688 0.833256 -14.218208 0.093214 1.300581 -34.212051 -0.287564 0.967172 -20.033211 0.964537 1.212843 2e-06 1e-06 1e-06 -3.440388 0.788234 0.501656 -15.928185 -3.16731 2.999709 -6.338826 -1e-06 1e-06 -18.123446 3.648184 -4.905672 -4e-06 0.0 -1e-06 -15.764501 37.864712 3.59549 13.053885 7.449449 -29.689009 -39.387249 77.50061 -35.919407 -73.169037 -7.974331 6.16805 2.243544 -5.25504 -3.180159 14.282896 -0.826594 6.952507 -4e-06 -12.690609 -1e-06 17.36261 -16.777576 1.244781 1.665665 -1.955922 -2.878299 4.727799 -4.170588 4.993927 11.020528 4e-06 0.0 12.109055 -3.735717 -2.866787 0.0 -0.0 -1e-06 1.291986 -1.928551 -1.49809 14.800132 0.567469 3.86561 14.242578 -1.341736 -6.660661 19.631973 0.143927 -0.648243 50.287884 -1.914787 -6.361668 0.35303 -1.511152 -0.03194 20.222799 3.684313 2.316634 18.787281 5e-06 1e-06 10.751633 -0.479868 1.397908 0.0 -1e-06 -1e-06 3.273806 0.305948 -0.58011 21.486822 11.83038 2.266138 8.16293 3e-06 1e-06 18.39909 -3.798985 -4.940577 3e-06 1e-06 -1e-06 -9.646981 8.359193 -66.564445 -0.667983 -0.144607 34.204746 -23.703634 -1.797457 -7.167375 1.63165 -1.729867 -6.158771 0.0 -0.0 2e-06 2.940787 -14.703074 -80.47567 -0.159051 -0.013393 48.194828 5.44207 7.32712 18.910301 -1.286321 0.902112 -14.589527 0.0 0.0 -3e-06 
0.0 0.0 0.0 0.0 -0.0 0.0 -40.321468 93.04615 -89.900711 10.695916 2.5672 59.917854 1.603698 -2.577648 29.674433 -0.873639 0.28557 6.288562 -0.361744 -1.82626 26.861721 0.533681 5.445814 -11.775579 -0.117469 6.365535 -3.359281 5.178107 6.4704 5.653288 7.7e-05 -2.4e-05 7e-06 -0.082164 0.174927 -0.287311 0.5216 -3.627707 -9.673835 -0.67583 3.98265 -10.126609 1.060029 -22.656021 13.353397 -31.265322 -12.947286 -26.002842 134.551086 -85.158432 -131.450378 45.02816 -9.104813 4.310243 -5.882111 9.861289 0.702591 -10.93688 -0.360576 7.15621 -0.0 8.774828 -2e-06 -15.275233 16.744827 6.755072 -1.844035 2.498507 -2.50728 -10.16361 4.678948 4.621111 -20.97604 -2e-06 1e-06 -21.226307 2.4517 -3.594005 1e-06 -6e-06 -0.0 -1.362683 2.2408 -0.746323 -21.33493 0.584911 3.008326 -13.821224 -2e-06 1e-06 -23.88719 -0.249078 -0.839485 -56.707119 2.399666 -0.501234 -0.294025 1.679688 0.833258 -14.218219 0.093216 1.300582 -34.212082 -0.287561 0.967172 -20.03323 0.964538 1.212842 1e-06 -0.0 1e-06 -3.440391 0.788234 0.501657 -15.928201 -3.16731 2.99971 -6.338832 -0.0 1e-06 -18.123463 3.648185 -4.905675 -4e-06 0.0 -0.0 -4.642628 39.683781 9.622273 28.408323 4.206819 -20.343302 -115.10154 84.451859 -109.924118 -59.6828 1.835536 11.452197 2.243544 -5.25504 -3.180157 14.282898 -0.826597 6.952506 1e-06 -12.690609 -1e-06 16.024033 -15.445622 0.683796 1.665669 -1.955924 -2.8783 4.727801 -4.17059 4.993924 11.020531 0.0 -3e-06 12.109058 -3.735719 -2.866787 0.0 -0.0 -1e-06 1.291986 -1.928551 -1.49809 14.800136 0.567466 3.865608 14.24258 -1.34174 -6.66066 19.631975 0.143924 -0.648248 48.101067 -1.035461 -5.883396 0.353029 -1.511151 -0.03194 20.222803 3.684307 2.316631 18.787283 2e-06 -4e-06 10.751633 -0.479871 1.397905 1e-06 2e-06 -0.0 3.273808 0.305948 -0.580111 21.486818 11.830377 2.266132 8.16293 -0.0 -1e-06 18.399094 -3.798989 -4.940581 3e-06 -1e-06 0.0 -10.956227 11.948511 -62.264839 -0.664964 -0.473486 29.8589 -19.968626 -0.834821 -11.784295 1.977787 -1.880755 -7.543393 -0.0 0.0 2e-06 -2.837739 -14.913109 -72.608337 0.374874 0.899347 60.328041 1.880042 7.771877 -3.427159 -1.519601 1.297146 -12.748981 -0.0 -0.0 -3e-06 
0.0 0.0 0.0 0.0 -0.0 0.0 -39.754395 85.594269 -98.405472 6.566314 3.729041 50.202065 1.455238 -1.200063 27.563223 -0.717844 0.534853 5.56799 0.543747 0.238243 25.668665 0.369497 3.161888 -4.825999 0.843461 5.645028 -3.254963 3.759281 6.263561 1.68219 7.7e-05 -2.3e-05 6e-06 0.204743 0.160243 -0.213572 0.89367 -3.661566 -10.328138 -0.458084 3.970838 -10.540024 -1.383414 -17.351688 14.159675 -39.609272 -7.83538 -20.549767 142.993179 -83.899956 -138.695663 42.493973 -8.750624 -2.118277 -5.88211 9.861289 0.702592 -10.936877 -0.360577 7.156209 2e-06 8.77483 1e-06 -14.568739 17.320848 7.425749 -1.844033 2.498506 -2.507279 -10.163605 4.678944 4.621112 -20.976034 -6e-06 1e-06 -21.226295 2.451695 -3.594001 0.0 -6e-06 -2e-06 -1.362684 2.2408 -0.746324 -21.334927 0.584906 3.008324 -13.82122 -5e-06 3e-06 -23.887182 -0.249082 -0.839482 -57.454514 2.484946 -1.187801 -0.294025 1.679688 0.833256 -14.218219 0.093214 1.300581 -34.212074 -0.287568 0.967171 -20.033228 0.964536 1.212847 1e-06 1e-06 0.0 -3.44039 0.788233 0.501657 -15.928196 -3.167313 2.99971 -6.33883 -3e-06 2e-06 -18.123457 3.648182 -4.905673 -4e-06 -0.0 -3e-06 3.886747 31.862116 13.722231 36.222736 1.994727 -14.465806 -161.969376 79.441879 -154.351715 -49.84119 5.536104 13.989839 2.243541 -5.255036 -3.180159 14.282889 -0.826592 6.952505 -3e-06 -12.690605 1e-06 16.291601 -16.171989 1.093024 1.665666 -1.955921 -2.878298 4.727798 -4.170587 4.993925 11.020524 4e-06 -0.0 12.10905 -3.735714 -2.866785 0.0 0.0 1e-06 1.291986 -1.92855 -1.498089 14.800125 0.567468 3.865608 14.242569 -1.341736 -6.660657 19.631968 0.143928 -0.648242 48.779373 -0.559318 -5.823884 0.353029 -1.51115 -0.03194 20.222788 3.684312 2.316633 18.787271 4e-06 0.0 10.751628 -0.479869 1.397906 1e-06 2e-06 -0.0 3.273806 0.305947 -0.58011 21.486813 11.830376 2.266134 8.162926 3e-06 1e-06 18.39908 -3.798984 -4.940574 3e-06 -2e-06 -2e-06 -9.47408 18.821136 -67.448692 -0.67647 -0.787995 54.049637 -19.445608 -2.760157 -29.275331 1.849685 -1.974138 -0.751513 0.0 0.0 2e-06 -4.388664 -9.165508 -71.869003 0.347822 0.354444 75.500603 -2.677235 9.121801 -14.592062 -1.50119 1.153733 -11.303027 0.0 -0.0 -1e-06 
0.0 0.0 0.0 0.0 -0.0 0.0 -38.044125 84.164619 -104.232552 5.583979 3.490616 44.866482 1.560438 -0.397867 25.769936 -0.197166 0.02688 5.159047 0.70543 0.313612 23.910849 -0.487073 3.164372 -2.010745 0.897233 3.99824 -3.157526 4.515469 5.769328 -1.798585 7.7e-05 -2.2e-05 6e-06 -0.056013 0.02878 -0.16025 0.595601 -3.730456 -10.425047 -0.689175 3.788391 -10.583077 -1.458334 -13.28534 13.83975 -41.53793 -8.919505 -16.933693 80.444244 -86.623856 -76.622116 40.833706 -6.85242 -7.691077 -5.882109 9.861292 0.70259 -10.936873 -0.360576 7.156211 1e-06 8.77483 0.0 -14.815187 17.713276 6.99821 -1.844034 2.498507 -2.507278 -10.163604 4.678947 4.621112 -20.97603 -3e-06 1e-06 -21.226297 2.451698 -3.594004 -0.0 -6e-06 -1e-06 -1.362682 2.2408 -0.746326 -21.334921 0.58491 3.008326 -13.82122 -2e-06 2e-06 -23.88718 -0.249078 -0.839484 -58.440186 2.592823 -1.320349 -0.294024 1.679687 0.833257 -14.218215 0.093216 1.300581 -34.212063 -0.287563 0.967173 -20.033222 0.964539 1.212845 1e-06 0.0 -1e-06 -3.44039 0.788234 0.501655 -15.928192 -3.167312 2.999711 -6.33883 -1e-06 1e-06 -18.123457 3.648185 -4.905672 -4e-06 -0.0 -3e-06 2.41789 24.076733 13.308482 39.102169 2.437174 -13.35856 -160.883499 80.278801 -154.790665 -46.960804 4.307963 10.842551 2.243542 -5.255039 -3.18016 14.282898 -0.826594 6.952506 -2e-06 -12.690609 -1e-06 16.688799 -16.683575 2.244752 1.665667 -1.955923 -2.8783 4.727801 -4.170589 4.993925 11.02053 2e-06 -0.0 12.109056 -3.735717 -2.866786 -0.0 -0.0 -1e-06 1.291988 -1.92855 -1.498091 14.800134 0.567469 3.865608 14.242579 -1.341737 -6.660662 19.631975 0.143925 -0.648246 49.769993 -0.277704 -5.639137 0.35303 -1.511152 -0.031939 20.222801 3.684311 2.316631 18.787283 5e-06 -2e-06 10.751633 -0.479869 1.397905 -0.0 -0.0 -1e-06 3.273809 0.305946 -0.580111 21.486822 11.830379 2.266134 8.16293 3e-06 1e-06 18.399092 -3.798985 -4.940577 3e-06 -1e-06 -1e-06 -8.055669 18.054577 -71.242126 -0.465735 -0.403456 66.436508 -18.343651 -0.217478 -26.518555 1.787642 -2.102573 -1.834521 0.0 1e-06 2e-06 -7.428014 -6.425916 -73.254677 0.278218 0.429143 81.753754 -3.518043 8.607333 -12.848291 -1.503795 1.144308 -9.863158 -0.0 0.0 -3e-06 
0.0 0.0 0.0 0.0 -0.0 0.0 -36.492245 86.318405 -107.118927 5.116302 2.527886 43.303913 1.403811 -0.282909 24.156263 0.187001 0.18762 4.761212 0.927763 0.437044 22.742331 -1.501249 2.724136 -1.876096 1.066199 2.870538 -3.145284 5.083052 4.807445 -4.976773 7.7e-05 -2.3e-05 6e-06 -0.147245 0.007133 -0.159621 0.409226 -3.665877 -10.43989 -0.690142 3.679649 -10.565474 -1.942768 -12.12657 12.855274 -37.970573 -16.454273 -14.365907 8.796502 -77.657898 -6.410519 39.772568 -6.429987 -8.852713 -5.882113 9.861293 0.70259 -10.936877 -0.360573 7.156211 0.0 8.77483 -1e-06 -16.010105 18.13604 5.937135 -1.844035 2.498507 -2.50728 -10.163607 4.678948 4.621112 -20.97604 -1e-06 1e-06 -21.226303 2.451699 -3.594007 -0.0 -6e-06 -1e-06 -1.362684 2.240799 -0.746324 -21.334929 0.584912 3.008326 -13.821223 -1e-06 1e-06 -23.887186 -0.249077 -0.839486 -59.438587 2.313896 -1.584384 -0.294024 1.679689 0.833257 -14.218217 0.093216 1.300582 -34.21207 -0.287558 0.96717 -20.033228 0.964539 1.212844 1e-06 -0.0 -0.0 -3.440391 0.788235 0.501656 -15.928196 -3.16731 2.999709 -6.338831 -1e-06 -1e-06 -18.123459 3.648186 -4.905675 -4e-06 -0.0 -1e-06 -0.758383 24.429203 11.773214 32.830002 3.252844 -14.279049 -68.982155 85.673058 -65.007309 -45.29771 -0.042119 8.532146 2.243545 -5.255039 -3.18016 14.282889 -0.826596 6.952501 -0.0 -12.690607 0.0 17.134134 -17.510736 2.580337 1.665667 -1.955923 -2.8783 4.7278 -4.170588 4.993926 11.020526 1e-06 -1e-06 12.109053 -3.735717 -2.866786 -0.0 -0.0 -0.0 1.291985 -1.92855 -1.498089 14.800129 0.567467 3.865609 14.242573 -1.341737 -6.660662 19.631969 0.143925 -0.648247 50.584301 -0.504081 -5.877698 0.353028 -1.511151 -0.03194 20.22279 3.684307 2.316629 18.787273 3e-06 -4e-06 10.751629 -0.479869 1.397905 0.0 0.0 1e-06 3.273806 0.305947 -0.580111 21.486813 11.830374 2.266132 8.162928 1e-06 -1e-06 18.399084 -3.798987 -4.940578 3e-06 -0.0 -1e-06 -6.685241 14.237083 -71.076942 -0.233919 -0.203005 65.599457 -16.854109 5.866504 -20.925093 1.785328 -2.082168 -2.529014 -0.0 0.0 1e-06 -9.725751 -4.738691 -72.740044 0.307963 0.60828 78.059746 -3.86685 9.965166 -10.035062 -1.54987 1.21703 -9.71438 0.0 -0.0 -1e-06 
0.0 0.0 0.0 0.0 -0.0 0.0 -35.175266 90.417831 -109.258881 4.663517 1.822314 42.023975 1.220124 -0.444869 22.719202 0.260312 0.436414 4.549093 1.525331 0.815375 21.925573 -1.823643 2.757416 -2.421959 0.707366 1.643183 -3.303807 5.503199 3.458813 -8.67868 7.7e-05 -2.2e-05 6e-06 -0.13175 0.016517 -0.150415 0.437343 -3.59493 -10.455566 -0.687056 3.633771 -10.545287 -1.407203 -10.299957 11.687924 -34.699669 -29.372751 -11.03019 2.584175 -61.06662 -1.907031 36.77581 -6.463336 -9.872534 -5.88211 9.861292 0.70259 -10.936875 -0.360571 7.15621 -2e-06 8.774828 0.0 -16.559168 18.389576 5.57783 -1.844033 2.498507 -2.507278 -10.163604 4.67895 4.621113 -20.976032 2e-06 1e-06 -21.226297 2.451703 -3.594005 0.0 -6e-06 -1e-06 -1.362683 2.2408 -0.746323 -21.334923 0.584915 3.008326 -13.821219 1e-06 1e-06 -23.887178 -0.249075 -0.839488 -59.850758 2.384596 -1.248154 -0.294025 1.679688 0.833256 -14.218214 0.09322 1.300581 -34.212055 -0.287554 0.967169 -20.03322 0.964541 1.212839 0.0 0.0 -0.0 -3.44039 0.788233 0.501655 -15.928192 -3.167308 2.999712 -6.338829 0.0 2e-06 -18.123455 3.648189 -4.905674 -4e-06 0.0 0.0 -3.470653 27.579147 10.420794 23.304466 5.907918 -13.256845 -13.879091 71.531532 -11.495737 -41.177452 -5.213391 4.750203 2.243544 -5.255037 -3.18016 14.282893 -0.826597 6.952503 0.0 -12.690603 -0.0 17.544935 -17.811993 2.359712 1.665667 -1.955922 -2.878299 4.7278 -4.170588 4.993926 11.020528 1e-06 -2e-06 12.109056 -3.735717 -2.866787 0.0 0.0 0.0 1.291985 -1.92855 -1.498091 14.800132 0.567465 3.865608 14.242577 -1.341738 -6.660663 19.631971 0.143924 -0.648248 50.73357 -0.710537 -6.271652 0.353029 -1.511151 -0.031942 20.222795 3.684306 2.316631 18.787279 2e-06 -3e-06 10.751631 -0.47987 1.397904 0.0 0.0 -0.0 3.273808 0.305946 -0.580112 21.486816 11.830371 2.266132 8.16293 -1e-06 0.0 18.399084 -3.798987 -4.940578 2e-06 -1e-06 0.0 -5.10681 10.584332 -68.940735 -0.149407 -0.218263 59.523254 -13.578654 8.585433 -12.617846 1.790644 -2.220498 -2.305273 -0.0 2e-06 3e-06 -12.060185 -2.572886 -70.559402 0.335568 0.917131 70.246132 -2.054754 10.519617 -3.97719 -1.507866 1.146541 -8.708342 0.0 -0.0 -2e-06 
0.0 0.0 0.0 0.0 -0.0 0.0 -34.110775 94.109428 -110.774422 4.356645 1.521957 40.571991 1.061862 -0.616062 21.472832 0.317225 0.674083 4.338197 2.177857 0.928072 21.458082 -1.591972 2.888664 -3.920425 -0.064443 0.765114 -3.414907 5.145084 2.049072 -12.45206 7.7e-05 -2.3e-05 6e-06 -0.13142 0.045901 -0.089258 0.442338 -3.562809 -10.42082 -0.689047 3.654047 -10.448028 -0.017976 -9.347484 10.719142 -33.921307 -40.096931 -7.257419 2.538603 -47.368027 -2.040732 31.952101 -5.32248 -10.765737 -5.882111 9.861293 0.702591 -10.936878 -0.360573 7.156209 -1e-06 8.774831 -0.0 -16.303356 18.500261 5.961295 -1.844032 2.498507 -2.507279 -10.163605 4.67895 4.621112 -20.976038 1e-06 0.0 -21.226301 2.451701 -3.594006 -0.0 -7e-06 -2e-06 -1.362682 2.240798 -0.746323 -21.334929 0.584913 3.008324 -13.821221 -0.0 0.0 -23.887184 -0.249075 -0.839485 -60.333683 2.465275 -0.769583 -0.294025 1.679688 0.833259 -14.218215 0.093217 1.300581 -34.212067 -0.287559 0.967168 -20.033226 0.96454 1.212842 -1e-06 1e-06 0.0 -3.44039 0.788235 0.501655 -15.928194 -3.167309 2.999709 -6.338829 -1e-06 1e-06 -18.123459 3.648186 -4.905674 -4e-06 0.0 -1e-06 -4.81323 31.018206 10.303499 14.337787 8.138523 -12.551189 -6.203116 58.536861 -4.988159 -34.908176 -8.577568 -0.233718 2.243544 -5.255037 -3.180159 14.2829 -0.826596 6.952505 -2e-06 -12.690607 2e-06 17.515131 -17.830717 2.383256 1.665669 -1.955922 -2.878299 4.727802 -4.170588 4.993926 11.020534 2e-06 1e-06 12.109059 -3.735717 -2.866783 0.0 0.0 -0.0 1.291986 -1.92855 -1.498089 14.800134 0.567468 3.86561 14.242579 -1.341737 -6.66066 19.631979 0.143924 -0.648247 50.473129 -0.957356 -6.510371 0.35303 -1.51115 -0.03194 20.222801 3.684309 2.31663 18.787283 4e-06 -1e-06 10.751634 -0.479869 1.397906 -0.0 0.0 0.0 3.273808 0.305947 -0.58011 21.486824 11.830374 2.266132 8.16293 1e-06 -1e-06 18.399094 -3.798986 -4.940578 3e-06 0.0 -1e-06 -2.959242 7.393629 -65.888535 -0.164552 -0.347041 53.150223 -11.307626 8.991738 -5.186675 1.800095 -2.293197 -2.438523 0.0 1e-06 2e-06 -14.527997 0.16301 -67.199715 0.292531 0.96657 62.200096 0.433032 9.635836 0.691117 -1.497147 1.163093 -6.44786 -0.0 -0.0 -2e-06 
0.0 0.0 0.0 0.0 -0.0 0.0 -33.502254 96.644302 -112.313568 3.982977 1.60822 38.573868 0.934538 -0.591955 20.207605 0.411771 0.662349 3.889367 2.868248 0.637081 20.947304 -1.250974 2.934141 -5.203151 -0.608781 0.532821 -3.477604 4.040144 1.085957 -15.738452 7.7e-05 -2.3e-05 6e-06 -0.09224 0.066627 -0.021769 0.495647 -3.592735 -10.410102 -0.664659 3.716761 -10.33782 1.547379 -8.984565 10.462211 -35.655151 -45.681854 -2.847082 2.236283 -40.408493 -1.744282 27.357719 -4.457981 -11.366017 -5.88211 9.861292 0.70259 -10.936875 -0.360572 7.156209 -3e-06 8.774828 -0.0 -15.910693 18.562639 6.334725 -1.844034 2.498506 -2.507277 -10.163604 4.678949 4.621109 -20.97603 3e-06 2e-06 -21.226297 2.451705 -3.594005 0.0 -6e-06 -1e-06 -1.362683 2.240801 -0.746325 -21.334921 0.584916 3.008324 -13.821218 2e-06 -0.0 -23.887178 -0.249072 -0.839489 -60.417225 2.368021 -0.492281 -0.294025 1.679688 0.833256 -14.218212 0.093219 1.300583 -34.212059 -0.287554 0.967167 -20.033222 0.964543 1.212841 0.0 -0.0 0.0 -3.44039 0.788234 0.501656 -15.928192 -3.167306 2.999707 -6.338829 1e-06 1e-06 -18.123457 3.648189 -4.905674 -5e-06 -0.0 -1e-06 -5.31096 32.131725 10.736645 8.696171 11.214775 -14.249242 -2.182344 52.725235 -2.201332 -28.844057 -8.258786 -3.99329 2.243544 -5.255038 -3.18016 14.282896 -0.826595 6.952507 -2e-06 -12.690605 -0.0 17.25139 -17.706223 2.637724 1.665668 -1.955922 -2.8783 4.727801 -4.170588 4.993926 11.020531 3e-06 -0.0 12.109057 -3.735717 -2.866786 0.0 0.0 0.0 1.291984 -1.92855 -1.49809 14.800136 0.567468 3.865611 14.24258 -1.341737 -6.660661 19.631981 0.143924 -0.648243 50.20647 -1.038994 -6.419774 0.353028 -1.511151 -0.031941 20.222801 3.68431 2.316632 18.787283 4e-06 -0.0 10.751633 -0.479868 1.397908 -1e-06 0.0 0.0 3.273808 0.305947 -0.58011 21.486822 11.830377 2.266135 8.16293 1e-06 0.0 18.399092 -3.798985 -4.940577 2e-06 -1e-06 -1e-06 -1.067832 5.415168 -61.853394 -0.156477 -0.476056 47.740391 -9.449197 9.516098 -2.074664 1.794086 -2.218504 -2.169422 -0.0 0.0 2e-06 -15.770924 2.345117 -63.117355 0.155129 0.9258 54.962654 1.900267 8.383178 1.80754 -1.513267 1.238417 -4.395957 0.0 -0.0 -1e-06 
0.0 0.0 0.0 0.0 -0.0 0.0 -33.382603 97.605354 -113.849854 3.081699 1.619054 36.278187 0.958882 -0.407286 18.77998 0.465116 0.50113 3.119967 3.312324 0.12722 20.01767 -0.957343 2.929615 -5.662825 -0.968013 0.698118 -3.549358 2.934329 0.62794 -18.577318 7.7e-05 -2.3e-05 5e-06 -0.076993 0.077667 0.005401 0.52694 -3.618302 -10.448786 -0.66889 3.7622 -10.280509 3.606494 -8.679828 10.737277 -40.173931 -47.046543 2.928939 1.34563 -38.169716 -1.191267 24.067003 -3.529069 -11.037285 -5.882109 9.861286 0.70259 -10.936873 -0.360573 7.156206 -1e-06 8.774825 -1e-06 -15.80528 18.591011 6.468417 -1.844034 2.498506 -2.507278 -10.163602 4.678947 4.62111 -20.976028 0.0 -2e-06 -21.226294 2.451699 -3.594005 0.0 -6e-06 0.0 -1.362682 2.240799 -0.746322 -21.334915 0.584913 3.008323 -13.821215 -1e-06 1e-06 -23.887175 -0.249078 -0.839488 -60.533604 2.309292 -0.355086 -0.294025 1.679687 0.833257 -14.218211 0.093218 1.30058 -34.212059 -0.287558 0.967163 -20.033216 0.96454 1.21284 0.0 1e-06 0.0 -3.440388 0.788234 0.501656 -15.928185 -3.167307 2.999708 -6.338826 0.0 -0.0 -18.123447 3.648185 -4.905672 -4e-06 1e-06 -2e-06 -5.919302 30.782085 10.87657 6.645497 16.021351 -16.611477 0.408738 53.226547 -0.58445 -23.874891 -6.830799 -6.859568 2.24354 -5.255035 -3.180156 14.282892 -0.826596 6.952503 -2e-06 -12.6906 2e-06 17.137842 -17.670753 2.897668 1.665667 -1.955921 -2.878297 4.727797 -4.170586 4.993925 11.020526 3e-06 1e-06 12.109052 -3.735716 -2.866782 0.0 0.0 0.0 1.291986 -1.928549 -1.498089 14.800129 0.567467 3.865609 14.242571 -1.341737 -6.660655 19.631968 0.143923 -0.648242 50.24564 -1.038055 -6.394723 0.353029 -1.51115 -0.031942 20.222788 3.684307 2.316632 18.78727 3e-06 2e-06 10.751629 -0.479869 1.397906 0.0 -0.0 -0.0 3.273807 0.305947 -0.580109 21.486813 11.830373 2.266136 8.162928 2e-06 -0.0 18.399084 -3.798985 -4.940574 4e-06 -1e-06 -1e-06 0.081282 5.464916 -58.011105 -0.167616 -0.575307 44.966904 -7.857733 10.164586 -1.835533 1.759961 -2.150049 -2.252518 0.0 -1e-06 2e-06 -15.397328 3.388516 -59.875946 0.009802 0.738128 49.515877 3.462842 8.643097 1.449293 -1.509636 1.224524 -3.706349 0.0 -0.0 -0.0 
0.0 0.0 0.0 0.0 -0.0 0.0 -33.397926 97.519981 -115.271568 2.164976 1.387124 34.079063 1.045255 -0.141498 17.259346 0.392466 0.245191 2.207587 3.540809 -0.554428 18.853086 -0.604084 2.951976 -5.835902 -1.051016 0.879511 -3.697241 1.930848 0.228998 -21.378675 7.7e-05 -2.3e-05 6e-06 -0.083788 0.099126 -0.01044 0.538665 -3.608635 -10.498291 -0.696927 3.801138 -10.296732 5.749388 -8.851081 11.079171 -45.36858 -45.947411 9.463282 0.384044 -37.771832 -0.651134 20.735888 -2.315398 -10.076488 -5.88211 9.86129 0.702589 -10.936876 -0.360573 7.156211 -1e-06 8.774829 -0.0 -16.083611 18.469894 6.374998 -1.844034 2.498506 -2.507279 -10.163604 4.678948 4.62111 -20.976032 -2e-06 0.0 -21.226297 2.451699 -3.594004 -0.0 -5e-06 0.0 -1.362682 2.240799 -0.746325 -21.334925 0.584913 3.008328 -13.82122 -1e-06 1e-06 -23.887184 -0.249077 -0.839485 -60.805603 2.137269 -0.145953 -0.294025 1.679688 0.833257 -14.218214 0.093216 1.300583 -34.212055 -0.28756 0.967169 -20.033222 0.964539 1.212843 2e-06 -0.0 0.0 -3.440389 0.788233 0.501657 -15.928192 -3.167308 2.999709 -6.338829 0.0 1e-06 -18.123455 3.648185 -4.905673 -4e-06 -0.0 -1e-06 -7.146291 28.621605 10.26551 7.029775 21.520994 -17.799465 2.099231 56.470322 0.63741 -19.640902 -5.927599 -10.683532 2.243543 -5.255042 -3.180161 14.282898 -0.826597 6.95251 -1e-06 -12.690609 1e-06 17.014521 -17.760086 3.035954 1.665667 -1.955923 -2.878299 4.727801 -4.170588 4.993927 11.020531 2e-06 -1e-06 12.109056 -3.735717 -2.866784 -0.0 0.0 0.0 1.291987 -1.928551 -1.498091 14.800136 0.567467 3.865612 14.242579 -1.341739 -6.660661 19.631975 0.143924 -0.648245 50.304131 -0.986608 -6.513467 0.353029 -1.511152 -0.03194 20.222803 3.684309 2.316635 18.787285 3e-06 1e-06 10.751634 -0.479869 1.397907 0.0 1e-06 0.0 3.273809 0.305947 -0.58011 21.48683 11.830378 2.26614 8.162933 0.0 1e-06 18.399096 -3.798989 -4.940577 3e-06 -1e-06 -0.0 0.425469 6.680781 -54.94838 -0.206847 -0.683266 43.911674 -8.194223 9.439173 -2.900805 1.711984 -2.179289 -2.513937 0.0 0.0 3e-06 -14.493057 3.523023 -57.812012 -0.018446 0.529097 46.655235 4.985055 9.897799 0.654468 -1.512478 1.249304 -3.491446 -0.0 -0.0 -1e-06 
0.0 0.0 0.0 0.0 -0.0 0.0 -33.483513 97.288811 -116.336891 1.535675 0.875724 31.84926 1.011037 -0.031118 15.815579 0.148042 0.115949 1.530509 3.588259 -1.175562 17.876133 0.102721 2.881587 -6.239221 -1.010901 0.91064 -3.678715 1.081423 0.134728 -24.006557 7.7e-05 -2.2e-05 8e-06 -0.036342 0.060391 0.033467 0.622798 -3.660889 -10.467117 -0.688642 3.777874 -10.277216 6.961954 -9.337129 11.198724 -49.345444 -44.248528 15.368573 -1.017217 -37.434303 -0.055698 17.385775 -1.739747 -9.122396 -5.882107 9.861288 0.70259 -10.936873 -0.360575 7.156207 1e-06 8.774828 -2e-06 -16.376829 18.39016 6.143008 -1.844033 2.498505 -2.507279 -10.163601 4.678944 4.621108 -20.976027 -6e-06 1e-06 -21.226292 2.451695 -3.594002 -0.0 -8e-06 -0.0 -1.362682 2.240798 -0.746323 -21.334921 0.584908 3.008322 -13.821217 -4e-06 2e-06 -23.887178 -0.249082 -0.839485 -61.254921 2.038658 -0.177674 -0.294025 1.679687 0.833258 -14.218211 0.093214 1.300579 -34.212048 -0.287566 0.967169 -20.033216 0.964533 1.212844 1e-06 -1e-06 0.0 -3.440389 0.788233 0.501655 -15.928189 -3.167312 2.999708 -6.338828 -1e-06 -0.0 -18.123447 3.648182 -4.905672 -3e-06 1e-06 -2e-06 -7.826857 27.028378 9.333015 7.797429 26.507788 -17.761461 3.600646 59.592396 2.030093 -16.285919 -4.976696 -15.55625 2.243542 -5.255038 -3.180158 14.282894 -0.826597 6.952509 -1e-06 -12.690604 3e-06 16.770187 -17.758001 2.990412 1.665666 -1.955922 -2.878301 4.727801 -4.170588 4.993928 11.020527 1e-06 -2e-06 12.109053 -3.735716 -2.866785 0.0 1e-06 0.0 1.291985 -1.928551 -1.49809 14.800129 0.567468 3.865611 14.242571 -1.341736 -6.66066 19.631969 0.143923 -0.648245 50.138287 -0.964495 -6.478976 0.353028 -1.511151 -0.03194 20.222794 3.684308 2.316635 18.787273 1e-06 3e-06 10.751629 -0.479872 1.397908 1e-06 1e-06 0.0 3.273808 0.305946 -0.580109 21.486816 11.830376 2.266136 8.16293 -1e-06 -0.0 18.399088 -3.798989 -4.940574 3e-06 -1e-06 0.0 0.280733 8.059043 -52.041458 -0.183312 -0.665363 42.510342 -8.69358 8.911982 -3.778529 1.661601 -2.13555 -2.4636 0.0 -0.0 2e-06 -13.493343 3.803965 -56.000546 -0.007309 0.53209 45.762039 4.707719 11.284973 -1.14462 -1.516492 1.229057 -2.825699 -0.0 -0.0 -2e-06 
0.0 0.0 0.0 0.0 -0.0 0.0 -33.525665 97.473495 -117.023895 1.456128 0.808062 29.590534 0.796637 -0.063326 14.580928 0.010484 0.013107 1.079029 3.598731 -1.729285 17.49964 1.403828 2.822799 -6.893709 -1.190428 0.69089 -3.64727 0.493791 -0.068782 -25.7073 7.7e-05 -2.2e-05 6e-06 -0.007311 0.019049 0.073759 0.660117 -3.70518 -10.425317 -0.670379 3.745095 -10.288754 6.844204 -10.008503 11.360586 -52.13295 -43.025745 19.354637 -2.157004 -36.655167 0.347474 15.499988 -2.054037 -9.420444 -5.882106 9.861283 0.702592 -10.93687 -0.360574 7.156203 0.0 8.774821 -1e-06 -16.515892 18.371304 6.037659 -1.844033 2.498504 -2.507276 -10.163599 4.678944 4.621108 -20.976021 -2e-06 2e-06 -21.226286 2.451696 -3.594 -0.0 -7e-06 -0.0 -1.362681 2.240797 -0.746324 -21.334911 0.584911 3.008321 -13.82121 -1e-06 2e-06 -23.887163 -0.249077 -0.839483 -61.590767 1.953583 -0.021715 -0.294025 1.679687 0.833256 -14.218205 0.093215 1.300579 -34.212036 -0.287563 0.96717 -20.033209 0.964535 1.212844 0.0 -1e-06 -0.0 -3.440388 0.788233 0.501655 -15.928185 -3.167307 2.999707 -6.338824 -0.0 1e-06 -18.123444 3.648183 -4.90567 -2e-06 1e-06 -2e-06 -7.148591 26.535776 9.106129 8.512917 30.193518 -17.908634 4.643406 60.608154 3.239625 -13.821843 -3.908174 -17.914547 2.243541 -5.255036 -3.180154 14.282883 -0.826595 6.952497 -0.0 -12.690599 -1e-06 16.577368 -17.800629 2.869141 1.665666 -1.95592 -2.878298 4.727797 -4.170584 4.993921 11.02052 2e-06 -2e-06 12.109047 -3.735714 -2.866783 0.0 2e-06 0.0 1.291987 -1.92855 -1.498088 14.800122 0.567466 3.865604 14.242566 -1.341735 -6.660655 19.631956 0.143926 -0.648247 49.904118 -1.029651 -6.534672 0.353029 -1.511152 -0.031938 20.222784 3.684306 2.316627 18.787266 5e-06 -2e-06 10.751624 -0.479869 1.397904 -0.0 2e-06 1e-06 3.273804 0.305947 -0.580111 21.486801 11.830367 2.266131 8.162922 0.0 -1e-06 18.399075 -3.798983 -4.940576 2e-06 -1e-06 -0.0 0.188366 9.031636 -49.310024 -0.139472 -0.558204 40.918812 -8.964115 8.066326 -4.673901 1.6553 -2.172451 -2.02487 -0.0 -1e-06 2e-06 -13.208632 4.350636 -53.471638 0.029639 0.639915 44.495693 3.87149 11.498079 -1.93812 -1.50868 1.20386 -2.420785 -0.0 -0.0 -1e-06 
0.0 0.0 0.0 0.0 -0.0 0.0 -33.522835 97.988617 -117.341316 1.684138 1.162231 27.393873 0.620531 -0.092988 13.357943 -0.006581 -0.077194 0.715728 3.481504 -2.152111 17.574085 2.922385 2.598364 -7.33777 -1.585949 0.568132 -3.628921 -0.021788 -0.366939 -26.619238 7.7e-05 -2.2e-05 6e-06 -0.002985 0.010412 0.100849 0.652096 -3.71962 -10.434609 -0.655111 3.745359 -10.348473 6.163562 -10.463007 11.479397 -55.436195 -42.409164 22.135315 -2.344615 -34.649273 0.346974 15.385761 -2.75646 -10.823256 -5.882109 9.861288 0.70259 -10.936873 -0.360574 7.156204 1e-06 8.774828 1e-06 -16.455101 18.452467 6.099539 -1.844034 2.498505 -2.507279 -10.163603 4.678946 4.621109 -20.97603 -6e-06 -3e-06 -21.226295 2.451693 -3.594004 1e-06 -7e-06 -0.0 -1.362682 2.240799 -0.746324 -21.334921 0.58491 3.00832 -13.821217 -4e-06 -2e-06 -23.887175 -0.249086 -0.839488 -61.706745 2.069391 0.104651 -0.294025 1.679687 0.833259 -14.218212 0.093214 1.300577 -34.212059 -0.287569 0.967164 -20.033218 0.964534 1.212842 1e-06 -1e-06 0.0 -3.440389 0.788233 0.501655 -15.928191 -3.16731 2.999703 -6.338829 -2e-06 -1e-06 -18.123457 3.64818 -4.905675 -4e-06 0.0 0.0 -5.575385 26.50889 9.479284 10.600444 33.067677 -17.479414 4.58824 58.977203 3.461086 -12.245317 -2.626252 -17.938911 2.243542 -5.255038 -3.180161 14.282896 -0.826597 6.952511 -1e-06 -12.690609 3e-06 16.449366 -17.917849 2.816482 1.665665 -1.955921 -2.878301 4.727802 -4.170589 4.993929 11.020531 2e-06 0.0 12.109055 -3.735718 -2.866783 0.0 1e-06 0.0 1.291985 -1.928549 -1.498091 14.800132 0.567468 3.865613 14.242575 -1.341736 -6.660661 19.631973 0.143924 -0.648242 49.821423 -0.997604 -6.608792 0.353028 -1.511151 -0.03194 20.222801 3.684311 2.316636 18.787283 2e-06 4e-06 10.751634 -0.47987 1.39791 0.0 2e-06 0.0 3.273807 0.305947 -0.580112 21.48682 11.830379 2.266136 8.16293 2e-06 2e-06 18.399092 -3.798989 -4.940574 2e-06 0.0 -1e-06 0.007811 9.550699 -46.10434 -0.125059 -0.509992 38.66317 -8.980229 7.089278 -4.126459 1.654481 -2.194141 -1.912491 0.0 -1e-06 1e-06 -13.204903 4.862199 -49.912888 0.046202 0.691933 41.883617 3.136348 11.030728 -2.78769 -1.507168 1.226449 -2.066088 0.0 -0.0 -1e-06 
0.0 0.0 0.0 0.0 -0.0 0.0 -33.406849 98.481293 -117.305359 1.757965 1.573119 25.351778 0.645269 -0.036362 12.252008 0.078739 -0.161663 0.316798 3.423592 -2.227788 17.454157 3.851677 2.283694 -7.138621 -1.931167 0.471855 -3.744314 -0.517646 -0.666329 -26.963057 7.7e-05 -2.2e-05 6e-06 -0.006723 0.022272 0.094822 0.618512 -3.720808 -10.494734 -0.629742 3.771764 -10.454137 5.522827 -10.671443 11.617523 -59.81144 -41.861893 24.299334 -1.976588 -31.757956 0.173901 16.180691 -3.475602 -11.684951 -5.88211 9.861292 0.702592 -10.936878 -0.360574 7.156209 1e-06 8.774831 2e-06 -16.340488 18.526306 6.256997 -1.844034 2.498506 -2.507279 -10.163605 4.678948 4.62111 -20.976038 -3e-06 -1e-06 -21.226301 2.451695 -3.594005 0.0 -6e-06 1e-06 -1.362683 2.2408 -0.746326 -21.334929 0.584911 3.008322 -13.821223 -3e-06 1e-06 -23.887188 -0.249079 -0.839484 -61.705078 2.222325 0.148899 -0.294025 1.679688 0.833258 -14.218218 0.093216 1.300581 -34.212074 -0.287565 0.967168 -20.033226 0.964536 1.212845 -1e-06 0.0 0.0 -3.440391 0.788234 0.501657 -15.928196 -3.16731 2.999708 -6.33883 -1e-06 2e-06 -18.123459 3.648184 -4.905675 -3e-06 1e-06 -1e-06 -4.086784 26.559307 10.042952 15.191957 34.887421 -15.594728 3.66197 55.703842 2.765895 -11.268502 -1.686341 -16.162868 2.243546 -5.255041 -3.180159 14.282898 -0.8266 6.95251 -0.0 -12.690612 2e-06 16.296247 -17.961319 2.938816 1.665668 -1.955922 -2.878301 4.727801 -4.170592 4.993929 11.020533 -1e-06 -1e-06 12.109059 -3.735719 -2.866787 1e-06 2e-06 -0.0 1.291984 -1.92855 -1.498092 14.800139 0.567466 3.865612 14.242582 -1.341739 -6.660665 19.631977 0.143923 -0.648247 49.998264 -0.839179 -6.519604 0.35303 -1.511153 -0.03194 20.222803 3.684308 2.316631 18.787289 1e-06 -0.0 10.751636 -0.47987 1.397907 0.0 1e-06 0.0 3.27381 0.305947 -0.58011 21.486824 11.830377 2.266133 8.162932 0.0 -1e-06 18.399097 -3.798991 -4.940581 3e-06 1e-06 -0.0 0.077214 9.82079 -42.326805 -0.132544 -0.502786 35.438736 -8.923361 6.229692 -4.509835 1.619607 -2.170015 -1.958166 -0.0 -0.0 1e-06 -12.916527 5.113166 -45.633987 0.035152 0.717644 38.008717 2.92472 10.570982 -4.37866 -1.470234 1.189 -1.216203 0.0 -0.0 -1e-06 
0.0 0.0 0.0 0.0 -0.0 0.0 -33.173313 99.297729 -117.08741 1.558552 1.84694 23.637152 0.851505 0.084975 11.115952 0.187985 -0.043811 -0.109075 3.547201 -2.138377 17.171492 3.995123 2.280166 -7.000438 -2.038947 0.295041 -3.729342 -1.196539 -0.859994 -27.429239 7.7e-05 -2.2e-05 6e-06 -0.011799 0.066089 0.096816 0.60684 -3.690682 -10.540684 -0.628419 3.829445 -10.520452 4.811706 -10.435271 11.73782 -64.276764 -41.315933 26.538893 -1.409039 -28.581316 -0.041233 16.587206 -3.932256 -11.927835 -5.882112 9.861295 0.702591 -10.936883 -0.360575 7.15621 1e-06 8.774835 -0.0 -16.084568 18.568815 6.391626 -1.844035 2.498507 -2.507281 -10.163611 4.67895 4.62111 -20.976048 -4e-06 0.0 -21.226313 2.451698 -3.594004 0.0 -7e-06 1e-06 -1.362682 2.2408 -0.746324 -21.334936 0.58491 3.008323 -13.821229 -3e-06 -0.0 -23.887192 -0.249081 -0.839485 -61.350468 2.352213 0.007417 -0.294025 1.67969 0.833255 -14.218225 0.093215 1.300581 -34.212097 -0.287566 0.967168 -20.033241 0.964536 1.212843 -1e-06 1e-06 0.0 -3.440392 0.788234 0.501657 -15.928203 -3.167311 2.999709 -6.338833 -1e-06 -1e-06 -18.123468 3.648185 -4.905677 -4e-06 -0.0 0.0 -2.817738 26.437977 10.544925 21.279037 35.418011 -12.830509 2.813432 51.846424 2.086801 -10.438539 -1.432519 -13.944797 2.243546 -5.255044 -3.180161 14.282902 -0.8266 6.952508 0.0 -12.690618 3e-06 16.290432 -17.965128 2.976338 1.665668 -1.955923 -2.878302 4.727802 -4.170592 4.99393 11.020534 0.0 -2e-06 12.109062 -3.735722 -2.866788 0.0 1e-06 -1e-06 1.291988 -1.928553 -1.49809 14.80014 0.567464 3.86561 14.242587 -1.34174 -6.660666 19.631985 0.143925 -0.64825 50.094242 -0.768201 -6.475698 0.353029 -1.511152 -0.03194 20.222803 3.684309 2.316628 18.787287 1e-06 -6e-06 10.751636 -0.47987 1.397906 1e-06 1e-06 -0.0 3.27381 0.305948 -0.580112 21.486828 11.830382 2.266129 8.162935 0.0 -1e-06 18.399103 -3.79899 -4.940587 3e-06 0.0 -1e-06 0.556806 9.520445 -38.424568 -0.096841 -0.471613 31.605307 -8.720851 6.129631 -3.67251 1.626116 -2.161881 -1.747452 -0.0 -1e-06 2e-06 -12.380397 5.176832 -41.535442 0.013711 0.741442 33.912094 3.173043 10.540186 -3.569357 -1.45739 1.176113 -0.549085 0.0 -0.0 -1e-06 
0.0 0.0 0.0 0.0 -0.0 0.0 -32.911068 100.17588 -116.764603 1.139201 1.98344 22.216648 1.124723 0.227084 9.953303 0.33056 0.103259 -0.595441 3.765917 -1.883637 16.777603 3.54418 2.496039 -6.867459 -1.980151 0.174069 -3.72214 -1.918456 -0.867823 -27.998138 7.7e-05 -2.2e-05 6e-06 -0.002088 0.090849 0.087402 0.627271 -3.677047 -10.595625 -0.629513 3.864072 -10.58301 4.159049 -9.812951 11.99401 -67.99527 -40.465996 29.106968 -1.032262 -26.227274 -0.125682 16.161026 -4.093872 -11.099524 -5.88211 9.861291 0.70259 -10.936877 -0.360573 7.156206 -1e-06 8.77483 1e-06 -15.935875 18.541744 6.398485 -1.844034 2.498506 -2.507279 -10.163605 4.678949 4.621111 -20.976036 -1e-06 -2e-06 -21.226301 2.451701 -3.594004 -1e-06 -5e-06 -2e-06 -1.362682 2.240799 -0.746324 -21.334925 0.584913 3.008323 -13.82122 -1e-06 -1e-06 -23.887184 -0.249079 -0.839489 -60.982578 2.425701 -0.131743 -0.294025 1.679689 0.833255 -14.218215 0.093217 1.30058 -34.212055 -0.287562 0.967167 -20.033218 0.964538 1.212842 -2e-06 1e-06 0.0 -3.44039 0.788234 0.501656 -15.928194 -3.167309 2.999706 -6.338829 1e-06 -0.0 -18.123459 3.648187 -4.905673 -3e-06 -0.0 -1e-06 -1.787243 26.227144 11.075421 27.611696 34.56665 -8.961702 2.112443 48.047134 1.427114 -9.205411 -1.285563 -11.908835 2.243546 -5.255042 -3.180162 14.2829 -0.826599 6.952507 1e-06 -12.690615 -1e-06 16.370871 -18.007975 2.959282 1.665668 -1.955924 -2.878301 4.727803 -4.170592 4.993929 11.020533 -1e-06 -2e-06 12.109059 -3.73572 -2.866788 -0.0 1e-06 -2e-06 1.291987 -1.928551 -1.498091 14.800138 0.567464 3.86561 14.242583 -1.341739 -6.660666 19.631979 0.143923 -0.648251 50.186733 -0.736583 -6.443574 0.353029 -1.511152 -0.031942 20.222803 3.684307 2.316629 18.787287 -0.0 -4e-06 10.751636 -0.479872 1.397906 1e-06 1e-06 -1e-06 3.273808 0.305947 -0.580112 21.486818 11.830379 2.266132 8.16293 0.0 -1e-06 18.399094 -3.79899 -4.940581 2e-06 -1e-06 -1e-06 1.286809 8.945202 -34.571754 -0.05442 -0.449997 27.41366 -8.388618 6.520018 -2.44075 1.635144 -2.140579 -1.500367 0.0 -0.0 2e-06 -11.620346 5.039225 -37.523407 -0.000197 0.756239 29.358438 3.666063 10.83072 -1.873718 -1.452784 1.13718 -0.083585 -0.0 -0.0 -1e-06 
0.0 0.0 0.0 0.0 -0.0 0.0 -32.723217 100.972878 -116.420433 0.671426 2.127495 20.897398 1.355592 0.373066 8.766752 0.472143 0.197596 -1.113759 3.991121 -1.577727 16.423658 2.851249 2.796865 -6.593368 -1.781454 0.138703 -3.701004 -2.595706 -0.685165 -28.657066 7.7e-05 -2.2e-05 6e-06 0.01672 0.083256 0.081336 0.664583 -3.690856 -10.644986 -0.629356 3.860226 -10.63216 3.585461 -8.904543 12.377684 -70.546417 -39.219307 32.005409 -0.922179 -25.189362 -0.135747 15.201949 -3.955044 -9.335677 -5.882113 9.861293 0.70259 -10.936881 -0.360574 7.156211 -0.0 8.774831 1e-06 -15.943892 18.538261 6.327308 -1.844034 2.498507 -2.50728 -10.16361 4.67895 4.62111 -20.976044 -1e-06 -1e-06 -21.226311 2.4517 -3.594005 0.0 -6e-06 -2e-06 -1.362683 2.240799 -0.746324 -21.334932 0.584912 3.008322 -13.821227 -2e-06 -1e-06 -23.887194 -0.24908 -0.839486 -60.767731 2.459594 -0.235627 -0.294025 1.679688 0.833256 -14.218221 0.093217 1.300582 -34.212078 -0.287562 0.967167 -20.033228 0.964538 1.212842 -0.0 0.0 1e-06 -3.440392 0.788235 0.501656 -15.928201 -3.167309 2.999707 -6.338832 -0.0 -0.0 -18.123465 3.648185 -4.905676 -3e-06 -0.0 -1e-06 -0.599557 25.871946 11.8425 32.98653 32.739532 -3.834871 1.5695 44.295303 0.897971 -7.060413 -0.962274 -9.835372 2.243541 -5.255037 -3.180156 14.282893 -0.826597 6.952502 0.0 -12.690603 -1e-06 16.556433 -18.115782 2.857853 1.665666 -1.955922 -2.878298 4.727799 -4.170588 4.993922 11.020528 -1e-06 -1e-06 12.109055 -3.735719 -2.866783 0.0 -1e-06 -1e-06 1.291985 -1.92855 -1.498089 14.800129 0.567466 3.865604 14.242574 -1.341738 -6.660657 19.631968 0.143922 -0.648247 50.266594 -0.745865 -6.569986 0.353029 -1.51115 -0.03194 20.222795 3.684305 2.316629 18.787277 1e-06 -5e-06 10.751629 -0.479871 1.397905 0.0 1e-06 0.0 3.273807 0.305947 -0.58011 21.486813 11.830371 2.266134 8.162928 -0.0 -2e-06 18.399088 -3.798986 -4.940578 2e-06 -1e-06 -1e-06 2.063661 8.434689 -30.95755 -0.022478 -0.431384 23.480759 -8.125613 6.841026 -0.912142 1.644712 -2.129652 -1.278648 0.0 -0.0 2e-06 -10.732265 4.63649 -33.663059 -0.018171 0.733529 24.910629 4.241362 11.372581 0.203984 -1.451351 1.087069 0.219862 -0.0 -0.0 -1e-06 
0.0 0.0 0.0 0.0 -0.0 0.0 -32.675728 101.604805 -116.025856 0.309228 2.494137 19.350828 1.497576 0.489234 7.64691 0.550182 0.198703 -1.657561 4.112369 -1.330678 16.147383 2.28764 2.996849 -5.832386 -1.569456 0.17271 -3.69697 -3.119884 -0.393124 -29.11499 7.7e-05 -2.3e-05 6e-06 0.030737 0.058967 0.08254 0.691987 -3.722244 -10.670664 -0.629075 3.840208 -10.657234 3.189671 -8.001934 12.740718 -72.145317 -37.390842 34.416912 -1.000865 -25.111902 -0.071697 14.272384 -3.684469 -7.133164 -5.882108 9.861284 0.702592 -10.936872 -0.360573 7.156208 -1e-06 8.774822 -1e-06 -16.123152 18.588871 6.183692 -1.844033 2.498504 -2.507279 -10.163598 4.678946 4.621109 -20.976023 0.0 1e-06 -21.22629 2.451698 -3.594002 0.0 -6e-06 -2e-06 -1.362682 2.240798 -0.746321 -21.334911 0.584913 3.008324 -13.821213 -0.0 -1e-06 -23.887167 -0.249076 -0.839487 -60.72485 2.483959 -0.337246 -0.294024 1.679687 0.833256 -14.218207 0.093217 1.300581 -34.212048 -0.287559 0.967168 -20.033211 0.96454 1.21284 -0.0 0.0 1e-06 -3.440389 0.788234 0.501655 -15.928185 -3.167306 2.999709 -6.338825 0.0 -0.0 -18.123444 3.648183 -4.905673 -4e-06 -0.0 -1e-06 0.918065 25.17466 12.820911 37.51181 30.573895 2.422025 1.188964 40.264549 0.537506 -4.242759 -0.411041 -7.662067 2.243543 -5.255038 -3.180158 14.282889 -0.826598 6.952503 -0.0 -12.690602 -1e-06 16.713093 -18.185528 2.741488 1.665667 -1.955921 -2.8783 4.727799 -4.170588 4.993925 11.020528 1e-06 -1e-06 12.109055 -3.735717 -2.866787 1e-06 0.0 0.0 1.291985 -1.928549 -1.498089 14.800127 0.567465 3.865605 14.242574 -1.341739 -6.66066 19.631968 0.143923 -0.64825 50.358871 -0.781193 -6.73736 0.35303 -1.511151 -0.03194 20.222788 3.684306 2.316629 18.78727 4e-06 -5e-06 10.751627 -0.479871 1.397904 -0.0 1e-06 1e-06 3.273806 0.305946 -0.580111 21.486809 11.830368 2.26613 8.162924 -1e-06 -2e-06 18.39908 -3.798986 -4.940578 3e-06 0.0 -1e-06 2.775939 8.216657 -27.53006 -0.00564 -0.417811 20.394056 -8.061431 6.532973 0.735072 1.650794 -2.128425 -1.165945 -0.0 -0.0 1e-06 -9.851223 4.158897 -29.8237 -0.04724 0.691341 21.212406 4.731465 11.756395 2.109207 -1.450323 1.044284 0.411318 -0.0 -0.0 -1e-06 
0.0 0.0 0.0 0.0 -0.0 0.0 -32.726997 102.113052 -115.529213 0.102113 3.114691 17.581488 1.512409 0.497782 6.555631 0.521269 0.20836 -2.12754 4.124594 -1.298496 15.944632 2.046974 3.065589 -4.729416 -1.475467 0.240106 -3.684339 -3.415864 -0.096419 -29.158531 7.7e-05 -2.2e-05 6e-06 0.041272 0.000531 0.084627 0.707124 -3.788433 -10.662786 -0.624114 3.788799 -10.641572 2.819198 -7.232063 12.894 -72.937622 -35.0214 35.790607 -1.073263 -25.43409 -0.006587 13.889874 -3.518258 -5.340691 -5.882106 9.861287 0.702591 -10.936873 -0.360576 7.156209 2e-06 8.774828 1e-06 -16.255857 18.721388 6.098548 -1.844033 2.498505 -2.50728 -10.1636 4.678946 4.621111 -20.97603 -7e-06 -1e-06 -21.226295 2.451693 -3.594003 0.0 -6e-06 -1e-06 -1.362682 2.240798 -0.746324 -21.334919 0.584907 3.008325 -13.821217 -4e-06 1e-06 -23.887175 -0.249082 -0.839481 -60.735294 2.548349 -0.436073 -0.294025 1.679688 0.833256 -14.218212 0.093214 1.300581 -34.212063 -0.287569 0.967172 -20.033216 0.964534 1.212845 -1e-06 0.0 0.0 -3.440389 0.788233 0.501655 -15.928189 -3.167312 2.999707 -6.338828 -1e-06 0.0 -18.123447 3.648181 -4.905671 -3e-06 1e-06 -1e-06 2.711921 24.124519 13.811209 41.753044 28.370729 8.093369 1.126886 36.094986 0.408399 -2.129646 0.001899 -5.437892 2.243541 -5.255037 -3.180158 14.282893 -0.826593 6.952504 -4e-06 -12.690609 2e-06 16.718573 -18.049328 2.673138 1.665666 -1.955921 -2.878299 4.727798 -4.170588 4.993926 11.020528 6e-06 -3e-06 12.109053 -3.735713 -2.866785 1e-06 -0.0 0.0 1.291986 -1.928549 -1.498089 14.800129 0.567469 3.865608 14.242573 -1.341733 -6.66066 19.631969 0.143931 -0.648245 50.221268 -0.863667 -6.79047 0.353028 -1.511151 -0.03194 20.222797 3.684313 2.316631 18.787273 7e-06 1e-06 10.751629 -0.479867 1.397908 1e-06 1e-06 -1e-06 3.273808 0.305948 -0.580112 21.486818 11.830383 2.266132 8.16293 2e-06 -1e-06 18.399084 -3.798986 -4.940575 4e-06 0.0 -2e-06 3.376106 8.220979 -24.321243 0.041343 -0.37449 18.272942 -8.231873 5.739568 2.515859 1.688652 -2.127524 -0.932478 -0.0 0.0 2e-06 -9.079743 3.672179 -26.135311 -0.081959 0.682461 18.612349 4.903927 12.001152 3.784731 -1.452798 1.057185 0.512747 -0.0 -0.0 -1e-06 
0.0 0.0 0.0 0.0 -0.0 0.0 -32.90308 102.530121 -114.939163 -0.06862 3.905706 15.698082 1.486692 0.476979 5.546371 0.504115 0.094148 -2.630145 4.016818 -1.279123 15.875908 1.973668 3.052186 -3.564719 -1.296208 0.30241 -3.625589 -3.650682 0.13605 -28.857334 7.7e-05 -2.2e-05 6e-06 0.041077 0.026005 0.108254 0.698428 -3.773437 -10.647455 -0.616209 3.824941 -10.635359 2.183965 -6.804837 13.064181 -72.804474 -32.488194 35.929317 -1.078797 -25.876562 0.051182 13.96823 -3.596786 -4.384106 -5.882106 9.861286 0.702589 -10.93687 -0.360574 7.156202 -0.0 8.774824 -0.0 -16.347013 18.768238 5.971559 -1.844033 2.498505 -2.507278 -10.163599 4.678946 4.621109 -20.976023 -3e-06 -1e-06 -21.226288 2.451698 -3.594001 0.0 -7e-06 0.0 -1.362681 2.240798 -0.746323 -21.334911 0.584911 3.008322 -13.821213 -2e-06 -1e-06 -23.887171 -0.249079 -0.839486 -60.699654 2.553645 -0.588327 -0.294025 1.679687 0.833255 -14.218207 0.093216 1.300579 -34.212048 -0.287563 0.967167 -20.033211 0.964535 1.212841 -1e-06 -0.0 -1e-06 -3.440388 0.788234 0.501655 -15.928185 -3.167308 2.999704 -6.338826 -1e-06 1e-06 -18.123444 3.648184 -4.905672 -4e-06 0.0 -1e-06 4.539329 22.694586 14.621037 45.974712 25.940319 11.980146 1.109989 32.177212 0.413339 -1.405704 0.338887 -3.656473 2.243543 -5.255038 -3.180161 14.282896 -0.826598 6.952506 -0.0 -12.690606 1e-06 16.529285 -17.881636 2.651636 1.665667 -1.955921 -2.878299 4.7278 -4.170589 4.993926 11.020529 2e-06 -2e-06 12.109055 -3.735718 -2.866785 0.0 0.0 1e-06 1.291986 -1.92855 -1.498091 14.800134 0.567466 3.86561 14.242579 -1.341737 -6.660661 19.631973 0.143922 -0.648247 50.01392 -0.881677 -6.807049 0.35303 -1.511151 -0.031938 20.222801 3.684307 2.316631 18.787283 2e-06 -1e-06 10.751633 -0.479869 1.397905 -0.0 1e-06 0.0 3.273808 0.305947 -0.580111 21.486818 11.830372 2.266131 8.16293 -0.0 -1e-06 18.399088 -3.798989 -4.940578 4e-06 -1e-06 -1e-06 3.988921 8.735297 -21.260672 0.027881 -0.418297 16.727406 -8.559434 4.360373 4.327114 1.689909 -2.138195 -0.929085 -0.0 0.0 1e-06 -8.314163 3.167885 -22.780397 -0.10305 0.620554 17.142975 4.665582 12.063234 5.283988 -1.482983 1.075524 0.503422 -0.0 -0.0 -1e-06 
0.0 0.0 0.0 0.0 -0.0 0.0 -33.062122 102.712059 -114.210007 -0.137394 4.814736 13.832934 1.327105 0.417992 4.558284 0.449198 -0.120204 -3.093308 3.841394 -1.462239 15.814079 1.974408 2.968025 -2.390733 -1.138005 0.348313 -3.638508 -3.650193 0.293436 -28.08005 7.7e-05 -2.3e-05 6e-06 0.037698 0.013899 0.10306 0.682707 -3.779692 -10.616431 -0.607835 3.808724 -10.611759 1.351738 -6.508667 13.233135 -72.171967 -29.929148 35.442089 -1.068994 -26.110504 -0.00257 14.191011 -3.973576 -3.97736 -5.882109 9.861288 0.702591 -10.936876 -0.360574 7.156207 -0.0 8.774828 -3e-06 -16.268517 18.842199 5.999949 -1.844033 2.498506 -2.50728 -10.163603 4.678946 4.62111 -20.97603 -3e-06 1e-06 -21.226295 2.451699 -3.594 1e-06 -5e-06 -1e-06 -1.362681 2.240799 -0.746325 -21.334923 0.584909 3.008322 -13.821218 -3e-06 1e-06 -23.887182 -0.249078 -0.839481 -60.71978 2.607133 -0.705331 -0.294024 1.679688 0.833254 -14.218214 0.093215 1.30058 -34.212063 -0.287563 0.96717 -20.033224 0.964535 1.212843 1e-06 1e-06 1e-06 -3.44039 0.788235 0.501656 -15.928192 -3.167311 2.999708 -6.338829 -0.0 1e-06 -18.123457 3.648185 -4.905674 -4e-06 -1e-06 0.0 6.243537 21.158501 15.319518 50.145607 23.281652 13.15809 1.221845 28.839928 0.50791 -1.783448 0.610994 -2.185792 2.243543 -5.255039 -3.180157 14.2829 -0.826597 6.952507 -1e-06 -12.690609 1e-06 16.550222 -17.799526 2.517015 1.665667 -1.955922 -2.8783 4.727802 -4.170588 4.993925 11.020534 2e-06 1e-06 12.109059 -3.735717 -2.866785 0.0 -1e-06 1e-06 1.291986 -1.92855 -1.49809 14.800139 0.567467 3.86561 14.24258 -1.341738 -6.660659 19.631981 0.143923 -0.648244 49.998859 -0.749171 -6.690338 0.353029 -1.511151 -0.031939 20.222803 3.684309 2.316632 18.787285 3e-06 -0.0 10.751636 -0.47987 1.397906 1e-06 0.0 -0.0 3.273809 0.305947 -0.58011 21.486828 11.830379 2.266136 8.162933 2e-06 -1e-06 18.399096 -3.798986 -4.940579 4e-06 -1e-06 -0.0 4.553184 9.323837 -18.282928 0.016849 -0.414922 15.452929 -8.963486 2.756129 5.284329 1.691017 -2.099261 -0.866329 -0.0 -1e-06 2e-06 -7.688329 2.56938 -19.406374 -0.108188 0.662666 15.855418 4.371757 12.077504 5.674809 -1.490175 1.083436 0.692728 -0.0 -0.0 -1e-06 
0.0 0.0 0.0 0.0 -0.0 0.0 -33.234787 102.856636 -113.389229 -0.184323 5.751326 12.031238 1.200358 0.331198 3.54527 0.351906 -0.344855 -3.54022 3.617148 -1.704623 15.819285 2.030274 2.780905 -1.352018 -1.05452 0.422345 -3.597944 -3.543903 0.332964 -26.949446 7.7e-05 -2.2e-05 6e-06 0.035689 0.027801 0.111725 0.668017 -3.77068 -10.595755 -0.597551 3.829209 -10.591893 0.418593 -6.426111 13.442205 -71.339607 -27.747858 35.199749 -0.985927 -25.701136 0.01506 14.248102 -4.17936 -4.609505 -5.882106 9.861284 0.70259 -10.93687 -0.360574 7.156202 -0.0 8.774823 -2e-06 -16.199244 18.79825 5.939545 -1.844032 2.498504 -2.507279 -10.163599 4.678945 4.621109 -20.976021 -2e-06 0.0 -21.226286 2.451698 -3.594002 1e-06 -6e-06 0.0 -1.362681 2.240798 -0.746327 -21.334913 0.584912 3.008325 -13.821213 -1e-06 0.0 -23.887171 -0.249077 -0.839485 -60.688622 2.489976 -0.838783 -0.294025 1.679687 0.833255 -14.218207 0.093216 1.300578 -34.212048 -0.287561 0.967166 -20.033209 0.964538 1.212841 0.0 -0.0 0.0 -3.440389 0.788234 0.501655 -15.928185 -3.167308 2.999708 -6.338826 -1e-06 0.0 -18.123444 3.648184 -4.90567 -4e-06 -0.0 0.0 7.607072 19.276516 15.729756 54.136787 20.44957 12.836282 1.038179 26.091198 0.46664 -2.506791 0.864489 -1.707245 2.243541 -5.255037 -3.180159 14.282888 -0.826593 6.952504 -4e-06 -12.690607 0.0 16.499079 -17.702789 2.37834 1.665665 -1.955921 -2.878299 4.727797 -4.170587 4.993925 11.020524 4e-06 -2e-06 12.109049 -3.735714 -2.866785 -0.0 -0.0 2e-06 1.291985 -1.92855 -1.49809 14.800125 0.567468 3.86561 14.24257 -1.341737 -6.660656 19.631962 0.143928 -0.648245 49.826103 -0.626418 -6.646766 0.353029 -1.51115 -0.031941 20.222786 3.684311 2.316628 18.78727 5e-06 1e-06 10.751627 -0.479867 1.397906 0.0 -0.0 0.0 3.273806 0.305948 -0.580111 21.486809 11.830376 2.266131 8.162926 1e-06 -1e-06 18.399076 -3.798983 -4.940575 3e-06 -0.0 -1e-06 5.17047 9.91519 -15.275848 -0.004934 -0.447592 14.083909 -9.28394 0.939964 6.252468 1.700145 -2.094384 -0.972647 -0.0 -1e-06 2e-06 -7.123518 1.757716 -16.102055 -0.119869 0.627064 14.690279 4.003076 12.04483 6.045228 -1.489362 1.068691 0.77641 -0.0 -0.0 -1e-06 
0.0 0.0 0.0 0.0 -0.0 0.0 -33.302929 102.956116 -112.613701 -0.276584 6.532674 10.456865 1.105558 0.261691 2.596574 0.248943 -0.514374 -3.932426 3.413865 -2.007328 15.739652 1.897226 2.646159 -0.379634 -0.978223 0.404836 -3.612663 -3.306507 0.256776 -25.597395 7.7e-05 -2.3e-05 6e-06 0.034762 0.027072 0.103002 0.660301 -3.766709 -10.574155 -0.592022 3.825422 -10.570368 -0.543692 -6.359223 13.653687 -70.60405 -26.01334 35.050877 -1.007961 -24.648865 0.039477 14.047985 -4.30306 -5.341733 -5.882111 9.86129 0.702589 -10.936878 -0.360574 7.156211 0.0 8.774828 -2e-06 -16.132557 18.714079 5.928138 -1.844033 2.498506 -2.507278 -10.163606 4.678948 4.621112 -20.976038 -2e-06 1e-06 -21.226301 2.451699 -3.594003 0.0 -6e-06 1e-06 -1.362682 2.240799 -0.746324 -21.334929 0.584912 3.008324 -13.821223 -2e-06 1e-06 -23.887186 -0.249077 -0.839485 -60.666439 2.41038 -0.859472 -0.294024 1.679688 0.833254 -14.218217 0.093215 1.300583 -34.212067 -0.287561 0.967171 -20.033226 0.964539 1.212846 1e-06 -0.0 1e-06 -3.440392 0.788234 0.501654 -15.928201 -3.16731 2.999709 -6.338831 -1e-06 0.0 -18.123459 3.648185 -4.905673 -4e-06 -1e-06 0.0 8.526423 17.526089 15.918096 57.493713 17.510645 11.44864 0.830393 24.102161 0.395697 -3.169454 0.990247 -1.899096 2.243544 -5.25504 -3.180158 14.282899 -0.826597 6.952505 -1e-06 -12.690612 0.0 16.488304 -17.663874 2.247609 1.665667 -1.955923 -2.878301 4.727802 -4.170591 4.993928 11.020532 1e-06 -1e-06 12.109059 -3.735719 -2.866787 0.0 0.0 0.0 1.291986 -1.92855 -1.498092 14.800136 0.567466 3.865611 14.24258 -1.341738 -6.660662 19.631975 0.143923 -0.648247 49.690998 -0.482121 -6.581203 0.353029 -1.511152 -0.031938 20.222801 3.684308 2.316633 18.787283 2e-06 -2e-06 10.751633 -0.479871 1.397907 1e-06 1e-06 -1e-06 3.273808 0.305947 -0.580112 21.486824 11.830379 2.266135 8.16293 -2e-06 -1e-06 18.399096 -3.79899 -4.94058 2e-06 -1e-06 -1e-06 5.775198 10.356195 -12.578474 -0.017189 -0.470891 12.84017 -9.455359 -0.593802 7.002363 1.699443 -2.060641 -1.062786 -0.0 -1e-06 2e-06 -6.693987 0.983352 -13.103529 -0.112107 0.615068 13.48708 3.774666 12.150007 6.473956 -1.487745 1.064277 0.785677 -0.0 -0.0 -1e-06 
0.0 0.0 0.0 0.0 -0.0 0.0 -33.284546 103.047653 -111.956764 -0.438273 7.002796 9.08707 1.066473 0.191857 1.753899 0.159248 -0.609447 -4.27977 3.232366 -2.26272 15.577452 1.633734 2.584331 0.515837 -0.903389 0.35065 -3.642466 -3.062288 0.19528 -24.190598 7.7e-05 -2.2e-05 6e-06 0.034951 0.028933 0.090846 0.656482 -3.759001 -10.556138 -0.587923 3.822387 -10.551394 -1.450644 -6.273053 13.900009 -70.083397 -24.72349 34.963879 -1.071113 -23.102539 0.088659 13.56694 -4.219308 -6.25851 -5.882106 9.861282 0.702588 -10.936868 -0.360573 7.156201 -1e-06 8.774821 -2e-06 -16.088589 18.598783 5.920531 -1.844032 2.498504 -2.507276 -10.163597 4.678944 4.621106 -20.976021 -2e-06 -1e-06 -21.226278 2.451696 -3.593998 1e-06 -6e-06 1e-06 -1.362679 2.240796 -0.746323 -21.334906 0.584911 3.00832 -13.821208 -1e-06 -1e-06 -23.887161 -0.249076 -0.839485 -60.596176 2.345387 -0.887067 -0.294025 1.679686 0.833255 -14.218204 0.093216 1.300577 -34.212032 -0.287561 0.96717 -20.033205 0.964536 1.21284 1e-06 -0.0 1e-06 -3.440388 0.788234 0.501656 -15.928183 -3.167306 2.999707 -6.338824 -0.0 -1e-06 -18.123444 3.648182 -4.90567 -4e-06 0.0 -0.0 9.10866 16.008532 15.952439 59.999031 14.680182 9.967949 0.603483 22.657152 0.312318 -3.583754 0.970971 -2.644419 2.243541 -5.255035 -3.180156 14.282887 -0.826596 6.952501 -2e-06 -12.690601 2e-06 16.460844 -17.624779 2.178878 1.665666 -1.955921 -2.878298 4.727798 -4.170587 4.993924 11.020524 2e-06 0.0 12.10905 -3.735716 -2.866782 -0.0 0.0 -1e-06 1.291985 -1.928549 -1.49809 14.800123 0.567467 3.865605 14.242568 -1.341736 -6.660655 19.631966 0.143923 -0.648244 49.595383 -0.412084 -6.522755 0.353029 -1.51115 -0.031941 20.222786 3.684309 2.316629 18.78727 3e-06 1e-06 10.751625 -0.47987 1.397904 0.0 -0.0 -0.0 3.273806 0.305947 -0.580108 21.486803 11.830369 2.266129 8.162926 2e-06 -1e-06 18.399076 -3.798986 -4.940575 1e-06 0.0 -1e-06 6.357769 10.7107 -10.226647 -0.024911 -0.482943 11.812645 -9.515244 -1.781896 7.644422 1.695736 -2.028234 -1.192545 0.0 0.0 2e-06 -6.371429 0.390548 -10.620221 -0.094746 0.601317 12.552077 3.667065 12.408062 7.146342 -1.481265 1.065329 0.688639 -0.0 -0.0 -1e-06 
0.0 0.0 0.0 0.0 -0.0 0.0 -33.213329 103.15255 -111.445427 -0.611987 7.168293 7.92896 1.044573 0.121476 1.043626 0.091639 -0.660466 -4.585406 3.074068 -2.460869 15.366932 1.333075 2.586801 1.289397 -0.847025 0.356309 -3.676708 -2.87475 0.190921 -22.890316 7.7e-05 -2.3e-05 6e-06 0.036316 0.030925 0.081212 0.654514 -3.751473 -10.542084 -0.583007 3.819202 -10.534986 -2.248472 -6.141547 14.097843 -69.757225 -23.709133 34.816761 -1.125149 -21.5033 0.127317 12.97269 -3.991165 -7.195582 -5.882108 9.861285 0.70259 -10.936873 -0.360575 7.156204 1e-06 8.774826 -1e-06 -16.04755 18.450998 5.926679 -1.844032 2.498503 -2.507278 -10.163603 4.678945 4.621107 -20.97603 -5e-06 1e-06 -21.226292 2.451695 -3.594001 -0.0 -6e-06 0.0 -1.362682 2.240797 -0.746325 -21.334919 0.584909 3.008324 -13.821217 -3e-06 1e-06 -23.887177 -0.24908 -0.839483 -60.478497 2.295985 -0.890821 -0.294024 1.679687 0.833256 -14.21821 0.093214 1.30058 -34.212059 -0.287565 0.967168 -20.033216 0.964536 1.212843 0.0 -0.0 -0.0 -3.440389 0.788234 0.501656 -15.928189 -3.167309 2.999705 -6.338827 -1e-06 1e-06 -18.123451 3.648181 -4.905671 -4e-06 -0.0 -1e-06 9.455793 14.809696 15.922437 61.565811 12.193721 8.755953 0.431422 21.707289 0.23932 -3.773838 0.822011 -3.478722 2.243541 -5.255037 -3.180155 14.282887 -0.826595 6.952499 -0.0 -12.690603 -2e-06 16.449453 -17.600384 2.170999 1.665666 -1.955922 -2.878299 4.727798 -4.170587 4.993921 11.020524 2e-06 -0.0 12.10905 -3.735717 -2.866783 -1e-06 0.0 1e-06 1.291986 -1.928549 -1.498088 14.800123 0.567467 3.865605 14.242568 -1.341738 -6.660657 19.631962 0.143925 -0.648247 49.58588 -0.399807 -6.468112 0.353029 -1.51115 -0.031939 20.222786 3.684308 2.316629 18.78727 3e-06 0.0 10.751625 -0.479869 1.397906 1e-06 2e-06 -1e-06 3.273806 0.305947 -0.580109 21.486809 11.83037 2.266132 8.162926 1e-06 -3e-06 18.399078 -3.798985 -4.940577 3e-06 1e-06 -1e-06 6.856988 11.032562 -8.287854 -0.036973 -0.484349 11.09937 -9.49045 -2.617318 8.306008 1.692492 -1.989762 -1.358271 0.0 1e-06 2e-06 -6.162874 -0.034979 -8.732047 -0.079357 0.595423 12.022536 3.632572 12.836424 8.037369 -1.473466 1.065321 0.516333 -0.0 -0.0 -2e-06 
0.0 0.0 0.0 0.0 -0.0 0.0 -33.119919 103.270164 -111.040482 -0.727061 7.144018 6.9328 1.01686 0.052929 0.492085 0.043841 -0.704787 -4.846973 2.88756 -2.575214 15.134131 1.103209 2.589212 1.87206 -0.809061 0.433095 -3.701095 -2.750928 0.269862 -21.816771 7.7e-05 -2.2e-05 6e-06 0.03713 0.03194 0.073671 0.652344 -3.744615 -10.532114 -0.578813 3.814288 -10.519946 -2.875925 -6.002217 14.252932 -69.53479 -22.837114 34.425114 -1.141176 -20.31695 0.151495 12.527552 -3.748749 -8.018216 -5.882106 9.861283 0.70259 -10.93687 -0.360574 7.156199 0.0 8.774822 -1e-06 -15.988489 18.30118 5.945748 -1.844032 2.498505 -2.507277 -10.163598 4.678945 4.621105 -20.976021 -2e-06 0.0 -21.226286 2.451697 -3.594002 -1e-06 -5e-06 0.0 -1.362681 2.240797 -0.746322 -21.334911 0.584911 3.008317 -13.821213 -2e-06 -1e-06 -23.887167 -0.249078 -0.839485 -60.35815 2.244062 -0.872653 -0.294024 1.679687 0.833256 -14.218205 0.093217 1.300581 -34.212044 -0.287562 0.967165 -20.033209 0.964537 1.212838 -0.0 1e-06 1e-06 -3.440387 0.788233 0.501656 -15.928183 -3.167307 2.999704 -6.338825 -0.0 -0.0 -18.123444 3.648182 -4.90567 -3e-06 -0.0 -1e-06 9.583681 13.863872 15.901019 62.446213 10.204967 7.921331 0.308033 21.226578 0.173844 -3.786137 0.579673 -4.160644 2.243542 -5.255037 -3.180158 14.282889 -0.826596 6.952503 -1e-06 -12.690607 2e-06 16.465878 -17.598392 2.196625 1.665667 -1.955921 -2.8783 4.727798 -4.170588 4.993925 11.020526 2e-06 -2e-06 12.109052 -3.735717 -2.866787 0.0 0.0 -1e-06 1.291986 -1.928549 -1.498089 14.800129 0.567467 3.865607 14.242574 -1.341737 -6.66066 19.631969 0.143928 -0.648247 49.651089 -0.426248 -6.407807 0.353029 -1.511151 -0.03194 20.222794 3.684308 2.316628 18.787273 3e-06 -3e-06 10.751627 -0.479868 1.397905 0.0 -0.0 -1e-06 3.273807 0.305947 -0.58011 21.486813 11.830378 2.26613 8.162928 1e-06 -1e-06 18.39908 -3.798986 -4.940577 2e-06 1e-06 -3e-06 7.231888 11.315054 -6.678817 -0.053824 -0.485754 10.659986 -9.366169 -3.16801 9.043465 1.692107 -1.958283 -1.515683 0.0 0.0 3e-06 -6.085054 -0.346384 -7.299427 -0.070415 0.595866 11.853597 3.604635 13.344273 9.011513 -1.46857 1.060372 0.343359 -0.0 -0.0 -2e-06 
0.0 0.0 0.0 0.0 -0.0 0.0 -33.033878 103.37738 -110.686409 -0.726791 7.043373 6.095151 0.948117 0.003697 0.05549 0.003477 -0.756361 -5.064762 2.673326 -2.627616 14.915522 1.001423 2.56388 2.237179 -0.791237 0.527214 -3.703559 -2.697743 0.391917 -21.020412 7.7e-05 -2.2e-05 6e-06 0.035868 0.025757 0.072164 0.651457 -3.746367 -10.521029 -0.580106 3.802821 -10.506943 -3.35702 -5.846717 14.349 -69.307976 -22.058371 33.874508 -1.09252 -19.796516 0.158317 12.403959 -3.605914 -8.69957 -5.882111 9.861291 0.70259 -10.936881 -0.360575 7.15621 1e-06 8.77483 -1e-06 -15.88681 18.190874 5.972321 -1.844034 2.498506 -2.50728 -10.163607 4.678947 4.621112 -20.97604 -4e-06 2e-06 -21.226301 2.451698 -3.594002 0.0 -6e-06 -0.0 -1.362683 2.240799 -0.746322 -21.33493 0.584911 3.008325 -13.821225 -3e-06 1e-06 -23.887188 -0.249077 -0.839485 -60.240917 2.226595 -0.923903 -0.294024 1.679687 0.833256 -14.21822 0.093215 1.300583 -34.212074 -0.287563 0.967171 -20.03323 0.964538 1.212844 -1e-06 1e-06 2e-06 -3.440391 0.788234 0.501655 -15.928201 -3.167311 2.99971 -6.338831 -1e-06 1e-06 -18.123459 3.648182 -4.905674 -4e-06 -0.0 -1e-06 9.597402 13.117297 15.863451 62.776768 8.661979 7.461506 0.252395 21.237484 0.117907 -3.661801 0.399184 -4.585213 2.243541 -5.255039 -3.180158 14.282896 -0.826595 6.952507 -3e-06 -12.69061 3e-06 16.494278 -17.589434 2.220062 1.665666 -1.955922 -2.878299 4.7278 -4.170589 4.993927 11.02053 3e-06 -0.0 12.109056 -3.735717 -2.866784 1e-06 -0.0 -1e-06 1.291985 -1.92855 -1.49809 14.800132 0.567468 3.865611 14.242577 -1.341737 -6.66066 19.631973 0.143926 -0.648245 49.700378 -0.455916 -6.374196 0.353029 -1.511151 -0.031941 20.222799 3.684311 2.316635 18.787279 4e-06 -0.0 10.751634 -0.479869 1.397906 1e-06 -0.0 1e-06 3.273808 0.305947 -0.580111 21.48682 11.830379 2.266137 8.16293 2e-06 0.0 18.399088 -3.798985 -4.940574 2e-06 1e-06 -2e-06 7.449706 11.527757 -5.28864 -0.06807 -0.480238 10.304849 -9.184195 -3.548119 9.808726 1.694171 -1.93295 -1.663407 0.0 0.0 4e-06 -6.153648 -0.625898 -6.171268 -0.064473 0.598642 11.882819 3.593488 13.813627 9.859525 -1.46772 1.054509 0.251306 -0.0 -0.0 -1e-06 
0.0 0.0 0.0 0.0 -0.0 0.0 -32.942684 103.444824 -110.328781 -0.643153 6.952775 5.335526 0.848997 -0.030091 -0.308765 -0.0376 -0.805903 -5.246278 2.457644 -2.649451 14.719705 1.013209 2.531547 2.444844 -0.779293 0.600008 -3.698423 -2.714957 0.482674 -20.412254 7.7e-05 -2.3e-05 6e-06 0.034511 0.021136 0.071908 0.655398 -3.746777 -10.511922 -0.586585 3.792918 -10.501706 -3.714161 -5.660454 14.400733 -69.047829 -21.400351 33.340618 -1.010355 -19.847719 0.138723 12.623483 -3.603461 -9.166383 -5.882106 9.861284 0.702589 -10.936872 -0.360576 7.156206 1e-06 8.774825 -2e-06 -15.770103 18.136019 6.009268 -1.844032 2.498505 -2.50728 -10.163601 4.678944 4.621111 -20.976023 -4e-06 2e-06 -21.226286 2.451696 -3.593999 0.0 -6e-06 -0.0 -1.362681 2.240797 -0.746325 -21.334915 0.584908 3.008324 -13.821214 -3e-06 2e-06 -23.887171 -0.249079 -0.839481 -60.151352 2.2593 -1.013338 -0.294024 1.679686 0.833258 -14.21821 0.093213 1.300583 -34.212048 -0.287565 0.967174 -20.033215 0.964536 1.212846 -0.0 1e-06 2e-06 -3.440389 0.788233 0.501655 -15.928189 -3.16731 2.999708 -6.338828 -1e-06 2e-06 -18.123451 3.64818 -4.90567 -4e-06 -1e-06 -2e-06 9.601192 12.522128 15.778403 62.698822 7.41545 7.252675 0.275453 21.667946 0.08528 -3.523134 0.364446 -4.756957 2.243542 -5.255037 -3.180157 14.282894 -0.826595 6.952503 -2e-06 -12.690607 2e-06 16.534836 -17.568171 2.231412 1.665666 -1.955922 -2.878301 4.7278 -4.170589 4.993926 11.020529 2e-06 -0.0 12.109056 -3.735716 -2.866784 1e-06 -1e-06 -1e-06 1.291986 -1.928549 -1.498089 14.800132 0.567468 3.865608 14.242577 -1.341737 -6.660661 19.631973 0.143926 -0.648245 49.735214 -0.481474 -6.356601 0.353029 -1.511151 -0.031939 20.222795 3.68431 2.316631 18.787273 4e-06 -2e-06 10.751631 -0.479869 1.397907 -0.0 -1e-06 2e-06 3.273808 0.305947 -0.580111 21.48682 11.830378 2.266133 8.162931 1e-06 0.0 18.399088 -3.798985 -4.940577 2e-06 0.0 -2e-06 7.565855 11.718831 -3.983244 -0.076601 -0.479484 9.968452 -9.011654 -3.906498 10.451282 1.697764 -1.919788 -1.797087 0.0 0.0 3e-06 -6.324092 -0.884359 -5.130501 -0.062492 0.601987 11.951477 3.586896 14.186808 10.445641 -1.466825 1.03666 0.215648 -0.0 -1e-06 -1e-06 
0.0 0.0 0.0 0.0 -0.0 0.0 -32.823837 103.468063 -109.982834 -0.507771 6.881964 4.659062 0.735048 -0.050286 -0.608993 -0.081417 -0.833423 -5.389207 2.264844 -2.654989 14.540988 1.088791 2.509993 2.530769 -0.755831 0.623938 -3.683336 -2.766022 0.512757 -19.915638 7.7e-05 -2.2e-05 6e-06 0.034411 0.023549 0.072281 0.666999 -3.740183 -10.510082 -0.598391 3.790341 -10.507128 -3.953779 -5.46166 14.397637 -68.777077 -20.949566 33.002476 -0.94289 -20.214325 0.095502 13.084641 -3.747901 -9.444883 -5.882102 9.861284 0.702592 -10.936866 -0.360577 7.156201 2e-06 8.774824 -1e-06 -15.669016 18.125973 6.049931 -1.844031 2.498504 -2.507276 -10.163595 4.678943 4.621108 -20.976017 -8e-06 2e-06 -21.226276 2.451694 -3.593996 1e-06 -7e-06 -0.0 -1.36268 2.240798 -0.746323 -21.334906 0.584906 3.008323 -13.821209 -5e-06 1e-06 -23.887159 -0.249081 -0.839478 -60.096828 2.313712 -1.085284 -0.294024 1.679687 0.833253 -14.218205 0.093212 1.300583 -34.212036 -0.287568 0.967175 -20.033209 0.964534 1.212846 -1e-06 2e-06 1e-06 -3.440388 0.788232 0.501656 -15.928183 -3.167312 2.999706 -6.338824 -2e-06 0.0 -18.123442 3.64818 -4.905667 -5e-06 -0.0 -2e-06 9.639998 12.080925 15.628576 62.367142 6.479963 7.11154 0.349069 22.326721 0.08119 -3.504452 0.476713 -4.961547 2.243541 -5.255035 -3.180158 14.282888 -0.826593 6.952502 -4e-06 -12.690601 1e-06 16.553532 -17.517159 2.248688 1.665666 -1.955921 -2.878298 4.727798 -4.170586 4.993923 11.020525 4e-06 -1e-06 12.109051 -3.735713 -2.866785 1e-06 -1e-06 0.0 1.291986 -1.928548 -1.498089 14.800129 0.567469 3.865607 14.242573 -1.341734 -6.660657 19.631969 0.143928 -0.648244 49.743977 -0.49614 -6.323114 0.353028 -1.51115 -0.031939 20.222788 3.684311 2.31663 18.78727 6e-06 1e-06 10.751627 -0.479867 1.397906 -1e-06 -1e-06 1e-06 3.273807 0.305947 -0.58011 21.486818 11.830376 2.266133 8.162928 2e-06 -1e-06 18.39908 -3.798982 -4.940572 2e-06 -1e-06 -2e-06 7.596853 11.925702 -2.80561 -0.080639 -0.48313 9.695928 -8.86741 -4.288546 10.89958 1.703446 -1.912856 -1.92516 0.0 0.0 3e-06 -6.567931 -1.03232 -4.130799 -0.063226 0.601414 11.929094 3.579158 14.432611 10.75023 -1.465137 1.008792 0.196698 -0.0 -0.0 -1e-06 
0.0 0.0 0.0 0.0 -0.0 0.0 -32.672928 103.442429 -109.651253 -0.384011 6.814286 4.016856 0.625736 -0.061566 -0.871739 -0.125869 -0.827384 -5.503936 2.124603 -2.645015 14.35826 1.189929 2.484466 2.56265 -0.719688 0.59927 -3.6642 -2.80984 0.496052 -19.377481 7.7e-05 -2.2e-05 6e-06 0.034498 0.029358 0.074262 0.681109 -3.730963 -10.513696 -0.612459 3.792558 -10.515772 -4.142486 -5.274141 14.380773 -68.502075 -20.692791 32.668262 -0.974 -20.673435 0.077995 13.610474 -4.050355 -9.512723 -5.882106 9.861281 0.70259 -10.93687 -0.360575 7.156205 1e-06 8.774822 -1e-06 -15.627388 18.144609 6.064332 -1.844031 2.498504 -2.507277 -10.163599 4.678944 4.621108 -20.976021 -4e-06 1e-06 -21.226282 2.451696 -3.593999 2e-06 -7e-06 1e-06 -1.362681 2.240798 -0.746323 -21.334913 0.584909 3.008323 -13.821213 -3e-06 0.0 -23.887173 -0.249079 -0.839481 -60.063831 2.358824 -1.125363 -0.294026 1.679688 0.833257 -14.218207 0.093215 1.300581 -34.212048 -0.287563 0.967171 -20.033211 0.964536 1.212842 -0.0 1e-06 1e-06 -3.440388 0.788232 0.501656 -15.928185 -3.167309 2.999709 -6.338826 -2e-06 2e-06 -18.123444 3.648181 -4.90567 -4e-06 -0.0 -2e-06 9.712212 11.7382 15.455301 61.939156 5.870183 6.943718 0.389259 23.073761 0.073336 -3.648008 0.641353 -5.288436 2.24354 -5.255034 -3.180155 14.282883 -0.826595 6.952499 -2e-06 -12.690598 1e-06 16.569681 -17.502007 2.294672 1.665665 -1.95592 -2.878297 4.727797 -4.170585 4.993923 11.020522 3e-06 -1e-06 12.109048 -3.735713 -2.866781 -0.0 0.0 -1e-06 1.291985 -1.928549 -1.498088 14.800122 0.567468 3.865605 14.242566 -1.341735 -6.660656 19.631958 0.143926 -0.648246 49.798157 -0.511881 -6.256488 0.353029 -1.51115 -0.03194 20.222784 3.684308 2.316629 18.787266 4e-06 -0.0 10.751623 -0.479868 1.397904 -1e-06 -1e-06 1e-06 3.273805 0.305947 -0.58011 21.486801 11.830368 2.266132 8.162923 1e-06 -0.0 18.399073 -3.798984 -4.940571 1e-06 -0.0 -2e-06 7.6151 12.137126 -1.723348 -0.079713 -0.492617 9.521681 -8.755214 -4.645764 11.065777 1.706793 -1.915456 -1.922935 0.0 -0.0 2e-06 -6.812282 -1.059568 -3.088785 -0.068974 0.608893 11.722937 3.602367 14.560237 10.804593 -1.463798 0.986109 0.293889 -0.0 -0.0 -1e-06 
0.0 0.0 0.0 0.0 -0.0 0.0 -32.513374 103.37944 -109.365501 -0.279653 6.746605 3.422885 0.513384 -0.061879 -1.113046 -0.16741 -0.796738 -5.599624 2.034306 -2.624939 14.18524 1.310202 2.440367 2.571469 -0.676431 0.550071 -3.641809 -2.814894 0.442904 -18.722689 7.7e-05 -2.2e-05 6e-06 0.032817 0.032273 0.078937 0.688863 -3.726014 -10.511639 -0.623812 3.793969 -10.5151 -4.346514 -5.121886 14.387787 -68.232246 -20.628298 32.251503 -1.067259 -21.033819 0.099434 14.111242 -4.499334 -9.422799 -5.882111 9.861292 0.70259 -10.936878 -0.360574 7.156208 -0.0 8.774831 -1e-06 -15.597301 18.163507 6.07273 -1.844034 2.498506 -2.507277 -10.163609 4.678948 4.621109 -20.97604 -3e-06 -0.0 -21.226301 2.4517 -3.594002 1e-06 -7e-06 0.0 -1.362682 2.2408 -0.746324 -21.33493 0.584911 3.008323 -13.821224 -2e-06 0.0 -23.887188 -0.249077 -0.839484 -59.993095 2.408605 -1.140938 -0.294024 1.679689 0.833256 -14.218219 0.093217 1.300581 -34.212074 -0.287564 0.967165 -20.033228 0.964537 1.212841 -1e-06 1e-06 2e-06 -3.440391 0.788235 0.501656 -15.928196 -3.16731 2.999707 -6.33883 -2e-06 1e-06 -18.123459 3.648184 -4.905671 -5e-06 -0.0 -2e-06 9.869637 11.448587 15.26473 61.531071 5.607836 6.573955 0.353385 23.857767 0.039388 -4.069609 0.853289 -5.826111 2.243543 -5.255038 -3.180156 14.282896 -0.826595 6.952503 -2e-06 -12.690609 1e-06 16.572227 -17.521334 2.363836 1.665667 -1.955922 -2.878299 4.727801 -4.17059 4.993923 11.020533 3e-06 -2e-06 12.109057 -3.735717 -2.866786 -1e-06 -0.0 -1e-06 1.291986 -1.92855 -1.498088 14.800134 0.567468 3.865608 14.242579 -1.341736 -6.660659 19.631973 0.143926 -0.648244 49.861702 -0.511963 -6.176317 0.353029 -1.511151 -0.031939 20.222801 3.684311 2.31663 18.787279 4e-06 -1e-06 10.751634 -0.479867 1.397906 -1e-06 -1e-06 1e-06 3.273808 0.305947 -0.580111 21.48682 11.830379 2.266132 8.16293 2e-06 -2e-06 18.399092 -3.798985 -4.940577 2e-06 -0.0 -2e-06 7.627048 12.304212 -0.763412 -0.07423 -0.500964 9.418837 -8.665859 -4.937724 10.990552 1.707744 -1.932186 -1.827614 0.0 -0.0 2e-06 -7.038116 -1.033444 -2.039248 -0.073404 0.630706 11.321734 3.688905 14.603925 10.666071 -1.46391 0.975937 0.484644 0.0 -0.0 -1e-06 
0.0 0.0 0.0 0.0 -0.0 0.0 -32.387859 103.297218 -109.14167 -0.242105 6.638293 2.902006 0.419067 -0.053915 -1.343903 -0.203122 -0.763125 -5.68525 2.001228 -2.597345 14.05337 1.467163 2.380319 2.57779 -0.646225 0.50854 -3.618314 -2.786132 0.383696 -17.987141 7.7e-05 -2.3e-05 6e-06 0.029278 0.029062 0.084622 0.686851 -3.728261 -10.500112 -0.629034 3.790735 -10.502999 -4.557513 -5.007245 14.404809 -68.031464 -20.683001 31.619699 -1.187752 -21.169468 0.150794 14.59009 -5.09689 -9.220107 -5.882103 9.861281 0.702589 -10.936868 -0.360574 7.156203 1e-06 8.774821 -2e-06 -15.576612 18.179176 6.067106 -1.844032 2.498503 -2.507278 -10.163595 4.678941 4.621108 -20.976017 -5e-06 2e-06 -21.226278 2.451695 -3.593997 1e-06 -6e-06 -0.0 -1.362681 2.240797 -0.746324 -21.334906 0.58491 3.008322 -13.821213 -3e-06 0.0 -23.887165 -0.249079 -0.839482 -59.882046 2.462129 -1.151192 -0.294025 1.679686 0.833256 -14.218205 0.093215 1.30058 -34.212036 -0.287562 0.967168 -20.033209 0.964536 1.212841 -1e-06 0.0 1e-06 -3.440388 0.788232 0.501656 -15.928183 -3.167309 2.999707 -6.338824 -2e-06 1e-06 -18.123444 3.648179 -4.905668 -5e-06 -0.0 -2e-06 10.121003 11.210381 15.079599 61.215775 5.758872 5.981162 0.281755 24.61178 -0.009454 -4.740496 1.124227 -6.435448 2.243541 -5.255034 -3.180158 14.282882 -0.826594 6.9525 -3e-06 -12.690598 3e-06 16.534605 -17.542475 2.450939 1.665665 -1.95592 -2.878299 4.727797 -4.170584 4.993924 11.02052 3e-06 -1e-06 12.109046 -3.735713 -2.866782 -0.0 0.0 -0.0 1.291985 -1.928549 -1.498088 14.800118 0.567468 3.865607 14.242564 -1.341735 -6.660655 19.631954 0.143926 -0.648245 49.897491 -0.507076 -6.105905 0.353029 -1.51115 -0.031941 20.222778 3.684308 2.316629 18.787266 4e-06 -1e-06 10.751622 -0.479869 1.397905 -1e-06 -1e-06 1e-06 3.273805 0.305947 -0.580111 21.486801 11.830368 2.266131 8.162921 1e-06 0.0 18.399071 -3.798983 -4.940572 2e-06 0.0 -2e-06 7.679605 12.343089 0.079309 -0.061008 -0.507213 9.291115 -8.589997 -5.069624 10.724287 1.70627 -1.956537 -1.667937 0.0 -0.0 2e-06 -7.172501 -0.965329 -1.093953 -0.073941 0.654846 10.837869 3.824354 14.588135 10.448166 -1.465195 0.978488 0.724798 -0.0 -0.0 -1e-06 
0.0 0.0 0.0 0.0 -0.0 0.0 -32.302654 103.250214 -108.989799 -0.31662 6.499218 2.446145 0.364963 -0.048027 -1.584041 -0.226285 -0.757196 -5.773822 2.036994 -2.60613 13.990991 1.650965 2.338922 2.596391 -0.632852 0.492671 -3.605102 -2.753661 0.365904 -17.283987 7.7e-05 -2.2e-05 6e-06 0.027096 0.024426 0.086687 0.681349 -3.733392 -10.488069 -0.627821 3.787464 -10.492206 -4.755903 -4.91088 14.385087 -67.957993 -20.741005 30.919836 -1.236254 -21.055975 0.182791 15.08047 -5.703568 -9.10924 -5.882107 9.861286 0.702588 -10.936876 -0.360575 7.156207 1e-06 8.774826 -2e-06 -15.562704 18.196695 6.040943 -1.844032 2.498504 -2.507277 -10.163602 4.678945 4.621112 -20.97603 -4e-06 1e-06 -21.226292 2.451697 -3.594 1e-06 -6e-06 -1e-06 -1.362682 2.240799 -0.746324 -21.334921 0.58491 3.008324 -13.821219 -2e-06 2e-06 -23.88718 -0.249078 -0.839482 -59.74715 2.491362 -1.143819 -0.294025 1.679688 0.833256 -14.218215 0.093215 1.300582 -34.212067 -0.287563 0.96717 -20.033222 0.964537 1.212844 -0.0 2e-06 -1e-06 -3.440389 0.788233 0.501658 -15.928192 -3.167309 2.999707 -6.338829 -1e-06 2e-06 -18.123457 3.648181 -4.905674 -4e-06 1e-06 -0.0 10.438744 11.013408 14.93536 61.005939 6.315476 5.252404 0.22943 25.346344 -0.049774 -5.516933 1.385593 -7.095809 2.243541 -5.255035 -3.180156 14.282887 -0.826594 6.952501 -2e-06 -12.690602 -0.0 16.464748 -17.561512 2.538723 1.665666 -1.955921 -2.878298 4.727797 -4.170586 4.993923 11.02052 2e-06 -3e-06 12.109048 -3.735715 -2.866784 0.0 -0.0 -1e-06 1.291985 -1.928548 -1.498088 14.800122 0.567468 3.865607 14.242566 -1.341737 -6.660656 19.63196 0.143926 -0.648244 49.90144 -0.498417 -6.027579 0.353028 -1.51115 -0.03194 20.222784 3.684309 2.31663 18.787266 4e-06 -1e-06 10.751624 -0.479869 1.397905 -1e-06 0.0 -0.0 3.273805 0.305946 -0.580111 21.486805 11.830372 2.266132 8.162925 1e-06 -1e-06 18.399075 -3.798985 -4.940576 2e-06 0.0 -2e-06 7.819512 12.225506 0.83416 -0.049822 -0.514009 9.064199 -8.456373 -5.081265 10.514201 1.706168 -1.96857 -1.510554 -0.0 -0.0 2e-06 -7.157625 -0.843407 -0.301683 -0.074295 0.671214 10.370677 4.001698 14.53556 10.489628 -1.465578 0.993629 0.865769 0.0 -0.0 -0.0 
0.0 0.0 0.0 0.0 -0.0 0.0 -32.246399 103.221199 -108.893188 -0.440162 6.335413 2.025881 0.328499 -0.04803 -1.796401 -0.24084 -0.772141 -5.861331 2.108824 -2.631333 13.960195 1.816972 2.281151 2.638673 -0.613053 0.509699 -3.608637 -2.714659 0.419863 -16.629354 7.7e-05 -2.3e-05 6e-06 0.025781 0.019434 0.083597 0.674836 -3.739867 -10.489877 -0.623731 3.784396 -10.496669 -4.902198 -4.867466 14.325907 -68.013321 -20.712534 30.20434 -1.204757 -20.808926 0.183221 15.544548 -6.246721 -9.00944 -5.88211 9.861292 0.702591 -10.93688 -0.360574 7.156209 1e-06 8.774831 -1e-06 -15.534223 18.180208 6.017119 -1.844033 2.498505 -2.507279 -10.163606 4.678948 4.621112 -20.976038 -5e-06 -0.0 -21.226301 2.451697 -3.594002 1e-06 -5e-06 -0.0 -1.362683 2.240798 -0.746324 -21.334929 0.58491 3.008326 -13.821225 -4e-06 1e-06 -23.887188 -0.24908 -0.839482 -59.602875 2.476645 -1.133203 -0.294025 1.67969 0.833256 -14.218219 0.093215 1.300581 -34.212078 -0.287565 0.967172 -20.033232 0.964535 1.212844 1e-06 1e-06 1e-06 -3.44039 0.788234 0.501656 -15.928196 -3.167313 2.999707 -6.33883 -1e-06 1e-06 -18.123457 3.648183 -4.905673 -4e-06 -0.0 -1e-06 10.736243 10.85247 14.841929 61.010864 7.181373 4.540939 0.162143 26.061657 -0.083463 -6.302987 1.587461 -7.827429 2.243544 -5.255039 -3.180159 14.2829 -0.826594 6.952503 -3e-06 -12.69061 -1e-06 16.375711 -17.582979 2.62251 1.665667 -1.955922 -2.878299 4.727801 -4.170589 4.993925 11.020534 3e-06 -2e-06 12.109059 -3.735717 -2.866786 0.0 0.0 -1e-06 1.291986 -1.928551 -1.49809 14.800138 0.567469 3.865607 14.242582 -1.341735 -6.660662 19.631981 0.143928 -0.648247 49.913338 -0.508926 -5.945323 0.353028 -1.511151 -0.03194 20.222803 3.684312 2.31663 18.787285 7e-06 -3e-06 10.751633 -0.479867 1.397904 -1e-06 -0.0 0.0 3.273809 0.305947 -0.580111 21.48683 11.83038 2.266131 8.162933 3e-06 -2e-06 18.399096 -3.798985 -4.94058 2e-06 -1e-06 -2e-06 7.982364 11.959269 1.557885 -0.042314 -0.518101 8.729082 -8.295267 -4.980964 10.334966 1.706554 -1.972918 -1.382249 -0.0 -0.0 2e-06 -7.083097 -0.773836 0.366368 -0.072178 0.68674 9.974171 4.210321 14.525248 10.657585 -1.462977 1.00706 0.90385 0.0 -0.0 -0.0 
0.0 0.0 0.0 0.0 -0.0 0.0 -32.187378 103.189598 -108.843575 -0.546551 6.168675 1.645946 0.287504 -0.045543 -1.963433 -0.252528 -0.789002 -5.938014 2.171843 -2.668335 13.934258 1.954626 2.218715 2.680589 -0.584518 0.532466 -3.615115 -2.653861 0.541427 -16.010571 7.7e-05 -2.3e-05 6e-06 0.025706 0.021645 0.07918 0.670157 -3.739717 -10.49583 -0.618999 3.788718 -10.507319 -5.015515 -4.870978 14.244072 -68.092979 -20.581934 29.567873 -1.111636 -20.54645 0.158855 15.883166 -6.672831 -9.014036 -5.882106 9.861285 0.702589 -10.936868 -0.360575 7.156209 0.0 8.774824 -3e-06 -15.478346 18.11063 6.006493 -1.844032 2.498504 -2.507277 -10.163596 4.678946 4.62111 -20.976019 -2e-06 2e-06 -21.226282 2.451699 -3.593998 -0.0 -6e-06 -1e-06 -1.362682 2.240798 -0.746323 -21.334913 0.584909 3.008325 -13.821213 -2e-06 2e-06 -23.887167 -0.249077 -0.83948 -59.466122 2.44828 -1.137659 -0.294025 1.679687 0.833257 -14.218207 0.093215 1.300581 -34.212048 -0.287562 0.967173 -20.033211 0.964539 1.212846 1e-06 2e-06 0.0 -3.440388 0.788234 0.501656 -15.928185 -3.167309 2.999711 -6.338825 0.0 1e-06 -18.123444 3.648182 -4.905669 -5e-06 -1e-06 -2e-06 10.9889 10.733397 14.771471 61.23518 8.167837 3.916415 0.094478 26.772795 -0.105758 -7.025728 1.752162 -8.622019 2.243542 -5.255037 -3.180157 14.28289 -0.826594 6.952498 -2e-06 -12.690605 -0.0 16.281733 -17.577703 2.685571 1.665666 -1.955921 -2.878298 4.727799 -4.170587 4.993922 11.020526 2e-06 -2e-06 12.109053 -3.735717 -2.866784 0.0 0.0 0.0 1.291986 -1.928548 -1.498089 14.800129 0.567469 3.865605 14.242576 -1.341738 -6.660657 19.631969 0.143926 -0.648245 49.920845 -0.536315 -5.880241 0.353029 -1.51115 -0.031938 20.222794 3.684309 2.316628 18.787275 6e-06 -2e-06 10.751626 -0.479868 1.397904 -1e-06 0.0 -1e-06 3.273806 0.305947 -0.580111 21.486811 11.830376 2.266129 8.162928 1e-06 -2e-06 18.39908 -3.798983 -4.940577 4e-06 1e-06 -1e-06 8.086025 11.596454 2.230606 -0.03772 -0.513838 8.340589 -8.148758 -4.789529 10.128112 1.707576 -1.974 -1.306687 -0.0 0.0 2e-06 -7.042327 -0.765453 0.928814 -0.066631 0.696248 9.643809 4.407216 14.555058 10.784955 -1.456925 1.006535 0.895016 0.0 -0.0 -0.0 
0.0 0.0 0.0 0.0 -0.0 0.0 -32.109882 103.166199 -108.857918 -0.616024 6.038928 1.32233 0.236749 -0.042364 -2.100542 -0.270132 -0.801157 -6.008516 2.216387 -2.691637 13.9116 2.088666 2.146211 2.704278 -0.561724 0.58252 -3.611532 -2.565981 0.664691 -15.452338 7.7e-05 -2.2e-05 6e-06 0.025694 0.026208 0.077352 0.666096 -3.736554 -10.494491 -0.61473 3.794535 -10.510789 -5.144146 -4.903326 14.149488 -68.103645 -20.382336 28.934233 -1.012823 -20.32551 0.120819 16.07509 -6.989865 -9.071506 -5.882108 9.861287 0.70259 -10.936875 -0.360574 7.156207 1e-06 8.774826 -1e-06 -15.405261 18.03998 6.016664 -1.844033 2.498506 -2.507279 -10.163602 4.678946 4.62111 -20.97603 -2e-06 -0.0 -21.226292 2.451699 -3.594002 1e-06 -6e-06 -0.0 -1.362682 2.240798 -0.746323 -21.334917 0.58491 3.008322 -13.821217 -3e-06 0.0 -23.887177 -0.24908 -0.839486 -59.357567 2.436554 -1.176707 -0.294025 1.679688 0.833256 -14.218213 0.093215 1.300582 -34.212063 -0.287563 0.967169 -20.033216 0.964539 1.212843 0.0 1e-06 1e-06 -3.440389 0.788234 0.501655 -15.928189 -3.16731 2.999708 -6.338829 -0.0 0.0 -18.123453 3.648184 -4.905673 -4e-06 -1e-06 -3e-06 11.214017 10.63483 14.710467 61.598492 9.187437 3.480962 0.059282 27.45849 -0.113795 -7.62196 1.900077 -9.242735 2.243544 -5.255039 -3.180161 14.282899 -0.826596 6.952508 -2e-06 -12.690612 1e-06 16.195566 -17.550459 2.71618 1.665668 -1.955921 -2.878301 4.727802 -4.17059 4.993927 11.020534 2e-06 -2e-06 12.10906 -3.735717 -2.866786 -1e-06 -0.0 -1e-06 1.291987 -1.92855 -1.498089 14.800136 0.567469 3.86561 14.24258 -1.341737 -6.660663 19.631981 0.143926 -0.648246 49.892414 -0.570339 -5.85893 0.353029 -1.511151 -0.03194 20.222803 3.684311 2.316631 18.787287 4e-06 -0.0 10.751634 -0.479869 1.397907 0.0 0.0 0.0 3.273809 0.305947 -0.580113 21.486826 11.830382 2.266134 8.162933 2e-06 -1e-06 18.399092 -3.798989 -4.940578 5e-06 1e-06 -1e-06 8.103745 11.188549 2.7631 -0.036586 -0.50294 8.011488 -8.008026 -4.575305 9.94648 1.70678 -1.976822 -1.258829 0.0 0.0 2e-06 -7.065464 -0.840419 1.340239 -0.058447 0.70095 9.439094 4.602571 14.662705 10.914313 -1.451468 1.000267 0.869171 0.0 -0.0 -0.0 
0.0 0.0 0.0 0.0 -0.0 0.0 -32.020073 103.139984 -108.891586 -0.660167 5.934753 1.035367 0.183433 -0.045316 -2.196863 -0.2912 -0.802013 -6.065513 2.245229 -2.681566 13.886439 2.200335 2.070554 2.692108 -0.53917 0.658694 -3.597813 -2.442244 0.76057 -14.954117 7.7e-05 -2.3e-05 6e-06 0.025613 0.033945 0.080433 0.661353 -3.729605 -10.484038 -0.609946 3.802553 -10.503023 -5.288584 -4.960847 14.072319 -68.022385 -20.129984 28.296331 -0.937215 -20.176121 0.088309 16.15522 -7.191299 -9.150732 -5.882103 9.861284 0.702591 -10.936866 -0.360574 7.156205 1e-06 8.774823 -2e-06 -15.356758 17.988615 6.037761 -1.844032 2.498504 -2.507277 -10.163595 4.678944 4.621109 -20.976017 -6e-06 2e-06 -21.226276 2.451695 -3.593998 1e-06 -6e-06 -1e-06 -1.362682 2.240798 -0.746323 -21.334906 0.584907 3.008323 -13.821208 -4e-06 3e-06 -23.887161 -0.24908 -0.83948 -59.319736 2.43122 -1.213438 -0.294025 1.679686 0.833257 -14.218203 0.093213 1.300583 -34.212036 -0.287564 0.967174 -20.033207 0.964537 1.212844 2e-06 2e-06 2e-06 -3.440387 0.788234 0.501656 -15.928183 -3.16731 2.999708 -6.338824 -1e-06 1e-06 -18.12344 3.648182 -4.90567 -4e-06 -0.0 -1e-06 11.362496 10.575029 14.665108 62.081818 10.180741 3.383015 0.031231 28.061903 -0.121613 -8.026364 2.033731 -9.462246 2.243542 -5.255037 -3.180159 14.282894 -0.826596 6.952504 -2e-06 -12.690609 0.0 16.121353 -17.519646 2.740679 1.665667 -1.955922 -2.878301 4.727799 -4.170588 4.993925 11.020529 2e-06 -2e-06 12.109055 -3.735716 -2.866785 -1e-06 0.0 0.0 1.291985 -1.928549 -1.49809 14.800131 0.567469 3.865607 14.242577 -1.341736 -6.660661 19.631975 0.143928 -0.648246 49.84375 -0.618131 -5.870574 0.353029 -1.511151 -0.03194 20.222795 3.684309 2.31663 18.787273 4e-06 -1e-06 10.751631 -0.479868 1.397906 -0.0 0.0 -1e-06 3.273808 0.305947 -0.580112 21.48682 11.830376 2.266134 8.16293 2e-06 -1e-06 18.399088 -3.798986 -4.940578 4e-06 1e-06 -1e-06 8.075344 10.799608 3.228789 -0.035499 -0.487066 7.703606 -7.89746 -4.337662 9.757949 1.7057 -1.988368 -1.182065 0.0 1e-06 2e-06 -7.129303 -0.954156 1.665185 -0.047908 0.700614 9.322349 4.795434 14.832537 11.002231 -1.447643 0.987631 0.870102 0.0 -0.0 -0.0 
0.0 0.0 0.0 0.0 -0.0 0.0 -31.925102 103.114677 -108.907486 -0.691631 5.84276 0.770004 0.131337 -0.05711 -2.263591 -0.305963 -0.788062 -6.105506 2.254272 -2.630208 13.874506 2.251587 2.031948 2.659898 -0.508327 0.728914 -3.587833 -2.274979 0.796114 -14.485841 7.7e-05 -2.3e-05 6e-06 0.025646 0.041593 0.084019 0.656199 -3.722309 -10.468705 -0.604567 3.810436 -10.489579 -5.488919 -5.007283 14.020559 -67.804665 -19.811586 27.769423 -0.845658 -20.143873 0.0579 16.152683 -7.309882 -9.240013 -5.882109 9.861291 0.702592 -10.936875 -0.360573 7.156205 -2e-06 8.77483 -0.0 -15.345642 17.97036 6.067431 -1.844033 2.498505 -2.507278 -10.163603 4.678949 4.621107 -20.97603 -1e-06 -1e-06 -21.226294 2.4517 -3.594005 2e-06 -6e-06 -2e-06 -1.362682 2.2408 -0.746323 -21.334921 0.584913 3.008321 -13.821218 -0.0 -1e-06 -23.88718 -0.249075 -0.839486 -59.3717 2.425977 -1.207358 -0.294026 1.679688 0.833256 -14.218213 0.093217 1.300578 -34.212059 -0.287561 0.967163 -20.033218 0.964537 1.212839 2e-06 1e-06 1e-06 -3.44039 0.788234 0.501656 -15.928191 -3.167308 2.999706 -6.338829 0.0 2e-06 -18.123457 3.648187 -4.905676 -5e-06 -0.0 -2e-06 11.477575 10.548026 14.629601 62.611874 11.063647 3.589356 0.023599 28.579357 -0.119179 -8.285239 2.140253 -9.348615 2.243543 -5.255041 -3.180158 14.2829 -0.826596 6.952504 -2e-06 -12.690616 1e-06 16.063847 -17.492805 2.766 1.665667 -1.955922 -2.878301 4.727802 -4.170592 4.993927 11.020535 3e-06 -3e-06 12.10906 -3.735719 -2.866787 -0.0 -0.0 0.0 1.291987 -1.928551 -1.49809 14.800139 0.567468 3.865607 14.242584 -1.341736 -6.660664 19.631983 0.143927 -0.648248 49.790112 -0.664355 -5.887269 0.353029 -1.511151 -0.03194 20.222803 3.684315 2.316627 18.787287 4e-06 -2e-06 10.751635 -0.479868 1.397907 1e-06 1e-06 0.0 3.273809 0.305947 -0.58011 21.486824 11.830383 2.26613 8.162931 1e-06 -2e-06 18.399097 -3.798987 -4.940583 5e-06 1e-06 -0.0 8.036779 10.484004 3.697842 -0.031709 -0.472849 7.364579 -7.779731 -4.120572 9.601943 1.70663 -2.001355 -1.078194 0.0 1e-06 2e-06 -7.197397 -1.014601 1.97622 -0.042215 0.699375 9.218377 4.948715 15.016548 11.073635 -1.446615 0.978571 0.852817 -0.0 0.0 -0.0 
0.0 0.0 0.0 0.0 -0.0 0.0 -31.824673 103.095688 -108.889893 -0.709808 5.742549 0.529798 0.080633 -0.06312 -2.309917 -0.314241 -0.747606 -6.131091 2.24302 -2.552866 13.87891 2.256057 2.014468 2.612906 -0.47988 0.776492 -3.580538 -2.067421 0.791999 -14.093373 7.7e-05 -2.3e-05 6e-06 0.024233 0.039017 0.08545 0.652104 -3.72457 -10.462082 -0.603295 3.807558 -10.483108 -5.738191 -5.041072 13.999727 -67.480103 -19.43346 27.277348 -0.747231 -20.219501 0.033674 16.096903 -7.425727 -9.284026 -5.882106 9.861288 0.702591 -10.936871 -0.360574 7.156204 -1e-06 8.774828 0.0 -15.342832 17.969002 6.090785 -1.844032 2.498505 -2.507278 -10.1636 4.678948 4.62111 -20.976023 -3e-06 3e-06 -21.226286 2.451699 -3.594 2e-06 -6e-06 -2e-06 -1.362682 2.240799 -0.746323 -21.334915 0.584911 3.008324 -13.821215 -3e-06 1e-06 -23.887173 -0.249078 -0.839484 -59.43652 2.423944 -1.182681 -0.294025 1.679687 0.833255 -14.218207 0.093215 1.300579 -34.212048 -0.287563 0.967171 -20.033215 0.964537 1.212846 2e-06 1e-06 2e-06 -3.440389 0.788233 0.501656 -15.928189 -3.16731 2.999708 -6.338827 -2e-06 1e-06 -18.123446 3.648185 -4.905671 -5e-06 -0.0 -2e-06 11.565947 10.549225 14.583134 63.12875 11.757549 4.105332 0.004478 29.021904 -0.121829 -8.34835 2.170611 -8.904828 2.243542 -5.255037 -3.180158 14.282892 -0.826594 6.952503 -3e-06 -12.690607 0.0 16.024391 -17.479446 2.783092 1.665667 -1.955924 -2.8783 4.727798 -4.170588 4.993925 11.020528 5e-06 -3e-06 12.109056 -3.735715 -2.866787 0.0 0.0 -1e-06 1.291986 -1.928549 -1.49809 14.800132 0.56747 3.865605 14.242577 -1.341735 -6.660661 19.631973 0.143928 -0.648248 49.743748 -0.70032 -5.903588 0.353029 -1.511152 -0.031941 20.222797 3.684312 2.316628 18.787279 7e-06 -1e-06 10.751629 -0.479867 1.397905 1e-06 1e-06 2e-06 3.273807 0.305947 -0.580111 21.486816 11.830379 2.266131 8.162927 2e-06 -1e-06 18.399082 -3.798982 -4.940579 4e-06 1e-06 -0.0 7.984835 10.223671 4.181571 -0.023022 -0.459196 6.987131 -7.630159 -3.928258 9.509746 1.709047 -2.016011 -0.979327 0.0 1e-06 3e-06 -7.271549 -1.023165 2.29589 -0.043183 0.696769 9.084136 5.095946 15.153955 11.17077 -1.45047 0.985131 0.846999 0.0 -0.0 -0.0 
0.0 0.0 0.0 0.0 -0.0 0.0 -31.725502 103.093636 -108.852402 -0.757565 5.654651 0.324636 0.047924 -0.058871 -2.35727 -0.32124 -0.702504 -6.151896 2.238114 -2.472023 13.893292 2.238463 1.999499 2.567658 -0.459618 0.843482 -3.577969 -1.848784 0.755121 -13.780644 7.7e-05 -2.3e-05 6e-06 0.020961 0.023226 0.086252 0.649663 -3.739746 -10.467056 -0.607401 3.790633 -10.487321 -5.997703 -5.046009 13.989692 -67.116638 -19.025776 26.789295 -0.679466 -20.302044 0.017324 15.991781 -7.546305 -9.164126 -5.882102 9.861284 0.702591 -10.936866 -0.360576 7.156203 0.0 8.774824 -1e-06 -15.326715 17.993649 6.111271 -1.844032 2.498504 -2.507276 -10.163595 4.678944 4.621106 -20.976019 -6e-06 1e-06 -21.226278 2.451693 -3.593998 2e-06 -6e-06 -2e-06 -1.362681 2.240799 -0.746324 -21.334906 0.584907 3.008323 -13.821208 -4e-06 0.0 -23.887165 -0.249081 -0.839482 -59.487766 2.426932 -1.178483 -0.294025 1.679688 0.833257 -14.218204 0.093213 1.300579 -34.212036 -0.287569 0.967169 -20.033205 0.964534 1.212842 2e-06 1e-06 0.0 -3.440387 0.788232 0.501656 -15.928181 -3.167312 2.999704 -6.338823 -1e-06 -0.0 -18.123444 3.64818 -4.905669 -5e-06 -0.0 -2e-06 11.649439 10.569863 14.536664 63.574295 12.272278 4.900323 -0.050835 29.374933 -0.144392 -8.11493 2.171208 -8.26123 2.243542 -5.255035 -3.180157 14.282891 -0.826594 6.952501 -3e-06 -12.690603 -0.0 16.025455 -17.504335 2.793383 1.665666 -1.955922 -2.878299 4.727798 -4.170587 4.993923 11.020526 3e-06 -2e-06 12.109052 -3.735716 -2.866784 0.0 0.0 -1e-06 1.291985 -1.92855 -1.498088 14.800125 0.567467 3.865605 14.24257 -1.341735 -6.660655 19.631966 0.143927 -0.648245 49.743454 -0.729302 -5.930966 0.353029 -1.51115 -0.031939 20.222788 3.684309 2.316629 18.78727 5e-06 -1e-06 10.751629 -0.479868 1.397906 1e-06 0.0 1e-06 3.273806 0.305948 -0.580109 21.486813 11.830373 2.266131 8.162927 1e-06 1e-06 18.39908 -3.798986 -4.940577 4e-06 1e-06 -0.0 7.956943 9.946307 4.639083 -0.014949 -0.451241 6.58734 -7.451818 -3.730936 9.486102 1.707372 -2.018571 -0.875029 0.0 0.0 3e-06 -7.307456 -1.047259 2.603422 -0.051677 0.696124 8.920548 5.240144 15.249891 11.385013 -1.455592 0.996497 0.87481 0.0 -0.0 -1e-06 
0.0 0.0 0.0 0.0 -0.0 0.0 -31.647289 103.092026 -108.80439 -0.814182 5.578846 0.147518 0.020625 -0.046106 -2.395159 -0.33494 -0.661261 -6.168972 2.234769 -2.394506 13.896392 2.20232 1.997626 2.524521 -0.434051 0.908289 -3.568845 -1.643234 0.731282 -13.507971 7.7e-05 -2.3e-05 6e-06 0.019654 0.014287 0.085448 0.651817 -3.746946 -10.470326 -0.612215 3.779053 -10.492908 -6.219634 -5.008832 13.951892 -66.793304 -18.573027 26.253794 -0.656157 -20.283136 0.001032 15.870897 -7.651913 -8.979425 -5.882113 9.861295 0.702592 -10.936881 -0.360575 7.156211 0.0 8.774835 -2e-06 -15.298027 18.006163 6.130201 -1.844035 2.498505 -2.507279 -10.16361 4.67895 4.621112 -20.976046 -4e-06 -1e-06 -21.226311 2.451698 -3.594005 1e-06 -6e-06 -1e-06 -1.362683 2.2408 -0.746326 -21.334936 0.584911 3.008324 -13.821229 -4e-06 -1e-06 -23.887201 -0.249082 -0.839485 -59.49892 2.437176 -1.168967 -0.294026 1.679689 0.833258 -14.218224 0.093215 1.30058 -34.212086 -0.287567 0.967169 -20.033234 0.964534 1.212841 2e-06 2e-06 0.0 -3.440393 0.788234 0.501654 -15.928203 -3.167312 2.999707 -6.338833 -2e-06 -1e-06 -18.12347 3.648185 -4.905678 -5e-06 -0.0 -2e-06 11.732841 10.615788 14.497635 63.960125 12.596274 5.742203 -0.097181 29.615271 -0.151963 -7.65697 2.174474 -7.590654 2.243545 -5.255043 -3.180161 14.282908 -0.826597 6.952511 -2e-06 -12.690619 2e-06 16.046358 -17.525675 2.792075 1.665668 -1.955923 -2.878303 4.727806 -4.170593 4.993929 11.020542 3e-06 -3e-06 12.10907 -3.735719 -2.866788 0.0 -0.0 0.0 1.291987 -1.928551 -1.498091 14.800146 0.567467 3.865613 14.242592 -1.341738 -6.660666 19.631992 0.143926 -0.648248 49.752026 -0.755848 -5.960853 0.353029 -1.511153 -0.031941 20.222818 3.684312 2.316632 18.7873 4e-06 -2e-06 10.751643 -0.47987 1.397906 -0.0 -0.0 0.0 3.273811 0.305948 -0.580111 21.486839 11.830386 2.266133 8.16294 1e-06 -1e-06 18.399111 -3.798988 -4.940583 4e-06 1e-06 -1e-06 7.950581 9.707268 5.089662 -0.006953 -0.446263 6.130638 -7.261037 -3.566732 9.481276 1.704199 -2.009149 -0.753829 0.0 0.0 3e-06 -7.314585 -1.053091 2.9027 -0.058125 0.690802 8.723989 5.36375 15.298362 11.587049 -1.458557 1.001708 0.921566 0.0 -0.0 -0.0 
0.0 0.0 0.0 0.0 -0.0 0.0 -31.570747 103.091064 -108.778831 -0.866177 5.544028 -0.007771 -0.007877 -0.040993 -2.425607 -0.35286 -0.629994 -6.180314 2.223589 -2.322559 13.885912 2.144792 2.013931 2.483463 -0.406346 0.980061 -3.555634 -1.461016 0.717845 -13.2644 7.7e-05 -2.2e-05 6e-06 0.021565 0.022037 0.084761 0.657188 -3.737751 -10.46755 -0.613788 3.784787 -10.494537 -6.400984 -4.936864 13.892896 -66.52211 -18.091372 25.645811 -0.653256 -20.131401 -0.017186 15.744061 -7.682211 -8.757034 -5.88211 9.861292 0.70259 -10.93688 -0.360576 7.156211 0.0 8.774831 -0.0 -15.291056 18.013039 6.134253 -1.844035 2.498507 -2.50728 -10.163607 4.678947 4.62111 -20.976042 -5e-06 2e-06 -21.226305 2.451696 -3.594001 0.0 -6e-06 -2e-06 -1.362682 2.240799 -0.746323 -21.33493 0.584909 3.008324 -13.821225 -4e-06 0.0 -23.887188 -0.249081 -0.839482 -59.506699 2.444386 -1.154962 -0.294026 1.679688 0.833255 -14.218221 0.093215 1.30058 -34.212078 -0.287568 0.967169 -20.03323 0.964536 1.212844 2e-06 1e-06 2e-06 -3.440392 0.788235 0.501655 -15.928201 -3.167313 2.999707 -6.338832 -3e-06 1e-06 -18.123463 3.648182 -4.905673 -5e-06 -0.0 -2e-06 11.804811 10.675683 14.449235 64.296051 12.710776 6.462717 -0.101143 29.713667 -0.12402 -7.11698 2.193746 -7.111854 2.243543 -5.255037 -3.180159 14.282898 -0.826593 6.952506 -4e-06 -12.690607 1e-06 16.076952 -17.540348 2.774785 1.665667 -1.955922 -2.878301 4.727801 -4.170588 4.993925 11.020534 5e-06 -2e-06 12.109058 -3.735714 -2.866785 -1e-06 -1e-06 -0.0 1.291986 -1.928549 -1.498089 14.800136 0.567468 3.865609 14.24258 -1.341733 -6.660661 19.631983 0.143928 -0.648247 49.757694 -0.768041 -5.991088 0.353029 -1.51115 -0.03194 20.222801 3.684312 2.316631 18.787283 7e-06 -1e-06 10.751634 -0.479867 1.397908 -1e-06 0.0 0.0 3.273808 0.305947 -0.58011 21.486824 11.830379 2.266132 8.16293 3e-06 -1e-06 18.399092 -3.798985 -4.940576 4e-06 -1e-06 -1e-06 7.966681 9.536274 5.494501 -0.000597 -0.438788 5.702038 -7.064701 -3.488878 9.50113 1.702201 -1.997366 -0.657986 0.0 0.0 2e-06 -7.309362 -1.001009 3.191739 -0.062894 0.688362 8.488072 5.418798 15.298041 11.752942 -1.459889 1.004614 0.941878 0.0 -0.0 -0.0 
0.0 0.0 0.0 0.0 -0.0 0.0 -31.488934 103.097084 -108.819435 -0.91527 5.555326 -0.135936 -0.025613 -0.035273 -2.456764 -0.365478 -0.596458 -6.188417 2.199402 -2.267429 13.873905 2.046492 2.053354 2.431606 -0.374337 1.056489 -3.548046 -1.298341 0.722764 -13.037994 7.7e-05 -2.2e-05 5e-06 0.024832 0.035495 0.082774 0.662522 -3.722568 -10.460966 -0.612758 3.796611 -10.491081 -6.573296 -4.845716 13.840891 -66.273125 -17.627104 25.054668 -0.632278 -19.862982 -0.036956 15.652573 -7.60226 -8.525497 -5.882114 9.861294 0.70259 -10.936885 -0.360575 7.15621 2e-06 8.774835 1e-06 -15.297189 18.006144 6.137746 -1.844036 2.498507 -2.507281 -10.163613 4.678949 4.621109 -20.976053 -6e-06 -1e-06 -21.226315 2.451696 -3.594005 1e-06 -6e-06 -1e-06 -1.362684 2.2408 -0.746323 -21.334942 0.584909 3.008323 -13.821233 -5e-06 -3e-06 -23.887203 -0.249084 -0.839486 -59.518726 2.444936 -1.109342 -0.294026 1.679689 0.833258 -14.218227 0.093215 1.300579 -34.212097 -0.287571 0.967166 -20.033241 0.964532 1.212842 2e-06 2e-06 1e-06 -3.440392 0.788235 0.501655 -15.928206 -3.167314 2.999708 -6.338834 -3e-06 -2e-06 -18.12347 3.648183 -4.905678 -5e-06 -0.0 -2e-06 11.847341 10.747287 14.430619 64.578941 12.675021 7.012211 -0.087468 29.612507 -0.082789 -6.645511 2.20295 -6.90586 2.243544 -5.255039 -3.180159 14.282898 -0.826594 6.952502 -4e-06 -12.69061 2e-06 16.100641 -17.56451 2.749578 1.665668 -1.955921 -2.878299 4.7278 -4.170589 4.993925 11.020535 5e-06 -5e-06 12.10906 -3.735716 -2.866787 -1e-06 -1e-06 -0.0 1.291987 -1.928551 -1.498091 14.800136 0.567469 3.865603 14.242583 -1.341733 -6.660663 19.631981 0.143931 -0.64825 49.736038 -0.766306 -6.018397 0.353029 -1.511152 -0.031939 20.222803 3.684313 2.316625 18.787287 9e-06 -6e-06 10.751636 -0.479866 1.397904 -1e-06 0.0 -0.0 3.273809 0.305947 -0.580111 21.486828 11.830384 2.266127 8.16293 2e-06 -2e-06 18.399094 -3.798982 -4.940581 5e-06 -0.0 -1e-06 7.959024 9.469509 5.726804 0.000952 -0.427257 5.397307 -6.843019 -3.508767 9.485369 1.701365 -1.98441 -0.628872 0.0 0.0 2e-06 -7.315157 -0.908347 3.471425 -0.067496 0.689871 8.293592 5.461257 15.253224 11.976682 -1.461036 1.011136 0.891041 0.0 -0.0 -0.0 
0.0 0.0 0.0 0.0 -0.0 0.0 -31.411224 103.105583 -108.894821 -0.962499 5.612677 -0.226516 -0.03752 -0.033456 -2.499905 -0.366499 -0.566179 -6.196467 2.174627 -2.22405 13.864475 1.920812 2.097633 2.349352 -0.345002 1.132756 -3.548689 -1.166927 0.740098 -12.824242 7.7e-05 -2.3e-05 6e-06 0.026596 0.048918 0.078647 0.666681 -3.707968 -10.459544 -0.613639 3.809097 -10.491682 -6.741785 -4.761735 13.795877 -66.04985 -17.195732 24.547968 -0.587061 -19.510134 -0.052707 15.549684 -7.432575 -8.315186 -5.882112 9.861293 0.702592 -10.936883 -0.360576 7.15621 1e-06 8.774832 1e-06 -15.329994 18.007845 6.124365 -1.844035 2.498505 -2.507279 -10.163611 4.678948 4.621113 -20.976053 -9e-06 -0.0 -21.226313 2.451694 -3.594002 0.0 -6e-06 -1e-06 -1.362682 2.240799 -0.746324 -21.334938 0.584908 3.008322 -13.821232 -5e-06 1e-06 -23.887201 -0.249083 -0.839485 -59.537468 2.444048 -1.069961 -0.294025 1.67969 0.833255 -14.218225 0.093214 1.300579 -34.212093 -0.28757 0.96717 -20.033241 0.964533 1.212845 2e-06 1e-06 0.0 -3.440392 0.788233 0.501656 -15.928206 -3.167313 2.999706 -6.338833 -4e-06 -1e-06 -18.123468 3.648183 -4.905675 -5e-06 -0.0 -1e-06 11.850299 10.818102 14.403983 64.787613 12.510753 7.480226 -0.096284 29.253759 -0.064591 -6.232615 2.170419 -6.840509 2.243543 -5.255041 -3.180159 14.2829 -0.826593 6.952505 -4e-06 -12.690612 1e-06 16.119112 -17.597492 2.719557 1.665667 -1.955922 -2.8783 4.727801 -4.170591 4.993927 11.020534 5e-06 -3e-06 12.109058 -3.735717 -2.866786 -1e-06 -1e-06 -0.0 1.291986 -1.928548 -1.49809 14.800138 0.567469 3.865608 14.242581 -1.341735 -6.660661 19.631983 0.143929 -0.648246 49.698368 -0.751109 -6.047829 0.353029 -1.511152 -0.03194 20.222803 3.684313 2.316628 18.787283 8e-06 -2e-06 10.751634 -0.479868 1.397906 -0.0 1e-06 -0.0 3.273809 0.305948 -0.580111 21.48683 11.830384 2.266133 8.162931 1e-06 -1e-06 18.399099 -3.798983 -4.940579 3e-06 0.0 -1e-06 7.970074 9.485629 5.873034 -0.00052 -0.415713 5.168036 -6.659268 -3.598383 9.479483 1.69999 -1.977185 -0.640365 0.0 0.0 3e-06 -7.276337 -0.800346 3.579694 -0.068297 0.688408 8.120906 5.4999 15.194903 12.09577 -1.462103 1.017394 0.791079 0.0 -0.0 -0.0 
0.0 0.0 0.0 0.0 -0.0 0.0 -31.356251 103.114494 -108.966599 -1.01946 5.680402 -0.286108 -0.032286 -0.032721 -2.557487 -0.364894 -0.541594 -6.205038 2.161183 -2.197597 13.871289 1.781168 2.148896 2.213468 -0.318228 1.199556 -3.54907 -1.080133 0.783605 -12.649537 7.7e-05 -2.3e-05 6e-06 0.026711 0.056809 0.072713 0.671446 -3.699455 -10.46778 -0.618487 3.816768 -10.501551 -6.917885 -4.684875 13.747926 -65.838562 -16.75845 24.087782 -0.528669 -19.095684 -0.065357 15.378152 -7.195142 -8.243915 -5.88211 9.861292 0.702591 -10.936878 -0.360574 7.156209 0.0 8.774831 1e-06 -15.386234 18.008451 6.08159 -1.844035 2.498507 -2.507279 -10.163608 4.678948 4.621111 -20.976038 -4e-06 1e-06 -21.226301 2.451699 -3.594001 1e-06 -6e-06 -1e-06 -1.362682 2.240798 -0.746324 -21.334929 0.584911 3.008325 -13.821223 -2e-06 1e-06 -23.887184 -0.249078 -0.839485 -59.540768 2.447107 -1.066775 -0.294025 1.679689 0.833256 -14.218217 0.093216 1.300581 -34.21207 -0.287565 0.967169 -20.033226 0.964538 1.212843 1e-06 1e-06 -1e-06 -3.440392 0.788234 0.501655 -15.928196 -3.167309 2.999709 -6.33883 -1e-06 -2e-06 -18.123461 3.648186 -4.905674 -5e-06 -0.0 -1e-06 11.859983 10.877034 14.402349 64.857948 12.292249 7.810244 -0.076349 28.599154 -0.049528 -5.91464 2.115465 -6.906592 2.243542 -5.255037 -3.180158 14.282892 -0.826595 6.952503 -2e-06 -12.690606 1e-06 16.125986 -17.609022 2.684891 1.665667 -1.955921 -2.878298 4.727799 -4.170588 4.993925 11.020526 3e-06 -3e-06 12.109053 -3.735716 -2.866784 -1e-06 -0.0 -0.0 1.291986 -1.92855 -1.49809 14.800129 0.567467 3.865607 14.242575 -1.341736 -6.660658 19.631969 0.143927 -0.648246 49.65168 -0.724253 -6.068882 0.353029 -1.51115 -0.03194 20.222794 3.684309 2.31663 18.787273 6e-06 -0.0 10.75163 -0.479869 1.397904 -1e-06 1e-06 0.0 3.273807 0.305947 -0.580111 21.486814 11.830378 2.266132 8.16293 2e-06 -2e-06 18.399082 -3.798985 -4.940578 3e-06 0.0 -1e-06 8.003559 9.557327 5.994297 -0.003995 -0.412982 4.91981 -6.546812 -3.719832 9.480387 1.699409 -1.977663 -0.657183 0.0 -0.0 3e-06 -7.222117 -0.665782 3.621892 -0.068553 0.681725 8.008103 5.570155 15.186554 12.22031 -1.464408 1.025286 0.640607 0.0 -0.0 -0.0 
0.0 0.0 0.0 0.0 -0.0 0.0 -31.310963 103.124153 -108.973755 -1.08814 5.751537 -0.336678 -0.012658 -0.028049 -2.628924 -0.364594 -0.540703 -6.214561 2.168255 -2.178837 13.905307 1.630929 2.208592 2.047747 -0.280332 1.259737 -3.55585 -1.024964 0.843314 -12.501183 7.7e-05 -2.2e-05 5e-06 0.025297 0.056713 0.068695 0.674684 -3.699327 -10.482236 -0.624797 3.817151 -10.516739 -7.1043 -4.61938 13.712226 -65.640388 -16.318508 23.67135 -0.472436 -18.632208 -0.072496 15.142458 -6.888413 -8.368714 -5.882108 9.861288 0.70259 -10.936875 -0.360575 7.156209 0.0 8.774828 -2e-06 -15.471945 18.003712 6.010889 -1.844033 2.498507 -2.507279 -10.163604 4.678944 4.621111 -20.976032 -5e-06 5e-06 -21.226295 2.451696 -3.593999 0.0 -6e-06 0.0 -1.362683 2.240798 -0.746324 -21.334925 0.584909 3.008326 -13.82122 -3e-06 3e-06 -23.887182 -0.24908 -0.839482 -59.533615 2.45094 -1.122797 -0.294025 1.679688 0.833257 -14.218214 0.093214 1.300584 -34.212063 -0.287567 0.967173 -20.033222 0.964536 1.212847 -0.0 0.0 -0.0 -3.440389 0.788233 0.501655 -15.928192 -3.167311 2.999709 -6.338828 -1e-06 -1e-06 -18.123453 3.648184 -4.90567 -4e-06 1e-06 -3e-06 11.910934 10.902102 14.442357 64.745956 12.111732 8.070369 -0.029709 27.597288 -0.031848 -5.654769 2.017728 -7.102549 2.243542 -5.255037 -3.180156 14.282892 -0.826596 6.9525 -2e-06 -12.690607 -0.0 16.124861 -17.607117 2.657281 1.665666 -1.955923 -2.878299 4.727798 -4.170587 4.993924 11.020526 4e-06 -2e-06 12.109052 -3.735716 -2.866782 0.0 -0.0 -0.0 1.291985 -1.928549 -1.49809 14.800129 0.567469 3.865607 14.24257 -1.341736 -6.660656 19.631968 0.143925 -0.648246 49.61631 -0.698744 -6.071915 0.353029 -1.51115 -0.03194 20.222794 3.684309 2.31663 18.787273 6e-06 -0.0 10.751628 -0.479869 1.397905 1e-06 1e-06 0.0 3.273806 0.305947 -0.580113 21.486813 11.830376 2.266134 8.162928 1e-06 1e-06 18.39908 -3.798988 -4.940576 3e-06 0.0 -1e-06 8.053968 9.620007 6.171588 -0.009988 -0.42257 4.549158 -6.48726 -3.798711 9.512481 1.699001 -1.980994 -0.638609 0.0 0.0 3e-06 -7.162896 -0.567338 3.663278 -0.07175 0.673577 7.895446 5.659994 15.243244 12.374043 -1.46809 1.032465 0.463447 0.0 -0.0 -0.0 
0.0 0.0 0.0 0.0 -0.0 0.0 -31.275696 103.104111 -108.948807 -1.161453 5.8257 -0.417701 0.010956 -0.012763 -2.682982 -0.364919 -0.553409 -6.206581 2.198243 -2.166066 13.945297 1.451318 2.277183 1.884998 -0.230845 1.297681 -3.569239 -0.994644 0.923057 -12.367 7.7e-05 -2.3e-05 6e-06 0.02255 0.04879 0.066733 0.675408 -3.705463 -10.494007 -0.631254 3.808304 -10.52631 -7.302331 -4.561844 13.707843 -65.45842 -15.879956 23.341377 -0.403419 -18.163221 -0.073371 14.935652 -6.545485 -8.705585 -5.88211 9.861292 0.702591 -10.936878 -0.360575 7.156211 0.0 8.774831 -1e-06 -15.546383 17.985365 5.948524 -1.844031 2.498506 -2.507279 -10.163604 4.678948 4.621113 -20.976034 -5e-06 2e-06 -21.226297 2.451696 -3.594001 1e-06 -6e-06 -1e-06 -1.362682 2.2408 -0.746324 -21.334927 0.58491 3.008326 -13.821221 -3e-06 5e-06 -23.887186 -0.24908 -0.839482 -59.508167 2.442675 -1.196972 -0.294024 1.679688 0.833256 -14.218217 0.093214 1.300583 -34.212067 -0.287565 0.967173 -20.033226 0.964536 1.212845 -1e-06 1e-06 1e-06 -3.44039 0.788234 0.501657 -15.928196 -3.167311 2.999711 -6.338829 -1e-06 -1e-06 -18.123457 3.648185 -4.905671 -4e-06 0.0 -2e-06 11.997734 10.910365 14.497379 64.499695 11.964181 8.202222 0.032522 26.279425 -0.011658 -5.386489 1.857143 -7.433531 2.243542 -5.255037 -3.180159 14.282894 -0.826596 6.952503 -1e-06 -12.690607 0.0 16.126505 -17.598297 2.628208 1.665667 -1.955922 -2.8783 4.727799 -4.170588 4.993925 11.020528 3e-06 -3e-06 12.109055 -3.735717 -2.866786 0.0 -0.0 -0.0 1.291985 -1.928549 -1.49809 14.800129 0.567467 3.865607 14.242576 -1.341737 -6.660659 19.631969 0.143926 -0.648247 49.590458 -0.67872 -6.057353 0.353029 -1.511149 -0.031939 20.222794 3.684309 2.316629 18.787273 3e-06 -1e-06 10.75163 -0.479868 1.397906 0.0 1e-06 -1e-06 3.273808 0.305947 -0.580112 21.486816 11.830376 2.266132 8.16293 2e-06 -1e-06 18.399088 -3.798986 -4.940578 4e-06 0.0 -1e-06 8.144772 9.671861 6.420309 -0.013456 -0.431959 4.199012 -6.481043 -3.84109 9.439789 1.697003 -1.983664 -0.549936 0.0 -0.0 3e-06 -7.087509 -0.554812 3.87918 -0.0726 0.661768 7.808336 5.688098 15.378451 12.417799 -1.471129 1.034557 0.333376 0.0 -1e-06 -1e-06 
0.0 0.0 0.0 0.0 -0.0 0.0 -31.251944 103.057922 -108.928024 -1.209488 5.929514 -0.535824 0.010252 0.009331 -2.71524 -0.369492 -0.564573 -6.188602 2.225787 -2.197914 13.990331 1.298485 2.348296 1.748638 -0.198637 1.299821 -3.579745 -0.987427 1.026752 -12.293509 7.7e-05 -2.2e-05 6e-06 0.018443 0.031432 0.067107 0.6741 -3.718857 -10.49824 -0.638328 3.787588 -10.525665 -7.509516 -4.516131 13.692386 -65.263802 -15.400156 23.088194 -0.383771 -17.706182 -0.059785 14.847816 -6.175061 -9.097458 -5.88211 9.861292 0.70259 -10.936874 -0.360573 7.156204 0.0 8.774831 -1e-06 -15.612067 17.963055 5.908715 -1.844034 2.498507 -2.50728 -10.163602 4.67895 4.621109 -20.97603 -2e-06 -1e-06 -21.226297 2.451699 -3.594005 1e-06 -6e-06 -1e-06 -1.362683 2.240801 -0.746322 -21.334921 0.584913 3.00832 -13.821218 -2e-06 1e-06 -23.887177 -0.249079 -0.839488 -59.490963 2.418638 -1.261219 -0.294026 1.679688 0.833256 -14.218212 0.093215 1.300578 -34.212055 -0.287563 0.967162 -20.033216 0.964535 1.212839 -0.0 0.0 0.0 -3.440389 0.788233 0.501656 -15.928189 -3.167309 2.999705 -6.338827 -0.0 -2e-06 -18.123453 3.648185 -4.905676 -4e-06 0.0 -2e-06 12.162468 10.903029 14.573815 64.093285 11.826734 8.210546 0.077044 24.756018 -0.000267 -5.082353 1.508824 -7.897941 2.243545 -5.255042 -3.180158 14.2829 -0.826596 6.952502 -1e-06 -12.690617 -1e-06 16.149923 -17.590336 2.594395 1.665668 -1.955924 -2.878301 4.727802 -4.170592 4.993924 11.020536 3e-06 -3e-06 12.10906 -3.735719 -2.866787 -1e-06 0.0 -0.0 1.291987 -1.928552 -1.49809 14.800139 0.567467 3.865605 14.242585 -1.341738 -6.660661 19.631987 0.143928 -0.648247 49.594372 -0.666091 -6.037549 0.35303 -1.511153 -0.031941 20.222805 3.684313 2.316629 18.787287 6e-06 -5e-06 10.751636 -0.479867 1.397904 0.0 1e-06 -0.0 3.273809 0.305947 -0.580112 21.486828 11.830384 2.26613 8.162935 4e-06 -2e-06 18.399097 -3.798988 -4.940583 3e-06 0.0 -0.0 8.204081 9.695525 6.607388 -0.009893 -0.42818 4.008798 -6.485917 -3.850168 9.214875 1.69257 -1.991034 -0.425274 0.0 0.0 3e-06 -7.072799 -0.711705 4.057846 -0.067498 0.661829 7.756175 5.745299 15.572282 12.289658 -1.470281 1.026235 0.326322 0.0 -0.0 -0.0 
0.0 0.0 0.0 0.0 -0.0 0.0 -31.245813 103.016541 -108.957603 -1.223653 6.037715 -0.660043 -0.026725 0.024307 -2.733529 -0.380817 -0.572916 -6.181015 2.23593 -2.275086 14.042104 1.221717 2.419306 1.646966 -0.19201 1.29759 -3.590937 -1.016397 1.142702 -12.243426 7.7e-05 -2.3e-05 6e-06 0.014132 0.009793 0.066503 0.669943 -3.736888 -10.493917 -0.642792 3.762756 -10.520381 -7.707536 -4.474445 13.640239 -65.093475 -14.906689 22.860113 -0.420047 -17.179001 -0.039533 14.848123 -5.818403 -9.452834 -5.882108 9.861288 0.702591 -10.936875 -0.360574 7.156206 -0.0 8.774828 -2e-06 -15.674036 17.94945 5.906964 -1.844034 2.498505 -2.507279 -10.163603 4.678947 4.621109 -20.97603 -3e-06 2e-06 -21.226294 2.451698 -3.594002 1e-06 -6e-06 -1e-06 -1.362682 2.240799 -0.746323 -21.334923 0.584909 3.00832 -13.82122 -3e-06 3e-06 -23.887178 -0.24908 -0.839485 -59.504513 2.377402 -1.269003 -0.294026 1.679688 0.833256 -14.218214 0.093215 1.30058 -34.212055 -0.287564 0.967166 -20.033222 0.964536 1.212842 1e-06 -0.0 -1e-06 -3.44039 0.788236 0.501656 -15.928192 -3.167309 2.999706 -6.338829 -1e-06 1e-06 -18.123457 3.648185 -4.905673 -3e-06 0.0 -4e-06 12.434991 10.859502 14.675782 63.579056 11.704087 7.879788 0.155154 23.160149 0.024725 -4.854265 1.003338 -8.39908 2.243544 -5.255041 -3.180159 14.2829 -0.826596 6.952505 -3e-06 -12.690614 1e-06 16.200258 -17.58777 2.563974 1.665668 -1.955922 -2.878301 4.727801 -4.17059 4.993927 11.020534 4e-06 -3e-06 12.109058 -3.735717 -2.866787 -1e-06 -0.0 -1e-06 1.291986 -1.92855 -1.498089 14.800136 0.567468 3.865609 14.242581 -1.341735 -6.660664 19.631977 0.143928 -0.648246 49.643665 -0.650063 -5.999913 0.353028 -1.51115 -0.031939 20.222803 3.684313 2.31663 18.787283 7e-06 -0.0 10.751634 -0.479869 1.397906 1e-06 1e-06 -1e-06 3.273809 0.305948 -0.580111 21.486828 11.830385 2.266134 8.162931 3e-06 -1e-06 18.399096 -3.798985 -4.940578 4e-06 0.0 -2e-06 8.240618 9.684304 6.678149 -0.006713 -0.4137 4.053206 -6.506514 -3.934168 9.001391 1.687713 -1.997012 -0.324432 0.0 0.0 4e-06 -7.10162 -0.947395 4.187217 -0.057306 0.673715 7.771733 5.790257 15.818633 12.137795 -1.466713 1.019006 0.320033 0.0 -0.0 -0.0 
0.0 0.0 0.0 0.0 -0.0 0.0 -31.253571 102.993523 -109.042694 -1.199658 6.17218 -0.783588 -0.088536 0.014826 -2.737061 -0.39722 -0.584255 -6.17819 2.211325 -2.351252 14.08929 1.206512 2.465707 1.58036 -0.197604 1.319923 -3.612182 -1.0802 1.229247 -12.181173 7.7e-05 -2.3e-05 6e-06 0.012918 -0.000252 0.062324 0.666232 -3.747091 -10.485812 -0.641305 3.753329 -10.514105 -7.834983 -4.456639 13.61893 -65.049088 -14.497582 22.819082 -0.41849 -16.577772 -0.034482 14.82871 -5.486633 -9.873049 -5.882112 9.861293 0.702592 -10.936878 -0.360572 7.156209 -1e-06 8.774831 0.0 -15.69613 17.914371 5.940222 -1.844033 2.498507 -2.507278 -10.163608 4.678951 4.621113 -20.976038 1e-06 1e-06 -21.226301 2.451702 -3.594003 2e-06 -6e-06 -1e-06 -1.362684 2.240801 -0.746325 -21.33493 0.584913 3.008324 -13.821225 -2e-06 3e-06 -23.887188 -0.249077 -0.839485 -59.514622 2.329095 -1.186417 -0.294027 1.679688 0.833257 -14.218219 0.093217 1.300582 -34.212074 -0.287557 0.967169 -20.03323 0.96454 1.212842 1e-06 0.0 0.0 -3.440391 0.788235 0.501657 -15.928198 -3.167308 2.999709 -6.338832 -0.0 1e-06 -18.123459 3.648188 -4.905675 -4e-06 0.0 -2e-06 12.708115 10.792816 14.792498 63.140598 11.511824 7.103312 0.246067 21.758253 0.058624 -4.747775 0.524228 -8.837703 2.243541 -5.255036 -3.180157 14.282889 -0.826596 6.952504 -1e-06 -12.690605 0.0 16.252741 -17.58692 2.552413 1.665666 -1.955921 -2.8783 4.727798 -4.170587 4.993925 11.020524 2e-06 -2e-06 12.109052 -3.735716 -2.866785 -1e-06 -0.0 0.0 1.291985 -1.92855 -1.49809 14.800127 0.567467 3.865608 14.242571 -1.341738 -6.660658 19.631969 0.143923 -0.648246 49.711849 -0.627386 -5.953794 0.353029 -1.51115 -0.031939 20.222788 3.684308 2.316631 18.78727 4e-06 0.0 10.751628 -0.479868 1.397904 0.0 1e-06 0.0 3.273807 0.305946 -0.58011 21.486809 11.830374 2.266134 8.162927 2e-06 -2e-06 18.39908 -3.798987 -4.940577 5e-06 0.0 -1e-06 8.254197 9.668529 6.64005 -0.008244 -0.40375 4.277843 -6.542392 -4.136504 8.88097 1.68614 -1.99334 -0.245028 0.0 0.0 3e-06 -7.163626 -1.190292 4.302332 -0.045705 0.683076 7.767209 5.818592 16.073336 12.029501 -1.461784 1.015561 0.301214 -0.0 -0.0 -1e-06 
0.0 0.0 0.0 0.0 -0.0 0.0 -31.271145 103.010521 -109.164787 -1.152603 6.337988 -0.89392 -0.154678 -0.00887 -2.737422 -0.409438 -0.594544 -6.181047 2.150598 -2.410772 14.142579 1.222643 2.475295 1.526696 -0.206599 1.361893 -3.629474 -1.134194 1.272524 -12.15438 7.7e-05 -2.3e-05 6e-06 0.014517 0.001498 0.055484 0.665128 -3.747887 -10.482004 -0.636759 3.757992 -10.510909 -7.913874 -4.463121 13.652913 -65.08783 -14.218929 23.014364 -0.363939 -16.081699 -0.036311 14.738246 -5.223543 -10.245627 -5.88211 9.861293 0.702591 -10.936875 -0.360571 7.156207 -2e-06 8.774831 0.0 -15.66969 17.881273 5.980829 -1.844033 2.498506 -2.507279 -10.163604 4.678951 4.62111 -20.97603 4e-06 0.0 -21.226295 2.451705 -3.594007 1e-06 -6e-06 1e-06 -1.362684 2.2408 -0.746322 -21.334921 0.584917 3.008322 -13.82122 2e-06 0.0 -23.88718 -0.249074 -0.839489 -59.488346 2.28967 -1.080941 -0.294026 1.679688 0.833255 -14.218214 0.093219 1.300581 -34.212063 -0.287554 0.967164 -20.03322 0.964542 1.212837 0.0 -0.0 -1e-06 -3.440389 0.788234 0.501655 -15.928189 -3.167305 2.999707 -6.338828 2e-06 1e-06 -18.123453 3.648191 -4.905677 -4e-06 0.0 -3e-06 12.915686 10.706365 14.889326 62.847637 11.195353 6.246246 0.258611 20.834866 0.060983 -4.754562 0.213594 -9.25246 2.243542 -5.255037 -3.180157 14.282892 -0.826597 6.952503 -1e-06 -12.690605 1e-06 16.296457 -17.604458 2.55679 1.665666 -1.955923 -2.878299 4.7278 -4.170588 4.993925 11.020527 1e-06 -2e-06 12.109052 -3.735718 -2.866785 -1e-06 0.0 0.0 1.291986 -1.92855 -1.498089 14.800129 0.567465 3.865609 14.242573 -1.34174 -6.66066 19.631968 0.143923 -0.648246 49.794983 -0.602868 -5.92636 0.35303 -1.511151 -0.03194 20.222794 3.684307 2.31663 18.787273 4e-06 -3e-06 10.751628 -0.47987 1.397903 -1e-06 1e-06 0.0 3.273807 0.305946 -0.580113 21.486813 11.830376 2.266132 8.162928 -1e-06 -1e-06 18.399084 -3.798988 -4.940579 5e-06 0.0 -2e-06 8.21128 9.636832 6.489349 -0.012955 -0.4045 4.600944 -6.54663 -4.422259 8.922212 1.68705 -1.990597 -0.255438 0.0 -0.0 4e-06 -7.229987 -1.384723 4.400075 -0.039564 0.689575 7.741333 5.847855 16.218954 12.101398 -1.458876 1.018019 0.249364 -0.0 -1e-06 -1e-06 
0.0 0.0 0.0 0.0 -0.0 0.0 -31.298342 103.060242 -109.28627 -1.104242 6.515544 -0.985575 -0.213674 -0.030738 -2.73581 -0.41698 -0.609339 -6.188942 2.080426 -2.453707 14.200214 1.278118 2.440791 1.488591 -0.226291 1.403856 -3.629636 -1.17366 1.257651 -12.184365 7.7e-05 -2.3e-05 6e-06 0.017052 0.010383 0.051863 0.668711 -3.741504 -10.484549 -0.635092 3.769078 -10.51345 -7.962824 -4.489412 13.736305 -65.167488 -14.08924 23.436504 -0.292464 -15.758389 -0.034235 14.62014 -5.056381 -10.433477 -5.882106 9.861285 0.702591 -10.936871 -0.360575 7.156204 -0.0 8.774824 -0.0 -15.6225 17.877922 6.013069 -1.844033 2.498505 -2.507277 -10.163599 4.678946 4.621106 -20.976023 -3e-06 0.0 -21.226286 2.451697 -3.594 -0.0 -6e-06 1e-06 -1.362682 2.240798 -0.746323 -21.334913 0.58491 3.008321 -13.821215 -3e-06 2e-06 -23.887169 -0.24908 -0.839486 -59.451942 2.276377 -1.002765 -0.294025 1.679688 0.833255 -14.218208 0.093215 1.300579 -34.212051 -0.287565 0.967168 -20.033213 0.964535 1.212843 1e-06 -0.0 -1e-06 -3.44039 0.788234 0.501655 -15.928187 -3.16731 2.999705 -6.338826 -1e-06 -0.0 -18.123444 3.648183 -4.905673 -4e-06 -0.0 -2e-06 13.039689 10.594044 14.934031 62.679211 10.781082 5.598404 0.185714 20.343431 0.033718 -4.837604 0.076244 -9.641475 2.243542 -5.255037 -3.180158 14.282896 -0.826595 6.952504 -2e-06 -12.690605 1e-06 16.34 -17.638174 2.572353 1.665667 -1.955921 -2.878299 4.7278 -4.170589 4.993925 11.02053 3e-06 -2e-06 12.109057 -3.735717 -2.866783 0.0 -0.0 1e-06 1.291986 -1.928549 -1.49809 14.800134 0.567467 3.865608 14.242579 -1.341736 -6.66066 19.631973 0.143926 -0.648244 49.874737 -0.58151 -5.932785 0.353029 -1.51115 -0.03194 20.222799 3.68431 2.316629 18.787279 4e-06 -1e-06 10.751632 -0.479869 1.397905 1e-06 0.0 2e-06 3.273808 0.305948 -0.580112 21.48682 11.830376 2.266134 8.16293 1e-06 -0.0 18.399088 -3.798985 -4.940576 6e-06 1e-06 -1e-06 8.190763 9.533413 6.346336 -0.017736 -0.421409 4.895094 -6.580453 -4.647597 9.173482 1.688341 -1.987819 -0.337456 -0.0 -0.0 3e-06 -7.288076 -1.580251 4.485505 -0.03765 0.695645 7.702796 5.881407 16.289698 12.345531 -1.456479 1.010062 0.186389 -0.0 -0.0 -1e-06 
0.0 0.0 0.0 0.0 -0.0 0.0 -31.329643 103.113792 -109.369019 -1.07249 6.719465 -1.052876 -0.261919 -0.054478 -2.730727 -0.422668 -0.644889 -6.190576 2.011009 -2.485942 14.241989 1.385627 2.387308 1.480259 -0.251025 1.435536 -3.620718 -1.228893 1.226418 -12.225393 7.7e-05 -2.3e-05 6e-06 0.019674 0.015753 0.051184 0.674228 -3.736792 -10.488295 -0.635245 3.774466 -10.519476 -7.988163 -4.512383 13.842159 -65.259216 -14.083918 23.968494 -0.215352 -15.649091 -0.034924 14.499795 -4.981037 -10.418935 -5.882107 9.861286 0.702592 -10.93687 -0.360574 7.156204 -1e-06 8.774826 -1e-06 -15.5943 17.890797 6.038282 -1.844033 2.498503 -2.507276 -10.163599 4.678946 4.621109 -20.976021 -2e-06 2e-06 -21.226286 2.451699 -3.594 2e-06 -6e-06 -1e-06 -1.362683 2.240798 -0.746324 -21.334911 0.584912 3.008322 -13.821213 -1e-06 3e-06 -23.887167 -0.249077 -0.839485 -59.460869 2.276397 -0.939938 -0.294026 1.679687 0.833257 -14.218207 0.093216 1.300581 -34.212048 -0.287562 0.967169 -20.033211 0.964538 1.212842 0.0 0.0 -1e-06 -3.440388 0.788234 0.501655 -15.928185 -3.16731 2.999707 -6.338826 -0.0 -0.0 -18.123444 3.648186 -4.90567 -4e-06 -0.0 -2e-06 13.129652 10.463304 14.947651 62.577381 10.34104 5.152723 0.12179 20.170979 0.010726 -4.968374 0.076685 -9.938156 2.243541 -5.255037 -3.180158 14.282889 -0.826594 6.952505 -2e-06 -12.690603 0.0 16.37163 -17.664907 2.58604 1.665666 -1.955921 -2.878299 4.727798 -4.170588 4.993925 11.020526 3e-06 -1e-06 12.109052 -3.735716 -2.866784 -1e-06 -0.0 1e-06 1.291984 -1.92855 -1.49809 14.800127 0.567468 3.865609 14.242571 -1.341737 -6.660658 19.631969 0.143925 -0.648245 49.898945 -0.567368 -5.952874 0.353029 -1.51115 -0.031939 20.222788 3.684309 2.316632 18.78727 3e-06 -1e-06 10.751628 -0.479869 1.397905 -1e-06 -0.0 1e-06 3.273807 0.305947 -0.580111 21.486813 11.830373 2.266135 8.162926 1e-06 0.0 18.399076 -3.798986 -4.940573 6e-06 0.0 -2e-06 8.175802 9.368958 6.213655 -0.025683 -0.442715 5.083887 -6.583962 -4.840119 9.441474 1.691536 -1.98209 -0.453731 0.0 0.0 3e-06 -7.322189 -1.794133 4.586263 -0.03863 0.695766 7.629397 5.940372 16.345226 12.636212 -1.455922 0.995973 0.101082 0.0 -0.0 -0.0 
0.0 0.0 0.0 0.0 -0.0 0.0 -31.363773 103.174316 -109.436378 -1.057302 6.952163 -1.100263 -0.299844 -0.070498 -2.728248 -0.430423 -0.701272 -6.182667 1.958621 -2.50237 14.267686 1.503444 2.33781 1.502985 -0.273483 1.431346 -3.606885 -1.293855 1.210608 -12.284568 7.7e-05 -2.3e-05 6e-06 0.022653 0.018106 0.054076 0.681595 -3.733591 -10.492264 -0.636582 3.775557 -10.525137 -7.98929 -4.532128 13.942158 -65.355263 -14.178828 24.483225 -0.167127 -15.788333 -0.034841 14.454 -4.959299 -10.293628 -5.882111 9.861292 0.70259 -10.936879 -0.360575 7.15621 1e-06 8.774831 -1e-06 -15.591876 17.904877 6.039629 -1.844033 2.498507 -2.507279 -10.163607 4.678948 4.621113 -20.976038 -2e-06 3e-06 -21.226299 2.451699 -3.594003 1e-06 -6e-06 -1e-06 -1.362683 2.240799 -0.746324 -21.334929 0.58491 3.008326 -13.821223 -2e-06 3e-06 -23.887184 -0.249079 -0.839483 -59.495136 2.285115 -0.924709 -0.294026 1.679687 0.833257 -14.218217 0.093215 1.30058 -34.21207 -0.287563 0.96717 -20.033226 0.964537 1.212841 0.0 0.0 -1e-06 -3.44039 0.788233 0.501656 -15.928196 -3.167312 2.99971 -6.33883 0.0 1e-06 -18.123459 3.648185 -4.905674 -4e-06 0.0 -2e-06 13.198585 10.330611 14.973609 62.519173 9.950667 4.925665 0.077571 20.237692 -0.00053 -5.077108 0.123231 -10.088505 2.243544 -5.255041 -3.180159 14.282902 -0.826596 6.952504 -2e-06 -12.690612 1e-06 16.386803 -17.683994 2.589214 1.665668 -1.955922 -2.8783 4.727804 -4.170591 4.993927 11.020538 3e-06 -2e-06 12.109064 -3.735718 -2.866787 -1e-06 -0.0 -0.0 1.291987 -1.928551 -1.49809 14.800139 0.567468 3.86561 14.242582 -1.341738 -6.660663 19.631979 0.143926 -0.648247 49.870453 -0.54866 -5.985154 0.35303 -1.511151 -0.03194 20.222805 3.684312 2.316629 18.787289 5e-06 -3e-06 10.751637 -0.479868 1.397907 0.0 -0.0 -0.0 3.273809 0.305948 -0.580111 21.486832 11.830383 2.266133 8.162935 3e-06 -2e-06 18.399097 -3.798986 -4.94058 6e-06 -0.0 -1e-06 8.174615 9.183817 6.086973 -0.03185 -0.454424 5.195272 -6.555573 -5.019212 9.74255 1.69505 -1.978277 -0.586854 0.0 0.0 3e-06 -7.339476 -2.049406 4.667073 -0.0422 0.691839 7.579817 5.968127 16.419037 12.97157 -1.457833 0.982583 0.061303 0.0 -0.0 -0.0 
0.0 0.0 0.0 0.0 -0.0 0.0 -31.400276 103.247025 -109.526184 -1.068184 7.193978 -1.138897 -0.31801 -0.072835 -2.72463 -0.440575 -0.762066 -6.168344 1.933754 -2.505087 14.290073 1.606308 2.311971 1.538038 -0.300842 1.392367 -3.590212 -1.357013 1.201125 -12.368134 7.7e-05 -2.3e-05 6e-06 0.024628 0.014881 0.059724 0.687935 -3.734294 -10.489787 -0.639092 3.769873 -10.525012 -7.962591 -4.543642 14.017266 -65.458633 -14.358541 24.832968 -0.186453 -16.11602 -0.029164 14.534955 -4.988948 -10.088419 -5.882112 9.86129 0.70259 -10.936877 -0.360574 7.156209 0.0 8.774828 -1e-06 -15.616273 17.919592 6.019068 -1.844034 2.498507 -2.507277 -10.163605 4.678948 4.62111 -20.976034 -1e-06 2e-06 -21.226301 2.451699 -3.594004 2e-06 -6e-06 -1e-06 -1.362682 2.240799 -0.746324 -21.334927 0.584912 3.008323 -13.821221 -1e-06 2e-06 -23.887182 -0.249077 -0.839486 -59.522968 2.287827 -0.947534 -0.294025 1.679688 0.833256 -14.218216 0.093216 1.300581 -34.212067 -0.287563 0.967169 -20.033226 0.964537 1.212842 0.0 1e-06 0.0 -3.440391 0.788234 0.501656 -15.928198 -3.16731 2.999707 -6.33883 1e-06 -0.0 -18.123459 3.648185 -4.905674 -4e-06 0.0 -3e-06 13.247466 10.210205 15.024285 62.481411 9.684742 4.865814 0.057929 20.405968 -0.002797 -5.122347 0.188363 -10.152807 2.243542 -5.255037 -3.180159 14.282896 -0.826595 6.952506 -2e-06 -12.690607 0.0 16.379593 -17.702709 2.595879 1.665666 -1.955922 -2.878301 4.727799 -4.170588 4.993926 11.020529 3e-06 -0.0 12.109055 -3.735716 -2.866785 -1e-06 -0.0 -0.0 1.291986 -1.928551 -1.498091 14.800134 0.567469 3.865611 14.242577 -1.341735 -6.660661 19.631973 0.143926 -0.648245 49.842529 -0.536333 -6.01241 0.353028 -1.51115 -0.03194 20.222801 3.684311 2.316632 18.787281 4e-06 -1e-06 10.751634 -0.479869 1.397906 0.0 0.0 1e-06 3.273808 0.305946 -0.580111 21.48682 11.830377 2.266135 8.16293 2e-06 -0.0 18.399088 -3.798986 -4.940577 5e-06 0.0 -2e-06 8.201674 9.070471 5.961642 -0.033883 -0.453304 5.26981 -6.513091 -5.186505 10.089345 1.695868 -1.972935 -0.688533 -0.0 0.0 3e-06 -7.329035 -2.319205 4.681678 -0.046607 0.688248 7.622019 5.935232 16.481503 13.369599 -1.460757 0.973051 0.101942 0.0 -0.0 -0.0 
0.0 0.0 0.0 0.0 -0.0 0.0 -31.449371 103.327393 -109.658112 -1.079134 7.422324 -1.181772 -0.336807 -0.070793 -2.705954 -0.448773 -0.812732 -6.150247 1.922711 -2.493344 14.304304 1.685136 2.300679 1.586697 -0.329769 1.327557 -3.572453 -1.406697 1.190318 -12.453594 7.7e-05 -2.3e-05 6e-06 0.02594 0.014043 0.06799 0.69203 -3.733691 -10.481405 -0.640685 3.76816 -10.520978 -7.901574 -4.545429 14.072742 -65.566315 -14.622298 25.089535 -0.279922 -16.566435 -0.016325 14.758014 -5.071654 -9.808137 -5.882107 9.861286 0.70259 -10.936878 -0.360578 7.156209 3e-06 8.774828 -1e-06 -15.627218 17.936459 6.000041 -1.844032 2.498504 -2.50728 -10.163604 4.678944 4.62111 -20.976034 -9e-06 3e-06 -21.226295 2.451692 -3.593999 2e-06 -6e-06 -1e-06 -1.362682 2.240798 -0.746324 -21.334929 0.584904 3.008324 -13.821222 -7e-06 4e-06 -23.887188 -0.249086 -0.839479 -59.520947 2.291089 -0.996136 -0.294025 1.679687 0.833256 -14.218215 0.093211 1.300581 -34.212067 -0.287573 0.967173 -20.033222 0.964533 1.212849 -0.0 1e-06 1e-06 -3.44039 0.788232 0.501655 -15.928198 -3.167315 2.999709 -6.338829 -3e-06 0.0 -18.123455 3.648179 -4.905671 -4e-06 0.0 -3e-06 13.293262 10.094316 15.058098 62.457451 9.518853 4.861621 0.076675 20.60836 0.00726 -5.156593 0.297576 -10.188267 2.243543 -5.255039 -3.180161 14.282904 -0.826596 6.952507 -3e-06 -12.69061 2e-06 16.358459 -17.707726 2.600296 1.665668 -1.955921 -2.878301 4.727802 -4.170588 4.993927 11.020536 4e-06 -1e-06 12.10906 -3.735715 -2.866786 -1e-06 -0.0 -1e-06 1.291987 -1.928551 -1.498091 14.80014 0.567468 3.86561 14.242585 -1.341734 -6.660663 19.631987 0.143927 -0.648245 49.831791 -0.524989 -6.027541 0.353029 -1.511152 -0.031941 20.222811 3.684312 2.316633 18.787289 5e-06 -0.0 10.751638 -0.479869 1.397909 -1e-06 -0.0 -0.0 3.27381 0.305947 -0.580111 21.486834 11.83038 2.266134 8.162936 3e-06 -0.0 18.399099 -3.798985 -4.940576 6e-06 -0.0 -1e-06 8.218796 9.020758 5.848421 -0.031046 -0.443303 5.327252 -6.461035 -5.356553 10.472257 1.696155 -1.974978 -0.751083 0.0 0.0 3e-06 -7.309252 -2.55903 4.609096 -0.049881 0.68469 7.801035 5.831333 16.524086 13.767475 -1.462852 0.969521 0.163639 0.0 -0.0 -0.0 
0.0 0.0 0.0 0.0 -0.0 0.0 -31.510677 103.401314 -109.820518 -1.112618 7.571966 -1.223892 -0.349237 -0.069903 -2.675795 -0.451319 -0.839661 -6.131827 1.946989 -2.492487 14.30979 1.723662 2.303181 1.639479 -0.355302 1.27045 -3.564642 -1.455572 1.187157 -12.503345 7.7e-05 -2.3e-05 6e-06 0.027033 0.016411 0.072508 0.694658 -3.732013 -10.483202 -0.641267 3.77181 -10.526764 -7.817586 -4.519819 14.094318 -65.684258 -14.918648 25.299212 -0.391397 -17.064434 -0.006392 14.987356 -5.150312 -9.548929 -5.88211 9.861292 0.70259 -10.936879 -0.360577 7.156211 3e-06 8.774831 -2e-06 -15.629883 17.951828 5.982681 -1.844034 2.498505 -2.507279 -10.163607 4.678948 4.621112 -20.97604 -7e-06 3e-06 -21.226303 2.451694 -3.594 1e-06 -6e-06 0.0 -1.362682 2.240799 -0.746323 -21.334934 0.584907 3.008322 -13.821227 -5e-06 3e-06 -23.887192 -0.249082 -0.839481 -59.526268 2.313084 -1.042077 -0.294025 1.679687 0.833257 -14.218221 0.093212 1.30058 -34.212074 -0.287569 0.967173 -20.03323 0.964534 1.212846 -0.0 1e-06 1e-06 -3.440391 0.788233 0.501656 -15.928201 -3.167314 2.999709 -6.33883 -3e-06 -1e-06 -18.123459 3.648181 -4.905674 -3e-06 1e-06 -2e-06 13.349 10.0236 15.095526 62.415668 9.482044 4.817745 0.130651 20.8085 0.026378 -5.187703 0.451184 -10.151089 2.243544 -5.255039 -3.180159 14.282902 -0.826595 6.952505 -4e-06 -12.69061 2e-06 16.334869 -17.704939 2.610565 1.665668 -1.955922 -2.8783 4.727802 -4.170588 4.993926 11.020536 4e-06 -1e-06 12.10906 -3.735716 -2.866787 -1e-06 -0.0 -0.0 1.291987 -1.928551 -1.498091 14.800139 0.567468 3.865607 14.242584 -1.341735 -6.660665 19.631987 0.143929 -0.648247 49.85178 -0.517509 -6.012009 0.353029 -1.511152 -0.03194 20.222809 3.684313 2.316627 18.787287 6e-06 -3e-06 10.751637 -0.479868 1.397907 0.0 0.0 1e-06 3.27381 0.305948 -0.580112 21.486832 11.830381 2.26613 8.162935 3e-06 -2e-06 18.399097 -3.798984 -4.940579 5e-06 -0.0 -2e-06 8.304055 9.039812 5.760038 -0.02769 -0.439351 5.348609 -6.472989 -5.483791 10.850635 1.696377 -1.983021 -0.760613 -0.0 0.0 2e-06 -7.252849 -2.714439 4.434739 -0.052618 0.676416 8.107087 5.696486 16.567091 14.116904 -1.461337 0.964268 0.17879 0.0 -0.0 -1e-06 
0.0 0.0 0.0 0.0 -0.0 0.0 -31.587088 103.463158 -110.002731 -1.162874 7.644091 -1.24102 -0.359363 -0.065121 -2.651828 -0.455175 -0.854654 -6.114868 2.01579 -2.499738 14.304049 1.708121 2.309844 1.670231 -0.360972 1.2303 -3.568832 -1.524352 1.175865 -12.488778 7.7e-05 -2.3e-05 6e-06 0.027398 0.014649 0.073089 0.694133 -3.735539 -10.493656 -0.6401 3.772147 -10.536968 -7.734986 -4.489962 14.081609 -65.785568 -15.210307 25.528391 -0.478667 -17.557098 -0.001597 15.145767 -5.14354 -9.482868 -5.882111 9.86129 0.70259 -10.936877 -0.360574 7.156207 -1e-06 8.77483 -2e-06 -15.629119 17.978539 5.968738 -1.844033 2.498505 -2.507277 -10.163604 4.678948 4.621109 -20.976032 -0.0 4e-06 -21.226297 2.4517 -3.594002 1e-06 -6e-06 -1e-06 -1.362682 2.240798 -0.746324 -21.334925 0.584912 3.008324 -13.82122 -1e-06 3e-06 -23.887182 -0.249076 -0.839484 -59.534519 2.361664 -1.10343 -0.294025 1.679688 0.833255 -14.218217 0.093215 1.300582 -34.212067 -0.287561 0.967168 -20.033226 0.964538 1.212844 -0.0 1e-06 0.0 -3.44039 0.788234 0.501654 -15.928198 -3.167309 2.999709 -6.33883 1e-06 -1e-06 -18.123459 3.648186 -4.905675 -4e-06 0.0 -1e-06 13.420842 9.975221 15.093422 62.357605 9.524925 4.702175 0.202196 21.015978 0.0529 -5.187633 0.66238 -10.133439 2.243541 -5.25504 -3.180158 14.282896 -0.826597 6.952505 -0.0 -12.690612 1e-06 16.29948 -17.680767 2.631301 1.665666 -1.955922 -2.878299 4.7278 -4.170591 4.993925 11.020529 1e-06 0.0 12.109056 -3.735719 -2.866786 0.0 -0.0 -0.0 1.291986 -1.928549 -1.498089 14.800134 0.567466 3.865609 14.242577 -1.34174 -6.66066 19.631973 0.143924 -0.648244 49.883694 -0.508885 -5.963121 0.353029 -1.511153 -0.031941 20.222797 3.684309 2.316632 18.787279 2e-06 -0.0 10.751632 -0.47987 1.397907 0.0 0.0 1e-06 3.273808 0.305945 -0.580111 21.48682 11.830379 2.266136 8.16293 3e-06 -1e-06 18.399092 -3.798991 -4.940578 6e-06 1e-06 -1e-06 8.37369 9.092619 5.656409 -0.030376 -0.44314 5.32668 -6.463371 -5.551341 11.12116 1.69554 -1.991287 -0.703265 0.0 0.0 2e-06 -7.164517 -2.790498 4.160229 -0.051037 0.655968 8.489441 5.569482 16.608109 14.389054 -1.457932 0.956041 0.14101 0.0 -0.0 -1e-06 
0.0 0.0 0.0 0.0 -0.0 0.0 -31.667793 103.499313 -110.163673 -1.194142 7.648104 -1.232522 -0.378659 -0.05464 -2.638735 -0.464023 -0.869945 -6.098328 2.094175 -2.508058 14.299584 1.633539 2.332988 1.64559 -0.346803 1.187003 -3.57834 -1.590022 1.160891 -12.424321 7.7e-05 -2.3e-05 6e-06 0.027101 0.012533 0.072061 0.691589 -3.738527 -10.502339 -0.638315 3.770829 -10.539342 -7.701249 -4.468624 14.084726 -65.798782 -15.474291 25.810307 -0.520405 -18.047695 0.004137 15.319592 -5.039102 -9.662554 -5.88211 9.861288 0.702591 -10.936876 -0.360575 7.156208 1e-06 8.774828 1e-06 -15.608226 17.97506 5.96647 -1.844033 2.498505 -2.507278 -10.163605 4.678946 4.62111 -20.976034 -4e-06 3e-06 -21.226299 2.451698 -3.594002 2e-06 -6e-06 0.0 -1.362682 2.240798 -0.746324 -21.334925 0.584908 3.008324 -13.82122 -2e-06 2e-06 -23.887182 -0.24908 -0.839483 -59.527809 2.401333 -1.151086 -0.294026 1.679688 0.833256 -14.218215 0.093214 1.300581 -34.212067 -0.287564 0.96717 -20.033222 0.964537 1.212844 -1e-06 1e-06 0.0 -3.440389 0.788232 0.501656 -15.928192 -3.167311 2.99971 -6.33883 -0.0 -0.0 -18.123455 3.648184 -4.905673 -4e-06 0.0 -1e-06 13.491867 9.951287 15.019554 62.33532 9.618337 4.614618 0.227479 21.238272 0.068314 -5.211774 0.908658 -10.202765 2.243542 -5.255038 -3.180157 14.282894 -0.826595 6.952504 -2e-06 -12.690609 1e-06 16.268063 -17.650713 2.652407 1.665667 -1.955922 -2.8783 4.727799 -4.170589 4.993925 11.020529 3e-06 -2e-06 12.109056 -3.735717 -2.866786 -1e-06 0.0 -0.0 1.291986 -1.92855 -1.498088 14.800132 0.567468 3.865606 14.242576 -1.341737 -6.66066 19.631973 0.143926 -0.648246 49.912235 -0.506762 -5.901094 0.353029 -1.511152 -0.031941 20.222797 3.684311 2.316628 18.787279 5e-06 -2e-06 10.75163 -0.479868 1.397907 0.0 0.0 0.0 3.273808 0.305947 -0.580111 21.486816 11.830379 2.266131 8.16293 2e-06 -2e-06 18.399084 -3.798985 -4.940578 5e-06 1e-06 -1e-06 8.414166 9.149174 5.60678 -0.033309 -0.442744 5.206595 -6.470144 -5.531602 11.289115 1.695578 -2.001487 -0.631721 0.0 0.0 2e-06 -7.082327 -2.764444 3.901008 -0.042889 0.635122 8.771194 5.482459 16.608648 14.496901 -1.455251 0.952365 0.142455 0.0 -0.0 -1e-06 
0.0 0.0 0.0 0.0 -0.0 0.0 -31.73638 103.523102 -110.277176 -1.205512 7.583185 -1.206841 -0.396641 -0.037966 -2.634871 -0.470243 -0.873797 -6.09782 2.144218 -2.531705 14.317372 1.548146 2.362058 1.579904 -0.341088 1.136998 -3.580629 -1.630165 1.136285 -12.389553 7.7e-05 -2.3e-05 6e-06 0.025302 0.006588 0.073361 0.688835 -3.744906 -10.501782 -0.639335 3.765506 -10.532293 -7.726416 -4.443562 14.061213 -65.682793 -15.649154 26.091988 -0.558592 -18.522211 0.018724 15.491066 -4.915639 -9.817002 -5.882108 9.861288 0.70259 -10.936872 -0.360574 7.156204 -0.0 8.774828 0.0 -15.56144 17.948406 5.973787 -1.844032 2.498505 -2.507277 -10.163602 4.678948 4.62111 -20.976027 -1e-06 2e-06 -21.226288 2.451698 -3.594002 1e-06 -6e-06 -1e-06 -1.362682 2.240799 -0.746323 -21.334913 0.584911 3.008321 -13.821215 -2e-06 2e-06 -23.887171 -0.249079 -0.839486 -59.499405 2.406425 -1.167549 -0.294025 1.679689 0.833257 -14.21821 0.093217 1.300579 -34.212048 -0.287563 0.967165 -20.033213 0.964537 1.21284 -1e-06 1e-06 0.0 -3.440388 0.788234 0.501656 -15.928185 -3.167309 2.999706 -6.338826 -1e-06 -1e-06 -18.123447 3.648185 -4.905674 -5e-06 -1e-06 -1e-06 13.55486 9.948294 14.923429 62.343815 9.773287 4.584791 0.207524 21.488369 0.066372 -5.342636 1.126224 -10.254871 2.243542 -5.255038 -3.180158 14.282893 -0.826595 6.952504 -2e-06 -12.690607 1e-06 16.248652 -17.63909 2.675835 1.665667 -1.955923 -2.878299 4.727798 -4.170588 4.993925 11.020528 2e-06 -2e-06 12.109055 -3.735717 -2.866785 -1e-06 0.0 0.0 1.291986 -1.92855 -1.49809 14.800131 0.567468 3.865609 14.242572 -1.341737 -6.660659 19.631968 0.143925 -0.648245 49.946251 -0.508833 -5.846212 0.353029 -1.511151 -0.03194 20.222794 3.68431 2.316629 18.787275 4e-06 -2e-06 10.75163 -0.479869 1.397906 0.0 1e-06 1e-06 3.273807 0.305948 -0.580111 21.486816 11.830377 2.266134 8.16293 2e-06 -0.0 18.399086 -3.798986 -4.940577 5e-06 0.0 -2e-06 8.418789 9.183557 5.625481 -0.029451 -0.437238 5.001668 -6.485324 -5.441706 11.426034 1.692699 -2.009133 -0.588675 0.0 0.0 2e-06 -7.01459 -2.639238 3.728015 -0.034027 0.629456 8.867392 5.411481 16.542414 14.527855 -1.455521 0.956623 0.218038 0.0 -0.0 -1e-06 
0.0 0.0 0.0 0.0 -0.0 0.0 -31.767849 103.540436 -110.359131 -1.218058 7.528487 -1.183944 -0.401557 -0.02987 -2.637559 -0.469885 -0.874508 -6.113747 2.164024 -2.577917 14.350142 1.47374 2.393359 1.524418 -0.369523 1.067927 -3.581595 -1.663532 1.1117 -12.414558 7.7e-05 -2.3e-05 6e-06 0.023581 -0.000665 0.07469 0.687651 -3.752307 -10.499056 -0.64173 3.757802 -10.528883 -7.7713 -4.399658 14.049229 -65.494133 -15.804426 26.395004 -0.570999 -18.917395 0.037197 15.550245 -4.75979 -9.884064 -5.882105 9.861284 0.70259 -10.936872 -0.360575 7.156204 1e-06 8.774824 -0.0 -15.52476 17.945717 5.9902 -1.844033 2.498504 -2.507278 -10.163601 4.678943 4.621107 -20.976023 -6e-06 4e-06 -21.226288 2.451693 -3.593998 0.0 -7e-06 -2e-06 -1.362682 2.240797 -0.746323 -21.334913 0.584906 3.008322 -13.821213 -5e-06 4e-06 -23.887167 -0.249082 -0.839481 -59.504208 2.402417 -1.187188 -0.294025 1.679687 0.833255 -14.218207 0.093211 1.300581 -34.212048 -0.287567 0.967173 -20.033211 0.964536 1.212846 -0.0 0.0 0.0 -3.440389 0.788233 0.501655 -15.928185 -3.167311 2.999707 -6.338826 -3e-06 -0.0 -18.123444 3.64818 -4.905668 -5e-06 0.0 -2e-06 13.604387 9.947215 14.845161 62.371067 9.972137 4.605029 0.200397 21.788879 0.072849 -5.565495 1.282737 -10.265442 2.243541 -5.255035 -3.180158 14.282889 -0.826594 6.9525 -2e-06 -12.6906 0.0 16.236666 -17.639318 2.694828 1.665666 -1.95592 -2.878298 4.727798 -4.170586 4.993922 11.020524 3e-06 -2e-06 12.109052 -3.735714 -2.866783 -1e-06 0.0 -1e-06 1.291986 -1.928549 -1.49809 14.800125 0.567468 3.865607 14.242569 -1.341734 -6.660657 19.631962 0.143926 -0.648246 49.966164 -0.530137 -5.800781 0.353029 -1.51115 -0.03194 20.222788 3.684309 2.316629 18.78727 5e-06 -3e-06 10.751627 -0.479868 1.397905 -1e-06 0.0 1e-06 3.273806 0.305948 -0.580111 21.486813 11.830374 2.26613 8.162927 2e-06 -1e-06 18.399076 -3.798984 -4.940574 5e-06 1e-06 -2e-06 8.40768 9.165024 5.663132 -0.021187 -0.430454 4.791029 -6.47374 -5.322613 11.52189 1.687595 -2.007443 -0.529297 0.0 0.0 2e-06 -6.957728 -2.46526 3.686426 -0.025978 0.629769 8.749777 5.373467 16.43923 14.562902 -1.455093 0.963064 0.312493 0.0 -0.0 -1e-06 
0.0 0.0 0.0 0.0 -0.0 0.0 -31.780931 103.556427 -110.396919 -1.208787 7.50037 -1.185988 -0.393951 -0.037366 -2.627321 -0.463098 -0.875736 -6.128017 2.130232 -2.609874 14.361876 1.393673 2.412676 1.496214 -0.409552 1.004954 -3.584658 -1.678587 1.089223 -12.450565 7.7e-05 -2.3e-05 6e-06 0.023434 -0.001408 0.075794 0.690459 -3.751188 -10.491548 -0.644857 3.754536 -10.523106 -7.821153 -4.350698 14.066692 -65.247398 -15.932931 26.710838 -0.562052 -19.266388 0.053812 15.61217 -4.607288 -9.903354 -5.88211 9.861293 0.702593 -10.93688 -0.360576 7.156212 1e-06 8.774834 -1e-06 -15.481918 17.925207 6.016604 -1.844034 2.498506 -2.50728 -10.163607 4.678948 4.621113 -20.97604 -6e-06 2e-06 -21.226303 2.451697 -3.594001 0.0 -6e-06 -1e-06 -1.362683 2.240798 -0.746324 -21.33493 0.584908 3.008323 -13.821225 -4e-06 1e-06 -23.88719 -0.249081 -0.839483 -59.539547 2.382126 -1.175863 -0.294025 1.67969 0.833257 -14.218221 0.093215 1.300583 -34.212078 -0.287565 0.967173 -20.033232 0.964535 1.212847 -1e-06 2e-06 1e-06 -3.440391 0.788234 0.501655 -15.928201 -3.167313 2.99971 -6.338831 -2e-06 1e-06 -18.123463 3.648185 -4.905671 -5e-06 -0.0 -3e-06 13.569628 9.945011 14.811653 62.506908 10.194906 4.768238 0.208472 22.168381 0.092575 -5.862257 1.39016 -10.220695 2.243542 -5.255037 -3.180158 14.282896 -0.826595 6.952503 -3e-06 -12.690607 0.0 16.233919 -17.627159 2.698195 1.665666 -1.955923 -2.878299 4.727801 -4.170589 4.993926 11.020529 3e-06 -1e-06 12.109056 -3.735716 -2.866784 -1e-06 0.0 0.0 1.291986 -1.928548 -1.498089 14.800132 0.567468 3.865608 14.242577 -1.341737 -6.660658 19.631973 0.143925 -0.648244 49.986008 -0.564173 -5.760377 0.353029 -1.51115 -0.03194 20.222801 3.68431 2.316631 18.787283 5e-06 -0.0 10.751633 -0.479868 1.397905 0.0 1e-06 1e-06 3.273808 0.305947 -0.580111 21.48682 11.830377 2.266133 8.16293 2e-06 -0.0 18.399088 -3.798987 -4.940577 4e-06 1e-06 -1e-06 8.381496 9.120692 5.74312 -0.014872 -0.425514 4.58598 -6.485155 -5.198175 11.64585 1.683721 -1.999635 -0.448556 -0.0 -0.0 2e-06 -6.960617 -2.245085 3.755446 -0.019112 0.627953 8.397606 5.441134 16.301426 14.635894 -1.454332 0.972268 0.431614 0.0 -0.0 -1e-06 
0.0 0.0 0.0 0.0 -0.0 0.0 -31.810974 103.605309 -110.408112 -1.195754 7.470017 -1.21745 -0.360131 -0.046756 -2.594761 -0.451598 -0.875431 -6.136768 2.053375 -2.583844 14.345112 1.324238 2.398772 1.492174 -0.448669 0.986264 -3.580678 -1.641547 0.98124 -12.4588 7.7e-05 -2.3e-05 6e-06 0.024931 0.004646 0.078043 0.693211 -3.744765 -10.485167 -0.644613 3.759424 -10.51476 -7.907751 -4.314228 14.083961 -64.922668 -16.00853 26.861845 -0.572399 -19.587109 0.072826 15.721206 -4.549339 -9.832801 -5.882113 9.861297 0.702592 -10.936885 -0.360573 7.156211 0.0 8.774837 0.0 -15.434025 17.90988 6.040215 -1.844035 2.498507 -2.507279 -10.163613 4.678953 4.621112 -20.976053 -3e-06 0.0 -21.226316 2.451699 -3.594005 1e-06 -6e-06 1e-06 -1.362685 2.240801 -0.746323 -21.334946 0.584911 3.008324 -13.821236 -3e-06 0.0 -23.887205 -0.249082 -0.839487 -59.546654 2.358257 -1.172472 -0.294026 1.679688 0.833256 -14.218229 0.093218 1.300579 -34.212097 -0.287566 0.967166 -20.033239 0.964536 1.212842 -1e-06 2e-06 0.0 -3.440393 0.788235 0.501655 -15.928206 -3.167314 2.999708 -6.338835 -1e-06 -0.0 -18.123474 3.648187 -4.905677 -5e-06 -0.0 -2e-06 13.444561 9.895693 14.805121 62.733471 10.424855 5.134628 0.221342 22.612989 0.113502 -6.065054 1.447471 -10.107744 2.243544 -5.255041 -3.180159 14.282903 -0.826594 6.952506 -3e-06 -12.690614 -1e-06 16.241846 -17.602757 2.682222 1.665668 -1.955922 -2.878301 4.727803 -4.17059 4.993927 11.020536 3e-06 -2e-06 12.109064 -3.735718 -2.866787 -1e-06 0.0 -1e-06 1.291987 -1.928551 -1.49809 14.800142 0.567468 3.865607 14.242585 -1.341737 -6.660662 19.631985 0.143927 -0.648246 50.0476 -0.589534 -5.750996 0.353029 -1.511152 -0.03194 20.222811 3.684312 2.31663 18.787289 7e-06 -2e-06 10.751637 -0.479867 1.397906 1e-06 1e-06 1e-06 3.27381 0.305947 -0.580112 21.486834 11.830384 2.266132 8.162937 2e-06 -1e-06 18.399099 -3.798985 -4.94058 3e-06 1e-06 -1e-06 8.370658 9.060234 5.821658 -0.013966 -0.421307 4.466262 -6.508515 -5.066307 11.952872 1.680126 -1.98516 -0.390744 0.0 -0.0 2e-06 -6.88042 -2.035111 4.024862 -0.024056 0.62889 8.014447 5.356826 16.126371 14.861601 -1.454924 0.986057 0.564446 0.0 -0.0 -1e-06 
0.0 0.0 0.0 0.0 -0.0 0.0 -31.871649 103.681389 -110.434105 -1.185074 7.424124 -1.251971 -0.311369 -0.06047 -2.547881 -0.441024 -0.864992 -6.136287 1.95606 -2.511298 14.287124 1.277262 2.346883 1.504625 -0.481087 0.994422 -3.570978 -1.560616 0.797677 -12.42942 7.7e-05 -2.3e-05 6e-06 0.028198 0.016742 0.079383 0.69315 -3.734693 -10.484685 -0.638006 3.772666 -10.511084 -8.017229 -4.287739 14.101148 -64.562675 -16.047026 26.857864 -0.575964 -19.875265 0.086284 15.849674 -4.599272 -9.709601 -5.882115 9.861297 0.702591 -10.936883 -0.360575 7.156211 -0.0 8.774834 2e-06 -15.406846 17.897015 6.058723 -1.844034 2.498506 -2.507279 -10.163611 4.67895 4.621113 -20.976049 -3e-06 2e-06 -21.226309 2.451699 -3.594002 0.0 -6e-06 -1e-06 -1.362683 2.2408 -0.746323 -21.33494 0.584911 3.008325 -13.821233 -2e-06 1e-06 -23.887203 -0.24908 -0.839484 -59.571613 2.343222 -1.169719 -0.294025 1.67969 0.833257 -14.218225 0.093215 1.300581 -34.212086 -0.287563 0.967169 -20.033237 0.964537 1.21284 -0.0 1e-06 -0.0 -3.440392 0.788233 0.501657 -15.928203 -3.167312 2.99971 -6.338833 -2e-06 -0.0 -18.123468 3.648187 -4.905676 -5e-06 0.0 -3e-06 13.24915 9.819262 14.76425 63.001247 10.614105 5.739516 0.253303 23.071922 0.138016 -6.12596 1.488775 -9.8793 2.243543 -5.25504 -3.180157 14.282895 -0.826596 6.952504 -1e-06 -12.69061 -1e-06 16.261589 -17.581335 2.65755 1.665668 -1.955923 -2.878299 4.7278 -4.170589 4.993926 11.020531 2e-06 -2e-06 12.109058 -3.735718 -2.866787 0.0 0.0 -1e-06 1.291986 -1.92855 -1.49809 14.800132 0.567466 3.865606 14.242579 -1.341737 -6.660661 19.631973 0.143926 -0.648247 50.112198 -0.607971 -5.77927 0.353029 -1.511152 -0.03194 20.222799 3.684311 2.316628 18.787279 5e-06 -2e-06 10.751629 -0.479869 1.397906 2e-06 0.0 0.0 3.273808 0.305946 -0.580111 21.48682 11.830379 2.266132 8.16293 2e-06 -2e-06 18.399088 -3.798988 -4.940578 3e-06 1e-06 -1e-06 8.374352 9.007154 5.861782 -0.018437 -0.42172 4.415775 -6.546762 -4.954357 12.398026 1.679827 -1.969776 -0.366923 -0.0 -0.0 3e-06 -6.845363 -1.83184 4.085965 -0.032877 0.624538 7.770015 5.380829 15.944204 15.256864 -1.457883 0.999104 0.697201 0.0 -1e-06 -1e-06 
0.0 0.0 0.0 0.0 -0.0 0.0 -31.939407 103.771545 -110.475876 -1.170109 7.342264 -1.275182 -0.259355 -0.072288 -2.490173 -0.432232 -0.853117 -6.131274 1.850841 -2.412742 14.203005 1.244272 2.2961 1.52409 -0.502498 0.982254 -3.566347 -1.457831 0.600267 -12.349009 7.7e-05 -2.3e-05 6e-06 0.030414 0.022732 0.079421 0.690343 -3.732671 -10.494416 -0.630804 3.781714 -10.518142 -8.117484 -4.263061 14.114608 -64.215088 -16.05608 26.826502 -0.538135 -20.148216 0.080648 15.97537 -4.686606 -9.561563 -5.882107 9.86129 0.702594 -10.936876 -0.360575 7.156208 -0.0 8.77483 0.0 -15.407252 17.896576 6.076595 -1.844033 2.498504 -2.507279 -10.163604 4.678947 4.62111 -20.976032 -3e-06 2e-06 -21.226294 2.451698 -3.594001 0.0 -6e-06 -1e-06 -1.362682 2.240799 -0.746324 -21.334921 0.58491 3.008325 -13.82122 -2e-06 3e-06 -23.887178 -0.249078 -0.839482 -59.629848 2.355631 -1.159604 -0.294026 1.679688 0.833257 -14.218217 0.093215 1.300582 -34.212067 -0.287563 0.967172 -20.033226 0.964538 1.212844 -0.0 1e-06 -0.0 -3.44039 0.788233 0.501655 -15.928192 -3.16731 2.999708 -6.338829 -1e-06 -1e-06 -18.123457 3.648185 -4.905674 -5e-06 0.0 -3e-06 13.0128 9.753353 14.699703 63.260571 10.767662 6.531245 0.29702 23.522844 0.168086 -6.09414 1.48335 -9.589634 2.243541 -5.255037 -3.180157 14.282893 -0.826594 6.952502 -3e-06 -12.690606 -1e-06 16.293478 -17.574572 2.628085 1.665667 -1.955922 -2.878297 4.727799 -4.170586 4.993924 11.020527 4e-06 -2e-06 12.109053 -3.735716 -2.866785 -1e-06 0.0 -1e-06 1.291986 -1.92855 -1.49809 14.800131 0.567469 3.865608 14.242576 -1.341737 -6.660657 19.631971 0.143928 -0.648244 50.142574 -0.616092 -5.827117 0.353029 -1.511152 -0.03194 20.222795 3.684311 2.31663 18.787275 7e-06 -2e-06 10.751631 -0.479868 1.397906 2e-06 1e-06 -1e-06 3.273807 0.305947 -0.58011 21.486814 11.830377 2.266134 8.162926 1e-06 -1e-06 18.399084 -3.798983 -4.940577 3e-06 1e-06 -1e-06 8.375188 8.998498 5.869313 -0.027256 -0.424395 4.405842 -6.575034 -4.870863 12.911492 1.683494 -1.955532 -0.364311 0.0 0.0 4e-06 -6.790682 -1.637862 4.128778 -0.041255 0.619013 7.668637 5.358847 15.767951 15.717196 -1.463316 1.009165 0.824029 0.0 -0.0 -1e-06 
0.0 0.0 0.0 0.0 -0.0 0.0 -31.980688 103.853058 -110.539795 -1.181084 7.235365 -1.287245 -0.178256 -0.072844 -2.436061 -0.423093 -0.837207 -6.118357 1.761422 -2.311113 14.128293 1.212099 2.269819 1.528308 -0.511388 0.918246 -3.573609 -1.370412 0.411732 -12.250319 7.7e-05 -2.2e-05 6e-06 0.029868 0.01959 0.077479 0.687048 -3.738574 -10.511044 -0.628792 3.780614 -10.530156 -8.196785 -4.24076 14.13648 -63.930973 -16.105299 26.80419 -0.481127 -20.368979 0.065532 16.089111 -4.750349 -9.452226 -5.88211 9.861291 0.702591 -10.936875 -0.360574 7.156206 -1e-06 8.77483 1e-06 -15.436924 17.914627 6.08198 -1.844033 2.498504 -2.507279 -10.163602 4.678948 4.62111 -20.976028 -0.0 1e-06 -21.226294 2.4517 -3.594003 1e-06 -6e-06 -0.0 -1.362682 2.240799 -0.746323 -21.334917 0.584913 3.008322 -13.821215 -1e-06 0.0 -23.887175 -0.249077 -0.839488 -59.700848 2.371558 -1.151885 -0.294024 1.679689 0.833256 -14.218212 0.093217 1.300579 -34.212059 -0.28756 0.967165 -20.033218 0.964538 1.212843 -0.0 1e-06 -0.0 -3.440389 0.788234 0.501657 -15.928189 -3.167308 2.999708 -6.338827 0.0 -0.0 -18.123451 3.648187 -4.905674 -5e-06 0.0 -3e-06 12.745496 9.704442 14.61617 63.494579 10.901404 7.464545 0.298766 23.934652 0.191153 -6.026876 1.41034 -9.39892 2.243543 -5.255041 -3.18016 14.282901 -0.826594 6.952507 -3e-06 -12.690614 0.0 16.314041 -17.588957 2.61742 1.665668 -1.955924 -2.878301 4.727801 -4.170592 4.993927 11.020535 3e-06 -2e-06 12.10906 -3.735717 -2.866787 -1e-06 -0.0 -1e-06 1.291986 -1.928551 -1.498091 14.800139 0.567468 3.865609 14.242585 -1.341736 -6.660662 19.631979 0.143927 -0.648246 50.148895 -0.621658 -5.865491 0.35303 -1.511152 -0.03194 20.222805 3.684313 2.31663 18.787289 6e-06 -3e-06 10.751638 -0.479868 1.397906 1e-06 -0.0 -2e-06 3.27381 0.305948 -0.580111 21.486828 11.830386 2.266132 8.162933 2e-06 -1e-06 18.399094 -3.798988 -4.94058 4e-06 0.0 -1e-06 8.413384 9.089489 5.808623 -0.039835 -0.428703 4.512022 -6.600635 -4.8573 13.333122 1.687476 -1.943512 -0.343368 0.0 0.0 4e-06 -6.709939 -1.45435 4.114877 -0.051454 0.608972 7.633883 5.331504 15.569357 16.142874 -1.469283 1.013057 0.946854 0.0 -0.0 -1e-06 
0.0 0.0 0.0 0.0 -0.0 0.0 -31.977299 103.91098 -110.618927 -1.200836 7.104748 -1.294883 -0.084387 -0.059039 -2.390126 -0.412105 -0.829868 -6.096164 1.69941 -2.227884 14.089776 1.157391 2.274341 1.51885 -0.502925 0.75935 -3.583774 -1.337671 0.294418 -12.208417 7.7e-05 -2.3e-05 6e-06 0.027214 0.012171 0.076677 0.68551 -3.746226 -10.520633 -0.632954 3.772857 -10.537076 -8.286345 -4.204416 14.148088 -63.734741 -16.19705 26.660971 -0.471433 -20.484308 0.060035 16.146938 -4.779276 -9.377612 -5.882109 9.861287 0.70259 -10.936876 -0.360575 7.156206 1e-06 8.774826 -0.0 -15.456973 17.932861 6.078988 -1.844034 2.498506 -2.507277 -10.163604 4.678945 4.621109 -20.976036 -5e-06 1e-06 -21.226295 2.451697 -3.594 0.0 -6e-06 -0.0 -1.362682 2.240798 -0.746323 -21.334923 0.58491 3.008323 -13.82122 -3e-06 1e-06 -23.88718 -0.24908 -0.839486 -59.737804 2.387613 -1.162112 -0.294025 1.679688 0.833254 -14.218214 0.093214 1.300581 -34.212063 -0.287563 0.967171 -20.03322 0.964536 1.212843 -0.0 0.0 -0.0 -3.44039 0.788235 0.501656 -15.928192 -3.16731 2.999707 -6.338829 -2e-06 -0.0 -18.123457 3.648182 -4.905671 -4e-06 0.0 -3e-06 12.492409 9.679438 14.518629 63.656727 10.986248 8.345304 0.262344 24.309017 0.198835 -5.96448 1.301119 -9.331003 2.243542 -5.255036 -3.180159 14.282896 -0.826596 6.952505 -2e-06 -12.690606 0.0 16.310715 -17.602318 2.607337 1.665666 -1.955922 -2.878299 4.7278 -4.170589 4.993925 11.02053 1e-06 -2e-06 12.109056 -3.735717 -2.866786 0.0 -0.0 -1e-06 1.291986 -1.92855 -1.498091 14.800134 0.567467 3.865608 14.242577 -1.341736 -6.660661 19.631973 0.143925 -0.648246 50.094105 -0.624909 -5.89015 0.353029 -1.511152 -0.031941 20.222797 3.684307 2.316631 18.787275 4e-06 -0.0 10.751629 -0.47987 1.397905 1e-06 -0.0 0.0 3.273808 0.305947 -0.58011 21.486818 11.830377 2.266133 8.162929 2e-06 -1e-06 18.399088 -3.798985 -4.940576 4e-06 1e-06 -1e-06 8.446707 9.235963 5.703288 -0.045434 -0.426931 4.716426 -6.600262 -4.846421 13.58663 1.689618 -1.940221 -0.298804 0.0 -0.0 4e-06 -6.633323 -1.30067 4.054087 -0.061163 0.604707 7.667527 5.287135 15.37873 16.435783 -1.474908 1.011694 1.017082 0.0 -0.0 -1e-06 
0.0 0.0 0.0 0.0 -0.0 0.0 -31.920248 103.962395 -110.69677 -1.239403 6.965227 -1.305039 0.012492 -0.035038 -2.376773 -0.400362 -0.817503 -6.077981 1.669648 -2.200018 14.128012 1.104797 2.295204 1.500634 -0.483431 0.577496 -3.593121 -1.374905 0.220583 -12.235524 7.7e-05 -2.3e-05 6e-06 0.025203 0.007292 0.076317 0.684997 -3.748002 -10.520049 -0.636935 3.764949 -10.539109 -8.442126 -4.118402 14.108623 -63.588066 -16.306252 26.359287 -0.552567 -20.454056 0.066538 16.07309 -4.773324 -9.322113 -5.882107 9.861286 0.70259 -10.936877 -0.360577 7.156209 1e-06 8.774828 0.0 -15.464923 17.949549 6.065728 -1.844032 2.498505 -2.50728 -10.163603 4.678943 4.621109 -20.976032 -7e-06 3e-06 -21.226295 2.451694 -3.593999 1e-06 -6e-06 0.0 -1.362682 2.240798 -0.746323 -21.334921 0.584906 3.008324 -13.821218 -5e-06 2e-06 -23.887178 -0.249082 -0.839482 -59.727554 2.416164 -1.214377 -0.294024 1.679687 0.833257 -14.218215 0.093213 1.300581 -34.212063 -0.287567 0.967173 -20.033222 0.964536 1.212845 -0.0 1e-06 1e-06 -3.440389 0.788231 0.501657 -15.928192 -3.167313 2.999708 -6.338829 -2e-06 -1e-06 -18.123453 3.648181 -4.90567 -4e-06 1e-06 -3e-06 12.365623 9.675819 14.445188 63.628178 11.024392 9.094217 0.222706 24.630985 0.18945 -5.917791 1.242471 -9.388589 2.243541 -5.255036 -3.180157 14.282887 -0.826594 6.952505 -3e-06 -12.690603 1e-06 16.27174 -17.58935 2.593281 1.665666 -1.955921 -2.878298 4.727798 -4.170588 4.993924 11.020524 3e-06 -1e-06 12.10905 -3.735715 -2.866783 -1e-06 -0.0 -1e-06 1.291985 -1.928548 -1.498088 14.800123 0.567468 3.865608 14.242567 -1.341736 -6.660656 19.63196 0.143925 -0.648241 49.999409 -0.625736 -5.909262 0.353028 -1.511151 -0.03194 20.222786 3.684309 2.316631 18.78727 4e-06 2e-06 10.751625 -0.479869 1.397908 0.0 1e-06 -1e-06 3.273806 0.305948 -0.580111 21.486809 11.830376 2.266135 8.162926 2e-06 0.0 18.39908 -3.798985 -4.940572 3e-06 1e-06 -2e-06 8.464119 9.387433 5.588749 -0.038601 -0.415428 4.953039 -6.518205 -4.804724 13.752957 1.687707 -1.94167 -0.247974 0.0 0.0 4e-06 -6.634511 -1.150221 3.949165 -0.068772 0.61136 7.711229 5.311963 15.208121 16.800995 -1.479543 1.010391 0.986352 -0.0 -0.0 -1e-06 
0.0 0.0 0.0 0.0 -0.0 0.0 -31.806732 104.019844 -110.749695 -1.270521 6.844985 -1.338343 0.081065 -0.014553 -2.394962 -0.389545 -0.802044 -6.063867 1.659247 -2.233039 14.239154 1.09869 2.301231 1.484181 -0.462764 0.48482 -3.592015 -1.477238 0.169876 -12.305059 7.7e-05 -2.3e-05 6e-06 0.025435 0.011496 0.076594 0.684763 -3.73922 -10.516798 -0.636643 3.765285 -10.540517 -8.646252 -3.993162 14.022757 -63.526539 -16.393572 25.826258 -0.710498 -20.221533 0.09491 15.819703 -4.774438 -9.30565 -5.882108 9.861286 0.70259 -10.936875 -0.360573 7.156208 0.0 8.774827 0.0 -15.481406 17.971434 6.036391 -1.844032 2.498504 -2.507278 -10.163603 4.678947 4.621109 -20.976027 -4e-06 2e-06 -21.226292 2.451696 -3.594002 1e-06 -6e-06 -0.0 -1.362682 2.240798 -0.746324 -21.334921 0.584911 3.008323 -13.821218 -3e-06 2e-06 -23.887175 -0.249079 -0.839482 -59.711182 2.440778 -1.272634 -0.294025 1.679688 0.833256 -14.218212 0.093215 1.30058 -34.212063 -0.287563 0.967169 -20.033218 0.964538 1.212842 -0.0 -0.0 -0.0 -3.440389 0.788234 0.501655 -15.928191 -3.167308 2.999707 -6.338828 -0.0 -0.0 -18.123447 3.648183 -4.905674 -4e-06 0.0 -2e-06 12.399826 9.683877 14.426943 63.402912 11.046416 9.591646 0.245279 24.806082 0.177139 -5.868341 1.299274 -9.500551 2.243541 -5.255035 -3.180157 14.282887 -0.826593 6.952497 -3e-06 -12.690601 0.0 16.219501 -17.548397 2.58475 1.665666 -1.95592 -2.878298 4.727797 -4.170588 4.993922 11.020524 4e-06 -4e-06 12.10905 -3.735713 -2.866785 -1e-06 -0.0 0.0 1.291986 -1.928551 -1.498088 14.800125 0.567469 3.865604 14.242571 -1.341735 -6.660658 19.631968 0.143927 -0.648246 49.927616 -0.617385 -5.89344 0.353028 -1.511149 -0.03194 20.222788 3.684312 2.316627 18.78727 8e-06 -1e-06 10.751625 -0.479868 1.397904 1e-06 -0.0 0.0 3.273807 0.305947 -0.580112 21.486811 11.830373 2.266129 8.162926 2e-06 -2e-06 18.39908 -3.798983 -4.940577 2e-06 0.0 -2e-06 8.434968 9.484658 5.539053 -0.02707 -0.404921 5.130053 -6.336535 -4.740939 13.943116 1.682266 -1.954526 -0.189924 0.0 0.0 3e-06 -6.654859 -0.97796 3.940371 -0.066757 0.62298 7.685143 5.351439 15.056088 17.239574 -1.480388 1.011587 0.878161 -0.0 -0.0 -1e-06 
0.0 0.0 0.0 0.0 -0.0 0.0 -31.672573 104.083679 -110.763763 -1.250225 6.796029 -1.399919 0.086998 -0.004186 -2.41892 -0.384319 -0.794663 -6.066522 1.6649 -2.297444 14.366938 1.11231 2.295488 1.505152 -0.452793 0.465473 -3.590763 -1.600695 0.121925 -12.305023 7.7e-05 -2.3e-05 6e-06 0.028592 0.026732 0.073634 0.682276 -3.719496 -10.514629 -0.628073 3.776873 -10.545625 -8.807407 -3.892687 13.931874 -63.626629 -16.422165 25.214205 -0.857324 -19.786575 0.13566 15.392752 -4.856648 -9.367514 -5.882108 9.861289 0.702591 -10.936874 -0.360574 7.156208 0.0 8.774829 -0.0 -15.518228 17.978094 6.001642 -1.844033 2.498505 -2.507277 -10.163602 4.678946 4.621112 -20.97603 -3e-06 5e-06 -21.22629 2.451698 -3.593999 1e-06 -6e-06 -1e-06 -1.362682 2.2408 -0.746324 -21.334921 0.58491 3.008323 -13.821218 -2e-06 3e-06 -23.887177 -0.249077 -0.839484 -59.718952 2.442974 -1.275158 -0.294024 1.679688 0.833257 -14.218213 0.093214 1.300579 -34.212063 -0.287563 0.967172 -20.033218 0.964538 1.212844 -0.0 1e-06 1e-06 -3.44039 0.788233 0.501657 -15.928192 -3.167311 2.999709 -6.338829 -1e-06 -1e-06 -18.123453 3.648184 -4.905672 -5e-06 -0.0 -1e-06 12.551983 9.673095 14.491534 63.118221 11.075322 9.760584 0.304215 24.73839 0.170364 -5.776857 1.37518 -9.71833 2.243542 -5.255037 -3.180157 14.282894 -0.826594 6.952499 -3e-06 -12.690605 0.0 16.17824 -17.505121 2.589706 1.665667 -1.955921 -2.878298 4.7278 -4.170588 4.993923 11.020529 4e-06 -3e-06 12.109056 -3.735717 -2.866785 0.0 -0.0 0.0 1.291986 -1.928551 -1.49809 14.800132 0.567468 3.865605 14.242578 -1.341736 -6.66066 19.631973 0.143927 -0.648246 49.886898 -0.600653 -5.8501 0.35303 -1.51115 -0.031939 20.222797 3.684311 2.316627 18.787279 5e-06 -3e-06 10.751633 -0.479866 1.397903 1e-06 1e-06 1e-06 3.273808 0.305948 -0.580111 21.486818 11.830376 2.266132 8.16293 2e-06 -2e-06 18.399084 -3.798983 -4.940579 2e-06 0.0 -2e-06 8.321924 9.447535 5.62115 -0.018638 -0.39181 5.123331 -6.123862 -4.638401 14.23841 1.677083 -1.972384 -0.171875 0.0 0.0 3e-06 -6.733879 -0.763106 4.050315 -0.057424 0.627802 7.579852 5.410423 14.91207 17.714479 -1.475272 1.006669 0.75161 -0.0 -1e-06 -1e-06 
0.0 0.0 0.0 0.0 -0.0 0.0 -31.538063 104.162636 -110.748085 -1.15243 6.84849 -1.46124 0.028892 0.001861 -2.435169 -0.3889 -0.789404 -6.080587 1.657615 -2.379689 14.432241 1.104934 2.299959 1.585926 -0.472278 0.43975 -3.595392 -1.679708 0.04932 -12.162239 7.7e-05 -2.3e-05 6e-06 0.031411 0.040536 0.069341 0.678007 -3.703452 -10.51344 -0.618181 3.789142 -10.551252 -8.846268 -3.86295 13.85943 -63.884796 -16.337826 24.721256 -0.91999 -19.316973 0.169068 14.89712 -5.022456 -9.466293 -5.882108 9.861289 0.702591 -10.936873 -0.360574 7.156208 -1e-06 8.774828 -0.0 -15.553543 17.957014 5.974106 -1.844033 2.498506 -2.507278 -10.1636 4.678947 4.621109 -20.976025 -2e-06 1e-06 -21.226292 2.451698 -3.594002 1e-06 -6e-06 -2e-06 -1.362683 2.2408 -0.746323 -21.334921 0.58491 3.008322 -13.821218 -2e-06 2e-06 -23.887178 -0.249079 -0.839487 -59.690361 2.416905 -1.225695 -0.294025 1.679688 0.833256 -14.218213 0.093217 1.300581 -34.212059 -0.287562 0.967167 -20.033218 0.964537 1.21284 -1e-06 1e-06 0.0 -3.44039 0.788234 0.501654 -15.928189 -3.16731 2.999708 -6.338828 -0.0 -1e-06 -18.123447 3.648185 -4.905673 -5e-06 0.0 -2e-06 12.732798 9.614746 14.585422 62.938103 11.061122 9.594966 0.36564 24.424706 0.174216 -5.630414 1.353975 -10.057028 2.243543 -5.255041 -3.180159 14.282896 -0.826596 6.952504 -1e-06 -12.690615 0.0 16.158894 -17.479612 2.601752 1.665668 -1.955924 -2.878299 4.7278 -4.170591 4.993925 11.020529 2e-06 -4e-06 12.109057 -3.735719 -2.866787 0.0 -0.0 -1e-06 1.291986 -1.928551 -1.498091 14.800132 0.567467 3.865607 14.242577 -1.341739 -6.660663 19.631975 0.143925 -0.648246 49.864933 -0.585315 -5.816103 0.353029 -1.51115 -0.031939 20.222799 3.684308 2.31663 18.787283 4e-06 -2e-06 10.751632 -0.479869 1.397905 0.0 -0.0 -0.0 3.273808 0.305948 -0.580109 21.48682 11.830382 2.266133 8.16293 2e-06 -2e-06 18.39909 -3.798989 -4.940579 3e-06 1e-06 -2e-06 8.108574 9.24087 5.769774 -0.017039 -0.366529 4.976752 -5.961804 -4.514609 14.715328 1.674457 -1.98414 -0.214332 -0.0 0.0 3e-06 -6.882616 -0.534515 4.270837 -0.045567 0.624403 7.357573 5.488106 14.692927 18.230837 -1.468462 0.997132 0.669625 -0.0 -0.0 -2e-06 
0.0 0.0 0.0 0.0 -0.0 0.0 -31.411875 104.258476 -110.728714 -1.014543 6.961496 -1.508935 -0.049341 0.000865 -2.422612 -0.403987 -0.780165 -6.093482 1.62086 -2.447166 14.410546 1.062056 2.34581 1.690798 -0.526291 0.379576 -3.611302 -1.682554 -0.0678 -11.909537 7.7e-05 -2.2e-05 6e-06 0.032625 0.046221 0.066091 0.674482 -3.698528 -10.517051 -0.612166 3.795662 -10.559333 -8.732519 -3.921611 13.844857 -64.24575 -16.166548 24.44272 -0.88067 -18.961508 0.181366 14.510502 -5.238033 -9.646867 -5.882108 9.861289 0.70259 -10.936873 -0.360574 7.156205 -0.0 8.774829 1e-06 -15.561008 17.912514 5.958726 -1.844034 2.498505 -2.507279 -10.163604 4.678948 4.621109 -20.976032 -3e-06 3e-06 -21.226295 2.451698 -3.594002 2e-06 -6e-06 0.0 -1.362683 2.240799 -0.746324 -21.334923 0.584911 3.008322 -13.82122 -2e-06 1e-06 -23.887182 -0.24908 -0.839485 -59.607628 2.371984 -1.160761 -0.294026 1.679688 0.833255 -14.218214 0.093215 1.300581 -34.212067 -0.287563 0.967168 -20.033226 0.964536 1.212842 -1e-06 1e-06 0.0 -3.44039 0.788234 0.501655 -15.928192 -3.167311 2.999708 -6.338829 0.0 1e-06 -18.123453 3.648185 -4.905673 -5e-06 -0.0 -2e-06 12.875076 9.519246 14.700095 62.919567 11.017289 9.262055 0.397917 23.916786 0.184202 -5.504081 1.253717 -10.576542 2.243544 -5.255039 -3.180159 14.282904 -0.826596 6.952506 -2e-06 -12.690614 -0.0 16.134304 -17.456697 2.626682 1.665668 -1.955924 -2.878301 4.727802 -4.170592 4.993927 11.020535 3e-06 -4e-06 12.109062 -3.735718 -2.866787 -1e-06 0.0 -2e-06 1.291987 -1.928551 -1.498091 14.800139 0.567469 3.865609 14.242585 -1.341736 -6.660665 19.631987 0.143927 -0.648246 49.84256 -0.590996 -5.785799 0.353029 -1.511151 -0.031939 20.222805 3.684312 2.316631 18.787287 4e-06 -3e-06 10.751636 -0.479868 1.397906 0.0 1e-06 -1e-06 3.27381 0.305948 -0.580112 21.486832 11.830384 2.266132 8.162932 2e-06 -2e-06 18.399099 -3.798987 -4.940582 5e-06 0.0 -1e-06 7.865719 9.013477 5.897809 -0.021692 -0.34626 4.814646 -5.892808 -4.446045 15.344828 1.672891 -1.984564 -0.30109 0.0 0.0 3e-06 -7.065776 -0.335488 4.504564 -0.038077 0.608155 7.127993 5.601499 14.408072 18.825472 -1.464158 0.994376 0.695772 -0.0 -0.0 -2e-06 
0.0 0.0 0.0 0.0 -0.0 0.0 -31.299994 104.367134 -110.766136 -0.882964 7.09009 -1.553093 -0.124787 -0.01498 -2.35164 -0.415319 -0.786882 -6.084784 1.552848 -2.451097 14.309063 0.981059 2.414872 1.782567 -0.572648 0.301625 -3.618166 -1.588988 -0.198096 -11.6513 7.7e-05 -2.2e-05 6e-06 0.031496 0.050155 0.068849 0.673801 -3.697583 -10.518476 -0.613612 3.802394 -10.562187 -8.543696 -4.068253 13.866894 -64.554092 -15.943466 24.425179 -0.749721 -18.791563 0.156837 14.296008 -5.463461 -9.781961 -5.882105 9.861284 0.702591 -10.93687 -0.360575 7.156205 1e-06 8.774825 -1e-06 -15.525531 17.853094 5.965423 -1.844032 2.498503 -2.507279 -10.163598 4.678944 4.621108 -20.976023 -4e-06 2e-06 -21.226286 2.451695 -3.593999 1e-06 -5e-06 -1e-06 -1.362681 2.240798 -0.746323 -21.334913 0.584909 3.008321 -13.821213 -3e-06 3e-06 -23.887167 -0.249081 -0.839482 -59.541794 2.33873 -1.095498 -0.294025 1.679687 0.833255 -14.218208 0.093215 1.300581 -34.212048 -0.287566 0.967169 -20.033213 0.964535 1.212845 0.0 1e-06 1e-06 -3.44039 0.788233 0.501655 -15.928185 -3.167311 2.999707 -6.338826 -2e-06 0.0 -18.123446 3.648182 -4.905672 -5e-06 -0.0 -2e-06 12.907973 9.421755 14.755579 63.099159 10.899968 9.008474 0.371062 23.383188 0.180777 -5.478858 1.167272 -11.10139 2.243542 -5.255037 -3.180157 14.282892 -0.826595 6.952501 -3e-06 -12.690605 -0.0 16.124897 -17.438847 2.646545 1.665666 -1.955921 -2.878299 4.727798 -4.170588 4.993925 11.020526 4e-06 -2e-06 12.109052 -3.735716 -2.866785 -1e-06 0.0 -1e-06 1.291986 -1.92855 -1.498088 14.800129 0.567468 3.865606 14.242576 -1.341736 -6.660657 19.631969 0.143926 -0.648244 49.780106 -0.611476 -5.792102 0.353029 -1.51115 -0.03194 20.22279 3.68431 2.316629 18.78727 5e-06 -0.0 10.751628 -0.479868 1.397905 0.0 -0.0 -1e-06 3.273807 0.305947 -0.580111 21.486813 11.830377 2.266131 8.162927 2e-06 -1e-06 18.39908 -3.798986 -4.940575 5e-06 1e-06 -1e-06 7.660349 8.867779 5.927446 -0.032089 -0.335209 4.773812 -5.905387 -4.433659 16.039255 1.674177 -1.979562 -0.423826 0.0 0.0 2e-06 -7.251559 -0.23586 4.607939 -0.040446 0.591729 7.099551 5.725444 14.152203 19.49361 -1.462606 0.997617 0.812317 -0.0 -0.0 -2e-06 
0.0 0.0 0.0 0.0 -0.0 0.0 -31.214491 104.495453 -110.881721 -0.806974 7.236353 -1.627776 -0.184743 -0.033686 -2.229481 -0.426439 -0.813412 -6.053211 1.477897 -2.42274 14.188704 0.901932 2.456311 1.858184 -0.584808 0.237311 -3.612412 -1.40776 -0.311896 -11.436234 7.7e-05 -2.2e-05 6e-06 0.028223 0.044782 0.073616 0.673082 -3.706732 -10.516631 -0.619336 3.800384 -10.555745 -8.356027 -4.315039 13.900808 -64.736069 -15.66192 24.420471 -0.585257 -18.811501 0.113224 14.130567 -5.650062 -9.657316 -5.882113 9.861295 0.702592 -10.936881 -0.360573 7.156209 -0.0 8.774833 1e-06 -15.463897 17.813957 5.990001 -1.844035 2.498507 -2.507279 -10.16361 4.678952 4.621112 -20.976044 -2e-06 2e-06 -21.226309 2.4517 -3.594005 1e-06 -5e-06 -1e-06 -1.362684 2.2408 -0.746323 -21.334934 0.584913 3.008324 -13.821227 -0.0 3e-06 -23.887194 -0.24908 -0.839486 -59.525593 2.314084 -1.048941 -0.294025 1.679689 0.833256 -14.218223 0.093216 1.300582 -34.212082 -0.287563 0.967167 -20.033232 0.964537 1.212842 -1e-06 0.0 0.0 -3.440392 0.788234 0.501656 -15.928201 -3.167311 2.999707 -6.338833 0.0 0.0 -18.123463 3.648188 -4.905678 -5e-06 -0.0 -3e-06 12.850945 9.318262 14.749224 63.416565 10.731121 8.960784 0.278531 22.929733 0.146035 -5.49464 1.130524 -11.479096 2.243543 -5.255041 -3.18016 14.282902 -0.826595 6.952506 -2e-06 -12.690612 1e-06 16.137516 -17.434284 2.652389 1.665668 -1.955923 -2.8783 4.727802 -4.17059 4.993925 11.020536 3e-06 -3e-06 12.109061 -3.735717 -2.866788 -1e-06 -0.0 0.0 1.291987 -1.92855 -1.49809 14.800138 0.567469 3.865607 14.242582 -1.341735 -6.660664 19.631981 0.143927 -0.648247 49.714806 -0.627837 -5.821724 0.35303 -1.511152 -0.031939 20.222805 3.684313 2.316627 18.787289 7e-06 -3e-06 10.751636 -0.479869 1.397908 -1e-06 1e-06 0.0 3.27381 0.305947 -0.580112 21.486828 11.830381 2.266131 8.162933 1e-06 -2e-06 18.399096 -3.798985 -4.94058 5e-06 1e-06 -1e-06 7.548749 8.827143 5.888931 -0.045452 -0.340173 4.839358 -5.950185 -4.455297 16.797819 1.676555 -1.97074 -0.549655 0.0 0.0 4e-06 -7.377585 -0.211484 4.563468 -0.054813 0.588207 7.332528 5.800387 13.907991 20.307056 -1.464215 1.008789 0.963606 -0.0 -0.0 -3e-06 
0.0 0.0 0.0 0.0 -0.0 0.0 -31.173456 104.628609 -111.054863 -0.783513 7.41058 -1.743566 -0.238699 -0.040736 -2.084873 -0.445798 -0.868144 -6.003344 1.402382 -2.400445 14.114727 0.861526 2.455657 1.901553 -0.561035 0.216095 -3.595534 -1.186273 -0.402897 -11.334442 7.7e-05 -2.2e-05 6e-06 0.024949 0.031426 0.077565 0.672164 -3.722054 -10.507959 -0.624825 3.788388 -10.540448 -8.246264 -4.609211 13.950111 -64.72213 -15.410538 24.312674 -0.472102 -18.879141 0.07113 13.873032 -5.738364 -9.223269 -5.88211 9.861288 0.70259 -10.936871 -0.360572 7.156203 -1e-06 8.774826 0.0 -15.41667 17.846952 6.04696 -1.844033 2.498505 -2.507277 -10.163598 4.678948 4.621108 -20.976021 -1e-06 -1e-06 -21.226286 2.451698 -3.594005 1e-06 -5e-06 -2e-06 -1.362681 2.240798 -0.746323 -21.334911 0.584912 3.008322 -13.821213 -0.0 1e-06 -23.887167 -0.249077 -0.839487 -59.584126 2.323689 -1.04531 -0.294026 1.679687 0.833255 -14.218207 0.093216 1.30058 -34.212048 -0.28756 0.967167 -20.033211 0.964539 1.212841 0.0 1e-06 1e-06 -3.440389 0.788235 0.501655 -15.928185 -3.167308 2.999705 -6.338828 1e-06 0.0 -18.123444 3.648185 -4.905674 -5e-06 0.0 -2e-06 12.790074 9.213033 14.688341 63.765984 10.543698 9.078649 0.151245 22.574249 0.088407 -5.524727 1.195753 -11.595684 2.243542 -5.255038 -3.180157 14.282892 -0.826595 6.9525 -2e-06 -12.690608 -0.0 16.184793 -17.452295 2.642596 1.665666 -1.955922 -2.878299 4.727798 -4.170588 4.993924 11.020526 3e-06 -3e-06 12.109052 -3.735717 -2.866784 -1e-06 0.0 -1e-06 1.291986 -1.928549 -1.49809 14.800129 0.567468 3.865607 14.242571 -1.341736 -6.660657 19.631969 0.143927 -0.648244 49.679199 -0.631193 -5.86343 0.353029 -1.511151 -0.03194 20.222794 3.68431 2.316629 18.787273 6e-06 -3e-06 10.751629 -0.479868 1.397906 1e-06 1e-06 1e-06 3.273806 0.305947 -0.580112 21.486814 11.830379 2.266134 8.162928 2e-06 -1e-06 18.39908 -3.798987 -4.940577 4e-06 1e-06 -2e-06 7.520229 8.838322 5.811973 -0.055638 -0.349442 4.988406 -5.962291 -4.501091 17.544516 1.679399 -1.96491 -0.64967 0.0 -1e-06 3e-06 -7.429619 -0.210596 4.375104 -0.071204 0.599534 7.850636 5.823218 13.648883 21.173193 -1.467021 1.020237 1.050459 0.0 -0.0 -3e-06 
0.0 0.0 0.0 0.0 -0.0 0.0 -31.179581 104.74559 -111.259636 -0.782547 7.584882 -1.889405 -0.306343 -0.040974 -1.92617 -0.469033 -0.943723 -5.944193 1.321755 -2.373278 14.109611 0.863575 2.421105 1.889248 -0.526547 0.215246 -3.578622 -0.940825 -0.476222 -11.334559 7.7e-05 -2.3e-05 6e-06 0.021886 0.011194 0.082251 0.668986 -3.742598 -10.493783 -0.627554 3.768265 -10.523643 -8.241882 -4.924756 14.03221 -64.499626 -15.239037 24.139814 -0.438927 -18.884315 0.038765 13.520414 -5.759696 -8.577538 -5.882107 9.861284 0.70259 -10.936873 -0.360576 7.156203 1e-06 8.774825 0.0 -15.424674 17.947245 6.124971 -1.844032 2.498505 -2.507276 -10.163599 4.678944 4.621107 -20.976025 -6e-06 2e-06 -21.226288 2.451694 -3.593999 1e-06 -6e-06 -1e-06 -1.362682 2.240799 -0.746323 -21.334915 0.584908 3.00832 -13.821217 -4e-06 2e-06 -23.887173 -0.249081 -0.839484 -59.707535 2.362504 -1.082784 -0.294024 1.679687 0.833255 -14.218208 0.093214 1.300578 -34.212048 -0.287565 0.96717 -20.033213 0.964533 1.212842 -1e-06 2e-06 0.0 -3.440389 0.788235 0.501655 -15.928187 -3.16731 2.999704 -6.338826 -2e-06 -1e-06 -18.123446 3.64818 -4.905674 -5e-06 -0.0 -1e-06 12.771287 9.084021 14.566188 64.10955 10.355275 9.209968 0.015954 22.283527 0.023804 -5.572488 1.347424 -11.549923 2.243541 -5.255036 -3.180158 14.282887 -0.826595 6.952505 -3e-06 -12.690603 -0.0 16.229744 -17.489134 2.627939 1.665665 -1.955919 -2.878298 4.727798 -4.170587 4.993925 11.020524 3e-06 -1e-06 12.109048 -3.735715 -2.866783 -1e-06 -0.0 0.0 1.291985 -1.928549 -1.498089 14.800125 0.567468 3.865611 14.242569 -1.341737 -6.660656 19.631966 0.143924 -0.648244 49.680794 -0.619619 -5.896502 0.353029 -1.51115 -0.031939 20.222786 3.684308 2.316631 18.78727 4e-06 1e-06 10.751625 -0.479869 1.397907 -1e-06 -0.0 1e-06 3.273807 0.305947 -0.580109 21.486811 11.830371 2.266136 8.162927 1e-06 1e-06 18.39908 -3.798987 -4.940573 4e-06 1e-06 -2e-06 7.532351 8.85322 5.715337 -0.057324 -0.356047 5.191081 -5.904261 -4.564943 18.187376 1.682435 -1.964138 -0.711394 0.0 -0.0 3e-06 -7.424935 -0.166382 4.047295 -0.084668 0.625101 8.641666 5.764856 13.390364 21.930147 -1.46998 1.028943 1.01842 -0.0 -0.0 -3e-06 
0.0 0.0 0.0 0.0 -0.0 0.0 -31.251213 104.845604 -111.459435 -0.77667 7.727883 -2.037518 -0.392834 -0.045576 -1.774345 -0.491439 -1.007272 -5.895912 1.244629 -2.330902 14.167389 0.8727 2.40097 1.833369 -0.513872 0.154457 -3.567048 -0.689117 -0.559037 -11.395807 7.7e-05 -2.3e-05 6e-06 0.018598 -0.010816 0.086516 0.66393 -3.76314 -10.473259 -0.628872 3.745562 -10.507506 -8.301739 -5.204071 14.106947 -64.190811 -15.11715 23.983168 -0.455213 -18.792633 0.021742 13.193884 -5.80549 -8.045024 -5.882112 9.861293 0.702591 -10.936878 -0.360574 7.156207 -1e-06 8.774831 -0.0 -15.505438 18.052231 6.167947 -1.844034 2.498505 -2.507279 -10.163608 4.678949 4.621111 -20.976038 -1e-06 1e-06 -21.226303 2.4517 -3.594004 1e-06 -6e-06 -1e-06 -1.362684 2.240801 -0.746324 -21.334929 0.584913 3.008324 -13.821223 -1e-06 2e-06 -23.887184 -0.249075 -0.839485 -59.86441 2.399065 -1.140262 -0.294026 1.679688 0.833257 -14.218218 0.093218 1.30058 -34.21207 -0.287559 0.967166 -20.033228 0.964538 1.21284 -0.0 2e-06 0.0 -3.440392 0.788235 0.501655 -15.928196 -3.167308 2.999708 -6.33883 1e-06 -1e-06 -18.123459 3.648188 -4.905674 -5e-06 -0.0 -2e-06 12.747862 8.969421 14.422634 64.472237 10.204284 9.185932 -0.082646 22.04468 -0.029525 -5.606743 1.503837 -11.430725 2.243543 -5.25504 -3.180159 14.282896 -0.826595 6.952505 -2e-06 -12.690612 2e-06 16.240448 -17.520052 2.606428 1.665667 -1.955922 -2.878301 4.727801 -4.170591 4.993924 11.020531 3e-06 -2e-06 12.109058 -3.735718 -2.866788 -1e-06 0.0 0.0 1.291986 -1.928552 -1.49809 14.800136 0.567468 3.86561 14.24258 -1.341737 -6.660661 19.631975 0.143925 -0.648244 49.697792 -0.60544 -5.916724 0.353029 -1.51115 -0.03194 20.222803 3.684311 2.316631 18.787283 5e-06 -1e-06 10.751634 -0.47987 1.397905 -0.0 -0.0 1e-06 3.273808 0.305946 -0.580113 21.486824 11.83038 2.266135 8.162933 2e-06 -1e-06 18.399092 -3.798988 -4.940578 5e-06 1e-06 -2e-06 7.557158 8.857441 5.656305 -0.048578 -0.349234 5.325686 -5.818059 -4.647525 18.774378 1.685272 -1.962307 -0.758921 0.0 -0.0 3e-06 -7.380744 -0.111517 3.616198 -0.09609 0.647624 9.620936 5.62345 13.194672 22.551109 -1.474019 1.044244 0.883986 -0.0 -0.0 -3e-06 
0.0 0.0 0.0 0.0 -0.0 0.0 -31.339666 104.945076 -111.59024 -0.776006 7.862646 -2.172075 -0.475244 -0.05064 -1.660431 -0.512698 -1.044945 -5.862638 1.171018 -2.318179 14.274165 0.872013 2.377179 1.749357 -0.507813 0.118588 -3.567214 -0.484301 -0.648654 -11.451642 7.7e-05 -2.3e-05 6e-06 0.015222 -0.021698 0.080911 0.655681 -3.770653 -10.450435 -0.627283 3.732968 -10.49168 -8.399544 -5.394466 14.152819 -63.899712 -14.979913 23.817751 -0.442057 -18.673233 0.016847 12.952605 -5.877199 -7.804222 -5.882108 9.861288 0.702592 -10.936877 -0.360575 7.156209 1e-06 8.77483 0.0 -15.605751 18.13246 6.180214 -1.844033 2.498505 -2.507279 -10.163604 4.678946 4.62111 -20.976034 -4e-06 3e-06 -21.226297 2.451696 -3.593999 2e-06 -6e-06 -0.0 -1.362682 2.240799 -0.746324 -21.334925 0.584909 3.008324 -13.82122 -3e-06 4e-06 -23.88718 -0.24908 -0.839483 -59.997562 2.430737 -1.180681 -0.294025 1.679687 0.833257 -14.218217 0.093214 1.30058 -34.21207 -0.287566 0.967169 -20.033226 0.964536 1.212844 -0.0 0.0 0.0 -3.44039 0.788234 0.501657 -15.928192 -3.167312 2.999706 -6.338829 -1e-06 -1e-06 -18.123459 3.648183 -4.905671 -5e-06 -0.0 -1e-06 12.738696 8.898177 14.335193 64.793236 10.109382 9.02278 -0.139357 21.870955 -0.059357 -5.631053 1.615384 -11.483027 2.243543 -5.255037 -3.180159 14.282898 -0.826595 6.952503 -3e-06 -12.690607 1e-06 16.227547 -17.544006 2.592302 1.665668 -1.955922 -2.8783 4.727801 -4.170588 4.993925 11.020534 3e-06 -3e-06 12.109058 -3.735716 -2.866785 -1e-06 -0.0 0.0 1.291986 -1.928549 -1.49809 14.800136 0.567468 3.865608 14.242579 -1.341736 -6.66066 19.631981 0.143927 -0.648247 49.735531 -0.577967 -5.894342 0.353029 -1.51115 -0.03194 20.222801 3.684311 2.31663 18.787283 7e-06 -3e-06 10.751633 -0.479868 1.397906 0.0 0.0 1e-06 3.273808 0.305947 -0.580112 21.486824 11.830378 2.26613 8.16293 2e-06 -2e-06 18.39909 -3.798985 -4.940578 4e-06 1e-06 -1e-06 7.593235 8.863564 5.708174 -0.036301 -0.336045 5.25991 -5.748979 -4.798754 19.402628 1.689423 -1.963621 -0.842818 0.0 -1e-06 3e-06 -7.308257 -0.049388 3.295641 -0.105494 0.649173 10.440934 5.45789 13.034759 23.204391 -1.477528 1.0691 0.650081 0.0 -0.0 -4e-06 
0.0 0.0 0.0 0.0 -0.0 0.0 -31.374481 105.05793 -111.678658 -0.77926 8.02091 -2.293568 -0.553172 -0.048402 -1.564332 -0.536434 -1.080538 -5.831185 1.098507 -2.344252 14.389481 0.881285 2.268167 1.656711 -0.47836 0.280862 -3.580871 -0.361084 -0.780264 -11.442455 7.7e-05 -2.3e-05 6e-06 0.010572 -0.028136 0.065431 0.641218 -3.773689 -10.432641 -0.621996 3.724407 -10.47673 -8.477364 -5.528726 14.200301 -63.661762 -14.796334 23.541145 -0.38268 -18.582563 0.021546 12.793954 -5.942633 -7.887476 -5.882113 9.861293 0.702591 -10.936884 -0.360575 7.156212 1e-06 8.774833 -1e-06 -15.745777 18.207331 6.149545 -1.844034 2.498505 -2.507279 -10.163611 4.678946 4.621112 -20.976049 -5e-06 2e-06 -21.226309 2.451696 -3.594003 2e-06 -7e-06 -1e-06 -1.362684 2.240799 -0.746325 -21.334938 0.584909 3.008323 -13.821229 -4e-06 2e-06 -23.887196 -0.249081 -0.839482 -60.101826 2.440455 -1.192056 -0.294024 1.679688 0.833258 -14.218225 0.093215 1.300582 -34.212086 -0.287567 0.967168 -20.033241 0.964536 1.212844 0.0 1e-06 0.0 -3.440393 0.788235 0.501657 -15.928205 -3.167312 2.999709 -6.338833 -1e-06 1e-06 -18.123466 3.648184 -4.905677 -4e-06 -1e-06 -2e-06 12.757417 8.86807 14.282653 65.041222 10.035193 8.865406 -0.189195 21.769291 -0.068551 -5.620151 1.685602 -11.764183 2.243545 -5.255043 -3.180162 14.282912 -0.826596 6.952506 -3e-06 -12.690618 1e-06 16.204069 -17.578182 2.611871 1.66567 -1.955924 -2.878301 4.727805 -4.170592 4.993926 11.020544 3e-06 -4e-06 12.109072 -3.735719 -2.866789 0.0 -0.0 0.0 1.291988 -1.928551 -1.498091 14.800149 0.567469 3.865606 14.242595 -1.341736 -6.660667 19.631998 0.143927 -0.648248 49.805847 -0.53744 -5.814694 0.35303 -1.511153 -0.031939 20.222824 3.684313 2.316628 18.787302 8e-06 -7e-06 10.751647 -0.479866 1.397904 -1e-06 -0.0 1e-06 3.273813 0.305949 -0.580111 21.486849 11.83039 2.26613 8.16294 2e-06 -3e-06 18.399113 -3.798984 -4.940586 5e-06 0.0 -1e-06 7.60581 8.828135 5.779112 -0.026088 -0.325024 5.14079 -5.673981 -4.973955 20.100107 1.692084 -1.961058 -0.954658 0.0 -1e-06 2e-06 -7.263794 0.017144 3.088937 -0.105284 0.637774 11.086885 5.344164 12.852077 24.040386 -1.477794 1.102589 0.308371 -0.0 0.0 -3e-06 
