HIERARCHY
ROOT Root
{
  OFFSET 0.0 0.0 0.0
  CHANNELS 6 Xposition Yposition Zposition Zrotation Yrotation Xrotation
  JOINT Hips
  {
    OFFSET 0.0 100.0 0.0
    CHANNELS 6 Xposition Yposition Zposition Zrotation Yrotation Xrotation
    JOINT Spine1
    {
      OFFSET -0.013727 5.003763 -0.053727
      CHANNELS 3 Zrotation Yrotation Xrotation
      JOINT Spine2
      {
        OFFSET -0.0 7.125301 -0.029825
        CHANNELS 3 Zrotation Yrotation Xrotation
        JOINT Chest
        {
          OFFSET -1e-06 7.550063 -0.815971
          CHANNELS 3 Zrotation Yrotation Xrotation
          JOINT Neck1
          {
            OFFSET -0.181677 26.311295 -0.553348
            CHANNELS 3 Zrotation Yrotation Xrotation
            JOINT Neck2
            {
              OFFSET -3e-06 7.709397 2.302585
              CHANNELS 3 Zrotation Yrotation Xrotation
              JOINT Head
              {
                OFFSET -5e-06 6.128916 1.953709
                CHANNELS 3 Zrotation Yrotation Xrotation
                JOINT HeadEnd
                {
                  OFFSET 0.003598 16.065403 -1.835379
                  CHANNELS 3 Zrotation Yrotation Xrotation
                }
                JOINT Jaw
                {
                  OFFSET 0.002637 0.475592 3.094941
                  CHANNELS 3 Zrotation Yrotation Xrotation
                }
                JOINT LeftEye
                {
                  OFFSET 3.206381 5.380205 7.586883
                  CHANNELS 3 Zrotation Yrotation Xrotation
                }
                JOINT RightEye
                {
                  OFFSET -3.22244 5.361869 7.558234
                  CHANNELS 3 Zrotation Yrotation Xrotation
                }
              }
            }
          }
          JOINT LeftShoulder
          {
            OFFSET 1.621652 23.237164 5.113413
            CHANNELS 3 Zrotation Yrotation Xrotation
            JOINT LeftArm
            {
              OFFSET 14.919846 2e-06 -5.502326
              CHANNELS 3 Zrotation Yrotation Xrotation
              JOINT LeftForeArm
              {
                OFFSET 28.739307 0.0 -0.002588
                CHANNELS 3 Zrotation Yrotation Xrotation
                JOINT LeftHand
                {
                  OFFSET 27.093981 -1e-06 0.002609
                  CHANNELS 3 Zrotation Yrotation Xrotation
                  JOINT LeftHandThumb1
                  {
                    OFFSET 2.276482 -1.392045 3.191413
                    CHANNELS 3 Zrotation Yrotation Xrotation
                    JOINT LeftHandThumb2
                    {
                      OFFSET 4.012836 -1.828127 1.641654
                      CHANNELS 3 Zrotation Yrotation Xrotation
                      JOINT LeftHandThumb3
                      {
                        OFFSET 2.798515 0.0 -3e-06
                        CHANNELS 3 Zrotation Yrotation Xrotation
                        JOINT LeftHandThumbEnd
                        {
                          OFFSET 3.180793 -4e-06 4e-06
                          CHANNELS 3 Zrotation Yrotation Xrotation
                        }
                      }
                    }
                  }
                  JOINT LeftHandIndex1
                  {
                    OFFSET 3.247555 -0.531998 2.296169
                    CHANNELS 3 Zrotation Yrotation Xrotation
                    JOINT LeftHandIndex2
                    {
                      OFFSET 6.364578 0.01206 0.1786
                      CHANNELS 3 Zrotation Yrotation Xrotation
                      JOINT LeftHandIndex3
                      {
                        OFFSET 3.662364 0.0 0.0
                        CHANNELS 3 Zrotation Yrotation Xrotation
                        JOINT LeftHandIndex4
                        {
                          OFFSET 2.329242 4e-06 4e-06
                          CHANNELS 3 Zrotation Yrotation Xrotation
                          JOINT LeftHandIndexEnd
                          {
                            OFFSET 2.759615 -0.180537 -0.113024
                            CHANNELS 3 Zrotation Yrotation Xrotation
                          }
                        }
                      }
                    }
                  }
                  JOINT LeftHandMiddle1
                  {
                    OFFSET 3.163495 0.240981 1.000332
                    CHANNELS 3 Zrotation Yrotation Xrotation
                    JOINT LeftHandMiddle2
                    {
                      OFFSET 6.19078 -0.259278 -1.002548
                      CHANNELS 3 Zrotation Yrotation Xrotation
                      JOINT LeftHandMiddle3
                      {
                        OFFSET 4.35652 -4e-06 -1e-06
                        CHANNELS 3 Zrotation Yrotation Xrotation
                        JOINT LeftHandMiddle4
                        {
                          OFFSET 2.996877 -8e-06 0.0
                          CHANNELS 3 Zrotation Yrotation Xrotation
                          JOINT LeftHandMiddleEnd
                          {
                            OFFSET 2.304287 -0.294569 -0.031741
                            CHANNELS 3 Zrotation Yrotation Xrotation
                          }
                        }
                      }
                    }
                  }
                  JOINT LeftHandRing1
                  {
                    OFFSET 2.882643 -0.053652 -0.322543
                    CHANNELS 3 Zrotation Yrotation Xrotation
                    JOINT LeftHandRing2
                    {
                      OFFSET 5.854541 -0.486202 -1.373841
                      CHANNELS 3 Zrotation Yrotation Xrotation
                      JOINT LeftHandRing3
                      {
                        OFFSET 4.350578 0.0 3e-06
                        CHANNELS 3 Zrotation Yrotation Xrotation
                        JOINT LeftHandRing4
                        {
                          OFFSET 2.651321 7e-06 2e-06
                          CHANNELS 3 Zrotation Yrotation Xrotation
                          JOINT LeftHandRingEnd
                          {
                            OFFSET 1.936105 0.077687 -7.1e-05
                            CHANNELS 3 Zrotation Yrotation Xrotation
                          }
                        }
                      }
                    }
                  }
                  JOINT LeftHandPinky1
                  {
                    OFFSET 2.8655 -0.310005 -1.600378
                    CHANNELS 3 Zrotation Yrotation Xrotation
                    JOINT LeftHandPinky2
                    {
                      OFFSET 5.087849 -1.331141 -1.77123
                      CHANNELS 3 Zrotation Yrotation Xrotation
                      JOINT LeftHandPinky3
                      {
                        OFFSET 3.070974 4e-06 0.0
                        CHANNELS 3 Zrotation Yrotation Xrotation
                        JOINT LeftHandPinky4
                        {
                          OFFSET 1.549672 0.0 1e-06
                          CHANNELS 3 Zrotation Yrotation Xrotation
                          JOINT LeftHandPinkyEnd
                          {
                            OFFSET 1.944893 -0.157802 0.057219
                            CHANNELS 3 Zrotation Yrotation Xrotation
                          }
                        }
                      }
                    }
                  }
                }
              }
            }
          }
          JOINT RightShoulder
          {
            OFFSET -1.380118 23.180309 5.214158
            CHANNELS 3 Zrotation Yrotation Xrotation
            JOINT RightArm
            {
              OFFSET -15.037196 1.2e-05 -5.545604
              CHANNELS 3 Zrotation Yrotation Xrotation
              JOINT RightForeArm
              {
                OFFSET -28.736639 2e-06 -0.002597
                CHANNELS 3 Zrotation Yrotation Xrotation
                JOINT RightHand
                {
                  OFFSET -27.133619 -0.0 0.002613
                  CHANNELS 3 Zrotation Yrotation Xrotation
                  JOINT RightHandThumb1
                  {
                    OFFSET -2.274032 -1.383988 3.163127
                    CHANNELS 3 Zrotation Yrotation Xrotation
                    JOINT RightHandThumb2
                    {
                      OFFSET -4.011429 -1.827466 1.640914
                      CHANNELS 3 Zrotation Yrotation Xrotation
                      JOINT RightHandThumb3
                      {
                        OFFSET -2.794935 -4e-06 -3e-06
                        CHANNELS 3 Zrotation Yrotation Xrotation
                        JOINT RightHandThumbEnd
                        {
                          OFFSET -3.183852 4e-06 1e-06
                          CHANNELS 3 Zrotation Yrotation Xrotation
                        }
                      }
                    }
                  }
                  JOINT RightHandIndex1
                  {
                    OFFSET -3.253266 -0.520057 2.282866
                    CHANNELS 3 Zrotation Yrotation Xrotation
                    JOINT RightHandIndex2
                    {
                      OFFSET -6.341917 0.012471 0.178266
                      CHANNELS 3 Zrotation Yrotation Xrotation
                      JOINT RightHandIndex3
                      {
                        OFFSET -3.654871 -8e-06 -0.0
                        CHANNELS 3 Zrotation Yrotation Xrotation
                        JOINT RightHandIndex4
                        {
                          OFFSET -2.327586 0.0 1e-06
                          CHANNELS 3 Zrotation Yrotation Xrotation
                          JOINT RightHandIndexEnd
                          {
                            OFFSET -2.76179 -0.180656 -0.113078
                            CHANNELS 3 Zrotation Yrotation Xrotation
                          }
                        }
                      }
                    }
                  }
                  JOINT RightHandMiddle1
                  {
                    OFFSET -3.168106 0.246593 1.00103
                    CHANNELS 3 Zrotation Yrotation Xrotation
                    JOINT RightHandMiddle2
                    {
                      OFFSET -6.180828 -0.258836 -1.000895
                      CHANNELS 3 Zrotation Yrotation Xrotation
                      JOINT RightHandMiddle3
                      {
                        OFFSET -4.348901 0.0 -0.0
                        CHANNELS 3 Zrotation Yrotation Xrotation
                        JOINT RightHandMiddle4
                        {
                          OFFSET -3.00024 -4e-06 -2e-06
                          CHANNELS 3 Zrotation Yrotation Xrotation
                          JOINT RightHandMiddleEnd
                          {
                            OFFSET -2.30252 -0.29437 -0.031706
                            CHANNELS 3 Zrotation Yrotation Xrotation
                          }
                        }
                      }
                    }
                  }
                  JOINT RightHandRing1
                  {
                    OFFSET -2.88569 -0.067952 -0.308858
                    CHANNELS 3 Zrotation Yrotation Xrotation
                    JOINT RightHandRing2
                    {
                      OFFSET -5.854198 -0.48613 -1.373731
                      CHANNELS 3 Zrotation Yrotation Xrotation
                      JOINT RightHandRing3
                      {
                        OFFSET -4.33881 -4e-06 -0.0
                        CHANNELS 3 Zrotation Yrotation Xrotation
                        JOINT RightHandRing4
                        {
                          OFFSET -2.654903 -4e-06 4e-06
                          CHANNELS 3 Zrotation Yrotation Xrotation
                          JOINT RightHandRingEnd
                          {
                            OFFSET -1.933568 0.077527 -5.2e-05
                            CHANNELS 3 Zrotation Yrotation Xrotation
                          }
                        }
                      }
                    }
                  }
                  JOINT RightHandPinky1
                  {
                    OFFSET -2.866425 -0.342796 -1.584145
                    CHANNELS 3 Zrotation Yrotation Xrotation
                    JOINT RightHandPinky2
                    {
                      OFFSET -5.091371 -1.332055 -1.772385
                      CHANNELS 3 Zrotation Yrotation Xrotation
                      JOINT RightHandPinky3
                      {
                        OFFSET -3.062664 -4e-06 1e-06
                        CHANNELS 3 Zrotation Yrotation Xrotation
                        JOINT RightHandPinky4
                        {
                          OFFSET -1.546529 4e-06 -2e-06
                          CHANNELS 3 Zrotation Yrotation Xrotation
                          JOINT RightHandPinkyEnd
                          {
                            OFFSET -1.945119 -0.157718 0.057211
                            CHANNELS 3 Zrotation Yrotation Xrotation
                          }
                        }
                      }
                    }
                  }
                }
              }
            }
          }
        }
      }
    }
    JOINT LeftLeg
    {
      OFFSET 10.043214 -8.434526 2.595655
      CHANNELS 3 Zrotation Yrotation Xrotation
      JOINT LeftShin
      {
        OFFSET -1e-06 -43.221752 -0.802913
        CHANNELS 3 Zrotation Yrotation Xrotation
        JOINT LeftFoot
        {
          OFFSET 1e-06 -42.155094 -3.481523
          CHANNELS 3 Zrotation Yrotation Xrotation
          JOINT LeftToeBase
          {
            OFFSET 0.0 -5.059472 13.231529
            CHANNELS 3 Zrotation Yrotation Xrotation
            JOINT LeftToeEnd
            {
              OFFSET -0.009607 -1.647619 6.513017
              CHANNELS 3 Zrotation Yrotation Xrotation
            }
          }
        }
      }
    }
    JOINT RightLeg
    {
      OFFSET -10.047278 -8.29526 2.620317
      CHANNELS 3 Zrotation Yrotation Xrotation
      JOINT RightShin
      {
        OFFSET 1e-06 -43.362206 -0.805556
        CHANNELS 3 Zrotation Yrotation Xrotation
        JOINT RightFoot
        {
          OFFSET 2e-06 -42.117393 -3.478398
          CHANNELS 3 Zrotation Yrotation Xrotation
          JOINT RightToeBase
          {
            OFFSET -0.0 -5.079609 13.284196
            CHANNELS 3 Zrotation Yrotation Xrotation
            JOINT RightToeEnd
            {
              OFFSET 0.009532 -1.634378 6.460591
              CHANNELS 3 Zrotation Yrotation Xrotation
            }
          }
        }
      }
    }
  }
}
MOTION
Frames: 120
Frame Time: 0.03333333333333333
0.0 0.0 0.0 0.0 -0.0 0.0 3.382226 48.602867 -5.823397 -9.142181 -2.59719 37.259544 -1.50869 1.250332 25.481316 -0.581139 2.946424 3.218895 -0.44709 3.019582 13.932044 -2.722895 3.530292 0.156623 0.367888 1.787025 -3.630192 3.545053 1.854934 -0.094703 7.7e-05 -2.2e-05 6e-06 -0.21947 0.049563 -0.122159 0.479247 -3.612609 -10.203284 -0.922406 3.716858 -10.313782 9.991948 -19.565382 6.205613 -30.493414 -52.356144 -0.849362 0.345734 -27.897997 0.124025 80.076614 -6.512223 -4.077736 -5.882098 9.861279 0.702587 -10.936857 -0.360578 7.156199 1e-06 8.774819 -2e-06 -14.758493 17.774954 6.3993 -1.84403 2.498503 -2.507277 -10.163587 4.678939 4.621104 -20.976004 -6e-06 1e-06 -21.226259 2.451692 -3.594 1e-06 -5e-06 -1e-06 -1.36268 2.240798 -0.746323 -21.334888 0.584906 3.00832 -13.821197 -5e-06 3e-06 -23.887144 -0.249081 -0.839482 -58.52634 2.961412 -1.203311 -0.294024 1.679687 0.833256 -14.218191 0.093213 1.300577 -34.212009 -0.287567 0.96717 -20.033192 0.964533 1.212842 -1e-06 -0.0 -0.0 -3.440384 0.788232 0.501655 -15.928168 -3.167309 2.999703 -6.33882 -1e-06 1e-06 -18.123426 3.648177 -4.905667 -6e-06 1e-06 -3e-06 -19.833584 47.931419 -0.336439 -2.022197 22.616199 -40.351559 0.813722 24.993492 -0.114563 -50.481098 -19.949339 -15.227707 2.243538 -5.255033 -3.180156 14.282872 -0.82659 6.952495 -5e-06 -12.690593 -1e-06 14.911755 -17.581024 2.919467 1.665664 -1.955918 -2.878296 4.727793 -4.170582 4.993919 11.020514 7e-06 -1e-06 12.109038 -3.735709 -2.86678 1e-06 -0.0 -1e-06 1.291983 -1.928547 -1.498089 14.800114 0.56747 3.865603 14.242558 -1.341734 -6.66065 19.63195 0.143928 -0.648242 48.614487 -0.430022 -5.96607 0.353028 -1.511149 -0.031941 20.222769 3.684309 2.316629 18.787251 7e-06 3e-06 10.751617 -0.479867 1.397907 0.0 -0.0 0.0 3.273804 0.305947 -0.580111 21.48679 11.830364 2.26613 8.162919 5e-06 1e-06 18.399063 -3.798979 -4.940567 2e-06 1e-06 -1e-06 6.614114 9.043269 -66.172585 0.465158 1.863181 127.434845 -5.877904 -29.313789 39.013298 1.181405 -1.662987 -7.79083 1e-06 0.0 1e-06 2.015099 -1.191062 -26.878649 0.525508 2.235694 92.231949 -0.596575 16.624893 35.97879 -1.377354 0.819823 -9.247712 -0.0 0.0 -4e-06 
0.0 0.0 0.0 0.0 -0.0 0.0 3.304269 48.656799 -4.241179 -9.740523 -2.757809 38.354652 -1.273138 1.193868 25.134781 -0.669791 3.002122 2.879242 -0.285137 3.056734 13.635099 -2.995155 3.061897 0.394018 1.036224 1.876037 -3.679135 3.516351 1.966411 -0.303868 7.7e-05 -2.2e-05 6e-06 -0.201076 0.03797 -0.143881 0.448352 -3.617794 -10.207925 -0.852645 3.700693 -10.292288 9.611982 -19.464937 6.642714 -32.788815 -51.401436 -0.431901 0.166704 -28.123375 0.077515 80.550331 -8.428501 -3.674092 -5.882104 9.861276 0.702592 -10.936872 -0.360572 7.156202 1e-06 8.774817 -0.0 -15.03094 17.759172 6.324012 -1.84403 2.498503 -2.507276 -10.163595 4.678941 4.621106 -20.976015 -2e-06 6e-06 -21.226276 2.451698 -3.593995 1e-06 -6e-06 -1e-06 -1.362681 2.240795 -0.746323 -21.334908 0.58491 3.008323 -13.821211 -2e-06 5e-06 -23.887165 -0.249074 -0.839478 -58.900753 2.740557 -0.972644 -0.294025 1.679686 0.833255 -14.218204 0.093216 1.300581 -34.212032 -0.28756 0.967172 -20.033207 0.964538 1.212844 -0.0 -0.0 -1e-06 -3.440387 0.788232 0.501656 -15.928181 -3.167306 2.999706 -6.338824 -0.0 2e-06 -18.123442 3.648181 -4.905664 -5e-06 1e-06 -2e-06 -19.239616 47.003513 0.209275 -1.118412 24.69108 -40.566105 0.668611 25.685083 -0.183225 -51.869583 -19.193897 -14.618961 2.243541 -5.25503 -3.180155 14.282879 -0.826596 6.9525 -2e-06 -12.690593 3e-06 15.158031 -17.650658 2.983654 1.665664 -1.95592 -2.878295 4.727797 -4.170586 4.99392 11.020515 1e-06 2e-06 12.109042 -3.735714 -2.86678 0.0 -1e-06 -1e-06 1.291985 -1.928548 -1.498087 14.800117 0.567465 3.865604 14.24256 -1.341736 -6.660649 19.631952 0.143923 -0.648245 49.170677 -0.444512 -5.894691 0.353029 -1.511149 -0.03194 20.222775 3.684302 2.31663 18.787262 -2e-06 0.0 10.75162 -0.479871 1.397903 0.0 -0.0 0.0 3.273804 0.305945 -0.58011 21.486794 11.830359 2.266129 8.162922 1e-06 1e-06 18.399071 -3.798988 -4.940571 2e-06 1e-06 -1e-06 6.408474 9.155617 -65.66272 0.420287 1.86384 126.851547 -4.314659 -26.643911 37.211624 1.208314 -1.661 -8.522279 1e-06 -0.0 1e-06 2.517401 -1.222944 -26.470047 0.476114 2.225787 90.069778 -1.311668 15.653952 36.528885 -1.390072 0.819797 -7.694726 -0.0 -0.0 -5e-06 
0.0 0.0 0.0 0.0 -0.0 0.0 3.167346 48.734303 -2.587586 -9.685656 -2.871877 39.400677 -1.302258 1.180791 24.804688 -0.652068 2.954941 2.671293 -0.387977 2.66521 13.248868 -2.599538 2.69488 0.622525 1.166704 1.830134 -3.703093 3.343819 2.087619 -0.30121 7.7e-05 -2.2e-05 6e-06 -0.198496 0.032743 -0.147557 0.430144 -3.643919 -10.289518 -0.825139 3.712641 -10.360811 9.319017 -19.626486 7.131444 -34.689655 -50.013405 -0.020285 0.243871 -28.780634 0.054203 80.598778 -9.443685 -3.381648 -5.882101 9.861279 0.702589 -10.936863 -0.360575 7.1562 -0.0 8.774817 -1e-06 -15.237032 17.885197 6.290198 -1.844031 2.498504 -2.507276 -10.163593 4.678941 4.621106 -20.976007 -4e-06 5e-06 -21.226269 2.451696 -3.593996 1e-06 -6e-06 1e-06 -1.36268 2.240796 -0.746323 -21.3349 0.584909 3.008322 -13.821205 -3e-06 4e-06 -23.887156 -0.249078 -0.839481 -59.374161 2.808368 -0.821908 -0.294025 1.679686 0.833256 -14.218197 0.093214 1.30058 -34.212021 -0.287564 0.967173 -20.033197 0.964535 1.212843 -0.0 -0.0 0.0 -3.440386 0.788232 0.501657 -15.928174 -3.167308 2.999706 -6.338823 -1e-06 2e-06 -18.123436 3.64818 -4.905664 -6e-06 0.0 -2e-06 -18.782135 45.907169 0.541971 -0.070944 27.082361 -40.53944 0.572235 26.156265 -0.227546 -53.856529 -18.434557 -13.260193 2.243537 -5.255029 -3.180151 14.282871 -0.826593 6.952491 -4e-06 -12.690585 2e-06 15.230314 -17.726246 3.034423 1.665664 -1.955918 -2.878294 4.72779 -4.17058 4.993916 11.020508 5e-06 -1e-06 12.109034 -3.73571 -2.866779 0.0 -1e-06 -1e-06 1.291982 -1.928546 -1.498087 14.800108 0.567469 3.865601 14.242549 -1.341733 -6.660648 19.631937 0.143928 -0.648244 49.223625 -0.471457 -6.040689 0.353028 -1.511148 -0.031939 20.222761 3.684307 2.316628 18.787243 7e-06 0.0 10.751613 -0.479867 1.397903 1e-06 -1e-06 0.0 3.273802 0.305946 -0.58011 21.486782 11.830356 2.266128 8.162913 3e-06 -1e-06 18.399054 -3.798978 -4.940567 2e-06 0.0 -0.0 5.79139 8.896269 -65.028442 0.382606 1.922542 125.92585 -2.62749 -23.88509 36.161453 1.211829 -1.687391 -8.820324 1e-06 0.0 1e-06 2.444792 -1.424634 -25.81094 0.47839 2.214784 87.591812 -1.2649 15.127439 37.833019 -1.380769 0.857057 -7.177771 -0.0 0.0 -3e-06 
0.0 0.0 0.0 0.0 -0.0 0.0 2.930475 48.824482 -0.8693 -9.178154 -2.845637 40.523911 -1.452473 1.139285 24.462181 -0.668399 2.673713 2.502364 -0.500867 2.067053 12.779357 -1.944654 2.302361 0.813214 1.103193 1.708727 -3.722863 3.086771 2.216341 -0.373939 7.7e-05 -2.3e-05 6e-06 -0.141439 0.016948 -0.137972 0.490043 -3.69762 -10.413582 -0.768089 3.731242 -10.473265 8.840646 -20.132074 7.70627 -35.992348 -48.150066 0.022919 0.337597 -29.680481 0.036054 80.647156 -10.166134 -2.996614 -5.882103 9.861284 0.702589 -10.936866 -0.360576 7.156206 1e-06 8.774825 -1e-06 -15.402924 17.959965 6.307882 -1.844032 2.498504 -2.507278 -10.163595 4.678944 4.621109 -20.976017 -4e-06 2e-06 -21.226276 2.451696 -3.593999 -1e-06 -6e-06 1e-06 -1.362681 2.240798 -0.746323 -21.334906 0.584907 3.008322 -13.821208 -4e-06 3e-06 -23.887161 -0.24908 -0.839482 -59.677322 2.815358 -0.643582 -0.294025 1.679687 0.833256 -14.218205 0.093214 1.30058 -34.212036 -0.287564 0.967172 -20.033209 0.964537 1.212844 -0.0 0.0 0.0 -3.440387 0.788233 0.501656 -15.928181 -3.16731 2.999708 -6.338824 -1e-06 1e-06 -18.123444 3.648182 -4.905671 -4e-06 0.0 -1e-06 -18.546419 44.506516 0.64044 1.181426 29.933533 -40.466614 0.475977 26.476936 -0.248204 -56.209518 -17.79933 -11.76515 2.243541 -5.255035 -3.180158 14.282883 -0.826592 6.952498 -4e-06 -12.6906 -1e-06 15.343553 -17.817297 3.050958 1.665666 -1.955921 -2.878298 4.727797 -4.170585 4.993922 11.02052 3e-06 -2e-06 12.109045 -3.735712 -2.866783 0.0 -1e-06 -1e-06 1.291985 -1.928549 -1.498089 14.80012 0.56747 3.865603 14.242565 -1.341735 -6.660659 19.631956 0.143928 -0.648243 49.276741 -0.445602 -6.137451 0.353028 -1.51115 -0.03194 20.222784 3.684313 2.316629 18.787266 7e-06 -1e-06 10.751623 -0.479866 1.397903 1e-06 -0.0 0.0 3.273806 0.305946 -0.58011 21.486803 11.830376 2.266129 8.162923 2e-06 -1e-06 18.399075 -3.798983 -4.940573 2e-06 1e-06 -0.0 4.700576 8.426861 -64.305008 0.360185 2.023543 124.735802 -0.593914 -21.553509 34.755386 1.170829 -1.687733 -9.392796 1e-06 1e-06 1e-06 2.137209 -1.826221 -25.04826 0.486299 2.210491 84.834244 -1.045668 14.630807 39.318672 -1.397112 0.857405 -6.60092 -0.0 -0.0 -2e-06 
0.0 0.0 0.0 0.0 -0.0 0.0 2.626711 48.830391 0.911886 -8.433266 -2.748563 41.66333 -1.676476 1.04044 24.145664 -0.573271 2.332122 2.441199 -0.755335 1.188875 12.176652 -1.1687 1.958198 0.798997 0.721535 1.536072 -3.644568 3.100784 2.305819 -0.273576 7.7e-05 -2.2e-05 7e-06 -0.105413 0.006803 -0.129335 0.534575 -3.731191 -10.518433 -0.738003 3.737421 -10.56398 8.196469 -20.7885 8.262428 -36.7948 -45.817867 0.321051 0.585962 -30.873043 0.008342 80.49456 -10.10844 -2.057082 -5.8821 9.861277 0.70259 -10.936857 -0.360573 7.156197 -1e-06 8.774817 -0.0 -15.248898 18.031729 6.398796 -1.844031 2.498501 -2.507275 -10.163588 4.67894 4.621103 -20.976004 -5e-06 1e-06 -21.226263 2.451693 -3.593999 -0.0 -6e-06 0.0 -1.36268 2.240796 -0.746323 -21.33489 0.584908 3.008319 -13.821199 -3e-06 1e-06 -23.887142 -0.249081 -0.839483 -59.774456 2.978025 -0.766482 -0.294024 1.679684 0.833257 -14.218194 0.093215 1.300578 -34.212013 -0.287565 0.967169 -20.033192 0.964535 1.212842 0.0 0.0 1e-06 -3.440384 0.788233 0.501656 -15.928168 -3.167306 2.999703 -6.33882 -2e-06 0.0 -18.123426 3.648179 -4.905666 -4e-06 -0.0 -2e-06 -18.455601 43.031071 0.463331 2.499125 33.064953 -39.60976 0.464396 26.560217 -0.241526 -58.488911 -17.331884 -10.442472 2.243541 -5.255037 -3.180158 14.282894 -0.826595 6.952506 -3e-06 -12.690601 -2e-06 15.322643 -17.906994 3.086627 1.665665 -1.955922 -2.878298 4.7278 -4.170588 4.993925 11.020528 4e-06 -0.0 12.109056 -3.735716 -2.866784 0.0 -1e-06 -1e-06 1.291986 -1.928547 -1.49809 14.800131 0.56747 3.865611 14.242576 -1.341738 -6.660657 19.631969 0.143926 -0.648243 49.170662 -0.427569 -6.229396 0.353028 -1.511151 -0.031941 20.222797 3.684309 2.31663 18.787273 4e-06 1e-06 10.751631 -0.47987 1.397907 2e-06 -1e-06 0.0 3.273807 0.305948 -0.580111 21.486816 11.830373 2.266137 8.162927 3e-06 0.0 18.399084 -3.798983 -4.940573 2e-06 1e-06 -0.0 3.516651 7.863685 -63.317287 0.33863 2.057499 123.291183 1.234786 -20.238857 33.927006 1.170566 -1.700035 -9.58153 1e-06 1e-06 1e-06 1.69025 -2.230472 -24.167614 0.476671 2.254758 81.926201 -0.68024 14.050309 41.076645 -1.352859 0.93834 -6.149154 -0.0 0.0 -2e-06 
0.0 0.0 0.0 0.0 -0.0 0.0 2.355968 48.954956 2.751197 -7.921247 -2.698803 42.677658 -1.672134 0.963785 23.89617 -0.518431 1.957524 2.299532 -0.831455 0.490255 11.849089 -0.818211 1.602452 0.705244 0.521774 1.427429 -3.6114 3.186547 2.233536 -0.159136 7.7e-05 -2.2e-05 6e-06 -0.049792 -0.013764 -0.14229 0.588663 -3.773348 -10.620855 -0.683228 3.738145 -10.648923 7.460782 -21.614523 8.576655 -37.410946 -43.085388 0.448452 0.600231 -32.449207 0.073602 80.244843 -10.067864 -1.250052 -5.882107 9.861281 0.70259 -10.93687 -0.360573 7.156203 1e-06 8.774821 -0.0 -15.293707 18.183821 6.494622 -1.844033 2.498503 -2.507277 -10.163599 4.678943 4.621108 -20.976021 -1e-06 4e-06 -21.226282 2.451698 -3.593997 0.0 -6e-06 1e-06 -1.362681 2.240796 -0.746323 -21.334913 0.584913 3.008323 -13.82121 -1e-06 3e-06 -23.887169 -0.249076 -0.839484 -60.160797 3.046454 -0.906383 -0.294025 1.679687 0.833255 -14.218206 0.093217 1.30058 -34.212048 -0.287559 0.96717 -20.033211 0.964538 1.212842 0.0 -0.0 -1e-06 -3.440389 0.788233 0.501656 -15.928183 -3.167306 2.999707 -6.338826 -1e-06 1e-06 -18.123444 3.648182 -4.905668 -4e-06 0.0 -2e-06 -18.292099 41.467499 0.452733 3.509699 35.98587 -38.08033 0.432177 26.948851 -0.211623 -60.449963 -16.937687 -8.859672 2.243541 -5.255031 -3.180153 14.282876 -0.826597 6.952496 1e-06 -12.69059 3e-06 15.359797 -17.811558 3.057562 1.665665 -1.955919 -2.878295 4.727796 -4.170584 4.993918 11.020515 2e-06 -0.0 12.109041 -3.735713 -2.86678 0.0 -0.0 -1e-06 1.291985 -1.928548 -1.498087 14.800115 0.567466 3.865603 14.242559 -1.341735 -6.660649 19.631948 0.143925 -0.648246 49.054581 -0.3729 -6.271369 0.353029 -1.511149 -0.031939 20.222773 3.684301 2.316627 18.787254 2e-06 -2e-06 10.751619 -0.479869 1.397904 1e-06 -0.0 -1e-06 3.273804 0.305946 -0.580111 21.48679 11.830358 2.266125 8.162921 0.0 0.0 18.399069 -3.798985 -4.940573 1e-06 -0.0 -0.0 2.735611 7.565464 -61.920925 0.294127 1.984638 121.850426 2.676873 -19.18589 32.272797 1.220966 -1.666307 -10.140823 1e-06 1e-06 1e-06 1.449651 -2.652833 -23.416555 0.453913 2.403062 79.305405 -0.350692 13.739628 42.257359 -1.333818 0.954286 -5.783389 -0.0 0.0 -2e-06 
0.0 0.0 0.0 0.0 -0.0 0.0 2.10206 49.21841 4.533439 -7.742347 -2.847705 43.376202 -1.569384 0.990839 23.723867 -0.463875 1.734178 2.222371 -0.67546 -0.019999 11.678105 -0.915498 1.437869 0.50172 0.399106 1.242657 -3.563977 3.093487 2.091473 0.249034 7.7e-05 -2.2e-05 6e-06 0.017388 -0.037124 -0.155002 0.664602 -3.827936 -10.689731 -0.62725 3.744531 -10.716555 6.905736 -22.231403 8.469166 -38.123062 -40.438946 0.897136 0.377706 -34.132195 0.079844 79.60022 -9.655269 -0.574452 -5.882099 9.861276 0.70259 -10.936861 -0.360575 7.156197 1e-06 8.774817 0.0 -15.449253 18.154121 6.44798 -1.84403 2.498502 -2.507275 -10.163589 4.67894 4.621106 -20.976004 -4e-06 3e-06 -21.226267 2.451694 -3.593998 -0.0 -6e-06 -0.0 -1.362681 2.240796 -0.746323 -21.33489 0.584908 3.008321 -13.821199 -3e-06 3e-06 -23.887142 -0.24908 -0.839483 -60.334286 3.014961 -0.94254 -0.294024 1.679685 0.833255 -14.218191 0.093213 1.30058 -34.212009 -0.287565 0.967169 -20.033192 0.964535 1.212842 0.0 0.0 1e-06 -3.440384 0.788232 0.501655 -15.928172 -3.167306 2.999704 -6.33882 -1e-06 2e-06 -18.123426 3.648178 -4.905665 -3e-06 -0.0 -2e-06 -18.1285 40.409069 0.207741 4.345912 38.168537 -35.335098 0.61938 27.136379 -0.061026 -62.340572 -16.449081 -7.564748 2.243539 -5.255032 -3.180155 14.282878 -0.826593 6.952495 -2e-06 -12.690598 -0.0 15.315783 -17.703653 3.006161 1.665665 -1.95592 -2.878296 4.727794 -4.170585 4.99392 11.020517 4e-06 -1e-06 12.109043 -3.735713 -2.866782 0.0 -1e-06 -2e-06 1.291985 -1.928547 -1.498089 14.800114 0.56747 3.865603 14.242559 -1.341735 -6.660653 19.631948 0.143928 -0.648246 48.84581 -0.323796 -6.369366 0.353028 -1.511149 -0.031938 20.222771 3.684308 2.316627 18.787254 5e-06 -2e-06 10.751618 -0.479867 1.397904 1e-06 0.0 -1e-06 3.273802 0.305948 -0.58011 21.486795 11.830367 2.266129 8.16292 1e-06 2e-06 18.399063 -3.798982 -4.940573 1e-06 -0.0 -0.0 2.408763 7.586087 -60.148369 0.227119 1.905183 120.107925 3.492987 -18.675135 30.518476 1.19903 -1.659573 -10.703625 0.0 -0.0 1e-06 1.211923 -2.880588 -23.007378 0.45423 2.794665 77.589104 0.488645 14.002218 42.815845 -1.391307 0.897866 -6.796477 -0.0 0.0 -2e-06 
0.0 0.0 0.0 0.0 -0.0 0.0 1.915811 49.517376 6.220562 -7.871243 -3.021355 43.814217 -1.267801 0.940148 23.611454 -0.491088 1.639416 2.069638 -0.197116 -0.14078 11.760527 -1.193067 1.329161 0.37185 0.39189 1.210501 -3.578054 2.922799 2.010095 0.609375 7.7e-05 -2.2e-05 6e-06 0.030699 -0.045587 -0.163563 0.671807 -3.837174 -10.715989 -0.606091 3.737689 -10.766059 6.704689 -22.730621 8.590372 -38.225056 -38.4953 1.143122 0.372057 -35.924973 0.205742 77.885109 -8.339824 -0.067383 -5.882103 9.861283 0.70259 -10.936861 -0.360575 7.1562 1e-06 8.774821 -0.0 -15.585683 18.330015 6.359194 -1.844031 2.498503 -2.507277 -10.163595 4.678943 4.621106 -20.976013 -5e-06 2e-06 -21.226276 2.451694 -3.594 0.0 -6e-06 -0.0 -1.362682 2.240798 -0.746324 -21.334902 0.584908 3.008321 -13.821205 -4e-06 1e-06 -23.887154 -0.249081 -0.839484 -60.534962 3.041576 -1.099022 -0.294025 1.679686 0.833256 -14.218201 0.093214 1.300578 -34.212029 -0.287566 0.967169 -20.033201 0.964535 1.212843 0.0 0.0 0.0 -3.440387 0.788232 0.501655 -15.928179 -3.167309 2.999706 -6.338823 -1e-06 0.0 -18.12344 3.64818 -4.905671 -4e-06 0.0 -2e-06 -17.770941 39.99139 0.249703 4.408882 39.556797 -32.397221 0.876635 26.874727 0.093886 -63.627613 -16.658127 -6.711559 2.243541 -5.255032 -3.180156 14.282882 -0.826592 6.952497 -2e-06 -12.690598 1e-06 15.284228 -17.735346 3.036835 1.665666 -1.95592 -2.878299 4.727796 -4.170587 4.993921 11.02052 4e-06 -2e-06 12.109046 -3.735713 -2.866783 1e-06 -1e-06 1e-06 1.291986 -1.928546 -1.498089 14.800118 0.56747 3.865604 14.242566 -1.341734 -6.660655 19.631958 0.143927 -0.648246 48.800934 -0.30651 -6.370905 0.353029 -1.51115 -0.03194 20.222784 3.68431 2.316625 18.787264 7e-06 -1e-06 10.751622 -0.479867 1.397905 -0.0 -0.0 0.0 3.273806 0.305946 -0.580111 21.486801 11.830368 2.266128 8.162921 2e-06 2e-06 18.399073 -3.798981 -4.940572 3e-06 -0.0 -1e-06 2.434342 7.711456 -58.265919 0.127393 1.718332 118.184608 3.735043 -18.803085 29.571045 1.167802 -1.671156 -11.620108 -0.0 -0.0 3e-06 0.840699 -3.099259 -23.663296 0.508777 3.037134 77.691177 1.003112 14.673497 42.914875 -1.432009 0.907212 -5.742336 -0.0 -0.0 -2e-06 
0.0 0.0 0.0 0.0 -0.0 0.0 1.794303 49.863232 7.863682 -8.098801 -3.217076 43.982925 -0.892441 0.824055 23.563541 -0.481236 1.625267 1.975912 0.452654 -0.041137 11.874885 -1.526835 1.295167 0.313625 0.514622 1.333694 -3.578696 2.765559 1.985071 0.948381 7.7e-05 -2.3e-05 6e-06 0.042527 -0.050089 -0.165667 0.687603 -3.834548 -10.718045 -0.595528 3.727346 -10.780377 6.901948 -23.04756 8.527366 -38.001377 -37.026649 0.941719 0.488437 -38.161701 0.29553 75.266022 -6.701357 0.646442 -5.882095 9.861271 0.70259 -10.936852 -0.360573 7.156194 1e-06 8.774813 1e-06 -15.784369 18.551476 6.333513 -1.844029 2.4985 -2.507275 -10.163582 4.678938 4.621101 -20.975988 -5e-06 -1e-06 -21.226252 2.451691 -3.593996 0.0 -6e-06 0.0 -1.362679 2.240795 -0.746322 -21.334881 0.584908 3.008317 -13.821193 -4e-06 2e-06 -23.887133 -0.249081 -0.839484 -60.82634 3.102893 -1.194092 -0.294025 1.679685 0.833255 -14.218186 0.093215 1.300578 -34.211994 -0.287565 0.967166 -20.03318 0.964534 1.212841 -0.0 0.0 1e-06 -3.440381 0.788232 0.501655 -15.928162 -3.167304 2.999701 -6.338816 -1e-06 1e-06 -18.123421 3.648176 -4.905663 -4e-06 0.0 -1e-06 -17.407295 40.153587 0.280544 4.29701 40.380848 -29.368143 1.061324 26.089773 0.187191 -64.69355 -16.922009 -6.460021 2.243537 -5.255032 -3.180155 14.282874 -0.826593 6.952497 -2e-06 -12.690592 -0.0 15.30557 -17.724974 3.067417 1.665664 -1.95592 -2.878297 4.727793 -4.170585 4.993919 11.020512 4e-06 -2e-06 12.109038 -3.735713 -2.866783 0.0 -1e-06 1e-06 1.291983 -1.928547 -1.498088 14.800112 0.567467 3.865603 14.242558 -1.341735 -6.660653 19.631945 0.143927 -0.648246 48.697311 -0.348978 -6.415287 0.353029 -1.511147 -0.03194 20.222769 3.684308 2.316627 18.787254 6e-06 -1e-06 10.751616 -0.479868 1.397905 1e-06 -0.0 -0.0 3.273803 0.305946 -0.58011 21.486788 11.830367 2.266129 8.162916 3e-06 1e-06 18.399061 -3.798982 -4.940571 3e-06 -0.0 -2e-06 2.604285 7.748899 -56.257404 0.023494 1.516523 116.130486 3.31354 -19.381105 29.097546 1.114244 -1.68977 -12.582316 -0.0 0.0 3e-06 0.340885 -3.518324 -25.469851 0.595586 3.196541 79.869118 1.039639 15.555928 42.39217 -1.470464 0.914367 -4.545368 -0.0 0.0 -2e-06 
0.0 0.0 0.0 0.0 -0.0 0.0 1.732998 50.231316 9.482567 -8.335896 -3.366979 43.914165 -0.440854 0.671997 23.612484 -0.384053 1.65374 1.985848 1.167385 0.146732 11.961067 -1.933003 1.345659 0.26907 0.750331 1.566867 -3.547766 2.796919 2.028364 1.191896 7.7e-05 -2.3e-05 6e-06 0.054825 -0.048313 -0.164313 0.706573 -3.824444 -10.710295 -0.587449 3.721625 -10.765482 7.467114 -23.275972 8.254857 -37.104908 -35.973885 -0.620596 0.760188 -41.087051 0.270712 72.199181 -5.337971 1.333764 -5.882105 9.861283 0.702591 -10.936873 -0.360574 7.156207 1e-06 8.774823 -1e-06 -15.994852 18.809965 6.456059 -1.844031 2.498505 -2.507278 -10.163601 4.678945 4.62111 -20.976027 -4e-06 2e-06 -21.226288 2.451695 -3.594 0.0 -6e-06 0.0 -1.362682 2.240798 -0.746324 -21.334913 0.58491 3.008323 -13.821215 -3e-06 3e-06 -23.887171 -0.249078 -0.839484 -61.268654 3.179663 -1.204144 -0.294025 1.679687 0.833255 -14.218208 0.093215 1.30058 -34.212048 -0.287564 0.96717 -20.033213 0.964536 1.212843 -0.0 -0.0 0.0 -3.440389 0.788233 0.501654 -15.928191 -3.167309 2.999708 -6.338826 -1e-06 2e-06 -18.123449 3.648182 -4.905671 -4e-06 0.0 -2e-06 -16.930693 40.683491 0.404171 4.170338 40.777332 -26.5951 1.029157 25.125418 0.166789 -65.783989 -17.000246 -6.696048 2.243543 -5.255037 -3.180159 14.282896 -0.826596 6.952504 -1e-06 -12.690607 0.0 15.293536 -17.684345 3.141636 1.665666 -1.955922 -2.878299 4.7278 -4.170588 4.993925 11.020529 3e-06 0.0 12.109056 -3.735718 -2.866783 1e-06 -1e-06 0.0 1.291986 -1.928551 -1.498089 14.800132 0.567467 3.865609 14.242577 -1.341738 -6.660657 19.631973 0.143925 -0.648246 48.585171 -0.392065 -6.450591 0.353029 -1.511151 -0.031939 20.222801 3.684309 2.316631 18.787283 2e-06 -2e-06 10.751633 -0.47987 1.397906 -0.0 -0.0 0.0 3.273808 0.305948 -0.580109 21.48682 11.830374 2.266134 8.162929 2e-06 1e-06 18.399092 -3.798988 -4.940579 3e-06 -1e-06 -1e-06 2.826961 7.615677 -54.103909 -0.054769 1.331918 114.043671 2.614924 -20.049221 28.745682 1.051869 -1.71489 -13.416084 -0.0 1e-06 3e-06 -0.186769 -4.145951 -28.299732 0.701625 3.201922 83.765236 0.527408 16.094572 41.525093 -1.514354 0.917292 -3.627337 -0.0 0.0 -2e-06 
0.0 0.0 0.0 0.0 -0.0 0.0 1.716201 50.585938 11.05683 -8.410894 -3.402584 43.622147 0.053905 0.498782 23.730757 -0.177873 1.622602 2.102549 1.835066 0.28477 12.026982 -2.292687 1.398406 0.270268 0.998461 1.889591 -3.503482 2.967852 2.141985 1.279938 7.7e-05 -2.2e-05 6e-06 0.061629 -0.041448 -0.163515 0.713582 -3.807308 -10.688944 -0.579006 3.718555 -10.72645 8.389783 -23.633888 7.804768 -35.140205 -35.322197 -4.23854 0.987307 -44.316029 0.217591 69.169098 -4.444989 1.526194 -5.882103 9.861278 0.702593 -10.936872 -0.360574 7.156201 2e-06 8.774819 1e-06 -16.098961 19.044645 6.682117 -1.844032 2.498502 -2.507274 -10.163596 4.678943 4.621105 -20.976019 -4e-06 6e-06 -21.22628 2.451697 -3.593993 0.0 -6e-06 -1e-06 -1.362682 2.240796 -0.746322 -21.334908 0.584908 3.008324 -13.821213 -3e-06 5e-06 -23.887165 -0.249078 -0.839479 -61.628723 3.227673 -1.213663 -0.294025 1.679685 0.833256 -14.218204 0.093214 1.300581 -34.212048 -0.287563 0.967173 -20.033211 0.964536 1.212844 -0.0 -1e-06 0.0 -3.44039 0.788233 0.501655 -15.928185 -3.167308 2.999704 -6.338825 -1e-06 2e-06 -18.123442 3.64818 -4.905663 -4e-06 0.0 -2e-06 -16.322187 41.252174 0.620014 4.179638 41.087265 -24.02791 0.821391 24.094866 0.070698 -66.883095 -16.756096 -7.295494 2.24354 -5.25503 -3.180152 14.282872 -0.826596 6.952494 -0.0 -12.69059 4e-06 15.237896 -17.64171 3.242998 1.665665 -1.955919 -2.878295 4.727794 -4.170585 4.993918 11.020514 1e-06 -1e-06 12.109041 -3.735711 -2.866779 0.0 -0.0 1e-06 1.291984 -1.928548 -1.498086 14.800114 0.567465 3.865601 14.242558 -1.341734 -6.660648 19.631947 0.143926 -0.648246 48.519073 -0.412185 -6.457363 0.353029 -1.511148 -0.031939 20.222769 3.684304 2.316624 18.787251 4e-06 -2e-06 10.751616 -0.479869 1.397902 -0.0 0.0 0.0 3.273803 0.305947 -0.58011 21.48679 11.830359 2.266124 8.162917 0.0 0.0 18.399065 -3.798982 -4.94057 3e-06 -0.0 -2e-06 2.996271 7.191919 -51.811031 -0.100915 1.179219 111.935837 1.828823 -20.591164 28.426577 0.991063 -1.737825 -14.011652 0.0 -1e-06 2e-06 -0.755803 -4.882535 -32.034565 0.80988 3.005916 88.953842 -0.30853 15.883635 40.497211 -1.572686 0.913974 -3.003289 -0.0 0.0 -2e-06 
0.0 0.0 0.0 0.0 -0.0 0.0 1.705422 50.853642 12.532769 -8.187592 -3.287798 43.080994 0.506114 0.31558 23.913647 0.094564 1.474191 2.26104 2.409269 0.244957 12.122619 -2.486911 1.407999 0.331401 1.186802 2.221232 -3.463205 3.156395 2.296915 1.270976 7.7e-05 -2.2e-05 6e-06 0.067065 -0.033986 -0.162011 0.722689 -3.79453 -10.676649 -0.576983 3.720855 -10.69552 9.591604 -24.356234 7.274229 -31.84354 -35.052273 -9.432936 1.179503 -46.64938 0.139138 66.423981 -3.56157 1.106004 -5.882104 9.861283 0.702589 -10.936865 -0.360575 7.156202 -1e-06 8.774822 -1e-06 -16.020224 19.216192 6.883834 -1.844033 2.498504 -2.507277 -10.163593 4.678941 4.621106 -20.976013 -3e-06 3e-06 -21.226276 2.451695 -3.594 0.0 -6e-06 -1e-06 -1.362681 2.240797 -0.746323 -21.334904 0.584908 3.008321 -13.821207 -3e-06 2e-06 -23.887157 -0.249079 -0.839482 -61.702057 3.196794 -1.286348 -0.294025 1.679686 0.833254 -14.218201 0.093215 1.300579 -34.212032 -0.287565 0.967171 -20.033201 0.964535 1.212844 0.0 0.0 0.0 -3.440388 0.788233 0.501655 -15.928177 -3.16731 2.999707 -6.338824 -1e-06 0.0 -18.12344 3.648181 -4.905669 -5e-06 -0.0 -2e-06 -15.588138 41.57835 0.942195 4.42785 41.573917 -21.722128 0.561985 23.217571 -0.034737 -67.862411 -16.148188 -7.988897 2.243541 -5.255037 -3.180158 14.282889 -0.826593 6.952503 -1e-06 -12.690608 -3e-06 15.23905 -17.610701 3.267693 1.665666 -1.955922 -2.878299 4.727798 -4.170587 4.993924 11.020522 4e-06 -0.0 12.109049 -3.735718 -2.866785 0.0 -1e-06 0.0 1.291985 -1.928549 -1.498089 14.800127 0.567468 3.865609 14.242571 -1.341739 -6.660658 19.631962 0.143925 -0.648242 48.524635 -0.412983 -6.438278 0.353029 -1.51115 -0.03194 20.222786 3.68431 2.316633 18.78727 4e-06 -1e-06 10.751626 -0.479868 1.397907 -0.0 0.0 0.0 3.273806 0.305946 -0.580111 21.486811 11.830376 2.266136 8.162924 3e-06 2e-06 18.39908 -3.798985 -4.940575 3e-06 -1e-06 -2e-06 3.053022 6.429153 -49.401321 -0.123002 1.058201 109.913857 1.134588 -21.026939 28.131245 0.941681 -1.745672 -14.285898 0.0 -1e-06 3e-06 -1.389188 -5.622327 -36.374393 0.876975 2.620856 94.905724 -0.989286 15.192436 39.671024 -1.632927 0.91064 -2.634505 -0.0 0.0 -3e-06 
0.0 0.0 0.0 0.0 -0.0 0.0 1.649079 50.991661 13.86662 -7.616114 -2.994467 42.363022 0.869319 0.104583 24.118139 0.383584 1.201378 2.41146 2.889702 -0.043231 12.266413 -2.498714 1.413096 0.422668 1.323183 2.468258 -3.426086 3.307099 2.442337 1.165271 7.7e-05 -2.3e-05 6e-06 0.063229 -0.026112 -0.162383 0.722077 -3.788274 -10.688501 -0.58574 3.731606 -10.692095 10.995048 -25.567301 6.681681 -27.246447 -34.780941 -15.52767 1.224442 -47.18465 0.11953 63.981567 -2.239494 0.45679 -5.8821 9.861281 0.702589 -10.936861 -0.360577 7.156202 0.0 8.774822 -3e-06 -15.848698 19.271952 6.984254 -1.84403 2.498503 -2.507277 -10.16359 4.678941 4.621107 -20.976006 -4e-06 5e-06 -21.226269 2.451697 -3.593996 0.0 -6e-06 1e-06 -1.362679 2.240797 -0.746323 -21.334896 0.584907 3.008324 -13.821205 -2e-06 5e-06 -23.887152 -0.249077 -0.839478 -61.55249 3.130409 -1.412356 -0.294024 1.679687 0.833254 -14.218199 0.093213 1.300581 -34.212021 -0.287564 0.967175 -20.033197 0.964536 1.212846 0.0 0.0 0.0 -3.440385 0.788233 0.501656 -15.928176 -3.167309 2.999709 -6.338821 -2e-06 3e-06 -18.12343 3.648182 -4.905665 -5e-06 1e-06 0.0 -14.806765 41.566986 1.337653 4.958391 42.362068 -19.643217 0.33942 22.619181 -0.113808 -68.887077 -15.323006 -8.305115 2.24354 -5.255033 -3.180155 14.282883 -0.826593 6.952499 -3e-06 -12.690595 0.0 15.309102 -17.582205 3.207732 1.665665 -1.955919 -2.878297 4.727796 -4.170585 4.993922 11.02052 2e-06 0.0 12.109047 -3.735715 -2.866781 -1e-06 -0.0 1e-06 1.291984 -1.928548 -1.498088 14.80012 0.567467 3.865606 14.242563 -1.341734 -6.660652 19.631954 0.143928 -0.648245 48.58503 -0.423136 -6.415515 0.353029 -1.511149 -0.03194 20.222782 3.684308 2.31663 18.78726 5e-06 2e-06 10.751622 -0.479868 1.397906 0.0 -0.0 0.0 3.273805 0.305948 -0.58011 21.486799 11.830366 2.266131 8.162921 2e-06 0.0 18.399071 -3.798982 -4.940572 1e-06 -0.0 -2e-06 2.973532 5.278193 -46.891884 -0.129099 0.980358 108.011536 0.517663 -21.345144 27.791452 0.912269 -1.73247 -14.301641 -0.0 -2e-06 2e-06 -2.076159 -6.32024 -41.145977 0.881456 2.137801 101.216217 -1.059275 14.786004 39.191311 -1.682817 0.901291 -2.378449 -0.0 0.0 -2e-06 
0.0 0.0 0.0 0.0 -0.0 0.0 1.513898 51.001667 15.109748 -6.710934 -2.435971 41.537289 1.18384 -0.152366 24.295855 0.636741 0.792686 2.552273 3.296007 -0.59008 12.480972 -2.311207 1.420495 0.486117 1.397476 2.60794 -3.403769 3.354264 2.554429 0.948821 7.7e-05 -2.2e-05 6e-06 0.049736 -0.016953 -0.165354 0.707138 -3.786436 -10.730114 -0.60121 3.750103 -10.720763 12.540559 -27.313328 6.073532 -21.578884 -34.11385 -21.718573 1.073195 -45.388683 0.104391 61.789246 -0.126336 -0.167822 -5.882101 9.861275 0.70259 -10.936861 -0.360575 7.156198 -1e-06 8.774819 -1e-06 -15.718458 19.205343 6.989252 -1.84403 2.498502 -2.507274 -10.16359 4.678941 4.621103 -20.976006 -3e-06 4e-06 -21.226269 2.451696 -3.593996 -0.0 -6e-06 0.0 -1.36268 2.240796 -0.746322 -21.334896 0.584908 3.008319 -13.821204 -2e-06 3e-06 -23.887152 -0.249078 -0.839481 -61.27589 3.07506 -1.509923 -0.294024 1.679686 0.833255 -14.218197 0.093215 1.300578 -34.212017 -0.287564 0.967169 -20.033194 0.964535 1.212842 -0.0 -0.0 -0.0 -3.440384 0.788233 0.501655 -15.928172 -3.167305 2.999702 -6.338821 -1e-06 1e-06 -18.12343 3.64818 -4.905664 -5e-06 1e-06 -2e-06 -14.004275 41.252975 1.768382 5.714469 43.42506 -17.614056 0.154728 22.22772 -0.165266 -69.951088 -14.458247 -7.874086 2.243538 -5.255028 -3.180152 14.282872 -0.826592 6.952492 -4e-06 -12.690585 3e-06 15.469053 -17.591505 3.106936 1.665663 -1.955918 -2.878294 4.727792 -4.17058 4.993918 11.020511 5e-06 -1e-06 12.109035 -3.735707 -2.866779 0.0 -1e-06 -1e-06 1.291984 -1.928547 -1.498088 14.800108 0.567468 3.865602 14.242552 -1.341732 -6.660648 19.631939 0.143928 -0.648244 48.793236 -0.458207 -6.371187 0.353029 -1.511148 -0.031939 20.222765 3.684308 2.316627 18.787249 6e-06 1e-06 10.751615 -0.479866 1.397905 0.0 0.0 -1e-06 3.273803 0.305946 -0.58011 21.486786 11.830359 2.266126 8.162915 3e-06 1e-06 18.399055 -3.798979 -4.940567 1e-06 -0.0 -1e-06 2.810011 3.735601 -44.298595 -0.128397 0.954031 106.22332 0.013266 -21.480789 27.458849 0.923889 -1.703702 -14.072729 -0.0 -1e-06 2e-06 -2.677342 -6.947831 -46.166534 0.821961 1.643274 107.531906 -0.374894 15.098154 39.031555 -1.708634 0.89229 -2.215984 0.0 0.0 -1e-06 
0.0 0.0 0.0 0.0 -0.0 0.0 1.283089 50.910927 16.339993 -5.574634 -1.557205 40.658966 1.524466 -0.456338 24.431845 0.833021 0.242149 2.679426 3.628241 -1.329715 12.785543 -1.874507 1.419992 0.482908 1.378737 2.639802 -3.381851 3.243932 2.629663 0.638695 7.7e-05 -2.3e-05 6e-06 0.023551 -0.005894 -0.173563 0.675248 -3.779922 -10.786425 -0.626019 3.768017 -10.766177 14.144615 -29.496677 5.438943 -15.377481 -32.90321 -27.121229 0.578078 -41.292934 0.127627 59.545597 2.716076 -0.714366 -5.882102 9.861279 0.702591 -10.936863 -0.360575 7.156201 1e-06 8.77482 -1e-06 -15.674196 19.059217 6.897494 -1.844032 2.498503 -2.507276 -10.163592 4.678942 4.621106 -20.976006 -1e-06 4e-06 -21.226271 2.451697 -3.593997 -0.0 -6e-06 -0.0 -1.36268 2.240797 -0.746323 -21.334896 0.58491 3.008324 -13.821206 -1e-06 3e-06 -23.887154 -0.249075 -0.839482 -60.913074 3.056918 -1.56785 -0.294026 1.679687 0.833255 -14.218198 0.093214 1.300581 -34.212021 -0.287561 0.967172 -20.033197 0.964537 1.212843 -0.0 -0.0 -1e-06 -3.440386 0.788232 0.501656 -15.928176 -3.167307 2.999708 -6.338823 0.0 2e-06 -18.123436 3.648182 -4.905665 -4e-06 0.0 -1e-06 -13.12701 40.702023 2.219626 6.590666 44.655621 -15.457587 0.009645 21.956188 -0.183909 -70.961975 -13.709369 -6.69888 2.24354 -5.255033 -3.180154 14.282881 -0.826598 6.952496 -1e-06 -12.690593 0.0 15.739794 -17.649734 2.980973 1.665665 -1.95592 -2.878295 4.727797 -4.170587 4.993919 11.020518 0.0 -0.0 12.109044 -3.735715 -2.866781 -1e-06 -1e-06 0.0 1.291985 -1.928548 -1.498088 14.800118 0.567464 3.865604 14.242562 -1.341738 -6.66065 19.631952 0.143922 -0.648246 49.190624 -0.504257 -6.300898 0.353029 -1.51115 -0.03194 20.222776 3.684303 2.316628 18.787256 1e-06 -1e-06 10.751619 -0.479869 1.397903 0.0 -0.0 1e-06 3.273804 0.305947 -0.58011 21.486799 11.830362 2.266132 8.162922 -0.0 1e-06 18.399073 -3.798985 -4.940573 2e-06 0.0 -1e-06 2.658215 1.953429 -41.650337 -0.141719 0.935959 104.481743 -0.225797 -21.446878 27.209364 0.978474 -1.674624 -13.76443 -0.0 -1e-06 3e-06 -2.948497 -7.554967 -51.252186 0.732334 1.205668 113.364166 1.015102 16.251442 39.195148 -1.708847 0.877988 -2.169051 -0.0 -0.0 -2e-06 
0.0 0.0 0.0 0.0 -0.0 0.0 0.944178 50.726151 17.678652 -4.306002 -0.363198 39.750065 1.928199 -0.795055 24.572645 0.967755 -0.403617 2.784457 3.885196 -2.170035 13.159979 -1.169574 1.413589 0.454969 1.201488 2.522969 -3.366786 2.992935 2.66877 0.314962 7.7e-05 -2.2e-05 6e-06 -0.017965 0.005244 -0.185649 0.628958 -3.772094 -10.849107 -0.668053 3.785222 -10.83004 15.927429 -31.897472 4.635941 -9.60279 -31.376612 -30.889357 -0.246866 -35.647446 0.233963 57.054821 5.866165 -1.127464 -5.882102 9.861276 0.70259 -10.936864 -0.360576 7.1562 3e-06 8.774817 1e-06 -15.715101 18.945545 6.73774 -1.84403 2.498503 -2.507276 -10.163592 4.678941 4.621106 -20.976006 -5e-06 4e-06 -21.226269 2.451694 -3.593994 -1e-06 -6e-06 0.0 -1.362679 2.240795 -0.746322 -21.3349 0.584908 3.008321 -13.821205 -3e-06 3e-06 -23.887152 -0.249079 -0.839479 -60.552299 3.123167 -1.624421 -0.294025 1.679686 0.833256 -14.218197 0.093213 1.300581 -34.212021 -0.287564 0.967172 -20.033197 0.964537 1.212844 -0.0 0.0 -1e-06 -3.440387 0.788232 0.501655 -15.928176 -3.167308 2.999706 -6.33882 -1e-06 2e-06 -18.12343 3.648179 -4.905665 -5e-06 0.0 -0.0 -12.132784 39.898567 2.684055 7.542352 45.982994 -13.067237 -0.071975 21.762163 -0.172839 -71.868294 -13.347615 -4.992639 2.243541 -5.255037 -3.180157 14.282885 -0.826594 6.952499 -2e-06 -12.690603 -2e-06 16.103807 -17.742643 2.813939 1.665665 -1.95592 -2.878298 4.727797 -4.170584 4.993921 11.02052 2e-06 -3e-06 12.109048 -3.735714 -2.866783 -1e-06 -0.0 0.0 1.291985 -1.928549 -1.498089 14.800122 0.567469 3.865605 14.242567 -1.341736 -6.660657 19.631958 0.143928 -0.648246 49.674076 -0.584907 -6.254973 0.353029 -1.51115 -0.03194 20.222784 3.684311 2.316629 18.78727 6e-06 -1e-06 10.751625 -0.479868 1.397906 1e-06 0.0 1e-06 3.273805 0.305947 -0.58011 21.486807 11.830376 2.266133 8.162926 1e-06 1e-06 18.399076 -3.798982 -4.940576 4e-06 0.0 -1e-06 2.603495 0.097975 -38.943798 -0.168495 0.888886 102.724487 -0.0414 -21.23671 27.117464 1.068137 -1.651397 -13.41684 -0.0 -1e-06 2e-06 -2.732071 -8.20934 -56.242352 0.614967 0.849189 118.433075 2.947108 18.021103 39.780197 -1.672116 0.86834 -2.139756 -0.0 0.0 -3e-06 
0.0 0.0 0.0 0.0 -0.0 0.0 0.517397 50.524731 19.290037 -3.124527 0.95169 38.769623 2.346308 -1.134188 24.729877 1.038221 -0.993337 2.862653 4.091181 -2.974343 13.599994 -0.442445 1.367019 0.514807 0.961355 2.347628 -3.370742 2.79125 2.676268 0.230058 7.7e-05 -2.3e-05 6e-06 -0.060334 0.01517 -0.197091 0.589309 -3.764149 -10.916836 -0.717902 3.800013 -10.899267 17.663153 -33.963993 3.645959 -5.461547 -30.152222 -33.033901 -1.126003 -30.375204 0.31938 54.559223 8.210313 -1.578246 -5.882102 9.861281 0.702589 -10.936865 -0.360577 7.156204 -0.0 8.774821 -2e-06 -15.823588 18.872898 6.549946 -1.84403 2.498505 -2.507277 -10.163595 4.678943 4.621108 -20.976013 -3e-06 3e-06 -21.226273 2.451696 -3.593998 -1e-06 -6e-06 1e-06 -1.36268 2.240797 -0.746323 -21.334904 0.584908 3.008326 -13.821208 -3e-06 3e-06 -23.887157 -0.249078 -0.83948 -60.30307 3.235229 -1.724881 -0.294024 1.679686 0.833256 -14.218199 0.093214 1.300582 -34.212025 -0.287563 0.967175 -20.033201 0.964537 1.212845 0.0 -0.0 -0.0 -3.440386 0.788232 0.501655 -15.928177 -3.16731 2.999708 -6.338825 -1e-06 3e-06 -18.123436 3.648182 -4.905668 -4e-06 0.0 -1e-06 -11.003572 39.057926 3.177073 8.827449 47.141735 -10.632955 -0.139798 21.706976 -0.159883 -72.795204 -13.216153 -3.186093 2.243538 -5.255032 -3.180155 14.282873 -0.826593 6.952495 -3e-06 -12.690586 0.0 16.362356 -17.819126 2.667172 1.665663 -1.955919 -2.878295 4.727793 -4.170581 4.993919 11.020512 3e-06 -1e-06 12.109037 -3.73571 -2.86678 1e-06 -1e-06 1e-06 1.291984 -1.928548 -1.498087 14.800108 0.56747 3.865604 14.242557 -1.341733 -6.660649 19.631945 0.143927 -0.648241 49.963165 -0.685093 -6.284317 0.353029 -1.51115 -0.03194 20.222767 3.684306 2.316628 18.787249 6e-06 1e-06 10.751616 -0.479867 1.397905 1e-06 -0.0 0.0 3.273804 0.305946 -0.58011 21.486786 11.83036 2.26613 8.162915 2e-06 2e-06 18.399059 -3.798979 -4.940567 3e-06 1e-06 -1e-06 2.744753 -1.483694 -36.025661 -0.200511 0.758489 100.737564 0.383116 -20.949137 27.355003 1.18229 -1.625387 -13.409755 -0.0 1e-06 2e-06 -2.06134 -8.725729 -60.680283 0.454686 0.565331 122.297256 5.06718 19.677534 40.573551 -1.583735 0.885373 -2.280082 0.0 1e-06 -3e-06 
0.0 0.0 0.0 0.0 -0.0 0.0 0.046901 50.287682 21.153372 -2.128641 2.151198 37.79324 2.668033 -1.437327 24.825817 1.084748 -1.444287 2.895101 4.246392 -3.621147 13.994935 0.051031 1.281381 0.840156 0.802158 2.24543 -3.381354 2.659329 2.664167 0.270481 7.6e-05 -2.2e-05 6e-06 -0.084258 0.022737 -0.201638 0.579227 -3.762143 -10.983557 -0.756931 3.813646 -10.953665 18.895725 -35.26907 2.831263 -3.314073 -29.741179 -34.155682 -1.685171 -26.948418 0.331989 52.750332 9.225754 -2.167029 -5.882103 9.861284 0.702589 -10.93687 -0.360576 7.156207 -0.0 8.774826 -2e-06 -15.950683 18.80611 6.336587 -1.844031 2.498505 -2.507278 -10.163597 4.678945 4.621109 -20.976021 -2e-06 2e-06 -21.226278 2.451698 -3.594001 -1e-06 -6e-06 1e-06 -1.362682 2.240798 -0.746324 -21.334906 0.584909 3.008324 -13.821208 -3e-06 2e-06 -23.887167 -0.249078 -0.839482 -60.151051 3.294037 -1.8855 -0.294024 1.679688 0.833256 -14.218203 0.093214 1.300581 -34.212036 -0.287564 0.96717 -20.033207 0.964536 1.212844 0.0 -0.0 -0.0 -3.440388 0.788234 0.501656 -15.928183 -3.16731 2.999709 -6.338826 -1e-06 2e-06 -18.123444 3.648183 -4.90567 -4e-06 -0.0 -1e-06 -9.682705 38.344959 3.744102 10.695086 47.911106 -8.147843 -0.248037 21.883518 -0.161952 -73.863838 -12.855649 -1.581692 2.243542 -5.255037 -3.180158 14.282884 -0.826594 6.9525 -1e-06 -12.690603 -1e-06 16.440685 -17.854214 2.608321 1.665666 -1.955922 -2.878299 4.727798 -4.170586 4.993923 11.020522 2e-06 -3e-06 12.109048 -3.735715 -2.866786 0.0 -0.0 0.0 1.291985 -1.928549 -1.498089 14.800122 0.567468 3.865606 14.242568 -1.341736 -6.660659 19.631962 0.143927 -0.648247 50.042889 -0.771793 -6.307982 0.353028 -1.511151 -0.03194 20.222786 3.684311 2.316629 18.787268 5e-06 -3e-06 10.751623 -0.479868 1.397906 1e-06 0.0 0.0 3.273806 0.305947 -0.58011 21.486809 11.830376 2.266133 8.162922 2e-06 -0.0 18.399076 -3.798984 -4.940576 2e-06 0.0 -2e-06 2.995133 -2.506566 -32.879036 -0.222538 0.515411 98.450485 0.838032 -20.467731 27.791895 1.270845 -1.606622 -13.690867 0.0 -0.0 2e-06 -1.231138 -9.005295 -64.006348 0.291788 0.307162 124.695061 6.952133 20.31316 41.56686 -1.481426 0.914424 -2.63549 -0.0 0.0 -2e-06 
0.0 0.0 0.0 0.0 -0.0 0.0 -0.449697 49.966198 23.161476 -1.264441 3.193984 37.017406 2.84866 -1.703789 24.786077 1.111954 -1.785914 2.914333 4.378197 -4.138791 14.243176 0.418165 1.253332 1.275114 0.648155 2.181501 -3.381288 2.513364 2.621497 0.264452 7.6e-05 -2.2e-05 6e-06 -0.080838 0.02297 -0.200035 0.596454 -3.767742 -11.021273 -0.765315 3.817996 -10.973437 19.535965 -35.882568 2.411893 -2.586764 -30.036163 -34.491432 -1.866253 -25.153957 0.302159 51.70092 9.422196 -2.623788 -5.882097 9.861276 0.702591 -10.936857 -0.360577 7.1562 1e-06 8.774819 -0.0 -16.046677 18.77392 6.178492 -1.844029 2.498502 -2.507277 -10.163588 4.67894 4.621107 -20.976 -6e-06 3e-06 -21.226259 2.451693 -3.593993 -0.0 -6e-06 1e-06 -1.362679 2.240796 -0.746323 -21.33489 0.584905 3.008322 -13.821199 -5e-06 3e-06 -23.887144 -0.24908 -0.839479 -60.219025 3.306107 -1.986158 -0.294024 1.679686 0.833255 -14.218192 0.093213 1.300579 -34.212009 -0.287568 0.967174 -20.03319 0.964535 1.212846 -0.0 -0.0 0.0 -3.440385 0.788232 0.501656 -15.928168 -3.167309 2.999705 -6.338819 -2e-06 2e-06 -18.123425 3.648178 -4.905663 -4e-06 -0.0 -1e-06 -8.190407 37.685566 4.414967 12.986067 48.366909 -5.60511 -0.320455 22.344437 -0.173582 -75.154457 -12.128249 -0.005615 2.24354 -5.255035 -3.180156 14.282878 -0.82659 6.952498 -3e-06 -12.690598 1e-06 16.464674 -17.845484 2.589372 1.665664 -1.95592 -2.878297 4.727793 -4.170584 4.993923 11.020517 4e-06 -3e-06 12.109043 -3.735713 -2.866784 0.0 1e-06 1e-06 1.291984 -1.928547 -1.498088 14.800117 0.567471 3.865604 14.24256 -1.341734 -6.660657 19.631952 0.143929 -0.648246 49.995983 -0.806178 -6.301195 0.353029 -1.511151 -0.03194 20.222775 3.68431 2.316627 18.787256 8e-06 0.0 10.751621 -0.479867 1.397905 -0.0 1e-06 0.0 3.273804 0.305947 -0.580112 21.486801 11.830372 2.266132 8.162921 3e-06 0.0 18.399071 -3.798981 -4.940572 2e-06 0.0 -2e-06 3.268591 -3.025548 -29.705421 -0.239232 0.158866 95.86573 1.079468 -19.900352 28.41988 1.313342 -1.594433 -13.924914 -0.0 -1e-06 2e-06 -0.478888 -9.151449 -66.009193 0.147831 0.061264 125.882652 8.092746 19.886717 42.518673 -1.39309 0.940476 -3.390231 0.0 0.0 -3e-06 
0.0 0.0 0.0 0.0 -0.0 0.0 -0.984906 49.628498 25.288109 -0.545678 4.055337 36.696968 2.877878 -1.896502 24.592735 1.109129 -2.059343 2.88613 4.513904 -4.508131 14.307435 0.794515 1.306229 1.635181 0.448206 2.129477 -3.384546 2.292621 2.623934 0.201588 7.7e-05 -2.2e-05 6e-06 -0.075354 0.02281 -0.194942 0.621341 -3.772342 -11.035551 -0.777608 3.821415 -10.988155 19.742313 -36.010376 2.365549 -2.662076 -30.73761 -34.153751 -1.830632 -24.344997 0.271108 51.326839 9.311783 -2.585474 -5.882109 9.861284 0.70259 -10.936872 -0.360574 7.156204 0.0 8.774824 0.0 -16.020079 18.735172 6.164523 -1.844034 2.498504 -2.507278 -10.163601 4.678945 4.621108 -20.976023 -2e-06 2e-06 -21.226286 2.451698 -3.594001 0.0 -6e-06 1e-06 -1.362679 2.240797 -0.746323 -21.334913 0.584911 3.008323 -13.821214 -2e-06 1e-06 -23.887171 -0.249078 -0.839484 -60.303913 3.271926 -1.934489 -0.294024 1.679686 0.833256 -14.218207 0.093215 1.300581 -34.212051 -0.287561 0.967169 -20.033215 0.964537 1.212842 0.0 -0.0 -0.0 -3.440389 0.788234 0.501655 -15.928185 -3.167307 2.999707 -6.338825 -1e-06 1e-06 -18.123449 3.648183 -4.905669 -4e-06 0.0 -1e-06 -6.727945 37.009335 5.149613 15.448855 48.643475 -3.251737 -0.384105 23.05427 -0.201173 -76.486984 -11.08186 1.58941 2.243542 -5.255037 -3.180157 14.282895 -0.826595 6.952505 -0.0 -12.690606 -2e-06 16.536865 -17.838991 2.56948 1.665666 -1.955922 -2.878299 4.7278 -4.170588 4.993923 11.020528 2e-06 -1e-06 12.109056 -3.735718 -2.866785 0.0 1e-06 1e-06 1.291986 -1.928548 -1.49809 14.800132 0.567467 3.865609 14.242572 -1.341738 -6.660659 19.631971 0.143923 -0.648244 50.048027 -0.788436 -6.22124 0.353029 -1.511151 -0.03194 20.222797 3.68431 2.316633 18.787279 3e-06 -0.0 10.751631 -0.479869 1.397906 -0.0 0.0 0.0 3.273807 0.305947 -0.580111 21.48682 11.830374 2.266138 8.162928 2e-06 -1e-06 18.399088 -3.798985 -4.940578 3e-06 0.0 -0.0 3.586637 -3.087841 -26.86352 -0.254703 -0.238525 93.067459 1.128961 -19.188185 29.166018 1.325452 -1.594159 -14.005684 -0.0 -0.0 3e-06 0.163342 -9.237751 -66.785011 0.019729 -0.122032 126.546303 8.543691 18.939516 42.956017 -1.348673 0.953849 -4.258793 -0.0 0.0 -2e-06 
0.0 0.0 0.0 0.0 -0.0 0.0 -1.594902 49.384701 27.5886 -0.143386 4.76314 36.940193 2.865189 -1.978875 24.290987 1.094675 -2.258229 2.776619 4.641456 -4.69625 14.137079 1.252434 1.37716 1.949479 0.235021 2.138794 -3.37585 2.055093 2.738685 0.154861 7.7e-05 -2.2e-05 6e-06 -0.087583 0.025595 -0.196702 0.627428 -3.769953 -11.05199 -0.808116 3.825234 -11.01278 19.685032 -35.731792 2.516998 -3.413505 -31.782282 -33.285664 -1.708794 -24.026625 0.244134 51.759106 8.935402 -2.181073 -5.882099 9.861279 0.702589 -10.936859 -0.360577 7.156201 -2e-06 8.774821 -2e-06 -15.903111 18.666468 6.240651 -1.844031 2.498503 -2.507276 -10.163589 4.67894 4.621104 -20.976004 -4e-06 1e-06 -21.226265 2.451694 -3.594 -0.0 -6e-06 1e-06 -1.362679 2.240796 -0.746323 -21.334888 0.584906 3.008321 -13.821198 -3e-06 2e-06 -23.887146 -0.24908 -0.839482 -60.303516 3.247583 -1.846077 -0.294025 1.679685 0.833256 -14.218197 0.093214 1.300579 -34.212013 -0.287565 0.967169 -20.033194 0.964535 1.212843 -0.0 -0.0 -0.0 -3.440384 0.788234 0.501655 -15.92817 -3.167309 2.999705 -6.33882 -1e-06 1e-06 -18.123428 3.64818 -4.905668 -4e-06 -0.0 -2e-06 -5.332713 36.316742 5.844061 18.090736 48.764565 -1.235876 -0.385195 24.072239 -0.224298 -77.677246 -9.48976 3.171025 2.243539 -5.25503 -3.180155 14.282874 -0.826595 6.952497 -2e-06 -12.690592 1e-06 16.667717 -17.807707 2.501348 1.665664 -1.95592 -2.878295 4.727793 -4.170584 4.99392 11.020514 2e-06 -1e-06 12.109041 -3.735713 -2.866782 0.0 2e-06 0.0 1.291983 -1.928547 -1.498087 14.800112 0.567465 3.865603 14.242559 -1.341735 -6.660651 19.631947 0.143924 -0.648246 50.19487 -0.73254 -6.058673 0.353028 -1.511148 -0.031939 20.222765 3.684305 2.316628 18.787252 4e-06 -2e-06 10.751616 -0.479869 1.397904 -1e-06 0.0 0.0 3.273803 0.305947 -0.58011 21.48679 11.830359 2.26613 8.162919 1e-06 -2e-06 18.399067 -3.798981 -4.940571 4e-06 0.0 -0.0 4.15644 -2.68351 -24.426012 -0.27335 -0.658006 89.931129 1.094228 -18.274422 29.876509 1.347053 -1.603244 -14.019989 -0.0 -1e-06 2e-06 1.121317 -9.235394 -66.696121 -0.030628 -0.204668 126.481857 8.693704 17.78265 42.944386 -1.336181 0.950737 -5.052459 0.0 0.0 -2e-06 
0.0 0.0 0.0 0.0 -0.0 0.0 -2.225775 49.153133 30.015242 -0.197529 5.263757 37.795933 2.851254 -1.93064 23.81543 1.049277 -2.378723 2.543816 4.737929 -4.691494 13.947737 1.538215 1.578055 2.060733 0.124116 2.174828 -3.398269 2.153774 2.81606 0.174218 7.7e-05 -2.3e-05 6e-06 -0.141627 0.030964 -0.223239 0.560551 -3.745262 -11.060356 -0.850167 3.815348 -11.037957 19.526289 -35.039978 2.97191 -4.678735 -33.036987 -31.900665 -1.346671 -24.102625 0.095271 53.028023 8.56108 -1.902897 -5.882099 9.861278 0.702589 -10.936861 -0.360576 7.1562 -0.0 8.774819 -1e-06 -15.935862 18.749548 6.279693 -1.844031 2.498503 -2.507277 -10.163591 4.678942 4.621105 -20.976006 -5e-06 -0.0 -21.226271 2.451693 -3.594001 -0.0 -6e-06 1e-06 -1.362681 2.240798 -0.746323 -21.334898 0.584909 3.00832 -13.821202 -3e-06 1e-06 -23.887154 -0.24908 -0.839483 -60.424603 3.245496 -1.9686 -0.294025 1.679686 0.833256 -14.218198 0.093214 1.300579 -34.212017 -0.287566 0.967168 -20.033197 0.964534 1.212843 -0.0 -0.0 -0.0 -3.440387 0.788233 0.501654 -15.928176 -3.167308 2.999705 -6.33882 -2e-06 1e-06 -18.12343 3.648179 -4.905668 -4e-06 -0.0 -1e-06 -4.02059 35.726269 6.581789 20.641962 48.618732 0.105395 -0.600857 25.75951 -0.287519 -78.59832 -7.165116 4.751016 2.243541 -5.255037 -3.180157 14.282881 -0.826593 6.9525 -1e-06 -12.690603 -1e-06 16.868141 -17.814365 2.442152 1.665666 -1.955922 -2.878298 4.727796 -4.170585 4.993921 11.02052 5e-06 -2e-06 12.109045 -3.735713 -2.866784 0.0 -0.0 0.0 1.291985 -1.92855 -1.49809 14.800118 0.567469 3.865605 14.242562 -1.341735 -6.66066 19.631956 0.143927 -0.648245 50.310375 -0.717332 -5.83736 0.353029 -1.511149 -0.03194 20.222778 3.684309 2.31663 18.787262 5e-06 -3e-06 10.751622 -0.479868 1.397904 -1e-06 0.0 0.0 3.273805 0.305948 -0.580111 21.486801 11.830373 2.266131 8.162921 2e-06 0.0 18.399071 -3.798984 -4.940576 3e-06 -0.0 -1e-06 5.118145 -1.710318 -22.552994 -0.289036 -1.120087 86.642807 1.383175 -17.119289 30.630447 1.482747 -1.579443 -14.062302 -0.0 -0.0 2e-06 2.429991 -8.966746 -66.165169 -0.133885 -0.316436 125.563972 8.390759 16.565123 42.783482 -1.357597 0.946268 -4.794233 -0.0 0.0 -3e-06 
0.0 0.0 0.0 0.0 -0.0 0.0 -2.912291 49.305122 32.603241 -1.285196 5.267565 38.610603 2.799927 -1.726464 23.597103 1.028282 -2.207362 2.465338 4.868658 -4.316283 13.529591 1.466079 1.681453 1.936554 0.35175 2.344249 -3.392686 1.728235 3.334114 0.224738 7.6e-05 -2.2e-05 5e-06 -0.117421 0.040649 -0.218134 0.60817 -3.756778 -11.081883 -0.847334 3.843546 -11.064175 18.97406 -33.78894 3.008443 -6.818721 -34.474514 -30.287323 -1.194381 -24.396334 0.140505 55.578491 6.977138 -1.19694 -5.882102 9.861283 0.702589 -10.936866 -0.360577 7.156204 1e-06 8.774822 -2e-06 -16.030422 18.501921 6.191211 -1.84403 2.498503 -2.507277 -10.163594 4.67894 4.621108 -20.976011 -4e-06 2e-06 -21.226273 2.451695 -3.593998 -1e-06 -6e-06 0.0 -1.362679 2.240797 -0.746323 -21.3349 0.584908 3.008324 -13.821205 -3e-06 2e-06 -23.887157 -0.249079 -0.839481 -60.349018 3.078113 -1.928232 -0.294025 1.679687 0.833255 -14.218201 0.093213 1.300581 -34.212025 -0.287565 0.967172 -20.033203 0.964536 1.212844 0.0 -0.0 -0.0 -3.440386 0.788234 0.501656 -15.928177 -3.16731 2.999707 -6.338823 -2e-06 2e-06 -18.123436 3.648181 -4.905668 -4e-06 0.0 -1e-06 -3.383453 35.517174 6.7667 23.489822 48.177879 0.918704 -0.425495 27.99132 -0.183471 -79.336578 -4.215073 5.851086 2.243539 -5.255033 -3.180157 14.282884 -0.826593 6.9525 -4e-06 -12.690597 1e-06 16.990891 -17.905708 2.391904 1.665666 -1.95592 -2.878297 4.727795 -4.170584 4.99392 11.020518 4e-06 0.0 12.109042 -3.735712 -2.866783 0.0 -1e-06 0.0 1.291983 -1.928548 -1.498088 14.800118 0.567469 3.865606 14.242562 -1.341735 -6.660654 19.631954 0.143928 -0.648244 50.553768 -0.704239 -5.808459 0.353028 -1.51115 -0.03194 20.222782 3.68431 2.31663 18.787264 7e-06 -1e-06 10.75162 -0.479867 1.397905 0.0 0.0 1e-06 3.273804 0.305949 -0.58011 21.486801 11.830369 2.266135 8.162921 3e-06 1e-06 18.399075 -3.798982 -4.94057 4e-06 0.0 -0.0 6.699763 0.484334 -20.382059 -0.335855 -1.660207 82.607399 1.445974 -15.995466 31.861412 1.41634 -1.647044 -14.0401 -0.0 -0.0 2e-06 4.499225 -8.008304 -64.707802 0.092089 -0.218424 123.607521 8.942698 16.437712 42.419422 -1.38522 0.853712 -6.055511 0.0 0.0 -3e-06 
0.0 0.0 0.0 0.0 -0.0 0.0 -3.579835 49.22493 35.179138 -2.523707 5.251483 39.634777 2.675001 -1.545228 23.240168 0.960551 -2.023965 2.318362 4.917966 -3.927633 13.189834 1.402192 1.948976 1.755388 0.426286 2.567418 -3.449327 1.662834 3.746521 0.180281 7.7e-05 -2.3e-05 6e-06 -0.094304 0.038293 -0.226465 0.615453 -3.749197 -11.044617 -0.807274 3.83132 -11.035189 18.495056 -32.375305 3.383285 -9.171373 -35.64835 -28.235126 -0.793486 -24.964729 0.087045 58.289482 5.270927 -1.187089 -5.882101 9.861279 0.702591 -10.936861 -0.360574 7.156197 1e-06 8.774821 -0.0 -16.02697 18.42861 6.156148 -1.844031 2.498502 -2.507275 -10.16359 4.678942 4.621105 -20.976009 -4e-06 1e-06 -21.226269 2.451694 -3.593998 -0.0 -6e-06 0.0 -1.362681 2.240796 -0.746323 -21.334896 0.584908 3.008319 -13.821201 -3e-06 1e-06 -23.887152 -0.24908 -0.839483 -60.349579 2.955411 -1.953477 -0.294024 1.679686 0.833255 -14.218199 0.093214 1.300578 -34.212021 -0.287566 0.967168 -20.033199 0.964534 1.212841 0.0 -0.0 -1e-06 -3.440386 0.788233 0.501655 -15.928172 -3.167307 2.999702 -6.338822 -1e-06 1e-06 -18.123434 3.64818 -4.905667 -4e-06 0.0 -0.0 -2.605459 35.434853 7.129469 25.611973 47.530102 0.673297 -0.553052 31.106178 -0.210166 -79.695847 -0.779512 7.063232 2.243537 -5.255027 -3.180152 14.282866 -0.826591 6.952492 -6e-06 -12.690588 4e-06 17.132893 -18.036789 2.399283 1.665663 -1.955917 -2.878294 4.727789 -4.17058 4.993918 11.020505 6e-06 -0.0 12.109032 -3.735707 -2.866778 0.0 -0.0 -0.0 1.291984 -1.928548 -1.498086 14.800101 0.567471 3.865602 14.242546 -1.34173 -6.660645 19.631931 0.14393 -0.64824 50.764297 -0.639507 -5.778446 0.353028 -1.511147 -0.03194 20.222757 3.684308 2.316626 18.787239 8e-06 0.0 10.75161 -0.479867 1.397905 -1e-06 0.0 1e-06 3.273802 0.305948 -0.58011 21.486776 11.830361 2.266126 8.162913 3e-06 1e-06 18.39905 -3.798977 -4.940565 2e-06 1e-06 -0.0 8.46023 2.857069 -18.782808 -0.356235 -2.25913 79.173203 1.525367 -14.88293 33.10181 1.434664 -1.707722 -13.223565 0.0 0.0 3e-06 6.40396 -6.879324 -63.202972 0.196492 -0.226184 121.051514 9.267121 16.627731 43.037239 -1.367357 0.818711 -6.014605 -0.0 -0.0 -3e-06 
0.0 0.0 0.0 0.0 -0.0 0.0 -4.288284 49.140869 37.739594 -3.626248 5.281834 40.765514 2.498952 -1.413244 22.763391 0.69893 -1.824212 2.072269 4.987254 -3.621259 12.846498 1.329102 2.131389 1.40346 0.703458 2.872845 -3.512612 1.646822 4.071879 0.068297 7.7e-05 -2.3e-05 6e-06 -0.009035 0.016737 -0.236216 0.676774 -3.748399 -11.007477 -0.698284 3.79282 -10.990274 17.918512 -31.182655 3.71573 -11.474193 -36.399704 -25.849794 -0.705591 -25.501633 0.183538 60.983433 3.301378 -1.234392 -5.882105 9.861284 0.702587 -10.936867 -0.360576 7.156204 1e-06 8.774823 -2e-06 -16.117121 18.242441 6.132816 -1.844033 2.498505 -2.507277 -10.163597 4.678944 4.621106 -20.976017 -3e-06 1e-06 -21.226276 2.451696 -3.594002 0.0 -6e-06 0.0 -1.36268 2.240798 -0.746323 -21.334911 0.584909 3.008322 -13.821213 -3e-06 1e-06 -23.887167 -0.249079 -0.839485 -60.277935 2.845102 -1.782278 -0.294024 1.679687 0.833255 -14.218203 0.093215 1.300579 -34.212036 -0.287564 0.967167 -20.033207 0.964536 1.212843 -0.0 0.0 0.0 -3.440387 0.788233 0.501654 -15.928183 -3.167309 2.999707 -6.338822 -2e-06 1e-06 -18.123442 3.648182 -4.905671 -4e-06 0.0 -1e-06 -1.812972 35.329163 7.471941 27.03838 46.61351 -0.960387 -0.490567 35.36026 -0.196018 -79.559311 3.361714 8.23596 2.243538 -5.255029 -3.180155 14.282867 -0.826593 6.952496 -1e-06 -12.690588 -1e-06 17.298405 -18.103849 2.386033 1.665664 -1.955919 -2.878296 4.72779 -4.170582 4.993918 11.020508 4e-06 -1e-06 12.109031 -3.735711 -2.866781 0.0 -0.0 -0.0 1.291983 -1.928546 -1.498087 14.800107 0.567469 3.865603 14.242552 -1.341736 -6.660652 19.631937 0.143927 -0.648245 50.942513 -0.560549 -5.807746 0.353029 -1.511148 -0.03194 20.222761 3.684304 2.316629 18.787243 4e-06 -0.0 10.751612 -0.479869 1.397905 1e-06 0.0 1e-06 3.273802 0.305946 -0.58011 21.48678 11.830359 2.26613 8.162913 1e-06 2e-06 18.399054 -3.798981 -4.940568 2e-06 0.0 -1e-06 10.170877 5.35152 -17.780499 -0.409732 -2.893354 76.396271 1.896621 -13.202915 33.745682 1.513427 -1.753923 -12.029673 0.0 0.0 2e-06 8.046594 -5.787976 -61.597637 0.253765 -0.173224 118.28717 9.427763 17.370827 43.762814 -1.339867 0.751354 -5.052772 -0.0 -0.0 -2e-06 
0.0 0.0 0.0 0.0 -0.0 0.0 -5.07131 49.024376 40.214806 -4.161578 5.381941 41.769897 2.162006 -1.271527 22.346743 0.530349 -1.703822 1.893361 4.687992 -3.525455 12.403976 1.709037 2.382042 0.947451 0.606005 3.03985 -3.508121 1.658119 4.294241 0.040307 7.7e-05 -2.2e-05 6e-06 -0.023227 0.016183 -0.244693 0.652972 -3.741224 -10.966551 -0.702197 3.78556 -10.948688 17.414989 -30.335207 3.96042 -13.410295 -36.862919 -22.842396 -0.451278 -25.778795 0.228254 63.01976 1.878334 -1.338457 -5.882107 9.861288 0.702589 -10.93687 -0.360576 7.156208 2e-06 8.774826 -2e-06 -15.947215 18.071638 6.179269 -1.844032 2.498507 -2.507278 -10.163601 4.678945 4.62111 -20.976021 -3e-06 3e-06 -21.226284 2.451698 -3.593999 0.0 -6e-06 0.0 -1.36268 2.240798 -0.746324 -21.334909 0.584908 3.008326 -13.821213 -2e-06 4e-06 -23.887167 -0.249077 -0.839482 -60.183208 2.854787 -1.568755 -0.294025 1.679688 0.833255 -14.218207 0.093215 1.300582 -34.212048 -0.287562 0.967174 -20.033211 0.964538 1.212844 0.0 0.0 -0.0 -3.440389 0.788233 0.501656 -15.928185 -3.16731 2.99971 -6.338827 -1e-06 2e-06 -18.123444 3.648185 -4.905673 -5e-06 0.0 -2e-06 -1.508076 35.292923 7.405665 27.553417 45.529388 -3.746755 -0.334786 40.276966 -0.298649 -79.04882 7.705585 8.921334 2.243541 -5.255037 -3.180159 14.282894 -0.826594 6.952507 -1e-06 -12.690604 -1e-06 17.336147 -18.167566 2.426105 1.665666 -1.95592 -2.8783 4.727798 -4.170587 4.993925 11.020527 2e-06 0.0 12.109053 -3.735717 -2.866786 1e-06 1e-06 0.0 1.291986 -1.92855 -1.49809 14.800129 0.567468 3.86561 14.242572 -1.341736 -6.660657 19.631969 0.143924 -0.648243 51.076355 -0.529624 -5.929812 0.353029 -1.511151 -0.03194 20.222794 3.684308 2.316634 18.787273 3e-06 2e-06 10.75163 -0.47987 1.397908 -1e-06 -0.0 -0.0 3.273807 0.305947 -0.58011 21.486813 11.830374 2.266137 8.16293 1e-06 1e-06 18.399088 -3.798985 -4.940574 4e-06 -0.0 -1e-06 11.611608 7.063056 -17.894482 -0.464772 -3.278056 75.380814 1.93057 -12.332209 34.162949 1.640422 -1.78781 -9.693625 0.0 0.0 0.0 8.963331 -5.043546 -59.967628 0.273229 -0.115704 115.858231 9.801527 18.226831 44.197006 -1.302302 0.768905 -4.217872 -0.0 -0.0 -3e-06 
0.0 0.0 0.0 0.0 -0.0 0.0 -5.871453 49.050945 42.578606 -4.15248 5.602835 42.509727 1.819788 -1.116145 22.137508 0.311389 -1.675725 1.74621 4.273693 -3.502531 12.0092 2.141314 2.52194 0.339672 0.54848 3.084095 -3.502233 1.577105 4.373797 0.1982 7.7e-05 -2.3e-05 5e-06 -0.044686 0.021098 -0.245938 0.636163 -3.738136 -10.956438 -0.726257 3.79187 -10.933516 16.99477 -29.993998 4.103633 -14.579343 -37.248104 -19.801905 -0.211403 -25.484064 0.19822 64.623497 0.948952 -2.0636 -5.882102 9.861279 0.702589 -10.936863 -0.360577 7.156203 1e-06 8.774819 -2e-06 -15.853102 18.00036 6.136717 -1.84403 2.498504 -2.507277 -10.163595 4.678941 4.621108 -20.976009 -4e-06 3e-06 -21.226273 2.451695 -3.593997 0.0 -6e-06 0.0 -1.362682 2.240797 -0.746323 -21.334904 0.584908 3.008325 -13.821206 -3e-06 4e-06 -23.887154 -0.249078 -0.83948 -60.026512 2.839356 -1.454903 -0.294026 1.679686 0.833255 -14.218199 0.093213 1.300581 -34.212032 -0.287564 0.967174 -20.033205 0.964537 1.212846 0.0 -0.0 0.0 -3.440386 0.788232 0.501656 -15.928179 -3.167309 2.999709 -6.338824 -1e-06 2e-06 -18.12344 3.64818 -4.905666 -5e-06 -0.0 -1e-06 -1.764123 35.439861 6.892715 26.566587 44.272953 -8.368981 0.06629 45.116184 -0.236923 -78.006729 11.832874 8.791457 2.243541 -5.255033 -3.180157 14.282878 -0.826594 6.952499 0.0 -12.690593 0.0 17.094398 -18.165632 2.548584 1.665665 -1.95592 -2.878298 4.727795 -4.170584 4.99392 11.020515 1e-06 -0.0 12.10904 -3.735713 -2.866784 -0.0 -0.0 1e-06 1.291984 -1.928548 -1.498087 14.800115 0.567465 3.865605 14.242559 -1.341736 -6.660655 19.63195 0.143924 -0.648247 51.074741 -0.51753 -6.09989 0.353029 -1.511149 -0.03194 20.222773 3.684305 2.316628 18.787256 3e-06 -2e-06 10.75162 -0.479869 1.397904 -0.0 1e-06 -1e-06 3.273804 0.305945 -0.58011 21.486794 11.830361 2.26613 8.16292 1e-06 -1e-06 18.399063 -3.798983 -4.940572 3e-06 -1e-06 -0.0 12.669353 8.013392 -19.317627 -0.552402 -3.357549 76.509193 2.522339 -11.922082 33.62149 1.690709 -1.829308 -8.084956 0.0 -0.0 5e-06 9.305359 -4.564601 -58.369534 0.268911 -0.023153 113.685799 9.938976 19.170383 44.594059 -1.297054 0.786312 -3.558268 -0.0 -0.0 -3e-06 
0.0 0.0 0.0 0.0 -0.0 0.0 -6.646837 49.160725 44.827011 -3.740397 5.876813 42.912144 1.492169 -0.937096 22.183996 0.120587 -1.631061 1.698024 3.81557 -3.482184 11.658921 2.496171 2.616263 -0.350731 0.504809 3.01315 -3.515615 1.448483 4.279511 0.577009 7.7e-05 -2.2e-05 5e-06 -0.050281 0.024988 -0.235576 0.652988 -3.738215 -10.939229 -0.751782 3.798725 -10.902749 16.547209 -29.996593 4.060506 -15.115973 -37.863708 -17.144302 0.047392 -24.646061 0.092879 65.60125 0.219312 -3.163661 -5.882105 9.861278 0.702591 -10.936872 -0.360574 7.156204 3e-06 8.774819 0.0 -15.769238 17.981358 6.110858 -1.844031 2.498503 -2.507277 -10.163597 4.678942 4.621108 -20.976021 -3e-06 4e-06 -21.226282 2.451697 -3.593995 0.0 -6e-06 -0.0 -1.362681 2.240797 -0.746323 -21.334911 0.584909 3.008323 -13.821213 -2e-06 3e-06 -23.887169 -0.249077 -0.839481 -59.884319 2.844461 -1.344907 -0.294025 1.679686 0.833256 -14.218207 0.093215 1.30058 -34.212044 -0.287564 0.967172 -20.033209 0.964536 1.212844 -0.0 -0.0 1e-06 -3.440389 0.788233 0.501655 -15.928185 -3.167307 2.999705 -6.338826 -1e-06 1e-06 -18.123446 3.64818 -4.905665 -5e-06 0.0 -1e-06 -2.632159 36.051079 6.007286 23.581785 42.929951 -14.664471 0.544765 48.311394 -0.053335 -76.275772 14.156014 8.29771 2.243541 -5.255033 -3.180155 14.282886 -0.826596 6.952499 -0.0 -12.690598 3e-06 16.681696 -18.052565 2.646859 1.665665 -1.955921 -2.878296 4.727798 -4.170587 4.99392 11.02052 2e-06 -1e-06 12.109046 -3.735715 -2.866781 0.0 0.0 1e-06 1.291985 -1.928548 -1.498087 14.800122 0.567465 3.865607 14.242568 -1.341738 -6.660655 19.631958 0.143923 -0.648245 50.838257 -0.489855 -6.260077 0.353029 -1.511149 -0.03194 20.222784 3.684303 2.316629 18.78727 1e-06 -2e-06 10.751624 -0.47987 1.397904 -1e-06 -0.0 1e-06 3.273805 0.305947 -0.580111 21.486797 11.830362 2.26613 8.162925 0.0 -1e-06 18.399075 -3.798984 -4.940573 2e-06 0.0 -1e-06 13.252125 8.401413 -21.76033 -0.642077 -3.228927 79.503708 3.322329 -11.962366 32.557743 1.686284 -1.87929 -7.302718 0.0 -0.0 4e-06 9.163857 -4.285223 -56.659691 0.262295 0.034746 111.635567 9.770025 20.320921 44.9034 -1.279433 0.797318 -3.439434 -0.0 1e-06 -3e-06 
0.0 0.0 0.0 0.0 -0.0 0.0 -7.384455 49.268219 46.94696 -3.235684 6.162377 43.102558 1.227302 -0.752298 22.439411 0.034353 -1.413547 1.722509 3.357757 -3.327426 11.272963 2.8073 2.652309 -0.995255 0.433727 2.866879 -3.522927 1.210957 4.076237 1.08819 7.7e-05 -2.3e-05 6e-06 -0.027673 0.022151 -0.215528 0.7009 -3.731457 -10.889182 -0.752365 3.785211 -10.839359 16.045235 -30.070194 3.929173 -15.295031 -38.936165 -15.166975 0.264391 -23.648672 0.022655 66.150749 -0.528892 -4.435066 -5.882104 9.861279 0.70259 -10.936865 -0.360574 7.156202 1e-06 8.774819 0.0 -15.680984 17.971493 6.117748 -1.844031 2.498502 -2.507277 -10.163595 4.678941 4.621109 -20.976015 -4e-06 3e-06 -21.22628 2.451695 -3.593998 0.0 -6e-06 -0.0 -1.362681 2.240798 -0.746323 -21.334906 0.58491 3.008322 -13.82121 -2e-06 2e-06 -23.887165 -0.249078 -0.839482 -59.691196 2.868731 -1.19851 -0.294024 1.679686 0.833256 -14.218204 0.093215 1.30058 -34.212032 -0.287563 0.967171 -20.033205 0.964537 1.212844 -0.0 -0.0 1e-06 -3.440386 0.788232 0.501655 -15.928179 -3.167308 2.999706 -6.338827 -1e-06 1e-06 -18.123442 3.64818 -4.905667 -5e-06 0.0 -1e-06 -4.095645 37.173344 4.897098 18.794674 41.254093 -21.948469 0.924182 48.886295 0.039807 -73.634254 13.718675 7.606404 2.243541 -5.255037 -3.180158 14.282887 -0.826596 6.952503 -0.0 -12.690601 -0.0 16.473473 -17.884058 2.613501 1.665666 -1.955922 -2.878298 4.727798 -4.170587 4.993924 11.020524 0.0 -1e-06 12.109052 -3.735718 -2.866786 1e-06 1e-06 1e-06 1.291985 -1.928549 -1.498089 14.800125 0.567465 3.865607 14.242569 -1.341738 -6.660656 19.631966 0.143921 -0.648247 50.505138 -0.45335 -6.317691 0.353029 -1.51115 -0.031941 20.222786 3.684305 2.316632 18.78727 1e-06 -2e-06 10.751625 -0.47987 1.397904 -1e-06 0.0 -0.0 3.273806 0.305946 -0.580111 21.486805 11.830368 2.266134 8.162926 0.0 -1e-06 18.39908 -3.798988 -4.940577 3e-06 0.0 -1e-06 13.553271 8.454241 -24.945044 -0.717968 -3.013328 84.037468 3.857709 -12.161797 31.110474 1.688253 -1.92794 -6.593825 -0.0 0.0 3e-06 8.949658 -4.055848 -54.901573 0.230097 0.022479 109.749367 9.388501 21.662905 44.749634 -1.242997 0.804313 -3.637309 -1e-06 -0.0 -3e-06 
0.0 0.0 0.0 0.0 -0.0 0.0 -8.066329 49.308327 48.913006 -2.804577 6.398534 43.397747 1.061139 -0.517976 22.639437 -0.010733 -1.026536 1.758599 3.008221 -2.932141 11.01742 3.022333 2.649452 -1.61745 0.293544 2.590907 -3.541811 1.024011 3.837353 1.693103 7.7e-05 -2.3e-05 6e-06 -0.038867 0.019857 -0.205319 0.686666 -3.706976 -10.816628 -0.758477 3.758275 -10.789872 15.465361 -29.978701 3.784788 -15.218891 -40.548252 -13.452628 0.65458 -22.898565 -0.050057 66.669388 -0.868946 -6.197052 -5.882102 9.861282 0.70259 -10.936866 -0.360575 7.156201 0.0 8.774822 -1e-06 -15.561704 18.134527 6.167236 -1.844031 2.498503 -2.507276 -10.163594 4.678943 4.621105 -20.976009 -4e-06 2e-06 -21.226271 2.451696 -3.593998 0.0 -6e-06 -0.0 -1.362682 2.240798 -0.746324 -21.334902 0.584908 3.008319 -13.821205 -3e-06 1e-06 -23.887154 -0.249079 -0.839483 -59.510502 2.840727 -1.210056 -0.294023 1.679686 0.833255 -14.218201 0.093214 1.300579 -34.212032 -0.287567 0.967169 -20.033201 0.964535 1.212843 -0.0 0.0 0.0 -3.440387 0.788233 0.501655 -15.928177 -3.167308 2.999704 -6.338824 -1e-06 0.0 -18.12344 3.64818 -4.905668 -5e-06 0.0 -2e-06 -6.0577 38.703888 3.642133 12.938448 38.860439 -29.478529 1.16346 46.666203 0.080348 -70.496735 10.957107 5.746432 2.243541 -5.255034 -3.180156 14.282885 -0.826595 6.9525 -1e-06 -12.690601 -0.0 16.322094 -17.904137 2.580459 1.665665 -1.955921 -2.878297 4.727797 -4.170586 4.993923 11.020522 3e-06 0.0 12.109048 -3.735716 -2.866781 0.0 1e-06 1e-06 1.291984 -1.928548 -1.498088 14.800122 0.567468 3.865607 14.242566 -1.341737 -6.660655 19.631958 0.143925 -0.648243 50.276222 -0.413786 -6.266546 0.353029 -1.51115 -0.031938 20.222784 3.684308 2.316631 18.787266 4e-06 -0.0 10.751625 -0.479868 1.397907 -1e-06 1e-06 -0.0 3.273805 0.305947 -0.58011 21.486803 11.83037 2.266133 8.162925 1e-06 0.0 18.399076 -3.798986 -4.940575 3e-06 0.0 -1e-06 13.692544 8.331511 -28.804482 -0.774888 -2.709961 89.691078 4.401197 -12.168689 29.813543 1.771647 -1.943877 -5.918885 0.0 0.0 2e-06 8.861837 -3.822381 -53.302063 0.105979 -0.157248 108.023399 8.344303 22.509623 43.918285 -1.206832 0.81638 -3.270708 -1e-06 0.0 -3e-06 
0.0 0.0 0.0 0.0 -0.0 0.0 -8.639164 49.540287 50.842892 -2.380235 6.532533 43.465668 0.974624 -0.307287 23.139088 -0.000684 -0.516429 1.913261 2.674674 -2.422642 10.69023 2.94573 2.614556 -2.188884 0.309247 2.348748 -3.494961 0.79886 3.499426 2.074419 7.7e-05 -2.3e-05 6e-06 -0.015349 0.018815 -0.184514 0.715394 -3.689898 -10.738237 -0.739552 3.73857 -10.708216 14.898448 -29.581699 3.416282 -15.331 -42.67387 -12.308375 0.770558 -22.251562 -0.051869 67.461311 -1.752399 -7.355194 -5.882102 9.861279 0.702592 -10.936863 -0.360574 7.1562 2e-06 8.774821 1e-06 -15.427644 18.112383 6.200599 -1.844031 2.498503 -2.507277 -10.163592 4.678942 4.621108 -20.976009 -4e-06 1e-06 -21.226273 2.451694 -3.593998 1e-06 -6e-06 1e-06 -1.36268 2.240797 -0.746323 -21.3349 0.584909 3.00832 -13.821205 -3e-06 2e-06 -23.887154 -0.249079 -0.839482 -59.206753 2.826466 -1.171231 -0.294025 1.679686 0.833256 -14.218197 0.093215 1.300578 -34.212021 -0.287564 0.967167 -20.033197 0.964536 1.212841 -0.0 0.0 -1e-06 -3.440387 0.788233 0.501655 -15.928176 -3.167307 2.999703 -6.338822 -1e-06 1e-06 -18.123436 3.64818 -4.905666 -5e-06 -0.0 -1e-06 -8.40126 40.569675 2.299003 7.190908 35.556988 -36.320408 1.542279 42.565434 0.246515 -66.92038 6.994243 2.74833 2.243541 -5.255033 -3.180156 14.282881 -0.826594 6.952495 -3e-06 -12.690597 1e-06 16.307505 -17.741907 2.433528 1.665666 -1.955919 -2.878297 4.727796 -4.170585 4.993921 11.02052 3e-06 -3e-06 12.109046 -3.735713 -2.866783 0.0 1e-06 1e-06 1.291985 -1.928548 -1.498089 14.800118 0.567468 3.865604 14.242562 -1.341735 -6.660655 19.631952 0.143928 -0.648246 50.0238 -0.358752 -6.152021 0.353029 -1.51115 -0.031941 20.22278 3.684307 2.316627 18.787264 4e-06 -4e-06 10.75162 -0.479868 1.397904 0.0 -1e-06 1e-06 3.273804 0.305947 -0.580111 21.486799 11.830367 2.266127 8.162921 1e-06 -1e-06 18.399067 -3.798981 -4.940574 3e-06 0.0 -1e-06 13.557051 8.038006 -32.715611 -0.787561 -2.321712 95.725693 4.605221 -12.161813 28.185776 1.823923 -1.993009 -5.038667 -0.0 -0.0 1e-06 8.798633 -3.806765 -51.42651 0.03912 -0.306156 106.2295 7.573375 23.332403 42.660965 -1.186255 0.80456 -3.897555 -0.0 1e-06 -3e-06 
0.0 0.0 0.0 0.0 -0.0 0.0 -9.097199 49.809925 52.762691 -1.982824 6.534352 43.527454 0.943829 -0.103951 23.701679 0.065788 0.033374 2.099461 2.292532 -1.737889 10.482324 2.735117 2.569655 -2.680129 0.244018 2.123284 -3.487589 0.70882 3.08827 2.354574 7.7e-05 -2.3e-05 6e-06 0.012565 0.015498 -0.166188 0.754679 -3.685379 -10.679576 -0.72358 3.726926 -10.657432 14.330309 -28.865736 3.058301 -15.462238 -45.201694 -11.227765 0.88941 -21.874903 -0.09332 68.462029 -2.520376 -8.27503 -5.882102 9.861281 0.702589 -10.936865 -0.360576 7.156202 0.0 8.774823 -2e-06 -15.274203 18.107855 6.264342 -1.844032 2.498504 -2.507276 -10.163594 4.678942 4.621107 -20.976009 -5e-06 3e-06 -21.226273 2.451694 -3.593998 1e-06 -6e-06 0.0 -1.362682 2.240798 -0.746323 -21.334902 0.584908 3.008322 -13.821205 -4e-06 3e-06 -23.887154 -0.249079 -0.839481 -58.931755 2.847991 -1.181666 -0.294025 1.679687 0.833255 -14.218199 0.093213 1.30058 -34.212021 -0.287566 0.967172 -20.033199 0.964536 1.212844 0.0 -0.0 -1e-06 -3.440386 0.788233 0.501656 -15.928179 -3.16731 2.999706 -6.338823 -2e-06 1e-06 -18.123432 3.64818 -4.905667 -5e-06 1e-06 -2e-06 -10.985676 42.660831 0.975719 1.899771 31.330894 -42.654346 2.14123 37.192528 0.500476 -62.494919 2.439343 -1.617817 2.243539 -5.255032 -3.180154 14.282876 -0.826593 6.952497 -2e-06 -12.690593 -0.0 16.23856 -17.619947 2.281407 1.665665 -1.955918 -2.878298 4.727793 -4.170583 4.993918 11.020515 3e-06 -2e-06 12.109037 -3.735711 -2.866781 1e-06 1e-06 1e-06 1.291984 -1.928549 -1.498088 14.800112 0.567468 3.865603 14.242557 -1.341734 -6.660651 19.631945 0.143928 -0.648244 49.736145 -0.2884 -6.012493 0.353029 -1.511148 -0.03194 20.222769 3.684307 2.316627 18.787254 5e-06 -1e-06 10.751617 -0.479867 1.397906 1e-06 0.0 -1e-06 3.273802 0.305947 -0.58011 21.48679 11.830364 2.266129 8.162919 2e-06 -2e-06 18.399061 -3.798983 -4.94057 3e-06 -0.0 -0.0 13.072905 7.693898 -37.093872 -0.762487 -1.860043 102.094688 4.942752 -12.173818 26.571068 1.856298 -2.035474 -4.343726 0.0 -0.0 0.0 8.665129 -3.949249 -49.494896 0.007109 -0.413905 104.381821 6.636762 24.068409 41.159168 -1.156872 0.788622 -4.597136 -0.0 1e-06 -3e-06 
0.0 0.0 0.0 0.0 -0.0 0.0 -9.41402 50.09404 54.658012 -1.555575 6.354013 43.629444 0.904604 0.071335 24.245243 0.144425 0.587519 2.283577 1.847788 -0.998287 10.407897 2.426597 2.544197 -3.11623 0.201164 1.950766 -3.496685 0.681042 2.747505 2.573062 7.7e-05 -2.2e-05 6e-06 0.042409 0.008707 -0.149003 0.7994 -3.695734 -10.649497 -0.709963 3.722849 -10.637922 13.786712 -28.006939 2.688701 -15.795038 -47.773861 -10.082253 0.927277 -21.770031 -0.155092 69.527809 -3.082451 -8.804119 -5.882108 9.861287 0.702589 -10.936873 -0.360577 7.156208 1e-06 8.774824 -2e-06 -15.150146 18.128563 6.319765 -1.844033 2.498505 -2.507277 -10.163602 4.678945 4.621109 -20.976027 -4e-06 4e-06 -21.226288 2.451697 -3.593999 -0.0 -6e-06 0.0 -1.36268 2.240797 -0.746324 -21.334921 0.584909 3.008325 -13.821218 -2e-06 4e-06 -23.887178 -0.249077 -0.839481 -58.732372 2.919243 -1.240986 -0.294024 1.679687 0.833256 -14.218211 0.093214 1.300581 -34.212063 -0.287564 0.967173 -20.033216 0.964537 1.212845 -0.0 -1e-06 0.0 -3.440389 0.788233 0.501656 -15.928189 -3.16731 2.999708 -6.338828 -1e-06 2e-06 -18.123453 3.648183 -4.90567 -6e-06 0.0 -1e-06 -13.68967 44.671894 -0.33496 -2.240063 26.650587 -47.89851 2.704518 31.562346 0.661051 -57.44101 -1.938095 -7.164046 2.243542 -5.255036 -3.180159 14.282894 -0.826595 6.952503 -1e-06 -12.690606 -2e-06 16.035723 -17.509745 2.209263 1.665666 -1.955922 -2.878298 4.7278 -4.170588 4.993925 11.020528 3e-06 -0.0 12.109055 -3.735716 -2.866785 0.0 0.0 -1e-06 1.291986 -1.92855 -1.498088 14.800132 0.567468 3.865609 14.242571 -1.341737 -6.660655 19.631971 0.143924 -0.648243 49.417156 -0.231635 -5.885154 0.353029 -1.511151 -0.03194 20.222797 3.684309 2.316632 18.787275 4e-06 1e-06 10.751629 -0.479869 1.397907 -0.0 1e-06 1e-06 3.273807 0.305948 -0.58011 21.486818 11.830376 2.266134 8.162928 1e-06 -0.0 18.399086 -3.798986 -4.940575 2e-06 -1e-06 -0.0 12.13997 7.309342 -41.999256 -0.697415 -1.353576 108.514473 5.410125 -12.358893 24.894188 1.870564 -2.044225 -4.092416 0.0 0.0 0.0 8.336164 -4.288328 -47.512901 0.006638 -0.455433 102.458794 5.462534 24.643639 39.460354 -1.131459 0.761531 -5.162467 -1e-06 1e-06 -4e-06 
0.0 0.0 0.0 0.0 -0.0 0.0 -9.578554 50.355972 56.56472 -1.158992 5.958334 43.720791 0.797272 0.211008 24.726515 0.165492 1.084252 2.467335 1.384323 -0.326337 10.448925 2.053133 2.580244 -3.440529 0.183255 1.86237 -3.508999 0.757289 2.572101 2.765277 7.7e-05 -2.2e-05 6e-06 0.055106 0.003608 -0.13389 0.824758 -3.716723 -10.653337 -0.711758 3.732421 -10.648573 13.226779 -27.161057 2.363912 -16.406199 -49.96664 -8.750175 0.851529 -21.889233 -0.198684 70.685562 -3.41611 -8.76937 -5.882105 9.861288 0.70259 -10.936872 -0.360577 7.156208 0.0 8.774827 -3e-06 -15.093596 18.190586 6.372307 -1.844033 2.498506 -2.507279 -10.163602 4.678946 4.621109 -20.976027 -5e-06 2e-06 -21.226288 2.451696 -3.594002 1e-06 -6e-06 0.0 -1.362683 2.240799 -0.746324 -21.334917 0.584908 3.008324 -13.821215 -3e-06 2e-06 -23.887173 -0.249079 -0.839483 -58.709431 2.995414 -1.313406 -0.294025 1.679688 0.833256 -14.21821 0.093214 1.30058 -34.212048 -0.287564 0.967171 -20.033215 0.964536 1.212844 -0.0 -0.0 0.0 -3.440389 0.788234 0.501655 -15.928187 -3.167312 2.999707 -6.338828 -1e-06 3e-06 -18.123447 3.648183 -4.905673 -6e-06 0.0 -1e-06 -16.140663 46.004349 -1.508961 -4.758109 22.656708 -51.292805 3.079249 26.994848 0.741298 -53.354305 -5.4966 -12.315282 2.243541 -5.255037 -3.180159 14.282891 -0.826594 6.952504 -2e-06 -12.690603 -2e-06 15.738999 -17.378471 2.251795 1.665665 -1.955923 -2.878299 4.727799 -4.170586 4.993924 11.020524 5e-06 -1e-06 12.109052 -3.735716 -2.866784 1e-06 -0.0 -1e-06 1.291985 -1.928549 -1.498089 14.800129 0.567469 3.865609 14.24257 -1.341736 -6.660655 19.631968 0.143928 -0.648243 49.181576 -0.164723 -5.817232 0.353028 -1.511151 -0.03194 20.222794 3.684311 2.316632 18.787273 6e-06 1e-06 10.751627 -0.479868 1.397909 1e-06 0.0 2e-06 3.273807 0.305948 -0.580112 21.486818 11.83038 2.266135 8.16293 2e-06 1e-06 18.399084 -3.798984 -4.940574 2e-06 1e-06 -0.0 10.783256 6.933745 -47.256142 -0.600715 -0.777451 114.479813 6.093546 -12.577214 23.260302 1.849293 -2.026182 -4.268419 0.0 0.0 1e-06 7.768785 -4.734217 -45.412834 0.034627 -0.419137 100.423286 4.204929 24.987629 37.951794 -1.116472 0.741345 -5.784216 -0.0 1e-06 -3e-06 
0.0 0.0 0.0 0.0 -0.0 0.0 -9.580858 50.531052 58.547699 -0.950155 5.274492 43.654987 0.575946 0.360714 25.110876 0.109337 1.450165 2.619366 0.882856 0.180396 10.635116 1.681097 2.62223 -3.442536 0.202392 1.893006 -3.515694 0.832546 2.60081 2.833665 7.7e-05 -2.2e-05 6e-06 0.046557 0.002455 -0.122379 0.819855 -3.729609 -10.658772 -0.725854 3.740953 -10.658227 12.529342 -26.444519 2.282987 -17.201805 -51.367657 -7.43168 0.680123 -22.214046 -0.195629 71.843498 -3.782653 -8.238086 -5.882102 9.861277 0.702589 -10.93686 -0.360575 7.156197 1e-06 8.774817 0.0 -15.107998 18.255068 6.386786 -1.844031 2.498502 -2.507275 -10.163592 4.678943 4.621105 -20.976006 -4e-06 0.0 -21.226271 2.451694 -3.593998 1e-06 -6e-06 0.0 -1.362681 2.240796 -0.746323 -21.334896 0.584909 3.008319 -13.821205 -3e-06 1e-06 -23.887154 -0.249078 -0.839484 -58.835262 3.043638 -1.334542 -0.294025 1.679686 0.833255 -14.218197 0.093216 1.300578 -34.212029 -0.287564 0.967167 -20.033197 0.964535 1.21284 -0.0 -1e-06 -0.0 -3.440386 0.788233 0.501654 -15.928174 -3.167307 2.999704 -6.338821 -1e-06 0.0 -18.123436 3.64818 -4.905666 -6e-06 1e-06 -1e-06 -17.902918 46.449963 -2.27431 -5.738853 20.318369 -52.744652 3.15699 24.177279 0.76206 -50.989693 -8.223551 -15.575563 2.24354 -5.255034 -3.180154 14.28288 -0.826594 6.952496 -1e-06 -12.690597 -2e-06 15.485718 -17.261744 2.349855 1.665665 -1.955921 -2.878296 4.727797 -4.170587 4.993917 11.020519 5e-06 -3e-06 12.109045 -3.735713 -2.866784 0.0 -1e-06 -1e-06 1.291985 -1.92855 -1.498088 14.80012 0.567467 3.865603 14.242564 -1.341734 -6.660653 19.631954 0.143926 -0.648245 49.067654 -0.111458 -5.833272 0.353028 -1.511148 -0.031939 20.222784 3.684307 2.316628 18.787266 5e-06 -3e-06 10.751624 -0.479868 1.397904 -1e-06 -0.0 -1e-06 3.273804 0.305948 -0.580111 21.486799 11.830367 2.266129 8.162922 2e-06 -1e-06 18.399075 -3.798983 -4.940574 2e-06 0.0 -2e-06 9.169086 6.619448 -52.422466 -0.462809 -0.151933 119.433403 6.727893 -12.965701 22.097807 1.775933 -2.002181 -4.832555 0.0 -0.0 2e-06 7.001204 -5.091622 -43.118797 0.095039 -0.265276 98.317459 3.125686 25.131964 36.980728 -1.115091 0.733023 -6.425438 -1e-06 1e-06 -3e-06 
0.0 0.0 0.0 0.0 -0.0 0.0 -9.455492 50.57235 60.622673 -1.023379 4.329401 43.3759 0.27294 0.538463 25.380848 0.008345 1.697189 2.716068 0.338536 0.532714 10.934957 1.36464 2.611862 -3.098355 0.211705 2.031112 -3.526139 0.797685 2.749506 2.712272 7.7e-05 -2.2e-05 6e-06 0.033037 0.00016 -0.113646 0.799778 -3.734679 -10.649509 -0.734653 3.739269 -10.65704 11.740204 -25.845863 2.516412 -18.214939 -52.005024 -6.191844 0.455926 -22.658707 -0.168754 72.883232 -4.316513 -7.311695 -5.882101 9.861273 0.70259 -10.936863 -0.360574 7.156196 0.0 8.774815 -0.0 -15.153116 18.317928 6.404783 -1.844031 2.498502 -2.507275 -10.16359 4.678939 4.621103 -20.976006 -3e-06 3e-06 -21.226271 2.451696 -3.593996 1e-06 -6e-06 0.0 -1.362681 2.240795 -0.746322 -21.334896 0.584911 3.008319 -13.821202 -2e-06 2e-06 -23.887152 -0.249077 -0.839484 -59.09557 3.036023 -1.268035 -0.294024 1.679685 0.833255 -14.218197 0.093216 1.300579 -34.212021 -0.287561 0.967168 -20.033195 0.964536 1.212841 -0.0 -0.0 0.0 -3.440385 0.788232 0.501655 -15.928174 -3.167304 2.999704 -6.338822 -0.0 1e-06 -18.123432 3.64818 -4.905663 -6e-06 0.0 -1e-06 -18.931908 46.252476 -2.585325 -5.679906 19.693287 -52.836937 3.083133 22.649294 0.737677 -49.672771 -10.276623 -17.026823 2.243539 -5.255031 -3.180153 14.282877 -0.826599 6.952497 2e-06 -12.690593 2e-06 15.330912 -17.225286 2.437253 1.665664 -1.955919 -2.878296 4.727795 -4.170587 4.993921 11.020517 0.0 -0.0 12.109042 -3.735714 -2.86678 0.0 -0.0 -1e-06 1.291986 -1.928547 -1.498089 14.800115 0.567464 3.865604 14.242559 -1.341738 -6.66065 19.631948 0.143922 -0.648245 49.00806 -0.1158 -5.897933 0.353028 -1.511147 -0.031939 20.222771 3.684301 2.316629 18.787254 0.0 -1e-06 10.751619 -0.479871 1.397901 -1e-06 -0.0 0.0 3.273804 0.305947 -0.58011 21.486792 11.83036 2.266128 8.162919 -0.0 -2e-06 18.399067 -3.798983 -4.940573 3e-06 -2e-06 -2e-06 7.619477 6.415831 -57.130016 -0.283063 0.433779 123.206245 7.075402 -13.581047 21.333427 1.678045 -1.953241 -5.600173 -0.0 -0.0 4e-06 6.151414 -5.250129 -40.613865 0.172591 -0.014286 96.176559 2.309532 25.000549 36.576252 -1.117906 0.737733 -6.894934 -0.0 1e-06 -2e-06 
0.0 0.0 0.0 0.0 -0.0 0.0 -9.238041 50.481407 62.776218 -1.434324 3.081977 42.884335 -0.110498 0.778231 25.526083 -0.125734 1.900909 2.778234 -0.228942 0.782527 11.330953 1.002061 2.593626 -2.618502 0.244196 2.194615 -3.529614 0.755154 2.937677 2.513212 7.7e-05 -2.3e-05 6e-06 0.016037 -0.002065 -0.108143 0.772078 -3.736169 -10.635291 -0.742649 3.735037 -10.649374 10.865783 -25.315826 3.02748 -19.364622 -51.993889 -4.914213 0.196344 -23.192614 -0.141584 73.73233 -4.942546 -6.21585 -5.882098 9.861273 0.702591 -10.936857 -0.360574 7.156197 1e-06 8.774815 0.0 -15.20552 18.351576 6.439662 -1.844029 2.498502 -2.507274 -10.163588 4.678939 4.621105 -20.976 -4e-06 3e-06 -21.226259 2.451694 -3.593995 -0.0 -6e-06 0.0 -1.362679 2.240795 -0.746321 -21.334887 0.584909 3.008321 -13.821197 -2e-06 3e-06 -23.88714 -0.249079 -0.839482 -59.425148 3.000297 -1.131472 -0.294023 1.679685 0.833256 -14.218191 0.093215 1.300579 -34.212013 -0.287563 0.967171 -20.033194 0.964537 1.212843 -0.0 -0.0 -0.0 -3.440384 0.788232 0.501654 -15.928168 -3.167306 2.999704 -6.338817 -1e-06 1e-06 -18.123425 3.648178 -4.905663 -6e-06 0.0 -2e-06 -19.485752 45.785778 -2.577374 -4.878743 20.311863 -52.176098 2.952588 22.004086 0.699737 -49.06152 -11.712778 -17.160219 2.243537 -5.255024 -3.180151 14.282868 -0.826594 6.95249 -4e-06 -12.690585 2e-06 15.279238 -17.269844 2.484522 1.665663 -1.955919 -2.878294 4.727789 -4.170582 4.993917 11.020508 6e-06 -2e-06 12.109032 -3.73571 -2.866779 1e-06 1e-06 -1e-06 1.291983 -1.928548 -1.498086 14.800103 0.567467 3.865599 14.242546 -1.341732 -6.660647 19.631935 0.14393 -0.648245 49.018814 -0.153398 -5.974291 0.353027 -1.511148 -0.031939 20.222757 3.684305 2.316624 18.787239 6e-06 -1e-06 10.751608 -0.479867 1.397906 -2e-06 1e-06 0.0 3.2738 0.305945 -0.58011 21.486776 11.830361 2.266126 8.162912 3e-06 -2e-06 18.399048 -3.798979 -4.940568 2e-06 -0.0 -2e-06 6.276983 6.426176 -61.20306 -0.082086 0.915368 125.857918 7.156328 -14.5419 20.842478 1.570988 -1.877137 -6.557532 0.0 0.0 1e-06 5.275188 -5.076372 -37.834328 0.24956 0.304477 93.955841 1.668262 24.574017 36.512638 -1.127709 0.746654 -7.181809 -1e-06 1e-06 -3e-06 
0.0 0.0 0.0 0.0 -0.0 0.0 -8.967279 50.273941 65.006676 -2.197186 1.600592 42.266762 -0.534162 1.072656 25.52092 -0.282595 2.091696 2.793202 -0.778905 0.948117 11.753361 0.600627 2.555372 -2.065929 0.289664 2.371875 -3.526867 0.746061 3.183604 2.329279 7.7e-05 -2.3e-05 6e-06 -0.015605 -0.001667 -0.105297 0.72751 -3.735103 -10.629337 -0.762989 3.734279 -10.644737 9.921586 -24.806801 3.751038 -20.754066 -51.375938 -3.400737 -0.079083 -23.852928 -0.100743 74.387077 -5.415699 -5.220532 -5.882103 9.861283 0.702591 -10.936867 -0.360576 7.156203 0.0 8.774822 -1e-06 -15.2593 18.333473 6.489283 -1.844033 2.498504 -2.507276 -10.163594 4.678942 4.621106 -20.976017 -4e-06 4e-06 -21.226276 2.451696 -3.593999 1e-06 -6e-06 0.0 -1.362681 2.240798 -0.746323 -21.334906 0.584909 3.008322 -13.821208 -3e-06 2e-06 -23.887159 -0.249079 -0.839482 -59.76387 2.966455 -0.972613 -0.294025 1.679687 0.833256 -14.218202 0.093215 1.30058 -34.212029 -0.287565 0.96717 -20.033201 0.964536 1.212844 -0.0 0.0 -0.0 -3.440387 0.788233 0.501655 -15.928183 -3.16731 2.999706 -6.338824 -1e-06 1e-06 -18.12344 3.648182 -4.905668 -5e-06 0.0 -2e-06 -19.648468 45.118675 -2.296314 -3.459803 22.105421 -50.846161 2.686156 22.090708 0.635944 -49.445549 -12.656199 -16.350817 2.24354 -5.255031 -3.180155 14.282877 -0.826592 6.952496 -5e-06 -12.690592 2e-06 15.279664 -17.354338 2.50602 1.665664 -1.95592 -2.878296 4.727795 -4.170583 4.993918 11.020514 5e-06 -2e-06 12.109038 -3.735711 -2.866782 -0.0 -0.0 0.0 1.291984 -1.928548 -1.498088 14.800112 0.567468 3.865604 14.242558 -1.341732 -6.660652 19.631952 0.143926 -0.648244 49.073277 -0.19435 -6.029757 0.353028 -1.511147 -0.031941 20.222775 3.684308 2.316629 18.787254 5e-06 0.0 10.751617 -0.479866 1.397905 -1e-06 -0.0 1e-06 3.273805 0.305946 -0.580111 21.486795 11.830365 2.266131 8.162922 2e-06 1e-06 18.399067 -3.798982 -4.940569 2e-06 -0.0 -3e-06 5.304022 6.702716 -64.323822 0.098719 1.26519 127.41333 6.947241 -15.558896 20.713451 1.474972 -1.78324 -7.683548 0.0 0.0 2e-06 4.469319 -4.505649 -34.762775 0.305308 0.68524 91.506073 1.278351 23.926315 36.830158 -1.149502 0.753421 -7.149652 -0.0 -0.0 -3e-06 
0.0 0.0 0.0 0.0 -0.0 0.0 -8.701772 49.971642 67.356262 -3.186727 0.027312 41.717487 -0.94361 1.375026 25.336239 -0.485855 2.263966 2.730742 -1.249808 1.003803 12.094808 0.230749 2.485532 -1.430315 0.392731 2.507576 -3.515836 0.729557 3.502402 2.143108 7.7e-05 -2.3e-05 6e-06 -0.071212 0.005962 -0.100557 0.649521 -3.722713 -10.618659 -0.797669 3.737713 -10.637138 9.011206 -24.351027 4.591287 -22.461573 -50.167007 -1.433824 -0.295745 -24.645473 -0.064491 74.973961 -5.487957 -4.282686 -5.882102 9.861281 0.70259 -10.936866 -0.360575 7.1562 1e-06 8.774822 -2e-06 -15.366823 18.26029 6.501115 -1.844031 2.498503 -2.507275 -10.163594 4.678943 4.621105 -20.976013 -3e-06 3e-06 -21.226273 2.451698 -3.593999 -0.0 -6e-06 0.0 -1.362681 2.240798 -0.746323 -21.334898 0.584909 3.00832 -13.821205 -2e-06 1e-06 -23.887157 -0.249077 -0.839482 -60.031872 2.933133 -0.818359 -0.294024 1.679686 0.833256 -14.218198 0.093215 1.30058 -34.212032 -0.287563 0.967169 -20.033203 0.964537 1.212841 -0.0 1e-06 -1e-06 -3.440386 0.788233 0.501656 -15.928179 -3.167308 2.999705 -6.338822 -1e-06 1e-06 -18.12344 3.648183 -4.905669 -4e-06 0.0 -2e-06 -19.498598 44.2584 -1.753751 -1.563213 24.875109 -48.92432 2.33399 22.765049 0.569622 -50.771385 -13.151378 -14.903926 2.243539 -5.25503 -3.180152 14.282874 -0.826595 6.952491 -5e-06 -12.69059 4e-06 15.376566 -17.450798 2.499303 1.665665 -1.955918 -2.878296 4.727794 -4.170584 4.993917 11.020512 3e-06 -2e-06 12.109039 -3.735712 -2.866779 0.0 -0.0 -1e-06 1.291984 -1.928548 -1.498087 14.800112 0.567466 3.865599 14.242557 -1.341734 -6.660648 19.631945 0.143926 -0.648246 49.180527 -0.253103 -6.073994 0.353028 -1.511147 -0.031939 20.222769 3.684304 2.316624 18.787254 4e-06 -2e-06 10.751617 -0.479866 1.397901 1e-06 -0.0 -0.0 3.273803 0.305946 -0.580111 21.48679 11.830359 2.266123 8.162915 3e-06 -2e-06 18.399059 -3.79898 -4.940572 2e-06 1e-06 -3e-06 4.704566 7.230951 -66.256592 0.221531 1.523542 127.840164 6.522019 -16.258648 21.23793 1.399017 -1.700878 -9.297527 -0.0 -0.0 3e-06 3.778305 -3.680848 -31.609413 0.31504 1.092296 88.851021 1.109774 23.140192 37.478966 -1.176234 0.767415 -6.819184 -1e-06 1e-06 -3e-06 
0.0 0.0 0.0 0.0 -0.0 0.0 -8.449795 49.611069 69.774124 -4.183795 -1.36203 41.391941 -1.276807 1.627187 24.948643 -0.7129 2.326073 2.574197 -1.56463 0.927351 12.296479 -0.03515 2.321416 -0.730788 0.552582 2.612468 -3.502978 0.70057 3.823723 2.04646 7.7e-05 -2.3e-05 6e-06 -0.113517 0.014093 -0.09745 0.5804 -3.70971 -10.609499 -0.81289 3.741369 -10.639209 8.136561 -24.050255 5.49937 -24.395544 -48.398613 0.811637 -0.399767 -25.615189 -0.041681 75.526062 -5.277414 -3.363763 -5.882105 9.861284 0.702589 -10.936868 -0.360578 7.156204 0.0 8.774826 -4e-06 -15.540919 18.160975 6.473161 -1.844033 2.498504 -2.507277 -10.163599 4.678944 4.621107 -20.976021 -4e-06 2e-06 -21.226286 2.451696 -3.594001 -1e-06 -6e-06 0.0 -1.362682 2.240798 -0.746323 -21.334911 0.584907 3.008324 -13.821213 -3e-06 2e-06 -23.887167 -0.24908 -0.839483 -60.282288 2.88237 -0.684023 -0.294025 1.679687 0.833255 -14.218207 0.093214 1.30058 -34.212048 -0.287565 0.967171 -20.033209 0.964535 1.212843 0.0 1e-06 -1e-06 -3.440389 0.788233 0.501655 -15.928185 -3.16731 2.999707 -6.338827 -1e-06 1e-06 -18.123444 3.648181 -4.90567 -5e-06 0.0 -2e-06 -19.167566 43.158714 -1.095621 0.79943 28.405107 -46.426792 1.979468 23.758341 0.513308 -52.825321 -13.140945 -13.00475 2.24354 -5.255035 -3.180157 14.282887 -0.826597 6.952503 -2e-06 -12.690599 1e-06 15.567606 -17.529284 2.499037 1.665665 -1.95592 -2.878298 4.727798 -4.170587 4.993924 11.020522 3e-06 1e-06 12.10905 -3.735715 -2.866782 0.0 -1e-06 -1e-06 1.291985 -1.92855 -1.498088 14.800125 0.567465 3.865609 14.242568 -1.341738 -6.660653 19.631962 0.143922 -0.648245 49.344246 -0.328099 -6.111269 0.353029 -1.511149 -0.03194 20.222786 3.684304 2.316631 18.787266 2e-06 0.0 10.751625 -0.479869 1.397907 -0.0 -0.0 -0.0 3.273805 0.305945 -0.580111 21.486803 11.830365 2.266136 8.162924 1e-06 1e-06 18.399078 -3.798987 -4.940574 1e-06 -0.0 -1e-06 4.517246 7.766694 -66.724083 0.261845 1.718226 127.42247 5.925708 -16.41169 22.354658 1.355083 -1.645252 -11.495799 -0.0 -1e-06 3e-06 3.235024 -2.942913 -28.558016 0.292769 1.478748 86.005737 0.987103 22.216097 38.468102 -1.197035 0.791243 -6.365876 -0.0 -0.0 -4e-06 
0.0 0.0 0.0 0.0 -0.0 0.0 -8.232413 49.234451 72.211723 -4.901908 -2.354086 41.441425 -1.534843 1.763589 24.39407 -0.872157 2.236451 2.364327 -1.782233 0.705844 12.212081 0.034772 2.02607 0.011994 0.67722 2.748459 -3.496985 0.67895 4.074558 2.005622 7.7e-05 -2.2e-05 6e-06 -0.103627 0.010275 -0.103809 0.573302 -3.724899 -10.640412 -0.78445 3.74856 -10.676726 7.363458 -23.92215 6.417896 -26.418587 -46.364525 2.89036 -0.49614 -26.677717 0.03808 75.95414 -5.020913 -2.562067 -5.882097 9.861275 0.702591 -10.936854 -0.360575 7.156195 1e-06 8.774816 -1e-06 -15.802336 18.165413 6.433801 -1.844029 2.498501 -2.507275 -10.163584 4.678938 4.621103 -20.975996 -4e-06 2e-06 -21.226255 2.451692 -3.593997 -0.0 -6e-06 1e-06 -1.362679 2.240796 -0.746321 -21.334883 0.584908 3.008317 -13.821193 -3e-06 1e-06 -23.887136 -0.249079 -0.839481 -60.656288 2.874448 -0.594232 -0.294024 1.679685 0.833255 -14.218185 0.093213 1.300579 -34.212002 -0.287566 0.967169 -20.033184 0.964534 1.212842 0.0 0.0 -0.0 -3.440384 0.788232 0.501656 -15.928165 -3.167306 2.999702 -6.338818 -1e-06 1e-06 -18.123423 3.648178 -4.905663 -6e-06 -0.0 -1e-06 -18.680208 41.820652 -0.399814 3.522641 32.34383 -43.528782 1.66022 24.670429 0.467921 -55.441212 -12.594631 -11.17241 2.24354 -5.255033 -3.180154 14.282876 -0.826592 6.952497 -3e-06 -12.690594 -0.0 15.766614 -17.621595 2.50824 1.665664 -1.95592 -2.878297 4.727794 -4.170584 4.993919 11.020515 3e-06 0.0 12.10904 -3.735713 -2.866781 0.0 -1e-06 -1e-06 1.291984 -1.928547 -1.498086 14.800115 0.567468 3.865605 14.24256 -1.341736 -6.660649 19.631952 0.143925 -0.648243 49.486908 -0.368236 -6.191563 0.353029 -1.511148 -0.03194 20.222773 3.684307 2.316629 18.787254 5e-06 1e-06 10.751619 -0.479868 1.397905 -0.0 -0.0 0.0 3.273804 0.305947 -0.580109 21.486792 11.830364 2.266133 8.162921 3e-06 -0.0 18.399067 -3.798982 -4.94057 2e-06 0.0 -1e-06 4.525689 8.056029 -65.877678 0.275203 1.806907 126.810944 5.430251 -16.032492 23.478151 1.345016 -1.63298 -12.40842 -0.0 -0.0 3e-06 2.784423 -2.559795 -25.826096 0.279947 1.807069 82.932442 0.860227 21.23595 40.007721 -1.203394 0.835689 -5.873799 -0.0 0.0 -4e-06 
0.0 0.0 0.0 0.0 -0.0 0.0 -8.064047 48.887688 74.614166 -5.169887 -2.865451 41.854012 -1.704876 1.791574 23.747179 -0.954555 2.013282 2.141224 -1.895714 0.321213 11.91525 0.318682 1.701541 0.566082 0.756611 2.805976 -3.494302 0.77049 4.199879 2.019951 7.7e-05 -2.3e-05 5e-06 -0.068879 -0.00176 -0.110905 0.604403 -3.753545 -10.6759 -0.744104 3.752225 -10.709024 6.816426 -23.999716 7.256765 -28.344452 -44.376141 4.582518 -0.501979 -27.762882 0.113484 76.14225 -4.706988 -1.845765 -5.882101 9.861278 0.702588 -10.936856 -0.360575 7.156199 -0.0 8.774818 -0.0 -16.099197 18.271114 6.402742 -1.84403 2.498502 -2.507276 -10.163587 4.67894 4.621104 -20.976 -3e-06 -2e-06 -21.226265 2.451694 -3.594001 -0.0 -6e-06 0.0 -1.36268 2.240797 -0.746323 -21.334892 0.58491 3.008319 -13.821198 -2e-06 0.0 -23.887142 -0.249078 -0.839485 -61.054787 2.898876 -0.54062 -0.294025 1.679686 0.833256 -14.218193 0.093216 1.300578 -34.212009 -0.287562 0.967164 -20.033194 0.964537 1.212839 0.0 0.0 0.0 -3.440385 0.788233 0.501655 -15.928168 -3.167305 2.999703 -6.338819 -0.0 0.0 -18.123426 3.648182 -4.905669 -5e-06 -0.0 -1e-06 -18.090277 40.407009 0.200484 6.321571 36.116192 -40.455135 1.405856 25.254377 0.40417 -58.104256 -11.638196 -9.827398 2.243541 -5.255034 -3.180158 14.282885 -0.826593 6.952499 -3e-06 -12.690599 -2e-06 15.910712 -17.689911 2.520153 1.665666 -1.955921 -2.878299 4.727796 -4.170585 4.993921 11.02052 4e-06 -2e-06 12.109046 -3.735712 -2.866785 0.0 -1e-06 -1e-06 1.291986 -1.928548 -1.498089 14.800123 0.567471 3.865608 14.242566 -1.341733 -6.660657 19.631962 0.14393 -0.648246 49.479614 -0.387603 -6.292725 0.353029 -1.511149 -0.03194 20.222784 3.684311 2.316628 18.787266 9e-06 -1e-06 10.751624 -0.479866 1.397908 -0.0 -1e-06 -1e-06 3.273805 0.305947 -0.58011 21.486807 11.830373 2.266135 8.162924 5e-06 1e-06 18.399071 -3.798981 -4.940575 2e-06 0.0 -2e-06 4.37431 8.029302 -64.471718 0.244996 1.828248 125.751801 5.09415 -15.524481 24.649193 1.324725 -1.645918 -12.495094 0.0 -0.0 4e-06 2.332377 -2.656191 -23.619781 0.280352 2.088832 79.786697 0.986196 20.146059 42.125183 -1.208249 0.882065 -5.130241 -0.0 0.0 -2e-06 
0.0 0.0 0.0 0.0 -0.0 0.0 -7.920922 48.711796 76.8451 -4.986463 -2.974468 42.519802 -1.854778 1.715622 23.134008 -0.899733 1.674942 1.95984 -2.003853 -0.180336 11.410012 0.855621 1.392492 0.895538 0.806292 2.775172 -3.429328 0.837873 4.200354 1.939567 7.7e-05 -2.2e-05 6e-06 0.029037 -0.027237 -0.102395 0.730501 -3.812724 -10.730135 -0.675262 3.758641 -10.732357 6.518952 -24.208931 7.724728 -30.171804 -42.367058 5.795612 -0.641071 -28.9729 0.222312 76.440247 -4.533966 -0.667719 -5.882102 9.861277 0.70259 -10.936862 -0.360574 7.156199 1e-06 8.774817 1e-06 -16.270933 18.229122 6.389997 -1.844031 2.498502 -2.507277 -10.163592 4.678943 4.621107 -20.976009 -4e-06 0.0 -21.226271 2.451694 -3.593999 -0.0 -6e-06 -1e-06 -1.362681 2.240796 -0.746323 -21.334896 0.584911 3.00832 -13.821202 -2e-06 0.0 -23.887152 -0.24908 -0.839485 -61.075169 2.833118 -0.350916 -0.294024 1.679686 0.833257 -14.218196 0.093215 1.300578 -34.212021 -0.287565 0.967166 -20.033195 0.964535 1.212841 0.0 0.0 -0.0 -3.440385 0.788232 0.501655 -15.928172 -3.167307 2.999704 -6.338822 -1e-06 1e-06 -18.123432 3.648179 -4.905668 -5e-06 -0.0 -1e-06 -17.647669 39.030968 0.427988 9.273494 39.44046 -37.032101 1.24693 25.397684 0.327145 -60.801182 -10.318865 -9.066771 2.243541 -5.255037 -3.180159 14.28288 -0.826592 6.952499 -2e-06 -12.6906 -1e-06 16.063669 -17.649092 2.484574 1.665666 -1.955922 -2.878299 4.727797 -4.170586 4.993922 11.020517 3e-06 -2e-06 12.109043 -3.735713 -2.866784 1e-06 -1e-06 -1e-06 1.291984 -1.928548 -1.498089 14.800118 0.567468 3.865606 14.242564 -1.341736 -6.660657 19.631952 0.143929 -0.648244 49.366543 -0.390261 -6.346045 0.353029 -1.511149 -0.031939 20.222778 3.684309 2.316628 18.78726 5e-06 0.0 10.75162 -0.479868 1.397905 -0.0 -1e-06 0.0 3.273805 0.305947 -0.58011 21.486799 11.830372 2.266132 8.162921 3e-06 -0.0 18.399071 -3.798983 -4.940574 3e-06 -0.0 -1e-06 4.000657 7.61474 -62.862427 0.174835 1.856839 124.017647 4.470346 -15.538122 25.410654 1.27754 -1.642755 -11.731366 0.0 -0.0 2e-06 1.835696 -3.321699 -21.981428 0.283047 2.488986 76.657738 1.612377 18.996204 45.07991 -1.239268 0.908727 -4.822682 -0.0 -1e-06 -2e-06 
0.0 0.0 0.0 0.0 -0.0 0.0 -7.798028 48.530277 78.978951 -4.4819 -2.594966 43.434361 -1.836721 1.525268 22.590641 -0.748581 1.341731 1.761358 -2.059676 -0.824326 10.905773 1.616416 1.186681 0.865855 0.340933 2.558094 -3.37326 1.270416 4.025215 1.88889 7.7e-05 -2.3e-05 6e-06 -0.00685 -0.034201 -0.106047 0.693839 -3.823261 -10.750699 -0.710227 3.752101 -10.751122 6.445483 -24.488565 8.163664 -31.453537 -40.747066 6.412248 -0.440287 -30.318359 0.296835 76.287933 -4.069009 0.51504 -5.882102 9.861279 0.70259 -10.936864 -0.360575 7.156199 -0.0 8.774819 -0.0 -16.317717 18.452818 6.267273 -1.844031 2.498503 -2.507276 -10.163592 4.678943 4.621107 -20.976013 -4e-06 1e-06 -21.226273 2.451695 -3.593998 -0.0 -6e-06 -1e-06 -1.362681 2.240797 -0.746323 -21.334898 0.584909 3.008321 -13.821205 -3e-06 1e-06 -23.887154 -0.249078 -0.839483 -61.101765 3.010677 -0.671244 -0.294025 1.679685 0.833256 -14.218199 0.093215 1.30058 -34.212032 -0.287565 0.967168 -20.033201 0.964535 1.212843 0.0 -0.0 0.0 -3.440387 0.788233 0.501656 -15.928176 -3.167308 2.999706 -6.338824 -1e-06 1e-06 -18.123438 3.64818 -4.905669 -5e-06 0.0 -1e-06 -17.045908 37.744892 0.739999 11.637165 42.104118 -33.48344 0.999635 25.264042 0.200133 -63.277763 -9.705021 -8.447682 2.243539 -5.255033 -3.180156 14.282881 -0.826593 6.952497 -2e-06 -12.690595 0.0 15.929602 -17.716406 2.586705 1.665665 -1.955922 -2.878297 4.727796 -4.170584 4.99392 11.020517 3e-06 -1e-06 12.109042 -3.735714 -2.866784 1e-06 -0.0 -2e-06 1.291985 -1.928548 -1.498089 14.800118 0.567469 3.865604 14.242562 -1.341735 -6.660655 19.631954 0.143928 -0.648244 49.251389 -0.428542 -6.332304 0.353029 -1.511151 -0.031939 20.222776 3.68431 2.316628 18.78726 4e-06 -1e-06 10.751621 -0.479868 1.397905 -0.0 -0.0 1e-06 3.273805 0.305947 -0.580111 21.486799 11.830367 2.266131 8.162921 2e-06 1e-06 18.399067 -3.798981 -4.940571 2e-06 -0.0 -1e-06 3.627675 6.796005 -61.336342 0.099208 1.686014 122.080368 3.873882 -16.578487 26.464828 1.326092 -1.645939 -10.114524 -0.0 -0.0 3e-06 1.299137 -4.332042 -20.874889 0.23786 2.728458 73.653244 2.308181 17.841125 48.423069 -1.258585 1.025681 -3.079888 0.0 0.0 -2e-06 
0.0 0.0 0.0 0.0 -0.0 0.0 -7.614532 48.818245 80.788712 -4.037737 -2.26133 44.159119 -1.595508 1.365424 22.255283 -0.733091 1.10091 1.598462 -1.875386 -1.156911 10.7034 1.847624 1.014956 0.62404 0.12054 2.210051 -3.397757 1.480595 3.567292 1.87609 7.7e-05 -2.3e-05 6e-06 -0.032263 -0.035444 -0.124025 0.658912 -3.82207 -10.75858 -0.725741 3.750488 -10.77749 6.223014 -24.958189 8.279728 -32.025494 -39.129272 6.13289 -0.197871 -32.382343 0.396667 75.240364 -3.96888 1.807163 -5.882093 9.861269 0.702591 -10.936851 -0.360574 7.156193 2e-06 8.774813 1e-06 -16.526438 18.538567 6.043606 -1.844029 2.4985 -2.507273 -10.163578 4.678936 4.621101 -20.975985 -6e-06 3e-06 -21.226244 2.451691 -3.593992 0.0 -6e-06 -1e-06 -1.362679 2.240794 -0.746322 -21.334873 0.584907 3.008318 -13.821186 -4e-06 2e-06 -23.887127 -0.249079 -0.83948 -61.118698 3.049336 -0.935676 -0.294024 1.679685 0.833255 -14.218181 0.093213 1.300577 -34.211983 -0.287567 0.96717 -20.033173 0.964534 1.212843 -0.0 -0.0 -1e-06 -3.440381 0.788232 0.501655 -15.928159 -3.167305 2.999702 -6.338814 -1e-06 1e-06 -18.123411 3.648176 -4.905659 -5e-06 -0.0 -1e-06 -16.56851 36.852947 1.06078 13.353656 43.612556 -30.409395 0.815711 25.21319 0.179695 -65.700012 -9.224112 -8.034175 2.243536 -5.255028 -3.180153 14.282864 -0.82659 6.952491 -4e-06 -12.690584 3e-06 15.759666 -17.686724 2.702634 1.665663 -1.955919 -2.878295 4.727789 -4.17058 4.993915 11.020506 6e-06 -1e-06 12.10903 -3.735705 -2.866777 -0.0 -0.0 1e-06 1.291983 -1.928545 -1.498086 14.800101 0.567471 3.8656 14.242544 -1.341729 -6.660645 19.631935 0.14393 -0.648242 49.240002 -0.447664 -6.258126 0.353028 -1.511147 -0.03194 20.222754 3.684309 2.316625 18.787237 7e-06 1e-06 10.751607 -0.479866 1.397904 0.0 0.0 0.0 3.273801 0.305946 -0.58011 21.486776 11.830359 2.266127 8.162913 4e-06 2e-06 18.399048 -3.798976 -4.940564 1e-06 -0.0 -2e-06 3.117159 6.133537 -59.629513 0.040548 1.535931 120.015076 3.713794 -17.24329 26.449127 1.324485 -1.658986 -9.755762 -0.0 -0.0 4e-06 0.75097 -5.393967 -20.438131 0.226416 2.985071 71.433167 2.429489 17.397219 50.232597 -1.298977 1.050226 -2.048276 0.0 -0.0 -1e-06 
0.0 0.0 0.0 0.0 -0.0 0.0 -7.37647 49.293854 82.425972 -4.018951 -2.193562 44.430199 -1.24039 1.290538 22.197401 -0.711986 1.148616 1.562438 -1.564567 -1.118492 10.742083 1.348553 1.032494 0.219819 0.1412 1.761353 -3.429463 1.628674 2.943822 1.997465 7.7e-05 -2.3e-05 6e-06 -0.051975 -0.031887 -0.13913 0.648613 -3.813006 -10.740674 -0.751681 3.749341 -10.779594 6.082786 -25.236567 8.148829 -31.993822 -37.75848 5.05683 0.257582 -35.462986 0.48488 72.785965 -4.1653 3.455623 -5.882096 9.861273 0.70259 -10.936856 -0.360576 7.156199 -1e-06 8.774815 0.0 -16.744484 18.710682 5.883557 -1.844032 2.498502 -2.507276 -10.163587 4.678938 4.621105 -20.975996 -5e-06 2e-06 -21.226257 2.451691 -3.593996 0.0 -6e-06 -1e-06 -1.362679 2.240795 -0.746323 -21.334887 0.584907 3.008321 -13.821198 -4e-06 3e-06 -23.88714 -0.249079 -0.83948 -61.324409 3.059744 -1.190398 -0.294025 1.679686 0.833255 -14.21819 0.093213 1.300579 -34.212006 -0.287566 0.967172 -20.033188 0.964534 1.212844 0.0 0.0 1e-06 -3.440385 0.788232 0.501655 -15.928168 -3.167307 2.999705 -6.338819 -1e-06 1e-06 -18.123425 3.648176 -4.905663 -5e-06 0.0 -2e-06 -16.204565 36.663567 1.308081 14.241098 44.006927 -27.913664 0.900913 24.94965 0.309647 -67.852402 -8.70934 -7.421762 2.243539 -5.255033 -3.180156 14.282873 -0.826587 6.952496 -5e-06 -12.690595 -0.0 15.657284 -17.73554 2.850006 1.665664 -1.95592 -2.878298 4.727791 -4.17058 4.993918 11.020511 6e-06 -2e-06 12.109036 -3.735709 -2.866785 0.0 -0.0 0.0 1.291984 -1.928548 -1.498089 14.80011 0.567472 3.865604 14.242555 -1.34173 -6.660654 19.631941 0.143932 -0.648242 49.304497 -0.469183 -6.234559 0.353027 -1.511149 -0.031939 20.222769 3.684312 2.316627 18.787251 8e-06 1e-06 10.751616 -0.479865 1.397906 0.0 0.0 -1e-06 3.273803 0.305947 -0.580111 21.486788 11.830368 2.266131 8.162917 4e-06 2e-06 18.399057 -3.798977 -4.940567 1e-06 -0.0 -1e-06 2.819005 5.994473 -57.519897 -0.041879 1.367057 117.786217 3.547286 -17.967363 26.309755 1.265818 -1.66489 -10.620972 -0.0 -1e-06 1e-06 0.12026 -5.949221 -20.45076 0.307583 3.191507 70.397316 2.354418 17.368032 50.735634 -1.321878 1.075728 -1.748154 0.0 0.0 -1e-06 
0.0 0.0 0.0 0.0 -0.0 0.0 -7.042121 49.945679 84.030571 -4.366298 -2.342331 44.381355 -0.819618 1.241111 22.284685 -0.718478 1.324934 1.580549 -1.025698 -0.665938 11.027245 -0.03148 1.180159 -0.211091 0.598471 1.369034 -3.499267 1.715022 2.291554 1.824999 7.7e-05 -2.3e-05 6e-06 -0.018812 -0.032944 -0.148228 0.672058 -3.799345 -10.677766 -0.705908 3.737567 -10.722116 5.977138 -25.417753 7.901364 -30.785395 -36.535488 2.220537 0.52834 -39.685829 0.633238 69.491142 -4.696893 5.299212 -5.882108 9.861287 0.70259 -10.936873 -0.360576 7.156208 -0.0 8.774826 -2e-06 -17.042416 18.861984 5.913839 -1.844032 2.498505 -2.507279 -10.163601 4.678944 4.621109 -20.976027 -3e-06 3e-06 -21.226286 2.451697 -3.593999 -0.0 -6e-06 0.0 -1.362682 2.240799 -0.746324 -21.334917 0.584909 3.008327 -13.821215 -3e-06 3e-06 -23.887173 -0.249078 -0.839481 -61.656807 2.925716 -1.02922 -0.294026 1.679688 0.833256 -14.218212 0.093214 1.300582 -34.212048 -0.287563 0.967174 -20.033215 0.964538 1.212846 0.0 0.0 -0.0 -3.440388 0.788233 0.501656 -15.928189 -3.167311 2.999709 -6.338827 -2e-06 2e-06 -18.123447 3.648183 -4.905669 -4e-06 0.0 -2e-06 -15.92204 36.917656 1.525965 14.491455 43.677734 -25.827562 1.01305 24.609175 0.421179 -69.605583 -8.24748 -6.654674 2.243541 -5.255038 -3.180159 14.282886 -0.826591 6.952501 -4e-06 -12.690601 -2e-06 15.630857 -17.685446 2.971886 1.665666 -1.955921 -2.878299 4.727796 -4.170587 4.993921 11.02052 4e-06 -2e-06 12.10905 -3.735714 -2.866785 0.0 -0.0 -1e-06 1.291985 -1.928549 -1.49809 14.800127 0.56747 3.865608 14.242571 -1.341736 -6.660659 19.631966 0.143929 -0.648244 49.357395 -0.43726 -6.169171 0.353028 -1.51115 -0.03194 20.222788 3.684312 2.31663 18.78727 7e-06 -1e-06 10.751625 -0.479866 1.397906 0.0 -0.0 1e-06 3.273806 0.305947 -0.58011 21.486809 11.830376 2.266134 8.162924 3e-06 1e-06 18.399076 -3.798982 -4.940574 2e-06 0.0 -1e-06 2.655248 6.157957 -55.06805 -0.171092 1.165647 115.327469 3.345608 -18.380552 25.906555 1.14965 -1.64683 -11.990506 0.0 -0.0 2e-06 -0.573958 -6.340876 -21.410212 0.415133 3.430169 71.456726 2.12686 17.308962 50.215645 -1.388548 1.06691 -0.872504 0.0 -0.0 -1e-06 
0.0 0.0 0.0 0.0 -0.0 0.0 -6.720455 50.278984 85.552887 -4.84227 -2.467995 44.207577 -0.514408 1.151654 22.444023 -0.446292 1.600023 1.748001 -0.736082 -0.362858 11.204258 -0.988412 1.612827 -0.632328 0.498909 1.198561 -3.403023 2.042461 1.809627 1.568982 7.7e-05 -2.2e-05 6e-06 -0.034063 -0.017307 -0.137037 0.666507 -3.77278 -10.604341 -0.727481 3.736897 -10.639417 6.699648 -25.39431 7.558525 -28.661274 -35.756382 -2.227705 1.041513 -43.855728 0.590307 66.595551 -4.500133 6.97173 -5.882106 9.861285 0.702588 -10.936865 -0.360574 7.156204 -3e-06 8.774822 -2e-06 -17.000538 19.099052 6.163909 -1.844033 2.498505 -2.507278 -10.163595 4.678944 4.621107 -20.976021 -2e-06 -2e-06 -21.226286 2.451697 -3.594005 -0.0 -6e-06 -1e-06 -1.362681 2.240798 -0.746324 -21.334911 0.584912 3.008321 -13.821213 -2e-06 -1e-06 -23.887165 -0.249079 -0.839487 -62.168213 3.183129 -1.088932 -0.294024 1.679687 0.833256 -14.218205 0.093216 1.300578 -34.212036 -0.287563 0.967166 -20.033209 0.964536 1.21284 -0.0 -0.0 -0.0 -3.440385 0.788233 0.501656 -15.928183 -3.167307 2.999707 -6.338825 -0.0 0.0 -18.123444 3.648184 -4.905673 -6e-06 0.0 -2e-06 -15.653156 37.510719 1.714497 14.30657 43.368584 -23.222178 0.840428 23.795597 0.295935 -70.759193 -8.680731 -6.403018 2.243543 -5.25504 -3.180158 14.282896 -0.826596 6.952504 1e-06 -12.690609 -1e-06 15.636599 -17.766747 3.106568 1.665667 -1.955922 -2.878299 4.727801 -4.170591 4.993924 11.020529 -0.0 -1e-06 12.109058 -3.73572 -2.866787 0.0 -1e-06 0.0 1.291987 -1.928551 -1.49809 14.800131 0.567466 3.865607 14.242571 -1.341739 -6.660659 19.631969 0.143922 -0.648245 49.286072 -0.499672 -6.277289 0.353029 -1.511152 -0.031941 20.222797 3.684308 2.316632 18.787281 2e-06 -2e-06 10.751633 -0.47987 1.397906 1e-06 0.0 1e-06 3.273806 0.305947 -0.58011 21.486818 11.830373 2.266135 8.16293 0.0 1e-06 18.399092 -3.798989 -4.940578 3e-06 1e-06 0.0 3.051004 5.961215 -52.813824 -0.258608 0.940978 113.174675 1.904147 -19.772575 26.391726 1.120674 -1.635466 -12.605556 0.0 -0.0 2e-06 -1.437385 -6.285544 -23.289715 0.524804 3.423466 74.784088 2.119881 16.624399 49.212933 -1.415845 1.142949 -0.783743 0.0 0.0 -1e-06 
0.0 0.0 0.0 0.0 -0.0 0.0 -6.364134 50.681313 86.9422 -5.114381 -2.443244 43.831734 -0.171693 1.018163 22.715485 -0.280407 1.634062 1.933829 -0.257965 -0.126361 11.418295 -1.827729 1.865493 -0.916351 0.553076 1.215504 -3.364131 2.203177 1.479848 1.286716 7.7e-05 -2.3e-05 7e-06 0.007454 -0.018961 -0.135701 0.699574 -3.764944 -10.571993 -0.67738 3.726625 -10.601325 7.555255 -25.760263 7.093437 -25.043303 -35.076992 -8.653485 1.001539 -46.476795 0.624945 64.56105 -3.819572 7.302847 -5.882097 9.861271 0.702593 -10.936858 -0.360575 7.156197 1e-06 8.774815 1e-06 -16.897577 19.106356 6.401495 -1.844029 2.4985 -2.507273 -10.163588 4.678939 4.621105 -20.976002 -4e-06 4e-06 -21.226259 2.451695 -3.593991 -0.0 -6e-06 0.0 -1.362681 2.240795 -0.746322 -21.33489 0.584908 3.008321 -13.821198 -3e-06 3e-06 -23.88714 -0.249078 -0.83948 -62.255852 3.234767 -1.178587 -0.294023 1.679685 0.833255 -14.218193 0.093214 1.30058 -34.212013 -0.287563 0.967173 -20.033192 0.964536 1.212843 0.0 0.0 -0.0 -3.440385 0.788232 0.501656 -15.928168 -3.167305 2.999702 -6.338819 -1e-06 2e-06 -18.123426 3.648179 -4.90566 -4e-06 0.0 -2e-06 -15.337461 37.870495 1.931988 14.202896 43.265739 -21.073801 0.678611 23.155075 0.21139 -71.543152 -8.874566 -6.139365 2.243539 -5.255029 -3.180151 14.282872 -0.826596 6.952491 -3e-06 -12.690588 3e-06 15.589125 -17.722996 3.15499 1.665664 -1.955917 -2.878294 4.727793 -4.170583 4.993918 11.020513 1e-06 -2e-06 12.109035 -3.73571 -2.866779 1e-06 -1e-06 1e-06 1.291984 -1.928547 -1.498086 14.800112 0.567465 3.865601 14.242558 -1.341732 -6.660648 19.631941 0.143927 -0.648245 49.241882 -0.505005 -6.29234 0.353028 -1.511148 -0.03194 20.222769 3.684302 2.316623 18.787251 5e-06 -2e-06 10.751616 -0.479868 1.397903 2e-06 -0.0 0.0 3.273803 0.305946 -0.580109 21.48679 11.830356 2.266122 8.162916 1e-06 -0.0 18.399063 -3.798979 -4.940568 3e-06 1e-06 -1e-06 3.181952 5.448977 -50.586266 -0.267224 0.78511 111.100082 0.858763 -20.311113 26.303196 1.073497 -1.629641 -13.010743 0.0 -1e-06 2e-06 -2.26267 -6.388353 -26.089302 0.606842 3.336332 79.623627 1.763032 15.448877 48.049183 -1.516439 1.109621 -0.431461 0.0 -1e-06 -1e-06 
0.0 0.0 0.0 0.0 -0.0 0.0 -6.020855 50.979393 88.193733 -5.127958 -2.30796 43.301899 0.076739 0.829629 23.064463 -0.07748 1.492841 2.120642 0.18348 -0.097264 11.641813 -2.383506 2.040565 -1.066909 0.593844 1.35445 -3.3304 2.278927 1.334921 1.053462 7.7e-05 -2.3e-05 6e-06 0.035435 -0.021919 -0.142768 0.717756 -3.760309 -10.552241 -0.640338 3.716275 -10.583577 8.771528 -26.580587 6.527408 -20.32198 -34.427891 -15.832376 0.807723 -46.54874 0.538727 62.716942 -2.049814 6.649944 -5.882108 9.861286 0.702589 -10.936872 -0.360574 7.156204 0.0 8.774825 -2e-06 -16.645206 18.991945 6.600163 -1.844033 2.498505 -2.507277 -10.163602 4.678944 4.621109 -20.976027 -1e-06 2e-06 -21.226288 2.451698 -3.594001 -1e-06 -6e-06 0.0 -1.362682 2.240798 -0.746322 -21.334913 0.58491 3.008324 -13.821215 -1e-06 2e-06 -23.887171 -0.249077 -0.839482 -61.99786 3.238129 -1.236288 -0.294025 1.679687 0.833255 -14.218211 0.093216 1.300581 -34.212059 -0.287561 0.96717 -20.033218 0.964537 1.212842 0.0 0.0 0.0 -3.440389 0.788234 0.501655 -15.928187 -3.16731 2.999708 -6.338826 -1e-06 1e-06 -18.123453 3.648183 -4.905672 -6e-06 0.0 -1e-06 -15.041371 38.069878 2.11315 14.23296 43.485558 -18.916502 0.594106 22.591681 0.138469 -72.087624 -8.966816 -5.565341 2.243541 -5.255038 -3.180157 14.282886 -0.826593 6.952502 -1e-06 -12.690604 -1e-06 15.655647 -17.674347 3.119242 1.665665 -1.955921 -2.878299 4.727797 -4.170587 4.993922 11.020522 2e-06 -1e-06 12.109051 -3.735717 -2.866785 0.0 -0.0 0.0 1.291986 -1.92855 -1.49809 14.80012 0.567468 3.865607 14.242564 -1.341737 -6.660658 19.631958 0.143925 -0.648244 49.349766 -0.470936 -6.263459 0.353029 -1.51115 -0.031941 20.222784 3.684309 2.316631 18.787266 4e-06 -1e-06 10.751625 -0.47987 1.397905 1e-06 -0.0 0.0 3.273806 0.305947 -0.58011 21.486807 11.830376 2.266135 8.162926 1e-06 1e-06 18.399076 -3.798986 -4.940576 3e-06 1e-06 -1e-06 3.173857 4.662916 -48.28854 -0.253014 0.676749 109.03537 -0.144613 -20.97282 26.056475 1.058942 -1.599458 -13.330562 -0.0 -1e-06 2e-06 -3.114811 -6.552976 -29.611019 0.687185 3.116269 85.695602 1.73215 14.118398 46.782177 -1.647761 1.038562 -0.271992 -0.0 0.0 -2e-06 
0.0 0.0 0.0 0.0 -0.0 0.0 -5.710527 51.188873 89.378311 -4.950969 -2.041002 42.726124 0.258316 0.600163 23.445518 0.108563 1.205799 2.269016 0.636256 -0.283083 11.872175 -2.551701 2.145543 -1.09883 0.620003 1.563974 -3.32019 2.280351 1.410482 0.781593 7.7e-05 -2.2e-05 5e-06 0.039035 -0.019773 -0.154771 0.709406 -3.750095 -10.548153 -0.626192 3.7108 -10.58482 10.32329 -27.908485 5.885664 -15.113404 -33.470818 -22.421518 0.410783 -43.941273 0.469363 60.842999 0.679386 5.409819 -5.882103 9.861283 0.70259 -10.936868 -0.360575 7.156202 1e-06 8.774824 -0.0 -16.419212 18.862972 6.675384 -1.844032 2.498503 -2.507277 -10.163594 4.678943 4.621108 -20.976017 -5e-06 0.0 -21.226282 2.451695 -3.593999 0.0 -6e-06 1e-06 -1.362682 2.240798 -0.746323 -21.334906 0.584908 3.008322 -13.82121 -4e-06 0.0 -23.887161 -0.249081 -0.839483 -61.555706 3.230791 -1.328937 -0.294024 1.679687 0.833256 -14.218203 0.093214 1.300579 -34.212036 -0.287568 0.967168 -20.033205 0.964535 1.212843 0.0 -0.0 -0.0 -3.440386 0.788233 0.501655 -15.928179 -3.16731 2.999705 -6.338822 -2e-06 1e-06 -18.12344 3.64818 -4.90567 -4e-06 0.0 -1e-06 -14.758109 38.062286 2.230211 14.466532 44.054337 -16.620134 0.541129 22.182549 0.074867 -72.421272 -9.039723 -4.819092 2.24354 -5.255032 -3.180156 14.28288 -0.826594 6.952495 -3e-06 -12.690596 1e-06 15.808113 -17.653759 3.041619 1.665664 -1.955919 -2.878298 4.727794 -4.170584 4.993921 11.020518 2e-06 -3e-06 12.109043 -3.735711 -2.866781 0.0 1e-06 -1e-06 1.291985 -1.928548 -1.498088 14.800115 0.56747 3.865603 14.242562 -1.341735 -6.660654 19.631952 0.143927 -0.648246 49.578491 -0.453413 -6.198014 0.353028 -1.511148 -0.031939 20.222773 3.684309 2.316626 18.787256 6e-06 -1e-06 10.751622 -0.479868 1.397905 -0.0 0.0 0.0 3.273803 0.305947 -0.58011 21.486795 11.830365 2.266128 8.162919 2e-06 -1e-06 18.399063 -3.79898 -4.940569 4e-06 1e-06 0.0 3.146936 3.691134 -45.975746 -0.237013 0.616167 106.974571 -1.087776 -21.910938 26.001972 1.060844 -1.575279 -13.324044 0.0 -0.0 2e-06 -3.776178 -6.844706 -33.83136 0.754325 2.818907 92.625847 2.223778 13.301733 45.677345 -1.770544 0.972257 -0.185734 0.0 0.0 -2e-06 
0.0 0.0 0.0 0.0 -0.0 0.0 -5.44201 51.313103 90.550255 -4.593579 -1.616402 42.144936 0.425826 0.319958 23.847805 0.243686 0.792285 2.394898 1.098482 -0.671208 12.095509 -2.265609 2.192481 -1.092136 0.553764 1.825881 -3.336317 2.258053 1.647541 0.472306 7.7e-05 -2.2e-05 6e-06 0.019654 -0.01382 -0.172488 0.67266 -3.733973 -10.556482 -0.631177 3.708094 -10.596693 12.196073 -29.562006 5.160411 -10.31996 -32.0676 -27.452393 -0.174726 -39.572525 0.494142 58.744431 3.852623 3.945781 -5.8821 9.861276 0.702589 -10.93686 -0.360577 7.1562 3e-06 8.77482 -1e-06 -16.285477 18.74478 6.663617 -1.84403 2.498503 -2.507276 -10.16359 4.678938 4.621107 -20.976006 -7e-06 3e-06 -21.226263 2.451692 -3.593994 1e-06 -6e-06 1e-06 -1.36268 2.240796 -0.746323 -21.334896 0.584905 3.008323 -13.821201 -5e-06 4e-06 -23.887148 -0.249081 -0.839478 -61.129448 3.25633 -1.46469 -0.294025 1.679685 0.833255 -14.218196 0.093212 1.30058 -34.212021 -0.287568 0.967173 -20.033194 0.964534 1.212845 -0.0 -0.0 -1e-06 -3.440386 0.788232 0.501654 -15.928172 -3.16731 2.999707 -6.338821 -2e-06 1e-06 -18.12343 3.648178 -4.905665 -4e-06 0.0 -2e-06 -14.414069 37.753502 2.257197 14.953183 44.98819 -14.143336 0.548179 21.935205 0.033612 -72.683418 -9.083724 -3.948925 2.243538 -5.255032 -3.180156 14.282871 -0.826589 6.952495 -4e-06 -12.69059 -0.0 16.00474 -17.653101 2.937276 1.665663 -1.95592 -2.878296 4.727792 -4.170582 4.993919 11.020512 4e-06 -1e-06 12.109036 -3.735708 -2.866781 0.0 -0.0 1e-06 1.291983 -1.928548 -1.498087 14.80011 0.567471 3.865604 14.242552 -1.341732 -6.660651 19.631945 0.143929 -0.648242 49.828648 -0.494267 -6.159977 0.353028 -1.511149 -0.031941 20.222765 3.68431 2.316628 18.787247 8e-06 -0.0 10.751615 -0.479866 1.397907 -1e-06 1e-06 0.0 3.273802 0.305948 -0.580111 21.486786 11.830368 2.266133 8.162919 3e-06 0.0 18.399057 -3.798979 -4.940568 3e-06 1e-06 0.0 3.118862 2.586878 -43.67429 -0.22701 0.602716 104.923927 -1.842467 -22.946119 26.124025 1.084657 -1.548777 -13.209745 -1e-06 -1e-06 4e-06 -4.134707 -7.336988 -38.721706 0.807879 2.443193 100.081001 3.04991 13.074971 44.757122 -1.86106 0.930217 -0.122718 -0.0 -0.0 -2e-06 
0.0 0.0 0.0 0.0 -0.0 0.0 -5.209074 51.334709 91.810341 -4.088367 -1.08024 41.495819 0.614201 0.004652 24.233421 0.294288 0.322674 2.516993 1.555402 -1.200298 12.367837 -1.692863 2.169458 -1.078356 0.457958 2.096799 -3.379185 2.311384 1.940852 0.270565 7.7e-05 -2.2e-05 6e-06 -0.010674 -0.005841 -0.189334 0.63695 -3.721156 -10.593304 -0.659201 3.712265 -10.620862 14.107738 -31.198982 4.445167 -6.714869 -30.561773 -30.439053 -0.729524 -34.879459 0.481951 56.216564 6.76552 2.383828 -5.882104 9.861284 0.70259 -10.936865 -0.360577 7.156203 1e-06 8.774823 1e-06 -16.183546 18.591272 6.613309 -1.844031 2.498505 -2.507277 -10.163594 4.678942 4.621108 -20.976013 -3e-06 1e-06 -21.226276 2.451695 -3.594 0.0 -6e-06 1e-06 -1.362682 2.240798 -0.746323 -21.334904 0.584908 3.008321 -13.821208 -4e-06 1e-06 -23.887157 -0.249081 -0.839484 -60.77742 3.267545 -1.565203 -0.294025 1.679687 0.833256 -14.218203 0.093214 1.30058 -34.212032 -0.287567 0.967168 -20.033205 0.964534 1.212843 -0.0 0.0 -0.0 -3.440386 0.788233 0.501655 -15.928179 -3.16731 2.999706 -6.338824 -1e-06 0.0 -18.12344 3.648181 -4.90567 -4e-06 -0.0 -2e-06 -13.876566 37.261368 2.315583 15.732095 46.011745 -11.761113 0.587631 21.900688 0.02947 -73.066689 -8.918797 -3.20423 2.243541 -5.255033 -3.180155 14.282887 -0.826595 6.952502 -3e-06 -12.690598 1e-06 16.183928 -17.682074 2.827124 1.665666 -1.95592 -2.878298 4.727797 -4.170588 4.993922 11.020522 4e-06 0.0 12.109049 -3.735712 -2.86678 0.0 -1e-06 0.0 1.291985 -1.928546 -1.498088 14.800123 0.567468 3.865608 14.242568 -1.341735 -6.660653 19.631962 0.143925 -0.648242 50.016674 -0.560306 -6.155582 0.353029 -1.511151 -0.03194 20.222786 3.684308 2.316628 18.78727 3e-06 1e-06 10.751625 -0.479869 1.397907 -1e-06 0.0 1e-06 3.273806 0.305947 -0.580111 21.486809 11.83037 2.266132 8.162926 2e-06 -1e-06 18.399076 -3.798984 -4.940572 4e-06 0.0 -1e-06 3.093073 1.488757 -41.210888 -0.250746 0.598846 102.796638 -2.40549 -23.913507 26.375374 1.120067 -1.51652 -13.351461 -0.0 -0.0 3e-06 -4.097393 -8.037537 -44.019722 0.832026 1.988657 107.665855 3.859985 13.160599 43.796562 -1.913823 0.922569 -0.083675 0.0 -0.0 -2e-06 
0.0 0.0 0.0 0.0 -0.0 0.0 -5.034601 51.207497 93.25444 -3.468535 -0.40182 40.7883 0.848959 -0.336709 24.578707 0.321087 -0.176769 2.618468 1.975689 -1.785547 12.662329 -1.010788 2.112196 -0.923045 0.392482 2.284835 -3.425519 2.339977 2.267538 0.15229 7.7e-05 -2.3e-05 6e-06 -0.028722 -0.000778 -0.19776 0.632775 -3.718131 -10.646815 -0.694079 3.71971 -10.655267 15.852492 -32.579723 3.804666 -4.567819 -29.458805 -31.8594 -1.164443 -30.795914 0.44852 53.522453 8.87172 0.814287 -5.882103 9.861284 0.702589 -10.936866 -0.360574 7.156204 0.0 8.774826 -2e-06 -16.047516 18.453093 6.550282 -1.844032 2.498505 -2.507277 -10.163594 4.678944 4.621108 -20.976013 -3e-06 -0.0 -21.226276 2.451695 -3.594002 -0.0 -6e-06 1e-06 -1.362681 2.240798 -0.746324 -21.334904 0.584908 3.008322 -13.821206 -3e-06 1e-06 -23.887159 -0.24908 -0.839483 -60.436199 3.23737 -1.570939 -0.294025 1.679686 0.833256 -14.2182 0.093215 1.300579 -34.212032 -0.287565 0.967168 -20.033207 0.964535 1.212843 0.0 0.0 0.0 -3.440387 0.788234 0.501655 -15.928179 -3.16731 2.999707 -6.338823 -1e-06 1e-06 -18.12344 3.648183 -4.905673 -3e-06 -0.0 -2e-06 -13.077971 36.671093 2.56769 16.766327 46.971561 -9.401891 0.569832 21.981863 0.014665 -73.5709 -8.617677 -2.654815 2.243541 -5.255035 -3.180157 14.282883 -0.826592 6.952499 -5e-06 -12.690598 -0.0 16.386971 -17.733883 2.73759 1.665665 -1.955921 -2.878298 4.727797 -4.170587 4.99392 11.020517 4e-06 -1e-06 12.109042 -3.735712 -2.866784 0.0 -1e-06 -1e-06 1.291985 -1.928548 -1.498088 14.80012 0.56747 3.865606 14.242562 -1.341735 -6.660657 19.631954 0.143926 -0.648243 50.187218 -0.623803 -6.133505 0.353029 -1.51115 -0.031941 20.222778 3.684309 2.31663 18.78726 5e-06 -0.0 10.751621 -0.479868 1.397906 0.0 0.0 1e-06 3.273804 0.305947 -0.580112 21.486803 11.830371 2.266133 8.162921 2e-06 -1e-06 18.399067 -3.798981 -4.940573 4e-06 -0.0 -1e-06 3.093301 0.481549 -38.545044 -0.319441 0.571029 100.576378 -2.759892 -24.719582 26.662315 1.145054 -1.488442 -13.623596 -0.0 -1e-06 2e-06 -3.546445 -8.965678 -49.449459 0.774445 1.443626 114.790276 4.585204 13.390398 42.898621 -1.931434 0.931273 -0.040128 -0.0 -0.0 -2e-06 
0.0 0.0 0.0 0.0 -0.0 0.0 -4.956485 50.973381 94.97155 -2.756051 0.433591 40.0453 1.112499 -0.700694 24.858513 0.338765 -0.660961 2.699331 2.348332 -2.389388 12.960007 -0.314017 2.043886 -0.535385 0.318363 2.36181 -3.460311 2.341225 2.546598 0.020974 7.7e-05 -2.2e-05 6e-06 -0.051017 0.004706 -0.200494 0.633472 -3.717349 -10.703179 -0.742221 3.731075 -10.699057 17.144192 -33.562046 3.322232 -3.678081 -29.0093 -32.465836 -1.451241 -27.793224 0.414117 51.536995 9.876093 -0.365864 -5.882099 9.861273 0.702592 -10.936863 -0.360575 7.156197 1e-06 8.774817 0.0 -15.981341 18.359219 6.45544 -1.84403 2.498501 -2.507273 -10.163589 4.678941 4.621104 -20.976004 -5e-06 5e-06 -21.226269 2.451695 -3.593991 0.0 -6e-06 -0.0 -1.362682 2.240794 -0.746322 -21.334894 0.584909 3.00832 -13.821198 -3e-06 3e-06 -23.887148 -0.249077 -0.839479 -60.191475 3.18438 -1.556751 -0.294024 1.679685 0.833255 -14.218197 0.093214 1.300579 -34.212013 -0.287564 0.967172 -20.033194 0.964535 1.212843 0.0 -0.0 0.0 -3.440386 0.788232 0.501655 -15.928168 -3.167307 2.999703 -6.338821 -1e-06 1e-06 -18.12343 3.648179 -4.90566 -3e-06 -0.0 -2e-06 -11.936963 36.046684 3.075011 17.998621 47.691544 -6.992105 0.491999 22.232725 -0.013182 -74.301308 -8.323 -2.16928 2.24354 -5.255031 -3.180153 14.28288 -0.826595 6.952495 -5e-06 -12.690593 3e-06 16.527151 -17.775854 2.684779 1.665665 -1.955918 -2.878295 4.727795 -4.170584 4.99392 11.020515 5e-06 -1e-06 12.109044 -3.735713 -2.866778 0.0 0.0 -1e-06 1.291985 -1.928547 -1.498086 14.800118 0.567467 3.865602 14.242559 -1.341735 -6.660649 19.631952 0.143925 -0.648242 50.300865 -0.665449 -6.111121 0.353028 -1.511148 -0.03194 20.22278 3.684304 2.316628 18.787256 3e-06 -1e-06 10.75162 -0.479868 1.397903 -0.0 0.0 1e-06 3.273804 0.305947 -0.58011 21.486797 11.830365 2.266129 8.162919 1e-06 -2e-06 18.399071 -3.798982 -4.940572 4e-06 -0.0 -1e-06 3.145497 -0.426743 -35.706207 -0.408585 0.491339 98.243492 -2.976505 -25.366501 27.060543 1.183285 -1.464959 -13.756883 -1e-06 -0.0 3e-06 -2.473905 -10.051627 -54.58823 0.611189 0.919698 120.550423 5.398158 14.084675 42.241219 -1.895428 0.946354 0.024713 0.0 -0.0 -2e-06 
0.0 0.0 0.0 0.0 -0.0 0.0 -4.990778 50.699814 97.014832 -2.034783 1.411763 39.253014 1.393003 -1.073839 25.068527 0.353054 -1.097618 2.76755 2.674049 -2.954186 13.292054 0.307674 1.961434 0.035035 0.214325 2.351255 -3.482895 2.334307 2.70899 -0.1353 7.7e-05 -2.2e-05 6e-06 -0.07469 0.010695 -0.204249 0.629604 -3.71762 -10.759293 -0.787299 3.74475 -10.748384 17.891546 -34.086826 3.016909 -3.762208 -29.324724 -32.780529 -1.52119 -25.807995 0.339756 50.746334 9.817365 -1.133725 -5.882104 9.861279 0.70259 -10.936867 -0.360575 7.156203 -0.0 8.774822 -2e-06 -16.016525 18.278212 6.318624 -1.844032 2.498504 -2.507277 -10.163597 4.678943 4.621108 -20.976017 -0.0 4e-06 -21.22628 2.451698 -3.593997 0.0 -6e-06 1e-06 -1.362681 2.240796 -0.746323 -21.334911 0.584909 3.008324 -13.821208 -1e-06 4e-06 -23.887165 -0.249076 -0.83948 -60.078262 3.102237 -1.597479 -0.294024 1.679686 0.833256 -14.218205 0.093215 1.300582 -34.212044 -0.28756 0.967174 -20.033209 0.964538 1.212845 0.0 0.0 1e-06 -3.440387 0.788233 0.501656 -15.928183 -3.167306 2.999707 -6.338824 -0.0 2e-06 -18.123444 3.648183 -4.905666 -3e-06 -0.0 -1e-06 -10.495684 35.403881 3.772983 19.507317 48.077644 -4.578015 0.406289 22.726212 -0.03464 -75.233643 -7.985139 -1.603333 2.24354 -5.255034 -3.180156 14.282892 -0.826596 6.952503 -3e-06 -12.690598 0.0 16.558077 -17.811121 2.669256 1.665665 -1.95592 -2.878297 4.727799 -4.170584 4.993922 11.020526 5e-06 1e-06 12.109053 -3.735716 -2.866781 1e-06 -0.0 0.0 1.291984 -1.928548 -1.498089 14.800132 0.567466 3.865609 14.242573 -1.341738 -6.660652 19.631969 0.143921 -0.648242 50.353874 -0.698658 -6.091622 0.353029 -1.51115 -0.031939 20.222794 3.684305 2.316634 18.787275 2e-06 1e-06 10.751628 -0.47987 1.397905 -1e-06 0.0 1e-06 3.273806 0.305947 -0.58011 21.486813 11.830364 2.266136 8.16293 1e-06 -0.0 18.399086 -3.798984 -4.940573 3e-06 -0.0 -1e-06 3.320115 -1.183557 -32.630428 -0.490552 0.330231 95.685333 -3.098708 -25.847075 27.609091 1.231176 -1.446184 -13.918056 -0.0 -0.0 2e-06 -0.927071 -11.180767 -58.963097 0.381362 0.456408 124.352913 6.374163 15.175728 41.710938 -1.793558 0.968007 -0.01758 -0.0 -1e-06 -1e-06 
0.0 0.0 0.0 0.0 -0.0 0.0 -5.127123 50.427498 99.338799 -1.383223 2.486561 38.461803 1.661484 -1.399048 25.186453 0.403115 -1.499693 2.825712 2.937857 -3.427187 13.635468 0.784672 1.89271 0.752795 0.120496 2.263734 -3.4974 2.275466 2.748541 -0.238139 7.7e-05 -2.2e-05 6e-06 -0.072587 0.014538 -0.20204 0.653523 -3.728554 -10.830596 -0.806529 3.763388 -10.811483 18.209257 -34.252281 2.882274 -4.634052 -30.289877 -32.958717 -1.387302 -24.597687 0.228866 51.048721 8.851219 -1.815246 -5.882097 9.861274 0.70259 -10.936856 -0.360577 7.156196 0.0 8.774816 0.0 -16.072844 18.235872 6.163064 -1.84403 2.498501 -2.507275 -10.163588 4.678938 4.621103 -20.975998 -5e-06 4e-06 -21.226257 2.451692 -3.593993 0.0 -6e-06 -1e-06 -1.36268 2.240795 -0.746323 -21.334887 0.584906 3.00832 -13.821197 -4e-06 2e-06 -23.88714 -0.24908 -0.83948 -60.021538 3.005023 -1.653096 -0.294025 1.679685 0.833254 -14.21819 0.093213 1.30058 -34.212002 -0.287567 0.967171 -20.033188 0.964535 1.212843 0.0 0.0 0.0 -3.440383 0.788232 0.501655 -15.928165 -3.167308 2.999704 -6.338818 -2e-06 1e-06 -18.123421 3.648176 -4.905663 -3e-06 -0.0 -2e-06 -8.815743 34.773655 4.647396 21.391052 48.087536 -2.294404 0.368276 23.483297 -0.025729 -76.24585 -7.320816 -0.907555 2.243541 -5.25503 -3.180154 14.282881 -0.826594 6.952497 -4e-06 -12.690593 1e-06 16.582462 -17.844503 2.61022 1.665665 -1.955919 -2.878295 4.727796 -4.170583 4.99392 11.020515 3e-06 0.0 12.109039 -3.735713 -2.86678 0.0 0.0 -1e-06 1.291984 -1.928547 -1.498087 14.800117 0.567467 3.865604 14.242561 -1.341735 -6.66065 19.631952 0.143925 -0.648244 50.365219 -0.725902 -6.126639 0.353029 -1.511149 -0.03194 20.222775 3.684305 2.316628 18.787262 2e-06 -2e-06 10.75162 -0.479869 1.397905 -0.0 0.0 1e-06 3.273805 0.305947 -0.58011 21.486794 11.830361 2.266129 8.162919 1e-06 -1e-06 18.399067 -3.798982 -4.940569 3e-06 0.0 -0.0 3.655584 -1.646735 -29.255047 -0.53714 0.050505 92.738327 -3.019366 -26.134085 28.338932 1.259254 -1.436894 -14.252095 -1e-06 -1e-06 2e-06 1.013584 -12.224573 -62.33889 0.134699 0.009771 126.100113 7.752981 16.734749 41.112652 -1.616365 0.990403 -0.658266 -0.0 -1e-06 -1e-06 
0.0 0.0 0.0 0.0 -0.0 0.0 -5.351986 50.133705 101.895775 -0.917545 3.516756 37.787754 1.864795 -1.638808 25.168463 0.497385 -1.816952 2.882371 3.129814 -3.739901 13.906515 1.075099 1.86341 1.577943 0.075568 2.120578 -3.495094 2.153765 2.726388 -0.260334 7.7e-05 -2.3e-05 6e-06 -0.052252 0.014007 -0.193937 0.682016 -3.745028 -10.895027 -0.791867 3.77744 -10.858253 18.234533 -33.952965 2.876476 -6.305967 -31.886602 -32.838432 -1.147791 -24.097851 0.105909 52.240799 7.16096 -2.34841 -5.882101 9.861281 0.702589 -10.936863 -0.360577 7.156202 1e-06 8.774821 -2e-06 -16.106367 18.249985 6.060822 -1.844031 2.498504 -2.507277 -10.163592 4.678941 4.621106 -20.976006 -6e-06 1e-06 -21.226271 2.451692 -3.594 0.0 -6e-06 -1e-06 -1.362681 2.240798 -0.746324 -21.3349 0.584907 3.008322 -13.821203 -4e-06 0.0 -23.887154 -0.249082 -0.839482 -60.099922 2.952206 -1.672041 -0.294025 1.679686 0.833255 -14.218197 0.093212 1.30058 -34.212021 -0.287568 0.96717 -20.033199 0.964534 1.212844 0.0 -0.0 0.0 -3.440387 0.788232 0.501656 -15.928176 -3.16731 2.999706 -6.338821 -2e-06 1e-06 -18.123434 3.64818 -4.905669 -3e-06 -0.0 -1e-06 -7.036763 34.225872 5.601925 23.682346 47.673306 -0.042732 0.351473 24.473942 0.017355 -77.232422 -6.396597 0.06475 2.243539 -5.255033 -3.180156 14.282872 -0.82659 6.952499 -6e-06 -12.69059 0.0 16.614658 -17.87587 2.490662 1.665663 -1.955919 -2.878298 4.727794 -4.170582 4.99392 11.020512 5e-06 -1e-06 12.109035 -3.735711 -2.866779 0.0 -1e-06 -1e-06 1.291983 -1.928549 -1.498087 14.800112 0.56747 3.865604 14.242555 -1.341732 -6.660652 19.631945 0.143927 -0.64824 50.269398 -0.73213 -6.225244 0.353028 -1.511149 -0.03194 20.222769 3.684309 2.31663 18.787251 6e-06 3e-06 10.751617 -0.479868 1.397907 0.0 0.0 1e-06 3.273802 0.305947 -0.58011 21.48679 11.830365 2.266134 8.162917 2e-06 1e-06 18.399063 -3.79898 -4.940567 3e-06 0.0 -1e-06 4.166401 -1.706319 -25.677177 -0.545754 -0.360632 89.277847 -2.988829 -26.296761 29.467321 1.25854 -1.428956 -14.540052 -1e-06 -0.0 3e-06 3.096946 -13.017147 -64.174065 -0.017414 -0.397855 125.54863 9.229087 18.408327 40.717598 -1.377199 1.00289 -2.725652 -0.0 1e-06 -2e-06 
0.0 0.0 0.0 0.0 -0.0 0.0 -5.663942 49.781807 104.640854 -0.595864 4.37637 37.465393 1.864706 -1.839221 24.98675 0.56732 -1.961488 2.889853 3.281054 -3.871286 13.95211 1.320196 1.937255 2.409779 0.01281 1.932192 -3.475753 1.832648 2.705747 -0.18637 7.7e-05 -2.3e-05 7e-06 -0.04374 0.011766 -0.186221 0.687252 -3.75286 -10.90762 -0.778109 3.780071 -10.867596 18.262892 -33.172207 3.002079 -8.514121 -34.033752 -31.930721 -0.918362 -23.966034 0.04014 53.827065 5.403608 -2.690971 -5.882101 9.861278 0.702591 -10.936863 -0.360575 7.1562 2e-06 8.774817 0.0 -16.023161 18.290257 6.082854 -1.84403 2.498501 -2.507276 -10.163592 4.678939 4.621108 -20.976009 -4e-06 1e-06 -21.226271 2.451693 -3.593997 0.0 -6e-06 -1e-06 -1.362681 2.240797 -0.746322 -21.3349 0.584908 3.008321 -13.821205 -4e-06 0.0 -23.887154 -0.24908 -0.839483 -60.197845 2.932804 -1.598067 -0.294024 1.679686 0.833255 -14.218198 0.093215 1.300579 -34.212021 -0.287565 0.967171 -20.033199 0.964535 1.212843 0.0 0.0 0.0 -3.440386 0.788232 0.501655 -15.928176 -3.167308 2.999705 -6.338823 -1e-06 2e-06 -18.123436 3.648179 -4.905667 -3e-06 -0.0 -1e-06 -5.210465 33.799717 6.623695 26.057858 46.894978 2.047167 0.331561 25.712568 0.068019 -78.054893 -5.367205 1.308907 2.243541 -5.255036 -3.180157 14.282887 -0.826594 6.952501 -2e-06 -12.690601 1e-06 16.679108 -17.883701 2.335924 1.665666 -1.955921 -2.878299 4.727797 -4.170584 4.993923 11.020521 4e-06 -2e-06 12.109048 -3.735711 -2.866783 0.0 1e-06 -2e-06 1.291984 -1.928548 -1.498089 14.800125 0.567468 3.865606 14.24257 -1.341735 -6.660657 19.631966 0.143927 -0.648245 50.16539 -0.67173 -6.24363 0.35303 -1.511149 -0.03194 20.222784 3.684308 2.316628 18.78727 5e-06 -2e-06 10.751623 -0.479867 1.397905 -1e-06 0.0 1e-06 3.273808 0.305948 -0.58011 21.486805 11.830372 2.26613 8.162922 2e-06 -1e-06 18.399076 -3.798984 -4.940576 4e-06 -0.0 -1e-06 4.809298 -1.35148 -22.301926 -0.517792 -0.870244 85.406288 -3.378165 -26.349047 31.286694 1.235534 -1.432006 -14.197131 -0.0 -1e-06 3e-06 4.799649 -13.478189 -63.892567 -0.030587 -0.67041 123.604416 9.899689 19.687222 40.71804 -1.162943 0.973062 -7.070447 -1e-06 -0.0 -3e-06 
0.0 0.0 0.0 0.0 -0.0 0.0 -6.030248 49.485615 107.436768 -0.550246 4.852112 37.833645 1.683332 -1.885804 24.560726 0.395351 -1.917671 2.659372 3.471732 -3.73266 13.885506 1.393812 2.054157 2.794166 0.166261 1.69739 -3.49938 1.710142 2.689057 0.042444 7.7e-05 -2.3e-05 7e-06 -0.016542 0.006529 -0.197065 0.694526 -3.732404 -10.88086 -0.733597 3.757364 -10.852756 18.527626 -32.226269 3.255648 -10.721771 -36.349037 -30.190891 -0.794624 -23.696091 0.045909 55.540112 3.891979 -2.753232 -5.882096 9.861276 0.70259 -10.936856 -0.360577 7.156198 1e-06 8.774817 0.0 -16.061848 18.421301 6.185441 -1.84403 2.498502 -2.507276 -10.163584 4.67894 4.621104 -20.97599 -6e-06 0.0 -21.226254 2.451691 -3.593995 -0.0 -6e-06 0.0 -1.362679 2.240796 -0.746323 -21.334887 0.584905 3.008319 -13.821195 -5e-06 1e-06 -23.887135 -0.249082 -0.83948 -60.170765 2.82795 -1.497785 -0.294024 1.679684 0.833256 -14.218187 0.093212 1.300579 -34.212002 -0.287567 0.96717 -20.033184 0.964534 1.212844 0.0 0.0 -1e-06 -3.440384 0.788232 0.501656 -15.928164 -3.167309 2.999704 -6.338816 -2e-06 1e-06 -18.123423 3.648178 -4.905665 -3e-06 -0.0 -1e-06 -3.230232 33.480312 7.73914 27.983662 45.805698 3.308299 0.096882 27.528339 0.088042 -78.239639 -3.768848 2.900424 2.243541 -5.255037 -3.180159 14.282885 -0.826592 6.952502 -2e-06 -12.6906 -0.0 16.741835 -17.887215 2.180835 1.665665 -1.955923 -2.878299 4.727797 -4.170584 4.993922 11.020521 5e-06 -2e-06 12.109045 -3.735713 -2.866784 0.0 0.0 -1e-06 1.291986 -1.928548 -1.498089 14.800122 0.56747 3.865607 14.242564 -1.341736 -6.660657 19.631958 0.143926 -0.648244 50.004837 -0.555865 -6.097419 0.353029 -1.51115 -0.031939 20.222784 3.684309 2.316629 18.787266 5e-06 -0.0 10.751625 -0.479869 1.397908 0.0 1e-06 0.0 3.273806 0.305947 -0.580111 21.486801 11.83037 2.266133 8.162922 2e-06 0.0 18.399075 -3.798984 -4.940571 4e-06 -0.0 -1e-06 5.572474 -0.364525 -19.801153 -0.492569 -1.444134 81.542252 -3.276832 -25.518307 33.257729 1.27204 -1.43591 -13.797435 -0.0 -1e-06 2e-06 5.854588 -13.295896 -61.969391 -0.005139 -0.742251 121.391464 9.309216 20.547529 40.8162 -1.161099 0.874929 -7.483457 -1e-06 1e-06 -2e-06 
0.0 0.0 0.0 0.0 -0.0 0.0 -6.507926 49.428562 110.214684 -1.07824 5.131104 38.683052 1.48206 -1.701506 24.119955 0.336917 -1.676549 2.482495 3.594642 -3.600278 13.512922 1.429409 2.268747 2.722332 0.103752 1.671149 -3.491661 1.650665 2.786795 0.177507 7.7e-05 -2.3e-05 7e-06 -0.062272 0.019663 -0.200187 0.642857 -3.700706 -10.823339 -0.774094 3.754078 -10.797109 18.563412 -31.010077 3.241547 -12.773453 -38.405193 -27.140709 -0.650323 -23.414547 0.095005 57.310925 3.099709 -1.930076 -5.8821 9.861279 0.70259 -10.936862 -0.360575 7.1562 1e-06 8.77482 -1e-06 -15.988901 18.229555 6.265986 -1.844031 2.498503 -2.507276 -10.163589 4.67894 4.621106 -20.976006 -5e-06 -1e-06 -21.226263 2.451692 -3.593997 0.0 -6e-06 1e-06 -1.36268 2.240796 -0.746322 -21.334896 0.584907 3.008321 -13.821202 -3e-06 1e-06 -23.887152 -0.249081 -0.839482 -60.177326 2.750191 -1.340588 -0.294026 1.679687 0.833255 -14.218196 0.093213 1.300579 -34.212017 -0.287566 0.967169 -20.033194 0.964535 1.212843 0.0 -0.0 0.0 -3.440386 0.788232 0.501656 -15.928172 -3.167309 2.999704 -6.338818 -2e-06 1e-06 -18.123428 3.648179 -4.905666 -4e-06 -0.0 -2e-06 -2.017403 33.673428 8.286025 29.338394 44.441799 3.425466 0.171666 30.204153 0.093839 -78.036102 -1.891525 4.551 2.243541 -5.255033 -3.180157 14.282885 -0.826593 6.9525 -5e-06 -12.690597 1e-06 17.058788 -17.929993 2.005772 1.665666 -1.95592 -2.878298 4.727797 -4.170585 4.993921 11.02052 6e-06 -1e-06 12.109045 -3.735711 -2.866783 0.0 0.0 -0.0 1.291986 -1.928548 -1.498088 14.800122 0.567468 3.865606 14.242564 -1.341735 -6.660655 19.63196 0.143927 -0.648243 50.18325 -0.425097 -5.984596 0.353028 -1.51115 -0.03194 20.222784 3.684312 2.316631 18.787266 7e-06 2e-06 10.751622 -0.479867 1.397907 -0.0 0.0 0.0 3.273806 0.305946 -0.580112 21.486807 11.830369 2.266132 8.162922 3e-06 1e-06 18.399073 -3.798981 -4.94057 4e-06 -0.0 -1e-06 6.955552 1.079738 -18.662539 -0.52678 -1.983325 78.742592 -4.114529 -24.457447 36.244465 1.371528 -1.522976 -11.467516 0.0 -1e-06 3e-06 6.939507 -12.230096 -59.206947 0.14859 -0.576296 118.432678 9.384013 21.40715 40.750465 -1.173243 0.827724 -7.090652 -1e-06 1e-06 -3e-06 
0.0 0.0 0.0 0.0 -0.0 0.0 -7.018172 49.549652 112.820587 -1.881782 5.261201 39.727459 1.316497 -1.429791 23.712456 0.25654 -1.423721 2.320862 3.535942 -3.359046 13.101497 1.42597 2.484717 2.253615 0.041966 1.771013 -3.516254 1.864453 2.879596 0.217945 7.7e-05 -2.3e-05 7e-06 -0.092083 0.030578 -0.211507 0.604098 -3.668968 -10.786025 -0.793991 3.745471 -10.758588 18.522749 -29.920519 3.306273 -14.170734 -40.068645 -24.095917 -0.555243 -22.883177 0.115305 59.238579 2.861572 -1.284732 -5.882103 9.861281 0.702589 -10.936867 -0.360573 7.156201 2e-06 8.774822 -0.0 -16.017963 18.018581 6.262237 -1.844032 2.498503 -2.507276 -10.163594 4.678942 4.621107 -20.976013 -3e-06 -0.0 -21.226278 2.451695 -3.593999 0.0 -6e-06 1e-06 -1.362682 2.240797 -0.746323 -21.3349 0.584908 3.008321 -13.821206 -3e-06 1e-06 -23.887156 -0.249079 -0.839484 -60.268314 2.686397 -1.251562 -0.294023 1.679685 0.833255 -14.218201 0.093215 1.300579 -34.212036 -0.287563 0.967169 -20.033205 0.964536 1.212842 -0.0 -0.0 -0.0 -3.440385 0.788234 0.501655 -15.928177 -3.167308 2.999704 -6.338823 -1e-06 1e-06 -18.12344 3.648181 -4.905669 -4e-06 -0.0 -2e-06 -1.527245 34.016701 8.392876 29.822897 42.947674 1.815191 0.298052 34.32872 0.129261 -77.44799 0.603151 6.354344 2.24354 -5.255033 -3.180155 14.282878 -0.826594 6.952495 -1e-06 -12.690598 2e-06 17.374401 -18.078754 1.956272 1.665665 -1.955919 -2.878296 4.727793 -4.170587 4.993921 11.020517 4e-06 -3e-06 12.109042 -3.735713 -2.866785 0.0 0.0 -0.0 1.291985 -1.928549 -1.498089 14.800115 0.567467 3.865602 14.242562 -1.341735 -6.660654 19.631952 0.143928 -0.648246 50.543358 -0.354589 -5.978574 0.353029 -1.51115 -0.03194 20.222771 3.684308 2.316624 18.787256 5e-06 -2e-06 10.751619 -0.479868 1.397904 -1e-06 -0.0 0.0 3.273804 0.305947 -0.58011 21.486792 11.830368 2.266125 8.162919 2e-06 -1e-06 18.399067 -3.798983 -4.940575 3e-06 -0.0 -2e-06 8.533579 2.679476 -19.201082 -0.593361 -2.332943 78.449631 -3.655743 -22.315128 37.503849 1.518232 -1.644295 -8.629678 -0.0 -0.0 4e-06 8.05982 -10.792694 -56.7285 0.223217 -0.447936 115.11985 9.592272 22.272114 40.964909 -1.193623 0.79664 -6.722303 -1e-06 1e-06 -2e-06 
0.0 0.0 0.0 0.0 -0.0 0.0 -7.538344 49.771946 115.2388 -2.267979 5.348761 40.617794 1.061629 -1.169715 23.437559 0.128021 -1.30329 2.185768 3.239656 -3.19911 12.688148 1.637438 2.547156 1.714648 0.02019 2.005008 -3.534427 1.991027 2.983883 0.091896 7.7e-05 -2.2e-05 6e-06 -0.090691 0.033979 -0.217503 0.604749 -3.657928 -10.775706 -0.789931 3.740515 -10.750295 18.442493 -29.266108 3.361206 -15.101574 -41.382507 -21.268663 -0.518927 -22.091637 0.121347 61.06485 2.936853 -1.202064 -5.882105 9.861281 0.702591 -10.936871 -0.360574 7.156206 1e-06 8.774823 -0.0 -16.020483 17.867336 6.201569 -1.844031 2.498503 -2.507278 -10.163599 4.678944 4.621109 -20.976021 -3e-06 3e-06 -21.226286 2.451697 -3.594 -0.0 -6e-06 2e-06 -1.36268 2.240797 -0.746323 -21.334913 0.58491 3.008324 -13.821213 -2e-06 3e-06 -23.887171 -0.249077 -0.839482 -60.247227 2.68535 -1.219082 -0.294026 1.679687 0.833256 -14.218205 0.093215 1.300581 -34.212048 -0.287562 0.967172 -20.033211 0.964538 1.212843 -0.0 -0.0 0.0 -3.440387 0.788233 0.501655 -15.928185 -3.167309 2.999709 -6.338824 -1e-06 1e-06 -18.123444 3.648183 -4.905669 -4e-06 -0.0 -2e-06 -1.587195 34.349052 8.089275 29.291506 41.371788 -1.403237 0.440835 39.62141 0.132406 -76.169228 3.660411 7.995345 2.243541 -5.255035 -3.180157 14.282886 -0.826594 6.952501 -3e-06 -12.690598 1e-06 17.495331 -18.25655 2.031761 1.665665 -1.955921 -2.878299 4.727796 -4.170585 4.993922 11.02052 3e-06 -3e-06 12.109045 -3.735713 -2.866784 -1e-06 0.0 -1e-06 1.291985 -1.928548 -1.498089 14.800123 0.567468 3.865606 14.242568 -1.341735 -6.660658 19.63196 0.143927 -0.648247 50.875401 -0.374694 -6.120494 0.353028 -1.511149 -0.03194 20.222784 3.684309 2.316628 18.787268 5e-06 -2e-06 10.751625 -0.479868 1.397906 0.0 0.0 -1e-06 3.273806 0.305947 -0.580111 21.486803 11.830369 2.266129 8.162921 2e-06 -1e-06 18.399076 -3.798982 -4.940573 2e-06 0.0 -1e-06 9.702832 3.894897 -21.130745 -0.67175 -2.456187 80.895073 -2.001015 -19.8111 36.55864 1.64604 -1.753431 -6.520638 -0.0 -0.0 1e-06 8.735301 -9.720432 -54.49065 0.254453 -0.369205 111.950966 9.6334 22.97049 41.24044 -1.211988 0.783265 -6.780559 -1e-06 0.0 -2e-06 
0.0 0.0 0.0 0.0 -0.0 0.0 -8.036055 49.97039 117.568085 -2.190017 5.451199 41.264236 0.768153 -0.951997 23.312649 -0.014103 -1.269885 2.060222 2.789926 -3.149557 12.277902 2.052452 2.448319 1.233207 -0.003817 2.243996 -3.539416 1.917488 3.083828 -0.174838 7.7e-05 -2.2e-05 6e-06 -0.068977 0.02926 -0.217269 0.630269 -3.666334 -10.77245 -0.770129 3.737154 -10.753005 18.248791 -29.023933 3.416973 -15.736169 -42.503479 -18.571434 -0.449591 -21.098244 0.116582 62.556858 3.219694 -1.764084 -5.882102 9.861278 0.70259 -10.936868 -0.360576 7.156203 2e-06 8.774818 -1e-06 -15.907079 17.832008 6.181108 -1.844031 2.498504 -2.507277 -10.163594 4.678941 4.621109 -20.976015 -3e-06 6e-06 -21.226278 2.451697 -3.593994 -0.0 -6e-06 2e-06 -1.362681 2.240797 -0.746322 -21.334908 0.584909 3.008324 -13.821212 -3e-06 4e-06 -23.887161 -0.249077 -0.839479 -60.105263 2.659856 -1.169001 -0.294026 1.679687 0.833255 -14.2182 0.093213 1.300582 -34.21204 -0.287562 0.967175 -20.033205 0.964537 1.212847 0.0 -0.0 0.0 -3.440388 0.788231 0.501656 -15.928183 -3.167308 2.999708 -6.338824 -1e-06 3e-06 -18.123442 3.64818 -4.905664 -4e-06 0.0 -2e-06 -2.160702 34.696163 7.387516 27.675396 39.820351 -6.022364 0.637411 45.055523 0.068304 -73.953163 6.635077 9.230751 2.243543 -5.255036 -3.180156 14.282887 -0.826598 6.9525 2e-06 -12.690597 0.0 17.386957 -18.402992 2.201873 1.665667 -1.955921 -2.878297 4.727798 -4.170585 4.993922 11.02052 -0.0 -1e-06 12.10905 -3.735716 -2.866784 -0.0 1e-06 -1e-06 1.291985 -1.928548 -1.498089 14.800122 0.567465 3.865605 14.242566 -1.341738 -6.660655 19.631958 0.143923 -0.648248 51.101513 -0.434288 -6.311011 0.353029 -1.51115 -0.031941 20.222784 3.684304 2.316628 18.787268 1e-06 -3e-06 10.751625 -0.47987 1.397904 0.0 0.0 -0.0 3.273806 0.305946 -0.580111 21.486801 11.830361 2.26613 8.162924 1e-06 -2e-06 18.399076 -3.798985 -4.940577 2e-06 -1e-06 -1e-06 10.407241 4.715975 -24.013905 -0.74365 -2.415517 85.242699 0.044808 -17.633034 34.521564 1.729527 -1.838304 -5.23995 0.0 0.0 0.0 8.99309 -9.105264 -52.363869 0.250887 -0.323535 109.117775 9.350008 23.501886 41.432312 -1.216115 0.788444 -6.930091 -1e-06 1e-06 -3e-06 
0.0 0.0 0.0 0.0 -0.0 0.0 -8.483599 50.159527 119.856407 -1.849485 5.502931 41.688213 0.488415 -0.745736 23.275976 -0.162933 -1.231438 1.97166 2.284157 -3.150286 11.937052 2.497443 2.24004 0.715692 0.023652 2.394228 -3.531644 1.71549 3.134346 -0.403593 7.7e-05 -2.2e-05 6e-06 -0.043829 0.02103 -0.210184 0.661401 -3.683607 -10.76904 -0.749575 3.735414 -10.754131 17.771128 -29.136576 3.509294 -16.052549 -43.414623 -16.141228 -0.360532 -20.084206 0.100853 63.632202 3.523812 -2.676653 -5.882101 9.861278 0.702592 -10.936866 -0.360576 7.156201 2e-06 8.774818 0.0 -15.746399 17.90292 6.185471 -1.844031 2.498502 -2.507275 -10.163595 4.678941 4.621108 -20.976013 -2e-06 4e-06 -21.226273 2.451697 -3.593994 0.0 -6e-06 1e-06 -1.362681 2.240797 -0.746323 -21.334906 0.584908 3.008324 -13.821207 -3e-06 3e-06 -23.887159 -0.249077 -0.839479 -59.866665 2.643275 -1.124857 -0.294025 1.679686 0.833255 -14.2182 0.093214 1.300582 -34.212032 -0.287563 0.967173 -20.033201 0.964537 1.212845 -0.0 -0.0 -0.0 -3.440387 0.788232 0.501656 -15.928179 -3.167308 2.999707 -6.338824 -1e-06 2e-06 -18.12344 3.648181 -4.905664 -4e-06 0.0 -2e-06 -3.157623 35.319698 6.445626 24.612402 38.337799 -12.021238 0.737626 49.225853 -0.093586 -70.689796 8.544771 9.625003 2.243541 -5.255033 -3.180155 14.282883 -0.826597 6.952498 -1e-06 -12.690598 2e-06 17.078779 -18.435061 2.394923 1.665666 -1.955921 -2.878296 4.727797 -4.170586 4.993922 11.020519 3e-06 0.0 12.109046 -3.735714 -2.866781 -0.0 -0.0 -0.0 1.291986 -1.928548 -1.498089 14.800122 0.567464 3.865605 14.242564 -1.341736 -6.660653 19.631956 0.143924 -0.648245 51.107201 -0.50198 -6.464172 0.353029 -1.51115 -0.03194 20.222778 3.684304 2.316628 18.78726 3e-06 -3e-06 10.751621 -0.47987 1.397904 1e-06 -1e-06 -0.0 3.273806 0.305946 -0.580111 21.486801 11.830366 2.266127 8.162922 1e-06 -1e-06 18.399075 -3.798985 -4.940574 1e-06 0.0 -2e-06 10.67355 5.338408 -27.502579 -0.787521 -2.245457 90.525856 2.103126 -15.926796 32.043873 1.77223 -1.908401 -4.618906 0.0 0.0 -1e-06 8.979314 -8.74353 -50.232174 0.225388 -0.278392 106.559357 8.770702 23.94314 41.289375 -1.213341 0.80006 -6.973708 -1e-06 -1e-06 -3e-06 
0.0 0.0 0.0 0.0 -0.0 0.0 -8.846457 50.324013 122.110306 -1.459052 5.473988 41.910965 0.274847 -0.544877 23.309296 -0.302874 -1.124048 1.939001 1.8281 -3.117475 11.705706 2.842842 2.012137 0.150901 0.044752 2.373278 -3.527233 1.482825 3.129433 -0.475033 7.7e-05 -2.2e-05 7e-06 -0.018727 0.010536 -0.199667 0.690753 -3.702551 -10.763652 -0.727391 3.730855 -10.749259 17.027483 -29.468571 3.592754 -16.298227 -44.11977 -14.085959 -0.249012 -19.294994 0.071308 64.453766 3.65805 -3.615346 -5.882098 9.861276 0.70259 -10.936857 -0.360576 7.1562 4e-06 8.774819 -1e-06 -15.614979 18.021976 6.202968 -1.844031 2.498503 -2.507277 -10.163588 4.678938 4.621106 -20.976 -7e-06 3e-06 -21.226263 2.451692 -3.593993 0.0 -6e-06 1e-06 -1.36268 2.240796 -0.746322 -21.334896 0.584905 3.008322 -13.821198 -5e-06 3e-06 -23.887142 -0.249081 -0.839478 -59.627335 2.659221 -1.070171 -0.294024 1.679686 0.833255 -14.218191 0.093212 1.30058 -34.212009 -0.287569 0.967174 -20.033192 0.964534 1.212845 -0.0 0.0 0.0 -3.440385 0.788231 0.501655 -15.928172 -3.16731 2.999708 -6.33882 -2e-06 1e-06 -18.123426 3.648178 -4.905664 -4e-06 -0.0 -2e-06 -4.563568 36.328415 5.366506 20.210745 36.898117 -19.07592 0.620682 50.874565 -0.330628 -66.784004 8.603312 8.932466 2.243539 -5.255031 -3.180154 14.282876 -0.826593 6.952495 -5e-06 -12.690592 4e-06 16.766775 -18.347176 2.524356 1.665665 -1.955919 -2.878297 4.727794 -4.170584 4.993919 11.020514 4e-06 -1e-06 12.10904 -3.735709 -2.866781 -0.0 -0.0 0.0 1.291985 -1.928547 -1.498087 14.800112 0.567469 3.865603 14.242558 -1.341732 -6.660653 19.631948 0.143928 -0.648245 50.946568 -0.540282 -6.53612 0.353028 -1.511149 -0.03194 20.222771 3.684308 2.316625 18.787254 7e-06 -1e-06 10.751617 -0.479868 1.397904 0.0 -0.0 0.0 3.273804 0.305946 -0.58011 21.48679 11.830363 2.266125 8.162916 3e-06 -1e-06 18.399061 -3.798979 -4.940569 3e-06 -0.0 -1e-06 10.592157 5.884903 -31.267309 -0.791317 -1.986351 95.91893 3.848089 -14.772078 29.594362 1.779534 -1.969662 -4.489335 0.0 0.0 -1e-06 8.802025 -8.452432 -48.093616 0.184221 -0.248526 104.257874 7.949734 24.30365 40.857658 -1.20853 0.802186 -7.00826 -1e-06 0.0 -3e-06 
0.0 0.0 0.0 0.0 -0.0 0.0 -9.12237 50.483383 124.297462 -1.13161 5.29325 41.976944 0.122255 -0.333603 23.401148 -0.411061 -0.917698 1.965648 1.433982 -2.988777 11.614511 2.97403 1.780141 -0.46314 0.087789 2.209807 -3.527693 1.245423 3.078221 -0.372338 7.7e-05 -2.2e-05 5e-06 0.007786 -0.00049 -0.183813 0.718131 -3.720772 -10.74325 -0.699962 3.724389 -10.72963 16.05743 -29.867212 3.67107 -16.582535 -44.674431 -12.423328 -0.081913 -18.879387 0.033593 65.231026 3.455305 -4.508403 -5.882104 9.861284 0.702588 -10.936866 -0.360576 7.156204 -0.0 8.774824 -3e-06 -15.558056 18.180628 6.193163 -1.844031 2.498505 -2.507278 -10.163596 4.678943 4.621108 -20.976021 -2e-06 2e-06 -21.226282 2.451697 -3.594001 0.0 -6e-06 2e-06 -1.362682 2.240799 -0.746324 -21.334904 0.584909 3.008325 -13.821209 -2e-06 2e-06 -23.887159 -0.249078 -0.839483 -59.395195 2.728381 -1.027639 -0.294024 1.679688 0.833255 -14.218207 0.093215 1.300581 -34.212044 -0.287562 0.967169 -20.033209 0.964537 1.212843 0.0 0.0 0.0 -3.440387 0.788232 0.501655 -15.928181 -3.16731 2.999708 -6.338825 -1e-06 1e-06 -18.123444 3.648183 -4.905671 -4e-06 0.0 -3e-06 -6.392397 37.742363 4.167629 14.847248 35.26976 -26.894577 0.638292 49.472385 -0.316144 -62.567894 6.918079 6.54496 2.243539 -5.255037 -3.180157 14.282885 -0.826593 6.952503 -1e-06 -12.690601 -1e-06 16.560011 -18.172394 2.497548 1.665666 -1.955921 -2.878298 4.727798 -4.170586 4.993922 11.02052 4e-06 -1e-06 12.109047 -3.735717 -2.866786 -0.0 -0.0 0.0 1.291985 -1.92855 -1.498088 14.800122 0.567468 3.865608 14.242566 -1.341739 -6.660655 19.631958 0.143924 -0.648246 50.649113 -0.51647 -6.558586 0.353028 -1.51115 -0.03194 20.222784 3.684308 2.316632 18.787266 3e-06 1e-06 10.751624 -0.479869 1.397905 0.0 -0.0 1e-06 3.273805 0.305947 -0.58011 21.486805 11.830369 2.266137 8.162924 1e-06 1e-06 18.399075 -3.798985 -4.940573 2e-06 -0.0 -1e-06 10.19023 6.419819 -35.145203 -0.751116 -1.649883 101.013535 5.187577 -13.887841 27.379135 1.763948 -2.025799 -4.699263 0.0 0.0 1e-06 8.465204 -8.11359 -45.920425 0.145647 -0.227698 102.133575 6.930467 24.635145 40.145809 -1.200021 0.79784 -7.140481 -1e-06 0.0 -3e-06 
0.0 0.0 0.0 0.0 -0.0 0.0 -9.311677 50.598324 126.457321 -0.973887 4.918472 41.918106 0.028543 -0.114556 23.555254 -0.460146 -0.61308 2.035397 1.088704 -2.699043 11.633672 2.909627 1.563947 -0.981267 0.119229 2.006743 -3.537916 1.015946 3.004153 -0.152441 7.7e-05 -2.3e-05 6e-06 0.032394 -0.010546 -0.169577 0.739295 -3.733408 -10.702789 -0.670555 3.71432 -10.692444 14.97547 -30.043594 3.747939 -17.130295 -45.277431 -10.910887 0.161367 -18.916767 -0.00763 66.135681 2.906225 -5.17357 -5.882106 9.861289 0.702589 -10.936873 -0.360575 7.156208 -0.0 8.774828 -3e-06 -15.55669 18.32387 6.177806 -1.844033 2.498506 -2.507278 -10.163601 4.678946 4.621108 -20.976025 -2e-06 2e-06 -21.226286 2.451698 -3.594002 0.0 -6e-06 1e-06 -1.362683 2.2408 -0.746324 -21.334917 0.584911 3.008324 -13.821217 -2e-06 2e-06 -23.887175 -0.249078 -0.839483 -59.220848 2.80593 -0.99791 -0.294025 1.679687 0.833256 -14.218209 0.093215 1.300581 -34.212048 -0.287563 0.967171 -20.033211 0.964538 1.212844 -0.0 -0.0 1e-06 -3.440389 0.788233 0.501656 -15.928185 -3.167311 2.999707 -6.338826 -1e-06 1e-06 -18.123444 3.648184 -4.905672 -3e-06 -0.0 -2e-06 -8.612305 39.362072 2.89451 9.273087 33.539742 -34.590897 0.960922 44.972996 -0.056803 -58.246857 3.857437 2.487141 2.243541 -5.255032 -3.180155 14.282881 -0.826594 6.952498 -4e-06 -12.690593 2e-06 16.429564 -17.981285 2.360341 1.665665 -1.955919 -2.878297 4.727796 -4.170584 4.993921 11.020517 2e-06 -2e-06 12.109044 -3.735712 -2.866782 1e-06 -1e-06 1e-06 1.291984 -1.928548 -1.498087 14.800118 0.567467 3.865604 14.24256 -1.341734 -6.660651 19.631952 0.143926 -0.648244 50.212521 -0.398561 -6.525137 0.353028 -1.511149 -0.03194 20.22278 3.684307 2.316629 18.787264 4e-06 -1e-06 10.751622 -0.479869 1.397906 -0.0 -1e-06 0.0 3.273804 0.305948 -0.58011 21.486799 11.830364 2.266131 8.162922 2e-06 -0.0 18.399071 -3.798983 -4.94057 3e-06 -1e-06 -1e-06 9.602252 6.965342 -38.948696 -0.681657 -1.290419 105.66954 6.072528 -13.323197 25.61116 1.742007 -2.059544 -4.98648 0.0 0.0 1e-06 8.015947 -7.677159 -43.684319 0.132229 -0.199397 100.074196 5.979901 24.942747 39.409637 -1.178385 0.787653 -7.272714 -1e-06 0.0 -3e-06 
0.0 0.0 0.0 0.0 -0.0 0.0 -9.426568 50.661087 128.628601 -1.028142 4.303882 41.759201 -0.052278 0.098644 23.750614 -0.453787 -0.207301 2.141183 0.734647 -2.245473 11.738376 2.70841 1.404704 -1.311702 0.163885 1.835125 -3.55021 0.822458 2.928281 0.177625 7.7e-05 -2.2e-05 6e-06 0.049734 -0.017404 -0.158496 0.751403 -3.740696 -10.659024 -0.647781 3.705737 -10.652777 13.87552 -29.823273 3.837254 -18.060078 -46.002335 -9.473111 0.368325 -19.421986 -0.04834 67.186249 1.968121 -5.565491 -5.882105 9.861284 0.702589 -10.936868 -0.360578 7.156205 1e-06 8.774824 -2e-06 -15.577524 18.410601 6.182424 -1.84403 2.498505 -2.507279 -10.163597 4.678942 4.621109 -20.976021 -5e-06 4e-06 -21.226286 2.451696 -3.594 0.0 -6e-06 0.0 -1.362681 2.240798 -0.746324 -21.334913 0.584909 3.008324 -13.821215 -2e-06 2e-06 -23.887165 -0.249079 -0.839482 -59.137814 2.870252 -0.958226 -0.294025 1.679687 0.833256 -14.218204 0.093214 1.30058 -34.212036 -0.287566 0.967173 -20.033205 0.964536 1.212846 0.0 -0.0 0.0 -3.440387 0.788232 0.501655 -15.928185 -3.167311 2.999708 -6.338825 -1e-06 1e-06 -18.123444 3.648182 -4.90567 -4e-06 -0.0 -2e-06 -11.111465 41.078243 1.691135 4.021081 31.761839 -41.671585 1.523345 38.128727 0.249714 -53.696255 -0.059857 -3.074078 2.243542 -5.255036 -3.180158 14.282887 -0.826594 6.952504 -4e-06 -12.6906 1e-06 16.214014 -17.790791 2.257259 1.665666 -1.95592 -2.878299 4.727798 -4.170587 4.993925 11.020524 3e-06 -1e-06 12.10905 -3.735713 -2.866783 -0.0 1e-06 1e-06 1.291985 -1.928549 -1.498088 14.800125 0.567469 3.865608 14.24257 -1.341737 -6.660657 19.631966 0.143925 -0.648245 49.691944 -0.199493 -6.367639 0.353029 -1.51115 -0.031941 20.222788 3.684309 2.316631 18.787271 4e-06 0.0 10.751629 -0.479871 1.397906 -1e-06 0.0 0.0 3.273806 0.305947 -0.58011 21.486809 11.830368 2.266135 8.162924 1e-06 0.0 18.399078 -3.798985 -4.940574 3e-06 -0.0 -1e-06 8.893943 7.522455 -42.722195 -0.596352 -0.916091 110.085434 6.597286 -13.023948 24.272173 1.724225 -2.060743 -5.234732 0.0 0.0 1e-06 7.491272 -7.118584 -41.332016 0.14877 -0.151445 97.953438 5.191288 25.277077 38.718674 -1.145507 0.772882 -7.35721 -1e-06 0.0 -3e-06 
0.0 0.0 0.0 0.0 -0.0 0.0 -9.466064 50.686455 130.777344 -1.260854 3.506141 41.623173 -0.18282 0.30339 23.936939 -0.381729 0.238618 2.279246 0.364294 -1.657248 11.862513 2.465844 1.305027 -1.437158 0.20631 1.778434 -3.569999 0.732664 2.881819 0.621106 7.7e-05 -2.2e-05 5e-06 0.060474 -0.021756 -0.150349 0.763094 -3.751736 -10.634956 -0.639201 3.70696 -10.629315 12.874166 -29.174299 3.954111 -19.324821 -46.859764 -8.064831 0.413092 -20.325817 -0.099503 68.377785 0.809857 -5.588686 -5.882104 9.861281 0.702591 -10.936866 -0.360573 7.156201 -0.0 8.774819 -1e-06 -15.621468 18.479582 6.220176 -1.84403 2.498502 -2.507275 -10.163594 4.678943 4.621106 -20.976015 -2e-06 3e-06 -21.226278 2.451697 -3.593999 0.0 -6e-06 0.0 -1.36268 2.240798 -0.746323 -21.334904 0.58491 3.008322 -13.821208 -2e-06 2e-06 -23.887159 -0.249077 -0.839481 -59.225891 2.894989 -0.912271 -0.294025 1.679686 0.833255 -14.218203 0.093216 1.300581 -34.212036 -0.287561 0.967169 -20.033203 0.964536 1.212842 0.0 -0.0 -0.0 -3.440388 0.788232 0.501656 -15.928179 -3.167308 2.999706 -6.338824 -1e-06 1e-06 -18.12344 3.648181 -4.90567 -4e-06 0.0 -2e-06 -13.641706 42.660221 0.669631 -0.187566 29.964893 -47.162251 2.151604 30.744707 0.461121 -49.164803 -3.954396 -9.016069 2.243541 -5.255033 -3.180154 14.282878 -0.826595 6.952493 -2e-06 -12.690593 1e-06 15.840278 -17.604534 2.304414 1.665666 -1.955919 -2.878296 4.727795 -4.170586 4.993919 11.020517 2e-06 -2e-06 12.109042 -3.735712 -2.866781 0.0 -2e-06 -1e-06 1.291984 -1.928548 -1.498088 14.800114 0.567467 3.865602 14.242558 -1.341735 -6.660651 19.631952 0.143927 -0.648245 49.277073 0.000537 -6.073749 0.353029 -1.511149 -0.031939 20.222771 3.684304 2.316627 18.787254 3e-06 -4e-06 10.751619 -0.479868 1.397903 0.0 0.0 1e-06 3.273804 0.305946 -0.580111 21.486792 11.830364 2.266128 8.162919 2e-06 -1e-06 18.399063 -3.79898 -4.940573 2e-06 0.0 -0.0 8.095791 8.057092 -46.595268 -0.498388 -0.521651 114.37986 7.076781 -12.579499 23.076017 1.710241 -2.036829 -5.408088 0.0 0.0 3e-06 6.94401 -6.463453 -38.922276 0.191987 -0.087286 95.662857 4.489275 25.611631 38.233109 -1.115671 0.751022 -7.42498 -1e-06 0.0 -3e-06 
0.0 0.0 0.0 0.0 -0.0 0.0 -9.423555 50.664284 132.903214 -1.631968 2.548935 41.659664 -0.388012 0.490962 24.035515 -0.294377 0.659668 2.392004 -0.048936 -1.013493 11.996737 2.272153 1.256543 -1.306503 0.224358 1.830108 -3.590222 0.664961 2.966874 1.084594 7.7e-05 -2.3e-05 6e-06 0.063135 -0.025633 -0.145855 0.768492 -3.767673 -10.639267 -0.641735 3.715097 -10.631522 12.020042 -28.188482 4.185283 -20.734358 -47.697952 -6.699823 0.250605 -21.557013 -0.122928 69.684662 -0.376692 -5.017664 -5.882102 9.861283 0.702591 -10.936865 -0.360576 7.156202 0.0 8.774822 -2e-06 -15.687833 18.542381 6.266072 -1.844032 2.498503 -2.507278 -10.163595 4.678942 4.621108 -20.976017 -3e-06 5e-06 -21.226276 2.451697 -3.593999 1e-06 -6e-06 1e-06 -1.362681 2.240797 -0.746323 -21.334906 0.584908 3.008325 -13.82121 -3e-06 4e-06 -23.887159 -0.249077 -0.83948 -59.498619 2.890698 -0.869108 -0.294025 1.679687 0.833255 -14.2182 0.093213 1.300581 -34.212029 -0.287565 0.967174 -20.033205 0.964536 1.212845 -0.0 -0.0 -0.0 -3.440387 0.788232 0.501656 -15.928179 -3.16731 2.999708 -6.338825 -1e-06 1e-06 -18.123442 3.648182 -4.905667 -4e-06 0.0 -2e-06 -15.744836 43.702244 -0.086052 -2.679114 28.543736 -49.953674 2.676033 25.22452 0.554793 -45.718914 -6.930849 -13.342731 2.243541 -5.255033 -3.180155 14.282878 -0.826593 6.952496 -3e-06 -12.690593 0.0 15.508965 -17.470222 2.446778 1.665665 -1.95592 -2.878297 4.727796 -4.170585 4.993919 11.020516 4e-06 -2e-06 12.109043 -3.735713 -2.866784 1e-06 -1e-06 -1e-06 1.291983 -1.928545 -1.498086 14.800117 0.567467 3.865602 14.24256 -1.341735 -6.660653 19.63195 0.143927 -0.648246 49.145718 0.074428 -5.833289 0.353029 -1.511147 -0.03194 20.222775 3.684307 2.316628 18.787256 4e-06 -2e-06 10.751619 -0.479868 1.397904 -1e-06 -0.0 -0.0 3.273805 0.305946 -0.580111 21.486795 11.830364 2.266125 8.162919 2e-06 -1e-06 18.399067 -3.798982 -4.940573 2e-06 -1e-06 -2e-06 7.122083 8.528718 -50.80809 -0.387741 -0.065981 118.41581 7.621846 -11.727028 22.027941 1.687955 -2.006263 -5.681034 0.0 -0.0 5e-06 6.359702 -5.700243 -36.561913 0.251103 0.002737 93.192932 3.859287 25.712692 38.034336 -1.105318 0.733552 -7.386069 -1e-06 0.0 -3e-06 
0.0 0.0 0.0 0.0 -0.0 0.0 -9.273293 50.595463 135.06279 -2.083675 1.476314 41.856377 -0.639012 0.64402 24.049671 -0.27293 1.007662 2.418295 -0.457454 -0.492568 12.109957 2.156534 1.230356 -0.752672 0.193647 2.020467 -3.585094 0.43538 3.211382 1.390011 7.7e-05 -2.2e-05 6e-06 0.045138 -0.025659 -0.143378 0.743405 -3.770301 -10.634097 -0.655518 3.717492 -10.628685 11.21446 -27.108625 4.613611 -22.151705 -48.136864 -5.14021 -0.016639 -23.039715 -0.105635 71.096283 -1.339638 -3.968214 -5.882103 9.861282 0.70259 -10.936865 -0.360576 7.156203 2e-06 8.774821 -0.0 -15.771135 18.568436 6.307397 -1.844032 2.498503 -2.507277 -10.163595 4.678942 4.621106 -20.976011 -4e-06 3e-06 -21.226273 2.451696 -3.593999 1e-06 -6e-06 0.0 -1.362681 2.240797 -0.746323 -21.334904 0.584909 3.008322 -13.821208 -3e-06 1e-06 -23.887157 -0.249079 -0.839481 -59.899303 2.886392 -0.834662 -0.294025 1.679686 0.833257 -14.218199 0.093215 1.300579 -34.212032 -0.287564 0.96717 -20.033201 0.964536 1.212843 -0.0 -0.0 0.0 -3.440387 0.788233 0.501655 -15.928179 -3.167308 2.999705 -6.338823 -1e-06 0.0 -18.123438 3.648181 -4.905668 -4e-06 0.0 -3e-06 -17.014048 43.966949 -0.407272 -3.480133 28.178928 -50.204517 2.958495 22.651237 0.586865 -44.092506 -8.678632 -15.249398 2.243539 -5.255029 -3.180156 14.282874 -0.826593 6.952496 -4e-06 -12.690589 -0.0 15.43436 -17.45944 2.506885 1.665664 -1.955918 -2.878294 4.727794 -4.170582 4.993919 11.020512 4e-06 0.0 12.109036 -3.735711 -2.86678 1e-06 -0.0 -1e-06 1.291982 -1.928546 -1.498086 14.800112 0.567467 3.865603 14.242555 -1.341734 -6.660649 19.631945 0.143926 -0.648241 49.178898 0.008349 -5.827406 0.353028 -1.511147 -0.031939 20.222767 3.684307 2.31663 18.787251 4e-06 2e-06 10.751616 -0.479869 1.397905 -0.0 -1e-06 0.0 3.273802 0.305949 -0.580108 21.48679 11.830362 2.266132 8.162919 2e-06 2e-06 18.399063 -3.79898 -4.940569 3e-06 1e-06 -2e-06 5.937308 8.841288 -55.281555 -0.246084 0.455913 121.83036 8.177731 -10.958132 21.338682 1.653436 -1.96202 -6.150186 0.0 0.0 0.0 5.724065 -4.882469 -34.271366 0.302562 0.167649 90.545952 3.445666 25.346775 38.428658 -1.116034 0.726441 -7.194851 -1e-06 -0.0 -3e-06 
0.0 0.0 0.0 0.0 -0.0 0.0 -9.012752 50.508766 137.31012 -2.631554 0.247499 42.032894 -0.925857 0.785455 24.016911 -0.339925 1.268332 2.384711 -0.811274 -0.176366 12.240377 1.989779 1.260464 0.009582 0.187863 2.281714 -3.550909 0.123602 3.519445 1.548923 7.7e-05 -2.3e-05 6e-06 -0.005126 -0.017334 -0.144635 0.680187 -3.754923 -10.618994 -0.695453 3.718822 -10.621197 10.320354 -26.236082 5.229014 -23.445517 -47.778759 -3.594457 -0.289128 -24.769117 -0.083005 72.532051 -2.171375 -2.634144 -5.882099 9.861277 0.70259 -10.936858 -0.360575 7.156199 2e-06 8.774818 -1e-06 -15.877294 18.53236 6.330347 -1.844032 2.498502 -2.507275 -10.163588 4.67894 4.621106 -20.976004 -4e-06 2e-06 -21.226267 2.451694 -3.593997 0.0 -6e-06 -0.0 -1.36268 2.240796 -0.746322 -21.334888 0.584907 3.008321 -13.821198 -3e-06 2e-06 -23.887142 -0.24908 -0.839483 -60.341873 2.935589 -0.77584 -0.294024 1.679687 0.833256 -14.218195 0.093213 1.300578 -34.212013 -0.287565 0.967172 -20.033194 0.964535 1.212843 0.0 0.0 1e-06 -3.440384 0.788233 0.501656 -15.928172 -3.167308 2.999705 -6.338822 -2e-06 1e-06 -18.123428 3.648179 -4.905664 -5e-06 -0.0 -1e-06 -17.548117 43.700748 -0.34925 -3.165593 28.959965 -48.9086 2.893324 22.321873 0.591443 -44.260616 -9.508644 -15.258187 2.243538 -5.255033 -3.180155 14.282883 -0.826591 6.9525 -5e-06 -12.690597 -0.0 15.546512 -17.557985 2.46758 1.665665 -1.95592 -2.878298 4.727796 -4.170584 4.99392 11.020519 7e-06 -1e-06 12.109043 -3.735711 -2.866781 0.0 -1e-06 -1e-06 1.291985 -1.928548 -1.498089 14.800123 0.56747 3.865608 14.242564 -1.341733 -6.660654 19.631956 0.143929 -0.648239 49.271103 -0.118502 -6.028645 0.353029 -1.511149 -0.031941 20.222784 3.684311 2.316633 18.78726 5e-06 3e-06 10.751622 -0.479869 1.397906 0.0 -1e-06 1e-06 3.273805 0.305949 -0.580111 21.486805 11.830371 2.266137 8.162924 2e-06 4e-06 18.399075 -3.798982 -4.940568 2e-06 -0.0 -2e-06 4.67975 9.050104 -59.413475 -0.059272 0.942149 124.262314 8.603695 -10.688618 21.056648 1.625552 -1.886563 -6.807625 -0.0 -0.0 2e-06 4.991525 -4.050253 -31.924461 0.337604 0.431195 87.760757 3.211864 24.505791 39.359634 -1.135403 0.742651 -6.969134 -1e-06 1e-06 -3e-06 
0.0 0.0 0.0 0.0 -0.0 0.0 -8.65195 50.384926 139.652481 -3.247597 -1.124717 42.13134 -1.218753 0.945714 23.893024 -0.487728 1.413909 2.311568 -1.101864 -0.051816 12.38976 1.766113 1.26288 0.696196 0.237467 2.537927 -3.520815 -0.131038 3.818958 1.668022 7.7e-05 -2.3e-05 6e-06 -0.065552 -0.006005 -0.145153 0.609217 -3.740333 -10.613937 -0.746742 3.727326 -10.627139 9.278211 -25.743599 5.984653 -24.677528 -46.538883 -2.430208 -0.481268 -26.652313 -0.07408 73.787819 -3.1359 -1.555522 -5.882101 9.861276 0.702591 -10.936864 -0.360574 7.1562 2e-06 8.774819 0.0 -16.024734 18.462616 6.282941 -1.84403 2.498502 -2.507276 -10.16359 4.67894 4.621106 -20.976009 -5e-06 1e-06 -21.226269 2.451692 -3.593997 -0.0 -6e-06 1e-06 -1.36268 2.240796 -0.746323 -21.334898 0.584907 3.008321 -13.821205 -4e-06 1e-06 -23.887156 -0.24908 -0.839481 -60.698765 3.014017 -0.692233 -0.294025 1.679686 0.833256 -14.218197 0.093213 1.30058 -34.212021 -0.287567 0.967171 -20.033197 0.964534 1.212844 -0.0 0.0 0.0 -3.440387 0.788232 0.501655 -15.928174 -3.167309 2.999704 -6.338822 -2e-06 1e-06 -18.12343 3.648177 -4.905665 -6e-06 -0.0 -0.0 -17.630304 43.162643 -0.125408 -2.207771 30.725384 -47.069469 2.533107 22.969051 0.566469 -45.831673 -9.780646 -14.332503 2.243539 -5.255031 -3.180155 14.28288 -0.826593 6.952495 -4e-06 -12.690592 3e-06 15.652437 -17.636288 2.429748 1.665665 -1.95592 -2.878296 4.727796 -4.170585 4.993918 11.020517 4e-06 -1e-06 12.109042 -3.73571 -2.866782 1e-06 -0.0 -1e-06 1.291984 -1.928546 -1.498088 14.800118 0.567468 3.865603 14.242559 -1.341731 -6.660651 19.631952 0.143928 -0.648243 49.326099 -0.212579 -6.247284 0.353027 -1.511148 -0.031939 20.222773 3.684309 2.316625 18.787256 7e-06 -2e-06 10.75162 -0.479868 1.397905 -0.0 -0.0 -1e-06 3.273804 0.305947 -0.580112 21.486797 11.830367 2.266129 8.162921 3e-06 0.0 18.399065 -3.79898 -4.940569 3e-06 -0.0 -1e-06 3.461754 9.330135 -62.512489 0.134245 1.325694 125.470573 8.720406 -10.667817 21.417973 1.576138 -1.8234 -7.628283 -0.0 0.0 2e-06 4.131193 -3.258387 -29.44026 0.360203 0.808721 84.811745 3.216848 23.537088 40.653885 -1.170355 0.758231 -6.794712 -1e-06 1e-06 -3e-06 
0.0 0.0 0.0 0.0 -0.0 0.0 -8.227304 50.149239 142.041962 -3.938899 -2.632499 42.24873 -1.505211 1.157065 23.632612 -0.639228 1.46136 2.206566 -1.387178 -0.070374 12.470429 1.567233 1.182726 1.260031 0.257986 2.751583 -3.504131 -0.325582 4.122169 1.726317 7.7e-05 -2.2e-05 6e-06 -0.120958 0.00287 -0.139708 0.547812 -3.73372 -10.621447 -0.795551 3.738225 -10.644734 8.114526 -25.516172 6.820637 -26.048748 -44.631439 -1.44154 -0.526573 -28.599371 -0.047222 74.788902 -4.127177 -0.848156 -5.882106 9.861283 0.702589 -10.936872 -0.360575 7.156203 0.0 8.774821 -1e-06 -16.15077 18.411104 6.215368 -1.844033 2.498504 -2.507277 -10.163599 4.678943 4.621106 -20.976021 -2e-06 2e-06 -21.226284 2.451697 -3.593999 -1e-06 -6e-06 -0.0 -1.362682 2.240798 -0.746324 -21.334911 0.58491 3.008321 -13.821213 -2e-06 1e-06 -23.887173 -0.249077 -0.839485 -60.980484 3.057497 -0.579039 -0.294025 1.679687 0.833255 -14.218207 0.093215 1.30058 -34.212048 -0.287564 0.967169 -20.033211 0.964536 1.212842 0.0 1e-06 -0.0 -3.440388 0.788233 0.501655 -15.928185 -3.167308 2.999707 -6.338826 -1e-06 1e-06 -18.123444 3.648182 -4.905671 -5e-06 0.0 -1e-06 -17.569515 42.419613 0.099061 -0.851493 33.364269 -45.054264 2.083458 23.602011 0.511698 -48.093666 -9.645676 -13.163222 2.243541 -5.255033 -3.180155 14.282876 -0.826595 6.952496 -1e-06 -12.690593 2e-06 15.703057 -17.710201 2.444719 1.665666 -1.95592 -2.878298 4.727797 -4.170587 4.993918 11.020517 1e-06 -1e-06 12.109043 -3.735713 -2.866785 -1e-06 -0.0 -1e-06 1.291984 -1.928548 -1.498087 14.800115 0.567467 3.865604 14.24256 -1.341737 -6.660655 19.631948 0.143926 -0.648249 49.417789 -0.26492 -6.394607 0.35303 -1.511151 -0.031941 20.222773 3.684305 2.316627 18.787254 4e-06 -2e-06 10.751619 -0.479868 1.397904 -0.0 -1e-06 0.0 3.273804 0.305948 -0.580111 21.48679 11.830363 2.26613 8.162919 1e-06 1e-06 18.399067 -3.798984 -4.940572 2e-06 -0.0 -1e-06 2.32316 9.853735 -64.448936 0.273683 1.603732 125.746506 8.552534 -10.749021 22.269545 1.497475 -1.775622 -8.758129 0.0 0.0 2e-06 3.152837 -2.497749 -26.878006 0.366485 1.261217 81.641212 3.478066 22.567678 42.288715 -1.208123 0.773888 -6.304024 -1e-06 1e-06 -3e-06 
0.0 0.0 0.0 0.0 -0.0 0.0 -7.789321 49.807693 144.488647 -4.640878 -4.100341 42.498344 -1.748722 1.364279 23.234499 -0.757027 1.423168 2.062453 -1.619878 -0.238488 12.424634 1.393356 1.051419 1.652067 0.313101 2.870802 -3.479142 -0.555624 4.422614 1.776633 7.7e-05 -2.3e-05 6e-06 -0.150973 0.005942 -0.128393 0.51047 -3.733855 -10.630895 -0.816734 3.743205 -10.666237 6.870229 -25.49107 7.72312 -27.549555 -42.185455 -0.587909 -0.371945 -30.675661 -0.016899 75.52253 -5.048658 -0.247283 -5.882099 9.861279 0.702591 -10.936859 -0.360576 7.1562 3e-06 8.774819 -1e-06 -16.25552 18.379433 6.143502 -1.84403 2.498503 -2.507275 -10.163589 4.678941 4.621105 -20.976006 -4e-06 2e-06 -21.226269 2.451694 -3.593996 -0.0 -6e-06 0.0 -1.362679 2.240797 -0.746323 -21.334896 0.584908 3.008321 -13.821205 -2e-06 2e-06 -23.887152 -0.249078 -0.839481 -61.140591 2.989517 -0.463024 -0.294025 1.679686 0.833255 -14.218195 0.093214 1.300579 -34.212013 -0.287564 0.967171 -20.033194 0.964536 1.212843 0.0 1e-06 -0.0 -3.440387 0.788233 0.501656 -15.928168 -3.167308 2.999705 -6.338819 -1e-06 2e-06 -18.123426 3.64818 -4.905665 -6e-06 -0.0 -1e-06 -17.544353 41.527119 0.231051 0.874116 36.58054 -42.751534 1.768413 23.964001 0.445261 -50.567833 -9.183906 -11.951843 2.243541 -5.255033 -3.180155 14.282883 -0.826595 6.952497 -1e-06 -12.690597 1e-06 15.754485 -17.779711 2.514251 1.665666 -1.955921 -2.878296 4.727797 -4.170584 4.99392 11.02052 2e-06 -1e-06 12.109047 -3.735713 -2.866783 -2e-06 -1e-06 -1e-06 1.291983 -1.928549 -1.498088 14.800122 0.567466 3.865602 14.242568 -1.341735 -6.660654 19.631956 0.143925 -0.648246 49.553329 -0.307384 -6.448098 0.353029 -1.51115 -0.03194 20.222784 3.684307 2.316625 18.787266 5e-06 -2e-06 10.751624 -0.479869 1.397904 0.0 0.0 -0.0 3.273805 0.305948 -0.580109 21.486799 11.830364 2.266129 8.162922 2e-06 -0.0 18.399075 -3.798982 -4.940575 2e-06 -0.0 -1e-06 1.299382 10.560593 -65.264175 0.317342 1.820907 125.260574 8.100647 -11.062346 23.521427 1.410661 -1.731469 -10.599154 0.0 -0.0 3e-06 2.145131 -1.884658 -24.416121 0.354002 1.716919 78.308784 3.821659 21.534088 44.184784 -1.231875 0.798165 -5.450854 -0.0 -0.0 -3e-06 
0.0 0.0 0.0 0.0 -0.0 0.0 -7.362154 49.485008 146.995605 -5.238595 -5.355163 43.006279 -1.933058 1.515239 22.679972 -0.813421 1.281455 1.864053 -1.767475 -0.547059 12.239742 1.298213 0.803642 1.856439 0.417614 2.995009 -3.464305 -0.769992 4.671831 1.801912 7.7e-05 -2.3e-05 6e-06 -0.131176 -0.003053 -0.128707 0.525711 -3.758993 -10.676066 -0.790936 3.749713 -10.715564 5.529211 -25.659811 8.697446 -29.027529 -39.288937 -0.096754 -0.09746 -33.036869 0.045414 76.012001 -6.025529 0.447186 -5.882109 9.861284 0.702591 -10.936875 -0.360575 7.156205 -1e-06 8.774824 -1e-06 -16.361641 18.440081 6.122266 -1.844032 2.498504 -2.507276 -10.163604 4.678946 4.621107 -20.976027 -1e-06 5e-06 -21.226292 2.4517 -3.593996 -0.0 -6e-06 1e-06 -1.362681 2.240798 -0.746322 -21.334921 0.58491 3.008324 -13.821218 -1e-06 3e-06 -23.887178 -0.249075 -0.839481 -61.333412 2.926839 -0.413953 -0.294024 1.679686 0.833256 -14.218213 0.093214 1.300582 -34.212063 -0.287561 0.967175 -20.033222 0.964538 1.212845 0.0 0.0 1e-06 -3.44039 0.788233 0.501655 -15.928189 -3.167309 2.999708 -6.338829 -1e-06 2e-06 -18.123453 3.648184 -4.905668 -5e-06 0.0 -1e-06 -17.445158 40.452511 0.359667 3.001088 40.153435 -39.59903 1.392614 24.16326 0.342322 -53.324112 -8.647874 -10.646233 2.243541 -5.255033 -3.180155 14.28288 -0.826596 6.952495 0.0 -12.690598 2e-06 15.794429 -17.862686 2.623333 1.665666 -1.95592 -2.878298 4.727796 -4.170586 4.993918 11.02052 2e-06 -1e-06 12.109046 -3.735715 -2.866783 -1e-06 -1e-06 -1e-06 1.291984 -1.928547 -1.498088 14.800122 0.567466 3.865605 14.242565 -1.341737 -6.660653 19.631956 0.143925 -0.648248 49.691399 -0.341605 -6.45661 0.353029 -1.51115 -0.031941 20.222776 3.684306 2.316626 18.787258 4e-06 -3e-06 10.75162 -0.479868 1.397902 -1e-06 0.0 -1e-06 3.273805 0.305945 -0.58011 21.486799 11.830367 2.266127 8.162922 1e-06 -1e-06 18.399075 -3.798983 -4.940576 2e-06 0.0 -1e-06 0.405614 11.248519 -64.9916 0.331913 1.939155 124.601463 7.642115 -11.119126 24.541656 1.377335 -1.698451 -11.470256 0.0 -0.0 2e-06 1.157985 -1.536186 -22.217293 0.339164 2.165081 74.77845 4.222534 20.346821 46.466927 -1.23028 0.854989 -4.436331 -0.0 0.0 -3e-06 
0.0 0.0 0.0 0.0 -0.0 0.0 -6.970142 49.354355 149.429947 -5.540596 -6.241844 43.7383 -2.051293 1.533977 22.118149 -0.778904 1.054254 1.687404 -1.877128 -0.997235 11.834045 1.415026 0.570556 1.804389 0.522014 3.027388 -3.389657 -0.891032 4.756788 1.84316 7.7e-05 -2.2e-05 6e-06 -0.035904 -0.02764 -0.126154 0.64605 -3.819652 -10.757707 -0.721844 3.76038 -10.775094 4.370335 -25.948217 9.332065 -30.676111 -35.972252 -0.351379 -0.117826 -35.88821 0.257518 76.352501 -7.651673 1.583291 -5.882106 9.861283 0.702591 -10.936873 -0.360573 7.156204 1e-06 8.774822 1e-06 -16.268826 18.41724 6.197536 -1.844032 2.498503 -2.507278 -10.163599 4.678945 4.621108 -20.976021 -3e-06 4e-06 -21.226286 2.451698 -3.593996 -0.0 -6e-06 1e-06 -1.362681 2.240797 -0.746322 -21.334913 0.584911 3.008322 -13.821213 -2e-06 3e-06 -23.887167 -0.249078 -0.839481 -61.25494 2.815676 -0.324025 -0.294025 1.679687 0.833256 -14.218206 0.093215 1.300581 -34.212048 -0.287562 0.967171 -20.033211 0.964537 1.212842 0.0 0.0 0.0 -3.440388 0.788233 0.501656 -15.928185 -3.167308 2.999707 -6.338825 -1e-06 1e-06 -18.123444 3.648182 -4.905668 -5e-06 0.0 -2e-06 -17.346968 39.298592 0.305092 5.651007 43.611153 -35.696968 1.162078 24.269407 0.273166 -56.624332 -7.642623 -9.282283 2.243542 -5.255037 -3.180158 14.282892 -0.826596 6.952499 -2e-06 -12.690603 2e-06 15.855478 -17.839876 2.698765 1.665666 -1.955922 -2.8783 4.727799 -4.170588 4.993921 11.020525 2e-06 -2e-06 12.109053 -3.735717 -2.866784 0.0 -0.0 0.0 1.291987 -1.928551 -1.498089 14.800127 0.567465 3.865606 14.242572 -1.341735 -6.660658 19.631969 0.143925 -0.648248 49.663521 -0.396457 -6.434761 0.353029 -1.51115 -0.03194 20.222788 3.684307 2.316627 18.787273 3e-06 -5e-06 10.751629 -0.479869 1.397905 -0.0 0.0 -1e-06 3.273807 0.305946 -0.580111 21.486809 11.830374 2.266131 8.16293 2e-06 -1e-06 18.399086 -3.798986 -4.940578 3e-06 0.0 -2e-06 -0.457764 11.63117 -64.039139 0.315539 2.018104 123.524872 6.870355 -11.463212 25.123459 1.321692 -1.699555 -10.92487 -0.0 -0.0 2e-06 0.208478 -1.639723 -20.414824 0.310592 2.764369 71.166985 4.863596 18.900644 49.295609 -1.240145 0.909391 -4.242521 -1e-06 -1e-06 -3e-06 
0.0 0.0 0.0 0.0 -0.0 0.0 -6.600932 49.313583 151.756943 -5.649239 -6.566956 44.670288 -1.920839 1.453573 21.652271 -0.756216 0.831087 1.419951 -1.718553 -1.369134 11.461748 1.527412 0.343612 1.599984 0.380038 2.856855 -3.363958 -0.820083 4.599323 1.842525 7.7e-05 -2.3e-05 6e-06 0.002083 -0.041921 -0.13357 0.678369 -3.832391 -10.759184 -0.678926 3.746181 -10.789044 3.50591 -26.344555 9.956879 -32.025532 -32.924828 -1.688876 0.17604 -39.338364 0.41308 75.842781 -9.464132 2.452916 -5.882104 9.861284 0.70259 -10.936866 -0.360576 7.156205 -1e-06 8.774823 -1e-06 -16.198614 18.584454 6.170932 -1.844032 2.498504 -2.507278 -10.163599 4.678944 4.621109 -20.976021 -2e-06 1e-06 -21.226286 2.451697 -3.594002 -0.0 -6e-06 1e-06 -1.362682 2.240798 -0.746324 -21.334908 0.584911 3.008323 -13.821208 -2e-06 2e-06 -23.887161 -0.249078 -0.839484 -61.146824 2.784493 -0.556574 -0.294023 1.679687 0.833257 -14.218205 0.093215 1.300581 -34.212048 -0.287561 0.96717 -20.033211 0.964538 1.212843 0.0 1e-06 -0.0 -3.440387 0.788233 0.501655 -15.928185 -3.167309 2.999708 -6.338825 -0.0 2e-06 -18.123444 3.648183 -4.905672 -4e-06 0.0 -2e-06 -16.894968 38.149498 0.651951 7.912496 46.207191 -31.673449 0.896724 24.642361 0.175899 -59.582691 -6.961894 -7.906771 2.243541 -5.255037 -3.180159 14.282887 -0.826595 6.952505 -0.0 -12.690602 -1e-06 15.815747 -17.875883 2.822537 1.665666 -1.955922 -2.878298 4.727798 -4.170585 4.993924 11.020524 2e-06 0.0 12.109052 -3.735716 -2.866785 0.0 -1e-06 2e-06 1.291986 -1.92855 -1.498089 14.800129 0.567468 3.86561 14.242569 -1.341737 -6.660656 19.631968 0.143925 -0.648242 49.678936 -0.436572 -6.334256 0.35303 -1.51115 -0.031941 20.222786 3.684309 2.316632 18.78727 5e-06 2e-06 10.751626 -0.47987 1.397907 -0.0 -1e-06 -1e-06 3.273807 0.305945 -0.58011 21.486809 11.830373 2.266135 8.162928 2e-06 2e-06 18.399078 -3.798985 -4.940573 2e-06 -0.0 -2e-06 -1.007501 11.71426 -62.819656 0.246613 1.90981 122.201797 6.43253 -11.932834 25.621359 1.298795 -1.729302 -10.091299 -0.0 0.0 2e-06 -0.553731 -1.987731 -19.196869 0.250677 3.1852 67.893501 5.647788 17.671509 52.106762 -1.287117 0.975614 -2.327189 -0.0 0.0 -2e-06 
0.0 0.0 0.0 0.0 -0.0 0.0 -6.267143 49.573345 153.913452 -5.703095 -6.610168 45.482338 -1.599949 1.319738 21.330864 -0.717372 0.785437 1.243857 -1.44933 -1.520634 11.249322 1.446519 0.235556 1.344008 0.301065 2.558232 -3.382034 -0.602211 4.107519 1.741087 7.7e-05 -2.3e-05 6e-06 0.002015 -0.046842 -0.147392 0.667913 -3.820997 -10.722101 -0.66681 3.727194 -10.767194 3.022754 -26.509254 10.186726 -32.933014 -30.330204 -4.65322 0.426056 -43.769394 0.54145 74.758598 -11.727551 2.971466 -5.882101 9.861281 0.70259 -10.936863 -0.360578 7.156203 3e-06 8.774822 -1e-06 -16.198389 18.751135 6.116428 -1.844032 2.498504 -2.507277 -10.163594 4.678942 4.621106 -20.976013 -7e-06 2e-06 -21.226273 2.451692 -3.593999 -0.0 -5e-06 0.0 -1.36268 2.240798 -0.746324 -21.334904 0.584906 3.008322 -13.821206 -5e-06 3e-06 -23.887157 -0.249081 -0.83948 -61.159859 2.827169 -0.889293 -0.294025 1.679687 0.833256 -14.218204 0.093213 1.300581 -34.212029 -0.287569 0.967172 -20.033203 0.964535 1.212844 -0.0 -0.0 0.0 -3.440387 0.788232 0.501656 -15.928181 -3.167312 2.999706 -6.338822 -2e-06 2e-06 -18.123438 3.648178 -4.905669 -5e-06 0.0 -2e-06 -16.470125 37.342258 0.998793 9.724805 47.583862 -28.045135 0.872609 25.054049 0.206669 -62.462265 -6.340072 -6.645488 2.24354 -5.255033 -3.180156 14.282879 -0.826591 6.952499 -2e-06 -12.690598 0.0 15.684739 -17.895039 2.940514 1.665665 -1.955921 -2.878299 4.727794 -4.170584 4.993921 11.020515 4e-06 -3e-06 12.109039 -3.735711 -2.866783 0.0 -1e-06 0.0 1.291986 -1.92855 -1.498089 14.800115 0.56747 3.865604 14.24256 -1.341734 -6.660656 19.631952 0.143929 -0.648246 49.56834 -0.464761 -6.324043 0.353029 -1.511151 -0.03194 20.222775 3.684312 2.316628 18.787256 6e-06 -2e-06 10.751619 -0.479867 1.397905 0.0 -1e-06 1e-06 3.273803 0.305948 -0.580112 21.486795 11.830371 2.266129 8.162921 3e-06 -1e-06 18.399067 -3.798981 -4.940572 2e-06 1e-06 -1e-06 -1.105929 11.555873 -61.315208 0.155796 1.760461 120.649666 5.842334 -12.542372 25.838737 1.284534 -1.778482 -9.650558 0.0 0.0 2e-06 -1.180977 -2.312287 -18.68573 0.216922 3.476898 65.782928 6.158948 16.810526 53.722664 -1.346506 1.030108 -0.939529 -0.0 0.0 -1e-06 
0.0 0.0 0.0 0.0 -0.0 0.0 -5.935827 50.110619 155.874619 -5.761326 -6.585538 46.050041 -1.179694 1.224999 21.089108 -0.601204 0.878533 1.205823 -1.20054 -1.384771 11.25104 1.146129 0.300745 1.091935 0.342351 2.223421 -3.408762 -0.218577 3.373147 1.495248 7.7e-05 -2.2e-05 6e-06 -0.00274 -0.046276 -0.151193 0.657937 -3.808823 -10.698365 -0.661975 3.717616 -10.749326 2.922786 -26.414652 9.98764 -32.846745 -28.411558 -9.858302 0.473911 -48.859097 0.600574 73.379555 -13.829153 2.810116 -5.882101 9.861282 0.702588 -10.936863 -0.360576 7.156203 0.0 8.774822 -1e-06 -16.217785 18.916199 6.174145 -1.844031 2.498504 -2.507277 -10.163592 4.678942 4.621105 -20.976009 -5e-06 0.0 -21.226271 2.451694 -3.593999 -0.0 -6e-06 -0.0 -1.362681 2.240798 -0.746323 -21.334896 0.584908 3.008321 -13.821205 -3e-06 2e-06 -23.887154 -0.24908 -0.839483 -61.258904 2.926524 -1.093351 -0.294025 1.679687 0.833256 -14.218198 0.093214 1.300579 -34.212021 -0.287565 0.967168 -20.033197 0.964536 1.212843 0.0 -0.0 0.0 -3.440385 0.788232 0.501655 -15.928176 -3.167308 2.999706 -6.338822 -0.0 2e-06 -18.12343 3.64818 -4.90567 -4e-06 1e-06 -1e-06 -16.108335 36.989826 1.347495 10.949596 47.949142 -25.037586 0.991397 25.196449 0.303658 -65.129532 -5.864012 -5.215674 2.243539 -5.25503 -3.180156 14.28288 -0.826593 6.952499 -2e-06 -12.690595 2e-06 15.577319 -17.937298 3.019925 1.665664 -1.95592 -2.878297 4.727795 -4.170583 4.99392 11.020517 3e-06 -1e-06 12.109042 -3.735713 -2.866783 -1e-06 0.0 1e-06 1.291984 -1.928548 -1.498089 14.800115 0.567468 3.865606 14.242558 -1.341733 -6.660653 19.631952 0.143928 -0.648243 49.46394 -0.467406 -6.456973 0.353029 -1.511149 -0.03194 20.222775 3.684308 2.316629 18.787254 5e-06 1e-06 10.751617 -0.479867 1.397906 -1e-06 -0.0 1e-06 3.273804 0.305948 -0.580112 21.486799 11.830366 2.266132 8.162921 3e-06 0.0 18.399065 -3.798981 -4.940569 3e-06 -0.0 -2e-06 -0.876782 11.195834 -59.566051 0.056945 1.544615 118.82457 4.807835 -13.094954 25.854177 1.262529 -1.802083 -9.952892 0.0 0.0 2e-06 -1.828989 -2.572876 -19.124628 0.253627 3.707105 65.582909 6.721942 16.282858 54.22496 -1.42965 1.060255 0.005715 -0.0 0.0 -2e-06 
0.0 0.0 0.0 0.0 -0.0 0.0 -5.633744 50.722908 157.662735 -5.751065 -6.478762 46.215584 -0.755502 1.159863 21.034298 -0.390879 0.993577 1.26748 -0.993664 -1.076543 11.377733 0.806974 0.455908 1.008551 0.382754 1.988238 -3.413125 0.236836 2.714334 1.207184 7.7e-05 -2.3e-05 6e-06 0.007346 -0.042781 -0.146763 0.654451 -3.795362 -10.68657 -0.634736 3.710115 -10.73607 3.29973 -26.40148 9.496161 -31.077997 -27.514229 -16.554235 0.305262 -52.857498 0.631404 71.714134 -14.061534 2.702058 -5.882106 9.861287 0.702589 -10.93687 -0.360576 7.156207 -1e-06 8.774828 -2e-06 -16.258928 19.038881 6.359134 -1.844031 2.498506 -2.507276 -10.163597 4.678945 4.621109 -20.976017 -3e-06 2e-06 -21.226282 2.451697 -3.594002 -1e-06 -6e-06 1e-06 -1.362682 2.240798 -0.746323 -21.334909 0.58491 3.008322 -13.821211 -2e-06 3e-06 -23.887167 -0.249077 -0.839485 -61.211849 3.003716 -1.120437 -0.294026 1.679688 0.833256 -14.218206 0.093214 1.30058 -34.21204 -0.287563 0.967169 -20.033207 0.964537 1.212842 0.0 0.0 -0.0 -3.440387 0.788233 0.501656 -15.928183 -3.16731 2.999708 -6.338825 -1e-06 1e-06 -18.123444 3.648184 -4.90567 -6e-06 0.0 -2e-06 -15.704785 37.030392 1.791161 11.52461 47.653004 -22.372015 0.964409 25.016714 0.27625 -67.181854 -5.953778 -3.907394 2.243542 -5.255039 -3.180159 14.282896 -0.826594 6.952507 -2e-06 -12.690609 -1e-06 15.639224 -17.930481 3.074345 1.665666 -1.955922 -2.8783 4.727801 -4.170589 4.993925 11.020529 3e-06 -1e-06 12.109057 -3.735717 -2.866786 0.0 -0.0 2e-06 1.291986 -1.92855 -1.498091 14.800136 0.56747 3.865612 14.242576 -1.341737 -6.660661 19.631973 0.143926 -0.648244 49.510822 -0.484598 -6.537224 0.35303 -1.511151 -0.031941 20.222797 3.684315 2.316635 18.787277 5e-06 2e-06 10.751632 -0.479868 1.397909 -0.0 0.0 -1e-06 3.273808 0.305946 -0.580111 21.48682 11.830381 2.266138 8.16293 2e-06 1e-06 18.399088 -3.798985 -4.940575 3e-06 0.0 -1e-06 -0.333189 10.590574 -57.562069 -0.07256 1.251974 116.726006 3.385266 -13.988976 25.729921 1.231167 -1.776906 -10.762104 -0.0 0.0 2e-06 -2.520996 -2.942547 -20.463421 0.330052 3.884485 67.586105 7.11374 15.851603 54.001698 -1.537426 1.033984 0.758439 -0.0 0.0 -2e-06 
0.0 0.0 0.0 0.0 -0.0 0.0 -5.370849 51.241295 159.359314 -5.619247 -6.279966 45.932755 -0.337195 1.080101 21.242405 -0.189096 1.067963 1.402064 -0.683613 -0.784906 11.547787 0.444452 0.666543 1.079159 0.386552 1.862165 -3.39908 0.656667 2.237772 0.901234 7.7e-05 -2.3e-05 6e-06 0.025094 -0.038871 -0.145444 0.654258 -3.779614 -10.655742 -0.59723 3.698954 -10.703834 4.212564 -26.58226 8.791887 -27.519127 -27.404221 -23.001564 0.266113 -54.73373 0.603067 69.316254 -12.311634 3.583101 -5.882102 9.861278 0.702591 -10.936867 -0.360574 7.156201 1e-06 8.774821 -1e-06 -16.321171 19.102951 6.583007 -1.844031 2.498503 -2.507277 -10.163595 4.678941 4.621109 -20.976017 -5e-06 4e-06 -21.226276 2.451695 -3.593996 0.0 -5e-06 -1e-06 -1.36268 2.240797 -0.746322 -21.334906 0.584908 3.008323 -13.821211 -4e-06 3e-06 -23.887159 -0.249081 -0.839481 -61.16832 3.076566 -1.082977 -0.294025 1.679686 0.833256 -14.218204 0.093214 1.300579 -34.212032 -0.287567 0.96717 -20.033205 0.964536 1.212844 -0.0 0.0 -1e-06 -3.440387 0.788232 0.501655 -15.928179 -3.167308 2.999707 -6.338824 -1e-06 1e-06 -18.123442 3.64818 -4.905665 -6e-06 1e-06 -4e-06 -15.280703 37.278782 2.201933 11.8124 47.089714 -20.198236 0.886663 24.564224 0.210669 -68.770241 -6.255642 -3.207488 2.243537 -5.255029 -3.180152 14.282869 -0.826593 6.952492 -3e-06 -12.690585 3e-06 15.770538 -17.85153 3.109189 1.665663 -1.955917 -2.878295 4.727791 -4.17058 4.993917 11.020509 4e-06 -1e-06 12.109034 -3.735708 -2.866778 0.0 -0.0 1e-06 1.291984 -1.928547 -1.498088 14.800103 0.567469 3.865602 14.242547 -1.341733 -6.660647 19.631937 0.143927 -0.648243 49.593948 -0.502249 -6.535373 0.353028 -1.511148 -0.03194 20.222757 3.684305 2.316626 18.787245 6e-06 0.0 10.751613 -0.479867 1.397904 -0.0 0.0 1e-06 3.273801 0.305946 -0.58011 21.486778 11.830359 2.266126 8.162912 2e-06 0.0 18.399054 -3.798978 -4.940565 4e-06 -0.0 -1e-06 0.43567 9.742326 -55.167473 -0.208136 0.9255 114.378792 1.834782 -15.277948 25.656273 1.201431 -1.71917 -11.671119 -1e-06 -0.0 3e-06 -3.260554 -3.474609 -22.550135 0.402656 3.972694 71.534805 7.098181 15.10162 53.390907 -1.641698 0.992737 1.135218 -0.0 -0.0 -2e-06 
0.0 0.0 0.0 0.0 -0.0 0.0 -5.114386 51.616215 161.051407 -5.44428 -6.028241 45.405704 0.044909 0.945932 21.616407 -0.043797 1.078269 1.546099 -0.219371 -0.602265 11.761867 0.073578 0.899916 1.212513 0.409137 1.802947 -3.399147 0.985967 1.941251 0.55428 7.7e-05 -2.3e-05 6e-06 0.051201 -0.036408 -0.150336 0.665592 -3.762804 -10.612787 -0.555617 3.684509 -10.656275 5.54251 -26.922398 8.010577 -22.81303 -27.539749 -28.436369 0.44158 -54.557327 0.40028 66.484184 -9.589926 4.981378 -5.8821 9.861273 0.702591 -10.936858 -0.360573 7.156199 0.0 8.774813 1e-06 -16.348244 19.095003 6.779066 -1.84403 2.498502 -2.507274 -10.163588 4.678939 4.621105 -20.976 -1e-06 3e-06 -21.226259 2.451696 -3.593995 -0.0 -6e-06 -1e-06 -1.36268 2.240795 -0.746323 -21.334888 0.584912 3.008322 -13.821198 -1e-06 3e-06 -23.887142 -0.249075 -0.839484 -61.182323 3.123155 -1.031072 -0.294025 1.679685 0.833254 -14.218191 0.093216 1.30058 -34.212013 -0.28756 0.967169 -20.033192 0.964538 1.212841 -1e-06 0.0 -1e-06 -3.440385 0.788232 0.501655 -15.928168 -3.167302 2.999705 -6.338819 -0.0 2e-06 -18.123428 3.648181 -4.905662 -6e-06 1e-06 -2e-06 -15.013712 37.569389 2.393547 12.223129 46.646507 -18.474918 0.779243 23.948647 0.142502 -70.11911 -6.361618 -3.017034 2.243541 -5.255031 -3.180155 14.282883 -0.826597 6.952496 1e-06 -12.690593 1e-06 15.828335 -17.764486 3.095515 1.665665 -1.95592 -2.878296 4.727796 -4.170584 4.993919 11.02052 0.0 -0.0 12.109046 -3.735714 -2.866781 -0.0 0.0 0.0 1.291985 -1.928546 -1.498088 14.800118 0.567466 3.865605 14.242563 -1.341737 -6.660651 19.631956 0.143922 -0.648245 49.541348 -0.493668 -6.500792 0.353029 -1.51115 -0.03194 20.222775 3.684302 2.316626 18.787262 1e-06 -2e-06 10.751622 -0.47987 1.397904 -0.0 -0.0 0.0 3.273804 0.305947 -0.58011 21.486799 11.830359 2.266129 8.162921 0.0 -1e-06 18.399073 -3.798983 -4.940572 4e-06 0.0 0.0 1.21176 8.729608 -52.43145 -0.314033 0.626171 111.858864 0.40379 -16.62718 25.476398 1.167576 -1.652636 -12.544784 -0.0 -1e-06 1e-06 -3.989804 -3.975909 -25.385122 0.494971 3.854031 76.851364 6.858804 14.112575 52.600365 -1.72796 0.96911 1.310829 0.0 -0.0 -2e-06 
0.0 0.0 0.0 0.0 -0.0 0.0 -4.893101 51.723469 162.756958 -5.294147 -5.721159 44.813938 0.316514 0.743672 22.067165 0.159609 1.103176 1.762599 0.280162 -0.702986 11.907246 -0.112629 1.219134 1.351955 0.275886 1.851786 -3.374542 1.414566 1.894506 0.13713 7.7e-05 -2.3e-05 6e-06 0.019664 -0.018482 -0.150821 0.634509 -3.734357 -10.578908 -0.586996 3.686454 -10.603089 7.294418 -27.318022 7.217403 -17.897005 -27.63035 -32.659874 0.975313 -52.746754 0.017935 63.610168 -6.321701 6.372918 -5.882099 9.861275 0.702592 -10.936861 -0.360573 7.156198 1e-06 8.774816 0.0 -16.268841 19.071095 6.901253 -1.84403 2.498502 -2.507274 -10.163589 4.67894 4.621104 -20.976004 -3e-06 4e-06 -21.226259 2.451696 -3.593995 -0.0 -6e-06 -1e-06 -1.362679 2.240796 -0.746323 -21.334888 0.584909 3.008321 -13.821199 -2e-06 3e-06 -23.887146 -0.249076 -0.83948 -61.340446 3.304513 -1.136134 -0.294025 1.679685 0.833255 -14.218193 0.093216 1.30058 -34.212009 -0.287561 0.967171 -20.033188 0.964537 1.212843 -0.0 0.0 -1e-06 -3.440385 0.788233 0.501655 -15.928168 -3.167305 2.999705 -6.338819 -1e-06 1e-06 -18.123426 3.64818 -4.905664 -7e-06 0.0 -1e-06 -14.90969 37.907715 2.298315 12.805542 46.47142 -16.361099 0.494679 23.36252 -0.001203 -71.423477 -6.850421 -3.168401 2.243539 -5.255029 -3.180154 14.282874 -0.826592 6.952495 -3e-06 -12.690586 0.0 15.886076 -17.779341 3.050251 1.665663 -1.955919 -2.878295 4.727794 -4.170582 4.993918 11.020514 4e-06 -1e-06 12.109038 -3.735711 -2.866779 0.0 -0.0 1e-06 1.291985 -1.928547 -1.498087 14.800112 0.567467 3.865603 14.242557 -1.341734 -6.660649 19.631945 0.143925 -0.648243 49.479393 -0.487284 -6.487424 0.353029 -1.511149 -0.031941 20.222771 3.684307 2.316628 18.787251 5e-06 -1e-06 10.751617 -0.479867 1.397904 -0.0 0.0 1e-06 3.273803 0.305945 -0.580109 21.486788 11.830359 2.266128 8.162916 1e-06 1e-06 18.399059 -3.79898 -4.94057 3e-06 0.0 1e-06 2.101109 7.431268 -49.477371 -0.355539 0.371713 109.313576 -1.392044 -18.712246 25.634228 1.151505 -1.60474 -13.231328 -0.0 -0.0 2e-06 -4.642459 -4.266937 -28.821203 0.602813 3.521494 82.996986 6.883586 12.961044 51.745277 -1.769118 1.002128 0.994453 -0.0 0.0 -1e-06 
0.0 0.0 0.0 0.0 -0.0 0.0 -4.627104 51.991238 164.480774 -5.051826 -5.316478 44.296913 0.60786 0.477272 22.468454 0.178388 0.861745 1.837213 1.055653 -0.772383 12.123404 -0.416816 1.317819 1.461032 0.622801 2.034925 -3.450185 1.469163 1.955548 -0.418321 7.7e-05 -2.3e-05 6e-06 0.093755 -0.031479 -0.172085 0.686927 -3.732945 -10.573459 -0.494584 3.665135 -10.591178 8.986336 -28.218544 6.459191 -12.619246 -26.95557 -36.515842 0.215416 -49.72971 0.346014 60.849857 -3.454553 6.957477 -5.882105 9.861284 0.70259 -10.93687 -0.360574 7.156205 -1e-06 8.774824 -2e-06 -16.449602 18.957262 6.914909 -1.844032 2.498505 -2.507277 -10.163598 4.678944 4.621109 -20.976021 -1e-06 3e-06 -21.226286 2.451699 -3.594 1e-06 -6e-06 -0.0 -1.362681 2.240798 -0.746322 -21.334911 0.584911 3.008324 -13.821213 -1e-06 3e-06 -23.887167 -0.249075 -0.839482 -61.362282 3.11981 -1.11508 -0.294025 1.679688 0.833255 -14.218207 0.093216 1.300582 -34.212036 -0.287561 0.967172 -20.033209 0.964538 1.212843 0.0 0.0 -1e-06 -3.440388 0.788233 0.501657 -15.928185 -3.167309 2.999708 -6.338825 -1e-06 2e-06 -18.123444 3.648185 -4.905669 -7e-06 1e-06 -2e-06 -14.829562 37.878979 2.183535 13.674623 46.552986 -14.86603 0.327602 23.248354 -0.027934 -72.584816 -6.538172 -2.796444 2.24354 -5.255035 -3.180156 14.282887 -0.826592 6.952503 -1e-06 -12.690601 -2e-06 15.837165 -17.709585 3.038557 1.665665 -1.955922 -2.878298 4.727797 -4.170585 4.993922 11.020522 2e-06 1e-06 12.10905 -3.735714 -2.866781 0.0 1e-06 1e-06 1.291984 -1.92855 -1.498088 14.800123 0.567468 3.865608 14.242567 -1.341736 -6.660653 19.631958 0.143925 -0.648241 49.525417 -0.471283 -6.404518 0.353029 -1.511149 -0.03194 20.222786 3.684309 2.316633 18.787268 3e-06 0.0 10.751624 -0.479868 1.397906 -0.0 0.0 1e-06 3.273806 0.305947 -0.58011 21.486805 11.830372 2.266135 8.162924 2e-06 1e-06 18.399076 -3.798985 -4.940573 3e-06 0.0 1e-06 2.468883 5.991293 -46.589054 -0.368185 0.264187 106.766251 -1.975903 -19.243231 24.44784 1.119238 -1.54073 -13.335313 -0.0 1e-06 3e-06 -4.945023 -4.854879 -33.601536 0.703585 3.152955 90.306358 6.198929 11.972211 50.015869 -1.874885 0.911996 1.090369 0.0 -1e-06 -1e-06 
0.0 0.0 0.0 0.0 -0.0 0.0 -4.428909 51.936485 166.093201 -4.771303 -4.778753 43.795612 0.775048 0.236722 22.818432 0.374185 0.613955 2.027249 1.653244 -1.304577 12.295588 -0.008433 1.551407 1.463112 0.425588 2.384842 -3.419159 1.692084 2.291905 -0.998134 7.7e-05 -2.3e-05 6e-06 0.057875 -0.01522 -0.174209 0.651527 -3.717307 -10.578001 -0.532679 3.680188 -10.58408 11.137927 -29.362141 5.758875 -7.900079 -25.787169 -38.936363 0.1162 -45.644398 0.301061 57.623043 -0.146051 7.027814 -5.8821 9.861278 0.70259 -10.936866 -0.360575 7.156202 1e-06 8.774818 -2e-06 -16.282181 18.777948 6.843244 -1.844029 2.498503 -2.507275 -10.163595 4.678939 4.621108 -20.976013 -5e-06 7e-06 -21.226273 2.451696 -3.593994 -0.0 -6e-06 -1e-06 -1.362679 2.240797 -0.746323 -21.334904 0.584908 3.008325 -13.821208 -2e-06 5e-06 -23.887154 -0.249077 -0.839476 -61.282997 3.276221 -1.297196 -0.294025 1.679685 0.833255 -14.218202 0.093213 1.300582 -34.212032 -0.287564 0.967177 -20.033201 0.964537 1.212847 0.0 0.0 0.0 -3.440387 0.788232 0.501656 -15.928179 -3.16731 2.999709 -6.338824 -2e-06 2e-06 -18.123438 3.64818 -4.905663 -6e-06 0.0 -2e-06 -14.704307 37.867207 2.0019 14.358021 47.126976 -12.506071 0.149384 22.90605 -0.162305 -73.800652 -7.110399 -2.619879 2.24354 -5.255035 -3.180155 14.282883 -0.826594 6.952499 -1e-06 -12.690595 -2e-06 15.942686 -17.795668 2.99239 1.665665 -1.955922 -2.878296 4.727797 -4.170585 4.99392 11.02052 2e-06 0.0 12.109046 -3.735714 -2.866783 1e-06 1e-06 0.0 1.291985 -1.928548 -1.498088 14.80012 0.567468 3.865607 14.24256 -1.341737 -6.660653 19.631954 0.143925 -0.648242 49.725933 -0.525628 -6.38758 0.353029 -1.511149 -0.03194 20.222784 3.684307 2.316631 18.787266 3e-06 -1e-06 10.75162 -0.479868 1.397906 1e-06 -0.0 1e-06 3.273806 0.305947 -0.58011 21.486801 11.830366 2.266135 8.162922 1e-06 1e-06 18.399071 -3.798983 -4.940571 4e-06 1e-06 -0.0 3.065931 4.321453 -43.618164 -0.342539 0.18249 104.161789 -3.393877 -21.124006 24.231869 1.159094 -1.507572 -13.03073 -0.0 0.0 2e-06 -5.044465 -5.273443 -38.840469 0.812168 2.596232 97.830154 6.793831 11.814904 48.021698 -1.87213 0.941819 0.450346 -0.0 -0.0 -2e-06 
0.0 0.0 0.0 0.0 -0.0 0.0 -4.230567 51.919113 167.741974 -4.380346 -4.015066 43.303505 1.056746 -0.064071 23.117142 0.442853 0.130363 2.138134 2.349999 -1.895256 12.537586 0.579717 1.628337 1.385769 0.379307 2.775784 -3.43516 1.635153 2.722396 -1.618143 7.7e-05 -2.2e-05 6e-06 0.068602 -0.014772 -0.182424 0.65206 -3.71774 -10.608417 -0.515999 3.68513 -10.610385 13.358842 -30.915071 5.04647 -3.71106 -24.160728 -40.643318 -0.838049 -40.439625 0.59691 54.171185 2.640761 5.566253 -5.882102 9.861279 0.702588 -10.936865 -0.360576 7.156202 0.0 8.774821 -3e-06 -16.327641 18.592136 6.618051 -1.844032 2.498504 -2.507277 -10.163594 4.678942 4.621107 -20.976013 -2e-06 2e-06 -21.226273 2.451696 -3.594 -0.0 -6e-06 1e-06 -1.36268 2.240797 -0.746323 -21.3349 0.584909 3.008322 -13.821205 -2e-06 2e-06 -23.887154 -0.249078 -0.839483 -61.07338 3.226482 -1.513312 -0.294025 1.679686 0.833255 -14.218198 0.093215 1.30058 -34.212025 -0.287562 0.967168 -20.033197 0.964536 1.212842 -0.0 -0.0 -0.0 -3.440386 0.788233 0.501656 -15.928176 -3.167308 2.999707 -6.338823 -1e-06 1e-06 -18.123436 3.64818 -4.90567 -5e-06 -0.0 -1e-06 -14.424066 37.48378 1.917019 15.202425 48.019733 -10.114549 -0.000483 22.772188 -0.221539 -74.657845 -7.619547 -2.315424 2.24354 -5.255031 -3.180156 14.282878 -0.826593 6.952497 -1e-06 -12.690588 -1e-06 16.033901 -17.897141 2.96325 1.665664 -1.95592 -2.878296 4.727794 -4.170582 4.993918 11.020515 3e-06 1e-06 12.10904 -3.735711 -2.86678 0.0 1e-06 1e-06 1.291984 -1.928548 -1.498087 14.800114 0.567468 3.865605 14.242558 -1.341736 -6.660652 19.631945 0.143925 -0.648244 50.031311 -0.588841 -6.329941 0.353028 -1.51115 -0.03194 20.222775 3.684306 2.316631 18.787254 5e-06 0.0 10.75162 -0.479869 1.397905 1e-06 1e-06 0.0 3.273804 0.305947 -0.580109 21.48679 11.830363 2.266135 8.162919 2e-06 1e-06 18.399063 -3.79898 -4.940569 4e-06 1e-06 0.0 3.448495 2.664516 -40.763187 -0.299864 0.219219 101.628128 -3.75175 -21.809252 23.71295 1.189292 -1.493389 -12.46038 -0.0 -1e-06 2e-06 -4.500937 -6.016583 -44.723461 0.862162 2.052706 105.439659 7.03614 12.262565 45.415024 -1.889239 0.900105 0.078616 0.0 0.0 -1e-06 
0.0 0.0 0.0 0.0 -0.0 0.0 -4.094135 51.73127 169.484772 -3.97649 -3.159836 42.674976 1.413141 -0.384647 23.384031 0.511347 -0.441879 2.218309 2.938565 -2.582255 12.838997 1.282109 1.618808 1.24989 0.331673 3.221188 -3.460138 1.50572 3.212957 -2.060305 7.7e-05 -2.2e-05 6e-06 0.054475 -0.012179 -0.188044 0.642016 -3.720867 -10.6493 -0.538933 3.696671 -10.647661 15.537157 -32.578125 4.305025 -0.638139 -22.672798 -41.277489 -1.812977 -34.641636 0.775631 49.949249 5.030228 3.176681 -5.882104 9.86128 0.702589 -10.93687 -0.360576 7.156205 1e-06 8.774823 -1e-06 -16.324034 18.468056 6.400485 -1.844032 2.498503 -2.507277 -10.163597 4.678942 4.621108 -20.976017 -4e-06 3e-06 -21.226276 2.451694 -3.593998 -0.0 -6e-06 1e-06 -1.362681 2.240798 -0.746324 -21.334911 0.58491 3.008324 -13.821213 -2e-06 2e-06 -23.887165 -0.249079 -0.839481 -60.806362 3.181949 -1.660971 -0.294025 1.679687 0.833255 -14.218205 0.093215 1.30058 -34.212048 -0.287564 0.967172 -20.033209 0.964537 1.212844 -0.0 0.0 -0.0 -3.440388 0.788232 0.501656 -15.928183 -3.167309 2.999707 -6.338825 -1e-06 1e-06 -18.123444 3.648181 -4.905669 -5e-06 0.0 -1e-06 -13.938908 37.034222 1.958648 16.264219 49.027294 -7.605282 -0.06322 22.606695 -0.247972 -75.138985 -8.010866 -2.319556 2.243541 -5.255036 -3.180157 14.282887 -0.826595 6.9525 -2e-06 -12.690601 1e-06 16.092037 -17.968912 2.863228 1.665666 -1.955922 -2.878299 4.727798 -4.170586 4.993922 11.020523 2e-06 -2e-06 12.109052 -3.735714 -2.866786 0.0 1e-06 0.0 1.291985 -1.928549 -1.498089 14.800125 0.56747 3.865607 14.242569 -1.341735 -6.660659 19.63196 0.143926 -0.648245 50.180115 -0.611858 -6.334093 0.353029 -1.51115 -0.031941 20.222786 3.68431 2.316631 18.787268 5e-06 -2e-06 10.751624 -0.479867 1.397905 -0.0 0.0 0.0 3.273805 0.305947 -0.58011 21.486809 11.830373 2.266134 8.162926 2e-06 1e-06 18.399078 -3.798984 -4.940576 3e-06 0.0 -1e-06 3.806093 1.429319 -37.726803 -0.293818 0.195458 99.060165 -3.563797 -22.092659 23.261461 1.253265 -1.458501 -12.386633 0.0 0.0 1e-06 -3.416483 -6.767237 -50.553432 0.834536 1.472263 112.491699 7.344848 13.088634 42.516651 -1.857359 0.897116 -0.386783 0.0 0.0 -2e-06 
0.0 0.0 0.0 0.0 -0.0 0.0 -4.046144 51.375698 171.434128 -3.651867 -2.306865 41.92857 1.832363 -0.717985 23.582752 0.555489 -0.992524 2.255147 3.423351 -3.234013 13.125603 1.918517 1.537338 1.170758 0.306056 3.589761 -3.488719 1.36794 3.697289 -2.402703 7.8e-05 -2.3e-05 6e-06 0.026568 -0.00745 -0.191015 0.627515 -3.725378 -10.700148 -0.583542 3.712688 -10.685973 17.313202 -34.076351 3.596529 0.873374 -21.89707 -40.974598 -2.474402 -29.302984 0.740899 45.772217 6.67345 0.466567 -5.882102 9.861278 0.70259 -10.936861 -0.360576 7.156204 1e-06 8.774819 -1e-06 -16.239288 18.401865 6.254843 -1.84403 2.498502 -2.507277 -10.163591 4.678939 4.621108 -20.976009 -5e-06 4e-06 -21.226271 2.451694 -3.593996 -0.0 -6e-06 1e-06 -1.36268 2.240797 -0.746324 -21.3349 0.584907 3.008325 -13.821205 -3e-06 4e-06 -23.887154 -0.249078 -0.839479 -60.480965 3.114366 -1.727605 -0.294023 1.679685 0.833256 -14.218198 0.093214 1.300581 -34.212021 -0.287565 0.967174 -20.033199 0.964536 1.212846 0.0 -0.0 1e-06 -3.440386 0.788232 0.501656 -15.928176 -3.167308 2.999707 -6.338821 -1e-06 2e-06 -18.123436 3.648179 -4.905664 -5e-06 0.0 -2e-06 -13.084963 36.62886 2.243928 17.708584 49.855816 -4.795386 -0.15001 22.556812 -0.278892 -75.404816 -8.226577 -2.626216 2.243541 -5.255036 -3.180158 14.282885 -0.826591 6.952503 -2e-06 -12.690603 -0.0 16.061117 -18.01074 2.792046 1.665665 -1.955922 -2.878299 4.727797 -4.170585 4.993924 11.020522 1e-06 -1e-06 12.10905 -3.735716 -2.866786 0.0 -0.0 1e-06 1.291986 -1.928548 -1.49809 14.800123 0.56747 3.865608 14.242565 -1.341736 -6.660656 19.631958 0.143927 -0.648243 50.149384 -0.616598 -6.346657 0.353029 -1.511149 -0.031941 20.222784 3.68431 2.316631 18.787262 5e-06 1e-06 10.75162 -0.479867 1.397907 -0.0 0.0 0.0 3.273806 0.305948 -0.580111 21.486807 11.830376 2.266136 8.162926 2e-06 1e-06 18.399076 -3.798985 -4.940573 4e-06 -0.0 -0.0 4.207643 0.737057 -34.500496 -0.317048 0.063856 96.443329 -3.27195 -22.211473 23.152136 1.323556 -1.422758 -12.630255 0.0 -1e-06 1e-06 -1.86995 -7.365214 -55.799061 0.719997 0.924291 118.393394 7.723305 13.688062 39.779446 -1.783614 0.91814 -0.838414 -0.0 0.0 -2e-06 
0.0 0.0 0.0 0.0 -0.0 0.0 -4.099019 50.935627 173.621399 -3.396088 -1.550894 41.158787 2.219071 -1.054786 23.652077 0.58628 -1.496545 2.238831 3.805982 -3.818391 13.420482 2.348807 1.453532 1.210104 0.328674 3.870584 -3.511595 1.181081 4.122468 -2.763756 7.7e-05 -2.3e-05 5e-06 -0.009533 0.001062 -0.189019 0.608497 -3.731893 -10.759017 -0.638216 3.73697 -10.728151 18.392252 -35.230068 3.172448 0.995117 -21.862537 -40.380753 -2.70113 -25.297438 0.588043 42.935265 7.494141 -1.857994 -5.882107 9.861281 0.702592 -10.93687 -0.360572 7.156204 -0.0 8.774821 0.0 -16.151667 18.353033 6.136185 -1.844031 2.498503 -2.507277 -10.163598 4.678945 4.621109 -20.976021 -1e-06 4e-06 -21.226282 2.451699 -3.593997 -0.0 -6e-06 1e-06 -1.362682 2.240798 -0.746323 -21.334911 0.584913 3.008323 -13.821213 -1e-06 3e-06 -23.887167 -0.249076 -0.839482 -60.095974 3.023234 -1.762002 -0.294026 1.679687 0.833256 -14.218207 0.093217 1.300581 -34.212048 -0.287559 0.96717 -20.033209 0.964539 1.212843 -0.0 -0.0 -0.0 -3.440388 0.788233 0.501656 -15.928187 -3.167307 2.999707 -6.338826 -1e-06 2e-06 -18.123444 3.648183 -4.905668 -5e-06 -0.0 -0.0 -11.807367 36.329472 2.83423 19.507023 50.325962 -1.845402 -0.290977 22.814287 -0.326536 -75.598778 -7.991638 -3.154179 2.243541 -5.255034 -3.180157 14.28289 -0.826596 6.952502 -1e-06 -12.6906 1e-06 16.001741 -18.05353 2.782963 1.665666 -1.95592 -2.878298 4.727798 -4.170586 4.993923 11.020526 2e-06 -1e-06 12.10905 -3.735715 -2.866781 -1e-06 0.0 1e-06 1.291986 -1.928548 -1.498089 14.800125 0.567469 3.865608 14.242568 -1.341737 -6.660655 19.631968 0.143924 -0.648243 50.091579 -0.65746 -6.325752 0.353028 -1.511152 -0.03194 20.222788 3.684307 2.316631 18.78727 3e-06 1e-06 10.751628 -0.47987 1.397907 0.0 0.0 0.0 3.273806 0.305948 -0.58011 21.486816 11.830371 2.266135 8.162926 1e-06 1e-06 18.399086 -3.798987 -4.940573 2e-06 -0.0 -3e-06 4.608821 0.485199 -31.070961 -0.340477 -0.153012 93.619713 -3.021423 -22.142544 23.472008 1.374257 -1.400662 -12.979786 0.0 -1e-06 1e-06 -0.104347 -7.724515 -60.215263 0.503065 0.440601 123.039276 8.163048 14.081291 37.549507 -1.697627 0.934217 -1.319363 -0.0 0.0 -3e-06 
0.0 0.0 0.0 0.0 -0.0 0.0 -4.25076 50.467079 176.040894 -3.263209 -0.897313 40.448723 2.567488 -1.368541 23.620584 0.618634 -1.935947 2.193357 4.127443 -4.315566 13.707044 2.532891 1.397029 1.369648 0.350878 4.038483 -3.519793 0.936297 4.468818 -3.168683 7.7e-05 -2.2e-05 5e-06 -0.046275 0.011315 -0.188063 0.581965 -3.737478 -10.809993 -0.68444 3.763285 -10.766577 18.712145 -35.926544 3.026932 0.068865 -22.416677 -39.824551 -2.567194 -22.815182 0.413138 42.074188 7.632841 -3.589409 -5.882106 9.861283 0.702589 -10.936868 -0.360575 7.156202 -1e-06 8.774824 -2e-06 -16.165285 18.329489 6.000494 -1.844032 2.498504 -2.507277 -10.163595 4.678944 4.621105 -20.976021 -3e-06 -0.0 -21.226286 2.451696 -3.594001 -0.0 -6e-06 1e-06 -1.362681 2.240797 -0.746323 -21.334911 0.584912 3.00832 -13.821212 -2e-06 -1e-06 -23.887165 -0.249079 -0.839486 -59.861931 2.929807 -1.828716 -0.294025 1.679687 0.833256 -14.218207 0.093217 1.300578 -34.212044 -0.287564 0.967165 -20.033209 0.964535 1.212841 0.0 -0.0 0.0 -3.440388 0.788234 0.501655 -15.928183 -3.167309 2.999705 -6.338827 -1e-06 0.0 -18.123444 3.648182 -4.905673 -5e-06 -0.0 -2e-06 -10.188788 36.054092 3.656547 21.627747 50.35928 1.098158 -0.45523 23.573196 -0.386033 -75.851387 -7.108811 -3.536687 2.243537 -5.255032 -3.180155 14.282871 -0.826592 6.952497 -2e-06 -12.690593 -0.0 15.927965 -18.092703 2.802852 1.665664 -1.955919 -2.878297 4.727791 -4.170583 4.993919 11.020512 3e-06 -2e-06 12.109035 -3.735711 -2.866783 0.0 -0.0 0.0 1.291984 -1.928546 -1.498089 14.80011 0.567469 3.865605 14.242555 -1.341734 -6.660651 19.631943 0.143928 -0.648244 50.007206 -0.706656 -6.306097 0.353028 -1.511151 -0.03194 20.222765 3.684308 2.316629 18.787249 5e-06 0.0 10.751616 -0.479868 1.397905 -1e-06 -0.0 0.0 3.273804 0.305945 -0.580111 21.486788 11.830362 2.26613 8.162915 3e-06 1e-06 18.399057 -3.798982 -4.940569 3e-06 -0.0 -2e-06 5.059042 0.570294 -27.432245 -0.346891 -0.443233 90.427254 -2.899975 -21.851051 24.173231 1.404234 -1.390509 -13.387061 -0.0 -1e-06 1e-06 1.765082 -7.815756 -63.59045 0.254663 0.036099 126.069405 8.720938 14.656898 35.81646 -1.597838 0.941019 -1.947901 -0.0 0.0 -3e-06 
0.0 0.0 0.0 0.0 -0.0 0.0 -4.47954 49.986629 178.668274 -3.308728 -0.354149 39.853542 2.868912 -1.628487 23.509979 0.669693 -2.2893 2.131547 4.425173 -4.663652 13.9584 2.402109 1.417573 1.689357 0.36178 4.058347 -3.516692 0.668476 4.704892 -3.544338 7.7e-05 -2.2e-05 5e-06 -0.071653 0.02152 -0.183994 0.563328 -3.742673 -10.852968 -0.714176 3.788157 -10.800706 18.496141 -36.090714 3.065206 -1.679942 -23.527182 -39.121891 -2.107486 -21.656166 0.242401 42.931831 7.318937 -4.876379 -5.882102 9.861279 0.70259 -10.936866 -0.360574 7.156201 1e-06 8.774822 -2e-06 -16.215445 18.349192 5.879683 -1.844031 2.498504 -2.507276 -10.163593 4.678942 4.621106 -20.976009 -3e-06 3e-06 -21.226273 2.451696 -3.593996 0.0 -6e-06 0.0 -1.36268 2.240796 -0.746323 -21.3349 0.584909 3.008321 -13.821204 -3e-06 3e-06 -23.887154 -0.249079 -0.839481 -59.768425 2.874841 -1.896087 -0.294025 1.679686 0.833256 -14.218199 0.093214 1.30058 -34.212025 -0.287565 0.967171 -20.033199 0.964536 1.212843 -0.0 -0.0 0.0 -3.440387 0.788234 0.501655 -15.928177 -3.167308 2.999706 -6.338822 -1e-06 1e-06 -18.123436 3.64818 -4.905666 -4e-06 0.0 -2e-06 -8.353808 35.742451 4.679135 24.001497 49.863152 3.937524 -0.658756 24.947426 -0.464552 -76.204231 -5.566936 -3.457043 2.243542 -5.255035 -3.180157 14.282886 -0.826594 6.952498 -2e-06 -12.690601 -1e-06 15.912024 -18.143774 2.801714 1.665665 -1.95592 -2.878296 4.727797 -4.170586 4.99392 11.020523 3e-06 -1e-06 12.109052 -3.735716 -2.866785 -1e-06 0.0 1e-06 1.291984 -1.928549 -1.498089 14.800123 0.567468 3.865606 14.242567 -1.341737 -6.660655 19.631958 0.143926 -0.648244 49.910175 -0.747995 -6.320546 0.353028 -1.511149 -0.031939 20.222786 3.684309 2.316629 18.787268 4e-06 -1e-06 10.751625 -0.479869 1.397904 0.0 0.0 0.0 3.273806 0.305947 -0.58011 21.486807 11.830371 2.266133 8.162922 2e-06 -0.0 18.399078 -3.798983 -4.940574 3e-06 -0.0 -2e-06 5.600078 1.02114 -23.590042 -0.322573 -0.844422 86.743324 -2.984955 -21.477825 25.224871 1.403159 -1.395943 -13.828425 0.0 -1e-06 1e-06 3.702756 -7.695086 -65.723495 0.040873 -0.310227 127.464073 9.44513 15.505054 34.519394 -1.478001 0.943588 -3.072403 -0.0 -0.0 -2e-06 
0.0 0.0 0.0 0.0 -0.0 0.0 -4.783909 49.50415 181.483429 -3.562323 0.059748 39.424053 3.098866 -1.814249 23.335316 0.73631 -2.483927 2.066168 4.714308 -4.830919 14.122939 1.994108 1.52748 2.19714 0.382218 3.922229 -3.504025 0.363711 4.844986 -3.77583 7.7e-05 -2.3e-05 6e-06 -0.087536 0.030153 -0.179312 0.54467 -3.74267 -10.868268 -0.724082 3.803947 -10.814419 18.043158 -35.637199 3.195046 -4.050212 -25.215799 -38.093758 -1.464009 -21.555544 0.075423 44.972904 6.714491 -5.644681 -5.882104 9.861284 0.70259 -10.936873 -0.360575 7.156207 1e-06 8.774823 -1e-06 -16.246838 18.41856 5.819382 -1.844032 2.498505 -2.507278 -10.1636 4.678945 4.62111 -20.976021 -3e-06 3e-06 -21.226286 2.451697 -3.593998 0.0 -6e-06 0.0 -1.362682 2.240798 -0.746323 -21.334913 0.584909 3.008326 -13.821214 -2e-06 3e-06 -23.887171 -0.249076 -0.839481 -59.811844 2.862211 -1.953559 -0.294024 1.679687 0.833256 -14.21821 0.093214 1.300582 -34.212051 -0.287562 0.967175 -20.033211 0.964539 1.212845 0.0 0.0 -0.0 -3.440389 0.788234 0.501656 -15.928185 -3.167308 2.999708 -6.338825 -1e-06 2e-06 -18.123449 3.648182 -4.905668 -4e-06 -0.0 -2e-06 -6.498084 35.376755 5.782961 26.565475 48.78846 6.625846 -0.897351 26.93153 -0.551726 -76.633224 -3.514118 -2.653861 2.243541 -5.255033 -3.180156 14.282885 -0.826595 6.952498 -1e-06 -12.690597 -1e-06 15.980387 -18.191898 2.744029 1.665667 -1.955921 -2.878297 4.727797 -4.170586 4.99392 11.020522 2e-06 -2e-06 12.109046 -3.735713 -2.866781 -1e-06 0.0 2e-06 1.291985 -1.92855 -1.498089 14.80012 0.567465 3.865605 14.242566 -1.341737 -6.660656 19.631954 0.143923 -0.648246 49.810806 -0.75244 -6.362173 0.35303 -1.511151 -0.03194 20.222778 3.684306 2.316627 18.787264 4e-06 -2e-06 10.751623 -0.479869 1.397904 -0.0 -0.0 1e-06 3.273805 0.305947 -0.580111 21.486801 11.830366 2.266129 8.162923 1e-06 -1e-06 18.399075 -3.798984 -4.940574 2e-06 -0.0 -1e-06 6.226326 1.77658 -19.750753 -0.235973 -1.355489 82.723602 -3.393524 -21.008612 26.643436 1.395241 -1.40652 -13.954977 -0.0 1e-06 2e-06 5.630284 -7.418786 -66.458252 -0.076525 -0.587323 127.282951 10.071476 16.377867 33.808895 -1.337419 0.943217 -5.149641 -0.0 0.0 -4e-06 
0.0 0.0 0.0 0.0 -0.0 0.0 -5.182061 49.064922 184.330887 -3.978465 0.342241 39.313404 3.17176 -1.924698 23.087095 0.827673 -2.495127 2.000813 4.9538 -4.796845 14.151877 1.399493 1.743552 2.674294 0.467336 3.658422 -3.501623 0.031864 4.861971 -3.695389 7.7e-05 -2.3e-05 6e-06 -0.099617 0.036535 -0.178045 0.528709 -3.736279 -10.850636 -0.730938 3.809904 -10.808086 17.609613 -34.650604 3.412221 -6.558678 -27.256355 -36.697865 -0.92067 -22.155649 -0.021689 47.572392 5.983454 -5.783751 -5.882097 9.86127 0.702589 -10.936856 -0.360574 7.156193 2e-06 8.774809 -1e-06 -16.297403 18.510679 5.793324 -1.844031 2.498499 -2.507273 -10.163589 4.678938 4.621101 -20.976 -2e-06 3e-06 -21.226255 2.451694 -3.593994 0.0 -6e-06 1e-06 -1.36268 2.240794 -0.746322 -21.334887 0.58491 3.008317 -13.821197 -2e-06 3e-06 -23.887138 -0.249078 -0.83948 -59.927338 2.848502 -2.013965 -0.294024 1.679684 0.833254 -14.218191 0.093215 1.300579 -34.212002 -0.287562 0.967169 -20.03319 0.964536 1.212841 0.0 0.0 0.0 -3.440384 0.788232 0.501655 -15.928165 -3.167304 2.999702 -6.33882 -0.0 1e-06 -18.123423 3.648177 -4.905662 -4e-06 -0.0 -2e-06 -4.759398 35.043095 6.866222 29.018858 47.279858 8.860198 -1.075832 29.263666 -0.588905 -77.007179 -1.237676 -1.429216 2.243539 -5.255028 -3.180152 14.282874 -0.826595 6.952494 -1e-06 -12.690588 3e-06 16.160486 -18.251993 2.63109 1.665665 -1.955918 -2.878294 4.727793 -4.170582 4.993917 11.020512 3e-06 -1e-06 12.109041 -3.735713 -2.866779 -1e-06 0.0 0.0 1.291983 -1.928548 -1.498086 14.800112 0.567465 3.865602 14.242558 -1.341736 -6.660647 19.631945 0.143923 -0.648245 49.79702 -0.721812 -6.393698 0.353029 -1.511148 -0.031938 20.222769 3.684302 2.316627 18.787254 1e-06 -1e-06 10.751616 -0.479869 1.397903 -0.0 -0.0 2e-06 3.273803 0.305947 -0.580109 21.48679 11.830356 2.266128 8.162921 1e-06 -2e-06 18.399063 -3.798984 -4.940571 3e-06 -0.0 -0.0 6.974489 2.762576 -16.426655 -0.096633 -1.928159 78.775368 -4.067687 -20.265526 28.583784 1.398299 -1.431802 -13.386598 -0.0 0.0 2e-06 7.321778 -6.996867 -65.756264 -0.091465 -0.760465 125.998863 10.450291 16.98494 33.922611 -1.218042 0.925538 -7.762527 0.0 -0.0 -2e-06 
0.0 0.0 0.0 0.0 -0.0 0.0 -5.654314 48.821865 187.13446 -4.516409 0.520996 39.718338 3.101313 -1.914537 22.766819 0.796211 -2.34223 1.853318 5.264771 -4.515058 14.026311 0.614976 1.946253 2.873401 0.712683 3.355965 -3.532316 -0.117368 4.644683 -3.461978 7.7e-05 -2.3e-05 7e-06 -0.041689 0.026476 -0.185651 0.586049 -3.723218 -10.813155 -0.674371 3.783497 -10.771401 17.340635 -33.488026 3.532 -8.744193 -29.298544 -35.153488 -0.732239 -23.073187 0.001157 50.137974 5.069888 -5.260582 -5.8821 9.86128 0.70259 -10.936861 -0.360574 7.156201 -0.0 8.774822 -1e-06 -16.439098 18.545401 5.842417 -1.84403 2.498503 -2.507276 -10.163591 4.678943 4.621107 -20.976011 -3e-06 -0.0 -21.226271 2.451694 -3.594 0.0 -6e-06 0.0 -1.362679 2.240796 -0.746322 -21.334896 0.584909 3.008321 -13.821205 -3e-06 0.0 -23.887152 -0.249079 -0.839484 -60.036694 2.793074 -1.931664 -0.294026 1.679685 0.833255 -14.218197 0.093215 1.30058 -34.212017 -0.287563 0.967168 -20.033194 0.964536 1.212842 -0.0 -0.0 0.0 -3.440385 0.788234 0.501655 -15.928176 -3.167308 2.999706 -6.338824 -1e-06 1e-06 -18.123434 3.648182 -4.905668 -4e-06 -0.0 -3e-06 -3.096167 34.863388 7.92409 30.740442 45.442692 9.583272 -0.83842 31.859251 -0.409133 -77.317062 1.392998 0.152195 2.243541 -5.255036 -3.180159 14.282887 -0.826594 6.952503 -3e-06 -12.690602 0.0 16.402845 -18.312489 2.513264 1.665665 -1.955921 -2.878298 4.727798 -4.170587 4.993924 11.020522 3e-06 -2e-06 12.109051 -3.735718 -2.866783 -1e-06 0.0 0.0 1.291985 -1.92855 -1.49809 14.800125 0.567468 3.865606 14.242568 -1.341736 -6.660659 19.631962 0.143927 -0.648246 49.885941 -0.620049 -6.387348 0.353029 -1.51115 -0.03194 20.222786 3.684308 2.316628 18.78727 5e-06 -1e-06 10.751625 -0.479869 1.397906 -0.0 -0.0 1e-06 3.273805 0.305945 -0.580112 21.486807 11.830374 2.26613 8.162925 3e-06 -1e-06 18.399076 -3.798984 -4.940577 4e-06 -0.0 -1e-06 7.774129 4.067846 -14.282057 0.00382 -2.503921 75.507294 -4.383008 -18.878014 30.364616 1.409809 -1.509433 -12.332859 -0.0 -1e-06 1e-06 8.729716 -6.337433 -64.072487 -0.058124 -0.747385 124.018578 10.502858 17.246241 34.568256 -1.178287 0.868367 -8.738562 0.0 -0.0 -2e-06 
0.0 0.0 0.0 0.0 -0.0 0.0 -6.268777 48.693813 189.705322 -4.957484 0.65804 40.491497 2.807496 -1.776622 22.47476 0.838788 -2.026904 1.745976 5.336081 -4.226005 13.666276 0.080265 2.297964 2.797243 0.652498 3.049904 -3.530437 0.025497 4.381926 -3.085935 7.7e-05 -2.2e-05 6e-06 -0.04086 0.025344 -0.192592 0.577801 -3.695909 -10.732612 -0.666732 3.757217 -10.686963 17.2535 -32.240582 3.613366 -10.386151 -31.238836 -32.927246 -0.54297 -24.093615 0.056552 52.385651 4.534686 -4.300868 -5.882098 9.861274 0.70259 -10.93686 -0.360574 7.156196 0.0 8.774815 1e-06 -16.246292 18.417095 5.985122 -1.84403 2.498501 -2.507273 -10.163589 4.678939 4.621102 -20.976 -3e-06 1e-06 -21.226265 2.451694 -3.593994 0.0 -6e-06 1e-06 -1.36268 2.240795 -0.746323 -21.334888 0.584908 3.008318 -13.821198 -4e-06 2e-06 -23.88714 -0.24908 -0.839482 -60.139946 2.843142 -1.781754 -0.294025 1.679685 0.833255 -14.21819 0.093214 1.300578 -34.212013 -0.287565 0.96717 -20.033192 0.964535 1.212843 0.0 -0.0 0.0 -3.440383 0.788231 0.501655 -15.928167 -3.167307 2.999703 -6.338819 -1e-06 1e-06 -18.123426 3.648179 -4.905663 -5e-06 -0.0 -1e-06 -1.631933 35.104275 8.774574 31.555567 43.490562 9.166856 -0.532289 34.465031 -0.296209 -77.45948 3.821855 1.96516 2.243542 -5.255033 -3.180156 14.282882 -0.826596 6.952498 -2e-06 -12.690598 -0.0 16.65831 -18.340094 2.332764 1.665665 -1.955921 -2.878298 4.727797 -4.170587 4.99392 11.02052 2e-06 -1e-06 12.109045 -3.735716 -2.866783 -1e-06 0.0 1e-06 1.291984 -1.928549 -1.498088 14.800122 0.567466 3.865604 14.242564 -1.341737 -6.660655 19.631956 0.143925 -0.648247 50.003178 -0.507323 -6.357994 0.353029 -1.51115 -0.03194 20.222778 3.684306 2.316628 18.787266 4e-06 -3e-06 10.751622 -0.479868 1.397905 0.0 0.0 2e-06 3.273804 0.305946 -0.580112 21.486801 11.830367 2.266129 8.162926 1e-06 -1e-06 18.399075 -3.798984 -4.940575 4e-06 -1e-06 0.0 8.674635 5.324221 -13.908527 0.025906 -2.975039 74.355324 -4.585601 -17.148163 32.111832 1.544983 -1.609462 -9.776786 0.0 0.0 2e-06 9.632219 -5.598021 -61.776173 0.020743 -0.690137 121.318054 10.537392 17.626276 35.66568 -1.141039 0.882007 -8.593564 -0.0 -1e-06 -2e-06 
0.0 0.0 0.0 0.0 -0.0 0.0 -6.936878 48.6889 191.982666 -5.056999 0.784248 41.532509 2.463602 -1.539726 22.178747 0.706221 -1.764044 1.651913 5.173266 -3.94433 13.336597 -0.278312 2.644374 2.147355 0.476514 2.73348 -3.567277 0.519795 4.020122 -2.500309 7.7e-05 -2.2e-05 6e-06 -0.083259 0.029283 -0.222954 0.502656 -3.65576 -10.672537 -0.677228 3.729353 -10.642931 17.318159 -31.400623 3.730228 -11.026889 -32.805664 -30.596373 -0.363252 -24.683346 0.071773 54.548782 4.602756 -4.028839 -5.882104 9.861281 0.702592 -10.93687 -0.360575 7.156205 1e-06 8.77482 0.0 -16.005404 18.380354 6.133587 -1.844031 2.498503 -2.507276 -10.163598 4.678944 4.621109 -20.976021 -2e-06 4e-06 -21.226282 2.451697 -3.593997 -0.0 -6e-06 -0.0 -1.362682 2.240798 -0.746323 -21.334911 0.584909 3.008325 -13.821213 -2e-06 4e-06 -23.887167 -0.249077 -0.839481 -60.27993 2.846519 -1.717164 -0.294024 1.679686 0.833255 -14.218205 0.093214 1.300582 -34.212048 -0.287561 0.967175 -20.033211 0.964539 1.212844 0.0 -0.0 0.0 -3.440387 0.788233 0.501656 -15.928185 -3.167308 2.999708 -6.338825 -1e-06 1e-06 -18.123444 3.648182 -4.905667 -4e-06 -0.0 -0.0 -0.452111 35.487156 9.345452 31.322483 41.524456 7.201521 -0.405414 37.698406 -0.253344 -77.18338 6.280538 3.999357 2.243543 -5.255036 -3.180157 14.282887 -0.826596 6.952501 -0.0 -12.690601 1e-06 16.840796 -18.422825 2.224514 1.665666 -1.955922 -2.878298 4.727798 -4.170588 4.993924 11.020524 2e-06 -1e-06 12.109052 -3.735716 -2.866784 -1e-06 0.0 -0.0 1.291986 -1.928549 -1.498089 14.800125 0.567466 3.865606 14.242568 -1.341737 -6.660657 19.631962 0.143924 -0.648245 50.162975 -0.473704 -6.336361 0.353029 -1.511149 -0.03194 20.222786 3.684307 2.31663 18.78727 2e-06 -2e-06 10.751627 -0.47987 1.397904 0.0 0.0 2e-06 3.273806 0.305947 -0.580111 21.486809 11.83037 2.26613 8.162926 1e-06 -2e-06 18.39908 -3.798986 -4.940577 3e-06 -1e-06 -2e-06 9.336963 6.402492 -15.496451 -0.037707 -3.239301 75.850342 -3.154045 -14.368411 32.58942 1.774428 -1.676087 -7.516538 -0.0 0.0 4e-06 9.981525 -4.955384 -59.77462 0.032314 -0.68192 118.376221 10.364365 18.157761 37.112858 -1.173329 0.901468 -6.537812 -1e-06 1e-06 -2e-06 
0.0 0.0 0.0 0.0 -0.0 0.0 -7.616633 49.04055 194.212921 -4.843357 0.981405 42.041157 2.081636 -1.344695 22.271103 0.635951 -1.635957 1.682612 4.78711 -3.813353 12.866184 -0.733064 2.966614 1.46288 0.561428 2.572044 -3.515831 0.544418 3.673877 -2.411079 7.7e-05 -2.3e-05 6e-06 -0.0238 0.01366 -0.224678 0.566051 -3.685226 -10.661254 -0.621476 3.726949 -10.623065 17.154224 -30.955503 3.575968 -11.181725 -34.064793 -28.795582 -0.591333 -24.598072 0.135363 56.741249 4.264662 -3.125338 -5.882104 9.861284 0.702589 -10.93687 -0.360575 7.156204 1e-06 8.774822 -2e-06 -16.034868 18.120493 6.121684 -1.844031 2.498505 -2.507277 -10.163599 4.678944 4.621107 -20.976021 -4e-06 1e-06 -21.226286 2.451696 -3.594 0.0 -6e-06 -0.0 -1.36268 2.240798 -0.746323 -21.334911 0.584908 3.008322 -13.821211 -3e-06 0.0 -23.887167 -0.24908 -0.839484 -60.469891 2.80369 -1.550938 -0.294024 1.679687 0.833255 -14.218205 0.093215 1.300579 -34.212044 -0.287564 0.967169 -20.033209 0.964536 1.212843 0.0 0.0 -0.0 -3.440388 0.788234 0.501655 -15.928183 -3.16731 2.999707 -6.338825 -1e-06 1e-06 -18.123446 3.648182 -4.905672 -4e-06 0.0 -1e-06 -0.131886 35.979267 9.153282 30.595573 39.98978 4.462545 -0.161904 41.091652 -0.317065 -77.0326 8.365827 5.350654 2.243543 -5.255036 -3.180159 14.282887 -0.826596 6.9525 -0.0 -12.690601 1e-06 16.955629 -18.493088 2.196485 1.665665 -1.955921 -2.878298 4.7278 -4.170585 4.993923 11.020526 3e-06 -1e-06 12.109053 -3.735717 -2.866784 -1e-06 -0.0 -1e-06 1.291986 -1.928548 -1.498088 14.800125 0.567466 3.865606 14.242568 -1.341737 -6.660659 19.631968 0.143925 -0.648246 50.516655 -0.488418 -6.507463 0.35303 -1.51115 -0.03194 20.22279 3.684306 2.316628 18.78727 3e-06 -2e-06 10.751627 -0.479869 1.397904 1e-06 0.0 0.0 3.273806 0.305946 -0.58011 21.486809 11.830368 2.266132 8.162926 2e-06 -2e-06 18.39908 -3.798986 -4.940576 2e-06 0.0 -1e-06 9.807646 7.168742 -18.092396 -0.275371 -3.103811 79.528931 -1.261691 -11.978062 30.90716 1.827945 -1.784172 -5.915596 0.0 -0.0 3e-06 10.070736 -4.642724 -57.653599 0.11132 -0.5726 115.665741 10.369759 19.072922 37.623283 -1.184015 0.865893 -7.290533 -1e-06 1e-06 -3e-06 
0.0 0.0 0.0 0.0 -0.0 0.0 -8.171749 49.279133 196.197433 -4.361386 1.103739 42.385033 1.70894 -1.095985 22.353741 0.507566 -1.646861 1.646744 4.209402 -3.731167 12.4519 -0.919282 3.140839 0.819681 0.440317 2.474783 -3.498765 0.741582 3.422905 -2.274175 7.7e-05 -2.3e-05 6e-06 -0.031283 0.011956 -0.230602 0.561416 -3.702004 -10.679966 -0.63077 3.74011 -10.657788 16.978531 -31.099897 3.538063 -10.980946 -35.101437 -26.907022 -0.517743 -23.730726 0.104616 58.266403 4.478795 -3.383486 -5.882098 9.861276 0.702591 -10.936863 -0.360575 7.156198 2e-06 8.774819 -1e-06 -15.974404 18.071562 6.127399 -1.84403 2.498502 -2.507275 -10.16359 4.67894 4.621104 -20.976006 -5e-06 3e-06 -21.226271 2.451694 -3.593996 0.0 -6e-06 -0.0 -1.362681 2.240796 -0.746323 -21.334896 0.584908 3.00832 -13.821203 -4e-06 2e-06 -23.887152 -0.24908 -0.839479 -60.415844 2.781667 -1.443639 -0.294025 1.679687 0.833255 -14.218197 0.093213 1.30058 -34.212021 -0.287566 0.967172 -20.033197 0.964535 1.212844 0.0 0.0 -0.0 -3.440385 0.788232 0.501654 -15.928172 -3.167309 2.999704 -6.338821 -2e-06 1e-06 -18.12343 3.648179 -4.905664 -4e-06 0.0 -1e-06 -0.20067 36.33593 8.789179 29.026518 38.882748 0.203577 -0.090545 44.683033 -0.494372 -76.005585 10.351305 6.384923 2.243539 -5.255032 -3.180155 14.282882 -0.826596 6.952499 -1e-06 -12.690595 1e-06 16.957775 -18.503784 2.275771 1.665665 -1.955921 -2.878297 4.727795 -4.170584 4.99392 11.020515 4e-06 0.0 12.109042 -3.735713 -2.866782 -1e-06 1e-06 -0.0 1.291985 -1.928548 -1.498088 14.800118 0.567468 3.865605 14.242561 -1.341736 -6.660653 19.631952 0.143926 -0.648243 50.838379 -0.530153 -6.575116 0.353029 -1.511149 -0.03194 20.222775 3.684308 2.316629 18.787262 4e-06 0.0 10.751622 -0.479868 1.397905 0.0 -0.0 0.0 3.273805 0.305947 -0.58011 21.486799 11.830366 2.266132 8.162921 2e-06 0.0 18.399071 -3.798982 -4.940572 2e-06 0.0 -0.0 9.840196 7.677402 -21.382803 -0.443163 -2.850707 84.435875 0.853658 -9.935385 28.875349 1.855384 -1.854132 -5.200899 0.0 -0.0 2e-06 9.699654 -4.535064 -55.964447 0.123527 -0.501721 113.535713 9.919623 19.91618 38.355114 -1.207747 0.860005 -7.066363 -1e-06 1e-06 -3e-06 
0.0 0.0 0.0 0.0 -0.0 0.0 -8.362091 49.465477 198.202377 -3.738634 1.156196 42.497181 1.356466 -0.850893 22.461226 0.319661 -1.629596 1.611407 3.592119 -3.741192 12.105938 -0.948022 3.190925 0.203166 0.368564 2.411928 -3.475108 0.648101 3.302938 -2.042173 7.7e-05 -2.3e-05 5e-06 -0.035195 0.00597 -0.227335 0.570943 -3.730367 -10.707113 -0.646359 3.755063 -10.70652 16.551779 -31.594284 3.51176 -10.470196 -35.957485 -25.185856 -0.469671 -22.402126 0.076629 59.091801 4.764918 -4.360404 -5.882102 9.861281 0.70259 -10.936868 -0.360577 7.156204 -0.0 8.774822 -1e-06 -15.848641 18.078466 6.147335 -1.84403 2.498503 -2.507277 -10.163597 4.678943 4.621108 -20.976017 -2e-06 7e-06 -21.226276 2.451698 -3.593996 0.0 -6e-06 -0.0 -1.36268 2.240797 -0.746323 -21.334906 0.584907 3.008326 -13.821208 -3e-06 3e-06 -23.887159 -0.249077 -0.839478 -60.223682 2.776262 -1.323335 -0.294023 1.679687 0.833256 -14.218204 0.093214 1.300582 -34.212036 -0.287563 0.967176 -20.033205 0.964537 1.212846 0.0 -0.0 0.0 -3.440387 0.788232 0.501656 -15.928183 -3.167309 2.999709 -6.338824 -2e-06 2e-06 -18.12344 3.648182 -4.905666 -4e-06 0.0 -1e-06 -0.668631 36.902191 8.094691 26.360186 37.86602 -5.41879 -0.187084 48.011574 -0.709736 -74.150833 11.612606 6.955096 2.243541 -5.255036 -3.180156 14.282887 -0.826593 6.952501 -0.0 -12.690602 -2e-06 16.891144 -18.428135 2.381208 1.665666 -1.955921 -2.878298 4.727799 -4.170587 4.993922 11.020524 4e-06 -0.0 12.109052 -3.735715 -2.866782 -0.0 -0.0 1e-06 1.291986 -1.92855 -1.498089 14.800123 0.567468 3.865607 14.242566 -1.341737 -6.660655 19.631962 0.143926 -0.648244 51.061916 -0.569968 -6.621212 0.353029 -1.511149 -0.03194 20.222788 3.684309 2.316632 18.78727 5e-06 0.0 10.751627 -0.479868 1.397905 1e-06 0.0 -0.0 3.273806 0.305947 -0.58011 21.486809 11.83037 2.266134 8.162926 2e-06 -0.0 18.399076 -3.798983 -4.940575 3e-06 -0.0 -1e-06 9.618267 7.961223 -24.922308 -0.559605 -2.524901 89.62851 2.555356 -8.25897 26.80221 1.875938 -1.901851 -4.903358 0.0 0.0 1e-06 9.093144 -4.543953 -54.43401 0.113692 -0.436566 111.942986 8.787607 20.400429 38.454433 -1.231459 0.861849 -6.752299 -0.0 1e-06 -3e-06 
0.0 0.0 0.0 0.0 -0.0 0.0 -8.623387 49.583591 200.095871 -3.104308 1.193746 42.463272 1.073868 -0.638749 22.628798 0.134833 -1.547774 1.615257 3.043069 -3.720932 11.827817 -0.908155 3.186806 -0.414422 0.301687 2.3219 -3.447037 0.476504 3.18692 -1.570489 7.7e-05 -2.2e-05 6e-06 -0.020568 -0.004827 -0.22398 0.605047 -3.762025 -10.73288 -0.650048 3.763617 -10.73946 16.088034 -32.170631 3.460237 -9.952532 -36.817394 -23.70359 -0.391239 -21.034489 0.035713 59.491623 4.96853 -5.531793 -5.882106 9.861286 0.70259 -10.936872 -0.360575 7.156206 -0.0 8.774828 -1e-06 -15.733595 18.125154 6.197715 -1.844032 2.498505 -2.507277 -10.163598 4.678946 4.621109 -20.976021 -4e-06 1e-06 -21.226286 2.451697 -3.594 0.0 -6e-06 -0.0 -1.362681 2.240798 -0.746324 -21.334913 0.584907 3.008325 -13.821215 -4e-06 1e-06 -23.887171 -0.249079 -0.839482 -59.998398 2.780132 -1.233106 -0.294024 1.679687 0.833256 -14.21821 0.093214 1.300582 -34.212048 -0.287566 0.967172 -20.033213 0.964536 1.212844 -0.0 -0.0 0.0 -3.440387 0.788233 0.501656 -15.928185 -3.167311 2.999709 -6.338829 -2e-06 1e-06 -18.123447 3.648184 -4.905672 -4e-06 -0.0 -1e-06 -1.540385 37.798119 7.159423 22.392231 36.726452 -12.206505 -0.412323 50.372246 -0.991568 -71.375969 11.782494 7.051359 2.24354 -5.255033 -3.180155 14.28288 -0.826594 6.952498 -4e-06 -12.690597 4e-06 16.676968 -18.280153 2.509009 1.665666 -1.955919 -2.878298 4.727795 -4.170585 4.993922 11.020519 3e-06 -3e-06 12.10904 -3.735712 -2.866782 -0.0 -0.0 1e-06 1.291985 -1.928549 -1.498088 14.800118 0.567467 3.865604 14.24256 -1.341734 -6.660654 19.631952 0.143928 -0.648244 51.050137 -0.600161 -6.644026 0.353029 -1.511149 -0.031941 20.222775 3.684306 2.316627 18.787256 5e-06 -1e-06 10.751618 -0.479868 1.397905 -0.0 -0.0 -0.0 3.273805 0.305947 -0.58011 21.486799 11.830367 2.266127 8.162921 2e-06 1e-06 18.399065 -3.798982 -4.94057 2e-06 -0.0 -1e-06 9.304631 8.107004 -28.557261 -0.609128 -2.178162 94.644707 4.004746 -7.053039 24.782747 1.88326 -1.937454 -4.87908 0.0 0.0 2e-06 8.408971 -4.563711 -52.989044 0.091256 -0.369216 110.749985 7.348231 20.592859 38.220047 -1.259866 0.860375 -6.484322 -1e-06 1e-06 -3e-06 
0.0 0.0 0.0 0.0 -0.0 0.0 -8.848733 49.687904 201.727875 -2.543067 1.202138 42.357613 0.865485 -0.461534 22.872143 0.00912 -1.375044 1.659683 2.588866 -3.591014 11.656337 -0.938136 3.149438 -1.027801 0.278096 2.17686 -3.431421 0.272234 3.061023 -0.917135 7.7e-05 -2.2e-05 6e-06 0.004996 -0.014646 -0.21495 0.649255 -3.783481 -10.735909 -0.643001 3.764595 -10.738284 15.679756 -32.695415 3.330891 -9.472519 -37.692516 -22.572407 -0.309044 -19.924057 -0.010585 59.723583 5.012443 -6.556727 -5.882102 9.861279 0.70259 -10.93686 -0.360575 7.156201 0.0 8.774821 -1e-06 -15.673626 18.21232 6.231375 -1.844031 2.498503 -2.507276 -10.163592 4.678942 4.621106 -20.976006 -5e-06 2e-06 -21.226271 2.451695 -3.593999 0.0 -6e-06 1e-06 -1.36268 2.240797 -0.746323 -21.3349 0.584907 3.008321 -13.821204 -3e-06 2e-06 -23.887152 -0.24908 -0.839481 -59.765392 2.827678 -1.218728 -0.294024 1.679687 0.833256 -14.218198 0.093214 1.300579 -34.212021 -0.287565 0.967172 -20.033195 0.964535 1.212844 -0.0 -0.0 -1e-06 -3.440386 0.788232 0.501655 -15.928172 -3.167309 2.999707 -6.338821 -1e-06 1e-06 -18.12343 3.64818 -4.905668 -4e-06 -0.0 -1e-06 -2.897875 39.065388 6.057258 17.281019 35.251057 -19.645639 -0.629188 50.948017 -1.230079 -67.800041 10.60589 6.182755 2.24354 -5.255034 -3.180156 14.282874 -0.826594 6.952497 -1e-06 -12.690595 -1e-06 16.396961 -18.080873 2.589249 1.665665 -1.955921 -2.878297 4.727794 -4.170584 4.993919 11.020514 1e-06 -3e-06 12.109038 -3.735713 -2.866784 -0.0 -0.0 1e-06 1.291985 -1.928548 -1.498088 14.800112 0.567468 3.865604 14.242559 -1.341736 -6.660655 19.631948 0.143927 -0.648247 50.754452 -0.617422 -6.634661 0.353029 -1.511149 -0.031941 20.222769 3.684307 2.316629 18.787254 4e-06 -1e-06 10.751616 -0.479867 1.397905 0.0 -0.0 -0.0 3.273804 0.305947 -0.58011 21.486788 11.830367 2.266131 8.162917 3e-06 -1e-06 18.399059 -3.798982 -4.940572 2e-06 -0.0 -1e-06 8.973779 8.171009 -32.260387 -0.614348 -1.786211 99.274933 5.225581 -6.350939 22.811251 1.849242 -1.984007 -5.219803 0.0 -0.0 4e-06 7.71638 -4.508579 -51.631962 0.051873 -0.295962 109.924393 5.824194 20.793455 37.631245 -1.296851 0.853108 -6.235328 -1e-06 1e-06 -3e-06 
0.0 0.0 0.0 0.0 -0.0 0.0 -9.022493 49.799461 203.210861 -2.086672 1.146379 42.194237 0.749883 -0.316092 23.20607 -0.063264 -1.104326 1.736151 2.24594 -3.326646 11.560873 -1.040878 3.076217 -1.464887 0.230766 1.99142 -3.441185 0.026167 2.917697 -0.205172 7.7e-05 -2.2e-05 6e-06 0.029703 -0.021244 -0.202548 0.688889 -3.787923 -10.708594 -0.633438 3.754784 -10.704678 15.260842 -33.084911 3.084242 -9.120845 -38.60535 -21.674421 -0.210348 -19.157331 -0.049011 59.880501 4.852143 -7.53719 -5.8821 9.861278 0.70259 -10.936861 -0.360575 7.1562 0.0 8.774818 -2e-06 -15.633225 18.31427 6.254073 -1.844029 2.498502 -2.507277 -10.163589 4.678939 4.621105 -20.976004 -5e-06 4e-06 -21.226267 2.451694 -3.593996 0.0 -6e-06 0.0 -1.362682 2.240797 -0.746323 -21.334896 0.584908 3.008321 -13.821201 -3e-06 3e-06 -23.887146 -0.24908 -0.83948 -59.564987 2.90121 -1.187578 -0.294026 1.679688 0.833254 -14.218197 0.093214 1.30058 -34.212013 -0.287566 0.967172 -20.033194 0.964535 1.212845 -0.0 -0.0 -0.0 -3.440386 0.788232 0.501655 -15.928168 -3.167309 2.999704 -6.338821 -2e-06 1e-06 -18.123426 3.648178 -4.905667 -4e-06 0.0 -3e-06 -4.730548 40.564411 4.813688 11.643668 33.32719 -26.88912 -0.558303 49.174465 -1.169319 -63.786366 8.241397 4.130796 2.243538 -5.255027 -3.180155 14.282869 -0.826595 6.952494 -5e-06 -12.690582 3e-06 16.188326 -17.866379 2.563568 1.665664 -1.955917 -2.878296 4.727791 -4.17058 4.993917 11.020511 2e-06 -1e-06 12.109034 -3.735709 -2.866777 -0.0 1e-06 -1e-06 1.291983 -1.928546 -1.498086 14.800107 0.567467 3.865603 14.242551 -1.341732 -6.660647 19.631939 0.143927 -0.648242 50.334549 -0.567618 -6.553101 0.353028 -1.511148 -0.031938 20.222765 3.684304 2.316625 18.787249 5e-06 1e-06 10.751613 -0.479867 1.397904 -1e-06 -1e-06 -0.0 3.273802 0.305946 -0.580109 21.48678 11.830356 2.266127 8.162915 2e-06 -0.0 18.399055 -3.798979 -4.940565 3e-06 1e-06 -2e-06 8.634561 8.237708 -35.982319 -0.595286 -1.402238 103.52182 6.157473 -6.283968 20.891161 1.796958 -2.01517 -5.788488 -0.0 -0.0 2e-06 7.004623 -4.353897 -50.29034 0.025283 -0.230405 109.184975 4.346243 21.080263 36.844143 -1.316779 0.857938 -6.150745 -0.0 -0.0 -3e-06 
0.0 0.0 0.0 0.0 -0.0 0.0 -9.034854 49.835083 204.675049 -1.802419 0.996086 42.154186 0.741873 -0.188828 23.387896 -0.085091 -0.763658 1.803653 2.012707 -2.874346 11.720909 -1.21418 2.983199 -1.766158 0.098319 1.819956 -3.488416 -0.17681 2.697322 0.678136 7.7e-05 -2.3e-05 5e-06 0.004641 -0.016908 -0.204229 0.661131 -3.761062 -10.671586 -0.655263 3.738449 -10.689748 14.654832 -33.193558 3.007312 -8.600463 -39.715168 -20.987179 0.038548 -18.768909 -0.112573 59.907345 4.774334 -8.968175 -5.882108 9.861287 0.702589 -10.936873 -0.360576 7.156207 -1e-06 8.774826 -2e-06 -15.572224 18.603699 6.298982 -1.844033 2.498506 -2.507279 -10.163603 4.678945 4.621108 -20.976027 -2e-06 2e-06 -21.226292 2.451698 -3.593999 0.0 -6e-06 0.0 -1.362683 2.240798 -0.746323 -21.334917 0.58491 3.008325 -13.821217 -2e-06 2e-06 -23.887175 -0.249077 -0.839483 -59.488388 2.989617 -1.231801 -0.294024 1.679687 0.833256 -14.218212 0.093215 1.30058 -34.212059 -0.287562 0.967172 -20.033218 0.964537 1.212845 -0.0 0.0 -0.0 -3.440389 0.788234 0.501656 -15.928189 -3.16731 2.999709 -6.338827 -2e-06 1e-06 -18.123447 3.648185 -4.905671 -5e-06 0.0 -3e-06 -6.979109 42.113575 3.397465 6.107155 31.005474 -33.221962 -0.147332 45.132488 -0.791125 -59.30714 4.943274 0.822063 2.24354 -5.255034 -3.180155 14.282887 -0.826595 6.952499 -2e-06 -12.690601 -1e-06 15.938812 -17.872299 2.551351 1.665665 -1.955921 -2.878298 4.727799 -4.170586 4.993921 11.020522 2e-06 1e-06 12.109048 -3.735714 -2.866781 -0.0 1e-06 0.0 1.291985 -1.928549 -1.498089 14.800125 0.567469 3.865607 14.242567 -1.341737 -6.660653 19.631962 0.143924 -0.648242 49.985043 -0.446009 -6.44786 0.353029 -1.51115 -0.031939 20.222786 3.684309 2.316635 18.78727 3e-06 1e-06 10.751629 -0.479869 1.397906 -1e-06 -0.0 0.0 3.273805 0.305947 -0.580109 21.486809 11.83037 2.266135 8.162927 1e-06 -0.0 18.399076 -3.798986 -4.940573 3e-06 1e-06 -1e-06 8.273655 8.358564 -39.973457 -0.565131 -1.10847 107.550117 7.015817 -6.665086 19.281832 1.80183 -1.969072 -6.86197 0.0 -0.0 0.0 6.259421 -4.125369 -48.967056 -0.026703 -0.271902 108.257431 2.877876 21.508251 35.835003 -1.32506 0.872986 -5.527942 -1e-06 0.0 -3e-06 
0.0 0.0 0.0 0.0 -0.0 0.0 -9.015204 49.962646 206.144897 -1.576579 0.620502 41.887207 0.719915 -0.05783 23.785728 -0.085745 -0.338733 1.965982 1.789159 -2.413727 11.793412 -1.481589 2.938285 -1.915034 0.12007 1.684242 -3.473278 -0.436052 2.57285 1.441393 7.7e-05 -2.3e-05 5e-06 -0.001983 -0.012111 -0.185732 0.664309 -3.747991 -10.625924 -0.671813 3.733203 -10.636169 14.22842 -33.032963 2.61913 -8.743103 -40.86319 -20.518661 0.011943 -18.76833 -0.118939 60.414349 4.095912 -9.508862 -5.882102 9.861279 0.702591 -10.936866 -0.360574 7.156201 -1e-06 8.77482 -0.0 -15.511892 18.668129 6.360991 -1.84403 2.498502 -2.507276 -10.163594 4.678942 4.621105 -20.976011 -2e-06 4e-06 -21.226273 2.451697 -3.593997 0.0 -6e-06 0.0 -1.36268 2.240796 -0.746322 -21.3349 0.584909 3.008322 -13.821205 -2e-06 2e-06 -23.887154 -0.249077 -0.839483 -59.49519 3.047488 -1.124676 -0.294024 1.679686 0.833255 -14.218199 0.093215 1.300579 -34.212032 -0.287561 0.96717 -20.033205 0.964537 1.212842 -0.0 0.0 -0.0 -3.440385 0.788232 0.501656 -15.928176 -3.167307 2.999706 -6.338821 -1e-06 1e-06 -18.12344 3.648182 -4.905666 -4e-06 0.0 -2e-06 -9.363275 43.538685 2.050987 1.592369 28.470385 -37.351662 0.496551 40.055981 -0.367322 -55.066929 1.551021 -3.111814 2.243541 -5.255034 -3.180155 14.282883 -0.826595 6.952497 -1e-06 -12.690598 1e-06 15.854237 -17.724993 2.443933 1.665666 -1.95592 -2.878297 4.727797 -4.170585 4.99392 11.02052 2e-06 -1e-06 12.109046 -3.735714 -2.866783 -0.0 -0.0 0.0 1.291985 -1.928549 -1.498088 14.80012 0.567468 3.865604 14.242564 -1.341737 -6.660653 19.631956 0.143926 -0.648247 49.646938 -0.312157 -6.311507 0.353029 -1.511149 -0.03194 20.222778 3.684307 2.316628 18.787264 3e-06 -3e-06 10.751622 -0.479868 1.397904 -1e-06 1e-06 -0.0 3.273805 0.305947 -0.580111 21.486799 11.830366 2.266129 8.162922 2e-06 -2e-06 18.399075 -3.798984 -4.940574 3e-06 -0.0 -1e-06 7.709004 8.502376 -43.548702 -0.507381 -0.735518 111.077972 7.525118 -7.243615 17.66136 1.744984 -1.943893 -7.769681 -0.0 0.0 2e-06 5.512985 -3.94216 -47.253578 0.03575 -0.20079 106.954643 1.9744 21.824928 35.043304 -1.319381 0.864267 -5.973413 -1e-06 1e-06 -3e-06 
0.0 0.0 0.0 0.0 -0.0 0.0 -8.899069 50.048874 207.705994 -1.474815 0.053617 41.75108 0.674943 0.066018 24.107695 -0.031951 0.083138 2.130322 1.527687 -1.88699 11.842946 -1.754261 2.947664 -1.82769 0.161696 1.630623 -3.458053 -0.570098 2.542558 2.173598 7.7e-05 -2.3e-05 6e-06 -0.024686 -0.00383 -0.166532 0.658949 -3.73918 -10.595862 -0.713397 3.739714 -10.60141 13.694187 -32.47472 2.33347 -9.221704 -42.128544 -20.026453 0.008339 -19.198652 -0.153254 61.201256 3.355236 -9.786893 -5.882109 9.861286 0.702589 -10.936874 -0.360573 7.156204 -2e-06 8.774824 -1e-06 -15.454807 18.685631 6.438125 -1.844033 2.498506 -2.507277 -10.163601 4.678945 4.621109 -20.976027 1e-06 4e-06 -21.226288 2.4517 -3.594001 -0.0 -6e-06 1e-06 -1.362682 2.240798 -0.746324 -21.334921 0.584913 3.008322 -13.821217 -1e-06 1e-06 -23.887175 -0.249076 -0.839485 -59.551853 3.036698 -1.010778 -0.294025 1.679688 0.833256 -14.218212 0.093216 1.300581 -34.212051 -0.28756 0.967168 -20.033216 0.964537 1.212841 0.0 0.0 -0.0 -3.440389 0.788234 0.501655 -15.928187 -3.167306 2.999706 -6.338827 -0.0 1e-06 -18.123449 3.648185 -4.90567 -4e-06 0.0 -2e-06 -11.569093 44.645294 0.999314 -1.64338 26.171099 -39.650837 1.362853 35.09177 0.039463 -50.994423 -1.474844 -6.781524 2.243541 -5.255036 -3.180156 14.282896 -0.826596 6.952503 -3e-06 -12.690603 1e-06 15.737188 -17.625507 2.389683 1.665665 -1.95592 -2.878298 4.727799 -4.170588 4.993926 11.020526 2e-06 1e-06 12.109053 -3.735718 -2.866781 -1e-06 1e-06 -2e-06 1.291985 -1.928549 -1.498089 14.800129 0.567467 3.86561 14.242572 -1.341737 -6.660655 19.631968 0.143923 -0.648241 49.428852 -0.214982 -6.145531 0.35303 -1.51115 -0.03194 20.22279 3.684307 2.316633 18.787275 2e-06 3e-06 10.751629 -0.47987 1.397905 -0.0 1e-06 0.0 3.273807 0.305946 -0.58011 21.486813 11.830371 2.266133 8.162928 1e-06 -0.0 18.399086 -3.798985 -4.940574 3e-06 0.0 0.0 6.981229 8.701734 -46.98782 -0.442659 -0.383476 114.213509 8.019715 -7.837394 16.157742 1.676469 -1.902345 -8.597064 0.0 -0.0 2e-06 4.752756 -3.703046 -45.47464 0.105288 -0.110124 105.373062 1.252139 22.016529 34.40387 -1.306245 0.851001 -6.340645 -1e-06 1e-06 -3e-06 
0.0 0.0 0.0 0.0 -0.0 0.0 -8.673084 50.130497 209.417801 -1.523111 -0.655757 41.836536 0.595235 0.185099 24.25849 0.030805 0.445877 2.241729 1.2305 -1.411605 11.853646 -1.921749 2.95864 -1.430994 0.236082 1.735492 -3.446758 -0.688343 2.708406 2.794201 7.7e-05 -2.2e-05 6e-06 -0.040396 -0.000955 -0.155134 0.651702 -3.736505 -10.584931 -0.739381 3.742115 -10.591074 12.926797 -31.596169 2.339842 -9.994411 -43.310196 -19.476404 -0.00397 -20.012012 -0.179513 62.262768 2.623381 -9.839741 -5.882105 9.861285 0.702589 -10.93687 -0.360575 7.156205 0.0 8.774823 -1e-06 -15.414441 18.647503 6.49263 -1.844033 2.498505 -2.507277 -10.163597 4.678944 4.621109 -20.976021 -1e-06 4e-06 -21.226286 2.451699 -3.594002 -0.0 -6e-06 0.0 -1.362681 2.240798 -0.746324 -21.334911 0.58491 3.008323 -13.821213 -1e-06 4e-06 -23.887167 -0.249076 -0.839482 -59.639114 2.976554 -0.962138 -0.294025 1.679688 0.833255 -14.218208 0.093216 1.300581 -34.212048 -0.287561 0.96717 -20.033211 0.964538 1.212842 -0.0 -0.0 -0.0 -3.440387 0.788234 0.501655 -15.928185 -3.167308 2.999708 -6.338823 -1e-06 1e-06 -18.123444 3.648184 -4.90567 -4e-06 0.0 -2e-06 -13.230916 45.194256 0.391634 -3.356216 24.756382 -40.029144 2.048311 31.500437 0.267671 -47.670494 -3.784351 -9.386059 2.243539 -5.255031 -3.180155 14.282878 -0.826596 6.952496 -2e-06 -12.690592 1e-06 15.674509 -17.587761 2.398098 1.665665 -1.955919 -2.878294 4.727794 -4.170583 4.993921 11.020516 1e-06 0.0 12.109038 -3.735715 -2.866778 0.0 0.0 -1e-06 1.291984 -1.928547 -1.498088 14.800115 0.567464 3.865604 14.24256 -1.341737 -6.660651 19.63195 0.143922 -0.648243 49.337326 -0.237545 -6.018923 0.353028 -1.511149 -0.031938 20.222769 3.684303 2.316628 18.787252 2e-06 -2e-06 10.751618 -0.479871 1.397903 -0.0 -1e-06 -1e-06 3.273802 0.305946 -0.580109 21.48679 11.830358 2.266129 8.162921 -0.0 -1e-06 18.399067 -3.798983 -4.94057 3e-06 0.0 1e-06 6.154063 8.958424 -50.23336 -0.372544 -0.045039 117.045074 8.428742 -8.283615 14.917313 1.636301 -1.859119 -9.176367 -0.0 0.0 3e-06 4.001424 -3.356765 -43.750778 0.167161 -0.010335 103.561592 0.761688 21.979733 34.118687 -1.304369 0.829857 -6.453324 -0.0 -0.0 -3e-06 
0.0 0.0 0.0 0.0 -0.0 0.0 -8.341627 50.230389 211.277908 -1.680725 -1.468221 42.147205 0.485349 0.31329 24.247299 0.039433 0.703875 2.27776 0.912974 -1.066401 11.814494 -1.907047 2.916647 -0.766167 0.315443 2.005909 -3.431517 -0.796485 3.00574 3.279586 7.7e-05 -2.2e-05 5e-06 -0.042356 -4e-05 -0.154042 0.651371 -3.738529 -10.607552 -0.7448 3.745269 -10.615238 11.978451 -30.607779 2.703139 -10.88864 -44.200836 -18.710297 -0.033313 -21.027262 -0.190336 63.605148 2.048139 -9.641704 -5.882106 9.861282 0.70259 -10.936872 -0.360575 7.156204 -2e-06 8.774821 0.0 -15.375618 18.564272 6.547794 -1.844032 2.498503 -2.507276 -10.163601 4.678945 4.621107 -20.976021 -1e-06 3e-06 -21.226286 2.451699 -3.593999 -0.0 -6e-06 0.0 -1.362681 2.240797 -0.746324 -21.334911 0.584912 3.008323 -13.821213 -1e-06 3e-06 -23.887165 -0.249076 -0.839482 -59.768677 2.894609 -0.946402 -0.294025 1.679686 0.833256 -14.218208 0.093216 1.30058 -34.212048 -0.287559 0.967169 -20.033213 0.964538 1.212841 -0.0 -0.0 -0.0 -3.440389 0.788233 0.501655 -15.928185 -3.167306 2.999707 -6.338826 -0.0 1e-06 -18.123444 3.648182 -4.905668 -4e-06 0.0 -2e-06 -14.201899 45.098087 0.229151 -3.697978 24.530809 -39.194077 2.342221 29.788338 0.360383 -45.661083 -5.353762 -10.485985 2.24354 -5.255033 -3.180155 14.282888 -0.826594 6.9525 -2e-06 -12.690598 -2e-06 15.733497 -17.616743 2.406695 1.665666 -1.955921 -2.878297 4.727798 -4.170585 4.993922 11.020522 2e-06 -1e-06 12.10905 -3.735714 -2.866781 -1e-06 0.0 1e-06 1.291985 -1.92855 -1.498089 14.800122 0.567468 3.865607 14.242566 -1.341736 -6.660656 19.631958 0.143925 -0.648245 49.346889 -0.330781 -5.991922 0.353029 -1.511151 -0.03194 20.222786 3.684305 2.316629 18.787266 4e-06 0.0 10.751624 -0.479869 1.397907 -0.0 -0.0 0.0 3.273806 0.305947 -0.58011 21.486807 11.830368 2.266134 8.162927 1e-06 1e-06 18.399078 -3.798983 -4.940573 3e-06 0.0 0.0 5.247833 9.249191 -53.185177 -0.278814 0.292643 119.536728 8.865487 -8.679898 13.87118 1.620158 -1.828511 -9.441339 0.0 -0.0 2e-06 3.28111 -2.933098 -42.113419 0.214705 0.122434 101.531815 0.54797 21.592266 34.195259 -1.320625 0.806109 -6.536564 -0.0 -0.0 -2e-06 
0.0 0.0 0.0 0.0 -0.0 0.0 -7.927466 50.335575 213.176514 -1.855858 -2.367852 42.60347 0.323201 0.440529 24.103453 -0.032784 0.831912 2.249109 0.570179 -0.874494 11.76149 -1.690036 2.804699 0.029809 0.388362 2.335907 -3.403762 -0.900053 3.368576 3.608671 7.7e-05 -2.2e-05 5e-06 -0.043386 0.00385 -0.153758 0.645532 -3.738598 -10.646908 -0.742923 3.752795 -10.660876 10.952999 -29.70731 3.289742 -11.793301 -44.654842 -17.833338 -0.148158 -22.052721 -0.162023 65.114838 1.638721 -9.171298 -5.882101 9.861278 0.702591 -10.936863 -0.360577 7.156203 3e-06 8.774819 -1e-06 -15.37674 18.455439 6.578877 -1.84403 2.498502 -2.507277 -10.163594 4.678941 4.621109 -20.976009 -5e-06 5e-06 -21.226273 2.451695 -3.593994 -0.0 -6e-06 1e-06 -1.362681 2.240796 -0.746323 -21.3349 0.584907 3.008324 -13.821205 -3e-06 4e-06 -23.887154 -0.249079 -0.839479 -59.890316 2.852262 -0.935233 -0.294024 1.679686 0.833255 -14.218198 0.093213 1.30058 -34.212025 -0.287565 0.967176 -20.033201 0.964538 1.212847 -0.0 -0.0 -0.0 -3.440387 0.788232 0.501655 -15.928176 -3.167309 2.999707 -6.338821 -2e-06 1e-06 -18.123436 3.64818 -4.905665 -5e-06 1e-06 -2e-06 -14.629645 44.465145 0.374016 -3.040756 25.426079 -37.984692 2.237158 29.539021 0.357106 -45.413353 -6.455338 -10.440256 2.243538 -5.255028 -3.180153 14.282866 -0.826591 6.952492 -4e-06 -12.690586 3e-06 15.865208 -17.652006 2.377802 1.665663 -1.955919 -2.878296 4.727789 -4.17058 4.993918 11.020508 4e-06 -1e-06 12.109033 -3.73571 -2.86678 -0.0 -1e-06 1e-06 1.291983 -1.928546 -1.498086 14.800105 0.567468 3.8656 14.242551 -1.341732 -6.660649 19.631935 0.143929 -0.648243 49.358692 -0.406849 -6.051003 0.353028 -1.511148 -0.031938 20.222757 3.684308 2.316625 18.787243 6e-06 -1e-06 10.751611 -0.479868 1.397904 -1e-06 -0.0 1e-06 3.2738 0.305949 -0.58011 21.486782 11.830361 2.266127 8.162915 2e-06 -0.0 18.399054 -3.798977 -4.940569 3e-06 0.0 -1e-06 4.133599 9.561165 -55.746655 -0.174 0.618618 121.446175 9.285219 -9.217468 13.033656 1.592948 -1.806925 -9.799854 0.0 -0.0 4e-06 2.514224 -2.49451 -40.549698 0.243344 0.314908 99.357689 0.57948 20.981379 34.557808 -1.358844 0.776266 -6.69395 -0.0 -0.0 -3e-06 
0.0 0.0 0.0 0.0 -0.0 0.0 -7.473493 50.429565 215.039154 -2.000257 -3.290872 43.065292 0.136076 0.558084 23.885712 -0.153658 0.849007 2.166148 0.217885 -0.827645 11.670395 -1.334507 2.652275 0.854977 0.429904 2.610251 -3.366603 -1.033124 3.721055 3.733392 7.7e-05 -2.3e-05 6e-06 -0.053124 0.009174 -0.150401 0.628354 -3.737087 -10.679152 -0.746701 3.761753 -10.707335 9.977052 -29.04785 3.939662 -12.806948 -44.703999 -16.893339 -0.336386 -22.850853 -0.089198 66.531303 1.426212 -8.809531 -5.882102 9.861281 0.702589 -10.936865 -0.360578 7.156205 1e-06 8.774822 -2e-06 -15.437001 18.371557 6.561492 -1.844031 2.498504 -2.507278 -10.163595 4.678942 4.621109 -20.976011 -6e-06 4e-06 -21.226273 2.451694 -3.593998 -0.0 -6e-06 1e-06 -1.362681 2.240797 -0.746322 -21.3349 0.584906 3.008325 -13.821205 -3e-06 5e-06 -23.887157 -0.249079 -0.839478 -59.993725 2.842479 -0.905509 -0.294025 1.679687 0.833256 -14.218199 0.093215 1.300581 -34.212029 -0.287564 0.967173 -20.033201 0.964536 1.212847 -0.0 -1e-06 -0.0 -3.440387 0.788233 0.501656 -15.928179 -3.16731 2.999709 -6.338822 -2e-06 2e-06 -18.12344 3.648181 -4.905667 -4e-06 0.0 -2e-06 -14.760526 43.518005 0.652535 -1.776266 27.24259 -36.743523 1.907902 29.707472 0.299063 -46.621838 -7.226418 -9.946031 2.243538 -5.255032 -3.180155 14.28288 -0.826592 6.952501 -3e-06 -12.690597 -1e-06 15.966238 -17.674389 2.340756 1.665664 -1.955921 -2.878297 4.727796 -4.170584 4.993922 11.020516 4e-06 -1e-06 12.10904 -3.735713 -2.86678 0.0 -1e-06 -1e-06 1.291983 -1.928548 -1.498088 14.800118 0.567469 3.865608 14.242558 -1.341735 -6.660655 19.63195 0.143926 -0.64824 49.335941 -0.445283 -6.153974 0.353028 -1.511149 -0.031939 20.222776 3.684309 2.316631 18.787258 5e-06 1e-06 10.75162 -0.479869 1.397907 -1e-06 0.0 1e-06 3.273804 0.305948 -0.58011 21.486801 11.830368 2.266133 8.162922 3e-06 0.0 18.399067 -3.79898 -4.940568 3e-06 -0.0 -0.0 2.86308 9.862863 -57.746826 -0.070691 0.877258 122.616295 9.549379 -10.186479 12.460041 1.535953 -1.776856 -10.333326 0.0 -0.0 4e-06 1.662487 -2.101569 -39.0219 0.256778 0.556814 97.093987 0.911732 20.405426 35.308861 -1.402942 0.755046 -6.749012 -0.0 0.0 -3e-06 
0.0 0.0 0.0 0.0 -0.0 0.0 -6.996958 50.482689 216.849442 -2.159361 -4.189183 43.416451 -0.049594 0.678898 23.608385 -0.302692 0.808124 2.052691 -0.096828 -0.876309 11.596561 -0.989123 2.459229 1.548265 0.502346 2.788881 -3.337829 -1.192915 4.02807 3.760506 7.7e-05 -2.3e-05 6e-06 -0.074321 0.015008 -0.144181 0.605795 -3.738863 -10.709188 -0.767023 3.774805 -10.756252 9.083504 -28.643309 4.617792 -13.890544 -44.488247 -15.923727 -0.497376 -23.341221 -0.017282 67.646744 1.403906 -8.667181 -5.882092 9.86127 0.702589 -10.936851 -0.360579 7.156194 3e-06 8.774815 0.0 -15.523704 18.302885 6.494511 -1.844029 2.498501 -2.507274 -10.163579 4.678936 4.621101 -20.975986 -1e-05 3e-06 -21.22625 2.451688 -3.593994 -0.0 -6e-06 0.0 -1.362678 2.240794 -0.746321 -21.334875 0.584902 3.008317 -13.821189 -7e-06 3e-06 -23.887123 -0.249085 -0.839478 -60.050602 2.835944 -0.831343 -0.294023 1.679684 0.833255 -14.218181 0.093209 1.300577 -34.211983 -0.287573 0.967173 -20.033176 0.964532 1.212846 -0.0 -0.0 1e-06 -3.440383 0.788232 0.501654 -15.928155 -3.167311 2.999701 -6.338814 -3e-06 2e-06 -18.123411 3.648174 -4.905661 -5e-06 0.0 -2e-06 -14.863629 42.497688 0.915482 -0.177125 29.637653 -35.443695 1.546352 29.552887 0.232253 -48.518837 -7.769275 -9.406528 2.243537 -5.255032 -3.180155 14.282872 -0.826591 6.952494 -4e-06 -12.690594 1e-06 16.010645 -17.721613 2.349378 1.665664 -1.955919 -2.878296 4.727792 -4.170584 4.993918 11.020512 5e-06 -2e-06 12.109036 -3.735711 -2.866785 -1e-06 -1e-06 1e-06 1.291984 -1.928548 -1.498089 14.80011 0.567472 3.8656 14.242553 -1.34173 -6.66065 19.631943 0.143931 -0.648244 49.351242 -0.461608 -6.25331 0.353028 -1.511149 -0.031938 20.222769 3.684309 2.316626 18.787251 9e-06 -2e-06 10.751616 -0.479866 1.397902 -1e-06 1e-06 0.0 3.273803 0.305948 -0.58011 21.486788 11.830368 2.266127 8.162918 3e-06 -2e-06 18.399059 -3.798981 -4.940571 3e-06 0.0 -2e-06 1.613657 10.218176 -59.039513 0.013274 1.082002 122.941887 9.641957 -11.456332 12.126843 1.45075 -1.735734 -11.282291 0.0 -0.0 3e-06 0.803611 -1.78147 -37.476879 0.261908 0.836102 94.824471 1.445244 19.928507 36.360607 -1.440763 0.748768 -6.654856 -0.0 -0.0 -3e-06 
0.0 0.0 0.0 0.0 -0.0 0.0 -6.492053 50.463593 218.648224 -2.344262 -5.04155 43.650143 -0.230729 0.807972 23.274145 -0.465406 0.746708 1.926269 -0.368369 -0.972018 11.566365 -0.646333 2.199055 2.012167 0.587344 2.922355 -3.32172 -1.387155 4.276394 3.832499 7.7e-05 -2.2e-05 6e-06 -0.087102 0.01879 -0.136277 0.598012 -3.749709 -10.740056 -0.784139 3.792847 -10.80923 8.237405 -28.391172 5.296199 -14.98252 -44.15966 -15.006562 -0.601471 -23.594028 0.05589 68.435478 1.406675 -8.702749 -5.8821 9.861277 0.70259 -10.936861 -0.360576 7.1562 2e-06 8.774819 1e-06 -15.600204 18.256952 6.412639 -1.84403 2.498503 -2.507276 -10.163588 4.678939 4.621105 -20.976006 -6e-06 2e-06 -21.226267 2.451692 -3.593998 0.0 -6e-06 -1e-06 -1.36268 2.240797 -0.746324 -21.334892 0.584906 3.00832 -13.821203 -4e-06 3e-06 -23.887152 -0.249082 -0.839481 -60.08202 2.833985 -0.740514 -0.294023 1.679686 0.833255 -14.218197 0.093214 1.300578 -34.212013 -0.287569 0.967171 -20.033194 0.964533 1.212844 -0.0 -0.0 1e-06 -3.440386 0.788233 0.501655 -15.928172 -3.167308 2.999703 -6.33882 -1e-06 1e-06 -18.123426 3.648177 -4.905667 -4e-06 0.0 -1e-06 -15.062703 41.488483 1.032226 1.663401 32.352604 -33.932083 1.26888 28.823259 0.188901 -50.630959 -8.168981 -8.922675 2.24354 -5.255031 -3.180154 14.282876 -0.826593 6.952496 -2e-06 -12.690592 2e-06 15.999322 -17.796667 2.406121 1.665664 -1.95592 -2.878295 4.727794 -4.170582 4.993917 11.020515 2e-06 -1e-06 12.10904 -3.735711 -2.866782 0.0 -1e-06 -1e-06 1.291984 -1.928546 -1.498087 14.800115 0.567468 3.865605 14.242558 -1.341733 -6.660651 19.631952 0.143927 -0.648246 49.377102 -0.463421 -6.342446 0.353028 -1.511148 -0.031939 20.222771 3.684309 2.316628 18.787254 7e-06 -1e-06 10.75162 -0.479868 1.397904 -1e-06 1e-06 -1e-06 3.273804 0.305946 -0.58011 21.486794 11.830362 2.26613 8.162919 3e-06 1e-06 18.399063 -3.798979 -4.940571 3e-06 0.0 -2e-06 0.508953 10.629884 -59.593578 0.059973 1.242352 122.493286 9.474499 -12.568773 12.232299 1.352352 -1.686944 -12.844465 -0.0 0.0 3e-06 -0.027273 -1.559699 -35.913654 0.270077 1.155951 92.57579 2.069807 19.590126 37.634335 -1.473346 0.749488 -6.45216 -0.0 -0.0 -4e-06 
0.0 0.0 0.0 0.0 -0.0 0.0 -5.985588 50.339581 220.433136 -2.561614 -5.759315 43.830765 -0.385056 0.907007 22.911835 -0.592455 0.690967 1.782331 -0.589655 -1.0714 11.517534 -0.233053 1.941869 2.309134 0.670777 3.004745 -3.309324 -1.61765 4.495957 4.003815 7.7e-05 -2.2e-05 6e-06 -0.061956 0.016081 -0.131378 0.630842 -3.767268 -10.77067 -0.765665 3.805041 -10.859779 7.451182 -28.182379 5.957363 -16.162296 -43.838242 -14.166188 -0.677314 -23.744972 0.151236 68.966827 1.399613 -8.837389 -5.882104 9.861282 0.702588 -10.93687 -0.360575 7.156203 0.0 8.774821 -2e-06 -15.63982 18.22777 6.338484 -1.844031 2.498504 -2.507276 -10.163596 4.678943 4.621107 -20.976017 -3e-06 4e-06 -21.226276 2.451697 -3.593999 1e-06 -6e-06 -1e-06 -1.36268 2.240797 -0.746324 -21.334909 0.584911 3.008324 -13.82121 -1e-06 4e-06 -23.887163 -0.249077 -0.839482 -59.998344 2.804776 -0.679455 -0.294024 1.679688 0.833255 -14.218204 0.093215 1.300581 -34.212036 -0.287562 0.967172 -20.033209 0.964537 1.212844 -0.0 -1e-06 1e-06 -3.440387 0.788232 0.501656 -15.928183 -3.167308 2.999708 -6.338825 -1e-06 1e-06 -18.123442 3.648182 -4.905669 -4e-06 0.0 -2e-06 -15.336473 40.501667 1.037944 3.652532 35.16824 -32.030853 1.058443 27.518148 0.129582 -52.46957 -8.566614 -8.712256 2.243541 -5.255037 -3.180159 14.282896 -0.826596 6.952503 1e-06 -12.690604 -2e-06 15.973729 -17.870205 2.48681 1.665668 -1.955923 -2.8783 4.727799 -4.170587 4.993925 11.020528 0.0 -1e-06 12.109053 -3.735717 -2.866786 0.0 -0.0 0.0 1.291986 -1.92855 -1.498089 14.800131 0.567467 3.865608 14.242577 -1.34174 -6.660657 19.631971 0.143922 -0.648248 49.395081 -0.476789 -6.40239 0.353029 -1.51115 -0.03194 20.222797 3.684307 2.31663 18.787279 3e-06 -2e-06 10.751631 -0.47987 1.397907 -1e-06 -0.0 0.0 3.273807 0.305948 -0.580111 21.486818 11.830373 2.266135 8.16293 2e-06 0.0 18.399086 -3.798985 -4.940577 3e-06 0.0 -2e-06 -0.327027 11.01832 -59.450638 0.064942 1.332261 121.473526 9.056411 -13.429511 13.044339 1.267023 -1.63598 -14.48942 0.0 1e-06 1e-06 -0.761976 -1.426231 -34.413311 0.275715 1.462741 90.432556 2.754582 19.388565 39.079212 -1.495233 0.75059 -5.843869 -1e-06 0.0 -4e-06 
0.0 0.0 0.0 0.0 -0.0 0.0 -5.499206 50.028503 221.980316 -2.82676 -6.285244 44.013962 -0.521482 0.972838 22.554235 -0.628222 0.757706 1.729253 -0.773977 -1.299541 11.33469 0.271222 1.792834 2.392225 0.607653 3.004428 -3.248304 -1.634126 4.733676 4.455069 7.7e-05 -2.3e-05 6e-06 -0.068139 0.00979 -0.122019 0.637762 -3.780396 -10.769598 -0.780989 3.800656 -10.8685 6.899974 -27.843521 6.569055 -17.360695 -43.663448 -13.30179 -0.677972 -23.979443 0.223404 69.421288 1.592744 -8.892875 -5.882097 9.861274 0.70259 -10.936859 -0.360576 7.156198 1e-06 8.774816 -1e-06 -15.623876 18.255774 6.22337 -1.844029 2.498501 -2.507274 -10.163588 4.678937 4.621105 -20.976004 -6e-06 5e-06 -21.226265 2.451692 -3.593994 1e-06 -6e-06 -2e-06 -1.36268 2.240797 -0.746322 -21.334894 0.584906 3.008321 -13.821199 -3e-06 4e-06 -23.887142 -0.249081 -0.839478 -59.959293 2.869141 -0.869775 -0.294025 1.679685 0.833256 -14.218191 0.093211 1.30058 -34.212013 -0.287568 0.967174 -20.033192 0.964534 1.212844 -0.0 -0.0 0.0 -3.440384 0.788233 0.501655 -15.928168 -3.167308 2.999704 -6.338818 -2e-06 1e-06 -18.123425 3.648176 -4.905662 -5e-06 0.0 -4e-06 -15.661864 39.79847 0.898782 5.693648 37.646645 -29.703581 0.862434 25.877312 0.091796 -53.831837 -9.075216 -8.830955 2.243541 -5.255034 -3.180156 14.282878 -0.826592 6.952497 -4e-06 -12.690595 -0.0 15.93756 -17.978456 2.596823 1.665666 -1.95592 -2.878298 4.727795 -4.170584 4.993919 11.020519 5e-06 -1e-06 12.109043 -3.735714 -2.866782 0.0 -0.0 0.0 1.291983 -1.928548 -1.498087 14.80012 0.567471 3.865605 14.24256 -1.341733 -6.660651 19.631954 0.143927 -0.648244 49.374599 -0.55472 -6.462855 0.353028 -1.51115 -0.031939 20.22278 3.684311 2.316628 18.787262 7e-06 -0.0 10.75162 -0.479867 1.397906 -1e-06 -0.0 -1e-06 3.273804 0.305946 -0.580111 21.486799 11.830369 2.266131 8.162924 3e-06 0.0 18.399071 -3.798979 -4.940573 2e-06 -0.0 -2e-06 -0.611123 11.23775 -58.780651 0.038725 1.424091 120.117569 8.08427 -14.722357 15.146252 1.236385 -1.617479 -15.955124 -0.0 1e-06 2e-06 -1.360905 -1.238064 -33.066437 0.274701 1.69776 88.546829 3.486229 19.171522 40.693279 -1.489296 0.801278 -5.336437 -0.0 -0.0 -2e-06 
0.0 0.0 0.0 0.0 -0.0 0.0 -4.987542 50.037861 223.513031 -2.87571 -6.53929 44.24313 -0.59978 0.973311 22.152662 -0.715685 0.60669 1.561489 -0.762514 -1.357794 11.243222 0.403074 1.547191 2.445222 0.911974 3.091753 -3.291249 -1.890943 4.83034 4.726456 7.7e-05 -2.2e-05 6e-06 0.049038 -0.00426 -0.137784 0.761678 -3.805259 -10.817228 -0.671749 3.800208 -10.917154 6.191855 -27.814125 7.115656 -18.518488 -43.406105 -12.894285 -0.695052 -24.039513 0.29468 69.72364 1.439734 -9.334822 -5.8821 9.861278 0.702588 -10.936862 -0.360576 7.1562 2e-06 8.774818 -2e-06 -15.792089 18.275093 6.182094 -1.84403 2.498503 -2.507277 -10.16359 4.67894 4.621105 -20.976004 -6e-06 5e-06 -21.226269 2.451693 -3.593997 0.0 -6e-06 -2e-06 -1.36268 2.240796 -0.746323 -21.334892 0.584905 3.008323 -13.8212 -4e-06 4e-06 -23.887148 -0.24908 -0.839479 -59.956692 2.677442 -0.769895 -0.294024 1.679687 0.833254 -14.218194 0.093212 1.30058 -34.212013 -0.287567 0.967173 -20.033194 0.964534 1.212845 -0.0 -0.0 1e-06 -3.440386 0.788233 0.501654 -15.928172 -3.167309 2.999705 -6.33882 -2e-06 1e-06 -18.123426 3.648179 -4.905665 -4e-06 0.0 -3e-06 -15.657757 39.002083 0.942096 7.548706 39.760612 -27.555008 0.671679 24.444283 0.010378 -54.91914 -9.380772 -8.781481 2.243542 -5.255037 -3.180159 14.282887 -0.826594 6.952501 -3e-06 -12.6906 -0.0 15.94285 -17.954876 2.632029 1.665666 -1.955919 -2.878298 4.727796 -4.170585 4.993923 11.020522 4e-06 -1e-06 12.109048 -3.735714 -2.866782 1e-06 -0.0 1e-06 1.291985 -1.928548 -1.498088 14.800122 0.567468 3.865607 14.242568 -1.341736 -6.660656 19.631962 0.143926 -0.648243 49.392532 -0.525814 -6.438676 0.353028 -1.51115 -0.031939 20.222786 3.684308 2.31663 18.78727 4e-06 -0.0 10.751627 -0.47987 1.397906 -1e-06 -0.0 0.0 3.273805 0.305945 -0.580112 21.486803 11.830368 2.266135 8.162926 2e-06 1e-06 18.399076 -3.798984 -4.940573 3e-06 -0.0 -1e-06 -1.283579 11.329841 -57.796425 -0.003457 1.361672 118.695312 7.963414 -14.56684 16.194633 1.200095 -1.590087 -15.958952 0.0 -0.0 3e-06 -1.865263 -1.489723 -32.043972 0.288599 1.955536 86.753807 4.063326 19.036566 42.214851 -1.500998 0.775535 -4.291299 -1e-06 0.0 -3e-06 
0.0 0.0 0.0 0.0 -0.0 0.0 -4.533686 49.852772 224.766403 -2.930158 -6.660977 44.570835 -0.757459 0.95237 21.849422 -0.555243 0.608166 1.599803 -0.945348 -1.638129 10.86197 0.878315 1.4591 2.268365 0.858491 3.113595 -3.162566 -1.922232 4.93523 4.991274 7.7e-05 -2.2e-05 6e-06 0.072751 -0.012086 -0.125781 0.820038 -3.825044 -10.793191 -0.682345 3.800058 -10.869849 5.943735 -27.480349 7.328413 -19.687719 -43.220348 -12.464975 -0.81996 -24.414406 0.397636 70.385635 1.177698 -8.304729 -5.882101 9.861278 0.70259 -10.936861 -0.360575 7.156199 1e-06 8.77482 -1e-06 -15.760262 18.22683 6.149051 -1.844029 2.498503 -2.507275 -10.16359 4.67894 4.621107 -20.976006 -5e-06 5e-06 -21.226269 2.451695 -3.593997 0.0 -6e-06 -1e-06 -1.362681 2.240796 -0.746323 -21.334898 0.584909 3.008322 -13.821202 -3e-06 4e-06 -23.887152 -0.249079 -0.839481 -59.922813 2.73606 -0.905225 -0.294024 1.679685 0.833255 -14.218197 0.093215 1.300581 -34.212021 -0.287563 0.967172 -20.033195 0.964536 1.212845 0.0 -1e-06 -0.0 -3.440386 0.788233 0.501655 -15.928172 -3.167308 2.999705 -6.338822 -2e-06 2e-06 -18.12343 3.648179 -4.905664 -4e-06 0.0 -3e-06 -15.969026 38.545074 0.590437 9.509955 41.418205 -25.362516 0.557171 23.022446 -0.031833 -55.987579 -9.404011 -9.140941 2.243539 -5.255033 -3.180157 14.282884 -0.826593 6.952501 -4e-06 -12.690597 0.0 16.006649 -17.915657 2.599581 1.665665 -1.955921 -2.878298 4.727795 -4.170584 4.99392 11.020515 5e-06 -1e-06 12.109042 -3.735711 -2.86678 -1e-06 1e-06 1e-06 1.291984 -1.928549 -1.498089 14.800118 0.567468 3.865605 14.242561 -1.341735 -6.660655 19.631952 0.143927 -0.648242 49.282894 -0.553505 -6.487304 0.353028 -1.51115 -0.031938 20.222778 3.684309 2.31663 18.78726 5e-06 2e-06 10.751622 -0.479868 1.397906 0.0 0.0 -1e-06 3.273804 0.305947 -0.580109 21.486801 11.830371 2.266133 8.162922 3e-06 1e-06 18.399071 -3.798982 -4.940572 3e-06 -1e-06 -1e-06 -1.531837 11.263236 -56.918598 -0.075017 1.389436 117.114334 6.756421 -16.32357 18.567398 1.192016 -1.626921 -14.768925 -0.0 0.0 3e-06 -2.327047 -1.561072 -31.360682 0.28925 2.241764 85.460648 5.342773 18.655191 44.121464 -1.506553 0.828316 -4.503145 -0.0 0.0 -2e-06 
0.0 0.0 0.0 0.0 -0.0 0.0 -4.063103 49.909492 226.108459 -2.889477 -6.491008 44.934895 -0.743844 0.863073 21.56583 -0.497152 0.5114 1.487805 -0.945634 -1.794685 10.683552 1.100093 1.548978 2.18539 0.764072 2.967346 -3.171469 -1.883812 4.933041 5.045486 7.7e-05 -2.3e-05 6e-06 0.070979 -0.015355 -0.137847 0.807984 -3.822178 -10.798944 -0.675045 3.792592 -10.885502 5.584008 -27.384552 7.656137 -20.305429 -43.122814 -12.264287 -0.82651 -24.488647 0.48626 70.77948 1.206412 -7.866453 -5.882102 9.861279 0.70259 -10.936861 -0.360577 7.1562 1e-06 8.77482 -1e-06 -15.90345 18.32909 6.00926 -1.844031 2.498502 -2.507276 -10.16359 4.678941 4.621105 -20.976006 -6e-06 3e-06 -21.226269 2.451693 -3.593996 0.0 -6e-06 -2e-06 -1.36268 2.240796 -0.746323 -21.334896 0.584907 3.008321 -13.821205 -3e-06 2e-06 -23.887154 -0.249081 -0.839481 -59.871662 2.72456 -1.172662 -0.294022 1.679688 0.833257 -14.218199 0.093216 1.300578 -34.212021 -0.287566 0.967168 -20.033197 0.964535 1.212843 0.0 0.0 -0.0 -3.440387 0.788232 0.501656 -15.928176 -3.167309 2.999704 -6.338824 -1e-06 2e-06 -18.123436 3.648179 -4.905666 -4e-06 -0.0 -3e-06 -15.831743 38.0574 0.600064 10.679638 42.523079 -23.549561 0.438324 22.112709 -0.076894 -56.64357 -9.715239 -9.487776 2.243539 -5.25503 -3.180155 14.282875 -0.826593 6.952495 -3e-06 -12.690592 2e-06 16.085293 -17.952909 2.589863 1.665663 -1.955918 -2.878294 4.727792 -4.17058 4.993919 11.020512 4e-06 -0.0 12.109038 -3.735711 -2.866779 -2e-06 0.0 1e-06 1.291984 -1.928547 -1.498088 14.800112 0.56747 3.865604 14.242556 -1.341732 -6.66065 19.631943 0.143929 -0.648242 49.504375 -0.572592 -6.41085 0.353028 -1.511147 -0.03194 20.222769 3.684308 2.316628 18.787254 6e-06 1e-06 10.751619 -0.479868 1.397905 -1e-06 0.0 -1e-06 3.273803 0.305948 -0.580109 21.48679 11.830366 2.266126 8.162919 2e-06 2e-06 18.399063 -3.79898 -4.940568 3e-06 -1e-06 -1e-06 -1.88934 11.0136 -56.217415 -0.10465 1.327697 115.873123 6.329383 -16.889133 20.036314 1.203247 -1.665353 -13.428699 -0.0 -0.0 4e-06 -2.528386 -1.997683 -31.172615 0.281554 2.370065 84.625137 5.833834 18.191542 45.503597 -1.532224 0.838356 -3.268272 -0.0 0.0 -2e-06 
0.0 0.0 0.0 0.0 -0.0 0.0 -3.61721 50.070919 227.361084 -2.769364 -6.197166 45.134457 -0.656806 0.751226 21.385185 -0.475344 0.438851 1.413233 -0.916568 -1.917871 10.664599 1.167677 1.621841 2.085474 0.657999 2.824404 -3.236853 -1.615032 4.736555 5.199986 7.7e-05 -2.2e-05 6e-06 0.034253 -0.013988 -0.160421 0.771188 -3.814598 -10.825518 -0.711163 3.790559 -10.918704 5.235024 -27.440155 7.920341 -20.555967 -43.073681 -12.315199 -0.785717 -24.429014 0.466364 70.815331 1.282182 -7.528551 -5.882098 9.861278 0.702588 -10.936859 -0.360577 7.1562 2e-06 8.774819 -3e-06 -16.119717 18.389666 5.82759 -1.844029 2.498504 -2.507276 -10.163589 4.67894 4.621104 -20.976006 -6e-06 3e-06 -21.226269 2.451694 -3.593998 0.0 -6e-06 -1e-06 -1.362681 2.240797 -0.746323 -21.334892 0.584906 3.008322 -13.821201 -4e-06 3e-06 -23.887146 -0.249081 -0.839482 -59.791977 2.795838 -1.42109 -0.294025 1.679685 0.833255 -14.218195 0.093213 1.300579 -34.212013 -0.287567 0.967171 -20.033194 0.964534 1.212845 -0.0 1e-06 1e-06 -3.440386 0.788232 0.501656 -15.92817 -3.16731 2.999706 -6.338822 -2e-06 2e-06 -18.123426 3.648177 -4.905667 -4e-06 0.0 -3e-06 -15.765142 37.697018 0.51205 11.686528 43.175102 -21.931288 0.268039 21.494644 -0.096686 -57.337238 -10.062645 -9.878717 2.243538 -5.255028 -3.180154 14.282874 -0.826593 6.952494 -4e-06 -12.690588 3e-06 16.169353 -17.932455 2.504261 1.665665 -1.95592 -2.878296 4.727794 -4.170581 4.993918 11.020513 4e-06 1e-06 12.109038 -3.735711 -2.86678 -0.0 1e-06 1e-06 1.291984 -1.928546 -1.498088 14.800112 0.567468 3.865602 14.242555 -1.341734 -6.660649 19.631945 0.143925 -0.648244 49.618336 -0.532126 -6.442204 0.353029 -1.511148 -0.031941 20.222769 3.684305 2.316627 18.787254 4e-06 -1e-06 10.751617 -0.479868 1.397907 -0.0 0.0 -1e-06 3.273802 0.305946 -0.58011 21.486788 11.830359 2.26613 8.162919 2e-06 2e-06 18.399059 -3.798981 -4.940569 3e-06 -1e-06 -1e-06 -2.217496 10.713766 -55.554951 -0.153391 1.269135 114.787422 6.141624 -17.110685 20.952484 1.20285 -1.698436 -12.912666 -0.0 -1e-06 3e-06 -2.593874 -2.442595 -31.115152 0.292457 2.42197 84.117584 5.797918 17.802664 46.134827 -1.572536 0.810284 -2.508535 -0.0 -1e-06 -1e-06 
0.0 0.0 0.0 0.0 -0.0 0.0 -3.148103 50.24699 228.206039 -2.659282 -5.906645 45.128288 -0.507334 0.643243 21.279814 -0.464477 0.394161 1.390536 -0.92283 -1.910721 10.767897 1.08443 1.650721 1.821136 0.431938 2.634984 -3.340728 -1.094754 4.472657 5.243414 7.7e-05 -2.3e-05 6e-06 0.014022 -0.012082 -0.185077 0.776287 -3.813364 -10.886244 -0.754434 3.7957 -10.963501 5.048426 -27.572927 7.927344 -20.944992 -42.972198 -12.325051 -0.612551 -24.421518 0.380987 70.514435 1.27618 -7.474905 -5.8821 9.861281 0.702588 -10.936865 -0.360577 7.156202 1e-06 8.774822 -1e-06 -16.253798 18.454786 5.670735 -1.84403 2.498503 -2.507277 -10.163592 4.678942 4.621106 -20.976006 -7e-06 5e-06 -21.226271 2.451694 -3.593994 0.0 -6e-06 -1e-06 -1.362681 2.240797 -0.746323 -21.334898 0.584905 3.008323 -13.821203 -5e-06 4e-06 -23.88715 -0.249081 -0.83948 -59.567474 2.809401 -1.604881 -0.294024 1.679688 0.833256 -14.218199 0.093213 1.30058 -34.212021 -0.287567 0.967174 -20.033201 0.964535 1.212846 0.0 0.0 1e-06 -3.440386 0.788233 0.501656 -15.928176 -3.16731 2.999706 -6.338821 -2e-06 2e-06 -18.123436 3.64818 -4.905665 -4e-06 0.0 -4e-06 -15.792408 37.381027 0.264116 12.690189 43.450882 -20.326391 0.033831 21.103121 -0.128314 -57.72208 -10.415316 -10.329875 2.24354 -5.25503 -3.180153 14.282877 -0.826594 6.952495 -4e-06 -12.69059 2e-06 16.160555 -17.895086 2.477525 1.665665 -1.955919 -2.878296 4.727797 -4.170584 4.993918 11.020517 4e-06 -0.0 12.10904 -3.73571 -2.866779 -1e-06 0.0 1e-06 1.291985 -1.928547 -1.498088 14.800115 0.567468 3.865602 14.242559 -1.341732 -6.660649 19.631952 0.143926 -0.648245 49.604683 -0.461285 -6.418239 0.353028 -1.511149 -0.031939 20.222778 3.684308 2.316626 18.787256 4e-06 -0.0 10.75162 -0.479867 1.397906 -1e-06 0.0 -1e-06 3.273804 0.305947 -0.58011 21.486795 11.830364 2.266129 8.162919 2e-06 1e-06 18.399069 -3.798981 -4.94057 3e-06 -1e-06 -1e-06 -2.476464 10.550262 -54.739334 -0.246708 1.151671 113.728531 6.172699 -17.143587 21.651016 1.165001 -1.728222 -13.077156 -0.0 -1e-06 3e-06 -2.60793 -2.833846 -31.054979 0.295725 2.506221 83.986443 5.606197 17.385981 46.374302 -1.62366 0.771812 -2.152066 0.0 0.0 -1e-06 
