HIERARCHY
ROOT Root
{
  OFFSET 0.0 0.0 0.0
  CHANNELS 6 Xposition Yposition Zposition Zrotation Yrotation Xrotation
  JOINT Hips
  {
    OFFSET 0.0 100.0 0.0
    CHANNELS 6 Xposition Yposition Zposition Zrotation Yrotation Xrotation
    JOINT Spine1
    {
      OFFSET 5.003913 -0.037094 -0.013727
      CHANNELS 3 Zrotation Yrotation Xrotation
      JOINT Spine2
      {
        OFFSET 7.125363 -1e-06 0.0
        CHANNELS 3 Zrotation Yrotation Xrotation
        JOINT Chest
        {
          OFFSET 7.594027 1e-06 0.0
          CHANNELS 3 Zrotation Yrotation Xrotation
          JOINT Neck1
          {
            OFFSET 26.313086 -0.460272 -0.181672
            CHANNELS 3 Zrotation Yrotation Xrotation
            JOINT Neck2
            {
              OFFSET 8.045911 0.0 0.0
              CHANNELS 3 Zrotation Yrotation Xrotation
              JOINT Head
              {
                OFFSET 6.432774 0.0 0.0
                CHANNELS 3 Zrotation Yrotation Xrotation
                JOINT HeadEnd
                {
                  OFFSET 16.169773 0.06451 0.00362
                  CHANNELS 3 Zrotation Yrotation Xrotation
                }
                JOINT Jaw
                {
                  OFFSET 0.108741 3.12938 0.002639
                  CHANNELS 3 Zrotation Yrotation Xrotation
                }
                JOINT LeftEye
                {
                  OFFSET 4.45173 8.166359 3.206392
                  CHANNELS 3 Zrotation Yrotation Xrotation
                }
                JOINT RightEye
                {
                  OFFSET 4.436895 8.135758 -3.222429
                  CHANNELS 3 Zrotation Yrotation Xrotation
                }
              }
            }
          }
          JOINT LeftShoulder
          {
            OFFSET 23.218927 5.195579 1.621656
            CHANNELS 3 Zrotation Yrotation Xrotation
            JOINT LeftArm
            {
              OFFSET 15.902118 2e-06 -2e-06
              CHANNELS 3 Zrotation Yrotation Xrotation
              JOINT LeftForeArm
              {
                OFFSET 28.739307 0.0 -1e-06
                CHANNELS 3 Zrotation Yrotation Xrotation
                JOINT LeftHand
                {
                  OFFSET 27.093981 -4e-06 0.0
                  CHANNELS 3 Zrotation Yrotation Xrotation
                  JOINT LeftHandThumb1
                  {
                    OFFSET 2.276781 3.380274 0.83384
                    CHANNELS 3 Zrotation Yrotation Xrotation
                    JOINT LeftHandThumb2
                    {
                      OFFSET 4.705309 -1e-06 -1e-06
                      CHANNELS 3 Zrotation Yrotation Xrotation
                      JOINT LeftHandThumb3
                      {
                        OFFSET 2.798515 0.0 3e-06
                        CHANNELS 3 Zrotation Yrotation Xrotation
                        JOINT LeftHandThumbEnd
                        {
                          OFFSET 3.180793 4e-06 -4e-06
                          CHANNELS 3 Zrotation Yrotation Xrotation
                        }
                      }
                    }
                  }
                  JOINT LeftHandIndex1
                  {
                    OFFSET 3.247786 2.352677 0.137192
                    CHANNELS 3 Zrotation Yrotation Xrotation
                    JOINT LeftHandIndex2
                    {
                      OFFSET 6.367095 1e-06 0.0
                      CHANNELS 3 Zrotation Yrotation Xrotation
                      JOINT LeftHandIndex3
                      {
                        OFFSET 3.662364 0.0 0.0
                        CHANNELS 3 Zrotation Yrotation Xrotation
                        JOINT LeftHandIndex4
                        {
                          OFFSET 2.329242 4e-06 -4e-06
                          CHANNELS 3 Zrotation Yrotation Xrotation
                          JOINT LeftHandIndexEnd
                          {
                            OFFSET 2.767823 1e-06 0.0
                            CHANNELS 3 Zrotation Yrotation Xrotation
                          }
                        }
                      }
                    }
                  }
                  JOINT LeftHandMiddle1
                  {
                    OFFSET 3.163612 0.945023 -0.406112
                    CHANNELS 3 Zrotation Yrotation Xrotation
                    JOINT LeftHandMiddle2
                    {
                      OFFSET 6.276789 3e-06 0.0
                      CHANNELS 3 Zrotation Yrotation Xrotation
                      JOINT LeftHandMiddle3
                      {
                        OFFSET 4.35652 -1e-06 4e-06
                        CHANNELS 3 Zrotation Yrotation Xrotation
                        JOINT LeftHandMiddle4
                        {
                          OFFSET 2.996877 0.0 8e-06
                          CHANNELS 3 Zrotation Yrotation Xrotation
                          JOINT LeftHandMiddleEnd
                          {
                            OFFSET 2.323256 3e-06 -4e-06
                            CHANNELS 3 Zrotation Yrotation Xrotation
                          }
                        }
                      }
                    }
                  }
                  JOINT LeftHandRing1
                  {
                    OFFSET 2.882606 -0.309162 0.107445
                    CHANNELS 3 Zrotation Yrotation Xrotation
                    JOINT LeftHandRing2
                    {
                      OFFSET 6.033198 0.0 4e-06
                      CHANNELS 3 Zrotation Yrotation Xrotation
                      JOINT LeftHandRing3
                      {
                        OFFSET 4.350578 3e-06 0.0
                        CHANNELS 3 Zrotation Yrotation Xrotation
                        JOINT LeftHandRing4
                        {
                          OFFSET 2.651321 2e-06 -7e-06
                          CHANNELS 3 Zrotation Yrotation Xrotation
                          JOINT LeftHandRingEnd
                          {
                            OFFSET 1.937663 1e-06 -4e-06
                            CHANNELS 3 Zrotation Yrotation Xrotation
                          }
                        }
                      }
                    }
                  }
                  JOINT LeftHandPinky1
                  {
                    OFFSET 2.865315 -1.525436 0.575687
                    CHANNELS 3 Zrotation Yrotation Xrotation
                    JOINT LeftHandPinky2
                    {
                      OFFSET 5.54936 1e-06 -8e-06
                      CHANNELS 3 Zrotation Yrotation Xrotation
                      JOINT LeftHandPinky3
                      {
                        OFFSET 3.070974 0.0 -4e-06
                        CHANNELS 3 Zrotation Yrotation Xrotation
                        JOINT LeftHandPinky4
                        {
                          OFFSET 1.549672 1e-06 0.0
                          CHANNELS 3 Zrotation Yrotation Xrotation
                          JOINT LeftHandPinkyEnd
                          {
                            OFFSET 1.952123 0.0 0.0
                            CHANNELS 3 Zrotation Yrotation Xrotation
                          }
                        }
                      }
                    }
                  }
                }
              }
            }
          }
          JOINT RightShoulder
          {
            OFFSET 23.161716 5.296122 -1.380114
            CHANNELS 3 Zrotation Yrotation Xrotation
            JOINT RightArm
            {
              OFFSET -16.027195 -2e-06 1.1e-05
              CHANNELS 3 Zrotation Yrotation Xrotation
              JOINT RightForeArm
              {
                OFFSET -28.736639 4e-06 2e-06
                CHANNELS 3 Zrotation Yrotation Xrotation
                JOINT RightHand
                {
                  OFFSET -27.133619 6e-06 0.0
                  CHANNELS 3 Zrotation Yrotation Xrotation
                  JOINT RightHandThumb1
                  {
                    OFFSET -2.274328 -3.351035 -0.83067
                    CHANNELS 3 Zrotation Yrotation Xrotation
                    JOINT RightHandThumb2
                    {
                      OFFSET -4.703594 -3e-06 2e-06
                      CHANNELS 3 Zrotation Yrotation Xrotation
                      JOINT RightHandThumb3
                      {
                        OFFSET -2.794935 -4e-06 -3e-06
                        CHANNELS 3 Zrotation Yrotation Xrotation
                        JOINT RightHandThumbEnd
                        {
                          OFFSET -3.183852 4e-06 1e-06
                          CHANNELS 3 Zrotation Yrotation Xrotation
                        }
                      }
                    }
                  }
                  JOINT RightHandIndex1
                  {
                    OFFSET -3.253496 -2.33755 -0.127667
                    CHANNELS 3 Zrotation Yrotation Xrotation
                    JOINT RightHandIndex2
                    {
                      OFFSET -6.344434 0.0 0.0
                      CHANNELS 3 Zrotation Yrotation Xrotation
                      JOINT RightHandIndex3
                      {
                        OFFSET -3.654871 0.0 -8e-06
                        CHANNELS 3 Zrotation Yrotation Xrotation
                        JOINT RightHandIndex4
                        {
                          OFFSET -2.327586 -1e-06 0.0
                          CHANNELS 3 Zrotation Yrotation Xrotation
                          JOINT RightHandIndexEnd
                          {
                            OFFSET -2.770001 3e-06 8e-06
                            CHANNELS 3 Zrotation Yrotation Xrotation
                          }
                        }
                      }
                    }
                  }
                  JOINT RightHandMiddle1
                  {
                    OFFSET -3.168223 -0.944764 0.411762
                    CHANNELS 3 Zrotation Yrotation Xrotation
                    JOINT RightHandMiddle2
                    {
                      OFFSET -6.266691 -1e-06 -4e-06
                      CHANNELS 3 Zrotation Yrotation Xrotation
                      JOINT RightHandMiddle3
                      {
                        OFFSET -4.348901 0.0 0.0
                        CHANNELS 3 Zrotation Yrotation Xrotation
                        JOINT RightHandMiddle4
                        {
                          OFFSET -3.00024 2e-06 -4e-06
                          CHANNELS 3 Zrotation Yrotation Xrotation
                          JOINT RightHandMiddleEnd
                          {
                            OFFSET -2.321477 -4e-06 -4e-06
                            CHANNELS 3 Zrotation Yrotation Xrotation
                          }
                        }
                      }
                    }
                  }
                  JOINT RightHandRing1
                  {
                    OFFSET -2.885654 0.293261 -0.119232
                    CHANNELS 3 Zrotation Yrotation Xrotation
                    JOINT RightHandRing2
                    {
                      OFFSET -6.032835 -1e-06 -4e-06
                      CHANNELS 3 Zrotation Yrotation Xrotation
                      JOINT RightHandRing3
                      {
                        OFFSET -4.33881 0.0 -4e-06
                        CHANNELS 3 Zrotation Yrotation Xrotation
                        JOINT RightHandRing4
                        {
                          OFFSET -2.654903 -4e-06 -4e-06
                          CHANNELS 3 Zrotation Yrotation Xrotation
                          JOINT RightHandRingEnd
                          {
                            OFFSET -1.935122 0.0 4e-06
                            CHANNELS 3 Zrotation Yrotation Xrotation
                          }
                        }
                      }
                    }
                  }
                  JOINT RightHandPinky1
                  {
                    OFFSET -2.866241 1.503904 -0.60527
                    CHANNELS 3 Zrotation Yrotation Xrotation
                    JOINT RightHandPinky2
                    {
                      OFFSET -5.553177 -2e-06 0.0
                      CHANNELS 3 Zrotation Yrotation Xrotation
                      JOINT RightHandPinky3
                      {
                        OFFSET -3.062664 -1e-06 -4e-06
                        CHANNELS 3 Zrotation Yrotation Xrotation
                        JOINT RightHandPinky4
                        {
                          OFFSET -1.546529 2e-06 4e-06
                          CHANNELS 3 Zrotation Yrotation Xrotation
                          JOINT RightHandPinkyEnd
                          {
                            OFFSET -1.952341 0.0 -4e-06
                            CHANNELS 3 Zrotation Yrotation Xrotation
                          }
                        }
                      }
                    }
                  }
                }
              }
            }
          }
        }
      }
    }
    JOINT LeftLeg
    {
      OFFSET -8.443107 2.567604 10.043214
      CHANNELS 3 Zrotation Yrotation Xrotation
      JOINT LeftShin
      {
        OFFSET 43.229198 1e-06 -1e-06
        CHANNELS 3 Zrotation Yrotation Xrotation
        JOINT LeftFoot
        {
          OFFSET 42.298611 1e-06 1e-06
          CHANNELS 3 Zrotation Yrotation Xrotation
          JOINT LeftToeBase
          {
            OFFSET 14.165858 1e-06 0.0
            CHANNELS 3 Zrotation Yrotation Xrotation
            JOINT LeftToeEnd
            {
              OFFSET 6.7141 -0.234461 0.0
              CHANNELS 3 Zrotation Yrotation Xrotation
            }
          }
        }
      }
    }
    JOINT RightLeg
    {
      OFFSET -8.303923 2.592729 -10.047278
      CHANNELS 3 Zrotation Yrotation Xrotation
      JOINT RightShin
      {
        OFFSET -43.369682 0.0 1e-06
        CHANNELS 3 Zrotation Yrotation Xrotation
        JOINT RightFoot
        {
          OFFSET -42.260784 4e-06 2e-06
          CHANNELS 3 Zrotation Yrotation Xrotation
          JOINT RightToeBase
          {
            OFFSET -14.222245 -2e-06 -1e-06
            CHANNELS 3 Zrotation Yrotation Xrotation
            JOINT RightToeEnd
            {
              OFFSET -6.660062 0.232574 -2e-06
              CHANNELS 3 Zrotation Yrotation Xrotation
            }
          }
        }
      }
    }
  }
}
MOTION
Frames: 270
Frame Time: 0.03333333333333333
0.0 0.0 0.0 0.0 -0.0 0.0 1.666206 93.956192 -7.006114 93.442993 7.771215 89.717682 6.238468 0.300157 0.544198 -9.292034 0.17102 3.308157 26.817013 -2.21431 0.781068 32.615932 -3.450583 2.967256 -2.861292 -1.131395 -3.805696 -40.457096 -4.761923 -0.316834 6e-06 -0.0 -0.0 0.042573 0.045356 -0.051515 0.209681 -0.018574 -0.007102 0.152544 0.096834 -0.101071 -116.071609 -73.71701 140.12735 44.00539 -61.16375 -8.409256 7.740256 -0.893084 0.030647 -5.799762 -2.787344 6.138799 17.636848 -26.323034 52.411572 -19.466867 -14.395745 29.410641 5e-06 -8.774953 -1e-05 16.598104 -18.724529 6.800488 -0.609784 -1.795669 -3.889353 -4.807155 -11.046943 -2.937865 -1e-05 -20.976349 2.6e-05 -5.020092 -25.034058 -4.031931 5e-06 -2e-06 3e-06 -10.634644 -5.687025 -3.565604 10.5734 -17.923166 -3.113919 -5e-06 -13.821425 1.3e-05 -0.50182 -31.182158 -4.027069 -11.751904 -60.238075 8.164726 -13.982857 -7.150265 -2.875052 13.772892 -8.401587 -3.218261 0.347711 -34.212147 0.771701 -0.963058 -17.73373 2.62108 1e-06 -1e-06 -0.0 -17.346617 -20.095413 -4.201783 21.75782 -1.63839 3.866481 -0.0 -6.338922 6e-06 -1.697635 -22.592196 -6.194105 -1e-06 -4e-06 -2e-06 157.31694 -86.476852 43.171616 65.857658 -40.870781 -10.958932 29.96163 1.409903 0.509871 0.419752 25.520014 -15.722139 22.182285 -20.376055 49.93375 -16.702023 -16.74366 28.476854 0.0 -12.690747 -3e-06 15.71365 -17.566044 2.788947 -0.105921 -1.513876 -4.275916 -5.039094 -5.612941 -2.953591 4e-06 -11.020677 -1.5e-05 -6.11137 -15.895619 -3.840562 2e-06 1e-06 -0.0 -10.283455 -5.680351 -4.341872 11.028399 -11.302525 -2.372668 -1.38428 -14.238791 -6.32023 -0.625412 -26.924709 -3.827725 -4.625788 -49.901772 -2.986128 -13.708637 -7.363553 -3.720971 18.141323 -14.052889 -3.242723 1.3e-05 -18.787531 -3e-05 -0.429711 -8.456188 2.555535 3e-06 -1e-06 -1e-06 -15.923675 -20.09469 -5.473632 30.419491 -7.190892 1.735935 -1e-06 -8.163035 -1.1e-05 -1.861885 -22.861889 -6.168094 -1e-06 -5e-06 -4e-06 157.410309 0.344272 -13.16389 29.142195 -0.053234 -0.336444 -67.604134 2.854591 -4.177082 -5.805856 1.562967 2.037916 -1.000005 -0.0 0.0 17.029926 -7.691562 -8.244805 55.476879 -0.714396 0.314874 -41.560551 2.317607 -2.580838 -9.052081 0.748485 1.307175 -1.000005 0.0 -0.0 
0.0 0.0 0.0 0.0 -0.0 0.0 2.649398 95.131989 -1.662421 95.554039 8.393023 89.4841 6.627238 -0.804742 0.46226 -9.235888 -0.13922 2.984236 27.012701 -2.703365 0.121876 33.06448 -3.376754 3.048501 -2.784617 -0.911757 -3.593455 -41.218853 -4.762199 0.54967 6e-06 0.0 -0.0 0.044088 0.034589 -0.039154 0.140338 -0.000532 -0.010521 0.105004 0.055972 -0.069399 -116.365486 -74.218483 139.868988 48.319725 -59.148266 -12.200156 10.639159 -1.109334 0.021899 -4.375796 -2.17045 1.331653 17.636763 -26.322828 52.411339 -19.466763 -14.395691 29.410524 1.1e-05 -8.774911 -7e-06 16.669792 -18.958107 6.468746 -0.609783 -1.795661 -3.889338 -4.807141 -11.046882 -2.937858 -1.8e-05 -20.976198 5e-06 -5.020058 -25.033857 -4.031943 6e-06 0.0 -1e-06 -10.634606 -5.687005 -3.565588 10.57334 -17.923054 -3.113911 -1e-05 -13.821334 1e-06 -0.501807 -31.181921 -4.027083 -11.760342 -60.455994 7.632386 -13.982808 -7.150243 -2.875039 13.772832 -8.401529 -3.218256 0.347705 -34.211899 0.771667 -0.96305 -17.733599 2.621049 -1e-06 -0.0 1e-06 -17.346563 -20.095329 -4.20177 21.757738 -1.638366 3.866464 -4e-06 -6.338878 2e-06 -1.69763 -22.59202 -6.194098 -2e-06 -2e-06 -2e-06 143.097015 -87.144737 57.987167 65.250885 -42.233582 -10.02491 26.953733 0.68964 0.527019 -0.250061 24.62978 -17.382084 22.182217 -20.375978 49.933582 -16.701939 -16.743692 28.476751 3.3e-05 -12.690759 2e-06 15.999401 -17.713989 2.721416 -0.105918 -1.513867 -4.275902 -5.039102 -5.612938 -2.95357 -3e-05 -11.020663 -1e-06 -6.111444 -15.895617 -3.840523 -1e-06 -1e-06 -2e-06 -10.283455 -5.680353 -4.341846 11.028376 -11.302479 -2.372661 -1.384329 -14.238761 -6.320196 -0.625512 -26.924608 -3.827705 -4.31007 -50.058582 -3.100356 -13.708641 -7.363561 -3.720936 18.141294 -14.052824 -3.242711 -4.8e-05 -18.787508 -1.7e-05 -0.429736 -8.456177 2.555524 0.0 -0.0 2e-06 -15.923709 -20.094679 -5.473574 30.4195 -7.190805 1.735943 -2e-05 -8.163018 -1.5e-05 -1.861978 -22.861853 -6.168093 -4e-06 -1e-06 -0.0 161.853302 3.154811 -14.155031 29.128817 -0.026751 -0.396319 -70.629753 2.20476 -3.951588 -5.025228 1.624375 2.075098 -1.0 -0.0 0.0 9.545218 -11.583614 -8.784244 67.132217 -0.50576 0.170177 -48.629654 1.813601 -0.611871 -6.750639 0.697925 1.363937 -1.000005 -0.0 0.0 
0.0 0.0 0.0 0.0 -0.0 0.0 3.511009 96.750633 4.46021 95.656189 8.726344 89.387062 6.735285 -0.909313 0.208133 -9.217959 -0.17377 2.360205 27.09392 -2.328053 -0.388621 33.542416 -3.521076 3.060948 -2.721354 -0.904427 -3.076958 -40.418564 -4.823207 1.203714 6e-06 0.0 -0.0 0.032236 0.027717 -0.005871 0.125484 -0.003037 0.025942 0.096189 0.046559 -0.035537 -116.952728 -74.699402 140.013626 52.842873 -56.898121 -16.973848 13.16661 -0.876437 0.009622 -3.220576 1.099599 -2.929646 17.636858 -26.323046 52.411564 -19.466902 -14.395782 29.410671 9e-06 -8.774977 -1e-05 16.751812 -18.86805 6.162823 -0.609782 -1.79567 -3.889355 -4.807166 -11.046968 -2.937865 -2.4e-05 -20.976416 2.8e-05 -5.020136 -25.034164 -4.031939 6e-06 -2e-06 -0.0 -10.634653 -5.687033 -3.565601 10.573413 -17.92321 -3.113922 -1.4e-05 -13.82147 1.2e-05 -0.501843 -31.182314 -4.027081 -11.593311 -60.414978 7.246814 -13.982874 -7.150278 -2.875043 13.772923 -8.401602 -3.218271 0.347693 -34.212288 0.771706 -0.963068 -17.733818 2.621084 -0.0 -2e-06 1e-06 -17.346647 -20.095446 -4.201767 21.75787 -1.638387 3.866481 -3e-06 -6.338943 3e-06 -1.697654 -22.592319 -6.194127 -0.0 -3e-06 -2e-06 126.439301 -87.577469 75.019875 63.831841 -44.60363 -7.294378 24.403891 0.265847 0.352938 -0.552147 22.368792 -18.987354 22.182302 -20.376106 49.9338 -16.702095 -16.743782 28.476942 -8e-06 -12.690822 1.9e-05 16.105768 -17.655794 2.59443 -0.105912 -1.513871 -4.275923 -5.039106 -5.61295 -2.95359 8e-06 -11.020711 -1e-05 -6.111408 -15.895673 -3.840556 -0.0 0.0 -1e-06 -10.283479 -5.680353 -4.341869 11.028454 -11.302555 -2.372687 -1.384279 -14.238827 -6.320239 -0.625409 -26.924799 -3.827719 -3.819398 -50.115406 -3.380664 -13.708669 -7.363554 -3.72096 18.141417 -14.052921 -3.242753 1.3e-05 -18.787588 -1.9e-05 -0.429718 -8.456221 2.555553 4e-06 -3e-06 -1e-06 -15.923717 -20.094709 -5.47362 30.419651 -7.190913 1.735913 5e-06 -8.163057 -1.1e-05 -1.861923 -22.861963 -6.168094 0.0 -3e-06 0.0 167.840164 4.221633 -14.228321 26.500208 0.068188 -0.300934 -73.308006 2.414485 -4.275797 -5.026747 1.661928 2.088055 -1.000002 1e-06 0.0 2.022993 -12.205525 -8.069518 72.596886 -0.301106 0.166661 -57.374527 0.569785 0.34917 -6.590729 0.649881 1.426023 -1.000002 -0.0 -0.0 
0.0 0.0 0.0 0.0 -0.0 0.0 4.188357 98.472847 10.576706 94.353981 8.744745 89.55117 6.77088 -0.44915 -0.101199 -9.248937 -0.07136 1.446707 26.761223 -1.247077 -0.890281 34.108856 -3.513433 3.016066 -2.668979 -0.923667 -2.33301 -39.054173 -4.934228 1.700876 6e-06 0.0 0.0 0.018497 0.0249 -0.005574 0.125843 -0.007142 0.03481 0.096957 0.048609 -0.041588 -115.641457 -75.540649 137.950607 57.230053 -55.081551 -21.425001 15.927656 -0.733115 -0.041501 -2.209333 5.497097 -5.560702 17.636873 -26.323065 52.411758 -19.466982 -14.395829 29.410818 7e-06 -8.775008 -4e-06 16.599382 -18.821878 5.919692 -0.609784 -1.795676 -3.889366 -4.807178 -11.046984 -2.937885 -7e-06 -20.976435 -0.0 -5.020111 -25.034191 -4.031987 4e-06 -2e-06 1e-06 -10.634684 -5.687047 -3.565614 10.57345 -17.923225 -3.113953 -4e-06 -13.821477 -0.0 -0.50179 -31.182331 -4.027135 -11.407865 -60.029125 6.937656 -13.982912 -7.150293 -2.875055 13.772959 -8.401608 -3.218294 0.347726 -34.212307 0.771669 -0.963055 -17.733814 2.621083 1e-06 -3e-06 2e-06 -17.346693 -20.095484 -4.201795 21.757929 -1.63839 3.866487 -2e-06 -6.338944 -1e-06 -1.697637 -22.59231 -6.194169 -0.0 -2e-06 -2e-06 95.669357 -87.42086 105.934631 61.235172 -47.155735 -1.877959 22.265224 -0.100239 0.256654 0.191823 18.765427 -18.708439 22.182348 -20.376106 49.933769 -16.702061 -16.743784 28.476898 2.6e-05 -12.690845 5e-06 16.190956 -17.612328 2.431571 -0.105919 -1.513877 -4.275919 -5.039128 -5.612973 -2.953581 -2e-05 -11.020746 3e-06 -6.111472 -15.895742 -3.840539 0.0 -0.0 0.0 -10.283507 -5.680381 -4.341859 11.02845 -11.302565 -2.372672 -1.384328 -14.238879 -6.320228 -0.625502 -26.924894 -3.827713 -3.510725 -50.245445 -3.638078 -13.708709 -7.363596 -3.720942 18.141417 -14.052927 -3.242732 -3.1e-05 -18.787651 -2.1e-05 -0.429732 -8.456251 2.555549 0.0 -3e-06 -1e-06 -15.9238 -20.094788 -5.473586 30.419682 -7.19087 1.735953 -1.2e-05 -8.163081 -1.4e-05 -1.861978 -22.862053 -6.168132 -0.0 -1e-06 -0.0 174.636307 4.045445 -13.422239 21.378292 0.085314 -0.096365 -74.628647 2.732251 -4.621074 -5.284016 1.629977 2.070489 -1.000003 1e-06 -0.0 -5.220735 -10.515467 -7.749544 72.246429 -0.034345 0.178215 -64.597427 -2.819939 1.401325 -6.912219 0.614824 1.558836 -1.00001 0.0 -1e-06 
0.0 0.0 0.0 0.0 -0.0 0.0 4.664477 99.890831 16.588543 92.33757 8.409247 90.109505 6.724175 0.233864 -0.372516 -9.292135 0.055174 0.467717 26.173 0.217729 -1.533459 34.439251 -2.982525 2.830639 -2.700146 -0.906956 -1.416673 -37.856346 -4.969193 2.21119 5e-06 -0.0 0.0 -0.011828 0.023834 -0.001385 0.097456 -0.008259 0.046423 0.074868 0.051187 -0.045948 -110.644508 -76.979355 131.655106 61.059105 -53.906067 -24.527596 19.596222 -0.667817 -0.102472 -1.288748 9.086091 -5.673107 17.636805 -26.322989 52.411667 -19.466959 -14.39579 29.410769 0.0 -8.774981 -3e-06 16.263107 -18.757885 5.801305 -0.609782 -1.795673 -3.889363 -4.807158 -11.04696 -2.937886 1e-05 -20.976383 -1.4e-05 -5.020069 -25.034121 -4.031989 6e-06 1e-06 -1e-06 -10.634651 -5.687034 -3.565611 10.573432 -17.923193 -3.113961 5e-06 -13.821441 -8e-06 -0.501759 -31.182228 -4.027133 -11.401892 -59.619232 6.891832 -13.982869 -7.150279 -2.875057 13.772924 -8.401598 -3.218294 0.347756 -34.212204 0.771639 -0.963038 -17.733751 2.621066 0.0 0.0 -1e-06 -17.346632 -20.095442 -4.201804 21.75787 -1.638393 3.866475 1e-06 -6.33893 -5e-06 -1.697616 -22.592257 -6.194171 -0.0 -2e-06 -1e-06 72.803032 -86.274696 129.039261 57.945576 -49.53326 3.580891 20.475527 -0.268777 0.266788 1.300454 15.850448 -17.240818 22.182238 -20.37603 49.933636 -16.702045 -16.743696 28.476822 -1.7e-05 -12.690745 1.4e-05 16.252802 -17.6336 2.398379 -0.105915 -1.513872 -4.275916 -5.039081 -5.61293 -2.953582 1.3e-05 -11.020672 -1.4e-05 -6.11136 -15.8956 -3.840528 -0.0 -0.0 1e-06 -10.283442 -5.680334 -4.341856 11.028411 -11.302526 -2.372684 -1.384262 -14.238769 -6.320201 -0.625387 -26.924656 -3.82769 -3.599593 -50.317516 -3.643034 -13.708625 -7.363535 -3.720951 18.141344 -14.05289 -3.242743 3e-05 -18.787512 -2.6e-05 -0.429706 -8.456175 2.55553 2e-06 -0.0 -0.0 -15.923654 -20.094654 -5.47361 30.419504 -7.190907 1.735897 9e-06 -8.163023 -1.3e-05 -1.861875 -22.861841 -6.168066 -2e-06 -1e-06 3e-06 -178.792328 2.871509 -12.222102 15.49851 0.04554 0.093998 -74.9944 3.031185 -5.047354 -5.409971 1.569884 2.045748 -1.000002 -0.0 0.0 -11.462471 -7.702406 -8.298532 66.872459 0.266159 0.000995 -68.465965 -6.674792 2.396755 -7.336118 0.591658 1.631657 -1.000004 -0.0 -1e-06 
0.0 0.0 0.0 0.0 -0.0 0.0 4.959603 100.604042 22.446585 90.642296 7.674099 91.11602 6.521179 0.636316 -0.534625 -9.357845 0.036282 -0.507435 25.642593 1.56946 -2.192364 34.321068 -1.674743 2.605287 -2.806886 -0.911552 -0.639448 -37.438866 -4.88509 2.536061 5e-06 0.0 -0.0 -0.053325 0.026902 0.011417 0.045035 -0.016478 0.060262 0.041919 0.067103 -0.035727 -101.392899 -78.748993 120.79583 63.89761 -52.521652 -25.624449 24.49494 -0.634501 -0.117621 -0.588811 11.303075 -4.592971 17.636702 -26.322824 52.411289 -19.466776 -14.39568 29.410515 -4e-06 -8.774891 -2e-06 15.953177 -18.733686 5.819521 -0.609775 -1.795659 -3.889336 -4.807114 -11.046864 -2.937856 1.1e-05 -20.976168 8e-06 -5.020017 -25.033798 -4.031905 6e-06 -2e-06 1e-06 -10.634577 -5.686989 -3.565587 10.573342 -17.923052 -3.113922 8e-06 -13.821315 8e-06 -0.501772 -31.181856 -4.027035 -11.658632 -59.470657 7.138978 -13.982771 -7.150223 -2.875039 13.772813 -8.401539 -3.218263 0.347742 -34.211849 0.771671 -0.963038 -17.733566 2.621064 -0.0 -3e-06 1e-06 -17.346495 -20.095291 -4.20177 21.757685 -1.638388 3.866439 4e-06 -6.33887 2e-06 -1.697598 -22.591974 -6.194063 0.0 -5e-06 -0.0 63.571808 -84.55191 138.72644 54.10059 -51.782848 7.197983 19.461405 -0.016795 0.350791 2.096836 15.010478 -15.450666 22.182243 -20.375944 49.933407 -16.701946 -16.743608 28.476648 -8e-06 -12.690705 -9e-06 16.308043 -17.605776 2.472453 -0.105919 -1.513865 -4.275892 -5.039071 -5.612912 -2.95357 1e-05 -11.020636 -6e-06 -6.111349 -15.895551 -3.840516 -0.0 -0.0 -2e-06 -10.283419 -5.680314 -4.341843 11.028369 -11.302489 -2.372651 -1.384276 -14.238721 -6.320171 -0.62542 -26.924574 -3.827655 -3.88379 -50.287132 -3.549356 -13.70859 -7.363512 -3.720944 18.141275 -14.052852 -3.242696 2.3e-05 -18.787466 -1.8e-05 -0.429704 -8.456161 2.555526 0.0 1e-06 2e-06 -15.923618 -20.094589 -5.473586 30.419399 -7.190886 1.735941 1e-05 -8.163002 -9e-06 -1.861881 -22.86178 -6.168044 1e-06 -0.0 0.0 -173.611099 1.652011 -11.040495 11.125331 0.016531 0.166405 -75.724243 3.370497 -5.158707 -5.423475 1.508911 2.032342 -1.000003 1e-06 0.0 -16.750269 -5.4209 -9.829175 57.757549 0.337345 -0.307757 -69.594604 -9.073079 2.290715 -7.673455 0.586897 1.620629 -1.000006 1e-06 1e-06 
0.0 0.0 0.0 0.0 -0.0 0.0 5.093118 100.450851 28.27396 90.218788 7.016919 92.400932 6.393306 0.238789 -0.645819 -9.394515 -0.161493 -1.427437 25.384232 2.272067 -2.751073 33.878822 0.271402 2.375714 -2.855803 -0.95494 -0.188122 -38.054337 -4.63141 2.656817 5e-06 -0.0 -0.0 -0.068874 0.022523 0.030223 0.011142 -0.028454 0.073496 0.030612 0.0701 -0.012563 -87.307999 -80.233459 105.343407 65.669807 -50.170132 -25.183548 30.324991 -0.423909 -0.047212 0.121652 12.781778 -3.720948 17.636742 -26.322992 52.411762 -19.46702 -14.395785 29.410856 -8e-06 -8.774968 6e-06 15.749735 -18.783968 5.898778 -0.609778 -1.795678 -3.889372 -4.807142 -11.046969 -2.937903 2.7e-05 -20.976408 -4e-05 -5.020022 -25.034151 -4.032004 5e-06 1e-06 -2e-06 -10.634638 -5.687037 -3.56562 10.573439 -17.92321 -3.113988 1.9e-05 -13.821453 -2.5e-05 -0.501698 -31.182262 -4.027174 -11.955828 -59.395393 7.44442 -13.982847 -7.150278 -2.875066 13.772915 -8.401618 -3.218313 0.347802 -34.212242 0.771591 -0.963021 -17.733778 2.621061 -1e-06 3e-06 3e-06 -17.346592 -20.095457 -4.201826 21.757839 -1.638402 3.866457 6e-06 -6.338933 -8e-06 -1.697562 -22.592278 -6.194194 -0.0 -3e-06 -5e-06 61.315819 -82.746552 141.533005 49.894165 -54.067749 9.656428 19.410316 0.485678 0.445358 2.465965 15.714681 -13.46992 22.182314 -20.376156 49.933868 -16.70212 -16.743786 28.477003 -1.5e-05 -12.690833 1.7e-05 16.472219 -17.461298 2.452478 -0.105916 -1.513873 -4.275928 -5.039106 -5.612954 -2.953596 1.4e-05 -11.020734 -1e-05 -6.111399 -15.895717 -3.840564 -1e-06 1e-06 -1e-06 -10.283478 -5.68035 -4.341878 11.02846 -11.302574 -2.372688 -1.384272 -14.238851 -6.320244 -0.6254 -26.92487 -3.827721 -4.159542 -50.330154 -3.486366 -13.70867 -7.363558 -3.720971 18.141426 -14.052953 -3.242755 1.8e-05 -18.787636 -1e-05 -0.42972 -8.456251 2.555563 -0.0 -0.0 -1e-06 -15.923709 -20.094723 -5.473634 30.419655 -7.190937 1.73591 5e-06 -8.163075 -7e-06 -1.861909 -22.862045 -6.168106 -1e-06 3e-06 -1e-06 -169.550018 1.245632 -9.976511 9.090211 0.032719 0.162325 -77.734718 3.531066 -4.880791 -5.339472 1.4763 2.050911 -1.000001 1e-06 0.0 -20.428455 -4.849057 -11.970702 45.552483 0.168566 -0.341582 -68.442352 -8.442168 0.544961 -7.754204 0.629478 1.621761 -1.000006 1e-06 0.0 
0.0 0.0 0.0 0.0 -0.0 0.0 5.123944 99.619194 34.354233 90.985497 6.862477 93.744141 6.492157 -0.814941 -0.709802 -9.446333 -0.428587 -2.172302 25.557833 2.319489 -3.205184 33.329273 2.375985 2.13508 -2.794515 -0.951121 -0.054231 -39.153843 -4.390369 2.638378 7e-06 -0.0 -0.0 -0.045954 0.008697 0.025744 -0.021789 -0.03454 0.05168 -0.005824 0.048732 0.001097 -71.102081 -81.033386 88.371407 66.571434 -46.654732 -24.415436 36.010563 -0.028209 0.094133 1.167014 13.8289 -3.24128 17.636768 -26.323101 52.41193 -19.467001 -14.395797 29.410915 -3e-06 -8.774978 6e-06 15.6864 -18.835093 5.932174 -0.609783 -1.795675 -3.889377 -4.807158 -11.046984 -2.937901 4e-06 -20.976439 -1.2e-05 -5.020064 -25.034203 -4.031997 5e-06 1e-06 3e-06 -10.634647 -5.687043 -3.565631 10.573428 -17.923227 -3.113971 3e-06 -13.821483 -5e-06 -0.501756 -31.182358 -4.027157 -11.976059 -59.372166 7.434253 -13.982868 -7.15029 -2.875073 13.772925 -8.401616 -3.218309 0.347744 -34.212307 0.771655 -0.963057 -17.733818 2.621089 4e-06 -1e-06 0.0 -17.346619 -20.095478 -4.201835 21.757856 -1.638392 3.866471 0.0 -6.338943 -2e-06 -1.697591 -22.592319 -6.194193 1e-06 -5e-06 0.0 61.639153 -81.020683 141.855789 45.64946 -56.172398 12.642227 19.572584 0.903261 0.582985 2.489877 16.53282 -11.918736 22.182341 -20.376163 49.933933 -16.702141 -16.743776 28.477018 -1.6e-05 -12.690837 1.2e-05 16.719536 -17.365585 2.363536 -0.105918 -1.513878 -4.275932 -5.039112 -5.612962 -2.953606 1.3e-05 -11.02075 -1.3e-05 -6.111404 -15.895749 -3.840581 1e-06 1e-06 1e-06 -10.283485 -5.680358 -4.341886 11.028467 -11.302589 -2.372694 -1.384271 -14.238873 -6.320261 -0.625388 -26.924911 -3.827743 -4.444543 -50.669018 -3.279636 -13.708682 -7.363566 -3.720977 18.141441 -14.05297 -3.242761 2.8e-05 -18.787659 -2e-05 -0.429714 -8.456254 2.555562 1e-06 3e-06 1e-06 -15.923717 -20.094744 -5.473648 30.419659 -7.190946 1.735917 8e-06 -8.163086 -7e-06 -1.861891 -22.862061 -6.168129 -1e-06 -0.0 1e-06 -165.158997 1.860461 -9.045574 7.905562 0.02622 0.124356 -80.16346 3.42977 -4.399753 -5.289382 1.495432 2.084652 -1.000004 1e-06 1e-06 -21.89344 -5.574593 -14.283783 30.641121 0.157221 -0.13038 -67.037193 -5.714683 -1.956208 -7.626149 0.69332 1.653963 -1.000005 1e-06 0.0 
0.0 0.0 0.0 0.0 -0.0 0.0 5.015081 98.290092 40.900009 92.390816 6.943399 95.33474 6.477353 -2.087155 -0.680224 -9.517419 -0.768276 -2.631141 26.064461 2.066795 -3.667961 32.855545 4.337906 2.170281 -2.732068 -0.864503 -0.413854 -40.01054 -4.300704 2.19438 6e-06 0.0 0.0 -0.019462 0.001003 0.035166 -0.054722 -0.028536 0.052557 -0.059167 0.02795 0.024319 -58.012112 -81.413933 74.834145 66.786354 -42.274754 -23.301022 40.366798 0.301168 0.185011 2.313066 14.408878 -2.705745 17.636757 -26.322948 52.411667 -19.466969 -14.39578 29.410784 2.7e-05 -8.774988 4e-06 15.703008 -18.808178 6.033893 -0.609781 -1.795678 -3.889367 -4.807193 -11.047009 -2.937886 -5.5e-05 -20.97646 -2.4e-05 -5.020149 -25.03426 -4.032026 5e-06 1e-06 1e-06 -10.634665 -5.687071 -3.565604 10.573395 -17.923218 -3.113968 -3.2e-05 -13.821488 -2.5e-05 -0.50182 -31.182379 -4.027214 -11.722642 -59.399204 7.026264 -13.98289 -7.150324 -2.875046 13.772919 -8.40159 -3.218302 0.347669 -34.212334 0.771603 -0.963067 -17.733831 2.621019 -1e-06 -0.0 0.0 -17.346689 -20.095535 -4.201777 21.757896 -1.638336 3.866475 -1.8e-05 -6.33895 -1.3e-05 -1.697674 -22.592371 -6.194214 -3e-06 -3e-06 -2e-06 60.497726 -79.168434 143.679718 40.8041 -57.881115 17.037678 19.28915 1.083323 0.702318 2.135679 16.748777 -10.843418 22.182365 -20.376068 49.933571 -16.701992 -16.743725 28.476748 9e-06 -12.69079 -8e-06 16.887999 -17.424562 2.275374 -0.10592 -1.513869 -4.275907 -5.039108 -5.612942 -2.95357 -7e-06 -11.020695 1.3e-05 -6.111431 -15.895641 -3.840504 -1e-06 0.0 -1e-06 -10.283481 -5.680348 -4.341851 11.028421 -11.302533 -2.372648 -1.38431 -14.238793 -6.320175 -0.625486 -26.924713 -3.827641 -4.645701 -51.126663 -3.141486 -13.708673 -7.363554 -3.720936 18.141363 -14.052895 -3.2427 -1.4e-05 -18.787563 4e-06 -0.429725 -8.456203 2.555543 -1e-06 2e-06 -1e-06 -15.923742 -20.094696 -5.473573 30.419582 -7.190892 1.735965 -2e-06 -8.163051 -2e-06 -1.861945 -22.861933 -6.168064 2e-06 -2e-06 -0.0 -160.250305 2.788283 -8.310107 6.928151 -0.038627 0.138229 -82.28553 4.02705 -3.70998 -5.492853 1.491349 2.108747 -1.000001 0.0 0.0 -21.756571 -6.629582 -15.665374 14.089949 0.40697 -0.101244 -67.096115 -2.583161 -5.376384 -7.805172 0.828041 1.60824 -1.000004 -0.0 0.0 
0.0 0.0 0.0 0.0 -0.0 0.0 4.696353 96.802002 47.664078 93.092728 6.907394 96.949188 6.000262 -2.626464 -0.535397 -9.588026 -1.077144 -2.91621 26.844547 1.879869 -3.979492 32.406185 5.828967 2.280946 -2.721004 -0.880888 -0.947297 -40.306145 -4.417282 1.413293 6e-06 0.0 -0.0 -0.01461 0.018355 -0.021865 -0.059786 -0.016318 -0.000663 -0.071632 0.050007 -0.031716 -54.481571 -81.8965 70.640312 66.755745 -37.645477 -21.824884 42.214115 0.143908 0.181124 3.192823 14.604007 -1.751504 17.636761 -26.322912 52.411602 -19.46689 -14.39568 29.410706 1.1e-05 -8.774935 -7e-06 15.631691 -18.775566 6.166438 -0.609787 -1.795674 -3.889355 -4.807154 -11.046963 -2.937891 -2.4e-05 -20.976372 -2.7e-05 -5.020058 -25.034126 -4.03201 5e-06 0.0 1e-06 -10.634625 -5.687048 -3.565614 10.573352 -17.92317 -3.113953 -1.3e-05 -13.821433 -2.4e-05 -0.501757 -31.182228 -4.027192 -11.469986 -59.482712 6.825459 -13.98283 -7.150293 -2.875062 13.772849 -8.40158 -3.218275 0.347718 -34.212189 0.7716 -0.963044 -17.733759 2.621031 1e-06 -1e-06 -0.0 -17.346596 -20.095457 -4.201807 21.757771 -1.638358 3.866482 -6e-06 -6.338923 -1e-05 -1.697615 -22.592237 -6.194182 -1e-06 -1e-06 -4e-06 55.123867 -77.239334 149.8078 35.288181 -58.549435 22.448475 18.260027 1.216034 0.763882 0.931137 15.857746 -10.593682 22.182329 -20.376129 49.933739 -16.701982 -16.743767 28.476856 3.3e-05 -12.690822 7e-06 16.66013 -17.43615 2.208364 -0.105922 -1.513867 -4.275917 -5.039121 -5.612958 -2.953579 -3e-05 -11.020718 1.6e-05 -6.111477 -15.895706 -3.840528 0.0 2e-06 1e-06 -10.283488 -5.680361 -4.341862 11.028418 -11.302529 -2.372652 -1.384337 -14.238835 -6.320205 -0.625537 -26.924803 -3.827682 -4.74111 -50.815941 -3.400229 -13.708683 -7.363576 -3.720951 18.141361 -14.052885 -3.242706 -5.2e-05 -18.787613 8e-06 -0.429747 -8.456233 2.555552 -0.0 0.0 2e-06 -15.923767 -20.094728 -5.47358 30.419621 -7.190849 1.735961 -1.9e-05 -8.163071 -1e-06 -1.861999 -22.862036 -6.168091 1e-06 -3e-06 -2e-06 -155.899033 2.410048 -7.951454 6.824932 0.021755 0.074995 -83.950134 5.564159 -3.157237 -5.655015 1.339812 2.168024 -1.000004 1e-06 0.0 -22.905298 -6.992179 -15.637792 3.066023 0.376874 0.022801 -69.024422 -1.771642 -8.679882 -7.718624 0.946473 1.492209 -1.000003 1e-06 0.0 
0.0 0.0 0.0 0.0 -0.0 0.0 4.284699 95.279953 54.644127 93.275482 7.240831 98.450096 5.61709 -2.702242 -0.566824 -9.585457 -1.361754 -3.057912 27.556005 1.90398 -4.018939 32.155495 6.759735 2.384593 -2.668633 -0.9538 -1.41104 -40.674259 -4.732395 1.061321 6e-06 -0.0 0.0 -0.012787 0.034067 -0.159747 -0.07828 -0.008089 -0.142028 -0.081966 0.074578 -0.162383 -50.189831 -81.878174 66.008194 68.240822 -34.373718 -22.954157 41.630596 -0.540952 -0.063069 4.133605 14.804729 -0.224264 17.636631 -26.322962 52.411827 -19.467041 -14.395824 29.410908 1e-05 -8.774982 2.3e-05 15.405883 -18.753967 6.308325 -0.609779 -1.795683 -3.889374 -4.80717 -11.047002 -2.937899 -1.3e-05 -20.976437 -5.7e-05 -5.02007 -25.03421 -4.032033 4e-06 1e-06 1e-06 -10.634652 -5.687068 -3.565608 10.57342 -17.923218 -3.114017 -1e-05 -13.821474 -4.1e-05 -0.501749 -31.182337 -4.027238 -11.468941 -59.708462 7.22447 -13.982874 -7.150316 -2.875048 13.772925 -8.401599 -3.218342 0.34773 -34.212299 0.771559 -0.963039 -17.733803 2.621013 1e-06 -0.0 0.0 -17.346655 -20.095526 -4.201797 21.757875 -1.638351 3.866431 -9e-06 -6.338941 -1.7e-05 -1.697615 -22.592314 -6.194222 -3e-06 -4e-06 -1e-06 52.835258 -76.086143 152.928589 31.813553 -59.6217 25.906214 16.188898 0.931278 0.607942 -0.41997 14.455234 -10.339052 22.182472 -20.376225 49.933723 -16.702045 -16.743793 28.476845 3e-06 -12.690845 -8e-06 16.490515 -17.135187 2.012398 -0.10592 -1.51387 -4.275922 -5.039121 -5.612957 -2.95358 2e-06 -11.020743 2.5e-05 -6.111459 -15.89571 -3.840506 -0.0 2e-06 -1e-06 -10.283511 -5.680354 -4.341866 11.028473 -11.302586 -2.372646 -1.384314 -14.238859 -6.320193 -0.625509 -26.924873 -3.827625 -4.395993 -50.360855 -4.06672 -13.708713 -7.363562 -3.720953 18.141443 -14.052968 -3.242698 -7e-06 -18.787664 2.9e-05 -0.429722 -8.456256 2.555573 2e-06 -3e-06 1e-06 -15.923785 -20.094744 -5.473581 30.419695 -7.190945 1.735975 1e-06 -8.163095 1e-06 -1.86196 -22.86207 -6.168064 0.0 -2e-06 -1e-06 -151.226486 1.174021 -8.048978 7.063746 0.002095 0.225085 -85.150711 6.996967 -3.461051 -6.55155 1.283537 2.196628 -1.000004 -0.0 0.0 -24.781878 -7.237134 -16.493412 1.363419 0.285156 0.311326 -72.741417 -1.678894 -10.977022 -7.739872 0.913401 1.404428 -1.000007 1e-06 -0.0 
0.0 0.0 0.0 0.0 -0.0 0.0 3.769359 93.658661 61.592972 93.275215 7.505752 99.858086 5.323626 -2.784763 -0.693775 -9.61685 -1.373254 -3.304352 27.392057 1.924438 -4.110965 32.218719 7.178138 2.198104 -2.679872 -1.213182 -1.636471 -40.980667 -4.676977 0.798642 7e-06 -0.0 0.0 0.008669 0.019149 -0.091025 -0.057082 -0.009531 -0.090301 -0.059534 0.047835 -0.080739 -41.748058 -81.123451 57.533348 70.255791 -34.302677 -25.688467 40.585861 -0.82599 -0.061494 4.037748 15.045314 0.729661 17.636736 -26.323042 52.411747 -19.466822 -14.39573 29.410727 -2e-06 -8.774918 2e-06 15.514812 -18.616415 6.358757 -0.609783 -1.795662 -3.889359 -4.807128 -11.0469 -2.937878 1e-05 -20.976254 1.4e-05 -5.020029 -25.033928 -4.031933 5e-06 -1e-06 2e-06 -10.634605 -5.687006 -3.56562 10.573367 -17.923105 -3.113926 -0.0 -13.821363 1.7e-05 -0.501792 -31.182011 -4.02705 -11.538333 -60.029968 7.388167 -13.982805 -7.150244 -2.875074 13.772847 -8.401564 -3.218273 0.347716 -34.211994 0.771715 -0.963073 -17.733656 2.621101 0.0 0.0 -0.0 -17.346537 -20.095346 -4.201822 21.75774 -1.638391 3.866463 1e-06 -6.338894 1e-05 -1.697606 -22.592083 -6.194092 -2e-06 -4e-06 -1e-06 55.728958 -76.024643 150.294083 28.785118 -62.057278 30.167122 14.485566 0.726104 0.617836 -1.831577 12.849115 -11.02683 22.182253 -20.376043 49.933586 -16.701979 -16.743607 28.476746 -2.7e-05 -12.69069 -2e-06 16.490166 -17.174265 2.027604 -0.10592 -1.513868 -4.275906 -5.039064 -5.61291 -2.953579 2.6e-05 -11.020648 -7e-06 -6.11131 -15.895556 -3.840524 -1e-06 -1e-06 1e-06 -10.283417 -5.680314 -4.341865 11.028378 -11.30251 -2.372652 -1.384251 -14.238732 -6.320179 -0.62539 -26.924601 -3.82764 -4.366855 -50.41679 -3.897217 -13.708584 -7.363506 -3.720964 18.141279 -14.052879 -3.242708 3.8e-05 -18.787485 0.0 -0.429705 -8.456174 2.555546 -0.0 0.0 1e-06 -15.923594 -20.094597 -5.473626 30.419388 -7.190921 1.735928 1.8e-05 -8.163013 -3e-06 -1.861855 -22.861801 -6.168019 -1e-06 -2e-06 -2e-06 -147.998093 -0.550884 -8.185848 9.968558 -0.202284 0.597806 -85.16758 7.535862 -4.166654 -9.280101 1.418584 2.175314 -1.000001 0.0 0.0 -23.664953 -7.010822 -17.382948 3.74525 0.334719 0.35519 -74.261604 -0.998859 -10.723604 -8.195951 0.963084 1.406204 -1.000006 1e-06 1e-06 
0.0 0.0 0.0 0.0 -0.0 0.0 3.26461 92.810318 68.58448 90.730385 6.938281 100.761169 4.249923 -0.920928 -0.691728 -9.984191 -1.279829 -3.488689 27.290104 2.416976 -4.237466 31.541582 6.693425 2.225989 -2.663338 -1.166801 -2.008476 -40.169487 -4.733958 0.525118 6e-06 -0.0 0.0 0.005961 0.011847 -0.06779 -0.002959 -0.058922 -0.067522 -0.004583 0.08503 -0.05879 -49.053638 -82.015244 64.81472 69.99633 -34.854782 -26.241941 39.573292 -0.690527 -0.000892 3.664562 15.283484 0.758816 17.636652 -26.322771 52.411201 -19.466665 -14.395602 29.410406 -9e-06 -8.774828 -5e-06 15.610851 -18.576937 6.29427 -0.609776 -1.795654 -3.889328 -4.80708 -11.046808 -2.937852 2.6e-05 -20.976048 1.4e-05 -5.019948 -25.033628 -4.031869 7e-06 -1e-06 -2e-06 -10.634529 -5.686964 -3.565593 10.573286 -17.922966 -3.113895 1.2e-05 -13.821234 1.3e-05 -0.501755 -31.181623 -4.027 -11.184161 -59.721645 6.814174 -13.982708 -7.150191 -2.875048 13.772736 -8.401505 -3.218242 0.347756 -34.211628 0.771681 -0.963032 -17.733452 2.621061 1e-06 1e-06 -0.0 -17.346407 -20.095205 -4.201784 21.757557 -1.638393 3.86643 8e-06 -6.338835 6e-06 -1.697557 -22.591824 -6.194017 -1e-06 -2e-06 -5e-06 52.165367 -75.178673 153.682343 24.004044 -62.351597 34.978321 14.074464 0.629057 0.601031 -2.711615 11.727821 -12.299812 22.182121 -20.375923 49.933342 -16.701853 -16.743567 28.476593 5e-06 -12.690642 8e-06 16.357 -17.33922 2.193112 -0.10592 -1.513859 -4.275884 -5.039053 -5.612895 -2.953559 -0.0 -11.020591 -2e-06 -6.111336 -15.895485 -3.840488 -1e-06 -1e-06 -1e-06 -10.283385 -5.680304 -4.341835 11.028312 -11.302438 -2.372644 -1.384283 -14.238664 -6.320145 -0.625452 -26.924429 -3.827648 -4.512871 -50.624077 -3.775231 -13.708543 -7.363495 -3.720932 18.14118 -14.052781 -3.242687 -8e-06 -18.787386 -8e-06 -0.429721 -8.456118 2.555519 -1e-06 1e-06 -0.0 -15.923573 -20.094538 -5.473569 30.419271 -7.19082 1.735923 -3e-06 -8.162966 -5e-06 -1.861911 -22.861671 -6.168008 0.0 -3e-06 -0.0 -148.788666 -5.233696 -10.381654 17.835169 -0.461939 0.863095 -83.289749 8.940624 -4.887169 -15.133727 1.606063 2.12139 -1.000004 -1e-06 -1e-06 -24.445642 -4.291596 -17.562763 10.907342 0.315144 0.237002 -69.461922 -0.608793 -6.76912 -9.187102 1.011942 1.510943 -1.000002 0.0 1e-06 
0.0 0.0 0.0 0.0 -0.0 0.0 2.666537 92.404961 75.802383 87.171295 6.906579 100.877037 3.711622 1.185757 -0.801196 -10.257031 -0.932378 -3.679707 27.147684 3.563143 -4.053914 30.350294 5.578307 2.454 -2.670118 -1.164906 -2.180387 -39.897766 -4.836566 0.330816 6e-06 0.0 0.0 -0.034921 0.010455 -0.091106 -0.045754 -0.040694 -0.09746 -0.049379 0.066498 -0.077985 -65.009712 -82.432579 81.027206 69.354034 -36.855679 -27.14179 38.282459 -0.470005 -0.091728 3.985253 15.66284 0.509112 17.636644 -26.322943 52.411732 -19.466942 -14.395761 29.410805 6e-06 -8.774938 1.6e-05 15.684523 -18.210226 6.085647 -0.609779 -1.795674 -3.889363 -4.807147 -11.046951 -2.937895 -9e-06 -20.976334 -3.4e-05 -5.020051 -25.034056 -4.031997 7e-06 1e-06 1e-06 -10.634621 -5.687043 -3.565612 10.573383 -17.923155 -3.113979 -4e-06 -13.821409 -2.2e-05 -0.501755 -31.182142 -4.02717 -10.780858 -59.300674 6.364348 -13.982832 -7.150287 -2.875057 13.772874 -8.401578 -3.218311 0.347733 -34.212124 0.771613 -0.963044 -17.733713 2.621042 3e-06 -1e-06 1e-06 -17.346586 -20.095449 -4.201808 21.757788 -1.638364 3.86644 -3e-06 -6.338913 -8e-06 -1.697603 -22.59218 -6.194171 1e-06 -6e-06 -1e-06 49.185947 -75.440529 156.978653 22.723648 -62.182793 36.311127 14.372142 0.662048 0.497953 -2.685147 11.237746 -13.083376 22.182417 -20.376106 49.933662 -16.702028 -16.743702 28.476797 -5e-06 -12.690798 -1.7e-05 16.166361 -17.199697 2.263317 -0.10592 -1.51387 -4.275913 -5.039108 -5.612942 -2.953582 1.2e-05 -11.020702 -0.0 -6.111404 -15.895648 -3.84054 1e-06 -1e-06 -0.0 -10.283479 -5.680341 -4.34187 11.028437 -11.302552 -2.372652 -1.384289 -14.238811 -6.320205 -0.625429 -26.924761 -3.827674 -4.394173 -50.638405 -3.800861 -13.708666 -7.363544 -3.720968 18.141382 -14.052931 -3.242694 2.1e-05 -18.787582 -5e-06 -0.429708 -8.456216 2.555554 -2e-06 1e-06 -1e-06 -15.92371 -20.094687 -5.473613 30.419582 -7.190942 1.735972 1.3e-05 -8.163054 -3e-06 -1.861891 -22.861933 -6.168076 -2e-06 -2e-06 -1e-06 -151.967484 -11.319343 -11.645726 30.219097 -0.587375 0.888038 -76.537827 9.663368 -4.74081 -24.176342 1.749067 1.949485 -1.000004 0.0 -1e-06 -27.533581 -0.874462 -17.611229 21.855814 0.247805 0.077462 -64.139046 -1.983146 -2.71971 -7.646935 0.856114 1.59371 -1.00001 0.0 -0.0 
0.0 0.0 0.0 0.0 -0.0 0.0 2.018225 92.288277 83.07695 84.616478 8.110658 100.232521 4.316495 2.209788 -0.739798 -10.050735 -0.471637 -3.723411 26.834152 4.575419 -3.580902 29.574808 5.016548 2.484181 -2.647683 -0.958566 -2.002557 -40.745083 -4.871743 0.734615 5e-06 0.0 0.0 -0.031127 0.014459 -0.058642 -0.074774 0.017953 -0.068194 -0.063928 0.014653 -0.047886 -66.493927 -81.701897 82.944046 70.343468 -41.153324 -29.273857 36.0742 0.062429 -0.180245 3.982026 15.481538 -0.958035 17.636696 -26.322971 52.411774 -19.466955 -14.395747 29.410835 4e-06 -8.774944 9e-06 15.803359 -17.781477 5.899515 -0.609783 -1.795676 -3.889365 -4.807146 -11.046961 -2.937901 0.0 -20.976374 -3.5e-05 -5.020036 -25.034117 -4.032013 7e-06 -1e-06 -0.0 -10.634627 -5.687041 -3.565617 10.573394 -17.923172 -3.113977 -2e-06 -13.82143 -1.8e-05 -0.501747 -31.182194 -4.027161 -10.569372 -59.250641 6.186084 -13.982834 -7.150286 -2.875066 13.772874 -8.401588 -3.218305 0.347739 -34.212181 0.771611 -0.963045 -17.733746 2.621047 0.0 -0.0 1e-06 -17.346588 -20.095459 -4.201824 21.757799 -1.638373 3.86646 -5e-06 -6.338925 -5e-06 -1.697591 -22.592243 -6.19419 -2e-06 -6e-06 1e-06 51.426769 -77.22963 155.129517 25.672155 -62.960365 33.757221 15.387109 0.801905 0.452159 -2.011299 11.398412 -13.612241 22.182434 -20.376116 49.933697 -16.702034 -16.743757 28.476818 9e-06 -12.690837 -1.6e-05 16.242447 -17.121563 2.26397 -0.105921 -1.51387 -4.275915 -5.039122 -5.61295 -2.953578 -3e-06 -11.020723 8e-06 -6.111456 -15.895698 -3.84054 -2e-06 -1e-06 -3e-06 -10.283501 -5.680354 -4.341869 11.028455 -11.302554 -2.372648 -1.384315 -14.238833 -6.320204 -0.625477 -26.924818 -3.827668 -4.247042 -50.810524 -3.678407 -13.708702 -7.363562 -3.720957 18.141422 -14.052929 -3.242702 -4e-06 -18.787619 5e-06 -0.42972 -8.456237 2.55556 -4e-06 0.0 1e-06 -15.923768 -20.094717 -5.473598 30.419662 -7.190916 1.735981 1e-06 -8.163069 -4e-06 -1.86195 -22.862005 -6.168093 -1e-06 -1e-06 -1e-06 -156.546951 -16.120872 -10.212534 45.503021 -0.784516 0.852566 -67.565491 8.792364 -4.542068 -23.419807 1.703581 1.883659 -1.000005 -0.0 0.0 -27.445072 1.917315 -18.487373 30.822687 0.184945 0.038612 -65.365791 -2.455563 -0.60371 -6.050885 0.750751 1.629863 -1.000003 -0.0 0.0 
0.0 0.0 0.0 0.0 -0.0 0.0 1.427124 92.738419 89.995605 83.22187 9.664762 99.326508 5.289289 2.600763 -0.395988 -9.767561 -0.135752 -3.162344 26.803259 4.973235 -3.185738 29.528629 5.618711 2.071243 -2.72156 -0.871831 -1.622137 -41.695206 -4.741849 0.927677 6e-06 -0.0 0.0 -0.035607 0.012747 -0.035178 -0.030717 0.033471 -0.016079 0.000545 -0.007616 -0.054034 -63.209221 -81.351891 80.771629 72.401428 -44.447212 -29.739944 31.253222 0.747135 -0.174454 3.288741 14.089916 -3.958102 17.636662 -26.322794 52.411327 -19.466749 -14.395654 29.410522 1.1e-05 -8.774879 -1e-06 15.81259 -17.677319 5.894296 -0.609777 -1.795661 -3.889334 -4.807127 -11.04688 -2.937862 -2.2e-05 -20.976183 -4e-06 -5.02004 -25.033848 -4.031935 5e-06 1e-06 -0.0 -10.634572 -5.687006 -3.56559 10.573304 -17.923037 -3.113919 -1.1e-05 -13.821311 -1e-05 -0.501805 -31.18186 -4.027081 -10.519422 -59.364849 6.178665 -13.982763 -7.15024 -2.87504 13.772782 -8.401522 -3.218259 0.3477 -34.211853 0.771652 -0.963054 -17.73357 2.621036 -2e-06 -1e-06 -2e-06 -17.346502 -20.09532 -4.201774 21.757656 -1.638354 3.866442 -4e-06 -6.33887 -3e-06 -1.697622 -22.591995 -6.194083 0.0 -7e-06 -0.0 53.454243 -78.757713 153.492508 30.983662 -62.739422 28.035917 17.274122 0.725175 0.46258 -1.083583 12.603465 -14.349428 22.182261 -20.375895 49.933365 -16.701923 -16.743584 28.476593 -3e-06 -12.690695 -1.5e-05 16.637974 -17.163708 2.306338 -0.105921 -1.513864 -4.275891 -5.039074 -5.612906 -2.953562 9e-06 -11.020611 -1.4e-05 -6.111351 -15.89551 -3.840516 -1e-06 -0.0 1e-06 -10.283425 -5.680315 -4.341843 11.028361 -11.30247 -2.372643 -1.384281 -14.238705 -6.320162 -0.62541 -26.924517 -3.827657 -4.499571 -51.563118 -3.162428 -13.708599 -7.363511 -3.720941 18.141266 -14.052824 -3.242686 2.7e-05 -18.787432 -2.6e-05 -0.429696 -8.456137 2.555518 -1e-06 1e-06 -0.0 -15.923634 -20.094578 -5.473587 30.419392 -7.190872 1.735962 1.1e-05 -8.162985 -1.5e-05 -1.861875 -22.861723 -6.168047 1e-06 -6e-06 -2e-06 -162.680389 -18.674845 -6.813951 59.985447 -1.060654 0.60468 -61.591148 6.276089 -5.238561 -11.424767 1.653287 2.318354 -1.000001 0.0 0.0 -23.696798 4.074816 -19.903418 34.695564 0.258271 -0.056525 -69.106056 -1.225428 2.375448 -5.402568 0.699788 1.647821 -1.000006 0.0 -0.0 
0.0 0.0 0.0 0.0 -0.0 0.0 0.944021 93.73671 96.414833 82.577751 10.984283 99.217583 5.923294 2.860645 -0.051649 -9.512529 -0.0106 -2.55641 27.183765 4.854608 -2.887727 29.717897 6.843707 1.799958 -2.609614 -0.970051 -1.452195 -41.803055 -4.677213 0.829038 6e-06 0.0 -0.0 -0.021441 0.013885 -0.082724 0.020063 0.001175 -0.05473 0.067471 0.024246 -0.109139 -67.941528 -81.764481 86.830933 73.864677 -45.856232 -27.336996 23.685514 0.935927 -0.128627 2.521343 10.942878 -5.951129 17.636641 -26.322828 52.411427 -19.466806 -14.395676 29.41061 -1e-05 -8.774879 6e-06 15.76611 -17.809877 5.907926 -0.609777 -1.795663 -3.889344 -4.807104 -11.046868 -2.937873 2.6e-05 -20.976179 -1.9e-05 -5.019969 -25.033831 -4.031941 5e-06 2e-06 -2e-06 -10.634565 -5.686991 -3.565601 10.573337 -17.92305 -3.113941 1.4e-05 -13.821311 -7e-06 -0.501729 -31.18186 -4.027076 -10.802921 -59.300686 6.378387 -13.982753 -7.15022 -2.875049 13.772797 -8.40154 -3.218278 0.347767 -34.211842 0.771639 -0.963032 -17.733572 2.621058 1e-06 1e-06 1e-06 -17.346466 -20.095293 -4.201802 21.757654 -1.638388 3.866432 6e-06 -6.338866 -1e-06 -1.69756 -22.591974 -6.194096 -0.0 -3e-06 -4e-06 49.294888 -78.92379 157.704178 36.389072 -60.31818 22.347994 18.630466 0.58207 0.342031 -0.467663 14.303904 -16.574345 22.182213 -20.375999 49.933475 -16.701954 -16.743631 28.476702 -1.5e-05 -12.690705 6e-06 16.754021 -17.171907 2.459589 -0.105918 -1.513864 -4.2759 -5.039068 -5.612912 -2.953569 8e-06 -11.02064 2e-06 -6.111351 -15.895556 -3.840513 0.0 0.0 -1e-06 -10.283415 -5.680314 -4.341849 11.02837 -11.302496 -2.372655 -1.384268 -14.238729 -6.32017 -0.625418 -26.924589 -3.827644 -4.702031 -51.711361 -2.855276 -13.708586 -7.363508 -3.720947 18.141277 -14.052856 -3.242709 2e-05 -18.787476 -6e-06 -0.42971 -8.456166 2.555537 -0.0 2e-06 2e-06 -15.923606 -20.094585 -5.473592 30.419403 -7.190886 1.735919 7e-06 -8.163006 -3e-06 -1.861889 -22.861797 -6.168031 0.0 -3e-06 -1e-06 -170.076172 -19.732134 -2.669846 71.232101 -1.020195 0.40294 -63.70644 4.256703 -5.256485 -8.372652 1.609047 2.553389 -1.000001 0.0 0.0 -17.968365 5.935773 -21.078329 34.896671 0.194855 -0.177038 -74.696777 -0.172134 3.532087 -5.138769 0.641264 1.643392 -1.000005 -0.0 0.0 
0.0 0.0 0.0 0.0 -0.0 0.0 0.674622 95.282051 102.469276 82.774544 11.88115 99.196632 6.201585 2.857733 0.290081 -9.337136 -0.039873 -1.870626 27.70565 4.241095 -2.428702 30.256376 8.039398 1.886258 -2.508548 -0.976276 -1.770147 -41.041882 -4.652077 0.271648 6e-06 0.0 0.0 -0.020848 0.016722 -0.174356 0.070244 -0.033072 -0.132246 0.119933 0.063601 -0.215216 -79.06823 -82.0765 99.225471 74.255417 -47.043701 -23.58618 15.886175 0.676027 -0.078224 1.185989 6.814967 -5.816825 17.6367 -26.322966 52.411701 -19.466873 -14.395744 29.410765 1.6e-05 -8.774941 8e-06 16.018608 -17.983847 5.892311 -0.609784 -1.795672 -3.889359 -4.807161 -11.046947 -2.937884 -3.3e-05 -20.976334 -1.2e-05 -5.020079 -25.034081 -4.032 5e-06 -1e-06 3e-06 -10.634627 -5.687039 -3.56561 10.573362 -17.923134 -3.113952 -1.9e-05 -13.821408 -1.4e-05 -0.501798 -31.182146 -4.027151 -11.193604 -59.469475 6.71547 -13.982837 -7.150282 -2.875052 13.772862 -8.401557 -3.218292 0.347679 -34.212109 0.771645 -0.963075 -17.733711 2.621045 -1e-06 3e-06 -3e-06 -17.346601 -20.095428 -4.201798 21.757792 -1.638348 3.866462 -9e-06 -6.338913 -6e-06 -1.697639 -22.592192 -6.194159 1e-06 -4e-06 -4e-06 42.704617 -78.829636 164.469177 42.038395 -56.430264 17.201889 19.202841 0.331649 0.300847 -1.10263 14.91442 -18.7582 22.182203 -20.375963 49.933483 -16.701899 -16.743631 28.47666 6e-06 -12.690705 -2e-06 16.664005 -17.25243 2.503632 -0.10592 -1.513861 -4.275896 -5.039077 -5.612907 -2.953566 -4e-06 -11.02061 1e-06 -6.11137 -15.89551 -3.840505 -1e-06 -1e-06 -2e-06 -10.283424 -5.680321 -4.341845 11.028353 -11.302457 -2.372642 -1.384292 -14.238696 -6.320162 -0.625453 -26.9245 -3.827646 -4.734221 -51.318371 -2.933775 -13.708594 -7.363518 -3.72094 18.141256 -14.052804 -3.242692 -5e-06 -18.787428 -3e-06 -0.429718 -8.456137 2.555531 -1e-06 2e-06 -1e-06 -15.923642 -20.094585 -5.473584 30.419405 -7.190839 1.735944 -3e-06 -8.16299 -2e-06 -1.86193 -22.861736 -6.168026 1e-06 -1e-06 -3e-06 -177.870804 -18.86684 0.477119 77.635193 -0.66418 0.302976 -68.454948 2.170949 -4.318728 -8.430015 1.613191 2.460673 -1.000003 0.0 1e-06 -10.935061 7.450984 -21.137348 31.214628 0.151926 -0.253857 -77.579308 0.467193 3.4254 -5.138374 0.626294 1.642735 -1.000001 1e-06 -0.0 
0.0 0.0 0.0 0.0 -0.0 0.0 0.604689 96.887604 108.234741 83.702919 12.325277 98.776886 6.558027 2.636886 0.682326 -9.174294 -0.069207 -0.937857 27.725218 3.178974 -1.799532 30.879589 8.666016 2.134136 -2.464465 -0.980831 -2.186032 -39.969933 -4.506804 -0.482524 5e-06 0.0 -0.0 -0.023433 0.019818 -0.202057 0.092833 -0.049209 -0.146368 0.141138 0.085791 -0.259348 -88.811203 -81.489197 109.953278 73.063644 -49.518028 -20.326979 11.162875 0.294559 -0.016141 0.012834 3.065127 -4.008547 17.636829 -26.32305 52.411636 -19.466934 -14.395773 29.41073 -1e-05 -8.774958 -3e-06 16.444918 -18.034733 5.856814 -0.60978 -1.795671 -3.889361 -4.807137 -11.046946 -2.937876 2.5e-05 -20.976362 1.2e-05 -5.020044 -25.034061 -4.03193 6e-06 -2e-06 1e-06 -10.634632 -5.68702 -3.565612 10.573426 -17.923193 -3.113946 1.6e-05 -13.821437 7e-06 -0.50176 -31.182198 -4.027076 -11.46309 -59.812 6.981565 -13.982844 -7.150257 -2.875058 13.772908 -8.401609 -3.218287 0.347767 -34.212196 0.771684 -0.963047 -17.733755 2.621101 -2e-06 -2e-06 -1e-06 -17.346584 -20.095411 -4.201804 21.757826 -1.638415 3.866462 8e-06 -6.338923 1e-06 -1.69759 -22.592205 -6.194118 1e-06 -3e-06 -1e-06 37.761047 -79.808235 168.970917 47.376091 -52.878391 13.153732 19.334312 0.08356 0.246528 -1.91737 14.370616 -19.962847 22.182434 -20.376143 49.93375 -16.702171 -16.743774 28.476927 -2.4e-05 -12.690854 -5e-06 16.460133 -17.237503 2.553795 -0.105916 -1.513879 -4.275926 -5.039114 -5.612969 -2.953595 2.1e-05 -11.020779 -7e-06 -6.111418 -15.895785 -3.840549 0.0 -1e-06 -3e-06 -10.283498 -5.680356 -4.341872 11.028492 -11.302625 -2.372683 -1.384274 -14.238909 -6.320238 -0.625406 -26.925013 -3.8277 -4.76617 -50.699192 -3.048474 -13.708696 -7.363563 -3.720964 18.141479 -14.053019 -3.242748 4.6e-05 -18.787712 -2.1e-05 -0.429694 -8.456285 2.555556 -2e-06 2e-06 3e-06 -15.923739 -20.094751 -5.473619 30.419712 -7.190995 1.735938 2e-05 -8.163105 -1.6e-05 -1.861866 -22.862125 -6.168137 -0.0 -2e-06 -3e-06 174.52002 -16.583969 1.393474 79.305847 -0.263761 0.232226 -71.864563 -0.000639 -3.225214 -8.537845 1.599306 2.283615 -0.999999 -1e-06 -0.0 -3.62904 8.34106 -19.913237 25.658503 0.139575 -0.229477 -78.612541 0.525018 2.715619 -5.257699 0.604843 1.639352 -1.000007 -0.0 0.0 
0.0 0.0 0.0 0.0 -0.0 0.0 0.663837 98.19043 114.019882 85.218323 12.194118 97.804779 6.933643 2.188514 1.08644 -9.032973 -0.073273 0.222962 27.315508 1.856199 -0.968914 31.19792 8.311421 2.398585 -2.498359 -0.950368 -2.613969 -38.95454 -4.22036 -1.145393 6e-06 0.0 -0.0 -0.021606 0.022508 -0.185137 0.101983 -0.050696 -0.122586 0.141866 0.09221 -0.25257 -95.800743 -79.912537 117.566216 69.31736 -52.810268 -17.186161 10.415316 0.057216 0.04122 -0.250808 0.457843 -2.339134 17.636656 -26.322912 52.411514 -19.466816 -14.3957 29.410658 1.3e-05 -8.774907 1e-05 16.630455 -18.106688 5.93716 -0.60978 -1.795664 -3.889348 -4.807137 -11.046918 -2.937869 -3.5e-05 -20.976282 -2e-06 -5.020072 -25.033998 -4.031952 7e-06 1e-06 2e-06 -10.634588 -5.687019 -3.5656 10.57332 -17.923094 -3.113931 -2.2e-05 -13.821377 -4e-06 -0.50181 -31.182068 -4.027114 -11.750877 -60.247597 7.45517 -13.982788 -7.150259 -2.875045 13.772816 -8.401544 -3.218278 0.347664 -34.212048 0.771662 -0.963074 -17.733688 2.621041 4e-06 -1e-06 -1e-06 -17.34654 -20.095371 -4.201777 21.757715 -1.638347 3.866447 -1.2e-05 -6.338902 0.0 -1.697639 -22.592142 -6.194126 -2e-06 -4e-06 -2e-06 33.247631 -81.825554 172.504272 51.618496 -49.660664 9.670382 19.781973 -0.081634 0.165433 -1.99438 13.329981 -19.256189 22.18218 -20.375967 49.933514 -16.701883 -16.743645 28.476683 1.4e-05 -12.690701 8e-06 16.284292 -17.221098 2.665494 -0.10592 -1.513859 -4.275895 -5.039078 -5.612906 -2.953566 -1e-05 -11.020599 1e-06 -6.111374 -15.895498 -3.840512 -1e-06 -0.0 1e-06 -10.283422 -5.68032 -4.341844 11.028344 -11.30244 -2.372651 -1.384297 -14.238679 -6.320166 -0.625464 -26.92445 -3.827656 -4.749145 -50.25864 -3.070376 -13.708593 -7.363518 -3.720939 18.141243 -14.05278 -3.2427 -2e-05 -18.787401 -2e-06 -0.429725 -8.456126 2.555526 0.0 2e-06 -1e-06 -15.923642 -20.094582 -5.473581 30.419392 -7.190815 1.735937 -8e-06 -8.162978 -3e-06 -1.861946 -22.861696 -6.168022 -1e-06 -1e-06 -3e-06 167.719589 -13.394546 0.201597 76.137054 0.096904 0.030203 -73.489861 -1.830517 -2.620823 -8.564673 1.552387 2.118501 -1.000003 1e-06 1e-06 3.346931 8.335354 -17.664902 19.601748 0.123876 -0.172711 -78.971451 0.502229 1.826023 -5.412858 0.571408 1.633766 -1.000002 -0.0 -0.0 
0.0 0.0 0.0 0.0 -0.0 0.0 0.832915 98.988609 119.870697 86.963249 11.449357 96.23587 7.065894 1.610674 1.421883 -8.984884 -0.014357 1.532271 26.757471 0.458959 0.084343 31.200056 6.908702 2.609072 -2.58568 -0.822787 -2.948706 -38.124508 -3.870828 -1.58953 6e-06 -0.0 0.0 -0.014639 0.024319 -0.148183 0.112895 -0.050298 -0.085167 0.143814 0.094116 -0.218813 -100.641998 -77.600929 122.753448 62.484093 -56.192535 -12.732762 12.724532 0.076791 0.115111 0.333671 -1.161386 -2.500409 17.63677 -26.322878 52.411369 -19.466789 -14.395693 29.410545 3e-06 -8.774912 -9e-06 16.653448 -18.219463 6.037734 -0.60978 -1.795663 -3.88934 -4.807133 -11.046896 -2.937859 -6e-06 -20.976246 1.8e-05 -5.020052 -25.033926 -4.031919 6e-06 -2e-06 1e-06 -10.634603 -5.687006 -3.565592 10.573349 -17.923088 -3.113908 -4e-06 -13.821357 9e-06 -0.501803 -31.181995 -4.027049 -12.057632 -60.749554 8.036074 -13.982801 -7.150241 -2.875042 13.772835 -8.401551 -3.218253 0.347718 -34.211967 0.771688 -0.963048 -17.733643 2.621071 0.0 -1e-06 1e-06 -17.34655 -20.095337 -4.201771 21.757732 -1.638383 3.866461 -0.0 -6.338894 5e-06 -1.697618 -22.592079 -6.19408 1e-06 -4e-06 -4e-06 26.434566 -84.477882 178.119675 54.324047 -46.19397 6.983183 21.227955 -0.134171 0.110762 -1.080373 12.049131 -17.049215 22.182228 -20.375959 49.933525 -16.70192 -16.743649 28.476706 2.4e-05 -12.690732 -1e-06 16.209551 -17.329819 2.76378 -0.105922 -1.513867 -4.275903 -5.03909 -5.612926 -2.953571 -1.6e-05 -11.020639 -4e-06 -6.111402 -15.895574 -3.840528 -0.0 -1e-06 1e-06 -10.28344 -5.680341 -4.341851 11.028362 -11.302472 -2.372653 -1.384308 -14.238737 -6.320186 -0.625469 -26.924578 -3.827697 -4.646372 -50.204147 -3.081175 -13.708617 -7.363542 -3.720942 18.14127 -14.052818 -3.242702 -2e-05 -18.787464 -2.1e-05 -0.429724 -8.456154 2.555521 -1e-06 1e-06 1e-06 -15.923676 -20.094641 -5.473586 30.419447 -7.190827 1.735949 -9e-06 -8.163003 -1.1e-05 -1.861941 -22.861792 -6.168075 -2e-06 -2e-06 -2e-06 162.012436 -9.94276 -2.059952 68.240463 0.299774 -0.334482 -73.777687 -2.651032 -3.046219 -8.638408 1.510545 2.055627 -1.000005 -1e-06 -0.0 9.635721 7.486014 -14.967233 13.624025 0.092499 -0.108474 -79.309471 0.553018 1.012005 -5.553504 0.547859 1.632327 -1.000005 1e-06 0.0 
0.0 0.0 0.0 0.0 -0.0 0.0 1.109988 99.160309 125.730095 88.403664 10.284955 94.160011 6.81987 1.260077 1.581475 -9.095798 0.13058 2.811822 26.30747 -0.845646 1.351005 31.097193 4.633669 2.64484 -2.640187 -0.682472 -2.938709 -37.592934 -3.518532 -1.875298 5e-06 0.0 0.0 -0.000463 0.020685 -0.079408 0.11811 -0.061869 -0.024205 0.138441 0.096658 -0.142966 -103.984894 -74.89679 126.40493 53.617855 -58.753887 -6.624712 16.016649 0.221383 0.223556 1.004809 -2.035789 -3.500268 17.636814 -26.322985 52.411636 -19.46686 -14.395768 29.410686 9e-06 -8.774956 -7e-06 16.711857 -18.33857 6.024219 -0.609783 -1.795668 -3.889357 -4.807161 -11.046925 -2.937872 -1.2e-05 -20.976284 -1e-06 -5.020077 -25.033978 -4.031972 5e-06 -6e-06 -0.0 -10.63465 -5.687027 -3.565609 10.573394 -17.923124 -3.113933 -8e-06 -13.821381 2e-06 -0.501799 -31.182034 -4.027105 -12.200933 -60.971031 8.367353 -13.982866 -7.15027 -2.875054 13.772898 -8.401562 -3.218275 0.347707 -34.212044 0.771675 -0.963056 -17.733662 2.621066 -1e-06 -2e-06 0.0 -17.346634 -20.095409 -4.201796 21.757835 -1.63838 3.86648 -3e-06 -6.338903 1e-06 -1.697639 -22.592121 -6.194126 1e-06 -6e-06 -2e-06 8.997824 -87.456009 -165.664841 55.845833 -42.262615 4.827441 23.735634 -0.279748 0.045142 0.538212 10.81041 -14.858819 22.182341 -20.376104 49.933819 -16.702078 -16.743727 28.476929 1.8e-05 -12.690819 -0.0 16.201714 -17.525637 2.775128 -0.105922 -1.513879 -4.275923 -5.039119 -5.612976 -2.953597 -1.5e-05 -11.020756 -8e-06 -6.111453 -15.895773 -3.840562 -0.0 -0.0 0.0 -10.283487 -5.680379 -4.341876 11.028432 -11.302582 -2.372674 -1.384311 -14.238899 -6.320257 -0.62547 -26.92495 -3.827762 -4.534928 -50.287022 -3.152304 -13.708681 -7.36359 -3.720967 18.141388 -14.052949 -3.242736 -1.1e-05 -18.78767 -3.6e-05 -0.429725 -8.456258 2.555546 1e-06 -1e-06 -2e-06 -15.923748 -20.09479 -5.473619 30.419617 -7.190891 1.735951 -7e-06 -8.163088 -2e-05 -1.861933 -22.862091 -6.168171 -2e-06 -4e-06 -1e-06 157.963974 -6.916752 -4.086717 55.979767 0.205578 -0.583398 -72.736404 -2.512929 -4.779682 -8.699134 1.523012 2.080914 -1.000007 -1e-06 -0.0 14.8806 6.225344 -12.37895 8.519197 0.059832 -0.007408 -80.022049 0.624821 0.43738 -5.560414 0.574324 1.648493 -1.000008 0.0 -0.0 
0.0 0.0 0.0 0.0 -0.0 0.0 1.511819 98.711365 131.577011 89.000008 9.284619 91.670624 6.410933 1.549678 1.671585 -9.288185 0.301119 3.760101 26.074978 -1.853172 2.801176 31.223675 1.844418 2.556442 -2.679547 -0.525519 -2.711043 -37.482391 -3.171293 -1.862493 6e-06 -0.0 -0.0 0.007101 0.013728 -0.012302 0.078679 -0.064015 0.025524 0.10059 0.082421 -0.057233 -106.062645 -72.068916 128.884491 44.295933 -60.379517 -0.381487 18.693951 0.312308 0.291624 1.088809 -2.218037 -3.68863 17.636629 -26.322681 52.411053 -19.466675 -14.395596 29.410358 -1e-06 -8.774838 -5e-06 16.673717 -18.453951 6.083575 -0.609774 -1.795655 -3.88932 -4.807095 -11.046824 -2.937847 3e-06 -20.97608 -1e-06 -5.019987 -25.033684 -4.031899 8e-06 -3e-06 2e-06 -10.634531 -5.686974 -3.565578 10.573277 -17.922972 -3.113902 2e-06 -13.821249 -2e-06 -0.50177 -31.181675 -4.027042 -12.275363 -60.901138 8.560565 -13.982712 -7.150201 -2.87503 13.772736 -8.4015 -3.218242 0.347737 -34.21167 0.771645 -0.963025 -17.733477 2.621028 0.0 -1e-06 0.0 -17.346422 -20.095224 -4.201758 21.757574 -1.638372 3.866426 1e-06 -6.33884 -1e-06 -1.697589 -22.591866 -6.19404 -0.0 -3e-06 -2e-06 -104.178177 -88.362312 -53.703983 56.918957 -37.832577 2.888147 26.705166 -0.520407 -0.141901 1.983103 9.879214 -13.548055 22.182116 -20.375895 49.933285 -16.701826 -16.743559 28.476557 -3e-06 -12.690636 4e-06 16.180229 -17.682688 2.744513 -0.105918 -1.513856 -4.275878 -5.039049 -5.612876 -2.953556 5e-06 -11.020559 1e-06 -6.111321 -15.895423 -3.840488 -0.0 0.0 0.0 -10.283373 -5.680287 -4.341831 11.02831 -11.302415 -2.372634 -1.384272 -14.238624 -6.320138 -0.625432 -26.924358 -3.827623 -4.444191 -50.292938 -3.298432 -13.708529 -7.363475 -3.720929 18.141178 -14.052748 -3.242681 4e-06 -18.787331 -1e-06 -0.429714 -8.456094 2.555519 1e-06 1e-06 1e-06 -15.923552 -20.094477 -5.473566 30.419262 -7.190827 1.735925 1e-06 -8.162952 2e-06 -1.861905 -22.861616 -6.167978 -0.0 -3e-06 -1e-06 156.393127 -5.385611 -5.593229 39.704639 0.056669 -0.618177 -71.171822 -2.387416 -7.293216 -8.340698 1.533163 2.126589 -1.000001 1e-06 0.0 18.955574 5.095485 -10.144802 5.823019 0.057451 0.079288 -81.49456 0.845111 0.042164 -5.459033 0.652593 1.678292 -1.000003 -0.0 -0.0 
0.0 0.0 0.0 0.0 -0.0 0.0 2.016424 97.737862 137.587402 88.431969 8.842967 88.903976 6.12661 2.561127 1.802354 -9.404389 0.514588 4.366799 25.970783 -2.268377 4.121441 31.598703 -0.97684 2.583148 -2.635251 -0.449563 -2.503482 -37.895252 -2.862539 -1.498457 6e-06 -0.0 -0.0 0.020648 0.008301 0.067097 0.019312 -0.043348 0.079227 0.052227 0.048133 0.047473 -107.18853 -69.305817 130.698532 35.437366 -61.498367 4.55159 20.48987 0.425798 0.321644 0.799848 -1.899054 -3.528214 17.637035 -26.323349 52.411995 -19.46718 -14.395891 29.411007 -9e-06 -8.775072 -7e-06 16.523027 -18.6014 6.215458 -0.609784 -1.795691 -3.889388 -4.807194 -11.047108 -2.937899 8e-06 -20.976746 2.3e-05 -5.020163 -25.034616 -4.031976 6e-06 2e-06 1e-06 -10.634727 -5.687081 -3.565633 10.573542 -17.923458 -3.11397 8e-06 -13.821689 1e-05 -0.50179 -31.182922 -4.027141 -12.151515 -60.748051 8.531243 -13.982968 -7.150336 -2.875072 13.773053 -8.401726 -3.21831 0.347756 -34.21286 0.771698 -0.963059 -17.734118 2.621132 0.0 -2e-06 -0.0 -17.346756 -20.095644 -4.201804 21.758055 -1.638432 3.866513 6e-06 -6.339037 1e-06 -1.697622 -22.592707 -6.194226 -1e-06 -1e-05 -2e-06 -136.630203 -84.837227 -22.704958 58.002464 -33.134342 0.925384 29.292538 -0.773139 -0.351352 2.560294 8.624877 -12.955296 22.18236 -20.376171 49.934052 -16.702343 -16.743958 28.477215 -1.9e-05 -12.690966 3.8e-05 16.054884 -17.897339 2.780862 -0.105907 -1.513889 -4.275953 -5.039144 -5.613005 -2.953605 1.5e-05 -11.020825 -2.8e-05 -6.11147 -15.895876 -3.840595 0.0 -0.0 -0.0 -10.283545 -5.680397 -4.341881 11.02857 -11.302654 -2.372748 -1.384274 -14.23898 -6.320303 -0.625359 -26.925142 -3.827807 -4.590037 -50.309254 -3.290502 -13.708763 -7.36361 -3.720962 18.141605 -14.053052 -3.242843 3.6e-05 -18.787777 -6e-05 -0.429709 -8.456306 2.555549 -2e-06 0.0 0.0 -15.923833 -20.09487 -5.473637 30.419945 -7.190977 1.735857 8e-06 -8.163126 -2.6e-05 -1.861897 -22.862209 -6.168213 -0.0 -2e-06 -1e-06 156.845978 -5.810263 -6.134045 22.022327 0.042475 -0.422745 -71.216423 -3.199074 -9.297668 -7.896777 1.644836 2.092032 -1.000001 -1e-06 1e-06 22.732903 4.5467 -8.259268 5.126449 0.079787 0.039059 -83.235718 1.282525 -0.360872 -5.67018 0.637786 1.685346 -1.000005 0.0 0.0 
0.0 0.0 0.0 0.0 -0.0 0.0 2.534515 96.292213 143.777603 87.189575 8.822854 86.359032 5.929884 3.57635 1.759985 -9.429593 0.899541 5.016432 26.145714 -2.009549 4.762314 32.138233 -3.316864 2.65185 -2.695185 -0.389254 -2.346118 -38.594212 -2.724752 -1.071558 6e-06 0.0 -2e-06 0.029924 0.004374 0.047456 0.004202 -0.05639 0.062246 0.050613 0.049988 0.024838 -107.920914 -67.012756 131.952652 27.221649 -62.646152 8.003674 21.357365 0.559733 0.34916 0.692339 -1.456909 -3.552161 17.636656 -26.322796 52.411316 -19.466795 -14.395633 29.41054 -4e-06 -8.774867 0.0 16.446724 -18.79294 6.102308 -0.609776 -1.795663 -3.889339 -4.807104 -11.046876 -2.937866 1.4e-05 -20.976194 -1.6e-05 -5.019983 -25.033854 -4.031929 5e-06 -2e-06 1e-06 -10.634553 -5.686994 -3.565595 10.573318 -17.923058 -3.113935 1.1e-05 -13.821321 -1.1e-05 -0.501725 -31.181881 -4.027089 -12.137652 -60.676464 8.277967 -13.98274 -7.150226 -2.875048 13.772779 -8.401543 -3.218265 0.347763 -34.211868 0.771624 -0.963021 -17.73358 2.621037 0.0 -0.0 0.0 -17.346455 -20.095299 -4.201792 21.757629 -1.638382 3.866434 4e-06 -6.338874 -5e-06 -1.697566 -22.592009 -6.194098 -1e-06 -7e-06 -1e-06 -142.018097 -81.433609 -18.740633 59.079819 -27.229239 -0.365871 30.956036 -1.067044 -0.44998 2.44689 6.27541 -11.992182 22.182104 -20.375957 49.933498 -16.701918 -16.743628 28.476715 -9e-06 -12.690676 2.5e-05 15.812406 -18.087448 2.879174 -0.105916 -1.51386 -4.275896 -5.039055 -5.612894 -2.953568 6e-06 -11.020585 -1.1e-05 -6.111322 -15.895474 -3.840514 -0.0 -0.0 0.0 -10.283392 -5.680303 -4.341847 11.028338 -11.302445 -2.372664 -1.384263 -14.238668 -6.320174 -0.625401 -26.924435 -3.827671 -4.483911 -50.147873 -3.40381 -13.708554 -7.363492 -3.720943 18.141228 -14.052787 -3.242722 9e-06 -18.787384 -1.2e-05 -0.429719 -8.456118 2.555523 0.0 -0.0 0.0 -15.923572 -20.09454 -5.473596 30.419336 -7.190837 1.735889 1e-06 -8.16297 -4e-06 -1.861898 -22.861679 -6.168016 -2e-06 -4e-06 -1e-06 157.247589 -7.38818 -6.114788 8.725955 0.048409 -0.232539 -71.611588 -4.162745 -10.804268 -7.987368 1.800291 1.966646 -1.000002 -0.0 -0.0 26.687979 4.337919 -6.726327 5.308785 0.087852 0.026962 -84.922287 1.910673 -1.195587 -6.042109 0.561179 1.640779 -1.000003 0.0 0.0 
0.0 0.0 0.0 0.0 -0.0 0.0 3.126605 94.648674 150.334686 85.816315 9.327384 84.600624 6.085805 4.3462 1.708016 -9.367578 1.222869 5.359708 26.507494 -1.438164 4.884209 32.598831 -4.506784 2.549397 -2.759342 -0.156962 -2.396671 -39.605522 -2.76385 -0.491331 5e-06 1e-06 -1e-06 0.022851 0.007215 -0.042481 0.004167 -0.046825 -0.02273 0.044612 0.044337 -0.06814 -107.354599 -65.952148 131.624039 21.264755 -64.502579 9.510266 21.028734 0.783653 0.375478 0.865935 -0.311161 -4.585036 17.636768 -26.323017 52.411743 -19.466963 -14.39577 29.410801 -3e-06 -8.774956 5e-06 16.374598 -18.635952 5.963299 -0.60978 -1.795674 -3.889367 -4.807146 -11.046958 -2.937893 1.4e-05 -20.976379 -2e-05 -5.020041 -25.034107 -4.03198 7e-06 2e-06 1e-06 -10.634638 -5.687034 -3.565619 10.573416 -17.923191 -3.113967 8e-06 -13.821443 -9e-06 -0.501745 -31.182219 -4.027133 -12.111946 -60.76973 8.167071 -13.982851 -7.150278 -2.875065 13.772902 -8.401603 -3.2183 0.34776 -34.212189 0.771634 -0.963038 -17.733747 2.621066 -0.0 -3e-06 1e-06 -17.346598 -20.095446 -4.201818 21.757824 -1.638394 3.866462 3e-06 -6.338928 -4e-06 -1.697589 -22.592232 -6.194165 -1e-06 -6e-06 -1e-06 -146.581451 -78.443344 -15.648691 60.472015 -20.652748 -1.861063 31.300476 -1.186641 -0.362953 2.077153 2.988677 -9.71479 22.18227 -20.376101 49.933701 -16.701971 -16.743683 28.476805 -1.6e-05 -12.690732 6e-06 15.760138 -18.10264 2.828965 -0.10592 -1.513865 -4.275914 -5.039078 -5.612915 -2.95358 1.5e-05 -11.020638 1e-06 -6.111346 -15.895535 -3.840517 -0.0 1e-06 -0.0 -10.283438 -5.68032 -4.34187 11.028393 -11.302499 -2.372654 -1.384268 -14.238714 -6.320184 -0.625416 -26.924547 -3.827635 -4.226343 -49.802761 -3.569444 -13.708616 -7.363517 -3.720967 18.141312 -14.052867 -3.242707 1.8e-05 -18.787476 1.3e-05 -0.429714 -8.456164 2.555553 -0.0 -0.0 -0.0 -15.923642 -20.094614 -5.473624 30.419468 -7.190903 1.735925 7e-06 -8.163014 7e-06 -1.861909 -22.861786 -6.167999 -1e-06 -3e-06 -1e-06 156.203003 -9.006804 -6.708872 6.163562 0.027988 -0.081725 -72.399529 -4.57012 -11.056828 -7.969771 1.786318 1.928576 -1.000005 0.0 0.0 30.6719 4.159394 -5.884264 6.665024 -0.023459 0.113434 -85.646011 2.539332 -2.22001 -6.934725 0.549773 1.598283 -1.000008 1e-06 0.0 
0.0 0.0 0.0 0.0 -0.0 0.0 3.930067 93.178864 157.210541 85.365089 9.940433 83.379013 6.108252 4.476758 1.53346 -9.422071 1.419128 5.541748 26.802376 -1.200163 4.683357 33.127094 -4.259661 2.39955 -2.758127 -0.358361 -2.229573 -39.758064 -2.862031 -0.235096 6e-06 0.0 -1e-06 0.004027 0.003611 -0.050934 -0.069001 -0.022305 -0.037161 -0.053702 0.013665 -0.072164 -105.184349 -65.925072 129.849182 18.821503 -67.063072 8.971014 19.090231 1.184289 0.355675 0.561336 1.201768 -5.748494 17.636889 -26.323008 52.411472 -19.46686 -14.395761 29.410604 1e-06 -8.774957 -1.4e-05 16.626644 -18.193035 5.799066 -0.60978 -1.795666 -3.889349 -4.807149 -11.04693 -2.93786 4e-06 -20.976326 2.7e-05 -5.020088 -25.034025 -4.031921 8e-06 0.0 1e-06 -10.634643 -5.687015 -3.565598 10.573413 -17.923164 -3.113909 4e-06 -13.821418 1.6e-05 -0.501812 -31.182158 -4.027043 -12.211179 -61.001583 8.283079 -13.982859 -7.150253 -2.875045 13.772906 -8.401587 -3.218258 0.347733 -34.21212 0.771711 -0.963048 -17.733713 2.621094 -0.0 -1e-06 -0.0 -17.346619 -20.095388 -4.201769 21.757835 -1.638406 3.866481 3e-06 -6.338919 5e-06 -1.697628 -22.592178 -6.194093 0.0 -4e-06 -4e-06 -151.501923 -76.121071 -12.122559 61.865929 -14.545848 -4.807657 31.286898 -0.523363 -0.313828 0.989636 0.704757 -6.818033 22.182201 -20.376051 49.933708 -16.702133 -16.74375 28.47694 -9e-06 -12.6908 3e-05 15.890673 -17.796753 2.666453 -0.105912 -1.513877 -4.275923 -5.039093 -5.612958 -2.953587 5e-06 -11.02074 -2e-05 -6.111398 -15.895729 -3.840546 -1e-06 -1e-06 -0.0 -10.283454 -5.680361 -4.341859 11.028434 -11.30258 -2.372705 -1.384272 -14.238868 -6.320237 -0.6254 -26.924889 -3.827745 -4.186304 -49.364407 -3.543355 -13.708641 -7.363573 -3.720946 18.14139 -14.052957 -3.242785 1.7e-05 -18.787645 -5e-05 -0.42971 -8.456243 2.555528 -1e-06 -0.0 -1e-06 -15.923685 -20.094744 -5.473601 30.41959 -7.190904 1.735869 4e-06 -8.163071 -2.6e-05 -1.861889 -22.862026 -6.168141 -1e-06 -3e-06 -1e-06 156.876495 -9.235235 -8.805881 9.849607 0.135434 -0.060951 -73.330788 -3.266632 -10.081767 -8.310834 1.711034 2.024909 -1.0 0.0 -0.0 33.394932 2.747106 -5.822546 10.82515 -0.126603 0.281901 -85.237572 3.474936 -3.441966 -9.127402 0.629955 1.587299 -1.000006 0.0 -0.0 
0.0 0.0 0.0 0.0 -0.0 0.0 4.961039 92.462692 164.197845 86.626793 9.960896 82.385307 5.615064 3.447181 1.430211 -9.65517 1.540662 5.593018 26.839865 -1.462732 4.507251 33.627377 -3.302949 2.312052 -2.755212 -0.411023 -2.227944 -39.050545 -2.887259 -0.343265 6e-06 0.0 0.0 -0.000585 0.012333 -0.083196 -0.110609 -0.023141 -0.07094 -0.130401 0.035563 -0.103137 -106.50634 -66.312782 130.893082 18.319843 -68.214333 8.471714 15.971593 1.217341 0.316643 0.311006 1.146066 -5.599597 17.636761 -26.323008 52.411537 -19.466885 -14.395719 29.410671 -2e-06 -8.774926 0.0 16.769812 -17.947723 5.730079 -0.60978 -1.79567 -3.889354 -4.807133 -11.046945 -2.93787 0.0 -20.976349 9e-06 -5.020054 -25.034058 -4.03192 8e-06 -0.0 1e-06 -10.63461 -5.687022 -3.565605 10.573378 -17.923174 -3.113934 -1e-06 -13.82143 2e-06 -0.50178 -31.18218 -4.027084 -11.695692 -60.809975 8.220242 -13.982812 -7.150263 -2.875052 13.772856 -8.401591 -3.218276 0.347733 -34.212154 0.771671 -0.963048 -17.73373 2.621069 1e-06 -0.0 0.0 -17.346558 -20.095411 -4.201784 21.757755 -1.63839 3.866456 3e-06 -6.338923 -0.0 -1.697596 -22.592213 -6.19412 1e-06 -4e-06 -1e-06 -153.132263 -76.200897 -11.374864 61.711189 -8.72665 -10.164808 32.768677 0.626049 -0.038487 -1.551816 3.286102 -5.039148 22.182186 -20.376106 49.933819 -16.702003 -16.743692 28.476908 -8e-06 -12.690732 2.1e-05 15.952056 -18.021141 2.774272 -0.105918 -1.513868 -4.275921 -5.039078 -5.612926 -2.953588 7e-06 -11.020655 -1.1e-05 -6.111351 -15.895585 -3.840544 -0.0 -0.0 -1e-06 -10.283433 -5.680333 -4.341876 11.028386 -11.302504 -2.372678 -1.384265 -14.238755 -6.32022 -0.625399 -26.924627 -3.827703 -4.471173 -49.663738 -3.250846 -13.708607 -7.363532 -3.720969 18.141302 -14.052863 -3.242741 6e-06 -18.787498 -9e-06 -0.429724 -8.456172 2.555545 -0.0 2e-06 1e-06 -15.923634 -20.094646 -5.473632 30.419456 -7.190871 1.735891 -4e-06 -8.163018 2e-06 -1.861908 -22.861816 -6.168043 -1e-06 -3e-06 -1e-06 157.082352 -7.594813 -10.944852 17.362038 0.243039 -0.013335 -69.853134 -1.342876 -6.277045 -9.133956 1.602567 2.141865 -1.000002 -0.0 0.0 33.40247 -0.687671 -7.227769 18.374865 -0.316247 0.564014 -82.967758 4.731131 -3.745777 -14.685493 0.810534 1.584069 -1.000011 -0.0 -0.0 
0.0 0.0 0.0 0.0 -0.0 0.0 6.059298 92.311943 171.196884 88.928658 9.914794 82.112839 5.107412 2.087692 1.48178 -9.840621 1.39466 5.558841 26.752605 -2.101056 4.094428 33.98415 -1.99608 2.32206 -2.772494 -0.239079 -2.570853 -38.476204 -3.049293 -0.506544 7e-06 -0.0 -0.0 -0.009284 0.031611 -0.138649 -0.00501 -0.034472 -0.091002 -0.054761 0.088245 -0.195232 -109.180336 -67.166298 132.879471 21.751947 -68.258736 6.233407 12.779428 0.925255 0.274723 -0.310147 -1.162902 -4.015794 17.63685 -26.323189 52.411671 -19.466818 -14.395788 29.410679 8e-06 -8.774958 -6e-06 16.898033 -17.516973 5.499866 -0.609784 -1.795663 -3.889355 -4.807156 -11.046938 -2.937851 -3.3e-05 -20.976347 7.7e-05 -5.020152 -25.034046 -4.031868 7e-06 1e-06 1e-06 -10.634639 -5.687016 -3.565606 10.573388 -17.923166 -3.113889 -2.6e-05 -13.821433 4.8e-05 -0.501908 -31.182184 -4.02698 -11.432657 -60.460686 8.029219 -13.982851 -7.150258 -2.875051 13.772891 -8.401581 -3.218255 0.347634 -34.212181 0.771814 -0.963119 -17.733761 2.621133 0.0 -2e-06 1e-06 -17.346615 -20.095396 -4.201767 21.757826 -1.638389 3.866477 -6e-06 -6.33893 2.1e-05 -1.697678 -22.592216 -6.194051 0.0 -3e-06 -1e-06 -153.041672 -77.995346 -11.962826 60.142994 -4.030167 -19.33886 37.470795 1.096355 0.543812 -3.700325 14.267225 -3.314887 22.182224 -20.376158 49.933918 -16.702028 -16.743696 28.476948 6e-06 -12.690748 1.7e-05 15.043342 -17.947407 2.910825 -0.105921 -1.513873 -4.275929 -5.039093 -5.61295 -2.953595 -7e-06 -11.020701 -9e-06 -6.111386 -15.895671 -3.840554 -1e-06 4e-06 1e-06 -10.283451 -5.680359 -4.341884 11.02839 -11.302541 -2.372677 -1.384285 -14.23882 -6.320237 -0.625439 -26.924774 -3.827731 -4.654355 -49.091461 -3.09779 -13.708632 -7.363568 -3.720974 18.141314 -14.052902 -3.242741 -1.2e-05 -18.78758 -1.9e-05 -0.429732 -8.456211 2.555543 1e-06 3e-06 1e-06 -15.923677 -20.094728 -5.473639 30.419491 -7.190865 1.735914 -1e-05 -8.163051 -6e-06 -1.86192 -22.86194 -6.168093 -0.0 -1e-06 -0.0 155.748306 -5.085811 -12.339689 26.158068 0.179135 -0.102781 -64.820778 -1.28053 -2.377445 -7.281986 1.405868 2.146695 -1.000002 -0.0 -0.0 30.948309 -4.90453 -9.180517 28.938507 -0.799487 0.778011 -77.307533 4.812352 -3.01144 -22.063734 0.962547 1.547018 -1.000007 -0.0 -0.0 
0.0 0.0 0.0 0.0 -0.0 0.0 7.113831 92.330643 178.015244 90.967651 10.658296 82.842247 5.204088 1.361767 1.481404 -9.811926 1.059583 5.305265 26.502048 -2.901719 3.676165 34.517223 -0.478772 2.31028 -2.810556 -0.36201 -3.319217 -38.094357 -3.139184 -1.117492 6e-06 -0.0 0.0 0.04284 0.037936 -0.078053 0.084716 -0.062315 -0.017312 0.05031 0.127082 -0.152722 -109.63121 -68.959503 132.512161 28.345325 -68.382965 2.194445 10.879299 0.54967 0.192434 -0.616638 -3.616957 -2.615015 17.636852 -26.323168 52.41177 -19.466911 -14.395807 29.41077 7e-06 -8.774983 -5e-06 16.76092 -17.692173 5.476886 -0.609784 -1.795671 -3.889365 -4.807169 -11.046975 -2.93787 -2.6e-05 -20.976425 3.9e-05 -5.020138 -25.034164 -4.031934 5e-06 3e-06 1e-06 -10.634656 -5.687037 -3.565614 10.573416 -17.923222 -3.113921 -2e-05 -13.821477 2.3e-05 -0.50186 -31.18231 -4.027065 -11.386329 -60.572285 7.624491 -13.982879 -7.150284 -2.875057 13.772926 -8.401607 -3.218277 0.347675 -34.212299 0.771739 -0.963088 -17.733818 2.621105 0.0 -0.0 1e-06 -17.346647 -20.095461 -4.201784 21.757875 -1.638385 3.866484 -5e-06 -6.338946 1e-05 -1.697667 -22.59231 -6.19412 0.0 -4e-06 -2e-06 -156.94989 -79.058311 -8.767794 57.883598 -1.503117 -28.651125 45.102245 1.130963 1.248446 -2.289337 28.105549 -2.032684 22.182333 -20.37627 49.934048 -16.702028 -16.743738 28.476999 2e-06 -12.690785 8e-06 14.797276 -17.58399 2.736812 -0.105924 -1.513869 -4.275936 -5.039105 -5.61295 -2.953603 -0.0 -11.02072 6e-06 -6.111403 -15.895684 -3.84056 0.0 1e-06 -3e-06 -10.283473 -5.680354 -4.341897 11.028422 -11.302555 -2.372662 -1.38429 -14.238835 -6.320245 -0.625459 -26.924829 -3.827694 -4.4482 -49.087345 -2.953086 -13.708661 -7.363564 -3.720991 18.141359 -14.052925 -3.242714 -9e-06 -18.787615 1.1e-05 -0.429738 -8.456233 2.55557 -0.0 -1e-06 -1e-06 -15.923707 -20.094723 -5.473653 30.419565 -7.190905 1.735944 -7e-06 -8.163074 8e-06 -1.861936 -22.862011 -6.168071 -2e-06 -5e-06 -2e-06 156.23732 -2.547756 -12.956899 34.315395 0.181384 -0.171618 -69.070183 -1.33655 -0.839363 -5.205332 1.328278 2.060067 -1.0 -0.0 -0.0 26.966412 -8.304729 -9.808573 41.844036 -1.087635 0.777931 -67.357353 1.470278 -2.380947 -21.896347 0.829247 1.446931 -1.000007 0.0 -1e-06 
0.0 0.0 0.0 0.0 -0.0 0.0 8.083727 92.797493 184.503754 92.759369 11.502439 83.558197 5.664578 0.717596 1.394386 -9.68277 0.839988 5.040877 26.18211 -3.379334 3.165335 35.011433 0.01043 2.252952 -2.809222 -0.344972 -3.992557 -37.997654 -3.263914 -1.603533 6e-06 0.0 0.0 0.09939 0.031843 -0.028193 0.121786 -0.065706 0.023328 0.093557 0.117443 -0.094235 -110.696136 -70.197472 132.536621 35.016815 -67.296898 -3.419717 10.765089 0.057956 0.139823 -0.611133 -4.148782 -2.647394 17.636984 -26.323206 52.411869 -19.46697 -14.395844 29.410826 1.1e-05 -8.775025 -1.5e-05 16.699944 -18.119467 5.625595 -0.609787 -1.795675 -3.889372 -4.807193 -11.047003 -2.937881 -2.1e-05 -20.976488 3.6e-05 -5.020157 -25.034258 -4.031967 6e-06 -0.0 2e-06 -10.634706 -5.68705 -3.565623 10.573467 -17.923256 -3.113928 -1.2e-05 -13.821512 1.9e-05 -0.501843 -31.182417 -4.027099 -11.451951 -60.945042 7.504396 -13.982941 -7.1503 -2.875067 13.772987 -8.401628 -3.218275 0.347694 -34.212406 0.77173 -0.96308 -17.733875 2.621116 -1e-06 -0.0 -2e-06 -17.346729 -20.095507 -4.201799 21.757975 -1.6384 3.866521 -2e-06 -6.338965 8e-06 -1.697667 -22.592377 -6.194157 -1e-06 -4e-06 -3e-06 -160.739792 -79.141899 -5.84963 55.102051 0.703866 -36.708504 54.010651 0.885754 2.042561 1.392854 37.951962 2.308806 22.182344 -20.376146 49.933929 -16.702011 -16.743662 28.476927 2.4e-05 -12.690772 -8e-06 15.229 -17.345121 2.721746 -0.105929 -1.513878 -4.275923 -5.039112 -5.61297 -2.953605 -1.9e-05 -11.020732 -7e-06 -6.111427 -15.895732 -3.840575 -0.0 0.0 -1e-06 -10.283476 -5.680382 -4.341891 11.02839 -11.302551 -2.372657 -1.384313 -14.238856 -6.320248 -0.625479 -26.924828 -3.827747 -4.026177 -49.542397 -3.243307 -13.708662 -7.363593 -3.720988 18.141319 -14.05292 -3.242706 -2.6e-05 -18.787638 -2.3e-05 -0.429735 -8.456241 2.555549 2e-06 -0.0 0.0 -15.923722 -20.094776 -5.473649 30.419512 -7.190867 1.735975 -9e-06 -8.16307 -1.1e-05 -1.861937 -22.862007 -6.16813 -0.0 -2e-06 -1e-06 159.479111 0.273398 -13.692721 38.104446 0.181848 -0.318358 -75.622841 -1.130926 -0.001785 -4.889036 1.375954 2.064768 -1.000006 -0.0 -0.0 21.251287 -10.93604 -9.079143 54.488453 -1.053257 0.513934 -60.267246 -2.726928 -2.070863 -10.669265 0.703501 1.429479 -1.000005 0.0 -0.0 
0.0 0.0 0.0 0.0 -0.0 0.0 8.926802 93.790421 190.580673 94.221497 11.846531 84.063057 5.988159 0.164431 1.309506 -9.565195 0.661015 4.643863 25.983841 -3.65613 2.441675 35.14592 -0.098545 2.292721 -2.793169 -0.374132 -4.353046 -38.166286 -3.445712 -1.929985 6e-06 -0.0 0.0 0.111658 0.022585 0.018644 0.133171 -0.047032 0.067553 0.098245 0.080698 -0.043058 -112.795113 -70.921661 133.711777 41.949436 -64.9039 -10.372093 11.134103 0.037215 0.080486 -0.312809 -2.436654 -4.361206 17.636772 -26.32316 52.411636 -19.466866 -14.395721 29.4107 -2e-06 -8.774918 2e-06 16.825686 -18.365419 5.767211 -0.609779 -1.795669 -3.889357 -4.807129 -11.046958 -2.937861 -1.2e-05 -20.976395 4.8e-05 -5.020086 -25.034109 -4.031877 6e-06 -3e-06 1e-06 -10.634601 -5.68702 -3.56561 10.573367 -17.923199 -3.113911 -8e-06 -13.821451 2.7e-05 -0.50183 -31.182228 -4.027022 -11.516197 -61.317642 7.473043 -13.9828 -7.150262 -2.875057 13.772846 -8.401606 -3.218265 0.347689 -34.212246 0.771746 -0.963082 -17.733784 2.621105 0.0 0.0 1e-06 -17.346539 -20.095421 -4.201779 21.75774 -1.638393 3.866459 -0.0 -6.338935 1.1e-05 -1.697618 -22.592253 -6.194079 0.0 -1e-06 -1e-06 -162.161758 -78.565971 -5.351914 52.04911 3.086734 -43.878868 62.982098 0.756268 2.694086 6.014614 44.388702 8.365268 22.182514 -20.376341 49.933933 -16.702013 -16.743717 28.476898 -2.9e-05 -12.690793 -2.5e-05 15.529432 -17.291025 2.826752 -0.105927 -1.513865 -4.275925 -5.039101 -5.612926 -2.953598 3.1e-05 -11.020715 2.1e-05 -6.111378 -15.895647 -3.840541 -2e-06 0.0 3e-06 -10.283483 -5.680321 -4.341905 11.028454 -11.302567 -2.372627 -1.384268 -14.238796 -6.320208 -0.625427 -26.924767 -3.827603 -3.985581 -49.894951 -3.423203 -13.70867 -7.363523 -3.721004 18.141405 -14.052961 -3.242671 3.3e-05 -18.787607 5.3e-05 -0.429709 -8.456237 2.555597 2e-06 -0.0 -0.0 -15.923688 -20.09465 -5.473666 30.419573 -7.191002 1.735995 1.9e-05 -8.163071 2.3e-05 -1.861904 -22.861969 -6.167994 -1e-06 -2e-06 -1e-06 164.170074 3.181521 -13.797643 37.488964 0.160469 -0.432225 -79.75116 -1.480578 0.163148 -4.792384 1.425882 2.063591 -1.000002 0.0 0.0 13.909152 -12.510838 -7.522497 64.771835 -0.791435 0.366941 -63.033302 -5.029088 -1.016392 -8.616472 0.695475 1.475619 -1.000005 -0.0 -0.0 
0.0 0.0 0.0 0.0 -0.0 0.0 9.584711 95.248047 196.106766 94.752113 11.817274 84.890762 6.222156 0.024599 1.032136 -9.412351 0.563005 3.996712 25.821302 -3.525678 1.621116 35.09668 -0.281403 2.371702 -2.802881 -0.479042 -4.393045 -38.005653 -3.681202 -2.079811 6e-06 -0.0 0.0 0.071225 0.014749 0.039199 0.143486 -0.034829 0.090272 0.088921 0.055574 -0.023179 -115.545708 -71.61982 135.712158 48.329926 -61.472599 -17.791647 11.28063 0.331919 0.021987 0.213228 0.973552 -6.874562 17.636879 -26.322893 52.411385 -19.466862 -14.395747 29.41057 6e-06 -8.774962 -1.7e-05 16.906471 -18.369139 5.901904 -0.609781 -1.795667 -3.889345 -4.807157 -11.046923 -2.937863 2e-06 -20.976297 5e-06 -5.020079 -25.033983 -4.031956 6e-06 -4e-06 1e-06 -10.634647 -5.687018 -3.565594 10.57341 -17.923138 -3.113923 3e-06 -13.821393 1e-06 -0.50179 -31.182093 -4.027091 -11.417089 -61.402733 7.448924 -13.982862 -7.150256 -2.875041 13.772906 -8.401571 -3.218262 0.347746 -34.212051 0.771659 -0.963031 -17.733675 2.621064 0.0 0.0 -0.0 -17.346628 -20.095383 -4.201771 21.757847 -1.638396 3.866484 2e-06 -6.338904 -1e-06 -1.697631 -22.592134 -6.194117 0.0 -5e-06 -2e-06 -163.647766 -77.809601 -4.795742 48.936329 5.483727 -50.412773 70.923248 0.27172 2.018382 12.769415 48.27607 16.816492 22.182463 -20.376093 49.933739 -16.702 -16.743673 28.476791 1.4e-05 -12.690797 -3.1e-05 15.990431 -17.360582 2.810881 -0.105927 -1.513873 -4.275913 -5.03912 -5.612955 -2.953594 -6e-06 -11.02072 -1e-06 -6.111443 -15.8957 -3.840551 -1e-06 -1e-06 0.0 -10.283495 -5.680359 -4.341878 11.028425 -11.302551 -2.37264 -1.384313 -14.238827 -6.320218 -0.625476 -26.924791 -3.827691 -4.221442 -50.524166 -3.378528 -13.708686 -7.363573 -3.720978 18.141367 -14.052925 -3.242678 3e-06 -18.787605 -1e-05 -0.429713 -8.456224 2.555554 4e-06 0.0 -1e-06 -15.92375 -20.094732 -5.473626 30.419582 -7.190916 1.736015 4e-06 -8.163068 -9e-06 -1.861926 -22.861988 -6.168105 0.0 -3e-06 -1e-06 169.866821 5.405428 -12.679595 33.435944 0.119056 -0.421251 -81.638756 -1.996361 0.022161 -4.837695 1.466134 2.069508 -1.000004 0.0 -0.0 5.510366 -11.98421 -5.969742 71.028999 -0.412677 0.270796 -66.508957 -7.842636 0.838671 -8.533568 0.66172 1.520553 -1.000006 1e-06 0.0 
0.0 0.0 0.0 0.0 -0.0 0.0 10.03894 96.815399 201.526596 94.334084 11.675384 86.254944 6.504851 0.206395 0.620884 -9.226563 0.517951 3.078814 25.500881 -2.866948 0.70796 35.206169 -0.126431 2.402459 -2.811061 -0.545458 -4.140415 -37.658337 -3.936639 -2.002842 6e-06 -0.0 -0.0 0.030468 0.007594 0.053166 0.137747 -0.032694 0.103517 0.073596 0.042588 -0.008427 -116.349854 -72.976425 135.848999 53.852093 -58.133389 -24.919003 11.792028 0.563722 -0.044871 0.807644 4.75251 -9.212522 17.636677 -26.32276 52.411247 -19.466722 -14.395635 29.410463 -2e-06 -8.774867 -7e-06 16.777817 -18.320301 6.037577 -0.609778 -1.795655 -3.889331 -4.807103 -11.046838 -2.937859 1.5e-05 -20.976118 -3e-06 -5.019983 -25.033743 -4.031916 6e-06 -1e-06 0.0 -10.634554 -5.686977 -3.565591 10.573309 -17.922995 -3.113909 9e-06 -13.821268 2e-06 -0.501757 -31.18174 -4.027044 -11.511971 -61.281075 7.628292 -13.982738 -7.150206 -2.875045 13.772771 -8.401516 -3.218247 0.347753 -34.211735 0.771656 -0.963026 -17.733519 2.621051 0.0 -1e-06 -0.0 -17.346451 -20.095243 -4.201788 21.757624 -1.638385 3.866443 4e-06 -6.338851 1e-06 -1.697582 -22.591906 -6.19406 -0.0 -5e-06 -2e-06 -166.812271 -77.107407 -2.557014 46.292061 7.768503 -55.203346 76.502144 -0.455666 0.481455 21.139772 49.863522 26.17551 22.18215 -20.375883 49.933327 -16.701902 -16.743563 28.476604 -6e-06 -12.690657 5e-06 16.406658 -17.555073 2.746502 -0.105918 -1.513862 -4.275887 -5.039054 -5.612896 -2.953563 7e-06 -11.020601 -1.2e-05 -6.111325 -15.8955 -3.840505 -5e-06 -1e-06 5e-06 -10.283389 -5.680305 -4.341835 11.028328 -11.302455 -2.372652 -1.384266 -14.238687 -6.320161 -0.625412 -26.924486 -3.827662 -4.636242 -50.875908 -3.216491 -13.708549 -7.363497 -3.720933 18.141205 -14.052799 -3.242698 2e-05 -18.787394 -2.5e-05 -0.429706 -8.45612 2.555513 0.0 0.0 -3e-06 -15.923567 -20.094543 -5.473588 30.419306 -7.190856 1.735919 7e-06 -8.162971 -1.4e-05 -1.861865 -22.861692 -6.168029 -6e-06 -3e-06 2e-06 176.204697 6.379402 -10.865243 27.91984 0.046369 -0.265501 -82.067154 -2.175834 -0.247607 -4.856545 1.490237 2.07514 -1.000002 -0.0 0.0 -2.371307 -9.783822 -5.536741 72.321594 -0.004329 0.161149 -68.361771 -10.945802 2.852503 -8.734048 0.616145 1.558606 -1.000008 -0.0 -1e-06 
0.0 0.0 0.0 0.0 -0.0 0.0 10.362362 98.088058 207.051041 93.262749 11.376748 87.985336 6.660108 0.544967 0.226701 -9.08745 0.488375 2.036544 25.058189 -1.79655 -0.205071 35.589481 0.727251 2.317307 -2.806017 -0.51742 -3.692178 -37.311844 -4.212798 -1.722597 5e-06 -0.0 0.0 0.007769 0.002829 0.071236 0.105203 -0.036366 0.116236 0.048518 0.03962 0.013909 -113.923553 -74.985764 132.553024 58.173317 -55.385738 -30.264336 13.548349 0.582328 -0.082049 1.639513 7.529186 -10.822541 17.636633 -26.322748 52.411171 -19.46673 -14.395624 29.410442 -3e-06 -8.774852 1e-06 16.566645 -18.291817 6.107357 -0.609776 -1.795657 -3.889329 -4.807096 -11.046849 -2.937852 8e-06 -20.976143 -2e-06 -5.019991 -25.033777 -4.0319 6e-06 1e-06 -0.0 -10.634543 -5.686982 -3.565583 10.573299 -17.923016 -3.113914 5e-06 -13.821288 -1e-06 -0.501765 -31.181787 -4.027048 -11.73613 -61.083092 7.852483 -13.982724 -7.150213 -2.875034 13.772759 -8.401523 -3.218256 0.347742 -34.211784 0.771648 -0.963031 -17.733541 2.62104 0.0 2e-06 1e-06 -17.346439 -20.095263 -4.201767 21.757605 -1.638379 3.866426 3e-06 -6.33886 -1e-06 -1.697582 -22.591953 -6.194058 0.0 -4e-06 -2e-06 -171.304077 -77.052132 1.256077 44.349602 10.475204 -57.69717 79.421936 -1.11965 -0.927131 27.036283 49.205135 32.749962 22.182201 -20.375896 49.9333 -16.701866 -16.743536 28.476555 -1e-05 -12.690649 -1.5e-05 16.574774 -17.679176 2.718451 -0.105921 -1.51386 -4.275877 -5.039054 -5.612888 -2.953562 1e-05 -11.020584 -4e-06 -6.111319 -15.895468 -3.840503 1e-06 -1e-06 -1e-06 -10.283389 -5.680295 -4.34184 11.028328 -11.302446 -2.372633 -1.384269 -14.238659 -6.320148 -0.625413 -26.924438 -3.827635 -4.93647 -50.593021 -3.087972 -13.708549 -7.363484 -3.720941 18.141201 -14.052796 -3.24267 2.8e-05 -18.787373 -8e-06 -0.429692 -8.456116 2.555519 -1e-06 1e-06 0.0 -15.923562 -20.094513 -5.473587 30.419279 -7.19087 1.73595 1.6e-05 -8.162969 -4e-06 -1.861865 -22.861656 -6.167999 -1e-06 -1e-06 -1e-06 -177.579819 6.099451 -8.994778 22.480362 -0.03119 -0.080495 -82.081841 -1.836172 -0.57918 -4.902978 1.506273 2.084264 -1.000002 -0.0 -0.0 -9.105643 -7.079494 -6.361551 68.885864 0.328613 -0.063956 -69.179329 -13.103759 4.114043 -9.091077 0.581462 1.562553 -1.000006 -0.0 0.0 
0.0 0.0 0.0 0.0 -0.0 0.0 10.630243 98.745926 212.849609 92.012672 10.764247 89.850388 6.531082 0.79104 -0.036226 -9.07069 0.406517 0.981919 24.544975 -0.570374 -1.030839 36.051392 2.395228 2.193666 -2.798339 -0.535653 -3.195392 -37.121418 -4.473931 -1.418359 5e-06 0.0 0.0 0.000624 0.000665 0.08932 0.052566 -0.050073 0.125536 0.024385 0.050073 0.039251 -107.437012 -77.306084 124.979012 61.367447 -53.092213 -33.433384 16.55114 0.462767 -0.051977 2.568774 9.343114 -11.736765 17.636841 -26.32303 52.411762 -19.467001 -14.395846 29.410835 6e-06 -8.775012 1e-06 16.376953 -18.263988 6.144453 -0.609782 -1.795676 -3.889371 -4.807178 -11.046983 -2.937889 -0.0 -20.976429 -1.6e-05 -5.020098 -25.034185 -4.032006 6e-06 2e-06 0.0 -10.634682 -5.687046 -3.565613 10.573459 -17.923222 -3.113972 -2e-06 -13.82147 -8e-06 -0.501778 -31.182323 -4.027157 -11.999756 -60.838135 8.047504 -13.982914 -7.150293 -2.875053 13.77297 -8.401609 -3.218308 0.347735 -34.21228 0.771648 -0.963052 -17.733799 2.621073 0.0 -1e-06 0.0 -17.346697 -20.095486 -4.201797 21.757948 -1.638389 3.866479 -0.0 -6.338943 -5e-06 -1.697632 -22.59231 -6.194191 -1e-06 -3e-06 -3e-06 -176.792435 -77.83474 6.492174 42.879852 13.823144 -58.778156 80.258362 -1.89566 -1.810498 28.221905 47.871052 34.890415 22.182426 -20.37604 49.933846 -16.702093 -16.743677 28.476908 2.1e-05 -12.69081 -2.3e-05 16.646294 -17.622782 2.707977 -0.105926 -1.513885 -4.275926 -5.039127 -5.612985 -2.953605 -1.4e-05 -11.020763 -2.2e-05 -6.111445 -15.895788 -3.840592 -1e-06 -3e-06 2e-06 -10.283504 -5.680394 -4.341889 11.028437 -11.302589 -2.372674 -1.384315 -14.238906 -6.320265 -0.625442 -26.924948 -3.827783 -5.147001 -50.054436 -2.972875 -13.708703 -7.363611 -3.720985 18.141392 -14.05296 -3.242724 5e-06 -18.787674 -5.9e-05 -0.429712 -8.45625 2.555533 -1e-06 1e-06 2e-06 -15.923775 -20.094831 -5.473648 30.419617 -7.190911 1.735993 -0.0 -8.163081 -2.8e-05 -1.861891 -22.862074 -6.168206 -3e-06 -4e-06 -1e-06 -171.972961 5.051795 -7.595958 17.782793 -0.06606 0.043573 -82.833954 -1.055047 -0.789644 -5.008719 1.515688 2.095491 -1.000003 1e-06 0.0 -14.666784 -4.759745 -7.982244 61.313625 0.420378 -0.326951 -69.351212 -12.900463 3.670201 -9.34775 0.584011 1.545033 -1.000006 0.0 0.0 
0.0 0.0 0.0 0.0 -0.0 0.0 10.85274 98.635574 218.821167 91.135696 9.941516 91.739563 6.173335 0.671294 -0.168656 -9.178144 0.23339 -0.066027 24.075935 0.428321 -1.70922 36.243568 4.736294 2.09252 -2.746357 -0.689556 -2.78221 -37.201607 -4.730714 -1.224533 6e-06 0.0 0.0 0.011618 -0.001776 0.094995 0.003688 -0.070527 0.116803 0.010797 0.065156 0.058116 -96.478592 -79.514572 112.919472 63.476322 -50.643707 -34.813633 19.947779 0.302093 0.045778 3.460524 10.706041 -12.190761 17.636766 -26.322964 52.41156 -19.466909 -14.395809 29.4107 3e-06 -8.774971 4e-06 16.250389 -18.260241 6.161354 -0.60978 -1.795668 -3.889356 -4.807151 -11.046937 -2.937868 1e-06 -20.976326 3e-06 -5.020078 -25.034025 -4.031946 6e-06 -1e-06 -0.0 -10.634647 -5.687026 -3.565595 10.573419 -17.923155 -3.113949 0.0 -13.821409 2e-06 -0.50179 -31.182133 -4.027089 -12.127402 -60.483315 8.11199 -13.982859 -7.150264 -2.875039 13.772917 -8.401581 -3.218292 0.347727 -34.212132 0.771677 -0.963055 -17.733727 2.621079 1e-06 1e-06 -2e-06 -17.346626 -20.095407 -4.201773 21.757856 -1.63839 3.866454 -0.0 -6.338912 2e-06 -1.69763 -22.592165 -6.194116 -2e-06 -2e-06 -1e-06 175.849854 -79.244606 13.914454 41.706902 17.548706 -59.228149 79.626595 -2.79323 -2.126885 26.032259 47.253273 33.869438 22.182404 -20.376038 49.933739 -16.702061 -16.74365 28.476843 -0.0 -12.690779 -2.2e-05 16.712696 -17.527166 2.785166 -0.105923 -1.513878 -4.275917 -5.039106 -5.612957 -2.9536 6e-06 -11.020723 -1.6e-05 -6.111391 -15.8957 -3.840572 -0.0 -1e-06 -0.0 -10.283479 -5.680362 -4.341878 11.02842 -11.302562 -2.372662 -1.384289 -14.238835 -6.320238 -0.625413 -26.924807 -3.827735 -5.448755 -49.663113 -2.714921 -13.708666 -7.363571 -3.720977 18.141363 -14.052938 -3.242712 2.6e-05 -18.787598 -4.1e-05 -0.429702 -8.456219 2.555541 2e-06 -1e-06 0.0 -15.923712 -20.094744 -5.473643 30.419538 -7.190929 1.735974 1.2e-05 -8.163059 -1.9e-05 -1.861864 -22.861971 -6.168135 -0.0 -2e-06 -2e-06 -166.923843 3.967404 -6.703233 13.797082 -0.043217 0.120419 -84.635315 -0.269125 -0.837624 -5.008162 1.526016 2.120872 -1.000001 -0.0 0.0 -18.732374 -3.446915 -10.098058 50.097404 0.284474 -0.362979 -68.778458 -10.098648 1.169777 -9.104136 0.627776 1.576267 -1.000004 -0.0 -1e-06 
0.0 0.0 0.0 0.0 -0.0 0.0 11.083788 97.896889 225.001663 90.918861 9.220268 93.645775 5.77617 0.184008 -0.208863 -9.418029 0.028608 -0.992348 23.810715 0.938164 -2.335353 35.988228 7.315495 1.941271 -2.643221 -0.879969 -2.534533 -37.313286 -5.025296 -1.138879 7e-06 -0.0 -1e-06 0.0306 -0.009749 0.081875 -0.02024 -0.082535 0.09205 0.001578 0.060747 0.058422 -82.844009 -81.310356 98.370705 64.557854 -47.496391 -34.855759 22.327539 0.247021 0.175161 4.120168 11.838705 -12.269536 17.636709 -26.32283 52.411472 -19.466915 -14.395778 29.410686 4e-06 -8.774954 8e-06 16.164818 -18.181782 6.164892 -0.609777 -1.79567 -3.889354 -4.807148 -11.046923 -2.937877 4e-06 -20.976273 -3.3e-05 -5.020043 -25.033964 -4.031991 5e-06 -2e-06 -2e-06 -10.634628 -5.687028 -3.565593 10.573401 -17.923117 -3.113971 3e-06 -13.821374 -2.2e-05 -0.501746 -31.182034 -4.027148 -11.886915 -60.252693 7.894874 -13.982848 -7.150268 -2.875034 13.772897 -8.401563 -3.218302 0.347756 -34.212009 0.771604 -0.963028 -17.733643 2.621032 -1e-06 2e-06 -5e-06 -17.346611 -20.095404 -4.201777 21.757832 -1.638375 3.866443 -1e-06 -6.338896 -1e-05 -1.697609 -22.592106 -6.194151 -1e-06 -4e-06 -1e-06 164.965363 -80.874115 25.111509 40.806255 21.19125 -59.361885 78.455856 -3.242448 -2.174633 22.476128 47.160851 31.408165 22.182373 -20.376011 49.933636 -16.702066 -16.743652 28.476797 -7e-06 -12.69077 -1.6e-05 16.750237 -17.47715 2.898017 -0.105921 -1.513878 -4.275916 -5.039101 -5.612952 -2.953586 1.3e-05 -11.02072 -1.5e-05 -6.111386 -15.895693 -3.840544 -0.0 -2e-06 -1e-06 -10.283469 -5.680355 -4.341871 11.028423 -11.302571 -2.372661 -1.38428 -14.238843 -6.320222 -0.625408 -26.924837 -3.827706 -5.661321 -49.346291 -2.46892 -13.708657 -7.363562 -3.720966 18.141369 -14.05295 -3.242719 4e-05 -18.787615 -3.9e-05 -0.429692 -8.456228 2.555532 2e-06 -0.0 0.0 -15.923698 -20.094727 -5.473624 30.419542 -7.190944 1.735957 1.5e-05 -8.16306 -2.1e-05 -1.861846 -22.861975 -6.168127 -2e-06 -3e-06 -1e-06 -162.009445 3.382812 -5.950921 10.263293 -0.016364 0.133286 -86.620026 0.211787 -0.690798 -5.018461 1.554545 2.148985 -1.000004 0.0 -0.0 -20.720938 -3.193485 -12.584647 35.397842 0.237381 -0.236046 -67.914673 -6.37719 -1.808166 -8.350052 0.691793 1.6558 -1.000005 1e-06 0.0 
0.0 0.0 0.0 0.0 -0.0 0.0 11.228158 96.766075 231.398911 91.201637 8.563495 95.673798 5.214412 -0.427174 -0.176502 -9.751565 -0.170483 -1.712439 23.814678 1.049267 -3.016537 35.247242 9.542917 1.984008 -2.539696 -0.987711 -2.771594 -37.171959 -5.370372 -1.389986 6e-06 0.0 -0.0 0.034916 -0.011086 0.043709 -0.000928 -0.06145 0.059116 0.006108 0.037044 0.020132 -69.728195 -82.719025 84.386314 64.864426 -43.772526 -33.503368 22.811918 0.351271 0.377937 4.182965 12.656796 -12.118261 17.636751 -26.322975 52.411743 -19.466957 -14.395725 29.410801 -1.3e-05 -8.774929 2e-06 15.920483 -18.036034 6.266219 -0.609781 -1.795674 -3.889369 -4.807126 -11.046943 -2.9379 3.6e-05 -20.976347 -2.8e-05 -5.01999 -25.03405 -4.031978 8e-06 -1e-06 4e-06 -10.634617 -5.687027 -3.565628 10.573405 -17.92318 -3.113973 2.4e-05 -13.821417 -1.7e-05 -0.501685 -31.182142 -4.027147 -11.333361 -59.946522 7.21351 -13.982822 -7.150265 -2.875076 13.772873 -8.401607 -3.218296 0.347808 -34.212143 0.771612 -0.963017 -17.733719 2.621068 -1e-06 1e-06 -2e-06 -17.346548 -20.095421 -4.201841 21.757774 -1.638409 3.866463 7e-06 -6.338918 -6e-06 -1.697544 -22.592196 -6.194167 -1e-06 -3e-06 -3e-06 149.366165 -82.396927 41.338303 39.72913 24.807209 -59.349606 77.377831 -3.203915 -2.338279 18.877893 47.183258 29.022453 22.182371 -20.376078 49.933678 -16.702063 -16.743713 28.476822 -2.7e-05 -12.690792 -1e-05 16.526131 -17.411213 3.135753 -0.105918 -1.51387 -4.27591 -5.039095 -5.612926 -2.953585 3.1e-05 -11.020683 -1e-05 -6.111366 -15.895615 -3.84054 -0.0 -1e-06 -1e-06 -10.283468 -5.680325 -4.341867 11.028449 -11.302546 -2.372661 -1.38426 -14.238782 -6.320207 -0.625375 -26.924717 -3.827665 -5.566695 -49.025715 -2.342655 -13.708655 -7.363524 -3.720967 18.141403 -14.052927 -3.242717 5.2e-05 -18.787558 -6e-06 -0.429697 -8.456205 2.555556 3e-06 0.0 1e-06 -15.923683 -20.094643 -5.473628 30.419586 -7.190963 1.735945 1.9e-05 -8.163042 -1e-06 -1.861864 -22.861897 -6.168059 -2e-06 -3e-06 -1e-06 -158.107285 3.073493 -5.334381 8.694247 -0.038185 -0.000328 -88.588631 1.131067 -0.287918 -5.21722 1.52869 2.196123 -0.999999 -0.0 0.0 -21.175316 -3.279905 -14.286071 19.327732 0.339671 -0.259289 -68.05732 -3.384424 -5.270418 -7.815628 0.832912 1.643796 -1.000007 0.0 -0.0 
0.0 0.0 0.0 0.0 -0.0 0.0 11.268161 95.544968 237.887238 91.256775 8.066022 97.56575 4.47202 -0.642035 -0.165571 -9.932309 -0.3689 -2.245604 23.91667 1.083321 -3.569392 34.511604 10.840133 2.176783 -2.571368 -0.884059 -3.080746 -36.711712 -5.708362 -1.572831 5e-06 0.0 0.0 0.019323 0.000933 -0.009303 0.001109 -0.046462 0.020527 -0.00019 0.046515 -0.041271 -62.207855 -83.857201 76.10759 64.548386 -39.773735 -31.603893 21.885738 -0.0167 0.434541 3.98165 13.312996 -11.147461 17.636667 -26.322886 52.411621 -19.466841 -14.395695 29.4107 2e-06 -8.774899 3e-06 15.498011 -17.847523 6.500495 -0.609781 -1.795668 -3.889357 -4.807133 -11.046899 -2.937882 6e-06 -20.976217 -2.9e-05 -5.019995 -25.033888 -4.031977 6e-06 0.0 2e-06 -10.634597 -5.687016 -3.565614 10.573344 -17.923075 -3.113949 0.0 -13.821337 -1.1e-05 -0.501748 -31.181925 -4.027112 -10.893367 -59.752232 7.015244 -13.982793 -7.150253 -2.875062 13.772819 -8.401545 -3.21828 0.347738 -34.21191 0.77163 -0.963041 -17.733597 2.621048 -1e-06 1e-06 -0.0 -17.346529 -20.095364 -4.20182 21.757708 -1.638371 3.86645 -5e-06 -6.338881 -5e-06 -1.697589 -22.592031 -6.194127 -1e-06 -3e-06 0.0 129.510559 -83.499016 61.9575 38.687645 28.241117 -59.418205 76.646683 -3.213027 -2.411092 16.362253 47.038372 27.113319 22.182343 -20.376047 49.933636 -16.702009 -16.743658 28.476774 -1.3e-05 -12.690752 -1.6e-05 16.349739 -17.322371 3.141443 -0.105922 -1.51387 -4.275907 -5.039089 -5.612929 -2.953583 1.4e-05 -11.02068 -7e-06 -6.111369 -15.895621 -3.840543 -1e-06 -2e-06 1e-06 -10.283451 -5.680331 -4.341869 11.028412 -11.302534 -2.372654 -1.384272 -14.238786 -6.320206 -0.625398 -26.924726 -3.827679 -5.420437 -49.075981 -2.479204 -13.708631 -7.363531 -3.720968 18.14134 -14.052906 -3.242703 3.8e-05 -18.787542 -1.1e-05 -0.4297 -8.4562 2.555549 1e-06 5e-06 2e-06 -15.923666 -20.094646 -5.473623 30.4195 -7.190932 1.735957 1.5e-05 -8.163038 -7e-06 -1.861865 -22.861893 -6.168072 1e-06 -1e-06 -0.0 -154.17366 2.106927 -5.314112 7.93477 -0.018447 0.021489 -89.320015 2.457273 -0.395763 -5.83741 1.404359 2.185179 -1.000002 1e-06 0.0 -21.580101 -3.048709 -14.818285 7.305336 0.361211 -0.121482 -68.820152 -1.942608 -8.908772 -7.717634 0.94592 1.544481 -1.000004 -0.0 1e-06 
0.0 0.0 0.0 0.0 -0.0 0.0 11.23842 94.376083 244.484116 91.054016 8.033248 98.992989 3.863194 -0.68178 -0.290129 -10.025 -0.511588 -2.649735 23.996611 1.141055 -3.896945 34.05043 11.373517 2.279204 -2.596217 -0.733452 -3.209276 -36.409832 -6.020831 -1.122472 5e-06 0.0 -0.0 0.001387 0.004932 -0.106625 -0.020288 -0.028477 -0.07512 -0.020551 0.03886 -0.134722 -51.891617 -84.410469 65.389946 64.296089 -36.98983 -31.150143 20.449661 -0.637933 0.296745 4.139744 13.566045 -9.896152 17.636744 -26.323069 52.411865 -19.466976 -14.39578 29.410877 -8e-06 -8.774961 8e-06 15.057127 -17.73625 6.630216 -0.609782 -1.795672 -3.889372 -4.807142 -11.04696 -2.937897 1.7e-05 -20.976391 -1.5e-05 -5.020034 -25.03413 -4.031979 6e-06 2e-06 1e-06 -10.63463 -5.687033 -3.565628 10.573418 -17.923203 -3.11397 1e-05 -13.821453 0.0 -0.501735 -31.182253 -4.027132 -10.917756 -59.458607 7.075943 -13.982846 -7.150277 -2.875073 13.7729 -8.401607 -3.218308 0.347761 -34.212212 0.77165 -0.963049 -17.733776 2.621086 -0.0 2e-06 1e-06 -17.346586 -20.095442 -4.201833 21.757814 -1.638399 3.866461 4e-06 -6.33893 -2e-06 -1.697577 -22.592255 -6.194174 -1e-06 -4e-06 -2e-06 112.669014 -83.69249 79.380325 38.27182 30.070992 -60.023388 76.94651 -4.02177 -2.59174 15.7854 46.790558 26.867298 22.182425 -20.376116 49.933872 -16.702106 -16.743736 28.476933 -5e-06 -12.690833 -1.7e-05 16.270355 -17.106529 2.955845 -0.105921 -1.513877 -4.275927 -5.039119 -5.612961 -2.953604 1.1e-05 -11.020743 -1.3e-05 -6.11142 -15.895738 -3.840585 -1e-06 1e-06 -1e-06 -10.283499 -5.68036 -4.341887 11.028466 -11.30258 -2.372674 -1.384286 -14.238861 -6.320256 -0.625402 -26.924873 -3.827731 -5.419468 -49.576492 -2.754158 -13.708694 -7.36357 -3.720981 18.141432 -14.052959 -3.242727 2.9e-05 -18.78764 -2.5e-05 -0.429707 -8.456243 2.555559 2e-06 -2e-06 1e-06 -15.923738 -20.094744 -5.473651 30.419662 -7.190955 1.735966 1.2e-05 -8.163075 -1e-05 -1.861884 -22.862019 -6.168129 -2e-06 -3e-06 -1e-06 -150.950958 0.608594 -6.129843 9.951018 -0.155867 0.284923 -89.416496 3.914135 -1.107033 -7.813894 1.412146 2.214044 -1.000002 -0.0 0.0 -22.538069 -2.680066 -15.47021 4.771029 0.248002 0.045695 -70.80191 -1.678431 -11.18065 -7.85019 0.940851 1.486782 -1.000003 0.0 0.0 
0.0 0.0 0.0 0.0 -0.0 0.0 11.085114 93.345573 251.370819 90.203827 8.165684 100.298241 3.241487 -0.365689 -0.464517 -10.108288 -0.504285 -3.120119 23.835381 1.264386 -4.029171 33.831085 11.520242 1.95361 -2.655044 -0.953341 -2.791851 -35.936932 -5.973743 -1.0983 5e-06 0.0 0.0 0.012477 -0.004409 -0.01861 0.004201 -0.027161 0.002827 0.015812 0.019639 -0.037909 -40.457516 -84.393356 53.959442 63.9062 -36.034622 -31.551775 19.554708 -0.857141 0.359946 3.913211 13.755656 -9.755099 17.636665 -26.322975 52.411747 -19.46699 -14.395818 29.410852 1.9e-05 -8.774983 1.9e-05 14.850384 -17.572206 6.571607 -0.609782 -1.795681 -3.889369 -4.807183 -11.047 -2.937887 -4.2e-05 -20.976437 -3.9e-05 -5.020118 -25.03422 -4.032029 6e-06 0.0 -1e-06 -10.63466 -5.687066 -3.565601 10.57341 -17.923212 -3.113995 -2.9e-05 -13.821485 -2.8e-05 -0.501798 -31.182375 -4.027225 -10.705482 -58.951256 6.70864 -13.982882 -7.150319 -2.875037 13.772921 -8.401587 -3.218327 0.347679 -34.212307 0.771595 -0.963066 -17.733812 2.621016 -1e-06 3e-06 1e-06 -17.346676 -20.095524 -4.201775 21.757895 -1.638332 3.866445 -1.9e-05 -6.338944 -1.3e-05 -1.697655 -22.592348 -6.194222 1e-06 -4e-06 -1e-06 99.566933 -83.120232 92.908554 38.764233 30.378363 -58.92482 78.213173 -4.013707 -3.100919 17.610245 46.20097 28.146114 22.182447 -20.376059 49.933811 -16.702126 -16.743687 28.476906 -3e-06 -12.690819 -2.3e-05 16.507008 -16.962755 2.711796 -0.105925 -1.513884 -4.275926 -5.039121 -5.612974 -2.953603 9e-06 -11.020762 -2.3e-05 -6.111411 -15.89577 -3.840588 -1e-06 -4e-06 -2e-06 -10.283497 -5.680378 -4.341886 11.028458 -11.302604 -2.372674 -1.384289 -14.238896 -6.320261 -0.625399 -26.924948 -3.827758 -5.29871 -49.863785 -2.844733 -13.708694 -7.363591 -3.720983 18.141417 -14.052994 -3.242727 3.8e-05 -18.78768 -4.9e-05 -0.4297 -8.456261 2.555543 2e-06 -0.0 -0.0 -15.923741 -20.094801 -5.473653 30.419634 -7.190959 1.735978 1.4e-05 -8.16309 -2.5e-05 -1.861861 -22.862082 -6.168174 1e-06 -3e-06 -2e-06 -150.443298 -2.247328 -7.614304 17.348583 -0.313427 0.563833 -88.178665 5.61332 -2.306997 -12.683355 1.573808 2.16625 -1.000005 0.0 -0.0 -21.914248 -1.604312 -16.13698 8.119798 0.288799 -0.076377 -69.754562 -2.747969 -9.908145 -8.268323 1.048521 1.515728 -1.000009 -0.0 1e-06 
0.0 0.0 0.0 0.0 -0.0 0.0 10.878202 92.873802 258.590851 87.758926 8.341714 101.229309 2.64155 1.291449 -0.619581 -10.391068 -0.505035 -3.297705 23.699224 1.811872 -4.300121 33.374329 11.059802 2.177057 -2.591275 -1.050744 -2.707973 -35.062595 -6.201181 -1.111094 6e-06 0.0 -0.0 -0.010715 0.00052 -0.002932 -0.006324 -0.06419 0.005451 0.006181 0.069249 -0.012029 -45.651924 -84.890404 59.323765 62.703419 -35.855633 -31.171532 18.752748 -0.673713 0.44968 3.984476 14.185985 -9.73444 17.636761 -26.323076 52.411888 -19.467039 -14.39585 29.410929 2.1e-05 -8.775016 1.2e-05 14.978822 -17.444191 6.377716 -0.609786 -1.795686 -3.88938 -4.807199 -11.047036 -2.937895 -4.5e-05 -20.976511 -2.6e-05 -5.020159 -25.034321 -4.032039 6e-06 -1e-06 1e-06 -10.634691 -5.687083 -3.565614 10.57344 -17.923271 -3.113989 -3e-05 -13.821525 -2.3e-05 -0.501809 -31.18247 -4.027232 -10.495897 -58.745701 6.482347 -13.98293 -7.150342 -2.87505 13.772967 -8.401611 -3.218323 0.347675 -34.212437 0.771622 -0.963071 -17.733879 2.621042 -4e-06 0.0 1e-06 -17.346735 -20.095581 -4.20179 21.757963 -1.638347 3.866471 -1.7e-05 -6.338965 -9e-06 -1.69768 -22.592422 -6.194231 -1e-06 -4e-06 -1e-06 81.201912 -82.563362 112.147018 39.134468 31.542606 -57.822956 80.096214 -4.404194 -2.702166 19.527048 46.329102 30.220026 22.18248 -20.376101 49.933914 -16.7022 -16.743729 28.476999 -1.1e-05 -12.690859 -2.2e-05 16.680145 -17.146683 2.792367 -0.105922 -1.513887 -4.275933 -5.039126 -5.612989 -2.953615 1.6e-05 -11.020796 -3.2e-05 -6.111422 -15.895819 -3.840605 -1e-06 2e-06 1e-06 -10.283516 -5.680386 -4.341895 11.028488 -11.302635 -2.372687 -1.384276 -14.23894 -6.320287 -0.625371 -26.925041 -3.827783 -5.220956 -50.015045 -2.581243 -13.708722 -7.363603 -3.720991 18.141474 -14.053039 -3.24275 5.1e-05 -18.787735 -6e-05 -0.42969 -8.456285 2.555548 -1e-06 -1e-06 -1e-06 -15.923768 -20.094837 -5.473669 30.419712 -7.19099 1.735967 1.8e-05 -8.163111 -2.5e-05 -1.861838 -22.86215 -6.168207 2e-06 -2e-06 -2e-06 -153.57196 -7.6611 -10.036029 30.50713 -0.420714 0.700799 -82.771072 8.251822 -3.578284 -21.471018 1.79767 2.052419 -1.000004 -1e-06 0.0 -22.88324 0.886038 -16.469213 15.974379 0.445674 -0.320412 -62.144722 -5.057463 -4.074013 -6.990875 0.850728 1.649786 -1.000009 1e-06 1e-06 
0.0 0.0 0.0 0.0 -0.0 0.0 10.616813 92.656006 265.583099 85.655037 9.985741 100.868042 3.517329 2.377858 -0.565702 -10.061358 -0.183909 -3.316758 23.209877 2.697645 -3.814036 32.931728 9.538009 2.357285 -2.581105 -0.682851 -3.024453 -35.617809 -6.046457 -1.056794 6e-06 -0.0 -0.0 -0.023406 0.007766 -0.019849 -0.018112 -0.034819 -0.02145 -0.009246 0.055076 -0.026819 -44.957127 -84.161652 58.824951 62.850288 -38.654018 -33.851521 18.816277 0.017155 0.56718 4.074817 14.770489 -10.583633 17.636761 -26.32316 52.412098 -19.467129 -14.395916 29.411093 1.6e-05 -8.77506 1.5e-05 15.279934 -17.387789 6.295745 -0.609783 -1.795685 -3.88939 -4.807211 -11.047062 -2.937912 -3.3e-05 -20.976591 -4e-05 -5.020157 -25.034449 -4.03208 5e-06 2e-06 1e-06 -10.634713 -5.687089 -3.565626 10.573486 -17.923311 -3.114014 -2.3e-05 -13.821572 -2.2e-05 -0.501793 -31.182625 -4.027256 -10.459322 -58.779339 6.49331 -13.982946 -7.150347 -2.87506 13.773011 -8.401639 -3.218352 0.347693 -34.212566 0.771612 -0.963075 -17.733961 2.621055 -0.0 0.0 -1e-06 -17.34675 -20.095606 -4.20181 21.758028 -1.638356 3.866474 -1.3e-05 -6.338987 -6e-06 -1.69766 -22.592522 -6.194277 -2e-06 -3e-06 -3e-06 86.163963 -82.958061 107.771545 39.786945 28.790583 -57.595989 83.074707 -3.488339 -2.545894 22.499512 49.523643 35.962002 22.182505 -20.37611 49.93399 -16.702246 -16.743786 28.477074 3e-06 -12.690912 -1.7e-05 16.748314 -17.191422 2.992317 -0.105922 -1.513891 -4.27594 -5.03915 -5.613009 -2.953618 1e-06 -11.02083 -3.6e-05 -6.111476 -15.895903 -3.840624 0.0 -2e-06 -1e-06 -10.283545 -5.680408 -4.341897 11.02852 -11.302655 -2.3727 -1.384302 -14.23899 -6.320313 -0.625399 -26.925146 -3.827829 -5.422507 -50.774082 -2.545845 -13.708756 -7.363628 -3.72099 18.141527 -14.053051 -3.242768 3.4e-05 -18.787785 -7e-05 -0.429703 -8.456306 2.555549 -2e-06 3e-06 2e-06 -15.92383 -20.094893 -5.473667 30.419827 -7.190981 1.735977 1.4e-05 -8.163134 -3.4e-05 -1.861872 -22.862234 -6.168253 -0.0 -5e-06 -4e-06 -158.106522 -12.937363 -10.731503 46.944649 -0.660408 0.741345 -70.132172 10.596846 -4.607379 -24.733889 1.748669 1.917912 -0.999999 0.0 1e-06 -23.29221 3.177431 -17.076258 26.924767 0.41231 -0.425454 -63.134689 -7.598964 0.595244 -5.235866 0.749742 1.7089 -1.000007 0.0 -0.0 
0.0 0.0 0.0 0.0 -0.0 0.0 10.325024 92.691315 272.141235 84.137398 12.182314 100.196945 4.815761 3.099036 -0.288588 -9.501456 0.204247 -2.872818 23.204977 3.367698 -3.327539 32.801395 8.760983 2.318256 -2.570446 -0.636895 -3.152315 -36.80611 -5.794963 -0.93854 6e-06 0.0 0.0 -0.013148 0.002454 -0.056695 -0.050801 -0.012731 -0.065932 -0.013613 0.018015 -0.064676 -42.20163 -82.857208 56.485069 63.89922 -42.294575 -36.729485 19.656919 0.311582 0.406693 4.324982 15.197147 -10.835649 17.636639 -26.32292 52.411736 -19.467009 -14.395833 29.41087 1.3e-05 -8.774986 2.3e-05 15.810773 -17.29953 6.195879 -0.609776 -1.795681 -3.889373 -4.807176 -11.046984 -2.937891 -2e-05 -20.976395 -5.5e-05 -5.020091 -25.034155 -4.032037 9e-06 -1e-06 0.0 -10.634655 -5.687064 -3.565604 10.57342 -17.923189 -3.114009 -1.7e-05 -13.821449 -3.6e-05 -0.501757 -31.182253 -4.027232 -10.543486 -58.959751 6.744099 -13.982876 -7.150311 -2.87504 13.772926 -8.401581 -3.218338 0.347718 -34.212212 0.771564 -0.963043 -17.733751 2.621009 0.0 1e-06 0.0 -17.346659 -20.095507 -4.201785 21.757881 -1.638345 3.866433 -1e-05 -6.33893 -1.5e-05 -1.697632 -22.592268 -6.194212 -1e-06 -4e-06 -1e-06 106.22641 -83.29068 87.359856 41.441917 23.432062 -56.961163 84.809113 -1.427555 -2.246481 27.203804 54.50103 45.201611 22.182415 -20.376032 49.933655 -16.702133 -16.743677 28.476847 -1e-05 -12.690806 -1.9e-05 16.133308 -17.094074 3.559348 -0.105919 -1.513885 -4.275915 -5.039111 -5.612972 -2.953591 1.4e-05 -11.020768 -1.6e-05 -6.111403 -15.895766 -3.840558 -2e-06 1e-06 -4e-06 -10.283488 -5.680369 -4.341867 11.028454 -11.302609 -2.372674 -1.384285 -14.238898 -6.320237 -0.625405 -26.924953 -3.827729 -5.325815 -50.345776 -2.83075 -13.708681 -7.363581 -3.720965 18.141415 -14.053001 -3.242734 4.4e-05 -18.787687 -5.1e-05 -0.429693 -8.456261 2.555537 1e-06 -0.0 -1e-06 -15.923733 -20.094784 -5.473619 30.419621 -7.19097 1.735962 1.9e-05 -8.16309 -3e-05 -1.861842 -22.862087 -6.168168 -2e-06 -4e-06 -2e-06 -163.825485 -17.006138 -9.031639 61.967384 -0.933724 0.548566 -59.74633 10.687654 -6.155856 -10.896736 1.610997 2.195471 -1.000005 1e-06 -4e-06 -20.556541 5.145479 -18.525257 34.47538 0.357512 -0.303151 -71.167534 -7.566707 2.875299 -4.635174 0.670986 1.719117 -1.000006 -0.0 -0.0 
0.0 0.0 0.0 0.0 -0.0 0.0 10.129438 93.315216 278.224915 83.154381 13.720723 99.671799 5.604196 3.629321 0.054736 -9.1467 0.442603 -2.277793 23.750694 3.599674 -2.79718 32.885887 8.503522 2.334834 -2.506812 -0.662491 -3.398346 -37.68729 -5.579314 -1.187707 6e-06 -0.0 -0.0 -0.003163 0.000528 -0.171056 -0.010387 -0.030938 -0.169655 0.027097 0.029789 -0.187967 -47.769966 -82.220192 62.84679 64.214973 -45.057152 -37.063351 20.359261 0.182827 0.229306 5.463682 14.464792 -10.312866 17.636734 -26.322876 52.411507 -19.466812 -14.395641 29.410614 -8e-06 -8.774882 -7e-06 15.967624 -17.489189 6.051242 -0.609782 -1.795664 -3.889347 -4.807104 -11.046879 -2.937886 3.4e-05 -20.976204 -2.2e-05 -5.019953 -25.033855 -4.031956 8e-06 -2e-06 0.0 -10.634573 -5.686996 -3.565617 10.573341 -17.923075 -3.113932 1.7e-05 -13.82133 -4e-06 -0.501704 -31.181904 -4.027085 -10.855711 -59.084347 6.956876 -13.982761 -7.15023 -2.875072 13.772799 -8.401556 -3.218261 0.347778 -34.211887 0.771644 -0.963026 -17.733587 2.621064 -1e-06 1e-06 -0.0 -17.346472 -20.095318 -4.201829 21.757666 -1.638402 3.866462 7e-06 -6.33888 -1e-06 -1.69755 -22.592026 -6.19412 1e-06 -3e-06 -2e-06 115.59407 -83.492569 78.203835 43.156658 20.253859 -55.910889 83.893547 -0.214689 -1.296356 33.348595 58.28249 54.35096 22.18224 -20.37606 49.933601 -16.701908 -16.743616 28.476707 -2.8e-05 -12.690676 -2e-06 15.676413 -17.284513 3.908353 -0.10592 -1.51386 -4.275902 -5.03906 -5.612885 -2.953576 2.8e-05 -11.020591 -1e-06 -6.1113 -15.895455 -3.840522 1e-06 1e-06 -2e-06 -10.283407 -5.680293 -4.341865 11.028365 -11.302464 -2.372641 -1.384246 -14.238655 -6.320172 -0.625374 -26.924444 -3.827615 -5.256382 -49.420441 -2.824666 -13.708575 -7.363483 -3.720965 18.141262 -14.052819 -3.24269 3.7e-05 -18.787388 2e-05 -0.429703 -8.456124 2.555551 -1e-06 2e-06 1e-06 -15.92358 -20.094517 -5.473627 30.419361 -7.190901 1.735931 1.6e-05 -8.162976 1.4e-05 -1.86187 -22.861662 -6.16796 1e-06 -6e-06 -1e-06 -170.888992 -19.21814 -6.341785 73.336418 -0.893288 0.396116 -62.950684 5.666325 -6.692541 -7.723652 1.582417 2.335036 -1.000004 -0.0 -1e-06 -15.577868 7.172385 -19.242889 35.945087 0.325939 -0.344891 -76.412079 -6.713657 3.670573 -4.323627 0.672669 1.70276 -1.000008 -0.0 -0.0 
0.0 0.0 0.0 0.0 -0.0 0.0 10.128391 94.563103 283.754822 83.046021 14.483585 98.922768 6.122854 3.804019 0.434883 -8.918205 0.499779 -1.49484 24.303745 3.297445 -2.075785 32.96978 8.340694 2.334037 -2.453246 -0.576118 -3.640872 -38.091938 -5.452437 -1.596825 6e-06 -0.0 -0.0 0.005194 0.001421 -0.227589 0.037251 -0.054814 -0.213151 0.06846 0.053733 -0.256151 -56.97818 -81.659103 72.747025 63.718575 -47.994835 -36.208778 20.320488 -0.045125 0.147927 6.689891 12.963959 -9.538306 17.636789 -26.323101 52.411869 -19.467047 -14.395842 29.410925 9e-06 -8.775009 8e-06 15.878409 -17.663221 5.85962 -0.609782 -1.795681 -3.889378 -4.807184 -11.047028 -2.937897 -2.2e-05 -20.976526 -2e-05 -5.020123 -25.034342 -4.032024 7e-06 -2e-06 -0.0 -10.634676 -5.68707 -3.565617 10.573449 -17.923275 -3.113982 -1.2e-05 -13.821528 -1.5e-05 -0.501791 -31.182499 -4.027194 -11.116757 -59.055477 7.178235 -13.982906 -7.15032 -2.875056 13.772962 -8.401624 -3.218318 0.347707 -34.212433 0.77163 -0.963065 -17.733877 2.621055 -3e-06 0.0 1e-06 -17.346697 -20.095547 -4.201797 21.757944 -1.638371 3.866474 -5e-06 -6.338969 -7e-06 -1.697643 -22.592442 -6.194221 -1e-06 -2e-06 -2e-06 124.12664 -83.772285 69.895866 45.40453 17.621712 -54.676563 80.196754 0.192187 -0.015909 37.961769 60.879498 58.700428 22.182415 -20.37612 49.933769 -16.702145 -16.743746 28.476921 -7e-06 -12.690842 -7e-06 15.46918 -17.632643 3.973568 -0.105919 -1.513881 -4.275923 -5.039119 -5.612977 -2.953593 8e-06 -11.020781 -7e-06 -6.111429 -15.895785 -3.840556 1e-06 -0.0 -2e-06 -10.283499 -5.680373 -4.341875 11.028472 -11.302616 -2.372677 -1.384291 -14.238916 -6.32024 -0.625426 -26.924999 -3.827722 -5.236526 -48.931114 -2.798812 -13.708697 -7.363587 -3.720965 18.141447 -14.053009 -3.24274 2.4e-05 -18.787712 -3.2e-05 -0.429704 -8.456275 2.555547 0.0 -1e-06 -1e-06 -15.923751 -20.094795 -5.473619 30.41968 -7.190961 1.735949 1.2e-05 -8.163102 -2e-05 -1.861886 -22.86212 -6.168152 -1e-06 -5e-06 -3e-06 -178.658096 -19.18854 -3.79559 79.234444 -0.585096 0.358362 -69.374863 -0.027045 -6.232634 -7.931354 1.560893 2.284518 -1.000002 1e-06 1e-06 -9.475016 8.739291 -18.458166 33.12709 0.30998 -0.327732 -79.222458 -6.115895 3.436368 -4.337004 0.698651 1.689671 -1.000006 0.0 -0.0 
0.0 0.0 0.0 0.0 -0.0 0.0 10.407341 96.031639 289.168396 83.734406 14.559494 97.68792 6.711331 3.674284 0.917408 -8.74369 0.504063 -0.509499 24.398939 2.535786 -1.300095 32.977158 7.851415 2.337244 -2.448405 -0.538747 -3.77815 -38.426155 -5.208494 -2.12883 6e-06 0.0 0.0 0.008266 0.003462 -0.208231 0.066852 -0.05343 -0.186158 0.096768 0.054401 -0.246942 -65.204689 -80.708527 81.589203 62.578045 -51.481895 -35.635502 19.503239 -0.109891 0.111257 7.185682 11.374788 -10.06826 17.636717 -26.32295 52.411674 -19.466936 -14.39579 29.410788 1.1e-05 -8.774969 8e-06 15.918391 -17.668129 5.637786 -0.60978 -1.795672 -3.889363 -4.807164 -11.046951 -2.937885 -1.4e-05 -20.976353 -2.7e-05 -5.020074 -25.034098 -4.032007 6e-06 -3e-06 -2e-06 -10.634642 -5.687038 -3.565605 10.573401 -17.923153 -3.11397 -9e-06 -13.821422 -1.8e-05 -0.501775 -31.182184 -4.027175 -11.220558 -59.178707 7.304021 -13.982859 -7.150282 -2.875049 13.772903 -8.401574 -3.218306 0.347717 -34.212143 0.771616 -0.963048 -17.733728 2.621041 -2e-06 0.0 -3e-06 -17.346628 -20.095432 -4.201793 21.757849 -1.638363 3.866454 -8e-06 -6.338919 -5e-06 -1.697623 -22.59222 -6.194181 -1e-06 -4e-06 0.0 142.918747 -83.295448 50.559456 48.334152 14.157783 -54.071289 74.270882 0.273824 1.151386 39.530041 64.336639 57.579819 22.182358 -20.376104 49.933727 -16.702093 -16.743748 28.476887 -4e-06 -12.690829 0.0 15.402861 -17.956329 3.854677 -0.105918 -1.513876 -4.275919 -5.039112 -5.612958 -2.953589 6e-06 -11.020735 -6e-06 -6.111423 -15.895715 -3.840552 -0.0 -1e-06 -2e-06 -10.283483 -5.680357 -4.341869 11.028453 -11.302573 -2.372673 -1.38429 -14.238854 -6.320227 -0.625426 -26.924866 -3.827705 -5.133711 -48.89801 -2.843833 -13.708675 -7.363563 -3.720959 18.14142 -14.052951 -3.242733 1.8e-05 -18.787628 -2.2e-05 -0.429707 -8.456236 2.555548 2e-06 2e-06 0.0 -15.923731 -20.094732 -5.473611 30.419645 -7.190932 1.735943 7e-06 -8.163075 -1.4e-05 -1.861903 -22.862028 -6.168121 -3e-06 -5e-06 -2e-06 174.19342 -17.414703 -2.824543 79.418022 -0.267926 0.31072 -73.037445 -4.531769 -5.440471 -8.315167 1.535737 2.225034 -1.000002 2e-06 0.0 -3.127871 9.385043 -16.319721 28.471212 0.254204 -0.190522 -80.53653 -5.930918 2.638575 -4.498693 0.6717 1.663009 -1.000006 0.0 -0.0 
0.0 0.0 0.0 0.0 -0.0 0.0 10.880348 97.362427 294.601715 84.993889 13.976592 95.860161 7.213161 3.277498 1.434838 -8.629418 0.517958 0.627883 24.247459 1.4556 -0.532262 32.780216 6.831701 2.340538 -2.536649 -0.503484 -3.919858 -38.701721 -4.829143 -2.551127 6e-06 -0.0 0.0 0.001653 0.005014 -0.16748 0.062855 -0.050456 -0.144589 0.088468 0.052432 -0.210893 -73.388397 -79.580772 90.46859 60.046692 -55.064037 -34.646946 18.305248 0.117274 0.081285 6.729935 9.619841 -12.59367 17.636763 -26.322954 52.41161 -19.46693 -14.395827 29.410734 0.0 -8.774977 5e-06 16.144819 -17.643497 5.501952 -0.609778 -1.795669 -3.889361 -4.807155 -11.046932 -2.937876 1.1e-05 -20.976309 -1.1e-05 -5.020063 -25.034 -4.03197 6e-06 1e-06 0.0 -10.634651 -5.687024 -3.565599 10.573431 -17.923141 -3.113961 5e-06 -13.821396 -5e-06 -0.501769 -31.182093 -4.027111 -11.363315 -59.595165 7.469094 -13.982871 -7.150265 -2.875041 13.772933 -8.401576 -3.218301 0.34775 -34.212067 0.771651 -0.963039 -17.733679 2.621065 -0.0 2e-06 -0.0 -17.346632 -20.095407 -4.201784 21.75787 -1.638391 3.866451 -0.0 -6.338906 -2e-06 -1.697621 -22.592138 -6.194135 1e-06 0.0 -1e-06 162.474411 -81.500465 29.969982 51.716702 10.750674 -53.94899 66.690231 0.390339 1.835777 38.505436 69.693565 52.581326 22.182322 -20.376062 49.933582 -16.701984 -16.74367 28.476746 4e-06 -12.690751 -8e-06 15.232154 -18.155392 3.815491 -0.10592 -1.513869 -4.275905 -5.039093 -5.612937 -2.953574 -0.0 -11.020683 2e-06 -6.111391 -15.895615 -3.840516 -0.0 0.0 -0.0 -10.283459 -5.680345 -4.341858 11.0284 -11.302533 -2.372648 -1.384293 -14.238791 -6.320185 -0.625455 -26.9247 -3.827659 -4.993886 -49.161846 -2.928445 -13.70864 -7.363548 -3.720952 18.141325 -14.052896 -3.242701 2e-06 -18.78755 -9e-06 -0.429713 -8.456194 2.555537 -0.0 -0.0 0.0 -15.923692 -20.094683 -5.473588 30.419504 -7.190894 1.735955 3e-06 -8.16304 -1e-05 -1.861909 -22.8619 -6.168063 2e-06 -2e-06 -1e-06 168.427063 -14.768008 -3.717179 74.386963 0.044226 0.096129 -73.392838 -6.806454 -4.849889 -8.570195 1.529459 2.170354 -1.000005 -1e-06 -1e-06 2.876761 8.928214 -13.338469 23.204643 0.192442 -0.040617 -81.177841 -5.949684 1.767266 -4.742916 0.588761 1.634679 -1.000007 0.0 -0.0 
0.0 0.0 0.0 0.0 -0.0 0.0 11.488831 98.318115 300.104553 86.547676 12.726878 93.65271 7.371503 2.749444 1.799944 -8.62582 0.537389 1.769169 24.041191 0.147333 0.346614 32.330265 5.393857 2.319898 -2.65884 -0.481564 -4.01069 -38.921753 -4.490744 -2.875942 6e-06 0.0 -0.0 0.004173 0.006764 -0.137639 0.046772 -0.070625 -0.118971 0.056464 0.074602 -0.178887 -81.586266 -78.326088 99.474846 55.536125 -58.277996 -31.636658 17.311144 0.373041 0.065558 5.558773 7.518533 -15.678564 17.636806 -26.323053 52.411785 -19.466999 -14.395857 29.410847 3e-06 -8.775006 4e-06 16.367483 -17.679857 5.523101 -0.609783 -1.795673 -3.88937 -4.807172 -11.046975 -2.937886 5e-06 -20.976412 -1e-05 -5.020096 -25.034157 -4.031993 6e-06 -6e-06 -1e-06 -10.634676 -5.68704 -3.565611 10.573463 -17.923208 -3.113972 1e-06 -13.821459 -4e-06 -0.501779 -31.182276 -4.027138 -11.539259 -60.179276 7.595939 -13.982905 -7.150287 -2.875052 13.772971 -8.401606 -3.21831 0.347747 -34.212254 0.771652 -0.963049 -17.733786 2.62108 -1e-06 0.0 -0.0 -17.346674 -20.095465 -4.201798 21.757931 -1.638393 3.866467 -0.0 -6.338939 -2e-06 -1.697631 -22.592289 -6.194172 -0.0 -5e-06 -2e-06 174.648544 -78.916779 16.652308 55.24527 8.13546 -53.924335 58.80233 0.481423 2.094185 34.52248 75.041115 44.006245 22.182285 -20.376091 49.933716 -16.702011 -16.74374 28.476847 3e-06 -12.690777 1.1e-05 15.102636 -18.209476 3.956841 -0.105918 -1.513869 -4.275919 -5.039098 -5.612933 -2.95358 -3e-06 -11.020661 -4e-06 -6.111396 -15.895589 -3.840528 -1e-06 1e-06 2e-06 -10.283468 -5.680344 -4.341862 11.028416 -11.302511 -2.37267 -1.384289 -14.238758 -6.320203 -0.625434 -26.924612 -3.827683 -4.918301 -49.737263 -2.85383 -13.708657 -7.363548 -3.720955 18.141357 -14.05287 -3.242725 -6e-06 -18.787512 -7e-06 -0.429723 -8.456175 2.55554 1e-06 1e-06 -1e-06 -15.92371 -20.094675 -5.473603 30.419563 -7.190874 1.735925 -5e-06 -8.163027 -3e-06 -1.861943 -22.861841 -6.168056 -1e-06 -6e-06 -4e-06 164.166611 -11.89608 -5.780037 64.611176 0.219655 -0.248038 -71.412575 -6.424665 -5.07904 -8.903289 1.543687 2.124866 -1.000002 -1e-06 1e-06 8.103004 7.462149 -10.26135 17.9534 0.150984 0.066615 -81.817474 -5.971708 1.171659 -5.0042 0.501367 1.619169 -1.000002 0.0 0.0 
0.0 0.0 0.0 0.0 -0.0 0.0 12.198649 98.759613 305.897858 87.826569 11.119871 91.36673 7.116073 2.456723 1.912083 -8.74028 0.585509 2.760229 23.905832 -1.125999 1.382037 31.739107 3.725007 2.20663 -2.743515 -0.468506 -3.868485 -39.276417 -4.332919 -3.082462 6e-06 0.0 -0.0 0.035307 0.005227 -0.094515 0.042432 -0.107226 -0.083933 0.030978 0.107268 -0.127061 -88.425072 -76.865524 107.203743 49.369389 -60.902161 -25.935829 16.794977 0.37782 0.069992 4.244827 5.035035 -17.375134 17.636736 -26.322914 52.411591 -19.466887 -14.395823 29.410713 -1.2e-05 -8.77496 6e-06 16.553722 -17.715422 5.625034 -0.609777 -1.795663 -3.889356 -4.80713 -11.046875 -2.937877 4.4e-05 -20.9762 -7e-06 -5.020008 -25.033848 -4.031949 6e-06 -3e-06 -1e-06 -10.634623 -5.686993 -3.565603 10.573426 -17.923073 -3.113954 2.3e-05 -13.821327 8e-06 -0.501742 -31.181887 -4.027053 -11.63293 -60.811546 7.690506 -13.982835 -7.150226 -2.875049 13.772906 -8.401558 -3.218295 0.347794 -34.211891 0.771674 -0.963033 -17.733587 2.621096 -0.0 3e-06 1e-06 -17.346569 -20.095308 -4.201806 21.757816 -1.638415 3.866443 8e-06 -6.338877 5e-06 -1.697581 -22.592007 -6.194093 1e-06 -5e-06 -3e-06 -179.227112 -76.383591 9.574621 58.724445 6.350737 -53.699165 52.427082 0.457834 2.06195 28.376688 77.328476 34.018459 22.182156 -20.376007 49.933571 -16.701948 -16.743673 28.476774 2e-05 -12.690733 1.7e-05 15.056992 -18.266407 4.063566 -0.105918 -1.513866 -4.275907 -5.039086 -5.612933 -2.953569 -1.9e-05 -11.020659 -3e-06 -6.111403 -15.895607 -3.840523 -2e-06 -1e-06 0.0 -10.283429 -5.680341 -4.341846 11.028362 -11.302488 -2.372669 -1.384305 -14.238764 -6.320198 -0.625477 -26.924643 -3.827709 -4.840209 -50.462856 -2.787177 -13.708605 -7.363545 -3.720937 18.141275 -14.052832 -3.242723 -2.8e-05 -18.787498 -2.1e-05 -0.429731 -8.456172 2.555525 0.0 2e-06 -1e-06 -15.923657 -20.094656 -5.473577 30.419447 -7.190821 1.735914 -1.4e-05 -8.163022 -1.2e-05 -1.861946 -22.861855 -6.168081 0.0 -0.0 -1e-06 161.763138 -9.431167 -8.01512 50.463795 0.133707 -0.467919 -69.03524 -4.69202 -6.266908 -9.135338 1.558331 2.114615 -1.0 -1e-06 0.0 12.899105 5.730124 -7.699608 12.753118 0.094628 0.179118 -82.479088 -5.769382 0.850976 -5.269931 0.486987 1.623472 -1.000005 2e-06 0.0 
0.0 0.0 0.0 0.0 -0.0 0.0 12.954288 98.633194 311.871613 88.211716 9.701886 89.12516 6.690758 2.750693 1.893996 -8.932255 0.686508 3.479461 23.818514 -2.013273 2.446708 31.285666 1.9272 2.079179 -2.803578 -0.340807 -3.538914 -39.729477 -4.232182 -2.912168 6e-06 1e-06 -0.0 0.064136 0.006091 -0.048124 -0.004803 -0.121385 -0.050554 -0.019425 0.121459 -0.066421 -92.970413 -75.148979 112.61203 42.277798 -63.093437 -18.258009 16.559898 0.07474 0.057338 3.167932 2.284062 -17.169857 17.636745 -26.322931 52.411541 -19.466845 -14.395667 29.410641 3e-06 -8.774907 -6e-06 16.591686 -17.648186 5.77641 -0.609781 -1.795667 -3.88935 -4.807131 -11.046925 -2.937879 -4e-06 -20.976303 -7e-06 -5.020034 -25.034016 -4.031957 5e-06 -2e-06 1e-06 -10.634597 -5.687017 -3.565614 10.57335 -17.923132 -3.11393 -1e-06 -13.821396 -6e-06 -0.501768 -31.182116 -4.02711 -11.73773 -61.29847 7.958228 -13.982796 -7.150258 -2.875063 13.772827 -8.401573 -3.218269 0.347729 -34.212097 0.771649 -0.963045 -17.733715 2.621056 0.0 2e-06 1e-06 -17.346527 -20.095381 -4.201809 21.757715 -1.638379 3.86647 1e-06 -6.338909 -3e-06 -1.697598 -22.592167 -6.194136 -1e-06 -4e-06 -1e-06 -176.066376 -74.148781 5.675183 62.272018 4.741501 -53.045082 48.332733 0.431493 1.824104 23.311279 74.989815 26.264771 22.18222 -20.375967 49.933575 -16.701927 -16.743595 28.476711 -2e-06 -12.690685 -6e-06 15.125892 -18.321625 3.867318 -0.105923 -1.513866 -4.275901 -5.039071 -5.612906 -2.953575 5e-06 -11.02061 -1.4e-05 -6.111338 -15.895505 -3.840534 -1e-06 -1e-06 -0.0 -10.283421 -5.680321 -4.341861 11.028351 -11.302466 -2.372658 -1.384273 -14.238697 -6.32019 -0.625401 -26.92449 -3.827686 -4.808657 -50.920063 -2.844042 -13.708591 -7.363519 -3.720962 18.141247 -14.052816 -3.242702 1.3e-05 -18.78742 -1.9e-05 -0.429708 -8.456129 2.55553 -1e-06 -1e-06 -2e-06 -15.92362 -20.094597 -5.473622 30.419369 -7.19086 1.735941 3e-06 -8.162985 -4e-06 -1.861882 -22.86171 -6.168041 2e-06 -4e-06 -0.0 161.537964 -8.069403 -9.786502 32.858936 0.019056 -0.496696 -67.073212 -3.417714 -7.708646 -8.673221 1.509034 2.131769 -1.000002 0.0 -0.0 17.247082 4.614377 -5.879576 8.433845 0.00715 0.267447 -82.807663 -5.244498 0.469433 -5.609326 0.567354 1.648699 -1.000004 -0.0 0.0 
0.0 0.0 0.0 0.0 -0.0 0.0 13.78634 98.052444 318.080872 87.720642 8.694951 87.046341 6.252115 3.474365 1.903529 -9.126214 0.856197 3.934031 23.711945 -2.3368 3.272173 30.995897 0.245002 2.147784 -2.748641 -0.304758 -3.185646 -40.174335 -4.07159 -2.459208 6e-06 -0.0 -0.0 0.088166 0.012627 0.017289 -0.078167 -0.114659 -0.004006 -0.084503 0.12563 0.016916 -95.670212 -73.244972 116.43544 35.13541 -64.929108 -9.852241 16.321436 -0.096431 0.094281 2.576101 -0.499984 -15.897552 17.636808 -26.322903 52.411377 -19.466846 -14.395729 29.41057 -8e-06 -8.774926 -7e-06 16.475639 -17.706179 5.958303 -0.609778 -1.795665 -3.889344 -4.807128 -11.046899 -2.937861 2.4e-05 -20.976259 8e-06 -5.020027 -25.033911 -4.031919 5e-06 -4e-06 -0.0 -10.634615 -5.687 -3.565593 10.573398 -17.923117 -3.113924 1.6e-05 -13.821368 6e-06 -0.501763 -31.182011 -4.027049 -11.898117 -61.631989 8.307848 -13.982821 -7.150234 -2.875042 13.77287 -8.401571 -3.218266 0.347773 -34.211979 0.771673 -0.963026 -17.733633 2.621076 0.0 0.0 0.0 -17.346556 -20.095335 -4.201778 21.757769 -1.63841 3.866457 8e-06 -6.338891 2e-06 -1.697589 -22.592066 -6.194084 -0.0 -1e-06 -2e-06 -173.955704 -72.125435 2.92859 65.908569 2.509256 -51.898632 46.068378 0.277239 1.488185 20.354259 68.146248 21.409018 22.1824 -20.376123 49.933563 -16.701958 -16.743711 28.476717 1.1e-05 -12.690789 -1.7e-05 15.245044 -18.258089 3.537722 -0.105923 -1.513865 -4.275903 -5.039107 -5.612936 -2.953566 -3e-06 -11.02069 2.2e-05 -6.111434 -15.89563 -3.840499 0.0 1e-06 -1e-06 -10.283475 -5.680341 -4.341856 11.028419 -11.302533 -2.37263 -1.384317 -14.23879 -6.320165 -0.625508 -26.924717 -3.827604 -4.870451 -50.610504 -2.896801 -13.708666 -7.363547 -3.720949 18.141359 -14.052899 -3.242672 -1.6e-05 -18.787577 2.8e-05 -0.429722 -8.456215 2.555561 2e-06 -0.0 1e-06 -15.923734 -20.094677 -5.473569 30.419565 -7.190897 1.735987 -2e-06 -8.163056 3e-06 -1.861961 -22.86195 -6.168035 1e-06 -2e-06 0.0 162.441544 -7.886381 -10.130957 15.371892 -0.00764 -0.400837 -67.660683 -3.696145 -7.896992 -8.186055 1.555596 2.098772 -1.000006 0.0 -0.0 20.951006 4.010971 -5.085739 6.566896 -0.055127 0.230846 -83.039513 -3.998818 -0.346692 -6.260693 0.532596 1.64854 -1.000007 0.0 -0.0 
0.0 0.0 0.0 0.0 -0.0 0.0 14.698097 96.945938 324.400818 87.00177 8.100735 85.341988 5.84149 4.130158 1.812193 -9.253284 1.093429 4.44637 23.734217 -2.256017 3.645435 30.7845 -1.126137 2.250926 -2.789216 -0.323629 -2.919852 -40.381248 -3.852425 -1.990128 6e-06 0.0 0.0 0.092157 0.01136 -0.043301 -0.131056 -0.135706 -0.07135 -0.122833 0.140359 -0.036853 -98.191078 -71.347107 119.919052 28.476868 -66.303772 -1.696002 15.559985 0.215906 0.181011 2.292746 -2.555396 -14.07292 17.636721 -26.322741 52.411228 -19.466703 -14.395647 29.410433 -4e-06 -8.774869 -1.1e-05 16.510235 -17.853388 6.0148 -0.609778 -1.795654 -3.88933 -4.807103 -11.046819 -2.937858 2.6e-05 -20.97607 -6e-06 -5.019966 -25.033669 -4.031923 5e-06 -3e-06 1e-06 -10.634564 -5.686971 -3.56559 10.573325 -17.922977 -3.113902 1.7e-05 -13.821246 3e-06 -0.501748 -31.181671 -4.027032 -12.396906 -61.805775 8.725531 -13.982754 -7.150199 -2.875044 13.772786 -8.401507 -3.218243 0.347769 -34.211655 0.771662 -0.963022 -17.733463 2.62106 0.0 -1e-06 -0.0 -17.34647 -20.095224 -4.201788 21.757648 -1.638396 3.866452 8e-06 -6.33884 2e-06 -1.697576 -22.591854 -6.194056 1e-06 0.0 -3e-06 -172.394211 -70.736076 1.187979 69.248154 0.225566 -50.070774 44.931816 -0.204703 0.880695 18.52261 58.95245 18.82472 22.182178 -20.375938 49.93335 -16.701818 -16.743546 28.476564 1.8e-05 -12.69065 -1.2e-05 15.355511 -18.348068 3.226736 -0.105922 -1.513856 -4.275887 -5.039062 -5.612898 -2.953561 -1.2e-05 -11.020596 8e-06 -6.111362 -15.89549 -3.840494 -0.0 2e-06 2e-06 -10.283393 -5.680305 -4.34184 11.028309 -11.302438 -2.372623 -1.384301 -14.238667 -6.320145 -0.625482 -26.924446 -3.82763 -4.895709 -50.214314 -3.19662 -13.708551 -7.363503 -3.720936 18.141172 -14.052778 -3.242659 -1.9e-05 -18.787399 7e-06 -0.429724 -8.456128 2.555529 -1e-06 0.0 3e-06 -15.923589 -20.094549 -5.47357 30.419275 -7.190822 1.735962 -8e-06 -8.162978 1e-06 -1.861921 -22.861698 -6.168006 2e-06 -3e-06 -0.0 162.32988 -8.428329 -9.557285 4.302272 -0.048068 -0.327155 -70.43206 -4.290509 -7.595922 -8.529497 1.68484 2.009871 -1.000001 0.0 -0.0 24.904507 3.327043 -5.057734 5.553085 -0.045824 0.211296 -83.538582 -2.156696 -1.830282 -6.934484 0.460836 1.609126 -1.000006 1e-06 0.0 
0.0 0.0 0.0 0.0 -0.0 0.0 15.70664 95.539215 330.750854 86.445702 8.061539 84.28463 5.670629 4.615277 1.783357 -9.315262 1.318426 4.797501 23.972153 -2.102185 3.826922 30.483107 -1.901128 2.200768 -2.825454 -0.31759 -2.746126 -40.502552 -3.587557 -1.447184 6e-06 -0.0 -0.0 0.069901 0.010639 -0.143126 -0.105981 -0.130994 -0.165937 -0.098743 0.132271 -0.14049 -100.489098 -69.910545 123.065369 23.903568 -67.265823 4.090972 14.282821 0.721293 0.262119 1.889207 -3.043787 -12.94522 17.636749 -26.322979 52.411446 -19.466778 -14.395719 29.410557 5e-06 -8.774906 -2e-06 16.619312 -17.916782 6.027067 -0.60978 -1.795662 -3.889346 -4.807132 -11.046897 -2.93785 -1.6e-05 -20.976238 3.3e-05 -5.020072 -25.033899 -4.031887 6e-06 -2e-06 1e-06 -10.634601 -5.687005 -3.565594 10.57335 -17.923096 -3.113902 -1.1e-05 -13.82136 2e-05 -0.50184 -31.181976 -4.027012 -12.744106 -61.949631 9.027066 -13.982801 -7.150242 -2.875042 13.772832 -8.401549 -3.218257 0.347689 -34.211967 0.77172 -0.963067 -17.733624 2.621074 0.0 0.0 -1e-06 -17.346552 -20.095346 -4.201763 21.757734 -1.638381 3.866452 -3e-06 -6.338892 8e-06 -1.697633 -22.59206 -6.194052 -0.0 -4e-06 0.0 -171.520721 -69.942741 0.57866 71.814529 -2.682917 -47.584579 44.801369 -0.253574 0.496718 16.0474 50.311619 16.061867 22.182394 -20.376204 49.933838 -16.701967 -16.74367 28.476841 -8e-06 -12.690752 -1.9e-05 15.421625 -18.516239 3.021017 -0.105924 -1.513865 -4.275914 -5.039097 -5.612933 -2.953594 1e-05 -11.020679 7e-06 -6.111378 -15.895616 -3.840552 2e-06 -0.0 0.0 -10.283463 -5.680331 -4.341887 11.028404 -11.302529 -2.372632 -1.38428 -14.238775 -6.320209 -0.625441 -26.924696 -3.827646 -4.861347 -49.945911 -3.448543 -13.708641 -7.363535 -3.720984 18.141333 -14.052904 -3.242678 9e-06 -18.787558 2.9e-05 -0.42972 -8.456205 2.555576 -1e-06 -2e-06 1e-06 -15.923677 -20.094654 -5.473639 30.419498 -7.190928 1.735986 3e-06 -8.16305 1.3e-05 -1.861917 -22.861914 -6.168026 -3e-06 -0.0 -3e-06 160.638626 -8.980145 -9.530998 2.730484 -0.081723 -0.207923 -73.421021 -4.702705 -7.189688 -8.776737 1.706299 1.960624 -1.000003 0.0 -0.0 29.060064 2.38575 -5.455441 5.332654 -0.04558 0.238709 -83.50798 -0.332783 -3.603587 -8.13534 0.437416 1.570821 -1.000008 0.0 0.0 
0.0 0.0 0.0 0.0 -0.0 0.0 16.872576 94.15271 337.195526 86.929222 8.168598 83.793518 5.199306 4.284126 1.782483 -9.570039 1.504841 5.049419 24.48398 -2.173848 3.916732 30.134918 -1.838882 2.184233 -2.806627 -0.564948 -2.510186 -40.168743 -3.242988 -1.20375 6e-06 -0.0 0.0 0.039106 0.008696 -0.127871 -0.108136 -0.103237 -0.146994 -0.099563 0.10173 -0.128057 -101.641579 -69.028069 125.082664 21.514208 -68.302177 7.411314 12.908463 1.206965 0.319466 1.216146 -2.425127 -12.092674 17.636711 -26.322969 52.411533 -19.466818 -14.395698 29.410641 1e-06 -8.7749 1e-06 16.801699 -17.806021 6.061936 -0.609779 -1.795664 -3.889351 -4.807124 -11.046909 -2.937868 -5e-06 -20.976278 9e-06 -5.02004 -25.033966 -4.031926 8e-06 2e-06 2e-06 -10.63459 -5.687008 -3.565607 10.573344 -17.923109 -3.113922 -5e-06 -13.821374 8e-06 -0.501794 -31.182034 -4.027067 -12.752033 -62.171471 9.052918 -13.982788 -7.150246 -2.875054 13.77282 -8.401563 -3.21827 0.347714 -34.212029 0.77168 -0.963057 -17.733671 2.621067 0.0 0.0 0.0 -17.346523 -20.095354 -4.201791 21.75771 -1.638382 3.86645 -1e-06 -6.338901 4e-06 -1.697604 -22.592123 -6.194104 -0.0 -4e-06 -1e-06 -170.720016 -70.120186 0.56007 73.631073 -7.120037 -45.148487 45.655842 0.154675 0.190212 13.59154 42.76944 12.946635 22.182297 -20.376127 49.933697 -16.701923 -16.743622 28.476767 -0.0 -12.69071 -9e-06 15.536792 -18.250399 2.820229 -0.105923 -1.513862 -4.275908 -5.039081 -5.612924 -2.953582 2e-06 -11.020662 1e-05 -6.111368 -15.895592 -3.840524 1e-06 1e-06 1e-06 -10.283436 -5.680328 -4.341871 11.028365 -11.302509 -2.372631 -1.384286 -14.238754 -6.320187 -0.625464 -26.924643 -3.827641 -4.825346 -49.890736 -3.348783 -13.708606 -7.363528 -3.720975 18.141266 -14.052875 -3.242675 -0.0 -18.787518 1.8e-05 -0.429719 -8.456185 2.555555 -2e-06 -1e-06 0.0 -15.923636 -20.094633 -5.473619 30.419403 -7.190889 1.735969 2e-06 -8.163032 8e-06 -1.861918 -22.861868 -6.168017 2e-06 -3e-06 -3e-06 159.965485 -8.164475 -10.714329 5.77185 0.008813 -0.176608 -73.553108 -4.520917 -5.626443 -9.329117 1.609151 2.079059 -0.999995 0.0 -0.0 32.544102 0.307187 -6.133877 6.817112 -0.033632 0.43957 -82.422623 1.046863 -5.541103 -10.61294 0.577841 1.584371 -1.000003 -0.0 0.0 
0.0 0.0 0.0 0.0 -0.0 0.0 18.239397 93.472328 343.794342 88.816849 8.128208 83.948296 4.531095 2.997643 1.78652 -9.880775 1.503566 5.21789 24.97628 -2.540756 3.880184 29.604212 -1.294326 2.347889 -2.816271 -0.61126 -2.42992 -39.501621 -2.956621 -1.158732 6e-06 -0.0 0.0 0.033425 0.022767 -0.150153 -0.037907 -0.073013 -0.149828 -0.040988 0.101944 -0.166975 -105.46875 -68.543182 129.113495 20.003321 -68.290573 10.644079 11.725331 1.390318 0.318701 1.241848 -1.811611 -11.634288 17.636852 -26.323027 52.41148 -19.466854 -14.395725 29.410601 2e-06 -8.774938 -1.2e-05 16.909027 -17.74135 6.146378 -0.609783 -1.795669 -3.889349 -4.80714 -11.04694 -2.937859 -7e-06 -20.976351 3.6e-05 -5.020092 -25.034056 -4.031896 6e-06 1e-06 0.0 -10.634626 -5.687019 -3.565602 10.573386 -17.923176 -3.113908 -3e-06 -13.821433 1.8e-05 -0.501827 -31.182188 -4.027033 -12.327798 -61.796951 9.001534 -13.982832 -7.150258 -2.875051 13.772874 -8.401592 -3.218254 0.347712 -34.212166 0.77172 -0.963059 -17.73374 2.621092 0.0 -2e-06 1e-06 -17.346584 -20.095402 -4.201774 21.75779 -1.6384 3.866475 3e-06 -6.338924 6e-06 -1.697631 -22.592216 -6.194082 0.0 -4e-06 -3e-06 -169.769409 -72.325142 0.947987 74.263664 -12.302509 -42.844269 46.694771 -0.238027 0.14311 11.994019 37.632515 10.618858 22.18239 -20.376186 49.933872 -16.701933 -16.743656 28.476835 1.1e-05 -12.690747 -2.4e-05 15.22165 -17.925703 2.809385 -0.105928 -1.513867 -4.275918 -5.039101 -5.612931 -2.953595 -4e-06 -11.020673 1.1e-05 -6.111395 -15.895613 -3.840554 1e-06 0.0 -3e-06 -10.283467 -5.680342 -4.34189 11.02839 -11.302513 -2.37263 -1.384296 -14.238767 -6.320216 -0.625469 -26.92466 -3.827653 -4.417155 -49.781311 -3.503597 -13.708646 -7.363547 -3.720992 18.141308 -14.05288 -3.242667 -1.2e-05 -18.787537 2.4e-05 -0.429732 -8.4562 2.555575 1e-06 -1e-06 -1e-06 -15.923692 -20.094671 -5.473651 30.419477 -7.190895 1.735999 -5e-06 -8.163043 1.5e-05 -1.86194 -22.8619 -6.168028 1e-06 -2e-06 -1e-06 157.662918 -6.110256 -11.730352 14.793504 0.140856 -0.087742 -67.086281 -2.938471 -3.053485 -9.654967 1.429674 2.169825 -1.000001 -0.0 0.0 33.138664 -3.092716 -7.814081 13.166409 -0.201164 0.715954 -80.384689 2.308176 -6.403461 -15.798026 0.78144 1.574509 -1.00001 -1e-06 -1e-06 
0.0 0.0 0.0 0.0 -0.0 0.0 19.674389 93.027008 350.412506 90.681351 8.775826 84.586746 4.475757 2.153545 1.633861 -9.940081 1.279506 5.345021 25.349009 -3.099879 3.732298 29.140821 -0.662163 2.262784 -2.73888 -0.475883 -2.49273 -39.755745 -2.809159 -0.691731 6e-06 -0.0 -0.0 0.035888 0.023841 -0.180723 0.096603 -0.050776 -0.152099 0.081796 0.082918 -0.225389 -106.991035 -68.913177 130.886322 22.899435 -68.990242 10.143556 10.626419 1.296768 0.268757 1.407122 -1.946454 -10.600069 17.637054 -26.323265 52.411884 -19.467016 -14.395889 29.410843 1e-05 -8.775062 -2e-05 16.8368 -17.489679 5.959559 -0.609788 -1.795678 -3.889377 -4.807209 -11.047035 -2.937877 -1.9e-05 -20.976566 4.8e-05 -5.020199 -25.03437 -4.03196 5e-06 2e-06 -1e-06 -10.634737 -5.68706 -3.565623 10.573507 -17.923321 -3.113928 -1.2e-05 -13.821569 2.4e-05 -0.501866 -31.182577 -4.027091 -11.789735 -61.018444 8.458627 -13.982983 -7.150311 -2.875062 13.773037 -8.401655 -3.218278 0.347693 -34.212551 0.771749 -0.963082 -17.733946 2.621129 -0.0 -0.0 -1e-06 -17.346783 -20.095549 -4.201788 21.758055 -1.638413 3.866529 -1e-06 -6.338989 8e-06 -1.697686 -22.592487 -6.194163 0.0 -3e-06 -2e-06 -169.325195 -74.589966 2.272387 74.093987 -18.899025 -40.578682 47.585777 -0.417439 0.066446 11.052351 34.758999 9.177826 22.182465 -20.376247 49.934261 -16.702106 -16.743786 28.477116 3.2e-05 -12.690872 -1.6e-05 15.110839 -17.470684 2.764937 -0.105932 -1.513881 -4.275951 -5.039152 -5.61299 -2.953627 -2.5e-05 -11.020775 -1.5e-05 -6.111486 -15.895812 -3.840627 2e-06 -1e-06 -1e-06 -10.283536 -5.680401 -4.34192 11.028463 -11.302583 -2.372676 -1.384324 -14.238909 -6.320306 -0.625461 -26.92494 -3.827806 -4.313317 -49.519585 -3.386416 -13.708742 -7.363626 -3.721009 18.141445 -14.052961 -3.242734 -2.3e-05 -18.787703 -2.8e-05 -0.429736 -8.456271 2.555566 -3e-06 0.0 -1e-06 -15.923826 -20.094858 -5.47369 30.419724 -7.190894 1.735998 -1.2e-05 -8.163099 -8e-06 -1.861957 -22.862104 -6.168184 -2e-06 -2e-06 -3e-06 155.635574 -4.338447 -12.634809 26.111479 0.074966 -0.064328 -64.633476 -0.579289 -1.74573 -7.141749 1.298121 2.154417 -1.000003 0.0 0.0 30.92803 -6.39255 -9.162512 25.566378 -0.735909 0.928742 -75.385925 2.474251 -5.885176 -22.636507 0.967177 1.546828 -1.000007 -0.0 -0.0 
0.0 0.0 0.0 0.0 -0.0 0.0 21.058702 92.986633 356.661713 92.372017 9.953895 85.434006 4.939046 1.560178 1.3651 -9.759512 0.939151 5.232915 25.700239 -3.652643 3.448216 28.639479 -0.28102 2.417217 -2.694458 -0.663163 -2.676298 -39.94632 -2.710192 -0.495355 6e-06 0.0 -0.0 0.07058 0.028804 -0.08522 0.173518 -0.038122 -0.048812 0.183601 0.076682 -0.136856 -106.539589 -70.039078 130.643661 30.290756 -69.942245 5.433644 10.045406 0.992725 0.200582 1.846589 -2.287902 -8.912591 17.636963 -26.323092 52.411705 -19.466951 -14.395812 29.410736 7e-06 -8.775009 -1.9e-05 16.657755 -17.607203 5.78472 -0.609783 -1.795674 -3.889364 -4.807183 -11.04698 -2.937877 -4e-06 -20.976437 2.2e-05 -5.02013 -25.034182 -4.031964 8e-06 2e-06 -0.0 -10.634688 -5.687043 -3.565614 10.573459 -17.923231 -3.11393 -2e-06 -13.821482 1e-05 -0.501815 -31.182331 -4.027098 -11.311939 -60.557755 7.757469 -13.982916 -7.150289 -2.875058 13.772971 -8.401619 -3.218273 0.347727 -34.212322 0.7717 -0.963056 -17.733826 2.6211 -1e-06 1e-06 -2e-06 -17.346704 -20.095478 -4.201794 21.757952 -1.638404 3.866511 2e-06 -6.338947 3e-06 -1.697653 -22.59231 -6.194149 -1e-06 -6e-06 -2e-06 -169.306808 -76.499664 4.068773 73.352089 -26.446474 -37.160229 47.746071 -0.347453 0.164546 10.608235 33.278683 7.145378 22.182352 -20.37619 49.934078 -16.702044 -16.743742 28.477022 2.2e-05 -12.69081 3e-06 15.123424 -17.26923 2.78506 -0.105926 -1.513874 -4.275935 -5.039121 -5.612962 -2.95361 -1.7e-05 -11.020716 -9e-06 -6.111431 -15.895701 -3.840595 1e-06 0.0 -5e-06 -10.283494 -5.680375 -4.341898 11.028422 -11.302542 -2.372673 -1.384305 -14.238837 -6.320267 -0.625453 -26.924795 -3.827755 -4.248795 -49.377216 -3.310575 -13.708691 -7.36359 -3.720993 18.141376 -14.052907 -3.242731 -2.5e-05 -18.787605 -1.2e-05 -0.42974 -8.456223 2.55556 1e-06 -0.0 -0.0 -15.923751 -20.094767 -5.473665 30.419607 -7.190867 1.735966 -1.2e-05 -8.163068 -1e-06 -1.86196 -22.861996 -6.168125 -0.0 -3e-06 -1e-06 157.081146 -2.46434 -14.008874 33.6395 0.152955 -0.147572 -69.038925 1.083764 -0.829558 -5.29878 1.249845 2.055768 -1.000004 0.0 0.0 25.642553 -9.352508 -8.505842 41.932644 -1.067598 0.857672 -64.855659 0.682541 -4.467619 -21.255997 0.836806 1.459527 -1.000003 -0.0 0.0 
0.0 0.0 0.0 0.0 -0.0 0.0 22.327188 93.555443 362.727081 93.939125 10.720568 85.902534 5.443843 0.859911 1.135774 -9.548279 0.765003 5.208963 26.097176 -3.779304 2.674913 28.252127 -0.993074 2.502669 -2.717331 -0.73651 -2.491301 -40.110153 -2.806358 -0.15648 6e-06 0.0 -1e-06 0.082673 0.03031 -0.022533 0.171832 -0.028257 0.000327 0.175655 0.069365 -0.054593 -108.385765 -70.767273 132.337769 39.714066 -69.055771 -1.455139 10.1162 0.421313 0.18501 2.17473 -2.196355 -7.831716 17.636967 -26.32308 52.411705 -19.466921 -14.395775 29.410719 0.0 -8.774985 -2.1e-05 16.411556 -17.998096 5.847365 -0.609787 -1.795673 -3.889362 -4.807167 -11.046959 -2.937881 7e-06 -20.976385 1.9e-05 -5.020084 -25.034098 -4.03196 6e-06 5e-06 0.0 -10.634676 -5.687032 -3.56562 10.573442 -17.923208 -3.113923 6e-06 -13.821457 1.5e-05 -0.501794 -31.182236 -4.027077 -11.048979 -60.637554 7.32027 -13.982899 -7.150277 -2.875069 13.77294 -8.401611 -3.218264 0.347744 -34.212231 0.771704 -0.963051 -17.733772 2.621108 1e-06 -0.0 -0.0 -17.346664 -20.095449 -4.201811 21.757891 -1.638416 3.866513 5e-06 -6.338934 5e-06 -1.69762 -22.592245 -6.194137 1e-06 -6e-06 -2e-06 -168.597458 -78.849365 5.358525 71.527138 -32.574528 -31.276703 46.725048 -0.335382 0.259383 9.976635 31.447124 5.628421 22.182348 -20.376135 49.933994 -16.702036 -16.743711 28.476969 3.2e-05 -12.690804 -2e-06 15.337066 -17.311636 2.75385 -0.105927 -1.513878 -4.27593 -5.039124 -5.612975 -2.953603 -2.7e-05 -11.020735 -1.1e-05 -6.111454 -15.895747 -3.840586 -1e-06 0.0 -0.0 -10.283496 -5.680388 -4.341889 11.028415 -11.302554 -2.372672 -1.384323 -14.238873 -6.320262 -0.625484 -26.924858 -3.827766 -4.151819 -49.467056 -3.457575 -13.70869 -7.363605 -3.720978 18.141357 -14.052915 -3.242726 -3e-05 -18.787642 -3.1e-05 -0.429735 -8.45624 2.555547 0.0 0.0 -1e-06 -15.923767 -20.094805 -5.473643 30.419594 -7.190854 1.735973 -1.5e-05 -8.163071 -1.3e-05 -1.861959 -22.862034 -6.168149 -0.0 -1e-06 -1e-06 160.938965 0.060588 -15.154064 35.857231 0.182574 -0.277301 -75.19796 1.767932 -0.491869 -4.913638 1.310907 2.063615 -1.000005 -0.0 -0.0 18.120794 -11.609405 -6.315813 56.888489 -0.985599 0.505763 -56.465851 -1.968294 -3.184809 -9.89672 0.715525 1.470076 -1.000006 -0.0 -0.0 
0.0 0.0 0.0 0.0 -0.0 0.0 23.424942 94.856026 368.50705 94.901802 10.860055 86.019363 5.605586 0.367677 0.994312 -9.427947 0.606704 4.792202 26.740389 -3.583741 1.779832 27.934429 -2.066483 2.635588 -2.727153 -0.866343 -1.97919 -39.923641 -3.141628 0.263045 6e-06 0.0 0.0 0.059873 0.034104 0.035357 0.158919 -0.009204 0.054494 0.147305 0.059228 0.012972 -112.465599 -71.225471 136.171524 49.031815 -66.097893 -8.352183 10.449229 0.122812 0.174659 2.52019 -0.723297 -7.466379 17.63669 -26.32303 52.411503 -19.466793 -14.395689 29.410618 -1.2e-05 -8.774883 6e-06 16.40983 -18.368288 5.896141 -0.609778 -1.795661 -3.889347 -4.807097 -11.046892 -2.937859 1.2e-05 -20.976254 3.6e-05 -5.020024 -25.033907 -4.031866 7e-06 -4e-06 0.0 -10.634562 -5.68699 -3.565604 10.573339 -17.923109 -3.113906 4e-06 -13.82137 2.6e-05 -0.501798 -31.182016 -4.026994 -11.036133 -60.676189 7.069937 -13.982749 -7.150222 -2.875055 13.7728 -8.401567 -3.218261 0.347717 -34.211998 0.771738 -0.96307 -17.733656 2.621103 -0.0 -1e-06 -0.0 -17.346457 -20.095314 -4.201787 21.757652 -1.638401 3.866436 4e-06 -6.338897 1.2e-05 -1.697588 -22.592091 -6.194048 -1e-06 -8e-06 -1e-06 -167.3452 -81.391937 6.007771 69.232697 -37.275131 -23.294256 43.559792 -0.268154 0.040229 8.734654 29.285276 4.611799 22.182182 -20.376165 49.93375 -16.702017 -16.743725 28.476894 -4.6e-05 -12.690728 3.1e-05 15.78432 -17.76177 2.696416 -0.105913 -1.513863 -4.275921 -5.039062 -5.612895 -2.953581 3.9e-05 -11.020631 -2e-06 -6.111308 -15.895522 -3.84052 -1e-06 0.0 -0.0 -10.283412 -5.680296 -4.341875 11.028409 -11.302502 -2.372674 -1.384226 -14.238702 -6.320195 -0.625358 -26.924574 -3.827624 -4.101937 -49.68335 -3.688419 -13.708584 -7.363483 -3.720969 18.141336 -14.052869 -3.242737 4.4e-05 -18.78746 3.3e-05 -0.429716 -8.456165 2.555573 2e-06 2e-06 -1e-06 -15.92358 -20.094538 -5.473633 30.419464 -7.190934 1.73587 1.3e-05 -8.16301 1.7e-05 -1.86188 -22.861776 -6.167966 -2e-06 -4e-06 -1e-06 165.942993 2.693647 -14.8554 33.755634 0.111394 -0.320131 -78.266624 0.939728 -1.062523 -4.584689 1.388236 2.076284 -1.000001 -0.0 0.0 9.505992 -12.423315 -3.775986 67.724831 -0.665516 0.303492 -58.080738 -3.950536 -1.916617 -8.11706 0.697978 1.530958 -1.0 -0.0 0.0 
0.0 0.0 0.0 0.0 -0.0 0.0 24.306459 96.605148 374.00238 94.645813 10.75073 86.493065 5.641603 0.408189 0.739321 -9.317216 0.504575 3.915834 27.238821 -2.845244 0.921251 28.148092 -3.071501 2.905036 -2.698293 -0.930349 -1.661211 -39.083683 -3.591039 0.754023 6e-06 -0.0 -0.0 0.039552 0.033825 0.02647 0.169667 -0.004218 0.048328 0.140173 0.057024 0.005059 -115.911674 -72.204758 139.091034 56.599148 -62.387665 -14.498977 10.75314 -0.119633 0.153567 2.705812 1.790227 -7.192779 17.636911 -26.323309 52.411938 -19.466917 -14.395809 29.410833 -0.0 -8.774978 -6e-06 16.490591 -18.512424 5.891497 -0.609786 -1.795671 -3.889373 -4.80716 -11.046981 -2.937876 -1.2e-05 -20.976444 6.2e-05 -5.020121 -25.03417 -4.031904 6e-06 -1e-06 2e-06 -10.634665 -5.687036 -3.565631 10.573429 -17.923246 -3.113909 -9e-06 -13.821495 4e-05 -0.501859 -31.182348 -4.027021 -11.083653 -60.361553 6.936553 -13.982884 -7.15028 -2.875075 13.77293 -8.401627 -3.218269 0.347676 -34.212353 0.771794 -0.963104 -17.733843 2.621146 1e-06 -1e-06 -0.0 -17.346643 -20.095469 -4.201807 21.75787 -1.638409 3.866497 -1e-06 -6.338955 1.9e-05 -1.697649 -22.592316 -6.194099 -0.0 -3e-06 -3e-06 -168.805344 -83.812042 8.902708 67.386971 -41.739307 -14.913235 37.891556 0.056306 -0.194018 6.245145 26.425468 2.649217 22.182381 -20.3762 49.933975 -16.70219 -16.743822 28.477068 -1.1e-05 -12.690865 1.1e-05 16.208038 -18.140053 2.463596 -0.105915 -1.513882 -4.275941 -5.039123 -5.612981 -2.953603 8e-06 -11.020781 -1.3e-05 -6.111435 -15.895788 -3.840569 1e-06 1e-06 -2e-06 -10.283513 -5.680377 -4.341887 11.028496 -11.302617 -2.372698 -1.384284 -14.238917 -6.320264 -0.625407 -26.925001 -3.827741 -3.892219 -49.957527 -3.967954 -13.708716 -7.363589 -3.720976 18.141489 -14.053009 -3.242776 1.5e-05 -18.78772 -2.8e-05 -0.429715 -8.456278 2.555557 -1e-06 -0.0 -0.0 -15.923772 -20.094809 -5.473642 30.419746 -7.190958 1.735912 9e-06 -8.163107 -1.4e-05 -1.861904 -22.862125 -6.168143 2e-06 -4e-06 -0.0 172.302856 4.511007 -12.712443 28.271219 0.021767 -0.23321 -79.429802 -0.464096 -1.987222 -4.627524 1.488682 2.098415 -1.000004 0.0 -0.0 1.259744 -10.926244 -2.313517 72.836693 -0.302486 0.224762 -61.298054 -6.503682 -0.508238 -7.924656 0.658765 1.562873 -1.000004 0.0 -0.0 
0.0 0.0 0.0 0.0 -0.0 0.0 24.887564 98.330757 379.267181 93.280815 10.511965 87.87458 5.713542 0.78371 0.357964 -9.224276 0.435164 2.648053 27.227221 -1.472233 -0.009682 28.923624 -3.521796 2.953742 -2.655985 -0.841131 -1.383481 -37.939766 -3.98173 1.307275 6e-06 -0.0 0.0 0.037607 0.029426 -0.007804 0.151673 -3e-06 0.017765 0.119323 0.047833 -0.032217 -114.664673 -74.618736 136.889145 63.043514 -59.507778 -20.145626 11.711375 -0.359935 0.112583 2.318295 3.939651 -6.526087 17.636896 -26.323235 52.411823 -19.467009 -14.395802 29.410833 -1.1e-05 -8.774986 -5e-06 16.530989 -18.62459 5.851015 -0.609781 -1.795677 -3.889371 -4.807148 -11.047004 -2.937882 1.8e-05 -20.976519 3.2e-05 -5.020096 -25.034277 -4.031921 5e-06 -0.0 -0.0 -10.634654 -5.687035 -3.565623 10.573461 -17.923302 -3.113941 1.2e-05 -13.821536 2e-05 -0.501787 -31.182474 -4.027061 -11.242547 -60.072784 6.921318 -13.982874 -7.150279 -2.875068 13.772945 -8.401657 -3.218287 0.347748 -34.21244 0.771722 -0.963059 -17.733896 2.621122 0.0 0.0 1e-06 -17.346621 -20.095482 -4.201805 21.757875 -1.638428 3.86648 7e-06 -6.338968 7e-06 -1.697605 -22.592396 -6.194136 0.0 -5e-06 -3e-06 178.492981 -86.018471 22.548906 66.386009 -46.539104 -8.516246 30.005939 -0.013015 -0.274292 3.457252 23.468967 -0.85783 22.182386 -20.376238 49.93404 -16.702209 -16.743847 28.477114 -3.7e-05 -12.690873 1.6e-05 16.199921 -18.06456 2.330281 -0.105914 -1.513878 -4.275945 -5.039114 -5.612957 -2.953609 3.1e-05 -11.020748 -1.5e-05 -6.111389 -15.895725 -3.840583 1e-06 -1e-06 5e-06 -10.283505 -5.680355 -4.341894 11.028514 -11.302608 -2.372705 -1.384251 -14.238871 -6.320269 -0.625345 -26.924921 -3.82772 -3.740027 -49.962708 -4.022151 -13.708706 -7.36356 -3.720985 18.141516 -14.053002 -3.242781 5.6e-05 -18.78767 -1.1e-05 -0.429704 -8.456262 2.555579 1e-06 -0.0 -1e-06 -15.923733 -20.094738 -5.473669 30.419762 -7.191003 1.735897 2.1e-05 -8.163092 -0.0 -1.861879 -22.862059 -6.168097 -3e-06 -3e-06 -2e-06 178.692307 4.652583 -9.633495 22.066278 -0.036397 -0.067462 -78.839218 -1.535206 -2.667596 -4.916867 1.558731 2.100835 -1.000005 -0.0 -0.0 -5.603225 -7.85846 -2.907596 72.367012 0.065146 0.127651 -63.55537 -8.981441 0.834695 -7.999935 0.603146 1.560097 -1.000002 0.0 -0.0 
0.0 0.0 0.0 0.0 -0.0 0.0 25.183069 99.638443 384.415985 91.31633 10.018673 90.078896 5.73916 1.241598 -0.014661 -9.220831 0.361853 1.22116 26.872877 0.276367 -0.939811 29.688841 -3.03261 2.70916 -2.658837 -0.72819 -1.018362 -36.908138 -4.259298 1.762976 6e-06 -0.0 -1e-06 0.030802 0.025903 -0.007098 0.099653 0.002127 0.020131 0.084025 0.041406 -0.034276 -107.192078 -77.842926 128.080811 67.714577 -57.269489 -24.261717 14.162628 -0.618064 0.040923 1.907657 5.278708 -5.654297 17.636805 -26.322981 52.411705 -19.466932 -14.395771 29.410774 1.4e-05 -8.774977 -2e-06 16.424509 -18.736246 5.867527 -0.609785 -1.795675 -3.889364 -4.807177 -11.046974 -2.937889 -2.6e-05 -20.976404 -1.2e-05 -5.020103 -25.034172 -4.032006 6e-06 -2e-06 2e-06 -10.634664 -5.68705 -3.565613 10.573407 -17.923191 -3.113955 -1.4e-05 -13.821457 -1.2e-05 -0.501793 -31.182283 -4.027164 -11.473522 -60.017391 7.084318 -13.982884 -7.150299 -2.875057 13.772918 -8.401585 -3.218288 0.3477 -34.212242 0.771637 -0.963061 -17.733788 2.621052 2e-06 0.0 2e-06 -17.346664 -20.095474 -4.201799 21.757874 -1.638361 3.866487 -8e-06 -6.338934 -2e-06 -1.697643 -22.592279 -6.194182 -1e-06 1e-06 -2e-06 126.536522 -87.562332 75.333992 64.305038 -51.130405 -4.654563 21.981274 -0.472649 -0.199467 1.559322 21.523445 -5.221328 22.182301 -20.37611 49.933823 -16.702028 -16.743729 28.476923 3.1e-05 -12.690806 5e-06 15.995725 -17.670204 2.423388 -0.105924 -1.513874 -4.275927 -5.039121 -5.612973 -2.953588 -2.9e-05 -11.020741 -2e-06 -6.111471 -15.89576 -3.840554 -0.0 0.0 1e-06 -10.283481 -5.680377 -4.341873 11.02841 -11.302554 -2.372666 -1.384327 -14.238872 -6.320236 -0.625512 -26.924881 -3.827738 -3.709821 -49.880009 -3.823348 -13.708674 -7.363596 -3.720962 18.141357 -14.052914 -3.242727 -4e-05 -18.787653 -2.2e-05 -0.429742 -8.456252 2.555547 0.0 0.0 1e-06 -15.92375 -20.094776 -5.473604 30.419594 -7.190849 1.735954 -1.8e-05 -8.163079 -1.5e-05 -1.861973 -22.86207 -6.168149 -3e-06 -2e-06 0.0 -175.538177 3.161769 -6.910097 16.282701 -0.066634 0.060525 -78.196213 -1.498039 -3.022125 -5.220288 1.540902 2.081769 -1.000002 -0.0 0.0 -11.226146 -4.526217 -5.18724 67.158348 0.363855 -0.132694 -64.98732 -10.775043 1.678185 -8.520108 0.574262 1.567716 -1.00001 -1e-06 -1e-06 
0.0 0.0 0.0 0.0 -0.0 0.0 25.252066 100.24736 389.769897 89.746826 9.204187 92.70694 5.605446 1.376748 -0.257016 -9.291676 0.196296 -0.150341 26.475107 1.842422 -1.75204 29.888037 -1.657384 2.458125 -2.700302 -0.748953 -0.800882 -36.5271 -4.351377 1.82133 6e-06 -0.0 0.0 0.014474 0.024765 0.011817 0.064904 -0.003999 0.041544 0.075165 0.04655 -0.0189 -91.830917 -80.70356 111.141281 70.134338 -54.885033 -26.349625 18.153584 -0.865085 -0.028766 1.681161 6.251197 -5.131425 17.636738 -26.322863 52.411407 -19.46686 -14.395717 29.410601 -5e-06 -8.77492 -3e-06 16.167717 -18.807756 5.983964 -0.609778 -1.795667 -3.889346 -4.807122 -11.046899 -2.937868 2.3e-05 -20.976242 -1.2e-05 -5.020012 -25.033911 -4.031941 7e-06 3e-06 1e-06 -10.634598 -5.687005 -3.565597 10.573376 -17.923101 -3.113942 1.4e-05 -13.821352 -6e-06 -0.501744 -31.181976 -4.027086 -11.777497 -60.110405 7.405717 -13.9828 -7.15024 -2.875044 13.772849 -8.401562 -3.218274 0.347772 -34.211956 0.771635 -0.963021 -17.733629 2.621053 2e-06 1e-06 -1e-06 -17.346529 -20.095346 -4.20179 21.757736 -1.638396 3.866448 6e-06 -6.338891 -3e-06 -1.697583 -22.592066 -6.194106 -1e-06 -3e-06 -6e-06 70.550072 -85.686432 132.239273 59.539921 -55.185932 -1.993133 15.707273 -0.628467 -0.032865 0.428623 20.59573 -9.41428 22.182238 -20.376011 49.933552 -16.701981 -16.743658 28.476761 -1e-06 -12.690734 5e-06 16.040348 -17.217781 2.45185 -0.10592 -1.513866 -4.275905 -5.039082 -5.612928 -2.95357 1e-06 -11.020671 -3e-06 -6.111385 -15.895615 -3.840523 -1e-06 -2e-06 -2e-06 -10.283436 -5.680329 -4.341857 11.028389 -11.302512 -2.372662 -1.384282 -14.238768 -6.32019 -0.625432 -26.924673 -3.827674 -3.815696 -49.877422 -3.597793 -13.708612 -7.36353 -3.720946 18.14131 -14.052873 -3.242718 2e-06 -18.787523 -1.1e-05 -0.429716 -8.456188 2.555535 -1e-06 1e-06 1e-06 -15.923645 -20.094637 -5.473601 30.41946 -7.190882 1.735933 0.0 -8.163027 -1e-05 -1.861906 -22.861877 -6.168075 -0.0 -0.0 3e-06 -170.786987 1.365273 -4.935484 11.643278 -0.061332 0.08803 -78.516304 -0.667694 -3.014918 -5.395738 1.470047 2.062166 -0.999999 -0.0 0.0 -16.196829 -2.418636 -8.299987 58.171703 0.371127 -0.398207 -65.340851 -11.108782 1.388892 -9.152349 0.608819 1.584468 -1.000007 -0.0 -0.0 
0.0 0.0 0.0 0.0 -0.0 0.0 25.20023 100.014557 395.217957 89.426498 8.387479 95.22673 5.441392 0.818764 -0.38342 -9.353038 -0.103487 -1.314926 26.233097 2.636849 -2.403253 29.611439 0.223201 2.273149 -2.705719 -0.861406 -0.863669 -37.051258 -4.256135 1.557662 6e-06 -0.0 -1e-06 0.011736 0.020209 0.020894 0.073634 -0.016636 0.048901 0.098065 0.050663 -0.008432 -68.944016 -82.180008 86.783173 70.618408 -51.82814 -26.78208 22.769514 -0.816947 -0.019184 1.594794 7.430348 -5.668124 17.636827 -26.322966 52.411686 -19.467024 -14.395823 29.410818 2.5e-05 -8.775022 -3e-06 15.855949 -18.759708 6.123261 -0.609784 -1.795684 -3.889367 -4.807207 -11.047027 -2.937888 -4.5e-05 -20.976496 -3.3e-05 -5.020154 -25.034309 -4.032051 7e-06 -1e-06 0.0 -10.634695 -5.687079 -3.565607 10.573438 -17.923252 -3.113983 -2.5e-05 -13.821515 -3.2e-05 -0.501801 -31.182447 -4.027236 -11.957141 -60.050205 7.573734 -13.982932 -7.150335 -2.875044 13.772967 -8.401608 -3.21831 0.34769 -34.212406 0.771586 -0.963051 -17.733864 2.621019 -1e-06 -0.0 -0.0 -17.346739 -20.095562 -4.201779 21.757963 -1.638349 3.866487 -1.3e-05 -6.33896 -1.6e-05 -1.697672 -22.592405 -6.194232 0.0 -5e-06 -2e-06 57.701508 -82.726677 145.943832 52.672512 -58.692444 1.198998 11.987613 -0.394067 0.083689 -0.568628 19.697172 -12.07993 22.182287 -20.376074 49.933655 -16.701982 -16.74379 28.476814 3.3e-05 -12.690822 1.5e-05 16.296539 -16.798044 2.280221 -0.105919 -1.513867 -4.275912 -5.039119 -5.612948 -2.953569 -2.8e-05 -11.020682 1.1e-05 -6.111471 -15.895637 -3.840511 2e-06 1e-06 -1e-06 -10.283489 -5.680363 -4.341846 11.02842 -11.302505 -2.372665 -1.384336 -14.238791 -6.320189 -0.625526 -26.924685 -3.827675 -3.884432 -49.920025 -3.617082 -13.708689 -7.363572 -3.720929 18.141373 -14.052851 -3.242722 -5.3e-05 -18.787546 1e-06 -0.429741 -8.456197 2.555537 -1e-06 2e-06 2e-06 -15.923779 -20.094717 -5.473558 30.419641 -7.190829 1.735948 -2.1e-05 -8.163043 -6e-06 -1.862005 -22.861921 -6.168084 -1e-06 -2e-06 -3e-06 -166.662582 0.472088 -3.299526 8.313885 -0.017667 0.026285 -80.072853 0.174222 -2.872546 -5.404928 1.440898 2.068464 -1.000007 -0.0 -0.0 -19.869352 -2.337099 -11.445751 46.028652 0.161853 -0.355601 -64.714806 -10.338086 0.040841 -9.293176 0.652842 1.596915 -1.000009 0.0 -0.0 
0.0 0.0 0.0 0.0 -0.0 0.0 25.180853 99.106499 400.67514 90.237221 7.920931 97.38752 5.47 -0.204185 -0.472016 -9.408718 -0.432542 -2.170533 26.226391 2.605256 -2.919051 29.116899 2.083461 2.005783 -2.617093 -0.880661 -1.096917 -38.03616 -4.118437 1.251451 5e-06 0.0 0.0 0.02956 0.006762 0.010141 0.06005 -0.029006 0.022163 0.070184 0.037361 -0.001686 -47.117279 -82.202682 64.020851 70.184013 -47.908424 -27.288376 26.791033 -0.436705 0.094593 1.6614 9.064651 -6.938641 17.636747 -26.323044 52.411896 -19.467016 -14.395802 29.410917 -8e-06 -8.774978 7e-06 15.625569 -18.642235 6.171538 -0.609783 -1.795677 -3.889377 -4.807149 -11.046966 -2.937908 2.7e-05 -20.976395 -3.8e-05 -5.020026 -25.034142 -4.032026 4e-06 1e-06 -0.0 -10.634644 -5.687036 -3.56563 10.57344 -17.923204 -3.113988 1.5e-05 -13.821454 -2.2e-05 -0.501707 -31.18227 -4.027177 -11.845691 -59.889427 7.346045 -13.982859 -7.15028 -2.875074 13.772923 -8.40161 -3.218318 0.347789 -34.212223 0.771608 -0.963034 -17.733776 2.621072 -0.0 -1e-06 5e-06 -17.346607 -20.095455 -4.201839 21.75786 -1.638398 3.866465 7e-06 -6.338934 -6e-06 -1.697579 -22.592276 -6.194202 -1e-06 -2e-06 -0.0 57.077572 -80.366814 147.246918 45.061558 -61.760601 6.032917 10.290057 -0.19335 0.169859 -1.897754 17.898664 -12.764462 22.182322 -20.376129 49.933731 -16.702053 -16.743725 28.476864 -1.6e-05 -12.690788 5e-06 16.455318 -16.504639 2.110594 -0.105917 -1.513871 -4.275917 -5.039094 -5.612938 -2.953586 1.6e-05 -11.020702 2e-06 -6.111382 -15.895654 -3.840534 1e-06 1e-06 1e-06 -10.283462 -5.680335 -4.341867 11.028437 -11.302556 -2.372665 -1.384271 -14.238811 -6.32021 -0.625414 -26.92478 -3.827667 -4.098765 -50.215096 -3.49926 -13.708649 -7.36354 -3.720966 18.141388 -14.05293 -3.242726 2.5e-05 -18.787582 -1e-06 -0.42971 -8.456216 2.555555 -0.0 -0.0 2e-06 -15.923685 -20.094677 -5.473618 30.41958 -7.190935 1.735927 9e-06 -8.163054 -2e-06 -1.8619 -22.86195 -6.168063 1e-06 0.0 -3e-06 -162.757294 0.584412 -1.711945 6.670007 0.021593 -0.076726 -82.486053 0.702508 -2.698076 -5.412652 1.495008 2.094985 -1.000002 1e-06 0.0 -21.434404 -3.638473 -14.56233 30.715567 0.117793 -0.07371 -64.044891 -8.321746 -1.63707 -8.979936 0.710644 1.620965 -1.000005 1e-06 0.0 
0.0 0.0 0.0 0.0 -0.0 0.0 25.147644 97.639793 406.362396 91.856407 7.719836 99.477112 5.635088 -1.469915 -0.537056 -9.46003 -0.782917 -2.610713 26.299568 2.069004 -3.477923 28.54178 3.744254 1.888329 -2.547334 -0.758903 -1.574842 -39.056324 -3.992687 0.752677 5e-06 0.0 -0.0 0.035294 -0.000461 0.014173 -0.011932 -0.026118 0.004788 -0.036275 0.021993 0.028505 -31.752304 -81.636818 47.970963 69.438881 -43.658363 -28.180962 29.742687 0.149953 0.254087 1.833059 11.048237 -8.477148 17.636736 -26.322958 52.4118 -19.46706 -14.39581 29.410908 1.6e-05 -8.775002 1.4e-05 15.534859 -18.598713 6.304898 -0.609783 -1.795685 -3.889374 -4.807193 -11.047032 -2.937908 -3.5e-05 -20.976503 -5.7e-05 -5.020111 -25.034319 -4.032073 7e-06 0.0 0.0 -10.634682 -5.687087 -3.565612 10.573429 -17.923258 -3.114008 -1.8e-05 -13.821515 -4.8e-05 -0.501754 -31.182451 -4.027283 -11.547364 -59.82523 6.86041 -13.982906 -7.150343 -2.87505 13.772948 -8.401609 -3.218332 0.347716 -34.212406 0.771545 -0.963043 -17.733858 2.621006 -4e-06 2e-06 -2e-06 -17.346708 -20.095581 -4.201795 21.757927 -1.63834 3.866465 -1.6e-05 -6.338959 -2.1e-05 -1.697646 -22.592413 -6.194255 2e-06 -5e-06 -4e-06 59.989464 -78.648506 144.762817 36.697044 -64.554924 12.798993 9.788316 -0.164305 0.259945 -3.355238 15.035321 -11.116105 22.182499 -20.376238 49.933933 -16.702173 -16.743916 28.477036 9e-06 -12.690953 1e-06 16.306547 -16.404724 2.104472 -0.105918 -1.513878 -4.275935 -5.039154 -5.612987 -2.953593 -5e-06 -11.020797 7e-06 -6.111513 -15.895824 -3.840561 -2e-06 -1e-06 -1e-06 -10.283559 -5.680385 -4.341875 11.028541 -11.302622 -2.372682 -1.384323 -14.238934 -6.320256 -0.625473 -26.925045 -3.827711 -4.541694 -50.734661 -3.235826 -13.708779 -7.363601 -3.720956 18.141567 -14.053009 -3.24275 -9e-06 -18.787752 3e-06 -0.429724 -8.456302 2.555574 -1e-06 0.0 2e-06 -15.923871 -20.094824 -5.473601 30.41991 -7.190955 1.73596 -2e-06 -8.163125 -5e-06 -1.861973 -22.862192 -6.168145 -1e-06 -0.0 -1e-06 -158.925171 1.145114 -0.372732 6.564524 -0.04431 -0.053588 -85.503914 1.81096 -2.403977 -5.517436 1.547571 2.123406 -1.000004 -0.0 0.0 -21.362705 -5.397511 -17.058634 13.83696 0.378501 0.005113 -65.758743 -5.674611 -4.05011 -8.762036 0.832398 1.563447 -1.000008 0.0 1e-06 
0.0 0.0 0.0 0.0 -0.0 0.0 25.003252 95.990517 412.234833 92.934425 7.503958 101.382469 5.515301 -2.178934 -0.53081 -9.473639 -1.051588 -2.827521 26.721256 1.516881 -3.88494 27.701721 5.071726 1.885062 -2.647032 -0.71115 -1.933836 -39.74844 -3.979376 0.030399 6e-06 0.0 -0.0 0.000749 0.015941 -0.03261 -0.060584 -0.025361 -0.052097 -0.118584 0.055794 -0.001924 -26.697229 -81.792969 41.951145 68.073952 -39.001404 -28.526165 31.712711 0.267214 0.398494 2.175494 12.980187 -9.326835 17.636696 -26.322813 52.411442 -19.466856 -14.395628 29.410624 -5e-06 -8.774885 -5e-06 15.406735 -18.556763 6.465122 -0.609775 -1.795667 -3.889346 -4.807116 -11.04691 -2.937886 2.2e-05 -20.976271 -3.6e-05 -5.019962 -25.033966 -4.031975 7e-06 -0.0 -1e-06 -10.634575 -5.687012 -3.565608 10.573344 -17.923109 -3.113951 1.6e-05 -13.82137 -2.4e-05 -0.50169 -31.182041 -4.027142 -11.300385 -59.668159 6.638286 -13.982762 -7.150249 -2.875064 13.7728 -8.401566 -3.218274 0.347791 -34.211998 0.771584 -0.963008 -17.73365 2.621029 -2e-06 1e-06 5e-06 -17.346491 -20.095362 -4.201816 21.757671 -1.638384 3.866455 6e-06 -6.338894 -1.2e-05 -1.697545 -22.592108 -6.194157 -3e-06 -3e-06 -3e-06 59.172546 -77.205811 145.934387 27.766953 -65.724922 20.564655 9.64832 -0.247193 0.314172 -4.911438 11.834318 -7.995433 22.182259 -20.375998 49.93351 -16.701914 -16.743677 28.476692 3e-06 -12.690741 -2e-06 15.77571 -16.496984 2.148141 -0.105919 -1.513862 -4.2759 -5.039087 -5.612904 -2.953563 5e-06 -11.020614 4e-06 -6.111383 -15.895515 -3.840508 -1e-06 -0.0 -3e-06 -10.283441 -5.680315 -4.341848 11.028382 -11.302457 -2.372644 -1.384291 -14.238688 -6.320167 -0.625447 -26.924494 -3.827644 -4.57495 -50.519039 -3.547536 -13.708618 -7.36351 -3.720941 18.141302 -14.052811 -3.242689 -4e-06 -18.78743 1e-05 -0.429722 -8.456145 2.555542 0.0 -0.0 -0.0 -15.923662 -20.094572 -5.473584 30.41947 -7.190856 1.735948 -1e-06 -8.162992 2e-06 -1.861939 -22.861736 -6.168018 -0.0 -2e-06 -1e-06 -155.072952 0.709586 0.453129 6.545439 0.002533 -0.064594 -88.027069 3.574235 -2.338691 -5.53335 1.401513 2.180176 -1.000001 -0.0 0.0 -22.658642 -6.524296 -17.868818 2.090513 0.342258 0.057883 -68.814781 -4.934562 -6.805158 -8.444964 0.974589 1.431218 -1.000004 0.0 -0.0 
0.0 0.0 0.0 0.0 -0.0 0.0 24.856333 94.390289 418.152557 93.545334 7.824156 102.871635 5.532849 -2.395258 -0.572575 -9.353577 -1.238953 -2.899358 27.412453 1.177959 -3.991873 26.811102 5.973537 1.803796 -2.62194 -0.925283 -1.682337 -40.747841 -4.176719 -0.42042 6e-06 -0.0 -0.0 0.015153 0.021705 -0.114778 -0.083875 -0.03958 -0.138975 -0.135185 0.081151 -0.076133 -25.270502 -81.904327 40.016884 67.88961 -34.792576 -31.021606 32.891022 -0.280692 0.316143 3.204088 14.47076 -8.588304 17.636663 -26.322863 52.411495 -19.466854 -14.395708 29.410641 5e-06 -8.774912 4e-06 15.437194 -18.322548 6.372821 -0.609777 -1.795669 -3.889353 -4.807134 -11.04691 -2.93787 -1e-05 -20.976271 -1.2e-05 -5.020043 -25.033964 -4.031958 5e-06 -1e-06 -1e-06 -10.634595 -5.68702 -3.565599 10.573354 -17.923096 -3.11395 -3e-06 -13.821363 -1.2e-05 -0.501769 -31.182011 -4.027124 -11.30512 -59.833359 6.967029 -13.9828 -7.150259 -2.875048 13.772836 -8.401554 -3.218285 0.347726 -34.211994 0.771626 -0.963046 -17.733652 2.621038 -1e-06 -0.0 2e-06 -17.346539 -20.095369 -4.201788 21.757736 -1.638369 3.866442 -7e-06 -6.338896 -4e-06 -1.697613 -22.592104 -6.194123 2e-06 -5e-06 -3e-06 58.713699 -76.798737 146.942444 22.074535 -66.284927 25.265144 9.226629 -0.411717 0.221562 -6.045084 10.059596 -5.65328 22.182285 -20.376112 49.933701 -16.701965 -16.743668 28.476816 -5e-06 -12.690743 1e-06 15.709244 -16.55916 2.053119 -0.10592 -1.51386 -4.27591 -5.039083 -5.612922 -2.953585 1.2e-05 -11.020659 1e-06 -6.111376 -15.895594 -3.840531 -3e-06 -3e-06 -1e-06 -10.283438 -5.680326 -4.341873 11.028385 -11.302507 -2.37265 -1.384277 -14.23875 -6.320201 -0.625426 -26.924635 -3.82767 -4.387351 -50.512642 -3.980766 -13.708616 -7.363522 -3.720965 18.141304 -14.052872 -3.242697 7e-06 -18.787508 1.2e-05 -0.42972 -8.456181 2.555556 -1e-06 1e-06 0.0 -15.923645 -20.09462 -5.473621 30.41946 -7.190895 1.735943 2e-06 -8.163027 6e-06 -1.861922 -22.861855 -6.168033 -0.0 -3e-06 -1e-06 -150.193604 -0.367999 0.85155 5.591951 0.09938 0.061523 -88.305962 4.996444 -2.61166 -6.028745 1.331404 2.195256 -1.000004 0.0 0.0 -24.664177 -7.563525 -18.729387 -0.046472 0.280364 0.356636 -71.942291 -4.833967 -9.156502 -8.325233 0.934636 1.371644 -1.000008 -1e-06 0.0 
0.0 0.0 0.0 0.0 -0.0 0.0 24.677769 92.691711 424.546722 94.088081 8.190605 104.073662 5.491954 -2.729526 -0.707025 -9.253432 -1.278345 -2.829572 27.490137 1.061827 -4.010899 26.475964 6.381426 1.581101 -2.572968 -0.881469 -1.913834 -41.5886 -3.892907 -0.527815 6e-06 -0.0 0.0 0.047683 0.005337 -0.122561 -0.090294 -0.045143 -0.16315 -0.120474 0.055324 -0.072094 -20.120207 -81.006058 34.767555 68.6726 -33.257629 -34.550255 34.339413 -0.511966 0.23273 4.020615 15.79422 -8.42731 17.636679 -26.322859 52.411556 -19.46682 -14.395693 29.410654 1.5e-05 -8.774914 1e-06 15.578821 -18.045815 6.378449 -0.609784 -1.795668 -3.889352 -4.807142 -11.046909 -2.937878 -2.5e-05 -20.976233 -2.1e-05 -5.020047 -25.03392 -4.031988 6e-06 3e-06 -1e-06 -10.634604 -5.687027 -3.565607 10.573337 -17.923077 -3.113941 -1.3e-05 -13.821349 -1.7e-05 -0.501782 -31.181963 -4.027144 -11.403952 -60.004276 7.147532 -13.982808 -7.15027 -2.875056 13.772824 -8.401535 -3.218279 0.347697 -34.211948 0.771618 -0.963051 -17.733622 2.621025 -3e-06 2e-06 -0.0 -17.346558 -20.095383 -4.2018 21.757734 -1.638347 3.866457 -9e-06 -6.338885 -6e-06 -1.697624 -22.592075 -6.194149 1e-06 -5e-06 -3e-06 62.647301 -77.021271 143.146515 17.957956 -67.258705 29.165346 8.684311 -0.639228 0.173022 -6.291175 9.434756 -4.477764 22.182272 -20.376074 49.933594 -16.701902 -16.743677 28.476725 1e-05 -12.690734 -1e-06 15.937538 -17.007307 2.14023 -0.105923 -1.513858 -4.275902 -5.039088 -5.612914 -2.953572 -8e-06 -11.020629 1.3e-05 -6.111391 -15.895535 -3.840506 -1e-06 -0.0 -1e-06 -10.283442 -5.680321 -4.341855 11.028375 -11.302477 -2.372638 -1.3843 -14.238715 -6.320166 -0.625482 -26.924547 -3.827632 -4.492142 -50.951721 -3.768529 -13.708624 -7.36352 -3.720948 18.141289 -14.052824 -3.242685 -2e-05 -18.787466 2e-05 -0.429731 -8.456161 2.55555 0.0 2e-06 -1e-06 -15.923675 -20.094599 -5.473587 30.419464 -7.190851 1.735955 -8e-06 -8.163005 7e-06 -1.861964 -22.861784 -6.168003 -0.0 -3e-06 -0.0 -146.216446 -1.463345 0.607402 6.686689 -0.147517 0.495489 -88.109467 6.643894 -2.561806 -8.103768 1.463136 2.235386 -1.000001 0.0 0.0 -22.846584 -7.874313 -19.40202 1.073702 0.345037 0.312715 -73.132324 -4.479157 -8.691421 -8.781546 0.964834 1.43142 -1.000006 -0.0 0.0 
0.0 0.0 0.0 0.0 -0.0 0.0 24.414957 91.726357 431.29126 92.330269 7.846711 105.198723 4.676386 -1.267004 -0.626028 -9.533662 -1.254095 -2.892624 27.613892 1.236239 -4.141749 25.484819 6.207866 1.600726 -2.563259 -0.756764 -2.39235 -41.098129 -3.62105 -1.046619 6e-06 -0.0 0.0 0.068468 -0.00048 -0.083329 -0.020352 -0.092081 -0.124719 -0.038029 0.091458 -0.033003 -22.302706 -82.070389 36.706192 68.053612 -32.207424 -35.34256 35.413048 -0.391799 0.369706 4.140866 16.578827 -8.43399 17.636715 -26.322905 52.411774 -19.466913 -14.395736 29.410818 3.2e-05 -8.774966 0.0 15.651819 -18.024956 6.352517 -0.609788 -1.795678 -3.889367 -4.807187 -11.046976 -2.937901 -6e-05 -20.976379 -4.9e-05 -5.02011 -25.03417 -4.032082 8e-06 1e-06 -0.0 -10.634652 -5.687069 -3.565619 10.573358 -17.923153 -3.11397 -3.6e-05 -13.821439 -3.7e-05 -0.501796 -31.182245 -4.027257 -10.987043 -59.662331 6.655712 -13.982866 -7.15032 -2.875063 13.772878 -8.401557 -3.218295 0.347659 -34.212196 0.771581 -0.963072 -17.733761 2.621008 -1e-06 -0.0 1e-06 -17.346661 -20.095503 -4.201812 21.757843 -1.638318 3.866487 -2.1e-05 -6.338926 -1.3e-05 -1.697666 -22.592276 -6.194243 1e-06 -5e-06 -4e-06 58.166084 -76.401199 147.27858 13.924499 -66.173782 33.261311 8.826918 -0.73466 0.17521 -6.586878 9.467012 -4.816606 22.182331 -20.376011 49.933529 -16.701942 -16.743715 28.476692 1e-05 -12.690773 -1.1e-05 16.058203 -17.349134 2.470648 -0.105918 -1.513863 -4.275903 -5.039105 -5.612917 -2.953566 -3e-06 -11.020633 3e-06 -6.111411 -15.895544 -3.840512 -1e-06 -1e-06 1e-06 -10.283471 -5.680331 -4.341844 11.028407 -11.30248 -2.372646 -1.384309 -14.23872 -6.320166 -0.625471 -26.924549 -3.827634 -4.775737 -51.284554 -3.468005 -13.708664 -7.36353 -3.720938 18.141348 -14.052829 -3.242691 -1.3e-05 -18.787466 5e-06 -0.42972 -8.45616 2.555538 3e-06 3e-06 0.0 -15.923724 -20.094622 -5.473574 30.419559 -7.190865 1.735967 -2e-06 -8.163003 0.0 -1.861955 -22.861778 -6.168028 1e-06 -2e-06 -2e-06 -146.094452 -5.150263 -1.769738 12.679438 -0.385987 0.822038 -86.531113 9.698884 -2.885647 -12.799376 1.676027 2.248162 -1.000003 0.0 0.0 -22.20299 -5.892516 -18.983879 5.963077 0.294851 0.158587 -69.187256 -5.290375 -5.011999 -9.998493 1.033794 1.538992 -1.000002 1e-06 0.0 
0.0 0.0 0.0 0.0 -0.0 0.0 24.007788 91.521225 438.082794 88.883453 7.792508 105.774933 4.045522 0.809365 -0.731775 -9.853947 -0.963272 -3.088716 27.811426 2.496834 -4.041545 24.054745 5.274997 1.96518 -2.569469 -0.873068 -2.705859 -41.156391 -3.729498 -1.556109 6e-06 0.0 -0.0 -0.003705 -0.006246 -0.147643 -0.078464 -0.087748 -0.194601 -0.118826 0.079535 -0.091052 -37.801865 -84.05825 52.245468 67.146034 -32.001526 -36.033649 35.350723 -0.336537 0.408803 5.213032 17.438454 -7.785511 17.636736 -26.322924 52.411522 -19.466778 -14.395706 29.410606 1.3e-05 -8.774916 -8e-06 15.927066 -17.774942 6.043039 -0.609782 -1.795661 -3.889349 -4.807141 -11.046891 -2.937865 -2.3e-05 -20.976217 1.5e-05 -5.020067 -25.03389 -4.031941 9e-06 1e-06 0.0 -10.634605 -5.68701 -3.565602 10.573336 -17.923069 -3.113913 -1.4e-05 -13.821341 1.2e-05 -0.50182 -31.181938 -4.02707 -10.669763 -58.992592 6.331224 -13.982805 -7.150246 -2.875049 13.77283 -8.401532 -3.21826 0.34768 -34.211914 0.771693 -0.963073 -17.733606 2.621062 -0.0 -0.0 -0.0 -17.346556 -20.095346 -4.201787 21.757738 -1.638366 3.866464 -5e-06 -6.338887 5e-06 -1.697642 -22.592062 -6.194092 -1e-06 -6e-06 -3e-06 51.618549 -76.177177 153.93277 14.773506 -64.115158 33.095909 9.216882 -0.878388 0.1075 -6.465346 9.72745 -4.74785 22.182205 -20.376015 49.933533 -16.701954 -16.743628 28.476725 -7e-06 -12.690697 5e-06 15.966991 -17.231415 2.550401 -0.105917 -1.513863 -4.275902 -5.039068 -5.612918 -2.953575 4e-06 -11.020649 -3e-06 -6.11135 -15.895568 -3.840508 -3e-06 -1e-06 1e-06 -10.283417 -5.680323 -4.341855 11.02836 -11.302501 -2.372658 -1.38427 -14.238737 -6.320171 -0.62543 -26.924595 -3.827655 -4.840686 -51.371658 -3.389209 -13.708585 -7.363517 -3.720951 18.141264 -14.052855 -3.242706 1.2e-05 -18.787485 -1.5e-05 -0.429717 -8.456164 2.555527 1e-06 3e-06 -2e-06 -15.923616 -20.094614 -5.473599 30.419392 -7.190876 1.735921 2e-06 -8.163013 -8e-06 -1.861892 -22.861807 -6.168038 1e-06 -3e-06 -2e-06 -148.713013 -10.96024 -4.298104 22.962582 -0.496502 0.870195 -81.222687 12.982162 -2.667283 -21.546705 1.837563 2.114015 -0.999999 0.0 0.0 -25.851116 -3.026077 -18.127405 16.674263 0.164882 0.051232 -63.232998 -7.241355 -2.579444 -8.588163 0.898857 1.611622 -1.000004 0.0 -0.0 
0.0 0.0 0.0 0.0 -0.0 0.0 23.652502 91.648193 444.894318 86.504623 8.921182 105.680298 4.470016 1.783687 -0.89778 -9.722635 -0.534856 -3.372994 27.326429 3.64044 -3.6065 23.879721 4.736798 2.107549 -2.534055 -0.82601 -2.659346 -42.178066 -3.802024 -1.382556 6e-06 0.0 -0.0 -0.006156 -0.003574 -0.110603 -0.103331 -0.033645 -0.161091 -0.137275 0.03059 -0.055855 -39.452042 -83.212479 54.055878 68.268234 -36.031132 -38.45298 34.897682 0.096192 0.33114 5.507103 17.74338 -8.382821 17.636698 -26.322916 52.411839 -19.466995 -14.395795 29.410898 3.2e-05 -8.774994 1.1e-05 16.133017 -17.538891 5.907947 -0.609786 -1.795684 -3.889375 -4.807202 -11.047011 -2.937904 -6e-05 -20.976435 -6.5e-05 -5.020121 -25.034243 -4.032102 6e-06 3e-06 1e-06 -10.634678 -5.687086 -3.565614 10.573391 -17.923203 -3.114002 -3.7e-05 -13.821474 -4.9e-05 -0.501776 -31.182348 -4.027311 -10.662951 -58.894455 6.313592 -13.982913 -7.150344 -2.87505 13.772923 -8.401572 -3.218324 0.347659 -34.212273 0.771546 -0.963065 -17.733778 2.620983 0.0 0.0 -0.0 -17.346724 -20.095568 -4.201803 21.757921 -1.638312 3.866472 -2.1e-05 -6.338939 -2e-05 -1.697668 -22.592331 -6.194277 0.0 -4e-06 -3e-06 53.979156 -77.973137 151.761063 20.544863 -64.29747 29.943512 9.6616 -0.768337 0.101798 -5.845715 9.50266 -4.13442 22.182486 -20.376202 49.933746 -16.702011 -16.743837 28.476824 3.1e-05 -12.690882 -1.2e-05 16.086224 -17.194153 2.493089 -0.105923 -1.513868 -4.275919 -5.039147 -5.612962 -2.95357 -2.1e-05 -11.02073 2.4e-05 -6.111517 -15.89571 -3.840508 0.0 1e-06 -1e-06 -10.283543 -5.680372 -4.341859 11.028478 -11.302555 -2.372642 -1.384352 -14.238849 -6.320193 -0.625555 -26.924833 -3.827635 -4.60304 -51.287971 -3.467736 -13.708754 -7.363587 -3.720943 18.141464 -14.052921 -3.242693 -4.6e-05 -18.787647 2.7e-05 -0.429736 -8.456245 2.555564 -2e-06 1e-06 0.0 -15.923859 -20.094763 -5.47356 30.419777 -7.190889 1.735998 -1.3e-05 -8.163084 3e-06 -1.862018 -22.862047 -6.168078 -4e-06 -4e-06 -3e-06 -152.469543 -15.461455 -3.844702 36.47789 -0.687085 0.92017 -71.383102 14.79326 -1.728554 -26.490694 1.877523 2.008608 -1.000004 0.0 -0.0 -26.348085 -0.712624 -18.782021 25.847776 0.163598 0.081232 -64.037621 -7.280282 -2.473621 -6.66108 0.757889 1.629955 -1.000003 0.0 0.0 
0.0 0.0 0.0 0.0 -0.0 0.0 23.370605 92.300278 451.16095 84.890991 10.294884 104.984863 5.254845 2.403913 -0.719441 -9.524999 -0.107481 -3.007931 26.950922 4.320024 -3.185996 24.103226 5.065535 1.828858 -2.608215 -0.742818 -2.529495 -42.784321 -3.884055 -1.369939 6e-06 -0.0 -0.0 0.01593 -0.00596 -0.059662 -0.047544 -0.025991 -0.087925 -0.052461 0.014437 -0.031203 -37.171429 -82.371719 52.440811 69.833328 -40.240929 -38.642914 33.390961 0.671204 0.127829 5.159613 17.294683 -10.171108 17.636692 -26.322901 52.411694 -19.466936 -14.395773 29.410782 1.5e-05 -8.774964 5e-06 16.195831 -17.557728 6.007374 -0.609778 -1.795674 -3.889364 -4.807168 -11.046954 -2.93789 -2.1e-05 -20.97633 -4.4e-05 -5.020066 -25.034065 -4.032037 1e-05 -2e-06 -0.0 -10.634642 -5.687049 -3.565609 10.573389 -17.923143 -3.11398 -1.2e-05 -13.821407 -3.1e-05 -0.501763 -31.182123 -4.027213 -10.479819 -59.066875 6.200898 -13.982869 -7.150295 -2.875051 13.772902 -8.401563 -3.218303 0.347714 -34.212109 0.771586 -0.963044 -17.733696 2.621018 1e-06 3e-06 -1e-06 -17.346642 -20.095461 -4.201799 21.757849 -1.63835 3.866462 -9e-06 -6.338914 -1.1e-05 -1.697632 -22.592197 -6.194202 -3e-06 -6e-06 -0.0 55.784359 -79.530365 150.142319 28.439667 -63.563286 23.802624 11.093122 -0.585692 0.138379 -4.552969 9.741196 -2.458596 22.18243 -20.37612 49.933624 -16.701927 -16.743694 28.476709 2.6e-05 -12.690782 -2.5e-05 16.413132 -17.215954 2.414946 -0.105924 -1.513865 -4.275908 -5.039115 -5.612937 -2.953571 -1.2e-05 -11.020682 2.2e-05 -6.111445 -15.895615 -3.840504 2e-06 -1e-06 1e-06 -10.283489 -5.680347 -4.34186 11.028411 -11.302522 -2.372623 -1.384329 -14.238791 -6.320176 -0.625531 -26.924721 -3.827625 -4.554112 -51.489437 -3.233849 -13.708677 -7.363553 -3.720955 18.141348 -14.052888 -3.242664 -3e-05 -18.787561 2.2e-05 -0.429728 -8.456208 2.555553 -3e-06 -2e-06 3e-06 -15.923753 -20.09469 -5.473583 30.419569 -7.190883 1.736009 -6e-06 -8.163051 3e-06 -1.861974 -22.861927 -6.16805 1e-06 -2e-06 2e-06 -158.281693 -18.152819 -1.663126 50.942909 -1.030997 0.694567 -63.331429 14.69981 -2.810987 -15.462519 1.701534 2.191045 -1.000002 -0.0 0.0 -23.340363 1.861141 -19.740826 29.613806 0.243183 0.007418 -66.643341 -6.276069 -0.760863 -5.609737 0.728309 1.649527 -1.000005 -0.0 -0.0 
0.0 0.0 0.0 0.0 -0.0 0.0 23.159145 93.411057 457.194336 83.50071 11.425437 104.404007 5.884795 3.156327 -0.357596 -9.318538 0.232095 -2.547935 27.188959 4.78627 -2.715655 23.916819 5.663885 1.516044 -2.577127 -0.912142 -2.359998 -43.233528 -4.076039 -1.414241 6e-06 0.0 0.0 0.034735 -0.007468 -0.070711 -0.006502 -0.047487 -0.091691 0.009541 0.029537 -0.049828 -43.562748 -82.920715 59.948265 70.370056 -42.744949 -35.995506 30.290398 0.877126 -0.095499 5.642162 16.257542 -11.004761 17.636709 -26.322859 52.411732 -19.467035 -14.395739 29.410847 2e-06 -8.774962 3e-06 16.186199 -17.59371 5.93701 -0.609788 -1.795684 -3.889371 -4.807154 -11.04698 -2.937917 2.1e-05 -20.976398 -8.9e-05 -5.01999 -25.034163 -4.032084 8e-06 -3e-06 1e-06 -10.634645 -5.687056 -3.565619 10.57342 -17.923199 -3.114015 1.4e-05 -13.821441 -5.6e-05 -0.501643 -31.182232 -4.027283 -10.429907 -59.131748 6.09252 -13.982859 -7.150302 -2.875066 13.772907 -8.4016 -3.21832 0.34781 -34.212208 0.7715 -0.96299 -17.733751 2.621001 -0.0 2e-06 -0.0 -17.346621 -20.095497 -4.201833 21.757843 -1.638374 3.866464 -1e-06 -6.338927 -2.7e-05 -1.697557 -22.592264 -6.194271 3e-06 -5e-06 -1e-06 50.809017 -79.901176 155.031082 35.910557 -59.889893 18.609221 13.015886 -0.456222 0.096831 -2.358471 10.906796 -2.653716 22.182383 -20.376087 49.933567 -16.701923 -16.743654 28.476686 9e-06 -12.690742 -2.3e-05 16.68811 -17.096176 2.426093 -0.105926 -1.513865 -4.275903 -5.039096 -5.612927 -2.953572 -1e-06 -11.020659 1.3e-05 -6.1114 -15.895575 -3.840505 0.0 -2e-06 -2e-06 -10.283463 -5.680333 -4.341859 11.028391 -11.302511 -2.372629 -1.384307 -14.238751 -6.320166 -0.625486 -26.924606 -3.827619 -4.689059 -51.51981 -2.879832 -13.708647 -7.363538 -3.720955 18.141314 -14.052873 -3.24267 -1.3e-05 -18.787514 1.9e-05 -0.42972 -8.456178 2.555546 -0.0 1e-06 0.0 -15.923701 -20.094652 -5.473588 30.419487 -7.190893 1.73599 1e-06 -8.163027 0.0 -1.861932 -22.861834 -6.168029 -2e-06 -4e-06 2e-06 -166.059708 -19.731312 0.650918 63.829254 -1.121865 0.470092 -64.53476 10.54945 -4.203318 -9.389959 1.626758 2.432288 -1.0 0.0 1e-06 -18.746326 4.823013 -20.597111 30.165718 0.168126 -0.118731 -71.65258 -5.653682 0.312909 -5.52493 0.739396 1.651467 -1.000005 -0.0 0.0 
0.0 0.0 0.0 0.0 -0.0 0.0 23.137709 95.082336 463.048065 83.104782 12.095546 103.289452 6.247593 3.546133 0.075071 -9.131672 0.311706 -1.949003 27.769442 4.691138 -2.113062 23.935883 6.075011 1.473429 -2.523423 -0.944281 -2.4754 -43.181751 -4.335807 -1.566316 6e-06 0.0 0.0 0.02264 -0.005594 -0.100251 0.040965 -0.065345 -0.105449 0.059069 0.049444 -0.093955 -55.103546 -83.458488 72.762802 71.161232 -45.030731 -33.0797 24.552519 0.911001 -0.192299 6.006043 14.67677 -11.164764 17.63677 -26.323015 52.41177 -19.466976 -14.395801 29.410822 1.5e-05 -8.774987 4e-06 16.043015 -17.836615 5.901076 -0.609785 -1.79568 -3.889372 -4.807179 -11.046988 -2.937887 -2.7e-05 -20.976427 -2.2e-05 -5.020112 -25.034189 -4.032009 7e-06 2e-06 0.0 -10.634666 -5.687059 -3.565614 10.573417 -17.923208 -3.113971 -1.5e-05 -13.82147 -1.8e-05 -0.501789 -31.182306 -4.027194 -10.745772 -59.205624 6.28993 -13.982886 -7.150309 -2.875056 13.772927 -8.401596 -3.218305 0.347696 -34.212273 0.771626 -0.963062 -17.733782 2.621042 -0.0 0.0 -3e-06 -17.346668 -20.095503 -4.201797 21.757889 -1.638362 3.86647 -1e-05 -6.338941 -6e-06 -1.697643 -22.5923 -6.194194 -3e-06 -2e-06 0.0 43.910042 -80.044144 161.95874 43.59211 -54.181816 14.110351 14.531069 -0.391549 0.076177 -0.450979 12.088468 -3.194222 22.182438 -20.3762 49.933907 -16.70212 -16.743813 28.476978 3e-06 -12.690871 1e-06 16.502964 -17.063051 2.48236 -0.10592 -1.513876 -4.275934 -5.039131 -5.612974 -2.953597 -0.0 -11.020766 2e-06 -6.111453 -15.895768 -3.840552 2e-06 1e-06 0.0 -10.28352 -5.680373 -4.341882 11.028487 -11.302601 -2.372672 -1.384303 -14.238898 -6.320247 -0.625457 -26.924963 -3.827702 -4.692227 -51.035664 -2.94484 -13.708725 -7.363585 -3.720968 18.141472 -14.052979 -3.242738 -4e-06 -18.787691 -5e-06 -0.429727 -8.45627 2.555567 -0.0 -0.0 -1e-06 -15.923798 -20.094786 -5.473621 30.419741 -7.19094 1.735954 -0.0 -8.163102 -7e-06 -1.861942 -22.86212 -6.168129 2e-06 -2e-06 -1e-06 -174.391068 -19.212997 1.708874 72.248291 -0.814925 0.357223 -69.937408 5.967844 -4.258846 -9.084521 1.62122 2.394933 -1.000002 0.0 -1e-06 -12.422008 7.365946 -19.977697 26.603928 0.099421 -0.219638 -74.033096 -4.962554 0.134056 -5.757559 0.787319 1.649367 -1.000005 -0.0 -0.0 
0.0 0.0 0.0 0.0 -0.0 0.0 23.325819 96.812195 468.611847 83.861153 12.325379 101.541008 6.683496 3.461687 0.545251 -8.95374 0.263342 -1.144646 27.780396 3.882492 -1.561458 24.644442 6.126863 1.682313 -2.486763 -0.94068 -2.559592 -42.523628 -4.541133 -1.648014 6e-06 0.0 0.0 0.016056 -0.002268 -0.108603 0.074687 -0.067268 -0.098757 0.097072 0.056127 -0.118711 -64.389206 -83.237579 83.039825 72.77346 -48.58427 -31.364105 17.242455 0.748151 -0.161616 5.619241 12.288067 -11.07122 17.636753 -26.323 52.411701 -19.46689 -14.395778 29.410765 9e-06 -8.774959 3e-06 15.946354 -17.939503 5.94429 -0.609783 -1.795668 -3.889361 -4.807158 -11.046935 -2.937882 -1.5e-05 -20.976318 -5e-06 -5.020083 -25.034033 -4.03198 5e-06 3e-06 -1e-06 -10.634634 -5.687028 -3.565612 10.573391 -17.923138 -3.113946 -1e-05 -13.821401 1e-06 -0.501802 -31.182108 -4.027117 -10.942002 -59.443493 6.4335 -13.982849 -7.150271 -2.875057 13.772893 -8.401569 -3.21829 0.347701 -34.212109 0.771677 -0.963069 -17.733713 2.621074 0.0 -0.0 -1e-06 -17.346607 -20.095413 -4.201801 21.757824 -1.638376 3.866467 -5e-06 -6.338914 4e-06 -1.697633 -22.59218 -6.194147 0.0 -5e-06 -3e-06 40.313438 -81.359001 165.055756 51.302723 -48.952736 9.246579 15.217971 -0.416087 0.067662 0.357525 12.777663 -3.276171 22.182295 -20.376043 49.933647 -16.702028 -16.743656 28.476807 -3e-06 -12.690753 -6e-06 16.177515 -17.182375 2.632612 -0.105922 -1.513873 -4.275913 -5.03909 -5.612943 -2.953583 5e-06 -11.020707 -1e-05 -6.111384 -15.895682 -3.840538 0.0 1e-06 0.0 -10.283448 -5.680343 -4.341863 11.028401 -11.302545 -2.372663 -1.384281 -14.238818 -6.320216 -0.625424 -26.924793 -3.827701 -4.718783 -50.444706 -3.147995 -13.708628 -7.363546 -3.720962 18.141329 -14.052916 -3.242717 1.8e-05 -18.78759 -2.7e-05 -0.429711 -8.456221 2.555535 1e-06 2e-06 -0.0 -15.923666 -20.094681 -5.47361 30.4195 -7.190906 1.735941 6e-06 -8.163052 -1.5e-05 -1.861888 -22.861965 -6.168105 -0.0 -2e-06 -0.0 178.002121 -17.015179 0.522745 75.192947 -0.428171 0.316823 -73.779526 2.495917 -3.857565 -9.382409 1.6034 2.275105 -1.000002 1e-06 0.0 -5.2741 8.584545 -18.190697 20.805141 0.07354 -0.218823 -74.870003 -4.227851 -0.719371 -6.016522 0.789777 1.641464 -1.000005 -0.0 -0.0 
0.0 0.0 0.0 0.0 -0.0 0.0 23.678497 98.25956 474.135773 85.187424 12.161219 99.316772 7.162496 3.142988 0.957374 -8.794882 0.22204 -0.21984 27.227493 2.729176 -1.026906 25.568636 5.504326 1.933977 -2.534831 -0.874412 -2.63865 -41.368237 -4.640079 -1.559389 6e-06 -0.0 0.0 0.007057 0.003258 -0.097615 0.066756 -0.05811 -0.082828 0.088649 0.056269 -0.116136 -72.294022 -82.5019 91.887749 74.160782 -53.161892 -29.808636 10.654829 0.41865 -0.10302 4.736172 8.544749 -9.850982 17.636684 -26.322836 52.411274 -19.46677 -14.395657 29.410528 9e-06 -8.774883 -1e-06 16.071707 -17.954544 6.12946 -0.609778 -1.795663 -3.889336 -4.807128 -11.046903 -2.937853 -2.7e-05 -20.976254 1e-05 -5.020065 -25.033951 -4.031919 7e-06 -1e-06 -0.0 -10.634577 -5.687008 -3.565585 10.573315 -17.923088 -3.113914 -1.5e-05 -13.821367 -2e-06 -0.501814 -31.18203 -4.027077 -11.176176 -60.053352 6.851708 -13.982768 -7.150245 -2.875032 13.772792 -8.401542 -3.218257 0.347688 -34.211975 0.771667 -0.96306 -17.733646 2.621041 -0.0 1e-06 -1e-06 -17.346516 -20.095343 -4.201755 21.757681 -1.638357 3.866442 -6e-06 -6.338894 1e-06 -1.697627 -22.592108 -6.194091 -1e-06 -2e-06 -2e-06 40.780041 -83.870842 163.511261 58.673321 -44.535637 2.891665 15.367407 -0.394286 0.058569 0.466352 13.077679 -3.310543 22.182215 -20.375977 49.933331 -16.701878 -16.743631 28.476593 8e-06 -12.6907 1e-06 16.018818 -17.380014 2.82625 -0.105919 -1.513857 -4.275887 -5.039074 -5.612912 -2.953551 -8e-06 -11.020631 1.8e-05 -6.111386 -15.895537 -3.840471 0.0 -1e-06 -0.0 -10.283421 -5.680315 -4.341829 11.028354 -11.302472 -2.372633 -1.384302 -14.238709 -6.320134 -0.625496 -26.924532 -3.827601 -4.765638 -50.171494 -3.134133 -13.708592 -7.363514 -3.720922 18.141253 -14.052821 -3.242676 -1.8e-05 -18.787458 1e-05 -0.429722 -8.456158 2.555528 1e-06 -2e-06 1e-06 -15.923644 -20.094585 -5.473544 30.419395 -7.190845 1.735945 -5e-06 -8.163003 -2e-06 -1.861941 -22.861774 -6.168003 -1e-06 0.0 -2e-06 171.514679 -14.284502 -2.370087 72.867294 -0.053458 0.155771 -75.917244 0.092551 -3.634241 -9.463416 1.562853 2.147332 -1.000006 2e-06 -0.0 1.658236 8.570515 -15.704562 14.76136 0.078569 -0.197074 -74.926605 -3.463997 -1.873288 -6.165317 0.72666 1.633083 -1.000006 0.0 -0.0 
0.0 0.0 0.0 0.0 -0.0 0.0 24.184103 99.182449 479.766479 86.592194 11.617324 96.753304 7.409379 2.780606 1.187891 -8.714034 0.240112 0.761221 26.562798 1.516356 -0.431824 26.286283 4.227114 2.155693 -2.647032 -0.735422 -2.815798 -40.101765 -4.712435 -1.292163 6e-06 0.0 0.0 -0.003092 0.0084 -0.084434 0.048078 -0.056217 -0.067516 0.061935 0.063361 -0.109568 -81.6903 -81.311699 102.356148 73.029724 -58.250175 -26.070312 7.252753 -0.178165 -0.074093 4.157374 4.273967 -6.879893 17.636719 -26.322912 52.411411 -19.466837 -14.395654 29.410593 -1.2e-05 -8.774881 1e-06 16.376186 -17.931316 6.231394 -0.609777 -1.795666 -3.889343 -4.807103 -11.046905 -2.937872 2.4e-05 -20.97628 1e-06 -5.019989 -25.033962 -4.031912 5e-06 -0.0 1e-06 -10.63457 -5.686999 -3.565604 10.573347 -17.92312 -3.11393 1.5e-05 -13.821373 3e-06 -0.501731 -31.18203 -4.027062 -11.596034 -60.6273 7.625065 -13.982761 -7.150233 -2.875056 13.772803 -8.401576 -3.218265 0.347769 -34.212009 0.771658 -0.963028 -17.733654 2.621066 0.0 -1e-06 -0.0 -17.346474 -20.095337 -4.201797 21.757664 -1.638401 3.866445 7e-06 -6.338897 1e-06 -1.697562 -22.59211 -6.194096 -0.0 -3e-06 -3e-06 47.387371 -86.767654 155.567642 64.654091 -40.253834 -4.305 16.023787 -0.058008 0.077529 0.747562 13.338288 -3.945939 22.182249 -20.37606 49.933617 -16.702003 -16.743725 28.476807 -7e-06 -12.690761 1.5e-05 15.930916 -17.701523 3.000159 -0.105916 -1.513865 -4.275909 -5.039086 -5.612923 -2.953574 1e-05 -11.020658 -1e-06 -6.111379 -15.895582 -3.840518 0.0 1e-06 3e-06 -10.283446 -5.680326 -4.341851 11.028409 -11.302512 -2.372665 -1.384277 -14.238754 -6.32019 -0.625428 -26.924643 -3.82766 -4.740006 -50.229103 -3.056586 -13.708629 -7.363527 -3.720945 18.141344 -14.052873 -3.242728 9e-06 -18.787502 -2e-06 -0.429718 -8.456177 2.555545 1e-06 -1e-06 -2e-06 -15.923671 -20.094633 -5.473592 30.419535 -7.190893 1.735913 3e-06 -8.163026 -2e-06 -1.86192 -22.861841 -6.168035 -0.0 -4e-06 -4e-06 166.281525 -11.728949 -5.95523 65.501282 0.188769 -0.197465 -76.920876 -0.910889 -4.041328 -9.316691 1.531111 2.090288 -1.000004 -0.0 -1e-06 7.743792 7.616095 -12.926098 9.620313 0.102594 -0.145258 -75.317879 -2.715752 -2.797334 -6.099463 0.635787 1.63169 -1.000005 0.0 1e-06 
0.0 0.0 0.0 0.0 -0.0 0.0 24.760515 99.437515 485.338745 87.39447 10.950714 94.043144 7.338775 2.807518 1.245222 -8.751632 0.363734 1.692067 26.216543 0.534103 0.27565 26.759405 2.578121 2.172663 -2.721054 -0.682096 -2.78822 -39.367065 -4.866409 -1.033411 6e-06 0.0 -0.0 0.007975 0.011712 -0.071754 0.0582 -0.073682 -0.052295 0.058702 0.086495 -0.102275 -91.448166 -79.504761 113.323128 68.00132 -63.288132 -18.920338 7.177831 -0.806104 -0.071899 4.714549 1.35158 -5.228989 17.636831 -26.322855 52.411259 -19.466801 -14.395686 29.410498 7e-06 -8.774927 -1.7e-05 16.40616 -17.845987 6.183202 -0.60978 -1.795665 -3.889336 -4.80714 -11.046909 -2.937855 -7e-06 -20.976282 1.3e-05 -5.020072 -25.033979 -4.031933 9e-06 -0.0 1e-06 -10.63461 -5.687008 -3.565587 10.573364 -17.923117 -3.113908 0.0 -13.821379 4e-06 -0.501799 -31.182047 -4.027073 -11.87571 -60.65934 8.245689 -13.982813 -7.150244 -2.875036 13.77285 -8.401563 -3.218249 0.347728 -34.212013 0.771669 -0.96304 -17.733662 2.621059 0.0 -1e-06 -0.0 -17.346561 -20.095352 -4.201759 21.757763 -1.63839 3.866473 1e-06 -6.338902 0.0 -1.697626 -22.592125 -6.194098 0.0 -6e-06 -2e-06 95.53759 -88.955261 106.127762 68.718781 -35.605545 -10.634953 18.086845 0.290077 0.061633 1.667107 14.209946 -5.101113 22.182156 -20.375929 49.933483 -16.701994 -16.743654 28.476753 3e-06 -12.69073 1.3e-05 15.961101 -18.090879 2.989218 -0.105915 -1.513866 -4.275903 -5.039078 -5.61293 -2.953569 -2e-06 -11.020664 -1.6e-05 -6.111374 -15.895613 -3.840522 -0.0 -0.0 -3e-06 -10.283423 -5.680336 -4.341841 11.028374 -11.302498 -2.372673 -1.38428 -14.238762 -6.320194 -0.625426 -26.924641 -3.827704 -4.673315 -50.326588 -3.128203 -13.708594 -7.363531 -3.720936 18.141293 -14.052852 -3.242738 4e-06 -18.7875 -3.6e-05 -0.429714 -8.456177 2.55552 2e-06 0.0 -3e-06 -15.923635 -20.094633 -5.473581 30.419451 -7.190859 1.735904 2e-06 -8.163018 -1.9e-05 -1.861892 -22.861858 -6.168094 -1e-06 -3e-06 -1e-06 162.786224 -9.983669 -9.127919 53.508221 0.148046 -0.48791 -77.037437 -1.327335 -5.404848 -9.13626 1.553632 2.103028 -1.000003 2e-06 -0.0 12.469473 6.55713 -10.298834 6.38336 0.101061 -0.029678 -76.66452 -2.069974 -2.885447 -5.851408 0.598815 1.658078 -1.000006 0.0 -0.0 
0.0 0.0 0.0 0.0 -0.0 0.0 25.397608 99.044044 490.945251 87.070526 10.608407 91.385818 7.1574 3.5661 1.262525 -8.893835 0.580984 2.288983 26.362621 0.018631 1.122374 27.264225 0.691643 2.010821 -2.760074 -0.682635 -2.500832 -39.258961 -5.072904 -0.749674 6e-06 -0.0 -0.0 0.024612 0.01353 -0.052374 0.019524 -0.082409 -0.03952 0.018624 0.097065 -0.076333 -99.131493 -77.148048 122.208466 59.520702 -67.610756 -8.783942 8.300243 -1.134989 -0.07793 6.102635 -0.026971 -5.429814 17.636772 -26.322939 52.411514 -19.466801 -14.395698 29.410614 1.2e-05 -8.774918 -8e-06 16.239826 -17.721701 6.166527 -0.609784 -1.795666 -3.889346 -4.807145 -11.046915 -2.93787 -2.2e-05 -20.976282 1e-05 -5.020075 -25.033981 -4.031949 6e-06 0.0 -0.0 -10.634615 -5.687019 -3.565602 10.573348 -17.923101 -3.113914 -1.7e-05 -13.821377 6e-06 -0.501819 -31.182043 -4.027089 -11.961946 -60.485081 8.575607 -13.982821 -7.150262 -2.875055 13.772842 -8.401554 -3.21826 0.347688 -34.212029 0.771684 -0.963063 -17.733667 2.621062 0.0 -0.0 0.0 -17.346571 -20.095379 -4.201791 21.757755 -1.638371 3.866476 -5e-06 -6.338901 2e-06 -1.697632 -22.592131 -6.194116 -2e-06 -3e-06 -3e-06 177.766266 -87.885208 22.80537 71.325768 -30.825499 -15.195139 21.353519 0.396232 -0.065734 3.199779 15.683259 -6.114296 22.182228 -20.376053 49.933735 -16.702011 -16.743704 28.476864 5e-06 -12.690759 1.2e-05 16.044836 -18.311491 2.796999 -0.105921 -1.513873 -4.275916 -5.039093 -5.612937 -2.953587 -5e-06 -11.020677 -1.2e-05 -6.111398 -15.895628 -3.840549 -1e-06 0.0 -1e-06 -10.283448 -5.680347 -4.341864 11.028393 -11.302514 -2.372674 -1.38429 -14.238787 -6.320219 -0.625427 -26.924696 -3.827718 -4.696735 -50.364952 -3.292172 -13.708631 -7.363552 -3.720954 18.141325 -14.052871 -3.24274 -2e-06 -18.787537 -2.2e-05 -0.429726 -8.456192 2.555538 -0.0 -0.0 0.0 -15.923675 -20.094675 -5.473616 30.4195 -7.190868 1.735917 -6e-06 -8.163032 -8e-06 -1.861917 -22.861889 -6.168086 -3e-06 -3e-06 -2e-06 161.757858 -9.51672 -11.666803 37.491585 0.021085 -0.608831 -76.675369 -2.217557 -6.845013 -8.712244 1.576957 2.126219 -1.000002 -1e-06 0.0 16.40402 6.203431 -8.08665 5.211567 0.066051 0.050087 -79.013687 -1.415684 -2.39975 -5.536074 0.647839 1.704176 -1.000006 -0.0 0.0 
0.0 0.0 0.0 0.0 -0.0 0.0 26.113091 98.11097 496.739868 85.884987 10.750351 89.019135 7.060797 4.770211 1.316385 -9.020454 0.889499 2.534205 26.825743 -0.005599 1.816746 27.780594 -1.252921 1.878141 -2.7496 -0.761976 -2.205059 -39.497395 -5.248909 -0.252029 6e-06 -0.0 0.0 0.031462 0.014732 -0.030387 -0.073158 -0.077156 -0.034349 -0.052859 0.09063 -0.035677 -104.340622 -74.454926 128.584549 48.525333 -70.934196 3.328963 8.838387 -1.211241 -0.077708 7.240648 -0.803919 -6.177226 17.636822 -26.323011 52.411579 -19.466877 -14.395703 29.410658 -5e-06 -8.774926 -1.2e-05 16.249962 -17.721094 6.166943 -0.609781 -1.795669 -3.889354 -4.807129 -11.046936 -2.937876 1.7e-05 -20.976345 6e-06 -5.020024 -25.034048 -4.031939 4e-06 0.0 -1e-06 -10.634617 -5.687016 -3.565615 10.573388 -17.923166 -3.113929 1.4e-05 -13.821419 3e-06 -0.501761 -31.182158 -4.027079 -12.184865 -60.511562 8.972048 -13.982821 -7.150254 -2.875064 13.772865 -8.401596 -3.218266 0.347763 -34.212143 0.771671 -0.963035 -17.733728 2.621082 0.0 -2e-06 0.0 -17.346556 -20.095394 -4.201804 21.757759 -1.638407 3.866473 8e-06 -6.33892 2e-06 -1.697585 -22.59219 -6.19412 -1e-06 -8e-06 -2e-06 -169.222855 -85.912895 8.790069 73.285027 -26.364946 -18.323786 24.866308 0.239712 -0.273217 4.986648 17.394041 -6.099655 22.182236 -20.376087 49.933651 -16.701973 -16.743689 28.476799 -8e-06 -12.690729 1.4e-05 15.827209 -18.09729 2.639253 -0.105917 -1.513861 -4.275908 -5.039075 -5.61292 -2.953574 7e-06 -11.020655 4e-06 -6.111357 -15.895559 -3.84051 1e-06 0.0 0.0 -10.283435 -5.680323 -4.34186 11.028388 -11.302506 -2.37266 -1.384272 -14.238744 -6.320183 -0.625428 -26.924623 -3.827645 -4.883416 -50.114765 -3.285533 -13.70861 -7.363517 -3.720956 18.14131 -14.052865 -3.242715 4e-06 -18.787498 7e-06 -0.429722 -8.456177 2.555547 1e-06 -1e-06 0.0 -15.923638 -20.094614 -5.473604 30.419453 -7.190886 1.735915 1e-06 -8.163021 2e-06 -1.861917 -22.861835 -6.168016 -1e-06 -3e-06 -0.0 162.310822 -10.071228 -13.778654 20.277515 -0.002782 -0.514999 -76.06723 -2.265011 -8.248232 -8.675245 1.668632 2.064412 -1.000002 0.0 0.0 20.482533 6.404309 -6.338933 5.126572 0.031817 0.021722 -81.876076 -0.788361 -2.047992 -5.522766 0.655303 1.71872 -1.000004 0.0 0.0 
0.0 0.0 0.0 0.0 -0.0 0.0 26.773039 96.708885 502.629517 84.614449 11.101726 87.29203 7.001398 5.762314 1.143303 -9.072472 1.164995 2.713971 27.366457 0.378258 2.203419 28.196583 -2.798871 1.996021 -2.622569 -0.999742 -1.910527 -40.097191 -5.553509 0.366556 6e-06 0.0 -0.0 0.044715 0.019471 -0.006749 -0.127789 -0.089189 -0.022355 -0.077166 0.107949 -0.000133 -107.526871 -72.022881 132.786179 37.286865 -73.222893 15.138209 8.05454 -1.254306 -0.032851 7.354975 -1.631876 -7.168663 17.636789 -26.323004 52.411613 -19.466852 -14.39571 29.410679 1e-05 -8.774933 -6e-06 16.616352 -17.850903 5.840618 -0.609784 -1.795669 -3.889354 -4.807148 -11.046943 -2.937874 -2e-05 -20.976345 9e-06 -5.020078 -25.034069 -4.031956 6e-06 1e-06 -3e-06 -10.634619 -5.687025 -3.565613 10.573369 -17.923157 -3.113929 -1.2e-05 -13.821424 4e-06 -0.501802 -31.182188 -4.027114 -12.290884 -60.745537 8.960143 -13.982826 -7.150267 -2.875062 13.772858 -8.401579 -3.218265 0.347698 -34.212162 0.771681 -0.963068 -17.733746 2.62107 0.0 -1e-06 -0.0 -17.346573 -20.095406 -4.201799 21.757769 -1.63838 3.866479 -5e-06 -6.33892 1e-06 -1.697625 -22.592218 -6.194137 -2e-06 -2e-06 -2e-06 -164.897858 -84.063271 3.31527 74.84063 -22.450825 -19.620829 27.811152 -0.314544 -0.301675 6.604364 19.194412 -4.931911 22.182198 -20.376083 49.933731 -16.702011 -16.74371 28.476879 -0.0 -12.690751 1.9e-05 15.552828 -17.917568 2.510892 -0.105918 -1.513868 -4.275915 -5.039086 -5.612936 -2.953588 -3e-06 -11.020679 -4e-06 -6.111387 -15.895638 -3.840539 2e-06 0.0 2e-06 -10.283438 -5.680338 -4.341865 11.028395 -11.302518 -2.372672 -1.384279 -14.238782 -6.320212 -0.625434 -26.924702 -3.827691 -5.239948 -49.765057 -3.210815 -13.708616 -7.363544 -3.720958 18.141319 -14.052876 -3.242737 -2e-06 -18.787535 -1.1e-05 -0.429726 -8.456194 2.555543 4e-06 1e-06 1e-06 -15.923657 -20.094662 -5.473611 30.419495 -7.190865 1.735904 -6e-06 -8.163033 -5e-06 -1.861923 -22.861881 -6.168067 -3e-06 -2e-06 -2e-06 162.38443 -10.801017 -14.811578 6.728193 0.022518 -0.401121 -76.033707 -1.716267 -10.034884 -8.989364 1.898329 1.877628 -1.000003 1e-06 0.0 24.84137 6.508373 -5.670516 5.342184 0.048597 -0.068142 -84.870255 -0.007709 -2.169067 -5.946022 0.515809 1.68216 -1.000007 0.0 0.0 
0.0 0.0 0.0 0.0 -0.0 0.0 27.36729 94.966515 508.651733 83.469635 11.788763 86.409752 7.188658 6.546658 0.993004 -9.013105 1.365336 2.764456 27.827736 0.842921 2.336352 28.555538 -3.767459 2.030057 -2.650802 -1.024686 -1.801428 -41.120651 -5.748351 0.930475 6e-06 -0.0 -0.0 0.035177 0.013219 -0.087383 -0.124069 -0.109359 -0.089268 -0.04516 0.110926 -0.092926 -108.284813 -70.473595 134.161804 29.172277 -74.932167 23.812517 6.049046 -1.671972 0.004006 6.41559 -2.080958 -7.847344 17.636868 -26.322962 52.411499 -19.466785 -14.395693 29.410576 2.1e-05 -8.774938 -1.9e-05 16.892235 -18.098906 5.656697 -0.609787 -1.795666 -3.889346 -4.807169 -11.046929 -2.937861 -4.8e-05 -20.976297 1.9e-05 -5.020117 -25.034016 -4.03196 2e-06 2e-06 -2e-06 -10.634636 -5.687027 -3.565604 10.573344 -17.923117 -3.113897 -2.7e-05 -13.821393 8e-06 -0.501847 -31.182102 -4.027104 -12.663187 -61.068153 9.2306 -13.982849 -7.150272 -2.875051 13.77286 -8.40155 -3.218241 0.34766 -34.212067 0.771691 -0.963072 -17.733692 2.621059 -0.0 -0.0 -0.0 -17.346624 -20.095404 -4.20178 21.75779 -1.638361 3.866503 -1e-05 -6.338905 3e-06 -1.697671 -22.592148 -6.194116 -2e-06 -4e-06 -2e-06 -165.193115 -82.163734 2.657269 76.203354 -19.292759 -19.394156 30.166159 -0.491662 -0.208098 7.632458 20.236326 -2.538178 22.182156 -20.37598 49.933712 -16.70196 -16.743633 28.476839 2.6e-05 -12.690714 1.4e-05 15.164793 -17.72785 2.434245 -0.10592 -1.513871 -4.275914 -5.039089 -5.612944 -2.953585 -2.3e-05 -11.020674 -1.6e-05 -6.111398 -15.895647 -3.840554 2e-06 -0.0 0.0 -10.28343 -5.680357 -4.341866 11.028351 -11.302495 -2.372675 -1.384299 -14.238776 -6.320224 -0.625449 -26.924656 -3.827752 -4.936034 -49.266727 -3.49345 -13.708605 -7.363566 -3.720959 18.141253 -14.052835 -3.24273 -2.9e-05 -18.787508 -3.9e-05 -0.429736 -8.456175 2.555523 1e-06 -2e-06 -1e-06 -15.923657 -20.094692 -5.473616 30.419409 -7.190811 1.735926 -1.5e-05 -8.163019 -1.5e-05 -1.861932 -22.861858 -6.168112 -1e-06 -4e-06 -1e-06 159.903397 -11.95167 -14.759446 4.237064 -0.055561 -0.298534 -78.175613 -2.424211 -11.357673 -8.809756 1.945786 1.766376 -1.000001 1e-06 1e-06 29.42868 6.646511 -5.423245 5.852391 -0.01118 -0.038488 -87.593079 0.097928 -2.768753 -6.331062 0.42216 1.629228 -1.000011 -0.0 0.0 
0.0 0.0 0.0 0.0 -0.0 0.0 28.058601 93.357468 514.872864 82.861038 12.624541 86.14901 7.400718 7.015059 0.899992 -9.066839 1.571583 2.933285 27.99143 0.968149 2.09665 28.796297 -4.031343 1.945904 -2.606704 -0.99782 -1.80297 -41.749329 -5.593045 1.364742 6e-06 -0.0 -0.0 0.005076 0.005711 -0.122797 -0.161569 -0.090455 -0.128725 -0.085357 0.076654 -0.124216 -105.888695 -69.763428 132.443878 24.943285 -76.490692 28.809357 4.202709 -2.068015 0.026809 3.892964 -2.309949 -6.718292 17.63689 -26.323107 52.411816 -19.466913 -14.395771 29.410784 1.6e-05 -8.774981 -9e-06 16.880678 -18.228968 5.918668 -0.60979 -1.795675 -3.889369 -4.807177 -11.046976 -2.937885 -2.5e-05 -20.976412 5e-06 -5.020113 -25.034172 -4.031996 4e-06 1e-06 -4e-06 -10.634674 -5.687048 -3.565623 10.573413 -17.923206 -3.113931 -1.6e-05 -13.821466 6e-06 -0.501822 -31.182289 -4.02713 -12.964992 -61.4011 9.750553 -13.982893 -7.150295 -2.875071 13.772923 -8.401598 -3.218274 0.347687 -34.212265 0.771689 -0.963075 -17.733793 2.621082 -0.0 1e-06 -1e-06 -17.346678 -20.095478 -4.201812 21.757881 -1.638381 3.866508 -5e-06 -6.338939 2e-06 -1.697654 -22.592281 -6.194161 1e-06 -5e-06 -2e-06 -168.803146 -79.911621 5.662051 77.739319 -18.019073 -19.207499 32.050648 0.059537 0.033752 7.987104 20.531208 -0.628579 22.182344 -20.37619 49.934105 -16.702097 -16.743748 28.477068 1e-05 -12.690812 4e-06 14.871922 -17.531239 2.443102 -0.105923 -1.513877 -4.275943 -5.039118 -5.612971 -2.953612 -6e-06 -11.02074 -1.7e-05 -6.111421 -15.895741 -3.840599 -1e-06 -3e-06 1e-06 -10.283494 -5.680379 -4.341905 11.02844 -11.30257 -2.372685 -1.384294 -14.238872 -6.320276 -0.625425 -26.924875 -3.827767 -4.747091 -48.934132 -3.643219 -13.70869 -7.363596 -3.720994 18.141392 -14.052939 -3.242746 -3e-06 -18.78764 -2.6e-05 -0.429725 -8.456238 2.555556 -1e-06 0.0 0.0 -15.923746 -20.09479 -5.47367 30.419624 -7.190897 1.735942 -6e-06 -8.163075 -6e-06 -1.86192 -22.862032 -6.168137 -2e-06 -2e-06 0.0 159.782791 -12.183684 -15.01736 5.883622 -0.009286 -0.258052 -79.400993 -1.892097 -12.065564 -8.947888 1.912951 1.831251 -1.000006 -0.0 1e-06 33.721436 6.350342 -5.888314 7.390172 -0.108972 0.127631 -88.201271 -0.159112 -4.000051 -7.514779 0.424619 1.582679 -1.000004 0.0 0.0 
0.0 0.0 0.0 0.0 -0.0 0.0 28.970039 92.409393 521.644897 83.600319 12.617913 86.221077 6.756374 6.52668 0.742721 -9.385944 1.804156 3.195735 27.760504 0.634129 2.087156 28.624075 -3.643279 1.87561 -2.555118 -1.134227 -1.629514 -40.73708 -5.360891 1.219044 6e-06 -0.0 -0.0 -0.010726 -0.007112 -0.093367 -0.164036 -0.104857 -0.104913 -0.095419 0.068327 -0.089026 -105.910789 -69.055695 133.011734 21.422979 -76.48912 31.224319 3.056308 -2.033326 0.03287 1.337128 -2.521147 -3.428421 17.636868 -26.323256 52.411942 -19.466925 -14.395807 29.410849 3e-06 -8.774983 -3e-06 16.868496 -18.226376 6.318574 -0.609785 -1.795668 -3.889373 -4.807163 -11.046976 -2.937879 -1.2e-05 -20.976433 4.1e-05 -5.020113 -25.034182 -4.031939 8e-06 0.0 -3e-06 -10.634658 -5.687032 -3.565632 10.573423 -17.923229 -3.113922 -8e-06 -13.821482 2.7e-05 -0.501835 -31.182323 -4.027059 -13.090592 -62.050495 9.884618 -13.982874 -7.150275 -2.875076 13.772923 -8.401618 -3.218277 0.347687 -34.212307 0.771754 -0.96309 -17.733824 2.621122 -0.0 1e-06 2e-06 -17.346638 -20.095459 -4.201812 21.75787 -1.638401 3.866495 2e-06 -6.338947 1.4e-05 -1.697644 -22.592312 -6.194128 -1e-06 -1e-06 -2e-06 -170.849701 -79.796295 7.864999 77.365837 -18.413504 -18.205841 34.084064 0.535772 0.023363 8.452583 21.072998 -0.080277 22.182278 -20.37615 49.933971 -16.702061 -16.743757 28.476999 9e-06 -12.690806 1.4e-05 14.750055 -17.277727 2.572777 -0.105923 -1.51387 -4.275927 -5.039111 -5.612954 -2.953602 -8e-06 -11.020704 -9e-06 -6.11142 -15.895691 -3.840578 1e-06 1e-06 -0.0 -10.283478 -5.680362 -4.341883 11.028427 -11.302535 -2.372684 -1.384292 -14.238826 -6.320251 -0.62543 -26.924776 -3.827744 -4.75814 -48.960075 -3.376677 -13.708672 -7.36357 -3.720975 18.14138 -14.052901 -3.242748 -1e-05 -18.787588 -1.5e-05 -0.429731 -8.456215 2.555557 -0.0 -1e-06 0.0 -15.923727 -20.094728 -5.473641 30.4196 -7.190876 1.735924 -8e-06 -8.163058 -1e-06 -1.86194 -22.861961 -6.168107 -0.0 -2e-06 0.0 160.883163 -10.65416 -15.510091 10.511474 0.200768 -0.201874 -78.054825 0.458229 -10.198461 -9.84944 1.775857 2.093823 -1.000003 0.0 1e-06 35.768784 4.218169 -8.075879 12.063332 -0.096704 0.287561 -87.191544 0.819082 -5.830691 -11.489927 0.533615 1.554362 -1.000005 0.0 0.0 
0.0 0.0 0.0 0.0 -0.0 0.0 30.068338 92.475662 528.445251 86.204613 11.837168 86.55204 5.476929 4.800627 0.650389 -9.758264 1.811466 3.497224 27.840342 -0.118459 2.233781 27.525532 -3.213767 2.047023 -2.635316 -0.900984 -1.653728 -39.331436 -4.985636 1.054931 6e-06 0.0 0.0 -0.050346 0.0077 -0.1304 -0.089569 -0.118954 -0.115774 -0.034995 0.114526 -0.148998 -112.922768 -67.953194 139.805008 20.414621 -73.062431 31.521944 3.106081 -2.140701 0.033519 0.465572 -2.391969 -1.851104 17.636852 -26.323193 52.41177 -19.466896 -14.395744 29.410761 -0.0 -8.77495 -5e-06 16.730766 -17.749205 6.400737 -0.609784 -1.795669 -3.889363 -4.80714 -11.046968 -2.937877 -1.3e-05 -20.976431 4.4e-05 -5.020102 -25.03418 -4.031907 6e-06 2e-06 -1e-06 -10.63463 -5.687027 -3.565624 10.5734 -17.923231 -3.113914 -2e-06 -13.821485 2.6e-05 -0.501817 -31.182348 -4.027044 -12.903027 -62.631653 9.723437 -13.982842 -7.150269 -2.875073 13.772885 -8.401616 -3.218265 0.347698 -34.212307 0.771746 -0.963081 -17.733826 2.621116 0.0 1e-06 1e-06 -17.346586 -20.095436 -4.201804 21.757803 -1.638403 3.866486 2e-06 -6.33895 1.3e-05 -1.697621 -22.592319 -6.194119 -1e-06 -3e-06 -3e-06 -169.345886 -83.142197 7.375504 74.289421 -19.088921 -15.672755 35.973202 0.83135 0.474066 9.493517 22.785051 1.440661 22.182171 -20.376125 49.933853 -16.701996 -16.743725 28.476921 9e-06 -12.69075 2.6e-05 14.665822 -17.32427 2.690129 -0.10592 -1.513867 -4.275925 -5.039089 -5.612934 -2.953589 -4e-06 -11.020673 -7e-06 -6.111384 -15.895616 -3.840543 1e-06 -1e-06 -1e-06 -10.283442 -5.680345 -4.341869 11.028385 -11.302504 -2.372678 -1.384283 -14.238771 -6.320218 -0.625432 -26.924667 -3.827707 -4.535197 -49.115192 -3.361167 -13.708625 -7.363548 -3.720962 18.141312 -14.052855 -3.24274 -2.2e-05 -18.787518 -3e-06 -0.429737 -8.456183 2.555547 -1e-06 -2e-06 -2e-06 -15.923664 -20.094671 -5.47362 30.419483 -7.190845 1.735896 -1.2e-05 -8.16303 1e-06 -1.86194 -22.861862 -6.16806 1e-06 -6e-06 -2e-06 159.472839 -7.495621 -15.080245 17.158192 0.16049 -0.210377 -67.797813 0.978701 -4.28651 -9.338322 1.456207 2.18889 -0.999999 1e-06 0.0 34.516087 -0.076206 -12.135371 20.033058 -0.369373 0.542853 -83.301613 3.322209 -6.639128 -19.167271 0.737635 1.481583 -1.00001 2e-06 0.0 
0.0 0.0 0.0 0.0 -0.0 0.0 31.168907 92.565086 535.233215 88.434593 11.854427 87.283142 4.970164 3.885144 0.588039 -9.982876 1.594108 3.649219 27.65259 -1.194907 2.444331 26.70941 -2.676459 1.988593 -2.610695 -0.676756 -1.828087 -38.746418 -4.575116 1.093322 6e-06 0.0 0.0 -0.067759 0.01288 -0.148371 0.021017 -0.095854 -0.101464 0.059968 0.103377 -0.199503 -114.306511 -68.16481 141.192108 26.526844 -70.386116 26.001081 4.508424 -1.680989 0.012462 0.576955 -1.606622 -1.061185 17.636648 -26.322773 52.41148 -19.466806 -14.395689 29.410631 1e-05 -8.774897 4e-06 16.357475 -17.684822 6.839939 -0.609779 -1.795664 -3.889347 -4.807132 -11.046872 -2.937881 -4e-06 -20.976156 -3.9e-05 -5.02 -25.033817 -4.031998 1e-05 1e-06 -1e-06 -10.634588 -5.687009 -3.565606 10.573332 -17.923019 -3.113952 -5e-06 -13.821291 -2.2e-05 -0.501739 -31.181818 -4.027152 -13.20966 -63.005463 9.663301 -13.982786 -7.150245 -2.875054 13.772817 -8.401515 -3.218283 0.347741 -34.211796 0.771594 -0.963033 -17.733538 2.62102 -1e-06 1e-06 1e-06 -17.346523 -20.095322 -4.201807 21.757706 -1.638361 3.866447 -2e-06 -6.33886 -8e-06 -1.697595 -22.591967 -6.194144 1e-06 -1e-06 -3e-06 -168.07634 -84.852005 7.185522 71.545799 -22.692429 -14.84061 36.965633 1.083374 0.76732 11.229625 25.266884 2.825703 22.182306 -20.376013 49.933598 -16.701982 -16.743584 28.476751 3e-06 -12.690713 -2e-05 14.825275 -17.339294 2.666424 -0.105922 -1.513871 -4.275904 -5.039082 -5.612938 -2.953583 1e-06 -11.02069 -8e-06 -6.111363 -15.895652 -3.840541 -0.0 0.0 1e-06 -10.283436 -5.680339 -4.341866 11.02837 -11.302534 -2.372646 -1.384285 -14.238795 -6.320205 -0.62543 -26.924728 -3.827701 -4.692806 -49.241158 -3.31408 -13.708608 -7.363542 -3.720969 18.141275 -14.052901 -3.242693 2e-05 -18.787561 -2.8e-05 -0.429705 -8.456203 2.555534 -2e-06 0.0 0.0 -15.923638 -20.094673 -5.47362 30.419403 -7.190899 1.735964 6e-06 -8.163038 -1.4e-05 -1.861864 -22.861908 -6.168097 -1e-06 -3e-06 -1e-06 157.967422 -5.235092 -14.502882 26.711279 0.103542 -0.28144 -65.18103 0.531089 -1.129344 -6.88619 1.349914 2.178311 -1.0 0.0 -0.0 31.56809 -3.960054 -14.360356 31.421858 -0.915373 0.799441 -76.034584 4.531236 -6.400451 -25.244101 0.895545 1.410946 -1.000009 -1e-06 -0.0 
0.0 0.0 0.0 0.0 -0.0 0.0 32.147419 92.715714 540.992188 90.104813 12.317472 88.00705 4.764444 3.16829 0.451725 -10.0881 1.46455 3.709229 27.263029 -2.006659 2.696891 26.710682 -2.328104 1.805383 -2.648425 -0.634893 -1.630836 -38.326298 -4.340002 0.630186 6e-06 0.0 1e-06 -0.035253 0.019216 -0.116135 0.123014 -0.07151 -0.050606 0.151433 0.091246 -0.188318 -112.583298 -69.180443 139.458954 34.272018 -67.978668 18.493832 8.076533 -0.121995 -0.018001 1.692833 -0.354959 -2.442586 17.636879 -26.322996 52.411648 -19.466831 -14.395744 29.410671 3.1e-05 -8.774976 -1.5e-05 16.70281 -17.985199 6.95966 -0.609789 -1.79567 -3.889359 -4.807196 -11.04696 -2.937871 -6.5e-05 -20.976358 1.2e-05 -5.020156 -25.034103 -4.032006 4e-06 1e-06 -0.0 -10.634672 -5.687049 -3.565609 10.57337 -17.923147 -3.113914 -3.9e-05 -13.821424 -1e-06 -0.50187 -31.18219 -4.02715 -13.22086 -63.177456 9.021102 -13.982896 -7.1503 -2.875057 13.772901 -8.401555 -3.218257 0.347632 -34.212147 0.771679 -0.963086 -17.733723 2.621047 -1e-06 -1e-06 2e-06 -17.346699 -20.095463 -4.201785 21.757874 -1.638346 3.866515 -1.8e-05 -6.338924 3e-06 -1.697702 -22.592218 -6.19416 -0.0 -6e-06 -1e-06 -170.134552 -85.50547 9.677682 69.633484 -28.102217 -12.455137 35.885468 1.25142 0.773977 12.403038 26.26823 2.436381 22.182283 -20.376028 49.93391 -16.702108 -16.743713 28.476995 1.2e-05 -12.69081 8e-06 15.233303 -17.544645 2.536788 -0.105922 -1.51388 -4.275929 -5.039113 -5.612975 -2.953604 -7e-06 -11.020728 -3.1e-05 -6.111415 -15.895741 -3.8406 2e-06 -1e-06 1e-06 -10.28348 -5.680381 -4.341884 11.028425 -11.302554 -2.372699 -1.384292 -14.238866 -6.32028 -0.625393 -26.924856 -3.827816 -4.689469 -49.676559 -3.283018 -13.70867 -7.363595 -3.720978 18.141375 -14.052918 -3.242764 6e-06 -18.787609 -6.4e-05 -0.429714 -8.456222 2.555532 0.0 1e-06 1e-06 -15.923733 -20.09478 -5.473652 30.419607 -7.190881 1.735932 -2e-06 -8.163064 -2.4e-05 -1.861891 -22.862005 -6.168184 -2e-06 -3e-06 -1e-06 158.692322 -3.590322 -14.721848 34.163563 0.194139 -0.290181 -69.673241 0.221207 0.492861 -5.50069 1.267709 2.124013 -1.000005 0.0 -0.0 27.007868 -6.785627 -13.347095 43.943218 -1.315461 0.915834 -69.411591 4.016256 -6.303716 -18.825903 0.782885 1.385623 -1.000009 -0.0 1e-06 
0.0 0.0 0.0 0.0 -0.0 0.0 32.951061 93.484894 546.257812 91.297005 12.743386 88.640045 4.371453 2.607739 0.341547 -10.233015 1.401846 3.658328 27.071117 -2.497184 2.927598 27.123274 -2.232806 1.553536 -2.606014 -0.686411 -1.676805 -38.412186 -4.042196 0.230257 6e-06 0.0 -1e-06 0.013758 0.015195 -0.12562 0.224919 -0.072492 -0.051963 0.248735 0.084083 -0.206599 -111.529358 -69.845482 137.842575 40.007053 -65.412727 11.238234 11.422343 1.128004 -0.091013 1.945613 0.843041 -2.355209 17.636934 -26.323046 52.411686 -19.466961 -14.395771 29.410748 5e-06 -8.774992 -1.8e-05 17.138311 -18.226604 6.940814 -0.609785 -1.795677 -3.889361 -4.807176 -11.04699 -2.937885 -0.0 -20.976454 1e-06 -5.020097 -25.034214 -4.031982 6e-06 1e-06 1e-06 -10.634676 -5.687047 -3.565615 10.57344 -17.923244 -3.113944 3e-06 -13.821495 -4e-06 -0.501777 -31.182375 -4.027142 -13.182238 -63.333981 8.561561 -13.982902 -7.150294 -2.875061 13.772945 -8.401621 -3.218274 0.347743 -34.212341 0.771661 -0.963044 -17.733839 2.621084 -0.0 -2e-06 1e-06 -17.346678 -20.09549 -4.201801 21.757906 -1.638401 3.866509 2e-06 -6.338949 -3e-06 -1.697624 -22.592335 -6.194171 -1e-06 -6e-06 -2e-06 -175.074188 -86.535591 14.906659 66.926567 -32.697037 -9.989565 34.764782 1.724712 0.563903 11.210776 26.965673 0.005782 22.182299 -20.376099 49.934006 -16.702057 -16.743689 28.477009 2.6e-05 -12.69079 -2e-06 15.6674 -17.703505 2.492018 -0.105926 -1.513879 -4.275933 -5.039118 -5.612974 -2.953614 -2.2e-05 -11.020733 -2.4e-05 -6.111434 -15.895753 -3.840611 1e-06 0.0 0.0 -10.283481 -5.680384 -4.341898 11.028402 -11.302547 -2.37268 -1.384308 -14.238865 -6.320281 -0.625448 -26.924856 -3.827807 -4.612552 -50.121006 -3.327418 -13.708669 -7.363601 -3.720991 18.14134 -14.052911 -3.242741 -2.2e-05 -18.787622 -4.9e-05 -0.429734 -8.456232 2.555543 -1e-06 -0.0 0.0 -15.923733 -20.09479 -5.473665 30.419548 -7.190856 1.735961 -1.3e-05 -8.163068 -1.5e-05 -1.861927 -22.86202 -6.168176 -2e-06 -2e-06 -0.0 161.924088 -1.827418 -15.038773 35.994728 0.198616 -0.336741 -71.730034 -0.697465 2.23844 -4.080142 1.224924 2.091669 -1.0 1e-06 0.0 23.216177 -9.058712 -13.194089 54.554966 -1.575582 0.910978 -62.727119 2.307368 -6.373725 -12.201102 0.627998 1.335254 -1.000009 0.0 1e-06 
0.0 0.0 0.0 0.0 -0.0 0.0 33.450871 94.608528 550.53125 92.177078 12.42919 90.700775 3.505413 2.03323 -0.043974 -10.527473 1.40683 3.546776 26.247805 -2.314518 2.79914 28.007103 -2.178356 1.668257 -2.725902 -0.726602 -1.933299 -37.459869 -4.239619 -0.212818 6e-06 -0.0 -1e-06 0.016104 0.051779 0.07137 0.164797 -0.031226 0.12997 0.151867 0.117339 0.011292 -111.839127 -70.947868 136.864975 46.383461 -62.709839 1.689823 16.190067 1.082687 -0.431758 1.049367 3.864568 -6.200236 17.6367 -26.322912 52.411472 -19.46681 -14.395684 29.410618 -4e-06 -8.774893 3e-06 16.650322 -18.794344 6.977554 -0.609778 -1.795664 -3.889345 -4.807114 -11.046891 -2.937869 1.1e-05 -20.976244 2e-06 -5.020011 -25.033916 -4.031922 7e-06 1e-06 0.0 -10.634579 -5.686999 -3.565602 10.573347 -17.923092 -3.113929 6e-06 -13.821358 4e-06 -0.501763 -31.181993 -4.027064 -12.569185 -62.686569 7.246103 -13.982774 -7.150233 -2.875053 13.772816 -8.401558 -3.218269 0.34774 -34.211964 0.771674 -0.963048 -17.733637 2.62107 -0.0 1e-06 -1e-06 -17.346495 -20.095324 -4.201793 21.757683 -1.638389 3.866446 3e-06 -6.33889 2e-06 -1.697585 -22.592068 -6.194091 -0.0 -4e-06 -2e-06 138.988632 -87.969337 61.106495 63.603817 -38.560482 -8.190314 33.504532 3.05521 0.985097 7.508726 29.640026 -6.918928 22.182146 -20.375996 49.933647 -16.701914 -16.743582 28.476759 1e-06 -12.690666 6e-06 15.460413 -17.568075 2.794816 -0.105923 -1.513864 -4.275902 -5.039063 -5.612909 -2.953586 -1e-06 -11.020617 -1.1e-05 -6.11133 -15.895531 -3.840543 -3e-06 -2e-06 2e-06 -10.283401 -5.680319 -4.341867 11.028333 -11.302464 -2.372654 -1.384269 -14.238707 -6.320199 -0.625411 -26.924522 -3.827699 -4.496016 -50.686882 -3.080292 -13.708562 -7.363514 -3.720963 18.141214 -14.052812 -3.242707 4e-06 -18.787432 -1.5e-05 -0.429721 -8.456143 2.555531 -1e-06 -1e-06 1e-06 -15.923582 -20.094582 -5.473626 30.419321 -7.190841 1.735923 -2e-06 -8.162986 -4e-06 -1.861899 -22.861744 -6.168042 1e-06 -1e-06 -0.0 165.107956 0.57911 -12.536803 34.392731 0.152812 -0.40596 -73.898956 -1.338345 2.632934 -3.246098 1.24674 2.081916 -1.000006 0.0 0.0 21.344383 -9.543784 -13.540427 58.488312 -1.477998 0.818063 -63.965221 0.679999 -7.560252 -7.815814 0.648229 1.420132 -1.000001 0.0 0.0 
0.0 0.0 0.0 0.0 -0.0 0.0 33.95536 96.095474 554.269531 92.756432 11.537669 93.736427 2.396087 1.487447 -0.358363 -10.934845 1.186385 2.909634 25.415833 -1.786596 2.015516 28.946831 -1.799313 2.043986 -2.838618 -0.930496 -1.872686 -36.306 -4.877667 -0.390186 6e-06 0.0 -0.0 0.009228 0.067222 0.16392 0.08917 0.01376 0.215423 0.044785 0.106453 0.113022 -111.361496 -72.58783 134.834549 50.910709 -60.159672 -5.503344 21.911551 0.838742 -0.627271 -0.149154 6.862052 -7.261155 17.636782 -26.322847 52.411335 -19.46678 -14.395729 29.410532 1.5e-05 -8.774931 -6e-06 16.305906 -18.721243 6.85688 -0.60978 -1.795663 -3.88934 -4.807154 -11.046898 -2.937856 -2.6e-05 -20.976221 1.1e-05 -5.020088 -25.033901 -4.031947 5e-06 -3e-06 0.0 -10.634624 -5.687014 -3.565585 10.573359 -17.923069 -3.113913 -1.7e-05 -13.821342 4e-06 -0.501833 -31.181948 -4.027082 -12.196211 -62.117012 7.075243 -13.982835 -7.150253 -2.875031 13.772861 -8.401534 -3.218259 0.347686 -34.211933 0.771678 -0.963062 -17.733612 2.621055 0.0 -2e-06 0.0 -17.346601 -20.09535 -4.201756 21.75779 -1.638364 3.866465 -7e-06 -6.338882 1e-06 -1.69766 -22.592037 -6.194092 -0.0 -7e-06 -2e-06 99.60379 -86.929352 100.510239 60.405437 -45.531792 -10.220678 34.261269 3.348051 1.143556 3.728689 33.905663 -14.1172 22.182213 -20.375946 49.933636 -16.701984 -16.74369 28.476807 3.9e-05 -12.690779 2e-06 15.522243 -17.636528 2.944938 -0.10592 -1.513872 -4.275909 -5.039107 -5.612954 -2.953581 -3e-05 -11.020694 -1.6e-05 -6.111453 -15.895701 -3.840553 -2e-06 1e-06 0.0 -10.283458 -5.680364 -4.341855 11.028385 -11.302505 -2.372673 -1.384325 -14.238815 -6.320226 -0.625486 -26.924755 -3.827759 -4.420006 -51.245594 -2.772698 -13.708645 -7.363576 -3.720943 18.141312 -14.052851 -3.24273 -3.5e-05 -18.787556 -4.8e-05 -0.429735 -8.456203 2.555518 2e-06 0.0 1e-06 -15.923717 -20.094717 -5.473596 30.419529 -7.190817 1.735944 -1.7e-05 -8.163036 -2.2e-05 -1.861956 -22.86194 -6.168153 -2e-06 -3e-06 -1e-06 168.794556 2.562489 -10.097097 29.944359 0.166953 -0.30856 -73.445732 -0.285356 2.697301 -2.853129 1.200852 2.062353 -1.000003 0.0 0.0 20.589472 -8.370955 -13.461576 56.375538 -1.402813 0.888095 -67.461777 2.572203 -9.701347 -7.800143 0.644952 1.371426 -1.000007 -1e-06 -1e-06 
0.0 0.0 0.0 0.0 -0.0 0.0 34.45953 97.757256 557.157349 92.788284 10.525084 96.851349 1.409477 1.134852 -0.609035 -11.310962 0.892682 2.014231 24.456137 -0.885134 1.053284 30.112803 -1.328088 2.439831 -2.885478 -1.120743 -1.716918 -35.150246 -5.750204 -0.341292 6e-06 -0.0 -0.0 0.01616 0.066028 0.19123 0.054957 0.03948 0.246781 0.002557 0.080242 0.134528 -108.405136 -75.071938 130.447678 54.439632 -58.681633 -12.98596 28.765898 0.599058 -0.732855 -0.973366 9.387902 -6.688453 17.636852 -26.322863 52.411491 -19.466974 -14.395762 29.410683 5e-06 -8.774978 -9e-06 16.135178 -18.542158 6.843324 -0.60978 -1.795678 -3.889357 -4.807166 -11.046969 -2.937886 1.2e-05 -20.976376 -4.4e-05 -5.020049 -25.034098 -4.032016 6e-06 4e-06 -2e-06 -10.634667 -5.687047 -3.565601 10.573434 -17.923199 -3.113971 7e-06 -13.821437 -2.9e-05 -0.501729 -31.182211 -4.027183 -12.389577 -61.717796 7.483033 -13.98289 -7.150292 -2.875044 13.772933 -8.401601 -3.218293 0.347783 -34.212196 0.771568 -0.963003 -17.733744 2.621025 -1e-06 0.0 1e-06 -17.346668 -20.095478 -4.201788 21.757887 -1.638385 3.866478 3e-06 -6.338928 -1.7e-05 -1.6976 -22.592245 -6.194198 0.0 -2e-06 -1e-06 102.459335 -85.366966 96.906319 57.738792 -53.298656 -13.250156 38.19619 3.124469 1.037161 2.756668 37.710606 -17.941496 22.18227 -20.376028 49.93396 -16.702131 -16.743811 28.477051 3.3e-05 -12.690868 1.8e-05 15.597162 -18.013187 2.97862 -0.105917 -1.513881 -4.275938 -5.039135 -5.612985 -2.953603 -2.8e-05 -11.020743 -2.9e-05 -6.111484 -15.895782 -3.840603 -3e-06 -1e-06 1e-06 -10.283512 -5.680398 -4.341875 11.028453 -11.302552 -2.372713 -1.384325 -14.238889 -6.320287 -0.625451 -26.9249 -3.827831 -4.395861 -51.553871 -2.833959 -13.70872 -7.363617 -3.720961 18.141434 -14.052906 -3.242786 -3.1e-05 -18.787638 -6.5e-05 -0.429736 -8.456236 2.555527 -3e-06 2e-06 0.0 -15.923809 -20.09482 -5.473631 30.419727 -7.19084 1.735926 -1.8e-05 -8.163069 -2.6e-05 -1.861957 -22.862055 -6.168215 -2e-06 2e-06 -1e-06 173.233444 3.588533 -8.51135 22.69146 0.213408 -0.099797 -70.904182 1.824544 2.394789 -2.949793 1.126528 2.020288 -1.000005 1e-06 -0.0 20.761482 -6.502683 -12.598547 48.816376 -1.339458 1.07665 -71.047981 4.993876 -12.571384 -8.67428 0.609549 1.379033 -1.000004 -0.0 1e-06 
0.0 0.0 0.0 0.0 -0.0 0.0 35.047569 99.227219 559.55304 92.447838 9.558117 99.314964 0.649614 0.962581 -0.749562 -11.593984 0.619779 1.100654 23.654617 0.351143 0.274404 30.991482 -1.134532 2.610238 -2.899856 -1.086958 -1.615462 -34.305298 -6.648598 -0.076151 6e-06 -1e-06 1e-06 0.019039 0.066202 0.171999 0.024623 0.042251 0.231317 -0.020647 0.078019 0.109593 -102.875427 -77.485916 123.607407 57.307178 -57.861134 -19.994854 36.38332 0.312607 -0.644504 -0.649915 12.033374 -6.588392 17.636755 -26.322893 52.411488 -19.466858 -14.395703 29.410635 6e-06 -8.774926 -5e-06 15.954178 -18.596617 6.96727 -0.609783 -1.795667 -3.889348 -4.80714 -11.04692 -2.937875 -5e-06 -20.976288 -1.1e-05 -5.020041 -25.034006 -4.031973 6e-06 4e-06 0.0 -10.634617 -5.687018 -3.565602 10.573369 -17.923124 -3.113939 1e-06 -13.821386 -1.2e-05 -0.501766 -31.182093 -4.027126 -12.528462 -61.333958 7.663298 -13.982816 -7.150257 -2.875051 13.772858 -8.401564 -3.218272 0.34773 -34.212055 0.771641 -0.963041 -17.733686 2.621052 -2e-06 2e-06 0.0 -17.346565 -20.095379 -4.201793 21.757763 -1.638378 3.866466 2e-06 -6.338905 -5e-06 -1.697607 -22.592157 -6.194145 -1e-06 -6e-06 -2e-06 106.792618 -83.958466 91.51786 55.830883 -58.360825 -15.679008 45.67448 2.504576 0.786392 5.066392 39.413498 -15.580821 22.182318 -20.376087 49.933723 -16.702005 -16.7437 28.476847 1e-06 -12.690785 -8e-06 15.379573 -18.317905 2.990266 -0.105925 -1.51387 -4.275916 -5.039098 -5.612934 -2.953588 3e-06 -11.020691 1e-06 -6.111407 -15.895654 -3.840548 -0.0 1e-06 0.0 -10.283462 -5.68034 -4.341871 11.028415 -11.302528 -2.372654 -1.384291 -14.238793 -6.320217 -0.625442 -26.924734 -3.827683 -4.299244 -51.507038 -2.953363 -13.708646 -7.363545 -3.720968 18.141354 -14.052893 -3.242706 3e-06 -18.787563 4e-06 -0.429717 -8.45621 2.555559 -0.0 -2e-06 2e-06 -15.923688 -20.094666 -5.473624 30.419546 -7.190903 1.735961 2e-06 -8.163052 1e-06 -1.861922 -22.861933 -6.168067 -0.0 -3e-06 -1e-06 178.339798 4.109761 -7.220891 13.514999 0.257233 0.08756 -67.472954 3.851281 2.292142 -3.211881 1.050049 1.978465 -1.000002 -0.0 0.0 20.79862 -5.199853 -11.506637 39.092812 -1.170263 1.110796 -74.81414 4.683264 -14.610885 -9.316932 0.61505 1.462949 -1.000009 1e-06 1e-06 
0.0 0.0 0.0 0.0 -0.0 0.0 35.671753 100.291695 561.525452 92.130753 8.65689 101.077408 0.180568 0.870112 -0.792019 -11.766192 0.421345 0.278189 23.163034 1.654401 -0.141089 31.331293 -1.143321 2.517295 -2.914321 -0.969148 -1.717622 -34.269421 -7.519063 0.282333 6e-06 0.0 2e-06 0.008689 0.063699 0.104989 -0.016584 0.037325 0.165391 -0.048773 0.077162 0.042415 -93.200371 -79.352043 112.696632 59.225433 -57.274597 -25.217901 44.452461 -0.042411 -0.390541 0.405544 14.755939 -6.312171 17.636766 -26.322954 52.411907 -19.467079 -14.395785 29.410955 6e-06 -8.775001 6e-06 15.796129 -18.61404 7.02872 -0.609783 -1.795685 -3.88938 -4.80718 -11.047012 -2.937924 9e-06 -20.976477 -8.3e-05 -5.020039 -25.034286 -4.032102 7e-06 0.0 -1e-06 -10.634671 -5.687068 -3.565631 10.573449 -17.923244 -3.114018 5e-06 -13.821496 -4.9e-05 -0.501679 -31.182419 -4.027292 -12.231365 -60.721394 7.326586 -13.982897 -7.150319 -2.875077 13.772949 -8.40162 -3.218329 0.347792 -34.212345 0.771522 -0.963012 -17.733833 2.62102 -4e-06 2e-06 -3e-06 -17.34667 -20.095537 -4.201848 21.757914 -1.638376 3.86648 -1e-06 -6.338951 -2e-05 -1.69758 -22.592373 -6.194292 0.0 -7e-06 -3e-06 110.814606 -82.846756 86.367538 55.467712 -59.504936 -19.275915 55.849701 1.526573 0.387271 8.86771 39.525219 -8.566614 22.182352 -20.376108 49.933968 -16.702076 -16.743811 28.476995 1.6e-05 -12.690857 5e-06 15.048813 -18.33547 2.956931 -0.105921 -1.513873 -4.275935 -5.039131 -5.612956 -2.9536 -1.3e-05 -11.020705 -1.5e-05 -6.111463 -15.895688 -3.840594 -2e-06 1e-06 -0.0 -10.283511 -5.68037 -4.341884 11.028464 -11.302533 -2.372686 -1.384311 -14.238826 -6.320263 -0.625437 -26.924784 -3.82776 -4.345716 -51.292294 -2.778093 -13.708714 -7.363583 -3.720973 18.141438 -14.052887 -3.242747 -1.5e-05 -18.787573 -2.5e-05 -0.429731 -8.456203 2.555552 -0.0 -1e-06 0.0 -15.923789 -20.094744 -5.473644 30.41972 -7.190877 1.735952 -9e-06 -8.163054 -4e-06 -1.861966 -22.861944 -6.168131 -0.0 -6e-06 -1e-06 174.716232 3.037915 -6.336319 23.664824 0.353458 0.246461 -74.805031 5.402301 2.281716 -3.346222 1.007096 1.944222 -1.000003 0.0 0.0 19.746473 -5.028238 -10.858066 30.667843 -0.95652 0.933942 -78.132851 2.096116 -14.583537 -9.406342 0.685085 1.548435 -1.000005 1e-06 0.0 
0.0 0.0 0.0 0.0 -0.0 0.0 36.313427 100.885788 563.110657 91.991325 7.91434 102.324089 0.043122 0.866626 -0.76462 -11.814922 0.366162 -0.25965 22.858843 2.967672 -0.291368 31.585312 -1.31563 2.386426 -2.907676 -0.89609 -2.3256 -34.90818 -8.381433 0.705971 6e-06 -0.0 1e-06 0.004702 0.05357 0.020852 -0.032947 0.030518 0.086132 -0.049617 0.062707 -0.044349 -79.994438 -80.123604 98.240425 58.998684 -56.94212 -27.474621 52.688454 -0.316882 0.055351 1.29042 16.960609 -5.52342 17.636723 -26.322903 52.411572 -19.466837 -14.395708 29.410654 1e-06 -8.774915 -2e-06 15.64303 -18.345867 6.979779 -0.60978 -1.795666 -3.889354 -4.80713 -11.046899 -2.937878 4e-06 -20.976236 -1e-05 -5.020027 -25.033909 -4.031956 7e-06 -2e-06 -2e-06 -10.634609 -5.687012 -3.565607 10.573362 -17.92309 -3.11394 2e-06 -13.821352 -4e-06 -0.501767 -31.181978 -4.027095 -11.753582 -59.988495 6.799647 -13.982809 -7.150248 -2.875058 13.772842 -8.401552 -3.218272 0.347736 -34.211948 0.771656 -0.963049 -17.73362 2.62106 3e-06 -0.0 1e-06 -17.346544 -20.09535 -4.20181 21.757748 -1.638383 3.866461 3e-06 -6.338887 1e-06 -1.6976 -22.592062 -6.194111 3e-06 -4e-06 -3e-06 117.667465 -82.359024 78.088432 56.585934 -57.112373 -26.28573 66.590279 0.151314 0.120517 13.486391 38.753525 0.867341 22.182306 -20.376089 49.933743 -16.701946 -16.743662 28.476797 -2e-06 -12.690731 -8e-06 14.961804 -18.087265 2.753419 -0.105923 -1.513864 -4.275913 -5.039089 -5.612917 -2.953586 5e-06 -11.020638 -2e-06 -6.111366 -15.895556 -3.840544 0.0 -2e-06 -0.0 -10.283449 -5.680327 -4.341873 11.028383 -11.302485 -2.372645 -1.384282 -14.238722 -6.3202 -0.625427 -26.924562 -3.827668 -4.516739 -50.982323 -2.534701 -13.708628 -7.363529 -3.720972 18.1413 -14.052843 -3.242693 3e-06 -18.787464 5e-06 -0.42972 -8.456155 2.55555 -1e-06 1e-06 -1e-06 -15.923664 -20.094622 -5.473632 30.419456 -7.19088 1.735959 1e-06 -8.16301 4e-06 -1.861915 -22.861784 -6.168032 1e-06 -8e-06 -2e-06 176.349411 3.419358 -5.106635 20.793037 0.34946 0.275922 -74.309029 5.925852 2.930078 -3.344374 0.976212 1.917969 -1.000003 1e-06 0.0 17.393667 -5.868235 -11.005486 25.201693 -0.795275 0.753069 -80.460976 0.73298 -13.860063 -9.338291 0.808978 1.609487 -1.000005 0.0 0.0 
0.0 0.0 0.0 0.0 -0.0 0.0 36.907639 101.099396 564.490967 92.011017 7.39606 103.152351 0.067737 1.003634 -0.729282 -11.741885 0.482858 -0.377219 22.644726 4.272421 -0.256421 32.113091 -1.726333 2.32217 -2.910304 -0.845285 -3.392741 -35.56179 -9.249945 0.920487 6e-06 -1e-06 1e-06 0.02266 0.042191 -0.047785 -0.0244 0.018799 0.019778 -0.020932 0.050251 -0.113406 -70.261749 -79.701912 87.352425 55.521641 -56.676579 -25.697912 60.475075 -0.329752 0.595233 1.513338 17.967554 -4.964688 17.636755 -26.322969 52.411716 -19.46686 -14.395723 29.410744 1e-05 -8.77494 -5e-06 15.464785 -17.961472 6.894525 -0.609783 -1.795668 -3.889362 -4.807152 -11.046927 -2.93789 -7e-06 -20.976299 -1.5e-05 -5.020051 -25.034012 -4.031996 1e-05 0.0 -1e-06 -10.634624 -5.687027 -3.56562 10.57337 -17.923124 -3.113943 -8e-06 -13.821391 -4e-06 -0.501777 -31.182093 -4.027135 -11.242805 -59.458736 6.379582 -13.982836 -7.150269 -2.875069 13.772865 -8.401563 -3.218277 0.347712 -34.212063 0.771657 -0.963062 -17.733683 2.621063 2e-06 1e-06 0.0 -17.346584 -20.095404 -4.201823 21.757782 -1.638371 3.866479 -5e-06 -6.338905 -1e-06 -1.697623 -22.59215 -6.194156 -2e-06 -4e-06 -2e-06 125.745941 -82.600792 68.286331 58.284492 -51.443798 -35.818199 75.578728 -0.950488 0.250255 17.258425 37.141838 9.972041 22.182251 -20.37606 49.933674 -16.701948 -16.743694 28.476797 1.1e-05 -12.69075 6e-06 15.318885 -17.731968 2.451476 -0.105922 -1.513865 -4.275913 -5.039094 -5.612928 -2.953578 -7e-06 -11.020666 2e-06 -6.111404 -15.895609 -3.840528 -0.0 1e-06 0.0 -10.283447 -5.680335 -4.341863 11.028385 -11.302492 -2.372654 -1.384299 -14.238751 -6.320198 -0.625464 -26.924625 -3.827679 -4.436545 -50.569012 -2.629272 -13.708629 -7.363538 -3.720955 18.141308 -14.052845 -3.242708 -1.8e-05 -18.787508 -1e-06 -0.429731 -8.456182 2.555544 -1e-06 2e-06 0.0 -15.923677 -20.094639 -5.473604 30.419498 -7.190853 1.735941 -8e-06 -8.163026 -0.0 -1.861948 -22.861851 -6.168053 -0.0 -3e-06 -1e-06 177.14769 3.846965 -3.9074 19.753963 0.332979 0.223275 -74.534676 5.77723 3.408315 -3.337324 0.976755 1.915302 -1.000004 -0.0 -0.0 14.375815 -7.207486 -12.060038 22.710304 -0.660159 0.691287 -81.499245 0.572524 -13.14186 -9.301149 0.868246 1.631473 -1.000004 -0.0 -0.0 
0.0 0.0 0.0 0.0 -0.0 0.0 37.364906 101.087761 565.863281 92.09111 7.178365 103.85511 0.050247 1.31738 -0.684332 -11.650213 0.699833 -0.2987 22.565018 5.516969 -0.032116 33.038395 -2.288862 2.324825 -2.943345 -0.76035 -4.701978 -35.666454 -10.131074 0.74936 6e-06 0.0 -1e-06 0.03183 0.037127 -0.104802 -0.01635 0.007823 -0.035885 0.009485 0.049406 -0.171316 -67.388512 -78.719063 83.702835 49.487961 -56.112148 -20.536053 66.417099 -0.137886 1.011861 1.232157 17.702253 -4.800391 17.6367 -26.322927 52.411678 -19.466951 -14.395799 29.410774 9e-06 -8.774969 1e-05 15.301897 -17.714748 6.853966 -0.609779 -1.795675 -3.889365 -4.807162 -11.046954 -2.937883 -1.2e-05 -20.976339 -2.7e-05 -5.020073 -25.034058 -4.031993 5e-06 -1e-06 -1e-06 -10.634645 -5.687045 -3.565606 10.573407 -17.923159 -3.113978 -4e-06 -13.821417 -1.9e-05 -0.501776 -31.182159 -4.027155 -10.899786 -59.38303 6.278333 -13.982861 -7.150288 -2.875045 13.772906 -8.401576 -3.218312 0.347726 -34.212132 0.771615 -0.963045 -17.733719 2.621041 -0.0 1e-06 -1e-06 -17.346628 -20.095453 -4.201795 21.757851 -1.638365 3.866447 -6e-06 -6.338919 -9e-06 -1.697624 -22.592205 -6.194164 -2e-06 -3e-06 -2e-06 133.835724 -83.38781 58.445473 59.323727 -43.561367 -44.815418 82.264046 -1.261604 0.402884 19.251745 34.821243 17.355478 22.182425 -20.376223 49.933968 -16.701931 -16.743755 28.476889 3.6e-05 -12.690818 -1.5e-05 15.732038 -17.454544 2.330409 -0.105928 -1.513865 -4.275924 -5.039132 -5.612943 -2.953595 -2.4e-05 -11.020683 1.6e-05 -6.111472 -15.895641 -3.840559 1e-06 -2e-06 0.0 -10.283503 -5.680357 -4.341887 11.02842 -11.302506 -2.372633 -1.38434 -14.238782 -6.320219 -0.625538 -26.924688 -3.827665 -4.184381 -50.207287 -2.866773 -13.708704 -7.36357 -3.720982 18.141369 -14.052862 -3.242673 -5.4e-05 -18.787558 2.9e-05 -0.42975 -8.45621 2.555577 1e-06 1e-06 -0.0 -15.923785 -20.094711 -5.47363 30.419628 -7.190858 1.736011 -2.3e-05 -8.163054 1.8e-05 -1.862013 -22.86194 -6.168065 -1e-06 -6e-06 1e-06 177.524963 4.139561 -2.750612 20.040472 0.322598 0.131061 -75.346725 5.444995 3.595702 -3.452108 1.016093 1.93849 -1.000003 0.0 0.0 11.911292 -8.401053 -13.26324 21.544079 -0.531875 0.69084 -81.340195 0.545303 -12.348034 -9.326854 0.830109 1.626891 -1.000003 -0.0 0.0 
0.0 0.0 0.0 0.0 -0.0 0.0 37.617119 100.893906 567.232544 92.222214 7.228885 104.767616 -0.15256 1.724822 -0.613216 -11.626939 0.947287 -0.282912 22.596071 6.666757 0.394873 34.405373 -2.677447 2.191075 -3.002486 -0.680222 -5.98596 -35.192963 -11.033779 0.244679 6e-06 1e-06 -1e-06 0.02017 0.045859 -0.112051 -0.033672 0.008595 -0.043072 0.013281 0.064397 -0.179427 -69.252869 -77.567116 85.336884 42.508957 -55.166473 -13.265038 69.247063 0.150893 1.200884 0.674375 16.556646 -5.174685 17.636709 -26.322918 52.411556 -19.466827 -14.39568 29.410645 -2e-06 -8.774901 -1e-06 15.115973 -17.707201 6.902874 -0.609781 -1.795665 -3.889352 -4.807123 -11.046905 -2.93788 1e-06 -20.976255 -5e-06 -5.02003 -25.033951 -4.031944 9e-06 1e-06 -0.0 -10.634588 -5.687009 -3.56561 10.573348 -17.9231 -3.113933 3e-06 -13.821364 -0.0 -0.501768 -31.18202 -4.027087 -10.897022 -59.614548 6.511194 -13.982785 -7.150247 -2.875062 13.772819 -8.40156 -3.218268 0.347736 -34.21199 0.77166 -0.963047 -17.733654 2.621061 -1e-06 1e-06 0.0 -17.346508 -20.09535 -4.201812 21.757706 -1.638385 3.866458 4e-06 -6.338895 1e-06 -1.697592 -22.59211 -6.194117 -2e-06 -6e-06 -3e-06 141.44632 -84.385178 49.344318 59.454777 -35.374969 -50.843315 87.090706 -1.217661 0.315563 20.364382 32.18256 22.28648 22.182186 -20.376043 49.933582 -16.701889 -16.743595 28.476709 -1e-06 -12.690664 1e-06 15.910848 -17.389107 2.433587 -0.105924 -1.513863 -4.275903 -5.039062 -5.612905 -2.953574 2e-06 -11.020612 1e-06 -6.111333 -15.895507 -3.840516 -1e-06 -1e-06 1e-06 -10.283407 -5.680316 -4.341862 11.028336 -11.302469 -2.372643 -1.384269 -14.23869 -6.320178 -0.625435 -26.924484 -3.827652 -4.213593 -50.258121 -2.820866 -13.708573 -7.363513 -3.720958 18.141222 -14.052818 -3.24269 1e-06 -18.787424 7e-06 -0.429724 -8.45614 2.555542 -0.0 -3e-06 1e-06 -15.923597 -20.094582 -5.473608 30.419331 -7.190852 1.735935 -1e-06 -8.162994 4e-06 -1.861912 -22.861734 -6.167999 -0.0 -5e-06 -1e-06 177.697906 4.308044 -1.41943 21.3395 0.30392 0.060139 -76.638435 5.145113 3.587712 -3.6599 1.079779 1.972957 -1.000003 0.0 1e-06 10.902164 -9.114238 -14.087918 19.876135 -0.408591 0.697876 -80.49543 0.556321 -11.904655 -9.251537 0.787228 1.627398 -1.000006 0.0 0.0 
0.0 0.0 0.0 0.0 -0.0 0.0 37.653618 100.474762 568.524658 92.269867 7.587018 105.977951 -0.56266 2.222621 -0.535951 -11.707228 1.159114 -0.372594 22.647366 7.802142 0.840934 36.186096 -2.584428 1.98434 -3.039818 -0.628892 -7.258705 -34.138596 -12.005102 -0.503915 6e-06 0.0 -0.0 -0.017974 0.063655 -0.078008 -0.068571 0.032043 -0.003677 -0.007359 0.075466 -0.151999 -74.072449 -76.311493 90.463013 35.531326 -53.722137 -4.545186 68.397049 0.424473 1.145876 -0.150888 14.817166 -5.584775 17.636747 -26.323036 52.411991 -19.467056 -14.395823 29.410973 1.6e-05 -8.77501 6e-06 14.953509 -17.882904 6.980365 -0.609784 -1.795685 -3.889386 -4.807192 -11.04702 -2.937916 -2.2e-05 -20.976479 -5.2e-05 -5.02009 -25.034281 -4.032076 5e-06 -1e-06 3e-06 -10.634686 -5.687081 -3.565628 10.573436 -17.923241 -3.114005 -1.5e-05 -13.821496 -3.5e-05 -0.501751 -31.182386 -4.027254 -11.0907 -59.82996 6.808551 -13.982916 -7.150336 -2.87507 13.772955 -8.401608 -3.218327 0.347718 -34.212364 0.771585 -0.963051 -17.733839 2.621035 0.0 -2e-06 0.0 -17.346703 -20.095568 -4.201829 21.757935 -1.638353 3.866478 -1.3e-05 -6.338956 -1.5e-05 -1.697627 -22.592379 -6.194268 -2e-06 -5e-06 -1e-06 143.045624 -85.70491 46.946903 59.549095 -27.756596 -53.22987 90.074982 -1.461096 0.220868 21.739386 29.525328 24.571249 22.182524 -20.37628 49.933891 -16.702045 -16.743778 28.476904 3.2e-05 -12.690864 -1.9e-05 15.942288 -17.62303 2.483295 -0.105925 -1.513876 -4.27593 -5.039141 -5.61299 -2.953589 -2.9e-05 -11.020802 2.7e-05 -6.111509 -15.895826 -3.840526 1e-06 2e-06 -1e-06 -10.283533 -5.68039 -4.341881 11.028462 -11.302614 -2.372639 -1.384347 -14.238941 -6.32022 -0.625564 -26.925035 -3.827669 -4.431985 -50.568062 -2.691952 -13.708741 -7.363611 -3.720969 18.141438 -14.052996 -3.242689 -4.7e-05 -18.787766 1.6e-05 -0.429742 -8.456306 2.555567 1e-06 -2e-06 1e-06 -15.923837 -20.094843 -5.473595 30.419727 -7.190917 1.736013 -1.3e-05 -8.163133 -3e-06 -1.861997 -22.862225 -6.168127 0.0 -3e-06 -1e-06 177.715347 4.253752 0.307806 23.756088 0.279615 -0.004766 -78.62973 4.839948 3.378159 -3.919096 1.137542 1.998172 -1.000005 -0.0 0.0 11.506997 -9.112873 -14.270986 17.219936 -0.326678 0.72106 -78.865654 1.054391 -12.247748 -9.072326 0.812473 1.643299 -1.000007 -0.0 -0.0 
0.0 0.0 0.0 0.0 -0.0 0.0 37.534649 99.835724 569.8396 92.093056 8.40807 107.628883 -1.174237 2.802497 -0.487617 -11.846546 1.228875 -0.53157 22.704758 8.984573 1.075653 38.286877 -1.649625 1.734124 -2.974458 -0.645308 -8.305456 -32.232784 -13.019786 -1.629035 6e-06 0.0 1e-06 -0.05681 0.083323 -0.033688 -0.088008 0.067925 0.050867 -0.017608 0.078973 -0.119378 -80.371635 -74.881111 97.444839 30.119488 -51.538765 4.136759 63.92226 0.549556 0.97259 -1.337674 12.393355 -5.030428 17.636755 -26.322947 52.411572 -19.466877 -14.395717 29.410679 -2e-06 -8.774929 -3e-06 14.886572 -18.147049 7.013616 -0.609779 -1.795667 -3.889352 -4.807137 -11.046926 -2.937878 1e-05 -20.976299 -7e-06 -5.020036 -25.034002 -4.031956 6e-06 1e-06 -0.0 -10.63461 -5.68702 -3.56561 10.573377 -17.923136 -3.113941 4e-06 -13.82139 0.0 -0.501757 -31.182072 -4.027097 -11.465685 -60.086357 7.029515 -13.982814 -7.150259 -2.875058 13.772862 -8.401578 -3.218276 0.347748 -34.212055 0.771651 -0.963036 -17.733685 2.621063 1e-06 0.0 1e-06 -17.346561 -20.095388 -4.201803 21.757761 -1.638391 3.866463 3e-06 -6.338907 -1e-06 -1.69759 -22.592146 -6.194133 -2e-06 -4e-06 -3e-06 128.554077 -87.102608 61.33604 60.171944 -22.015575 -53.238964 90.118362 -2.092108 0.708357 22.501436 27.3941 24.288603 22.182281 -20.376078 49.933674 -16.701977 -16.743652 28.476784 -3e-06 -12.690726 -2e-06 15.788563 -18.081537 2.360886 -0.10592 -1.513867 -4.275911 -5.039085 -5.612927 -2.953579 4e-06 -11.020666 1e-06 -6.111364 -15.895594 -3.840521 1e-06 3e-06 0.0 -10.283444 -5.680334 -4.341866 11.028385 -11.302516 -2.372654 -1.384277 -14.238765 -6.320196 -0.625435 -26.924664 -3.827664 -4.677238 -50.582443 -2.632002 -13.708622 -7.363536 -3.720963 18.141306 -14.052877 -3.242708 1e-05 -18.787508 -7e-06 -0.429713 -8.45618 2.55554 -1e-06 -0.0 1e-06 -15.923657 -20.094648 -5.473616 30.419456 -7.190893 1.735943 5e-06 -8.163028 -5e-06 -1.861902 -22.861855 -6.168051 -0.0 -4e-06 -1e-06 -176.010956 4.32924 2.844276 13.245335 0.194795 -0.104852 -73.584686 4.18922 3.719136 -4.067174 1.196619 2.017816 -1.000006 -0.0 -0.0 13.512037 -8.182366 -14.035054 14.500566 -0.285678 0.678345 -76.393173 1.28198 -13.019398 -8.798626 0.78408 1.650285 -1.000004 0.0 -0.0 
0.0 0.0 0.0 0.0 -0.0 0.0 37.399578 99.159393 571.335571 91.989975 9.799948 109.470093 -1.81121 3.334374 -0.56101 -12.02249 1.237118 -0.616096 22.920483 9.9136 1.139776 40.738216 0.257128 1.27448 -2.854456 -0.652629 -9.033168 -29.725958 -13.846721 -2.789112 6e-06 -0.0 1e-06 -0.05258 0.111586 -0.039301 -0.102631 0.117768 0.040513 -0.011919 0.085666 -0.12165 -86.52549 -73.271149 104.237762 26.67985 -49.078941 12.71234 57.081039 0.656791 0.872134 -2.438869 9.473131 -3.605257 17.636745 -26.32292 52.41164 -19.46699 -14.395734 29.41077 -9e-06 -8.774943 5e-06 15.083054 -18.45698 6.828776 -0.60978 -1.795677 -3.889363 -4.807132 -11.046962 -2.937899 3.5e-05 -20.976381 -5.5e-05 -5.019989 -25.034124 -4.032012 5e-06 1e-06 3e-06 -10.634619 -5.687034 -3.565616 10.573415 -17.923193 -3.113987 2.6e-05 -13.821436 -3.2e-05 -0.501667 -31.182219 -4.027187 -11.623209 -60.255798 7.053347 -13.982828 -7.150271 -2.875066 13.772883 -8.401609 -3.218304 0.347819 -34.212185 0.771555 -0.962991 -17.733744 2.62103 -0.0 -1e-06 -2e-06 -17.346565 -20.095432 -4.201825 21.757792 -1.638401 3.866456 7e-06 -6.338923 -1.5e-05 -1.697548 -22.592232 -6.194194 -1e-06 -4e-06 -3e-06 105.233459 -87.615997 84.864792 61.731785 -19.875891 -53.277378 85.887024 -2.091207 1.58516 20.275763 27.937918 22.122122 22.182426 -20.376192 49.933788 -16.702044 -16.743681 28.476856 -1.6e-05 -12.69078 -1.8e-05 16.013876 -18.5467 2.181524 -0.105922 -1.513872 -4.275919 -5.039099 -5.612948 -2.953595 2.1e-05 -11.02074 8e-06 -6.111377 -15.895706 -3.840537 1e-06 2e-06 -1e-06 -10.28347 -5.680344 -4.341886 11.02844 -11.30259 -2.372648 -1.384272 -14.238865 -6.320219 -0.625434 -26.924921 -3.827653 -5.037239 -50.756653 -2.572135 -13.708655 -7.363548 -3.720982 18.14138 -14.052977 -3.242694 2.9e-05 -18.787655 1.2e-05 -0.429706 -8.456259 2.555571 1e-06 -0.0 -0.0 -15.923688 -20.094704 -5.473637 30.419556 -7.190973 1.73597 1.6e-05 -8.163092 1e-06 -1.861882 -22.862068 -6.168067 0.0 -2e-06 -1e-06 -176.745743 3.699723 5.260103 19.266087 0.18516 -0.126349 -77.513138 3.53733 3.348145 -3.912385 1.296799 2.058701 -0.999998 0.0 1e-06 16.329218 -6.718023 -13.718458 13.456347 -0.211434 0.497156 -76.273232 -1.141437 -12.711017 -8.146955 0.744848 1.662445 -1.000007 0.0 -0.0 
0.0 0.0 0.0 0.0 -0.0 0.0 37.364944 98.404984 572.923584 92.341736 11.398456 110.754639 -2.287711 3.614725 -0.717646 -12.170635 1.270448 -0.565424 23.308708 10.308207 1.344268 43.324047 2.515229 0.878157 -2.807727 -0.735868 -9.559754 -27.4617 -14.131732 -3.831708 6e-06 1e-06 0.0 -0.037131 0.120574 -0.106603 -0.06803 0.129861 -0.02909 0.035481 0.091425 -0.185275 -91.131104 -71.515007 109.892174 25.368525 -47.245365 19.417683 48.879131 0.166639 0.664098 -2.775335 6.457429 -0.502782 17.636753 -26.323118 52.411758 -19.466961 -14.395831 29.410818 3e-06 -8.774979 1e-05 15.578484 -18.497194 6.421543 -0.609777 -1.795671 -3.889368 -4.80716 -11.046981 -2.937873 -1.5e-05 -20.976431 1.8e-05 -5.020117 -25.034184 -4.031938 6e-06 -0.0 0.0 -10.634645 -5.687039 -3.565606 10.573423 -17.923214 -3.11395 -1e-05 -13.821474 9e-06 -0.501818 -31.182314 -4.027091 -12.016309 -60.354851 7.402048 -13.982868 -7.150285 -2.875046 13.772926 -8.401608 -3.218302 0.347695 -34.212288 0.771703 -0.963076 -17.73381 2.621092 -0.0 4e-06 -1e-06 -17.346634 -20.095461 -4.201774 21.757872 -1.638385 3.866449 -5e-06 -6.338945 6e-06 -1.697637 -22.592312 -6.194133 -1e-06 -4e-06 -1e-06 102.166992 -87.874954 87.868835 64.099373 -21.164761 -55.613846 78.126244 -1.320005 2.353723 13.273634 31.419065 15.910254 22.1824 -20.376186 49.933826 -16.702028 -16.743757 28.476883 6e-06 -12.69082 -3e-06 16.4629 -18.479465 2.017252 -0.105919 -1.513868 -4.275922 -5.039119 -5.612948 -2.953586 -2e-06 -11.02071 1e-05 -6.111436 -15.895665 -3.840531 -2e-06 -2e-06 -0.0 -10.283499 -5.680353 -4.341873 11.028443 -11.302552 -2.372654 -1.384302 -14.238826 -6.320213 -0.625463 -26.924791 -3.82767 -5.425297 -51.014542 -2.244228 -13.708695 -7.363563 -3.720965 18.141399 -14.052921 -3.242707 -9e-06 -18.787609 1.1e-05 -0.429721 -8.456229 2.555563 -2e-06 1e-06 -1e-06 -15.923753 -20.094719 -5.473612 30.419634 -7.190911 1.735963 -1e-06 -8.163068 3e-06 -1.861948 -22.861988 -6.168067 2e-06 -1e-06 -1e-06 -176.306503 3.514965 7.317052 24.005293 0.15205 -0.095123 -80.99688 2.250728 3.224983 -3.823753 1.305587 2.074042 -1.000002 0.0 0.0 19.386562 -5.693423 -14.366944 13.020334 -0.250184 0.546031 -78.123718 -3.223346 -12.161732 -6.944571 0.728151 1.650076 -1.000006 -0.0 0.0 
0.0 0.0 0.0 0.0 -0.0 0.0 37.43293 98.020393 574.287109 92.529655 12.733309 110.893044 -2.77713 3.826579 -0.857344 -12.343746 1.421898 -0.300566 23.819857 10.621704 1.791791 45.47945 4.476471 0.642784 -2.756023 -0.97223 -9.831639 -25.565071 -13.930498 -4.67401 6e-06 0.0 -1e-06 -0.043078 0.128145 -0.136174 -0.023177 0.14833 -0.072204 0.079761 0.089703 -0.198194 -94.205437 -69.667618 113.727554 24.026016 -47.182209 25.399296 40.794273 -0.608574 0.371292 -3.078947 3.7906 3.253709 17.636629 -26.322874 52.411224 -19.466713 -14.395721 29.410458 8e-06 -8.774888 1e-05 16.295422 -18.365837 5.999102 -0.609774 -1.795655 -3.889332 -4.807119 -11.046862 -2.937827 -3.1e-05 -20.976147 4.1e-05 -5.020082 -25.033764 -4.031855 6e-06 -1e-06 0.0 -10.634571 -5.686995 -3.565566 10.573313 -17.923025 -3.113898 -2.2e-05 -13.821301 2.1e-05 -0.501871 -31.181812 -4.026994 -12.105404 -60.517574 7.523441 -13.982765 -7.150226 -2.875012 13.772799 -8.401511 -3.218262 0.347654 -34.211826 0.771726 -0.963078 -17.733555 2.621058 -1e-06 2e-06 1e-06 -17.34651 -20.095285 -4.201719 21.757679 -1.638359 3.866413 -8e-06 -6.338866 9e-06 -1.697653 -22.591959 -6.194013 0.0 -5e-06 -2e-06 116.679565 -88.604507 73.290527 66.447174 -23.11396 -59.915184 69.380875 -0.475291 2.919492 3.210313 35.497463 3.656639 22.182291 -20.376144 49.933662 -16.7019 -16.743742 28.476765 1.3e-05 -12.690775 1e-06 16.525393 -18.06633 2.155013 -0.105916 -1.513858 -4.275907 -5.039101 -5.612914 -2.953572 -7e-06 -11.020642 2.1e-05 -6.111419 -15.895561 -3.84051 1e-06 -1e-06 1e-06 -10.283463 -5.680322 -4.341855 11.028401 -11.302472 -2.372634 -1.384312 -14.238715 -6.320168 -0.625509 -26.924562 -3.827604 -5.233799 -50.810783 -2.287209 -13.708641 -7.363521 -3.720948 18.141325 -14.052824 -3.24268 -3.4e-05 -18.787481 4.2e-05 -0.429736 -8.456176 2.555563 2e-06 -3e-06 -1e-06 -15.923701 -20.094597 -5.473581 30.419535 -7.190854 1.735961 -1.3e-05 -8.163018 1.8e-05 -1.861996 -22.861828 -6.167988 2e-06 -1e-06 2e-06 -174.705414 3.212185 8.206926 25.578325 0.115725 -0.148145 -82.816887 0.822398 3.095017 -3.923244 1.275967 2.064775 -1.000001 1e-06 -0.0 20.796885 -5.407536 -14.878138 13.26375 -0.228682 0.547878 -78.977654 -3.582236 -11.934272 -6.475342 0.674152 1.618326 -1.000005 -0.0 0.0 
0.0 0.0 0.0 0.0 -0.0 0.0 37.477661 98.037544 575.347595 92.678665 13.24702 110.312164 -3.186306 3.804697 -0.800074 -12.487498 1.544683 0.044061 24.001596 10.722473 2.124574 46.459286 5.738886 0.643139 -2.748065 -1.147863 -9.67433 -24.362736 -13.305447 -5.048445 5e-06 -0.0 -0.0 -0.047206 0.122437 -0.135332 0.005391 0.134704 -0.087697 0.093622 0.09512 -0.177563 -94.470383 -68.293823 114.196709 20.48247 -49.312122 30.961399 34.706387 -0.96476 0.154749 -3.255738 2.051821 5.444849 17.636803 -26.323175 52.411671 -19.466917 -14.395802 29.410744 -1e-06 -8.774961 7e-06 16.832104 -18.188972 5.694349 -0.609778 -1.795674 -3.889363 -4.807149 -11.046971 -2.93786 -1.4e-05 -20.976419 4.1e-05 -5.020111 -25.034142 -4.031893 6e-06 -1e-06 0.0 -10.634641 -5.687032 -3.565603 10.573411 -17.923227 -3.113925 -1.1e-05 -13.821472 2.4e-05 -0.501842 -31.182289 -4.02703 -11.975762 -60.491047 7.358608 -13.982857 -7.150275 -2.875042 13.772906 -8.40161 -3.218282 0.347686 -34.21228 0.771739 -0.96308 -17.733799 2.621102 0.0 0.0 -1e-06 -17.346621 -20.095455 -4.201761 21.757833 -1.638392 3.866454 -3e-06 -6.338943 1e-05 -1.697638 -22.592287 -6.194095 1e-06 -4e-06 -2e-06 139.623199 -89.518272 50.563961 67.983391 -24.839115 -63.397598 63.94603 -0.135002 3.283544 -3.204025 36.17292 -5.986419 22.182327 -20.376205 49.934006 -16.702044 -16.743807 28.477003 4e-06 -12.690825 1.2e-05 16.331192 -17.752382 2.48175 -0.10592 -1.513866 -4.275936 -5.039117 -5.612938 -2.953598 -0.0 -11.020683 -5e-06 -6.111417 -15.895641 -3.840573 -2e-06 2e-06 1e-06 -10.283488 -5.680346 -4.341886 11.028445 -11.302521 -2.372675 -1.384295 -14.238783 -6.320242 -0.62543 -26.924685 -3.827712 -4.872177 -50.322517 -2.499346 -13.708689 -7.363554 -3.720977 18.141413 -14.052881 -3.242738 -1.4e-05 -18.787548 7e-06 -0.429733 -8.456197 2.555565 -0.0 1e-06 -2e-06 -15.923739 -20.094692 -5.473642 30.419647 -7.190884 1.735933 -5e-06 -8.163043 9e-06 -1.861957 -22.861898 -6.168075 -0.0 -1e-06 1e-06 -172.876007 3.037373 8.186923 24.551291 0.105795 -0.238516 -83.256897 -0.459895 3.172555 -4.048711 1.204234 2.039747 -1.000007 -0.0 0.0 18.273806 -6.407796 -14.739656 16.737303 -0.23195 0.521422 -79.492195 -3.366174 -12.137307 -6.455849 0.643812 1.599479 -1.000005 0.0 0.0 
0.0 0.0 0.0 0.0 -0.0 0.0 37.430012 98.259773 576.115295 92.825668 12.97695 109.573273 -3.343478 3.64881 -0.64649 -12.534081 1.627271 0.379143 23.753399 10.419433 2.30142 45.836639 6.236211 0.802463 -2.721207 -1.133679 -9.218552 -24.54752 -12.508521 -4.717086 6e-06 0.0 -1e-06 -0.044829 0.10323 -0.112643 0.034697 0.116123 -0.0731 0.108336 0.078766 -0.144811 -92.886665 -67.476067 112.40873 14.584827 -52.52494 35.856491 30.955927 -0.843839 0.115253 -2.866233 1.754262 4.749977 17.636808 -26.323133 52.411667 -19.466877 -14.395713 29.410706 -9e-06 -8.774924 -7e-06 16.817869 -18.159288 5.723179 -0.609782 -1.795667 -3.889357 -4.807127 -11.046949 -2.937872 7e-06 -20.9764 3.8e-05 -5.020061 -25.034126 -4.031897 6e-06 2e-06 -0.0 -10.634607 -5.687016 -3.565618 10.573386 -17.923206 -3.113914 4e-06 -13.821462 2.4e-05 -0.501799 -31.18228 -4.027026 -11.678921 -60.238022 7.065707 -13.982808 -7.150256 -2.875067 13.772858 -8.401615 -3.218261 0.347727 -34.212269 0.771737 -0.963066 -17.733807 2.621118 1e-06 -2e-06 -0.0 -17.34654 -20.095406 -4.201799 21.757753 -1.638411 3.866472 6e-06 -6.338941 1e-05 -1.697595 -22.592287 -6.194094 -1e-06 -2e-06 -3e-06 8.343808 -89.721642 -178.10199 68.734024 -26.708433 -64.87928 63.731285 -0.522789 3.233433 -3.781555 34.267597 -6.109979 22.182104 -20.376026 49.933647 -16.701923 -16.743637 28.47678 -1e-06 -12.690674 2.6e-05 16.17576 -17.612116 2.536198 -0.105919 -1.513862 -4.275907 -5.039062 -5.612909 -2.953575 -4e-06 -11.020611 -1.2e-05 -6.111338 -15.895518 -3.840523 -1e-06 -2e-06 -0.0 -10.283403 -5.680319 -4.341858 11.028337 -11.302457 -2.372667 -1.384271 -14.238691 -6.320188 -0.625415 -26.924475 -3.827687 -4.608914 -49.876404 -2.680313 -13.708568 -7.363517 -3.720952 18.14123 -14.052802 -3.242727 -7e-06 -18.787424 -1.5e-05 -0.429728 -8.456137 2.555522 4e-06 1e-06 1e-06 -15.923595 -20.094584 -5.47361 30.419344 -7.190827 1.73589 -7e-06 -8.162985 -5e-06 -1.86191 -22.861721 -6.168027 1e-06 -3e-06 -3e-06 -171.474106 3.078558 7.90916 22.296768 0.090595 -0.278482 -82.832832 -1.544925 3.418739 -4.093754 1.147886 2.02305 -1.000004 -1e-06 0.0 16.324366 -7.288372 -14.620218 19.232452 -0.265484 0.516758 -78.961456 -2.982858 -12.630648 -6.622346 0.652801 1.605339 -1.000003 0.0 -0.0 
0.0 0.0 0.0 0.0 -0.0 0.0 37.32719 98.553802 576.627869 92.920425 12.122972 108.981644 -3.366194 3.469089 -0.519827 -12.524848 1.663709 0.674778 23.317204 9.825325 2.327797 44.063023 6.010398 1.131864 -2.696316 -1.013815 -8.721654 -25.720264 -11.611531 -3.947457 4e-06 0.0 0.0 -0.048574 0.085786 -0.100647 0.056985 0.113145 -0.061225 0.121914 0.049937 -0.132307 -91.565063 -67.039314 110.838799 7.53727 -55.658016 40.016834 28.257032 -0.439193 0.190711 -2.016047 2.509719 3.052448 17.63682 -26.32303 52.41148 -19.466883 -14.395753 29.410635 -7e-06 -8.774942 -6e-06 16.538336 -18.207518 5.97989 -0.609778 -1.795664 -3.88935 -4.807132 -11.046933 -2.937863 1.9e-05 -20.976347 2.4e-05 -5.02005 -25.034048 -4.031906 6e-06 2e-06 0.0 -10.634619 -5.687009 -3.565599 10.573407 -17.923174 -3.113923 1.2e-05 -13.821426 1.5e-05 -0.501778 -31.182184 -4.027041 -11.522049 -60.139763 6.986523 -13.982827 -7.150246 -2.875046 13.772888 -8.401599 -3.21827 0.347756 -34.212154 0.771699 -0.963042 -17.733736 2.621096 0.0 2e-06 0.0 -17.346567 -20.095381 -4.201773 21.757797 -1.638411 3.866461 7e-06 -6.338922 5e-06 -1.697599 -22.592197 -6.194097 -0.0 -3e-06 -2e-06 22.728399 -88.98877 167.620422 69.041756 -28.116842 -65.173172 66.498672 -1.367787 2.698467 -1.749904 31.400784 0.037627 22.182289 -20.3762 49.933784 -16.701946 -16.743757 28.476843 2e-06 -12.690772 1.3e-05 16.045198 -17.551777 2.520189 -0.105923 -1.513861 -4.275917 -5.039094 -5.612918 -2.953576 -1e-06 -11.020658 2e-05 -6.111404 -15.895583 -3.840504 0.0 0.0 -0.0 -10.283461 -5.680322 -4.341866 11.028406 -11.302496 -2.372647 -1.384289 -14.238732 -6.320178 -0.62548 -26.924597 -3.827612 -4.457692 -49.648304 -2.760283 -13.708643 -7.363522 -3.720959 18.141342 -14.05285 -3.242699 -2.3e-05 -18.787508 4.1e-05 -0.429736 -8.456188 2.555566 2e-06 -2e-06 0.0 -15.92369 -20.094614 -5.473605 30.419533 -7.190874 1.735933 -5e-06 -8.16303 1.9e-05 -1.861973 -22.86186 -6.167995 -2e-06 -0.0 -2e-06 -170.720901 3.227893 7.58897 19.688507 0.069998 -0.244214 -81.93145 -2.23699 3.711085 -4.10416 1.134966 2.019483 -1.000002 0.0 0.0 15.518444 -7.835289 -14.899442 19.533638 -0.278344 0.499351 -78.209686 -2.72086 -13.165622 -6.786994 0.656949 1.615286 -1.000003 0.0 -0.0 
0.0 0.0 0.0 0.0 -0.0 0.0 37.199047 98.86821 576.934753 92.876404 10.96079 108.702126 -3.373101 3.318119 -0.423369 -12.499922 1.674965 0.88748 22.84523 9.169184 2.251357 41.972916 5.411098 1.509315 -2.715024 -0.892282 -8.219974 -27.088234 -10.707885 -3.238076 6e-06 -0.0 -1e-06 -0.052348 0.072538 -0.103055 0.058096 0.111632 -0.066962 0.118499 0.027263 -0.131283 -91.400589 -66.861839 110.397514 0.954173 -58.199886 43.816795 25.653242 -0.066056 0.254592 -1.499583 3.221869 2.107864 17.636858 -26.323172 52.411613 -19.466869 -14.395762 29.410679 -8e-06 -8.774947 -6e-06 16.369699 -18.272337 6.197823 -0.609779 -1.795666 -3.889354 -4.807134 -11.046947 -2.937859 2e-06 -20.976395 6.3e-05 -5.020096 -25.034107 -4.031865 7e-06 -1e-06 0.0 -10.634624 -5.687009 -3.565608 10.573406 -17.923206 -3.113899 1e-06 -13.821458 3.9e-05 -0.501839 -31.182266 -4.026986 -11.588039 -60.179314 7.155072 -13.982832 -7.150249 -2.875055 13.77289 -8.401614 -3.21826 0.347708 -34.212254 0.771777 -0.963079 -17.733801 2.621135 1e-06 2e-06 1e-06 -17.346571 -20.095396 -4.201776 21.757799 -1.638417 3.866471 5e-06 -6.338938 1.6e-05 -1.697623 -22.592264 -6.194061 0.0 -4e-06 -3e-06 41.623871 -88.506424 148.713272 68.778564 -28.698727 -64.915283 69.274643 -2.137482 2.010581 -0.5832 28.485413 7.023472 22.182331 -20.376236 49.933861 -16.701918 -16.743725 28.476839 8e-06 -12.690757 -1e-06 15.89757 -17.556894 2.619733 -0.105923 -1.513859 -4.275919 -5.039094 -5.612915 -2.953582 -4e-06 -11.020642 2.3e-05 -6.111394 -15.895544 -3.84051 0.0 -1e-06 0.0 -10.28346 -5.680326 -4.341879 11.028398 -11.302497 -2.372634 -1.384297 -14.238734 -6.320182 -0.625498 -26.924606 -3.827606 -4.360228 -49.571381 -2.8394 -13.708641 -7.363529 -3.720974 18.141317 -14.05285 -3.242677 -2.9e-05 -18.787498 5e-05 -0.429741 -8.456182 2.555573 2e-06 0.0 1e-06 -15.923686 -20.094627 -5.473625 30.419504 -7.190872 1.735961 -8e-06 -8.163028 2.2e-05 -1.861976 -22.861837 -6.167984 -2e-06 0.0 1e-06 -170.538071 3.303885 7.372103 17.163042 0.045935 -0.175955 -80.814934 -2.54184 3.939814 -4.155657 1.153578 2.019882 -1.000002 -1e-06 -0.0 14.518534 -8.226507 -15.445758 19.501186 -0.276016 0.470246 -77.38903 -2.57137 -13.629875 -6.86062 0.641224 1.619461 -1.000005 1e-06 0.0 
0.0 0.0 0.0 0.0 -0.0 0.0 37.048431 99.180031 577.09668 92.644348 9.755667 108.682671 -3.386642 3.241999 -0.349304 -12.453003 1.663271 1.010958 22.398718 8.570792 2.116546 40.254539 4.747233 1.840541 -2.751646 -0.797326 -7.752671 -28.270382 -9.905076 -2.818135 6e-06 -0.0 0.0 -0.047925 0.062476 -0.113523 0.053733 0.106372 -0.082146 0.109907 0.014181 -0.137002 -91.841682 -66.800194 110.526924 -4.403211 -60.295471 47.38488 23.195889 0.163092 0.300697 -1.40546 3.50298 1.75749 17.636812 -26.323151 52.411758 -19.466892 -14.395778 29.410765 -1e-06 -8.774954 -2e-06 16.369232 -18.333445 6.298024 -0.609783 -1.795666 -3.889362 -4.807145 -11.046951 -2.937874 -2e-06 -20.976377 2.9e-05 -5.020082 -25.03409 -4.031926 6e-06 -1e-06 -0.0 -10.634634 -5.687021 -3.565618 10.573405 -17.923195 -3.113925 -4e-06 -13.821447 2.2e-05 -0.501815 -31.182236 -4.027054 -11.773283 -60.232372 7.415382 -13.982846 -7.150265 -2.875063 13.772897 -8.401601 -3.218276 0.347706 -34.212219 0.771729 -0.963075 -17.73377 2.621107 -0.0 0.0 -0.0 -17.346594 -20.095419 -4.201797 21.757818 -1.6384 3.866473 -0.0 -6.338932 1e-05 -1.697625 -22.592245 -6.194111 1e-06 -3e-06 -1e-06 59.252438 -88.271271 130.83812 67.985138 -28.558115 -64.345604 70.714554 -2.43667 1.399956 -0.795506 25.89484 13.068539 22.182379 -20.376276 49.934021 -16.702013 -16.743773 28.476976 1e-06 -12.690816 1e-06 15.871396 -17.509356 2.694104 -0.105923 -1.513866 -4.275932 -5.039114 -5.612942 -2.9536 3e-06 -11.020709 1e-05 -6.111424 -15.895671 -3.840557 -0.0 -1e-06 1e-06 -10.283484 -5.680346 -4.341895 11.02844 -11.302547 -2.372655 -1.384292 -14.238812 -6.32023 -0.625462 -26.924791 -3.827667 -4.302049 -49.605419 -2.960908 -13.708675 -7.363554 -3.720989 18.141396 -14.052918 -3.24271 -1e-05 -18.787609 2.9e-05 -0.429735 -8.456238 2.555582 0.0 -1e-06 1e-06 -15.923726 -20.094696 -5.473648 30.419615 -7.190908 1.735957 -6e-06 -8.163066 1.6e-05 -1.861961 -22.861979 -6.168046 -1e-06 -1e-06 -2e-06 -170.714752 3.180532 7.235851 14.918861 0.022207 -0.119471 -79.615105 -2.569234 4.09376 -4.231208 1.18462 2.021285 -1.000005 -0.0 0.0 13.243177 -8.396074 -16.030804 19.508471 -0.27611 0.443575 -76.474022 -2.542872 -14.017985 -6.953048 0.62577 1.620301 -1.000002 0.0 -0.0 
0.0 0.0 0.0 0.0 -0.0 0.0 36.899086 99.460442 577.195007 92.328667 8.722796 108.844414 -3.403191 3.20252 -0.283235 -12.403816 1.630452 1.085994 22.026018 8.066772 1.974339 39.324615 4.279758 2.097021 -2.782201 -0.775509 -7.403018 -29.03162 -9.244578 -2.775644 6e-06 0.0 0.0 -0.034803 0.05587 -0.114683 0.050754 0.093074 -0.087311 0.10712 0.015229 -0.134532 -92.161423 -66.767639 110.461853 -8.697095 -62.103058 50.932354 21.277458 0.281366 0.301493 -1.458074 3.349232 1.566333 17.636747 -26.322962 52.411465 -19.46681 -14.39581 29.410604 1e-05 -8.774953 3e-06 16.449747 -18.332695 6.291575 -0.609778 -1.795662 -3.889348 -4.807155 -11.046899 -2.937848 -2.1e-05 -20.976244 3.1e-05 -5.020115 -25.03392 -4.031919 7e-06 2e-06 0.0 -10.634635 -5.687008 -3.565582 10.573389 -17.923086 -3.113917 -1.7e-05 -13.821357 1.9e-05 -0.501859 -31.181976 -4.027037 -11.974728 -60.278954 7.62323 -13.982847 -7.150244 -2.875026 13.77289 -8.401541 -3.218276 0.347677 -34.211948 0.771721 -0.963073 -17.73362 2.621074 -0.0 -1e-06 -0.0 -17.346621 -20.095348 -4.201744 21.757833 -1.638376 3.866447 -7e-06 -6.338894 9e-06 -1.69767 -22.592077 -6.194067 1e-06 -4e-06 0.0 75.221687 -88.176407 114.551224 66.862038 -27.986351 -63.901619 70.880814 -2.46661 0.954001 -1.576102 23.862326 17.907646 22.182381 -20.376108 49.933746 -16.701958 -16.743731 28.476807 1.6e-05 -12.690797 -1.3e-05 15.9973 -17.374292 2.691416 -0.105924 -1.513864 -4.275916 -5.039116 -5.612932 -2.953583 -1e-05 -11.020673 1e-05 -6.111437 -15.895617 -3.840539 -1e-06 0.0 0.0 -10.283486 -5.680345 -4.34187 11.028419 -11.302506 -2.372645 -1.384311 -14.23877 -6.320207 -0.625465 -26.924681 -3.827679 -4.241243 -49.724941 -3.102777 -13.708683 -7.363552 -3.72096 18.141363 -14.052861 -3.242689 -1.5e-05 -18.787533 1.1e-05 -0.429723 -8.456192 2.555553 2e-06 -3e-06 -0.0 -15.923751 -20.094671 -5.473609 30.419598 -7.190878 1.735984 -2e-06 -8.16304 5e-06 -1.861956 -22.8619 -6.168061 0.0 -3e-06 2e-06 -171.100067 2.924394 7.136698 13.340232 0.009942 -0.073865 -78.646873 -2.433851 4.135657 -4.311685 1.226736 2.029282 -1.000004 0.0 0.0 12.224718 -8.346127 -16.594938 19.230881 -0.263995 0.41581 -75.549477 -2.601402 -14.397276 -7.096335 0.595113 1.60993 -1.000002 -0.0 -0.0 
0.0 0.0 0.0 0.0 -0.0 0.0 36.757641 99.667351 577.220825 92.039589 7.935244 109.078415 -3.413161 3.148813 -0.221015 -12.358036 1.59558 1.142564 21.749275 7.627887 1.897056 39.078724 4.055452 2.300435 -2.797781 -0.808919 -7.25084 -29.370539 -8.718827 -2.950756 6e-06 0.0 -1e-06 -0.017537 0.053428 -0.112508 0.051166 0.072463 -0.088996 0.108848 0.031275 -0.128931 -92.243698 -66.750679 110.126976 -12.117091 -63.602463 54.219501 20.081686 0.328489 0.26384 -1.419501 2.929399 1.209179 17.636782 -26.323 52.411369 -19.466801 -14.39578 29.410542 4e-06 -8.774937 -1e-06 16.531454 -18.273596 6.222193 -0.609778 -1.79566 -3.889342 -4.807141 -11.046905 -2.937835 -2e-05 -20.976273 5.6e-05 -5.020115 -25.033947 -4.031861 9e-06 2e-06 0.0 -10.634619 -5.687002 -3.56558 10.573377 -17.923109 -3.113895 -1.3e-05 -13.821377 3.3e-05 -0.501873 -31.182034 -4.026978 -11.998543 -60.306309 7.618851 -13.982828 -7.150239 -2.875023 13.772873 -8.401561 -3.218261 0.347679 -34.212044 0.771753 -0.963077 -17.733679 2.621093 0.0 -3e-06 0.0 -17.346584 -20.095341 -4.201731 21.757792 -1.638388 3.866445 -3e-06 -6.338904 1.3e-05 -1.697661 -22.592127 -6.194028 -1e-06 -4e-06 -0.0 86.761261 -88.095764 102.701988 65.623825 -27.266943 -63.531246 70.375504 -2.433938 0.67476 -2.445303 22.34507 21.393698 22.182295 -20.376087 49.93375 -16.701958 -16.743715 28.476835 1.6e-05 -12.690779 0.0 16.154043 -17.222548 2.627409 -0.105922 -1.513864 -4.275915 -5.039106 -5.612934 -2.953582 -1.3e-05 -11.020673 1e-06 -6.111425 -15.895633 -3.840546 -1e-06 -1e-06 -0.0 -10.283465 -5.680345 -4.341865 11.028398 -11.302495 -2.372656 -1.384308 -14.23877 -6.320215 -0.625459 -26.924679 -3.827701 -4.187479 -49.844048 -3.227286 -13.708652 -7.363548 -3.720959 18.141333 -14.052845 -3.242702 -2.3e-05 -18.787521 1e-06 -0.429733 -8.456188 2.555552 -1e-06 -3e-06 2e-06 -15.923714 -20.094662 -5.473609 30.419546 -7.190851 1.735963 -1.1e-05 -8.163033 0.0 -1.861949 -22.861895 -6.168079 -0.0 -7e-06 2e-06 -171.836319 2.692278 7.028674 12.967052 0.000242 -0.037315 -78.346085 -2.232824 4.034473 -4.368429 1.275398 2.043239 -1.000003 0.0 1e-06 11.73386 -8.155673 -17.1388 18.520041 -0.234635 0.383338 -74.840218 -2.729796 -14.743674 -7.209588 0.562224 1.596132 -1.000011 0.0 -0.0 
0.0 0.0 0.0 0.0 -0.0 0.0 36.625355 99.803093 577.129395 91.816925 7.408174 109.353981 -3.423107 3.085513 -0.166074 -12.324162 1.57741 1.186857 21.579664 7.240087 1.884156 39.263649 4.007101 2.419466 -2.816178 -0.864383 -7.26492 -29.393822 -8.284527 -3.215346 6e-06 -0.0 0.0 -0.006827 0.055041 -0.114735 0.041759 0.053897 -0.096026 0.104029 0.052777 -0.126719 -92.357437 -66.760841 109.928238 -14.273114 -64.668304 56.333687 19.605789 0.311812 0.221709 -1.346882 2.544301 0.84138 17.636875 -26.323065 52.411564 -19.466915 -14.395823 29.410686 1e-06 -8.774988 -6e-06 16.584791 -18.24835 6.146516 -0.60978 -1.795669 -3.889357 -4.807164 -11.046951 -2.937863 4e-06 -20.976377 2.7e-05 -5.020104 -25.034088 -4.031924 8e-06 2e-06 -1e-06 -10.634666 -5.687024 -3.565597 10.573442 -17.923195 -3.113927 3e-06 -13.821445 1.8e-05 -0.501813 -31.182207 -4.027056 -11.893418 -60.297226 7.497952 -13.98289 -7.150264 -2.87504 13.772947 -8.401603 -3.218279 0.347729 -34.212223 0.771715 -0.963055 -17.73377 2.6211 -0.0 -2e-06 -2e-06 -17.346661 -20.095419 -4.201763 21.757902 -1.638407 3.866474 2e-06 -6.338932 6e-06 -1.697636 -22.592243 -6.19411 -1e-06 -6e-06 -2e-06 91.339394 -87.989479 97.931541 64.478294 -26.581264 -63.09116 69.81752 -2.376034 0.482405 -3.084005 21.386322 23.169189 22.182432 -20.376228 49.933949 -16.701994 -16.743793 28.476931 3e-05 -12.690854 -1e-05 16.219172 -17.125704 2.571337 -0.105928 -1.513867 -4.275928 -5.039136 -5.612958 -2.953594 -2.2e-05 -11.020724 1.8e-05 -6.111483 -15.89571 -3.840554 -0.0 -0.0 -0.0 -10.283513 -5.680367 -4.341883 11.028443 -11.30254 -2.372647 -1.384334 -14.23884 -6.32023 -0.62552 -26.924828 -3.82768 -4.19075 -49.919872 -3.291657 -13.708718 -7.363584 -3.720972 18.141407 -14.052906 -3.242693 -5.1e-05 -18.787632 2.7e-05 -0.429745 -8.456251 2.55558 1e-06 1e-06 1e-06 -15.923804 -20.094748 -5.473617 30.419685 -7.190872 1.735995 -2.2e-05 -8.163078 9e-06 -1.862003 -22.862047 -6.168089 -1e-06 -2e-06 -1e-06 -172.559158 2.500964 6.919596 13.010089 -0.009514 -0.011365 -78.335365 -1.978298 3.878243 -4.377192 1.305494 2.054066 -1.000001 -1e-06 0.0 11.602141 -7.897708 -17.626829 17.699856 -0.209951 0.355126 -74.325066 -3.011607 -15.019518 -7.227614 0.544107 1.588112 -1.000008 0.0 -0.0 
0.0 0.0 0.0 0.0 -0.0 0.0 36.525078 99.87748 576.976929 91.680923 7.108789 109.637932 -3.448225 3.004263 -0.119199 -12.312293 1.567415 1.218746 21.500349 6.919189 1.902546 39.691322 4.029599 2.466945 -2.834594 -0.911284 -7.370636 -29.14197 -7.885276 -3.572866 5e-06 -0.0 -1e-06 -0.00404 0.058974 -0.11752 0.025153 0.042471 -0.100898 0.092183 0.071414 -0.127685 -92.69532 -66.762398 110.113838 -14.760906 -65.33149 56.815681 19.452091 0.256742 0.172491 -1.289364 2.297761 0.702637 17.636864 -26.323158 52.411736 -19.46693 -14.395809 29.410765 9e-06 -8.774986 -3e-06 16.601212 -18.283474 6.117875 -0.609783 -1.795673 -3.889363 -4.807173 -11.04699 -2.937866 -3.2e-05 -20.976461 4e-05 -5.020151 -25.034222 -4.031928 6e-06 -0.0 -2e-06 -10.634671 -5.687045 -3.565606 10.573422 -17.923235 -3.113923 -1.8e-05 -13.821488 2e-05 -0.501859 -31.182358 -4.027072 -11.804475 -60.282635 7.402621 -13.982896 -7.150291 -2.875049 13.772936 -8.40161 -3.218278 0.347673 -34.212345 0.771727 -0.963082 -17.733843 2.621096 0.0 -0.0 -2e-06 -17.346678 -20.095478 -4.201769 21.757898 -1.638383 3.866483 -6e-06 -6.338953 7e-06 -1.697669 -22.592348 -6.194123 -1e-06 -6e-06 -3e-06 89.783241 -87.898293 99.464752 63.506737 -25.983595 -62.3978 69.352951 -2.152865 0.353532 -3.459945 20.85557 23.57123 22.182442 -20.376389 49.934208 -16.702053 -16.743872 28.477112 3.5e-05 -12.690894 4e-06 16.209301 -17.058056 2.558986 -0.105924 -1.513871 -4.275945 -5.039147 -5.612983 -2.953605 -2.7e-05 -11.020784 2.4e-05 -6.111512 -15.895811 -3.84056 0.0 -2e-06 0.0 -10.283537 -5.680389 -4.341899 11.028471 -11.302591 -2.372661 -1.38434 -14.238922 -6.320262 -0.625551 -26.925003 -3.8277 -4.261196 -49.962269 -3.272344 -13.708747 -7.36361 -3.720983 18.14146 -14.052963 -3.242716 -6.7e-05 -18.787739 4.1e-05 -0.429763 -8.456303 2.555596 -1e-06 1e-06 0.0 -15.923843 -20.094828 -5.473632 30.419767 -7.190883 1.735976 -2.9e-05 -8.16313 1.8e-05 -1.862042 -22.862204 -6.168103 0.0 -0.0 -1e-06 -172.997009 2.359304 6.850589 12.920863 -0.014745 0.005434 -78.336021 -1.680386 3.746369 -4.326364 1.321475 2.060815 -1.000003 1e-06 0.0 11.667229 -7.664977 -18.072971 17.010876 -0.193945 0.336736 -73.983543 -3.36553 -15.219733 -7.219491 0.543 1.586155 -1.000004 0.0 -0.0 
0.0 0.0 0.0 0.0 -0.0 0.0 36.466686 99.889908 576.845764 91.635078 6.983073 109.87606 -3.496915 2.895823 -0.074859 -12.314724 1.547724 1.248254 21.468269 6.681026 1.951514 40.281601 4.059369 2.479581 -2.823808 -0.899167 -7.581837 -28.640701 -7.551313 -4.000843 7e-06 0.0 0.0 0.001766 0.064974 -0.129503 0.014499 0.039601 -0.114059 0.082595 0.085636 -0.138868 -93.357681 -66.740433 110.653313 -13.729625 -65.667 55.886398 19.286419 0.163281 0.112084 -1.149557 2.126505 0.807195 17.636904 -26.323175 52.411572 -19.466885 -14.395736 29.410658 1e-06 -8.774955 -1.2e-05 16.538334 -18.347395 6.149306 -0.609783 -1.79567 -3.889355 -4.807148 -11.046983 -2.937858 -1.7e-05 -20.976458 5.5e-05 -5.020116 -25.034199 -4.03189 6e-06 3e-06 -0.0 -10.634637 -5.687028 -3.565608 10.5734 -17.923248 -3.113899 -8e-06 -13.821497 2.9e-05 -0.501842 -31.182371 -4.027032 -11.789546 -60.236553 7.338865 -13.982848 -7.150272 -2.875054 13.77289 -8.401628 -3.218252 0.347687 -34.212379 0.771756 -0.963079 -17.73386 2.621112 -1e-06 0.0 -0.0 -17.346603 -20.095451 -4.201768 21.757814 -1.638403 3.866488 1e-06 -6.338957 8e-06 -1.697636 -22.59235 -6.1941 0.0 -6e-06 0.0 82.445312 -87.834541 106.882576 62.639679 -25.463711 -61.312763 68.824898 -1.73069 0.398688 -3.689504 20.556377 23.018797 22.182318 -20.376143 49.93391 -16.701904 -16.743656 28.476849 2.1e-05 -12.690732 -1.1e-05 16.183744 -16.995693 2.562742 -0.105928 -1.513863 -4.275918 -5.039099 -5.612921 -2.953595 -1.2e-05 -11.020629 -3e-06 -6.111391 -15.895551 -3.840569 -0.0 -0.0 1e-06 -10.283458 -5.68034 -4.341889 11.028369 -11.302472 -2.372642 -1.384305 -14.238716 -6.32022 -0.625456 -26.92453 -3.827702 -4.334592 -49.944958 -3.243258 -13.708638 -7.363546 -3.720986 18.141279 -14.052814 -3.242686 -2.4e-05 -18.787464 7e-06 -0.429736 -8.456156 2.555558 1e-06 -1e-06 -2e-06 -15.92369 -20.094646 -5.473652 30.419453 -7.19084 1.735984 -1.4e-05 -8.163002 1.1e-05 -1.861959 -22.861765 -6.168041 1e-06 -4e-06 -1e-06 -173.16629 2.295295 6.853222 12.709954 -0.014948 0.000491 -78.342247 -1.434637 3.595985 -4.255744 1.340809 2.069709 -1.000001 -1e-06 -0.0 11.82806 -7.524848 -18.499441 16.532095 -0.175886 0.324992 -73.87233 -3.694198 -15.295808 -7.176064 0.545454 1.585974 -1.000007 1e-06 -0.0 
0.0 0.0 0.0 0.0 -0.0 0.0 36.444805 99.839691 576.699219 91.674339 6.99293 110.045769 -3.56568 2.776782 -0.032987 -12.329336 1.520952 1.289755 21.477701 6.498125 2.01441 40.915497 4.091409 2.467874 -2.784701 -0.848604 -7.862758 -27.933353 -7.313627 -4.450232 4e-06 -0.0 -0.0 0.0131 0.06986 -0.144004 0.022754 0.043294 -0.12865 0.088531 0.091182 -0.153326 -94.372917 -66.681725 111.553276 -11.089487 -65.720909 53.537193 18.892624 0.023225 0.06487 -0.976375 2.127337 1.254777 17.63681 -26.322924 52.411373 -19.466797 -14.395739 29.410545 2e-06 -8.774928 -8e-06 16.463892 -18.415028 6.191286 -0.609781 -1.795662 -3.889342 -4.807137 -11.046895 -2.937853 -5e-06 -20.97625 3.1e-05 -5.020076 -25.033913 -4.031899 6e-06 -1e-06 1e-06 -10.634617 -5.687002 -3.565591 10.573377 -17.923092 -3.113905 -2e-06 -13.821359 1.9e-05 -0.501825 -31.181978 -4.02702 -11.836756 -60.170956 7.303907 -13.982827 -7.150238 -2.875038 13.772866 -8.401557 -3.218256 0.347713 -34.21199 0.771716 -0.963057 -17.733648 2.621084 -0.0 2e-06 -0.0 -17.346573 -20.095335 -4.201765 21.757772 -1.638393 3.866462 2e-06 -6.338892 8e-06 -1.697632 -22.592068 -6.194061 1e-06 -2e-06 -1e-06 71.510834 -87.723335 117.905418 61.921246 -25.063047 -59.891827 68.077118 -1.134341 0.575375 -3.942917 20.484982 21.830776 22.182337 -20.376099 49.933781 -16.701988 -16.743702 28.476856 2e-05 -12.690793 -8e-06 16.149376 -16.960529 2.592825 -0.105927 -1.513868 -4.275918 -5.039112 -5.612948 -2.953589 -1.4e-05 -11.020699 2e-06 -6.11143 -15.895671 -3.840555 0.0 1e-06 1e-06 -10.283477 -5.680357 -4.341875 11.028406 -11.302523 -2.372652 -1.384313 -14.23881 -6.320223 -0.625478 -26.924751 -3.827711 -4.395547 -49.941486 -3.209031 -13.708666 -7.363568 -3.720969 18.141348 -14.052885 -3.242701 -2.2e-05 -18.78758 -1.1e-05 -0.429732 -8.456214 2.555552 -2e-06 2e-06 -1e-06 -15.923729 -20.094706 -5.473618 30.419552 -7.190865 1.735975 -1.1e-05 -8.163052 -4e-06 -1.861951 -22.861952 -6.168092 -0.0 -2e-06 -1e-06 -173.274277 2.336543 6.842732 12.669358 -0.015597 -0.023202 -78.464012 -1.224796 3.442572 -4.206276 1.366279 2.077417 -1.000004 -0.0 0.0 12.056838 -7.49888 -18.961573 16.221878 -0.155706 0.322361 -74.019882 -3.955637 -15.251734 -7.096763 0.547946 1.585966 -1.000005 1e-06 -0.0 
0.0 0.0 0.0 0.0 -0.0 0.0 36.455139 99.752357 576.478577 91.754692 7.091007 110.214661 -3.649549 2.672717 -0.013758 -12.366973 1.503588 1.332585 21.528511 6.35794 2.056151 41.470802 4.162743 2.452649 -2.748097 -0.834718 -8.167418 -27.160591 -7.163574 -4.914897 5e-06 -0.0 0.0 0.019083 0.07253 -0.160066 0.040764 0.051117 -0.142128 0.100699 0.088787 -0.171548 -95.496689 -66.608665 112.537437 -7.203315 -65.558205 50.116302 18.394484 -0.102262 0.057572 -0.880661 2.390813 1.921157 17.636835 -26.323036 52.411655 -19.466852 -14.395824 29.410692 1.5e-05 -8.774983 -7e-06 16.405125 -18.502737 6.219192 -0.609783 -1.795664 -3.889357 -4.807176 -11.046926 -2.937862 -2.9e-05 -20.976299 3.1e-05 -5.020136 -25.033991 -4.031941 8e-06 -1e-06 -1e-06 -10.634665 -5.687024 -3.5656 10.573414 -17.923124 -3.113919 -2e-05 -13.821393 2e-05 -0.501865 -31.182085 -4.027061 -11.917354 -60.11182 7.268853 -13.982891 -7.150266 -2.875044 13.772931 -8.401561 -3.218274 0.347668 -34.212082 0.771732 -0.963085 -17.733698 2.621092 -0.0 -1e-06 -1e-06 -17.346674 -20.095396 -4.201774 21.757895 -1.638377 3.866481 -8e-06 -6.338909 1e-05 -1.697681 -22.592148 -6.1941 0.0 -5e-06 -1e-06 60.75433 -87.581192 128.705078 61.399837 -24.817768 -58.592613 67.079163 -0.595573 0.779171 -4.312957 20.80131 20.14819 22.182253 -20.376144 49.933876 -16.70208 -16.743837 28.477003 2.7e-05 -12.690855 3.3e-05 16.106281 -16.9688 2.644328 -0.105916 -1.513873 -4.27593 -5.039125 -5.612976 -2.953584 -2.6e-05 -11.020746 -5e-06 -6.11148 -15.89576 -3.84055 0.0 2e-06 -3e-06 -10.283498 -5.680382 -4.341862 11.028442 -11.302558 -2.372694 -1.384324 -14.23888 -6.320246 -0.625496 -26.924891 -3.827751 -4.447104 -49.922726 -3.165964 -13.708697 -7.363598 -3.720945 18.141417 -14.052917 -3.242768 -4.4e-05 -18.787659 -2.2e-05 -0.429744 -8.456246 2.555543 0.0 -2e-06 -2e-06 -15.923779 -20.094786 -5.473584 30.419689 -7.190842 1.735906 -2.5e-05 -8.163081 -1.1e-05 -1.861992 -22.86207 -6.168138 0.0 0.0 -2e-06 -173.58812 2.455953 6.759688 13.182101 -0.020141 -0.05356 -78.836021 -1.017077 3.314011 -4.174483 1.393037 2.084111 -1.000007 -0.0 0.0 12.333523 -7.53885 -19.495102 16.011391 -0.142534 0.332217 -74.293839 -4.113634 -15.198558 -7.018785 0.547116 1.581442 -1.000008 -0.0 0.0 
0.0 0.0 0.0 0.0 -0.0 0.0 36.502277 99.686279 576.142578 91.819138 7.198247 110.444504 -3.744203 2.588543 -0.025932 -12.424084 1.488212 1.355369 21.54706 6.279114 2.069325 41.891968 4.300104 2.460494 -2.725945 -0.870497 -8.445095 -26.428499 -7.10096 -5.377799 4e-06 -0.0 0.0 0.013578 0.073277 -0.16439 0.053967 0.057814 -0.14393 0.106359 0.084304 -0.178247 -96.217064 -66.588699 113.065231 -2.853553 -65.341927 46.216103 18.21176 -0.139781 0.072237 -0.855406 3.052957 2.253692 17.636831 -26.323082 52.411545 -19.46686 -14.395742 29.410654 -0.0 -8.774938 -5e-06 16.373104 -18.501276 6.204065 -0.60978 -1.795667 -3.889352 -4.807138 -11.046945 -2.937861 -6e-06 -20.976368 4.1e-05 -5.020087 -25.034077 -4.031892 5e-06 -1e-06 1e-06 -10.63462 -5.687016 -3.565604 10.57339 -17.923185 -3.11391 -4e-06 -13.821442 2.5e-05 -0.501827 -31.182228 -4.027029 -11.856564 -60.014229 7.156172 -13.982829 -7.150255 -2.875051 13.772875 -8.401596 -3.218262 0.347703 -34.212196 0.771738 -0.963072 -17.733761 2.621104 -0.0 2e-06 -1e-06 -17.346575 -20.095396 -4.201774 21.757784 -1.6384 3.866468 1e-06 -6.338928 1e-05 -1.697625 -22.592224 -6.194082 0.0 -3e-06 -2e-06 51.706326 -87.436462 137.74472 61.082546 -24.828938 -57.843513 66.112167 -0.298754 0.958208 -4.826625 21.394634 18.047304 22.182396 -20.3762 49.933975 -16.70195 -16.743689 28.476898 1.7e-05 -12.690778 -1.9e-05 16.061787 -17.003778 2.709156 -0.105931 -1.513866 -4.275925 -5.039112 -5.612937 -2.953601 -1.1e-05 -11.020679 4e-06 -6.111413 -15.895635 -3.840576 1e-06 1e-06 1e-06 -10.28348 -5.680348 -4.341897 11.028402 -11.302513 -2.372638 -1.384305 -14.238778 -6.320232 -0.625462 -26.92469 -3.827692 -4.426732 -49.816513 -3.15786 -13.70867 -7.363557 -3.720997 18.141335 -14.052873 -3.242677 -1.7e-05 -18.787544 1.9e-05 -0.429731 -8.456203 2.555573 2e-06 -2e-06 -1e-06 -15.923718 -20.094683 -5.473659 30.419525 -7.19088 1.736002 -8e-06 -8.163044 1.3e-05 -1.86195 -22.861908 -6.16806 1e-06 -5e-06 -1e-06 -174.052139 2.597326 6.714432 13.915237 -0.020547 -0.07121 -79.207932 -0.851051 3.242329 -4.162499 1.384261 2.084292 -1.000003 0.0 0.0 12.595384 -7.573276 -20.075884 15.796881 -0.13823 0.344686 -74.424255 -4.220644 -15.242927 -6.988482 0.553837 1.577294 -1.000006 1e-06 0.0 
0.0 0.0 0.0 0.0 -0.0 0.0 36.592056 99.644547 575.686584 91.857155 7.295368 110.744347 -3.847732 2.523762 -0.054347 -12.483608 1.477752 1.353336 21.463442 6.271172 2.048307 42.185081 4.487896 2.490591 -2.708456 -0.931843 -8.70926 -25.775543 -7.132617 -5.778508 5e-06 -0.0 0.0 3e-05 0.072645 -0.159527 0.053268 0.063972 -0.140932 0.096082 0.077864 -0.171776 -96.287468 -66.692429 112.869308 1.18326 -65.200089 42.474239 18.61573 -0.062818 0.08631 -0.765547 4.067208 1.971912 17.636726 -26.322918 52.411465 -19.466835 -14.395762 29.410627 1.3e-05 -8.77494 3e-06 16.304031 -18.398872 6.18976 -0.609778 -1.795667 -3.889349 -4.807153 -11.046919 -2.93786 -2.7e-05 -20.976273 6e-06 -5.020092 -25.033962 -4.031952 5e-06 -1e-06 2e-06 -10.634625 -5.68702 -3.565589 10.573369 -17.923103 -3.113934 -1.7e-05 -13.821376 0.0 -0.50182 -31.182043 -4.027102 -11.706431 -59.890602 7.050334 -13.982834 -7.150262 -2.875033 13.772867 -8.401547 -3.218277 0.347682 -34.212013 0.771671 -0.963065 -17.733656 2.621049 -0.0 -1e-06 -0.0 -17.346603 -20.095385 -4.201757 21.757797 -1.638361 3.866451 -8e-06 -6.338901 1e-06 -1.697652 -22.592123 -6.194109 1e-06 -4e-06 -3e-06 45.874897 -87.350853 143.528763 61.005398 -25.237556 -57.87711 65.416679 -0.239642 1.072137 -5.319867 22.069891 15.591145 22.182339 -20.37616 49.933846 -16.701956 -16.743725 28.476871 1.5e-05 -12.690788 -4e-06 16.004757 -17.057821 2.759838 -0.105926 -1.513865 -4.275919 -5.039111 -5.612935 -2.953592 -9e-06 -11.020683 9e-06 -6.111425 -15.895643 -3.840553 -1e-06 2e-06 -1e-06 -10.283476 -5.680343 -4.341878 11.028408 -11.30251 -2.372647 -1.384305 -14.238782 -6.32022 -0.625472 -26.924713 -3.827676 -4.36644 -49.567917 -3.165066 -13.708662 -7.36355 -3.72097 18.141342 -14.05287 -3.242692 -2.3e-05 -18.787554 1.8e-05 -0.429731 -8.45621 2.555564 -2e-06 1e-06 1e-06 -15.92372 -20.094666 -5.473624 30.419552 -7.190873 1.735972 -6e-06 -8.163048 1.4e-05 -1.861957 -22.861921 -6.168056 1e-06 -2e-06 0.0 -174.575256 2.758642 6.739699 14.607454 -0.021504 -0.063824 -79.420624 -0.759689 3.235379 -4.133175 1.352999 2.084315 -1.000006 -1e-06 -0.0 12.913678 -7.565705 -20.608152 15.396927 -0.133776 0.347828 -74.36367 -4.396142 -15.394782 -6.887136 0.560097 1.578947 -1.000008 1e-06 -0.0 
0.0 0.0 0.0 0.0 -0.0 0.0 36.743832 99.608032 575.173828 91.870155 7.421199 111.012794 -3.960883 2.460454 -0.081553 -12.529116 1.458308 1.324251 21.315275 6.378539 2.048567 42.382961 4.678841 2.522306 -2.707228 -0.97306 -8.945169 -25.190519 -7.260795 -6.082598 6e-06 -0.0 -1e-06 -0.013446 0.074511 -0.158457 0.037541 0.068223 -0.144739 0.076522 0.077725 -0.166683 -96.005989 -66.876183 112.265816 4.664752 -65.150726 38.965508 19.586229 0.088298 0.075421 -0.467438 5.365262 1.543655 17.63682 -26.323046 52.41156 -19.466845 -14.395701 29.410618 -1.5e-05 -8.774906 -1e-05 16.213108 -18.243248 6.164961 -0.609779 -1.795664 -3.889351 -4.807111 -11.046905 -2.937869 3.4e-05 -20.976271 2.6e-05 -5.020004 -25.033918 -4.031887 5e-06 -2e-06 0.0 -10.6346 -5.686999 -3.565613 10.573383 -17.923141 -3.113913 2.1e-05 -13.821381 2.1e-05 -0.501763 -31.182024 -4.027007 -11.548966 -59.757332 6.971504 -13.9828 -7.150233 -2.875064 13.772851 -8.401592 -3.218258 0.347773 -34.212044 0.771714 -0.963038 -17.733671 2.621106 -0.0 -1e-06 -1e-06 -17.346516 -20.095354 -4.201807 21.757719 -1.638423 3.866464 1.2e-05 -6.3389 8e-06 -1.697568 -22.592085 -6.194063 1e-06 -5e-06 -2e-06 42.242138 -87.284882 147.144974 61.121418 -25.89539 -58.501785 64.986031 -0.296289 1.031393 -5.563041 22.718422 13.010323 22.182415 -20.376276 49.934124 -16.702059 -16.743759 28.477039 -5e-06 -12.690818 -5e-06 15.943234 -17.144327 2.812111 -0.105925 -1.513871 -4.27594 -5.039114 -5.612946 -2.953613 7e-06 -11.020711 -3e-06 -6.111403 -15.895673 -3.840587 0.0 -2e-06 -0.0 -10.283494 -5.680353 -4.341911 11.028449 -11.302557 -2.372665 -1.38428 -14.238823 -6.320261 -0.625417 -26.924797 -3.827712 -4.331884 -49.300533 -3.171091 -13.708688 -7.363561 -3.721008 18.141405 -14.052934 -3.242719 6e-06 -18.7876 1.3e-05 -0.429731 -8.456225 2.555583 -2e-06 -1e-06 2e-06 -15.923726 -20.094719 -5.473685 30.419621 -7.190933 1.735959 4e-06 -8.163069 1.3e-05 -1.861928 -22.861979 -6.168069 -0.0 -7e-06 -3e-06 -175.066208 2.942296 6.81212 15.249586 -0.016256 -0.043074 -79.521828 -0.794952 3.308205 -4.087663 1.326367 2.090138 -1.000003 0.0 -0.0 13.302265 -7.54 -21.047224 14.85532 -0.126818 0.324218 -74.178864 -4.597278 -15.534569 -6.711816 0.550182 1.58166 -1.000006 1e-06 0.0 
0.0 0.0 0.0 0.0 -0.0 0.0 36.953026 99.539658 574.687439 91.902168 7.609897 111.068642 -4.069775 2.390763 -0.092241 -12.567905 1.428435 1.283679 21.18301 6.579993 2.117447 42.514442 4.812928 2.548527 -2.723876 -0.991958 -9.119366 -24.622709 -7.472718 -6.244597 5e-06 -1e-06 -1e-06 -0.023995 0.082031 -0.181369 0.011362 0.078669 -0.174713 0.054238 0.081635 -0.183547 -95.654762 -67.017738 111.574776 7.714227 -65.218597 35.486042 20.87583 0.184212 0.037474 -0.035901 7.02129 1.347165 17.636862 -26.323101 52.411533 -19.466993 -14.395836 29.410727 3e-06 -8.77501 0.0 16.121813 -18.121601 6.137812 -0.609778 -1.795675 -3.889358 -4.80717 -11.047009 -2.93786 -1.7e-05 -20.976522 3.4e-05 -5.020166 -25.034309 -4.031915 6e-06 -1e-06 1e-06 -10.634664 -5.687044 -3.565591 10.573455 -17.923285 -3.11394 -9e-06 -13.821539 1.2e-05 -0.501841 -31.182505 -4.027087 -11.361209 -59.55822 6.876371 -13.982889 -7.150291 -2.875029 13.772964 -8.40164 -3.218292 0.347706 -34.212486 0.7717 -0.963062 -17.733919 2.621088 0.0 1e-06 -0.0 -17.346666 -20.095491 -4.201743 21.757925 -1.638394 3.866467 -2e-06 -6.338972 2e-06 -1.697658 -22.592442 -6.194137 0.0 -5e-06 -2e-06 39.673244 -87.20768 149.73024 61.368916 -26.568018 -59.242199 64.654388 -0.339613 0.898475 -5.617251 23.350311 10.44756 22.182367 -20.376194 49.933933 -16.701929 -16.743717 28.476871 1.9e-05 -12.690778 -1.1e-05 15.905677 -17.25193 2.855884 -0.105928 -1.513862 -4.275924 -5.039113 -5.612929 -2.953592 -1e-05 -11.020658 9e-06 -6.111422 -15.895594 -3.840553 -0.0 -2e-06 1e-06 -10.283481 -5.680342 -4.341887 11.028402 -11.302491 -2.372637 -1.384315 -14.23875 -6.320215 -0.625486 -26.924625 -3.827673 -4.301774 -49.153152 -3.197142 -13.708669 -7.363549 -3.720982 18.141336 -14.052845 -3.242683 -3.2e-05 -18.787516 2.5e-05 -0.42974 -8.456185 2.555567 -0.0 -3e-06 3e-06 -15.923729 -20.094662 -5.473639 30.419548 -7.19086 1.735988 -1.1e-05 -8.163037 1.4e-05 -1.861979 -22.861858 -6.168031 -1e-06 -3e-06 -3e-06 -175.476791 3.197027 6.876672 15.978442 -0.01033 -0.029028 -79.746147 -1.022959 3.444113 -4.082939 1.321273 2.097357 -1.000001 -0.0 -0.0 13.72358 -7.612701 -21.390894 14.314697 -0.112523 0.276546 -74.093323 -4.6675 -15.530296 -6.501912 0.539402 1.588453 -1.000007 0.0 0.0 
0.0 0.0 0.0 0.0 -0.0 0.0 37.220837 99.409996 574.215698 91.963066 7.891924 110.811676 -4.147094 2.343186 -0.069461 -12.601666 1.406183 1.23897 21.114714 6.835065 2.226121 42.615192 4.807797 2.555479 -2.740343 -1.001262 -9.222731 -24.083641 -7.76886 -6.30325 6e-06 0.0 -1e-06 -0.029444 0.090908 -0.218803 -0.005734 0.096853 -0.217458 0.039074 0.080163 -0.216182 -95.398323 -67.019669 111.003761 10.523688 -65.455811 32.069786 22.11153 0.182879 -0.004215 0.443148 9.002308 1.424802 17.636642 -26.322718 52.411209 -19.466713 -14.395682 29.410454 6e-06 -8.774881 -0.0 16.017012 -18.07748 6.096004 -0.609776 -1.795655 -3.88933 -4.807116 -11.046829 -2.937851 -2e-06 -20.97608 -5e-06 -5.020011 -25.033693 -4.031929 6e-06 -1e-06 1e-06 -10.634567 -5.686982 -3.565579 10.573314 -17.92297 -3.113916 -2e-06 -13.821251 -1e-06 -0.501784 -31.181696 -4.027058 -11.132392 -59.271671 6.741849 -13.98276 -7.150211 -2.875028 13.772793 -8.401495 -3.218259 0.347723 -34.211689 0.771654 -0.963039 -17.733482 2.621038 -0.0 -2e-06 0.0 -17.346491 -20.095242 -4.201764 21.757666 -1.638368 3.866431 -2e-06 -6.338842 0.0 -1.697613 -22.591873 -6.19406 0.0 -4e-06 -1e-06 36.642284 -87.135979 152.746246 61.66396 -27.121304 -59.781384 64.264877 -0.400827 0.801264 -5.520868 23.984224 7.902294 22.182081 -20.375881 49.933224 -16.701813 -16.743582 28.476519 0.0 -12.690635 1.3e-05 15.874275 -17.347916 2.867055 -0.105915 -1.513854 -4.275877 -5.039048 -5.612877 -2.953545 1e-06 -11.020551 7e-06 -6.111328 -15.895403 -3.840462 0.0 -1e-06 1e-06 -10.283376 -5.680289 -4.34182 11.028304 -11.302406 -2.372634 -1.384277 -14.238605 -6.320113 -0.625455 -26.924297 -3.827593 -4.274164 -49.159222 -3.231146 -13.708533 -7.363477 -3.720917 18.141172 -14.052736 -3.242683 -1e-05 -18.787317 9e-06 -0.429722 -8.456083 2.555517 0.0 1e-06 1e-06 -15.923556 -20.094482 -5.473546 30.419256 -7.190805 1.735909 -3e-06 -8.162945 0.0 -1.861926 -22.86157 -6.167953 -1e-06 -2e-06 -1e-06 -175.873871 3.556033 6.898636 16.996313 -0.010143 -0.043149 -80.280914 -1.451997 3.634234 -4.106791 1.347263 2.103449 -1.000005 -0.0 0.0 14.176774 -7.810388 -21.625322 13.861888 -0.099693 0.249762 -74.26194 -4.595988 -15.455769 -6.301296 0.53451 1.597031 -1.000002 -1e-06 -0.0 
0.0 0.0 0.0 0.0 -0.0 0.0 37.546394 99.235184 573.7453 92.00367 8.279475 110.269676 -4.203576 2.3324 -0.030408 -12.638591 1.414551 1.190819 21.141699 7.16003 2.320022 42.723564 4.621737 2.514098 -2.73757 -1.01898 -9.220183 -23.602144 -8.123542 -6.305187 6e-06 -0.0 -1e-06 -0.03111 0.095331 -0.241292 0.004278 0.11363 -0.239188 0.046961 0.0714 -0.239028 -95.359581 -66.911621 110.676926 13.171105 -65.872665 28.913345 23.171537 0.111742 -0.035217 0.899851 11.074488 1.781806 17.636683 -26.322813 52.411377 -19.466846 -14.395719 29.410587 -0.0 -8.774914 5e-06 15.95037 -18.087545 6.037492 -0.609776 -1.795668 -3.889345 -4.807128 -11.046892 -2.937869 1.3e-05 -20.976212 -2.5e-05 -5.02001 -25.033867 -4.031955 7e-06 0.0 -0.0 -10.634598 -5.687009 -3.565589 10.573365 -17.92308 -3.113953 8e-06 -13.821334 -1.6e-05 -0.501741 -31.181911 -4.027109 -10.904607 -59.047184 6.568964 -13.982801 -7.150246 -2.875036 13.772845 -8.401548 -3.218286 0.347763 -34.21191 0.77161 -0.963019 -17.733599 2.62103 1e-06 -0.0 -0.0 -17.34654 -20.095346 -4.201777 21.757738 -1.638378 3.866434 1e-06 -6.338877 -7e-06 -1.69759 -22.592016 -6.194114 0.0 -3e-06 -2e-06 32.650085 -87.038521 156.695297 62.008755 -27.515184 -59.942738 63.801071 -0.474601 0.780337 -5.298046 24.56081 5.171239 22.182301 -20.376078 49.933662 -16.701933 -16.743662 28.476757 4e-06 -12.690733 -6e-06 15.837517 -17.450956 2.856103 -0.105922 -1.513863 -4.275907 -5.039088 -5.612919 -2.953578 -2e-06 -11.020642 2e-06 -6.11138 -15.895558 -3.840528 1e-06 -5e-06 0.0 -10.283447 -5.680329 -4.341865 11.028381 -11.302491 -2.372644 -1.38429 -14.238735 -6.320191 -0.625444 -26.92458 -3.827662 -4.232786 -49.25766 -3.287703 -13.708631 -7.363532 -3.72096 18.1413 -14.052847 -3.242691 -2e-06 -18.787481 3e-06 -0.42972 -8.456161 2.555546 0.0 -0.0 -0.0 -15.923677 -20.094625 -5.473609 30.419474 -7.190871 1.735963 -1e-06 -8.163018 3e-06 -1.861925 -22.861811 -6.168039 -1e-06 1e-06 -1e-06 -176.233459 3.949 6.813299 18.205929 -0.017167 -0.082081 -81.044533 -1.999692 3.824733 -4.136053 1.396146 2.105941 -1.000005 1e-06 -0.0 14.679883 -8.059999 -21.733994 13.469241 -0.094432 0.259348 -74.570282 -4.416508 -15.330611 -6.144436 0.53482 1.602609 -1.000008 -0.0 -0.0 
0.0 0.0 0.0 0.0 -0.0 0.0 37.914978 99.048393 573.224609 91.985039 8.701775 109.555389 -4.261438 2.351569 -0.003908 -12.687437 1.439647 1.128907 21.26634 7.533333 2.347932 42.845116 4.319755 2.426414 -2.723127 -1.062187 -9.111549 -23.244995 -8.508021 -6.235204 7e-06 -0.0 0.0 -0.032313 0.093449 -0.242221 0.028774 0.122371 -0.234954 0.065894 0.058473 -0.24386 -95.404457 -66.739777 110.472755 15.567668 -66.443825 26.284943 24.156061 0.01391 -0.054644 1.347389 12.846756 2.406761 17.636641 -26.322821 52.41127 -19.466782 -14.39571 29.410515 2e-06 -8.774898 7e-06 15.940336 -18.116863 5.982593 -0.609775 -1.795657 -3.889336 -4.807119 -11.046876 -2.93785 -4e-06 -20.976187 4e-06 -5.020041 -25.033844 -4.031908 6e-06 -1e-06 -1e-06 -10.634576 -5.686995 -3.565578 10.573339 -17.923056 -3.113927 -4e-06 -13.821321 2e-06 -0.501794 -31.18189 -4.027057 -10.828672 -58.956165 6.500589 -13.982768 -7.150229 -2.875025 13.772812 -8.40153 -3.218273 0.347717 -34.21188 0.77166 -0.963043 -17.733585 2.621041 -0.0 -1e-06 -0.0 -17.346506 -20.095299 -4.201749 21.757696 -1.638371 3.866419 -3e-06 -6.338874 -0.0 -1.697616 -22.592012 -6.19407 -0.0 -4e-06 -3e-06 27.944548 -86.881653 161.367599 62.415432 -27.731464 -59.836021 63.385483 -0.58187 0.800519 -5.032399 25.057461 2.991332 22.182138 -20.375931 49.933521 -16.7019 -16.743603 28.476706 -6e-06 -12.69067 9e-06 15.833936 -17.538641 2.822693 -0.10592 -1.51386 -4.275897 -5.039064 -5.612893 -2.953575 8e-06 -11.020579 -1.8e-05 -6.111322 -15.895469 -3.840542 -1e-06 -1e-06 -1e-06 -10.2834 -5.680307 -4.341853 11.028338 -11.302431 -2.372659 -1.384264 -14.238657 -6.320187 -0.625387 -26.924412 -3.827691 -4.218614 -49.400063 -3.363459 -13.708569 -7.3635 -3.72095 18.141228 -14.052774 -3.242709 1.2e-05 -18.787363 -2e-05 -0.429713 -8.456107 2.555525 1e-06 -1e-06 0.0 -15.923589 -20.094536 -5.473611 30.419336 -7.190839 1.735915 3e-06 -8.162966 -4e-06 -1.861889 -22.861649 -6.16802 2e-06 -4e-06 -3e-06 -176.604721 4.32459 6.579835 19.427061 -0.028956 -0.128063 -81.780678 -2.572623 4.006083 -4.174107 1.456467 2.112117 -1.000003 1e-06 0.0 15.299271 -8.257913 -21.733404 12.897256 -0.084733 0.283869 -74.862007 -4.147549 -15.182862 -6.067493 0.541682 1.604357 -1.000002 0.0 0.0 
0.0 0.0 0.0 0.0 -0.0 0.0 38.284603 98.912224 572.679504 91.878868 9.072778 108.795174 -4.336527 2.382905 0.000754 -12.740867 1.468524 1.081617 21.400099 7.934415 2.283172 42.979034 4.003434 2.316803 -2.691366 -1.114323 -8.939866 -22.983616 -8.864226 -6.169986 5e-06 -0.0 -1e-06 -0.033037 0.087917 -0.222018 0.053299 0.11865 -0.209118 0.086042 0.050829 -0.227974 -95.206589 -66.59893 110.098091 17.62038 -67.106308 24.463591 25.25046 -0.114431 -0.092618 1.760972 13.993102 3.38834 17.636688 -26.322847 52.411247 -19.466841 -14.395717 29.410532 -3e-06 -8.774914 3e-06 15.952659 -18.131989 5.9145 -0.609774 -1.795664 -3.889339 -4.807123 -11.04691 -2.937852 2e-06 -20.976274 5e-06 -5.020047 -25.033958 -4.031907 6e-06 3e-06 0.0 -10.634586 -5.687001 -3.565578 10.573363 -17.923117 -3.113933 2e-06 -13.821374 -1e-06 -0.501785 -31.182041 -4.027064 -10.837312 -58.938934 6.497345 -13.982785 -7.15024 -2.875022 13.772837 -8.401566 -3.218276 0.347737 -34.212017 0.771652 -0.963034 -17.733667 2.621047 -0.0 -1e-06 0.0 -17.346525 -20.095343 -4.201745 21.757727 -1.638384 3.866427 1e-06 -6.338899 -2e-06 -1.697605 -22.592113 -6.194085 -0.0 -4e-06 -2e-06 23.664623 -86.675514 165.667679 62.774471 -27.843714 -59.496864 63.186184 -0.756641 0.885769 -4.841596 25.432192 2.074576 22.182213 -20.37611 49.933746 -16.70188 -16.743694 28.47678 7e-06 -12.690716 1.3e-05 15.894246 -17.579227 2.786289 -0.10592 -1.513855 -4.27591 -5.039082 -5.612895 -2.953577 -3e-06 -11.020585 6e-06 -6.11137 -15.895462 -3.840521 -0.0 -0.0 -0.0 -10.283436 -5.680315 -4.341865 11.028363 -11.302434 -2.372647 -1.38429 -14.238651 -6.320174 -0.625452 -26.924383 -3.827638 -4.211574 -49.520004 -3.414132 -13.708611 -7.363512 -3.720959 18.14127 -14.052772 -3.242694 -2.9e-05 -18.787373 2.7e-05 -0.429734 -8.456113 2.55555 -1e-06 5e-06 2e-06 -15.923654 -20.094568 -5.473612 30.419434 -7.190829 1.735932 -9e-06 -8.162981 1.5e-05 -1.861969 -22.861679 -6.167972 -0.0 -5e-06 -3e-06 -176.907578 4.595648 6.229062 20.287327 -0.033049 -0.173103 -82.211922 -3.088381 4.195369 -4.186934 1.499985 2.120849 -1.000003 -1e-06 -0.0 15.990129 -8.345643 -21.716146 12.012511 -0.068286 0.304401 -74.863396 -3.766953 -15.079694 -6.082942 0.549219 1.602006 -1.000007 0.0 0.0 
0.0 0.0 0.0 0.0 -0.0 0.0 38.614975 98.830482 572.13092 91.739868 9.343136 108.120682 -4.416236 2.404316 -0.009135 -12.7831 1.495808 1.042376 21.45756 8.285664 2.162956 43.143715 3.78503 2.244951 -2.65573 -1.14824 -8.812263 -22.794037 -9.203985 -6.100783 6e-06 -0.0 -1e-06 -0.032993 0.083337 -0.19632 0.06688 0.113146 -0.181197 0.093795 0.047094 -0.2036 -94.672821 -66.551628 109.389221 19.044361 -67.768745 23.740259 26.510027 -0.20088 -0.117597 2.051097 14.539046 4.338415 17.636806 -26.323069 52.411636 -19.467133 -14.395835 29.410852 -2.3e-05 -8.775002 1e-05 15.943533 -18.102314 5.843698 -0.609774 -1.795684 -3.88937 -4.807143 -11.047025 -2.937891 5e-05 -20.976547 -2.5e-05 -5.02004 -25.034321 -4.031959 6e-06 1e-06 -0.0 -10.634654 -5.68705 -3.565604 10.573493 -17.923332 -3.114 3.3e-05 -13.821548 -1.8e-05 -0.50169 -31.182518 -4.02714 -10.809611 -58.919964 6.462043 -13.982876 -7.150295 -2.875045 13.77297 -8.401678 -3.218327 0.347839 -34.21249 0.7716 -0.963001 -17.733908 2.621077 -0.0 4e-06 0.0 -17.346622 -20.095531 -4.201784 21.757902 -1.638427 3.866441 1.2e-05 -6.338975 -1.2e-05 -1.697549 -22.59244 -6.194192 -0.0 -5e-06 -2e-06 21.232323 -86.473358 168.100143 62.996487 -27.956171 -58.980999 63.364506 -0.972121 0.984605 -4.694634 25.60494 2.624128 22.182434 -20.376295 49.934093 -16.701996 -16.743793 28.476982 1e-05 -12.690833 -9e-06 15.962244 -17.581335 2.744576 -0.105926 -1.513864 -4.275937 -5.039124 -5.612936 -2.953604 -3e-06 -11.020684 1e-05 -6.111435 -15.89563 -3.840569 -0.0 -1e-06 -0.0 -10.283508 -5.680346 -4.341899 11.028453 -11.302521 -2.372649 -1.384305 -14.238778 -6.320236 -0.62546 -26.924698 -3.827673 -4.175899 -49.553024 -3.434222 -13.708708 -7.363556 -3.720993 18.141415 -14.052887 -3.242695 -2.5e-05 -18.787558 4e-05 -0.429738 -8.456205 2.555588 -0.0 1e-06 1e-06 -15.923767 -20.094692 -5.473658 30.419659 -7.190899 1.735984 -6e-06 -8.163057 2.2e-05 -1.86198 -22.861927 -6.168041 0.0 -5e-06 -0.0 -177.176178 4.781419 5.798002 20.791464 -0.029735 -0.206904 -82.377663 -3.467818 4.376967 -4.170113 1.513505 2.127479 -1.000004 2e-06 0.0 16.38203 -8.478113 -21.700062 11.490078 -0.056267 0.30636 -74.701744 -3.329927 -15.065312 -6.080472 0.549416 1.599091 -1.000009 0.0 -0.0 
0.0 0.0 0.0 0.0 -0.0 0.0 38.894722 98.775299 571.5979 91.634102 9.542696 107.562622 -4.466152 2.403255 -0.021655 -12.813719 1.516811 1.002818 21.433495 8.543625 2.050061 43.35788 3.72048 2.225238 -2.632204 -1.172178 -8.773716 -22.655954 -9.532868 -5.983498 6e-06 -0.0 -1e-06 -0.032106 0.080764 -0.177125 0.070822 0.108657 -0.162284 0.092258 0.046505 -0.183821 -93.971077 -66.596436 108.477661 19.752089 -68.401237 23.868765 27.75452 -0.179031 -0.113252 2.174057 14.716533 4.90166 17.636763 -26.323067 52.411659 -19.466991 -14.395894 29.410812 1.3e-05 -8.775021 1.3e-05 15.91136 -18.031193 5.779012 -0.609778 -1.795673 -3.889365 -4.807188 -11.046996 -2.937865 -3.3e-05 -20.976461 1.3e-05 -5.020171 -25.034237 -4.031962 6e-06 -1e-06 -0.0 -10.634681 -5.687053 -3.565588 10.573454 -17.923239 -3.113964 -2.2e-05 -13.821505 2e-06 -0.501845 -31.182419 -4.027131 -10.729034 -58.879147 6.390502 -13.982912 -7.1503 -2.875021 13.772976 -8.401606 -3.218317 0.347675 -34.212353 0.771681 -0.963076 -17.733839 2.621068 -1e-06 2e-06 1e-06 -17.346712 -20.095493 -4.201739 21.757967 -1.638367 3.866448 -1.2e-05 -6.338955 0.0 -1.69768 -22.592369 -6.194157 -0.0 -5e-06 -2e-06 20.905048 -86.33046 168.374954 63.104473 -28.10183 -58.434101 63.908714 -1.17784 1.045283 -4.396832 25.594496 4.458885 22.18232 -20.376074 49.9338 -16.701956 -16.743839 28.476845 3.6e-05 -12.690845 8e-06 15.998373 -17.561367 2.695359 -0.10592 -1.513862 -4.275919 -5.039133 -5.612927 -2.953576 -2.7e-05 -11.020626 2e-06 -6.111482 -15.895546 -3.840544 1e-06 -2e-06 -1e-06 -10.283513 -5.680352 -4.341855 11.028439 -11.302454 -2.372664 -1.384339 -14.238717 -6.320206 -0.625494 -26.924519 -3.827695 -4.129873 -49.520149 -3.445143 -13.708719 -7.363561 -3.720942 18.141401 -14.052786 -3.242716 -5.6e-05 -18.787445 7e-06 -0.429743 -8.456137 2.555545 1e-06 -3e-06 -2e-06 -15.92382 -20.094666 -5.473586 30.419706 -7.190808 1.735963 -2.3e-05 -8.163002 6e-06 -1.86203 -22.861765 -6.168056 -1e-06 -5e-06 -2e-06 -177.417953 4.942508 5.335044 21.08843 -0.024527 -0.220876 -82.421341 -3.713867 4.534936 -4.156973 1.508536 2.130496 -1.000004 1e-06 0.0 16.58028 -8.666944 -21.748644 11.203127 -0.050438 0.291812 -74.51091 -2.941551 -15.094037 -6.014977 0.541782 1.596464 -1.000007 0.0 0.0 
0.0 0.0 0.0 0.0 -0.0 0.0 39.137329 98.733284 571.086792 91.611031 9.705792 107.152122 -4.489043 2.376159 -0.017873 -12.831451 1.520298 0.949382 21.361385 8.701043 1.968655 43.650307 3.790483 2.234285 -2.62161 -1.193244 -8.806584 -22.548042 -9.825718 -5.844801 5e-06 -1e-06 -1e-06 -0.031486 0.081802 -0.170933 0.066524 0.10606 -0.158771 0.085455 0.051193 -0.175408 -93.391441 -66.68998 107.701843 19.968447 -68.884819 24.20175 28.777678 -0.116582 -0.086418 2.146003 14.693427 5.06337 17.636772 -26.322893 52.411377 -19.46689 -14.395647 29.410589 -1.1e-05 -8.774899 -8e-06 15.87757 -17.961752 5.731713 -0.60978 -1.795672 -3.889345 -4.807113 -11.046935 -2.937877 2.5e-05 -20.976332 -1.5e-05 -5.019991 -25.034029 -4.031934 6e-06 -2e-06 -0.0 -10.634586 -5.687017 -3.565605 10.573364 -17.92317 -3.113939 2e-05 -13.821409 -1.2e-05 -0.501713 -31.182133 -4.027101 -10.644269 -58.843987 6.326561 -13.982782 -7.150252 -2.875056 13.772825 -8.401598 -3.218268 0.347792 -34.212112 0.771616 -0.963011 -17.733711 2.62105 -1e-06 4e-06 1e-06 -17.346504 -20.095396 -4.201794 21.757698 -1.638407 3.866457 1e-05 -6.338915 -8e-06 -1.697555 -22.592188 -6.194128 1e-06 -3e-06 -2e-06 22.358574 -86.232254 166.826935 63.108635 -28.192726 -57.889462 64.660973 -1.299475 1.018927 -3.822815 25.457155 7.122558 22.18227 -20.37616 49.93383 -16.701899 -16.743637 28.476812 4e-06 -12.690705 -5e-06 16.034115 -17.552776 2.652685 -0.105926 -1.51386 -4.275915 -5.039082 -5.61291 -2.95359 -1e-06 -11.020625 6e-06 -6.111358 -15.895534 -3.840539 1e-06 -0.0 0.0 -10.283431 -5.680322 -4.341884 11.028357 -11.302477 -2.372637 -1.384283 -14.23871 -6.320199 -0.62545 -26.924547 -3.827652 -4.088229 -49.473808 -3.464063 -13.708602 -7.36352 -3.720983 18.141254 -14.052829 -3.242677 -1.1e-05 -18.787453 2.4e-05 -0.429733 -8.456154 2.555558 0.0 -1e-06 1e-06 -15.923627 -20.094604 -5.473646 30.419382 -7.190862 1.73596 -7e-06 -8.163011 1.4e-05 -1.86193 -22.861773 -6.168004 0.0 -6e-06 -3e-06 -177.589111 5.139468 4.909092 21.210323 -0.022277 -0.219514 -82.370834 -3.880453 4.673062 -4.173897 1.500274 2.130785 -1.000001 1e-06 0.0 16.663635 -8.93789 -21.879189 11.099031 -0.048837 0.276508 -74.34668 -2.623563 -15.171088 -5.942402 0.529984 1.593955 -1.000007 0.0 0.0 
0.0 0.0 0.0 0.0 -0.0 0.0 39.335613 98.697479 570.583008 91.652512 9.861121 106.890488 -4.495719 2.342327 0.002129 -12.839589 1.511198 0.908346 21.280064 8.784664 1.894452 43.993984 3.932082 2.234285 -2.630727 -1.219882 -8.83918 -22.47356 -10.0669 -5.741665 4e-06 -1e-06 -0.0 -0.032386 0.086242 -0.177585 0.050913 0.104161 -0.169961 0.073869 0.061657 -0.178701 -93.178673 -66.769554 107.328255 19.914234 -69.096191 24.455317 29.405949 -0.089654 -0.058715 1.953697 14.587648 5.135757 17.636787 -26.322998 52.411541 -19.466892 -14.395785 29.410683 1e-05 -8.774969 -1e-06 15.833581 -17.919754 5.737015 -0.60978 -1.795669 -3.889353 -4.807163 -11.046953 -2.937863 -2.5e-05 -20.976368 1.7e-05 -5.020128 -25.034105 -4.031943 6e-06 2e-06 -0.0 -10.634641 -5.687034 -3.565596 10.573401 -17.92317 -3.113933 -1.5e-05 -13.821435 5e-06 -0.501836 -31.182215 -4.027096 -10.625558 -58.818584 6.325134 -13.982856 -7.150274 -2.87504 13.772906 -8.401582 -3.21828 0.347684 -34.212189 0.771689 -0.96307 -17.733761 2.62107 0.0 1e-06 -0.0 -17.346628 -20.095428 -4.201764 21.757853 -1.638373 3.866466 -6e-06 -6.338924 2e-06 -1.697659 -22.592237 -6.194127 -1e-06 -3e-06 -2e-06 24.571365 -86.189003 164.507278 63.010921 -28.182663 -57.391491 65.401703 -1.289976 0.960445 -3.100046 25.242529 9.78288 22.182316 -20.376184 49.933865 -16.701984 -16.743759 28.476913 1.8e-05 -12.690808 5e-06 16.088213 -17.584929 2.641312 -0.105921 -1.513865 -4.275924 -5.039114 -5.612943 -2.953588 -1.4e-05 -11.0207 1.2e-05 -6.111446 -15.895673 -3.840541 2e-06 0.0 2e-06 -10.283479 -5.68035 -4.341874 11.02842 -11.302521 -2.372654 -1.384315 -14.238807 -6.32022 -0.625495 -26.924759 -3.827681 -4.067159 -49.440643 -3.497459 -13.708669 -7.363559 -3.720967 18.141365 -14.052883 -3.242707 -3.4e-05 -18.787586 1.9e-05 -0.429739 -8.456229 2.555565 2e-06 0.0 -1e-06 -15.923729 -20.09469 -5.473616 30.419594 -7.190864 1.735955 -1.7e-05 -8.16306 8e-06 -1.861993 -22.86198 -6.168062 1e-06 -5e-06 -0.0 -177.717331 5.353559 4.552495 21.243994 -0.020517 -0.21221 -82.270386 -3.966677 4.789212 -4.19894 1.494267 2.12863 -1.000003 1e-06 0.0 16.671135 -9.248535 -22.08779 11.148584 -0.050355 0.26452 -74.235588 -2.334209 -15.269209 -5.878229 0.510811 1.589817 -1.000005 0.0 0.0 
0.0 0.0 0.0 0.0 -0.0 0.0 39.490643 98.655182 570.082947 91.720604 10.016103 106.727188 -4.49945 2.316122 0.024059 -12.842303 1.492522 0.873697 21.223034 8.829787 1.834343 44.320953 4.067276 2.21435 -2.64395 -1.242216 -8.848591 -22.382717 -10.276005 -5.682126 6e-06 -0.0 1e-06 -0.031017 0.093097 -0.193975 0.032116 0.104974 -0.190922 0.061771 0.073956 -0.191786 -93.328148 -66.768967 107.36705 19.725199 -69.077354 24.709366 29.574856 -0.061986 -0.03521 1.64336 14.45631 5.167486 17.636662 -26.322851 52.411392 -19.466835 -14.395725 29.410597 5e-06 -8.774916 8e-06 15.784992 -17.917566 5.779787 -0.609778 -1.795666 -3.889345 -4.807137 -11.04691 -2.937862 -1.4e-05 -20.976252 -9e-06 -5.020055 -25.033939 -4.031946 6e-06 -1e-06 0.0 -10.634599 -5.687018 -3.565587 10.573353 -17.923092 -3.113942 -9e-06 -13.821365 -9e-06 -0.501791 -31.18202 -4.027104 -10.673559 -58.801243 6.394763 -13.9828 -7.150256 -2.87503 13.772839 -8.401546 -3.218285 0.347712 -34.211979 0.771638 -0.963048 -17.733635 2.621034 0.0 3e-06 0.0 -17.346552 -20.095371 -4.201762 21.757742 -1.638361 3.866431 -7e-06 -6.338894 -5e-06 -1.697619 -22.592106 -6.194118 -1e-06 -5e-06 -2e-06 26.08021 -86.174438 162.883163 62.886162 -28.057713 -57.010059 65.874153 -1.196112 0.892586 -2.50952 25.073755 11.903325 22.182283 -20.37606 49.933582 -16.701902 -16.743689 28.476706 1.3e-05 -12.690748 -5e-06 16.150637 -17.644169 2.653711 -0.105921 -1.513859 -4.2759 -5.039094 -5.612912 -2.953568 -8e-06 -11.020629 1.2e-05 -6.111403 -15.895537 -3.840505 -1e-06 1e-06 -1e-06 -10.283449 -5.680324 -4.341851 11.028378 -11.302467 -2.372637 -1.384306 -14.238711 -6.320164 -0.625481 -26.924538 -3.82763 -4.073505 -49.46587 -3.53468 -13.70863 -7.363523 -3.720945 18.141296 -14.052814 -3.242682 -2.1e-05 -18.787455 1.8e-05 -0.429722 -8.456154 2.55555 -1e-06 -3e-06 -2e-06 -15.923685 -20.094599 -5.473583 30.419481 -7.190851 1.735962 -9e-06 -8.163005 5e-06 -1.861961 -22.861778 -6.16801 -1e-06 -2e-06 -0.0 -177.870712 5.561513 4.263307 21.323095 -0.018759 -0.209852 -82.183609 -4.002508 4.918552 -4.241162 1.494629 2.127049 -1.000002 0.0 0.0 16.590702 -9.560077 -22.272247 11.330768 -0.047791 0.253217 -74.237976 -2.085084 -15.36097 -5.856115 0.491571 1.586196 -1.000005 0.0 -0.0 
0.0 0.0 0.0 0.0 -0.0 0.0 39.607185 98.610214 569.61676 91.798111 10.160621 106.632889 -4.509534 2.28883 0.047325 -12.834314 1.466418 0.846808 21.185917 8.859556 1.78356 44.611927 4.17382 2.199374 -2.657094 -1.262928 -8.841746 -22.279549 -10.461172 -5.63763 5e-06 -0.0 0.0 -0.027561 0.099764 -0.211432 0.024277 0.106408 -0.210072 0.060303 0.08519 -0.208174 -93.67765 -66.673515 107.653229 19.413002 -68.903038 24.979691 29.434807 -0.061592 -0.02116 1.30993 14.27375 5.199593 17.636747 -26.322924 52.411369 -19.466881 -14.395712 29.410589 -2e-06 -8.77492 1e-06 15.739284 -17.94836 5.833404 -0.609775 -1.795674 -3.889347 -4.807135 -11.046944 -2.93786 -5e-06 -20.976339 4e-06 -5.020061 -25.034046 -4.031919 6e-06 0.0 0.0 -10.634609 -5.687027 -3.565588 10.573372 -17.92317 -3.113937 -1e-06 -13.821418 -5e-06 -0.501783 -31.182158 -4.02709 -10.757671 -58.796146 6.496485 -13.982815 -7.150267 -2.875031 13.772858 -8.401588 -3.218277 0.347735 -34.212143 0.771642 -0.963033 -17.733725 2.621043 -0.0 2e-06 -1e-06 -17.346565 -20.095415 -4.201756 21.757759 -1.638381 3.866445 0.0 -6.338918 -5e-06 -1.697609 -22.592197 -6.194113 -1e-06 -3e-06 -2e-06 26.548584 -86.156822 162.279282 62.776691 -27.890358 -56.779736 66.008553 -1.119261 0.822303 -2.118815 24.9617 13.440367 22.182404 -20.376322 49.934101 -16.701981 -16.74379 28.476986 1.9e-05 -12.690822 -1e-06 16.21665 -17.68313 2.6501 -0.105926 -1.513863 -4.275935 -5.039123 -5.612943 -2.953599 -1.4e-05 -11.0207 1.6e-05 -6.111449 -15.89566 -3.840555 1e-06 -1e-06 2e-06 -10.283502 -5.680354 -4.341898 11.028435 -11.302533 -2.372648 -1.384313 -14.23881 -6.320234 -0.625493 -26.924767 -3.827671 -4.053008 -49.507881 -3.60226 -13.708697 -7.363563 -3.720989 18.14139 -14.052891 -3.242697 -4e-05 -18.787596 3.9e-05 -0.429747 -8.456228 2.555585 -0.0 0.0 -2e-06 -15.923759 -20.094706 -5.473646 30.419628 -7.19088 1.735975 -1.8e-05 -8.163068 1.9e-05 -1.861996 -22.861973 -6.168045 -2e-06 -1e-06 -2e-06 -178.035583 5.751182 4.039421 21.434061 -0.018809 -0.215874 -82.121941 -4.010084 5.041042 -4.283544 1.500346 2.125706 -1.000004 1e-06 -0.0 16.451813 -9.844564 -22.397507 11.566525 -0.041062 0.244154 -74.313545 -1.918763 -15.425866 -5.85946 0.480506 1.585692 -1.000006 -0.0 0.0 
0.0 0.0 0.0 0.0 -0.0 0.0 39.688641 98.564461 569.19751 91.874901 10.303097 106.613945 -4.522968 2.257388 0.066877 -12.824541 1.443114 0.827039 21.173431 8.877291 1.752909 44.885277 4.262769 2.185623 -2.668272 -1.267361 -8.823482 -22.212383 -10.611813 -5.591703 6e-06 -0.0 1e-06 -0.02497 0.10449 -0.22196 0.026416 0.108345 -0.219446 0.068879 0.091997 -0.219776 -94.077248 -66.526421 108.025116 18.967827 -68.677925 25.305761 29.08563 -0.071631 -0.01702 0.989651 14.009256 5.298417 17.636814 -26.323074 52.411655 -19.467049 -14.395844 29.410809 -6e-06 -8.775003 7e-06 15.717288 -17.981945 5.869823 -0.609777 -1.795681 -3.889368 -4.807165 -11.047011 -2.937877 9e-06 -20.976488 -2e-06 -5.020102 -25.034246 -4.031955 6e-06 0.0 0.0 -10.634667 -5.687047 -3.565601 10.573469 -17.923273 -3.113974 7e-06 -13.821511 -6e-06 -0.501774 -31.182409 -4.027127 -10.826462 -58.811913 6.572646 -13.982896 -7.150293 -2.875039 13.772969 -8.401644 -3.218313 0.34776 -34.212406 0.771646 -0.963036 -17.733868 2.621074 -1e-06 3e-06 1e-06 -17.34667 -20.095509 -4.201768 21.757929 -1.638404 3.866452 -1e-06 -6.33896 -4e-06 -1.697616 -22.592371 -6.19416 -1e-06 -4e-06 -2e-06 26.538656 -86.121422 162.172485 62.72966 -27.747517 -56.710991 65.887108 -1.062302 0.766959 -1.97334 24.955162 14.459666 22.182465 -20.376274 49.934139 -16.702009 -16.743784 28.476997 2.3e-05 -12.690842 -1.5e-05 16.266476 -17.695471 2.64505 -0.105927 -1.513869 -4.275939 -5.039135 -5.612951 -2.953606 -1.6e-05 -11.0207 4e-06 -6.111461 -15.895673 -3.840584 -1e-06 -2e-06 0.0 -10.283525 -5.680366 -4.341903 11.028452 -11.30253 -2.372653 -1.384322 -14.238811 -6.320248 -0.625483 -26.924742 -3.827708 -4.026785 -49.55904 -3.666158 -13.708726 -7.36358 -3.721 18.141415 -14.052897 -3.242698 -3.3e-05 -18.787588 2e-05 -0.429742 -8.456218 2.555579 1e-06 1e-06 2e-06 -15.923807 -20.094744 -5.473663 30.419685 -7.190886 1.736002 -1.8e-05 -8.163062 1.7e-05 -1.861988 -22.861948 -6.16808 2e-06 -8e-06 0.0 -178.197159 5.906468 3.875167 21.578905 -0.019533 -0.225332 -82.094231 -3.991639 5.155205 -4.339796 1.509462 2.125052 -1.000005 -0.0 0.0 16.316889 -10.072517 -22.481289 11.792795 -0.030163 0.23667 -74.422523 -1.829059 -15.462475 -5.866001 0.478349 1.587487 -1.000008 0.0 -1e-06 
0.0 0.0 0.0 0.0 -0.0 0.0 39.723885 98.525269 568.816223 91.961662 10.450848 106.702988 -4.522998 2.211684 0.086148 -12.813622 1.42449 0.80945 21.1754 8.87481 1.746468 45.115749 4.368548 2.158161 -2.677024 -1.267835 -8.790019 -22.225128 -10.705983 -5.547303 6e-06 -1e-06 0.0 -0.022991 0.105088 -0.222026 0.038065 0.107931 -0.216413 0.08589 0.093031 -0.222417 -94.322227 -66.400154 108.297043 18.511534 -68.491638 25.572699 28.582033 -0.098045 -0.028808 0.717828 13.709631 5.438415 17.636782 -26.323004 52.411507 -19.466953 -14.395762 29.410688 -1.3e-05 -8.774943 3e-06 15.719339 -18.005671 5.892077 -0.609777 -1.795677 -3.889356 -4.807128 -11.046954 -2.937871 3e-05 -20.976377 -0.0 -5.020031 -25.034077 -4.031921 6e-06 -1e-06 -0.0 -10.634624 -5.687022 -3.565598 10.573423 -17.923206 -3.113954 1.9e-05 -13.821439 -1e-06 -0.501743 -31.182198 -4.027079 -10.860828 -58.839363 6.609887 -13.982832 -7.15026 -2.875042 13.772897 -8.401615 -3.218292 0.347784 -34.212189 0.771651 -0.963023 -17.733744 2.621073 0.0 4e-06 2e-06 -17.346573 -20.095423 -4.201777 21.757805 -1.638413 3.866444 9e-06 -6.338925 -2e-06 -1.697571 -22.592216 -6.19412 -2e-06 -3e-06 -2e-06 26.603575 -86.105545 162.00032 62.726498 -27.768797 -56.880444 65.704681 -1.072944 0.738845 -2.063957 25.03281 14.992374 22.182446 -20.376291 49.934109 -16.701992 -16.743782 28.476992 2.5e-05 -12.690837 -1e-05 16.293413 -17.700378 2.651437 -0.105927 -1.513866 -4.275937 -5.039135 -5.612954 -2.953605 -1.8e-05 -11.020715 1.5e-05 -6.11147 -15.895695 -3.840569 -1e-06 0.0 -0.0 -10.283517 -5.680364 -4.341901 11.028443 -11.302538 -2.372648 -1.384327 -14.238828 -6.320244 -0.625504 -26.924803 -3.827694 -4.005028 -49.604599 -3.704882 -13.708717 -7.36358 -3.720993 18.141407 -14.052905 -3.242694 -4.1e-05 -18.787622 3.3e-05 -0.429744 -8.456243 2.555585 -1e-06 -1e-06 -2e-06 -15.923791 -20.094734 -5.473655 30.419662 -7.19088 1.736 -1.8e-05 -8.163075 2e-05 -1.862003 -22.862007 -6.168065 -2e-06 -0.0 2e-06 -178.329529 6.023946 3.785179 21.710411 -0.018025 -0.238322 -82.049301 -3.943504 5.250945 -4.393931 1.514883 2.123531 -1.000004 0.0 -0.0 16.229132 -10.230766 -22.586014 11.981267 -0.0226 0.235905 -74.522881 -1.817067 -15.47025 -5.853077 0.483362 1.591212 -1.000008 1e-06 -0.0 
0.0 0.0 0.0 0.0 -0.0 0.0 39.705009 98.492691 568.460632 92.054817 10.58886 106.889114 -4.507404 2.15762 0.102524 -12.797977 1.406009 0.801423 21.167761 8.8553 1.754079 45.285591 4.471312 2.107407 -2.678475 -1.252677 -8.719122 -22.290068 -10.740435 -5.522809 5e-06 0.0 -0.0 -0.022369 0.102931 -0.214987 0.048062 0.106387 -0.206489 0.098405 0.089879 -0.217632 -94.426353 -66.309586 108.455215 17.960745 -68.359863 25.879728 28.021807 -0.116573 -0.047739 0.489382 13.346042 5.49098 17.636683 -26.322866 52.411377 -19.466751 -14.395674 29.410524 1e-05 -8.774888 -3e-06 15.748808 -18.019232 5.885535 -0.609779 -1.795665 -3.889339 -4.807128 -11.046881 -2.937853 -2.5e-05 -20.97621 1.7e-05 -5.020064 -25.033884 -4.031909 6e-06 1e-06 -0.0 -10.634581 -5.687 -3.565591 10.573318 -17.923056 -3.11391 -1.6e-05 -13.821334 8e-06 -0.501827 -31.181929 -4.027053 -10.859873 -58.863766 6.580759 -13.982778 -7.150239 -2.87504 13.772801 -8.401529 -3.218257 0.347684 -34.21191 0.771684 -0.963063 -17.733606 2.62105 -1e-06 4e-06 0.0 -17.346519 -20.095324 -4.201767 21.757689 -1.638361 3.866447 -8e-06 -6.338882 3e-06 -1.697637 -22.592043 -6.19407 1e-06 -6e-06 -2e-06 26.921041 -86.066772 161.627365 62.753395 -27.87397 -57.292458 65.555397 -1.20074 0.700941 -2.212802 25.178505 15.174761 22.182131 -20.375944 49.933353 -16.701841 -16.743605 28.476582 6e-06 -12.690656 1e-05 16.30093 -17.70192 2.67175 -0.105918 -1.513857 -4.275887 -5.039058 -5.61289 -2.953553 -2e-06 -11.020576 9e-06 -6.11135 -15.89544 -3.840469 3e-06 -1e-06 1e-06 -10.283396 -5.680303 -4.341833 11.028319 -11.302427 -2.37264 -1.384286 -14.238643 -6.320129 -0.625467 -26.924362 -3.827612 -3.989603 -49.626431 -3.712646 -13.708558 -7.363495 -3.720926 18.141197 -14.052764 -3.242685 -1.8e-05 -18.787363 8e-06 -0.429719 -8.456109 2.555518 2e-06 -1e-06 1e-06 -15.923594 -20.094534 -5.473559 30.41931 -7.190815 1.735921 -8e-06 -8.162962 -1e-06 -1.861929 -22.861643 -6.167981 -2e-06 -1e-06 1e-06 -178.465149 6.100953 3.746379 21.842421 -0.015138 -0.256854 -81.985336 -3.854736 5.323931 -4.431037 1.516025 2.122554 -0.999999 0.0 -0.0 16.185099 -10.310874 -22.717957 12.091992 -0.021089 0.23832 -74.612862 -1.918777 -15.452547 -5.820243 0.488459 1.594997 -1.000005 1e-06 0.0 
0.0 0.0 0.0 0.0 -0.0 0.0 39.630177 98.466385 568.097168 92.154198 10.701744 107.152786 -4.475903 2.097606 0.115359 -12.781387 1.391375 0.808883 21.138729 8.819789 1.777234 45.40337 4.555907 2.04795 -2.67976 -1.22653 -8.645021 -22.372665 -10.727777 -5.50079 6e-06 -0.0 1e-06 -0.023933 0.101323 -0.210229 0.049944 0.106913 -0.199691 0.100964 0.085894 -0.214545 -94.487198 -66.24176 108.563431 17.243828 -68.270386 26.235582 27.454454 -0.15608 -0.067223 0.316175 12.97523 5.484454 17.636721 -26.322998 52.411636 -19.466951 -14.395881 29.41077 1.7e-05 -8.775003 1.6e-05 15.793016 -18.019169 5.850109 -0.609777 -1.795671 -3.889363 -4.807184 -11.046968 -2.937864 -3.7e-05 -20.976379 2e-06 -5.020152 -25.034128 -4.031971 6e-06 -0.0 -0.0 -10.634671 -5.687047 -3.565587 10.573432 -17.923174 -3.113966 -2.4e-05 -13.821445 -5e-06 -0.501842 -31.182245 -4.027141 -10.824615 -58.861095 6.494876 -13.982901 -7.150293 -2.875021 13.772954 -8.401573 -3.218318 0.347669 -34.212196 0.771661 -0.963073 -17.733761 2.621046 -0.0 -0.0 0.0 -17.346701 -20.095461 -4.201744 21.757935 -1.638355 3.86644 -1.3e-05 -6.338932 -1e-06 -1.697681 -22.592262 -6.194149 -1e-06 -4e-06 -2e-06 27.427649 -85.984337 161.10614 62.786209 -28.015268 -57.863964 65.465652 -1.390879 0.678133 -2.315552 25.31476 15.09154 22.182325 -20.376144 49.933739 -16.702002 -16.743799 28.476851 1.8e-05 -12.690825 1.1e-05 16.318918 -17.704782 2.690289 -0.105917 -1.513865 -4.27592 -5.039117 -5.612946 -2.953573 -1.5e-05 -11.020697 1.6e-05 -6.111455 -15.89565 -3.840508 0.0 -2e-06 1e-06 -10.283497 -5.680353 -4.341855 11.028437 -11.302526 -2.372661 -1.384325 -14.238803 -6.320189 -0.625512 -26.924746 -3.827648 -4.003272 -49.641083 -3.694545 -13.708696 -7.363563 -3.720941 18.141399 -14.052881 -3.242715 -4e-05 -18.78758 2e-05 -0.429736 -8.456217 2.555555 1e-06 1e-06 -1e-06 -15.923774 -20.094704 -5.473575 30.419655 -7.190865 1.735945 -1.6e-05 -8.163057 5e-06 -1.861994 -22.861954 -6.168055 1e-06 -5e-06 1e-06 -178.64267 6.150753 3.750448 21.975887 -0.0115 -0.27985 -81.898087 -3.731301 5.386988 -4.447604 1.514642 2.120443 -1.000003 -0.0 -0.0 16.144382 -10.328417 -22.833994 12.135687 -0.021722 0.22911 -74.709427 -2.138546 -15.429357 -5.754881 0.493102 1.598731 -1.00001 0.0 -0.0 
0.0 0.0 0.0 0.0 -0.0 0.0 39.49625 98.446045 567.73175 92.25988 10.78024 107.473747 -4.432559 2.032567 0.129489 -12.769628 1.380602 0.836201 21.108925 8.76391 1.819695 45.459831 4.627569 2.017291 -2.685135 -1.214676 -8.627689 -22.473137 -10.673485 -5.494291 7e-06 0.0 -1e-06 -0.023662 0.100359 -0.210302 0.0482 0.109461 -0.197629 0.100835 0.081171 -0.216722 -94.532097 -66.180412 108.647903 16.4079 -68.212898 26.599623 26.894703 -0.212964 -0.089888 0.205562 12.640821 5.450182 17.636621 -26.322756 52.411228 -19.46666 -14.395563 29.410419 1e-06 -8.774821 -6e-06 15.829371 -18.005867 5.818851 -0.609779 -1.795657 -3.889329 -4.807089 -11.04683 -2.937856 -6e-06 -20.976091 4e-06 -5.019978 -25.033707 -4.031896 6e-06 1e-06 -0.0 -10.634524 -5.686981 -3.565593 10.573255 -17.922979 -3.113896 -3e-06 -13.821261 3e-06 -0.501779 -31.181723 -4.027034 -10.778153 -58.842285 6.424709 -13.9827 -7.150207 -2.87505 13.772711 -8.401501 -3.218236 0.347712 -34.211689 0.771669 -0.963048 -17.73349 2.62104 -0.0 1e-06 1e-06 -17.346405 -20.095243 -4.201789 21.75754 -1.638367 3.86644 -1e-06 -6.338848 3e-06 -1.697584 -22.591902 -6.194048 -1e-06 -4e-06 -2e-06 28.269728 -85.900932 160.234741 62.798401 -28.253553 -58.557308 65.467293 -1.588785 0.649168 -2.350358 25.44529 14.90195 22.182045 -20.375933 49.933212 -16.701784 -16.743517 28.476486 -1.9e-05 -12.69057 1.6e-05 16.328402 -17.706287 2.700619 -0.105917 -1.51385 -4.275874 -5.039019 -5.612858 -2.953544 1.5e-05 -11.020527 1.4e-05 -6.111262 -15.895341 -3.84044 0.0 1e-06 -1e-06 -10.28334 -5.680266 -4.341826 11.028277 -11.302402 -2.372626 -1.384248 -14.23857 -6.320093 -0.625425 -26.924238 -3.827549 -4.023906 -49.644264 -3.687361 -13.708482 -7.363446 -3.720926 18.141113 -14.052738 -3.242669 1.2e-05 -18.787275 2.7e-05 -0.429714 -8.456067 2.555521 -2e-06 -4e-06 2e-06 -15.923478 -20.094429 -5.473559 30.419136 -7.190827 1.735894 2e-06 -8.162933 9e-06 -1.861894 -22.861523 -6.167896 2e-06 -5e-06 0.0 -178.86734 6.177828 3.793428 22.109411 -0.008459 -0.298508 -81.785637 -3.610392 5.437129 -4.461223 1.516488 2.118887 -0.999999 0.0 -0.0 16.079018 -10.303015 -22.937788 12.163449 -0.020651 0.208918 -74.842728 -2.411161 -15.414139 -5.679847 0.495342 1.60179 -1.000002 -0.0 0.0 
0.0 0.0 0.0 0.0 -0.0 0.0 39.30418 98.444115 567.373779 92.364731 10.819883 107.831291 -4.386372 1.970075 0.151195 -12.760454 1.378531 0.888103 21.089312 8.67898 1.853258 45.464012 4.67251 2.018234 -2.690285 -1.207477 -8.667322 -22.61252 -10.572328 -5.507758 6e-06 -0.0 -1e-06 -0.020712 0.099779 -0.214583 0.047046 0.115422 -0.199558 0.101855 0.073816 -0.223089 -94.587334 -66.128639 108.727753 15.420757 -68.18132 27.156013 26.359526 -0.212185 -0.102728 0.106654 12.318417 5.268742 17.636789 -26.323048 52.411617 -19.467005 -14.395859 29.410788 9e-06 -8.775016 8e-06 15.862823 -17.99964 5.817152 -0.609778 -1.795676 -3.889363 -4.807183 -11.047007 -2.937869 -2.7e-05 -20.97649 9e-06 -5.020158 -25.034273 -4.031965 6e-06 -0.0 -0.0 -10.634674 -5.68705 -3.565591 10.57345 -17.92325 -3.113962 -1.7e-05 -13.821509 -1e-06 -0.501835 -31.182434 -4.027132 -10.764899 -58.874416 6.423306 -13.982903 -7.150299 -2.875027 13.772968 -8.401618 -3.218311 0.347694 -34.21241 0.771662 -0.963065 -17.733883 2.621063 -0.0 1e-06 -0.0 -17.346697 -20.095503 -4.201746 21.757948 -1.638376 3.866456 -8e-06 -6.338964 -3e-06 -1.697669 -22.592409 -6.194169 1e-06 -5e-06 -2e-06 29.477715 -85.844513 158.985229 62.77866 -28.559944 -59.324802 65.531685 -1.785564 0.59859 -2.372313 25.5557 14.618149 22.1824 -20.376287 49.933952 -16.701998 -16.743868 28.476952 3.2e-05 -12.690882 9e-06 16.331079 -17.712049 2.693624 -0.105923 -1.513864 -4.275931 -5.039139 -5.612958 -2.953582 -2.8e-05 -11.020728 3.2e-05 -6.111511 -15.89571 -3.840518 0.0 -2e-06 0.0 -10.283523 -5.680365 -4.341873 11.028462 -11.302543 -2.372652 -1.384346 -14.238844 -6.320208 -0.625558 -26.924839 -3.827644 -4.009315 -49.647629 -3.729232 -13.708727 -7.36358 -3.720958 18.141432 -14.052902 -3.242704 -6.8e-05 -18.787647 4.8e-05 -0.429757 -8.456255 2.555583 2e-06 2e-06 1e-06 -15.923823 -20.094744 -5.47359 30.419741 -7.19086 1.73597 -2.8e-05 -8.163084 1.5e-05 -1.862056 -22.862062 -6.168054 -1e-06 -2e-06 -2e-06 -179.098053 6.177407 3.88012 22.159384 -0.008459 -0.308925 -81.588951 -3.490724 5.47761 -4.466347 1.515868 2.116105 -1.000004 0.0 0.0 15.998224 -10.2298 -23.05084 12.136524 -0.01804 0.184848 -74.956291 -2.696708 -15.378583 -5.60801 0.494674 1.604006 -1.000004 0.0 -0.0 
0.0 0.0 0.0 0.0 -0.0 0.0 39.057827 98.470436 567.044434 92.453445 10.812355 108.178223 -4.321335 1.915961 0.175762 -12.748759 1.38455 0.972567 21.054659 8.559669 1.87276 45.414429 4.669802 2.042282 -2.700879 -1.202132 -8.728261 -22.775833 -10.408405 -5.529635 6e-06 0.0 -0.0 -0.019731 0.100801 -0.225935 0.041988 0.123268 -0.207981 0.101301 0.067665 -0.236846 -94.701439 -66.039505 108.861237 14.296086 -68.158821 27.941019 25.815704 -0.13489 -0.096516 -0.000235 12.002193 4.943901 17.636864 -26.323055 52.411598 -19.46703 -14.395764 29.410765 -1.5e-05 -8.774975 -5e-06 15.878797 -17.996283 5.840154 -0.609777 -1.795676 -3.889363 -4.80714 -11.046999 -2.937885 3.5e-05 -20.976492 -5e-06 -5.020048 -25.03425 -4.031947 6e-06 1e-06 -0.0 -10.634641 -5.687033 -3.565612 10.573458 -17.923285 -3.113962 2.5e-05 -13.82152 -5e-06 -0.501726 -31.182453 -4.027112 -10.762154 -58.929413 6.446866 -13.982858 -7.150278 -2.875057 13.772933 -8.401654 -3.218294 0.347805 -34.212418 0.771642 -0.963021 -17.733879 2.621089 -0.0 3e-06 -0.0 -17.346601 -20.095476 -4.201797 21.75786 -1.638425 3.866468 1.2e-05 -6.338963 -5e-06 -1.69757 -22.592396 -6.194165 -1e-06 -4e-06 -2e-06 30.803074 -85.795876 157.644012 62.713028 -28.883177 -60.010677 65.652351 -1.90331 0.567336 -2.370667 25.607098 14.24977 22.182438 -20.376165 49.933964 -16.701942 -16.743654 28.476871 9e-06 -12.690764 -3.4e-05 16.320358 -17.704021 2.681563 -0.105931 -1.513865 -4.275923 -5.039111 -5.612927 -2.953606 -1e-06 -11.020658 -3e-06 -6.111389 -15.8956 -3.840591 0.0 -1e-06 -1e-06 -10.283479 -5.680339 -4.341905 11.0284 -11.302505 -2.372633 -1.384295 -14.238754 -6.32024 -0.625428 -26.924644 -3.827701 -3.981544 -49.661972 -3.778646 -13.708661 -7.363547 -3.721008 18.141325 -14.052862 -3.242669 -2e-06 -18.787508 1.4e-05 -0.429723 -8.456182 2.555576 0.0 2e-06 2e-06 -15.923705 -20.094656 -5.47368 30.419508 -7.190901 1.736021 2e-06 -8.16303 1.3e-05 -1.861924 -22.861858 -6.168058 2e-06 -5e-06 -0.0 -179.304337 6.131318 3.967244 22.067051 -0.01024 -0.314622 -81.320961 -3.351915 5.495699 -4.445361 1.509629 2.112225 -1.0 -0.0 -0.0 15.917452 -10.093307 -23.147926 11.988419 -0.014311 0.160664 -74.996384 -3.003003 -15.299615 -5.539681 0.501771 1.606815 -1.000004 0.0 -0.0 
0.0 0.0 0.0 0.0 -0.0 0.0 38.749779 98.526451 566.764954 92.527405 10.74685 108.49733 -4.234453 1.873576 0.194141 -12.73543 1.393925 1.072571 21.009296 8.379708 1.893905 45.306828 4.58294 2.063587 -2.711438 -1.196964 -8.752099 -22.938244 -10.186738 -5.553617 3e-06 0.0 -0.0 -0.022032 0.100257 -0.229653 0.032995 0.124802 -0.209034 0.095756 0.064744 -0.242763 -94.886589 -65.902733 109.091522 13.119617 -68.133011 28.831244 25.211155 -0.000996 -0.07646 -0.101994 11.630667 4.488714 17.636856 -26.323191 52.411762 -19.467096 -14.395924 29.410883 -1e-06 -8.775049 1e-05 15.87385 -17.99506 5.874703 -0.609776 -1.79568 -3.889377 -4.807187 -11.047047 -2.937874 -5e-06 -20.976585 1.9e-05 -5.020166 -25.034393 -4.03195 6e-06 0.0 0.0 -10.634703 -5.687063 -3.5656 10.573509 -17.923344 -3.113976 -3e-06 -13.821576 6e-06 -0.501818 -31.1826 -4.027116 -10.752046 -58.981785 6.459656 -13.98294 -7.150314 -2.875033 13.773025 -8.401664 -3.218323 0.347725 -34.212574 0.771686 -0.963061 -17.733957 2.621095 1e-06 -1e-06 -0.0 -17.346735 -20.095562 -4.201754 21.758017 -1.638403 3.866461 -1e-06 -6.338989 0.0 -1.69765 -22.592501 -6.194169 -1e-06 -5e-06 -2e-06 32.171295 -85.775528 156.289902 62.608765 -29.242121 -60.568378 65.810844 -1.935884 0.562109 -2.349756 25.537107 13.907933 22.18251 -20.376356 49.934269 -16.702078 -16.743877 28.477116 1.9e-05 -12.690913 -1e-05 16.281313 -17.680458 2.688845 -0.105924 -1.513869 -4.27595 -5.039155 -5.612967 -2.953616 -1.3e-05 -11.020741 7e-06 -6.111493 -15.895738 -3.840602 0.0 2e-06 -2e-06 -10.283551 -5.680376 -4.34191 11.0285 -11.302567 -2.372666 -1.384326 -14.238862 -6.320275 -0.625474 -26.924879 -3.827721 -3.977806 -49.672283 -3.778091 -13.708768 -7.363594 -3.721 18.141504 -14.052938 -3.242719 -3.1e-05 -18.787655 2.4e-05 -0.429741 -8.456256 2.555598 -2e-06 0.0 -2e-06 -15.923847 -20.094786 -5.47367 30.419819 -7.190915 1.735992 -1.3e-05 -8.163094 1.8e-05 -1.862003 -22.862055 -6.168097 2e-06 -0.0 -0.0 -179.480484 6.032501 4.034036 21.82276 -0.010286 -0.316614 -80.983795 -3.189187 5.456356 -4.402457 1.497 2.108831 -1.000005 1e-06 0.0 15.830518 -9.893337 -23.207466 11.724267 -0.012391 0.139796 -74.96814 -3.370061 -15.166862 -5.462711 0.516351 1.611365 -1.00001 -0.0 -0.0 
0.0 0.0 0.0 0.0 -0.0 0.0 38.385002 98.617203 566.513672 92.59108 10.606071 108.743584 -4.137687 1.845803 0.21056 -12.717596 1.399774 1.183206 20.94751 8.123498 1.917711 45.153141 4.404576 2.116159 -2.725045 -1.183491 -8.7832 -23.138613 -9.92524 -5.553082 7e-06 0.0 -0.0 -0.024477 0.097673 -0.227029 0.026756 0.117628 -0.204721 0.089976 0.066662 -0.241403 -95.21479 -65.722633 109.515823 11.993242 -68.054985 29.733685 24.487734 0.142425 -0.047829 -0.205381 11.148395 3.942721 17.636801 -26.323076 52.411648 -19.46686 -14.39585 29.4107 1.5e-05 -8.774982 2e-06 15.844352 -17.987564 5.926623 -0.609781 -1.795666 -3.889359 -4.807176 -11.046936 -2.937854 -3.5e-05 -20.976315 4e-05 -5.020149 -25.034002 -4.031923 6e-06 -0.0 -1e-06 -10.634668 -5.687028 -3.565593 10.573413 -17.923138 -3.11392 -2.5e-05 -13.821405 2.4e-05 -0.501885 -31.182098 -4.027046 -10.751242 -59.036217 6.487565 -13.982893 -7.150275 -2.875031 13.772932 -8.401563 -3.218283 0.347648 -34.212097 0.771742 -0.963095 -17.733704 2.621088 -0.0 0.0 0.0 -17.346684 -20.095419 -4.201751 21.7579 -1.638371 3.866462 -1e-05 -6.338915 1.1e-05 -1.697691 -22.592155 -6.194083 -0.0 -3e-06 -2e-06 33.919033 -85.834488 154.587463 62.511066 -29.630577 -60.980072 65.883278 -1.878535 0.575949 -2.331109 25.348309 13.711532 22.182371 -20.376274 49.934097 -16.702061 -16.743917 28.477083 4e-05 -12.690915 2.2e-05 16.225325 -17.648775 2.712325 -0.105921 -1.513869 -4.275943 -5.039153 -5.612973 -2.953595 -3.7e-05 -11.020743 1.4e-05 -6.111532 -15.895749 -3.840557 1e-06 -2e-06 0.0 -10.28354 -5.680386 -4.341881 11.02848 -11.302551 -2.372679 -1.384347 -14.238876 -6.320253 -0.625533 -26.924894 -3.827724 -3.974941 -49.669067 -3.753106 -13.708756 -7.363605 -3.72096 18.141479 -14.052908 -3.242743 -7e-05 -18.787661 1.7e-05 -0.429762 -8.456255 2.555575 -1e-06 2e-06 -1e-06 -15.923857 -20.094795 -5.473609 30.419819 -7.190845 1.735949 -3.1e-05 -8.163095 7e-06 -1.862059 -22.862103 -6.16811 -1e-06 -3e-06 -3e-06 -179.622467 5.900628 4.056483 21.35948 -0.010279 -0.314697 -80.535835 -3.018265 5.361659 -4.369341 1.479351 2.103782 -1.000004 0.0 -0.0 15.682869 -9.669255 -23.203014 11.383588 -0.012311 0.115353 -74.859673 -3.789424 -14.978299 -5.391654 0.531875 1.616493 -1.000006 -0.0 -0.0 
0.0 0.0 0.0 0.0 -0.0 0.0 37.957169 98.742935 566.270691 92.633537 10.380973 108.913109 -4.043081 1.843776 0.221282 -12.693311 1.404366 1.3096 20.872385 7.782088 1.942277 44.928051 4.148178 2.177171 -2.746599 -1.156401 -8.81555 -23.421658 -9.673075 -5.531043 5e-06 -0.0 -0.0 -0.024584 0.093459 -0.217326 0.025847 0.105987 -0.19461 0.088491 0.06976 -0.231912 -95.723373 -65.52877 110.165321 10.953879 -67.89772 30.697073 23.616901 0.275785 -0.023987 -0.351348 10.476799 3.333618 17.636841 -26.323112 52.41169 -19.466959 -14.395768 29.410765 -8e-06 -8.774962 -4e-06 15.793939 -17.955973 6.005104 -0.60978 -1.795675 -3.889363 -4.807144 -11.046978 -2.937881 1.6e-05 -20.976439 1.4e-05 -5.020065 -25.034178 -4.031933 6e-06 0.0 1e-06 -10.63464 -5.687034 -3.565616 10.573429 -17.923244 -3.113943 1e-05 -13.821485 9e-06 -0.501769 -31.182335 -4.027081 -10.751822 -59.098083 6.547626 -13.982852 -7.150277 -2.875062 13.772912 -8.401629 -3.218284 0.347756 -34.212318 0.771687 -0.963047 -17.733822 2.621099 -0.0 3e-06 0.0 -17.3466 -20.095457 -4.2018 21.757832 -1.638414 3.866473 7e-06 -6.338944 2e-06 -1.697592 -22.592295 -6.194131 -0.0 -1e-06 -2e-06 36.753746 -86.022362 151.768982 62.4562 -30.08782 -61.257435 65.720291 -1.707983 0.589694 -2.412238 25.101618 13.609282 22.182364 -20.3762 49.93401 -16.701996 -16.743755 28.476954 1.4e-05 -12.690805 -2e-06 16.152285 -17.625069 2.750438 -0.105925 -1.513868 -4.275931 -5.039116 -5.612938 -2.953599 -8e-06 -11.020678 -2e-06 -6.111426 -15.895633 -3.840571 -1e-06 1e-06 1e-06 -10.283486 -5.68035 -4.341892 11.028427 -11.302512 -2.372662 -1.384301 -14.238772 -6.320236 -0.625453 -26.92466 -3.827703 -3.962949 -49.655556 -3.735452 -13.708679 -7.363559 -3.720987 18.141375 -14.05287 -3.242712 -1.8e-05 -18.787537 9e-06 -0.429736 -8.456195 2.555564 -1e-06 -2e-06 -1e-06 -15.923739 -20.094696 -5.473655 30.4196 -7.190878 1.735965 -9e-06 -8.163041 8e-06 -1.861964 -22.861883 -6.168068 3e-06 -3e-06 -1e-06 -179.75444 5.729559 4.032506 20.671511 -0.012421 -0.303474 -79.94342 -2.871161 5.186347 -4.345753 1.461883 2.098544 -1.000006 0.0 0.0 15.449492 -9.412356 -23.131609 10.966523 -0.01793 0.094019 -74.676399 -4.242926 -14.720813 -5.321636 0.537741 1.62052 -1.000007 0.0 0.0 
0.0 0.0 0.0 0.0 -0.0 0.0 37.461292 98.896385 566.037292 92.647095 10.057511 109.005928 -3.946083 1.871865 0.227418 -12.659184 1.408971 1.440481 20.767319 7.350935 1.95158 44.606659 3.795233 2.243111 -2.761622 -1.114255 -8.852649 -23.807053 -9.412348 -5.498366 5e-06 -1e-06 -1e-06 -0.023596 0.089325 -0.207877 0.024512 0.093274 -0.185637 0.087257 0.074077 -0.222342 -96.427055 -65.314392 111.018013 10.038237 -67.703522 31.730202 22.506472 0.384765 -0.003349 -0.587696 9.558146 2.698007 17.636856 -26.323141 52.411724 -19.467022 -14.395823 29.410822 -1e-06 -8.775002 0.0 15.739368 -17.903372 6.104426 -0.609781 -1.795682 -3.889369 -4.807167 -11.047013 -2.93788 -2e-06 -20.976509 1.3e-05 -5.020113 -25.034281 -4.03195 7e-06 2e-06 -1e-06 -10.634668 -5.687053 -3.56561 10.573456 -17.923288 -3.113957 -1e-06 -13.821528 5e-06 -0.501794 -31.182467 -4.027113 -10.761773 -59.180695 6.623873 -13.982895 -7.1503 -2.87505 13.772958 -8.401644 -3.2183 0.34773 -34.212444 0.771679 -0.963056 -17.733889 2.621091 -0.0 3e-06 0.0 -17.34667 -20.095522 -4.201778 21.757917 -1.6384 3.866474 1e-06 -6.338969 -0.0 -1.697626 -22.592413 -6.194167 -0.0 -6e-06 -2e-06 40.975426 -86.316772 147.510437 62.441059 -30.565172 -61.381004 65.183441 -1.459404 0.581569 -2.57094 24.827526 13.577712 22.182468 -20.376429 49.934261 -16.702055 -16.743891 28.477121 2.2e-05 -12.690907 5e-06 16.084404 -17.586578 2.783414 -0.105926 -1.513868 -4.27595 -5.039147 -5.612969 -2.953608 -1.8e-05 -11.020761 2.7e-05 -6.111508 -15.895761 -3.840566 2e-06 -2e-06 0.0 -10.283535 -5.680372 -4.341906 11.028487 -11.302579 -2.372659 -1.384331 -14.238883 -6.320257 -0.625525 -26.924938 -3.827676 -3.928313 -49.64846 -3.749627 -13.708745 -7.363588 -3.720994 18.141478 -14.052947 -3.242712 -5.6e-05 -18.787695 5.8e-05 -0.429758 -8.456283 2.555609 2e-06 -3e-06 1e-06 -15.923828 -20.09478 -5.47365 30.419794 -7.190905 1.735978 -2.3e-05 -8.163116 2.6e-05 -1.862043 -22.862148 -6.168068 3e-06 -4e-06 -0.0 -179.913651 5.516716 3.964954 19.79995 -0.017359 -0.282866 -79.222206 -2.734179 4.916165 -4.336393 1.445981 2.094643 -1.000001 1e-06 0.0 15.111946 -9.123926 -23.019266 10.487432 -0.022391 0.073155 -74.461266 -4.683483 -14.410483 -5.263249 0.52882 1.621448 -1.000009 0.0 -1e-06 
0.0 0.0 0.0 0.0 -0.0 0.0 36.911278 99.060745 565.826965 92.645821 9.646491 109.017754 -3.84866 1.918403 0.221738 -12.607646 1.41489 1.5728 20.642027 6.848539 1.95234 44.151871 3.354009 2.307451 -2.769139 -1.068962 -8.8894 -24.285124 -9.132301 -5.454061 4e-06 -0.0 1e-06 -0.018831 0.085563 -0.201763 0.020648 0.080904 -0.181544 0.083381 0.078785 -0.215095 -97.286179 -65.108749 112.020981 9.331619 -67.491653 32.743172 21.193417 0.424416 0.015496 -0.922714 8.388728 2.240662 17.636665 -26.322893 52.411423 -19.466734 -14.39573 29.410545 7e-06 -8.774897 5e-06 15.706403 -17.857344 6.22251 -0.609777 -1.795654 -3.889341 -4.807126 -11.046853 -2.93785 -1.7e-05 -20.976133 2.5e-05 -5.020054 -25.033758 -4.031899 6e-06 1e-06 -1e-06 -10.634588 -5.686994 -3.565588 10.573331 -17.923016 -3.113908 -1.4e-05 -13.821291 1.8e-05 -0.501837 -31.181795 -4.02702 -10.80919 -59.313164 6.726727 -13.982785 -7.150224 -2.875035 13.772815 -8.401513 -3.218264 0.347679 -34.211792 0.771717 -0.963074 -17.733538 2.621067 1e-06 2e-06 -0.0 -17.346529 -20.095282 -4.201766 21.757702 -1.638367 3.866435 -6e-06 -6.338861 1.1e-05 -1.697639 -22.591936 -6.194039 0.0 -4e-06 -2e-06 47.028088 -86.690971 141.368713 62.440742 -30.979393 -61.374928 64.206612 -1.209143 0.580635 -2.81971 24.513172 13.506163 22.182219 -20.375988 49.933544 -16.701914 -16.743658 28.476709 5e-06 -12.690717 2e-06 16.03693 -17.532333 2.796898 -0.105921 -1.51386 -4.2759 -5.039081 -5.612905 -2.95357 -1e-06 -11.020606 -0.0 -6.111366 -15.895501 -3.840518 1e-06 -0.0 1e-06 -10.283435 -5.680319 -4.341849 11.028363 -11.302458 -2.372649 -1.384288 -14.238689 -6.320175 -0.625442 -26.924482 -3.827655 -3.878737 -49.646816 -3.784628 -13.708606 -7.363516 -3.720946 18.141273 -14.052798 -3.242697 -6e-06 -18.787418 -1e-06 -0.429719 -8.456138 2.555536 1e-06 -1e-06 0.0 -15.923649 -20.094582 -5.473592 30.419426 -7.190843 1.735943 0.0 -8.162986 0.0 -1.861924 -22.861717 -6.168017 -0.0 -4e-06 -2e-06 179.892303 5.287302 3.883833 18.817492 -0.021827 -0.260195 -78.42942 -2.627305 4.57767 -4.332032 1.435011 2.093486 -1.000004 -0.0 0.0 14.676103 -8.834793 -22.861794 9.995467 -0.022482 0.056871 -74.279602 -5.109236 -14.063201 -5.214363 0.508516 1.619356 -1.000005 1e-06 -0.0 
0.0 0.0 0.0 0.0 -0.0 0.0 36.303841 99.229965 565.623962 92.62999 9.179145 108.976753 -3.749898 1.983233 0.208669 -12.545336 1.425035 1.702127 20.523029 6.300816 1.939026 43.553043 2.854101 2.378078 -2.774364 -1.023368 -8.933414 -24.857723 -8.841949 -5.384831 5e-06 -1e-06 -1e-06 -0.011827 0.083257 -0.204082 0.019056 0.070736 -0.186007 0.079567 0.084332 -0.216139 -98.270317 -64.931137 113.1306 8.791096 -67.265083 33.643406 19.833733 0.383676 0.034046 -1.317385 7.003291 2.16529 17.636709 -26.322962 52.411507 -19.466845 -14.395745 29.410652 3e-06 -8.774924 5e-06 15.704857 -17.836473 6.340484 -0.609778 -1.795664 -3.889351 -4.807137 -11.046919 -2.937862 -1.2e-05 -20.976297 1.6e-05 -5.02007 -25.033997 -4.031923 6e-06 0.0 1e-06 -10.634608 -5.687014 -3.565594 10.573368 -17.923126 -3.113933 -1e-05 -13.821395 1e-05 -0.501812 -31.182098 -4.027068 -10.910486 -59.495243 6.866793 -13.982814 -7.150253 -2.875038 13.772856 -8.401565 -3.218281 0.347701 -34.212063 0.771689 -0.963065 -17.733686 2.62107 -0.0 -1e-06 -0.0 -17.346563 -20.095371 -4.201769 21.757765 -1.638376 3.866445 -4e-06 -6.338909 4e-06 -1.697626 -22.592159 -6.194098 1e-06 -3e-06 -2e-06 55.701782 -87.073975 132.611679 62.43092 -31.219391 -61.199539 62.737392 -0.979882 0.576549 -3.073517 24.106073 13.306622 22.182245 -20.376043 49.933601 -16.7019 -16.743725 28.476728 2.3e-05 -12.690764 5e-06 16.020994 -17.47909 2.783179 -0.105918 -1.513858 -4.275907 -5.039101 -5.612913 -2.953568 -1.8e-05 -11.020613 1.1e-05 -6.111425 -15.895517 -3.840506 -0.0 1e-06 0.0 -10.283455 -5.680328 -4.34185 11.028381 -11.302452 -2.372645 -1.384318 -14.238694 -6.320169 -0.625495 -26.92448 -3.827646 -3.838451 -49.656075 -3.820234 -13.708641 -7.363531 -3.72094 18.141308 -14.05279 -3.242694 -3.9e-05 -18.787432 1.7e-05 -0.429734 -8.456138 2.555541 0.0 0.0 -1e-06 -15.923701 -20.094604 -5.473578 30.419504 -7.190819 1.735949 -1.3e-05 -8.162998 7e-06 -1.861989 -22.861746 -6.168012 0.0 1e-06 -0.0 179.671432 5.030507 3.798797 17.75124 -0.027448 -0.238176 -77.570282 -2.539811 4.167151 -4.3088 1.426945 2.094843 -1.000002 -0.0 0.0 14.132865 -8.537939 -22.611481 9.569462 -0.023603 0.044476 -74.141106 -5.590035 -13.676487 -5.156782 0.484099 1.615364 -1.000007 1e-06 -0.0 
0.0 0.0 0.0 0.0 -0.0 0.0 35.654999 99.395241 565.429077 92.584076 8.708381 108.935295 -3.6439 2.070446 0.188098 -12.47495 1.44186 1.820892 20.425291 5.74047 1.899969 42.865303 2.359567 2.439677 -2.791657 -0.978695 -8.969588 -25.548481 -8.554047 -5.308649 4e-06 0.0 1e-06 -0.007074 0.082073 -0.212245 0.02156 0.062703 -0.194515 0.078368 0.090096 -0.224486 -99.22625 -64.796242 114.21331 8.48732 -67.075157 34.276703 18.58205 0.322378 0.047913 -1.726212 5.556388 2.401372 17.636808 -26.323004 52.411369 -19.466921 -14.395766 29.410618 -2e-06 -8.774956 0.0 15.726219 -17.848688 6.451821 -0.609776 -1.795671 -3.889347 -4.807143 -11.046968 -2.937855 -3e-06 -20.976423 2.6e-05 -5.020105 -25.034163 -4.031896 5e-06 -0.0 0.0 -10.634627 -5.687027 -3.565585 10.573412 -17.923222 -3.113931 0.0 -13.821476 9e-06 -0.501809 -31.182323 -4.027064 -11.111189 -59.694332 7.087656 -13.98284 -7.150267 -2.875027 13.772901 -8.401616 -3.218279 0.347729 -34.212292 0.771685 -0.963048 -17.733818 2.621076 0.0 3e-06 0.0 -17.346594 -20.095428 -4.201743 21.757822 -1.638397 3.866449 2e-06 -6.338941 0.0 -1.697624 -22.592293 -6.194103 0.0 -1e-06 -2e-06 67.330467 -87.371918 120.933731 62.351669 -31.274723 -60.70763 60.791821 -0.751548 0.544678 -3.33823 23.607101 12.867635 22.18223 -20.376043 49.933643 -16.701817 -16.74361 28.476664 3e-06 -12.69066 -4e-06 16.027267 -17.440649 2.742326 -0.105924 -1.513853 -4.275898 -5.03907 -5.612878 -2.953573 -0.0 -11.02054 4e-06 -6.111329 -15.895375 -3.840514 0.0 1e-06 1e-06 -10.283424 -5.680304 -4.341865 11.028334 -11.302407 -2.372627 -1.384283 -14.238604 -6.320158 -0.625435 -26.924274 -3.827624 -3.848419 -49.68222 -3.822566 -13.708589 -7.363497 -3.720965 18.141212 -14.052741 -3.242665 -1.2e-05 -18.787304 2.2e-05 -0.429722 -8.456079 2.555538 -1e-06 -1e-06 0.0 -15.923618 -20.094522 -5.473623 30.419334 -7.190823 1.735964 -3e-06 -8.162948 1.6e-05 -1.861936 -22.861549 -6.167949 -0.0 -5e-06 -2e-06 179.434738 4.720996 3.728264 16.683718 -0.034187 -0.217019 -76.687233 -2.453022 3.71703 -4.265588 1.423511 2.099501 -1.000004 -0.0 -0.0 13.550132 -8.1918 -22.315643 9.19826 -0.026573 0.039436 -74.031769 -6.086281 -13.274638 -5.089097 0.459025 1.611446 -1.000004 0.0 -0.0 
0.0 0.0 0.0 0.0 -0.0 0.0 34.993351 99.54274 565.262817 92.523804 8.283838 108.933624 -3.53365 2.154271 0.172058 -12.408648 1.450146 1.897597 20.374226 5.220382 1.85346 42.196472 1.944023 2.496876 -2.818119 -0.941635 -8.995089 -26.310844 -8.299509 -5.226746 5e-06 0.0 -1e-06 -0.006426 0.082422 -0.227627 0.023696 0.057 -0.209076 0.076303 0.096616 -0.241024 -100.006241 -64.704132 115.102005 8.333396 -66.969597 34.490917 17.638494 0.277761 0.062279 -1.97216 4.398078 2.651817 17.636698 -26.322906 52.411457 -19.46678 -14.395744 29.410601 9e-06 -8.77492 4e-06 15.742271 -17.862167 6.53321 -0.609778 -1.79566 -3.889346 -4.807139 -11.046885 -2.937857 -2.2e-05 -20.976217 1.8e-05 -5.020072 -25.033886 -4.031926 5e-06 -1e-06 2e-06 -10.634604 -5.687004 -3.565591 10.573348 -17.923059 -3.113919 -1.6e-05 -13.821336 1.3e-05 -0.501829 -31.181938 -4.02706 -11.312809 -59.842533 7.290908 -13.982808 -7.150241 -2.875037 13.77284 -8.401529 -3.218271 0.347676 -34.211914 0.771702 -0.963075 -17.733614 2.621066 0.0 1e-06 -0.0 -17.346563 -20.095327 -4.201766 21.75775 -1.638365 3.866445 -7e-06 -6.338885 7e-06 -1.697642 -22.592056 -6.194076 0.0 -5e-06 -3e-06 79.508522 -87.459938 108.76107 62.150681 -31.134813 -59.773876 58.496677 -0.550418 0.46933 -3.577399 23.065548 12.175759 22.182119 -20.375942 49.933426 -16.701876 -16.74366 28.476654 2e-05 -12.690699 1.5e-05 16.03631 -17.413643 2.676765 -0.105918 -1.51386 -4.275894 -5.039075 -5.612907 -2.953555 -1.9e-05 -11.020599 5e-06 -6.111387 -15.895501 -3.840484 -0.0 0.0 -0.0 -10.283418 -5.680323 -4.34183 11.028337 -11.302435 -2.372651 -1.384304 -14.238686 -6.320154 -0.625484 -26.924465 -3.827653 -3.888551 -49.757561 -3.813658 -13.708589 -7.363521 -3.72092 18.141232 -14.052768 -3.242702 -3.3e-05 -18.787405 -1e-05 -0.429731 -8.456129 2.555516 -1e-06 -0.0 1e-06 -15.923647 -20.094582 -5.473552 30.419392 -7.19079 1.735917 -1.6e-05 -8.162982 -6e-06 -1.861959 -22.861708 -6.168026 0.0 -6e-06 -2e-06 179.208832 4.381196 3.744138 15.711944 -0.041723 -0.203114 -75.850662 -2.389478 3.246031 -4.234449 1.431464 2.106359 -1.000006 -0.0 0.0 13.015226 -7.803194 -22.061777 8.872834 -0.028228 0.036137 -73.969093 -6.550249 -12.914203 -5.038086 0.438913 1.607666 -1.000006 1e-06 -0.0 
0.0 0.0 0.0 0.0 -0.0 0.0 34.318901 99.667915 565.148682 92.45723 7.928308 108.976646 -3.417811 2.2248 0.175284 -12.346557 1.439294 1.932877 20.368851 4.761181 1.803226 41.601269 1.647732 2.554008 -2.849304 -0.919047 -8.990109 -27.129511 -8.101781 -5.122101 7e-06 1e-06 2e-06 -0.006101 0.082858 -0.246701 0.023006 0.051146 -0.227657 0.074108 0.103194 -0.260894 -100.561531 -64.661453 115.743393 8.328141 -66.938705 34.12711 17.085438 0.248059 0.066277 -1.956934 3.695349 2.594847 17.63666 -26.322813 52.411472 -19.466789 -14.395749 29.410624 9e-06 -8.774924 5e-06 15.758327 -17.842936 6.545311 -0.609779 -1.795657 -3.889347 -4.80714 -11.046866 -2.937868 -8e-06 -20.976168 -1.3e-05 -5.020044 -25.033833 -4.031971 5e-06 -3e-06 1e-06 -10.634604 -5.686998 -3.565593 10.573353 -17.923016 -3.113938 -8e-06 -13.821301 -5e-06 -0.501786 -31.181849 -4.027106 -11.378999 -59.899708 7.373737 -13.982808 -7.150235 -2.87504 13.772843 -8.401513 -3.218282 0.347709 -34.211819 0.771654 -0.963054 -17.733561 2.621046 -1e-06 -1e-06 0.0 -17.346556 -20.095299 -4.201784 21.757753 -1.638363 3.866443 -6e-06 -6.338866 1e-06 -1.697626 -22.591991 -6.194111 -1e-06 -5e-06 -2e-06 88.884308 -87.343033 99.483391 61.833572 -30.864588 -58.370586 55.969215 -0.344335 0.366582 -3.853687 22.407034 11.137232 22.182169 -20.37594 49.933392 -16.701942 -16.743666 28.476675 1e-06 -12.690721 1.4e-05 16.021702 -17.399309 2.606641 -0.105912 -1.513862 -4.275896 -5.039075 -5.612913 -2.953557 -0.0 -11.020627 -2e-06 -6.111372 -15.895535 -3.840495 -0.0 -1e-06 0.0 -10.283422 -5.680321 -4.341834 11.028369 -11.302472 -2.372658 -1.384286 -14.238715 -6.320163 -0.625443 -26.924538 -3.827655 -3.927996 -49.87487 -3.827691 -13.708594 -7.363517 -3.720925 18.141275 -14.052818 -3.242715 -3e-06 -18.787449 -1.2e-05 -0.429717 -8.456146 2.555524 -0.0 -2e-06 1e-06 -15.923642 -20.094595 -5.473558 30.419439 -7.190846 1.735911 -1e-06 -8.162993 -7e-06 -1.86192 -22.861759 -6.168035 0.0 -6e-06 -1e-06 179.0065 4.0006 3.824868 14.900023 -0.044052 -0.185128 -75.132889 -2.339595 2.744899 -4.202002 1.443903 2.1127 -1.000002 -0.0 -0.0 12.570057 -7.369917 -21.863941 8.587183 -0.027797 0.028455 -73.965538 -6.97958 -12.617375 -4.970428 0.431621 1.606966 -1.000005 0.0 -0.0 
0.0 0.0 0.0 0.0 -0.0 0.0 33.616222 99.763428 565.095276 92.411034 7.648567 109.043106 -3.2905 2.267954 0.191258 -12.290196 1.412164 1.93808 20.406263 4.340964 1.768672 41.100441 1.477929 2.593441 -2.877533 -0.911735 -8.974188 -27.965105 -7.93159 -5.009706 5e-06 0.0 1e-06 -0.001534 0.081138 -0.266763 0.025853 0.044306 -0.246911 0.077929 0.106197 -0.281811 -100.911949 -64.686386 116.181625 8.624211 -66.940598 33.229469 16.872952 0.244963 0.071048 -1.744985 3.442656 2.202273 17.636864 -26.323095 52.411522 -19.466877 -14.395721 29.410622 -8e-06 -8.774937 -1.1e-05 15.793112 -17.793667 6.507335 -0.60978 -1.795669 -3.88935 -4.807129 -11.046951 -2.937861 1.1e-05 -20.976383 4.2e-05 -5.020072 -25.034092 -4.031879 6e-06 3e-06 1e-06 -10.634617 -5.687014 -3.565606 10.5734 -17.923204 -3.113908 9e-06 -13.821445 2.4e-05 -0.501802 -31.182207 -4.027015 -11.32599 -59.922253 7.345706 -13.982824 -7.150251 -2.875054 13.772875 -8.401611 -3.218256 0.347739 -34.212227 0.771729 -0.963051 -17.733776 2.621107 0.0 -1e-06 -0.0 -17.346558 -20.095404 -4.20178 21.757774 -1.638416 3.866472 7e-06 -6.338932 8e-06 -1.697605 -22.592236 -6.194075 0.0 -7e-06 -2e-06 94.167847 -87.086571 94.410683 61.432404 -30.538513 -56.414848 53.159962 -0.073746 0.274781 -4.374846 21.592363 9.529854 22.182268 -20.376137 49.93401 -16.702023 -16.74367 28.47698 -5e-06 -12.690742 5e-06 15.956876 -17.419245 2.560268 -0.105925 -1.513871 -4.27593 -5.03909 -5.612936 -2.953612 6e-06 -11.020674 -2.2e-05 -6.111354 -15.895621 -3.840592 1e-06 0.0 -0.0 -10.283449 -5.680347 -4.341899 11.028392 -11.302515 -2.372676 -1.384266 -14.238773 -6.320259 -0.625382 -26.924673 -3.82775 -3.992746 -50.009033 -3.837916 -13.708629 -7.363554 -3.721 18.141314 -14.052879 -3.242733 1.1e-05 -18.787519 -2.3e-05 -0.429723 -8.456184 2.555552 -1e-06 4e-06 -0.0 -15.923656 -20.094683 -5.473682 30.419468 -7.190884 1.735934 1e-06 -8.163025 1e-06 -1.861892 -22.861851 -6.168081 -1e-06 -1e-06 -1e-06 178.82077 3.589757 3.92119 14.310699 -0.042436 -0.165681 -74.581284 -2.306254 2.213268 -4.173762 1.463663 2.120429 -0.999997 0.0 -0.0 12.225031 -6.911037 -21.70483 8.341976 -0.025817 0.02503 -74.08403 -7.382237 -12.33571 -4.900807 0.432818 1.607963 -1.000003 -0.0 0.0 
0.0 0.0 0.0 0.0 -0.0 0.0 32.872875 99.832848 565.091736 92.368744 7.459545 109.092484 -3.15562 2.290766 0.191874 -12.244659 1.372684 1.935456 20.50276 3.959413 1.740585 40.66827 1.407072 2.618654 -2.893676 -0.905656 -8.906496 -28.788868 -7.78472 -4.931237 7e-06 -0.0 0.0 0.005684 0.074261 -0.264994 0.026817 0.028893 -0.246146 0.081508 0.107313 -0.278652 -101.121719 -64.784355 116.495636 9.353943 -66.957336 31.906549 16.887552 0.27577 0.068881 -1.36914 3.571566 1.480761 17.636856 -26.323023 52.411472 -19.466909 -14.395766 29.410635 -7e-06 -8.77496 -7e-06 15.847093 -17.735022 6.442252 -0.609778 -1.79567 -3.889351 -4.807141 -11.046949 -2.937863 1.5e-05 -20.976364 2.6e-05 -5.02007 -25.034065 -4.031903 6e-06 -0.0 1e-06 -10.634636 -5.687018 -3.565597 10.573424 -17.923199 -3.113925 1.1e-05 -13.82144 1.5e-05 -0.50179 -31.182207 -4.027042 -11.245016 -59.923019 7.253587 -13.982849 -7.150259 -2.875043 13.772908 -8.401609 -3.218272 0.347753 -34.212212 0.7717 -0.963042 -17.733761 2.621096 0.0 3e-06 0.0 -17.346601 -20.095417 -4.201767 21.757835 -1.638414 3.866466 7e-06 -6.33893 3e-06 -1.69761 -22.592226 -6.194095 0.0 -4e-06 -1e-06 94.724388 -86.766808 94.173294 61.025745 -30.203667 -53.904972 50.00951 0.244944 0.20664 -5.298818 20.614773 7.224588 22.182341 -20.376175 49.934029 -16.701954 -16.743757 28.476944 3.9e-05 -12.690813 -2e-06 15.820748 -17.482355 2.557382 -0.105927 -1.513866 -4.275931 -5.039127 -5.612947 -2.953599 -3.1e-05 -11.020679 4e-06 -6.111465 -15.89565 -3.84057 1e-06 -0.0 -2e-06 -10.283498 -5.680366 -4.34189 11.028409 -11.302497 -2.372657 -1.384332 -14.238789 -6.320244 -0.625506 -26.92469 -3.827722 -4.097508 -50.10796 -3.826614 -13.708693 -7.363579 -3.720979 18.14135 -14.052837 -3.242704 -5.6e-05 -18.787535 8e-06 -0.429752 -8.456196 2.555563 0.0 2e-06 -0.0 -15.92377 -20.094721 -5.473642 30.419607 -7.190823 1.735983 -2.6e-05 -8.16304 1.2e-05 -1.862015 -22.861898 -6.168078 1e-06 -8e-06 -0.0 178.641312 3.124677 4.014571 13.954245 -0.040991 -0.148836 -74.184685 -2.273527 1.650707 -4.182593 1.494599 2.130598 -1.000005 0.0 0.0 11.944714 -6.417594 -21.562824 8.193048 -0.022022 0.023586 -74.318665 -7.741592 -12.003507 -4.869965 0.439369 1.609216 -1.000006 1e-06 0.0 
0.0 0.0 0.0 0.0 -0.0 0.0 32.103119 99.887207 565.131714 92.314735 7.333502 109.078651 -3.030415 2.293192 0.183622 -12.217054 1.318269 1.92728 20.645868 3.621926 1.694873 40.251736 1.409727 2.619924 -2.891867 -0.910549 -8.745174 -29.579695 -7.660198 -4.867473 5e-06 -0.0 0.0 0.014105 0.065147 -0.246233 0.031478 0.009775 -0.228573 0.087913 0.107854 -0.257684 -101.197609 -64.963608 116.665291 10.439608 -67.009468 30.364269 17.017365 0.336013 0.06465 -0.922091 3.929081 0.530191 17.636711 -26.322947 52.411476 -19.466772 -14.395691 29.410593 1e-06 -8.774888 0.0 15.886305 -17.681459 6.369315 -0.609779 -1.79566 -3.889346 -4.80712 -11.046885 -2.937861 -8e-06 -20.976217 2.1e-05 -5.020034 -25.033876 -4.031909 7e-06 -0.0 1e-06 -10.634583 -5.687 -3.5656 10.573337 -17.923069 -3.11391 -6e-06 -13.821339 1.4e-05 -0.501805 -31.181925 -4.027038 -11.158386 -59.906094 7.120022 -13.982782 -7.150234 -2.87505 13.772811 -8.401544 -3.21826 0.347702 -34.211914 0.771707 -0.963065 -17.733606 2.621074 0.0 2e-06 -0.0 -17.346514 -20.095322 -4.201784 21.757689 -1.638379 3.866451 -2e-06 -6.338883 8e-06 -1.697612 -22.592031 -6.194071 -0.0 -6e-06 -2e-06 92.236221 -86.42292 97.073364 60.765347 -29.996836 -50.966915 46.549278 0.569205 0.174087 -6.539381 19.457485 4.295178 22.182234 -20.376001 49.933678 -16.701977 -16.743668 28.476803 1e-05 -12.690747 1e-06 15.622904 -17.557228 2.60397 -0.105921 -1.513868 -4.275911 -5.039093 -5.612931 -2.953585 -7e-06 -11.020659 -1.4e-05 -6.111395 -15.895607 -3.84055 -0.0 0.0 -0.0 -10.283445 -5.680341 -4.341865 11.028381 -11.302492 -2.372664 -1.384292 -14.23876 -6.320214 -0.625433 -26.924639 -3.827718 -4.231242 -50.117977 -3.76657 -13.708624 -7.363545 -3.720958 18.141298 -14.052842 -3.242721 -3e-06 -18.787498 -2.9e-05 -0.429722 -8.456178 2.555534 -0.0 0.0 -1e-06 -15.923671 -20.09465 -5.473615 30.419481 -7.190854 1.735936 -4e-06 -8.163017 -9e-06 -1.861917 -22.861837 -6.168085 1e-06 -4e-06 -3e-06 178.480484 2.603422 4.046361 13.730714 -0.042837 -0.131317 -73.887848 -2.20467 1.077295 -4.194675 1.527452 2.140689 -1.000004 -1e-06 0.0 11.693696 -5.898783 -21.425306 8.122711 -0.014928 0.020885 -74.610901 -8.043707 -11.613634 -4.859217 0.449803 1.610632 -1.000007 0.0 -1e-06 
0.0 0.0 0.0 0.0 -0.0 0.0 31.317619 99.944359 565.205505 92.24408 7.220541 108.937294 -2.922351 2.261588 0.170429 -12.20964 1.251444 1.907915 20.798147 3.314798 1.625179 39.817764 1.472059 2.600459 -2.883848 -0.931497 -8.504264 -30.304659 -7.553715 -4.774868 5e-06 0.0 -1e-06 0.019989 0.057144 -0.218839 0.036279 -0.007025 -0.202682 0.090091 0.108711 -0.22751 -101.173294 -65.211563 116.70826 11.785262 -67.110931 28.774067 17.16309 0.424804 0.06699 -0.503336 4.361771 -0.421568 17.636946 -26.323183 52.411804 -19.467056 -14.395859 29.41086 -8e-06 -8.775028 -6e-06 15.900824 -17.635981 6.29865 -0.609781 -1.795678 -3.889373 -4.807173 -11.047016 -2.937887 2e-05 -20.97653 1.8e-05 -5.020107 -25.034307 -4.031955 5e-06 -3e-06 -1e-06 -10.634693 -5.687048 -3.565618 10.5735 -17.923311 -3.113956 1.3e-05 -13.821545 1e-05 -0.501777 -31.182512 -4.027099 -11.056191 -59.847336 6.950626 -13.982924 -7.150298 -2.875061 13.772999 -8.401662 -3.2183 0.347767 -34.212479 0.771694 -0.963046 -17.73391 2.621115 -0.0 -1e-06 0.0 -17.346701 -20.09552 -4.201796 21.757978 -1.638426 3.866492 7e-06 -6.338976 3e-06 -1.697615 -22.592436 -6.194169 0.0 -4e-06 -2e-06 88.179047 -86.084183 101.585648 60.773754 -30.127726 -47.900307 42.956364 0.747584 0.186831 -7.87397 18.012362 1.003736 22.182377 -20.3762 49.934143 -16.702116 -16.743828 28.477102 2.4e-05 -12.690882 6e-06 15.411311 -17.639874 2.661942 -0.105923 -1.513877 -4.275943 -5.03914 -5.612979 -2.953613 -2e-05 -11.020758 -1.4e-05 -6.111479 -15.895785 -3.840607 -2e-06 0.0 -0.0 -10.283525 -5.680388 -4.341895 11.028471 -11.302569 -2.372693 -1.384319 -14.238893 -6.32029 -0.625458 -26.924934 -3.827788 -4.331373 -50.014961 -3.725686 -13.708731 -7.363606 -3.720983 18.141457 -14.052936 -3.242756 -2.7e-05 -18.787674 -2.7e-05 -0.42974 -8.456262 2.555562 2e-06 3e-06 -0.0 -15.923809 -20.094807 -5.473658 30.419744 -7.190882 1.735953 -1.5e-05 -8.163086 -7e-06 -1.861973 -22.86207 -6.168163 -1e-06 -1e-06 -2e-06 178.405151 2.040523 4.031094 13.434475 -0.045366 -0.122229 -73.604141 -2.153242 0.479388 -4.214223 1.551017 2.14903 -1.000001 0.0 0.0 11.423051 -5.378773 -21.267824 8.093971 -0.005054 0.018851 -74.88868 -8.275994 -11.157959 -4.837459 0.458991 1.610928 -1.000002 0.0 0.0 
0.0 0.0 0.0 0.0 -0.0 0.0 30.522324 100.013885 565.291687 92.138008 7.101532 108.633438 -2.829506 2.196843 0.151577 -12.202943 1.182798 1.874754 20.918678 3.02671 1.522962 39.324429 1.558181 2.577975 -2.876567 -0.954651 -8.181742 -30.959578 -7.435482 -4.631181 6e-06 0.0 0.0 0.022721 0.05265 -0.20164 0.035887 -0.01786 -0.187789 0.084223 0.110999 -0.206971 -101.067337 -65.529152 116.652557 13.44471 -67.266685 27.088371 17.249811 0.523606 0.071807 -0.212943 4.698842 -1.158768 17.636843 -26.323 52.411579 -19.466978 -14.39581 29.410744 -3e-06 -8.774993 -3e-06 15.889519 -17.612007 6.251813 -0.609779 -1.795674 -3.889359 -4.807159 -11.046972 -2.937879 1.5e-05 -20.976431 -2e-06 -5.02008 -25.034189 -4.031969 6e-06 -1e-06 2e-06 -10.634654 -5.68703 -3.565603 10.57345 -17.923218 -3.113955 1.1e-05 -13.821472 -2e-06 -0.501761 -31.182335 -4.027122 -10.963095 -59.768787 6.83297 -13.982876 -7.150271 -2.875046 13.772949 -8.401618 -3.218294 0.347766 -34.212288 0.771653 -0.963035 -17.733812 2.62108 -0.0 4e-06 0.0 -17.346638 -20.095434 -4.201782 21.757898 -1.638407 3.866471 5e-06 -6.338943 -3e-06 -1.697613 -22.59231 -6.194161 -0.0 -5e-06 -3e-06 84.272232 -85.746513 105.966103 61.138733 -30.772366 -44.951641 39.416462 0.706033 0.178484 -9.03546 16.05859 -2.372255 22.182261 -20.376047 49.933826 -16.702011 -16.743704 28.476913 1.2e-05 -12.690773 7e-06 15.231279 -17.72883 2.698862 -0.105923 -1.51387 -4.275919 -5.039103 -5.612943 -2.953598 -1e-05 -11.020679 -1.6e-05 -6.111405 -15.895652 -3.840584 -1e-06 -1e-06 2e-06 -10.283465 -5.680357 -4.341876 11.0284 -11.302505 -2.372678 -1.384297 -14.23879 -6.320249 -0.625423 -26.924702 -3.827767 -4.378127 -49.854183 -3.732905 -13.70865 -7.363565 -3.72097 18.141333 -14.052864 -3.242733 -1e-05 -18.787535 -2.9e-05 -0.429727 -8.45619 2.555539 -1e-06 -1e-06 -1e-06 -15.923709 -20.094696 -5.473635 30.419542 -7.190853 1.735943 -8e-06 -8.163033 -8e-06 -1.861928 -22.861891 -6.168113 1e-06 -5e-06 -1e-06 178.452621 1.422219 3.94982 12.974199 -0.045079 -0.10973 -73.319046 -2.197366 -0.118767 -4.231291 1.551371 2.15181 -1.0 0.0 0.0 11.095022 -4.849705 -21.045834 8.09982 0.00141 0.009558 -75.103058 -8.428117 -10.640418 -4.788383 0.468571 1.61072 -1.000003 0.0 -0.0 
0.0 0.0 0.0 0.0 -0.0 0.0 29.726292 100.089455 565.387695 92.005798 6.965142 108.209763 -2.754281 2.1049 0.127616 -12.184749 1.108073 1.835574 21.00178 2.742468 1.381909 38.713726 1.677577 2.548982 -2.881603 -0.958638 -7.792172 -31.563936 -7.296379 -4.40209 6e-06 -0.0 0.0 0.026127 0.049615 -0.192517 0.0366 -0.024522 -0.1811 0.078551 0.11224 -0.194944 -100.867569 -65.945549 116.525597 15.567769 -67.417252 25.086374 17.282219 0.589339 0.070553 -0.050261 4.903597 -1.558437 17.636816 -26.32303 52.411613 -19.466871 -14.395795 29.410686 7e-06 -8.774969 -4e-06 15.84226 -17.629351 6.240287 -0.609781 -1.795667 -3.889357 -4.807158 -11.046932 -2.937865 -1e-05 -20.976315 2.2e-05 -5.0201 -25.034014 -4.031935 6e-06 2e-06 1e-06 -10.634648 -5.687025 -3.565602 10.573407 -17.923147 -3.113926 -8e-06 -13.821409 1.4e-05 -0.501826 -31.182146 -4.027071 -10.921046 -59.680485 6.802287 -13.982866 -7.150265 -2.875046 13.772909 -8.401574 -3.218275 0.347701 -34.212112 0.771707 -0.963067 -17.733711 2.621085 0.0 2e-06 0.0 -17.346632 -20.095402 -4.201778 21.757849 -1.638386 3.86647 -3e-06 -6.338914 6e-06 -1.697647 -22.592176 -6.194105 1e-06 -3e-06 -2e-06 81.695465 -85.436699 109.016457 61.833046 -32.042797 -42.229595 35.9953 0.54687 0.156956 -9.860817 13.300365 -5.5673 22.182249 -20.376099 49.933773 -16.702053 -16.743799 28.476921 3e-06 -12.690818 2.6e-05 15.105496 -17.790154 2.722927 -0.105915 -1.51387 -4.275923 -5.039106 -5.612943 -2.953581 -3e-06 -11.020695 -3e-06 -6.111427 -15.895652 -3.840531 -2e-06 -1e-06 -1e-06 -10.283473 -5.68035 -4.341859 11.028439 -11.302527 -2.372687 -1.384293 -14.238808 -6.320213 -0.625447 -26.92474 -3.827699 -4.384449 -49.656105 -3.765623 -13.708667 -7.363558 -3.720947 18.141392 -14.052884 -3.242751 -1.5e-05 -18.787558 -8e-06 -0.42973 -8.4562 2.555543 0.0 4e-06 -1e-06 -15.923731 -20.094696 -5.473595 30.419638 -7.19087 1.735898 -8e-06 -8.163047 -5e-06 -1.861959 -22.861937 -6.168083 -0.0 -3e-06 -1e-06 178.61264 0.763609 3.78842 12.402551 -0.039716 -0.082304 -73.08477 -2.355315 -0.700393 -4.219391 1.534201 2.149458 -1.000001 1e-06 0.0 10.731459 -4.312865 -20.781891 8.105521 -0.000153 0.002205 -75.268761 -8.511086 -10.11947 -4.689809 0.475725 1.611031 -1.000002 0.0 -1e-06 
0.0 0.0 0.0 0.0 -0.0 0.0 28.925695 100.161407 565.493225 91.843002 6.787091 107.670723 -2.693875 1.989433 0.110803 -12.156444 1.016422 1.789543 21.045374 2.467534 1.211635 37.938175 1.813099 2.512215 -2.885191 -0.928675 -7.357332 -32.149975 -7.135684 -4.099123 5e-06 -1e-06 1e-06 0.031163 0.046816 -0.179951 0.038381 -0.031332 -0.170807 0.075541 0.114063 -0.180321 -100.684044 -66.431015 116.387939 18.173597 -67.48262 22.667231 17.226732 0.598374 0.056871 0.060644 4.994922 -1.528655 17.636852 -26.323044 52.411476 -19.466909 -14.395831 29.410652 7e-06 -8.774988 -2e-06 15.793256 -17.674961 6.243521 -0.609778 -1.795671 -3.889352 -4.807165 -11.04696 -2.937852 -1.8e-05 -20.976379 3.7e-05 -5.020134 -25.034088 -4.031908 6e-06 0.0 1e-06 -10.634664 -5.687031 -3.565586 10.573431 -17.923197 -3.113925 -1.2e-05 -13.821449 1.8e-05 -0.501852 -31.182232 -4.027051 -10.929832 -59.609997 6.820396 -13.982889 -7.150276 -2.875024 13.772938 -8.401595 -3.218281 0.34769 -34.212223 0.771717 -0.96307 -17.733763 2.621085 -0.0 2e-06 0.0 -17.346672 -20.095436 -4.201735 21.757898 -1.638388 3.866462 -4e-06 -6.338933 6e-06 -1.697667 -22.592255 -6.194094 0.0 -6e-06 -2e-06 79.760704 -85.173958 111.42543 62.757092 -33.954899 -39.753056 32.61993 0.337287 0.132087 -10.262522 9.751646 -8.160753 22.18227 -20.375996 49.933971 -16.702202 -16.743855 28.477098 1.4e-05 -12.690895 2.6e-05 15.064737 -17.773911 2.76812 -0.105916 -1.513884 -4.275942 -5.039141 -5.612982 -2.953603 -1.3e-05 -11.020744 -4.1e-05 -6.111465 -15.89577 -3.840618 -2e-06 2e-06 -2e-06 -10.283522 -5.680397 -4.341876 11.028486 -11.30256 -2.37273 -1.384303 -14.23889 -6.3203 -0.625384 -26.924881 -3.827858 -4.371954 -49.46196 -3.775996 -13.708733 -7.363613 -3.720959 18.141489 -14.052919 -3.242818 0.0 -18.787628 -8.2e-05 -0.429714 -8.456224 2.555522 0.0 -1e-06 2e-06 -15.923815 -20.094816 -5.473639 30.419802 -7.190872 1.735898 -6e-06 -8.163066 -3.1e-05 -1.86192 -22.862026 -6.168225 1e-06 -1e-06 -1e-06 178.807404 0.079086 3.592772 11.831028 -0.033155 -0.048915 -72.940445 -2.616111 -1.291109 -4.208866 1.52021 2.147383 -1.000001 0.0 -0.0 10.302295 -3.771002 -20.462 8.127272 -0.003108 -0.008266 -75.442108 -8.526032 -9.620889 -4.592303 0.478622 1.611017 -1.000008 1e-06 -0.0 
0.0 0.0 0.0 0.0 -0.0 0.0 28.143909 100.22509 565.610291 91.665207 6.552188 107.047195 -2.657204 1.847891 0.098918 -12.120172 0.905156 1.729151 21.048067 2.207812 1.055018 37.006748 1.952475 2.454242 -2.888615 -0.88412 -6.88901 -32.689991 -6.957334 -3.743269 6e-06 -0.0 1e-06 0.039371 0.043646 -0.165223 0.044594 -0.038181 -0.158696 0.079448 0.115141 -0.163555 -100.648224 -66.982941 116.330345 21.084017 -67.394417 19.949697 17.132957 0.569969 0.034133 0.118517 5.05627 -1.186849 17.63682 -26.323114 52.411831 -19.466999 -14.395883 29.410873 1e-05 -8.77502 7e-06 15.769331 -17.753756 6.269455 -0.609782 -1.795675 -3.889371 -4.807186 -11.046989 -2.937882 -1.8e-05 -20.976446 4e-06 -5.020135 -25.034201 -4.031989 5e-06 -6e-06 -0.0 -10.634687 -5.687048 -3.56561 10.573461 -17.923225 -3.113966 -1.3e-05 -13.821485 2e-06 -0.501817 -31.182348 -4.02714 -10.979868 -59.589493 6.877825 -13.98292 -7.150298 -2.875048 13.772977 -8.401606 -3.218311 0.347698 -34.212326 0.771679 -0.963073 -17.733826 2.621082 -0.0 0.0 0.0 -17.346708 -20.095493 -4.201783 21.757963 -1.63838 3.86647 -7e-06 -6.338951 2e-06 -1.697657 -22.592348 -6.194175 -0.0 -4e-06 -3e-06 77.889999 -84.981438 113.742844 63.766449 -36.483429 -37.642979 29.311935 0.156581 0.097699 -10.214649 6.012953 -9.670355 22.182343 -20.37603 49.933743 -16.702034 -16.743792 28.476851 7e-06 -12.690836 1e-06 15.109895 -17.675009 2.840647 -0.105917 -1.513868 -4.275919 -5.039119 -5.61293 -2.953584 -3e-06 -11.020651 -8e-06 -6.111429 -15.89558 -3.840553 -2e-06 2e-06 -1e-06 -10.2835 -5.680349 -4.341862 11.028453 -11.302499 -2.372671 -1.384302 -14.238746 -6.320212 -0.62543 -26.924601 -3.827692 -4.384342 -49.349922 -3.718377 -13.708703 -7.363557 -3.720953 18.141424 -14.052854 -3.242729 1e-06 -18.787489 -1.3e-05 -0.429718 -8.456162 2.555543 -1e-06 -0.0 1e-06 -15.923774 -20.094679 -5.473608 30.41968 -7.190883 1.735951 1e-06 -8.163017 -3e-06 -1.861945 -22.861813 -6.168063 2e-06 -2e-06 -2e-06 179.014313 -0.590893 3.384383 11.283978 -0.027116 -0.026305 -72.895874 -2.952137 -1.853443 -4.211356 1.514133 2.150198 -1.000007 1e-06 -0.0 9.827013 -3.245322 -20.058475 8.130274 -0.002678 -0.0247 -75.630836 -8.502343 -9.127409 -4.526752 0.477328 1.611053 -1.000009 1e-06 -0.0 
0.0 0.0 0.0 0.0 -0.0 0.0 27.389351 100.290421 565.72699 91.475319 6.269593 106.343872 -2.639591 1.697913 0.098161 -12.08441 0.783991 1.677184 21.027191 1.97083 0.89166 35.935032 2.059238 2.421504 -2.888597 -0.859232 -6.44687 -33.138748 -6.740034 -3.408009 6e-06 -0.0 -1e-06 0.046732 0.040974 -0.160275 0.0596 -0.041264 -0.15483 0.093082 0.113426 -0.157693 -100.831612 -67.574562 116.41011 24.142492 -67.129807 16.983522 17.054855 0.51997 0.007295 0.115337 5.120478 -0.658305 17.636801 -26.322966 52.411438 -19.466852 -14.395744 29.410597 -1e-06 -8.774936 -6e-06 15.796414 -17.855598 6.287849 -0.609778 -1.795667 -3.889349 -4.807137 -11.046923 -2.937859 4e-06 -20.976311 2.3e-05 -5.020072 -25.034016 -4.031909 6e-06 0.0 1e-06 -10.634617 -5.687008 -3.565595 10.573389 -17.923134 -3.113919 3e-06 -13.821392 1.3e-05 -0.501802 -31.182085 -4.027042 -11.061589 -59.598442 6.935658 -13.982825 -7.150247 -2.875041 13.772877 -8.401579 -3.218268 0.347732 -34.212086 0.771697 -0.96305 -17.733707 2.621083 -0.0 0.0 -0.0 -17.346571 -20.095367 -4.20177 21.757786 -1.638399 3.866459 3e-06 -6.338911 4e-06 -1.69762 -22.592161 -6.194088 0.0 -2e-06 -2e-06 74.960197 -84.8517 117.166664 64.727539 -39.434788 -36.115425 26.116976 0.000215 0.052433 -9.719214 2.986562 -10.067049 22.182228 -20.375984 49.93351 -16.701958 -16.743626 28.476698 -4e-06 -12.690706 -1e-06 15.218382 -17.527115 2.908303 -0.105921 -1.513868 -4.2759 -5.039078 -5.612923 -2.953572 -0.0 -11.02065 -3e-06 -6.111356 -15.89557 -3.840508 -0.0 -0.0 2e-06 -10.283427 -5.680328 -4.341854 11.028367 -11.302501 -2.372651 -1.384281 -14.238738 -6.320172 -0.62545 -26.924606 -3.827648 -4.418878 -49.330246 -3.624972 -13.708599 -7.363526 -3.720951 18.141275 -14.05286 -3.242702 8e-06 -18.787481 -1.1e-05 -0.429714 -8.456168 2.555531 1e-06 -0.0 -1e-06 -15.923634 -20.094624 -5.473596 30.419416 -7.190878 1.735934 5e-06 -8.163013 -1e-05 -1.861899 -22.861816 -6.168044 -1e-06 -3e-06 -1e-06 179.351624 -1.24617 3.156124 10.662998 -0.022389 -0.020418 -72.942024 -3.290997 -2.372486 -4.217472 1.514424 2.156383 -1.000002 1e-06 0.0 9.297991 -2.742889 -19.557148 8.145206 -0.000715 -0.043332 -75.780556 -8.498395 -8.62581 -4.493127 0.478073 1.613793 -1.000005 -0.0 0.0 
0.0 0.0 0.0 0.0 -0.0 0.0 26.67709 100.344727 565.852417 91.290512 5.974936 105.60498 -2.627033 1.54266 0.098472 -12.05616 0.665091 1.61863 21.010399 1.752887 0.711414 34.782215 2.119547 2.428453 -2.881762 -0.853935 -6.072563 -33.546654 -6.522042 -3.105518 6e-06 -0.0 0.0 0.049914 0.038122 -0.155673 0.078917 -0.041387 -0.150168 0.110568 0.108431 -0.153157 -101.169098 -68.189034 116.581741 27.178984 -66.713959 13.870472 17.047596 0.454498 -0.021143 0.120608 5.26289 -0.034664 17.636717 -26.322943 52.411442 -19.466831 -14.395684 29.41061 -1.6e-05 -8.77489 1e-06 15.823338 -17.941172 6.301219 -0.609776 -1.79566 -3.889346 -4.807097 -11.046887 -2.937868 3.5e-05 -20.97625 1.2e-05 -5.019991 -25.033911 -4.031892 5e-06 -5e-06 0.0 -10.634567 -5.686986 -3.565605 10.573362 -17.923107 -3.113925 2.1e-05 -13.821362 1.3e-05 -0.501748 -31.181995 -4.02702 -11.141174 -59.582138 6.966412 -13.982757 -7.150219 -2.875057 13.772816 -8.401573 -3.218267 0.347777 -34.211971 0.771688 -0.963035 -17.733643 2.621089 -0.0 -0.0 -0.0 -17.346458 -20.095306 -4.2018 21.757671 -1.638416 3.866439 1.1e-05 -6.338892 5e-06 -1.69756 -22.592075 -6.194067 -0.0 -3e-06 -3e-06 70.826553 -84.684624 121.845032 65.539124 -42.608849 -35.180077 23.167156 -0.11767 0.00235 -8.907699 1.111468 -9.786614 22.182146 -20.375946 49.93354 -16.701996 -16.743631 28.476757 -2.9e-05 -12.690695 1.3e-05 15.37087 -17.388809 2.942341 -0.105913 -1.513867 -4.275901 -5.039061 -5.612905 -2.953579 2.6e-05 -11.020613 -2.8e-05 -6.111304 -15.895505 -3.840539 1e-06 0.0 1e-06 -10.283405 -5.680312 -4.341854 11.028369 -11.302484 -2.372677 -1.384239 -14.238699 -6.320196 -0.625336 -26.924511 -3.827693 -4.441295 -49.374332 -3.546712 -13.70857 -7.363507 -3.720953 18.141273 -14.052838 -3.242739 5.3e-05 -18.787413 -3.3e-05 -0.429694 -8.456127 2.555524 2e-06 -0.0 -0.0 -15.923584 -20.09458 -5.473612 30.419386 -7.190886 1.735887 1.6e-05 -8.162978 -1.1e-05 -1.861841 -22.861687 -6.168039 -1e-06 -4e-06 -1e-06 179.742691 -1.863402 2.89216 10.059649 -0.016244 -0.025814 -73.069122 -3.548303 -2.801222 -4.243572 1.517764 2.163066 -1.000006 0.0 -1e-06 8.783341 -2.269092 -19.014626 8.151467 0.003572 -0.061877 -75.929726 -8.501322 -8.146297 -4.479333 0.489198 1.620059 -1.000004 -0.0 0.0 
0.0 0.0 0.0 0.0 -0.0 0.0 26.009226 100.392387 565.992004 91.118515 5.680095 104.850029 -2.617656 1.375387 0.09353 -12.032559 0.550797 1.541126 21.003132 1.552331 0.500545 33.604431 2.134895 2.445028 -2.861955 -0.853167 -5.763729 -33.939404 -6.307242 -2.791304 6e-06 0.0 -0.0 0.048487 0.035379 -0.154282 0.094281 -0.036177 -0.1487 0.123222 0.098328 -0.151643 -101.533127 -68.819649 116.744774 30.138401 -66.150131 10.70081 17.200977 0.381734 -0.052847 0.153824 5.481386 0.630748 17.636784 -26.322996 52.411476 -19.466873 -14.395753 29.410641 9e-06 -8.774948 -1e-06 15.814406 -17.982594 6.308153 -0.609779 -1.795674 -3.88935 -4.807154 -11.046953 -2.937858 -2.6e-05 -20.976368 2.4e-05 -5.020115 -25.034098 -4.031921 6e-06 0.0 -0.0 -10.63463 -5.68703 -3.565592 10.573383 -17.923176 -3.113925 -1.6e-05 -13.821439 8e-06 -0.501834 -31.182222 -4.027078 -11.205997 -59.507633 6.969613 -13.982842 -7.150272 -2.875035 13.772882 -8.401584 -3.218273 0.347685 -34.212208 0.771693 -0.963068 -17.733765 2.621068 -0.0 0.0 -0.0 -17.346611 -20.095425 -4.201754 21.757811 -1.638375 3.86646 -6e-06 -6.338927 2e-06 -1.697649 -22.592232 -6.194107 0.0 -4e-06 -2e-06 66.166626 -84.434898 127.075928 66.074684 -45.917347 -34.758266 20.537437 -0.240381 -0.029377 -7.948554 0.18865 -9.120632 22.182293 -20.375982 49.933617 -16.702072 -16.743727 28.476839 -9e-06 -12.6908 1e-06 15.553608 -17.310598 2.931616 -0.105918 -1.513873 -4.275916 -5.039104 -5.612941 -2.953583 1e-05 -11.020688 -1.6e-05 -6.111395 -15.895645 -3.84055 -1e-06 2e-06 -2e-06 -10.283464 -5.680343 -4.341858 11.028439 -11.30253 -2.372678 -1.38428 -14.238794 -6.32022 -0.625398 -26.924723 -3.827711 -4.424831 -49.444977 -3.523069 -13.708657 -7.363544 -3.720951 18.141388 -14.052901 -3.242743 2.6e-05 -18.787548 -3.4e-05 -0.429704 -8.4562 2.555535 1e-06 -2e-06 1e-06 -15.9237 -20.094673 -5.473611 30.419598 -7.190913 1.735924 1.1e-05 -8.163035 -1.4e-05 -1.86189 -22.861906 -6.1681 0.0 -1e-06 4e-06 -179.755875 -2.439246 2.590466 9.402114 -0.007896 -0.037887 -73.244972 -3.73869 -3.170331 -4.288816 1.531274 2.170293 -1.000005 1e-06 0.0 8.315269 -1.827871 -18.473629 8.128508 0.014364 -0.073405 -76.062439 -8.45193 -7.671008 -4.468008 0.504164 1.62731 -1.000005 0.0 -0.0 
0.0 0.0 0.0 0.0 -0.0 0.0 25.406433 100.42926 566.156738 90.976204 5.413994 104.084023 -2.611671 1.19279 0.085496 -12.016072 0.432377 1.438158 21.027336 1.376127 0.267175 32.473061 2.107288 2.454651 -2.827377 -0.860065 -5.459486 -34.287846 -6.116926 -2.505755 6e-06 0.0 0.0 0.045602 0.032718 -0.153879 0.107563 -0.028847 -0.147926 0.131796 0.086331 -0.151236 -101.838341 -69.453194 116.852928 32.9249 -65.448967 7.651273 17.596819 0.304468 -0.092752 0.232099 5.797765 1.132502 17.636744 -26.32292 52.411404 -19.466845 -14.395671 29.41058 -1.1e-05 -8.774897 -5e-06 15.768925 -18.007906 6.31558 -0.609777 -1.795667 -3.889344 -4.807108 -11.04691 -2.937866 2.5e-05 -20.976294 8e-06 -5.02001 -25.033981 -4.031898 6e-06 -0.0 0.0 -10.634577 -5.687001 -3.565602 10.573359 -17.92313 -3.113925 1.7e-05 -13.821383 4e-06 -0.501749 -31.18206 -4.027045 -11.232821 -59.417469 6.943753 -13.98277 -7.150233 -2.875052 13.772822 -8.401583 -3.218263 0.347772 -34.212048 0.771666 -0.963028 -17.733675 2.621074 0.0 -5e-06 -0.0 -17.346487 -20.095345 -4.20179 21.757689 -1.638407 3.866448 1e-05 -6.338903 1e-06 -1.697569 -22.592133 -6.194087 -0.0 -2e-06 -2e-06 61.792305 -84.047607 132.005936 66.188728 -49.214664 -34.470318 18.346741 -0.371236 -0.048617 -6.977167 -0.13585 -8.273261 22.182159 -20.375961 49.93351 -16.701977 -16.743595 28.47674 -2.6e-05 -12.690668 1.2e-05 15.766758 -17.300407 2.875681 -0.105915 -1.513866 -4.275902 -5.039053 -5.612907 -2.953577 2.4e-05 -11.020629 -2e-05 -6.111296 -15.895531 -3.840528 -0.0 1e-06 -2e-06 -10.283393 -5.680312 -4.341856 11.028351 -11.302492 -2.372668 -1.384242 -14.238713 -6.320188 -0.625358 -26.924538 -3.827687 -4.374327 -49.561504 -3.53209 -13.708555 -7.363507 -3.720957 18.141249 -14.052853 -3.242728 3.7e-05 -18.787441 -2.7e-05 -0.429703 -8.456147 2.555526 -1e-06 -1e-06 1e-06 -15.923563 -20.094584 -5.473618 30.419336 -7.190894 1.735893 1.2e-05 -8.162994 -1.2e-05 -1.86184 -22.861759 -6.168044 -2e-06 -1e-06 -1e-06 -179.152405 -2.949143 2.236569 8.672062 -0.00053 -0.041656 -73.426689 -3.912805 -3.498736 -4.354895 1.554459 2.17623 -1.000001 1e-06 0.0 7.932488 -1.437949 -17.954679 8.085679 0.024916 -0.082667 -76.198662 -8.33821 -7.245785 -4.46899 0.521904 1.634067 -1.000004 -1e-06 -0.0 
0.0 0.0 0.0 0.0 -0.0 0.0 24.886934 100.447342 566.329041 90.877045 5.180983 103.303757 -2.598624 0.99771 0.078127 -12.003538 0.302436 1.307604 21.059155 1.220249 0.016153 31.458691 2.037226 2.43617 -2.781093 -0.870051 -5.128079 -34.586227 -5.938707 -2.198071 6e-06 0.0 -0.0 0.044076 0.028642 -0.154998 0.123306 -0.023612 -0.147764 0.141996 0.073674 -0.153577 -101.998268 -70.099228 116.820595 35.371063 -64.699539 4.811931 18.24976 0.222979 -0.127465 0.376134 6.253919 1.324298 17.636707 -26.322821 52.411423 -19.466795 -14.39576 29.410587 1.7e-05 -8.77494 -0.0 15.711643 -18.025246 6.302997 -0.60978 -1.795662 -3.889344 -4.807156 -11.046884 -2.93786 -2.5e-05 -20.976185 -8e-06 -5.020078 -25.033852 -4.031972 6e-06 -1e-06 -0.0 -10.634623 -5.687013 -3.565587 10.573361 -17.923042 -3.113934 -1.7e-05 -13.821322 -5e-06 -0.501814 -31.181913 -4.027114 -11.195675 -59.319633 6.847159 -13.982835 -7.150249 -2.875032 13.772865 -8.401516 -3.218277 0.34769 -34.211857 0.771651 -0.963055 -17.733572 2.621036 0.0 -0.0 -0.0 -17.346601 -20.095337 -4.201764 21.757795 -1.638353 3.86645 -9e-06 -6.338873 -1e-06 -1.697654 -22.592018 -6.19411 0.0 -4e-06 -2e-06 58.734913 -83.536041 135.525101 65.737556 -52.455208 -33.919987 16.738466 -0.496989 -0.051806 -6.063173 -0.193491 -7.411644 22.182268 -20.375942 49.933571 -16.701933 -16.74366 28.476725 1.8e-05 -12.690747 -1e-05 15.981009 -17.337814 2.773624 -0.105923 -1.513865 -4.275903 -5.039098 -5.612922 -2.953574 -1e-05 -11.020633 -8e-06 -6.111399 -15.895561 -3.840544 -0.0 -0.0 3e-06 -10.283453 -5.680336 -4.341854 11.028377 -11.302464 -2.372653 -1.384303 -14.238724 -6.320199 -0.62544 -26.924553 -3.827712 -4.306572 -49.681805 -3.580466 -13.708636 -7.36354 -3.720948 18.141294 -14.052811 -3.242701 -1.1e-05 -18.787447 -2.5e-05 -0.429716 -8.456146 2.555525 -0.0 -0.0 -0.0 -15.923695 -20.094627 -5.473601 30.419483 -7.190838 1.735965 -4e-06 -8.162996 -1e-05 -1.861929 -22.861771 -6.168077 2e-06 -6e-06 1e-06 -178.561798 -3.363728 1.810055 7.906607 0.005303 -0.039546 -73.509201 -4.07269 -3.804828 -4.396764 1.580474 2.180716 -1.000005 2e-06 0.0 7.615517 -1.135198 -17.489452 8.057796 0.036794 -0.098444 -76.392563 -8.124006 -6.873655 -4.454464 0.537725 1.639074 -1.000004 0.0 -1e-06 
0.0 0.0 0.0 0.0 -0.0 0.0 24.437824 100.455605 566.477905 90.807907 4.971677 102.479309 -2.569667 0.802031 0.069063 -12.002625 0.170882 1.149008 21.086025 1.06856 -0.22354 30.583447 1.938234 2.407617 -2.739714 -0.880707 -4.773091 -34.804649 -5.79307 -1.864116 6e-06 -0.0 -0.0 0.041686 0.024874 -0.150816 0.134129 -0.020524 -0.14289 0.146991 0.063741 -0.150211 -101.997177 -70.731483 116.670776 37.485802 -63.947094 2.094941 19.088173 0.150676 -0.144431 0.560159 6.880888 1.161816 17.636734 -26.322901 52.411499 -19.466827 -14.395706 29.410622 9e-06 -8.77492 -5e-06 15.635944 -18.018204 6.303658 -0.609781 -1.795667 -3.88935 -4.807142 -11.046911 -2.937871 -1.3e-05 -20.976257 -6e-06 -5.020054 -25.033953 -4.031959 6e-06 -0.0 -0.0 -10.634611 -5.687018 -3.565602 10.573354 -17.923096 -3.113933 -8e-06 -13.821359 -6e-06 -0.501787 -31.181986 -4.027108 -11.134086 -59.209286 6.75847 -13.982816 -7.150258 -2.875048 13.772841 -8.40155 -3.218271 0.347714 -34.211964 0.77165 -0.963048 -17.733627 2.621045 -0.0 -0.0 -1e-06 -17.346569 -20.095377 -4.201787 21.757755 -1.638369 3.866462 -4e-06 -6.338892 -3e-06 -1.697622 -22.592083 -6.194119 -1e-06 -3e-06 -3e-06 57.688503 -82.963135 136.89389 64.729424 -55.567097 -32.912708 15.732804 -0.60401 -0.044474 -5.315919 -0.064047 -6.750906 22.182281 -20.376036 49.933647 -16.702003 -16.743681 28.476793 -3e-06 -12.690754 0.0 16.168835 -17.413555 2.65433 -0.105917 -1.513867 -4.27591 -5.039093 -5.612932 -2.953581 3e-06 -11.020675 -8e-06 -6.111386 -15.895619 -3.840534 1e-06 -2e-06 -1e-06 -10.283454 -5.680337 -4.341863 11.028405 -11.302519 -2.372662 -1.384284 -14.238773 -6.320205 -0.625426 -26.924675 -3.827684 -4.223816 -49.770107 -3.664735 -13.708638 -7.36354 -3.720953 18.141338 -14.052877 -3.242719 8e-06 -18.787525 -1.6e-05 -0.429714 -8.456185 2.555535 -1e-06 1e-06 1e-06 -15.923677 -20.09466 -5.473612 30.419516 -7.190895 1.735939 3e-06 -8.163031 -7e-06 -1.861909 -22.861876 -6.16807 -1e-06 -4e-06 -3e-06 -177.945221 -3.698228 1.268908 7.106126 0.008189 -0.042111 -73.508034 -4.206413 -4.073596 -4.428999 1.595192 2.183521 -1.000005 -0.0 -0.0 7.294991 -0.91158 -17.018829 8.100775 0.046024 -0.114748 -76.620827 -7.846105 -6.53828 -4.448138 0.557811 1.642762 -1.000007 -0.0 0.0 
0.0 0.0 0.0 0.0 -0.0 0.0 24.032602 100.471207 566.59613 90.723763 4.760357 101.583366 -2.528816 0.640076 0.052699 -11.999082 0.052001 0.983604 21.066364 0.920164 -0.461492 29.822577 1.843002 2.401131 -2.710071 -0.901399 -4.377525 -35.00655 -5.673627 -1.480572 6e-06 0.0 0.0 0.038191 0.022748 -0.146051 0.141032 -0.016599 -0.137456 0.149497 0.05609 -0.146751 -101.77562 -71.345879 116.297852 39.265156 -63.292736 -0.4529 19.996992 0.082295 -0.151987 0.762106 7.611374 0.806951 17.6367 -26.322798 52.411201 -19.466824 -14.3957 29.410505 8e-06 -8.774912 4e-06 15.57735 -17.990799 6.298146 -0.609777 -1.795666 -3.889336 -4.807137 -11.046918 -2.93785 -2e-05 -20.976284 -4e-06 -5.020075 -25.033987 -4.031927 6e-06 1e-06 -0.0 -10.634594 -5.687016 -3.565575 10.573342 -17.923105 -3.113931 -1e-05 -13.821374 -1e-05 -0.501799 -31.182043 -4.027102 -11.027777 -59.08604 6.688672 -13.982797 -7.150255 -2.875019 13.772832 -8.401552 -3.218271 0.34771 -34.212025 0.77163 -0.963037 -17.733662 2.621023 -1e-06 4e-06 -1e-06 -17.346556 -20.095369 -4.201736 21.757738 -1.63836 3.866435 -6e-06 -6.338898 -7e-06 -1.697633 -22.592121 -6.194102 1e-06 -4e-06 -2e-06 58.463455 -82.440613 136.302048 63.291859 -58.498604 -31.470619 15.096607 -0.647803 -0.033102 -4.78493 0.299217 -6.303062 22.182333 -20.375959 49.933517 -16.702036 -16.743713 28.476768 2e-06 -12.690805 -9e-06 16.302769 -17.497566 2.562992 -0.105919 -1.513871 -4.275904 -5.039107 -5.612939 -2.953575 2e-06 -11.020691 -1.2e-05 -6.111416 -15.89566 -3.840546 0.0 -1e-06 -0.0 -10.28347 -5.68034 -4.341851 11.02843 -11.302522 -2.372662 -1.384297 -14.238796 -6.32021 -0.62543 -26.924732 -3.827705 -4.161238 -49.850704 -3.727182 -13.708664 -7.363544 -3.720942 18.141382 -14.052887 -3.242722 1.3e-05 -18.787556 -3e-05 -0.429706 -8.456203 2.555533 1e-06 3e-06 -0.0 -15.923717 -20.094662 -5.473592 30.419598 -7.190904 1.735956 7e-06 -8.16304 -1.8e-05 -1.861909 -22.861923 -6.168112 2e-06 -5e-06 -0.0 -177.288452 -3.993587 0.651214 6.334761 0.009 -0.046478 -73.527794 -4.364577 -4.33115 -4.436029 1.588381 2.18107 -1.0 0.0 0.0 6.93521 -0.712388 -16.50853 8.181015 0.051304 -0.128254 -76.785301 -7.50915 -6.213877 -4.456233 0.573592 1.643073 -1.000004 -0.0 0.0 
0.0 0.0 0.0 0.0 -0.0 0.0 23.695368 100.482712 566.690247 90.627769 4.549959 100.658607 -2.477946 0.51181 0.029817 -11.979639 -0.056322 0.828004 20.985691 0.777695 -0.703588 29.142385 1.776691 2.419569 -2.692533 -0.911228 -3.927171 -35.205814 -5.542056 -1.021769 6e-06 0.0 -1e-06 0.034202 0.021536 -0.140392 0.139653 -0.011179 -0.131794 0.147086 0.048487 -0.142081 -101.2005 -71.95623 115.568657 40.782837 -62.795811 -2.675915 20.85268 0.011726 -0.155577 0.965333 8.302359 0.590035 17.636837 -26.323168 52.411915 -19.467089 -14.395868 29.410946 6e-06 -8.775036 6e-06 15.562004 -17.959476 6.284056 -0.609784 -1.795685 -3.88938 -4.807189 -11.04705 -2.937893 -1.7e-05 -20.976591 -7e-06 -5.020153 -25.034433 -4.032007 6e-06 3e-06 0.0 -10.634691 -5.687068 -3.565619 10.573478 -17.923328 -3.113986 -9e-06 -13.821581 -1e-05 -0.501792 -31.182652 -4.02719 -10.988407 -59.018013 6.702878 -13.982924 -7.150322 -2.875059 13.772993 -8.401652 -3.21832 0.347718 -34.212585 0.771648 -0.963063 -17.733969 2.621075 -1e-06 3e-06 1e-06 -17.34671 -20.095566 -4.201797 21.757982 -1.638386 3.866479 -6e-06 -6.338992 -6e-06 -1.697645 -22.59255 -6.194227 0.0 -6e-06 -2e-06 60.495819 -82.047691 134.37056 61.601482 -61.137516 -29.892391 14.657696 -0.640344 -0.018681 -4.501768 0.914908 -6.037236 22.182396 -20.376204 49.93399 -16.702145 -16.743824 28.477057 -8e-06 -12.69087 1e-05 16.375046 -17.559608 2.518517 -0.105919 -1.513876 -4.275938 -5.039125 -5.612966 -2.953605 8e-06 -11.020757 -9e-06 -6.11144 -15.895761 -3.840578 -1e-06 1e-06 1e-06 -10.283511 -5.680365 -4.341887 11.028491 -11.302592 -2.372691 -1.384284 -14.238884 -6.320266 -0.62541 -26.924952 -3.827735 -4.098651 -49.882137 -3.783925 -13.708714 -7.363575 -3.720979 18.141476 -14.052971 -3.242756 1.3e-05 -18.787674 -1.1e-05 -0.42972 -8.456267 2.555569 -1e-06 4e-06 1e-06 -15.923767 -20.094761 -5.473645 30.419733 -7.190944 1.73593 3e-06 -8.163095 -1e-06 -1.861931 -22.862097 -6.168123 1e-06 -5e-06 -3e-06 -176.862869 -4.243278 0.030753 5.858168 0.013761 -0.040167 -73.57048 -4.551804 -4.588777 -4.422071 1.5753 2.178444 -1.000003 -0.0 0.0 6.562178 -0.545637 -15.98295 8.276021 0.057806 -0.143297 -76.925827 -7.146065 -5.921775 -4.461802 0.576013 1.639711 -1.000004 -0.0 0.0 
0.0 0.0 0.0 0.0 -0.0 0.0 23.419813 100.492882 566.770691 90.514709 4.352726 99.70784 -2.413453 0.40111 0.000687 -11.946571 -0.153289 0.675061 20.876129 0.648058 -0.936723 28.488201 1.760713 2.44981 -2.686957 -0.891615 -3.416511 -35.411678 -5.375073 -0.480637 5e-06 0.0 0.0 0.030147 0.021681 -0.130539 0.127158 -0.006082 -0.123794 0.135901 0.043716 -0.131473 -100.387154 -72.5625 114.628731 42.11438 -62.400406 -4.451827 21.671537 -0.04026 -0.152676 1.112303 8.904222 0.568971 17.636797 -26.322983 52.411594 -19.466928 -14.395744 29.410702 -8e-06 -8.774944 -4e-06 15.579214 -17.939877 6.259744 -0.609779 -1.79567 -3.889357 -4.807136 -11.046943 -2.937882 2.6e-05 -20.976345 -9e-06 -5.02003 -25.034052 -4.031956 6e-06 -0.0 -0.0 -10.634621 -5.68702 -3.565612 10.573413 -17.923178 -3.11395 1.7e-05 -13.821422 -3e-06 -0.501741 -31.182159 -4.027096 -11.029999 -59.00061 6.780022 -13.982833 -7.150259 -2.87506 13.772891 -8.401603 -3.218283 0.34778 -34.212151 0.77165 -0.96303 -17.73373 2.621081 -1e-06 1e-06 -2e-06 -17.346569 -20.095409 -4.201804 21.757799 -1.638408 3.866464 7e-06 -6.33892 -3e-06 -1.697583 -22.592205 -6.194139 -0.0 -5e-06 -3e-06 63.005028 -81.72937 131.915115 59.616352 -63.428703 -28.068167 14.404881 -0.557346 0.001928 -4.414371 1.687715 -6.073962 22.182276 -20.376131 49.933784 -16.702047 -16.743689 28.476917 -1.2e-05 -12.690756 1.2e-05 16.40135 -17.591408 2.499696 -0.105919 -1.513872 -4.27592 -5.039086 -5.612944 -2.953594 1.1e-05 -11.020707 -1.1e-05 -6.111362 -15.895664 -3.840551 0.0 2e-06 -3e-06 -10.283446 -5.680344 -4.34188 11.028409 -11.302556 -2.372674 -1.384263 -14.238819 -6.320231 -0.625405 -26.92478 -3.827705 -4.014798 -49.850296 -3.849375 -13.708624 -7.363545 -3.720975 18.141336 -14.052931 -3.242732 1.8e-05 -18.78759 -1.2e-05 -0.42972 -8.456216 2.555553 -0.0 1e-06 -2e-06 -15.923649 -20.094692 -5.473632 30.419495 -7.190914 1.735914 4e-06 -8.163055 -4e-06 -1.861894 -22.861954 -6.16808 0.0 -3e-06 -2e-06 -176.625549 -4.474106 -0.614577 5.655706 0.022161 -0.025061 -73.65535 -4.729955 -4.857382 -4.406385 1.565327 2.178764 -1.000005 -1e-06 -0.0 6.203747 -0.391172 -15.435562 8.364238 0.062366 -0.162728 -77.022713 -6.770228 -5.680934 -4.470006 0.572023 1.636341 -1.000005 -0.0 -0.0 
0.0 0.0 0.0 0.0 -0.0 0.0 23.204735 100.493988 566.845154 90.394409 4.175705 98.768814 -2.352571 0.289373 -0.020906 -11.913666 -0.237729 0.546919 20.784946 0.537806 -1.144026 27.838203 1.847648 2.474028 -2.685693 -0.854913 -2.850869 -35.599106 -5.168834 0.085279 6e-06 0.0 -0.0 0.031095 0.020983 -0.12684 0.114985 -0.003714 -0.122567 0.126407 0.039888 -0.125866 -99.527359 -73.141632 113.666016 43.186672 -62.041954 -5.66906 22.497555 -0.085932 -0.142386 1.225968 9.396409 0.791276 17.636837 -26.323099 52.411804 -19.467039 -14.395816 29.410877 -0.0 -8.774999 3e-06 15.590435 -17.917419 6.234974 -0.609783 -1.795681 -3.889373 -4.807169 -11.047018 -2.937895 -1e-06 -20.976515 -1.2e-05 -5.020092 -25.034309 -4.031992 6e-06 2e-06 0.0 -10.634675 -5.687061 -3.565618 10.573457 -17.923285 -3.113975 0.0 -13.82153 -1.1e-05 -0.50176 -31.182482 -4.027167 -11.078496 -58.97971 6.859143 -13.982899 -7.150309 -2.87506 13.772957 -8.40164 -3.218308 0.347745 -34.21244 0.771639 -0.96305 -17.733891 2.621073 -1e-06 3e-06 1e-06 -17.346674 -20.095531 -4.2018 21.757915 -1.638392 3.866476 -0.0 -6.338968 -6e-06 -1.69761 -22.592421 -6.194197 0.0 -5e-06 -2e-06 65.16526 -81.426132 129.787079 57.232582 -65.270622 -25.73354 14.319334 -0.402632 0.025871 -4.423128 2.477176 -6.408892 22.182402 -20.376133 49.933815 -16.702143 -16.74378 28.476946 -1.6e-05 -12.690844 3e-06 16.394836 -17.599781 2.51075 -0.105917 -1.513879 -4.275929 -5.039117 -5.612965 -2.953595 1.5e-05 -11.020752 -9e-06 -6.111416 -15.895734 -3.840552 -0.0 -2e-06 -0.0 -10.283503 -5.680364 -4.341875 11.02848 -11.302598 -2.372683 -1.384278 -14.238878 -6.320239 -0.625407 -26.924919 -3.827707 -3.9471 -49.82275 -3.876813 -13.708704 -7.363574 -3.720966 18.141462 -14.052983 -3.24275 2.9e-05 -18.787661 -2.4e-05 -0.429706 -8.456253 2.555552 -1e-06 -1e-06 -1e-06 -15.923759 -20.094765 -5.473622 30.419703 -7.190958 1.735931 1.3e-05 -8.163087 -1.1e-05 -1.861891 -22.862053 -6.16812 1e-06 -5e-06 -1e-06 -176.532455 -4.689877 -1.283481 5.557065 0.026878 -0.013337 -73.670074 -4.875718 -5.12326 -4.412869 1.555999 2.178136 -1.0 -0.0 0.0 5.881193 -0.249745 -14.901099 8.438578 0.059054 -0.175732 -77.115959 -6.398144 -5.457181 -4.501761 0.57588 1.638791 -1.000004 0.0 0.0 
0.0 0.0 0.0 0.0 -0.0 0.0 23.053598 100.489273 566.902161 90.276093 4.023203 97.888252 -2.307927 0.180147 -0.028758 -11.897044 -0.307422 0.456358 20.74082 0.450796 -1.332684 27.221386 2.013153 2.491133 -2.685884 -0.81458 -2.283414 -35.752357 -4.951492 0.595792 6e-06 0.0 -0.0 0.034847 0.02086 -0.120844 0.103654 -0.003068 -0.117974 0.117198 0.038993 -0.118492 -98.699615 -73.611023 112.760025 44.051235 -61.726887 -6.394075 23.287224 -0.126735 -0.135472 1.337002 9.774797 1.209248 17.636755 -26.322958 52.41153 -19.466913 -14.395786 29.410688 7e-06 -8.774966 3e-06 15.572316 -17.902407 6.228673 -0.609779 -1.795671 -3.889355 -4.807156 -11.046948 -2.937868 -1.5e-05 -20.976351 1e-06 -5.020099 -25.034081 -4.031952 5e-06 0.0 1e-06 -10.634637 -5.687029 -3.565594 10.573403 -17.923161 -3.113949 -1e-05 -13.821422 -1e-06 -0.501804 -31.182171 -4.02711 -11.135442 -58.941807 6.941324 -13.982851 -7.15027 -2.875037 13.7729 -8.401579 -3.218293 0.347713 -34.212166 0.771662 -0.963054 -17.733736 2.621057 -0.0 1e-06 -3e-06 -17.346621 -20.095423 -4.201768 21.757841 -1.638374 3.866452 -5e-06 -6.338922 -1e-06 -1.69764 -22.592222 -6.194131 -1e-06 -4e-06 -4e-06 66.446167 -81.117676 128.55571 54.557034 -66.559746 -23.016993 14.361205 -0.260089 0.043506 -4.431023 3.228412 -6.851624 22.182339 -20.376026 49.93362 -16.702007 -16.743725 28.47678 2e-06 -12.690796 -6e-06 16.385979 -17.603741 2.537138 -0.105919 -1.513868 -4.27591 -5.039105 -5.612931 -2.953578 3e-06 -11.020667 -4e-06 -6.11141 -15.895602 -3.840539 0.0 0.0 -1e-06 -10.283475 -5.680339 -4.341856 11.02843 -11.302512 -2.37266 -1.384296 -14.238765 -6.3202 -0.625431 -26.924664 -3.827682 -3.911948 -49.850922 -3.83903 -13.708667 -7.363544 -3.720952 18.141378 -14.052875 -3.242713 8e-06 -18.787516 -1.5e-05 -0.429712 -8.45618 2.555542 0.0 0.0 0.0 -15.923724 -20.094662 -5.4736 30.419598 -7.190896 1.735955 6e-06 -8.163028 -7e-06 -1.861925 -22.861866 -6.168072 1e-06 -4e-06 -2e-06 -176.525955 -4.878904 -1.93819 5.513843 0.026386 -0.004782 -73.646164 -5.024436 -5.347298 -4.418163 1.548583 2.177442 -1.000005 0.0 0.0 5.576511 -0.130238 -14.378304 8.538949 0.049921 -0.18032 -77.20636 -6.072384 -5.268431 -4.543233 0.583815 1.643486 -1.000007 -0.0 0.0 
0.0 0.0 0.0 0.0 -0.0 0.0 22.963581 100.485992 566.949219 90.169724 3.878274 97.060234 -2.289443 0.064962 -0.023339 -11.896925 -0.374635 0.369679 20.734251 0.375454 -1.484805 26.636141 2.251816 2.503417 -2.680291 -0.788152 -1.737139 -35.852509 -4.722339 1.036803 6e-06 -0.0 -0.0 0.037046 0.021661 -0.113201 0.095508 -0.002578 -0.110207 0.11054 0.040231 -0.110884 -97.898712 -73.989769 111.913437 44.797928 -61.506542 -6.868387 24.074245 -0.152021 -0.129196 1.438316 10.063987 1.690761 17.636869 -26.323112 52.411812 -19.467056 -14.395908 29.410891 1.2e-05 -8.775053 3e-06 15.541073 -17.889021 6.226678 -0.609784 -1.795678 -3.889374 -4.807203 -11.04703 -2.937882 -2.6e-05 -20.97653 3e-06 -5.020177 -25.034338 -4.032002 5e-06 -1e-06 2e-06 -10.634715 -5.687067 -3.565607 10.57349 -17.923285 -3.113973 -1.6e-05 -13.821539 -2e-06 -0.501828 -31.182505 -4.027159 -11.146463 -58.897591 6.964146 -13.982953 -7.150319 -2.875042 13.773017 -8.401633 -3.218317 0.3477 -34.212471 0.771668 -0.963068 -17.73391 2.62108 0.0 2e-06 -2e-06 -17.346756 -20.095545 -4.201775 21.758026 -1.638381 3.866482 -9e-06 -6.338973 -4e-06 -1.697676 -22.592447 -6.194194 -1e-06 -5e-06 -2e-06 66.904755 -80.79039 128.145889 51.6194 -67.405052 -19.92046 14.497559 -0.166007 0.050846 -4.400267 3.865851 -7.248806 22.18243 -20.376064 49.933651 -16.702084 -16.743767 28.476818 6e-06 -12.690845 -1.1e-05 16.365805 -17.608822 2.568188 -0.105918 -1.513877 -4.275919 -5.039124 -5.612959 -2.953577 -0.0 -11.02073 -2e-06 -6.11145 -15.895703 -3.840529 -0.0 -1e-06 -0.0 -10.283511 -5.680365 -4.341861 11.028468 -11.30257 -2.372665 -1.384309 -14.238853 -6.320211 -0.625457 -26.924847 -3.82769 -3.894002 -49.883995 -3.798089 -13.708714 -7.363575 -3.720949 18.141443 -14.052947 -3.242723 8e-06 -18.787628 -2.4e-05 -0.429708 -8.456232 2.555538 0.0 1e-06 -2e-06 -15.923789 -20.094751 -5.473592 30.419703 -7.190931 1.735966 8e-06 -8.163075 -1.6e-05 -1.861922 -22.862024 -6.168121 1e-06 -8e-06 0.0 -176.531647 -5.028166 -2.569611 5.486071 0.021805 -0.004187 -73.624512 -5.195545 -5.548456 -4.417222 1.544908 2.17707 -1.000004 1e-06 -0.0 5.267737 -0.048465 -13.873552 8.678825 0.042669 -0.175862 -77.284775 -5.774772 -5.119122 -4.578296 0.590411 1.647403 -1.000003 -1e-06 -0.0 
0.0 0.0 0.0 0.0 -0.0 0.0 22.911915 100.486076 566.987793 90.077003 3.740118 96.324928 -2.290504 -0.04314 -0.012403 -11.905416 -0.4387 0.287902 20.741894 0.306823 -1.59274 26.105389 2.532386 2.528591 -2.668746 -0.783654 -1.267223 -35.913342 -4.479274 1.40865 6e-06 -0.0 -0.0 0.035615 0.022479 -0.104574 0.083751 -0.001964 -0.101489 0.100974 0.041377 -0.102202 -97.050797 -74.271988 111.064865 45.470833 -61.434124 -7.275528 24.818172 -0.186225 -0.129241 1.523468 10.229649 2.222685 17.636728 -26.322958 52.411568 -19.46681 -14.395749 29.410654 1.6e-05 -8.774939 -2e-06 15.516685 -17.896952 6.232448 -0.609781 -1.795663 -3.889351 -4.807153 -11.046911 -2.937862 -3.5e-05 -20.976263 1.6e-05 -5.020095 -25.03396 -4.031952 5e-06 3e-06 -0.0 -10.634621 -5.687017 -3.5656 10.573359 -17.923098 -3.113922 -2.5e-05 -13.821374 8e-06 -0.501845 -31.182051 -4.027086 -11.181766 -58.882256 6.989828 -13.98283 -7.150259 -2.875042 13.77286 -8.401546 -3.218273 0.34766 -34.212017 0.771698 -0.963082 -17.733662 2.621062 -2e-06 -1e-06 -0.0 -17.346596 -20.095371 -4.201777 21.757782 -1.638358 3.866461 -1e-05 -6.338899 5e-06 -1.697659 -22.592123 -6.19411 -1e-06 -3e-06 -3e-06 66.842445 -80.490005 128.272125 48.823692 -67.870941 -16.827448 14.693314 -0.100485 0.055141 -4.348514 4.318592 -7.515192 22.182297 -20.376036 49.933693 -16.701992 -16.743713 28.476816 1.5e-05 -12.690784 2e-06 16.347919 -17.617954 2.58919 -0.105922 -1.513867 -4.275912 -5.039104 -5.612936 -2.953582 -1e-05 -11.020673 -5e-06 -6.111419 -15.89563 -3.840543 0.0 2e-06 -1e-06 -10.283469 -5.680345 -4.341863 11.028408 -11.302506 -2.372663 -1.384306 -14.238782 -6.320214 -0.625456 -26.924694 -3.827708 -3.866936 -49.872524 -3.797922 -13.708657 -7.36355 -3.720955 18.141346 -14.052861 -3.242716 -1.2e-05 -18.787531 -1.5e-05 -0.429723 -8.456192 2.555539 0.0 1e-06 -0.0 -15.923716 -20.094667 -5.473608 30.419552 -7.190863 1.735951 -6e-06 -8.163032 -7e-06 -1.861941 -22.861885 -6.168087 -1e-06 -0.0 -2e-06 -176.529175 -5.145788 -3.164574 5.461317 0.018311 -0.007087 -73.617661 -5.367898 -5.742519 -4.413043 1.545503 2.177871 -1.000001 -1e-06 -0.0 4.957576 0.007706 -13.390864 8.853204 0.038087 -0.169038 -77.347168 -5.509583 -4.98162 -4.6049 0.588182 1.648108 -1.000009 0.0 0.0 
0.0 0.0 0.0 0.0 -0.0 0.0 22.896471 100.485313 567.039795 90.003319 3.595368 95.69381 -2.313032 -0.143196 -0.005058 -11.917171 -0.49175 0.228873 20.738464 0.239828 -1.661968 25.63468 2.814452 2.569312 -2.660787 -0.783342 -0.890602 -35.953018 -4.262799 1.711123 6e-06 -0.0 0.0 0.034526 0.02212 -0.106445 0.070276 -0.002794 -0.103384 0.090553 0.041511 -0.103801 -96.240738 -74.47599 110.279922 45.953556 -61.538372 -7.524827 25.573458 -0.22337 -0.129584 1.577397 10.263572 2.740765 17.636747 -26.323044 52.41172 -19.466869 -14.395725 29.410736 -2e-06 -8.774923 0.0 15.520295 -17.928051 6.24423 -0.609783 -1.795665 -3.889361 -4.807135 -11.046928 -2.937881 -1e-06 -20.976318 1e-05 -5.020042 -25.034027 -4.031937 6e-06 -1e-06 -1e-06 -10.634613 -5.687021 -3.565619 10.57337 -17.923141 -3.113937 -1e-06 -13.821405 8e-06 -0.501784 -31.182125 -4.027079 -11.233555 -58.909481 7.018812 -13.982817 -7.150261 -2.875068 13.772855 -8.401579 -3.218277 0.347721 -34.212112 0.771685 -0.963059 -17.733715 2.621081 1e-06 -1e-06 -0.0 -17.346556 -20.095392 -4.201816 21.757748 -1.638385 3.866464 -1e-06 -6.338912 4e-06 -1.697601 -22.592171 -6.194114 0.0 -3e-06 -3e-06 66.36689 -80.194862 128.817184 46.377403 -68.065567 -14.013447 14.919497 -0.039718 0.061282 -4.286793 4.636343 -7.602989 22.182283 -20.376129 49.933811 -16.702042 -16.74371 28.476921 -1e-06 -12.690774 1.2e-05 16.326572 -17.636139 2.610066 -0.10592 -1.513871 -4.275924 -5.039096 -5.612948 -2.953593 -0.0 -11.02072 -4e-06 -6.111397 -15.895703 -3.840548 -0.0 -0.0 -0.0 -10.283458 -5.680348 -4.341877 11.028414 -11.302553 -2.372673 -1.384283 -14.238842 -6.320233 -0.625439 -26.924858 -3.827714 -3.84688 -49.84087 -3.801517 -13.708639 -7.363553 -3.720971 18.141346 -14.052918 -3.242733 -1e-06 -18.787609 -1.3e-05 -0.429726 -8.456234 2.555552 0.0 -1e-06 -1e-06 -15.923683 -20.0947 -5.473629 30.419533 -7.1909 1.735922 -1e-06 -8.16307 -7e-06 -1.861915 -22.862024 -6.168099 1e-06 -7e-06 -1e-06 -176.577866 -5.231786 -3.684947 5.451522 0.01925 -0.011711 -73.604759 -5.526354 -5.924205 -4.414397 1.544826 2.176254 -1.000002 1e-06 0.0 4.670257 0.034932 -12.941945 9.01716 0.036996 -0.171218 -77.4142 -5.291523 -4.878764 -4.637186 0.584651 1.648293 -1.000003 -0.0 0.0 
0.0 0.0 0.0 0.0 -0.0 0.0 22.904127 100.485191 567.11615 89.94973 3.464356 95.148895 -2.347052 -0.235457 0.008904 -11.932014 -0.533738 0.193415 20.730572 0.179739 -1.703003 25.218906 3.074633 2.610323 -2.654571 -0.777883 -0.614648 -35.999649 -4.046759 1.929064 6e-06 -0.0 -0.0 0.038218 0.020295 -0.110996 0.0599 -0.003181 -0.107762 0.083631 0.038218 -0.108083 -95.521362 -74.614098 109.626633 46.214539 -61.806751 -7.443533 26.354673 -0.236733 -0.114298 1.596767 10.195629 3.228616 17.636837 -26.323078 52.411751 -19.467072 -14.395816 29.410864 -7e-06 -8.775002 2e-06 15.542518 -17.958172 6.260292 -0.609779 -1.795681 -3.889372 -4.80716 -11.047016 -2.937893 2.1e-05 -20.976526 -1.9e-05 -5.020072 -25.034317 -4.031984 6e-06 2e-06 -2e-06 -10.634663 -5.687049 -3.565614 10.573473 -17.923298 -3.113986 1.8e-05 -13.821538 -1.3e-05 -0.501729 -31.182518 -4.027159 -11.291184 -58.965721 7.060568 -13.982888 -7.150297 -2.875058 13.772964 -8.401655 -3.218314 0.347791 -34.212471 0.771614 -0.963024 -17.73391 2.621073 -1e-06 -2e-06 1e-06 -17.346649 -20.095512 -4.201802 21.757914 -1.63841 3.866468 6e-06 -6.338972 -1e-05 -1.697589 -22.592443 -6.194207 -2e-06 -0.0 -3e-06 65.594368 -79.915543 129.643448 44.322025 -68.081863 -11.538249 15.21571 0.021077 0.064347 -4.218832 4.911655 -7.487317 22.182373 -20.376143 49.933723 -16.702089 -16.743727 28.476885 -8e-06 -12.69081 -2e-06 16.305822 -17.661142 2.64148 -0.105918 -1.513875 -4.27592 -5.039103 -5.612959 -2.953587 1e-05 -11.020748 0.0 -6.111407 -15.895734 -3.840536 -0.0 -2e-06 1e-06 -10.283472 -5.680354 -4.341872 11.028445 -11.302592 -2.372666 -1.384282 -14.238871 -6.32022 -0.625436 -26.924929 -3.827682 -3.83005 -49.814816 -3.788753 -13.708665 -7.36356 -3.720964 18.141403 -14.052975 -3.242725 2e-05 -18.787663 -1.4e-05 -0.429711 -8.456254 2.555553 0.0 0.0 -2e-06 -15.923709 -20.094734 -5.473614 30.419611 -7.190949 1.735941 9e-06 -8.163091 -1e-05 -1.861899 -22.862082 -6.168111 -1e-06 1e-06 -2e-06 -176.63382 -5.284192 -4.158983 5.485662 0.017956 -0.023486 -73.63623 -5.672195 -6.091379 -4.428567 1.550879 2.174179 -1.000004 1e-06 0.0 4.442406 0.039237 -12.539378 9.150625 0.036351 -0.177886 -77.477104 -5.095649 -4.787521 -4.662521 0.580655 1.648865 -1.000006 -0.0 0.0 
0.0 0.0 0.0 0.0 -0.0 0.0 22.92429 100.483383 567.205811 89.905739 3.349481 94.701889 -2.400055 -0.315878 0.022494 -11.95594 -0.562743 0.187317 20.749811 0.128139 -1.745264 24.863934 3.299073 2.660398 -2.650923 -0.761948 -0.410914 -36.077 -3.857635 2.080319 5e-06 -0.0 0.0 0.042467 0.018116 -0.116395 0.045114 -0.004513 -0.113847 0.070306 0.035251 -0.112047 -94.985367 -74.669487 109.161461 46.213875 -62.192356 -6.967879 27.06485 -0.236811 -0.09984 1.585344 10.041814 3.639801 17.636709 -26.322866 52.411427 -19.46686 -14.39572 29.410622 -4e-06 -8.774914 3e-06 15.542116 -17.990976 6.280353 -0.609775 -1.795667 -3.889349 -4.807124 -11.046903 -2.93787 1.3e-05 -20.976233 -1.3e-05 -5.020013 -25.033892 -4.031935 6e-06 -2e-06 1e-06 -10.634598 -5.687012 -3.565597 10.573369 -17.923105 -3.113946 9e-06 -13.821358 -7e-06 -0.501753 -31.181969 -4.027082 -11.330691 -58.99757 7.092623 -13.982802 -7.150246 -2.87504 13.772844 -8.401562 -3.218283 0.347758 -34.211952 0.771636 -0.963028 -17.73362 2.621053 -2e-06 1e-06 2e-06 -17.346542 -20.095364 -4.20178 21.757734 -1.638386 3.866437 3e-06 -6.33889 -7e-06 -1.697589 -22.592066 -6.194103 -1e-06 -1e-06 -2e-06 64.471107 -79.617134 130.810684 42.664608 -67.922585 -9.476498 15.655521 0.043761 0.060491 -4.113358 5.240412 -7.266464 22.182257 -20.375998 49.93346 -16.701962 -16.743664 28.476692 -6e-06 -12.690724 5e-06 16.288836 -17.679089 2.673188 -0.105917 -1.513865 -4.275899 -5.03908 -5.612917 -2.953565 7e-06 -11.020648 2e-06 -6.111367 -15.895556 -3.840499 -1e-06 -1e-06 1e-06 -10.283438 -5.680322 -4.341845 11.028386 -11.302498 -2.372651 -1.384283 -14.238732 -6.320165 -0.625442 -26.924585 -3.827638 -3.828027 -49.813046 -3.747417 -13.708616 -7.363521 -3.720939 18.141308 -14.052859 -3.242703 9e-06 -18.787485 -5e-06 -0.429711 -8.456165 2.555532 -0.0 -1e-06 1e-06 -15.923656 -20.094614 -5.473576 30.419456 -7.190885 1.735929 3e-06 -8.163013 -6e-06 -1.861905 -22.861811 -6.168031 -1e-06 -1e-06 -2e-06 -176.719284 -5.317425 -4.564799 5.545769 0.012806 -0.034531 -73.672836 -5.813661 -6.220442 -4.460174 1.564822 2.172428 -1.000001 -0.0 0.0 4.261045 0.036531 -12.199916 9.267914 0.035173 -0.189594 -77.542336 -4.91767 -4.742548 -4.658653 0.580626 1.649599 -1.000009 -0.0 0.0 
0.0 0.0 0.0 0.0 -0.0 0.0 22.963654 100.47908 567.297058 89.877342 3.244347 94.342377 -2.45694 -0.390026 0.035925 -11.981439 -0.579131 0.194789 20.779047 0.08334 -1.788482 24.573154 3.495771 2.684028 -2.651601 -0.74238 -0.22402 -36.185787 -3.686283 2.212618 7e-06 -0.0 -0.0 0.04493 0.016048 -0.120954 0.029218 -0.008422 -0.120046 0.054775 0.035176 -0.114257 -94.545227 -74.687912 108.795494 46.061195 -62.685535 -6.194262 27.582603 -0.213919 -0.083092 1.540046 9.727865 4.097724 17.636747 -26.32291 52.411453 -19.466877 -14.395704 29.410624 -1.7e-05 -8.774909 -3e-06 15.518603 -18.004536 6.291707 -0.609777 -1.795667 -3.889349 -4.807109 -11.046905 -2.937874 4.2e-05 -20.976271 -5e-06 -5.019986 -25.033932 -4.031916 6e-06 3e-06 0.0 -10.634591 -5.687001 -3.565604 10.573386 -17.923124 -3.113944 2.6e-05 -13.821368 4e-06 -0.501723 -31.182003 -4.027055 -11.34927 -59.027328 7.133871 -13.98279 -7.150234 -2.875054 13.77285 -8.401587 -3.218277 0.347803 -34.212025 0.771649 -0.963015 -17.733662 2.621081 -3e-06 4e-06 -2e-06 -17.346506 -20.095343 -4.201801 21.757723 -1.638417 3.866448 1.1e-05 -6.338896 -1e-06 -1.697554 -22.592087 -6.194098 -1e-06 -4e-06 -2e-06 63.400612 -79.316124 131.91008 41.476929 -67.696465 -7.90451 16.271532 0.045846 0.051192 -3.957187 5.647385 -7.11989 22.182264 -20.376116 49.933632 -16.701982 -16.743668 28.476803 -1.2e-05 -12.690728 1.2e-05 16.261732 -17.676214 2.695722 -0.105919 -1.513866 -4.275909 -5.039076 -5.612929 -2.953579 1e-05 -11.02068 7e-06 -6.111357 -15.895611 -3.840517 -0.0 1e-06 0.0 -10.28343 -5.680326 -4.341863 11.028386 -11.302529 -2.372652 -1.38427 -14.238769 -6.320188 -0.625437 -26.924673 -3.827644 -3.809392 -49.787849 -3.712108 -13.708603 -7.363526 -3.720958 18.141304 -14.0529 -3.242707 9e-06 -18.787548 8e-06 -0.429722 -8.456203 2.555553 0.0 1e-06 -1e-06 -15.923634 -20.094641 -5.473601 30.419443 -7.190903 1.735922 2e-06 -8.16304 2e-06 -1.861909 -22.861898 -6.168031 -0.0 -3e-06 -1e-06 -176.852936 -5.330328 -4.905253 5.643804 0.007118 -0.038975 -73.700844 -5.945878 -6.312846 -4.478356 1.578843 2.171062 -1.0 2e-06 0.0 4.095441 0.008496 -11.955001 9.398417 0.036517 -0.197773 -77.62442 -4.740056 -4.720326 -4.63906 0.582008 1.650558 -1.000005 0.0 0.0 
0.0 0.0 0.0 0.0 -0.0 0.0 23.002424 100.473259 567.362976 89.861771 3.15591 94.042061 -2.499738 -0.448738 0.052074 -11.999151 -0.586947 0.212662 20.799772 0.04476 -1.822455 24.355497 3.644458 2.67943 -2.65325 -0.727237 -0.060019 -36.331806 -3.520472 2.327813 6e-06 -0.0 -0.0 0.046764 0.014628 -0.121865 0.02076 -0.014382 -0.122715 0.046687 0.038512 -0.113004 -94.139145 -74.690697 108.500275 45.869961 -63.204548 -5.221643 27.803061 -0.177966 -0.049521 1.422732 9.240685 4.749982 17.636703 -26.322868 52.411453 -19.466864 -14.395701 29.410624 -1e-05 -8.774904 2e-06 15.486053 -17.988651 6.302142 -0.609774 -1.795666 -3.889346 -4.807115 -11.046895 -2.937875 2.9e-05 -20.976246 -1.7e-05 -5.019988 -25.033909 -4.031945 6e-06 1e-06 1e-06 -10.634588 -5.687002 -3.565603 10.573369 -17.923101 -3.11395 1.7e-05 -13.821351 -5e-06 -0.501725 -31.181969 -4.027087 -11.339147 -59.047363 7.175278 -13.982786 -7.150238 -2.87505 13.772839 -8.401567 -3.218283 0.347787 -34.211967 0.771626 -0.963017 -17.733631 2.621055 1e-06 0.0 1e-06 -17.346506 -20.095339 -4.2018 21.757717 -1.6384 3.866443 7e-06 -6.338889 -3e-06 -1.697561 -22.592068 -6.194122 -1e-06 -2e-06 -3e-06 62.705685 -79.057869 132.631805 40.964737 -67.488098 -6.926512 17.008745 0.064892 0.042661 -3.750833 6.079303 -7.04581 22.18227 -20.376036 49.933632 -16.702066 -16.743677 28.476839 -1.8e-05 -12.690759 9e-06 16.231527 -17.653461 2.706928 -0.105916 -1.513874 -4.275914 -5.039085 -5.612941 -2.953585 1.6e-05 -11.020703 -1.3e-05 -6.111364 -15.895657 -3.840544 1e-06 -1e-06 -0.0 -10.283442 -5.680338 -4.341864 11.028412 -11.302551 -2.372676 -1.384263 -14.23881 -6.320215 -0.625389 -26.924768 -3.827702 -3.807826 -49.754745 -3.667793 -13.708624 -7.36354 -3.720959 18.141348 -14.052924 -3.242737 3.4e-05 -18.787567 -2.7e-05 -0.429704 -8.456204 2.555535 1e-06 1e-06 1e-06 -15.923649 -20.094673 -5.473616 30.419504 -7.190925 1.735913 1.3e-05 -8.163047 -1.5e-05 -1.861863 -22.86194 -6.168093 0.0 -4e-06 -2e-06 -176.994629 -5.33027 -5.218045 5.757748 0.002884 -0.036735 -73.716553 -6.046545 -6.381458 -4.482054 1.580684 2.166936 -1.000001 1e-06 1e-06 3.925459 -0.037169 -11.809478 9.553407 0.040054 -0.198417 -77.714378 -4.551492 -4.692803 -4.617327 0.584297 1.650974 -1.000004 -0.0 0.0 
0.0 0.0 0.0 0.0 -0.0 0.0 23.029945 100.474419 567.39209 89.852837 3.077055 93.776375 -2.52885 -0.476487 0.07096 -12.019444 -0.584856 0.251291 20.819105 0.00159 -1.859351 24.19305 3.72374 2.671048 -2.650469 -0.714694 0.070416 -36.502548 -3.359263 2.410712 6e-06 0.0 0.0 0.049493 0.012984 -0.124463 0.023304 -0.020581 -0.126787 0.048868 0.04184 -0.114002 -93.864342 -74.68354 108.344147 45.582275 -63.675568 -4.074788 27.75029 -0.144238 -0.0055 1.235396 8.642216 5.581006 17.636683 -26.322866 52.411453 -19.466808 -14.395665 29.410597 -5e-06 -8.774887 -1e-06 15.462828 -17.9636 6.322257 -0.609779 -1.795662 -3.889344 -4.807109 -11.046884 -2.93787 1.6e-05 -20.976213 -7e-06 -5.019988 -25.033869 -4.031927 5e-06 2e-06 -1e-06 -10.634574 -5.686999 -3.565603 10.573338 -17.923075 -3.113932 8e-06 -13.821339 -1e-06 -0.501739 -31.181934 -4.027073 -11.304828 -59.073727 7.203523 -13.982767 -7.150233 -2.875051 13.772808 -8.401554 -3.218269 0.347754 -34.211933 0.771653 -0.963034 -17.73362 2.621062 -2e-06 1e-06 -1e-06 -17.346487 -20.095318 -4.201798 21.757669 -1.638389 3.866447 4e-06 -6.338882 -0.0 -1.697567 -22.592045 -6.194104 -1e-06 -6e-06 -2e-06 62.373638 -78.843185 133.023758 41.196438 -67.283409 -6.594822 17.795866 0.100743 0.039392 -3.535107 6.496591 -7.03007 22.182169 -20.375933 49.933456 -16.701876 -16.743584 28.476645 -5e-06 -12.690663 1e-06 16.211065 -17.632826 2.700586 -0.10592 -1.51386 -4.27589 -5.039059 -5.612888 -2.95357 7e-06 -11.02057 -1e-05 -6.11132 -15.895435 -3.84052 -0.0 -1e-06 -0.0 -10.283398 -5.680304 -4.341849 11.028329 -11.302431 -2.372646 -1.384269 -14.23864 -6.320167 -0.625403 -26.924377 -3.82766 -3.838307 -49.7253 -3.632654 -13.708559 -7.363494 -3.720947 18.141209 -14.052766 -3.242688 1e-05 -18.787338 -7e-06 -0.429711 -8.456092 2.555523 0.0 2e-06 1e-06 -15.923582 -20.09453 -5.4736 30.41931 -7.19084 1.735932 2e-06 -8.162959 1e-06 -1.861891 -22.861626 -6.168001 -1e-06 -6e-06 -1e-06 -177.022598 -5.31107 -5.484101 5.79228 0.000359 -0.03514 -73.748352 -6.126334 -6.421012 -4.487939 1.566555 2.159029 -1.000004 0.0 -0.0 3.73313 -0.087229 -11.726747 9.730935 0.041913 -0.191082 -77.769722 -4.39604 -4.664913 -4.62767 0.585094 1.649166 -1.000008 -0.0 0.0 
0.0 0.0 0.0 0.0 -0.0 0.0 23.048754 100.474617 567.388794 89.841629 3.011468 93.550354 -2.532364 -0.466133 0.076736 -12.037395 -0.581601 0.280312 20.81864 -0.050979 -1.874246 24.091301 3.71915 2.674058 -2.646708 -0.699763 0.147934 -36.67717 -3.212519 2.448889 6e-06 0.0 0.0 0.053473 0.010476 -0.128266 0.032733 -0.027845 -0.132165 0.058227 0.044517 -0.116334 -93.776642 -74.664474 108.384979 45.195557 -64.063957 -2.942353 27.484579 -0.142741 0.02678 1.013073 8.084556 6.418191 17.636818 -26.323 52.411713 -19.467007 -14.395833 29.410822 2.1e-05 -8.775018 1e-06 15.451608 -17.947823 6.353844 -0.609783 -1.795683 -3.889368 -4.807201 -11.047016 -2.937885 -4.1e-05 -20.976479 -2.6e-05 -5.020146 -25.034275 -4.032037 6e-06 0.0 -0.0 -10.634697 -5.687077 -3.565603 10.57344 -17.923241 -3.113978 -2.5e-05 -13.821507 -2.6e-05 -0.501811 -31.182417 -4.027223 -11.292102 -59.117561 7.23842 -13.98293 -7.15033 -2.875043 13.772966 -8.401603 -3.218309 0.347684 -34.212372 0.771607 -0.963056 -17.733847 2.621027 0.0 -0.0 -1e-06 -17.346739 -20.095552 -4.201775 21.757965 -1.63835 3.86648 -1.2e-05 -6.338955 -1.3e-05 -1.697673 -22.592377 -6.194223 -1e-06 -3e-06 -3e-06 62.270119 -78.692596 133.232697 42.043705 -67.089821 -6.919194 18.567595 0.125202 0.043377 -3.329731 6.892116 -6.84376 22.182426 -20.376045 49.933674 -16.702118 -16.74383 28.47687 1.4e-05 -12.690894 -4e-06 16.201126 -17.605223 2.677764 -0.105917 -1.513876 -4.27592 -5.03914 -5.612968 -2.95358 -8e-06 -11.020741 -5e-06 -6.111488 -15.895729 -3.840545 0.0 0.0 -2e-06 -10.283528 -5.680375 -4.341854 11.028495 -11.302573 -2.37268 -1.384324 -14.238873 -6.320225 -0.625468 -26.924885 -3.827715 -3.896669 -49.691658 -3.609638 -13.708742 -7.363588 -3.720938 18.141495 -14.052944 -3.242743 -7e-06 -18.787651 -2.7e-05 -0.429714 -8.456249 2.555542 -1e-06 3e-06 0.0 -15.923833 -20.094776 -5.473579 30.419798 -7.190917 1.735959 -2e-06 -8.163079 -1.8e-05 -1.861951 -22.862053 -6.168149 -0.0 -7e-06 -1e-06 -177.072571 -5.299193 -5.692829 5.836132 0.002969 -0.033625 -73.765007 -6.201911 -6.470325 -4.47817 1.5472 2.149249 -1.000002 1e-06 1e-06 3.530046 -0.126746 -11.649366 9.920847 0.043678 -0.176739 -77.815353 -4.314394 -4.625462 -4.637765 0.580743 1.645572 -1.000006 1e-06 -0.0 
0.0 0.0 0.0 0.0 -0.0 0.0 23.069637 100.472572 567.336121 89.823647 2.967548 93.369576 -2.510604 -0.421519 0.063199 -12.041864 -0.574841 0.293103 20.800558 -0.114279 -1.870622 24.034815 3.641616 2.686905 -2.645178 -0.670461 0.161625 -36.85236 -3.083738 2.489478 6e-06 -0.0 -0.0 0.054686 0.007296 -0.131401 0.042704 -0.035456 -0.135932 0.070352 0.045959 -0.11933 -93.938545 -74.619972 108.705536 44.705364 -64.350868 -1.963846 27.084515 -0.159931 0.038081 0.825085 7.665219 6.897391 17.63674 -26.322905 52.411434 -19.466873 -14.395721 29.410606 -1.2e-05 -8.774916 2e-06 15.475736 -17.93923 6.361542 -0.609776 -1.795665 -3.88935 -4.807119 -11.046904 -2.93787 3.2e-05 -20.976263 -3e-06 -5.020011 -25.033928 -4.031922 7e-06 0.0 -1e-06 -10.634596 -5.687001 -3.5656 10.573389 -17.92312 -3.113942 2.1e-05 -13.821366 -3e-06 -0.50174 -31.182003 -4.027059 -11.309815 -59.183834 7.2845 -13.982795 -7.150234 -2.87505 13.772853 -8.401577 -3.218282 0.347789 -34.211987 0.771653 -0.963018 -17.733644 2.621071 -1e-06 -1e-06 0.0 -17.346521 -20.095343 -4.201795 21.757736 -1.63841 3.866442 1e-05 -6.338894 -2e-06 -1.697574 -22.592081 -6.194097 1e-06 -5e-06 -1e-06 62.283211 -78.598083 133.353699 43.315037 -66.901413 -7.750467 19.362059 0.147687 0.053072 -3.140589 7.26435 -6.514269 22.182285 -20.376064 49.933666 -16.702099 -16.74366 28.476871 -2.2e-05 -12.690761 6e-06 16.216063 -17.566954 2.634633 -0.105917 -1.513877 -4.275914 -5.039083 -5.612954 -2.95359 1.8e-05 -11.020735 -1.6e-05 -6.111362 -15.895715 -3.840551 -0.0 -0.0 -0.0 -10.283441 -5.680345 -4.341868 11.028418 -11.302583 -2.372678 -1.384259 -14.238855 -6.320228 -0.625384 -26.924887 -3.82772 -3.957162 -49.650677 -3.607509 -13.708622 -7.363549 -3.720965 18.141356 -14.052966 -3.242744 4.2e-05 -18.78763 -4e-05 -0.4297 -8.456236 2.555535 -0.0 3e-06 -1e-06 -15.923644 -20.094707 -5.473623 30.4195 -7.190947 1.735911 1.8e-05 -8.163069 -1.9e-05 -1.861842 -22.862022 -6.168123 -1e-06 -3e-06 -1e-06 -177.180359 -5.302512 -5.875219 5.916585 0.010359 -0.030271 -73.766006 -6.271445 -6.530812 -4.453445 1.537942 2.145752 -1.000002 2e-06 0.0 3.28779 -0.158313 -11.574872 10.170688 0.045025 -0.160619 -77.85614 -4.290606 -4.584884 -4.633862 0.569783 1.641723 -1.000007 -0.0 -0.0 
0.0 0.0 0.0 0.0 -0.0 0.0 23.08979 100.468994 567.245239 89.802963 2.92675 93.233513 -2.491604 -0.367318 0.032525 -12.040198 -0.565478 0.301689 20.784 -0.178503 -1.839207 23.983839 3.554096 2.695936 -2.652314 -0.628697 0.142286 -37.014839 -2.977782 2.542313 6e-06 0.0 -0.0 0.053876 0.003206 -0.138306 0.04633 -0.043826 -0.14499 0.078252 0.04609 -0.124792 -94.357941 -74.564842 109.285789 44.121006 -64.51918 -1.061632 26.641926 -0.161769 0.0287 0.716746 7.390387 7.03672 17.63682 -26.323004 52.411583 -19.46689 -14.395761 29.410686 1.5e-05 -8.774969 -5e-06 15.523439 -17.94125 6.362275 -0.609784 -1.795672 -3.889357 -4.80717 -11.046965 -2.93787 -3.4e-05 -20.976379 1.2e-05 -5.020122 -25.034115 -4.031964 7e-06 -1e-06 2e-06 -10.634655 -5.687042 -3.565601 10.573394 -17.923182 -3.113929 -1.9e-05 -13.821451 -1e-06 -0.50183 -31.182259 -4.027118 -11.382363 -59.277519 7.363545 -13.982868 -7.150287 -2.875047 13.772899 -8.401583 -3.218273 0.347685 -34.212231 0.771676 -0.963068 -17.733778 2.621064 -1e-06 -0.0 0.0 -17.346649 -20.095455 -4.201771 21.757849 -1.638365 3.86648 -7e-06 -6.338932 0.0 -1.697661 -22.592266 -6.194146 1e-06 -5e-06 -2e-06 62.238979 -78.506706 133.507614 44.692547 -66.718002 -8.702272 20.148848 0.182903 0.068048 -2.973167 7.635856 -6.168351 22.182322 -20.375948 49.933414 -16.701937 -16.743698 28.476627 9e-06 -12.690768 -1.3e-05 16.241175 -17.540403 2.594447 -0.105919 -1.513863 -4.275893 -5.039098 -5.612909 -2.953559 -4e-06 -11.020617 4e-06 -6.111413 -15.89551 -3.840505 0.0 2e-06 -2e-06 -10.283465 -5.680325 -4.341837 11.028404 -11.302466 -2.372642 -1.384308 -14.238697 -6.320157 -0.625459 -26.924482 -3.827637 -3.96406 -49.631714 -3.63996 -13.708654 -7.363524 -3.720927 18.14134 -14.052816 -3.242687 -3e-06 -18.787432 -9e-06 -0.429709 -8.456135 2.555526 0.0 -4e-06 2e-06 -15.923716 -20.094604 -5.473563 30.419542 -7.190865 1.735968 3e-06 -8.162993 -4e-06 -1.861939 -22.861729 -6.168027 -3e-06 -3e-06 -3e-06 -177.350983 -5.318018 -6.063926 6.026236 0.01645 -0.026608 -73.765282 -6.28641 -6.599251 -4.459426 1.534691 2.146989 -1.000007 1e-06 -0.0 3.014881 -0.182807 -11.518744 10.442416 0.042199 -0.145189 -77.891502 -4.292143 -4.530331 -4.62288 0.56079 1.641811 -1.000007 0.0 -0.0 
0.0 0.0 0.0 0.0 -0.0 0.0 23.09901 100.472427 567.158447 89.781784 2.878423 93.119453 -2.486589 -0.316419 0.006376 -12.036896 -0.549844 0.323307 20.779205 -0.230383 -1.791411 23.903145 3.478779 2.689996 -2.659923 -0.574373 0.092914 -37.166023 -2.903075 2.619666 6e-06 -0.0 -0.0 0.053105 -0.001453 -0.151088 0.048115 -0.050257 -0.159884 0.082767 0.04299 -0.136341 -94.944374 -74.489342 109.995003 43.474068 -64.58551 -0.079138 26.227556 -0.117044 0.014447 0.674657 7.214246 6.991067 17.636644 -26.322815 52.411343 -19.46673 -14.395647 29.410501 -3e-06 -8.774858 1e-06 15.569059 -17.93202 6.357192 -0.609777 -1.795656 -3.889336 -4.807101 -11.046844 -2.93786 1e-05 -20.97612 1e-06 -5.019985 -25.033739 -4.031902 7e-06 -0.0 0.0 -10.634554 -5.686984 -3.565595 10.573309 -17.923006 -3.113918 7e-06 -13.821274 1e-06 -0.50176 -31.181753 -4.02704 -11.484326 -59.363827 7.447908 -13.982742 -7.150214 -2.875049 13.772768 -8.401517 -3.218259 0.347735 -34.211754 0.771663 -0.96304 -17.733517 2.621047 -1e-06 1e-06 -0.0 -17.346455 -20.095259 -4.201791 21.75762 -1.63838 3.866433 3e-06 -6.338856 2e-06 -1.697578 -22.591925 -6.194059 -0.0 -3e-06 -1e-06 62.085239 -78.402031 133.713425 46.005653 -66.526711 -9.510325 20.87668 0.232097 0.082883 -2.792291 8.042259 -5.933473 22.182156 -20.375975 49.933517 -16.701899 -16.743587 28.476681 -7e-06 -12.690661 5e-06 16.260408 -17.501411 2.568424 -0.105918 -1.513861 -4.275897 -5.039057 -5.612897 -2.95357 8e-06 -11.020594 -9e-06 -6.111317 -15.895476 -3.840515 0.0 1e-06 -0.0 -10.283397 -5.680308 -4.341854 11.028335 -11.302453 -2.372648 -1.384264 -14.238668 -6.32017 -0.625405 -26.924448 -3.82766 -3.90874 -49.655212 -3.672991 -13.708559 -7.3635 -3.720951 18.141218 -14.052799 -3.242703 1.4e-05 -18.787388 -1.1e-05 -0.429715 -8.456116 2.555525 0.0 -0.0 0.0 -15.923579 -20.094555 -5.473605 30.419317 -7.190851 1.735915 1e-06 -8.162973 -2e-06 -1.861889 -22.861683 -6.168009 -0.0 -3e-06 -4e-06 -177.413452 -5.321359 -6.294732 6.042641 0.014976 -0.018673 -73.827431 -6.252565 -6.684789 -4.510113 1.527208 2.147127 -0.999999 0.0 -1e-06 2.779561 -0.195792 -11.496222 10.641168 0.037968 -0.133313 -77.883522 -4.269312 -4.46295 -4.609671 0.556756 1.646824 -1.000003 -0.0 -0.0 
0.0 0.0 0.0 0.0 -0.0 0.0 23.115833 100.473282 567.118164 89.770378 2.829978 93.067863 -2.497762 -0.285269 -0.017729 -12.026796 -0.52953 0.358904 20.783016 -0.254018 -1.756721 23.811089 3.392926 2.647513 -2.672066 -0.523399 0.059989 -37.268795 -2.86708 2.68946 6e-06 -0.0 -0.0 0.052776 -0.0075 -0.168019 0.058796 -0.059143 -0.1772 0.09 0.039878 -0.153795 -95.592323 -74.374626 110.724167 42.774731 -64.598648 0.992593 25.910614 -0.017963 0.01009 0.69313 7.105491 6.939152 17.636803 -26.322945 52.411549 -19.466877 -14.395732 29.410658 1.5e-05 -8.774954 -1.1e-05 15.607575 -17.941038 6.375136 -0.609784 -1.795674 -3.889354 -4.807169 -11.04696 -2.937873 -2.7e-05 -20.976376 -4e-06 -5.0201 -25.034124 -4.031984 6e-06 2e-06 2e-06 -10.634645 -5.687041 -3.565602 10.573384 -17.923166 -3.113937 -1.3e-05 -13.821433 -1.2e-05 -0.501804 -31.182219 -4.027143 -11.618422 -59.452106 7.554902 -13.98286 -7.150285 -2.875045 13.772888 -8.401578 -3.218276 0.347702 -34.212185 0.771642 -0.963048 -17.733749 2.621042 -2e-06 1e-06 3e-06 -17.346632 -20.095448 -4.201784 21.75783 -1.638364 3.866479 -7e-06 -6.338926 -7e-06 -1.697643 -22.592247 -6.194157 -1e-06 -1e-06 -2e-06 61.869492 -78.342354 133.892502 47.249817 -66.378952 -10.150882 21.466908 0.285079 0.099137 -2.662991 8.450253 -5.81916 22.182299 -20.375996 49.933598 -16.701996 -16.7437 28.476772 9e-06 -12.690773 -2e-06 16.257074 -17.460463 2.57109 -0.105919 -1.513867 -4.275908 -5.039103 -5.612935 -2.953577 -3e-06 -11.020667 -6e-06 -6.111409 -15.895607 -3.840534 0.0 1e-06 -3e-06 -10.283465 -5.680344 -4.341856 11.028409 -11.302508 -2.372662 -1.384299 -14.238771 -6.320199 -0.625444 -26.924667 -3.827693 -3.847228 -49.711918 -3.651106 -13.708654 -7.363548 -3.720949 18.141346 -14.052863 -3.242717 -1e-06 -18.787518 -2.1e-05 -0.429715 -8.456182 2.555533 -1e-06 -0.0 0.0 -15.923712 -20.094667 -5.473596 30.419556 -7.190874 1.735947 -2e-06 -8.163025 -1.1e-05 -1.861923 -22.86186 -6.168084 1e-06 -5e-06 -1e-06 -177.512817 -5.312785 -6.495121 6.075299 0.005938 -0.020172 -73.896019 -6.190486 -6.736946 -4.587369 1.524748 2.149021 -1.000004 0.0 -0.0 2.655594 -0.208956 -11.484545 10.710094 0.035582 -0.123299 -77.881439 -4.259623 -4.375274 -4.631575 0.561709 1.6544 -1.000003 -0.0 -0.0 
0.0 0.0 0.0 0.0 -0.0 0.0 23.191456 100.477203 567.114502 89.748444 2.778042 93.109993 -2.51957 -0.265006 -0.02656 -12.010384 -0.509465 0.411163 20.803249 -0.217675 -1.775829 23.725916 3.304167 2.530571 -2.694648 -0.500722 0.172469 -37.301525 -2.926836 2.706794 6e-06 -0.0 -0.0 0.050966 -0.016784 -0.191761 0.076544 -0.076452 -0.199914 0.102224 0.038886 -0.179822 -96.149689 -74.217682 111.314857 42.046513 -64.592743 1.96029 25.772213 0.097659 0.002925 0.751572 7.039689 6.934296 17.636663 -26.322828 52.411453 -19.466824 -14.395671 29.410604 -3e-06 -8.774883 4e-06 15.654986 -18.02186 6.403698 -0.609777 -1.795666 -3.889349 -4.807113 -11.046882 -2.937876 1.7e-05 -20.976185 -2.8e-05 -5.019974 -25.033827 -4.031955 6e-06 -3e-06 1e-06 -10.634578 -5.687006 -3.565606 10.573338 -17.923059 -3.113947 1.2e-05 -13.821316 -1.2e-05 -0.501723 -31.18186 -4.027104 -11.748035 -59.529259 7.633705 -13.982771 -7.150241 -2.875055 13.772802 -8.401544 -3.218278 0.347768 -34.211849 0.77161 -0.963019 -17.733559 2.621031 -1e-06 -0.0 3e-06 -17.346498 -20.095337 -4.201803 21.757673 -1.638378 3.866435 3e-06 -6.338871 -6e-06 -1.697569 -22.59198 -6.194113 -0.0 -5e-06 -1e-06 61.677731 -78.331276 133.930893 48.362831 -66.295746 -10.7574 21.870247 0.306621 0.103517 -2.620596 8.756656 -5.790857 22.182253 -20.37603 49.933624 -16.701918 -16.743664 28.476742 5e-06 -12.690728 -2e-06 16.223421 -17.448389 2.619226 -0.105921 -1.513862 -4.275904 -5.039086 -5.612908 -2.95358 -1e-06 -11.020617 1e-06 -6.111378 -15.89552 -3.840531 1e-06 1e-06 -3e-06 -10.283439 -5.68032 -4.341861 11.028377 -11.302464 -2.372649 -1.384289 -14.238697 -6.320185 -0.625441 -26.9245 -3.82766 -3.858803 -49.763119 -3.549426 -13.708614 -7.36352 -3.720958 18.141293 -14.052814 -3.242693 -9e-06 -18.787436 5e-06 -0.429722 -8.456142 2.555542 -2e-06 -1e-06 0.0 -15.923656 -20.094591 -5.473608 30.419447 -7.190854 1.735951 -2e-06 -8.162993 7e-06 -1.861936 -22.86174 -6.168016 -1e-06 -8e-06 -2e-06 -177.721298 -5.314984 -6.582173 6.169928 0.00349 -0.02718 -73.909065 -6.143426 -6.734345 -4.626145 1.520845 2.146788 -1.000004 3e-06 0.0 2.623256 -0.231079 -11.541294 10.673427 0.032121 -0.106751 -77.842186 -4.277627 -4.29585 -4.712556 0.574239 1.659128 -1.000006 -0.0 0.0 
0.0 0.0 0.0 0.0 -0.0 0.0 23.276381 100.675156 567.056152 89.727455 2.626791 92.984299 -2.56825 -0.228453 -0.051325 -11.981515 -0.472208 0.442969 20.706356 -0.149337 -1.580994 23.706909 2.95012 2.419609 -2.697052 -0.479626 0.121827 -37.22049 -2.793745 2.505227 6e-06 0.0 -0.0 0.047139 -0.01641 -0.182728 0.076849 -0.087572 -0.192417 0.103675 0.05017 -0.170891 -96.719101 -73.83873 111.515358 40.856689 -64.885582 2.089301 25.535162 0.158595 -0.030856 0.769273 7.051943 7.261457 17.636721 -26.322836 52.411377 -19.466879 -14.39573 29.410614 6e-06 -8.774937 4e-06 15.819239 -18.0221 6.295103 -0.609777 -1.795669 -3.889345 -4.807145 -11.046924 -2.937869 -8e-06 -20.976282 -1.9e-05 -5.020056 -25.033981 -4.031976 6e-06 0.0 0.0 -10.634615 -5.687025 -3.56559 10.573377 -17.923119 -3.113952 -1e-06 -13.821381 -2.1e-05 -0.501768 -31.182055 -4.027143 -11.666156 -59.643425 7.467538 -13.982824 -7.150264 -2.875034 13.772865 -8.401563 -3.218285 0.347735 -34.212036 0.771611 -0.963032 -17.733671 2.621027 -3e-06 2e-06 1e-06 -17.346579 -20.09539 -4.201768 21.757784 -1.638372 3.866448 -3e-06 -6.338902 -7e-06 -1.697622 -22.592138 -6.194136 1e-06 -6e-06 -2e-06 61.702427 -78.525078 133.54776 49.112545 -66.542023 -11.886676 22.556105 0.244745 0.050872 -2.483158 9.440742 -4.866902 22.182281 -20.375978 49.933594 -16.702059 -16.743719 28.476828 2e-06 -12.690796 9e-06 16.233109 -17.500998 2.646287 -0.105916 -1.513873 -4.275911 -5.039103 -5.612947 -2.95358 -0.0 -11.020702 -1.3e-05 -6.111412 -15.895679 -3.840546 -0.0 -0.0 -0.0 -10.283466 -5.680352 -4.341855 11.028428 -11.302537 -2.37268 -1.384292 -14.238818 -6.320222 -0.625421 -26.924774 -3.82773 -3.794564 -49.833706 -3.55944 -13.708653 -7.363558 -3.720947 18.141376 -14.052902 -3.242743 1e-05 -18.787577 -3.5e-05 -0.429712 -8.456209 2.555535 1e-06 0.0 -1e-06 -15.923709 -20.094696 -5.473596 30.419582 -7.190892 1.73593 1e-06 -8.16305 -1.8e-05 -1.861906 -22.861971 -6.168129 2e-06 -7e-06 -3e-06 -177.897873 -5.310636 -6.515903 6.049035 -0.00556 -0.05519 -73.732613 -6.299583 -6.793583 -4.855361 1.542975 2.141217 -1.000003 1e-06 0.0 3.101062 -0.097357 -11.326401 9.314351 0.025275 -0.094076 -77.29187 -4.093939 -4.412648 -4.995468 0.609101 1.667172 -1.000006 -0.0 -0.0 
0.0 0.0 0.0 0.0 -0.0 0.0 23.04001 100.81501 566.654907 89.629402 2.307117 92.559723 -2.367929 -0.15048 -0.088601 -11.861041 -0.442559 0.539033 20.439154 -0.199037 -1.608313 23.398975 2.727648 2.393942 -2.703171 -0.472685 0.460727 -36.996578 -2.567207 2.632715 6e-06 0.0 0.0 0.060588 -0.047604 -0.284695 0.084124 -0.110942 -0.295855 0.089787 0.014342 -0.267903 -95.480888 -73.565071 110.178879 38.197582 -65.599266 2.585579 27.21771 0.228632 -0.009119 0.61222 8.729422 6.482502 17.636732 -26.322939 52.411617 -19.466835 -14.395745 29.410709 2.5e-05 -8.774947 -1e-06 15.605876 -18.411005 6.497111 -0.609785 -1.795669 -3.889354 -4.807175 -11.04694 -2.937878 -5e-05 -20.976318 -1e-06 -5.020122 -25.034061 -4.031996 8e-06 -0.0 -1e-06 -10.634635 -5.687038 -3.565604 10.573354 -17.923115 -3.113937 -3.3e-05 -13.821401 -4e-06 -0.501836 -31.182123 -4.027145 -12.105373 -59.501305 7.779302 -13.98285 -7.150285 -2.875047 13.772869 -8.401544 -3.218278 0.347644 -34.212082 0.771666 -0.963084 -17.733696 2.621042 0.0 -0.0 -0.0 -17.346636 -20.095425 -4.201778 21.75782 -1.638337 3.866474 -1.8e-05 -6.338911 -0.0 -1.697674 -22.59218 -6.194161 2e-06 -6e-06 -0.0 62.673515 -78.607979 132.277664 50.803368 -66.953209 -12.611164 24.846186 0.370801 0.05938 -3.030691 10.439243 -3.370433 22.182285 -20.376001 49.933559 -16.701906 -16.743668 28.476696 1.5e-05 -12.690742 -1.1e-05 16.307695 -17.498596 2.650868 -0.105924 -1.513862 -4.275899 -5.039094 -5.61291 -2.95357 -9e-06 -11.020616 5e-06 -6.111397 -15.895524 -3.840522 1e-06 -2e-06 1e-06 -10.283453 -5.680326 -4.341855 11.028377 -11.302459 -2.372639 -1.384308 -14.238699 -6.320177 -0.625468 -26.924507 -3.827654 -3.982672 -49.987701 -3.372987 -13.708632 -7.363526 -3.720946 18.141291 -14.052804 -3.242682 -1.4e-05 -18.787434 4e-06 -0.429723 -8.456141 2.555539 1e-06 3e-06 0.0 -15.923686 -20.094599 -5.473596 30.419477 -7.190843 1.735971 -7e-06 -8.162996 3e-06 -1.861946 -22.861744 -6.168031 -0.0 -4e-06 2e-06 -178.36528 -5.442714 -6.864158 6.362649 0.034604 -0.063884 -74.049896 -6.195448 -6.633196 -5.16434 1.470638 2.101416 -1.000001 1e-06 0.0 2.460306 -0.009062 -10.625588 9.611845 0.046386 -0.084149 -77.799316 -3.808502 -4.555207 -5.345168 0.683277 1.660596 -1.000005 1e-06 0.0 
0.0 0.0 0.0 0.0 -0.0 0.0 22.710918 100.841972 566.208984 89.585144 1.864985 92.270264 -1.948082 -0.104152 -0.099417 -11.698586 -0.431502 0.611681 20.166636 -0.335931 -1.734426 23.138956 2.670858 2.402923 -2.691305 -0.489705 0.81911 -37.00943 -2.383995 2.703274 6e-06 -0.0 -0.0 0.053743 -0.055059 -0.308481 0.065882 -0.099148 -0.321735 0.051431 -0.009771 -0.287889 -93.894218 -73.331757 108.591972 35.346272 -66.143555 3.080963 30.266235 0.287865 -0.039051 0.674913 10.944678 5.808906 17.636702 -26.322863 52.411346 -19.466812 -14.395664 29.410549 -1.3e-05 -8.774881 -1e-06 15.501938 -18.714912 6.691787 -0.609775 -1.795662 -3.889338 -4.807098 -11.046878 -2.937866 3.2e-05 -20.976212 2e-06 -5.019989 -25.033852 -4.031902 7e-06 -1e-06 -1e-06 -10.634562 -5.686986 -3.565595 10.573349 -17.923077 -3.113927 2e-05 -13.821328 5e-06 -0.50174 -31.18189 -4.027035 -12.449781 -59.655804 8.171356 -13.982751 -7.150217 -2.875049 13.772804 -8.401557 -3.218266 0.347777 -34.211895 0.771663 -0.963028 -17.733591 2.62107 0.0 2e-06 0.0 -17.346458 -20.095297 -4.201791 21.757658 -1.638407 3.866434 8e-06 -6.338879 -0.0 -1.697564 -22.592022 -6.194076 -1e-06 -3e-06 -3e-06 64.749367 -78.692719 130.148422 52.712234 -67.399734 -13.997952 29.418434 0.372074 0.067207 -3.935724 12.347246 -1.010137 22.182178 -20.376001 49.933548 -16.701963 -16.743595 28.47674 -2.2e-05 -12.690677 6e-06 16.124594 -17.402754 2.696829 -0.105919 -1.513866 -4.275902 -5.039057 -5.612908 -2.953578 1.8e-05 -11.020627 -1.3e-05 -6.111306 -15.895529 -3.840521 -0.0 -0.0 -0.0 -10.283398 -5.68031 -4.34186 11.028353 -11.30249 -2.372657 -1.384249 -14.238709 -6.320182 -0.625383 -26.924538 -3.82766 -4.115182 -49.835304 -3.204218 -13.708563 -7.363506 -3.720959 18.141251 -14.052854 -3.242717 3.6e-05 -18.787449 -1e-05 -0.429703 -8.456151 2.555533 -1e-06 -1e-06 0.0 -15.923571 -20.094582 -5.473618 30.41934 -7.190897 1.735905 1.1e-05 -8.163002 -5e-06 -1.861854 -22.861761 -6.168027 3e-06 -4e-06 -3e-06 -179.201691 -5.624555 -7.42511 7.064088 0.080716 -0.015848 -74.30378 -5.6103 -6.83039 -5.431627 1.41735 2.085998 -1.0 1e-06 0.0 1.65858 0.071011 -9.88881 9.848085 0.054166 -0.058836 -78.234779 -3.235432 -4.501572 -5.507648 0.732958 1.661313 -1.000003 -1e-06 0.0 
0.0 0.0 0.0 0.0 -0.0 0.0 22.402361 100.798546 565.788025 89.552811 1.282762 91.946266 -1.329586 -0.071244 -0.108699 -11.495107 -0.4304 0.731945 20.023624 -0.512722 -1.893105 23.110662 2.658081 2.453474 -2.70995 -0.494889 1.059507 -37.409119 -2.229974 2.674712 7e-06 -0.0 -0.0 0.044521 -0.061831 -0.323628 0.03626 -0.084899 -0.336235 0.008251 -0.036218 -0.302761 -92.673203 -73.27224 107.455437 32.692364 -66.148483 3.45306 34.733078 0.203685 -0.13607 1.147754 13.102539 6.136334 17.636768 -26.322973 52.411583 -19.466888 -14.395727 29.410679 -1e-06 -8.774935 -4e-06 15.491308 -18.886501 6.75328 -0.609781 -1.79567 -3.889355 -4.807136 -11.046932 -2.937875 1e-05 -20.97632 -6e-06 -5.020037 -25.034016 -4.03195 5e-06 1e-06 1e-06 -10.634619 -5.687023 -3.565608 10.573388 -17.923153 -3.11394 6e-06 -13.821405 -3e-06 -0.50176 -31.182125 -4.0271 -12.725732 -59.796478 8.457038 -13.982826 -7.150259 -2.875054 13.772869 -8.401584 -3.218278 0.347753 -34.212093 0.77165 -0.963035 -17.733696 2.621061 -1e-06 -0.0 2e-06 -17.346567 -20.095398 -4.201799 21.757776 -1.638393 3.866462 5e-06 -6.338911 -3e-06 -1.697597 -22.592161 -6.194124 -1e-06 -4e-06 -3e-06 67.500923 -78.854218 127.444801 55.150139 -67.560173 -16.199162 36.217934 0.444084 0.043673 -4.64176 14.979936 1.601084 22.182325 -20.376078 49.933823 -16.702133 -16.743742 28.476971 -1e-06 -12.690833 4e-06 15.883195 -17.449966 2.749052 -0.105919 -1.513877 -4.275929 -5.039114 -5.612972 -2.953598 2e-06 -11.020758 -2.3e-05 -6.111423 -15.89578 -3.840588 0.0 1e-06 -0.0 -10.283482 -5.680365 -4.341877 11.028454 -11.302584 -2.372694 -1.384281 -14.238893 -6.320267 -0.625394 -26.924953 -3.827779 -4.19876 -49.564079 -3.181964 -13.708674 -7.363576 -3.720971 18.14142 -14.052961 -3.242761 2.2e-05 -18.787664 -5e-05 -0.42971 -8.456264 2.555544 0.0 1e-06 -0.0 -15.923727 -20.094755 -5.473635 30.419647 -7.190927 1.73593 8e-06 -8.163085 -2.1e-05 -1.861888 -22.86208 -6.168171 1e-06 -4e-06 -4e-06 179.240997 -5.939352 -8.311118 8.812078 0.114507 0.05344 -74.960411 -4.651582 -7.194583 -5.624212 1.387302 2.078988 -0.999999 1e-06 1e-06 0.463656 0.279132 -9.099658 10.188552 0.0515 -0.04999 -78.880653 -2.540962 -4.252851 -5.60581 0.755261 1.661748 -1.000003 -0.0 0.0 
0.0 0.0 0.0 0.0 -0.0 0.0 22.122837 100.688957 565.39624 89.464294 0.61701 91.583084 -0.529776 0.020411 -0.094241 -11.254997 -0.451934 0.829235 20.041624 -0.669556 -1.998308 23.350182 2.645656 2.512513 -2.743937 -0.449324 1.100445 -37.968075 -2.054195 2.538218 6e-06 0.0 0.0 0.040382 -0.069075 -0.345439 0.013954 -0.076661 -0.355857 -0.013085 -0.059285 -0.326056 -91.517075 -73.420616 106.381973 30.931435 -65.763435 3.192866 40.099277 0.047754 -0.236676 2.055793 14.72848 7.341011 17.636753 -26.322981 52.411686 -19.466917 -14.395764 29.410765 1e-05 -8.774961 -1e-06 15.508382 -18.955513 6.726815 -0.609781 -1.79567 -3.889363 -4.807161 -11.046952 -2.937883 -1.9e-05 -20.976353 -1.2e-05 -5.020078 -25.034088 -4.031997 5e-06 -1e-06 1e-06 -10.63464 -5.687037 -3.56561 10.573393 -17.923161 -3.113957 -1e-05 -13.821426 -1e-05 -0.501785 -31.18219 -4.027158 -12.779881 -59.80114 8.489364 -13.982855 -7.150281 -2.875055 13.772891 -8.401578 -3.218293 0.347707 -34.212154 0.771642 -0.963057 -17.73373 2.62105 -1e-06 -2e-06 0.0 -17.346622 -20.095436 -4.201799 21.757835 -1.638369 3.86647 -5e-06 -6.338922 -6e-06 -1.69763 -22.592234 -6.194177 -2e-06 -2e-06 -0.0 70.867035 -79.149826 124.107643 58.481228 -67.13604 -19.633102 44.031841 0.581005 -0.003258 -4.830256 17.851162 4.189121 22.182365 -20.37616 49.933975 -16.702106 -16.743776 28.477018 5e-06 -12.690844 3e-06 15.775967 -17.693989 2.772949 -0.105918 -1.513874 -4.275934 -5.039122 -5.612967 -2.953607 -2e-06 -11.020742 -1.4e-05 -6.111439 -15.895747 -3.84059 1e-06 0.0 -1e-06 -10.283496 -5.680367 -4.341892 11.028458 -11.30257 -2.372681 -1.384294 -14.238867 -6.320267 -0.625422 -26.924887 -3.827752 -4.279648 -49.423161 -3.243066 -13.708692 -7.363577 -3.720984 18.141424 -14.052943 -3.242746 1e-06 -18.787642 -2.3e-05 -0.429726 -8.456244 2.555561 3e-06 1e-06 -3e-06 -15.923753 -20.094761 -5.473649 30.419664 -7.190912 1.735946 -2e-06 -8.163077 -6e-06 -1.861933 -22.862051 -6.168131 3e-06 -1e-06 -3e-06 177.421249 -6.421746 -9.300096 10.685713 0.127897 0.091576 -75.482864 -3.551377 -7.546709 -5.780336 1.386985 2.077053 -1.0 1e-06 0.0 -1.365542 0.650986 -8.332941 11.408391 0.045362 -0.069397 -80.103104 -1.936593 -4.051472 -5.765819 0.761205 1.658731 -1.000004 -0.0 0.0 
0.0 0.0 0.0 0.0 -0.0 0.0 21.867739 100.521339 565.035095 89.244041 -0.191934 91.278656 0.468633 0.204602 -0.035277 -10.959936 -0.480225 0.89459 20.196373 -0.764341 -2.023129 23.871763 2.645099 2.543349 -2.785396 -0.344202 0.972975 -38.545208 -1.860871 2.337975 7e-06 -0.0 0.0 0.039414 -0.071739 -0.349984 0.007749 -0.071642 -0.35628 -0.00941 -0.070851 -0.334516 -90.011047 -73.739525 104.951645 30.509233 -65.167488 1.68722 46.251217 -0.115663 -0.25062 3.334848 15.874984 9.018909 17.636707 -26.322912 52.411652 -19.466944 -14.395729 29.410765 -9e-06 -8.774935 5e-06 15.499024 -18.986946 6.694645 -0.609779 -1.795673 -3.889362 -4.807132 -11.046931 -2.937898 3.2e-05 -20.976318 -4.7e-05 -5.019986 -25.034033 -4.03201 6e-06 0.0 -2e-06 -10.634608 -5.68702 -3.565617 10.573397 -17.923145 -3.113978 2.1e-05 -13.821397 -2.6e-05 -0.501678 -31.182102 -4.027164 -12.701654 -59.780788 8.395669 -13.98281 -7.150258 -2.875066 13.772867 -8.401586 -3.218299 0.347803 -34.212067 0.771583 -0.963008 -17.733686 2.621045 -0.0 2e-06 3e-06 -17.346546 -20.095396 -4.201823 21.757767 -1.638393 3.866451 5e-06 -6.338907 -1.1e-05 -1.697557 -22.592165 -6.19418 -2e-06 -2e-06 0.0 75.272987 -79.653732 119.707397 62.760075 -65.936745 -24.772995 52.235092 0.608545 -0.088764 -4.459742 20.825682 7.034119 22.182196 -20.375999 49.933796 -16.702085 -16.7437 28.476936 -1.6e-05 -12.690759 2.2e-05 15.799957 -18.046976 2.790962 -0.105918 -1.513875 -4.275921 -5.039083 -5.612933 -2.953597 1.3e-05 -11.020662 -3.6e-05 -6.111346 -15.895606 -3.840582 -1e-06 -1e-06 -1e-06 -10.283444 -5.680346 -4.341876 11.028409 -11.302512 -2.372701 -1.384255 -14.23877 -6.320251 -0.625339 -26.924644 -3.827776 -4.39909 -49.521564 -3.290107 -13.708624 -7.363547 -3.72097 18.141342 -14.052874 -3.242772 3.6e-05 -18.787485 -5.9e-05 -0.429703 -8.456161 2.555522 3e-06 1e-06 1e-06 -15.923654 -20.094669 -5.47365 30.419512 -7.190888 1.735886 9e-06 -8.163014 -1.6e-05 -1.861859 -22.861813 -6.168118 -2e-06 -4e-06 -0.0 175.834412 -7.082507 -10.141733 11.202984 0.124384 0.102203 -75.058914 -2.587136 -7.863595 -5.987664 1.413397 2.073366 -1.000002 1e-06 -0.0 -3.683666 1.066442 -7.711514 13.513033 0.044099 -0.081519 -81.893265 -1.454373 -4.160429 -6.045764 0.764356 1.653664 -1.000004 1e-06 -0.0 
0.0 0.0 0.0 0.0 -0.0 0.0 21.643841 100.296188 564.679871 88.846527 -1.234352 91.146324 1.639981 0.480437 0.072179 -10.576058 -0.484325 0.949508 20.479391 -0.797857 -1.98594 24.676706 2.725863 2.570488 -2.834728 -0.179024 0.731942 -39.03981 -1.690616 2.093652 6e-06 -0.0 0.0 0.042004 -0.068537 -0.328797 0.02705 -0.064586 -0.325594 0.019658 -0.072582 -0.323046 -88.015892 -74.216377 103.024002 31.752594 -64.482414 -1.795055 52.939358 -0.303435 -0.171429 4.878752 16.61021 10.998675 17.636684 -26.322809 52.411404 -19.46681 -14.395753 29.410589 2.6e-05 -8.774944 6e-06 15.387271 -19.012789 6.736478 -0.609781 -1.795666 -3.889345 -4.807168 -11.046911 -2.937857 -5.1e-05 -20.976231 -1.7e-05 -5.020112 -25.033934 -4.031992 7e-06 1e-06 -2e-06 -10.634626 -5.687029 -3.565582 10.573348 -17.923067 -3.113938 -3.2e-05 -13.821351 -1.5e-05 -0.501828 -31.181995 -4.027155 -12.651153 -59.804203 8.346097 -13.982838 -7.150272 -2.875023 13.772862 -8.401522 -3.218282 0.347663 -34.211952 0.771627 -0.963062 -17.73362 2.621008 -0.0 2e-06 2e-06 -17.346621 -20.09539 -4.201751 21.757812 -1.63833 3.866452 -1.8e-05 -6.338887 -5e-06 -1.697685 -22.592077 -6.194129 1e-06 -5e-06 -5e-06 80.789734 -80.382309 114.028046 67.110245 -63.880978 -31.234598 60.32193 0.340989 -0.179425 -3.502682 23.857641 10.167891 22.182203 -20.375879 49.933472 -16.701908 -16.743603 28.47666 1.5e-05 -12.690708 -9e-06 15.827425 -18.368748 2.813443 -0.105922 -1.513865 -4.275896 -5.039083 -5.612912 -2.953572 -4e-06 -11.020602 -1.6e-05 -6.111372 -15.895517 -3.840538 -1e-06 1e-06 -2e-06 -10.283429 -5.680329 -4.341845 11.028347 -11.302446 -2.372654 -1.384293 -14.238688 -6.320186 -0.625423 -26.924467 -3.827708 -4.481397 -49.723194 -3.347518 -13.708605 -7.363531 -3.720943 18.141253 -14.052786 -3.242699 -2e-06 -18.787399 -3.2e-05 -0.429711 -8.456122 2.555514 -2e-06 3e-06 -2e-06 -15.923651 -20.094597 -5.473596 30.419405 -7.190827 1.735955 -3e-06 -8.162971 -1.1e-05 -1.861909 -22.861691 -6.168067 1e-06 -1e-06 -4e-06 173.21579 -8.041766 -10.436091 13.18481 0.114845 0.119393 -75.465332 -1.864705 -8.006811 -6.364771 1.458176 2.062715 -1.000001 0.0 -0.0 -6.250666 1.548295 -7.311843 15.846516 0.050763 -0.081603 -83.801331 -1.119824 -4.485331 -6.410856 0.76206 1.649486 -1.000003 0.0 0.0 
0.0 0.0 0.0 0.0 -0.0 0.0 21.462614 100.003014 564.309082 88.26033 -2.549049 91.229164 2.966549 0.870408 0.218973 -10.077878 -0.472972 1.116094 20.854719 -0.726055 -1.905104 25.713631 3.116965 2.690267 -2.835181 -0.089986 0.150629 -39.429405 -1.599053 1.80357 6e-06 -0.0 -0.0 0.032061 -0.067041 -0.273492 0.071102 -0.050407 -0.24945 0.068299 -0.082678 -0.286788 -85.624748 -74.909645 100.836304 35.125122 -63.851429 -7.369387 59.83791 -0.041031 -0.02612 6.451555 17.023159 12.668925 17.636675 -26.322844 52.411644 -19.467014 -14.395749 29.410816 -5e-06 -8.774952 8e-06 15.205562 -18.933441 6.87567 -0.609778 -1.795679 -3.889365 -4.80714 -11.046963 -2.937906 2.7e-05 -20.976379 -7.3e-05 -5.019988 -25.034122 -4.032045 5e-06 4e-06 1e-06 -10.634624 -5.687043 -3.565612 10.573418 -17.923185 -3.114008 2e-05 -13.821435 -4.4e-05 -0.501662 -31.182232 -4.027228 -12.621055 -59.729836 8.480659 -13.982834 -7.150286 -2.875055 13.772899 -8.401595 -3.218322 0.347811 -34.212181 0.771534 -0.962996 -17.733749 2.62102 -1e-06 0.0 4e-06 -17.346579 -20.095453 -4.20182 21.757811 -1.638382 3.866441 1e-06 -6.338924 -1.7e-05 -1.697549 -22.592249 -6.194228 -3e-06 -4e-06 -3e-06 87.799095 -81.200737 106.634605 70.625725 -60.976017 -38.236683 67.822304 -0.103917 -0.370602 -2.112664 26.735706 13.413974 22.182203 -20.376007 49.933884 -16.702055 -16.743692 28.476954 0.0 -12.690761 1.3e-05 15.706569 -18.378548 2.866869 -0.105919 -1.513874 -4.275927 -5.039096 -5.612942 -2.953603 2e-06 -11.020669 -3.3e-05 -6.111374 -15.895632 -3.840598 -1e-06 0.0 1e-06 -10.283452 -5.680355 -4.341881 11.028407 -11.30251 -2.372696 -1.384271 -14.238788 -6.320266 -0.625366 -26.924688 -3.827786 -4.407309 -49.6861 -3.397297 -13.708637 -7.363561 -3.720977 18.141336 -14.052867 -3.242763 1.6e-05 -18.787514 -5e-05 -0.429716 -8.45618 2.555535 0.0 4e-06 1e-06 -15.923681 -20.094696 -5.47366 30.419525 -7.190865 1.735912 2e-06 -8.16302 -1.4e-05 -1.861884 -22.861856 -6.168125 -1e-06 -1e-06 -1e-06 169.420273 -9.151335 -10.026649 17.293583 0.079072 0.168338 -77.656235 -1.587916 -8.048792 -6.983531 1.560344 2.064786 -1.000004 0.0 0.0 -9.13087 2.175967 -7.183453 18.242611 0.029485 -0.061434 -85.472313 -0.973695 -4.854739 -6.892554 0.708369 1.644 -1.000005 0.0 0.0 
0.0 0.0 0.0 0.0 -0.0 0.0 21.310318 99.653557 563.91217 87.715225 -4.043626 91.369827 4.395489 1.174042 0.407309 -9.482222 -0.431486 1.218843 21.475721 -0.628802 -1.768438 26.971655 3.503168 2.791053 -2.906868 -0.098994 -0.196856 -39.599785 -1.49428 1.210213 6e-06 0.0 0.0 0.016759 -0.066825 -0.20468 0.104731 -0.059039 -0.163817 0.087054 -0.072702 -0.235638 -83.447357 -75.593895 98.61972 39.447178 -63.151539 -14.745779 66.842041 -0.116068 0.06096 7.977455 17.276611 15.085023 17.636665 -26.32284 52.4114 -19.466827 -14.395695 29.410593 -4e-06 -8.774899 9e-06 15.03561 -18.904587 6.949871 -0.609779 -1.795665 -3.889345 -4.807115 -11.046885 -2.937867 1.6e-05 -20.976213 -1.4e-05 -5.020001 -25.033873 -4.031933 8e-06 -2e-06 2e-06 -10.634578 -5.687001 -3.565599 10.573348 -17.923075 -3.113942 7e-06 -13.821336 -8e-06 -0.501744 -31.181929 -4.02709 -12.584368 -59.712662 8.494546 -13.982772 -7.150237 -2.875045 13.772819 -8.401546 -3.218278 0.347757 -34.211891 0.771639 -0.963028 -17.733591 2.621047 -1e-06 2e-06 1e-06 -17.346504 -20.095329 -4.201788 21.757694 -1.638382 3.866432 1e-06 -6.338881 -3e-06 -1.697577 -22.592033 -6.194105 1e-06 -5e-06 -4e-06 97.020943 -82.353447 96.791969 72.534683 -57.41143 -45.371433 74.440407 -0.830744 -0.462747 -0.574522 29.380888 15.868059 22.182158 -20.375994 49.933582 -16.701931 -16.743628 28.476736 -1e-05 -12.690681 1.2e-05 15.62511 -18.256042 2.823605 -0.105921 -1.513863 -4.275902 -5.039064 -5.612901 -2.953576 1.1e-05 -11.020597 -1e-05 -6.111324 -15.895485 -3.840522 -1e-06 0.0 0.0 -10.283409 -5.680313 -4.341856 11.028353 -11.302456 -2.372657 -1.384268 -14.238673 -6.32018 -0.625409 -26.924448 -3.827665 -4.316426 -49.528206 -3.491714 -13.708577 -7.363508 -3.720953 18.141241 -14.052808 -3.242711 1.3e-05 -18.787399 -7e-06 -0.429716 -8.45612 2.555529 -2e-06 -2e-06 2e-06 -15.923599 -20.094568 -5.473612 30.419361 -7.190853 1.735908 2e-06 -8.162977 -1e-06 -1.861894 -22.861679 -6.16801 -1e-06 -2e-06 -1e-06 165.565201 -10.099917 -9.389519 21.054243 0.064951 0.219834 -79.654121 -1.488724 -7.667248 -7.555327 1.607538 2.03147 -1.000003 -0.0 -0.0 -12.330799 2.709943 -7.114823 20.849789 0.018437 -0.050363 -87.072075 -1.021578 -5.104609 -7.23885 0.677696 1.640777 -1.000007 -0.0 0.0 
0.0 0.0 0.0 0.0 -0.0 0.0 21.237368 99.231033 563.511108 87.354233 -5.807896 91.49366 5.889088 1.329653 0.604184 -8.844832 -0.402447 1.328423 22.367163 -0.550706 -1.62382 28.264706 3.982721 2.873275 -2.948847 -0.163548 -0.519427 -39.577682 -1.337612 0.777214 4e-06 -0.0 -0.0 -0.00348 -0.064499 -0.174361 0.133451 -0.079095 -0.122911 0.103426 -0.047028 -0.21927 -81.607475 -76.306877 96.469971 44.558685 -62.394032 -23.210737 74.060806 -0.206393 0.048993 9.508777 17.362581 17.797274 17.636587 -26.322783 52.411442 -19.466784 -14.395672 29.410604 6e-06 -8.774881 1e-05 14.945884 -18.902575 6.88599 -0.609779 -1.795661 -3.889343 -4.807114 -11.046866 -2.937877 -2e-06 -20.976158 -2.8e-05 -5.019994 -25.03381 -4.031966 4e-06 -1e-06 -2e-06 -10.634567 -5.687 -3.565596 10.573319 -17.923025 -3.113948 -2e-06 -13.821303 -1.4e-05 -0.501757 -31.181852 -4.027113 -12.642913 -59.702396 8.345345 -13.982758 -7.150236 -2.875047 13.772789 -8.40152 -3.21828 0.347725 -34.211826 0.771618 -0.96304 -17.733561 2.621028 -1e-06 -0.0 -0.0 -17.346487 -20.095306 -4.201796 21.75766 -1.638358 3.866428 -4e-06 -6.338865 -5e-06 -1.697599 -22.591982 -6.194105 2e-06 -4e-06 -2e-06 110.806885 -83.483047 82.064186 73.086899 -53.431633 -52.23201 80.283501 -1.251402 -0.579472 0.510854 31.585848 17.736195 22.18215 -20.375988 49.933647 -16.701849 -16.743628 28.47673 2.2e-05 -12.690685 1e-05 15.711358 -18.077574 2.775788 -0.105923 -1.513858 -4.275905 -5.039077 -5.612898 -2.953578 -1.9e-05 -11.020572 -6e-06 -6.111371 -15.895468 -3.840545 -1e-06 0.0 2e-06 -10.283414 -5.68032 -4.341859 11.028329 -11.302413 -2.372648 -1.3843 -14.238644 -6.320185 -0.625455 -26.924366 -3.82769 -4.498121 -49.582825 -3.417928 -13.708585 -7.363518 -3.720953 18.141216 -14.052742 -3.242694 -3.2e-05 -18.787363 -5e-06 -0.429733 -8.456105 2.55553 2e-06 -1e-06 -4e-06 -15.923625 -20.094564 -5.473614 30.419361 -7.190788 1.73594 -1.6e-05 -8.162957 5e-06 -1.861959 -22.861624 -6.168019 -0.0 -4e-06 -0.0 160.877213 -10.613415 -8.556324 26.580252 0.047872 0.188805 -82.119995 -1.332229 -6.645685 -7.997176 1.607015 2.049333 -1.000001 0.0 1e-06 -16.044964 2.965459 -7.06411 23.892378 -0.017182 -0.05754 -88.658318 -1.063093 -5.141848 -7.440096 0.735596 1.648926 -1.000003 -0.0 0.0 
0.0 0.0 0.0 0.0 -0.0 0.0 21.235315 98.511299 563.151978 87.106445 -7.792238 91.502312 7.418885 1.360276 0.782836 -8.141145 -0.388953 1.323524 23.45631 -0.468175 -1.348848 29.55542 4.379133 2.980087 -2.968233 -0.156557 -0.707681 -39.616451 -1.16794 0.48408 6e-06 0.0 -0.0 -0.009444 -0.076376 -0.125744 0.134516 -0.117445 -0.071326 0.109794 -0.032184 -0.175706 -80.364029 -77.140221 95.037552 51.106598 -61.103222 -33.138893 81.258644 -0.316076 0.083556 10.88835 17.588423 20.205688 17.636673 -26.322908 52.411617 -19.466778 -14.395691 29.410641 1e-05 -8.774896 -1e-06 14.8995 -18.915333 6.932343 -0.609782 -1.795663 -3.889354 -4.807135 -11.046885 -2.937874 -1.8e-05 -20.976194 -4e-06 -5.020028 -25.033854 -4.03196 6e-06 -0.0 1e-06 -10.634597 -5.687013 -3.565612 10.573327 -17.923052 -3.113928 -9e-06 -13.821327 -3e-06 -0.501796 -31.181896 -4.027089 -12.751621 -59.886375 8.610512 -13.982795 -7.150252 -2.875058 13.772812 -8.401527 -3.218268 0.347693 -34.211876 0.771669 -0.963063 -17.733583 2.621053 -2e-06 -1e-06 -0.0 -17.346539 -20.095346 -4.201807 21.757706 -1.638359 3.866456 -7e-06 -6.338879 1e-06 -1.697623 -22.592024 -6.1941 -1e-06 -8e-06 -0.0 131.260071 -84.151123 60.510197 72.61393 -48.911434 -59.225296 85.242271 -1.642471 -0.682819 1.023063 33.235615 19.223911 22.18228 -20.37608 49.933678 -16.701931 -16.74367 28.476759 2e-06 -12.690737 -1e-06 15.723861 -17.941378 2.698698 -0.105922 -1.513863 -4.275908 -5.039088 -5.612918 -2.953578 -0.0 -11.02065 8e-06 -6.111382 -15.895575 -3.840518 0.0 -0.0 -1e-06 -10.283443 -5.680326 -4.341865 11.028383 -11.302489 -2.372644 -1.38429 -14.238737 -6.320185 -0.625454 -26.924616 -3.827645 -4.461567 -49.432995 -3.433308 -13.708623 -7.363528 -3.72096 18.141298 -14.052846 -3.242694 -6e-06 -18.787498 1.3e-05 -0.429722 -8.456183 2.555551 -0.0 1e-06 -1e-06 -15.923664 -20.094616 -5.473612 30.419464 -7.190871 1.735953 -1e-06 -8.16302 3e-06 -1.86193 -22.861843 -6.168026 1e-06 -3e-06 -0.0 155.82045 -10.895034 -7.840899 32.955082 0.002558 0.202776 -84.713844 -1.747067 -5.753771 -8.45318 1.649695 2.05053 -1.000003 1e-06 0.0 -20.672394 2.991318 -6.974874 28.352833 -0.045296 -0.037446 -90.671844 -1.189134 -4.924376 -7.72308 0.717289 1.645192 -1.000008 0.0 0.0 
0.0 0.0 0.0 0.0 -0.0 0.0 21.304035 97.407539 562.93927 86.928291 -10.11832 91.44001 8.882523 1.265931 0.922362 -7.370504 -0.379899 1.234472 24.610052 -0.411736 -1.072206 30.621189 4.754286 3.06949 -2.949223 -0.078444 -0.639675 -39.7019 -1.004804 0.503771 4e-06 -0.0 0.0 -0.011879 -0.102314 -0.075216 0.087349 -0.155977 -0.023722 0.071769 -0.045026 -0.122663 -79.911888 -78.210518 94.469795 58.08794 -58.706604 -43.32436 88.354729 -0.414461 0.114945 12.087522 18.141945 21.939177 17.636705 -26.322897 52.411606 -19.466837 -14.395736 29.410692 2.6e-05 -8.774942 -0.0 14.902458 -18.820421 7.009265 -0.609784 -1.79567 -3.889357 -4.807175 -11.046936 -2.937873 -5.5e-05 -20.976295 -1.5e-05 -5.020108 -25.034018 -4.032009 3e-06 -2e-06 -2e-06 -10.634634 -5.687044 -3.565603 10.573344 -17.923103 -3.113943 -3.3e-05 -13.821383 -1.5e-05 -0.501825 -31.182077 -4.027165 -12.625874 -60.166206 8.929132 -13.982845 -7.15029 -2.875045 13.772853 -8.401539 -3.218282 0.347655 -34.212044 0.771631 -0.963068 -17.733671 2.621021 -2e-06 -1e-06 0.0 -17.34663 -20.095432 -4.201781 21.757799 -1.638332 3.866468 -1.6e-05 -6.338906 -6e-06 -1.697667 -22.59215 -6.19416 2e-06 -8e-06 -2e-06 154.775375 -83.950455 35.767811 71.141861 -43.821148 -66.401855 89.567955 -2.075039 -0.740103 0.696456 34.332893 19.87211 22.182295 -20.376087 49.93372 -16.701931 -16.743719 28.476797 2.1e-05 -12.690775 -0.0 15.539731 -17.820541 2.605423 -0.105922 -1.513863 -4.275913 -5.039106 -5.612929 -2.953579 -1.6e-05 -11.020654 8e-06 -6.111429 -15.895594 -3.840533 -2e-06 -1e-06 -1e-06 -10.28347 -5.680341 -4.341861 11.028397 -11.302482 -2.372646 -1.384316 -14.238743 -6.320198 -0.625484 -26.924612 -3.827672 -4.212667 -49.055134 -3.534236 -13.708655 -7.363549 -3.720953 18.141325 -14.052832 -3.242696 -3.2e-05 -18.787498 1.3e-05 -0.429733 -8.456178 2.55555 -1e-06 0.0 0.0 -15.923724 -20.094654 -5.473598 30.419529 -7.190839 1.735968 -1.3e-05 -8.163019 4e-06 -1.861972 -22.861841 -6.168047 1e-06 -5e-06 -1e-06 150.605392 -11.127459 -7.219787 38.963448 -0.031089 0.227333 -87.208275 -2.45979 -5.21279 -9.12799 1.746055 2.008263 -1.000006 0.0 -0.0 -26.176683 2.824929 -6.91865 34.035763 -0.037569 0.006193 -93.005928 -1.29803 -4.282292 -8.119946 0.625947 1.630271 -1.000006 0.0 -0.0 
0.0 0.0 0.0 0.0 -0.0 0.0 21.365843 95.972672 562.934021 86.752747 -12.810281 91.416458 10.358739 1.084704 1.039359 -6.599788 -0.392121 1.139109 25.775026 -0.39839 -0.932144 31.212036 5.308827 3.175948 -2.929934 -0.040568 -0.333294 -39.594902 -0.956992 0.693027 5e-06 0.0 0.0 -0.029225 -0.102889 -0.076763 0.031478 -0.173845 -0.028668 0.021001 -0.027192 -0.121149 -79.2117 -79.668518 93.162155 64.112732 -55.17519 -52.594364 95.120346 -0.690568 0.110583 13.388315 19.026501 23.393587 17.636799 -26.323235 52.412174 -19.466892 -14.395794 29.410942 6e-06 -8.774964 -5e-06 15.067373 -18.676718 6.877057 -0.609789 -1.795667 -3.889384 -4.807162 -11.046947 -2.937899 -1.4e-05 -20.976347 2e-05 -5.020073 -25.034054 -4.031982 6e-06 -2e-06 -1e-06 -10.634652 -5.687032 -3.56565 10.573402 -17.923166 -3.113934 -1.2e-05 -13.82143 2.5e-05 -0.501821 -31.182175 -4.027079 -12.544472 -60.37476 8.916106 -13.982868 -7.15028 -2.8751 13.772902 -8.401584 -3.218284 0.347677 -34.212173 0.771744 -0.963103 -17.733749 2.621125 -1e-06 0.0 1e-06 -17.346622 -20.095438 -4.201861 21.757837 -1.638386 3.866501 -5e-06 -6.338926 1.6e-05 -1.697634 -22.592199 -6.194142 -1e-06 -4e-06 -2e-06 173.870529 -82.776505 15.060616 68.807739 -38.341454 -73.456886 92.962341 -2.151649 -0.893707 -0.164693 34.970024 18.980125 22.182415 -20.376225 49.933941 -16.701902 -16.743656 28.476831 7e-06 -12.690742 -2.7e-05 15.56108 -17.801668 2.533608 -0.105931 -1.513862 -4.27592 -5.0391 -5.612916 -2.953601 1e-06 -11.020646 1.1e-05 -6.11138 -15.895559 -3.840554 1e-06 1e-06 1e-06 -10.28347 -5.680328 -4.341898 11.028389 -11.302501 -2.372623 -1.384294 -14.238732 -6.320208 -0.625459 -26.924595 -3.827644 -4.249869 -49.042141 -3.528514 -13.708651 -7.363536 -3.720999 18.141308 -14.052853 -3.242659 -1.1e-05 -18.787493 3.7e-05 -0.42973 -8.456178 2.555577 0.0 -2e-06 1e-06 -15.923692 -20.094633 -5.473663 30.41947 -7.190895 1.736011 -1e-06 -8.163025 1.8e-05 -1.861944 -22.86182 -6.168008 1e-06 -3e-06 -3e-06 144.914124 -11.639642 -6.686115 44.348667 -0.035431 0.240065 -88.508682 -2.038032 -5.037572 -9.608685 1.782833 2.014701 -1.000003 0.0 0.0 -32.170368 2.624462 -6.949438 40.178452 -0.045054 0.031055 -95.359009 -1.374658 -3.537627 -8.331541 0.607238 1.624539 -1.000004 0.0 0.0 
0.0 0.0 0.0 0.0 -0.0 0.0 21.407578 94.004448 563.11792 86.421906 -15.868121 91.456589 11.736557 0.906512 1.048005 -5.796677 -0.385861 0.957842 26.785864 -0.456345 -0.867896 31.447107 5.792173 3.287486 -2.92361 -0.157056 0.371587 -39.282093 -1.072854 0.912701 7e-06 0.0 -0.0 -0.041408 -0.095379 -0.069251 -0.021302 -0.191088 -0.018489 -0.02856 0.005502 -0.118431 -75.772446 -81.520569 88.851402 68.78553 -50.220047 -61.435879 101.044174 -1.665212 0.126831 14.821916 20.491436 24.545057 17.636654 -26.322681 52.411057 -19.466694 -14.395616 29.410376 8e-06 -8.774857 -7e-06 15.249417 -18.61237 6.69485 -0.609777 -1.795658 -3.889324 -4.807109 -11.046845 -2.937845 -1.3e-05 -20.976122 3e-06 -5.02002 -25.033756 -4.031906 5e-06 -2e-06 2e-06 -10.634548 -5.686985 -3.565572 10.573284 -17.922991 -3.113907 -6e-06 -13.821274 -4e-06 -0.501784 -31.18177 -4.027057 -12.424226 -60.662769 8.594336 -13.982736 -7.150217 -2.875025 13.772756 -8.401504 -3.218244 0.347716 -34.211742 0.771642 -0.96303 -17.733517 2.621019 -2e-06 1e-06 0.0 -17.346462 -20.095257 -4.201751 21.757612 -1.63836 3.866433 -2e-06 -6.338855 -2e-06 -1.697604 -22.59193 -6.19406 -1e-06 -2e-06 -2e-06 -172.696213 -80.66938 -0.174383 65.985535 -32.628178 -80.897881 94.598816 -2.179561 -0.919155 -1.234424 35.581398 16.354143 22.182121 -20.375923 49.933342 -16.701887 -16.743612 28.476625 -5e-06 -12.690674 1.2e-05 15.565104 -17.868391 2.467679 -0.105916 -1.513857 -4.275888 -5.039058 -5.612896 -2.95356 4e-06 -11.020593 1e-06 -6.111341 -15.895477 -3.840491 0.0 -1e-06 -0.0 -10.283391 -5.680301 -4.341833 11.028336 -11.302442 -2.37265 -1.384275 -14.238661 -6.320144 -0.625431 -26.924425 -3.827635 -4.255398 -49.245876 -3.568473 -13.708556 -7.363495 -3.720928 18.141222 -14.052786 -3.242702 2e-06 -18.787388 -6e-06 -0.429716 -8.456122 2.555522 1e-06 0.0 -4e-06 -15.923584 -20.094532 -5.473566 30.41934 -7.190837 1.735909 1e-06 -8.162975 -3e-06 -1.86191 -22.861691 -6.168 0.0 -3e-06 -3e-06 138.444809 -12.632445 -6.515361 50.688454 -0.030155 0.353179 -90.30732 -0.952818 -4.678038 -9.912632 1.724871 1.998318 -0.999999 -0.0 -0.0 -38.87289 2.56857 -6.975891 47.185757 -0.040167 0.033069 -98.010239 -1.628371 -2.627631 -8.464389 0.636799 1.625485 -1.000006 -0.0 -0.0 
0.0 0.0 0.0 0.0 -0.0 0.0 21.447969 91.573433 563.574646 85.945084 -19.064505 91.537666 13.178219 0.782404 0.982704 -4.99822 -0.491125 0.80335 27.614187 -0.459507 -0.852489 31.267572 6.203324 3.645464 -2.958085 -0.264394 0.926448 -38.783127 -1.429744 1.261004 5e-06 -0.0 -0.0 -0.067248 -0.070429 -0.091536 -0.012352 -0.18048 -0.014408 -0.031612 0.045606 -0.164802 -64.25502 -83.461151 76.369408 71.920097 -43.593975 -68.409218 105.52243 -2.182954 0.250262 16.430965 22.752903 25.524448 17.636879 -26.323017 52.41169 -19.466827 -14.395794 29.410688 4.3e-05 -8.774994 -1.6e-05 15.347042 -18.638422 6.639893 -0.60979 -1.795672 -3.889359 -4.807216 -11.046968 -2.937865 -8.6e-05 -20.976345 2.2e-05 -5.020197 -25.034082 -4.032001 6e-06 -2e-06 -1e-06 -10.6347 -5.687065 -3.565603 10.57338 -17.923141 -3.113911 -5.4e-05 -13.821424 6e-06 -0.501925 -31.182171 -4.027143 -12.159063 -60.687099 8.174495 -13.982934 -7.150319 -2.875046 13.772931 -8.401546 -3.218264 0.347584 -34.212151 0.771705 -0.96311 -17.733723 2.621054 -0.0 -2e-06 -1e-06 -17.34676 -20.095497 -4.201766 21.757933 -1.638327 3.866515 -2.4e-05 -6.338923 6e-06 -1.697743 -22.592213 -6.194146 -1e-06 -4e-06 -2e-06 -166.937851 -78.041222 -7.761102 63.299469 -26.642759 -87.893097 93.687622 -1.875136 -1.072604 -2.066967 36.16256 12.904547 22.182257 -20.376129 49.933651 -16.701986 -16.743835 28.476824 2.6e-05 -12.69083 2.3e-05 15.575055 -17.87199 2.443255 -0.105913 -1.513867 -4.275915 -5.039119 -5.612944 -2.953561 -2.4e-05 -11.020682 1.6e-05 -6.111474 -15.895632 -3.840492 -0.0 -0.0 0.0 -10.283488 -5.680354 -4.341839 11.028429 -11.302509 -2.372662 -1.384333 -14.238791 -6.320177 -0.625533 -26.924704 -3.827643 -4.206491 -49.321957 -3.615572 -13.708685 -7.36356 -3.720918 18.14139 -14.052857 -3.242723 -5.4e-05 -18.787558 1.5e-05 -0.429744 -8.456203 2.555546 0.0 -0.0 3e-06 -15.923774 -20.094694 -5.47354 30.419659 -7.190833 1.735925 -2.1e-05 -8.163045 2e-06 -1.862017 -22.861923 -6.168053 2e-06 -5e-06 -3e-06 131.223572 -13.973345 -6.129444 58.499657 -0.049778 0.443469 -93.284935 0.009469 -4.558908 -10.423934 1.727667 2.005361 -1.000003 1e-06 -0.0 -45.705662 2.622262 -7.17547 54.538284 -0.071767 0.072585 -100.734039 -1.6699 -1.886761 -8.693988 0.623534 1.622025 -1.000005 0.0 -0.0 
0.0 0.0 0.0 0.0 -0.0 0.0 21.533188 88.540932 564.410828 85.366966 -22.345984 91.674728 14.567294 0.550518 0.827177 -4.246044 -0.619083 0.698695 28.404125 -0.392393 -0.966524 30.901432 6.397044 4.13063 -2.937561 -0.447633 1.469277 -38.20615 -1.946923 1.635485 7e-06 0.0 0.0 -0.089943 0.006713 -0.144212 0.08987 -0.126539 -0.01247 0.072453 0.146105 -0.272187 -38.834187 -84.668068 49.862125 73.019478 -35.292728 -73.640442 107.951591 -2.55912 0.518927 18.75868 25.486944 27.313799 17.636889 -26.323015 52.411488 -19.466925 -14.39571 29.410641 -1.9e-05 -8.77494 -1.2e-05 15.302228 -18.617599 6.626227 -0.609779 -1.795671 -3.889351 -4.807123 -11.046951 -2.937877 4.6e-05 -20.976398 1.4e-05 -5.020014 -25.034117 -4.03191 6e-06 3e-06 -2e-06 -10.634618 -5.687012 -3.565612 10.573421 -17.923212 -3.113928 3.1e-05 -13.821453 1.2e-05 -0.501723 -31.182255 -4.027042 -11.857592 -60.499275 7.660047 -13.982827 -7.150249 -2.875063 13.772889 -8.40163 -3.218262 0.347809 -34.212246 0.771679 -0.963014 -17.733801 2.621107 -2e-06 2e-06 -1e-06 -17.346552 -20.095396 -4.201802 21.757784 -1.638438 3.866481 1.7e-05 -6.338933 2e-06 -1.697551 -22.592247 -6.194113 0.0 -6e-06 -1e-06 -164.872849 -75.131271 -11.756143 60.777817 -20.521296 -94.180214 89.636978 -1.657649 -1.37212 -2.388259 37.008842 8.609957 22.182308 -20.376143 49.933521 -16.702011 -16.743713 28.476757 -1.8e-05 -12.690764 5e-06 15.721975 -17.904905 2.491453 -0.105917 -1.513865 -4.275908 -5.039081 -5.612922 -2.953565 1.9e-05 -11.020692 1.9e-05 -6.111374 -15.895611 -3.840484 0.0 -1e-06 -1e-06 -10.283445 -5.680322 -4.34185 11.028422 -11.302548 -2.372648 -1.384273 -14.238786 -6.320157 -0.625453 -26.924734 -3.827589 -4.400003 -49.710423 -3.513623 -13.708628 -7.363519 -3.72094 18.141359 -14.052929 -3.242703 2e-05 -18.787573 2.4e-05 -0.42971 -8.456216 2.555556 0.0 -1e-06 2e-06 -15.923657 -20.094633 -5.47357 30.419535 -7.190941 1.735921 7e-06 -8.163055 0.0 -1.861909 -22.861948 -6.168018 -1e-06 -3e-06 -1e-06 123.512527 -15.524038 -5.403597 67.538254 -0.078682 0.512767 -95.898094 0.917106 -4.743338 -11.236856 1.725945 2.042084 -1.000003 1e-06 0.0 -52.629509 2.585533 -7.583143 62.523716 -0.067748 0.06041 -103.780899 -1.531545 -1.250263 -8.742262 0.605466 1.627319 -1.000004 -0.0 -0.0 
0.0 0.0 0.0 0.0 -0.0 0.0 21.689575 84.879089 565.646606 84.689819 -25.571707 91.759789 15.91017 0.403753 0.571687 -3.531613 -0.814792 0.515176 29.008726 -0.505697 -1.037308 30.618721 6.226608 4.623872 -2.95654 -0.571028 1.968639 -37.462589 -2.623818 2.045184 5e-06 0.0 0.0 -0.097189 0.035441 -0.152584 0.176523 -0.106426 0.022535 0.148045 0.183625 -0.323233 -7.865785 -83.923454 17.678949 72.259064 -26.081274 -77.00811 107.552017 -2.498375 0.77089 21.794088 28.496012 30.382584 17.636814 -26.323034 52.411629 -19.466797 -14.395706 29.410652 -6e-06 -8.774912 -1e-05 14.899591 -18.592978 6.866188 -0.609783 -1.795659 -3.88935 -4.807123 -11.046889 -2.937871 1.7e-05 -20.976246 2.7e-05 -5.020021 -25.033907 -4.031917 8e-06 2e-06 -0.0 -10.634604 -5.686995 -3.565616 10.573373 -17.9231 -3.113905 8e-06 -13.821359 2.8e-05 -0.501784 -31.181982 -4.027016 -11.553792 -60.233082 7.323184 -13.982803 -7.150228 -2.875071 13.772844 -8.40157 -3.218252 0.347733 -34.211998 0.771737 -0.963064 -17.733656 2.621122 -1e-06 1e-06 -1e-06 -17.346531 -20.095324 -4.201815 21.757734 -1.638411 3.866483 6e-06 -6.338895 1.5e-05 -1.697593 -22.592081 -6.194071 -0.0 -2e-06 -3e-06 -165.347916 -72.216225 -12.993655 59.028782 -14.460267 -99.233971 82.605682 -1.570371 -1.401082 -2.454002 37.625298 3.46101 22.182371 -20.376177 49.933781 -16.701994 -16.743702 28.476835 -1.8e-05 -12.690767 -1.1e-05 15.691991 -17.826515 2.48983 -0.105921 -1.513866 -4.275916 -5.039092 -5.612919 -2.953591 2.3e-05 -11.020669 5e-06 -6.11136 -15.895587 -3.840542 -0.0 -1e-06 0.0 -10.283459 -5.68032 -4.341881 11.028425 -11.302527 -2.372643 -1.384266 -14.238759 -6.320204 -0.625411 -26.924679 -3.827638 -4.396899 -49.840527 -3.475347 -13.708641 -7.363519 -3.720976 18.141357 -14.052899 -3.242692 2.9e-05 -18.787529 2.2e-05 -0.42971 -8.456195 2.555573 0.0 0.0 -3e-06 -15.923668 -20.094624 -5.473637 30.419533 -7.19094 1.735961 1.2e-05 -8.163035 1.1e-05 -1.861901 -22.861858 -6.168015 -0.0 -3e-06 1e-06 115.68203 -17.325935 -4.320485 77.52787 -0.100033 0.578847 -98.062485 2.06283 -5.081978 -12.891164 1.75821 2.020571 -1.000001 0.0 0.0 -59.360924 2.490322 -8.18349 71.012123 -0.08059 0.0679 -107.121521 -1.639027 -0.673881 -8.770554 0.512721 1.62532 -1.000004 -0.0 -0.0 
0.0 0.0 0.0 0.0 -0.0 0.0 21.907784 80.852509 567.248169 84.057877 -28.747976 91.749008 17.180454 0.227503 0.323601 -2.869621 -0.993607 0.353181 29.570747 -0.737827 -1.307848 30.282505 5.653469 5.11149 -2.980385 -0.7103 2.320369 -36.637848 -3.332577 2.46105 7e-06 0.0 0.0 -0.103756 0.050593 -0.15403 0.23177 -0.09071 0.049785 0.197782 0.197292 -0.35381 10.363338 -81.75071 -1.921311 70.102676 -16.803728 -79.157272 103.950005 -2.135452 0.907578 25.848427 31.772917 34.966839 17.636826 -26.322947 52.411579 -19.466957 -14.395762 29.410723 1e-06 -8.774968 -4e-06 14.367694 -18.567722 7.205215 -0.609781 -1.795675 -3.88936 -4.807158 -11.046963 -2.937886 8e-06 -20.976366 -2.4e-05 -5.020052 -25.034086 -4.031992 6e-06 1e-06 -1e-06 -10.634649 -5.687041 -3.565608 10.57342 -17.923193 -3.113961 7e-06 -13.821435 -1.6e-05 -0.501747 -31.182205 -4.027155 -11.326167 -59.852184 7.078389 -13.982866 -7.150283 -2.875052 13.772912 -8.401597 -3.218292 0.347764 -34.212173 0.771608 -0.963024 -17.73374 2.621049 -2e-06 1e-06 1e-06 -17.346632 -20.095459 -4.201794 21.757849 -1.638387 3.866472 0.0 -6.338925 -6e-06 -1.697604 -22.592224 -6.194164 1e-06 -5e-06 -4e-06 -167.110092 -69.494186 -12.934606 58.350185 -8.737695 -102.49929 73.755844 -1.562176 -1.289933 -2.096735 37.605827 -1.732184 22.182348 -20.37628 49.933838 -16.702126 -16.743879 28.476994 -1.8e-05 -12.690871 2.5e-05 15.633067 -17.734665 2.469933 -0.105911 -1.513872 -4.275932 -5.039117 -5.612954 -2.953581 1.4e-05 -11.020756 1.9e-05 -6.11144 -15.895725 -3.840508 0.0 -1e-06 -0.0 -10.283499 -5.680347 -4.341863 11.028499 -11.302601 -2.37268 -1.384284 -14.238874 -6.32021 -0.625454 -26.924925 -3.827633 -4.432255 -49.830692 -3.495217 -13.708699 -7.363558 -3.72095 18.141489 -14.052985 -3.242752 3e-06 -18.787687 3.1e-05 -0.429728 -8.456271 2.555578 -1e-06 0.0 0.0 -15.923759 -20.09473 -5.473583 30.41975 -7.190949 1.735894 -0.0 -8.163104 6e-06 -1.861959 -22.862106 -6.168052 -1e-06 -3e-06 -2e-06 108.202736 -18.958574 -2.731876 87.678123 -0.123329 0.589475 -99.313591 3.110073 -5.707533 -15.090845 1.795909 1.973281 -1.000002 -0.0 -1e-06 -65.553207 2.319248 -8.730143 79.365524 -0.069953 0.047812 -110.326668 -1.875399 -0.35529 -8.944621 0.435099 1.615651 -1.000007 1e-06 -0.0 
0.0 0.0 0.0 0.0 -0.0 0.0 22.134239 76.88089 569.158325 83.685226 -31.920439 91.591805 18.334642 -0.008212 0.199124 -2.30417 -1.075873 0.122474 30.195187 -1.199068 -1.737113 29.717413 4.776642 5.549923 -2.934896 -0.874394 2.402379 -35.577919 -4.012149 2.7779 6e-06 0.0 -0.0 -0.091075 0.048397 -0.143432 0.292908 -0.0909 0.086261 0.275257 0.192144 -0.371778 19.777431 -79.064995 -12.798935 67.179176 -8.276582 -80.205238 97.230499 -1.454706 0.991441 30.533009 35.50634 40.496838 17.636852 -26.322935 52.411312 -19.466778 -14.395698 29.410498 5e-06 -8.77492 -1.6e-05 14.104208 -18.549063 7.48163 -0.609779 -1.795659 -3.889337 -4.807143 -11.046909 -2.937847 -1.8e-05 -20.976263 3.7e-05 -5.020092 -25.033932 -4.03189 6e-06 -1e-06 1e-06 -10.634614 -5.687006 -3.565589 10.57336 -17.923111 -3.113892 -6e-06 -13.821368 1.7e-05 -0.501831 -31.182003 -4.027023 -11.331095 -59.54483 6.934442 -13.982823 -7.150241 -2.875038 13.772851 -8.401563 -3.218239 0.347701 -34.212013 0.771717 -0.963057 -17.73366 2.621078 -1e-06 5e-06 3e-06 -17.346573 -20.095354 -4.201759 21.757757 -1.638388 3.866475 -1e-06 -6.338898 6e-06 -1.69764 -22.592089 -6.194057 0.0 -3e-06 -3e-06 -169.91925 -67.252495 -11.665055 59.078125 -3.44013 -103.921173 64.625191 -1.602352 -1.030448 -1.735604 36.107529 -6.436353 22.182354 -20.376219 49.93367 -16.701923 -16.743736 28.476757 -8e-06 -12.690773 -6e-06 15.702347 -17.56702 2.418937 -0.10592 -1.513855 -4.275907 -5.039091 -5.612904 -2.953571 1.2e-05 -11.020644 2.9e-05 -6.111391 -15.895548 -3.840496 -0.0 0.0 -0.0 -10.283457 -5.680305 -4.341859 11.028418 -11.302502 -2.372627 -1.38429 -14.238723 -6.320159 -0.625479 -26.924608 -3.827567 -4.423481 -49.615494 -3.500921 -13.708638 -7.363502 -3.720954 18.141352 -14.052864 -3.242671 -4e-06 -18.787502 6.1e-05 -0.429724 -8.456191 2.555578 0.0 0.0 1e-06 -15.923673 -20.094576 -5.473592 30.419535 -7.190916 1.735959 3e-06 -8.163031 2.6e-05 -1.861958 -22.861851 -6.167958 -1e-06 -1e-06 0.0 101.76519 -20.077312 -0.931166 96.857048 -0.129343 0.510029 -99.833092 4.021518 -6.66681 -17.060652 1.827498 1.924038 -1.000003 1e-06 0.0 -70.904358 2.110919 -8.864465 86.868675 0.062711 -0.042822 -112.542953 -2.414726 -0.395568 -9.871387 0.426506 1.607591 -1.000005 0.0 -0.0 
0.0 0.0 0.0 0.0 -0.0 0.0 22.401884 73.057655 571.56311 83.500954 -35.137897 91.432869 19.428082 -0.17785 0.131973 -1.780913 -1.229388 -0.123654 30.845942 -1.647504 -2.271269 29.040667 3.301047 5.750413 -2.950533 -0.961488 2.447778 -33.922096 -4.539431 2.895957 7e-06 -1e-06 0.0 -0.093835 0.070042 -0.135435 0.265877 -0.082718 0.098183 0.263193 0.225553 -0.369458 23.836529 -76.245255 -18.353161 63.939217 -0.725961 -80.128906 87.211327 -0.658782 1.00454 35.650845 39.823063 46.538303 17.636696 -26.322805 52.411339 -19.466808 -14.395638 29.41054 2e-06 -8.774887 -1e-05 13.966778 -18.835466 7.758332 -0.609781 -1.795668 -3.88934 -4.807121 -11.046904 -2.937871 2e-06 -20.976252 -1.9e-05 -5.020005 -25.033941 -4.03195 6e-06 1e-06 0.0 -10.634578 -5.687013 -3.565597 10.573326 -17.923098 -3.11393 3e-06 -13.821362 -1.7e-05 -0.501744 -31.182011 -4.027109 -11.668538 -59.483032 7.094137 -13.982774 -7.150251 -2.875042 13.772802 -8.401555 -3.218265 0.347757 -34.211975 0.771612 -0.963017 -17.733643 2.621037 -2e-06 1e-06 -1e-06 -17.346514 -20.095362 -4.201779 21.757679 -1.638368 3.866451 0.0 -6.338889 -5e-06 -1.697583 -22.592085 -6.194122 -1e-06 -3e-06 0.0 -173.036972 -65.104225 -10.073145 61.450829 1.094095 -103.491043 55.996147 -1.274196 -0.738566 -0.939754 32.698837 -8.799453 22.182207 -20.376022 49.933529 -16.701979 -16.743713 28.476757 1e-06 -12.690751 1.7e-05 15.597258 -17.441526 2.518672 -0.105916 -1.513863 -4.275904 -5.039085 -5.612922 -2.953566 0.0 -11.020655 4e-06 -6.111389 -15.895583 -3.840498 -3e-06 -1e-06 0.0 -10.283441 -5.680326 -4.341844 11.028398 -11.3025 -2.372662 -1.384287 -14.238752 -6.320176 -0.625452 -26.924637 -3.827652 -4.720437 -49.315392 -3.26175 -13.708621 -7.363526 -3.720932 18.141325 -14.052856 -3.242724 -4e-06 -18.787514 -3e-06 -0.42972 -8.456183 2.555534 1e-06 -3e-06 0.0 -15.923669 -20.094622 -5.473567 30.419516 -7.190867 1.73591 -3e-06 -8.163025 -6e-06 -1.861937 -22.86186 -6.168046 -1e-06 -1e-06 1e-06 96.865082 -20.749023 0.766356 104.673286 -0.061522 0.389718 -100.823921 4.523266 -7.826686 -18.869804 1.85365 1.886467 -1.000004 1e-06 0.0 -75.198265 1.887586 -8.781864 93.457741 0.105204 -0.063502 -113.298889 -2.779261 -0.508453 -12.01109 0.484289 1.564284 -1.000005 -0.0 -0.0 
0.0 0.0 0.0 0.0 -0.0 0.0 22.60148 69.677917 574.61615 83.666504 -38.475636 91.403229 20.501324 -0.255467 0.19963 -1.387027 -1.327741 -0.409565 31.363819 -2.076191 -2.74172 28.363041 1.58556 5.560059 -2.948977 -1.079471 2.442126 -31.409449 -4.781229 2.796001 6e-06 -0.0 0.0 -0.109894 0.024315 -0.110368 0.131013 -0.124259 0.09853 0.154793 0.175122 -0.322893 23.749573 -73.515244 -19.879391 61.289059 4.987312 -77.831055 74.588127 0.36682 0.966523 37.960243 44.722729 50.693733 17.636927 -26.323118 52.411583 -19.466957 -14.39584 29.410713 1.2e-05 -8.775019 -9e-06 14.487289 -19.445011 7.661988 -0.609784 -1.795674 -3.889359 -4.807193 -11.04701 -2.937859 -3.5e-05 -20.976482 3.5e-05 -5.020181 -25.03425 -4.031943 6e-06 1e-06 -0.0 -10.634694 -5.687057 -3.565592 10.573451 -17.923265 -3.113925 -1.9e-05 -13.821518 1.3e-05 -0.501858 -31.182444 -4.0271 -12.240493 -59.638386 7.416659 -13.982925 -7.150306 -2.875027 13.772974 -8.401621 -3.218276 0.34768 -34.21241 0.771711 -0.963071 -17.73387 2.621091 -1e-06 1e-06 1e-06 -17.346731 -20.095516 -4.201739 21.757967 -1.638382 3.86649 -7e-06 -6.338964 1e-06 -1.69769 -22.592388 -6.194137 0.0 -6e-06 -0.0 -176.642761 -63.051792 -7.486904 65.285942 4.394329 -101.860664 49.209805 -0.973178 -0.610453 0.584122 28.268364 -7.351426 22.182467 -20.376266 49.933781 -16.701992 -16.743877 28.476852 1.4e-05 -12.69088 -4e-06 15.336664 -17.354002 2.67789 -0.105921 -1.51386 -4.275921 -5.039135 -5.612935 -2.953569 -6e-06 -11.0207 3.4e-05 -6.111492 -15.895638 -3.840497 -1e-06 -1e-06 1e-06 -10.283528 -5.680343 -4.34186 11.028485 -11.30253 -2.372638 -1.38433 -14.238792 -6.320177 -0.625534 -26.924736 -3.827589 -4.933197 -48.691444 -3.009168 -13.708738 -7.363548 -3.720945 18.141466 -14.052896 -3.242686 -3.8e-05 -18.78759 5.8e-05 -0.429737 -8.456227 2.55558 0.0 -2e-06 1e-06 -15.923828 -20.094679 -5.473571 30.419775 -7.190904 1.735983 -1.1e-05 -8.163065 2.2e-05 -1.862032 -22.861958 -6.168011 0.0 -2e-06 -1e-06 93.870354 -20.890421 2.048952 110.980827 0.069281 0.268883 -101.265564 5.218784 -9.023803 -20.972385 1.909936 1.860229 -0.999999 2e-06 1e-06 -78.092293 1.570721 -8.313172 98.690987 0.119357 -0.106019 -112.335045 -3.190042 -0.684882 -15.710362 0.557599 1.487721 -1.000006 0.0 0.0 
0.0 0.0 0.0 0.0 -0.0 0.0 22.656696 67.004311 578.5177 84.236748 -42.213928 91.619553 21.50329 -0.213176 0.393364 -1.137293 -1.316938 -0.589247 31.605331 -2.356407 -3.076076 27.790625 -0.201427 4.977551 -2.942509 -1.306135 2.358126 -28.324244 -4.497342 2.451036 6e-06 0.0 -0.0 -0.137946 -0.092449 -0.098355 -0.107432 -0.195992 0.041944 -0.049575 0.014475 -0.243734 20.342867 -71.018456 -17.999617 59.555813 8.650119 -73.095734 61.404762 0.757638 0.86614 34.358784 49.405834 51.198399 17.636871 -26.323135 52.411636 -19.466953 -14.39577 29.410744 1.5e-05 -8.774983 -8e-06 15.839885 -19.875343 6.736504 -0.609785 -1.795678 -3.889363 -4.807177 -11.047023 -2.937865 -4.3e-05 -20.976522 2.6e-05 -5.02016 -25.034315 -4.031938 6e-06 2e-06 -1e-06 -10.634667 -5.687063 -3.565606 10.573406 -17.923283 -3.113927 -2.5e-05 -13.821539 6e-06 -0.501855 -31.182501 -4.027115 -12.510152 -59.338463 7.542763 -13.98289 -7.150314 -2.875045 13.772922 -8.401628 -3.21828 0.347659 -34.212471 0.771697 -0.963081 -17.733906 2.621073 -2e-06 -3e-06 2e-06 -17.346678 -20.095539 -4.201759 21.757879 -1.638368 3.866484 -9e-06 -6.338974 1e-06 -1.697667 -22.592436 -6.194152 -0.0 -2e-06 -1e-06 179.777145 -61.16312 -4.05373 70.067635 6.036857 -100.188026 45.409916 -1.074759 -0.843633 3.834041 25.126598 -1.220409 22.182467 -20.376183 49.933765 -16.701965 -16.743774 28.476803 2.9e-05 -12.690841 -2.5e-05 15.207654 -17.516041 2.826056 -0.105926 -1.513867 -4.275915 -5.039135 -5.612949 -2.953577 -1.8e-05 -11.020706 2.2e-05 -6.111485 -15.895673 -3.840527 -1e-06 -1e-06 -1e-06 -10.283518 -5.680358 -4.341867 11.028445 -11.302534 -2.372631 -1.384341 -14.238813 -6.320197 -0.625535 -26.924765 -3.827647 -5.030644 -48.28545 -2.975421 -13.708723 -7.363566 -3.720954 18.141409 -14.052894 -3.242672 -4.3e-05 -18.787605 2.9e-05 -0.429737 -8.456226 2.555567 0.0 2e-06 -3e-06 -15.923809 -20.094717 -5.47359 30.419676 -7.190882 1.736014 -1.2e-05 -8.163064 7e-06 -1.862002 -22.861986 -6.16807 1e-06 -4e-06 1e-06 92.99881 -20.537931 2.603926 115.312325 0.259385 0.135514 -100.232498 6.36106 -9.663213 -23.845268 1.960806 1.807992 -1.000004 -0.0 -1e-06 -79.459061 1.106922 -7.427208 102.04232 0.134031 -0.197572 -110.021683 -3.922379 -0.64712 -20.668795 0.638704 1.392792 -1.000007 0.0 0.0 
0.0 0.0 0.0 0.0 -0.0 0.0 22.650988 65.37635 583.601868 85.099434 -46.865463 92.007523 22.386375 -0.033028 0.662812 -1.080794 -1.197682 -0.566908 31.614563 -2.505613 -3.248045 27.27038 -1.985898 4.213206 -3.014677 -1.6379 2.113697 -25.298532 -3.746428 2.083006 5e-06 -1e-06 -0.0 -0.190405 -0.212551 -0.127544 -0.370802 -0.226639 -0.073603 -0.286169 -0.194255 -0.1832 15.55514 -69.074028 -14.020988 58.450493 9.998811 -67.303932 52.729259 0.39675 0.889502 27.530897 52.525295 47.957653 17.636877 -26.323057 52.411488 -19.46685 -14.395689 29.410604 -0.0 -8.774928 -1.9e-05 17.050112 -19.708637 5.603435 -0.609784 -1.795669 -3.889352 -4.807138 -11.046958 -2.937861 -6e-06 -20.976395 3.7e-05 -5.020076 -25.034119 -4.031897 7e-06 -1e-06 -0.0 -10.634621 -5.687023 -3.565608 10.573378 -17.923204 -3.113903 -0.0 -13.821456 1.8e-05 -0.501812 -31.182262 -4.02704 -12.632053 -58.690083 7.531925 -13.982827 -7.150265 -2.875057 13.772862 -8.401608 -3.218247 0.347713 -34.212261 0.77172 -0.963059 -17.733793 2.621097 -1e-06 -1e-06 2e-06 -17.346577 -20.095425 -4.201779 21.757771 -1.638401 3.866491 3e-06 -6.33894 5e-06 -1.697616 -22.592278 -6.194098 -0.0 -7e-06 -4e-06 176.839645 -59.788212 -0.344389 75.234428 5.612498 -99.58223 45.568924 -1.580418 -1.412163 9.714001 24.570719 9.746254 22.182358 -20.37611 49.933636 -16.701931 -16.74369 28.476742 1e-05 -12.690764 -1.5e-05 15.549167 -17.909187 2.761844 -0.105925 -1.513862 -4.275905 -5.039102 -5.612924 -2.953576 -0.0 -11.020653 1.3e-05 -6.111406 -15.895582 -3.840517 -3e-06 -4e-06 2e-06 -10.283464 -5.680328 -4.341862 11.028396 -11.302497 -2.372631 -1.384304 -14.238745 -6.320179 -0.625478 -26.924612 -3.827634 -5.027286 -48.52969 -3.177091 -13.70865 -7.363532 -3.720959 18.141325 -14.052859 -3.242672 -1.4e-05 -18.787514 1.9e-05 -0.429723 -8.456185 2.555557 0.0 1e-06 1e-06 -15.923703 -20.094633 -5.473597 30.419518 -7.190886 1.73598 -3e-06 -8.163033 9e-06 -1.861949 -22.861864 -6.168026 1e-06 -1e-06 -1e-06 94.294472 -19.599432 2.254994 116.597534 0.556627 -0.021092 -98.12706 7.766011 -9.608988 -27.294294 1.995754 1.718863 -0.999999 1e-06 1e-06 -79.321419 0.445862 -6.196457 102.558533 0.227294 -0.400602 -106.794861 -5.262819 -0.308684 -26.551783 0.71438 1.295402 -1.000008 -0.0 -0.0 
0.0 0.0 0.0 0.0 -0.0 0.0 22.677986 65.046379 590.144409 85.777031 -52.94865 92.739594 23.074257 0.243938 0.93745 -1.088061 -0.981403 -0.322168 31.619022 -2.49754 -3.316662 26.871145 -3.714896 3.404195 -3.102766 -2.078232 1.656974 -23.37722 -2.292055 1.798007 5e-06 0.0 -0.0 -0.261836 -0.245192 -0.170319 -0.561141 -0.153494 -0.158835 -0.424707 -0.337749 -0.174448 9.971532 -68.578392 -8.294133 57.313137 8.266406 -64.980293 55.166676 -0.184443 0.985275 28.297682 54.646843 48.857605 17.636839 -26.323048 52.411732 -19.466898 -14.395715 29.410736 -9e-06 -8.774936 -9e-06 17.264622 -19.288645 5.327045 -0.609784 -1.79567 -3.889362 -4.807135 -11.046934 -2.937889 2.9e-05 -20.976332 -2e-06 -5.020009 -25.034021 -4.031965 8e-06 2e-06 0.0 -10.634625 -5.687019 -3.565627 10.573403 -17.92317 -3.113936 1.7e-05 -13.821415 8e-06 -0.501737 -31.182125 -4.027083 -12.790503 -58.647842 7.411523 -13.982838 -7.150259 -2.875078 13.772882 -8.4016 -3.218266 0.347776 -34.212132 0.771677 -0.963034 -17.733721 2.621099 -2e-06 -0.0 -0.0 -17.346571 -20.095404 -4.201834 21.757784 -1.638413 3.866488 9e-06 -6.338916 3e-06 -1.697572 -22.592171 -6.194129 0.0 -9e-06 -3e-06 174.831085 -59.424469 2.978079 79.858337 2.286948 -100.33989 51.481831 -2.029797 -2.106563 19.463209 26.585306 25.003433 22.182415 -20.376238 49.934002 -16.702091 -16.743757 28.477013 -9e-06 -12.69083 -6e-06 15.781402 -18.125875 2.638419 -0.105923 -1.513874 -4.275939 -5.039114 -5.612955 -2.953608 1.3e-05 -11.020741 -8e-06 -6.111409 -15.895725 -3.840585 -1e-06 -2e-06 -1e-06 -10.283495 -5.680357 -4.341899 11.02846 -11.302584 -2.372671 -1.38428 -14.238864 -6.320255 -0.625409 -26.924904 -3.827715 -4.855955 -48.848011 -3.423944 -13.708689 -7.363565 -3.720999 18.141428 -14.052966 -3.242727 1.7e-05 -18.787659 5e-06 -0.429722 -8.456261 2.555579 4e-06 -0.0 -1e-06 -15.923731 -20.094732 -5.47366 30.419645 -7.190954 1.735956 8e-06 -8.163088 4e-06 -1.861909 -22.862062 -6.168097 2e-06 -3e-06 1e-06 96.914406 -17.962828 1.158027 113.968323 0.861946 -0.166116 -95.456802 9.294251 -9.072121 -30.600403 1.973151 1.608692 -1.000004 0.0 -0.0 -78.009445 -0.477776 -5.111458 99.136024 0.407966 -0.662148 -102.451591 -7.226516 0.247212 -32.628326 0.810133 1.230243 -1.000004 -0.0 -0.0 
0.0 0.0 0.0 0.0 -0.0 0.0 22.759455 65.900421 598.254517 85.823326 -60.303234 93.883644 23.561304 0.449051 1.23865 -0.974176 -0.832615 0.049607 31.87458 -2.343802 -3.307074 27.120289 -5.196763 2.591716 -3.100013 -2.193192 1.167994 -22.786459 -0.51213 1.806231 5e-06 -1e-06 -1e-06 -0.313327 -0.183366 -0.187307 -0.706845 -0.024108 -0.148035 -0.465107 -0.352859 -0.205512 4.178877 -69.111031 -1.743322 54.445076 3.467934 -65.751503 67.06311 -0.947081 1.647681 36.326302 55.662083 54.923187 17.636749 -26.323046 52.411747 -19.466894 -14.395753 29.410761 -2e-06 -8.774937 4e-06 16.280962 -18.694393 5.867916 -0.609781 -1.795668 -3.889363 -4.80714 -11.046934 -2.93788 1e-06 -20.976332 3e-06 -5.020051 -25.034037 -4.031952 5e-06 0.0 2e-06 -10.634621 -5.687021 -3.56562 10.573393 -17.923157 -3.113947 -2e-06 -13.821417 6e-06 -0.501777 -31.182146 -4.027097 -12.526516 -58.642551 7.036641 -13.98283 -7.150262 -2.875066 13.772878 -8.401585 -3.218286 0.347728 -34.212132 0.77168 -0.963057 -17.733725 2.621081 -2e-06 -2e-06 1e-06 -17.346571 -20.095404 -4.201818 21.757782 -1.63839 3.86646 1e-06 -6.338915 3e-06 -1.6976 -22.592171 -6.194129 -0.0 -5e-06 -1e-06 172.381104 -60.44117 6.356182 83.279892 -4.212767 -101.576714 63.237206 -2.91748 -3.255625 34.697407 28.781286 45.959049 22.18227 -20.37616 49.93391 -16.702057 -16.743725 28.476961 -1.8e-05 -12.690769 1.1e-05 16.00382 -18.178782 2.515954 -0.10592 -1.513869 -4.275925 -5.03909 -5.612936 -2.953602 1.4e-05 -11.020686 -1.1e-05 -6.11136 -15.895638 -3.840568 -1e-06 -2e-06 1e-06 -10.283454 -5.680337 -4.341886 11.028424 -11.30254 -2.372681 -1.384254 -14.238792 -6.320241 -0.625373 -26.924738 -3.827712 -4.389395 -49.197525 -3.822612 -13.708634 -7.363539 -3.720979 18.141361 -14.052904 -3.242742 2.5e-05 -18.787542 -5e-06 -0.429717 -8.456199 2.555562 1e-06 2e-06 -1e-06 -15.92366 -20.094667 -5.473652 30.419535 -7.19092 1.735915 8e-06 -8.16304 1e-06 -1.861896 -22.86191 -6.168062 0.0 -4e-06 -2e-06 100.285011 -15.961852 -0.550775 106.920937 0.958117 -0.262883 -93.171494 10.533971 -8.389396 -33.669659 1.909778 1.504961 -1.000004 0.0 -1e-06 -75.557289 -1.388306 -4.703083 91.04847 0.500167 -0.904689 -97.230286 -9.232986 0.818785 -37.49966 0.844364 1.177847 -1.000008 1e-06 0.0 
0.0 0.0 0.0 0.0 -0.0 0.0 22.9053 67.386208 607.962585 84.521179 -68.981125 95.78067 23.920979 0.3962 1.554596 -0.713043 -0.826245 0.483955 32.381149 -2.165024 -3.126633 27.864037 -6.200033 1.565747 -2.989281 -1.851594 1.024909 -22.460234 0.834514 2.204722 7e-06 0.0 -0.0 -0.359146 -0.067177 -0.156527 -0.819557 0.100219 -0.017564 -0.436817 -0.254632 -0.261989 -1.144156 -69.253708 4.72486 49.596748 -3.489033 -68.594398 82.377861 -2.239803 2.839442 44.713364 55.056057 60.552948 17.636913 -26.322916 52.411415 -19.466894 -14.395762 29.410589 -6e-06 -8.774971 -2e-05 14.779418 -18.089417 6.510377 -0.60978 -1.795668 -3.889347 -4.807146 -11.046919 -2.937871 3.3e-05 -20.976303 6e-06 -5.020043 -25.033981 -4.031946 5e-06 -2e-06 -0.0 -10.63465 -5.687011 -3.565599 10.573436 -17.923147 -3.113925 2.1e-05 -13.821393 5e-06 -0.501756 -31.182072 -4.027068 -10.969481 -58.193184 5.747763 -13.982867 -7.150248 -2.875046 13.77293 -8.401594 -3.218266 0.347795 -34.212074 0.77167 -0.963016 -17.733685 2.621092 -0.0 0.0 -0.0 -17.346617 -20.095375 -4.201785 21.757858 -1.638426 3.866485 1.1e-05 -6.338907 1e-06 -1.697598 -22.592136 -6.194115 1e-06 -3e-06 -3e-06 168.148865 -62.604252 11.024283 84.752434 -11.634936 -100.572182 77.219414 -3.237827 -5.178293 52.241982 28.377176 68.847549 22.1824 -20.37608 49.933636 -16.702078 -16.743729 28.476824 -1.5e-05 -12.690816 -1.1e-05 16.136417 -18.272381 2.788145 -0.105918 -1.513872 -4.27591 -5.039106 -5.612944 -2.953584 1.6e-05 -11.020716 -3e-06 -6.111403 -15.895676 -3.84054 1e-06 2e-06 -1e-06 -10.283482 -5.680341 -4.341861 11.028454 -11.302565 -2.372661 -1.38428 -14.238826 -6.320213 -0.62541 -26.924807 -3.82768 -4.05875 -50.123905 -3.854355 -13.708676 -7.363546 -3.720957 18.141418 -14.052942 -3.242717 3.4e-05 -18.7876 -1.2e-05 -0.429698 -8.456225 2.555551 1e-06 3e-06 -1e-06 -15.923724 -20.094692 -5.473599 30.419624 -7.190952 1.735952 1.4e-05 -8.163062 -9e-06 -1.861888 -22.861975 -6.168091 -0.0 -4e-06 -1e-06 103.897278 -14.03871 -2.613048 95.479118 0.711378 -0.212209 -90.508438 11.156856 -7.992317 -36.424702 1.905353 1.435326 -1.0 -1e-06 -1e-06 -72.085587 -1.899425 -5.36943 77.69838 0.319945 -0.971745 -90.495476 -10.490482 1.807104 -40.635513 0.809243 1.121281 -1.000004 -0.0 0.0 
0.0 0.0 0.0 0.0 -0.0 0.0 23.114105 68.986183 618.956848 79.031174 -79.021393 101.376343 24.178444 0.055065 1.560537 -0.532656 -0.880527 0.969245 33.049419 -2.082291 -2.688114 28.187178 -6.385238 0.483595 -2.617781 -1.664378 1.146832 -20.850235 1.177601 2.927648 8e-06 0.0 -1e-06 -0.392598 0.046995 -0.051612 -0.883215 0.252396 0.219963 -0.394712 -0.185438 -0.281188 -7.136808 -68.688934 11.101252 45.064716 -11.737532 -72.514679 95.795692 -4.135905 3.509542 51.097237 53.921974 64.836533 17.636822 -26.322973 52.411549 -19.466877 -14.395741 29.410652 2e-06 -8.774948 -1e-05 14.227048 -17.867664 6.685463 -0.609782 -1.79567 -3.889354 -4.807146 -11.046935 -2.93787 2e-06 -20.976324 7e-06 -5.020061 -25.034025 -4.031948 6e-06 -1e-06 -0.0 -10.634632 -5.687023 -3.565604 10.573397 -17.923157 -3.113933 2e-06 -13.821407 4e-06 -0.50178 -31.182123 -4.027084 -8.575753 -57.912292 3.968084 -13.982845 -7.150264 -2.875053 13.772887 -8.401586 -3.218271 0.347738 -34.212112 0.771671 -0.963043 -17.733707 2.621074 1e-06 -1e-06 -1e-06 -17.346598 -20.095409 -4.201791 21.757807 -1.638392 3.866475 1e-06 -6.338909 2e-06 -1.697614 -22.592161 -6.194122 -1e-06 -5e-06 -2e-06 163.139938 -65.385796 16.823338 83.194649 -16.675396 -96.032532 89.577942 -1.403875 -6.92941 64.512642 25.961763 83.715378 22.182325 -20.376055 49.933601 -16.701981 -16.743675 28.476757 1e-06 -12.690763 -8e-06 16.326839 -18.644751 3.296481 -0.105921 -1.513867 -4.275904 -5.039095 -5.61293 -2.953576 3e-06 -11.020676 2e-06 -6.111393 -15.895613 -3.84053 -1e-06 -1e-06 -1e-06 -10.283455 -5.680335 -4.341859 11.028402 -11.302514 -2.372649 -1.384292 -14.238767 -6.320193 -0.625438 -26.924664 -3.827669 -3.843132 -51.117447 -3.578818 -13.708639 -7.363538 -3.720955 18.141338 -14.05288 -3.242695 9e-06 -18.787531 -6e-06 -0.429711 -8.456194 2.555545 2e-06 2e-06 -0.0 -15.923683 -20.09465 -5.4736 30.419512 -7.1909 1.735961 5e-06 -8.163033 -4e-06 -1.861912 -22.861872 -6.168062 2e-06 -2e-06 -2e-06 105.847305 -12.996523 -4.246117 82.953369 0.176971 0.024353 -86.026695 11.776069 -8.331825 -37.444332 1.946871 1.436722 -0.999998 0.0 -0.0 -67.077583 -1.819384 -7.276542 57.282658 -0.099461 -0.580922 -80.223122 -10.623033 2.980493 -42.249458 0.825947 1.09523 -1.000007 -0.0 0.0 
0.0 0.0 0.0 0.0 -0.0 0.0 23.39999 70.334694 630.824585 -8.381431 -87.778679 -171.453537 24.303936 -0.485184 1.325934 -0.60384 -0.987584 1.69745 33.523643 -2.030118 -1.971432 28.266766 -5.973049 -0.206457 -2.232247 -1.783713 0.568609 -17.032099 0.300344 2.383919 7e-06 -1e-06 0.0 -0.439839 0.051503 0.067535 -0.802112 0.272288 0.51824 -0.335546 -0.195447 -0.338973 -11.721519 -68.317078 15.095277 41.541965 -19.27689 -75.990509 104.889809 -5.942687 2.857022 56.148441 52.943378 67.651649 17.636858 -26.322813 52.411316 -19.466827 -14.395587 29.410519 1.8e-05 -8.774904 -2.6e-05 14.623178 -17.906628 6.531349 -0.609787 -1.795675 -3.889338 -4.807148 -11.046955 -2.937876 -2.5e-05 -20.976347 -2e-05 -5.020051 -25.034082 -4.031987 5e-06 -0.0 0.0 -10.634612 -5.687041 -3.565603 10.573328 -17.923157 -3.113918 -8e-06 -13.821418 -2.2e-05 -0.501767 -31.182175 -4.027164 -6.345106 -57.868839 2.883373 -13.982813 -7.150286 -2.875059 13.772819 -8.401577 -3.218241 0.347724 -34.212143 0.771598 -0.963029 -17.733717 2.621022 1e-06 1e-06 0.0 -17.346571 -20.095448 -4.201793 21.757725 -1.638361 3.866502 -4e-06 -6.338917 -1.2e-05 -1.697613 -22.592209 -6.194167 2e-06 -2e-06 -2e-06 159.180359 -68.431786 21.647753 78.537041 -19.762131 -89.144173 98.753151 1.462638 -6.976284 71.442947 24.47934 91.127869 22.182304 -20.37598 49.933357 -16.701927 -16.743587 28.476603 1.7e-05 -12.690716 -2.2e-05 16.805994 -18.951849 3.465657 -0.105922 -1.513869 -4.275888 -5.039087 -5.612942 -2.953565 -1.1e-05 -11.02069 1e-05 -6.111405 -15.895639 -3.840493 -1e-06 -1e-06 -0.0 -10.283435 -5.680341 -4.341839 11.028359 -11.302524 -2.372627 -1.384311 -14.238794 -6.320161 -0.625502 -26.924723 -3.827642 -4.016573 -51.797935 -3.205629 -13.708612 -7.363547 -3.720934 18.141268 -14.052891 -3.242672 -1e-05 -18.787561 -1.4e-05 -0.429714 -8.456209 2.555526 -0.0 3e-06 0.0 -15.923668 -20.094677 -5.473557 30.419413 -7.190876 1.73598 2e-06 -8.163045 -2e-05 -1.861911 -22.861916 -6.168077 1e-06 -0.0 -1e-06 107.018837 -12.840596 -6.090641 69.718346 -0.285356 0.388882 -80.407211 13.330531 -9.661212 -34.508751 1.880477 1.431851 -1.000004 1e-06 -0.0 -62.857735 -1.540457 -9.532437 38.233608 -0.594772 -0.044456 -69.215981 -9.489362 2.703277 -42.247238 0.81898 1.065563 -1.000008 1e-06 -1e-06 
0.0 0.0 0.0 0.0 -0.0 0.0 23.790379 71.015121 643.209106 -79.419281 -77.505333 -100.702232 23.592997 -0.608959 1.034377 -0.943265 -1.36878 2.250245 33.739227 -2.127249 -1.027756 29.311214 -5.891028 0.168214 -1.897677 -1.301774 0.110472 -10.891639 -1.062472 1.157856 6e-06 -1e-06 0.0 -0.479118 -0.000805 0.166109 -0.851602 0.248306 0.730555 -0.265028 -0.290916 -0.358228 -15.009276 -68.451653 17.801054 40.332081 -23.906126 -79.37484 110.322899 -6.827556 1.994392 59.053379 52.436203 68.456093 17.636887 -26.323023 52.411766 -19.467064 -14.395785 29.41086 3e-06 -8.775011 -1e-05 15.155208 -18.078564 6.609073 -0.609784 -1.795685 -3.889372 -4.80718 -11.047025 -2.937907 1e-05 -20.976521 -3.7e-05 -5.020073 -25.034327 -4.032045 4e-06 -2e-06 2e-06 -10.63468 -5.687069 -3.565625 10.573464 -17.923286 -3.113981 1.2e-05 -13.821528 -2.5e-05 -0.50172 -31.182482 -4.027212 -5.838054 -58.266754 3.181285 -13.982907 -7.150318 -2.875067 13.772964 -8.401643 -3.218303 0.347784 -34.212433 0.771588 -0.963019 -17.733885 2.621059 -0.0 0.0 0.0 -17.346685 -20.095549 -4.201819 21.757935 -1.638394 3.866502 2e-06 -6.338967 -1.3e-05 -1.697597 -22.592424 -6.194244 1e-06 -4e-06 -1e-06 159.606552 -71.046211 22.106796 71.466507 -21.804914 -83.198936 104.89724 3.18165 -5.551818 74.954453 24.713945 96.900162 22.182301 -20.376083 49.933762 -16.70212 -16.743732 28.476933 -4e-06 -12.69081 1e-05 16.942293 -19.212681 3.758557 -0.105918 -1.513879 -4.275924 -5.039106 -5.61297 -2.953593 2e-06 -11.020748 -1.5e-05 -6.111411 -15.895742 -3.840562 -1e-06 -2e-06 1e-06 -10.283473 -5.680367 -4.341871 11.02844 -11.302587 -2.372688 -1.384284 -14.238876 -6.320245 -0.625414 -26.924904 -3.827746 -4.283633 -52.196098 -3.046692 -13.708665 -7.363579 -3.720961 18.141397 -14.052963 -3.242757 1.8e-05 -18.787649 -4.3e-05 -0.42971 -8.456246 2.555537 1e-06 3e-06 0.0 -15.923716 -20.094769 -5.473618 30.419607 -7.19092 1.735916 7e-06 -8.163078 -2.4e-05 -1.861888 -22.862036 -6.168145 -0.0 -2e-06 -1e-06 107.291451 -13.095044 -8.722996 57.103603 -0.54056 0.627065 -75.125748 15.670064 -10.699593 -24.785166 1.714822 1.605311 -1.000004 1e-06 -0.0 -60.091515 -1.476529 -12.067373 22.250189 -0.727747 0.534306 -57.592312 -6.598984 0.934219 -36.36451 0.791863 1.118652 -1.000003 1e-06 -0.0 
0.0 0.0 0.0 0.0 -0.0 0.0 24.327 70.439919 655.056885 -84.660713 -66.678772 -96.236885 22.446211 -0.409544 0.713149 -1.346641 -1.909086 2.507411 34.282955 -2.780995 -0.258402 33.399612 -6.434215 1.273765 -1.639392 -0.620756 -0.195886 -4.403621 -1.556344 -0.553791 4e-06 -1e-06 -0.0 -0.476816 -0.097516 0.213347 -0.961591 0.005794 0.75423 -0.299234 -0.261653 -0.288632 -15.318094 -69.085602 18.230288 39.231358 -25.330273 -81.986702 113.649628 -7.090682 1.263824 61.414112 51.840076 69.632355 17.636814 -26.323055 52.411739 -19.466934 -14.395792 29.410765 -3e-06 -8.774968 -1e-06 15.398722 -18.007835 6.907163 -0.609782 -1.795669 -3.889364 -4.807153 -11.046954 -2.93788 9e-06 -20.97636 -0.0 -5.020064 -25.034063 -4.031956 8e-06 -0.0 1e-06 -10.634649 -5.687029 -3.565617 10.573425 -17.923178 -3.113947 4e-06 -13.821425 4e-06 -0.501776 -31.182163 -4.027096 -6.801294 -58.975735 4.459084 -13.982867 -7.15027 -2.875061 13.772916 -8.401601 -3.218288 0.347743 -34.212166 0.771673 -0.963051 -17.73373 2.621084 0.0 0.0 0.0 -17.346621 -20.095428 -4.201808 21.757849 -1.6384 3.866472 2e-06 -6.338925 2e-06 -1.697613 -22.592199 -6.194131 2e-06 -4e-06 -4e-06 165.678772 -71.965538 16.846502 65.470055 -24.060961 -81.238609 108.480804 3.369947 -3.327231 77.208908 26.5245 100.115677 22.182404 -20.376266 49.934086 -16.702217 -16.743885 28.477152 -9e-06 -12.690924 1.8e-05 16.803907 -18.958031 3.65372 -0.105917 -1.513879 -4.275947 -5.039137 -5.612985 -2.953612 8e-06 -11.020803 -9e-06 -6.111463 -15.895829 -3.840594 -1e-06 -2e-06 0.0 -10.283525 -5.680378 -4.341892 11.028523 -11.302625 -2.372703 -1.384287 -14.238934 -6.320287 -0.625406 -26.925058 -3.827757 -4.269277 -51.66758 -3.391697 -13.708731 -7.363589 -3.72098 18.141535 -14.053019 -3.24278 1e-05 -18.787756 -1.3e-05 -0.429722 -8.456304 2.555577 -1e-06 -1e-06 0.0 -15.923791 -20.094809 -5.473648 30.419828 -7.190963 1.735917 5e-06 -8.163125 -4e-06 -1.861931 -22.86219 -6.168154 1e-06 -3e-06 -2e-06 106.064339 -13.473053 -10.857598 50.371971 -0.705036 0.696939 -73.133629 15.188186 -11.111932 -14.307125 1.58372 1.945082 -1.000002 1e-06 0.0 -58.690117 -1.687858 -14.745584 11.341547 -0.657791 0.977788 -47.72934 -3.316925 -1.289346 -20.753452 0.659238 1.266026 -1.000006 -1e-06 -0.0 
0.0 0.0 0.0 0.0 -0.0 0.0 24.909729 68.809135 665.820618 -86.294495 -58.393711 -95.279747 21.610365 -0.115895 0.24306 -1.595019 -2.323527 2.432666 35.581387 -3.68967 0.014049 39.739117 -7.644782 2.384509 -1.542009 -0.177841 -0.385354 -2.157203 -1.203965 -1.597915 8e-06 0.0 0.0 -0.399345 -0.198343 0.222425 -1.035683 -0.230456 0.556214 -0.467677 -0.233284 -0.07402 -15.123352 -69.107964 18.463671 38.086338 -24.720064 -83.18058 114.919052 -6.891561 0.542251 64.78447 50.689285 71.686134 17.636734 -26.32279 52.411331 -19.466892 -14.395701 29.410601 8e-06 -8.774931 -1e-06 15.453265 -17.898281 7.074497 -0.609778 -1.795674 -3.889345 -4.807141 -11.046937 -2.937874 -4e-06 -20.976318 -3.3e-05 -5.020042 -25.034033 -4.031983 5e-06 0.0 1e-06 -10.634611 -5.68703 -3.56559 10.573369 -17.923141 -3.113956 1e-06 -13.821395 -2.5e-05 -0.501748 -31.182108 -4.027159 -7.965801 -59.789074 5.697568 -13.982817 -7.15027 -2.875036 13.772855 -8.401575 -3.218284 0.347751 -34.21209 0.771584 -0.963021 -17.733692 2.62102 0.0 -0.0 0.0 -17.346571 -20.095415 -4.201773 21.757767 -1.638372 3.866452 -0.0 -6.338906 -1.4e-05 -1.697602 -22.59218 -6.194163 -0.0 -3e-06 -2e-06 172.173279 -71.121536 10.601723 63.192413 -26.155838 -82.641403 109.630074 3.111778 -1.227388 79.916985 28.36837 100.879982 22.182257 -20.375946 49.933479 -16.702061 -16.743711 28.476763 1e-06 -12.690798 6e-06 16.603807 -18.462379 3.354358 -0.105914 -1.513873 -4.275906 -5.039099 -5.612947 -2.95357 2e-06 -11.020697 -1.3e-05 -6.111414 -15.895658 -3.840528 -0.0 2e-06 1e-06 -10.283459 -5.680347 -4.341839 11.028428 -11.302538 -2.372679 -1.384293 -14.238812 -6.320204 -0.625428 -26.924755 -3.827709 -4.132701 -50.709454 -3.754899 -13.708644 -7.363556 -3.720929 18.141375 -14.0529 -3.242741 1.5e-05 -18.78758 -4.3e-05 -0.429705 -8.45621 2.555524 0.0 1e-06 -0.0 -15.9237 -20.094694 -5.473573 30.419582 -7.190894 1.735921 5e-06 -8.163044 -2.5e-05 -1.861901 -22.861933 -6.168123 -0.0 -1e-06 -0.0 103.754929 -14.096008 -11.734275 51.077499 -0.76063 0.744648 -74.277847 11.702769 -11.408075 -9.495038 1.481653 2.176226 -1.000003 -0.0 -1e-06 -58.563202 -2.864526 -17.594542 8.077745 -0.587625 1.29994 -44.401577 -0.748573 -3.189166 -10.359505 0.535642 1.45423 -1.000006 0.0 -0.0 
0.0 0.0 0.0 0.0 -0.0 0.0 25.418407 66.373863 676.334839 -86.688301 -51.177586 -94.85479 21.070745 0.287955 -0.237903 -1.71987 -2.380356 2.14035 37.178848 -4.453346 -0.01224 46.157387 -8.720208 2.047236 -1.687422 0.08652 -0.193864 -4.853361 -0.87339 -1.712747 4e-06 -0.0 0.0 -0.329313 -0.221808 0.159527 -0.852702 -0.329394 0.342342 -0.45112 -0.178467 0.010828 -14.945386 -68.462585 18.493114 36.910484 -23.259369 -83.119804 114.453072 -6.34781 0.63399 66.756554 50.304672 72.763832 17.636763 -26.322943 52.411667 -19.467056 -14.39581 29.410843 -1.4e-05 -8.774986 9e-06 15.60523 -17.863937 7.017083 -0.609778 -1.795681 -3.889369 -4.807149 -11.046979 -2.937897 4.6e-05 -20.976427 -5.1e-05 -5.02001 -25.03417 -4.032013 4e-06 -0.0 1e-06 -10.634649 -5.687041 -3.565612 10.573461 -17.923231 -3.114002 2.9e-05 -13.821465 -2.9e-05 -0.501673 -31.182289 -4.027184 -9.161377 -60.610867 6.941999 -13.982867 -7.150284 -2.875053 13.772943 -8.401628 -3.218323 0.347829 -34.21228 0.771567 -0.963001 -17.733801 2.621049 -2e-06 -1e-06 -0.0 -17.346621 -20.095467 -4.20181 21.757879 -1.638413 3.866448 1e-05 -6.338935 -1.1e-05 -1.697555 -22.592278 -6.194203 -1e-06 -4e-06 -2e-06 174.823837 -69.46093 7.668174 63.960705 -27.45195 -85.814507 109.477325 2.880932 0.888723 81.415985 30.961531 99.034813 22.182245 -20.37602 49.933685 -16.702124 -16.743742 28.476915 -1.7e-05 -12.690805 1.5e-05 16.484161 -18.08115 3.05107 -0.105914 -1.513874 -4.275918 -5.039097 -5.612949 -2.953588 1.6e-05 -11.020707 -2.5e-05 -6.111384 -15.89568 -3.840567 -0.0 0.0 -1e-06 -10.28346 -5.680348 -4.341861 11.028444 -11.302552 -2.372699 -1.384262 -14.238831 -6.320242 -0.62536 -26.924791 -3.827748 -4.028524 -49.967785 -3.945714 -13.708647 -7.363549 -3.720953 18.141403 -14.052928 -3.24277 3.6e-05 -18.787586 -4.6e-05 -0.429701 -8.456214 2.555534 -1e-06 0.0 0.0 -15.923686 -20.0947 -5.473612 30.419607 -7.190924 1.735892 1.1e-05 -8.163051 -1.9e-05 -1.861866 -22.861961 -6.168136 -0.0 -3e-06 -1e-06 100.948105 -14.861349 -11.982391 55.416195 -0.725852 0.877118 -76.427505 9.114457 -12.425112 -7.39696 1.372056 2.251737 -1.0 -0.0 -1e-06 -59.846828 -5.029863 -20.596598 10.575697 -0.679569 1.633742 -45.656975 1.788459 -5.275255 -7.251455 0.477937 1.647016 -1.000003 0.0 0.0 
0.0 0.0 0.0 0.0 -0.0 0.0 25.947401 62.995022 686.765503 -86.734528 -44.165562 -94.342316 20.961206 0.768131 -0.492898 -1.790326 -2.170865 1.807448 38.879116 -5.005947 -0.235283 51.559093 -8.575069 0.733038 -2.039717 -0.074283 0.2588 -9.373512 -0.951089 -1.386812 6e-06 -0.0 -1e-06 -0.307975 -0.152753 0.078705 -0.633085 -0.342479 0.214627 -0.37266 -0.022889 -0.024944 -14.290061 -67.21843 17.71788 36.244255 -22.229383 -83.33345 113.228233 -5.894281 1.740161 66.323921 51.610474 71.94368 17.636688 -26.322744 52.41124 -19.466835 -14.395715 29.410528 -1e-05 -8.774908 1e-06 15.94965 -17.864367 6.829801 -0.609773 -1.795661 -3.889338 -4.80712 -11.046874 -2.937862 3.3e-05 -20.976175 -2.1e-05 -5.019994 -25.03381 -4.031941 7e-06 -1e-06 3e-06 -10.634584 -5.686991 -3.565585 10.573374 -17.923061 -3.113946 1.9e-05 -13.821319 -1.1e-05 -0.501729 -31.181877 -4.027084 -10.233721 -61.175819 8.022613 -13.982785 -7.150224 -2.875032 13.772842 -8.401548 -3.218278 0.347794 -34.211857 0.77162 -0.963008 -17.73357 2.621049 -1e-06 0.0 0.0 -17.34651 -20.095304 -4.201773 21.757729 -1.638395 3.866428 8e-06 -6.338869 -7e-06 -1.697574 -22.591988 -6.194095 1e-06 -4e-06 -3e-06 173.781891 -67.746964 8.321741 66.519852 -26.864105 -90.293083 108.901031 2.61111 3.045583 80.563889 34.29903 94.254494 22.182114 -20.375883 49.933411 -16.702028 -16.743643 28.476744 -1.5e-05 -12.690717 1.9e-05 16.692127 -17.835203 2.733343 -0.105913 -1.513869 -4.275898 -5.039066 -5.612923 -2.953568 1.1e-05 -11.020657 -2.5e-05 -6.111339 -15.895594 -3.840529 0.0 -0.0 -0.0 -10.283406 -5.680326 -4.341838 11.028378 -11.302505 -2.372689 -1.384257 -14.238763 -6.320196 -0.625371 -26.924654 -3.827721 -3.914894 -49.722614 -3.981242 -13.708577 -7.363522 -3.720931 18.141293 -14.05286 -3.242757 3.2e-05 -18.787493 -5.7e-05 -0.429699 -8.456168 2.555507 2e-06 -1e-06 -1e-06 -15.923603 -20.094612 -5.473583 30.41943 -7.190881 1.735873 1e-05 -8.163005 -2.6e-05 -1.861854 -22.861811 -6.168092 1e-06 -3e-06 -2e-06 98.723122 -15.432074 -12.249981 60.137424 -0.745328 1.129803 -79.041168 8.519358 -13.635911 -6.636199 1.281326 2.262429 -1.000001 1e-06 -0.0 -62.066093 -7.240014 -22.969543 15.456358 -0.919513 1.916623 -48.760632 4.72409 -7.26952 -6.168913 0.440566 1.858346 -1.000005 0.0 0.0 
0.0 0.0 0.0 0.0 -0.0 0.0 26.60603 58.63723 696.925049 -86.899513 -36.778484 -93.841316 21.133343 1.228373 -0.359228 -1.731194 -1.875651 1.471635 40.381493 -5.495476 -0.616989 55.881233 -7.643308 -0.577913 -2.548499 -0.683291 0.68969 -13.761562 -1.196031 -1.146763 7e-06 -1e-06 1e-06 -0.322112 -0.067425 0.024312 -0.404713 -0.358797 0.184503 -0.283251 0.171596 -0.102428 -14.251489 -65.409698 17.095045 37.165794 -22.259172 -84.378609 112.161667 -5.642684 3.156517 65.325348 53.654793 69.413292 17.636658 -26.322872 52.411629 -19.466911 -14.395648 29.410744 2.5e-05 -8.774917 6e-06 16.397722 -17.847486 6.548031 -0.609784 -1.795681 -3.88936 -4.807164 -11.046989 -2.937893 -5.7e-05 -20.976391 -5.5e-05 -5.02007 -25.034172 -4.032051 3e-06 2e-06 0.0 -10.63461 -5.687072 -3.565612 10.573317 -17.923176 -3.113974 -3.2e-05 -13.821446 -4.6e-05 -0.501761 -31.182262 -4.027267 -11.133744 -61.532425 8.920631 -13.982815 -7.150323 -2.875057 13.772818 -8.401568 -3.218292 0.347672 -34.212219 0.771546 -0.963053 -17.733763 2.620976 -1e-06 1e-06 1e-06 -17.346586 -20.095518 -4.201802 21.757734 -1.638315 3.866463 -1.8e-05 -6.338931 -1.9e-05 -1.697634 -22.592287 -6.194234 1e-06 -4e-06 -3e-06 170.941513 -66.035263 10.966349 69.393684 -24.270945 -95.863304 108.285164 1.819842 4.703979 77.685471 37.293682 87.337997 22.182281 -20.376078 49.933723 -16.702044 -16.743675 28.476871 2.1e-05 -12.690783 2e-06 17.062872 -17.670473 2.453393 -0.105923 -1.513872 -4.275917 -5.039104 -5.612973 -2.953588 -1.7e-05 -11.020755 -6e-06 -6.111432 -15.895768 -3.840548 -0.0 -1e-06 -1e-06 -10.283461 -5.680373 -4.341871 11.028395 -11.302567 -2.372666 -1.384305 -14.238884 -6.320231 -0.625473 -26.924917 -3.827735 -3.641046 -49.904015 -3.97903 -13.708646 -7.363591 -3.720959 18.141335 -14.052941 -3.242727 -1.6e-05 -18.787674 -3.3e-05 -0.429721 -8.456258 2.555534 -0.0 0.0 -0.0 -15.923705 -20.094772 -5.473604 30.419525 -7.190876 1.735947 -6e-06 -8.163079 -2e-05 -1.861918 -22.862072 -6.168154 -1e-06 -3e-06 -1e-06 97.743439 -15.695423 -12.932216 63.113682 -0.843179 1.421766 -81.581894 8.63095 -14.376922 -6.545172 1.236563 2.326497 -1.000005 1e-06 1e-06 -65.036217 -8.804645 -24.544874 21.280777 -1.338254 2.085451 -53.212788 7.777052 -8.790571 -5.591389 0.435586 1.984231 -1.000007 2e-06 -1e-06 
0.0 0.0 0.0 0.0 -0.0 0.0 27.348116 53.106487 706.737122 -87.160995 -28.701538 -93.383614 21.29484 1.523106 0.282617 -1.656554 -1.644891 1.236755 41.693314 -5.541788 -1.522718 59.250519 -6.340447 -1.582156 -3.059129 -1.62326 0.962021 -17.018688 -1.458301 -0.949284 6e-06 -0.0 -0.0 -0.346676 -0.003008 -0.004633 -0.131671 -0.403266 0.216926 -0.15788 0.357513 -0.18977 -15.985216 -63.069469 18.089371 40.231678 -22.887972 -85.750092 111.548019 -5.659118 4.314266 65.220665 55.297462 66.143715 17.636869 -26.322935 52.411533 -19.466974 -14.395758 29.410692 -1.4e-05 -8.77497 -1.1e-05 16.702175 -17.81098 6.36966 -0.609779 -1.795676 -3.889358 -4.807137 -11.046945 -2.937888 5.2e-05 -20.976368 -2.1e-05 -5.020015 -25.034094 -4.031973 7e-06 1e-06 -1e-06 -10.634641 -5.687019 -3.56561 10.573451 -17.923197 -3.113958 3.5e-05 -13.821434 -9e-06 -0.501694 -31.182215 -4.027114 -11.94882 -61.687504 9.644348 -13.982852 -7.150256 -2.875057 13.772925 -8.401617 -3.218284 0.347835 -34.212181 0.771619 -0.963001 -17.733747 2.621077 1e-06 0.0 1e-06 -17.346588 -20.095407 -4.20181 21.757845 -1.63843 3.866474 1.4e-05 -6.338923 -6e-06 -1.697555 -22.592228 -6.19416 -1e-06 -4e-06 -3e-06 167.610199 -64.069595 14.635829 71.898415 -20.442923 -101.654373 107.956795 0.675064 5.528258 73.026939 39.279461 78.736984 22.182333 -20.376064 49.933556 -16.702028 -16.743719 28.476757 -3e-05 -12.690773 -4e-06 17.409941 -17.460709 2.323788 -0.105915 -1.513864 -4.275908 -5.039083 -5.612907 -2.953573 3.3e-05 -11.020654 3e-06 -6.111352 -15.89555 -3.84051 -1e-06 -0.0 -1e-06 -10.283456 -5.680312 -4.341854 11.028442 -11.302522 -2.372658 -1.384256 -14.238739 -6.320176 -0.625382 -26.924623 -3.827613 -3.394062 -50.334358 -3.819176 -13.708637 -7.363502 -3.720953 18.141386 -14.052896 -3.242711 4.5e-05 -18.7875 1.5e-05 -0.429695 -8.456182 2.555557 -2e-06 0.0 1e-06 -15.92366 -20.094593 -5.4736 30.419552 -7.190957 1.735927 2.2e-05 -8.163026 5e-06 -1.861879 -22.861824 -6.168 -2e-06 -3e-06 -2e-06 98.170952 -15.527698 -14.19573 63.952618 -1.031144 1.716079 -84.299332 8.778898 -14.401698 -6.817725 1.191852 2.460486 -1.000006 2e-06 -1e-06 -68.273842 -9.860127 -25.449863 28.463863 -1.931903 2.042893 -59.722511 10.155483 -9.840712 -5.276383 0.448641 2.03551 -1.000007 1e-06 1e-06 
0.0 0.0 0.0 0.0 -0.0 0.0 28.03706 46.29866 716.099854 -86.909485 -20.00046 -92.806381 21.397779 1.408785 1.227332 -1.630588 -1.444176 1.145491 42.849442 -4.570692 -2.647012 61.307213 -4.668605 -2.015665 -3.397693 -2.540069 1.053363 -18.616915 -1.914453 -0.496448 6e-06 0.0 0.0 -0.35174 0.095832 -0.015276 0.07343 -0.381567 0.229518 -0.100325 0.548637 -0.218759 -19.746367 -60.121826 21.312988 45.069347 -22.793137 -85.50322 110.91024 -5.431034 4.611848 65.44133 55.858948 61.891037 17.636705 -26.32284 52.411415 -19.466887 -14.395701 29.410624 -1.8e-05 -8.774907 2e-06 16.512098 -17.454031 6.482458 -0.609775 -1.795667 -3.88935 -4.807101 -11.046886 -2.937882 5.5e-05 -20.976229 -3.3e-05 -5.019945 -25.033886 -4.031955 4e-06 0.0 1e-06 -10.634581 -5.686992 -3.565603 10.573392 -17.923103 -3.11396 3.5e-05 -13.821347 -1.3e-05 -0.501676 -31.181959 -4.027094 -12.282695 -61.213673 9.83602 -13.982777 -7.150222 -2.875051 13.77284 -8.401575 -3.218286 0.347836 -34.211929 0.771605 -0.962991 -17.733608 2.621053 0.0 1e-06 -1e-06 -17.346481 -20.09531 -4.201807 21.757706 -1.638419 3.866436 1.6e-05 -6.338882 -7e-06 -1.697532 -22.592041 -6.194118 1e-06 -4e-06 -4e-06 164.037201 -62.639214 19.082989 72.132484 -16.386225 -104.355995 108.378189 0.033971 4.710728 65.147301 39.887085 68.826439 22.182209 -20.375992 49.933674 -16.702108 -16.743692 28.476889 -3e-05 -12.690763 1.3e-05 17.880514 -16.984259 2.228666 -0.105913 -1.513873 -4.275916 -5.039079 -5.612934 -2.953592 2.6e-05 -11.020682 -3.5e-05 -6.111332 -15.895638 -3.840579 -1e-06 0.0 -0.0 -10.283435 -5.680331 -4.341864 11.028419 -11.302535 -2.372696 -1.384242 -14.238787 -6.32024 -0.625315 -26.924715 -3.827761 -3.525347 -50.445938 -3.386942 -13.708615 -7.363531 -3.720959 18.141356 -14.052905 -3.242768 5.7e-05 -18.787525 -5.6e-05 -0.429696 -8.456184 2.555527 1e-06 0.0 2e-06 -15.92363 -20.094646 -5.473634 30.419512 -7.190925 1.735889 1.9e-05 -8.163025 -1.9e-05 -1.861832 -22.861862 -6.168122 1e-06 -3e-06 -1e-06 100.127968 -14.843716 -15.739536 62.927959 -1.243282 1.95532 -86.468834 9.6282 -12.751935 -6.986141 1.124184 2.624428 -0.999999 -0.0 2e-06 -70.602379 -10.804536 -25.956161 37.995392 -2.677676 1.71601 -67.737907 10.707003 -10.153377 -5.385355 0.414094 2.044224 -1.000003 -0.0 -0.0 
0.0 0.0 0.0 0.0 -0.0 0.0 28.550417 39.233448 725.23053 -85.494614 -11.013806 -92.106743 21.801069 1.003741 2.066817 -1.146499 -1.198489 1.165335 43.115208 -2.817674 -3.420322 60.654335 -3.271816 -1.745512 -3.522135 -3.023616 1.25604 -19.367773 -2.100846 0.178488 6e-06 -0.0 0.0 -0.322117 0.191049 0.004535 0.113958 -0.226853 0.1841 -0.170711 0.598532 -0.130712 -24.236773 -58.50182 25.231153 47.480999 -20.038958 -79.017464 109.642059 -3.168159 1.518571 65.12484 52.206825 55.129635 17.636845 -26.322912 52.411751 -19.46703 -14.39579 29.410839 1.7e-05 -8.775007 -5e-06 15.976388 -16.498352 6.546424 -0.609785 -1.795685 -3.889373 -4.807195 -11.047003 -2.937907 -9e-06 -20.976433 -6.5e-05 -5.020075 -25.034206 -4.03209 7e-06 -2e-06 -2e-06 -10.634692 -5.687073 -3.565621 10.573444 -17.923223 -3.113995 -1e-06 -13.82147 -4.6e-05 -0.501722 -31.182314 -4.02727 -11.3558 -60.527313 9.024441 -13.982924 -7.150325 -2.875065 13.772959 -8.401603 -3.218313 0.347754 -34.212273 0.771548 -0.963021 -17.733784 2.621016 3e-06 -1e-06 1e-06 -17.346716 -20.095541 -4.201819 21.757946 -1.638366 3.866497 -5e-06 -6.338939 -2e-05 -1.697616 -22.592302 -6.194259 -0.0 -7e-06 -0.0 161.607315 -63.309605 21.942503 66.108231 -13.759273 -100.24958 109.900253 -0.444304 1.085732 52.915924 37.96376 57.969143 22.182276 -20.376026 49.933815 -16.702129 -16.743782 28.476978 1.6e-05 -12.690834 2.3e-05 18.07332 -16.604877 2.610835 -0.105915 -1.513881 -4.275927 -5.03912 -5.612976 -2.953593 -1.7e-05 -11.02074 -2.1e-05 -6.111443 -15.895749 -3.840569 -2e-06 2e-06 0.0 -10.283495 -5.680387 -4.34187 11.028446 -11.302562 -2.372709 -1.384307 -14.238876 -6.320257 -0.625438 -26.924873 -3.82779 -3.691249 -49.933266 -2.817985 -13.708696 -7.363601 -3.720955 18.141415 -14.052928 -3.242779 -1.2e-05 -18.787628 -5.9e-05 -0.429724 -8.456226 2.555528 0.0 -1e-06 -3e-06 -15.923772 -20.094801 -5.473612 30.419676 -7.190867 1.735907 -1e-05 -8.163065 -2.5e-05 -1.861934 -22.862011 -6.168174 0.0 -3e-06 -2e-06 101.717751 -14.347306 -17.091793 62.94833 -1.51799 2.128808 -86.862938 11.07746 -7.878543 -6.691842 1.075386 2.744032 -1.000009 0.0 -0.0 -71.98214 -11.198483 -25.838137 49.613976 -3.37108 1.01788 -74.134445 8.719631 -9.673204 -5.928203 0.309747 2.02894 -1.000004 -0.0 -1e-06 
0.0 0.0 0.0 0.0 -0.0 0.0 28.929716 33.005051 733.621765 -83.488258 -1.414819 -91.166969 23.115868 0.411459 2.382433 0.365661 -1.117917 0.680901 40.834961 -1.802189 -3.203246 55.755642 -1.882294 -0.625899 -3.404721 -2.95204 2.162187 -20.548553 -1.574988 1.270169 6e-06 0.0 -0.0 -0.244432 0.226711 0.009108 0.102097 -0.018962 0.107827 -0.230472 0.467444 -0.051123 -23.465357 -60.531857 24.720169 40.339859 -14.243526 -61.764645 108.770844 5.263989 -7.56928 62.471725 42.247517 44.007668 17.636717 -26.323004 52.411671 -19.467115 -14.395823 29.410864 -4.3e-05 -8.774969 1.6e-05 16.891626 -16.298079 6.081373 -0.60977 -1.795677 -3.889371 -4.807104 -11.046964 -2.937898 0.000107 -20.976429 -4.8e-05 -5.019941 -25.034151 -4.031955 5e-06 2e-06 -0.0 -10.63461 -5.687012 -3.565614 10.573497 -17.923256 -3.114016 6.7e-05 -13.821474 -1.9e-05 -0.501607 -31.182314 -4.027111 -10.568729 -62.617611 8.348274 -13.982819 -7.150244 -2.875056 13.772945 -8.401661 -3.218338 0.347925 -34.212292 0.771582 -0.96297 -17.73381 2.62109 -1e-06 -0.0 0.0 -17.346521 -20.095407 -4.20182 21.757828 -1.638462 3.866416 2.8e-05 -6.338936 -1e-05 -1.69748 -22.592278 -6.19417 2e-06 -5e-06 -3e-06 166.0298 -66.58123 17.824783 48.190521 -12.65364 -90.738815 115.637711 -4.006048 -4.276144 31.625088 33.681271 42.64365 22.182285 -20.376068 49.933601 -16.702105 -16.743731 28.476843 -5.5e-05 -12.690777 1.1e-05 17.403667 -18.187778 4.840092 -0.105912 -1.513866 -4.275913 -5.039074 -5.612918 -2.953583 4.7e-05 -11.020679 -1.2e-05 -6.111317 -15.895594 -3.84053 -3e-06 0.0 0.0 -10.283443 -5.680307 -4.34186 11.028454 -11.30255 -2.37268 -1.384229 -14.23877 -6.320199 -0.625327 -26.924707 -3.827651 -4.799642 -54.232262 -1.368591 -13.708625 -7.3635 -3.720956 18.141407 -14.052938 -3.242748 7.9e-05 -18.787535 -1.1e-05 -0.429688 -8.456198 2.555549 -2e-06 -1e-06 -0.0 -15.923627 -20.094597 -5.473616 30.419565 -7.19099 1.735884 3.2e-05 -8.163034 -4e-06 -1.861835 -22.861874 -6.168036 2e-06 -2e-06 -1e-06 100.161362 -14.252015 -18.545681 66.061378 -1.936114 2.251392 -86.352074 9.105635 -2.964098 -6.488518 1.079581 2.810577 -1.000003 -1e-06 -1e-06 -74.460144 -10.644574 -23.835789 59.681141 -3.332389 0.036313 -76.54557 5.696796 -10.360468 -6.930538 0.12114 2.111343 -1.000004 1e-06 1e-06 
0.0 0.0 0.0 0.0 -0.0 0.0 29.720327 29.136377 741.527222 -82.402451 10.525773 -89.522408 24.364719 -0.07229 2.071815 1.227347 -0.915576 0.192455 36.196339 -1.482092 -2.948745 48.835796 -0.274245 0.244627 -3.108008 -2.331443 3.084024 -22.597172 -1.634901 1.981204 6e-06 0.0 0.0 -0.174123 0.289686 -0.021963 0.321578 0.096792 0.082743 -0.041601 0.480037 -0.099692 -16.464935 -62.552799 19.733406 26.699255 -10.280572 -39.47213 111.17527 18.800339 -16.032335 56.819721 33.112934 35.468376 17.636803 -26.322851 52.411476 -19.466801 -14.395628 29.41058 -1e-06 -8.774885 -1.7e-05 18.786524 -16.123781 4.609681 -0.609783 -1.795665 -3.889347 -4.807124 -11.046886 -2.937884 1.6e-05 -20.976208 -2.7e-05 -5.019975 -25.033871 -4.03198 7e-06 -1e-06 -2e-06 -10.634595 -5.687008 -3.565617 10.573342 -17.923077 -3.113927 1.5e-05 -13.821327 -1.7e-05 -0.501717 -31.181896 -4.027119 -12.346729 -65.566986 9.090401 -13.982793 -7.150245 -2.875071 13.772808 -8.401547 -3.218252 0.347774 -34.211884 0.771621 -0.96302 -17.733578 2.621044 0.0 0.0 3e-06 -17.346518 -20.095343 -4.201826 21.757689 -1.638393 3.866484 6e-06 -6.338874 -7e-06 -1.697568 -22.592007 -6.194133 1e-06 -1e-06 -3e-06 171.300354 -67.63385 13.39065 28.375076 -13.035284 -75.919556 123.817017 -4.815539 -8.097948 12.182028 27.559973 32.849339 22.182318 -20.37604 49.933704 -16.701965 -16.743582 28.47678 -2e-06 -12.690707 -2e-05 19.388796 -21.12141 3.788319 -0.105923 -1.513872 -4.27591 -5.039088 -5.612929 -2.953594 8e-06 -11.020666 -1.2e-05 -6.111354 -15.895606 -3.840562 1e-06 0.0 0.0 -10.283433 -5.680338 -4.341881 11.028367 -11.302515 -2.372647 -1.384279 -14.238764 -6.320221 -0.625405 -26.92465 -3.827714 -6.14419 -59.274696 -1.101236 -13.70861 -7.363539 -3.720983 18.141272 -14.052876 -3.242692 2.7e-05 -18.787502 -2.4e-05 -0.429713 -8.456175 2.55554 -0.0 1e-06 1e-06 -15.923632 -20.094652 -5.47365 30.419403 -7.190901 1.735972 1.1e-05 -8.163022 -6e-06 -1.861879 -22.861834 -6.168071 0.0 -0.0 -0.0 94.158531 -14.287682 -20.974709 70.798439 -2.239581 2.502755 -87.517807 5.023883 -1.784054 -6.713718 0.909779 2.831474 -1.000004 -0.0 1e-06 -81.769234 -10.579 -19.467499 68.360588 -2.190631 -1.365221 -77.273308 4.490658 -11.676794 -8.260028 -0.033113 2.072109 -1.000005 -1e-06 -0.0 
0.0 0.0 0.0 0.0 -0.0 0.0 31.176516 25.763634 749.03479 -82.017624 23.277493 -87.391838 24.470493 -0.43085 1.17544 0.102562 -0.531884 0.011826 32.541775 -0.451245 -2.728167 45.922749 -0.317882 0.887463 -2.900852 -0.604031 3.052544 -24.581928 -2.225231 1.029759 5e-06 0.0 0.0 -0.109127 0.365645 -0.006512 0.555072 0.229332 0.159162 0.212534 0.50507 -0.148622 -12.488087 -62.79422 18.360308 15.915767 -13.565153 -26.608852 114.345421 20.518663 -14.710804 38.373695 32.605392 25.124468 17.636654 -26.322727 52.411476 -19.466763 -14.395631 29.410587 8e-06 -8.774881 -8e-06 21.943008 -15.408185 3.161243 -0.609783 -1.795662 -3.889345 -4.807125 -11.046861 -2.937886 -4e-06 -20.976131 -4.8e-05 -5.019977 -25.033789 -4.032016 6e-06 2e-06 3e-06 -10.634581 -5.687007 -3.56561 10.573309 -17.923002 -3.11394 0.0 -13.821282 -2.7e-05 -0.50173 -31.181795 -4.027147 -19.085907 -69.934448 13.889511 -13.982771 -7.150241 -2.875064 13.772783 -8.401504 -3.218263 0.347739 -34.211739 0.771598 -0.96303 -17.733511 2.621022 -2e-06 -1e-06 1e-06 -17.346502 -20.095314 -4.201824 21.757668 -1.63836 3.866464 -2e-06 -6.338854 -1.2e-05 -1.697587 -22.591934 -6.19414 0.0 -3e-06 -2e-06 177.190033 -66.939316 9.694266 15.874951 -14.786352 -55.31348 127.66465 -1.295353 -7.590315 1.095708 24.283627 28.663446 22.182192 -20.375898 49.933533 -16.701937 -16.743624 28.476715 6e-06 -12.690721 -6e-06 20.860994 -20.531832 1.590354 -0.105918 -1.513866 -4.2759 -5.039082 -5.612912 -2.953576 -5e-06 -11.020608 -1.6e-05 -6.111367 -15.895514 -3.840548 2e-06 -4e-06 -0.0 -10.283424 -5.680329 -4.341854 11.028362 -11.302457 -2.372661 -1.384287 -14.2387 -6.3202 -0.625415 -26.924498 -3.827703 -6.318995 -56.312416 -2.220259 -13.7086 -7.363529 -3.72095 18.141268 -14.052796 -3.242711 2e-06 -18.787413 -2.9e-05 -0.429713 -8.456129 2.555524 -1e-06 -2e-06 3e-06 -15.923642 -20.094604 -5.473609 30.419436 -7.190843 1.735941 2e-06 -8.162981 -9e-06 -1.8619 -22.861717 -6.168067 -2e-06 -4e-06 0.0 88.772667 -13.670278 -24.737528 77.962044 -2.242842 2.207424 -88.232422 1.286449 -1.262095 -6.299283 0.490103 2.546554 -0.999999 -0.0 1e-06 -88.012314 -11.336862 -13.372807 74.927147 -0.175626 -2.605824 -78.036942 3.613181 -12.757681 -9.23838 -0.078895 1.729206 -1.000004 -1e-06 1e-06 
0.0 0.0 0.0 0.0 -0.0 0.0 33.160313 21.616392 755.091248 -82.483093 35.772087 -86.092613 23.913628 -0.545243 0.066647 -1.510145 0.036745 -0.129639 30.726999 0.224025 -2.537828 47.489571 -1.394435 1.82126 -2.712342 0.350474 1.175637 -24.128939 -2.044 -1.378431 6e-06 -0.0 -1e-06 -0.04781 0.203681 0.034989 0.81266 0.157242 0.290572 0.485599 0.258608 -0.195529 -16.235031 -63.497135 23.673321 13.600345 -22.040861 -25.90304 115.748741 12.877954 -11.658602 14.266876 29.90416 20.303408 17.636951 -26.323093 52.411568 -19.466789 -14.395667 29.410576 -1.1e-05 -8.774915 -3.2e-05 22.813351 -15.972106 3.66769 -0.609784 -1.795659 -3.889344 -4.807117 -11.046898 -2.937869 3.4e-05 -20.976282 5.1e-05 -5.020014 -25.033937 -4.031878 7e-06 0.0 -0.0 -10.634611 -5.686986 -3.56562 10.573388 -17.923143 -3.113878 1.9e-05 -13.82139 3.7e-05 -0.501781 -31.182072 -4.026976 -18.547098 -66.486115 14.226798 -13.982817 -7.150218 -2.875075 13.772858 -8.4016 -3.218224 0.34777 -34.212078 0.77177 -0.963046 -17.733704 2.621148 -1e-06 -0.0 1e-06 -17.346531 -20.095324 -4.201821 21.757734 -1.638447 3.866507 1.6e-05 -6.33891 1.5e-05 -1.697574 -22.592127 -6.194056 2e-06 -5e-06 -3e-06 176.149002 -66.439262 12.289979 13.236612 -18.235043 -37.921471 128.681854 1.935585 -5.016949 -1.489079 25.333017 29.081678 22.182478 -20.376215 49.933784 -16.701948 -16.743662 28.476784 -1.8e-05 -12.690765 -3.7e-05 19.466055 -19.143311 2.395463 -0.105927 -1.513861 -4.275915 -5.039096 -5.612905 -2.953589 2.5e-05 -11.020664 1.7e-05 -6.11137 -15.89558 -3.840542 -2e-06 1e-06 -1e-06 -10.283466 -5.680315 -4.34189 11.028421 -11.302523 -2.372617 -1.384272 -14.238738 -6.320195 -0.62542 -26.924639 -3.827607 -6.599607 -53.284286 -2.091856 -13.708649 -7.363511 -3.720993 18.141356 -14.052895 -3.242652 2.9e-05 -18.787518 4.5e-05 -0.42971 -8.45619 2.555588 1e-06 0.0 -2e-06 -15.923671 -20.094597 -5.473654 30.419508 -7.190964 1.736012 1.6e-05 -8.163038 2.3e-05 -1.861899 -22.861868 -6.167992 -1e-06 -4e-06 -1e-06 88.421204 -12.080477 -27.568781 89.700294 -1.447369 0.775138 -84.571648 -0.783704 -2.399383 -6.095942 0.320165 1.721638 -1.000003 -2e-06 1e-06 -89.175713 -12.662473 -6.088431 77.985695 2.085083 -3.14423 -75.88829 5.116394 -13.022222 -9.365718 -0.0326 1.304537 -1.000006 -2e-06 -0.0 
0.0 0.0 0.0 0.0 -0.0 0.0 35.240028 17.266964 759.662964 -83.890915 47.316471 -85.741661 22.601519 -0.051195 -0.825565 -2.57809 0.178151 -0.396825 30.760929 0.641118 -2.749189 52.190117 -1.813147 2.783834 -2.43567 0.249286 -1.399554 -21.783228 -1.202653 -3.846032 6e-06 -0.0 -0.0 -0.111011 -0.077297 -0.087518 0.834615 -0.009251 0.177891 0.598703 -0.140238 -0.336408 -24.283043 -65.661018 32.995293 20.72006 -32.21323 -29.09584 114.301521 6.34093 -9.617554 6.116581 28.136627 25.518274 17.636858 -26.322992 52.411572 -19.466782 -14.395638 29.410583 -2e-06 -8.774897 -2.3e-05 20.559385 -16.68644 4.621566 -0.609786 -1.795666 -3.88935 -4.807125 -11.04691 -2.937876 6e-06 -20.976269 2e-05 -5.020023 -25.033949 -4.031924 8e-06 -0.0 0.0 -10.634604 -5.687007 -3.565624 10.573345 -17.923119 -3.113895 5e-06 -13.821374 1.4e-05 -0.501787 -31.182024 -4.027042 -14.554978 -61.253513 10.999525 -13.9828 -7.150248 -2.875079 13.772819 -8.40157 -3.218235 0.347729 -34.212017 0.771704 -0.96305 -17.733665 2.621088 -2e-06 -0.0 -0.0 -17.346529 -20.095364 -4.201825 21.757706 -1.638402 3.866503 3e-06 -6.338902 8e-06 -1.697596 -22.592113 -6.194092 -1e-06 -4e-06 -3e-06 166.447983 -68.203445 23.716072 19.941992 -20.871616 -29.904716 124.50042 1.199274 -2.206398 -0.308345 27.394632 33.32391 22.182415 -20.376129 49.933788 -16.701958 -16.743603 28.476791 -1.7e-05 -12.690723 -3.5e-05 18.201986 -18.178148 3.4276 -0.105926 -1.513867 -4.275912 -5.039083 -5.612917 -2.953601 2.4e-05 -11.02065 -1e-06 -6.111335 -15.895555 -3.840561 -0.0 0.0 -1e-06 -10.283452 -5.680323 -4.341895 11.028398 -11.302522 -2.372628 -1.384264 -14.23874 -6.320212 -0.625401 -26.924631 -3.827646 -6.793819 -51.789116 -1.088294 -13.708622 -7.36352 -3.720999 18.141314 -14.052899 -3.242665 4.2e-05 -18.787502 1.8e-05 -0.429703 -8.456182 2.555574 0.0 0.0 1e-06 -15.92364 -20.094631 -5.473674 30.419436 -7.190957 1.736003 1.7e-05 -8.163028 1.2e-05 -1.861868 -22.861832 -6.168017 1e-06 -1e-06 -1e-06 94.190559 -9.3502 -26.192825 102.806732 0.872279 -0.687869 -80.424759 3.097872 -3.898452 -6.676948 0.776932 1.206329 -1.000006 3e-06 1e-06 -85.270988 -16.139585 -0.914019 80.416451 3.473361 -2.537176 -71.279144 5.758304 -10.990425 -8.673902 0.127842 0.969686 -1.000009 1e-06 0.0 
0.0 0.0 0.0 0.0 -0.0 0.0 37.146969 13.91364 762.969177 -85.4217 58.391048 -84.706642 19.76026 0.643469 -1.527684 -3.313857 -0.13742 -1.060973 32.398392 1.733459 -3.218552 57.551201 -1.44878 3.244055 -2.36892 -0.165573 -3.250349 -18.879435 -0.081942 -5.391609 8e-06 -0.0 -0.0 -0.375002 -0.25502 -0.356632 0.331789 -0.118996 -0.171999 0.23726 -0.392462 -0.538349 -31.451963 -68.438316 41.650696 34.592091 -41.224232 -35.589691 108.878159 1.396798 -6.459304 7.1126 28.389713 31.159689 17.636749 -26.32292 52.411602 -19.466845 -14.395613 29.410671 1e-06 -8.77489 -1.1e-05 17.631878 -16.888046 5.287357 -0.609787 -1.795674 -3.88935 -4.807128 -11.046936 -2.937892 -2e-06 -20.97632 -2.3e-05 -5.020001 -25.034048 -4.031991 4e-06 1e-06 -0.0 -10.634588 -5.687031 -3.565627 10.573327 -17.923141 -3.113933 3e-06 -13.821402 -1.3e-05 -0.501728 -31.182123 -4.027141 -12.523993 -58.338867 8.75063 -13.982786 -7.150275 -2.875076 13.772802 -8.401574 -3.21826 0.347747 -34.212093 0.771617 -0.96303 -17.733704 2.621049 -0.0 1e-06 0.0 -17.346518 -20.095415 -4.201829 21.757679 -1.638375 3.866487 4e-06 -6.338912 -5e-06 -1.697568 -22.592175 -6.194167 -1e-06 -4e-06 -3e-06 147.10611 -72.244736 46.064335 31.37944 -20.218298 -29.31563 113.323334 -2.218805 0.543175 2.262138 30.379499 39.370167 22.182226 -20.375984 49.933552 -16.702036 -16.743567 28.476765 -2.4e-05 -12.690688 -3e-06 17.728964 -17.331865 3.234964 -0.105917 -1.513875 -4.275905 -5.039065 -5.612935 -2.953586 2.3e-05 -11.020688 -2.3e-05 -6.111309 -15.895628 -3.840541 -0.0 0.0 0.0 -10.283409 -5.680332 -4.341867 11.02837 -11.302548 -2.372666 -1.384246 -14.238795 -6.320209 -0.625364 -26.924726 -3.827704 -6.192341 -50.764206 -0.790618 -13.708576 -7.363536 -3.720966 18.141273 -14.052925 -3.242726 5.7e-05 -18.787544 -4.7e-05 -0.42969 -8.456189 2.555525 2e-06 0.0 1e-06 -15.923586 -20.094666 -5.473629 30.419371 -7.190932 1.735917 2e-05 -8.163033 -2.4e-05 -1.86181 -22.861887 -6.168097 1e-06 -0.0 -1e-06 101.675751 -6.597473 -21.297523 108.29641 3.019749 -0.746949 -81.933784 7.704967 -4.04775 -7.092513 1.204734 1.18099 -1.000001 1e-06 2e-06 -79.502312 -20.672226 -0.135246 86.470428 3.997905 -1.526926 -68.188576 2.58314 -9.393856 -9.054275 0.337546 0.748567 -1.000007 0.0 -1e-06 
0.0 0.0 0.0 0.0 -0.0 0.0 38.1133 12.780426 765.210388 -84.677605 68.798058 -80.195496 16.000221 1.052637 -2.372628 -4.177163 -0.100314 -1.778384 34.600498 3.430442 -3.88886 62.167107 -0.247697 2.731134 -2.325666 -0.505516 -3.935856 -14.349799 0.510597 -5.760056 7e-06 -0.0 1e-06 -0.563381 -0.138385 -0.350256 -0.41715 -0.053842 -0.301716 -0.360923 -0.239581 -0.413498 -36.48019 -70.873497 47.722729 49.683662 -47.638912 -43.180473 101.382408 -2.450875 -2.726013 9.467276 26.926712 32.933971 17.636696 -26.323019 52.411716 -19.466797 -14.395678 29.410702 2.8e-05 -8.774912 -3e-06 14.622169 -17.155424 6.021927 -0.609787 -1.79567 -3.889357 -4.807162 -11.046949 -2.937874 -7e-05 -20.976315 9e-06 -5.020111 -25.034048 -4.031971 1e-05 -0.0 -0.0 -10.634613 -5.687046 -3.565615 10.573309 -17.923126 -3.113921 -4.4e-05 -13.821406 -0.0 -0.501863 -31.182137 -4.02713 -11.009169 -55.590576 7.208845 -13.982817 -7.150295 -2.87506 13.772816 -8.401547 -3.218268 0.347615 -34.212124 0.771686 -0.963099 -17.733725 2.621047 1e-06 4e-06 0.0 -17.346588 -20.095451 -4.201795 21.757738 -1.638326 3.86648 -1.9e-05 -6.338915 3e-06 -1.697678 -22.592188 -6.194138 2e-06 -7e-06 -3e-06 119.525269 -75.598701 76.960342 41.175491 -19.689844 -29.472878 97.669632 -4.713645 1.386015 4.625217 33.344448 40.896317 22.182302 -20.376175 49.93383 -16.702065 -16.743643 28.476921 -1e-05 -12.690746 -0.0 16.796709 -16.462328 2.325631 -0.105922 -1.513879 -4.275923 -5.039088 -5.612963 -2.953599 8e-06 -11.020755 -5e-06 -6.111375 -15.895747 -3.840552 -0.0 -0.0 0.0 -10.283443 -5.680356 -4.341887 11.028401 -11.302593 -2.372664 -1.384271 -14.238875 -6.320235 -0.625427 -26.924915 -3.827706 -5.323535 -48.985374 -1.471328 -13.708621 -7.363569 -3.720982 18.141331 -14.052979 -3.242725 2e-05 -18.78767 -1.8e-05 -0.429715 -8.456261 2.555553 1e-06 -5e-06 0.0 -15.923647 -20.094746 -5.473642 30.41947 -7.190934 1.735934 6e-06 -8.163083 -1.1e-05 -1.861872 -22.862055 -6.168108 -0.0 -2e-06 -2e-06 106.945732 -5.245253 -16.289692 107.920563 3.169764 -0.344504 -80.219521 9.114345 -4.238197 -6.610057 1.431861 1.060348 -1.000003 0.0 -0.0 -74.489555 -24.167328 -1.952921 94.896896 3.993941 -0.341734 -67.900238 -1.282157 -10.299636 -8.077568 0.531479 0.811452 -1.000005 -1e-06 0.0 
0.0 0.0 0.0 0.0 -0.0 0.0 38.19014 12.814993 767.486572 -77.484985 77.94355 -69.3722 13.226093 1.210044 -3.102861 -4.700777 0.017709 -2.004525 36.652683 5.346581 -3.93466 66.140671 0.888822 1.906558 -2.005034 -0.502395 -3.965258 -9.867403 0.666439 -5.090436 6e-06 -0.0 0.0 -0.434362 -0.030777 -0.1246 -0.562186 0.029957 -0.116229 -0.397609 -0.108905 -0.162527 -40.843884 -72.545845 52.380943 62.460243 -51.720551 -49.131969 93.672218 -4.015374 -0.85136 10.556314 25.266954 34.594677 17.636555 -26.322863 52.411537 -19.466827 -14.395701 29.410662 -1.2e-05 -8.774872 1.6e-05 12.528063 -17.66979 7.85036 -0.609774 -1.795662 -3.889354 -4.807098 -11.046865 -2.937875 3e-05 -20.976152 -3.1e-05 -5.019953 -25.033777 -4.031937 7e-06 1e-06 0.0 -10.63456 -5.686994 -3.565603 10.573339 -17.923042 -3.113961 1.6e-05 -13.821301 -1.3e-05 -0.501707 -31.181818 -4.027092 -10.436817 -54.330433 6.845152 -13.982747 -7.150226 -2.87505 13.772792 -8.401538 -3.218296 0.347777 -34.2118 0.771624 -0.963019 -17.733538 2.621041 -0.0 -1e-06 -0.0 -17.346457 -20.095299 -4.201805 21.757643 -1.638383 3.866404 4e-06 -6.338861 -2e-06 -1.697547 -22.591932 -6.194095 -3e-06 -9e-06 -2e-06 96.954407 -77.458237 101.044296 47.68224 -23.245987 -31.051874 81.993202 -4.425069 0.78878 6.129447 35.527573 34.2915 22.182119 -20.376022 49.933617 -16.70199 -16.743666 28.476801 -1.2e-05 -12.690699 3.2e-05 15.629119 -16.070145 1.788361 -0.105914 -1.513867 -4.275908 -5.039066 -5.612919 -2.953574 8e-06 -11.020639 -1.1e-05 -6.11134 -15.895556 -3.840511 2e-06 2e-06 -0.0 -10.283412 -5.680326 -4.341853 11.028365 -11.302495 -2.372678 -1.384262 -14.238735 -6.320187 -0.625405 -26.92457 -3.827681 -4.706439 -47.531483 -2.797762 -13.708579 -7.363524 -3.720946 18.14127 -14.052848 -3.242743 1.1e-05 -18.787462 -2.3e-05 -0.429719 -8.456151 2.555524 0.0 1e-06 -0.0 -15.923606 -20.094622 -5.473599 30.419409 -7.190859 1.735874 -0.0 -8.163005 -9e-06 -1.861897 -22.861794 -6.168044 2e-06 1e-06 -1e-06 110.548126 -5.428339 -12.757165 106.628601 2.435842 -0.177628 -76.915421 8.897321 -4.546288 -6.314394 1.701365 0.983529 -1.000003 0.0 1e-06 -70.912254 -25.574263 -4.392768 100.868362 3.14345 0.427532 -66.117134 -4.418307 -11.439733 -6.598991 0.648954 0.995878 -1.000004 0.0 1e-06 
0.0 0.0 0.0 0.0 -0.0 0.0 37.917976 13.11509 770.409058 -38.441963 85.31559 -27.71348 12.063272 1.65567 -3.456645 -4.756516 0.129024 -1.956029 38.007549 6.605174 -3.050128 68.832039 1.532502 1.29035 -1.877802 -0.533698 -3.338634 -6.778449 0.459546 -4.057852 7e-06 0.0 -0.0 -0.246512 -0.011436 -0.023656 -0.407083 0.031711 -0.031261 -0.176909 -0.067569 -0.042786 -45.30328 -73.26091 56.520794 71.420776 -53.923599 -52.121452 87.008682 -3.320585 -0.247706 11.307863 25.418266 41.028809 17.636644 -26.323111 52.412094 -19.46694 -14.395775 29.410963 -1.1e-05 -8.774933 1.1e-05 11.962899 -18.064243 9.587526 -0.609781 -1.795669 -3.889382 -4.807131 -11.046924 -2.937912 2.1e-05 -20.976299 -3e-05 -5.019987 -25.033993 -4.032006 7e-06 -2e-06 -0.0 -10.634614 -5.687023 -3.565643 10.573394 -17.923141 -3.113976 9e-06 -13.821393 -5e-06 -0.501729 -31.182093 -4.027126 -10.707615 -55.346077 7.316111 -13.982818 -7.150265 -2.875093 13.772866 -8.401576 -3.218313 0.347754 -34.212048 0.771659 -0.963062 -17.733677 2.621089 1e-06 1e-06 -0.0 -17.34654 -20.095404 -4.201869 21.757765 -1.638391 3.866455 1e-06 -6.338911 5e-06 -1.697563 -22.592148 -6.194171 -1e-06 -3e-06 -2e-06 83.539268 -79.906784 113.442139 51.875389 -28.289932 -34.914898 69.380653 -3.04306 0.679461 7.301338 35.916946 23.202772 22.182297 -20.376175 49.934139 -16.702066 -16.743694 28.477051 -6e-06 -12.690764 1e-06 15.81999 -16.204399 1.425437 -0.105925 -1.513876 -4.27594 -5.039098 -5.612946 -2.95362 9e-06 -11.020695 -2.4e-05 -6.111364 -15.895664 -3.840603 1e-06 2e-06 -3e-06 -10.283467 -5.68036 -4.341912 11.028416 -11.302542 -2.372686 -1.384264 -14.23881 -6.32028 -0.625368 -26.924742 -3.827764 -4.5594 -47.928982 -3.556921 -13.70865 -7.363569 -3.72101 18.141356 -14.052912 -3.242747 2.2e-05 -18.787563 -2.5e-05 -0.42972 -8.456203 2.55556 2e-06 -1e-06 -1e-06 -15.923679 -20.094727 -5.473705 30.419521 -7.190906 1.735933 4e-06 -8.163045 -3e-06 -1.861879 -22.861916 -6.168108 1e-06 -2e-06 -1e-06 111.265587 -6.039196 -10.052676 105.99295 1.906275 -0.052044 -74.468132 8.688372 -4.940789 -6.668282 1.873741 1.125859 -1.0 1e-06 -2e-06 -70.188858 -25.370005 -6.112348 102.242714 2.142803 0.584082 -63.605946 -6.117377 -10.798937 -6.458513 0.770963 1.086681 -1.000003 -0.0 -0.0 
0.0 0.0 0.0 0.0 -0.0 0.0 37.623627 13.707725 773.619629 50.22974 82.740578 62.90411 12.213391 2.411013 -3.480157 -4.365767 0.327719 -1.900195 38.612816 7.215637 -1.772937 69.207336 1.823137 1.125526 -2.048402 -0.670452 -2.731891 -5.748779 -0.247518 -3.411626 7e-06 -0.0 -0.0 -0.152723 0.007041 -0.021276 -0.267312 0.076149 -0.037252 -0.034553 -0.071549 -0.02109 -49.497189 -73.678459 60.086712 76.016998 -54.451534 -52.209225 80.712746 -1.852512 0.308318 12.27422 26.979521 48.658569 17.636621 -26.322777 52.411385 -19.466761 -14.395652 29.410557 -1.2e-05 -8.774865 1e-06 12.48141 -18.4086 10.156526 -0.609777 -1.795657 -3.889338 -4.80709 -11.046829 -2.937873 4.3e-05 -20.976101 -2.4e-05 -5.019926 -25.033716 -4.031942 5e-06 0.0 0.0 -10.634545 -5.686971 -3.565601 10.573324 -17.922998 -3.113933 2.5e-05 -13.821261 -6e-06 -0.501697 -31.181726 -4.027067 -11.168815 -56.866863 7.794138 -13.98273 -7.150199 -2.875055 13.772777 -8.40152 -3.218266 0.347795 -34.211716 0.771631 -0.963014 -17.733501 2.621055 -3e-06 0.0 2e-06 -17.346428 -20.095232 -4.201814 21.757618 -1.638396 3.866435 1.1e-05 -6.338849 -3e-06 -1.697541 -22.591887 -6.194084 -0.0 -4e-06 -3e-06 76.568733 -82.411026 118.301582 54.875931 -31.023676 -38.86908 60.318516 -1.552087 0.392445 7.512902 34.708447 12.732438 22.182175 -20.375978 49.933548 -16.701925 -16.743576 28.476725 -1.2e-05 -12.690675 -3e-06 16.556625 -16.486137 1.252258 -0.105919 -1.513862 -4.275899 -5.03906 -5.612903 -2.95358 1.2e-05 -11.020624 -1.2e-05 -6.11132 -15.895529 -3.840535 -1e-06 -1e-06 -4e-06 -10.283394 -5.680306 -4.341862 11.028341 -11.302472 -2.372655 -1.384256 -14.238702 -6.320193 -0.625383 -26.92453 -3.827676 -4.667531 -48.66732 -3.627919 -13.708556 -7.3635 -3.720962 18.141233 -14.052829 -3.242701 2.3e-05 -18.787436 -7e-06 -0.429712 -8.456148 2.55554 0.0 -1e-06 -0.0 -15.923569 -20.094559 -5.473626 30.419321 -7.190878 1.735926 1e-05 -8.162994 -2e-06 -1.861865 -22.861759 -6.168032 -4e-06 -5e-06 -1e-06 110.01535 -6.635842 -7.751371 106.157578 1.678405 0.157839 -72.324615 8.131265 -5.186912 -7.208431 1.970384 1.322445 -1.000001 0.0 1e-06 -72.151482 -24.565828 -5.885449 102.757545 1.505627 0.621997 -61.20911 -7.047909 -8.996622 -6.658375 0.847927 1.19734 -1.000003 -2e-06 -1e-06 
0.0 0.0 0.0 0.0 -0.0 0.0 37.411049 14.526759 776.558044 68.882668 75.256096 82.868858 13.250127 3.160522 -3.298599 -3.581595 0.665872 -1.802106 38.743099 7.299772 -0.635573 67.262039 1.539356 1.54082 -2.314218 -0.712342 -2.526164 -6.719022 -0.961567 -3.374778 6e-06 0.0 0.0 -0.124442 -0.005455 0.004504 -0.075312 0.113486 0.030428 0.127699 -0.131267 -0.028004 -51.363186 -74.058487 60.962463 77.380356 -53.603054 -50.900146 73.493103 -0.534741 0.604961 13.737651 28.749172 53.39035 17.63674 -26.322962 52.411552 -19.466799 -14.395662 29.410622 4e-06 -8.774892 -6e-06 13.681223 -18.748327 9.64474 -0.609781 -1.795664 -3.88935 -4.807128 -11.046917 -2.93787 -1.4e-05 -20.976273 1.2e-05 -5.020039 -25.033958 -4.031935 6e-06 -0.0 -0.0 -10.634591 -5.687013 -3.56561 10.57333 -17.923109 -3.113915 -9e-06 -13.821374 6e-06 -0.501796 -31.182028 -4.027076 -11.279639 -58.004501 7.82584 -13.982789 -7.150252 -2.875062 13.77281 -8.40156 -3.218257 0.347701 -34.212025 0.771683 -0.963061 -17.733662 2.621063 -0.0 -0.0 1e-06 -17.346523 -20.095375 -4.201798 21.757689 -1.638373 3.866467 -2e-06 -6.338897 3e-06 -1.697608 -22.592106 -6.194105 0.0 -4e-06 -2e-06 79.109047 -85.055649 113.593391 56.261105 -31.09543 -41.103233 54.191757 -0.003991 -0.007629 6.697912 33.085526 4.527672 22.182278 -20.376087 49.933735 -16.701944 -16.743692 28.476814 1.5e-05 -12.690752 -0.0 16.854103 -16.700922 1.335698 -0.105922 -1.513862 -4.275913 -5.039099 -5.612931 -2.95358 -1.2e-05 -11.020662 -2e-06 -6.111404 -15.895602 -3.84054 -0.0 1e-06 -2e-06 -10.283456 -5.68034 -4.341864 11.028387 -11.302494 -2.372653 -1.384306 -14.238759 -6.320203 -0.625467 -26.924637 -3.827693 -4.794538 -49.15686 -3.539983 -13.70864 -7.363544 -3.720961 18.141308 -14.052847 -3.242702 -2.6e-05 -18.787516 -0.0 -0.429732 -8.456183 2.555548 2e-06 -2e-06 0.0 -15.923697 -20.094654 -5.473608 30.419498 -7.190846 1.735956 -1.2e-05 -8.163027 2e-06 -1.861952 -22.861858 -6.168064 0.0 -3e-06 -2e-06 107.752937 -7.211854 -6.252977 107.073669 1.509668 0.348313 -70.098625 7.099583 -5.364698 -7.801203 2.018502 1.526155 -1.000004 0.0 -2e-06 -75.691132 -23.518873 -3.951382 104.397675 1.123981 0.694235 -59.658615 -7.865841 -7.337913 -6.95076 0.835066 1.363098 -1.000012 -1e-06 -2e-06 
0.0 0.0 0.0 0.0 -0.0 0.0 37.257721 15.373555 778.952209 76.065865 67.459862 90.575172 15.126028 3.736356 -2.915036 -2.54255 1.105329 -1.565048 38.229488 6.900885 0.013469 63.411819 0.65426 2.004763 -2.521585 -0.650831 -2.430562 -9.017939 -1.604025 -3.560425 6e-06 0.0 0.0 -0.111735 -0.085154 0.097288 0.16454 0.075213 0.186328 0.312832 -0.25108 0.005202 -49.29583 -74.399063 57.363228 77.040024 -52.029579 -47.934299 65.307793 1.056382 0.317223 15.767186 29.345631 53.773323 17.636827 -26.323004 52.411724 -19.46681 -14.395695 29.410679 0.0 -8.774922 -1.9e-05 15.041579 -19.229216 8.71337 -0.609786 -1.795662 -3.889357 -4.807136 -11.046898 -2.937886 9e-06 -20.97625 1e-05 -5.020025 -25.033918 -4.031962 5e-06 -2e-06 0.0 -10.634621 -5.687003 -3.56563 10.573369 -17.923098 -3.113912 3e-06 -13.821359 1.1e-05 -0.501778 -31.181986 -4.027075 -11.514271 -58.498001 7.729791 -13.982826 -7.150247 -2.875081 13.772855 -8.401562 -3.218251 0.347739 -34.211956 0.771694 -0.963054 -17.733633 2.621095 -0.0 -0.0 -2e-06 -17.346561 -20.095356 -4.20184 21.757751 -1.638402 3.866499 4e-06 -6.338891 7e-06 -1.697602 -22.59207 -6.194112 0.0 -4e-06 -3e-06 121.734871 -87.321457 68.968056 55.908966 -30.06749 -41.713459 50.187023 1.240633 -0.360204 5.855559 31.833975 -0.71477 22.182346 -20.376127 49.933815 -16.702011 -16.7437 28.476871 -1e-06 -12.690778 -9e-06 16.618114 -16.873156 1.561256 -0.105925 -1.513866 -4.275919 -5.039103 -5.612935 -2.953594 5e-06 -11.020683 -2e-06 -6.111393 -15.895632 -3.840555 1e-06 0.0 1e-06 -10.283463 -5.680338 -4.341884 11.028418 -11.302532 -2.372657 -1.384287 -14.238787 -6.320218 -0.625436 -26.924713 -3.827681 -4.897006 -49.349628 -3.521258 -13.708649 -7.363543 -3.720979 18.141359 -14.052896 -3.242705 9e-06 -18.78755 0.0 -0.429716 -8.456203 2.555562 -1e-06 -0.0 -2e-06 -15.923685 -20.094666 -5.47364 30.419535 -7.190914 1.735963 4e-06 -8.163043 0.0 -1.861917 -22.861906 -6.168063 2e-06 -3e-06 -2e-06 104.952415 -7.945135 -5.751781 107.945107 1.304668 0.441812 -67.502487 5.502047 -5.548913 -8.128174 1.968646 1.743515 -1.000003 1e-06 -1e-06 -80.151314 -22.352549 -1.10504 107.2314 0.71296 0.749676 -59.326839 -8.664662 -6.361731 -7.180764 0.743956 1.516462 -1.000006 2e-06 -1e-06 
0.0 0.0 0.0 0.0 -0.0 0.0 37.208382 16.288443 780.944763 80.959953 59.158894 95.2295 17.768202 4.190337 -2.251892 -1.512034 1.386236 -1.158211 36.628014 6.115955 0.032625 58.115429 -0.605667 2.2285 -2.549079 -0.26176 -2.432247 -12.207656 -2.291576 -3.354368 6e-06 -0.0 -0.0 -0.070456 -0.143038 0.163063 0.487411 0.015029 0.32783 0.557447 -0.306783 -0.004017 -40.792999 -73.915817 46.689682 76.391823 -50.677029 -43.346577 56.732479 2.254069 -0.215649 19.470215 28.553375 49.403847 17.636812 -26.323027 52.411621 -19.466867 -14.395715 29.410688 1e-06 -8.774937 -1.2e-05 15.288098 -19.229313 7.758922 -0.609783 -1.795668 -3.889354 -4.80714 -11.046942 -2.937877 -1e-06 -20.976355 1.6e-05 -5.020065 -25.034084 -4.031943 6e-06 -2e-06 -1e-06 -10.634618 -5.687018 -3.565614 10.573383 -17.923166 -3.113924 1e-06 -13.821425 1e-05 -0.501787 -31.182184 -4.02708 -11.498094 -57.8638 7.158625 -13.982823 -7.150262 -2.875062 13.772865 -8.40159 -3.218264 0.347725 -34.212166 0.771695 -0.963058 -17.733753 2.621092 -0.0 -1e-06 0.0 -17.346567 -20.0954 -4.2018 21.757778 -1.638395 3.866481 2e-06 -6.338922 3e-06 -1.697609 -22.592215 -6.194121 1e-06 -2e-06 -4e-06 179.895767 -84.533165 8.889013 54.319359 -29.984575 -41.851269 47.807404 1.936285 -0.676456 6.755168 31.366268 -2.147872 22.182301 -20.376139 49.933674 -16.701958 -16.743765 28.476799 1.4e-05 -12.690793 7e-06 15.800903 -16.685949 1.958208 -0.105919 -1.513861 -4.275912 -5.039106 -5.612932 -2.953569 -1.3e-05 -11.020673 2.2e-05 -6.111445 -15.895615 -3.840498 0.0 0.0 1e-06 -10.283467 -5.680337 -4.341853 11.028415 -11.302507 -2.37265 -1.384315 -14.23877 -6.320174 -0.625515 -26.924679 -3.827629 -4.852437 -48.977085 -3.342845 -13.708658 -7.363542 -3.720943 18.141354 -14.052862 -3.242702 -3.6e-05 -18.787544 2.7e-05 -0.429738 -8.456203 2.55556 -0.0 0.0 -2e-06 -15.923724 -20.094656 -5.473575 30.419577 -7.190862 1.735948 -1.5e-05 -8.163043 1e-05 -1.861992 -22.86191 -6.168028 4e-06 -3e-06 -2e-06 101.295578 -8.498381 -6.318786 108.163994 1.278133 0.307442 -62.655251 3.095533 -6.764766 -7.5772 1.700964 1.893257 -1.000001 0.0 1e-06 -85.060295 -21.185158 2.103052 111.40583 0.255466 0.71249 -60.116451 -9.343543 -6.721173 -7.603833 0.606351 1.661728 -1.0 0.0 0.0 
0.0 0.0 0.0 0.0 -0.0 0.0 37.274845 17.402359 782.971436 85.676216 50.258675 98.807571 20.865059 4.141935 -1.38811 -0.858044 1.297819 -0.565168 34.501976 5.040473 -0.984826 51.774887 -1.683718 2.204259 -2.594073 0.166101 -2.630779 -15.529692 -2.937732 -2.756852 4e-06 -0.0 -0.0 -0.088204 -0.185828 0.198095 0.644555 -0.080528 0.39166 0.668871 -0.295729 -0.007015 -30.357841 -72.364639 33.569309 75.546326 -49.949814 -36.933475 47.739304 2.324948 -0.010807 26.03594 30.393137 43.634193 17.636677 -26.322927 52.411633 -19.466837 -14.39578 29.410706 -8e-06 -8.774931 5e-06 14.55466 -18.595922 7.129309 -0.609777 -1.795658 -3.889355 -4.807122 -11.04686 -2.937877 3.4e-05 -20.976171 -6e-06 -5.019994 -25.033813 -4.03195 6e-06 -1e-06 1e-06 -10.634599 -5.686987 -3.565606 10.573388 -17.923044 -3.113942 1.6e-05 -13.821312 7e-06 -0.501746 -31.181864 -4.02706 -10.524247 -56.49852 5.622873 -13.982802 -7.150219 -2.875053 13.772866 -8.401542 -3.218288 0.347768 -34.211849 0.771682 -0.963039 -17.73358 2.621088 -1e-06 -0.0 0.0 -17.346527 -20.095282 -4.201811 21.757763 -1.638403 3.86644 7e-06 -6.338868 7e-06 -1.69758 -22.591974 -6.194097 -1e-06 -4e-06 -0.0 -171.119415 -79.204735 -2.023342 52.467125 -31.489538 -41.392975 45.963108 2.434063 -0.788132 8.707346 32.986664 0.75391 22.182194 -20.375931 49.933559 -16.701965 -16.743557 28.476717 -3.3e-05 -12.690659 -3e-06 14.965498 -16.476316 2.363834 -0.10592 -1.513869 -4.275901 -5.039052 -5.612894 -2.953584 3.2e-05 -11.020591 -2.9e-05 -6.111271 -15.895468 -3.840551 0.0 0.0 -3e-06 -10.283396 -5.680306 -4.341871 11.028353 -11.30247 -2.37266 -1.384233 -14.238669 -6.320192 -0.625324 -26.924444 -3.827686 -4.265172 -48.358398 -3.418999 -13.708556 -7.363496 -3.720975 18.141243 -14.052829 -3.242715 6.5e-05 -18.787376 -3e-05 -0.429687 -8.456112 2.55553 1e-06 -1e-06 1e-06 -15.92355 -20.094559 -5.473652 30.419313 -7.190908 1.735921 2.4e-05 -8.162964 -6e-06 -1.861813 -22.861639 -6.168023 -1e-06 -3e-06 -1e-06 94.546684 -8.637573 -9.771366 108.145248 1.239217 0.250449 -57.534161 2.343612 -7.898955 -7.265037 1.520821 1.794712 -1.000002 0.0 -1e-06 -89.744835 -20.453638 5.528988 115.046944 0.037203 0.488015 -59.679939 -10.528446 -9.376332 -8.16992 0.513061 1.745425 -1.000002 -1e-06 1e-06 
0.0 0.0 0.0 0.0 -0.0 0.0 37.316059 18.960394 785.369995 89.468254 41.797546 100.906448 23.513924 3.595226 -0.617514 -0.362036 0.91459 -0.419712 33.220222 4.076114 -1.697201 45.320633 -2.058097 2.505631 -2.622628 -0.090762 -2.823303 -18.270014 -3.344434 -2.959585 8e-06 0.0 -0.0 -0.113671 -0.207226 0.227809 0.546662 -0.118709 0.364111 0.509188 -0.299128 0.078171 -23.211151 -71.594109 24.56806 74.323959 -48.865021 -29.897684 40.075985 2.038966 0.500396 31.535353 35.940426 40.147919 17.636688 -26.322943 52.411484 -19.466957 -14.395682 29.410709 0.0 -8.774914 1e-05 14.166327 -18.160345 6.786725 -0.609777 -1.79568 -3.889354 -4.807133 -11.046992 -2.937882 -8e-06 -20.976442 -2.9e-05 -5.020042 -25.034201 -4.03196 5e-06 -1e-06 1e-06 -10.634599 -5.687048 -3.5656 10.57336 -17.923231 -3.113967 -3e-06 -13.82148 -2.8e-05 -0.501743 -31.182337 -4.027168 -10.591617 -55.904602 5.43857 -13.9828 -7.150295 -2.875041 13.772844 -8.401611 -3.218296 0.34774 -34.212322 0.771589 -0.963029 -17.73382 2.621021 0.0 0.0 0.0 -17.34655 -20.095491 -4.201774 21.757742 -1.638365 3.866439 -2e-06 -6.338946 -1.5e-05 -1.697586 -22.592331 -6.194179 0.0 -7e-06 -3e-06 -171.929718 -75.520828 -2.899629 51.287842 -32.660439 -41.05188 43.37001 1.588589 -0.62899 10.847955 36.874157 4.636594 22.182217 -20.376062 49.933674 -16.701982 -16.743717 28.476837 4e-05 -12.690781 1.2e-05 14.809219 -16.907598 2.528321 -0.105919 -1.51387 -4.275914 -5.039111 -5.612963 -2.953575 -3.7e-05 -11.020717 3e-06 -6.111468 -15.895717 -3.84053 0.0 0.0 -0.0 -10.283463 -5.680369 -4.341849 11.02838 -11.302524 -2.372667 -1.384335 -14.238839 -6.320204 -0.625533 -26.924793 -3.827723 -4.198421 -48.459614 -3.501704 -13.708649 -7.363585 -3.720937 18.141312 -14.052876 -3.242725 -5.6e-05 -18.787603 -2.3e-05 -0.429746 -8.456222 2.555533 -2e-06 -2e-06 0.0 -15.923733 -20.094748 -5.473568 30.419533 -7.19081 1.735937 -2.4e-05 -8.163059 -1.4e-05 -1.861983 -22.861994 -6.168134 1e-06 -3e-06 -2e-06 86.756989 -9.164747 -13.220242 109.783966 1.171808 0.297813 -56.50388 2.384736 -9.597441 -7.734497 1.576933 1.690669 -1.000003 -0.0 0.0 -96.296806 -19.252481 9.268932 116.488716 -0.040013 0.235813 -59.833279 -10.25832 -11.476302 -8.652895 0.473893 1.746518 -1.000007 -0.0 -1e-06 
0.0 0.0 0.0 0.0 -0.0 0.0 37.283585 20.87616 788.205139 91.454033 34.930901 102.135178 25.517925 3.240117 -0.302102 0.296669 0.783098 -0.560557 33.159782 3.800612 -1.851609 39.941448 -2.281932 2.892905 -2.581679 -0.273281 -3.310389 -20.460432 -3.432717 -3.454538 9e-06 1e-06 -0.0 -0.108808 -0.187324 0.221138 0.43654 -0.080186 0.300435 0.354344 -0.295771 0.128984 -17.722626 -71.677986 18.278765 73.289268 -47.727531 -24.199612 33.79837 1.357691 0.524588 37.00526 42.505779 40.029148 17.636621 -26.322958 52.411583 -19.466936 -14.395732 29.410748 -1e-06 -8.774919 1.7e-05 14.013935 -18.170107 6.87737 -0.609776 -1.795675 -3.88936 -4.807132 -11.046964 -2.937879 -6e-06 -20.976376 -2.4e-05 -5.020043 -25.034107 -4.031959 7e-06 1e-06 1e-06 -10.634595 -5.687037 -3.5656 10.573369 -17.923187 -3.113974 -3e-06 -13.821437 -2e-05 -0.501751 -31.182205 -4.027147 -11.504955 -56.284115 6.344326 -13.982799 -7.15028 -2.875042 13.772845 -8.401589 -3.218307 0.347733 -34.212181 0.771606 -0.96304 -17.73374 2.62103 -0.0 2e-06 0.0 -17.346542 -20.095451 -4.201779 21.757748 -1.638364 3.866422 -4e-06 -6.338928 -8e-06 -1.697594 -22.592241 -6.194153 1e-06 -4e-06 -1e-06 -172.079346 -73.904099 -3.466608 50.082569 -32.768394 -40.994968 40.549282 0.152249 -0.543483 14.0913 42.072491 7.998136 22.182178 -20.376099 49.933773 -16.702 -16.743698 28.476889 2.1e-05 -12.690745 1.8e-05 14.972255 -17.301537 2.528951 -0.105921 -1.513874 -4.275922 -5.039094 -5.612956 -2.953587 -2e-05 -11.020711 -4e-06 -6.111415 -15.895691 -3.840532 -0.0 1e-06 2e-06 -10.283445 -5.680365 -4.341864 11.028377 -11.30253 -2.372674 -1.384304 -14.238829 -6.320218 -0.625482 -26.924784 -3.827717 -4.467612 -48.67387 -3.578744 -13.708623 -7.363575 -3.720954 18.141293 -14.052885 -3.242733 -3.3e-05 -18.787592 -2.1e-05 -0.429741 -8.456217 2.555537 -2e-06 -4e-06 1e-06 -15.923685 -20.094732 -5.473604 30.419487 -7.190835 1.735912 -1.7e-05 -8.163058 -1e-05 -1.861949 -22.861986 -6.168099 -1e-06 0.0 -1e-06 80.154266 -9.488913 -14.907728 112.660568 1.088433 0.303882 -57.903244 2.343874 -10.61589 -8.233513 1.651072 1.674048 -1.000003 2e-06 3e-06 -103.583374 -18.444735 12.713183 118.595978 -0.149047 0.08183 -61.989254 -9.343995 -12.887871 -9.013448 0.451135 1.697221 -1.00001 0.0 -0.0 
0.0 0.0 0.0 0.0 -0.0 0.0 37.122295 22.729319 791.311401 92.125641 29.475681 102.756416 27.150482 3.225879 -0.223181 1.030817 0.828136 -0.657582 34.026653 3.968063 -1.592584 35.78138 -2.241609 2.897628 -2.562789 -0.292397 -3.578489 -22.196939 -3.19307 -3.800359 4e-06 -1e-06 0.0 -0.090132 -0.140811 0.158937 0.388326 -0.01621 0.218491 0.322 -0.266897 0.087315 -13.985462 -71.642738 14.473683 72.815559 -47.122932 -19.987816 29.913029 0.706531 0.49715 42.626881 48.511044 42.613186 17.636795 -26.32309 52.411736 -19.466911 -14.395715 29.410761 -0.0 -8.774937 -5e-06 14.130217 -18.287809 7.029294 -0.609783 -1.795673 -3.889364 -4.807144 -11.046971 -2.937886 -4e-06 -20.976416 1e-05 -5.020063 -25.034159 -4.031952 6e-06 1e-06 0.0 -10.634623 -5.687036 -3.565624 10.573387 -17.923212 -3.113936 -1e-06 -13.821465 5e-06 -0.501783 -31.182301 -4.027098 -12.195734 -57.094337 7.195958 -13.98283 -7.150279 -2.875072 13.772872 -8.401608 -3.218275 0.347721 -34.21228 0.771685 -0.963062 -17.733812 2.621088 -1e-06 1e-06 0.0 -17.346573 -20.095455 -4.201814 21.757778 -1.638395 3.866478 1e-06 -6.338939 2e-06 -1.6976 -22.592293 -6.194144 0.0 -5e-06 -2e-06 -171.211197 -73.203362 -4.368898 48.796249 -32.967564 -40.848171 38.248867 -1.054117 -0.72554 18.810951 47.607845 11.317566 22.182384 -20.376263 49.933952 -16.701979 -16.743746 28.476927 2.9e-05 -12.690813 -1.1e-05 14.955647 -17.509201 2.575949 -0.105926 -1.513867 -4.275928 -5.039122 -5.61296 -2.953594 -2.3e-05 -11.020733 2e-05 -6.111465 -15.895727 -3.84055 -0.0 1e-06 3e-06 -10.283492 -5.680366 -4.341886 11.028423 -11.302553 -2.37264 -1.384331 -14.238852 -6.320231 -0.625534 -26.92486 -3.82768 -4.744942 -48.747707 -3.752583 -13.708686 -7.363579 -3.720977 18.141365 -14.052914 -3.242687 -4.8e-05 -18.787642 2.9e-05 -0.429747 -8.456248 2.555572 3e-06 1e-06 -0.0 -15.923757 -20.094744 -5.47362 30.419603 -7.190874 1.735989 -1.9e-05 -8.163084 1.2e-05 -1.862006 -22.862057 -6.16808 2e-06 -5e-06 -2e-06 74.529724 -9.338511 -15.419333 115.989784 0.981449 0.324818 -60.24556 1.846923 -10.370714 -8.668426 1.684922 1.789843 -1.000002 0.0 1e-06 -109.232773 -18.381084 15.308892 121.240395 -0.10856 0.056925 -63.984879 -7.784501 -13.882093 -9.430114 0.442578 1.649684 -1.000003 -0.0 -1e-06 
0.0 0.0 0.0 0.0 -0.0 0.0 36.881752 24.500107 794.697571 92.098221 25.077213 102.90744 28.277111 3.400335 -0.093943 1.783379 0.948409 -0.67608 35.577305 4.279223 -0.974849 32.981556 -1.965198 2.693069 -2.556354 -0.24901 -3.758015 -23.514858 -2.621765 -4.06974 5e-06 -0.0 -0.0 -0.061834 -0.071382 0.068074 0.393355 0.064996 0.137217 0.362511 -0.210619 -0.009105 -12.62886 -71.934723 13.745781 72.522804 -46.65696 -16.742327 28.416508 0.008486 0.530614 50.10223 52.771088 49.821011 17.636656 -26.322756 52.41127 -19.466768 -14.395609 29.410501 -5e-06 -8.774852 0.0 14.328671 -18.338659 7.129623 -0.609777 -1.795662 -3.889335 -4.807094 -11.046858 -2.937869 2.2e-05 -20.976147 -2.4e-05 -5.019951 -25.033789 -4.031934 6e-06 1e-06 1e-06 -10.634544 -5.686987 -3.565596 10.573304 -17.923031 -3.113929 1.4e-05 -13.82129 -1.4e-05 -0.501717 -31.181818 -4.027088 -12.529507 -57.919792 7.761735 -13.982728 -7.150218 -2.875051 13.772758 -8.401535 -3.21826 0.347775 -34.211796 0.771612 -0.963013 -17.733538 2.621029 -1e-06 -1e-06 0.0 -17.346436 -20.095282 -4.201796 21.757595 -1.638381 3.866433 6e-06 -6.33886 -6e-06 -1.697553 -22.591951 -6.19409 -0.0 -4e-06 -2e-06 -169.254105 -73.495003 -5.630737 47.015938 -33.448372 -40.085251 37.187691 -1.899246 -1.095846 25.800821 52.808723 16.175917 22.182249 -20.376019 49.933479 -16.701841 -16.743589 28.476612 1.1e-05 -12.690681 -1.6e-05 14.808478 -17.621126 2.65819 -0.105924 -1.513858 -4.275893 -5.039075 -5.612903 -2.953566 -4e-06 -11.02061 1.4e-05 -6.111372 -15.895509 -3.840499 -0.0 -1e-06 0.0 -10.283416 -5.680313 -4.341852 11.028334 -11.302455 -2.372617 -1.3843 -14.238684 -6.320152 -0.625488 -26.92448 -3.827612 -4.99722 -48.810555 -3.890203 -13.708585 -7.36351 -3.72095 18.141218 -14.052802 -3.242654 -1.7e-05 -18.787432 2e-05 -0.429725 -8.456145 2.555544 1e-06 1e-06 -1e-06 -15.923623 -20.094566 -5.473584 30.41934 -7.190844 1.735978 -5e-06 -8.162994 6e-06 -1.861937 -22.861746 -6.167996 0.0 -2e-06 -4e-06 70.056259 -8.931314 -15.208039 119.758667 0.898108 0.285729 -62.673996 1.066411 -9.061491 -9.077895 1.65916 1.921917 -1.0 -0.0 -1e-06 -113.216324 -18.714619 17.23933 124.284554 -0.044161 0.132891 -66.193802 -5.561787 -14.173913 -9.858305 0.489124 1.617295 -1.000005 -0.0 -1e-06 
0.0 0.0 0.0 0.0 -0.0 0.0 36.684669 26.288748 798.362488 91.752083 21.597948 102.632347 28.853554 3.657902 0.061397 2.515033 1.152938 -0.526528 37.652973 4.597194 -0.194167 31.430403 -1.72962 2.345806 -2.547309 -0.193568 -3.874571 -24.129124 -1.765695 -4.292436 5e-06 0.0 -0.0 -0.040591 -0.009878 -0.003031 0.421681 0.120404 0.097702 0.4297 -0.143586 -0.107871 -13.870804 -73.154373 16.384508 72.479767 -46.15115 -13.795543 27.994015 -0.321002 0.499963 59.845707 55.573307 61.091885 17.636669 -26.32303 52.411674 -19.466946 -14.395783 29.410769 -4e-06 -8.774943 1.4e-05 14.736022 -18.318457 7.148494 -0.609775 -1.795672 -3.889365 -4.807134 -11.046953 -2.937878 1.1e-05 -20.97636 -1.1e-05 -5.020042 -25.034067 -4.031947 6e-06 2e-06 0.0 -10.634614 -5.687026 -3.565606 10.573401 -17.923185 -3.113967 5e-06 -13.821432 -6e-06 -0.501753 -31.182194 -4.027108 -12.747768 -58.779892 8.122438 -13.982822 -7.150267 -2.875048 13.772882 -8.401598 -3.218307 0.34775 -34.212173 0.771644 -0.963039 -17.733736 2.621061 -0.0 -0.0 -1e-06 -17.346567 -20.09543 -4.201788 21.75779 -1.638387 3.866431 1e-06 -6.338923 -3e-06 -1.697592 -22.592209 -6.194136 0.0 -5e-06 -2e-06 -164.87056 -75.152122 -8.578825 44.386154 -33.824532 -38.311047 37.504227 -2.034364 -1.444533 36.524857 57.214382 24.563608 22.182163 -20.376144 49.933907 -16.702044 -16.74371 28.476976 -1e-06 -12.690742 3.3e-05 14.493902 -17.594452 2.760001 -0.10592 -1.513873 -4.275929 -5.039085 -5.61295 -2.953594 -7e-06 -11.020713 -1.1e-05 -6.111381 -15.895691 -3.840545 -1e-06 2e-06 1e-06 -10.283434 -5.680356 -4.341882 11.028386 -11.30254 -2.372686 -1.384273 -14.23882 -6.320233 -0.625425 -26.924778 -3.827724 -5.04215 -48.688023 -4.059106 -13.708612 -7.363561 -3.720971 18.14131 -14.0529 -3.242755 -7e-06 -18.787582 -1.7e-05 -0.429733 -8.456218 2.555545 0.0 1e-06 2e-06 -15.923649 -20.094711 -5.473635 30.419474 -7.190863 1.73588 -1e-05 -8.163054 -7e-06 -1.861921 -22.861967 -6.168085 -1e-06 1e-06 0.0 66.980705 -8.214641 -14.497808 123.760818 0.805022 0.206915 -64.644485 0.163468 -7.03334 -9.646116 1.619218 1.989439 -1.0 0.0 -0.0 -115.532402 -19.211761 18.784859 127.596703 -0.018872 0.317213 -68.435844 -2.644899 -13.532928 -10.310489 0.548507 1.591512 -1.000004 -0.0 0.0 
0.0 0.0 0.0 0.0 -0.0 0.0 36.646973 27.93922 802.059204 91.543411 18.958977 101.742653 29.063213 3.768983 0.176319 3.131633 1.327429 -0.222325 39.781685 4.725514 0.428362 30.883104 -1.844172 1.984309 -2.518045 -0.1457 -3.891225 -24.146746 -1.015819 -4.456639 4e-06 -0.0 0.0 -0.034098 0.006908 -0.022015 0.44819 0.11871 0.115907 0.480498 -0.105996 -0.164842 -17.307428 -75.208992 21.692059 72.863464 -46.272655 -11.62466 26.856979 0.177608 0.485299 68.883202 57.324944 72.035316 17.636862 -26.323057 52.4118 -19.466921 -14.395679 29.410761 -7e-06 -8.774931 -2e-05 15.207363 -18.234865 7.041523 -0.609786 -1.795674 -3.889366 -4.807136 -11.046951 -2.937901 2.5e-05 -20.976358 -1.2e-05 -5.02 -25.034061 -4.031981 6e-06 1e-06 -0.0 -10.634626 -5.687029 -3.565639 10.573394 -17.923199 -3.11394 1.8e-05 -13.821432 -4e-06 -0.501721 -31.182175 -4.027114 -12.915096 -59.656559 8.529855 -13.982834 -7.150273 -2.875091 13.772868 -8.401611 -3.218265 0.347783 -34.212181 0.77165 -0.96303 -17.73374 2.621088 -0.0 -0.0 0.0 -17.346565 -20.095442 -4.201854 21.757767 -1.638413 3.866505 1e-05 -6.338919 -1e-06 -1.697562 -22.592188 -6.194157 -0.0 -4e-06 -2e-06 -158.530838 -77.215836 -13.589338 41.924274 -34.547577 -35.951221 38.212925 -1.305668 -1.482935 49.218933 60.216362 35.124424 22.182402 -20.376192 49.933842 -16.702024 -16.743715 28.476885 9e-06 -12.690798 -9e-06 14.079027 -17.506996 2.883347 -0.105924 -1.513872 -4.275922 -5.039118 -5.612959 -2.953592 -6e-06 -11.02074 7e-06 -6.111437 -15.895729 -3.840548 3e-06 1e-06 4e-06 -10.283489 -5.680359 -4.341879 11.02843 -11.302568 -2.372651 -1.384305 -14.238853 -6.320223 -0.625475 -26.924858 -3.827684 -4.839305 -48.408318 -4.291895 -13.708682 -7.363571 -3.720972 18.141382 -14.052943 -3.2427 -8e-06 -18.787647 2e-06 -0.429724 -8.456251 2.555561 1e-06 1e-06 -0.0 -15.923744 -20.094738 -5.47362 30.41959 -7.190911 1.735976 -2e-06 -8.163083 -2e-06 -1.861933 -22.862034 -6.168097 -0.0 1e-06 -2e-06 65.599319 -7.484839 -13.471326 127.77549 0.659901 0.078242 -65.90612 -0.67194 -4.306926 -10.460973 1.609543 2.00072 -1.000008 -0.0 -0.0 -116.118286 -19.373596 20.168337 130.79213 -0.037754 0.557393 -70.290192 0.789612 -12.493131 -10.811176 0.558618 1.571184 -1.000008 2e-06 0.0 
0.0 0.0 0.0 0.0 -0.0 0.0 36.782856 29.385757 805.616882 91.453178 16.83139 100.201134 29.204977 3.720648 0.278418 3.556235 1.418549 0.068126 41.403301 4.517298 0.720097 30.836784 -2.193726 1.661866 -2.499537 -0.145884 -3.811515 -24.383432 -0.509517 -4.568523 5e-06 -0.0 -0.0 -0.026357 0.015988 -0.025233 0.424278 0.100911 0.13394 0.469936 -0.067439 -0.192155 -21.495634 -77.665474 27.69001 73.206924 -47.540039 -10.230611 24.326704 1.456231 0.573959 76.024399 58.884174 80.808357 17.636852 -26.323107 52.411964 -19.46694 -14.395703 29.41086 -3e-06 -8.774944 -1.4e-05 15.427093 -18.122648 6.834683 -0.609788 -1.795674 -3.889374 -4.807145 -11.04696 -2.937912 1.8e-05 -20.976395 -1.5e-05 -5.020014 -25.034142 -4.032006 6e-06 0.0 0.0 -10.634634 -5.687036 -3.56565 10.573399 -17.923201 -3.113946 1.2e-05 -13.821453 -3e-06 -0.501728 -31.182262 -4.027138 -12.668492 -60.209915 8.70509 -13.982841 -7.150279 -2.875103 13.772877 -8.401611 -3.218274 0.347761 -34.212223 0.771662 -0.963049 -17.733776 2.621097 -0.0 -0.0 0.0 -17.346577 -20.095449 -4.201872 21.75779 -1.638405 3.866511 6e-06 -6.338935 1e-06 -1.697572 -22.592253 -6.194187 -0.0 -4e-06 -2e-06 -153.680023 -78.615898 -17.832708 41.101665 -35.872051 -34.261272 38.18655 -0.54875 -1.284559 60.981304 61.783146 45.163391 22.182423 -20.376183 49.9338 -16.70195 -16.743662 28.476807 -3e-06 -12.690758 -2.4e-05 13.820857 -17.417896 2.970104 -0.105928 -1.513865 -4.275915 -5.039098 -5.612925 -2.953592 8e-06 -11.020676 1.2e-05 -6.111384 -15.895602 -3.840542 -0.0 -1e-06 0.0 -10.283463 -5.680329 -4.341886 11.028407 -11.302526 -2.372627 -1.384288 -14.238769 -6.320203 -0.62545 -26.924685 -3.827636 -4.630617 -48.225006 -4.353691 -13.708648 -7.363533 -3.720988 18.141338 -14.0529 -3.242665 8e-06 -18.787548 2.9e-05 -0.429717 -8.456203 2.555576 -0.0 -6e-06 -0.0 -15.923685 -20.094646 -5.473641 30.4195 -7.19093 1.736001 7e-06 -8.163048 1.5e-05 -1.861923 -22.861908 -6.168025 1e-06 0.0 -2e-06 65.839737 -6.861238 -11.987196 131.514847 0.523447 -0.009984 -67.262932 -1.152664 -0.803628 -11.389688 1.581039 1.988391 -1.000002 0.0 2e-06 -115.226807 -19.020519 21.134687 133.328552 -0.112816 0.75744 -72.336212 4.05226 -11.543967 -11.359081 0.552584 1.55219 -1.000006 1e-06 0.0 
0.0 0.0 0.0 0.0 -0.0 0.0 37.099216 30.787033 808.823486 91.124809 14.615013 98.175659 28.918158 3.760099 0.428122 4.165749 1.413614 0.171465 42.245312 3.897121 0.756633 30.803402 -2.293642 1.57533 -2.520971 -0.544367 -3.744128 -24.947113 0.04593 -4.516294 4e-06 0.0 -0.0 -0.017733 -0.006036 -0.000434 0.415353 0.016874 0.1962 0.449827 -0.026058 -0.209969 -25.299051 -80.39045 33.077644 72.781815 -49.117588 -9.381858 21.26335 2.879525 0.720601 81.352074 60.583374 87.25428 17.636869 -26.323082 52.411751 -19.467018 -14.395739 29.410812 -1.3e-05 -8.774967 -8e-06 15.59532 -18.176796 6.485048 -0.609782 -1.795681 -3.889369 -4.807143 -11.047003 -2.9379 3.4e-05 -20.9765 -1.2e-05 -5.020036 -25.034262 -4.031975 6e-06 0.0 0.0 -10.634643 -5.687043 -3.565629 10.573444 -17.923281 -3.113964 2.4e-05 -13.821515 -7e-06 -0.501716 -31.18243 -4.027132 -12.622132 -60.45509 8.704199 -13.982856 -7.15029 -2.875077 13.772919 -8.401652 -3.218289 0.347802 -34.212387 0.771637 -0.963023 -17.733854 2.62109 1e-06 0.0 -0.0 -17.346594 -20.095493 -4.20183 21.757843 -1.638425 3.866487 1.1e-05 -6.338955 -5e-06 -1.697565 -22.592369 -6.194183 -0.0 -3e-06 -2e-06 -148.75679 -79.399727 -22.242237 41.90131 -36.812653 -33.813732 37.051609 0.466724 -1.082979 70.110435 61.726204 53.398773 22.182413 -20.376247 49.933895 -16.702051 -16.743755 28.476942 2.8e-05 -12.690838 -5e-06 13.41871 -17.48785 3.078414 -0.105923 -1.513874 -4.275928 -5.039127 -5.612983 -2.953592 -2.2e-05 -11.020782 1.1e-05 -6.111483 -15.895805 -3.840548 0.0 -1e-06 0.0 -10.283503 -5.680381 -4.341877 11.02844 -11.302599 -2.372652 -1.384332 -14.238928 -6.32024 -0.625532 -26.925018 -3.82771 -3.929142 -47.783604 -4.784967 -13.708698 -7.363597 -3.720966 18.141405 -14.052974 -3.24271 -3.6e-05 -18.787733 -3e-06 -0.429738 -8.456288 2.555559 1e-06 2e-06 -2e-06 -15.92378 -20.094809 -5.473605 30.419651 -7.190897 1.735981 -1.4e-05 -8.163116 -9e-06 -1.861976 -22.862171 -6.168146 1e-06 -2e-06 -2e-06 67.1007 -6.200007 -9.93123 134.573669 0.448322 -0.10903 -70.193222 -2.459933 2.616212 -11.926041 1.512313 1.854233 -1.000005 -0.0 1e-06 -113.732391 -17.812254 21.523384 135.137756 -0.238913 0.989597 -74.335052 7.203034 -11.082335 -11.81867 0.640885 1.534992 -1.000005 1e-06 0.0 
0.0 0.0 0.0 0.0 -0.0 0.0 37.211521 32.499374 811.68158 90.983917 12.537238 96.398811 28.868393 3.583382 0.439363 4.345503 1.366988 0.234709 42.88588 3.335562 0.414068 30.134741 -2.367018 1.241364 -2.580992 -0.729515 -3.59677 -25.742701 0.248843 -4.219588 6e-06 0.0 -0.0 -0.034582 -0.008035 -0.001589 0.378034 -0.000502 0.191131 0.403038 -0.009183 -0.211618 -32.017265 -82.854523 40.759914 72.183456 -50.332241 -8.884902 17.754377 3.479244 0.802311 85.823502 61.662621 92.505905 17.636967 -26.322954 52.411575 -19.466885 -14.395662 29.410641 6e-06 -8.774949 -3.6e-05 15.990047 -18.306534 6.028626 -0.609789 -1.795676 -3.889354 -4.807154 -11.04695 -2.937894 1.6e-05 -20.976368 -1.1e-05 -5.02003 -25.0341 -4.032001 6e-06 0.0 -0.0 -10.634645 -5.68703 -3.565627 10.5734 -17.923185 -3.113921 1.5e-05 -13.821433 -6e-06 -0.501736 -31.182205 -4.027131 -12.58355 -60.678444 8.735262 -13.982859 -7.150276 -2.875082 13.772889 -8.401601 -3.218242 0.347781 -34.212189 0.771641 -0.963019 -17.733751 2.62108 -0.0 0.0 -0.0 -17.346607 -20.095432 -4.201835 21.757814 -1.638409 3.866532 9e-06 -6.338929 -5e-06 -1.697588 -22.592234 -6.194172 0.0 -4e-06 -2e-06 -147.777695 -79.580688 -23.4713 43.826138 -37.923092 -33.303349 35.670845 1.19559 -0.675357 75.672264 62.561096 59.334763 22.182325 -20.376068 49.933525 -16.701971 -16.743719 28.476727 1e-06 -12.690779 -5e-06 13.874751 -17.567862 2.970121 -0.105918 -1.513864 -4.275904 -5.039097 -5.612923 -2.953567 3e-06 -11.020664 1.3e-05 -6.111413 -15.895591 -3.840502 1e-06 1e-06 1e-06 -10.283463 -5.680326 -4.341849 11.028418 -11.30251 -2.372642 -1.384297 -14.238748 -6.320169 -0.625468 -26.924637 -3.82762 -4.099998 -48.018909 -4.58602 -13.708648 -7.363526 -3.720939 18.141354 -14.052872 -3.242692 -2e-06 -18.787516 1.5e-05 -0.429718 -8.456185 2.55555 0.0 1e-06 1e-06 -15.923698 -20.094633 -5.473574 30.419559 -7.190896 1.735957 1e-06 -8.163032 2e-06 -1.861946 -22.861858 -6.168027 1e-06 -1e-06 -2e-06 68.943977 -5.698919 -8.09269 136.863556 0.303023 -0.000271 -77.777931 -1.81107 4.292317 -11.720037 1.60143 1.892915 -1.000005 0.0 -0.0 -111.810539 -16.299391 21.148188 136.781448 -0.410691 0.94822 -79.256157 8.458044 -11.227055 -11.780813 0.605718 1.53291 -1.000008 -0.0 0.0 
0.0 0.0 0.0 0.0 -0.0 0.0 37.180649 34.420094 814.086426 90.877686 10.144934 95.047287 28.752634 3.33035 0.445809 4.431304 1.276495 0.174303 43.143002 2.794014 0.019911 29.140129 -2.053708 1.027706 -2.619765 -0.90313 -3.478104 -26.844742 0.417172 -3.943315 7e-06 0.0 0.0 -0.04286 0.017808 -0.011275 0.362998 0.020695 0.17558 0.383178 0.024233 -0.217531 -39.091106 -84.605446 48.25494 71.8228 -50.957172 -8.522262 14.629301 3.536203 0.8103 88.510902 62.937325 96.602104 17.636808 -26.322897 52.411366 -19.466898 -14.395671 29.410587 -1e-05 -8.774914 -1e-05 16.313206 -18.49955 5.567696 -0.609778 -1.79567 -3.889345 -4.807118 -11.046933 -2.937875 3.6e-05 -20.97633 -1.3e-05 -5.019994 -25.034019 -4.031937 5e-06 0.0 -0.0 -10.634599 -5.687017 -3.565602 10.573387 -17.923174 -3.113938 2.6e-05 -13.821409 -1e-05 -0.50171 -31.182137 -4.027095 -12.534743 -60.905182 8.642761 -13.9828 -7.150252 -2.875052 13.772856 -8.401605 -3.218268 0.347809 -34.212124 0.771621 -0.963003 -17.733709 2.621061 1e-06 1e-06 0.0 -17.346529 -20.095394 -4.201791 21.757734 -1.638412 3.866463 1.3e-05 -6.338912 -7e-06 -1.697554 -22.592169 -6.194125 1e-06 -4e-06 -2e-06 -147.791901 -79.544075 -23.914682 46.215008 -38.529652 -32.981491 33.900627 1.755772 -0.311346 79.452896 63.377758 64.268517 22.182236 -20.376068 49.933491 -16.701977 -16.743656 28.476734 1e-06 -12.690733 4e-06 14.368983 -17.648022 2.813783 -0.105918 -1.513867 -4.275899 -5.03908 -5.612938 -2.95357 2e-06 -11.020701 1.1e-05 -6.111392 -15.89566 -3.840498 0.0 1e-06 -1e-06 -10.283428 -5.680333 -4.341846 11.028379 -11.302537 -2.372648 -1.384288 -14.238803 -6.320175 -0.62547 -26.924759 -3.827643 -4.28628 -48.261333 -4.515351 -13.708599 -7.363536 -3.720939 18.141293 -14.052907 -3.242704 -3e-06 -18.78758 -0.0 -0.429721 -8.456223 2.55554 -0.0 3e-06 1e-06 -15.923642 -20.094654 -5.473565 30.419447 -7.19089 1.73593 -0.0 -8.163057 -8e-06 -1.861915 -22.861969 -6.16806 1e-06 -2e-06 -1e-06 71.08947 -5.330279 -6.598873 137.990829 0.199294 0.082566 -84.209526 -1.369674 5.066376 -11.375236 1.590252 1.926659 -1.000004 -1e-06 0.0 -109.636734 -14.762807 20.556362 137.595718 -0.548816 0.851335 -83.722305 9.065243 -11.838548 -11.58466 0.60892 1.539727 -1.000008 0.0 0.0 
0.0 0.0 0.0 0.0 -0.0 0.0 36.945908 36.615417 816.043762 90.734383 7.679375 94.442558 28.648127 3.092561 0.449871 4.486511 1.195615 0.060966 43.193542 2.440732 -0.273227 27.82279 -1.333591 0.935004 -2.653592 -1.070262 -3.344599 -28.102854 0.58616 -3.714764 5e-06 0.0 -0.0 -0.044032 0.034887 -0.016607 0.380083 0.034968 0.168013 0.390482 0.046245 -0.221419 -43.556488 -85.490112 52.765247 71.850922 -50.74942 -8.314869 12.526403 3.166537 0.736028 87.898781 64.176331 97.827888 17.636797 -26.323086 52.411892 -19.466923 -14.395758 29.410835 -4e-06 -8.774957 -7e-06 16.772915 -18.726053 5.065362 -0.609783 -1.795674 -3.889371 -4.807145 -11.046947 -2.937898 1.7e-05 -20.976362 -8e-06 -5.020038 -25.034098 -4.031988 7e-06 0.0 -0.0 -10.634637 -5.687029 -3.565634 10.573416 -17.923185 -3.113951 1e-05 -13.821433 2e-06 -0.501751 -31.182215 -4.027116 -12.460299 -61.092319 8.509128 -13.982846 -7.150273 -2.875082 13.772895 -8.401595 -3.218283 0.347753 -34.212154 0.771669 -0.963049 -17.733734 2.621091 -1e-06 0.0 -0.0 -17.346588 -20.095428 -4.201841 21.75782 -1.638401 3.866487 4e-06 -6.338925 2e-06 -1.697589 -22.592224 -6.194165 1e-06 -5e-06 -2e-06 -147.006897 -79.601723 -25.05657 48.24477 -38.249588 -32.825676 32.116417 1.964724 -0.023971 80.568451 64.153214 66.885773 22.182362 -20.376116 49.933914 -16.702024 -16.743694 28.476915 1e-06 -12.690782 -1.1e-05 14.873899 -17.722326 2.607569 -0.105925 -1.513872 -4.275925 -5.039106 -5.612941 -2.953602 3e-06 -11.020683 -1.4e-05 -6.111401 -15.895641 -3.840588 -1e-06 1e-06 1e-06 -10.283479 -5.680353 -4.341894 11.028425 -11.302529 -2.372663 -1.384289 -14.23879 -6.320244 -0.625409 -26.924707 -3.827729 -4.439317 -48.574802 -4.504908 -13.708665 -7.36356 -3.720991 18.141363 -14.052896 -3.242713 1.1e-05 -18.787548 -1.7e-05 -0.429716 -8.456199 2.555556 0.0 1e-06 2e-06 -15.923709 -20.0947 -5.473667 30.419565 -7.190905 1.735974 3e-06 -8.163042 -2e-06 -1.86191 -22.861897 -6.168095 -1e-06 -3e-06 0.0 73.403549 -4.948503 -5.338626 137.974838 0.13063 0.15957 -89.09584 -0.966559 5.234529 -10.97462 1.535741 1.944998 -1.000001 -0.0 -0.0 -107.134163 -13.607789 19.594692 137.693024 -0.682895 0.691931 -87.396545 8.994611 -12.52937 -11.252185 0.653661 1.554216 -1.000005 1e-06 -0.0 
0.0 0.0 0.0 0.0 -0.0 0.0 36.48988 39.236492 817.64679 90.540421 5.198404 94.598183 28.519552 2.852818 0.430656 4.534195 1.129686 -0.036897 43.167809 2.361555 -0.454771 26.19721 -0.290814 1.000801 -2.697175 -1.277484 -3.208206 -29.498123 0.838196 -3.538532 7e-06 -0.0 0.0 -0.043856 0.054313 -0.024716 0.43433 0.052724 0.166622 0.431381 0.06812 -0.235763 -44.392925 -85.646431 53.466225 72.148651 -49.594101 -7.990994 11.50711 2.420994 0.618729 82.919373 65.016113 95.159172 17.636837 -26.323097 52.41177 -19.466936 -14.395756 29.410774 -9e-06 -8.774956 -8e-06 17.329092 -18.963848 4.584527 -0.609782 -1.795671 -3.889366 -4.807143 -11.046951 -2.937887 2.2e-05 -20.976376 7e-06 -5.020044 -25.034094 -4.03195 6e-06 0.0 -0.0 -10.63464 -5.687024 -3.565624 10.573419 -17.923195 -3.113939 1.4e-05 -13.821441 1e-05 -0.501757 -31.182215 -4.027079 -12.328425 -61.287815 8.429543 -13.98285 -7.150267 -2.875073 13.772902 -8.40161 -3.218279 0.347762 -34.212208 0.771689 -0.963044 -17.733765 2.621102 -1e-06 -1e-06 -1e-06 -17.346594 -20.095427 -4.201819 21.757818 -1.638411 3.866481 8e-06 -6.338931 4e-06 -1.697589 -22.592237 -6.194131 -1e-06 -4e-06 -2e-06 -144.529572 -79.869774 -27.829107 49.608555 -37.077236 -32.59417 30.247961 1.802478 0.187028 78.369408 64.897644 66.625305 22.182301 -20.37606 49.933746 -16.702002 -16.743692 28.476839 4e-06 -12.690766 -1e-06 15.294937 -17.809984 2.422443 -0.105922 -1.513869 -4.275916 -5.039099 -5.612934 -2.953589 -1e-06 -11.020672 -9e-06 -6.111394 -15.895617 -3.840558 1e-06 -1e-06 -0.0 -10.283459 -5.680343 -4.341873 11.028402 -11.302512 -2.372663 -1.38429 -14.238773 -6.320222 -0.625424 -26.92466 -3.827713 -4.477952 -48.983822 -4.485397 -13.708644 -7.363547 -3.720967 18.141333 -14.052875 -3.242714 0.0 -18.787518 -1.6e-05 -0.429721 -8.456184 2.55554 -0.0 0.0 0.0 -15.923686 -20.094669 -5.473629 30.419516 -7.190882 1.735946 -0.0 -8.163027 -6e-06 -1.861916 -22.861862 -6.168082 -1e-06 -1e-06 -1e-06 76.046303 -4.542476 -4.232418 136.746078 0.066522 0.229361 -92.858612 -0.423559 5.137094 -10.543553 1.463311 1.949475 -1.000001 0.0 0.0 -104.004097 -12.775137 18.138054 136.983826 -0.818601 0.55355 -90.616119 8.122816 -13.22179 -10.812931 0.735982 1.577588 -1.000008 -0.0 -0.0 
0.0 0.0 0.0 0.0 -0.0 0.0 35.778202 42.427643 818.975952 90.293953 2.752448 95.372757 28.318954 2.576728 0.378707 4.590361 1.054977 -0.063822 43.095222 2.543342 -0.510531 24.345638 0.987987 1.189369 -2.741527 -1.468982 -3.043037 -31.164593 1.190135 -3.416839 7e-06 0.0 0.0 -0.039575 0.070733 -0.033447 0.51771 0.065917 0.173588 0.503161 0.087221 -0.258856 -44.146484 -85.128502 52.96545 72.705444 -47.452568 -7.410665 11.530681 1.367365 0.473417 71.933647 64.384827 86.800598 17.63669 -26.323101 52.411736 -19.466923 -14.395745 29.410774 -1.7e-05 -8.77492 1e-05 17.88702 -19.2439 4.195949 -0.609778 -1.795667 -3.889364 -4.807113 -11.046935 -2.93788 3e-05 -20.976345 5e-06 -5.020006 -25.034042 -4.031919 9e-06 1e-06 -0.0 -10.634593 -5.687008 -3.565616 10.573396 -17.923182 -3.11395 1.7e-05 -13.821425 1e-05 -0.501741 -31.182171 -4.027056 -12.126725 -61.417664 8.353094 -13.982793 -7.150247 -2.875062 13.772861 -8.401607 -3.218294 0.347769 -34.212154 0.771685 -0.963044 -17.733744 2.621096 -0.0 0.0 0.0 -17.34651 -20.095381 -4.201808 21.757744 -1.638414 3.866437 9e-06 -6.338923 4e-06 -1.697563 -22.592209 -6.194113 -1e-06 -4e-06 -2e-06 -139.602676 -80.281555 -32.949703 50.237701 -35.01609 -31.857635 28.124084 1.370788 0.330976 70.738701 65.581306 61.698601 22.182287 -20.376093 49.93391 -16.702007 -16.743643 28.476906 4e-06 -12.690735 -5e-06 15.713431 -17.927042 2.265876 -0.105925 -1.513873 -4.275925 -5.039093 -5.612943 -2.953604 1e-06 -11.020682 -1.8e-05 -6.111369 -15.895639 -3.840578 2e-06 0.0 1e-06 -10.283452 -5.680354 -4.341895 11.028387 -11.302521 -2.372667 -1.384278 -14.238788 -6.320246 -0.625406 -26.924683 -3.827739 -4.395163 -49.561275 -4.420289 -13.708631 -7.36356 -3.720994 18.141308 -14.052887 -3.242723 9e-06 -18.787531 -2.4e-05 -0.429721 -8.456189 2.555545 -0.0 -0.0 -2e-06 -15.923664 -20.0947 -5.473672 30.41946 -7.190885 1.735949 2e-06 -8.163028 -5e-06 -1.861892 -22.861879 -6.168093 1e-06 -3e-06 -0.0 79.154037 -4.191037 -3.186773 134.188309 -0.025016 0.286429 -95.702942 0.451112 4.890644 -10.066395 1.383355 1.943913 -1.000005 -0.0 0.0 -100.060173 -11.980122 16.071484 135.258011 -0.9553 0.461903 -93.543602 6.316819 -13.765358 -10.244696 0.839945 1.612525 -1.000004 1e-06 0.0 
0.0 0.0 0.0 0.0 -0.0 0.0 34.898785 46.079704 820.212952 90.121407 0.55839 96.594452 28.029537 2.277061 0.290345 4.58695 0.960631 -0.009999 42.952099 2.885023 -0.454497 22.436821 2.364717 1.416246 -2.778466 -1.592003 -2.839182 -33.167957 1.568605 -3.347599 6e-06 -0.0 0.0 -0.03244 0.082776 -0.046689 0.607744 0.067095 0.173522 0.585222 0.10884 -0.283375 -44.392376 -84.000961 52.939606 73.542336 -44.410023 -6.57289 12.706687 0.277668 0.332367 54.472782 60.164478 71.228561 17.636707 -26.322836 52.411369 -19.466795 -14.39566 29.410545 -2e-06 -8.774888 -1e-06 18.403196 -19.432833 4.040346 -0.609778 -1.795665 -3.889342 -4.807121 -11.046885 -2.937865 3e-06 -20.976219 -5e-06 -5.02002 -25.033892 -4.031931 5e-06 -0.0 0.0 -10.634583 -5.686996 -3.565599 10.573337 -17.92308 -3.113926 3e-06 -13.821342 -4e-06 -0.501762 -31.181948 -4.027081 -11.874193 -61.601894 8.264099 -13.982776 -7.150232 -2.875048 13.772806 -8.401546 -3.218262 0.347742 -34.21191 0.771646 -0.963035 -17.733606 2.621048 -0.0 1e-06 1e-06 -17.346504 -20.095324 -4.201788 21.757683 -1.638381 3.866452 2e-06 -6.338882 -3e-06 -1.697592 -22.592045 -6.194097 -0.0 -4e-06 -1e-06 -132.895935 -80.647415 -39.718513 50.283623 -32.379826 -30.550781 25.572388 0.745595 0.36584 54.826637 64.703323 49.25555 22.182203 -20.376011 49.933434 -16.701902 -16.743629 28.476645 -2.2e-05 -12.690683 4e-06 16.271229 -18.029362 2.054726 -0.105917 -1.513857 -4.275894 -5.039055 -5.612888 -2.953562 1.8e-05 -11.020594 8e-06 -6.11132 -15.895449 -3.840487 1e-06 -2e-06 1e-06 -10.283407 -5.680298 -4.341844 11.028362 -11.302462 -2.372641 -1.38426 -14.238656 -6.320141 -0.625416 -26.924416 -3.827587 -4.275724 -50.137009 -4.362018 -13.708572 -7.363488 -3.720942 18.14126 -14.052813 -3.242688 2.3e-05 -18.787392 2.2e-05 -0.429707 -8.456118 2.555541 -0.0 2e-06 -1e-06 -15.923589 -20.094532 -5.473585 30.419369 -7.190886 1.73592 1e-05 -8.162982 7e-06 -1.861897 -22.861679 -6.167958 0.0 -3e-06 -1e-06 82.795906 -3.83494 -2.381833 130.574585 -0.15642 0.328397 -97.69767 1.59839 4.54452 -9.678711 1.336055 1.940544 -1.000006 -0.0 0.0 -95.395508 -11.294979 13.787306 132.548203 -1.061038 0.434828 -96.346001 3.907698 -14.045396 -9.630238 0.925844 1.648595 -1.000004 0.0 0.0 
0.0 0.0 0.0 0.0 -0.0 0.0 33.963161 50.093971 821.438477 90.044167 -1.266752 97.918587 27.669046 2.00682 0.152215 4.438585 0.842453 0.104952 42.62286 3.199943 -0.281524 20.370886 3.486374 1.580532 -2.80977 -1.557314 -2.682457 -35.395992 2.003174 -3.403459 5e-06 -0.0 0.0 -0.02525 0.079841 -0.056656 0.641109 0.056005 0.154587 0.632962 0.111877 -0.2829 -45.269085 -82.488998 53.456169 74.69529 -41.033112 -6.493441 14.777628 -0.235022 0.198708 37.15197 49.947426 52.669983 17.63669 -26.323149 52.411694 -19.466963 -14.395786 29.410782 -1.8e-05 -8.774928 2e-05 18.53331 -19.325354 4.34165 -0.609773 -1.795672 -3.889364 -4.807116 -11.04696 -2.937868 2.1e-05 -20.976385 2.1e-05 -5.020044 -25.034081 -4.031878 6e-06 3e-06 -1e-06 -10.634603 -5.687016 -3.565605 10.573409 -17.923216 -3.113955 1.1e-05 -13.821445 1.4e-05 -0.501774 -31.182194 -4.027033 -11.626867 -61.741428 8.192889 -13.982806 -7.150254 -2.875047 13.772875 -8.401621 -3.218305 0.347748 -34.212223 0.771701 -0.963053 -17.733761 2.621091 -0.0 1e-06 -0.0 -17.346533 -20.095425 -4.201779 21.757767 -1.638411 3.866416 6e-06 -6.338935 5e-06 -1.697583 -22.592245 -6.194089 1e-06 -5e-06 -2e-06 -125.884148 -80.656029 -46.724117 50.017132 -29.735693 -29.255251 22.508038 0.087793 0.289556 34.674988 59.348114 32.580917 22.182339 -20.376223 49.934086 -16.702045 -16.743692 28.477024 1.8e-05 -12.690786 -5e-06 16.81077 -18.144382 1.836226 -0.105926 -1.513878 -4.275938 -5.039117 -5.61297 -2.953614 -1.6e-05 -11.020734 -1.1e-05 -6.111421 -15.895729 -3.8406 -0.0 -1e-06 0.0 -10.283476 -5.680379 -4.341905 11.02841 -11.302568 -2.372667 -1.384305 -14.238872 -6.320273 -0.625458 -26.924873 -3.827765 -4.13751 -50.322628 -4.437912 -13.708665 -7.363594 -3.720999 18.14135 -14.052938 -3.242724 -2.1e-05 -18.787655 -1.9e-05 -0.429737 -8.456247 2.555559 0.0 -0.0 1e-06 -15.92372 -20.094793 -5.473666 30.419556 -7.190886 1.735962 -1e-05 -8.163081 -5e-06 -1.861931 -22.862045 -6.168141 -0.0 -4e-06 -0.0 86.983253 -3.477622 -1.765081 126.104897 -0.302377 0.356168 -98.963165 2.747298 4.040265 -9.656799 1.334945 1.934516 -1.000004 0.0 0.0 -90.259125 -10.786551 11.475739 128.824432 -1.089857 0.467661 -98.812569 1.239079 -13.859871 -9.153253 0.942825 1.6614 -1.000005 -0.0 -0.0 
0.0 0.0 0.0 0.0 -0.0 0.0 33.095341 54.379292 822.576782 90.007385 -2.746605 98.984978 27.237043 1.764618 -0.006447 4.119094 0.751156 0.253441 41.879879 3.378824 -0.054599 18.129217 4.054089 1.619034 -2.821471 -1.407666 -2.632039 -37.678181 2.400584 -3.657686 6e-06 -0.0 0.0 -0.018861 0.062054 -0.056341 0.583589 0.031835 0.114808 0.609986 0.097111 -0.241899 -45.756901 -80.925507 53.432716 76.363708 -38.425583 -9.279884 16.724611 0.090276 0.049166 26.572235 36.642342 37.237297 17.636765 -26.323044 52.411423 -19.46702 -14.395778 29.4107 -1.5e-05 -8.774959 9e-06 17.94733 -19.030313 5.027338 -0.609772 -1.795681 -3.889354 -4.80713 -11.047007 -2.937864 2.1e-05 -20.976509 1.2e-05 -5.020075 -25.034273 -4.031894 6e-06 -1e-06 0.0 -10.634618 -5.687036 -3.565588 10.573436 -17.923294 -3.113961 1.5e-05 -13.821524 -0.0 -0.50176 -31.182453 -4.027079 -11.495309 -61.665161 8.278981 -13.982826 -7.150276 -2.875029 13.772908 -8.401653 -3.218302 0.347777 -34.212429 0.771652 -0.963027 -17.733877 2.621075 -0.0 0.0 -0.0 -17.346571 -20.09548 -4.201743 21.757822 -1.638412 3.866431 8e-06 -6.338966 -5e-06 -1.697587 -22.5924 -6.194129 0.0 -5e-06 -2e-06 -120.666206 -80.218117 -51.957123 49.881176 -27.796154 -28.571295 19.076557 -0.340555 0.160568 20.036255 49.92025 20.824015 22.182055 -20.376158 49.933586 -16.702017 -16.74371 28.476852 3e-06 -12.690717 5.7e-05 17.015863 -18.262077 1.839677 -0.105912 -1.513866 -4.275912 -5.039065 -5.612953 -2.953562 -1.2e-05 -11.020729 1.4e-05 -6.111384 -15.895697 -3.840461 1e-06 0.0 -1e-06 -10.283404 -5.680344 -4.341839 11.02836 -11.302557 -2.372681 -1.38428 -14.238844 -6.320168 -0.625503 -26.924839 -3.827646 -4.049162 -50.135132 -4.541475 -13.708575 -7.363547 -3.720925 18.141273 -14.052927 -3.242755 -3.2e-05 -18.787632 -1e-06 -0.429744 -8.456243 2.555529 -0.0 -0.0 -1e-06 -15.923615 -20.094698 -5.473541 30.419418 -7.190844 1.735829 -1.8e-05 -8.163075 -1.4e-05 -1.861943 -22.862038 -6.168062 -0.0 -3e-06 -2e-06 91.565247 -3.175058 -1.254006 120.815964 -0.435257 0.3831 -99.643074 3.603501 3.418238 -9.82627 1.372424 1.930198 -1.000001 0.0 -0.0 -85.074677 -10.361982 9.247102 124.055405 -1.050622 0.521361 -100.477074 -1.167227 -13.158049 -8.82228 0.891452 1.646243 -1.000008 0.0 -0.0 
0.0 0.0 0.0 0.0 -0.0 0.0 32.422226 58.807285 823.559265 89.946785 -3.915915 99.63839 26.664083 1.501905 -0.12217 3.648543 0.702348 0.427669 40.768715 3.497166 0.096687 15.832003 4.050858 1.588856 -2.808361 -1.155697 -2.705029 -40.083805 2.530623 -4.039247 5e-06 -0.0 -0.0 -0.009873 0.053224 -0.058272 0.50425 0.010715 0.062527 0.571708 0.096461 -0.19327 -45.548923 -79.661377 52.731232 78.341438 -37.215591 -15.218239 17.84174 0.553968 -0.083342 21.383476 25.612741 26.750961 17.636635 -26.322989 52.41164 -19.466862 -14.395703 29.410713 0.0 -8.774894 1.3e-05 17.356981 -18.826864 5.5978 -0.609778 -1.795668 -3.889358 -4.80712 -11.046926 -2.937877 -6e-06 -20.976299 -7e-06 -5.020026 -25.033995 -4.031935 6e-06 1e-06 2e-06 -10.634582 -5.687018 -3.565609 10.573342 -17.923136 -3.113949 -5e-06 -13.821395 -5e-06 -0.501767 -31.182098 -4.0271 -11.692409 -61.822666 8.705944 -13.982777 -7.150258 -2.875057 13.772813 -8.401568 -3.218288 0.347716 -34.212074 0.77165 -0.963055 -17.733688 2.621049 1e-06 4e-06 1e-06 -17.346504 -20.095385 -4.2018 21.757689 -1.638369 3.86643 -3e-06 -6.338905 -1e-06 -1.697593 -22.592148 -6.194118 -1e-06 -4e-06 -2e-06 -117.247398 -79.643318 -55.243519 50.181416 -26.900372 -28.771717 15.996918 -0.437809 0.065614 12.301278 40.477913 15.147357 22.182209 -20.376032 49.933746 -16.701967 -16.743605 28.47682 8e-06 -12.690697 5e-06 17.021133 -18.327845 2.033965 -0.105923 -1.513867 -4.275915 -5.039078 -5.612939 -2.95359 -6e-06 -11.020664 -1.8e-05 -6.111356 -15.895616 -3.84055 2e-06 0.0 0.0 -10.283426 -5.680345 -4.341875 11.028351 -11.3025 -2.372664 -1.384277 -14.238769 -6.320221 -0.625421 -26.924652 -3.827735 -4.044147 -49.965908 -4.521609 -13.708594 -7.363549 -3.720972 18.141245 -14.052856 -3.242718 -0.0 -18.787512 -3.5e-05 -0.429722 -8.456178 2.555524 -0.0 -1e-06 -3e-06 -15.923628 -20.094662 -5.47364 30.419382 -7.190854 1.735933 -3e-06 -8.163019 -1.4e-05 -1.861888 -22.861856 -6.168104 -0.0 -3e-06 -1e-06 96.382072 -2.953368 -0.842113 114.796043 -0.5179 0.402295 -99.938858 3.987342 2.775015 -9.907882 1.419664 1.9339 -1.000005 -0.0 0.0 -80.04512 -10.012735 7.231153 118.326691 -0.958987 0.546349 -101.335747 -2.805843 -12.251655 -8.579499 0.833779 1.626866 -1.000006 0.0 -0.0 
0.0 0.0 0.0 0.0 -0.0 0.0 31.970152 63.238102 824.396057 89.806938 -4.687901 99.876701 25.886868 1.226395 -0.169919 3.027119 0.666458 0.578491 39.484066 3.559123 0.114286 13.829397 3.715021 1.597163 -2.771858 -0.895143 -2.851378 -42.46059 2.422674 -4.495899 3e-06 0.0 0.0 4.7e-05 0.048834 -0.062269 0.451927 -0.003874 0.022185 0.554608 0.09789 -0.15972 -45.167461 -78.791206 52.083305 80.176559 -37.359798 -22.070694 18.238813 0.708513 -0.167012 18.965412 18.586493 21.035624 17.636745 -26.323009 52.411636 -19.46699 -14.395785 29.410782 2e-06 -8.774967 7e-06 17.089991 -18.713932 5.812482 -0.609778 -1.795678 -3.889363 -4.807155 -11.046991 -2.937881 -4e-06 -20.976444 -1.4e-05 -5.020079 -25.034203 -4.03197 6e-06 -2e-06 -1e-06 -10.634643 -5.687049 -3.565604 10.573418 -17.923235 -3.113971 -5e-06 -13.821483 -1.5e-05 -0.501769 -31.182352 -4.027152 -11.958226 -61.998257 9.072056 -13.98286 -7.150294 -2.875045 13.772912 -8.401615 -3.218306 0.347736 -34.212307 0.771624 -0.963042 -17.733818 2.621048 -0.0 1e-06 -0.0 -17.346626 -20.095493 -4.201779 21.757856 -1.638377 3.866452 -3e-06 -6.338947 -6e-06 -1.697615 -22.592331 -6.194175 1e-06 -4e-06 -2e-06 -114.74704 -79.344124 -57.348244 51.156681 -27.18972 -29.770927 13.964168 -0.328346 0.038123 8.702062 33.675903 12.591423 22.182312 -20.376263 49.934013 -16.702103 -16.743769 28.477057 1e-06 -12.690815 1.2e-05 16.943893 -18.31941 2.213986 -0.105922 -1.513875 -4.275939 -5.039111 -5.612979 -2.953603 -3e-06 -11.020781 1e-06 -6.111431 -15.895803 -3.840561 0.0 -1e-06 -3e-06 -10.283481 -5.680369 -4.341892 11.02844 -11.302604 -2.372682 -1.384288 -14.238909 -6.320255 -0.625463 -26.92499 -3.82772 -4.03383 -49.87674 -4.443053 -13.708672 -7.363583 -3.720983 18.141396 -14.052982 -3.242744 -8e-06 -18.787706 -5e-06 -0.429735 -8.456279 2.555572 0.0 1e-06 3e-06 -15.923722 -20.094786 -5.47364 30.419617 -7.190918 1.735921 -7e-06 -8.163109 -3e-06 -1.861937 -22.862139 -6.168122 -0.0 -2e-06 -1e-06 101.398659 -2.907622 -0.477874 108.292427 -0.537967 0.411522 -99.890182 4.033799 2.094706 -9.852842 1.451176 1.942034 -1.000005 0.0 0.0 -75.059166 -9.684422 5.414348 111.900597 -0.8191 0.517872 -101.468109 -3.694798 -11.332843 -8.442194 0.807815 1.619898 -1.000003 -0.0 -0.0 
0.0 0.0 0.0 0.0 -0.0 0.0 31.628695 67.622604 825.076477 89.622025 -4.944726 99.826057 24.936708 0.970013 -0.180745 2.261801 0.621382 0.653077 38.10881 3.520104 0.006336 12.306517 3.333864 1.698546 -2.713908 -0.685118 -3.018787 -44.639366 2.149596 -4.988692 7e-06 0.0 -0.0 0.008087 0.034364 -0.053578 0.422994 -0.019952 0.013006 0.539238 0.081226 -0.129829 -44.734852 -78.162346 51.620838 81.690964 -38.709282 -28.602177 18.216835 0.588547 -0.19697 17.6873 14.129237 18.384554 17.636679 -26.322878 52.411446 -19.46677 -14.395656 29.41058 7e-06 -8.774881 -1e-06 16.984684 -18.625374 5.801095 -0.60978 -1.795663 -3.889344 -4.807123 -11.046887 -2.937867 -1.5e-05 -20.976212 1e-06 -5.020029 -25.03388 -4.031935 7e-06 1e-06 -1e-06 -10.634578 -5.687008 -3.565602 10.573314 -17.923067 -3.113923 -1e-05 -13.82134 1e-06 -0.501795 -31.181948 -4.027081 -12.079832 -62.014103 9.177744 -13.982772 -7.150247 -2.875055 13.772792 -8.401537 -3.218262 0.347695 -34.211914 0.771669 -0.963059 -17.73361 2.621049 1e-06 2e-06 1e-06 -17.346502 -20.095339 -4.201792 21.757666 -1.638362 3.866453 -4e-06 -6.338882 1e-06 -1.697612 -22.592051 -6.194098 -1e-06 -4e-06 -1e-06 -112.146713 -79.514236 -59.307571 52.839733 -28.677219 -31.476732 13.07371 -0.08784 0.047239 6.944726 29.484196 11.229786 22.182215 -20.376074 49.933647 -16.701946 -16.743633 28.476784 -0.0 -12.690704 9e-06 16.837444 -18.288855 2.307821 -0.105924 -1.513864 -4.275907 -5.039075 -5.612924 -2.953578 1e-06 -11.020662 -0.0 -6.111358 -15.895594 -3.840524 1e-06 1e-06 2e-06 -10.283422 -5.680331 -4.341863 11.02836 -11.302506 -2.372651 -1.384277 -14.238763 -6.320195 -0.625443 -26.924656 -3.827664 -4.001372 -49.869469 -4.36509 -13.708593 -7.363532 -3.72096 18.14126 -14.052863 -3.242703 -2e-06 -18.787516 -4e-06 -0.429723 -8.456185 2.555539 0.0 1e-06 2e-06 -15.923621 -20.094633 -5.473609 30.419388 -7.190864 1.73593 -3e-06 -8.163027 -2e-06 -1.86191 -22.861858 -6.168048 1e-06 -4e-06 -2e-06 106.665955 -3.131271 -0.187952 101.451775 -0.524227 0.41216 -99.204941 4.011941 1.430134 -9.678288 1.47256 1.956033 -1.000001 -1e-06 -0.0 -69.911514 -9.32681 3.694175 104.982178 -0.644129 0.450766 -100.815933 -4.091109 -10.371156 -8.316619 0.810616 1.628239 -1.000005 1e-06 0.0 
0.0 0.0 0.0 0.0 -0.0 0.0 31.353277 71.887817 825.778687 89.508423 -4.69772 99.612869 23.892139 0.744962 -0.179308 1.395199 0.555114 0.631301 36.626621 3.358815 -0.211657 11.222687 3.074453 1.894578 -2.655644 -0.51968 -3.205631 -46.419643 1.666477 -5.370879 5e-06 -0.0 0.0 0.008173 0.015093 -0.029524 0.386662 -0.030205 0.026287 0.48574 0.050894 -0.089804 -44.052872 -77.715614 51.054745 82.813965 -41.049133 -34.362831 17.835184 0.264323 -0.178386 16.739689 10.973711 17.523453 17.636665 -26.322966 52.411621 -19.466845 -14.395669 29.410717 1.7e-05 -8.774905 5e-06 16.961897 -18.539825 5.666282 -0.609783 -1.795672 -3.889356 -4.807148 -11.046957 -2.937879 -5.2e-05 -20.976353 -9e-06 -5.020086 -25.034101 -4.031978 9e-06 2e-06 -1e-06 -10.634595 -5.687042 -3.565611 10.573312 -17.923151 -3.113939 -3.4e-05 -13.82143 -1.3e-05 -0.501826 -31.182215 -4.027163 -12.031134 -61.889675 9.119285 -13.982794 -7.150287 -2.875055 13.772807 -8.401561 -3.21828 0.347652 -34.212147 0.771648 -0.963083 -17.733734 2.621035 -3e-06 -1e-06 1e-06 -17.346554 -20.095446 -4.201788 21.757713 -1.638335 3.866462 -1.5e-05 -6.338921 -4e-06 -1.697648 -22.592224 -6.194157 1e-06 -7e-06 -2e-06 -108.921928 -80.12558 -61.736599 55.029774 -31.282387 -33.68111 12.971192 0.212353 0.06282 5.838285 26.971571 10.319712 22.182211 -20.376175 49.933784 -16.701887 -16.743687 28.476841 3.9e-05 -12.690729 1.1e-05 16.751581 -18.234995 2.31038 -0.105925 -1.513862 -4.275915 -5.039093 -5.612942 -2.953577 -3.5e-05 -11.020678 2e-05 -6.111436 -15.895639 -3.84051 1e-06 0.0 1e-06 -10.28344 -5.680346 -4.341864 11.028345 -11.302495 -2.372638 -1.384325 -14.238782 -6.320197 -0.625549 -26.924686 -3.827662 -3.908588 -49.912056 -4.307196 -13.708618 -7.363555 -3.720958 18.141245 -14.052836 -3.24269 -7.5e-05 -18.78755 2.8e-05 -0.429765 -8.456204 2.555553 -0.0 -1e-06 -1e-06 -15.923681 -20.094677 -5.47359 30.419418 -7.190798 1.735951 -3.1e-05 -8.163043 9e-06 -1.862015 -22.861921 -6.168039 0.0 -2e-06 -3e-06 112.288322 -3.540541 -0.079192 94.49379 -0.489415 0.395875 -97.969612 3.986636 0.827864 -9.443209 1.49182 1.975341 -1.000001 -0.0 0.0 -64.436592 -8.991515 2.098668 97.866562 -0.471892 0.370585 -99.593407 -4.163918 -9.414846 -8.147011 0.820978 1.643291 -1.000005 -0.0 -0.0 
0.0 0.0 0.0 0.0 -0.0 0.0 31.181517 76.117508 826.634399 89.521271 -4.06176 99.309273 22.743393 0.545675 -0.176836 0.460463 0.450867 0.527553 34.955898 3.083161 -0.492749 10.463096 2.960198 2.159209 -2.598613 -0.434115 -3.374438 -47.678532 1.01066 -5.518877 7e-06 0.0 -0.0 0.000586 0.004199 -0.007976 0.319359 -0.026636 0.033239 0.379698 0.025645 -0.048272 -43.223778 -77.508522 50.423725 83.530777 -44.04874 -39.059879 16.835936 -0.205314 -0.16207 15.803864 8.379514 17.910133 17.636747 -26.322855 52.411442 -19.466869 -14.395712 29.410622 -8e-06 -8.77492 -3e-06 17.050629 -18.469595 5.439052 -0.609777 -1.795666 -3.889349 -4.80712 -11.046893 -2.937874 3.6e-05 -20.976233 -2.4e-05 -5.019991 -25.033899 -4.031955 6e-06 -2e-06 -0.0 -10.6346 -5.687001 -3.565602 10.573387 -17.923096 -3.113949 2.3e-05 -13.821347 -1.1e-05 -0.501717 -31.181948 -4.027098 -11.948446 -61.684757 9.029531 -13.982801 -7.150234 -2.875051 13.772855 -8.401567 -3.21828 0.347792 -34.211933 0.771626 -0.963017 -17.733608 2.621056 1e-06 1e-06 1e-06 -17.346525 -20.095337 -4.201801 21.757746 -1.638406 3.866453 1e-05 -6.338886 -5e-06 -1.697569 -22.592054 -6.194116 1e-06 -5e-06 -1e-06 -104.719315 -81.064842 -65.099808 57.475693 -34.909809 -35.870701 13.156409 0.453288 0.072917 4.764022 25.259644 9.581058 22.182215 -20.376026 49.933517 -16.702 -16.74367 28.476753 -2.6e-05 -12.690723 1.2e-05 16.698084 -18.131342 2.244811 -0.105915 -1.513866 -4.275902 -5.039069 -5.612912 -2.953572 2.1e-05 -11.020648 -4e-06 -6.111341 -15.895559 -3.840508 -2e-06 1e-06 1e-06 -10.283422 -5.680311 -4.341847 11.028394 -11.302508 -2.372663 -1.384255 -14.238732 -6.320176 -0.625397 -26.924603 -3.827637 -3.766186 -49.973782 -4.248077 -13.708592 -7.363505 -3.720944 18.14131 -14.052875 -3.242726 3.3e-05 -18.787477 5e-06 -0.429705 -8.456164 2.555544 -1e-06 -4e-06 0.0 -15.923612 -20.094587 -5.473591 30.419451 -7.190917 1.735898 1.4e-05 -8.163013 -1e-06 -1.861872 -22.861794 -6.168017 2e-06 -4e-06 0.0 118.458908 -3.997618 -0.258353 87.199646 -0.428751 0.370672 -96.39547 3.969625 0.29787 -9.194336 1.515493 1.99728 -1.000005 0.0 -0.0 -58.469376 -8.783673 0.598081 90.424362 -0.323136 0.296419 -97.948494 -3.929347 -8.55775 -7.980478 0.804865 1.65179 -1.000002 0.0 0.0 
0.0 0.0 0.0 0.0 -0.0 0.0 31.156849 80.28495 827.727722 89.662613 -3.216629 98.984848 21.498098 0.371307 -0.190142 -0.499725 0.32411 0.383302 33.117752 2.729178 -0.776202 9.959187 2.95805 2.392928 -2.546493 -0.419012 -3.445442 -48.38924 0.283588 -5.350836 5e-06 -0.0 0.0 -0.004642 0.002017 0.003562 0.228514 -0.017907 0.021638 0.245512 0.014237 -0.009455 -42.27095 -77.564705 49.679996 83.836601 -47.394905 -42.637661 15.286371 -0.643451 -0.156622 14.770605 6.047852 18.835344 17.636662 -26.322886 52.411484 -19.466801 -14.39565 29.410614 1.1e-05 -8.774887 4e-06 17.204866 -18.41008 5.200242 -0.609781 -1.795666 -3.889343 -4.80713 -11.046913 -2.937871 -2.9e-05 -20.976271 -7e-06 -5.020044 -25.033981 -4.031951 5e-06 0.0 1e-06 -10.634578 -5.68702 -3.565602 10.573309 -17.923094 -3.113931 -1.4e-05 -13.821372 -1.1e-05 -0.501792 -31.182055 -4.027126 -11.906096 -61.411739 8.937774 -13.982771 -7.150262 -2.875056 13.772788 -8.401543 -3.218267 0.347684 -34.211994 0.771641 -0.963059 -17.733656 2.621029 -3e-06 -1e-06 1e-06 -17.346512 -20.095377 -4.201792 21.757671 -1.63835 3.86645 -8e-06 -6.338899 -6e-06 -1.697617 -22.592131 -6.194124 1e-06 -4e-06 -2e-06 -99.345154 -82.153198 -69.615547 59.897305 -39.151646 -37.853069 13.147223 0.530492 0.069925 3.53582 23.823851 9.057842 22.182198 -20.376036 49.933678 -16.701868 -16.743624 28.476757 1.5e-05 -12.690689 4e-06 16.627098 -17.937748 2.145506 -0.105924 -1.51386 -4.275905 -5.039081 -5.61291 -2.953582 -1.3e-05 -11.020612 -2e-06 -6.111369 -15.895527 -3.840539 1e-06 -1e-06 0.0 -10.283421 -5.680325 -4.341864 11.028336 -11.302448 -2.372642 -1.384293 -14.238695 -6.320193 -0.625455 -26.924498 -3.827679 -3.659945 -49.988529 -4.15521 -13.708589 -7.363524 -3.72096 18.141224 -14.052788 -3.24269 -2.3e-05 -18.787428 4e-06 -0.429736 -8.456142 2.555544 -1e-06 0.0 0.0 -15.92363 -20.094591 -5.473617 30.419361 -7.190817 1.735951 -1.2e-05 -8.16299 8e-06 -1.861944 -22.861732 -6.168025 1e-06 -5e-06 -0.0 125.101265 -4.378963 -0.787916 79.483849 -0.352291 0.33884 -94.578636 3.986768 -0.183901 -8.919278 1.543222 2.021924 -0.999999 -0.0 0.0 -52.085243 -8.793088 -0.867013 82.628929 -0.203844 0.224458 -95.976799 -3.374539 -7.911163 -7.808607 0.753697 1.64958 -1.000006 0.0 -0.0 
0.0 0.0 0.0 0.0 -0.0 0.0 31.309175 84.421165 829.142883 89.887207 -2.322388 98.634071 20.142694 0.208869 -0.236054 -1.479379 0.186889 0.242627 31.097702 2.324313 -1.014462 9.694641 2.962191 2.573433 -2.501477 -0.447185 -3.410068 -48.61195 -0.388862 -4.883231 4e-06 -0.0 0.0 -0.003277 0.003285 0.012614 0.135114 -0.017756 0.005238 0.114789 0.018973 0.027817 -41.417809 -77.962006 49.086308 83.55764 -50.854862 -45.160042 13.401246 -0.949482 -0.150049 13.600413 3.79708 19.734695 17.63669 -26.322866 52.411518 -19.466972 -14.395782 29.410702 -3.6e-05 -8.774929 1.3e-05 17.349342 -18.344542 4.997818 -0.60977 -1.795668 -3.889357 -4.807094 -11.046881 -2.937889 0.0001 -20.976225 -4.1e-05 -5.019906 -25.033852 -4.031942 6e-06 1e-06 -2e-06 -10.634596 -5.686989 -3.565602 10.573443 -17.923115 -3.113988 6e-05 -13.821339 -1.6e-05 -0.501621 -31.181908 -4.027078 -11.801426 -61.10043 8.742656 -13.9828 -7.150217 -2.875051 13.772892 -8.401592 -3.218311 0.347906 -34.211914 0.77159 -0.962969 -17.733595 2.621071 2e-06 -0.0 0.0 -17.346502 -20.095314 -4.201816 21.757761 -1.638448 3.866412 2.6e-05 -6.338878 -8e-06 -1.697486 -22.592001 -6.194105 -3e-06 -3e-06 0.0 -92.315651 -83.22683 -75.723419 62.206364 -43.675159 -39.824142 12.716095 0.50041 0.064583 2.057247 22.393856 8.343972 22.182285 -20.376074 49.933838 -16.702171 -16.743702 28.476995 -3.5e-05 -12.690787 1.3e-05 16.521811 -17.658321 2.048565 -0.105917 -1.51388 -4.275927 -5.039089 -5.612954 -2.953605 2.9e-05 -11.020739 -3.4e-05 -6.111347 -15.89572 -3.840589 -2e-06 -2e-06 -3e-06 -10.283454 -5.68035 -4.341883 11.028446 -11.302596 -2.3727 -1.384237 -14.238865 -6.320268 -0.625317 -26.924902 -3.827774 -3.628403 -49.918472 -4.019738 -13.708637 -7.363554 -3.720985 18.141396 -14.052976 -3.242772 6.3e-05 -18.787619 -5.3e-05 -0.429696 -8.456232 2.555544 0.0 1e-06 -3e-06 -15.923653 -20.094721 -5.473663 30.419565 -7.19097 1.735899 2.3e-05 -8.163065 -2.3e-05 -1.861818 -22.861996 -6.168147 1e-06 -3e-06 -6e-06 132.22673 -4.633549 -1.676928 71.109657 -0.275439 0.300095 -92.515701 4.0219 -0.619279 -8.709254 1.567243 2.046276 -1.000003 -1e-06 0.0 -45.268661 -8.974882 -2.393525 74.256508 -0.108578 0.164315 -93.672943 -2.535847 -7.48593 -7.670501 0.680292 1.639378 -1.000008 -0.0 -0.0 
0.0 0.0 0.0 0.0 -0.0 0.0 31.612593 88.360451 830.840088 90.203148 -1.512877 98.279152 18.6915 0.033087 -0.300261 -2.44146 0.066393 0.124229 28.991438 1.877806 -1.226997 9.804701 2.903935 2.687631 -2.470611 -0.535708 -3.224685 -48.309566 -0.862719 -4.236527 5e-06 -0.0 0.0 0.006017 0.005088 0.025511 0.059605 -0.024426 -0.000524 0.014656 0.031467 0.06013 -41.256001 -78.669693 49.262974 82.432327 -54.154377 -46.459595 11.578793 -1.097754 -0.132159 12.306294 1.620489 20.626524 17.636625 -26.32267 52.411076 -19.46665 -14.395592 29.41036 -0.0 -8.774836 -5e-06 17.380173 -18.285868 4.91372 -0.609776 -1.795653 -3.88932 -4.807092 -11.046811 -2.937846 4e-06 -20.976048 2e-06 -5.01997 -25.033648 -4.031895 4e-06 0.0 1e-06 -10.634529 -5.686971 -3.565579 10.57327 -17.922951 -3.113895 6e-06 -13.821232 1e-06 -0.501765 -31.181637 -4.027023 -11.679749 -60.832733 8.485454 -13.98271 -7.150198 -2.87503 13.772729 -8.401491 -3.218239 0.347734 -34.21162 0.771663 -0.963026 -17.733456 2.621037 -2e-06 1e-06 1e-06 -17.346422 -20.095209 -4.201763 21.757568 -1.638369 3.866431 2e-06 -6.338837 -0.0 -1.697579 -22.591841 -6.194037 -6e-06 -8e-06 2e-06 -83.400734 -84.194107 -83.747536 64.271904 -48.177959 -41.924393 11.843219 0.491169 0.07022 0.542939 20.99239 7.339082 22.182096 -20.375921 49.933361 -16.701864 -16.743578 28.476622 1.3e-05 -12.690659 1e-05 16.440899 -17.366539 1.989459 -0.105921 -1.513861 -4.275893 -5.03906 -5.61291 -2.95356 -1.6e-05 -11.020618 -0.0 -6.111364 -15.895544 -3.840495 1e-06 2e-06 -0.0 -10.283389 -5.680313 -4.341834 11.028311 -11.302449 -2.372646 -1.384294 -14.238704 -6.320159 -0.625476 -26.924522 -3.827665 -3.620472 -49.722633 -3.900949 -13.708549 -7.363513 -3.720929 18.14119 -14.05279 -3.242698 -2.4e-05 -18.787437 -1.2e-05 -0.42973 -8.456146 2.555518 0.0 -1e-06 -1e-06 -15.923584 -20.094564 -5.473561 30.419289 -7.190806 1.735921 -1.1e-05 -8.162992 -1.3e-05 -1.861927 -22.861771 -6.168043 -1e-06 -3e-06 -1e-06 139.572525 -4.616782 -2.824549 62.166817 -0.220614 0.268288 -90.130142 4.03819 -0.934866 -8.626174 1.584809 2.070837 -1.000001 -0.0 0.0 -38.246037 -9.232597 -3.928418 65.365997 -0.049241 0.151695 -91.172539 -1.532134 -7.195935 -7.602219 0.617457 1.632039 -1.000004 0.0 0.0 
0.0 0.0 0.0 0.0 -0.0 0.0 32.028793 92.148773 832.644348 90.627853 -0.719439 97.952141 17.182392 -0.167172 -0.328474 -3.447819 -0.058043 0.0867 26.847412 1.443482 -1.438036 10.307697 2.761827 2.789201 -2.43488 -0.569161 -3.014195 -47.450745 -1.165675 -3.401952 6e-06 -0.0 -0.0 0.014343 0.00723 0.041773 0.021453 -0.034742 0.021119 -0.029124 0.049187 0.071761 -42.323502 -79.483208 50.844563 80.62487 -57.283901 -46.919926 10.190979 -1.006908 -0.107962 10.692122 -0.543266 21.4107 17.636627 -26.322813 52.411354 -19.466745 -14.395645 29.410542 3e-06 -8.774868 1e-06 17.325777 -18.188313 5.045227 -0.609778 -1.79566 -3.889336 -4.807112 -11.04687 -2.937863 -8e-06 -20.976171 -5e-06 -5.020012 -25.033817 -4.031923 8e-06 -2e-06 -0.0 -10.634559 -5.686998 -3.565597 10.5733 -17.923033 -3.113919 -6e-06 -13.821312 -2e-06 -0.501774 -31.181873 -4.027073 -11.807482 -60.613605 8.671688 -13.982745 -7.150232 -2.875046 13.77277 -8.401521 -3.218263 0.347716 -34.211826 0.771651 -0.963051 -17.733561 2.621044 -0.0 -3e-06 0.0 -17.34647 -20.095301 -4.201783 21.757631 -1.638364 3.866436 -3e-06 -6.338867 -0.0 -1.697591 -22.591986 -6.194077 -2e-06 -7e-06 -0.0 -71.168854 -85.320732 -95.118042 66.189896 -52.618904 -44.572174 10.826764 0.515477 0.052807 -0.908385 19.631884 6.505715 22.182135 -20.375919 49.933434 -16.701857 -16.743614 28.476625 9e-06 -12.690675 7e-06 16.383844 -17.194839 2.004984 -0.105919 -1.513857 -4.27589 -5.039066 -5.612888 -2.953562 -9e-06 -11.020561 -0.0 -6.111351 -15.895433 -3.840501 2e-06 1e-06 -3e-06 -10.283403 -5.680306 -4.341836 11.028328 -11.302417 -2.372647 -1.38429 -14.238641 -6.320152 -0.625443 -26.92436 -3.827654 -3.684845 -49.58889 -3.784804 -13.708568 -7.363504 -3.720938 18.141209 -14.05275 -3.242694 -1.3e-05 -18.78735 -5e-06 -0.42972 -8.456097 2.555519 1e-06 -0.0 -1e-06 -15.923604 -20.094532 -5.473577 30.419336 -7.190808 1.73593 -6e-06 -8.162953 1e-06 -1.86193 -22.861614 -6.167997 1e-06 0.0 -5e-06 147.269943 -4.229018 -4.18028 52.265968 -0.223939 0.29234 -87.457527 4.158187 -1.459569 -8.779879 1.630027 2.128725 -1.000001 1e-06 0.0 -30.760437 -9.519238 -5.620553 55.363056 -0.033264 0.184714 -88.259163 -0.465875 -7.009314 -7.541076 0.540278 1.615985 -1.000006 1e-06 -0.0 
0.0 0.0 0.0 0.0 -0.0 0.0 32.493847 95.370316 834.421753 90.95713 -0.175336 97.602493 15.311423 -0.212027 -0.356235 -4.466165 -0.111262 0.024618 24.731781 0.897484 -1.594669 11.651257 2.561511 2.758311 -2.433205 -0.79478 -2.442604 -46.293064 -1.309487 -2.874027 6e-06 0.0 -0.0 0.045499 0.01226 0.093203 -0.004548 -0.041098 0.0648 -0.053367 0.066784 0.128485 -45.116829 -80.017296 54.050076 78.09845 -60.828373 -46.875458 9.876348 -0.746824 -0.099569 8.962218 -1.965102 21.992311 17.63685 -26.322958 52.411476 -19.466928 -14.39576 29.410654 1.1e-05 -8.774977 -6e-06 17.238007 -18.038908 5.177195 -0.609782 -1.795677 -3.889353 -4.807173 -11.046984 -2.937871 -2.6e-05 -20.976425 3e-06 -5.020123 -25.034182 -4.031969 3e-06 2e-06 -0.0 -10.634657 -5.687047 -3.565595 10.57341 -17.923214 -3.113942 -1.2e-05 -13.821466 -9e-06 -0.501807 -31.182301 -4.027143 -11.933407 -60.363552 8.68014 -13.982878 -7.150294 -2.875041 13.772916 -8.401603 -3.218277 0.347715 -34.212273 0.771645 -0.963046 -17.733799 2.621052 0.0 -0.0 -0.0 -17.346661 -20.095478 -4.201763 21.757879 -1.638373 3.866479 -5e-06 -6.338942 -7e-06 -1.697651 -22.592297 -6.194154 -1e-06 -7e-06 -1e-06 -58.586155 -86.463875 -107.170113 68.022903 -57.364376 -47.123245 9.963471 0.803985 0.070312 -2.140427 17.838118 5.70881 22.182306 -20.376083 49.933586 -16.702066 -16.743752 28.476822 -0.0 -12.690808 8e-06 16.361649 -17.057503 2.075803 -0.105915 -1.513871 -4.275912 -5.039103 -5.61295 -2.953571 0.0 -11.020728 8e-06 -6.111424 -15.8957 -3.840503 1e-06 0.0 2e-06 -10.283473 -5.680346 -4.341848 11.028439 -11.302564 -2.372664 -1.384295 -14.238846 -6.320196 -0.625463 -26.924841 -3.82767 -3.646427 -49.281231 -3.834629 -13.708664 -7.363554 -3.720938 18.141394 -14.052938 -3.242733 3e-06 -18.787628 -1.4e-05 -0.429715 -8.456239 2.555539 1e-06 -2e-06 2e-06 -15.92372 -20.094711 -5.473572 30.419615 -7.190916 1.735926 2e-06 -8.163069 -1.5e-05 -1.861924 -22.862015 -6.168094 -2e-06 -0.0 -3e-06 154.685364 -3.649936 -5.367678 41.890949 -0.169586 0.32086 -84.195328 4.291224 -2.062018 -8.878628 1.687456 2.164403 -1.000005 -0.0 0.0 -23.463024 -9.510628 -7.253912 44.766514 -0.006012 0.200317 -85.252243 0.689676 -6.803624 -7.500297 0.502612 1.6199 -1.000005 0.0 0.0 
0.0 0.0 0.0 0.0 -0.0 0.0 32.954498 97.918678 836.402039 91.074341 0.192397 97.172279 13.156421 -0.101975 -0.373345 -5.55325 -0.176473 0.030057 22.626978 0.422365 -1.617755 13.651674 2.287117 2.667042 -2.475757 -0.839841 -1.973173 -44.801693 -1.35965 -2.304725 6e-06 -0.0 -0.0 0.058939 0.015351 0.110942 -0.038637 -0.029689 0.081462 -0.074625 0.061646 0.145592 -48.587215 -79.936707 57.905277 74.886856 -65.097466 -46.511456 11.138197 -0.382578 -0.130923 7.728135 -2.644471 20.921202 17.636702 -26.322859 52.411472 -19.46685 -14.395706 29.410635 -2e-06 -8.774914 0.0 17.143154 -18.052641 5.424119 -0.609779 -1.795667 -3.889345 -4.807127 -11.046905 -2.937875 1.4e-05 -20.976254 -1.8e-05 -5.020008 -25.033928 -4.031956 4e-06 0.0 1e-06 -10.634597 -5.687013 -3.565598 10.573363 -17.9231 -3.113944 1e-05 -13.82136 -1.3e-05 -0.501735 -31.181993 -4.0271 -12.111761 -60.259029 8.714594 -13.9828 -7.150249 -2.875047 13.77284 -8.401558 -3.218282 0.347767 -34.211971 0.771632 -0.963025 -17.733627 2.621053 1e-06 -0.0 -1e-06 -17.346537 -20.095356 -4.201795 21.757729 -1.638383 3.866448 4e-06 -6.338889 -5e-06 -1.697577 -22.592064 -6.194118 -2e-06 -3e-06 -2e-06 -39.583443 -87.823364 -125.947746 69.079163 -62.416084 -48.681324 9.941638 1.075864 0.105639 -2.844291 15.219375 5.290442 22.182222 -20.376019 49.933712 -16.70199 -16.743681 28.476843 1e-05 -12.69075 9e-06 16.234156 -17.075184 2.264738 -0.10592 -1.513867 -4.275913 -5.039093 -5.612933 -2.953586 -6e-06 -11.020655 -1.8e-05 -6.111385 -15.895599 -3.840556 0.0 0.0 2e-06 -10.283445 -5.680345 -4.341866 11.028385 -11.302494 -2.372672 -1.384288 -14.23876 -6.320222 -0.625422 -26.924625 -3.827729 -3.671499 -49.104057 -3.939265 -13.708626 -7.36355 -3.720959 18.141306 -14.052843 -3.24273 -6e-06 -18.787493 -2.8e-05 -0.429723 -8.456168 2.555532 -1e-06 -2e-06 1e-06 -15.923676 -20.094662 -5.473618 30.419487 -7.190847 1.735928 -5e-06 -8.163016 -9e-06 -1.86192 -22.861841 -6.168087 -1e-06 -0.0 -2e-06 161.705215 -3.133901 -6.3533 31.80965 -0.114198 0.339472 -80.512421 4.154288 -2.019811 -8.812841 1.681632 2.191469 -1.000003 -0.0 0.0 -16.343012 -9.050117 -8.839529 34.051613 -0.019798 0.191888 -81.971001 1.848124 -6.529633 -7.607966 0.518008 1.630032 -1.000007 0.0 0.0 
0.0 0.0 0.0 0.0 -0.0 0.0 33.319641 99.640327 838.518433 91.082024 0.39751 96.523087 10.888941 0.007832 -0.363865 -6.607296 -0.236408 0.117719 20.569138 0.017263 -1.626132 15.875943 2.049343 2.498716 -2.523311 -0.76409 -1.383155 -42.958759 -1.412151 -1.780189 6e-06 0.0 0.0 0.063911 0.019655 0.090805 -0.08918 -0.007394 0.047095 -0.120184 0.046027 0.137771 -52.3577 -79.343254 61.736576 69.69474 -70.128876 -44.240021 13.779992 -0.216691 -0.186296 7.280596 -2.879421 17.890181 17.636852 -26.322933 52.411476 -19.467014 -14.39576 29.410702 -1.1e-05 -8.774974 -9e-06 16.849669 -18.086863 5.63061 -0.609778 -1.795679 -3.889357 -4.807146 -11.046979 -2.937885 3.6e-05 -20.976425 -2.7e-05 -5.020032 -25.034163 -4.031976 7e-06 2e-06 -0.0 -10.634645 -5.687035 -3.565601 10.573447 -17.923237 -3.113971 2.5e-05 -13.821469 -2.1e-05 -0.501702 -31.182293 -4.027147 -12.051705 -60.185825 8.257887 -13.982865 -7.150279 -2.875049 13.772934 -8.401633 -3.218295 0.347821 -34.212299 0.771594 -0.962998 -17.733807 2.621057 2e-06 1e-06 -1e-06 -17.346613 -20.095463 -4.201788 21.757854 -1.638414 3.866466 1e-05 -6.338941 -9e-06 -1.697569 -22.592285 -6.194178 0.0 -4e-06 -2e-06 5.699275 -88.659729 -171.099808 68.108887 -67.118187 -47.457069 10.772706 1.120475 0.145864 -2.929325 11.794209 5.69694 22.182293 -20.376034 49.933414 -16.701962 -16.743683 28.476667 1e-06 -12.690745 -3e-06 16.079357 -17.188227 2.545441 -0.105916 -1.513865 -4.275898 -5.039088 -5.612926 -2.95356 3e-06 -11.020674 1.5e-05 -6.111392 -15.895596 -3.840476 -3e-06 -1e-06 -2e-06 -10.283446 -5.680327 -4.341836 11.028399 -11.302522 -2.372642 -1.384293 -14.238772 -6.32015 -0.625482 -26.924683 -3.827611 -3.819712 -48.987461 -4.054474 -13.708629 -7.363526 -3.72093 18.141327 -14.052887 -3.242694 -2e-06 -18.787544 8e-06 -0.429715 -8.456201 2.555538 1e-06 0.0 -2e-06 -15.923676 -20.094635 -5.473552 30.4195 -7.190898 1.735941 3e-06 -8.163035 -5e-06 -1.861926 -22.861893 -6.16803 -0.0 -3e-06 -1e-06 168.076508 -2.722505 -7.200612 22.638643 -0.031364 0.300281 -76.561081 3.592221 -1.72348 -8.164513 1.616112 2.161659 -1.000001 0.0 -0.0 -10.048112 -8.342929 -10.083294 24.465168 -0.021071 0.078369 -78.747047 3.338903 -6.181941 -7.882204 0.563513 1.643773 -1.000006 -0.0 0.0 
0.0 0.0 0.0 0.0 -0.0 0.0 33.542637 100.620743 840.555847 91.012672 0.681104 95.791557 8.765645 0.029993 -0.34879 -7.580946 -0.292647 0.248111 18.899403 -0.154872 -1.63281 17.596895 1.80123 2.438277 -2.519305 -0.630239 -1.131957 -41.004662 -1.345755 -1.353521 6e-06 0.0 -0.0 0.051522 0.018921 0.048999 -0.096395 0.015887 0.010403 -0.118112 0.02018 0.089805 -56.832169 -78.661011 66.335304 60.640278 -74.618927 -37.869709 16.993006 -0.318113 -0.218806 7.09099 -3.351068 13.023477 17.63677 -26.322809 52.411373 -19.466846 -14.39571 29.410587 1.3e-05 -8.77494 -6e-06 16.339275 -18.110191 5.919104 -0.609782 -1.795669 -3.889344 -4.807156 -11.046926 -2.93787 -1.8e-05 -20.976303 -1.4e-05 -5.020072 -25.034027 -4.031981 6e-06 -1e-06 1e-06 -10.634624 -5.687026 -3.565593 10.573366 -17.923109 -3.113938 -1e-05 -13.821388 -1.4e-05 -0.501783 -31.182093 -4.027141 -12.042203 -60.022911 8.062838 -13.982834 -7.150268 -2.875041 13.772865 -8.401555 -3.218271 0.347722 -34.212063 0.771623 -0.963039 -17.733698 2.621036 1e-06 -1e-06 0.0 -17.346601 -20.095388 -4.20177 21.757792 -1.638361 3.866468 -5e-06 -6.338904 -7e-06 -1.69763 -22.592152 -6.194146 0.0 -5e-06 -2e-06 45.751312 -87.784416 148.988602 62.967644 -70.599182 -41.289627 12.149846 0.898485 0.196909 -2.782003 8.277415 6.407593 22.182186 -20.3759 49.933487 -16.701954 -16.74366 28.476717 9e-06 -12.690733 6e-06 16.021574 -17.401537 2.740626 -0.105917 -1.513865 -4.275897 -5.039086 -5.612919 -2.953571 -5e-06 -11.020629 -1.8e-05 -6.111386 -15.895559 -3.840536 2e-06 2e-06 -0.0 -10.283433 -5.680331 -4.341843 11.028369 -11.302464 -2.372666 -1.384291 -14.238717 -6.320189 -0.625424 -26.924526 -3.827708 -3.977767 -49.172573 -4.012481 -13.708611 -7.363531 -3.720937 18.141285 -14.052806 -3.24272 -0.0 -18.787436 -3.5e-05 -0.429712 -8.456137 2.555513 1e-06 2e-06 1e-06 -15.92366 -20.094614 -5.473583 30.419453 -7.190838 1.735927 -1e-06 -8.162988 -1.6e-05 -1.861911 -22.861742 -6.168072 -2e-06 -1e-06 -2e-06 173.374847 -2.461494 -7.85638 15.543961 -0.008756 0.23616 -74.131393 2.774767 -2.138002 -7.685871 1.610428 2.158585 -1.000006 0.0 -0.0 -4.809169 -7.534433 -10.852765 16.880465 -0.048927 -0.007217 -75.964516 4.275428 -5.812365 -7.879155 0.555283 1.64041 -1.000008 -0.0 0.0 
0.0 0.0 0.0 0.0 -0.0 0.0 33.650543 101.045403 842.360107 90.981171 1.20151 94.992126 7.009301 0.038143 -0.294983 -8.3353 -0.320465 0.365276 17.776289 -0.271642 -1.67945 18.47101 1.517084 2.406958 -2.483286 -0.540253 -0.953315 -39.074821 -1.20872 -1.030328 6e-06 -0.0 -0.0 0.039483 0.016131 0.008993 -0.101209 0.033739 -0.026409 -0.118123 -0.004175 0.046245 -63.281971 -78.314682 72.8964 46.821629 -77.401566 -26.271315 19.279657 -0.488251 -0.203808 6.66818 -3.621142 8.567667 17.636646 -26.322783 52.411446 -19.466795 -14.395657 29.410593 2e-06 -8.774882 1e-06 15.908988 -17.966654 6.080606 -0.609779 -1.795664 -3.889345 -4.807118 -11.046872 -2.937877 7e-06 -20.976168 -3.6e-05 -5.01998 -25.033821 -4.031979 5e-06 -1e-06 0.0 -10.634573 -5.687004 -3.565603 10.573324 -17.923033 -3.113948 6e-06 -13.821302 -2e-05 -0.501722 -31.181829 -4.027126 -12.023921 -59.827221 7.935729 -13.982768 -7.150238 -2.875054 13.772796 -8.401529 -3.218275 0.347758 -34.211842 0.771599 -0.963021 -17.73357 2.621024 0.0 1e-06 -1e-06 -17.346493 -20.095316 -4.201807 21.757664 -1.638369 3.86644 -0.0 -6.338865 -7e-06 -1.697573 -22.591986 -6.194125 -0.0 -6e-06 -3e-06 47.339958 -86.309334 147.468842 54.168713 -72.285027 -31.467464 13.304965 0.591796 0.230049 -2.657764 5.615705 7.143452 22.182175 -20.375919 49.933468 -16.70188 -16.74362 28.476641 1.1e-05 -12.690689 1e-06 16.103067 -17.588755 2.815056 -0.10592 -1.51386 -4.275895 -5.039075 -5.612901 -2.953567 -5e-06 -11.020587 -9e-06 -6.111365 -15.895479 -3.840513 1e-06 1e-06 -2e-06 -10.283418 -5.680317 -4.341843 11.028344 -11.30243 -2.37265 -1.384292 -14.238657 -6.320163 -0.625445 -26.9244 -3.82766 -4.021965 -49.332054 -4.012522 -13.708588 -7.363513 -3.720939 18.141237 -14.052768 -3.242694 -9e-06 -18.787369 -1.5e-05 -0.429719 -8.456107 2.555519 1e-06 4e-06 -3e-06 -15.923628 -20.094563 -5.473587 30.419386 -7.190818 1.735939 -5e-06 -8.162969 -3e-06 -1.861929 -22.861662 -6.168023 1e-06 -4e-06 -2e-06 177.647812 -2.204508 -8.455279 10.440645 0.007017 0.162609 -72.617203 1.871884 -2.707497 -7.223701 1.642111 2.161459 -1.0 0.0 0.0 -0.685494 -6.848504 -11.314108 11.579647 -0.062185 -0.048457 -74.175087 4.922838 -5.383538 -7.595982 0.518063 1.632918 -1.000003 0.0 -0.0 
0.0 0.0 0.0 0.0 -0.0 0.0 33.681293 101.145241 843.937195 90.925926 2.007892 94.194756 5.653509 0.082099 -0.224845 -8.846195 -0.324387 0.446755 17.150993 -0.298638 -1.776594 18.717896 1.166134 2.413652 -2.444757 -0.502908 -0.772868 -37.361263 -1.031016 -0.755548 6e-06 0.0 0.0 0.031808 0.013895 -0.019391 -0.098412 0.041981 -0.051203 -0.115956 -0.0171 0.015752 -72.300941 -78.224014 82.116806 32.536526 -78.062592 -13.701663 20.028938 -0.461494 -0.153861 6.040572 -3.460145 5.17811 17.636856 -26.322981 52.411629 -19.466999 -14.395773 29.410765 -2e-06 -8.774988 -6e-06 15.679885 -17.819717 6.141308 -0.609782 -1.795678 -3.889363 -4.807161 -11.046985 -2.937889 1.6e-05 -20.976446 -2.1e-05 -5.020063 -25.034203 -4.031994 6e-06 -0.0 0.0 -10.634658 -5.687044 -3.565612 10.573443 -17.923239 -3.113965 1.2e-05 -13.821488 -1.5e-05 -0.501738 -31.182371 -4.02716 -12.035919 -59.654545 7.871899 -13.982878 -7.150287 -2.875059 13.772938 -8.401621 -3.218292 0.347778 -34.212311 0.771617 -0.963023 -17.733818 2.621065 -0.0 2e-06 0.0 -17.34664 -20.095476 -4.201802 21.757885 -1.638401 3.866481 5e-06 -6.338948 -8e-06 -1.697598 -22.592339 -6.194191 0.0 -9e-06 -2e-06 40.451229 -84.583183 154.381409 44.785309 -72.216629 -21.898247 13.751698 0.384167 0.25579 -2.414547 4.262087 7.334858 22.182348 -20.376034 49.933571 -16.702011 -16.743717 28.476757 3e-06 -12.690794 -9e-06 16.136005 -17.686649 2.883866 -0.105919 -1.51387 -4.275908 -5.039106 -5.612937 -2.953574 3e-06 -11.020683 -3e-06 -6.111414 -15.895628 -3.840527 -1e-06 -0.0 1e-06 -10.283475 -5.680342 -4.341852 11.028426 -11.302529 -2.372653 -1.384298 -14.23879 -6.320193 -0.625448 -26.924713 -3.827668 -3.945243 -49.427208 -4.048007 -13.708666 -7.363547 -3.720946 18.141378 -14.052896 -3.242709 7e-06 -18.787558 -1.1e-05 -0.429709 -8.456202 2.555541 1e-06 -2e-06 -2e-06 -15.923724 -20.094677 -5.473587 30.419586 -7.190904 1.735957 5e-06 -8.163042 -9e-06 -1.86192 -22.861895 -6.168072 1e-06 -3e-06 -2e-06 -179.138519 -1.961287 -9.041736 7.518387 0.023508 0.09387 -72.120506 0.951465 -3.10412 -6.752827 1.662542 2.16835 -1.000005 1e-06 -0.0 2.249855 -6.19844 -11.501907 8.645397 -0.072008 -0.046254 -73.435852 5.231009 -4.940708 -7.189857 0.475051 1.625792 -1.000007 0.0 0.0 
0.0 0.0 0.0 0.0 -0.0 0.0 33.635132 101.07058 845.315552 90.908424 3.045784 93.444954 4.651718 0.118308 -0.165131 -9.144382 -0.33884 0.470357 16.933142 -0.307751 -1.895294 18.657272 0.832549 2.440656 -2.424185 -0.509077 -0.500184 -35.941601 -0.833973 -0.509981 6e-06 0.0 -0.0 0.029954 0.013714 -0.040509 -0.078331 0.040167 -0.066089 -0.096008 -0.015546 -0.008919 -83.134956 -78.092308 93.316147 22.849823 -77.201981 -5.480141 19.587763 -0.302079 -0.113289 5.44738 -2.951769 2.446169 17.636873 -26.322966 52.411659 -19.466942 -14.395802 29.410744 1e-05 -8.774999 -9e-06 15.579206 -17.708025 6.181909 -0.609784 -1.795672 -3.889362 -4.807178 -11.046959 -2.937885 -2e-06 -20.976374 -1.4e-05 -5.020092 -25.034119 -4.03201 6e-06 2e-06 -0.0 -10.634675 -5.687037 -3.56561 10.57344 -17.923174 -3.113953 -1e-06 -13.821439 -9e-06 -0.501777 -31.182228 -4.027153 -12.026433 -59.505135 7.814896 -13.982901 -7.150282 -2.875055 13.77295 -8.401587 -3.218287 0.34774 -34.212196 0.771642 -0.963041 -17.733765 2.621067 0.0 -2e-06 1e-06 -17.346678 -20.095446 -4.201802 21.757917 -1.638388 3.866493 -1e-06 -6.338928 -4e-06 -1.697634 -22.592253 -6.19418 -0.0 -6e-06 -2e-06 33.299232 -82.565971 161.653564 37.940968 -70.853867 -15.625704 13.356944 0.318851 0.263627 -1.948977 3.969582 6.627671 22.182348 -20.376013 49.933681 -16.702055 -16.743769 28.476849 2.1e-05 -12.690842 -3e-06 16.058741 -17.684864 2.982697 -0.10592 -1.513872 -4.275915 -5.039127 -5.612958 -2.953581 -1.5e-05 -11.020716 -1.1e-05 -6.111466 -15.895708 -3.840558 -1e-06 -1e-06 0.0 -10.283503 -5.680366 -4.341856 11.028445 -11.302536 -2.372672 -1.384321 -14.238839 -6.320228 -0.625469 -26.924818 -3.827735 -3.776309 -49.456585 -4.093752 -13.708701 -7.363577 -3.720945 18.141417 -14.052897 -3.242733 -1.6e-05 -18.787605 -3.3e-05 -0.429719 -8.456223 2.555533 -1e-06 1e-06 -1e-06 -15.923782 -20.094728 -5.473592 30.419682 -7.190872 1.735957 -6e-06 -8.163058 -1.8e-05 -1.861949 -22.861988 -6.168143 1e-06 -5e-06 -3e-06 -176.60881 -1.84637 -9.625617 6.429195 0.037925 0.056824 -72.541695 0.173069 -3.474704 -6.28057 1.677806 2.18039 -1.000002 0.0 -0.0 4.650037 -5.850626 -11.537288 7.219314 -0.066171 -0.02764 -73.524498 5.453288 -4.81185 -6.769907 0.446425 1.621214 -1.000006 0.0 -0.0 
0.0 0.0 0.0 0.0 -0.0 0.0 33.512253 100.907829 846.47998 91.011673 4.179485 92.795128 3.903673 0.095316 -0.116049 -9.306191 -0.384145 0.436191 17.0441 -0.386832 -2.013015 18.466539 0.574959 2.431502 -2.429303 -0.527166 -0.120523 -34.846142 -0.572135 -0.235224 6e-06 0.0 0.0 0.035274 0.011148 -0.066403 -0.041039 0.029353 -0.08298 -0.049267 -0.010001 -0.04129 -94.250549 -77.756111 104.87384 18.233393 -75.437172 -1.559167 18.352896 -0.141549 -0.074014 5.054966 -2.241785 0.584466 17.636627 -26.322775 52.411304 -19.466696 -14.395609 29.41048 2e-06 -8.774844 -2e-06 15.529635 -17.663633 6.230429 -0.609778 -1.795654 -3.889333 -4.807096 -11.046831 -2.93786 3e-06 -20.976095 -3e-06 -5.019975 -25.033718 -4.031915 6e-06 4e-06 -1e-06 -10.634541 -5.686977 -3.565595 10.573283 -17.922981 -3.113907 -0.0 -13.821262 2e-06 -0.501767 -31.181736 -4.02705 -11.96224 -59.375935 7.72551 -13.982722 -7.150208 -2.875048 13.772745 -8.401504 -3.218247 0.347726 -34.211708 0.771662 -0.963042 -17.7335 2.621046 -0.0 -1e-06 -1e-06 -17.346432 -20.095236 -4.201792 21.757586 -1.638371 3.866438 0.0 -6.338849 2e-06 -1.697583 -22.591904 -6.194061 -0.0 -5e-06 -2e-06 28.012325 -80.392944 167.208694 34.36935 -68.899658 -12.855786 12.311735 0.357978 0.236044 -1.295303 4.414523 5.258157 22.182112 -20.375942 49.93343 -16.701836 -16.743572 28.476618 -2e-06 -12.690639 7e-06 15.961198 -17.652142 3.029217 -0.10592 -1.513855 -4.275888 -5.03905 -5.612881 -2.953565 3e-06 -11.020562 -3e-06 -6.11132 -15.89543 -3.840505 1e-06 1e-06 1e-06 -10.283381 -5.680294 -4.341846 11.028306 -11.302417 -2.372639 -1.384268 -14.238624 -6.32015 -0.625426 -26.924345 -3.827637 -3.574735 -49.465134 -4.106957 -13.708536 -7.363483 -3.720945 18.141176 -14.052749 -3.242684 -0.0 -18.787331 2e-06 -0.429721 -8.456089 2.555523 -1e-06 1e-06 0.0 -15.923552 -20.094496 -5.473593 30.419256 -7.190821 1.735922 -1e-06 -8.162952 3e-06 -1.861908 -22.861612 -6.167977 -0.0 -3e-06 -2e-06 -174.396606 -1.712581 -10.166881 6.040406 0.040084 0.037372 -73.24189 -0.390858 -3.837121 -5.813203 1.700364 2.19584 -1.000002 0.0 0.0 6.769019 -5.790551 -11.579339 6.565986 -0.038125 -0.012468 -74.160553 5.654231 -4.991516 -6.325343 0.432544 1.613812 -1.000006 0.0 0.0 
0.0 0.0 0.0 0.0 -0.0 0.0 33.30563 100.698997 847.397156 91.182137 5.20129 92.305138 3.327082 0.0427 -0.098448 -9.408104 -0.452601 0.376209 17.306238 -0.564714 -2.078324 18.201509 0.457803 2.388941 -2.438852 -0.547505 0.282756 -34.12854 -0.17743 0.048454 6e-06 -0.0 -0.0 0.047338 0.001101 -0.096289 0.007042 0.007732 -0.103547 0.018531 -0.008666 -0.078558 -103.573074 -77.320122 114.556969 16.806934 -73.286377 0.435212 16.739225 -0.116545 -0.025781 4.859057 -1.562957 0.083565 17.636719 -26.322847 52.411415 -19.466824 -14.395679 29.410572 -1e-06 -8.7749 -4e-06 15.499779 -17.703135 6.265569 -0.609779 -1.795665 -3.889345 -4.80712 -11.046888 -2.937871 1.4e-05 -20.976217 -1.5e-05 -5.02 -25.033876 -4.031944 6e-06 -0.0 0.0 -10.634588 -5.687003 -3.5656 10.57335 -17.923075 -3.113934 9e-06 -13.821334 -8e-06 -0.501745 -31.181911 -4.027091 -11.851501 -59.252945 7.656716 -13.982788 -7.150239 -2.87505 13.772828 -8.401553 -3.218269 0.347762 -34.211929 0.771632 -0.963023 -17.733614 2.621046 -0.0 -4e-06 -0.0 -17.346518 -20.095333 -4.201796 21.757708 -1.638384 3.866451 3e-06 -6.33888 -4e-06 -1.697584 -22.592041 -6.194108 -0.0 -4e-06 -2e-06 24.97159 -78.50219 170.52803 33.13018 -67.182396 -12.220181 11.176132 0.37002 0.183201 -0.47009 5.287675 4.143342 22.182251 -20.376011 49.933582 -16.702 -16.743673 28.476772 -2e-06 -12.690751 1e-06 15.907137 -17.58514 2.948894 -0.105919 -1.513868 -4.275907 -5.039087 -5.612929 -2.953578 3e-06 -11.020668 -9e-06 -6.111384 -15.895606 -3.840533 0.0 1e-06 -1e-06 -10.283442 -5.680333 -4.341857 11.028397 -11.302512 -2.372665 -1.384282 -14.238771 -6.3202 -0.625424 -26.924675 -3.82769 -3.425749 -49.432518 -4.078761 -13.708621 -7.363533 -3.720951 18.141323 -14.05287 -3.242719 1.1e-05 -18.787518 -2e-05 -0.42971 -8.456185 2.555532 1e-06 2e-06 -2e-06 -15.923659 -20.094641 -5.473601 30.419487 -7.190883 1.73593 3e-06 -8.163024 -1.2e-05 -1.861903 -22.861862 -6.168075 -1e-06 -2e-06 -1e-06 -172.497147 -1.5825 -10.598007 5.833018 0.016219 0.02231 -73.986664 -0.751798 -4.194171 -5.45707 1.708978 2.201022 -1.000001 0.0 0.0 8.63556 -5.799283 -11.586184 6.099928 -0.00698 -0.003076 -75.072098 5.668587 -5.205362 -5.848048 0.44268 1.608108 -1.000006 0.0 0.0 
0.0 0.0 0.0 0.0 -0.0 0.0 33.029793 100.54203 848.083679 91.235718 5.916167 92.000595 2.871851 0.047292 -0.132233 -9.507102 -0.508209 0.354217 17.484098 -0.76935 -2.134942 18.01585 0.539662 2.412685 -2.435247 -0.587646 0.524145 -33.732735 0.244916 0.259087 7e-06 0.0 -0.0 0.049665 -0.009916 -0.110228 0.036729 -0.00939 -0.108985 0.0682 -0.013436 -0.100129 -109.024048 -77.013397 120.295044 17.357214 -71.637238 1.001026 15.028998 -0.165886 0.010625 4.764688 -1.023856 0.606817 17.636879 -26.323004 52.411713 -19.466972 -14.395818 29.410795 6e-06 -8.775002 -7e-06 15.567347 -17.779989 6.284263 -0.609784 -1.795674 -3.889366 -4.807176 -11.046971 -2.93789 5e-06 -20.976412 -1.2e-05 -5.02009 -25.034163 -4.032004 6e-06 2e-06 -0.0 -10.634682 -5.687041 -3.565614 10.573454 -17.923204 -3.113959 3e-06 -13.821458 -6e-06 -0.50177 -31.182287 -4.027148 -11.81648 -59.21949 7.728357 -13.982908 -7.150286 -2.875059 13.772961 -8.401603 -3.218293 0.347748 -34.21225 0.771649 -0.963043 -17.733789 2.621077 -0.0 2e-06 -0.0 -17.346685 -20.095461 -4.201806 21.757933 -1.638396 3.866491 0.0 -6.338936 -3e-06 -1.697627 -22.592302 -6.194185 -0.0 -2e-06 -2e-06 24.000017 -77.316025 171.635818 33.242847 -66.246368 -12.488506 10.477283 0.260202 0.142064 0.516706 6.327199 3.871966 22.182364 -20.376087 49.933762 -16.702061 -16.743805 28.476892 5e-06 -12.690848 4e-06 15.910702 -17.5033 2.775439 -0.105918 -1.513871 -4.275921 -5.039124 -5.612947 -2.953585 -3e-06 -11.020707 -3e-06 -6.111452 -15.895678 -3.840552 1e-06 -1e-06 1e-06 -10.283502 -5.680353 -4.341863 11.028462 -11.302536 -2.372674 -1.384306 -14.238817 -6.320222 -0.625448 -26.924774 -3.8277 -3.380944 -49.364227 -4.072281 -13.708702 -7.363561 -3.720952 18.141439 -14.052902 -3.242733 -6e-06 -18.787586 -7e-06 -0.429721 -8.456218 2.555552 0.0 -0.0 -1e-06 -15.923772 -20.094707 -5.473604 30.41971 -7.190903 1.735948 -1e-06 -8.163059 -5e-06 -1.861956 -22.861969 -6.168097 -0.0 -3e-06 -1e-06 -171.102325 -1.659346 -10.906699 5.731149 -0.010754 0.015046 -74.535431 -1.094204 -4.536578 -5.34097 1.675373 2.190853 -1.000004 1e-06 -0.0 10.029598 -5.637604 -11.406231 5.762944 0.006908 -0.004148 -75.752541 5.52039 -5.229994 -5.508687 0.475717 1.607117 -1.000004 0.0 -0.0 
0.0 0.0 0.0 0.0 -0.0 0.0 32.721077 100.545822 848.642456 91.056442 6.151042 91.804443 2.493402 0.162672 -0.179604 -9.60691 -0.511489 0.337983 17.305389 -0.897644 -2.184313 18.023945 0.699935 2.512983 -2.428592 -0.60058 0.59944 -33.542137 0.513076 0.441831 6e-06 0.0 -0.0 0.051765 -0.01445 -0.100258 0.054727 -0.00424 -0.09338 0.08968 -0.026912 -0.096179 -109.891907 -77.04084 121.356277 18.91766 -71.256531 -0.333688 13.517134 -0.187976 0.023176 4.857735 -0.620293 1.243415 17.63682 -26.322887 52.411476 -19.466869 -14.395727 29.410627 8e-06 -8.774946 -1.2e-05 15.668919 -17.758615 6.258065 -0.609782 -1.795668 -3.88935 -4.807155 -11.046927 -2.937875 -5e-06 -20.976311 -1.1e-05 -5.020062 -25.034027 -4.03198 6e-06 1e-06 -0.0 -10.634637 -5.687023 -3.565603 10.573389 -17.923134 -3.113935 -1e-06 -13.821401 -9e-06 -0.501775 -31.182123 -4.02713 -11.765121 -59.281425 7.751397 -13.98285 -7.150264 -2.87505 13.772885 -8.401569 -3.218269 0.347735 -34.212074 0.771639 -0.963038 -17.733696 2.621053 -0.0 0.0 0.0 -17.346613 -20.095396 -4.201788 21.757816 -1.638381 3.866481 -1e-06 -6.338909 -5e-06 -1.69762 -22.59218 -6.19415 0.0 -6e-06 -2e-06 25.331928 -77.24321 170.185532 34.251633 -66.424393 -13.286503 10.354812 0.081841 0.130545 1.563248 7.059402 4.449373 22.182293 -20.376015 49.933601 -16.701973 -16.743742 28.476765 1.3e-05 -12.690792 4e-06 15.980647 -17.442944 2.578645 -0.105919 -1.513866 -4.275909 -5.039106 -5.612926 -2.95357 -9e-06 -11.02065 -1e-06 -6.111427 -15.895582 -3.840528 -1e-06 -1e-06 -0.0 -10.283471 -5.680339 -4.341849 11.028416 -11.302489 -2.372662 -1.384309 -14.238746 -6.32019 -0.625463 -26.924597 -3.827677 -3.46535 -49.264801 -4.112288 -13.708662 -7.363541 -3.720939 18.141352 -14.052834 -3.242712 -1.6e-05 -18.787481 -8e-06 -0.429723 -8.456162 2.555537 0.0 1e-06 -0.0 -15.923729 -20.094646 -5.473582 30.41958 -7.190858 1.735947 -5e-06 -8.163016 -4e-06 -1.861953 -22.861809 -6.168056 0.0 -3e-06 -1e-06 -170.364838 -2.030658 -11.257885 5.604786 0.000563 0.024923 -74.545486 -1.26132 -4.879252 -5.41714 1.605637 2.1681 -1.000003 -0.0 -0.0 10.713872 -5.22865 -11.166958 5.553941 0.014872 0.005216 -75.683556 5.415667 -5.202018 -5.497479 0.496452 1.60233 -1.000007 0.0 0.0 
0.0 0.0 0.0 0.0 -0.0 0.0 32.416439 100.639366 849.183777 90.778969 6.042729 91.56881 2.218769 0.301625 -0.203686 -9.700286 -0.470312 0.330615 16.946688 -0.945016 -2.152133 17.855339 0.805863 2.589768 -2.434548 -0.570179 0.583239 -33.444695 0.678984 0.695884 7e-06 0.0 0.0 0.051282 -0.017774 -0.09716 0.071284 0.006395 -0.090699 0.102495 -0.043605 -0.094371 -109.2033 -77.208862 120.661156 20.353575 -71.472267 -2.104952 12.705231 -0.106994 0.028394 5.102917 -0.383302 1.486045 17.636959 -26.323059 52.411709 -19.46706 -14.395865 29.410833 4e-06 -8.775047 -1e-05 15.734927 -17.665213 6.235305 -0.609784 -1.795682 -3.889369 -4.807196 -11.047025 -2.93789 3e-06 -20.976543 -5e-06 -5.020136 -25.034351 -4.032008 6e-06 -2e-06 0.0 -10.634715 -5.687061 -3.56561 10.573503 -17.923298 -3.113967 4e-06 -13.821547 -7e-06 -0.501781 -31.182547 -4.027163 -11.839653 -59.479595 7.806082 -13.982954 -7.15031 -2.875049 13.773022 -8.401645 -3.218302 0.347756 -34.212486 0.771646 -0.963041 -17.733923 2.621087 0.0 -0.0 -1e-06 -17.34675 -20.095533 -4.201787 21.758024 -1.638404 3.866503 1e-06 -6.338974 -5e-06 -1.697641 -22.592447 -6.194208 0.0 -3e-06 -2e-06 27.860727 -77.713272 167.332794 35.234039 -66.973923 -13.698947 10.82906 -0.029193 0.121904 2.625776 7.201162 5.494719 22.182407 -20.376074 49.933685 -16.70207 -16.743816 28.476851 1.3e-05 -12.690874 -3e-06 16.07494 -17.379147 2.424832 -0.105918 -1.513872 -4.275916 -5.039132 -5.612957 -2.953581 -8e-06 -11.020724 1e-06 -6.111478 -15.895705 -3.840537 0.0 -1e-06 0.0 -10.283517 -5.680361 -4.341855 11.028475 -11.302548 -2.372666 -1.384324 -14.238834 -6.320213 -0.625481 -26.924807 -3.827687 -3.517401 -49.160938 -4.1745 -13.708724 -7.363574 -3.720941 18.141459 -14.052917 -3.242725 -1.4e-05 -18.787615 -8e-06 -0.42972 -8.456227 2.555549 -1e-06 2e-06 -3e-06 -15.923809 -20.094738 -5.473582 30.419746 -7.190902 1.735964 -4e-06 -8.163066 -8e-06 -1.861964 -22.862007 -6.168106 -1e-06 -1e-06 -1e-06 -170.136292 -2.49178 -11.754269 5.47764 0.03002 0.065604 -74.248329 -1.317601 -5.293041 -5.542437 1.55993 2.153189 -1.000002 0.0 0.0 10.814906 -4.79159 -10.924525 5.49977 0.025453 0.013631 -75.246246 5.594119 -5.079789 -5.672201 0.480228 1.591575 -1.000005 0.0 -0.0 
0.0 0.0 0.0 0.0 -0.0 0.0 32.128819 100.743698 849.728271 90.515732 5.733466 91.346687 1.957945 0.389445 -0.242173 -9.774401 -0.421216 0.323816 16.624594 -0.920146 -2.079092 17.423779 0.855515 2.635546 -2.460621 -0.533964 0.580053 -33.437336 0.82415 0.955076 6e-06 0.0 -0.0 0.038685 -0.02165 -0.099029 0.086523 0.010426 -0.09231 0.108781 -0.05481 -0.098338 -108.824081 -77.258347 120.01693 20.834681 -71.771492 -2.961554 12.846966 0.090358 0.023949 5.382921 -0.116074 1.320285 17.636837 -26.323111 52.411762 -19.467003 -14.395773 29.410835 -1e-06 -8.774974 1e-06 15.816078 -17.555101 6.252988 -0.609782 -1.795678 -3.889369 -4.807155 -11.047005 -2.93789 3e-06 -20.976486 -1e-06 -5.020076 -25.034258 -4.031965 5e-06 -1e-06 -0.0 -10.634651 -5.687048 -3.56562 10.573432 -17.923271 -3.11396 3e-06 -13.821517 -2e-06 -0.501766 -31.182451 -4.027134 -11.995096 -59.745163 7.889815 -13.982868 -7.150294 -2.875065 13.772923 -8.401638 -3.218296 0.347744 -34.21241 0.771659 -0.963052 -17.733871 2.621085 -0.0 1e-06 -0.0 -17.346624 -20.095503 -4.201806 21.757856 -1.638398 3.866475 3e-06 -6.338959 -2e-06 -1.6976 -22.592379 -6.194177 -0.0 -5e-06 -2e-06 29.99262 -78.044701 164.790863 35.293343 -67.226852 -13.108818 11.975314 -0.062641 0.129633 3.496523 7.235401 6.401285 22.182323 -20.376125 49.933743 -16.702133 -16.743692 28.476912 -2.3e-05 -12.690779 7e-06 16.167799 -17.311354 2.393117 -0.105917 -1.513881 -4.275923 -5.039093 -5.612969 -2.953593 1.9e-05 -11.020778 -1e-05 -6.11137 -15.89578 -3.840535 -0.0 -1e-06 -0.0 -10.283463 -5.68036 -4.341874 11.028441 -11.302621 -2.37268 -1.38426 -14.238913 -6.320233 -0.625399 -26.925018 -3.827708 -3.509769 -49.251305 -4.157338 -13.708649 -7.363567 -3.720968 18.14139 -14.053015 -3.242749 4.2e-05 -18.787704 -3.3e-05 -0.429703 -8.456275 2.555543 1e-06 2e-06 1e-06 -15.923679 -20.094761 -5.473624 30.419559 -7.190969 1.735912 1.7e-05 -8.163102 -2.3e-05 -1.861838 -22.862125 -6.168133 -1e-06 1e-06 -1e-06 -170.226685 -2.912169 -12.35911 5.378891 0.052373 0.10619 -73.927185 -1.266028 -5.729551 -5.640694 1.529547 2.151446 -1.000004 -0.0 0.0 10.596874 -4.405778 -10.697409 5.494768 0.04237 0.014488 -74.804527 5.856967 -4.872819 -5.872114 0.469133 1.588809 -1.000006 0.0 0.0 
0.0 0.0 0.0 0.0 -0.0 0.0 31.904474 100.83239 850.120056 90.265121 5.311026 91.228783 1.652447 0.445411 -0.307409 -9.835514 -0.37899 0.330917 16.392382 -0.817629 -2.047328 16.883112 0.842631 2.563118 -2.508018 -0.518853 0.821584 -33.342354 0.855785 1.059858 7e-06 -0.0 -0.0 0.02768 -0.032569 -0.123561 0.103976 0.008422 -0.111926 0.116261 -0.074162 -0.129288 -108.399117 -77.193596 119.252647 20.700079 -72.06588 -3.068912 13.70041 0.302962 0.015234 5.648281 0.071002 1.046007 17.636787 -26.322996 52.411678 -19.466909 -14.395753 29.410748 1e-06 -8.774953 -3e-06 15.792714 -17.526983 6.348829 -0.609783 -1.79567 -3.88936 -4.807147 -11.046938 -2.937884 5e-06 -20.976332 -8e-06 -5.020048 -25.034048 -4.031971 6e-06 1e-06 -0.0 -10.634635 -5.687027 -3.565615 10.573399 -17.923159 -3.113947 2e-06 -13.821412 -3e-06 -0.501763 -31.182142 -4.027117 -12.151952 -59.894669 8.017466 -13.982845 -7.150269 -2.875062 13.772889 -8.401584 -3.218282 0.347742 -34.212132 0.771654 -0.963044 -17.733725 2.62107 0.0 -2e-06 -0.0 -17.346598 -20.095413 -4.20181 21.757812 -1.63839 3.866472 1e-06 -6.338914 -1e-06 -1.697604 -22.592197 -6.194149 -0.0 1e-06 -2e-06 31.776968 -78.114525 162.494827 34.582485 -67.204132 -11.615058 13.404585 -0.03829 0.131445 3.931588 7.423218 6.905378 22.182302 -20.376076 49.933765 -16.702024 -16.743723 28.476871 5e-06 -12.690784 5e-06 16.200907 -17.312021 2.492336 -0.10592 -1.51387 -4.275919 -5.039103 -5.612937 -2.953586 -1e-06 -11.020679 -1e-05 -6.111403 -15.895632 -3.840554 -1e-06 2e-06 -2e-06 -10.28347 -5.680347 -4.341871 11.028417 -11.302519 -2.37267 -1.384291 -14.238781 -6.320224 -0.625429 -26.92469 -3.827712 -3.606893 -49.566166 -3.953685 -13.70866 -7.363554 -3.720965 18.141359 -14.052881 -3.242727 -1e-06 -18.787535 -1.6e-05 -0.429721 -8.456192 2.555547 0.0 3e-06 -0.0 -15.923714 -20.094688 -5.473623 30.419565 -7.190883 1.735941 -2e-06 -8.163036 -6e-06 -1.861924 -22.8619 -6.16809 1e-06 -5e-06 -0.0 -170.506378 -3.331812 -12.936419 5.331853 0.076369 0.123246 -73.705956 -1.136615 -5.994384 -5.732252 1.511699 2.149694 -1.000005 0.0 0.0 10.231492 -4.008574 -10.397604 5.539494 0.045766 0.0374 -74.473228 5.960498 -4.697388 -6.123504 0.495278 1.596651 -1.000006 0.0 -0.0 
