HIERARCHY
ROOT Root
{
  OFFSET 0.0 0.0 0.0
  CHANNELS 6 Xposition Yposition Zposition Zrotation Yrotation Xrotation
  JOINT Hips
  {
    OFFSET 0.0 100.0 0.0
    CHANNELS 6 Xposition Yposition Zposition Zrotation Yrotation Xrotation
    JOINT Spine1
    {
      OFFSET -0.013727 5.003763 -0.053727
      CHANNELS 3 Zrotation Yrotation Xrotation
      JOINT Spine2
      {
        OFFSET -0.0 7.125301 -0.029825
        CHANNELS 3 Zrotation Yrotation Xrotation
        JOINT Chest
        {
          OFFSET -1e-06 7.550063 -0.815971
          CHANNELS 3 Zrotation Yrotation Xrotation
          JOINT Neck1
          {
            OFFSET -0.181677 26.311295 -0.553348
            CHANNELS 3 Zrotation Yrotation Xrotation
            JOINT Neck2
            {
              OFFSET -3e-06 7.709397 2.302585
              CHANNELS 3 Zrotation Yrotation Xrotation
              JOINT Head
              {
                OFFSET -5e-06 6.128916 1.953709
                CHANNELS 3 Zrotation Yrotation Xrotation
                JOINT HeadEnd
                {
                  OFFSET 0.003598 16.065403 -1.835379
                  CHANNELS 3 Zrotation Yrotation Xrotation
                }
                JOINT Jaw
                {
                  OFFSET 0.002637 0.475592 3.094941
                  CHANNELS 3 Zrotation Yrotation Xrotation
                }
                JOINT LeftEye
                {
                  OFFSET 3.206381 5.380205 7.586883
                  CHANNELS 3 Zrotation Yrotation Xrotation
                }
                JOINT RightEye
                {
                  OFFSET -3.22244 5.361869 7.558234
                  CHANNELS 3 Zrotation Yrotation Xrotation
                }
              }
            }
          }
          JOINT LeftShoulder
          {
            OFFSET 1.621652 23.237164 5.113413
            CHANNELS 3 Zrotation Yrotation Xrotation
            JOINT LeftArm
            {
              OFFSET 14.919846 2e-06 -5.502326
              CHANNELS 3 Zrotation Yrotation Xrotation
              JOINT LeftForeArm
              {
                OFFSET 28.739307 0.0 -0.002588
                CHANNELS 3 Zrotation Yrotation Xrotation
                JOINT LeftHand
                {
                  OFFSET 27.093981 -1e-06 0.002609
                  CHANNELS 3 Zrotation Yrotation Xrotation
                  JOINT LeftHandThumb1
                  {
                    OFFSET 2.276482 -1.392045 3.191413
                    CHANNELS 3 Zrotation Yrotation Xrotation
                    JOINT LeftHandThumb2
                    {
                      OFFSET 4.012836 -1.828127 1.641654
                      CHANNELS 3 Zrotation Yrotation Xrotation
                      JOINT LeftHandThumb3
                      {
                        OFFSET 2.798515 0.0 -3e-06
                        CHANNELS 3 Zrotation Yrotation Xrotation
                        JOINT LeftHandThumbEnd
                        {
                          OFFSET 3.180793 -4e-06 4e-06
                          CHANNELS 3 Zrotation Yrotation Xrotation
                        }
                      }
                    }
                  }
                  JOINT LeftHandIndex1
                  {
                    OFFSET 3.247555 -0.531998 2.296169
                    CHANNELS 3 Zrotation Yrotation Xrotation
                    JOINT LeftHandIndex2
                    {
                      OFFSET 6.364578 0.01206 0.1786
                      CHANNELS 3 Zrotation Yrotation Xrotation
                      JOINT LeftHandIndex3
                      {
                        OFFSET 3.662364 0.0 0.0
                        CHANNELS 3 Zrotation Yrotation Xrotation
                        JOINT LeftHandIndex4
                        {
                          OFFSET 2.329242 4e-06 4e-06
                          CHANNELS 3 Zrotation Yrotation Xrotation
                          JOINT LeftHandIndexEnd
                          {
                            OFFSET 2.759615 -0.180537 -0.113024
                            CHANNELS 3 Zrotation Yrotation Xrotation
                          }
                        }
                      }
                    }
                  }
                  JOINT LeftHandMiddle1
                  {
                    OFFSET 3.163495 0.240981 1.000332
                    CHANNELS 3 Zrotation Yrotation Xrotation
                    JOINT LeftHandMiddle2
                    {
                      OFFSET 6.19078 -0.259278 -1.002548
                      CHANNELS 3 Zrotation Yrotation Xrotation
                      JOINT LeftHandMiddle3
                      {
                        OFFSET 4.35652 -4e-06 -1e-06
                        CHANNELS 3 Zrotation Yrotation Xrotation
                        JOINT LeftHandMiddle4
                        {
                          OFFSET 2.996877 -8e-06 0.0
                          CHANNELS 3 Zrotation Yrotation Xrotation
                          JOINT LeftHandMiddleEnd
                          {
                            OFFSET 2.304287 -0.294569 -0.031741
                            CHANNELS 3 Zrotation Yrotation Xrotation
                          }
                        }
                      }
                    }
                  }
                  JOINT LeftHandRing1
                  {
                    OFFSET 2.882643 -0.053652 -0.322543
                    CHANNELS 3 Zrotation Yrotation Xrotation
                    JOINT LeftHandRing2
                    {
                      OFFSET 5.854541 -0.486202 -1.373841
                      CHANNELS 3 Zrotation Yrotation Xrotation
                      JOINT LeftHandRing3
                      {
                        OFFSET 4.350578 0.0 3e-06
                        CHANNELS 3 Zrotation Yrotation Xrotation
                        JOINT LeftHandRing4
                        {
                          OFFSET 2.651321 7e-06 2e-06
                          CHANNELS 3 Zrotation Yrotation Xrotation
                          JOINT LeftHandRingEnd
                          {
                            OFFSET 1.936105 0.077687 -7.1e-05
                            CHANNELS 3 Zrotation Yrotation Xrotation
                          }
                        }
                      }
                    }
                  }
                  JOINT LeftHandPinky1
                  {
                    OFFSET 2.8655 -0.310005 -1.600378
                    CHANNELS 3 Zrotation Yrotation Xrotation
                    JOINT LeftHandPinky2
                    {
                      OFFSET 5.087849 -1.331141 -1.77123
                      CHANNELS 3 Zrotation Yrotation Xrotation
                      JOINT LeftHandPinky3
                      {
                        OFFSET 3.070974 4e-06 0.0
                        CHANNELS 3 Zrotation Yrotation Xrotation
                        JOINT LeftHandPinky4
                        {
                          OFFSET 1.549672 0.0 1e-06
                          CHANNELS 3 Zrotation Yrotation Xrotation
                          JOINT LeftHandPinkyEnd
                          {
                            OFFSET 1.944893 -0.157802 0.057219
                            CHANNELS 3 Zrotation Yrotation Xrotation
                          }
                        }
                      }
                    }
                  }
                }
              }
            }
          }
          JOINT RightShoulder
          {
            OFFSET -1.380118 23.180309 5.214158
            CHANNELS 3 Zrotation Yrotation Xrotation
            JOINT RightArm
            {
              OFFSET -15.037196 1.2e-05 -5.545604
              CHANNELS 3 Zrotation Yrotation Xrotation
              JOINT RightForeArm
              {
                OFFSET -28.736639 2e-06 -0.002597
                CHANNELS 3 Zrotation Yrotation Xrotation
                JOINT RightHand
                {
                  OFFSET -27.133619 -0.0 0.002613
                  CHANNELS 3 Zrotation Yrotation Xrotation
                  JOINT RightHandThumb1
                  {
                    OFFSET -2.274032 -1.383988 3.163127
                    CHANNELS 3 Zrotation Yrotation Xrotation
                    JOINT RightHandThumb2
                    {
                      OFFSET -4.011429 -1.827466 1.640914
                      CHANNELS 3 Zrotation Yrotation Xrotation
                      JOINT RightHandThumb3
                      {
                        OFFSET -2.794935 -4e-06 -3e-06
                        CHANNELS 3 Zrotation Yrotation Xrotation
                        JOINT RightHandThumbEnd
                        {
                          OFFSET -3.183852 4e-06 1e-06
                          CHANNELS 3 Zrotation Yrotation Xrotation
                        }
                      }
                    }
                  }
                  JOINT RightHandIndex1
                  {
                    OFFSET -3.253266 -0.520057 2.282866
                    CHANNELS 3 Zrotation Yrotation Xrotation
                    JOINT RightHandIndex2
                    {
                      OFFSET -6.341917 0.012471 0.178266
                      CHANNELS 3 Zrotation Yrotation Xrotation
                      JOINT RightHandIndex3
                      {
                        OFFSET -3.654871 -8e-06 -0.0
                        CHANNELS 3 Zrotation Yrotation Xrotation
                        JOINT RightHandIndex4
                        {
                          OFFSET -2.327586 0.0 1e-06
                          CHANNELS 3 Zrotation Yrotation Xrotation
                          JOINT RightHandIndexEnd
                          {
                            OFFSET -2.76179 -0.180656 -0.113078
                            CHANNELS 3 Zrotation Yrotation Xrotation
                          }
                        }
                      }
                    }
                  }
                  JOINT RightHandMiddle1
                  {
                    OFFSET -3.168106 0.246593 1.00103
                    CHANNELS 3 Zrotation Yrotation Xrotation
                    JOINT RightHandMiddle2
                    {
                      OFFSET -6.180828 -0.258836 -1.000895
                      CHANNELS 3 Zrotation Yrotation Xrotation
                      JOINT RightHandMiddle3
                      {
                        OFFSET -4.348901 0.0 -0.0
                        CHANNELS 3 Zrotation Yrotation Xrotation
                        JOINT RightHandMiddle4
                        {
                          OFFSET -3.00024 -4e-06 -2e-06
                          CHANNELS 3 Zrotation Yrotation Xrotation
                          JOINT RightHandMiddleEnd
                          {
                            OFFSET -2.30252 -0.29437 -0.031706
                            CHANNELS 3 Zrotation Yrotation Xrotation
                          }
                        }
                      }
                    }
                  }
                  JOINT RightHandRing1
                  {
                    OFFSET -2.88569 -0.067952 -0.308858
                    CHANNELS 3 Zrotation Yrotation Xrotation
                    JOINT RightHandRing2
                    {
                      OFFSET -5.854198 -0.48613 -1.373731
                      CHANNELS 3 Zrotation Yrotation Xrotation
                      JOINT RightHandRing3
                      {
                        OFFSET -4.33881 -4e-06 -0.0
                        CHANNELS 3 Zrotation Yrotation Xrotation
                        JOINT RightHandRing4
                        {
                          OFFSET -2.654903 -4e-06 4e-06
                          CHANNELS 3 Zrotation Yrotation Xrotation
                          JOINT RightHandRingEnd
                          {
                            OFFSET -1.933568 0.077527 -5.2e-05
                            CHANNELS 3 Zrotation Yrotation Xrotation
                          }
                        }
                      }
                    }
                  }
                  JOINT RightHandPinky1
                  {
                    OFFSET -2.866425 -0.342796 -1.584145
                    CHANNELS 3 Zrotation Yrotation Xrotation
                    JOINT RightHandPinky2
                    {
                      OFFSET -5.091371 -1.332055 -1.772385
                      CHANNELS 3 Zrotation Yrotation Xrotation
                      JOINT RightHandPinky3
                      {
                        OFFSET -3.062664 -4e-06 1e-06
                        CHANNELS 3 Zrotation Yrotation Xrotation
                        JOINT RightHandPinky4
                        {
                          OFFSET -1.546529 4e-06 -2e-06
                          CHANNELS 3 Zrotation Yrotation Xrotation
                          JOINT RightHandPinkyEnd
                          {
                            OFFSET -1.945119 -0.157718 0.057211
                            CHANNELS 3 Zrotation Yrotation Xrotation
                          }
                        }
                      }
                    }
                  }
                }
              }
            }
          }
        }
      }
    }
    JOINT LeftLeg
    {
      OFFSET 10.043214 -8.434526 2.595655
      CHANNELS 3 Zrotation Yrotation Xrotation
      JOINT LeftShin
      {
        OFFSET -1e-06 -43.221752 -0.802913
        CHANNELS 3 Zrotation Yrotation Xrotation
        JOINT LeftFoot
        {
          OFFSET 1e-06 -42.155094 -3.481523
          CHANNELS 3 Zrotation Yrotation Xrotation
          JOINT LeftToeBase
          {
            OFFSET 0.0 -5.059472 13.231529
            CHANNELS 3 Zrotation Yrotation Xrotation
            JOINT LeftToeEnd
            {
              OFFSET -0.009607 -1.647619 6.513017
              CHANNELS 3 Zrotation Yrotation Xrotation
            }
          }
        }
      }
    }
    JOINT RightLeg
    {
      OFFSET -10.047278 -8.29526 2.620317
      CHANNELS 3 Zrotation Yrotation Xrotation
      JOINT RightShin
      {
        OFFSET 1e-06 -43.362206 -0.805556
        CHANNELS 3 Zrotation Yrotation Xrotation
        JOINT RightFoot
        {
          OFFSET 2e-06 -42.117393 -3.478398
          CHANNELS 3 Zrotation Yrotation Xrotation
          JOINT RightToeBase
          {
            OFFSET -0.0 -5.079609 13.284196
            CHANNELS 3 Zrotation Yrotation Xrotation
            JOINT RightToeEnd
            {
              OFFSET 0.009532 -1.634378 6.460591
              CHANNELS 3 Zrotation Yrotation Xrotation
            }
          }
        }
      }
    }
  }
}
MOTION
Frames: 120
Frame Time: 0.03333333333333333
0.0 0.0 0.0 0.0 -0.0 0.0 -3.926868 98.617989 -0.761383 -3.277019 -0.135338 6.640337 2.471754 0.261986 -3.867156 -0.126264 0.136493 -6.195962 0.344437 -1.613947 11.91952 1.855809 1.92645 0.248407 0.173527 2.725844 -3.687693 -6.877778 4.961096 -12.786139 7.7e-05 -2.2e-05 6e-06 0.020661 -0.158969 0.032347 0.708462 -3.909841 -10.595721 -0.675588 3.603533 -10.612916 -14.44185 -0.763175 14.985632 -56.404575 -20.328054 36.123581 -0.280874 -31.03845 0.152231 4.409476 3.696584 -6.926223 -5.882109 9.861288 0.702591 -10.936877 -0.360575 7.156211 1e-06 8.774829 1e-06 -16.077839 18.418352 6.29492 -1.844033 2.498506 -2.50728 -10.163603 4.678947 4.621112 -20.97603 -5e-06 2e-06 -21.226295 2.451695 -3.594001 1e-06 -4e-06 0.0 -1.362683 2.240799 -0.746323 -21.334925 0.58491 3.008328 -13.82122 -3e-06 3e-06 -23.887182 -0.249078 -0.839482 -60.683334 2.443252 -1.082221 -0.294024 1.679688 0.833256 -14.218215 0.093215 1.300581 -34.212059 -0.287562 0.967174 -20.033222 0.964538 1.212845 1e-06 0.0 -0.0 -3.44039 0.788233 0.501654 -15.928192 -3.167311 2.99971 -6.338829 -1e-06 1e-06 -18.123453 3.648184 -4.905669 -4e-06 -0.0 -1e-06 13.9116 7.176027 13.719815 60.969322 -1.532854 8.611294 0.251045 45.348392 0.327791 2.052065 -6.500505 -8.045948 2.243541 -5.255036 -3.180157 14.282887 -0.826592 6.952498 -4e-06 -12.690601 -1e-06 15.950767 -17.522856 2.623975 1.665666 -1.95592 -2.878297 4.727797 -4.170585 4.99392 11.020522 4e-06 -2e-06 12.109048 -3.735713 -2.866784 0.0 -0.0 -0.0 1.291985 -1.928549 -1.498089 14.80012 0.567471 3.865604 14.242565 -1.341733 -6.660656 19.631958 0.143929 -0.648244 49.731335 -0.744717 -6.383514 0.353029 -1.51115 -0.031939 20.222784 3.684312 2.316628 18.787266 8e-06 -0.0 10.751625 -0.479866 1.397905 0.0 0.0 -0.0 3.273806 0.305947 -0.580111 21.486809 11.830374 2.266132 8.162926 4e-06 -1e-06 18.399075 -3.79898 -4.940574 5e-06 0.0 -1e-06 1.720273 11.819776 -29.394154 0.085458 0.145798 23.927076 -1.808874 -0.783787 -1.175403 1.655257 -1.826021 -2.392603 -0.0 -0.0 2e-06 6.479415 -10.987743 -8.493963 -0.037791 -0.088084 15.718487 -0.635451 3.077178 -12.952109 -1.429685 1.187158 -0.676204 -0.0 0.0 -1e-06 
0.0 0.0 0.0 0.0 -0.0 0.0 -3.771314 98.644051 -0.430538 -3.053355 -0.100811 6.865357 2.342615 0.218401 -3.890551 -0.128967 0.191456 -6.217525 0.178735 -1.64188 11.840269 1.896054 1.955417 0.13544 0.119826 2.844894 -3.699124 -6.773957 4.874175 -12.615686 7.7e-05 -2.3e-05 6e-06 0.020119 -0.129851 0.016512 0.708867 -3.876269 -10.611578 -0.67696 3.625933 -10.630922 -14.373146 -0.819657 15.016499 -56.320396 -20.413458 35.674923 -0.371372 -31.10833 0.192087 4.209824 3.483639 -6.931606 -5.882109 9.861292 0.702592 -10.936878 -0.360577 7.156211 2e-06 8.774831 -0.0 -16.009039 18.323713 6.30398 -1.844033 2.498504 -2.507279 -10.163605 4.678946 4.621109 -20.976038 -6e-06 3e-06 -21.226301 2.451694 -3.594001 1e-06 -5e-06 0.0 -1.362681 2.2408 -0.746326 -21.334929 0.584906 3.008324 -13.821221 -4e-06 2e-06 -23.887188 -0.249083 -0.839482 -60.566006 2.42694 -0.984837 -0.294025 1.679689 0.833257 -14.218218 0.093213 1.300582 -34.21207 -0.287568 0.967173 -20.033226 0.964537 1.212846 1e-06 -1e-06 0.0 -3.44039 0.788233 0.501653 -15.9282 -3.167315 2.999709 -6.338831 -2e-06 -1e-06 -18.123459 3.648182 -4.905674 -4e-06 0.0 -2e-06 13.85479 7.229656 13.633026 60.902012 -1.374039 9.173429 0.098878 44.868683 0.231483 2.137676 -6.167984 -8.750798 2.243544 -5.25504 -3.180159 14.282904 -0.826594 6.952505 -4e-06 -12.690612 1e-06 16.070251 -17.571735 2.600882 1.665668 -1.955921 -2.878301 4.727802 -4.17059 4.993926 11.020536 4e-06 -2e-06 12.109063 -3.735717 -2.866784 0.0 -0.0 -0.0 1.291987 -1.92855 -1.498091 14.800142 0.56747 3.865608 14.242585 -1.341735 -6.660663 19.631987 0.143928 -0.648247 49.905556 -0.747303 -6.372622 0.353029 -1.511151 -0.03194 20.222811 3.684314 2.316629 18.787292 8e-06 -2e-06 10.751637 -0.479867 1.397905 -0.0 -0.0 -0.0 3.27381 0.305947 -0.580112 21.486837 11.830385 2.266132 8.162936 3e-06 -2e-06 18.399103 -3.798985 -4.94058 6e-06 0.0 -2e-06 1.432248 11.529922 -29.256426 0.066754 0.149966 23.634174 -1.987123 -0.560855 -1.426623 1.659672 -1.855026 -2.449905 -0.0 0.0 2e-06 6.130935 -11.004725 -8.582369 -0.020841 -0.083275 15.853445 -0.532018 3.070299 -13.068393 -1.434148 1.161827 -0.826084 -0.0 0.0 -1e-06 
0.0 0.0 0.0 0.0 -0.0 0.0 -3.396711 98.592262 0.318887 -2.93828 -0.011845 7.137189 2.268735 0.229154 -3.926584 -0.138835 0.218165 -6.243439 0.109091 -1.643024 11.781359 2.008347 1.980386 0.019514 0.09673 2.878516 -3.721708 -6.716557 4.784951 -12.486959 7.7e-05 -2.3e-05 6e-06 0.021417 -0.116341 0.011628 0.702988 -3.860449 -10.619025 -0.668456 3.635674 -10.631502 -14.307014 -0.887145 15.066304 -56.256786 -20.608204 35.411957 -0.391773 -31.272295 0.20903 3.998852 3.347816 -7.159122 -5.882109 9.861288 0.70259 -10.936873 -0.360573 7.156204 -1e-06 8.774826 0.0 -15.989465 18.332733 6.322663 -1.844033 2.498505 -2.507277 -10.163603 4.678947 4.621108 -20.976027 1e-06 -1e-06 -21.226294 2.451702 -3.594003 1e-06 -4e-06 -1e-06 -1.362682 2.240799 -0.746322 -21.334921 0.584912 3.008323 -13.821217 -1e-06 -0.0 -23.887175 -0.249078 -0.839486 -60.570007 2.487805 -1.009803 -0.294024 1.679687 0.833256 -14.218211 0.093217 1.300581 -34.212051 -0.28756 0.967167 -20.033216 0.964539 1.21284 1e-06 0.0 -0.0 -3.440389 0.788234 0.501655 -15.928189 -3.167307 2.999707 -6.338828 1e-06 -1e-06 -18.123449 3.648188 -4.905672 -3e-06 1e-06 -2e-06 13.779706 7.273682 13.555924 60.81377 -1.377949 9.546309 -0.01606 44.649384 0.10528 2.24107 -5.984584 -9.543585 2.243541 -5.255037 -3.180158 14.282889 -0.826594 6.952503 -3e-06 -12.690605 1e-06 16.114695 -17.600405 2.591803 1.665666 -1.955921 -2.878299 4.727798 -4.170588 4.993924 11.020525 3e-06 -2e-06 12.109051 -3.735716 -2.866784 0.0 -0.0 -0.0 1.291986 -1.928549 -1.498088 14.800129 0.567468 3.865608 14.242571 -1.341736 -6.660657 19.631968 0.143926 -0.648244 49.951496 -0.721032 -6.409995 0.353029 -1.511151 -0.03194 20.22279 3.684311 2.31663 18.787271 6e-06 -1e-06 10.751625 -0.479869 1.397906 -0.0 -0.0 0.0 3.273806 0.305948 -0.580111 21.486813 11.830376 2.266134 8.162926 2e-06 1e-06 18.39908 -3.798985 -4.940574 6e-06 0.0 -2e-06 1.157678 11.200273 -29.404917 0.052947 0.14913 24.362423 -1.920259 -0.411358 -2.337909 1.665519 -1.869613 -2.450521 0.0 0.0 2e-06 5.715415 -10.96864 -8.30671 -0.007112 -0.074013 15.731616 -0.187432 3.023192 -13.450515 -1.438093 1.140291 -0.846002 -0.0 0.0 -1e-06 
0.0 0.0 0.0 0.0 -0.0 0.0 -3.030569 98.484482 1.046353 -2.939111 0.124858 7.371035 2.23561 0.247054 -3.941922 -0.147652 0.253189 -6.269661 0.121379 -1.626536 11.747985 2.168296 1.99727 -0.046906 0.092933 2.912685 -3.734888 -6.678205 4.724158 -12.454125 7.7e-05 -2.3e-05 6e-06 0.021411 -0.115672 0.013463 0.696261 -3.857733 -10.625724 -0.661714 3.633527 -10.626687 -14.264234 -0.883543 15.111498 -56.219761 -20.934422 35.336029 -0.422664 -31.40004 0.218261 3.956543 3.188028 -7.350916 -5.882108 9.861285 0.702592 -10.936875 -0.360573 7.156212 -0.0 8.774824 0.0 -15.938298 18.341633 6.365561 -1.844033 2.498505 -2.507277 -10.163603 4.678945 4.62111 -20.976027 -1e-06 4e-06 -21.226294 2.4517 -3.594001 0.0 -4e-06 0.0 -1.362682 2.240798 -0.746325 -21.334917 0.584911 3.008327 -13.821217 -1e-06 2e-06 -23.887175 -0.249075 -0.839483 -60.56654 2.519614 -1.022966 -0.294025 1.679687 0.833257 -14.218213 0.093216 1.300584 -34.212059 -0.28756 0.967173 -20.033222 0.964539 1.212844 1e-06 0.0 -0.0 -3.44039 0.788234 0.501656 -15.928191 -3.167307 2.999708 -6.338828 1e-06 1e-06 -18.123451 3.648185 -4.905668 -3e-06 1e-06 -2e-06 13.708572 7.29447 13.52463 60.709023 -1.423228 9.830529 -0.124544 44.505936 -0.002389 2.377803 -5.877965 -10.183046 2.243542 -5.255036 -3.180157 14.282889 -0.826595 6.9525 -2e-06 -12.690605 2e-06 16.117579 -17.615711 2.605718 1.665666 -1.955921 -2.878299 4.727798 -4.170588 4.993923 11.020526 2e-06 -2e-06 12.109052 -3.735717 -2.866785 0.0 -0.0 -0.0 1.291986 -1.92855 -1.49809 14.800129 0.567467 3.865606 14.242575 -1.341737 -6.660659 19.631969 0.143927 -0.648246 49.96595 -0.698339 -6.419523 0.353029 -1.51115 -0.031939 20.222788 3.684309 2.31663 18.78727 4e-06 -2e-06 10.751625 -0.479868 1.397904 -0.0 -0.0 0.0 3.273806 0.305947 -0.580112 21.486809 11.830377 2.266132 8.162928 1e-06 -1e-06 18.399076 -3.798984 -4.940577 5e-06 0.0 -2e-06 1.000652 10.912514 -29.715357 0.04495 0.139513 25.442062 -1.767411 -0.279362 -3.378098 1.66684 -1.873688 -2.438841 0.0 0.0 2e-06 5.440351 -10.913281 -8.030014 -0.006263 -0.072202 15.670308 0.154913 2.940806 -13.940674 -1.442107 1.125945 -0.841732 -0.0 0.0 -1e-06 
0.0 0.0 0.0 0.0 -0.0 0.0 -2.649725 98.351173 1.815621 -2.967134 0.290409 7.554084 2.192285 0.264064 -3.953656 -0.160184 0.313781 -6.290737 0.152596 -1.616477 11.749274 2.392447 1.983522 -0.090049 0.102917 2.955682 -3.732436 -6.611573 4.662771 -12.533025 7.7e-05 -2.2e-05 6e-06 0.02337 -0.105754 0.017284 0.696998 -3.84468 -10.623037 -0.658431 3.640241 -10.615895 -14.203852 -0.819813 15.175553 -56.235279 -21.355509 35.383682 -0.479004 -31.512356 0.23555 4.052702 3.0342 -7.487699 -5.882108 9.861286 0.702589 -10.936873 -0.360573 7.156208 -1e-06 8.774825 -0.0 -15.832751 18.33889 6.438821 -1.844033 2.498504 -2.507278 -10.163603 4.678946 4.621109 -20.976027 -1e-06 -1e-06 -21.226292 2.451698 -3.594002 1e-06 -5e-06 -1e-06 -1.362682 2.240798 -0.746324 -21.334917 0.584913 3.008322 -13.821215 -0.0 -1e-06 -23.887175 -0.249076 -0.839487 -60.525375 2.526176 -1.001481 -0.294025 1.679688 0.833256 -14.21821 0.093216 1.300579 -34.212051 -0.28756 0.967167 -20.033211 0.964539 1.212841 1e-06 0.0 -0.0 -3.440389 0.788233 0.501656 -15.928189 -3.167306 2.999708 -6.338828 0.0 -0.0 -18.123453 3.648185 -4.905674 -4e-06 -0.0 -2e-06 13.626286 7.301034 13.532549 60.63612 -1.439929 10.021955 -0.169453 44.242218 -0.048512 2.515769 -5.801406 -10.552435 2.243541 -5.255037 -3.180157 14.282887 -0.826595 6.9525 -2e-06 -12.690603 1e-06 16.092512 -17.633368 2.634716 1.665666 -1.955921 -2.878298 4.727798 -4.170587 4.993923 11.020523 3e-06 -0.0 12.10905 -3.735716 -2.866783 0.0 -0.0 -0.0 1.291985 -1.928549 -1.498089 14.800125 0.567468 3.865607 14.242568 -1.341737 -6.660657 19.631962 0.143926 -0.648245 49.982311 -0.688083 -6.411315 0.353029 -1.51115 -0.031939 20.222786 3.684309 2.31663 18.78727 4e-06 -1e-06 10.751625 -0.479869 1.397906 -0.0 0.0 1e-06 3.273806 0.305946 -0.580112 21.486809 11.830373 2.266133 8.162928 2e-06 -0.0 18.399076 -3.798986 -4.940575 5e-06 0.0 -1e-06 0.875373 10.600431 -29.992966 0.040903 0.11736 26.620865 -1.560286 -0.125472 -4.500882 1.663882 -1.876561 -2.429882 -0.0 0.0 2e-06 5.208309 -10.869975 -7.7707 -0.01036 -0.069605 15.753058 0.50383 2.847711 -14.473906 -1.444659 1.115203 -0.849486 -0.0 0.0 -1e-06 
0.0 0.0 0.0 0.0 -0.0 0.0 -2.223005 98.208427 2.689038 -2.890912 0.435802 7.6831 2.06094 0.262153 -3.962772 -0.177425 0.393297 -6.307529 0.136991 -1.592493 11.763924 2.662934 1.946177 -0.084167 0.113236 3.021943 -3.728887 -6.489445 4.590855 -12.674537 7.7e-05 -2.2e-05 6e-06 0.028225 -0.084244 0.019738 0.704956 -3.821383 -10.618409 -0.656421 3.660306 -10.608432 -14.080972 -0.740372 15.247413 -56.337109 -21.726667 35.533398 -0.532844 -31.65905 0.26172 4.147853 2.913875 -7.571781 -5.882106 9.861285 0.702589 -10.936873 -0.360576 7.156204 0.0 8.774825 -0.0 -15.71464 18.331575 6.498766 -1.844033 2.498504 -2.507276 -10.163602 4.678946 4.621109 -20.976027 -4e-06 -0.0 -21.226292 2.451696 -3.594003 1e-06 -5e-06 -1e-06 -1.362682 2.240798 -0.746323 -21.334917 0.584908 3.00832 -13.821216 -4e-06 1e-06 -23.887171 -0.249081 -0.839483 -60.472248 2.522267 -0.978398 -0.294025 1.679688 0.833256 -14.21821 0.093215 1.300579 -34.212051 -0.287567 0.967167 -20.033215 0.964535 1.212843 -1e-06 -0.0 -0.0 -3.440389 0.788234 0.501656 -15.928189 -3.16731 2.999706 -6.338827 -1e-06 -0.0 -18.123449 3.648183 -4.905674 -3e-06 1e-06 -1e-06 13.537588 7.308807 13.571886 60.604107 -1.455329 10.101902 -0.096218 43.858856 -0.007097 2.570638 -5.760699 -10.674038 2.243542 -5.255038 -3.180159 14.282896 -0.826594 6.952505 -3e-06 -12.690606 2e-06 16.075428 -17.660671 2.658214 1.665667 -1.955921 -2.878299 4.727799 -4.170588 4.993925 11.020528 3e-06 -2e-06 12.109055 -3.735717 -2.866782 0.0 -0.0 -0.0 1.291986 -1.92855 -1.498089 14.800132 0.567468 3.865609 14.242577 -1.341736 -6.660657 19.631969 0.143925 -0.648244 49.984074 -0.680959 -6.405973 0.353029 -1.51115 -0.03194 20.222799 3.68431 2.316631 18.787279 5e-06 -1e-06 10.751633 -0.479869 1.397905 -0.0 -0.0 0.0 3.273808 0.305948 -0.58011 21.48682 11.830377 2.266134 8.162931 2e-06 0.0 18.399088 -3.798985 -4.940577 6e-06 0.0 -2e-06 0.651237 10.176809 -30.089785 0.037192 0.092446 27.729523 -1.359228 0.109761 -5.678502 1.660356 -1.87942 -2.431761 -0.0 0.0 2e-06 4.741036 -10.856678 -7.458502 -0.010931 -0.073159 16.164639 0.951098 2.815116 -15.051408 -1.44586 1.105956 -0.916639 0.0 0.0 -1e-06 
0.0 0.0 0.0 0.0 -0.0 0.0 -1.728695 98.056236 3.634175 -2.625181 0.533983 7.759408 1.803421 0.236905 -3.958421 -0.20714 0.486695 -6.318311 0.042511 -1.53103 11.755314 2.940789 1.878648 -0.012775 0.119355 3.092224 -3.738979 -6.315555 4.546896 -12.889961 7.7e-05 -2.2e-05 6e-06 0.033625 -0.059244 0.018753 0.711631 -3.7964 -10.619198 -0.652055 3.68494 -10.607289 -13.88019 -0.664855 15.318132 -56.537094 -21.983696 35.885456 -0.532668 -31.871296 0.265638 4.179582 2.831045 -7.58549 -5.882114 9.861297 0.70259 -10.936885 -0.360575 7.156212 -0.0 8.774835 -1e-06 -15.632156 18.312183 6.514021 -1.844036 2.498507 -2.507279 -10.163612 4.67895 4.621111 -20.976048 -1e-06 2e-06 -21.226315 2.4517 -3.594006 1e-06 -4e-06 -2e-06 -1.362684 2.240801 -0.746326 -21.334942 0.584911 3.008326 -13.821232 -2e-06 0.0 -23.887197 -0.249078 -0.839484 -60.428104 2.508069 -0.967533 -0.294025 1.679689 0.833257 -14.218225 0.093214 1.30058 -34.212086 -0.287563 0.96717 -20.033236 0.964539 1.212843 0.0 1e-06 0.0 -3.440391 0.788234 0.501656 -15.928203 -3.167313 2.99971 -6.338833 -2e-06 -0.0 -18.123466 3.648186 -4.905674 -3e-06 1e-06 -2e-06 13.375299 7.332839 13.619404 60.717152 -1.543433 10.149862 -0.012996 43.473438 0.05534 2.596994 -5.766382 -10.636305 2.243545 -5.255041 -3.180161 14.282907 -0.826596 6.952507 -2e-06 -12.690616 1e-06 16.067482 -17.67033 2.675284 1.665669 -1.955924 -2.878301 4.727805 -4.170592 4.993928 11.020541 3e-06 -2e-06 12.109066 -3.735719 -2.866789 0.0 -0.0 -0.0 1.291987 -1.928552 -1.498091 14.800146 0.567468 3.865608 14.24259 -1.341738 -6.660665 19.631994 0.143928 -0.648248 49.953102 -0.690341 -6.404561 0.35303 -1.511152 -0.03194 20.222818 3.684313 2.316631 18.787298 6e-06 -3e-06 10.751641 -0.479868 1.397907 0.0 -0.0 -1e-06 3.27381 0.305947 -0.580112 21.486839 11.830386 2.266132 8.162937 3e-06 -2e-06 18.399103 -3.798988 -4.940583 5e-06 0.0 -1e-06 0.143223 9.580174 -29.992895 0.028941 0.064617 28.672705 -1.120933 0.524247 -6.833352 1.659645 -1.880849 -2.416336 -0.0 -0.0 2e-06 3.998292 -10.894487 -7.319011 -0.009554 -0.084732 17.205927 1.412913 2.901239 -15.690885 -1.445575 1.084251 -1.074231 0.0 0.0 -1e-06 
0.0 0.0 0.0 0.0 -0.0 0.0 -1.159286 97.910568 4.661055 -2.074095 0.603159 7.796716 1.365931 0.204273 -3.951318 -0.26803 0.585377 -6.315292 -0.147819 -1.437785 11.727945 3.234118 1.782495 0.100989 0.120662 3.138382 -3.756403 -6.125769 4.509625 -13.18828 7.7e-05 -2.3e-05 6e-06 0.036284 -0.044027 0.022527 0.713129 -3.783328 -10.620275 -0.648131 3.701695 -10.608275 -13.63447 -0.610119 15.415368 -56.7644 -22.176752 36.328777 -0.532395 -32.113754 0.267828 4.173643 2.722831 -7.503329 -5.882109 9.86129 0.70259 -10.936879 -0.360577 7.156206 3e-06 8.774831 1e-06 -15.552316 18.267157 6.501235 -1.844034 2.498506 -2.507281 -10.163607 4.678947 4.621109 -20.97604 -7e-06 1e-06 -21.226305 2.451694 -3.594001 1e-06 -5e-06 -1e-06 -1.362682 2.240799 -0.746323 -21.33493 0.584907 3.008323 -13.821225 -5e-06 0.0 -23.887188 -0.249084 -0.839482 -60.362392 2.485564 -0.967116 -0.294025 1.679688 0.833257 -14.218219 0.093213 1.300578 -34.212074 -0.287572 0.96717 -20.03323 0.964533 1.212845 -1e-06 1e-06 -0.0 -3.440391 0.788235 0.501654 -15.928201 -3.167314 2.999707 -6.338831 -0.0 -1e-06 -18.123463 3.648181 -4.905675 -3e-06 1e-06 -1e-06 13.131123 7.334916 13.675234 60.987934 -1.650056 10.236911 -0.026255 43.124584 0.086425 2.695029 -5.825892 -10.601129 2.243542 -5.255037 -3.180158 14.282894 -0.826594 6.952502 -4e-06 -12.690604 0.0 16.066822 -17.658987 2.683947 1.665667 -1.955922 -2.878298 4.7278 -4.170588 4.993922 11.020529 3e-06 -1e-06 12.109054 -3.735716 -2.866785 -1e-06 -0.0 -0.0 1.291986 -1.928549 -1.498089 14.800131 0.567469 3.865606 14.242576 -1.341736 -6.660658 19.631971 0.143927 -0.648245 49.879028 -0.687964 -6.420003 0.353029 -1.511151 -0.031939 20.222797 3.684311 2.31663 18.787279 7e-06 -2e-06 10.75163 -0.479867 1.397905 -0.0 -1e-06 1e-06 3.273807 0.305947 -0.58011 21.486818 11.830376 2.266132 8.162929 3e-06 -0.0 18.399084 -3.798983 -4.940576 5e-06 0.0 -1e-06 -0.573636 8.737652 -29.537235 0.017459 0.033624 29.289627 -1.052125 1.199834 -8.002413 1.660671 -1.884322 -2.315405 -0.0 0.0 2e-06 2.859226 -11.065505 -7.547578 -0.013292 -0.099014 19.219006 1.869449 3.159362 -16.280123 -1.446224 1.058707 -1.403282 0.0 0.0 -1e-06 
0.0 0.0 0.0 0.0 -0.0 0.0 -0.507016 97.784584 5.813191 -1.126899 0.606214 7.825699 0.679462 0.153406 -3.930236 -0.359889 0.723115 -6.332778 -0.472191 -1.313915 11.7221 3.582442 1.645895 0.263418 0.120961 3.274184 -3.691536 -5.985036 4.395092 -13.70569 7.7e-05 -2.2e-05 6e-06 0.04373 0.004862 0.041471 0.720886 -3.74255 -10.628469 -0.640875 3.758492 -10.623755 -13.352037 -0.646643 15.529024 -56.962856 -22.302401 36.90773 -0.42614 -32.396355 0.24207 4.041976 2.607707 -7.582472 -5.882112 9.861295 0.702591 -10.936879 -0.360574 7.156208 -0.0 8.774831 -0.0 -15.459313 18.205427 6.446466 -1.844035 2.498506 -2.50728 -10.163608 4.678949 4.621109 -20.97604 -2e-06 -1e-06 -21.226307 2.451699 -3.594007 1e-06 -5e-06 -2e-06 -1.362683 2.2408 -0.746326 -21.33493 0.584911 3.008321 -13.821225 -2e-06 -2e-06 -23.887188 -0.24908 -0.839485 -60.305702 2.439135 -0.951476 -0.294026 1.679688 0.833257 -14.218221 0.093217 1.300579 -34.212078 -0.287565 0.967167 -20.033232 0.964533 1.212842 1e-06 0.0 -0.0 -3.440391 0.788234 0.501657 -15.928201 -3.167311 2.999706 -6.33883 -1e-06 -1e-06 -18.123463 3.648185 -4.905678 -3e-06 1e-06 -1e-06 12.839199 7.259624 13.802233 61.353508 -1.687217 10.4258 -0.237596 42.903606 0.036086 2.815842 -5.87733 -10.77867 2.243544 -5.255042 -3.18016 14.282904 -0.826597 6.952507 -1e-06 -12.690618 1e-06 16.04722 -17.639101 2.649659 1.665668 -1.955924 -2.878301 4.727803 -4.170592 4.993928 11.020536 2e-06 -1e-06 12.10906 -3.73572 -2.866786 0.0 -0.0 1e-06 1.291987 -1.928552 -1.49809 14.80014 0.567468 3.865611 14.242584 -1.341739 -6.660663 19.631981 0.143925 -0.648246 49.857986 -0.746212 -6.496291 0.353029 -1.511152 -0.031941 20.222805 3.684312 2.316632 18.787287 3e-06 -3e-06 10.751637 -0.47987 1.397907 0.0 -1e-06 1e-06 3.273809 0.305948 -0.580112 21.486832 11.830385 2.266135 8.162934 0.0 -1e-06 18.399099 -3.798989 -4.940581 5e-06 1e-06 -1e-06 -1.697597 7.620462 -28.814796 -0.001359 -0.039904 29.424332 -0.98642 2.222937 -8.910101 1.649741 -1.878428 -2.111377 0.0 0.0 2e-06 1.153516 -11.588108 -8.418018 -0.003822 -0.137158 22.641136 2.38611 3.801105 -16.545515 -1.467074 1.020878 -2.096244 -0.0 0.0 -1e-06 
0.0 0.0 0.0 0.0 -0.0 0.0 0.191927 97.642967 7.050412 0.101078 0.588226 7.763933 -0.188827 0.089268 -3.857693 -0.510704 0.755772 -6.293917 -0.829971 -1.185339 11.727449 3.802169 1.508778 0.359842 0.132466 3.328203 -3.693402 -5.749964 4.247949 -14.19077 7.7e-05 -2.2e-05 6e-06 0.041335 -0.013075 0.054134 0.719928 -3.761506 -10.616782 -0.644869 3.74218 -10.6168 -13.071084 -0.680166 15.659136 -57.15147 -22.447474 37.384216 -0.425139 -32.501301 0.237789 4.024855 2.5205 -7.468153 -5.882113 9.861293 0.702592 -10.936883 -0.360575 7.15621 0.0 8.774833 1e-06 -15.432573 18.183277 6.462697 -1.844034 2.498506 -2.507279 -10.16361 4.67895 4.621113 -20.976042 -2e-06 1e-06 -21.226309 2.4517 -3.594002 1e-06 -5e-06 -2e-06 -1.362683 2.240799 -0.746323 -21.334936 0.584909 3.008322 -13.821227 -3e-06 -0.0 -23.887196 -0.249079 -0.839484 -60.307613 2.434737 -0.908945 -0.294025 1.679688 0.833258 -14.218224 0.093217 1.300581 -34.212082 -0.287563 0.967169 -20.033234 0.964538 1.212843 0.0 0.0 -0.0 -3.440392 0.788234 0.501656 -15.928203 -3.167312 2.99971 -6.338832 -1e-06 -1e-06 -18.123466 3.648186 -4.905675 -3e-06 1e-06 -1e-06 12.493944 7.172518 13.85032 61.795822 -1.706332 10.361909 -0.271245 42.792892 0.043092 2.873017 -5.933292 -10.722743 2.243543 -5.255042 -3.18016 14.282901 -0.826595 6.952506 -2e-06 -12.690614 -2e-06 16.028681 -17.615988 2.65588 1.665668 -1.955923 -2.878301 4.727802 -4.170591 4.993926 11.020535 3e-06 -2e-06 12.10906 -3.735718 -2.866788 0.0 -0.0 -1e-06 1.291987 -1.928551 -1.498089 14.800139 0.567469 3.86561 14.242584 -1.341737 -6.660663 19.631985 0.143927 -0.648247 49.83165 -0.724367 -6.488335 0.353029 -1.511153 -0.03194 20.222809 3.684313 2.316631 18.787287 5e-06 -3e-06 10.751636 -0.479868 1.397907 -0.0 -1e-06 0.0 3.273809 0.305948 -0.58011 21.486832 11.830385 2.266134 8.162935 2e-06 -0.0 18.399099 -3.798987 -4.940582 5e-06 1e-06 -1e-06 -3.264117 6.364494 -27.722925 0.008767 -0.060974 29.275162 -0.728483 3.317374 -9.824927 1.651639 -1.871986 -1.926181 0.0 0.0 2e-06 -0.891356 -12.361695 -9.554913 -0.004431 -0.07285 27.274414 2.856013 4.658854 -16.011538 -1.481296 1.024112 -3.275202 0.0 -0.0 -1e-06 
0.0 0.0 0.0 0.0 -0.0 0.0 0.939206 97.534302 8.344632 1.515457 0.553727 7.645297 -1.168381 -0.02093 -3.752487 -0.672684 0.718282 -6.230556 -1.249179 -1.042412 11.760621 3.98332 1.353548 0.440952 0.135797 3.331458 -3.672444 -5.5319 4.181117 -14.654454 7.7e-05 -2.2e-05 6e-06 0.037661 -0.035849 0.061348 0.720041 -3.785797 -10.60509 -0.652507 3.722072 -10.609622 -12.855113 -0.695648 15.853294 -57.243301 -22.717129 37.910225 -0.371739 -32.309635 0.196707 4.048198 2.49781 -7.492136 -5.882105 9.861285 0.702591 -10.936872 -0.360576 7.156208 1e-06 8.774826 0.0 -15.465164 18.224863 6.492072 -1.844033 2.498505 -2.507279 -10.163599 4.678944 4.621107 -20.976027 -7e-06 0.0 -21.226292 2.451694 -3.594 1e-06 -5e-06 -2e-06 -1.362681 2.240798 -0.746324 -21.334915 0.584908 3.008322 -13.821215 -5e-06 -0.0 -23.887171 -0.249082 -0.839483 -60.337181 2.426268 -0.880061 -0.294025 1.679688 0.833257 -14.21821 0.093214 1.300579 -34.212051 -0.28757 0.967172 -20.033215 0.964534 1.212845 1e-06 0.0 -0.0 -3.440389 0.788233 0.501656 -15.928185 -3.16731 2.999707 -6.338825 -2e-06 -2e-06 -18.123444 3.648181 -4.905669 -3e-06 -0.0 -2e-06 12.239871 6.959533 13.876557 62.184978 -1.640853 9.968233 -0.185112 42.806477 0.113653 2.82164 -5.948607 -10.517842 2.243541 -5.255034 -3.180156 14.282887 -0.826594 6.952502 -3e-06 -12.6906 2e-06 16.014668 -17.602097 2.66628 1.665665 -1.95592 -2.878299 4.727798 -4.170586 4.993923 11.020522 3e-06 0.0 12.10905 -3.735714 -2.866783 0.0 -0.0 -0.0 1.291985 -1.928548 -1.49809 14.800125 0.567467 3.865607 14.242568 -1.341735 -6.660655 19.63196 0.143926 -0.648244 49.798985 -0.711175 -6.470805 0.353029 -1.51115 -0.031941 20.222786 3.684309 2.31663 18.78727 4e-06 -1e-06 10.751625 -0.479869 1.397907 0.0 -1e-06 1e-06 3.273806 0.305947 -0.58011 21.486809 11.830369 2.266133 8.162925 1e-06 0.0 18.399076 -3.798984 -4.940572 5e-06 0.0 -1e-06 -5.01079 5.080808 -26.360773 0.046085 -0.036925 28.640182 -0.391783 4.482765 -10.442059 1.652148 -1.901815 -1.643073 0.0 0.0 2e-06 -3.376815 -13.405771 -11.052292 0.014653 -0.006319 33.131508 3.332369 5.810946 -13.607881 -1.498994 1.01728 -5.479893 0.0 0.0 -1e-06 
0.0 0.0 0.0 0.0 -0.0 0.0 1.664412 97.467094 9.576612 2.762635 0.43245 7.40621 -2.038532 -0.151264 -3.62931 -0.814317 0.781584 -6.041348 -1.627227 -1.037785 11.750335 4.144397 1.33657 0.549616 0.119204 3.257144 -3.678975 -5.324482 4.183639 -15.055937 7.7e-05 -2.3e-05 6e-06 0.028196 -0.084561 0.058421 0.710838 -3.834406 -10.604399 -0.662562 3.674198 -10.60198 -12.666829 -0.707206 15.997068 -57.34956 -22.906286 38.393013 -0.220776 -31.847113 0.146645 4.236343 2.488505 -7.771883 -5.88211 9.861291 0.702588 -10.936878 -0.360576 7.156206 0.0 8.77483 -1e-06 -15.561389 18.187065 6.444777 -1.844033 2.498506 -2.507277 -10.163604 4.678946 4.621107 -20.976034 -3e-06 3e-06 -21.226297 2.4517 -3.594 2e-06 -5e-06 -1e-06 -1.362682 2.240799 -0.746324 -21.334927 0.58491 3.008321 -13.821221 -2e-06 -1e-06 -23.887188 -0.249079 -0.839486 -60.446949 2.440161 -0.852815 -0.294025 1.679687 0.833257 -14.218217 0.093216 1.300579 -34.21207 -0.287565 0.96717 -20.033226 0.964536 1.212844 1e-06 -0.0 0.0 -3.440391 0.788233 0.501657 -15.928198 -3.167312 2.999706 -6.33883 0.0 -1e-06 -18.123459 3.648185 -4.905675 -3e-06 1e-06 -2e-06 12.119192 6.626486 13.948042 62.463612 -1.477202 9.034078 0.081748 42.972485 0.265843 2.630686 -5.917699 -10.38424 2.243544 -5.255041 -3.180159 14.282902 -0.826594 6.952503 -3e-06 -12.690613 0.0 16.19873 -17.685846 2.571186 1.665668 -1.955922 -2.8783 4.727802 -4.17059 4.993924 11.020536 4e-06 -4e-06 12.109062 -3.735718 -2.866787 0.0 -0.0 -1e-06 1.291987 -1.928551 -1.49809 14.800139 0.567469 3.865604 14.242585 -1.341737 -6.660664 19.631985 0.143928 -0.648247 49.852177 -0.645338 -6.446571 0.353029 -1.511152 -0.031941 20.222807 3.684314 2.316627 18.787289 8e-06 -4e-06 10.751635 -0.479867 1.397904 -0.0 -1e-06 0.0 3.273809 0.305947 -0.580112 21.486832 11.830385 2.266131 8.162933 4e-06 -2e-06 18.399096 -3.798984 -4.940581 3e-06 0.0 -1e-06 -6.596496 4.016212 -24.723242 0.055099 -0.026542 27.752817 0.130042 5.652751 -10.962688 1.642447 -1.912885 -1.364756 -0.0 0.0 2e-06 -5.758873 -14.248975 -13.344219 0.08774 0.037017 39.972584 3.47501 7.015954 -9.83939 -1.51437 0.962358 -8.79991 0.0 0.0 -1e-06 
0.0 0.0 0.0 0.0 -0.0 0.0 2.291979 97.517838 10.796124 3.495552 0.242208 7.14486 -2.590359 -0.275185 -3.500353 -0.906145 0.697562 -5.916961 -1.802357 -0.991487 11.770912 4.21592 1.333314 0.712116 0.049758 3.171725 -3.664909 -5.172678 4.241241 -15.262662 7.7e-05 -2.3e-05 6e-06 0.029163 -0.073444 0.050433 0.716536 -3.823628 -10.60201 -0.666549 3.685904 -10.602147 -12.636668 -0.676928 16.102036 -57.299549 -23.003929 38.639988 -0.193933 -31.180443 0.110332 4.476404 2.584547 -8.049416 -5.882106 9.861288 0.702589 -10.936872 -0.360575 7.156203 1e-06 8.774827 0.0 -15.691463 18.236973 6.406848 -1.844033 2.498505 -2.507278 -10.163599 4.678947 4.621108 -20.976023 -3e-06 -1e-06 -21.22629 2.451697 -3.594003 1e-06 -5e-06 -2e-06 -1.362682 2.240798 -0.746322 -21.334913 0.58491 3.00832 -13.821213 -3e-06 -2e-06 -23.887169 -0.249081 -0.839485 -60.458607 2.399594 -0.845903 -0.294024 1.679688 0.833255 -14.218208 0.093215 1.300579 -34.212048 -0.287565 0.967166 -20.033213 0.964536 1.212839 0.0 0.0 -1e-06 -3.440389 0.788233 0.501656 -15.928185 -3.16731 2.999705 -6.338827 -1e-06 -1e-06 -18.123447 3.648183 -4.905672 -3e-06 -0.0 -2e-06 12.011113 6.342209 13.892056 62.612511 -1.46329 8.117016 0.265498 43.437603 0.340062 2.407213 -5.983943 -10.408466 2.243543 -5.255039 -3.180157 14.282896 -0.826595 6.952499 -1e-06 -12.690609 0.0 16.295321 -17.786793 2.536597 1.665667 -1.955922 -2.878299 4.727799 -4.170589 4.993923 11.020529 2e-06 -3e-06 12.109056 -3.735718 -2.866786 1e-06 -0.0 0.0 1.291986 -1.92855 -1.498088 14.800132 0.567468 3.865605 14.242579 -1.341738 -6.66066 19.631975 0.143927 -0.648246 49.908916 -0.644431 -6.455256 0.353029 -1.51115 -0.031939 20.222797 3.684311 2.316627 18.787279 5e-06 -5e-06 10.751631 -0.479869 1.397905 -0.0 -0.0 0.0 3.273808 0.305947 -0.580111 21.486816 11.830379 2.266129 8.16293 3e-06 -1e-06 18.399088 -3.798985 -4.940579 4e-06 0.0 -1e-06 -7.658344 3.618216 -22.951241 0.077306 -0.017214 26.606569 0.599167 6.149831 -11.343897 1.631213 -1.952019 -1.048198 -0.0 0.0 2e-06 -7.350673 -14.774821 -16.244635 0.15307 0.031514 46.985718 3.092499 7.87562 -5.669191 -1.513773 0.930161 -10.418867 0.0 0.0 -1e-06 
0.0 0.0 0.0 0.0 -0.0 0.0 2.778143 97.678711 12.043032 3.667584 0.032506 6.920375 -2.826394 -0.400443 -3.399865 -0.927382 0.575467 -5.81669 -1.787688 -0.996326 11.777277 4.228513 1.388439 0.857283 0.052743 3.124231 -3.662354 -5.125988 4.353028 -15.319225 7.7e-05 -2.2e-05 6e-06 0.02982 -0.070183 0.045844 0.7143 -3.819021 -10.592621 -0.662895 3.687822 -10.595465 -12.673662 -0.68328 16.120678 -57.126106 -22.89192 38.799728 -0.238313 -30.535324 0.097624 4.663571 2.740964 -8.25557 -5.882114 9.861296 0.70259 -10.936885 -0.360576 7.156213 1e-06 8.774835 -2e-06 -15.827172 18.276211 6.38316 -1.844035 2.498507 -2.507281 -10.163613 4.67895 4.621113 -20.976053 -5e-06 -1e-06 -21.226318 2.451698 -3.594007 1e-06 -5e-06 -1e-06 -1.362683 2.240801 -0.746324 -21.334942 0.584909 3.008324 -13.821233 -3e-06 -1e-06 -23.887201 -0.249081 -0.839486 -60.492451 2.341039 -0.812563 -0.294025 1.679689 0.833256 -14.218226 0.093213 1.300579 -34.212093 -0.287568 0.967171 -20.033236 0.964535 1.212846 1e-06 -0.0 0.0 -3.440393 0.788234 0.501655 -15.928206 -3.167315 2.999706 -6.338834 -2e-06 -1e-06 -18.12347 3.648183 -4.905675 -4e-06 1e-06 -1e-06 12.067067 6.079757 13.849484 62.575962 -1.477866 7.104469 0.29568 44.063271 0.317242 2.206139 -6.07563 -10.603098 2.243544 -5.255039 -3.18016 14.282902 -0.826595 6.952505 -3e-06 -12.690611 1e-06 16.354486 -17.84943 2.519086 1.665668 -1.955923 -2.8783 4.727802 -4.17059 4.993926 11.020535 3e-06 -3e-06 12.10906 -3.735717 -2.866788 1e-06 0.0 1e-06 1.291987 -1.92855 -1.49809 14.800139 0.567469 3.865607 14.242585 -1.341735 -6.660662 19.631987 0.143928 -0.648247 49.940918 -0.638907 -6.465342 0.353029 -1.51115 -0.031939 20.222811 3.684313 2.316629 18.787289 7e-06 -4e-06 10.751637 -0.479869 1.397906 -0.0 -1e-06 1e-06 3.27381 0.305948 -0.580112 21.486832 11.830383 2.266131 8.162935 3e-06 -1e-06 18.399096 -3.798985 -4.94058 4e-06 0.0 -1e-06 -8.078263 3.645283 -21.178541 0.083888 -0.010908 25.322367 0.943721 6.311243 -11.631028 1.622446 -2.000248 -0.942159 0.0 0.0 2e-06 -7.907412 -14.915289 -19.526955 0.172905 -0.00788 53.59787 2.179847 7.825242 -2.172645 -1.476858 0.890892 -8.836303 -0.0 0.0 -2e-06 
0.0 0.0 0.0 0.0 -0.0 0.0 3.128285 97.902412 13.361031 3.461468 -0.159568 6.804842 -2.897036 -0.54342 -3.35089 -0.890513 0.433501 -5.776676 -1.63159 -1.073856 11.757171 4.225602 1.419722 0.999427 0.109255 3.146512 -3.685355 -5.123149 4.520221 -15.255542 7.7e-05 -2.2e-05 6e-06 0.034159 -0.06087 0.039913 0.709421 -3.809346 -10.599686 -0.648914 3.69676 -10.601866 -12.686421 -0.737332 16.052235 -56.905674 -22.545675 38.975548 -0.282777 -30.053976 0.102226 4.699484 2.942536 -8.369006 -5.88211 9.861292 0.702591 -10.936877 -0.360576 7.156208 1e-06 8.774832 -0.0 -15.926379 18.276083 6.369562 -1.844035 2.498506 -2.507279 -10.163604 4.678947 4.621108 -20.976036 -6e-06 -2e-06 -21.226301 2.451694 -3.594003 1e-06 -5e-06 -1e-06 -1.362682 2.240798 -0.746323 -21.334929 0.584908 3.00832 -13.821221 -4e-06 -1e-06 -23.887188 -0.249082 -0.839485 -60.526192 2.258103 -0.744437 -0.294024 1.679689 0.833255 -14.21822 0.093214 1.300578 -34.212074 -0.287571 0.967167 -20.03323 0.964533 1.212843 0.0 1e-06 0.0 -3.440391 0.788234 0.501656 -15.928201 -3.167312 2.999708 -6.338831 -1e-06 -2e-06 -18.123459 3.648185 -4.905674 -4e-06 -1e-06 -1e-06 12.238991 5.849358 13.763917 62.408409 -1.597898 6.023176 0.245087 44.823814 0.268206 2.016716 -6.147264 -10.731648 2.243544 -5.25504 -3.180159 14.282903 -0.826595 6.952505 -3e-06 -12.690612 2e-06 16.353268 -17.870104 2.534358 1.665668 -1.955923 -2.878301 4.727803 -4.17059 4.993927 11.020537 3e-06 -2e-06 12.109062 -3.735717 -2.866786 1e-06 -0.0 -0.0 1.291987 -1.928551 -1.49809 14.800139 0.567469 3.865608 14.242584 -1.341736 -6.660663 19.631985 0.143927 -0.648246 49.992054 -0.651896 -6.43747 0.353029 -1.511151 -0.03194 20.222809 3.684312 2.31663 18.787289 6e-06 -3e-06 10.751637 -0.479868 1.397905 -1e-06 -1e-06 1e-06 3.27381 0.305948 -0.580112 21.486834 11.830383 2.266131 8.162935 3e-06 -1e-06 18.399099 -3.798985 -4.940581 4e-06 0.0 -1e-06 -8.021611 3.835944 -19.485411 0.078339 -0.003523 23.970358 1.073125 6.308832 -11.888265 1.616528 -2.024541 -0.929092 0.0 0.0 2e-06 -7.58708 -14.840089 -22.892447 0.163091 -0.060587 58.857388 1.42264 7.62219 -0.613412 -1.433456 0.881744 -5.802041 -0.0 0.0 -4e-06 
0.0 0.0 0.0 0.0 -0.0 0.0 3.375509 98.152084 14.761249 3.049857 -0.333551 6.844073 -2.895177 -0.660995 -3.354212 -0.818656 0.278846 -5.781029 -1.39346 -1.234111 11.680641 4.266244 1.416226 1.112125 0.179194 3.196374 -3.712788 -5.168045 4.724795 -15.124474 7.7e-05 -2.3e-05 6e-06 0.037505 -0.054697 0.029239 0.705082 -3.803947 -10.622336 -0.637164 3.703265 -10.620913 -12.711717 -0.815669 15.943198 -56.627113 -22.064709 39.199482 -0.279784 -29.699148 0.106446 4.611116 3.116168 -8.55683 -5.882114 9.861293 0.702592 -10.936881 -0.360573 7.156209 -1e-06 8.774831 -1e-06 -16.004499 18.297728 6.348206 -1.844035 2.498506 -2.507278 -10.16361 4.678951 4.621109 -20.976042 1e-06 -1e-06 -21.226311 2.451702 -3.594008 1e-06 -5e-06 -1e-06 -1.362683 2.240799 -0.746321 -21.334932 0.584915 3.008323 -13.821225 1e-06 -2e-06 -23.887192 -0.249075 -0.839489 -60.558758 2.177197 -0.683236 -0.294025 1.679688 0.833255 -14.218222 0.093217 1.300578 -34.212082 -0.28756 0.967164 -20.033232 0.964536 1.212841 1e-06 1e-06 0.0 -3.440392 0.788236 0.501656 -15.928201 -3.167309 2.999707 -6.338832 1e-06 -1e-06 -18.123466 3.648188 -4.905677 -4e-06 1e-06 -2e-06 12.506323 5.633916 13.623805 62.085423 -1.826074 4.786517 0.291728 45.676025 0.283499 1.844047 -6.22391 -10.908988 2.243543 -5.25504 -3.180158 14.282896 -0.826595 6.952507 -2e-06 -12.690612 0.0 16.346483 -17.889553 2.549059 1.665667 -1.955922 -2.878299 4.727801 -4.170589 4.993926 11.020532 2e-06 -1e-06 12.109057 -3.735718 -2.866785 -0.0 0.0 -1e-06 1.291986 -1.92855 -1.498089 14.800136 0.567468 3.86561 14.242579 -1.341738 -6.660661 19.631973 0.143925 -0.648245 50.05183 -0.659581 -6.408435 0.35303 -1.511151 -0.03194 20.222801 3.68431 2.316632 18.787283 2e-06 -0.0 10.751633 -0.479869 1.397907 -2e-06 -0.0 1e-06 3.273808 0.305947 -0.580111 21.486822 11.83038 2.266134 8.16293 2e-06 -0.0 18.399092 -3.798989 -4.940576 5e-06 1e-06 -1e-06 -7.687093 4.02017 -17.903156 0.065181 -0.00379 22.546417 1.021066 6.335858 -12.127199 1.615104 -2.008706 -0.87316 0.0 0.0 2e-06 -6.623027 -14.74078 -26.181095 0.138171 -0.103568 61.879436 1.399453 8.177906 -0.161897 -1.410041 0.875491 -4.235484 -0.0 0.0 -4e-06 
0.0 0.0 0.0 0.0 -0.0 0.0 3.565508 98.389061 16.246609 2.610513 -0.503515 7.040792 -2.87376 -0.735568 -3.407722 -0.740317 0.126011 -5.800313 -1.149394 -1.411952 11.575473 4.33841 1.390706 1.100796 0.237374 3.279278 -3.734567 -5.226369 4.930111 -14.918757 7.7e-05 -2.2e-05 6e-06 0.037619 -0.065199 0.017803 0.699334 -3.812852 -10.636209 -0.630409 3.690208 -10.630017 -12.805822 -0.918565 15.817134 -56.282303 -21.576437 39.282467 -0.308349 -29.401546 0.138614 4.447075 3.270303 -8.802007 -5.88211 9.86129 0.702593 -10.936881 -0.360576 7.156211 2e-06 8.774831 -1e-06 -16.052841 18.335289 6.332318 -1.844034 2.498506 -2.507281 -10.163607 4.678947 4.621112 -20.97604 -5e-06 3e-06 -21.226301 2.451698 -3.593999 0.0 -6e-06 -1e-06 -1.362682 2.2408 -0.746324 -21.33493 0.584909 3.008327 -13.821223 -4e-06 2e-06 -23.887188 -0.249081 -0.839482 -60.608212 2.128073 -0.659569 -0.294024 1.679688 0.833254 -14.218221 0.093214 1.300582 -34.212074 -0.287566 0.967174 -20.03323 0.964537 1.212844 0.0 1e-06 1e-06 -3.440391 0.788233 0.501655 -15.928201 -3.167313 2.999708 -6.338832 -2e-06 0.0 -18.123459 3.648183 -4.905673 -3e-06 -0.0 -2e-06 12.814339 5.443326 13.424174 61.648987 -2.132102 3.527939 0.426306 46.554008 0.337045 1.696433 -6.309733 -11.076833 2.243543 -5.255037 -3.180159 14.282896 -0.826593 6.9525 -4e-06 -12.690607 0.0 16.348484 -17.928844 2.553787 1.665667 -1.955922 -2.878299 4.7278 -4.170588 4.993923 11.020531 4e-06 -3e-06 12.109056 -3.735715 -2.866787 -0.0 0.0 -0.0 1.291986 -1.928549 -1.498089 14.800132 0.56747 3.865604 14.242577 -1.341735 -6.660661 19.631973 0.143929 -0.648247 50.075066 -0.664301 -6.403646 0.353029 -1.51115 -0.03194 20.222797 3.684313 2.316627 18.787279 9e-06 -4e-06 10.75163 -0.479867 1.397905 -2e-06 -1e-06 1e-06 3.273808 0.305946 -0.580112 21.486822 11.83038 2.266129 8.16293 3e-06 -2e-06 18.399086 -3.798981 -4.940578 5e-06 1e-06 -1e-06 -7.297658 4.169675 -16.430151 0.052408 -0.007988 21.026949 0.860177 6.417129 -12.343801 1.616017 -1.981975 -0.746326 -0.0 0.0 2e-06 -5.337318 -14.706536 -29.323454 0.101391 -0.135718 62.345379 1.92923 9.147479 0.371447 -1.394224 0.861784 -3.623627 -0.0 0.0 -4e-06 
0.0 0.0 0.0 0.0 -0.0 0.0 3.725075 98.575172 17.72175 2.218985 -0.676306 7.38859 -2.851217 -0.763201 -3.499438 -0.671873 -0.013172 -5.818797 -0.926111 -1.562375 11.469015 4.390659 1.368001 0.904605 0.304723 3.402418 -3.748365 -5.277549 5.093678 -14.646742 7.7e-05 -2.2e-05 6e-06 0.036378 -0.090839 0.008772 0.690514 -3.835817 -10.638759 -0.62338 3.661035 -10.625587 -12.966886 -1.067162 15.654994 -55.912899 -21.118395 39.152496 -0.399415 -29.163092 0.202213 4.2663 3.47514 -9.101943 -5.882109 9.861286 0.702589 -10.936873 -0.360573 7.156206 -1e-06 8.774825 -1e-06 -16.091145 18.368605 6.309927 -1.844033 2.498505 -2.507281 -10.163604 4.678946 4.621109 -20.976027 0.0 0.0 -21.226294 2.451699 -3.594002 0.0 -7e-06 -1e-06 -1.362682 2.240798 -0.746324 -21.334917 0.584914 3.008322 -13.821216 -0.0 1e-06 -23.887177 -0.249075 -0.839486 -60.675461 2.113156 -0.672741 -0.294025 1.679687 0.833255 -14.21821 0.093216 1.300582 -34.212051 -0.287558 0.967168 -20.033216 0.964541 1.212841 1e-06 1e-06 1e-06 -3.44039 0.788234 0.501656 -15.928189 -3.167309 2.999706 -6.338828 -1e-06 0.0 -18.123447 3.648186 -4.905674 -3e-06 -1e-06 -2e-06 13.129169 5.280377 13.180571 61.153698 -2.460865 2.412907 0.56093 47.394573 0.363649 1.627851 -6.38157 -11.112513 2.243541 -5.255037 -3.180158 14.282889 -0.826594 6.952504 -2e-06 -12.690603 1e-06 16.34877 -17.964415 2.561729 1.665666 -1.955922 -2.878299 4.727798 -4.170587 4.993925 11.020526 2e-06 -1e-06 12.109052 -3.735716 -2.866785 -0.0 0.0 0.0 1.291986 -1.92855 -1.49809 14.800129 0.567467 3.865608 14.242571 -1.341735 -6.660658 19.631968 0.143926 -0.648245 50.066391 -0.680814 -6.419106 0.353029 -1.511151 -0.03194 20.222788 3.68431 2.31663 18.787273 5e-06 -2e-06 10.751631 -0.479867 1.397906 -2e-06 0.0 -0.0 3.273807 0.305946 -0.58011 21.486813 11.830376 2.266134 8.162928 3e-06 -0.0 18.39908 -3.798985 -4.940574 5e-06 0.0 -2e-06 -6.919024 4.376435 -15.016219 0.041635 -0.010475 19.568621 0.609453 6.463896 -12.665821 1.618771 -1.953503 -0.611585 0.0 0.0 2e-06 -3.946688 -14.698874 -32.24107 0.057679 -0.155133 60.295277 2.738756 10.007656 1.115799 -1.38404 0.842516 -3.388998 -0.0 0.0 -3e-06 
0.0 0.0 0.0 0.0 -0.0 0.0 3.849482 98.687698 19.156651 1.9035 -0.880177 7.847286 -2.847433 -0.759222 -3.604303 -0.613828 -0.137217 -5.838678 -0.729987 -1.676575 11.381169 4.408724 1.366425 0.569075 0.366613 3.523746 -3.75083 -5.333435 5.241343 -14.405534 7.7e-05 -2.3e-05 6e-06 0.034391 -0.118936 0.005229 0.681919 -3.860638 -10.63151 -0.618227 3.629584 -10.611542 -13.172563 -1.232159 15.481587 -55.53043 -20.77417 39.035255 -0.520632 -28.982464 0.275977 4.130815 3.743991 -9.418184 -5.882111 9.861292 0.70259 -10.93688 -0.360575 7.15621 1e-06 8.774831 -2e-06 -16.103525 18.388474 6.303658 -1.844034 2.498505 -2.507279 -10.163607 4.678948 4.621111 -20.97604 -4e-06 -0.0 -21.226305 2.451697 -3.594004 0.0 -6e-06 0.0 -1.362683 2.240799 -0.746324 -21.33493 0.584911 3.00832 -13.821223 -3e-06 -2e-06 -23.887188 -0.249079 -0.839485 -60.761486 2.123607 -0.690027 -0.294025 1.679688 0.833258 -14.218219 0.093215 1.300579 -34.212074 -0.287567 0.967168 -20.033228 0.964534 1.212844 0.0 1e-06 0.0 -3.440391 0.788234 0.501654 -15.928201 -3.167312 2.999707 -6.33883 -1e-06 -1e-06 -18.123459 3.648183 -4.905672 -3e-06 -0.0 -2e-06 13.434614 5.178377 12.910235 60.689476 -2.822858 1.49492 0.634292 48.211975 0.3297 1.619141 -6.484984 -11.072363 2.243542 -5.255038 -3.180158 14.28289 -0.826593 6.952501 -3e-06 -12.690609 -0.0 16.355131 -17.969683 2.569014 1.665666 -1.955921 -2.878299 4.727798 -4.170588 4.993924 11.020528 3e-06 -3e-06 12.109052 -3.735717 -2.866787 1e-06 0.0 -0.0 1.291985 -1.928549 -1.498089 14.800129 0.567468 3.865606 14.242576 -1.341736 -6.660661 19.631969 0.143928 -0.648247 50.07169 -0.690786 -6.425505 0.353029 -1.511151 -0.03194 20.222792 3.684312 2.316628 18.787273 6e-06 -3e-06 10.75163 -0.479867 1.397904 -1e-06 -1e-06 1e-06 3.273808 0.305947 -0.580111 21.486816 11.830379 2.266131 8.162928 3e-06 -1e-06 18.39908 -3.798984 -4.940578 4e-06 -0.0 -2e-06 -6.645674 4.676375 -13.930453 0.043528 0.001058 18.324591 0.452559 6.415051 -13.004364 1.623518 -1.934065 -0.554123 0.0 0.0 2e-06 -2.620418 -14.559826 -34.791679 0.046445 -0.116279 55.87801 3.736619 10.661608 1.994903 -1.388262 0.833749 -3.397028 0.0 0.0 -1e-06 
0.0 0.0 0.0 0.0 -0.0 0.0 3.912441 98.731636 20.596535 1.65271 -1.063431 8.36446 -2.867951 -0.744995 -3.731005 -0.559835 -0.26106 -5.866082 -0.564871 -1.754281 11.358253 4.44546 1.371312 0.143972 0.400862 3.628994 -3.741328 -5.424004 5.410951 -14.257812 7.7e-05 -2.2e-05 6e-06 0.031343 -0.134119 0.012267 0.675201 -3.873762 -10.611152 -0.617205 3.612894 -10.585435 -13.372657 -1.416193 15.348743 -55.163727 -20.60004 39.012226 -0.636818 -28.822807 0.345032 4.009997 4.013479 -9.71988 -5.882109 9.861286 0.70259 -10.936873 -0.360572 7.156204 -2e-06 8.774824 -0.0 -16.114037 18.415422 6.293639 -1.844033 2.498505 -2.507275 -10.163602 4.678946 4.621108 -20.976025 1e-06 -2e-06 -21.226294 2.4517 -3.594005 -1e-06 -6e-06 1e-06 -1.362682 2.240798 -0.746322 -21.334917 0.584914 3.008319 -13.821217 -1e-06 1e-06 -23.887175 -0.249077 -0.839487 -60.807877 2.141053 -0.724413 -0.294025 1.679687 0.833254 -14.218212 0.093218 1.300578 -34.212055 -0.28756 0.967165 -20.033222 0.964537 1.212839 0.0 1e-06 0.0 -3.440389 0.788234 0.501654 -15.928189 -3.167306 2.999702 -6.338828 1e-06 1e-06 -18.123453 3.648186 -4.905674 -3e-06 -0.0 -2e-06 13.747033 5.121108 12.663651 60.335754 -3.137115 0.773127 0.59598 48.969212 0.219054 1.638355 -6.669336 -10.98553 2.243542 -5.255037 -3.180158 14.282889 -0.826595 6.952503 -3e-06 -12.690607 1e-06 16.37422 -17.925749 2.581721 1.665666 -1.955921 -2.878299 4.727798 -4.170588 4.993925 11.020527 3e-06 -2e-06 12.109053 -3.735716 -2.866785 -0.0 0.0 -0.0 1.291986 -1.928549 -1.49809 14.800129 0.567468 3.865607 14.242573 -1.341736 -6.66066 19.631969 0.143928 -0.648245 50.138885 -0.702305 -6.397433 0.353029 -1.511152 -0.03194 20.22279 3.68431 2.316629 18.78727 5e-06 -2e-06 10.751629 -0.479869 1.397905 -1e-06 -1e-06 1e-06 3.273807 0.305947 -0.580111 21.486813 11.830378 2.266132 8.162928 3e-06 -0.0 18.399084 -3.798984 -4.940576 4e-06 -0.0 -2e-06 -6.412989 4.992813 -13.009894 0.056397 0.022862 17.295023 0.367021 6.287529 -13.431895 1.62561 -1.93487 -0.569222 0.0 0.0 2e-06 -1.461528 -14.091577 -36.764496 0.092036 -0.016501 49.154713 4.778087 10.862411 3.025276 -1.409163 0.851135 -3.548314 0.0 0.0 -1e-06 
0.0 0.0 0.0 0.0 -0.0 0.0 3.89876 98.728294 22.09943 1.436623 -1.141752 8.865956 -2.887035 -0.723623 -3.875115 -0.509577 -0.384529 -5.894268 -0.429763 -1.811212 11.402566 4.52468 1.368367 -0.2985 0.403039 3.649884 -3.721026 -5.531349 5.619662 -14.213284 7.7e-05 -2.2e-05 6e-06 0.026429 -0.133477 0.028283 0.673332 -3.874443 -10.589834 -0.624821 3.615275 -10.562713 -13.508502 -1.6292 15.333664 -54.879032 -20.63588 39.187752 -0.662357 -28.655636 0.37929 3.860603 4.232719 -9.991325 -5.882109 9.861288 0.70259 -10.936876 -0.360575 7.156207 0.0 8.774828 -2e-06 -16.122829 18.458878 6.279037 -1.844033 2.498505 -2.507277 -10.163604 4.678946 4.62111 -20.976034 -5e-06 0.0 -21.226299 2.451698 -3.594001 -1e-06 -6e-06 -1e-06 -1.362683 2.240799 -0.746323 -21.334925 0.584909 3.008323 -13.821219 -4e-06 2e-06 -23.88718 -0.24908 -0.839484 -60.799728 2.180635 -0.789998 -0.294025 1.679688 0.833255 -14.218215 0.093215 1.300581 -34.212067 -0.287566 0.967167 -20.033226 0.964536 1.212843 -1e-06 1e-06 -1e-06 -3.44039 0.788234 0.501655 -15.928198 -3.16731 2.999708 -6.338829 -0.0 -0.0 -18.123455 3.648183 -4.905673 -3e-06 0.0 -2e-06 14.079232 5.063516 12.446082 60.123493 -3.413981 0.221521 0.542177 49.595825 0.132303 1.658983 -6.881822 -11.065061 2.243543 -5.255038 -3.180159 14.282896 -0.826595 6.952504 -3e-06 -12.690609 1e-06 16.407898 -17.860531 2.595543 1.665668 -1.955923 -2.8783 4.7278 -4.170589 4.993925 11.02053 3e-06 -2e-06 12.109057 -3.735716 -2.866785 -0.0 -0.0 -0.0 1.291986 -1.92855 -1.498089 14.800132 0.567468 3.865608 14.242576 -1.341736 -6.66066 19.631973 0.143926 -0.648245 50.230385 -0.713165 -6.352007 0.353029 -1.511151 -0.03194 20.222797 3.684312 2.316631 18.787279 6e-06 -0.0 10.751629 -0.479869 1.397907 -1e-06 -0.0 -0.0 3.273808 0.305947 -0.580111 21.48682 11.830378 2.266133 8.162928 2e-06 -1e-06 18.399088 -3.798986 -4.940577 4e-06 0.0 -2e-06 -6.187244 5.235876 -12.136089 0.06964 0.044436 16.332172 0.393603 6.071539 -13.884008 1.625394 -1.954757 -0.611686 0.0 0.0 2e-06 -0.571251 -13.304075 -37.873917 0.178758 0.107811 40.485004 5.667648 10.410919 4.50933 -1.435441 0.901642 -3.81159 0.0 0.0 -1e-06 
0.0 0.0 0.0 0.0 -0.0 0.0 3.799944 98.696327 23.723856 1.193091 -1.083402 9.293888 -2.877404 -0.695096 -4.006478 -0.467114 -0.491974 -5.934639 -0.277186 -1.884071 11.501617 4.594606 1.355649 -0.712893 0.431719 3.612772 -3.687871 -5.647829 5.838792 -14.221134 7.7e-05 -2.3e-05 6e-06 0.020678 -0.118749 0.045653 0.67646 -3.862799 -10.581161 -0.639009 3.633161 -10.554551 -13.508276 -1.892991 15.435697 -54.76194 -20.800617 39.393856 -0.619339 -28.575083 0.388052 3.660419 4.398118 -10.049613 -5.882112 9.861292 0.702593 -10.93688 -0.360574 7.156211 1e-06 8.774831 0.0 -16.151005 18.515493 6.236123 -1.844033 2.498506 -2.50728 -10.163608 4.678948 4.621115 -20.97604 -3e-06 3e-06 -21.226301 2.451699 -3.594002 1e-06 -6e-06 -1e-06 -1.362683 2.2408 -0.746321 -21.33493 0.584911 3.008326 -13.821225 -2e-06 2e-06 -23.887188 -0.249078 -0.839482 -60.773037 2.24035 -0.883147 -0.294025 1.679688 0.833257 -14.218219 0.093215 1.300583 -34.212074 -0.287562 0.967172 -20.033228 0.964539 1.212844 -1e-06 -1e-06 0.0 -3.440391 0.788234 0.501656 -15.928201 -3.16731 2.999709 -6.338831 0.0 0.0 -18.123459 3.648184 -4.905673 -2e-06 0.0 -1e-06 14.39453 4.979935 12.267866 60.077831 -3.665465 -0.172899 0.465994 50.049545 0.099558 1.870757 -7.050608 -11.266548 2.243542 -5.255038 -3.180159 14.282893 -0.826594 6.952502 -3e-06 -12.690606 1e-06 16.432434 -17.831051 2.625788 1.665667 -1.955922 -2.878299 4.727798 -4.170588 4.993925 11.020528 4e-06 -3e-06 12.109054 -3.735715 -2.866786 -0.0 -0.0 -0.0 1.291986 -1.92855 -1.49809 14.800131 0.567469 3.865605 14.242577 -1.341735 -6.660662 19.631973 0.143929 -0.648247 50.353931 -0.730963 -6.312931 0.353029 -1.511151 -0.03194 20.222797 3.684311 2.316627 18.787279 7e-06 -4e-06 10.751629 -0.479868 1.397905 -2e-06 -1e-06 1e-06 3.273807 0.305946 -0.580111 21.486816 11.830378 2.266129 8.162928 4e-06 -1e-06 18.399082 -3.798982 -4.940577 5e-06 -0.0 -2e-06 -5.810506 5.46537 -11.058755 0.083283 0.054763 15.530153 0.366743 5.787964 -14.383767 1.626413 -1.974433 -0.673178 0.0 0.0 2e-06 0.032502 -12.241816 -38.116882 0.25023 0.209813 30.433548 6.454496 9.381372 6.527477 -1.451005 0.977256 -3.950653 -0.0 0.0 -1e-06 
0.0 0.0 0.0 0.0 -0.0 0.0 3.619523 98.582718 25.528204 0.96469 -0.876593 9.569487 -2.865161 -0.647529 -4.078725 -0.452865 -0.578144 -5.984971 -0.099076 -2.008689 11.648429 4.691786 1.342808 -1.057162 0.454392 3.615233 -3.648588 -5.770326 5.915411 -14.2307 7.7e-05 -2.3e-05 6e-06 0.018213 -0.08976 0.054826 0.684803 -3.835665 -10.588901 -0.651897 3.664448 -10.562445 -13.353063 -2.165207 15.573639 -54.786411 -20.980188 39.447895 -0.575124 -28.74437 0.388112 3.446432 4.439035 -9.856561 -5.882106 9.861284 0.702592 -10.936873 -0.360575 7.156209 2e-06 8.774827 0.0 -16.226442 18.54158 6.178942 -1.844033 2.498504 -2.507278 -10.163601 4.678944 4.621111 -20.976027 -4e-06 4e-06 -21.22629 2.451695 -3.593999 0.0 -7e-06 0.0 -1.362682 2.240798 -0.746325 -21.334915 0.584908 3.008326 -13.821215 -3e-06 3e-06 -23.887167 -0.249079 -0.839481 -60.801006 2.309148 -0.979099 -0.294025 1.679688 0.833257 -14.21821 0.093214 1.300582 -34.212051 -0.287565 0.96717 -20.033215 0.964536 1.212844 -1e-06 -1e-06 0.0 -3.440389 0.788233 0.501657 -15.928187 -3.16731 2.999706 -6.338828 -2e-06 1e-06 -18.123447 3.64818 -4.905669 -3e-06 0.0 -2e-06 14.708383 4.87064 12.194428 60.109264 -3.893035 -0.456736 0.4038 50.407074 0.09369 2.382249 -7.1531 -11.415903 2.243543 -5.255037 -3.180158 14.282896 -0.826596 6.952504 -2e-06 -12.690605 2e-06 16.427088 -17.834995 2.675117 1.665666 -1.955921 -2.878299 4.7278 -4.170588 4.993925 11.020529 2e-06 -1e-06 12.109055 -3.735716 -2.866784 -0.0 -0.0 -0.0 1.291986 -1.928551 -1.49809 14.800134 0.567468 3.865608 14.242577 -1.341736 -6.660658 19.631973 0.143925 -0.648246 50.479946 -0.754787 -6.321149 0.353029 -1.511149 -0.03194 20.222797 3.684307 2.316629 18.787279 4e-06 -2e-06 10.751633 -0.479869 1.397905 -2e-06 -0.0 1e-06 3.273808 0.305949 -0.580111 21.486822 11.830371 2.26613 8.162931 2e-06 -1e-06 18.399092 -3.798984 -4.940577 4e-06 0.0 -1e-06 -5.354923 5.755951 -9.867773 0.090739 0.023767 15.063921 0.288879 5.438674 -15.058618 1.628876 -1.974367 -0.769271 -0.0 0.0 2e-06 0.366753 -11.241216 -37.792297 0.27129 0.213942 20.595331 7.433355 8.058791 8.459772 -1.443657 1.042439 -3.921558 0.0 0.0 -1e-06 
0.0 0.0 0.0 0.0 -0.0 0.0 3.393411 98.31144 27.489292 0.869697 -0.630304 9.696492 -2.876833 -0.579139 -4.103044 -0.456303 -0.66498 -6.038787 0.028943 -2.100038 11.815364 4.818574 1.333995 -1.289913 0.42319 3.633258 -3.636607 -5.93507 5.866942 -14.232774 7.7e-05 -2.3e-05 6e-06 0.023187 -0.050295 0.053123 0.697435 -3.795193 -10.601986 -0.654327 3.703694 -10.574394 -13.240539 -2.35826 15.636504 -54.74316 -21.066916 39.198696 -0.575054 -29.196545 0.387621 3.29455 4.326004 -9.755909 -5.88211 9.861289 0.702589 -10.936877 -0.360574 7.156207 -1e-06 8.774828 -1e-06 -16.302822 18.532217 6.133371 -1.844033 2.498505 -2.507279 -10.163604 4.678947 4.621109 -20.976036 -2e-06 2e-06 -21.226295 2.451699 -3.594 0.0 -7e-06 0.0 -1.362682 2.240799 -0.746321 -21.334925 0.584912 3.00832 -13.82122 -0.0 0.0 -23.887184 -0.249077 -0.839485 -60.865204 2.356622 -1.092196 -0.294025 1.679688 0.833256 -14.218215 0.093217 1.300582 -34.212063 -0.287561 0.967166 -20.033224 0.964537 1.212841 -1e-06 1e-06 0.0 -3.440389 0.788234 0.501655 -15.928192 -3.167308 2.999705 -6.338829 0.0 1e-06 -18.123457 3.648185 -4.905674 -2e-06 0.0 -1e-06 15.097245 4.786582 12.235312 60.034222 -4.101379 -0.665543 0.353749 50.682083 0.09871 3.11855 -7.257625 -11.513735 2.243542 -5.255037 -3.180156 14.282893 -0.826594 6.952499 -2e-06 -12.690606 -1e-06 16.3596 -17.823702 2.716292 1.665666 -1.955921 -2.878298 4.727799 -4.170587 4.993921 11.020528 2e-06 -2e-06 12.109053 -3.735717 -2.866785 -0.0 -0.0 -0.0 1.291986 -1.92855 -1.498089 14.800131 0.567469 3.865604 14.242576 -1.341737 -6.660657 19.631973 0.143926 -0.648246 50.478031 -0.787765 -6.39292 0.353029 -1.511151 -0.03194 20.222794 3.68431 2.316628 18.787277 7e-06 -3e-06 10.75163 -0.479867 1.397905 -1e-06 -0.0 1e-06 3.273807 0.305946 -0.580111 21.486818 11.830378 2.266132 8.162928 2e-06 -2e-06 18.399086 -3.798985 -4.940578 4e-06 0.0 -1e-06 -4.97565 6.076564 -8.558979 0.089276 -0.035509 14.850941 0.176257 5.067107 -16.108408 1.631116 -1.939471 -0.869485 -0.0 -0.0 2e-06 0.518058 -10.642134 -37.683971 0.256301 0.126757 13.205381 8.861058 6.787374 9.383609 -1.418016 1.088302 -3.90106 -0.0 0.0 -0.0 
0.0 0.0 0.0 0.0 -0.0 0.0 3.146128 97.870079 29.552492 0.944457 -0.47063 9.748948 -2.891883 -0.498612 -4.132265 -0.462562 -0.749623 -6.080259 0.04842 -2.099732 11.989491 4.9198 1.315565 -1.434327 0.375424 3.67767 -3.646143 -6.169198 5.820721 -14.300255 7.7e-05 -2.2e-05 6e-06 0.031868 -0.023933 0.04257 0.704326 -3.765445 -10.605666 -0.643533 3.727409 -10.57109 -13.305034 -2.43845 15.566869 -54.541336 -21.039654 38.528481 -0.675945 -29.708082 0.401522 3.332639 4.142568 -9.984527 -5.882109 9.86129 0.70259 -10.936877 -0.360575 7.156209 1e-06 8.77483 -0.0 -16.314976 18.501282 6.109492 -1.844033 2.498506 -2.507279 -10.163604 4.678946 4.621111 -20.976034 -4e-06 2e-06 -21.226299 2.451696 -3.594002 0.0 -6e-06 -1e-06 -1.362682 2.240799 -0.746324 -21.334925 0.58491 3.008321 -13.821218 -2e-06 1e-06 -23.887178 -0.249081 -0.839484 -60.875694 2.395764 -1.180675 -0.294024 1.679687 0.833256 -14.218216 0.093216 1.300581 -34.212067 -0.287562 0.96717 -20.033226 0.964537 1.212844 -1e-06 1e-06 -1e-06 -3.44039 0.788233 0.501656 -15.928194 -3.167311 2.999708 -6.338829 -0.0 -1e-06 -18.123457 3.648185 -4.905671 -3e-06 1e-06 0.0 15.504254 4.761873 12.336078 59.823765 -4.260889 -0.767967 0.207847 50.830631 0.039111 3.921744 -7.402756 -11.593972 2.243543 -5.255038 -3.180159 14.282897 -0.826597 6.952505 -2e-06 -12.690609 1e-06 16.267143 -17.783024 2.745853 1.665667 -1.955924 -2.8783 4.727801 -4.170588 4.993926 11.020531 2e-06 -1e-06 12.109058 -3.735717 -2.866785 1e-06 -0.0 -0.0 1.291986 -1.928551 -1.49809 14.800136 0.567467 3.865609 14.24258 -1.341737 -6.660661 19.631981 0.143926 -0.648246 50.321289 -0.831117 -6.495792 0.353029 -1.511151 -0.03194 20.222803 3.684309 2.316631 18.787283 3e-06 -1e-06 10.751631 -0.479869 1.397907 -2e-06 -1e-06 0.0 3.273809 0.305946 -0.580111 21.486824 11.830379 2.266133 8.162931 3e-06 -1e-06 18.399092 -3.798986 -4.940577 4e-06 0.0 -1e-06 -4.637485 6.307985 -7.197609 0.085934 -0.081229 14.897947 -0.169945 4.812374 -17.56218 1.633612 -1.897083 -0.910325 -0.0 -0.0 2e-06 0.675682 -10.540548 -38.343868 0.209862 0.040709 9.386397 10.346469 5.662416 9.048348 -1.388441 1.103873 -3.917683 0.0 -0.0 -1e-06 
0.0 0.0 0.0 0.0 -0.0 0.0 2.862767 97.318848 31.720812 1.117706 -0.370704 9.695218 -2.857199 -0.43569 -4.125302 -0.455111 -0.821758 -6.082702 -0.020924 -2.059591 12.155625 4.965768 1.336187 -1.534541 0.319288 3.730458 -3.625697 -6.463006 5.787521 -14.616261 7.7e-05 -2.2e-05 6e-06 0.036951 -0.025743 0.034345 0.700832 -3.764029 -10.593246 -0.629529 3.722608 -10.549017 -13.390079 -2.414117 15.445139 -54.420139 -20.994604 37.58831 -0.830616 -29.947224 0.425489 3.678789 3.962738 -10.409814 -5.882111 9.861292 0.702591 -10.936878 -0.360574 7.156209 1e-06 8.77483 1e-06 -16.290386 18.459492 6.063811 -1.844034 2.498506 -2.507277 -10.163606 4.678948 4.621113 -20.976036 -2e-06 1e-06 -21.226299 2.451699 -3.594003 0.0 -7e-06 0.0 -1.362682 2.240798 -0.746322 -21.334929 0.584912 3.008326 -13.821221 -1e-06 -1e-06 -23.887184 -0.249078 -0.839486 -60.839249 2.452168 -1.266926 -0.294025 1.679688 0.833257 -14.218219 0.093216 1.300581 -34.212074 -0.287564 0.967169 -20.03323 0.964537 1.212843 0.0 1e-06 0.0 -3.44039 0.788233 0.501656 -15.928196 -3.167311 2.999709 -6.33883 -1e-06 -1e-06 -18.123459 3.648185 -4.905676 -3e-06 1e-06 -2e-06 15.679168 4.750545 12.509078 59.652935 -4.264921 -0.842064 0.07871 50.791641 -0.017739 4.449201 -7.50761 -11.799496 2.243542 -5.255037 -3.180158 14.282896 -0.826594 6.952505 -2e-06 -12.690605 -0.0 16.251379 -17.733429 2.728605 1.665666 -1.955921 -2.878299 4.7278 -4.170588 4.993925 11.020528 3e-06 -1e-06 12.109053 -3.735717 -2.866784 1e-06 0.0 -0.0 1.291986 -1.928549 -1.49809 14.800132 0.567468 3.865609 14.242573 -1.341737 -6.660658 19.631973 0.143926 -0.648244 50.140537 -0.805257 -6.60183 0.353029 -1.511151 -0.03194 20.222797 3.68431 2.316631 18.787273 4e-06 0.0 10.751629 -0.479868 1.397907 -2e-06 -1e-06 0.0 3.273808 0.305946 -0.580111 21.48682 11.830377 2.266134 8.16293 2e-06 -1e-06 18.399088 -3.798985 -4.940576 3e-06 -0.0 -1e-06 -4.452287 6.340822 -5.731958 0.092393 -0.099437 15.136738 -0.553298 4.700058 -19.107294 1.636844 -1.886762 -0.957217 0.0 -0.0 2e-06 0.96593 -10.952582 -39.653374 0.170725 0.016452 9.376926 10.923796 5.129412 8.136114 -1.382029 1.079008 -4.027462 -0.0 -0.0 -1e-06 
0.0 0.0 0.0 0.0 -0.0 0.0 2.491573 96.718513 34.01865 1.237534 -0.231797 9.460526 -2.740075 -0.37788 -4.044902 -0.421457 -0.906164 -6.044755 -0.071755 -2.079437 12.273719 4.897776 1.393798 -1.586846 0.276903 3.767926 -3.57739 -6.741464 5.755292 -15.113014 7.7e-05 -2.2e-05 6e-06 0.033886 -0.050314 0.033752 0.691682 -3.787076 -10.57694 -0.626136 3.695931 -10.526854 -13.28949 -2.323663 15.416679 -54.621658 -20.962841 36.761761 -0.888449 -29.81646 0.400416 4.125403 3.897416 -10.690776 -5.882111 9.861288 0.702591 -10.936878 -0.360574 7.156207 1e-06 8.774827 1e-06 -16.287083 18.423601 6.00575 -1.844033 2.498505 -2.507278 -10.163608 4.678947 4.621112 -20.976038 -1e-06 2e-06 -21.226301 2.4517 -3.593999 0.0 -6e-06 -1e-06 -1.362682 2.240799 -0.746324 -21.334929 0.584912 3.008326 -13.821221 -1e-06 0.0 -23.887184 -0.249077 -0.839486 -60.865955 2.475922 -1.307976 -0.294025 1.679688 0.833254 -14.218217 0.093216 1.300581 -34.212074 -0.287562 0.967169 -20.033226 0.964537 1.212843 1e-06 1e-06 0.0 -3.440391 0.788234 0.501657 -15.928198 -3.16731 2.999709 -6.33883 -1e-06 1e-06 -18.123459 3.648185 -4.905671 -3e-06 1e-06 -1e-06 15.543332 4.690387 12.72071 59.589222 -4.214559 -0.942633 0.079337 50.605057 0.033823 4.632195 -7.502543 -12.104192 2.243541 -5.255037 -3.180157 14.28289 -0.826595 6.952503 -2e-06 -12.690605 -1e-06 16.322346 -17.697962 2.663657 1.665665 -1.955922 -2.878298 4.727798 -4.170587 4.993924 11.020524 2e-06 -0.0 12.10905 -3.735717 -2.866783 -0.0 -0.0 0.0 1.291986 -1.928551 -1.498089 14.800129 0.567469 3.865608 14.242572 -1.341737 -6.660657 19.631969 0.143925 -0.648244 50.080643 -0.709844 -6.630309 0.353029 -1.511151 -0.03194 20.22279 3.684309 2.316632 18.787271 4e-06 1e-06 10.751627 -0.479869 1.397907 -2e-06 -0.0 0.0 3.273806 0.305947 -0.58011 21.486813 11.830377 2.266136 8.162926 2e-06 -0.0 18.39908 -3.798988 -4.940575 3e-06 0.0 -1e-06 -4.135921 6.154448 -4.042833 0.110858 -0.137642 15.535117 -1.08137 4.730447 -20.568375 1.645052 -1.914866 -1.084507 0.0 -0.0 2e-06 1.212309 -11.413313 -40.836678 0.189394 0.050617 12.189962 10.265177 5.40645 7.38216 -1.406349 1.05153 -4.169657 -0.0 -0.0 -1e-06 
0.0 0.0 0.0 0.0 -0.0 0.0 1.990528 96.146217 36.524662 0.952713 0.04767 9.204033 -2.373446 -0.275813 -4.039079 -0.350231 -1.038033 -6.065812 0.037045 -2.218638 12.369433 4.746846 1.475675 -1.60067 0.282302 3.763959 -3.560534 -6.962919 5.75527 -15.402781 7.7e-05 -2.3e-05 6e-06 0.029421 -0.06873 0.034989 0.684511 -3.803357 -10.556556 -0.62733 3.6751 -10.504103 -13.158944 -2.226472 15.482532 -54.924431 -20.790373 36.162884 -0.84186 -29.5021 0.314629 4.386876 3.970786 -10.713077 -5.882109 9.861289 0.702589 -10.936877 -0.360575 7.156206 1e-06 8.774828 1e-06 -16.329388 18.408735 6.003431 -1.844035 2.498506 -2.507278 -10.163606 4.678946 4.621109 -20.976034 -2e-06 2e-06 -21.226301 2.451698 -3.594001 1e-06 -6e-06 0.0 -1.362682 2.240799 -0.746324 -21.334929 0.584911 3.008322 -13.82122 -3e-06 0.0 -23.887184 -0.249078 -0.839485 -60.958935 2.417044 -1.214983 -0.294024 1.679688 0.833254 -14.218217 0.093216 1.30058 -34.212067 -0.287564 0.96717 -20.033226 0.964537 1.212842 0.0 0.0 -0.0 -3.44039 0.788233 0.501656 -15.928194 -3.16731 2.999705 -6.338829 -0.0 -1e-06 -18.123457 3.648184 -4.905674 -3e-06 1e-06 -1e-06 15.454435 4.576985 12.9214 59.365765 -4.343289 -0.993821 0.002281 50.41301 0.062055 4.779266 -7.445404 -12.496487 2.243542 -5.255039 -3.180159 14.282892 -0.826595 6.952504 -2e-06 -12.690608 1e-06 16.381769 -17.715952 2.632817 1.665667 -1.955923 -2.878299 4.727799 -4.170588 4.993925 11.020528 3e-06 -3e-06 12.109054 -3.735717 -2.866786 -0.0 0.0 0.0 1.291986 -1.928549 -1.49809 14.800129 0.567469 3.865607 14.242573 -1.341737 -6.66066 19.631969 0.143927 -0.648246 50.17207 -0.639823 -6.563959 0.353029 -1.51115 -0.03194 20.222792 3.684312 2.316629 18.787271 5e-06 -2e-06 10.751627 -0.479869 1.397906 -2e-06 -1e-06 1e-06 3.273807 0.305947 -0.580111 21.486816 11.830377 2.266131 8.162929 2e-06 -1e-06 18.39908 -3.798986 -4.940576 4e-06 0.0 -1e-06 -3.238827 6.033756 -2.322138 0.120251 -0.215387 16.240616 -1.794395 4.539958 -21.796995 1.658406 -1.938145 -1.522004 0.0 -0.0 2e-06 1.587128 -11.374586 -41.258415 0.225662 0.095159 15.858682 8.531475 6.036903 6.794724 -1.436054 1.033845 -4.360318 -0.0 -0.0 -1e-06 
0.0 0.0 0.0 0.0 -0.0 0.0 1.342307 95.676254 39.313587 0.021381 0.44435 9.105354 -1.621837 -0.150022 -4.242575 -0.246496 -1.115152 -6.156807 0.368145 -2.499896 12.472797 4.651404 1.462424 -1.729053 0.229424 3.785974 -3.528911 -7.143588 5.83849 -15.463987 7.7e-05 -2.2e-05 6e-06 0.01851 -0.129032 0.02564 0.678248 -3.865277 -10.536196 -0.642403 3.61698 -10.494586 -13.112612 -2.13696 15.512069 -55.157402 -20.360607 35.710922 -0.741492 -29.160137 0.24065 4.45976 4.175756 -10.648396 -5.88211 9.86129 0.70259 -10.936878 -0.360576 7.156206 1e-06 8.77483 -0.0 -16.348982 18.301853 6.059033 -1.844033 2.498505 -2.507277 -10.163606 4.678947 4.621109 -20.976038 -4e-06 -0.0 -21.226301 2.451699 -3.594002 1e-06 -5e-06 0.0 -1.362682 2.240799 -0.746324 -21.334929 0.584909 3.008322 -13.821223 -4e-06 -1e-06 -23.887186 -0.249082 -0.839483 -61.101124 2.313941 -1.05384 -0.294025 1.679688 0.833256 -14.218219 0.093215 1.30058 -34.212074 -0.287565 0.967169 -20.033228 0.964536 1.212842 0.0 0.0 -0.0 -3.44039 0.788234 0.501655 -15.928198 -3.167312 2.999707 -6.33883 -1e-06 -1e-06 -18.123459 3.648183 -4.905674 -3e-06 -0.0 -1e-06 15.685753 4.414849 13.014003 58.79504 -4.672318 -0.970143 -0.103254 50.135933 0.01212 4.865359 -7.383183 -13.001223 2.243542 -5.255037 -3.180158 14.282895 -0.826595 6.952503 -2e-06 -12.690605 1e-06 16.31938 -17.832293 2.683664 1.665666 -1.955921 -2.878299 4.7278 -4.170588 4.993925 11.020529 2e-06 -1e-06 12.109056 -3.735717 -2.866785 0.0 -0.0 -0.0 1.291986 -1.92855 -1.498089 14.800132 0.567469 3.865607 14.242576 -1.341736 -6.660659 19.631973 0.143925 -0.648246 50.228401 -0.730627 -6.542418 0.353029 -1.511151 -0.03194 20.222799 3.684309 2.316629 18.787283 5e-06 -1e-06 10.751633 -0.479869 1.397905 -2e-06 -1e-06 1e-06 3.273808 0.305947 -0.580111 21.48682 11.830378 2.266133 8.16293 1e-06 -1e-06 18.399088 -3.798987 -4.940578 3e-06 -0.0 -1e-06 -1.450265 6.095033 -0.859103 0.105608 -0.254352 17.571375 -2.661347 3.990868 -22.441463 1.712704 -1.969064 -2.282441 -0.0 -0.0 2e-06 2.344615 -10.483528 -41.03791 0.237178 0.124786 19.188805 5.938522 6.393999 7.025061 -1.443324 1.001722 -4.370312 -0.0 -0.0 -1e-06 
0.0 0.0 0.0 0.0 -0.0 0.0 0.582267 95.325867 42.271168 -1.431287 0.9491 9.067555 -0.640631 -0.034157 -4.462229 -0.116073 -1.283775 -6.334157 0.986354 -2.727461 12.50825 4.578996 1.501475 -1.934887 0.21226 3.822096 -3.624153 -7.288274 6.03965 -15.278597 7.7e-05 -2.2e-05 6e-06 0.009715 -0.138963 -0.01949 0.672448 -3.864225 -10.553705 -0.652845 3.594873 -10.504779 -13.092294 -2.012826 15.518994 -55.41053 -19.707096 35.54549 -0.61087 -28.876804 0.172073 4.499116 4.45365 -10.898535 -5.882111 9.861292 0.702591 -10.936877 -0.360573 7.156208 -1e-06 8.774829 -2e-06 -16.398291 18.19018 6.062674 -1.844034 2.498506 -2.50728 -10.163605 4.678948 4.62111 -20.976036 -1e-06 -2e-06 -21.226301 2.451699 -3.594004 1e-06 -5e-06 1e-06 -1.362683 2.2408 -0.746325 -21.334925 0.584914 3.008324 -13.82122 -1e-06 -0.0 -23.887182 -0.249076 -0.839486 -61.094124 2.242642 -0.965687 -0.294025 1.679688 0.833256 -14.218216 0.093217 1.300579 -34.212067 -0.287559 0.967167 -20.033222 0.964537 1.212841 -1e-06 -1e-06 -1e-06 -3.440391 0.788235 0.501655 -15.928192 -3.167307 2.999709 -6.33883 -1e-06 0.0 -18.123459 3.648185 -4.905674 -4e-06 -1e-06 -0.0 15.972787 4.307514 13.153295 58.197475 -4.865162 -1.039606 -0.029337 49.497295 0.005508 4.878272 -7.203979 -13.337031 2.243542 -5.25504 -3.180159 14.282895 -0.826594 6.952505 -2e-06 -12.690612 -0.0 16.312826 -17.852835 2.666164 1.665667 -1.955922 -2.878299 4.7278 -4.170589 4.993926 11.020529 3e-06 -1e-06 12.109056 -3.735718 -2.866786 1e-06 0.0 0.0 1.291986 -1.92855 -1.49809 14.800131 0.567468 3.865609 14.242577 -1.341737 -6.660661 19.631973 0.143927 -0.648245 50.296558 -0.639724 -6.520563 0.353029 -1.511152 -0.03194 20.222797 3.684312 2.316631 18.787277 5e-06 -1e-06 10.751633 -0.479869 1.397907 -2e-06 -0.0 1e-06 3.273808 0.305948 -0.580111 21.486818 11.830384 2.266135 8.162929 2e-06 -0.0 18.399084 -3.798987 -4.940578 4e-06 0.0 -0.0 1.184122 6.740293 0.042626 0.0613 -0.353446 20.296015 -3.795704 2.472909 -21.901463 1.77934 -1.972718 -4.456819 -0.0 0.0 2e-06 3.504362 -8.90062 -40.594486 0.111728 0.130945 22.294849 3.68825 6.017275 8.018248 -1.418541 0.918985 -3.992681 -0.0 -0.0 -1e-06 
0.0 0.0 0.0 0.0 -0.0 0.0 -0.297144 95.247002 45.365826 -2.985279 1.425111 8.853236 0.345955 0.066193 -4.494182 0.044252 -1.377488 -6.418238 1.681382 -2.949685 12.322824 4.506558 1.398867 -1.940529 0.212801 3.996698 -3.647402 -7.366775 6.226248 -15.53758 7.7e-05 -2.2e-05 7e-06 -0.00159 -0.163675 -0.030193 0.688592 -3.885515 -10.564583 -0.687826 3.570107 -10.536607 -12.658041 -1.803464 15.605321 -56.119617 -19.002171 35.422813 -0.443025 -28.866777 0.061284 4.564106 4.79288 -11.48299 -5.882113 9.861295 0.702592 -10.936882 -0.360572 7.156209 -1e-06 8.774833 -3e-06 -16.40015 18.170897 6.129411 -1.844035 2.498507 -2.50728 -10.163611 4.67895 4.621113 -20.976044 -1e-06 -0.0 -21.226309 2.4517 -3.594005 1e-06 -5e-06 -1e-06 -1.362684 2.240801 -0.746324 -21.334936 0.584913 3.008323 -13.821229 -2e-06 -2e-06 -23.887196 -0.249078 -0.839487 -60.994442 2.164874 -0.804042 -0.294026 1.679689 0.833257 -14.218224 0.093217 1.30058 -34.212082 -0.287561 0.967165 -20.033232 0.964537 1.212841 -1e-06 -0.0 -1e-06 -3.440392 0.788234 0.501656 -15.928201 -3.16731 2.999707 -6.338832 -1e-06 -0.0 -18.123466 3.648185 -4.905678 -3e-06 -0.0 -0.0 15.630095 4.237944 13.248959 58.241592 -4.829698 -0.690202 -0.001761 48.551117 0.121708 4.738312 -6.998515 -13.585822 2.243542 -5.255037 -3.180157 14.282892 -0.826594 6.9525 -2e-06 -12.690609 -2e-06 16.276251 -17.871563 2.639838 1.665667 -1.955922 -2.878298 4.727798 -4.170588 4.993923 11.020526 4e-06 -2e-06 12.109052 -3.735717 -2.866785 1e-06 -0.0 -0.0 1.291986 -1.92855 -1.498089 14.800129 0.567469 3.865605 14.242574 -1.341737 -6.660658 19.631969 0.143927 -0.648245 50.404827 -0.679693 -6.410253 0.353029 -1.51115 -0.03194 20.222794 3.684313 2.316629 18.787273 6e-06 -2e-06 10.751627 -0.479867 1.397906 -2e-06 -0.0 0.0 3.273807 0.305947 -0.580111 21.486813 11.830379 2.266132 8.162927 2e-06 -2e-06 18.39908 -3.798983 -4.940578 3e-06 -1e-06 -2e-06 4.289482 7.649779 -0.214061 0.071229 -0.578751 25.434715 -4.792506 0.135886 -19.988081 1.908521 -2.09905 -8.175079 -0.0 -0.0 2e-06 4.836699 -7.51114 -39.873703 -0.001269 0.018652 25.829132 2.060391 5.272559 5.942676 -1.403647 0.975796 -2.948487 0.0 0.0 -1e-06 
0.0 0.0 0.0 0.0 -0.0 0.0 -1.231815 95.304718 48.565281 -4.129996 2.10411 8.477022 1.176468 0.132419 -4.373003 0.204326 -1.481568 -6.384665 2.102647 -3.034684 11.990089 4.504524 1.340555 -1.820251 0.255527 4.000648 -3.629066 -7.346356 6.215726 -16.087433 7.7e-05 -2.2e-05 6e-06 -0.010287 -0.180219 -0.025025 0.707197 -3.91519 -10.601536 -0.722634 3.565534 -10.565522 -11.67363 -1.761627 15.55733 -57.379982 -18.219503 35.27356 -0.291776 -29.053276 0.041466 4.573886 5.060669 -11.520718 -5.882107 9.861284 0.702592 -10.936873 -0.360575 7.156209 1e-06 8.774824 1e-06 -16.360674 18.069328 6.087786 -1.844032 2.498504 -2.507281 -10.163601 4.678943 4.62111 -20.976023 -4e-06 4e-06 -21.226288 2.451695 -3.593997 0.0 -4e-06 -1e-06 -1.362681 2.240797 -0.746324 -21.334917 0.584909 3.008326 -13.821214 -2e-06 3e-06 -23.887171 -0.249078 -0.83948 -60.898479 2.152125 -0.863919 -0.294025 1.679688 0.833254 -14.21821 0.093215 1.300582 -34.212051 -0.287564 0.967172 -20.033216 0.96454 1.212846 0.0 -0.0 1e-06 -3.440388 0.788233 0.501656 -15.928189 -3.167309 2.999709 -6.338827 -2e-06 1e-06 -18.123447 3.648181 -4.905669 -3e-06 1e-06 -0.0 14.902686 4.299386 13.260391 58.931309 -4.607194 -0.119475 -0.236274 47.340439 -0.008369 4.551755 -6.949365 -13.516475 2.243543 -5.255037 -3.18016 14.282896 -0.826594 6.952506 -3e-06 -12.690605 1e-06 16.327667 -17.881386 2.57318 1.665667 -1.955922 -2.8783 4.7278 -4.170586 4.993926 11.020529 3e-06 -2e-06 12.109056 -3.735714 -2.866785 1e-06 0.0 -0.0 1.291986 -1.928549 -1.49809 14.800136 0.567468 3.865609 14.242579 -1.341734 -6.660661 19.631975 0.143927 -0.648246 50.382057 -0.673508 -6.45806 0.353029 -1.511151 -0.03194 20.222801 3.684311 2.31663 18.787279 4e-06 -1e-06 10.751632 -0.479868 1.397907 -2e-06 -0.0 -1e-06 3.273808 0.305947 -0.580111 21.48682 11.830376 2.266132 8.16293 2e-06 -0.0 18.399086 -3.798984 -4.940575 3e-06 -1e-06 -2e-06 7.228808 8.652143 -1.9094 0.022776 -0.808677 32.794594 -5.80619 -2.222088 -15.648223 2.040119 -2.068125 -13.836368 0.0 -0.0 2e-06 6.056472 -6.815446 -38.43251 -0.065054 -0.038209 28.355961 1.088194 4.518672 1.909334 -1.404773 0.99073 -1.867635 0.0 -0.0 -1e-06 
0.0 0.0 0.0 0.0 -0.0 0.0 -2.128595 95.63485 51.755161 -4.979364 2.792547 7.940799 2.046643 0.209164 -4.138973 0.302968 -1.411693 -6.285152 2.263766 -2.980869 11.570347 4.532337 1.285781 -1.488113 0.258257 3.781683 -3.604314 -7.215139 6.032941 -16.580589 7.7e-05 -2.2e-05 7e-06 -0.010505 -0.166172 -0.00766 0.718706 -3.915085 -10.62999 -0.734452 3.591843 -10.590405 -10.528591 -1.756858 15.525348 -58.825748 -17.575697 34.83268 -0.158407 -29.460953 0.004533 4.554661 5.202152 -11.478242 -5.88211 9.86129 0.70259 -10.936875 -0.360573 7.156203 -1e-06 8.774828 -1e-06 -16.237064 18.011021 6.059454 -1.844033 2.498506 -2.507279 -10.163604 4.678947 4.621109 -20.97603 -0.0 2e-06 -21.226295 2.451702 -3.594 1e-06 -4e-06 0.0 -1.362682 2.2408 -0.746322 -21.334921 0.584913 3.008323 -13.821218 0.0 1e-06 -23.887178 -0.249077 -0.839486 -60.714897 2.186141 -0.942043 -0.294025 1.679687 0.833257 -14.218214 0.093217 1.300583 -34.212063 -0.28756 0.967171 -20.033226 0.964539 1.212843 -0.0 1e-06 1e-06 -3.440389 0.788234 0.501658 -15.928192 -3.167309 2.999708 -6.338829 -1e-06 0.0 -18.123453 3.648186 -4.905671 -3e-06 1e-06 -0.0 13.983917 4.446899 13.245476 59.888828 -4.320929 0.150857 -0.052339 46.132275 0.133225 3.975104 -6.864678 -13.648333 2.243542 -5.255037 -3.180157 14.282896 -0.826594 6.952503 -2e-06 -12.690607 -0.0 16.370338 -17.872202 2.549579 1.665666 -1.955921 -2.878299 4.7278 -4.170588 4.993924 11.020529 3e-06 -1e-06 12.109058 -3.735716 -2.866784 1e-06 0.0 -0.0 1.291985 -1.92855 -1.498089 14.800132 0.567468 3.865607 14.242576 -1.341737 -6.660658 19.631977 0.143926 -0.648245 50.336021 -0.684906 -6.483057 0.353029 -1.511151 -0.03194 20.222799 3.68431 2.31663 18.787279 5e-06 -2e-06 10.75163 -0.479869 1.397906 -2e-06 -1e-06 -1e-06 3.273808 0.305947 -0.580111 21.48682 11.830378 2.266133 8.16293 2e-06 -2e-06 18.399088 -3.798984 -4.940577 4e-06 -0.0 -2e-06 9.920284 9.84545 -5.039506 -0.07944 -0.928789 42.197861 -6.410781 -3.962018 -8.711646 2.152667 -1.921115 -18.944492 -0.0 0.0 3e-06 7.170879 -6.749265 -36.032711 -0.084726 -0.122825 29.263044 0.355206 4.133423 -1.046756 -1.403264 0.999698 -0.89329 -0.0 0.0 -1e-06 
0.0 0.0 0.0 0.0 -0.0 0.0 -2.926048 96.114059 54.853321 -5.423414 3.38303 7.252982 2.786848 0.347985 -3.87821 0.348174 -1.220479 -6.124149 2.231936 -2.823626 11.193469 4.492661 1.27941 -1.061313 0.212924 3.422005 -3.571281 -6.996893 5.691896 -16.616251 7.7e-05 -2.2e-05 5e-06 -0.002405 -0.133062 0.015771 0.711478 -3.886828 -10.619608 -0.712112 3.62754 -10.578396 -9.593967 -1.700948 15.399022 -60.005241 -16.991642 34.172817 -0.080147 -30.282433 -0.031012 4.487292 5.21181 -11.16425 -5.882119 9.861303 0.702595 -10.93689 -0.360572 7.156216 -2e-06 8.774838 1e-06 -16.135841 18.002638 6.037065 -1.844037 2.498509 -2.50728 -10.16362 4.678956 4.621113 -20.976061 1e-06 -0.0 -21.226326 2.451705 -3.594009 0.0 -6e-06 -1e-06 -1.362685 2.240802 -0.746325 -21.334953 0.584917 3.008326 -13.821239 0.0 -1e-06 -23.887217 -0.249076 -0.83949 -60.583241 2.280504 -1.059642 -0.294026 1.67969 0.833258 -14.218235 0.093218 1.300582 -34.212112 -0.287559 0.967167 -20.033251 0.96454 1.212842 -1e-06 -0.0 -0.0 -3.440394 0.788235 0.501658 -15.928213 -3.16731 2.99971 -6.338837 0.0 1e-06 -18.12348 3.648191 -4.905679 -4e-06 0.0 -0.0 13.260955 4.737954 13.342257 60.481216 -4.054187 0.378115 0.272932 45.27396 0.403246 3.581125 -6.794224 -14.30517 2.243543 -5.255042 -3.180159 14.282904 -0.826596 6.952507 -2e-06 -12.690618 -1e-06 16.320774 -17.8932 2.607121 1.665668 -1.955923 -2.8783 4.727802 -4.170591 4.993927 11.020535 2e-06 -2e-06 12.10906 -3.735719 -2.866787 1e-06 0.0 -0.0 1.291987 -1.928552 -1.49809 14.800139 0.567469 3.86561 14.242584 -1.341738 -6.660663 19.631983 0.143927 -0.648245 50.242252 -0.694855 -6.522777 0.353029 -1.511152 -0.03194 20.222805 3.684313 2.316632 18.787289 4e-06 -1e-06 10.751636 -0.479869 1.397907 -2e-06 -1e-06 -0.0 3.273809 0.305946 -0.580111 21.486832 11.830386 2.266135 8.162935 3e-06 -1e-06 18.399096 -3.798988 -4.940579 3e-06 0.0 -1e-06 11.832705 10.924628 -9.019602 -0.176683 -0.898302 52.285561 -6.262297 -3.796525 -1.041211 2.098773 -1.781949 -17.781441 0.0 0.0 2e-06 8.003721 -7.408675 -32.945358 -0.058169 -0.193015 28.984331 -0.243046 4.227566 -3.391857 -1.407223 1.00489 -0.316258 0.0 0.0 -1e-06 
0.0 0.0 0.0 0.0 -0.0 0.0 -3.591956 96.583069 57.875252 -5.53691 3.754489 6.539107 3.328327 0.548523 -3.648117 0.333195 -0.975019 -5.976047 2.137957 -2.589438 10.944652 4.315216 1.282012 -0.672658 0.195153 3.098049 -3.572635 -6.748902 5.337202 -16.259533 7.7e-05 -2.3e-05 6e-06 -0.004968 -0.147995 0.030907 0.679302 -3.900275 -10.593146 -0.686558 3.609365 -10.54611 -9.196362 -1.360029 15.145444 -60.557072 -16.551205 33.476189 -0.115385 -31.375259 -0.042438 4.538447 5.043625 -10.651291 -5.882106 9.861287 0.70259 -10.936875 -0.360577 7.156209 3e-06 8.774828 1e-06 -16.145784 17.997406 6.020517 -1.844033 2.498504 -2.507279 -10.163603 4.678944 4.62111 -20.976032 -7e-06 4e-06 -21.226295 2.451694 -3.593998 0.0 -6e-06 1e-06 -1.362682 2.240798 -0.746324 -21.334923 0.584906 3.008323 -13.821219 -5e-06 2e-06 -23.887178 -0.249082 -0.839482 -60.546211 2.394422 -1.17604 -0.294024 1.679688 0.833254 -14.218214 0.093213 1.300582 -34.212063 -0.28757 0.967176 -20.033222 0.964534 1.212847 -1e-06 -0.0 0.0 -3.44039 0.788233 0.501657 -15.928192 -3.167312 2.999709 -6.338828 -1e-06 2e-06 -18.123453 3.64818 -4.905669 -5e-06 -0.0 -1e-06 12.939651 5.107276 13.498751 60.277676 -3.75033 1.229603 0.28731 44.802422 0.474218 3.682836 -6.714299 -15.16335 2.243542 -5.255038 -3.180158 14.282896 -0.826594 6.952503 -3e-06 -12.690607 0.0 16.224079 -17.900564 2.67602 1.665667 -1.955922 -2.878299 4.727799 -4.170587 4.993925 11.020529 3e-06 -2e-06 12.109055 -3.735715 -2.866785 1e-06 -0.0 -0.0 1.291986 -1.92855 -1.498089 14.800132 0.567469 3.865607 14.242577 -1.341736 -6.660659 19.631973 0.143926 -0.648245 50.150024 -0.677101 -6.538459 0.353029 -1.51115 -0.03194 20.222799 3.68431 2.31663 18.787279 5e-06 -0.0 10.751629 -0.479869 1.397906 -1e-06 -0.0 -0.0 3.273808 0.305945 -0.580111 21.486822 11.830379 2.266133 8.16293 2e-06 -1e-06 18.399088 -3.798985 -4.940577 3e-06 0.0 -1e-06 12.734172 11.875257 -13.140536 -0.205944 -0.786126 61.442177 -4.690625 -1.445996 3.607156 1.89974 -1.848164 -9.94707 1e-06 -0.0 2e-06 8.487216 -8.460601 -29.737122 -0.060084 -0.193877 28.235796 -0.665406 4.740629 -5.33958 -1.412654 1.012609 -0.26093 -0.0 -0.0 -1e-06 
0.0 0.0 0.0 0.0 -0.0 0.0 -4.130568 97.015015 60.833542 -5.438748 3.79574 5.906137 3.742574 0.745197 -3.490322 0.300894 -0.660214 -5.869303 1.940129 -2.247027 10.795672 4.026139 1.311947 -0.336349 0.213857 2.827522 -3.574136 -6.505678 5.050932 -15.924299 7.7e-05 -2.2e-05 6e-06 -0.016845 -0.187835 0.040348 0.65168 -3.94101 -10.583207 -0.684266 3.570762 -10.533416 -9.239073 -0.736719 14.841233 -60.749718 -16.304089 32.642799 -0.235953 -32.121052 -0.028488 5.070507 4.595589 -10.232978 -5.882114 9.861296 0.702591 -10.936885 -0.360575 7.15621 0.0 8.774835 1e-06 -16.177586 18.011885 6.012046 -1.844036 2.498506 -2.507278 -10.163614 4.678952 4.621112 -20.976055 -4e-06 -0.0 -21.226318 2.4517 -3.594006 1e-06 -6e-06 -0.0 -1.362684 2.2408 -0.746324 -21.334946 0.584911 3.008324 -13.821235 -3e-06 -1e-06 -23.887205 -0.249079 -0.839484 -60.495129 2.471829 -1.311616 -0.294025 1.679689 0.833256 -14.218229 0.093216 1.300579 -34.212097 -0.287565 0.967166 -20.033243 0.964537 1.212842 0.0 -0.0 0.0 -3.440393 0.788235 0.501657 -15.928209 -3.167313 2.999708 -6.338835 -1e-06 1e-06 -18.123474 3.648186 -4.905675 -4e-06 -0.0 -1e-06 12.855713 5.473168 13.601933 59.556019 -3.234735 2.475884 0.190011 44.263248 0.40504 3.941655 -6.49021 -15.66939 2.243545 -5.255041 -3.18016 14.282905 -0.826595 6.952505 -2e-06 -12.690614 -1e-06 16.171541 -17.866243 2.658918 1.665669 -1.955923 -2.878301 4.727804 -4.17059 4.993925 11.020539 3e-06 -3e-06 12.109066 -3.735718 -2.866788 1e-06 -0.0 -0.0 1.291987 -1.92855 -1.498091 14.800142 0.567469 3.865607 14.242588 -1.341737 -6.660665 19.63199 0.143927 -0.648248 50.002441 -0.677698 -6.578414 0.353029 -1.51115 -0.03194 20.222815 3.684313 2.316628 18.787292 5e-06 -4e-06 10.751637 -0.479867 1.397905 1e-06 -0.0 -1e-06 3.27381 0.305947 -0.580112 21.486835 11.830384 2.266131 8.162937 3e-06 -3e-06 18.399103 -3.798982 -4.940582 3e-06 1e-06 -2e-06 12.723973 12.705582 -16.904909 -0.195555 -0.580418 68.297401 -2.72576 1.10003 4.142765 1.849282 -1.95208 -5.664827 -0.0 1e-06 2e-06 8.589517 -9.441866 -26.447342 -0.09395 -0.165798 27.201435 -0.906765 5.483242 -7.121643 -1.409291 1.034537 -0.353691 0.0 0.0 -1e-06 
0.0 0.0 0.0 0.0 -0.0 0.0 -4.571894 97.470825 63.712132 -5.242327 3.523748 5.405478 4.052869 0.910148 -3.397665 0.273049 -0.301582 -5.811257 1.669569 -1.875895 10.737175 3.709129 1.381752 -0.130567 0.226804 2.706004 -3.560359 -6.291227 4.829056 -15.661628 7.7e-05 -2.3e-05 6e-06 -0.028858 -0.22082 0.044985 0.641379 -3.973445 -10.580719 -0.699509 3.538658 -10.537566 -9.458605 -0.10848 14.57567 -60.919727 -16.182703 31.507208 -0.435514 -32.128368 0.053401 6.051486 4.210089 -9.917612 -5.88211 9.861287 0.702589 -10.936873 -0.360573 7.156204 -1e-06 8.774825 -0.0 -16.150309 18.046961 6.041968 -1.844034 2.498505 -2.507279 -10.163602 4.678947 4.621109 -20.976028 -1e-06 -1e-06 -21.226294 2.451698 -3.594003 -0.0 -5e-06 -0.0 -1.362682 2.240798 -0.746322 -21.334919 0.584912 3.008322 -13.821217 -2e-06 -0.0 -23.887173 -0.249076 -0.839487 -60.372269 2.509995 -1.38423 -0.294025 1.679687 0.833256 -14.218212 0.093218 1.300578 -34.212055 -0.28756 0.967164 -20.033216 0.964538 1.21284 1e-06 0.0 0.0 -3.440389 0.788234 0.501655 -15.928189 -3.167307 2.999706 -6.338828 -1e-06 -1e-06 -18.123453 3.648185 -4.905673 -5e-06 -0.0 -1e-06 12.767381 5.860031 13.62627 58.820633 -2.399507 3.457708 0.264126 43.431484 0.395078 3.94563 -6.323085 -15.423425 2.243542 -5.255038 -3.180159 14.282889 -0.826593 6.952502 -3e-06 -12.690608 -1e-06 16.177309 -17.841986 2.618926 1.665667 -1.955922 -2.878299 4.727798 -4.170588 4.993925 11.020529 3e-06 -3e-06 12.109056 -3.735716 -2.866787 1e-06 -0.0 -1e-06 1.291986 -1.92855 -1.49809 14.800129 0.56747 3.865607 14.242573 -1.341736 -6.660662 19.631969 0.143929 -0.648247 49.955326 -0.631699 -6.577271 0.353029 -1.511151 -0.03194 20.222795 3.684312 2.316628 18.787271 7e-06 -2e-06 10.75163 -0.479867 1.397907 -1e-06 -1e-06 1e-06 3.273807 0.305947 -0.580111 21.486813 11.830383 2.266132 8.162928 3e-06 -0.0 18.399078 -3.798984 -4.940577 3e-06 1e-06 -2e-06 12.001132 13.183506 -20.403807 -0.169254 -0.324321 72.126045 -2.099738 2.108564 2.951817 1.868615 -1.9684 -4.842817 0.0 -0.0 2e-06 8.432929 -9.928833 -23.076515 -0.100883 -0.133182 25.57884 -1.022612 6.06477 -8.355827 -1.401376 1.049392 -0.34865 -0.0 0.0 -1e-06 
0.0 0.0 0.0 0.0 -0.0 0.0 -4.931834 97.93074 66.475525 -5.075152 3.063022 4.972433 4.358108 1.047182 -3.262482 0.25667 0.070972 -5.752472 1.357786 -1.558812 10.663266 3.361802 1.480136 0.003653 0.250188 2.743518 -3.551006 -6.07978 4.646301 -15.367221 7.7e-05 -2.3e-05 7e-06 -0.032534 -0.2271 0.050229 0.64467 -3.97545 -10.573788 -0.711796 3.529036 -10.541227 -9.686259 0.326917 14.38964 -61.131779 -16.083069 30.485607 -0.570453 -31.602074 0.138845 6.760999 4.158264 -9.633545 -5.882111 9.861291 0.70259 -10.936877 -0.360573 7.156207 -1e-06 8.77483 -1e-06 -16.123779 18.092499 6.050736 -1.844035 2.498506 -2.507277 -10.163607 4.67895 4.621109 -20.976038 1e-06 1e-06 -21.226301 2.451702 -3.594005 1e-06 -6e-06 1e-06 -1.362683 2.2408 -0.746325 -21.334927 0.584915 3.00832 -13.821221 0.0 1e-06 -23.887188 -0.249076 -0.839488 -60.208878 2.525816 -1.434813 -0.294025 1.679687 0.833258 -14.218215 0.093218 1.300578 -34.212063 -0.287558 0.967166 -20.033226 0.964537 1.212839 0.0 1e-06 0.0 -3.44039 0.788234 0.501655 -15.928194 -3.167307 2.999706 -6.33883 0.0 -1e-06 -18.123459 3.648187 -4.905676 -5e-06 -0.0 -2e-06 12.457974 6.316473 13.56812 58.444134 -1.407475 3.963631 0.435478 42.619286 0.450733 3.826139 -6.40571 -14.965882 2.243541 -5.255037 -3.180156 14.282887 -0.826595 6.952499 -2e-06 -12.690605 0.0 16.202232 -17.848656 2.581955 1.665666 -1.955921 -2.878298 4.727798 -4.170588 4.993922 11.020525 2e-06 -2e-06 12.109052 -3.735717 -2.866786 1e-06 -0.0 0.0 1.291986 -1.92855 -1.498089 14.800125 0.567468 3.865605 14.242569 -1.341737 -6.660658 19.631966 0.143927 -0.648246 49.971298 -0.589587 -6.59726 0.353029 -1.511151 -0.03194 20.222788 3.684311 2.316628 18.78727 5e-06 -3e-06 10.751626 -0.479868 1.397906 -1e-06 -0.0 0.0 3.273806 0.305947 -0.580111 21.486809 11.830377 2.266131 8.162924 1e-06 -1e-06 18.399078 -3.798985 -4.940577 4e-06 1e-06 -1e-06 10.768497 13.346676 -23.803211 -0.14138 -0.127042 72.982544 -2.664061 1.936277 1.609745 1.867404 -1.961369 -4.785419 0.0 -1e-06 1e-06 8.172395 -10.094044 -19.532877 -0.066202 -0.118349 23.293539 -0.996011 6.509449 -9.071069 -1.396165 1.05141 -0.309527 0.0 -0.0 -1e-06 
0.0 0.0 0.0 0.0 -0.0 0.0 -5.240614 98.296181 69.127449 -5.018488 2.520115 4.632069 4.710044 1.148355 -3.055327 0.272419 0.420023 -5.667007 1.040957 -1.28992 10.567422 2.965779 1.575842 -0.035949 0.291879 2.843878 -3.552467 -5.898989 4.545209 -15.149049 7.7e-05 -2.3e-05 6e-06 -0.030757 -0.214423 0.054991 0.653739 -3.95662 -10.560643 -0.719085 3.535902 -10.539373 -10.038999 0.598072 14.314268 -61.107449 -16.034624 30.108181 -0.538593 -31.005804 0.175301 6.821515 4.360389 -9.381035 -5.88211 9.861289 0.70259 -10.936878 -0.360576 7.156209 2e-06 8.774829 -0.0 -16.127522 18.108265 6.039087 -1.844033 2.498506 -2.507279 -10.163605 4.678946 4.621113 -20.976038 -5e-06 3e-06 -21.226299 2.451696 -3.594001 1e-06 -6e-06 0.0 -1.362682 2.240798 -0.746323 -21.334927 0.584907 3.008325 -13.821221 -4e-06 3e-06 -23.887182 -0.249079 -0.839479 -60.13401 2.524504 -1.473585 -0.294025 1.679687 0.833257 -14.218215 0.093213 1.300583 -34.212067 -0.287567 0.967173 -20.033226 0.964537 1.212848 0.0 1e-06 0.0 -3.44039 0.788233 0.501654 -15.928198 -3.167312 2.999707 -6.33883 -2e-06 -1e-06 -18.123457 3.648182 -4.905674 -4e-06 -0.0 -2e-06 11.990009 6.823462 13.449794 58.380283 -0.535364 4.005998 0.544288 42.377064 0.477977 3.640692 -6.56337 -14.848593 2.243543 -5.25504 -3.18016 14.282896 -0.826595 6.952506 -2e-06 -12.690609 -0.0 16.206509 -17.838985 2.570011 1.665667 -1.955923 -2.8783 4.7278 -4.170589 4.993925 11.020529 2e-06 -1e-06 12.109056 -3.735718 -2.866786 1e-06 -0.0 1e-06 1.291986 -1.928549 -1.498089 14.800134 0.567469 3.865608 14.242579 -1.341737 -6.660662 19.631973 0.143927 -0.648246 49.996914 -0.595147 -6.622878 0.353029 -1.511151 -0.031941 20.222801 3.68431 2.31663 18.787283 5e-06 -2e-06 10.751633 -0.479868 1.397907 -0.0 -0.0 1e-06 3.273808 0.305946 -0.58011 21.486822 11.830379 2.266133 8.16293 2e-06 -0.0 18.399088 -3.798986 -4.940578 4e-06 1e-06 -2e-06 9.324459 13.422144 -27.074785 -0.091179 0.032269 71.098976 -4.10265 1.161802 0.44585 1.840883 -1.954823 -4.800375 -0.0 -1e-06 -2e-06 8.016647 -10.100043 -16.127043 -0.023094 -0.122881 20.769297 -0.913414 6.93377 -9.470293 -1.397738 1.029583 -0.303449 0.0 0.0 -1e-06 
0.0 0.0 0.0 0.0 -0.0 0.0 -5.51931 98.531876 71.669716 -5.06145 1.957883 4.485379 5.058471 1.191873 -2.871384 0.319246 0.756808 -5.590676 0.764134 -1.076103 10.539753 2.574701 1.673963 -0.315998 0.344302 2.9757 -3.570391 -5.806054 4.562215 -15.071427 7.7e-05 -2.2e-05 6e-06 -0.028143 -0.200726 0.056413 0.664473 -3.936827 -10.546583 -0.726326 3.543787 -10.538732 -10.669189 0.83438 14.285175 -60.646801 -16.020784 30.312561 -0.428863 -30.738863 0.167984 6.415454 4.549896 -8.892756 -5.882112 9.861295 0.702592 -10.936878 -0.360573 7.156208 -2e-06 8.774833 -1e-06 -16.171442 18.114532 6.040506 -1.844034 2.498506 -2.507278 -10.163607 4.678952 4.621112 -20.976034 1e-06 1e-06 -21.226301 2.451702 -3.594007 -0.0 -6e-06 0.0 -1.362683 2.240801 -0.746324 -21.334925 0.584915 3.00832 -13.821221 0.0 -0.0 -23.887182 -0.249076 -0.839489 -60.211853 2.500056 -1.401399 -0.294026 1.679689 0.833257 -14.218217 0.093218 1.300578 -34.212067 -0.287558 0.967163 -20.033226 0.964537 1.212839 0.0 1e-06 0.0 -3.44039 0.788234 0.501657 -15.928192 -3.167308 2.999708 -6.338829 1e-06 -1e-06 -18.123459 3.648189 -4.905676 -4e-06 -0.0 -1e-06 11.652587 7.323823 13.327805 58.245361 0.140599 3.837054 0.547257 42.8904 0.434499 3.41074 -6.635849 -14.933758 2.243543 -5.255041 -3.180158 14.282896 -0.826595 6.952502 -1e-06 -12.690611 -0.0 16.191521 -17.791502 2.591232 1.665667 -1.955922 -2.878299 4.7278 -4.170589 4.993924 11.02053 1e-06 -1e-06 12.109056 -3.735719 -2.866786 1e-06 -0.0 0.0 1.291987 -1.928552 -1.498089 14.800134 0.567467 3.865607 14.242577 -1.341738 -6.660661 19.631973 0.143926 -0.648247 50.049988 -0.643458 -6.570547 0.353029 -1.51115 -0.03194 20.222801 3.684312 2.316629 18.787281 6e-06 -3e-06 10.751631 -0.479868 1.397905 -1e-06 -0.0 1e-06 3.273808 0.305946 -0.580111 21.48682 11.830381 2.266132 8.16293 2e-06 -1e-06 18.39909 -3.798987 -4.940581 4e-06 1e-06 -2e-06 7.796685 13.676881 -30.133606 0.018942 0.209352 66.447632 -5.613341 0.704205 -0.566617 1.802836 -1.941965 -4.753384 -0.0 1e-06 3e-06 7.891841 -10.106845 -12.936677 0.006474 -0.126007 18.314192 -0.74396 7.428905 -9.871382 -1.404591 1.005441 -0.346784 -0.0 -0.0 -1e-06 
0.0 0.0 0.0 0.0 -0.0 0.0 -5.765175 98.634407 74.11396 -5.140155 1.43222 4.562323 5.345892 1.170839 -2.752536 0.373884 1.073413 -5.558351 0.5395 -0.909412 10.595745 2.244673 1.762731 -0.750224 0.388923 3.168821 -3.6015 -5.792983 4.620844 -15.136905 7.7e-05 -2.2e-05 6e-06 -0.025721 -0.191279 0.054118 0.667493 -3.922544 -10.536583 -0.725987 3.548773 -10.540029 -11.48979 1.093112 14.255725 -59.960079 -16.068596 30.82004 -0.257076 -30.752169 0.11547 5.896952 4.550933 -8.40348 -5.882111 9.861293 0.702593 -10.936878 -0.360573 7.156212 -1e-06 8.774831 -2e-06 -16.217173 18.136499 6.059381 -1.844033 2.498507 -2.507279 -10.163607 4.67895 4.621113 -20.976036 -0.0 3e-06 -21.226301 2.451704 -3.594001 0.0 -6e-06 -1e-06 -1.362682 2.240799 -0.746323 -21.334929 0.584914 3.008329 -13.821221 -0.0 1e-06 -23.887184 -0.249075 -0.839483 -60.378571 2.461861 -1.256496 -0.294026 1.679689 0.833255 -14.218218 0.093217 1.300584 -34.21207 -0.287555 0.967173 -20.033224 0.964542 1.212845 0.0 0.0 1e-06 -3.440392 0.788234 0.501657 -15.9282 -3.16731 2.999711 -6.338831 1e-06 1e-06 -18.123461 3.648189 -4.905674 -5e-06 -0.0 -2e-06 11.504532 7.798362 13.227492 57.90424 0.69434 3.715792 0.493416 43.869408 0.365175 3.244952 -6.583948 -14.856073 2.243543 -5.25504 -3.180157 14.282896 -0.826595 6.952504 -2e-06 -12.690611 1e-06 16.149584 -17.713037 2.615065 1.665667 -1.955923 -2.878299 4.7278 -4.170588 4.993925 11.020529 3e-06 -1e-06 12.109055 -3.735719 -2.866785 1e-06 -0.0 -0.0 1.291986 -1.92855 -1.498089 14.800134 0.567466 3.865608 14.242577 -1.341739 -6.660658 19.631973 0.143925 -0.648245 50.088978 -0.696641 -6.460926 0.353029 -1.511151 -0.03194 20.222801 3.684309 2.316629 18.787285 4e-06 -2e-06 10.751631 -0.479869 1.397906 0.0 -1e-06 1e-06 3.273808 0.305949 -0.580111 21.48682 11.830381 2.266133 8.16293 2e-06 -0.0 18.399092 -3.798988 -4.940578 4e-06 1e-06 -1e-06 6.216102 14.021149 -32.71056 0.168084 0.378216 59.191853 -6.648097 0.922827 -1.308276 1.779577 -1.940596 -4.597037 -0.0 0.0 2e-06 7.800536 -10.179333 -10.245376 0.02579 -0.097268 16.22595 -0.588357 8.012394 -10.30122 -1.412663 0.991782 -0.401923 -0.0 0.0 -1e-06 
0.0 0.0 0.0 0.0 -0.0 0.0 -5.93906 98.607559 76.513313 -5.222391 0.94198 4.854928 5.571284 1.091781 -2.709316 0.422607 1.36146 -5.565454 0.368378 -0.760716 10.699645 1.97316 1.837286 -1.213565 0.423202 3.44416 -3.615928 -5.840508 4.68524 -15.321108 7.7e-05 -2.2e-05 5e-06 -0.017582 -0.163228 0.050085 0.662431 -3.89216 -10.529918 -0.705748 3.575013 -10.540513 -12.390006 1.360427 14.201164 -59.252678 -16.173428 31.396481 -0.056585 -30.921759 0.026836 5.478907 4.33236 -8.241476 -5.882113 9.861294 0.702589 -10.936881 -0.360575 7.15621 0.0 8.774833 -2e-06 -16.182016 18.160572 6.064598 -1.844034 2.498506 -2.50728 -10.16361 4.678949 4.62111 -20.976044 -2e-06 1e-06 -21.226311 2.451699 -3.594003 0.0 -6e-06 1e-06 -1.362683 2.240799 -0.746323 -21.334932 0.584911 3.008324 -13.821227 -2e-06 -0.0 -23.887192 -0.249077 -0.839485 -60.440025 2.428036 -1.165076 -0.294025 1.679688 0.833257 -14.218223 0.093216 1.30058 -34.212082 -0.287565 0.967166 -20.033232 0.964536 1.212844 1e-06 -1e-06 1e-06 -3.440391 0.788233 0.501656 -15.928201 -3.167312 2.999707 -6.338832 -0.0 -0.0 -18.123463 3.648186 -4.905675 -4e-06 -1e-06 -2e-06 11.428472 8.242749 13.164609 57.477505 1.241905 3.713423 0.45903 44.931408 0.323431 3.189502 -6.43341 -14.503396 2.243544 -5.255042 -3.18016 14.282902 -0.826595 6.952505 -1e-06 -12.690618 2e-06 16.102167 -17.650373 2.599068 1.665668 -1.955922 -2.8783 4.727802 -4.170592 4.993926 11.020535 2e-06 -3e-06 12.109062 -3.73572 -2.866787 2e-06 0.0 0.0 1.291987 -1.928553 -1.498089 14.800139 0.56747 3.865607 14.242585 -1.341737 -6.660665 19.631985 0.143928 -0.648246 50.0485 -0.743556 -6.392311 0.353029 -1.511152 -0.031939 20.222805 3.684312 2.316628 18.787289 5e-06 -3e-06 10.751636 -0.479867 1.397905 0.0 -1e-06 0.0 3.27381 0.305947 -0.580112 21.486832 11.830388 2.266133 8.162935 2e-06 -1e-06 18.399099 -3.798988 -4.940583 3e-06 1e-06 -1e-06 4.601532 14.228507 -34.570251 0.281997 0.504072 49.641762 -7.268034 1.708546 -1.196135 1.76953 -1.97054 -4.504592 -0.0 -1e-06 2e-06 7.819657 -10.317685 -8.237344 0.028539 -0.02689 14.730051 -0.589948 8.656923 -10.855027 -1.418189 0.990374 -0.424201 0.0 -0.0 -1e-06 
0.0 0.0 0.0 0.0 -0.0 0.0 -6.014258 98.481247 78.927475 -5.325156 0.499455 5.31195 5.763052 1.000139 -2.745329 0.452787 1.537675 -5.605241 0.263287 -0.558763 10.822374 1.76194 1.940587 -1.568977 0.435912 3.711624 -3.61134 -5.885914 4.714062 -15.504511 7.7e-05 -2.3e-05 6e-06 -0.007757 -0.136059 0.049367 0.654649 -3.867281 -10.538784 -0.678978 3.605052 -10.547153 -13.210802 1.561162 14.118565 -58.691967 -16.282114 31.875496 0.114142 -31.141031 -0.065576 5.19202 4.025897 -8.237498 -5.882104 9.861283 0.702592 -10.936868 -0.360575 7.156202 1e-06 8.774823 -1e-06 -16.070618 18.195118 6.082554 -1.844032 2.498504 -2.507277 -10.163596 4.678944 4.621105 -20.976017 -4e-06 1e-06 -21.226282 2.451695 -3.593999 1e-06 -5e-06 1e-06 -1.362681 2.240797 -0.746324 -21.334906 0.584908 3.00832 -13.821208 -3e-06 -1e-06 -23.887159 -0.24908 -0.839484 -60.418392 2.431629 -1.156988 -0.294025 1.679687 0.833257 -14.218204 0.093214 1.30058 -34.212036 -0.287565 0.96717 -20.033207 0.964533 1.212843 0.0 -1e-06 0.0 -3.440388 0.788234 0.501655 -15.928183 -3.167309 2.999705 -6.338823 -1e-06 -1e-06 -18.123444 3.648182 -4.905669 -5e-06 -1e-06 -1e-06 11.313493 8.577991 13.096334 57.083237 1.812227 3.975419 0.408163 45.782562 0.296067 3.258116 -6.212026 -13.996745 2.243541 -5.255034 -3.180156 14.282887 -0.826595 6.952501 -2e-06 -12.6906 1e-06 16.048817 -17.630859 2.567403 1.665665 -1.955922 -2.878298 4.727798 -4.170586 4.993922 11.020522 3e-06 -1e-06 12.109046 -3.735715 -2.866782 1e-06 0.0 0.0 1.291985 -1.92855 -1.498088 14.800123 0.567468 3.865607 14.242568 -1.341736 -6.660654 19.63196 0.143925 -0.648243 49.92598 -0.78476 -6.395449 0.353029 -1.51115 -0.031939 20.222786 3.684307 2.31663 18.78727 4e-06 1e-06 10.751627 -0.479867 1.397904 1e-06 -1e-06 0.0 3.273806 0.305946 -0.58011 21.486807 11.830369 2.266132 8.162926 2e-06 -1e-06 18.399076 -3.798983 -4.940573 3e-06 0.0 -2e-06 3.009793 14.270305 -35.425507 0.311375 0.593802 37.769508 -7.798861 2.795338 -0.168205 1.756928 -2.00007 -4.404682 0.0 -1e-06 2e-06 7.743463 -10.487027 -6.642113 0.005503 0.046526 13.86609 -0.628246 9.315825 -11.599694 -1.419952 1.000303 -0.463832 0.0 -0.0 -1e-06 
0.0 0.0 0.0 0.0 -0.0 0.0 -5.970282 98.246033 81.461304 -5.49914 0.039493 5.816444 5.922386 0.967039 -2.840096 0.479804 1.560714 -5.686897 0.257493 -0.321331 10.987658 1.652577 2.03314 -1.807285 0.396422 3.875246 -3.609032 -5.901443 4.807711 -15.505018 7.7e-05 -2.3e-05 6e-06 -0.002404 -0.135092 0.049159 0.650494 -3.874103 -10.583319 -0.66478 3.613059 -10.573155 -13.804878 1.694167 14.03944 -58.412128 -16.398535 32.098259 0.163139 -31.277264 -0.128573 4.989718 3.779631 -7.994062 -5.88211 9.861288 0.70259 -10.936875 -0.360575 7.156202 0.0 8.774826 -1e-06 -15.921977 18.20776 6.173625 -1.844033 2.498504 -2.507277 -10.163604 4.678945 4.621109 -20.976032 -3e-06 0.0 -21.226295 2.451698 -3.594002 1e-06 -4e-06 1e-06 -1.362682 2.240799 -0.746323 -21.334923 0.58491 3.00832 -13.821218 -3e-06 -1e-06 -23.887178 -0.249079 -0.839485 -60.409344 2.463701 -1.116138 -0.294025 1.679688 0.833257 -14.218214 0.093216 1.300581 -34.212063 -0.287564 0.967168 -20.033218 0.964535 1.212842 0.0 0.0 -1e-06 -3.440389 0.788233 0.501655 -15.928192 -3.167309 2.999705 -6.338829 -1e-06 -2e-06 -18.123457 3.648183 -4.905672 -3e-06 0.0 -2e-06 11.11046 8.798886 12.966655 56.787575 2.356913 4.553884 0.245067 46.3064 0.209714 3.473098 -6.013522 -13.430295 2.243542 -5.255037 -3.180157 14.282889 -0.826594 6.952499 -2e-06 -12.690606 -0.0 15.994447 -17.627298 2.587235 1.665667 -1.955921 -2.878298 4.727799 -4.170588 4.993923 11.020527 2e-06 -2e-06 12.109053 -3.735717 -2.866786 1e-06 -0.0 -1e-06 1.291986 -1.92855 -1.49809 14.800129 0.567467 3.865604 14.242574 -1.341738 -6.660659 19.631969 0.143927 -0.648247 49.837997 -0.822821 -6.36932 0.353029 -1.511151 -0.03194 20.222794 3.68431 2.316627 18.787271 5e-06 -4e-06 10.751627 -0.479868 1.397904 0.0 0.0 0.0 3.273807 0.305947 -0.580111 21.486813 11.830376 2.266129 8.162926 1e-06 -2e-06 18.399082 -3.798986 -4.940579 5e-06 1e-06 -1e-06 1.735602 13.957804 -35.120087 0.212752 0.643974 24.370216 -8.415744 3.684922 1.102037 1.722442 -2.034774 -4.180536 0.0 1e-06 2e-06 7.617836 -10.718711 -5.265712 -0.035599 0.088059 13.537364 -0.733271 10.012432 -12.523385 -1.423981 0.995225 -0.559255 -0.0 -0.0 -1e-06 
0.0 0.0 0.0 0.0 -0.0 0.0 -5.821262 97.922905 84.157494 -5.683722 -0.440071 6.30503 5.949584 0.940716 -3.030202 0.520182 1.548666 -5.766811 0.3269 -0.195596 11.181003 1.723254 2.07652 -2.011043 0.305714 3.990906 -3.63784 -5.973661 5.005702 -15.212566 7.7e-05 -2.3e-05 7e-06 -0.003635 -0.151839 0.045036 0.644505 -3.898174 -10.633822 -0.662091 3.601392 -10.604795 -14.171455 1.842187 14.053293 -58.29895 -16.553913 32.060318 0.092299 -31.247683 -0.179504 4.844534 3.482594 -7.550298 -5.882109 9.861288 0.702591 -10.936875 -0.360576 7.156205 2e-06 8.774828 1e-06 -15.817084 18.220562 6.313858 -1.844034 2.498506 -2.507278 -10.163604 4.678946 4.62111 -20.976034 -6e-06 -1e-06 -21.226292 2.451695 -3.594001 0.0 -4e-06 1e-06 -1.362682 2.240799 -0.746324 -21.334923 0.584908 3.00832 -13.821219 -4e-06 -1e-06 -23.887182 -0.249083 -0.839485 -60.499657 2.482826 -1.013035 -0.294024 1.679688 0.833256 -14.218214 0.093214 1.300579 -34.212063 -0.287569 0.967169 -20.033218 0.964532 1.212842 0.0 -0.0 0.0 -3.44039 0.788234 0.501654 -15.928192 -3.167311 2.999704 -6.338829 -2e-06 -2e-06 -18.123457 3.64818 -4.905674 -3e-06 -0.0 -2e-06 10.965343 8.958053 12.85545 56.490288 2.821754 5.378878 -0.026204 46.638008 -0.031337 3.85128 -5.977975 -12.782883 2.243543 -5.25504 -3.180159 14.282896 -0.826596 6.952506 -3e-06 -12.690611 2e-06 15.935175 -17.597389 2.675781 1.665667 -1.955922 -2.878299 4.7278 -4.17059 4.993927 11.02053 2e-06 -2e-06 12.109056 -3.735717 -2.866785 1e-06 -0.0 0.0 1.291986 -1.928549 -1.49809 14.800136 0.567466 3.865608 14.242579 -1.341735 -6.660661 19.631973 0.143927 -0.648246 49.867908 -0.852489 -6.291538 0.353029 -1.511151 -0.03194 20.222799 3.684311 2.316629 18.787283 4e-06 -2e-06 10.751633 -0.47987 1.397906 1e-06 -0.0 0.0 3.273808 0.305947 -0.580112 21.486822 11.830379 2.26613 8.16293 1e-06 -1e-06 18.39909 -3.798987 -4.94058 7e-06 0.0 -1e-06 1.219175 12.542131 -34.304844 0.014381 0.516141 11.964677 -8.510612 4.473464 2.416205 1.612008 -2.107399 -4.328228 0.0 0.0 3e-06 7.353327 -10.851272 -3.925477 -0.068504 0.051798 13.583725 -0.813721 10.551497 -13.513564 -1.428662 0.93963 -0.783261 0.0 0.0 -1e-06 
0.0 0.0 0.0 0.0 -0.0 0.0 -5.634453 97.430023 86.938492 -5.844088 -0.949234 6.758754 5.812635 0.873002 -3.23129 0.53139 1.549782 -5.80048 0.480031 -0.170087 11.295056 1.888257 2.094883 -2.160994 0.284249 4.099395 -3.673879 -6.169598 5.181422 -14.957261 7.7e-05 -2.3e-05 6e-06 -0.010665 -0.174591 0.042174 0.624351 -3.916404 -10.624268 -0.656617 3.573442 -10.587029 -14.283133 1.925331 14.091008 -58.270401 -16.656908 32.002167 -0.080481 -31.120821 -0.172546 4.677886 3.13077 -7.064709 -5.882109 9.86129 0.70259 -10.936873 -0.360573 7.156206 -1e-06 8.774826 1e-06 -15.835002 18.247915 6.358243 -1.844033 2.498506 -2.50728 -10.163602 4.678947 4.62111 -20.976028 -1e-06 -1e-06 -21.226294 2.4517 -3.594004 2e-06 -6e-06 -0.0 -1.362683 2.240799 -0.746321 -21.334917 0.584913 3.00832 -13.821217 -1e-06 -0.0 -23.887175 -0.249078 -0.839486 -60.650059 2.487123 -0.996038 -0.294026 1.679687 0.833256 -14.218212 0.093217 1.300578 -34.212051 -0.287559 0.967163 -20.033218 0.964537 1.212839 0.0 -0.0 -0.0 -3.44039 0.788234 0.501657 -15.928189 -3.167307 2.999707 -6.338828 0.0 1e-06 -18.123453 3.648185 -4.905673 -4e-06 -0.0 -1e-06 10.977966 8.994437 12.778364 56.133606 3.124589 6.053567 -0.087018 46.965752 -0.148274 4.38535 -6.038615 -12.335876 2.243543 -5.255037 -3.180157 14.282896 -0.826595 6.9525 -2e-06 -12.690609 -0.0 15.917871 -17.569824 2.721875 1.665667 -1.955922 -2.878299 4.7278 -4.170589 4.993923 11.020529 2e-06 -4e-06 12.109056 -3.735717 -2.866786 1e-06 0.0 -1e-06 1.291986 -1.92855 -1.49809 14.800132 0.567469 3.865606 14.242577 -1.341737 -6.660661 19.631973 0.143926 -0.648248 49.90744 -0.86508 -6.290262 0.353029 -1.51115 -0.03194 20.222797 3.68431 2.316629 18.787279 4e-06 -1e-06 10.751633 -0.479868 1.397904 1e-06 -0.0 0.0 3.273808 0.305947 -0.580111 21.486818 11.830379 2.26613 8.162929 3e-06 -2e-06 18.399088 -3.798986 -4.940579 6e-06 0.0 -1e-06 1.753202 9.881674 -34.228863 -0.044767 0.382726 4.495022 -7.546174 5.847804 2.802515 1.489533 -2.200883 -4.574493 -0.0 -0.0 2e-06 6.97952 -10.818074 -2.727271 -0.090434 -0.000698 14.159088 -0.898663 11.001194 -14.887829 -1.43053 0.869385 -1.092633 0.0 -0.0 -1e-06 
0.0 0.0 0.0 0.0 -0.0 0.0 -5.437081 96.791664 89.774948 -5.83908 -1.435819 6.972013 5.468808 0.85883 -3.233062 0.461304 1.566615 -5.734443 0.584209 -0.24248 11.316511 2.123513 2.065458 -2.202207 0.30687 4.018648 -3.701061 -6.254017 5.376876 -15.209923 7.7e-05 -2.3e-05 7e-06 -0.01657 -0.183844 0.046745 0.626224 -3.920104 -10.601741 -0.67009 3.559899 -10.561463 -13.961611 1.897539 14.076636 -58.406281 -16.694416 32.107559 -0.290082 -31.227879 -0.052304 4.511755 3.131375 -6.515431 -5.88211 9.861292 0.702591 -10.936881 -0.360577 7.15621 2e-06 8.774835 -2e-06 -15.868191 18.300045 6.36121 -1.844034 2.498506 -2.50728 -10.16361 4.678946 4.621109 -20.976044 -8e-06 0.0 -21.226305 2.451694 -3.594003 2e-06 -6e-06 -1e-06 -1.362682 2.2408 -0.746326 -21.334934 0.584907 3.008322 -13.821225 -6e-06 -1e-06 -23.887196 -0.249085 -0.839483 -60.751896 2.479351 -0.971953 -0.294024 1.679688 0.833257 -14.218222 0.093212 1.30058 -34.212082 -0.287574 0.967171 -20.03323 0.964533 1.212848 0.0 1e-06 1e-06 -3.440392 0.788234 0.501655 -15.928201 -3.167316 2.999707 -6.338832 -3e-06 -1e-06 -18.123463 3.648181 -4.905677 -2e-06 0.0 -1e-06 11.093134 8.898757 12.723595 56.115189 3.217393 6.115073 0.01961 47.201832 -0.102355 4.62963 -6.044256 -12.354436 2.243544 -5.255043 -3.180159 14.282904 -0.826594 6.952507 -1e-06 -12.690619 -1e-06 15.994185 -17.582399 2.690807 1.665668 -1.955924 -2.878301 4.727803 -4.170591 4.993928 11.020538 2e-06 -3e-06 12.109063 -3.735719 -2.866788 1e-06 0.0 0.0 1.291987 -1.928552 -1.498091 14.800144 0.567469 3.865607 14.242588 -1.341738 -6.660666 19.631989 0.143928 -0.648249 49.917965 -0.869361 -6.348131 0.353029 -1.511152 -0.031939 20.222811 3.684314 2.316629 18.787291 6e-06 -3e-06 10.751642 -0.479868 1.397905 -0.0 -0.0 0.0 3.27381 0.305947 -0.580111 21.486834 11.830388 2.266132 8.162935 1e-06 -3e-06 18.399099 -3.798988 -4.940584 6e-06 1e-06 -1e-06 2.596279 7.309133 -35.677376 0.040672 0.342191 5.045333 -5.574145 7.422376 2.54795 1.48538 -2.225326 -4.597868 0.0 0.0 2e-06 6.381111 -10.62629 -1.411298 -0.125367 0.049969 15.136591 -1.046342 11.194904 -16.572376 -1.430909 0.863377 -1.425346 0.0 -0.0 -1e-06 
0.0 0.0 0.0 0.0 -0.0 0.0 -5.15005 96.236526 92.854469 -5.230036 -1.975674 7.010175 4.718644 0.851992 -3.263595 0.287916 1.725373 -5.753953 0.402537 -0.365182 11.436897 2.597788 1.961636 -1.9573 0.299501 4.033928 -3.633433 -6.273464 5.457964 -15.564506 7.7e-05 -2.3e-05 7e-06 0.003202 -0.114338 0.056683 0.665324 -3.86412 -10.642036 -0.66874 3.64297 -10.610879 -13.684388 1.939253 14.031052 -58.333855 -16.650719 32.325874 -0.330194 -31.514824 0.029835 4.34097 3.525434 -6.433298 -5.882109 9.86129 0.702591 -10.936877 -0.360575 7.156209 1e-06 8.77483 -1e-06 -15.761942 18.287777 6.398237 -1.844034 2.498506 -2.507278 -10.163604 4.678946 4.621112 -20.976034 -5e-06 -0.0 -21.226295 2.451698 -3.594 2e-06 -6e-06 -0.0 -1.362682 2.2408 -0.746324 -21.334923 0.58491 3.008324 -13.821218 -4e-06 -0.0 -23.887178 -0.24908 -0.839485 -60.699612 2.435762 -0.817176 -0.294025 1.679688 0.833257 -14.218217 0.093216 1.300582 -34.212067 -0.287564 0.96717 -20.033226 0.964537 1.212843 1e-06 1e-06 1e-06 -3.440389 0.788233 0.501656 -15.928192 -3.16731 2.999707 -6.338829 -0.0 1e-06 -18.123455 3.648183 -4.905675 -2e-06 0.0 -0.0 11.655981 8.652608 12.876944 56.231853 3.079528 5.842531 -0.02497 47.116581 -0.042344 4.373976 -5.948932 -12.613066 2.243543 -5.255039 -3.180159 14.282896 -0.826595 6.952503 -2e-06 -12.690615 -0.0 16.017544 -17.578138 2.674327 1.665667 -1.955922 -2.8783 4.727799 -4.170589 4.993925 11.020531 3e-06 -2e-06 12.109056 -3.735719 -2.866787 1e-06 0.0 0.0 1.291986 -1.928549 -1.498089 14.800132 0.567469 3.865605 14.24258 -1.341737 -6.660664 19.631975 0.143928 -0.648248 49.952377 -0.887644 -6.394851 0.353029 -1.511153 -0.03194 20.222799 3.684311 2.316627 18.787281 6e-06 -4e-06 10.751633 -0.479868 1.397903 1e-06 -0.0 1e-06 3.273808 0.305948 -0.580111 21.486818 11.830384 2.266131 8.16293 3e-06 -3e-06 18.39909 -3.798985 -4.940582 7e-06 1e-06 -1e-06 2.706413 5.441888 -37.388447 0.098547 0.26931 10.753 -2.262552 7.980924 3.484938 1.597678 -2.196558 -4.706476 -0.0 0.0 2e-06 4.917795 -10.585302 0.164944 -0.126642 0.074609 16.335142 -1.05866 11.501202 -17.716806 -1.452312 0.898973 -2.074583 -0.0 0.0 -1e-06 
0.0 0.0 0.0 0.0 -0.0 0.0 -4.751596 95.808037 96.211014 -4.098314 -2.574711 6.977095 3.629719 0.840624 -3.557592 0.095823 1.833636 -5.89687 0.035593 -0.359467 11.75342 3.060127 1.935254 -1.539144 0.263178 4.081158 -3.659742 -6.134558 5.499113 -15.43847 7.7e-05 -2.2e-05 6e-06 0.012775 -0.115407 0.046732 0.681251 -3.873451 -10.66641 -0.665055 3.651399 -10.647742 -13.70503 2.100235 13.958139 -58.029957 -16.481834 32.351238 -0.266917 -31.715342 0.059942 4.266984 3.662047 -6.752534 -5.882107 9.861287 0.702589 -10.936873 -0.360575 7.156205 1e-06 8.774826 -1e-06 -15.72098 18.350224 6.479699 -1.844033 2.498505 -2.507277 -10.163601 4.678946 4.621109 -20.976027 -4e-06 2e-06 -21.226288 2.451698 -3.594001 2e-06 -5e-06 0.0 -1.362682 2.240798 -0.746323 -21.334917 0.58491 3.008324 -13.821215 -3e-06 1e-06 -23.887171 -0.249077 -0.839482 -60.577633 2.442032 -0.654596 -0.294025 1.679687 0.833256 -14.218208 0.093215 1.30058 -34.212048 -0.287564 0.96717 -20.033215 0.964537 1.212843 1e-06 1e-06 1e-06 -3.440389 0.788233 0.501655 -15.928189 -3.16731 2.999708 -6.338828 -1e-06 1e-06 -18.123453 3.648182 -4.905671 -3e-06 0.0 -2e-06 12.545452 8.295604 13.094023 56.31823 2.504524 5.403213 0.077234 46.855427 0.054134 4.035786 -5.904854 -12.55591 2.243541 -5.255039 -3.180158 14.282888 -0.826596 6.952503 -1e-06 -12.690609 1e-06 15.959267 -17.550276 2.689257 1.665666 -1.955922 -2.8783 4.727798 -4.17059 4.993925 11.020526 2e-06 -1e-06 12.109053 -3.735717 -2.866785 2e-06 0.0 0.0 1.291986 -1.92855 -1.498089 14.800125 0.567468 3.865608 14.242569 -1.341737 -6.660659 19.631964 0.143926 -0.648245 49.972412 -0.862168 -6.39512 0.353029 -1.51115 -0.03194 20.222786 3.68431 2.316629 18.78727 5e-06 -1e-06 10.751625 -0.479869 1.397905 1e-06 -0.0 0.0 3.273806 0.305947 -0.580111 21.486809 11.830376 2.266134 8.162928 1e-06 -1e-06 18.399082 -3.798988 -4.940575 5e-06 0.0 -2e-06 2.019705 4.027754 -38.227108 0.128483 0.249 16.463371 0.947371 7.826678 6.551943 1.707595 -2.11907 -4.731282 -0.0 -0.0 2e-06 2.628507 -10.867708 1.782325 -0.113548 0.175168 18.046654 -0.776362 12.209072 -17.721739 -1.463433 0.969678 -3.37809 0.0 -0.0 -1e-06 
0.0 0.0 0.0 0.0 -0.0 0.0 -4.299958 95.419106 99.831642 -2.650674 -3.111038 6.825264 2.442235 0.705202 -3.856074 -0.158204 1.918925 -6.085703 -0.407186 -0.131259 11.871896 3.416972 1.949786 -1.024651 0.420748 4.072635 -3.664446 -6.050851 5.487394 -15.260754 7.7e-05 -2.3e-05 7e-06 0.017542 -0.111709 0.043657 0.682636 -3.863705 -10.668139 -0.656613 3.65161 -10.629687 -13.698865 2.169729 14.329611 -57.848454 -16.582621 32.185291 -0.269982 -31.672024 0.124072 4.365418 3.569737 -7.518665 -5.882109 9.861293 0.702589 -10.936875 -0.360574 7.156208 -0.0 8.774831 1e-06 -15.775185 18.319389 6.539913 -1.844033 2.498505 -2.507277 -10.163604 4.678949 4.621109 -20.976032 -3e-06 0.0 -21.226295 2.451699 -3.594005 2e-06 -5e-06 0.0 -1.362682 2.240799 -0.746323 -21.334923 0.584912 3.008322 -13.821218 -3e-06 -1e-06 -23.887184 -0.249077 -0.839485 -60.576347 2.391284 -0.504477 -0.294025 1.679689 0.833255 -14.218215 0.093215 1.300581 -34.212063 -0.287564 0.96717 -20.033222 0.964535 1.212842 0.0 1e-06 2e-06 -3.440389 0.788233 0.501656 -15.928192 -3.167311 2.999708 -6.338829 -1e-06 0.0 -18.123455 3.648187 -4.905674 -2e-06 1e-06 -1e-06 13.14586 7.739357 13.388974 56.821728 1.587559 5.227311 0.050382 46.379875 0.103025 3.98681 -5.857759 -13.114676 2.243546 -5.255042 -3.180161 14.282907 -0.826596 6.952506 -2e-06 -12.690619 2e-06 16.117464 -17.371696 2.574047 1.665669 -1.955923 -2.878302 4.727804 -4.170593 4.993927 11.02054 3e-06 -4e-06 12.109066 -3.73572 -2.866789 2e-06 -0.0 0.0 1.291987 -1.928552 -1.49809 14.800144 0.567467 3.865608 14.242588 -1.341738 -6.660667 19.63199 0.143927 -0.648249 49.936874 -0.769178 -6.292449 0.35303 -1.511151 -0.031941 20.222816 3.684312 2.316628 18.7873 5e-06 -5e-06 10.751639 -0.479868 1.397906 0.0 -1e-06 0.0 3.27381 0.305949 -0.580112 21.486834 11.830386 2.266131 8.162937 1e-06 -4e-06 18.399103 -3.798988 -4.940586 4e-06 1e-06 -2e-06 0.874251 2.643 -38.588516 0.073155 0.111886 21.685968 2.230628 8.737182 7.902231 1.720047 -2.017396 -3.935374 0.0 -0.0 2e-06 -0.285073 -11.513169 2.686169 -0.061038 0.304238 21.489443 -0.343032 13.171809 -17.004604 -1.483356 0.905184 -6.260684 -0.0 -0.0 -1e-06 
0.0 0.0 0.0 0.0 -0.0 0.0 -3.818915 95.160126 103.515968 -1.001515 -3.267785 6.547114 1.230837 0.637521 -4.082106 -0.395338 2.006292 -6.231337 -1.100967 -0.116176 11.853084 3.792083 1.68053 -0.228021 0.431724 4.15897 -3.694594 -5.708403 5.298994 -15.563262 7.7e-05 -2.3e-05 6e-06 0.028511 -0.104528 0.061984 0.694857 -3.860343 -10.661367 -0.647958 3.660911 -10.625136 -13.209412 2.010136 14.331723 -58.125076 -16.294798 32.458927 -0.148962 -31.728064 0.069576 4.514479 3.622186 -7.952561 -5.882109 9.861288 0.70259 -10.936874 -0.360574 7.156209 -0.0 8.774826 -3e-06 -15.749659 18.272158 6.361518 -1.844033 2.498506 -2.507277 -10.163603 4.678946 4.621108 -20.976027 -2e-06 1e-06 -21.226292 2.451698 -3.594002 2e-06 -5e-06 -0.0 -1.362682 2.240799 -0.746322 -21.334921 0.584912 3.008322 -13.821218 -2e-06 1e-06 -23.88718 -0.249078 -0.839485 -60.397259 2.356884 -0.788468 -0.294025 1.679688 0.833258 -14.218214 0.093216 1.30058 -34.212067 -0.287563 0.967169 -20.033222 0.964537 1.212843 1e-06 1e-06 1e-06 -3.440389 0.788233 0.501656 -15.928192 -3.167309 2.99971 -6.338829 -0.0 2e-06 -18.123453 3.648183 -4.905672 -2e-06 1e-06 -1e-06 13.399597 7.155463 13.641871 57.961807 0.568673 4.977841 0.063307 45.558773 0.116015 4.046366 -5.863957 -12.588186 2.243542 -5.255037 -3.180157 14.282887 -0.826594 6.9525 -2e-06 -12.690603 -0.0 16.222651 -17.49254 2.559898 1.665666 -1.955922 -2.878298 4.727798 -4.170588 4.993922 11.020524 3e-06 -1e-06 12.109048 -3.735716 -2.866785 1e-06 -0.0 -0.0 1.291985 -1.92855 -1.498089 14.800125 0.567469 3.865605 14.242568 -1.341737 -6.660657 19.631962 0.143926 -0.648246 50.155991 -0.758188 -6.360263 0.353029 -1.51115 -0.03194 20.222786 3.684311 2.316628 18.78727 5e-06 -2e-06 10.751625 -0.479868 1.397905 1e-06 -1e-06 1e-06 3.273806 0.305947 -0.58011 21.486809 11.830374 2.266132 8.162926 2e-06 -1e-06 18.399076 -3.798985 -4.940577 4e-06 1e-06 -1e-06 -0.986584 1.6849 -38.773399 0.138311 0.137181 27.442287 2.898505 9.097877 4.826085 1.678309 -1.999018 -2.406637 -0.0 0.0 2e-06 -3.628253 -12.64778 2.577116 -0.034541 0.36397 26.955416 -0.026269 14.490258 -15.100872 -1.493822 0.885859 -10.12086 0.0 0.0 -1e-06 
0.0 0.0 0.0 0.0 -0.0 0.0 -3.29539 95.159439 107.160889 0.88435 -3.390585 6.224186 -0.030361 0.473745 -4.165757 -0.686708 2.091826 -6.308612 -1.804407 -0.034102 11.64914 4.116107 1.436828 0.505003 0.353011 4.089174 -3.660195 -5.436407 5.21204 -15.976344 7.7e-05 -2.2e-05 7e-06 0.029727 -0.110372 0.075105 0.709432 -3.867494 -10.639898 -0.660447 3.655981 -10.610701 -12.653011 1.738913 14.507443 -58.530739 -16.374142 33.036987 0.040801 -31.517904 -0.001937 4.788138 3.616968 -8.466438 -5.882106 9.861284 0.702593 -10.936873 -0.360575 7.156208 1e-06 8.774825 -1e-06 -15.760298 18.316732 6.308164 -1.844033 2.498504 -2.507278 -10.163603 4.678944 4.62111 -20.97603 -6e-06 2e-06 -21.226292 2.451697 -3.593999 2e-06 -6e-06 -1e-06 -1.362681 2.240797 -0.746323 -21.334921 0.584907 3.008323 -13.821217 -5e-06 2e-06 -23.887175 -0.24908 -0.83948 -60.380623 2.335282 -0.940576 -0.294024 1.679687 0.833256 -14.218212 0.093213 1.30058 -34.212063 -0.287568 0.967173 -20.033222 0.964535 1.212845 1e-06 1e-06 1e-06 -3.440389 0.788233 0.501656 -15.928191 -3.167312 2.999709 -6.338828 -2e-06 2e-06 -18.123451 3.64818 -4.905669 -2e-06 1e-06 -1e-06 13.103161 6.6701 13.779948 59.582779 -0.49327 4.882994 0.198474 44.383247 0.289938 3.94497 -5.823909 -11.793339 2.243544 -5.255041 -3.180159 14.282903 -0.826598 6.952507 -2e-06 -12.690614 1e-06 16.345526 -17.729164 2.525442 1.665668 -1.955922 -2.8783 4.727803 -4.170592 4.993927 11.020536 2e-06 -1e-06 12.109061 -3.735719 -2.866786 0.0 -0.0 0.0 1.291987 -1.92855 -1.498091 14.800139 0.567465 3.865609 14.242584 -1.341739 -6.660663 19.631985 0.143925 -0.648248 50.339821 -0.716872 -6.475474 0.353029 -1.511152 -0.03194 20.222805 3.684309 2.316631 18.787287 3e-06 -3e-06 10.751635 -0.47987 1.397906 -1e-06 -0.0 0.0 3.27381 0.305946 -0.580111 21.486832 11.830383 2.266133 8.162933 2e-06 -1e-06 18.399099 -3.798988 -4.94058 4e-06 0.0 -2e-06 -3.224001 0.691718 -37.357857 0.142771 0.049422 30.171238 3.427658 9.84533 1.012273 1.659612 -2.004342 -1.581825 0.0 -0.0 2e-06 -7.358531 -14.115084 0.816826 0.057738 0.464206 34.999928 -0.032889 15.797026 -11.137826 -1.517475 0.862886 -15.230943 -0.0 -0.0 -1e-06 
0.0 0.0 0.0 0.0 -0.0 0.0 -2.731981 95.406441 110.660721 2.679478 -3.56078 5.871504 -1.261197 0.30046 -4.130931 -0.903527 2.041084 -6.255935 -2.387687 0.006848 11.354311 4.274997 1.328151 1.080864 0.259023 4.054769 -3.639361 -5.210224 5.181136 -16.219566 7.7e-05 -2.2e-05 6e-06 0.03349 -0.088983 0.073839 0.721403 -3.847652 -10.632874 -0.665687 3.677622 -10.600248 -12.106521 1.474645 14.653799 -58.902542 -16.759251 33.712593 0.117035 -31.195656 -0.021073 4.906786 3.672928 -8.59554 -5.882113 9.861292 0.702592 -10.936882 -0.360574 7.156212 1e-06 8.774831 -3e-06 -15.864028 18.370405 6.245342 -1.844034 2.498505 -2.50728 -10.163611 4.678948 4.621111 -20.976044 -4e-06 -1e-06 -21.226309 2.451697 -3.594003 3e-06 -7e-06 0.0 -1.362683 2.240798 -0.746322 -21.334936 0.584911 3.008323 -13.821229 -3e-06 -1e-06 -23.887196 -0.24908 -0.839487 -60.503292 2.353513 -1.031991 -0.294025 1.679688 0.833257 -14.218224 0.093215 1.300579 -34.21209 -0.287566 0.967169 -20.033236 0.964536 1.212843 1e-06 1e-06 1e-06 -3.440392 0.788234 0.501657 -15.928203 -3.16731 2.999708 -6.338832 -1e-06 1e-06 -18.123466 3.648183 -4.905674 -3e-06 1e-06 -2e-06 12.504111 6.378754 13.883585 61.226608 -1.381411 5.088427 0.30965 43.132103 0.396943 3.800267 -5.85196 -11.057854 2.243542 -5.255037 -3.180158 14.282889 -0.826592 6.952499 -3e-06 -12.690605 1e-06 16.510273 -17.949547 2.463649 1.665667 -1.955922 -2.878299 4.727798 -4.170588 4.993922 11.020526 4e-06 -3e-06 12.109052 -3.735716 -2.866786 1e-06 0.0 0.0 1.291986 -1.928548 -1.498089 14.800129 0.567469 3.865605 14.242571 -1.341735 -6.66066 19.631968 0.143929 -0.648247 50.392391 -0.654412 -6.551152 0.353029 -1.511151 -0.03194 20.222788 3.684313 2.316628 18.787271 7e-06 -5e-06 10.751626 -0.479866 1.397904 -1e-06 -0.0 1e-06 3.273807 0.305947 -0.580111 21.486813 11.830377 2.266129 8.162926 4e-06 -1e-06 18.399078 -3.798982 -4.940577 4e-06 1e-06 -2e-06 -5.53202 0.080787 -34.897736 0.11822 -0.013565 30.776894 3.923085 10.408424 -1.734866 1.63992 -2.035931 -0.969641 -0.0 0.0 2e-06 -10.910151 -15.399688 -2.626375 0.205196 0.493928 44.98304 -0.056625 16.843082 -4.74466 -1.524008 0.801081 -19.045431 0.0 -0.0 -0.0 
0.0 0.0 0.0 0.0 -0.0 0.0 -2.199958 95.844574 113.921333 3.858119 -3.651604 5.539791 -2.158499 0.096837 -4.009684 -1.014038 1.825656 -6.124524 -2.649548 -0.017356 11.121778 4.281188 1.350841 1.391535 0.221818 4.025344 -3.654298 -5.161448 5.250161 -16.296101 7.7e-05 -2.3e-05 6e-06 0.03699 -0.063086 0.068133 0.719942 -3.82583 -10.631557 -0.658152 3.706631 -10.592744 -11.800362 1.169414 14.853148 -58.843426 -17.471085 34.424366 0.04938 -31.06476 0.045996 4.850426 3.816407 -8.571465 -5.882108 9.861288 0.702592 -10.936875 -0.360575 7.156209 1e-06 8.774828 -1e-06 -15.975405 18.320147 6.168887 -1.844033 2.498505 -2.50728 -10.163604 4.678946 4.621112 -20.97603 -4e-06 3e-06 -21.226292 2.451697 -3.594001 1e-06 -6e-06 2e-06 -1.362682 2.240798 -0.746322 -21.334923 0.58491 3.008326 -13.821218 -3e-06 1e-06 -23.887178 -0.249079 -0.839479 -60.580959 2.365713 -1.049929 -0.294025 1.679687 0.833257 -14.218214 0.093214 1.300582 -34.212067 -0.287566 0.967172 -20.033222 0.964535 1.212845 0.0 1e-06 -0.0 -3.440389 0.788232 0.501653 -15.928192 -3.167312 2.999711 -6.338828 -1e-06 2e-06 -18.123455 3.648182 -4.905673 -3e-06 1e-06 -1e-06 12.107084 6.187361 13.920661 62.314774 -2.182154 5.702921 0.200937 42.356594 0.31069 3.828521 -5.877174 -10.534674 2.243542 -5.255037 -3.180157 14.282889 -0.826594 6.952503 -3e-06 -12.690603 2e-06 16.638374 -18.029629 2.408218 1.665666 -1.955921 -2.878298 4.727798 -4.170588 4.993924 11.020526 3e-06 -2e-06 12.109053 -3.735716 -2.866785 1e-06 -0.0 0.0 1.291986 -1.92855 -1.49809 14.800129 0.567467 3.865608 14.242576 -1.341736 -6.660659 19.631971 0.143926 -0.648245 50.272713 -0.635011 -6.564494 0.353029 -1.511151 -0.031939 20.222794 3.684309 2.31663 18.78727 4e-06 -2e-06 10.751627 -0.479868 1.397905 -0.0 -1e-06 1e-06 3.273807 0.305947 -0.580111 21.486813 11.830376 2.266132 8.162927 2e-06 -0.0 18.39908 -3.798985 -4.940576 4e-06 -0.0 -1e-06 -7.29039 0.034003 -31.949436 0.132418 0.021522 30.096317 4.208067 10.407524 -3.764633 1.624267 -2.080862 -0.81577 -0.0 0.0 2e-06 -13.246878 -16.085285 -7.14928 0.308272 0.446518 55.208336 0.032649 16.294022 1.529513 -1.40746 0.751675 -15.280253 -0.0 0.0 -5e-06 
0.0 0.0 0.0 0.0 -0.0 0.0 -1.771177 96.345253 116.963173 4.346652 -3.540352 5.380717 -2.740374 -0.148495 -3.892202 -1.042414 1.528993 -6.045958 -2.59173 -0.226053 11.01805 4.238009 1.46745 1.572516 0.281879 3.966125 -3.720922 -5.221427 5.365588 -16.475889 7.7e-05 -2.3e-05 7e-06 0.04237 -0.036616 0.080115 0.709661 -3.805598 -10.629931 -0.637219 3.739949 -10.590753 -11.710008 0.822922 15.03089 -58.284527 -18.356869 35.41777 0.039974 -31.263155 0.046621 4.756999 3.925112 -8.626991 -5.882114 9.861295 0.702592 -10.936881 -0.360573 7.156211 -2e-06 8.774831 -1e-06 -15.978153 18.243269 6.184203 -1.844035 2.498507 -2.507279 -10.163611 4.678952 4.621111 -20.976044 1e-06 -1e-06 -21.226309 2.451702 -3.594006 1e-06 -4e-06 1e-06 -1.362684 2.2408 -0.746324 -21.334936 0.584916 3.008326 -13.821229 -1e-06 0.0 -23.887201 -0.249078 -0.839489 -60.523838 2.315993 -0.919673 -0.294025 1.679689 0.833256 -14.218224 0.093217 1.300581 -34.212086 -0.287559 0.967167 -20.033236 0.96454 1.212842 0.0 1e-06 -0.0 -3.440392 0.788236 0.501655 -15.928203 -3.167309 2.999708 -6.338833 1e-06 -0.0 -18.12347 3.648189 -4.905677 -4e-06 0.0 -1e-06 12.198101 5.929202 13.906309 62.722359 -2.83026 6.61476 -0.07327 42.059551 0.12852 3.976275 -5.770433 -10.02564 2.243544 -5.255044 -3.180161 14.282902 -0.826598 6.952509 -1e-06 -12.690623 -1e-06 16.612099 -17.986654 2.433706 1.665668 -1.955924 -2.878301 4.727803 -4.170594 4.993929 11.020536 1e-06 -2e-06 12.109059 -3.735723 -2.866788 1e-06 0.0 0.0 1.291987 -1.928552 -1.498091 14.800139 0.567467 3.865611 14.242583 -1.34174 -6.660665 19.631983 0.143924 -0.648246 50.119385 -0.65711 -6.501588 0.353029 -1.511152 -0.03194 20.222805 3.684311 2.316633 18.787287 1e-06 -1e-06 10.751636 -0.479871 1.397906 1e-06 -1e-06 0.0 3.273809 0.305947 -0.580111 21.48683 11.830389 2.266138 8.162935 1e-06 1e-06 18.399099 -3.798994 -4.940582 3e-06 0.0 -1e-06 -8.313953 0.436255 -29.086252 0.19269 0.130781 28.95018 4.25478 9.822142 -5.445672 1.615558 -2.112896 -1.00487 -0.0 0.0 2e-06 -13.965904 -16.271866 -11.956617 0.339906 0.333574 63.862213 -0.527061 14.1827 3.196256 -1.273403 0.806839 -7.025789 -0.0 0.0 -1e-06 
0.0 0.0 0.0 0.0 -0.0 0.0 -1.470533 96.894226 119.899132 4.345489 -3.106643 5.390251 -3.113257 -0.385242 -3.857517 -1.023608 1.189752 -6.035407 -2.275896 -0.598595 11.029254 4.254525 1.514741 1.745103 0.303166 3.926903 -3.780414 -5.320177 5.469771 -16.602936 7.7e-05 -2.3e-05 6e-06 0.048641 -0.011427 0.083937 0.706947 -3.7864 -10.642426 -0.621216 3.771387 -10.608047 -11.650015 0.403876 15.055719 -57.579124 -19.373974 36.886436 0.142537 -31.39127 -0.050613 4.737776 3.964922 -8.606415 -5.882109 9.861287 0.70259 -10.936873 -0.360573 7.156208 -1e-06 8.774825 1e-06 -15.929688 18.324421 6.299191 -1.844033 2.498505 -2.507278 -10.163602 4.678947 4.621109 -20.976027 1e-06 1e-06 -21.226294 2.451699 -3.594004 1e-06 -5e-06 -1e-06 -1.362682 2.240798 -0.746324 -21.334917 0.584913 3.008323 -13.821215 0.0 -0.0 -23.887177 -0.249076 -0.839485 -60.478088 2.287082 -0.774817 -0.294025 1.679688 0.833256 -14.21821 0.093217 1.300579 -34.212051 -0.287558 0.967168 -20.033215 0.964536 1.21284 0.0 1e-06 0.0 -3.440389 0.788233 0.501656 -15.928189 -3.167307 2.999708 -6.338827 1e-06 0.0 -18.123451 3.648185 -4.905672 -4e-06 0.0 -2e-06 12.598265 5.520301 13.876632 62.744167 -3.339044 7.388994 -0.229641 41.953674 0.020998 3.986831 -5.611133 -9.867329 2.243541 -5.255036 -3.180156 14.282887 -0.826594 6.952498 -2e-06 -12.6906 -0.0 16.542952 -17.985043 2.484806 1.665666 -1.955922 -2.878298 4.727797 -4.170586 4.993922 11.020523 3e-06 -2e-06 12.109048 -3.735715 -2.866785 1e-06 0.0 0.0 1.291985 -1.928548 -1.498088 14.800123 0.567468 3.865604 14.242569 -1.341735 -6.660657 19.631966 0.143928 -0.648246 50.128941 -0.648088 -6.434206 0.353029 -1.51115 -0.03194 20.222786 3.684309 2.316626 18.78727 6e-06 -3e-06 10.751625 -0.479867 1.397905 1e-06 -0.0 0.0 3.273806 0.305947 -0.580111 21.486809 11.830371 2.26613 8.162924 3e-06 -1e-06 18.399076 -3.798983 -4.940575 1e-06 0.0 -1e-06 -8.714725 0.955575 -26.258884 0.213716 0.175101 27.398804 4.133156 9.022007 -6.819671 1.59967 -2.114745 -1.090309 -0.0 0.0 2e-06 -13.464485 -16.652018 -16.582214 0.321507 0.154412 69.309288 -1.313735 13.140857 1.301653 -1.270357 0.829928 -4.649015 -0.0 0.0 -1e-06 
0.0 0.0 0.0 0.0 -0.0 0.0 -1.245602 97.456879 122.765114 4.113737 -2.426114 5.368237 -3.373488 -0.616129 -3.755608 -0.965352 0.788267 -6.02424 -1.82489 -1.001043 11.049349 4.340672 1.470367 1.917153 0.279935 3.935718 -3.799706 -5.479618 5.473744 -16.49263 7.7e-05 -2.3e-05 6e-06 0.050161 -0.000674 0.079645 0.703544 -3.778819 -10.648982 -0.613593 3.784423 -10.626699 -11.433968 -0.144845 15.077251 -57.073524 -20.586828 38.09071 0.116674 -31.266199 -0.090116 4.748032 4.124883 -8.13457 -5.882107 9.861288 0.702589 -10.936873 -0.360574 7.156207 1e-06 8.774828 -0.0 -15.857105 18.43409 6.409883 -1.844033 2.498505 -2.507278 -10.163603 4.678947 4.621108 -20.976032 -5e-06 -0.0 -21.226295 2.451696 -3.594001 0.0 -6e-06 -0.0 -1.362681 2.240798 -0.746322 -21.334921 0.584908 3.008322 -13.821218 -4e-06 -0.0 -23.887175 -0.249083 -0.839482 -60.449223 2.225132 -0.673678 -0.294024 1.679687 0.833258 -14.218212 0.093215 1.300579 -34.212063 -0.287565 0.967171 -20.033218 0.964535 1.212844 0.0 1e-06 -1e-06 -3.44039 0.788234 0.501655 -15.928192 -3.167311 2.999707 -6.338829 -1e-06 -0.0 -18.123451 3.648182 -4.905669 -4e-06 -0.0 -1e-06 13.069346 5.047506 13.810136 62.679993 -3.783144 7.795673 -0.24339 41.8787 -1e-06 3.945775 -5.478156 -9.979824 2.243542 -5.255037 -3.180159 14.282892 -0.826595 6.952503 -2e-06 -12.690605 0.0 16.493681 -18.041616 2.524027 1.665666 -1.955922 -2.878299 4.727799 -4.170587 4.993924 11.020527 3e-06 -2e-06 12.109052 -3.735716 -2.866785 0.0 0.0 -0.0 1.291986 -1.928549 -1.49809 14.800129 0.567468 3.865607 14.242573 -1.341737 -6.66066 19.631971 0.143927 -0.648246 50.156189 -0.624428 -6.376426 0.353029 -1.51115 -0.03194 20.222794 3.684309 2.31663 18.787273 4e-06 -1e-06 10.751628 -0.479869 1.397905 -0.0 -0.0 0.0 3.273807 0.305947 -0.580111 21.486816 11.830376 2.266132 8.16293 2e-06 -1e-06 18.399086 -3.798985 -4.940577 2e-06 0.0 -1e-06 -8.80844 1.607933 -23.268328 0.174225 0.140243 25.38744 3.916145 7.932037 -7.815989 1.591348 -2.084536 -1.05814 -0.0 0.0 2e-06 -12.157538 -17.13884 -21.03266 0.286628 0.02005 71.262001 -1.168536 13.505456 0.267268 -1.27573 0.821278 -4.081814 -0.0 0.0 -1e-06 
0.0 0.0 0.0 0.0 -0.0 0.0 -1.081226 97.96299 125.540176 3.869726 -1.653965 5.337333 -3.619455 -0.818803 -3.576761 -0.895328 0.373344 -5.99239 -1.340573 -1.395635 11.03378 4.449291 1.390763 1.974983 0.275727 3.941106 -3.784741 -5.672154 5.44747 -16.19482 7.7e-05 -2.3e-05 6e-06 0.047471 -0.007798 0.075745 0.697198 -3.785835 -10.648669 -0.611394 3.775272 -10.63598 -11.098223 -0.757018 15.068595 -56.783054 -21.857609 38.869408 0.014791 -31.08037 -0.067205 4.798731 4.524696 -7.524026 -5.882111 9.861292 0.702591 -10.936879 -0.360573 7.156209 0.0 8.774831 -0.0 -15.764565 18.508917 6.500659 -1.844034 2.498506 -2.507278 -10.163606 4.678948 4.62111 -20.976038 -2e-06 1e-06 -21.226301 2.451699 -3.594003 -1e-06 -7e-06 -0.0 -1.362682 2.240798 -0.746322 -21.334929 0.58491 3.008324 -13.821221 -2e-06 -0.0 -23.887184 -0.249079 -0.839484 -60.41489 2.184438 -0.650174 -0.294025 1.679689 0.833255 -14.218217 0.093216 1.30058 -34.212074 -0.287563 0.967167 -20.033226 0.964538 1.212844 0.0 0.0 -1e-06 -3.440391 0.788234 0.501655 -15.928198 -3.167309 2.999707 -6.33883 -1e-06 1e-06 -18.123459 3.648184 -4.905672 -5e-06 1e-06 -2e-06 13.586823 4.589875 13.629754 62.547081 -4.231503 7.771762 -0.122031 41.863205 0.047858 3.987559 -5.34008 -10.187439 2.243543 -5.255041 -3.180159 14.282903 -0.826594 6.952506 -2e-06 -12.690616 0.0 16.453859 -18.084782 2.548634 1.665668 -1.955923 -2.8783 4.727802 -4.170591 4.993926 11.020536 3e-06 -1e-06 12.109061 -3.735718 -2.866785 -0.0 -0.0 -0.0 1.291987 -1.92855 -1.49809 14.800142 0.567469 3.865608 14.242584 -1.341738 -6.660662 19.631985 0.143927 -0.648245 50.114277 -0.626321 -6.35168 0.353029 -1.511152 -0.03194 20.222805 3.684313 2.31663 18.787289 5e-06 -1e-06 10.751634 -0.479868 1.397905 -0.0 -0.0 -0.0 3.27381 0.305947 -0.580112 21.486834 11.830386 2.266133 8.162935 2e-06 -1e-06 18.399099 -3.798988 -4.940581 1e-06 0.0 -1e-06 -8.672761 2.37559 -20.106689 0.11669 0.07429 23.053823 3.481695 6.627905 -8.70762 1.590375 -2.023787 -0.965623 0.0 -0.0 2e-06 -10.470675 -17.536324 -25.189556 0.253982 -0.023042 69.910698 0.129958 14.74413 0.347859 -1.287855 0.809748 -3.922016 0.0 -0.0 -3e-06 
0.0 0.0 0.0 0.0 -0.0 0.0 -0.975065 98.360893 128.283752 3.676017 -0.951712 5.44451 -3.83684 -0.962894 -3.425701 -0.839832 0.014885 -5.961296 -0.872315 -1.757201 11.03366 4.547971 1.292758 1.772024 0.289589 3.965554 -3.756374 -5.83103 5.428379 -15.791599 7.7e-05 -2.3e-05 6e-06 0.043922 -0.028107 0.066625 0.691005 -3.801656 -10.644619 -0.611155 3.748635 -10.634273 -10.804226 -1.36066 14.940245 -56.511497 -23.067589 39.27306 -0.13628 -31.095461 0.016701 4.874834 5.079058 -7.025737 -5.8821 9.861283 0.702592 -10.936865 -0.360578 7.1562 3e-06 8.774825 -1e-06 -15.661872 18.567381 6.575176 -1.844031 2.498503 -2.507277 -10.163594 4.678942 4.621105 -20.976017 -1e-05 3e-06 -21.22628 2.45169 -3.593998 -1e-06 -6e-06 -0.0 -1.362681 2.240796 -0.746322 -21.334904 0.584901 3.00832 -13.821206 -7e-06 2e-06 -23.887157 -0.249085 -0.83948 -60.402737 2.192016 -0.69941 -0.294024 1.679687 0.833258 -14.218203 0.093211 1.300579 -34.212036 -0.287574 0.967174 -20.033203 0.964533 1.212847 1e-06 -0.0 1e-06 -3.440387 0.788233 0.501653 -15.928179 -3.167314 2.999703 -6.338822 -2e-06 1e-06 -18.12344 3.648177 -4.905668 -5e-06 1e-06 0.0 14.184292 4.207733 13.360174 62.253761 -4.649008 7.375377 0.0905 42.001808 0.113581 4.068943 -5.18634 -10.367101 2.243542 -5.255035 -3.180157 14.282895 -0.826593 6.952501 -4e-06 -12.690601 1e-06 16.422178 -18.091272 2.580409 1.665667 -1.95592 -2.878298 4.7278 -4.170586 4.993924 11.020532 4e-06 -1e-06 12.109056 -3.735713 -2.866783 -0.0 0.0 -0.0 1.291986 -1.928549 -1.498089 14.800132 0.56747 3.865607 14.242577 -1.341733 -6.660657 19.631973 0.143928 -0.648244 50.0826 -0.664361 -6.346184 0.353029 -1.511151 -0.03194 20.222801 3.684313 2.316629 18.787277 7e-06 -1e-06 10.751633 -0.479867 1.397907 -0.0 -1e-06 -0.0 3.273808 0.305947 -0.580111 21.48682 11.830377 2.266131 8.162931 3e-06 -1e-06 18.399088 -3.798982 -4.940574 2e-06 -0.0 -1e-06 -8.494161 3.132342 -17.12653 0.072286 0.019728 20.655127 3.040859 5.331956 -9.443959 1.59558 -1.95432 -0.851815 -0.0 -0.0 2e-06 -8.692057 -17.59647 -29.089615 0.20303 -0.034789 65.629959 2.027145 15.843578 1.122551 -1.308964 0.808337 -3.952439 -0.0 0.0 -4e-06 
0.0 0.0 0.0 0.0 -0.0 0.0 -0.913696 98.613808 131.037521 3.56403 -0.42537 5.788356 -4.025193 -1.025285 -3.38779 -0.804547 -0.279042 -5.938768 -0.451813 -2.057086 11.064792 4.659366 1.19667 1.278303 0.303061 3.960881 -3.734264 -5.917726 5.454141 -15.386353 7.7e-05 -2.3e-05 6e-06 0.039587 -0.055291 0.057767 0.681096 -3.823985 -10.62963 -0.609079 3.715819 -10.614098 -10.611889 -1.90689 14.662412 -56.155827 -24.176189 39.567032 -0.2492 -31.463591 0.113916 4.863578 5.687953 -6.855577 -5.882106 9.861282 0.702591 -10.936868 -0.360575 7.156205 -0.0 8.774822 -2e-06 -15.559464 18.618443 6.64023 -1.844033 2.498504 -2.507276 -10.163599 4.678944 4.621108 -20.976021 -1e-06 0.0 -21.226282 2.451696 -3.593998 0.0 -6e-06 1e-06 -1.362681 2.240797 -0.746322 -21.334911 0.584911 3.008323 -13.821212 -2e-06 1e-06 -23.887165 -0.249076 -0.839483 -60.427143 2.248461 -0.769291 -0.294025 1.679687 0.833255 -14.218207 0.093216 1.300581 -34.212048 -0.287561 0.967167 -20.033211 0.964538 1.212842 1e-06 1e-06 1e-06 -3.440389 0.788234 0.501654 -15.928185 -3.167308 2.999706 -6.338826 -1e-06 2e-06 -18.123446 3.648182 -4.905669 -4e-06 -0.0 0.0 14.833738 3.933719 13.084922 61.763962 -4.964683 6.779728 0.335595 42.351242 0.198234 4.126911 -5.032481 -10.582329 2.243541 -5.255036 -3.180156 14.282885 -0.826594 6.952498 -2e-06 -12.690602 -1e-06 16.394985 -18.071701 2.620866 1.665666 -1.955922 -2.878298 4.727797 -4.170587 4.993921 11.020524 3e-06 -2e-06 12.109048 -3.735715 -2.866784 1e-06 -0.0 0.0 1.291985 -1.928549 -1.498089 14.800122 0.567469 3.865605 14.242568 -1.341737 -6.660656 19.631958 0.143927 -0.648245 50.07959 -0.710809 -6.366417 0.353029 -1.51115 -0.03194 20.222784 3.68431 2.316628 18.787268 6e-06 -2e-06 10.751624 -0.479868 1.397905 -0.0 -0.0 -0.0 3.273806 0.305947 -0.580111 21.486809 11.830372 2.266133 8.162926 2e-06 -1e-06 18.399075 -3.798983 -4.940574 3e-06 0.0 -1e-06 -8.3366 3.794127 -14.527602 0.06011 -0.010972 18.416162 2.665805 4.183376 -10.17029 1.603779 -1.902739 -0.754771 0.0 0.0 2e-06 -7.032213 -17.144911 -32.672134 0.151515 -0.027068 58.826851 3.894693 15.935576 1.969223 -1.338879 0.817106 -4.145661 0.0 0.0 -1e-06 
0.0 0.0 0.0 0.0 -0.0 0.0 -0.883606 98.668488 133.768524 3.560899 -0.072888 6.354246 -4.197151 -1.029395 -3.486621 -0.78191 -0.553762 -5.931036 -0.14099 -2.239166 11.132362 4.837806 1.11396 0.607863 0.28992 3.914057 -3.717101 -5.950399 5.534912 -15.122613 7.7e-05 -2.2e-05 6e-06 0.031448 -0.077514 0.060134 0.667581 -3.844748 -10.601477 -0.611353 3.692239 -10.575896 -10.51739 -2.35107 14.38211 -55.696117 -25.248648 39.830883 -0.265023 -32.134109 0.16583 4.758368 6.208746 -6.933447 -5.882106 9.861287 0.702588 -10.936872 -0.360574 7.156204 -0.0 8.774826 -0.0 -15.520761 18.681709 6.676309 -1.844032 2.498504 -2.507279 -10.163601 4.678946 4.621109 -20.976023 -3e-06 1e-06 -21.226286 2.451696 -3.594002 0.0 -6e-06 0.0 -1.362682 2.240798 -0.746324 -21.334915 0.58491 3.008322 -13.821213 -2e-06 2e-06 -23.887171 -0.249079 -0.839485 -60.467598 2.354848 -0.875688 -0.294024 1.679688 0.833254 -14.218208 0.093214 1.30058 -34.212048 -0.287563 0.967171 -20.033215 0.964537 1.212842 0.0 0.0 0.0 -3.440388 0.788232 0.501657 -15.928185 -3.167309 2.999707 -6.338827 0.0 1e-06 -18.123447 3.648183 -4.905671 -5e-06 -0.0 -0.0 15.424862 3.772511 12.876829 61.187115 -5.104527 6.271612 0.508997 42.847176 0.274704 4.13119 -4.936501 -10.64541 2.243542 -5.255037 -3.180158 14.282894 -0.826595 6.952504 -2e-06 -12.690607 0.0 16.376659 -17.99251 2.640683 1.665666 -1.955922 -2.878299 4.7278 -4.170589 4.993925 11.020529 3e-06 -1e-06 12.109055 -3.735717 -2.866784 -0.0 0.0 0.0 1.291986 -1.92855 -1.49809 14.800132 0.567468 3.865609 14.242577 -1.341737 -6.660658 19.631973 0.143925 -0.648246 50.114918 -0.741186 -6.391069 0.353029 -1.511151 -0.03194 20.222799 3.684309 2.316631 18.787283 3e-06 -1e-06 10.751632 -0.479868 1.397906 1e-06 -0.0 -0.0 3.273808 0.305947 -0.580111 21.486822 11.830379 2.266134 8.16293 1e-06 -1e-06 18.39909 -3.798988 -4.940578 3e-06 0.0 -0.0 -8.261847 4.280138 -12.503405 0.071528 -0.008757 16.755684 2.4049 3.273556 -11.118584 1.609092 -1.879825 -0.711138 -0.0 0.0 2e-06 -5.68312 -16.129251 -35.615013 0.166422 0.044936 50.106121 5.274848 14.90042 2.607428 -1.381845 0.853055 -4.41129 0.0 0.0 -1e-06 
0.0 0.0 0.0 0.0 -0.0 0.0 -0.877181 98.565567 136.519516 3.58935 0.19868 7.050208 -4.291929 -1.004496 -3.68505 -0.753733 -0.811534 -5.954685 0.0325 -2.303525 11.250941 5.082724 1.063557 -0.105266 0.251366 3.78615 -3.688846 -5.970022 5.613629 -15.068926 7.7e-05 -2.2e-05 6e-06 0.019116 -0.090112 0.07544 0.657458 -3.859843 -10.579634 -0.62565 3.682917 -10.546535 -10.523811 -2.701717 14.216131 -55.168285 -26.284239 39.785435 -0.250345 -33.012745 0.196456 4.74222 6.526524 -7.066761 -5.882112 9.861293 0.70259 -10.936881 -0.360575 7.156207 1e-06 8.774833 0.0 -15.539924 18.757956 6.653654 -1.844036 2.498507 -2.507279 -10.163611 4.67895 4.621107 -20.976044 -5e-06 -2e-06 -21.226313 2.451697 -3.594006 1e-06 -6e-06 0.0 -1.362683 2.2408 -0.746324 -21.334934 0.584909 3.008322 -13.821227 -3e-06 -0.0 -23.887194 -0.249083 -0.839486 -60.485985 2.49832 -1.044981 -0.294024 1.679688 0.833257 -14.218223 0.093215 1.300577 -34.212082 -0.287569 0.967164 -20.033232 0.964533 1.212842 0.0 1e-06 1e-06 -3.440392 0.788235 0.501655 -15.928201 -3.167312 2.999705 -6.338832 -1e-06 -0.0 -18.123466 3.648184 -4.905679 -5e-06 1e-06 -0.0 15.900657 3.681359 12.677393 60.590645 -5.157052 6.023078 0.543897 43.364887 0.30513 4.084289 -4.904464 -10.438572 2.243543 -5.25504 -3.180159 14.2829 -0.826595 6.952507 -2e-06 -12.690612 0.0 16.381353 -17.866684 2.62574 1.665667 -1.955923 -2.8783 4.727802 -4.17059 4.993926 11.020536 3e-06 -1e-06 12.10906 -3.735718 -2.866786 1e-06 0.0 0.0 1.291986 -1.92855 -1.49809 14.800139 0.567469 3.86561 14.242582 -1.341737 -6.660661 19.631983 0.143927 -0.648245 50.188931 -0.743219 -6.40129 0.353029 -1.511152 -0.03194 20.222805 3.684313 2.316631 18.787287 4e-06 -1e-06 10.751635 -0.479868 1.397907 -0.0 0.0 -0.0 3.273809 0.305947 -0.580111 21.486828 11.830384 2.266135 8.162931 2e-06 -1e-06 18.399092 -3.798986 -4.940578 3e-06 0.0 -1e-06 -8.184118 4.616727 -10.725146 0.087453 0.021646 15.559263 2.22589 2.570972 -12.327829 1.610207 -1.883561 -0.731521 0.0 0.0 2e-06 -4.660161 -14.638069 -37.692524 0.241353 0.154195 39.746136 6.17766 12.999482 3.486852 -1.42051 0.935681 -4.597283 -0.0 0.0 -1e-06 
0.0 0.0 0.0 0.0 -0.0 0.0 -0.924554 98.33754 139.321671 3.57033 0.490328 7.698369 -4.283838 -0.945362 -3.873153 -0.720369 -0.987078 -6.021598 0.120582 -2.341196 11.39611 5.35117 1.047028 -0.692138 0.215554 3.624127 -3.663533 -6.021424 5.570564 -15.1515 7.7e-05 -2.2e-05 6e-06 0.007393 -0.090843 0.083716 0.656759 -3.861049 -10.579188 -0.648286 3.684441 -10.542809 -10.546227 -2.974198 14.168854 -54.789631 -27.13973 39.261086 -0.2871 -34.008835 0.260669 4.912731 6.621351 -7.030686 -5.882106 9.861286 0.702589 -10.936873 -0.360577 7.156208 1e-06 8.774828 -0.0 -15.569198 18.81365 6.576897 -1.844032 2.498505 -2.507277 -10.163601 4.678945 4.621109 -20.976025 -5e-06 2e-06 -21.226286 2.451697 -3.594 1e-06 -7e-06 -1e-06 -1.362681 2.240798 -0.746323 -21.334917 0.584907 3.008324 -13.821215 -3e-06 3e-06 -23.887177 -0.24908 -0.839481 -60.490437 2.630593 -1.247634 -0.294025 1.679688 0.833255 -14.21821 0.093215 1.300582 -34.212048 -0.287564 0.967172 -20.033216 0.964536 1.212845 1e-06 1e-06 1e-06 -3.440389 0.788232 0.501654 -15.928189 -3.167312 2.999708 -6.338828 -1e-06 1e-06 -18.123447 3.648182 -4.905671 -4e-06 1e-06 -1e-06 16.196327 3.628023 12.509693 60.0882 -5.19176 5.94978 0.445425 43.791534 0.252536 4.048368 -4.903743 -9.827957 2.243543 -5.255041 -3.180159 14.282898 -0.826596 6.952506 -2e-06 -12.690614 0.0 16.374462 -17.78997 2.625035 1.665668 -1.955923 -2.8783 4.727801 -4.17059 4.993926 11.020534 3e-06 -2e-06 12.109059 -3.735718 -2.866787 -0.0 0.0 -0.0 1.291987 -1.928551 -1.498091 14.800139 0.567468 3.865609 14.242581 -1.341737 -6.660663 19.631979 0.143927 -0.648246 50.340618 -0.732262 -6.405938 0.353029 -1.511151 -0.03194 20.222803 3.684311 2.316631 18.787287 4e-06 -2e-06 10.751636 -0.479868 1.397906 -0.0 -1e-06 -1e-06 3.273809 0.305947 -0.580111 21.486824 11.830383 2.266133 8.162933 3e-06 -0.0 18.399092 -3.798989 -4.940579 3e-06 0.0 -0.0 -7.966138 4.879367 -9.080716 0.102032 0.051582 14.679202 1.982392 1.966788 -13.706032 1.611234 -1.901431 -0.814379 0.0 0.0 2e-06 -3.870737 -12.979892 -38.882244 0.28189 0.191285 28.80435 7.020344 10.767376 4.35498 -1.422969 1.040643 -4.570231 0.0 -0.0 -1e-06 
0.0 0.0 0.0 0.0 -0.0 0.0 -1.064542 97.943512 142.222488 3.565361 0.863632 8.064404 -4.232057 -0.84886 -3.944681 -0.700279 -1.086695 -6.094695 0.119636 -2.382426 11.53519 5.645547 1.043793 -0.989896 0.170395 3.428218 -3.655573 -6.131165 5.388207 -15.338744 7.7e-05 -2.2e-05 6e-06 0.007155 -0.064253 0.072366 0.670035 -3.831045 -10.602182 -0.66195 3.710032 -10.560397 -10.51716 -3.147498 14.179703 -54.654282 -27.63607 38.678509 -0.256442 -35.065937 0.26685 5.125793 6.495655 -6.897106 -5.882109 9.861288 0.70259 -10.936871 -0.360575 7.156204 0.0 8.774826 -1e-06 -15.586413 18.850515 6.517527 -1.844033 2.498505 -2.507277 -10.1636 4.678948 4.621108 -20.976025 -2e-06 -2e-06 -21.22629 2.451698 -3.594004 1e-06 -6e-06 -1e-06 -1.362682 2.240798 -0.746322 -21.334913 0.584912 3.008321 -13.821213 -2e-06 1e-06 -23.887171 -0.249077 -0.839486 -60.456135 2.682405 -1.427468 -0.294025 1.679688 0.833255 -14.21821 0.093216 1.300579 -34.212051 -0.287564 0.967166 -20.033211 0.964535 1.212843 1e-06 -0.0 1e-06 -3.440388 0.788234 0.501654 -15.928185 -3.167308 2.999704 -6.338827 0.0 0.0 -18.123451 3.648185 -4.905674 -4e-06 1e-06 -1e-06 16.364792 3.564055 12.431736 59.684395 -5.290483 5.831165 0.397137 44.130966 0.19735 4.124089 -4.898634 -9.088675 2.243541 -5.255037 -3.180157 14.282887 -0.826594 6.9525 -2e-06 -12.690605 -2e-06 16.331646 -17.763443 2.659452 1.665666 -1.955921 -2.878298 4.727798 -4.170588 4.993921 11.020526 2e-06 -2e-06 12.109052 -3.735717 -2.866785 1e-06 0.0 0.0 1.291986 -1.92855 -1.498089 14.800125 0.567469 3.865605 14.242574 -1.341737 -6.660658 19.631969 0.143926 -0.648246 50.456169 -0.748704 -6.445009 0.353029 -1.51115 -0.03194 20.222786 3.684311 2.316628 18.78727 5e-06 -3e-06 10.751625 -0.479867 1.397906 1e-06 -1e-06 -0.0 3.273806 0.305946 -0.580111 21.486809 11.830378 2.266133 8.162928 3e-06 -1e-06 18.39908 -3.798985 -4.940578 3e-06 0.0 -1e-06 -7.631361 5.096274 -7.25435 0.106501 0.019904 14.215359 1.679814 1.350153 -15.375898 1.619327 -1.906562 -0.936857 -0.0 0.0 2e-06 -3.112989 -11.813382 -39.513138 0.281216 0.118745 19.625324 8.20569 8.77208 4.249924 -1.383885 1.10241 -4.57191 -0.0 -0.0 -1e-06 
0.0 0.0 0.0 0.0 -0.0 0.0 -1.305149 97.396172 145.269852 3.568967 1.262248 8.123627 -4.12786 -0.728895 -3.934938 -0.693676 -1.138711 -6.148747 0.017845 -2.429401 11.644156 5.959903 1.023143 -0.950126 0.143125 3.264483 -3.656291 -6.318461 5.225471 -15.542625 7.7e-05 -2.2e-05 6e-06 0.014888 -0.036626 0.056885 0.682195 -3.797739 -10.619318 -0.658144 3.733995 -10.567822 -10.455316 -3.185686 14.171614 -54.679428 -27.669765 38.283073 -0.187379 -36.126286 0.177943 5.228428 6.189206 -6.66663 -5.882109 9.861288 0.70259 -10.936875 -0.360573 7.156208 0.0 8.774827 0.0 -15.603463 18.872652 6.492487 -1.844035 2.498505 -2.507279 -10.163603 4.678946 4.62111 -20.97603 -3e-06 0.0 -21.226295 2.451696 -3.594004 1e-06 -6e-06 -1e-06 -1.362682 2.240797 -0.746323 -21.334921 0.584912 3.008324 -13.821218 -2e-06 1e-06 -23.887182 -0.24908 -0.839487 -60.459953 2.656501 -1.504007 -0.294025 1.679687 0.833257 -14.218214 0.093216 1.300579 -34.212063 -0.287564 0.967167 -20.033218 0.964536 1.212842 1e-06 -0.0 1e-06 -3.440391 0.788234 0.501657 -15.928192 -3.167308 2.999708 -6.338829 0.0 1e-06 -18.123457 3.648183 -4.905674 -4e-06 1e-06 -1e-06 16.548983 3.490811 12.532762 59.245438 -5.433507 5.762311 0.296988 44.375347 0.128572 4.423102 -4.858911 -8.687468 2.243542 -5.255037 -3.180158 14.282889 -0.826594 6.952499 -2e-06 -12.690605 0.0 16.27738 -17.748205 2.68943 1.665666 -1.955921 -2.878299 4.727798 -4.170588 4.993923 11.020526 3e-06 -2e-06 12.109052 -3.735716 -2.866786 1e-06 0.0 0.0 1.291986 -1.92855 -1.498089 14.800127 0.567468 3.865606 14.242571 -1.341736 -6.660659 19.631969 0.143927 -0.648247 50.402088 -0.789515 -6.546029 0.353029 -1.511151 -0.03194 20.222788 3.684311 2.316628 18.78727 5e-06 -2e-06 10.751624 -0.479868 1.397904 1e-06 -1e-06 -1e-06 3.273807 0.305947 -0.580111 21.486813 11.830376 2.26613 8.162926 2e-06 -1e-06 18.399076 -3.798984 -4.940576 3e-06 0.0 -1e-06 -7.163823 5.171454 -5.033863 0.086969 -0.067772 13.859192 1.290894 0.729799 -17.217361 1.637471 -1.899803 -1.117922 -0.0 -0.0 2e-06 -2.169222 -11.225605 -40.127827 0.243738 0.074219 13.920159 9.346679 7.094904 3.073118 -1.350582 1.0925 -4.600214 -0.0 -0.0 -0.0 
0.0 0.0 0.0 0.0 -0.0 0.0 -1.630095 96.747032 148.532486 3.527024 1.679878 7.972199 -3.897539 -0.653111 -3.949133 -0.684012 -1.165946 -6.140901 -0.159476 -2.485544 11.709434 6.222538 0.882571 -0.707782 0.091939 3.242179 -3.629253 -6.548717 5.11005 -15.806264 7.7e-05 -2.2e-05 6e-06 0.017839 -0.044937 0.05642 0.674864 -3.803089 -10.598035 -0.644579 3.72414 -10.545552 -10.288283 -3.094514 14.128653 -54.986649 -27.304155 37.995064 -0.207032 -36.867561 0.198402 5.275808 5.667986 -6.62509 -5.88211 9.861291 0.70259 -10.936877 -0.360574 7.15621 -0.0 8.774831 0.0 -15.626503 18.831272 6.441422 -1.844034 2.498507 -2.507279 -10.163607 4.678948 4.621113 -20.976038 -3e-06 2e-06 -21.226299 2.451699 -3.594002 1e-06 -6e-06 -1e-06 -1.362682 2.240799 -0.746323 -21.334927 0.584912 3.008327 -13.821221 -0.0 3e-06 -23.887184 -0.249075 -0.839485 -60.608212 2.647626 -1.525057 -0.294026 1.679689 0.833257 -14.218217 0.093215 1.300579 -34.21207 -0.287563 0.967171 -20.033226 0.964538 1.212844 0.0 -0.0 1e-06 -3.440391 0.788235 0.501656 -15.928196 -3.16731 2.999709 -6.33883 -0.0 2e-06 -18.123459 3.648187 -4.905673 -4e-06 1e-06 -1e-06 16.738249 3.381503 12.807724 58.80735 -5.572397 5.586638 0.173206 44.450993 0.115958 4.815482 -4.860271 -8.871163 2.243542 -5.255037 -3.180159 14.282896 -0.826595 6.952504 -3e-06 -12.690607 0.0 16.228926 -17.802328 2.682864 1.665667 -1.955923 -2.8783 4.7278 -4.170588 4.993925 11.020529 3e-06 -2e-06 12.109055 -3.735717 -2.866786 1e-06 0.0 0.0 1.291986 -1.928549 -1.49809 14.800132 0.567468 3.865607 14.242576 -1.341736 -6.66066 19.631973 0.143927 -0.648245 50.08247 -0.861237 -6.709619 0.353029 -1.511151 -0.031941 20.222792 3.684311 2.316629 18.787275 5e-06 -1e-06 10.751629 -0.479868 1.397907 -0.0 -1e-06 -1e-06 3.273808 0.305947 -0.580111 21.486816 11.830379 2.266132 8.16293 3e-06 -0.0 18.399088 -3.798985 -4.940577 3e-06 0.0 -1e-06 -6.559671 4.932228 -2.172319 0.088362 -0.136271 12.967385 0.745647 0.229947 -18.920496 1.689409 -1.884922 -1.315884 0.0 -0.0 2e-06 -1.03092 -11.106907 -40.821449 0.160685 0.100454 12.431906 9.817 6.048959 1.539623 -1.347827 1.05644 -4.553665 -0.0 0.0 -1e-06 
0.0 0.0 0.0 0.0 -0.0 0.0 -2.033755 96.021858 151.965332 3.385402 2.110899 7.670677 -3.610685 -0.520914 -3.992104 -0.652663 -1.289675 -6.139004 -0.267785 -2.49681 11.748455 6.310355 0.844223 -0.375443 0.109847 3.216541 -3.597668 -6.662693 4.984804 -16.026491 7.7e-05 -2.3e-05 6e-06 0.016731 -0.04962 0.070326 0.663967 -3.806375 -10.582984 -0.635086 3.718309 -10.519187 -10.25783 -2.933141 14.314518 -55.311367 -26.63833 37.696667 -0.145811 -37.28429 0.094591 5.424553 5.15987 -6.539902 -5.882106 9.861286 0.702591 -10.936873 -0.360577 7.156209 2e-06 8.774827 -1e-06 -15.712145 18.772034 6.421485 -1.844033 2.498504 -2.507278 -10.163603 4.678944 4.621111 -20.976028 -5e-06 3e-06 -21.226292 2.451696 -3.593999 1e-06 -6e-06 0.0 -1.362683 2.2408 -0.746322 -21.334921 0.584908 3.008324 -13.821218 -3e-06 4e-06 -23.887178 -0.249081 -0.83948 -60.748611 2.635016 -1.402163 -0.294025 1.679689 0.833256 -14.218213 0.093213 1.300581 -34.212059 -0.287566 0.967174 -20.033222 0.964536 1.212847 1e-06 1e-06 1e-06 -3.44039 0.788233 0.501655 -15.928192 -3.167313 2.999708 -6.338829 -1e-06 3e-06 -18.123453 3.648184 -4.905671 -4e-06 1e-06 -1e-06 16.762207 3.227136 12.939402 58.515564 -5.859499 5.607103 -0.022933 44.382648 0.003227 5.21418 -4.774872 -9.13634 2.243544 -5.25504 -3.180159 14.282904 -0.826596 6.952507 -1e-06 -12.690614 -0.0 16.265594 -17.764433 2.608654 1.665668 -1.955923 -2.878301 4.727803 -4.170592 4.993927 11.020536 2e-06 -1e-06 12.109062 -3.735719 -2.866787 -0.0 0.0 0.0 1.291987 -1.928551 -1.49809 14.800142 0.567468 3.86561 14.242585 -1.341737 -6.660662 19.631985 0.143926 -0.648246 49.999928 -0.752818 -6.693158 0.353029 -1.511152 -0.03194 20.222807 3.684313 2.316631 18.787289 4e-06 -1e-06 10.751637 -0.479869 1.397906 -0.0 0.0 -1e-06 3.27381 0.305947 -0.580111 21.486832 11.830384 2.266133 8.162936 1e-06 -1e-06 18.399099 -3.798988 -4.940582 3e-06 1e-06 -1e-06 -5.755753 4.771308 -0.315934 0.093043 -0.213506 14.828228 0.153029 -0.280545 -20.386789 1.723109 -1.926725 -2.238935 0.0 0.0 2e-06 -0.276357 -10.907766 -41.103199 0.184161 0.135819 14.566442 8.781585 6.1321 0.637958 -1.389537 1.027666 -4.797149 0.0 0.0 -1e-06 
0.0 0.0 0.0 0.0 -0.0 0.0 -2.510104 95.446495 155.549377 2.531978 2.552168 7.583731 -2.785469 -0.285586 -4.297345 -0.562744 -1.347189 -6.259193 -0.206127 -2.59961 11.881361 6.324188 0.807613 -0.202136 0.082769 3.250561 -3.588768 -6.742865 4.802293 -15.932609 7.7e-05 -2.3e-05 6e-06 0.007489 -0.075715 0.066538 0.648555 -3.830473 -10.581697 -0.637192 3.690739 -10.518528 -10.775157 -2.652775 14.426958 -55.32481 -25.643307 37.304451 -0.083923 -37.056057 0.035226 5.636954 4.656851 -6.606482 -5.882111 9.861292 0.702591 -10.936881 -0.360575 7.156211 1e-06 8.774831 -1e-06 -15.744775 18.710482 6.398157 -1.844033 2.498505 -2.507279 -10.16361 4.678948 4.62111 -20.976044 -2e-06 1e-06 -21.226311 2.451698 -3.594005 2e-06 -6e-06 -0.0 -1.362682 2.2408 -0.746326 -21.334932 0.58491 3.008323 -13.821227 -2e-06 2e-06 -23.887192 -0.249077 -0.839486 -60.694599 2.531158 -1.295751 -0.294026 1.679689 0.833256 -14.218224 0.093216 1.300579 -34.212082 -0.287563 0.967168 -20.033232 0.964538 1.212841 1e-06 1e-06 1e-06 -3.440392 0.788234 0.501654 -15.928201 -3.16731 2.999707 -6.338832 -0.0 1e-06 -18.123466 3.648185 -4.905675 -4e-06 1e-06 -1e-06 17.147543 3.013469 12.890598 57.94165 -6.3205 5.339869 -0.208151 44.159237 -0.122236 5.508926 -4.765119 -9.45422 2.243543 -5.255037 -3.180159 14.2829 -0.826596 6.952503 -2e-06 -12.690607 1e-06 16.317743 -17.733887 2.562463 1.665667 -1.955922 -2.8783 4.727801 -4.170589 4.993925 11.020535 3e-06 -2e-06 12.109059 -3.735717 -2.866786 -0.0 -0.0 0.0 1.291986 -1.92855 -1.49809 14.800136 0.567467 3.865607 14.242582 -1.341736 -6.66066 19.631977 0.143926 -0.648246 50.149925 -0.680086 -6.620964 0.353029 -1.511151 -0.031939 20.222803 3.68431 2.316629 18.787285 5e-06 -2e-06 10.751634 -0.479869 1.397904 0.0 -0.0 -0.0 3.273808 0.305947 -0.580112 21.486824 11.830379 2.266131 8.162933 1e-06 0.0 18.39909 -3.798985 -4.940577 3e-06 0.0 -1e-06 -4.032907 5.032843 0.805034 0.095169 -0.285805 18.010889 -0.499166 -1.18106 -20.7479 1.768629 -1.95837 -4.08365 -0.0 0.0 2e-06 0.648256 -10.027024 -41.080189 0.187805 0.138107 18.161707 6.145809 6.663625 1.936124 -1.425996 1.032017 -5.082092 -0.0 -0.0 0.0 
0.0 0.0 0.0 0.0 -0.0 0.0 -3.075208 95.043198 159.390808 0.754213 2.919091 7.525576 -1.411017 -0.118414 -4.673874 -0.403728 -1.221838 -6.456354 0.291142 -2.849684 11.935237 6.288713 0.779695 0.121413 0.058174 3.413677 -3.641618 -6.954036 4.721757 -15.776135 7.7e-05 -2.3e-05 6e-06 -0.001502 -0.100261 0.03557 0.647093 -3.858657 -10.600215 -0.650095 3.670605 -10.556539 -11.47786 -2.27875 14.47331 -55.546734 -24.120848 36.848171 0.12899 -36.176823 -0.130134 5.822906 4.390496 -7.12255 -5.882111 9.861291 0.702591 -10.936878 -0.360572 7.156206 -0.0 8.77483 1e-06 -15.693625 18.585382 6.422651 -1.844035 2.498507 -2.507277 -10.163608 4.67895 4.621108 -20.976038 1e-06 -1e-06 -21.226301 2.4517 -3.594005 1e-06 -6e-06 1e-06 -1.362682 2.240798 -0.746324 -21.334925 0.584913 3.008321 -13.821221 -1e-06 1e-06 -23.887182 -0.249078 -0.839489 -60.525223 2.41566 -1.168186 -0.294026 1.679689 0.833258 -14.218217 0.093216 1.300579 -34.212074 -0.287563 0.967164 -20.033226 0.964538 1.21284 1e-06 1e-06 1e-06 -3.44039 0.788234 0.501656 -15.928192 -3.167308 2.999706 -6.338829 -0.0 -2e-06 -18.123459 3.648185 -4.905675 -4e-06 1e-06 -1e-06 17.340664 2.828568 12.74194 57.58379 -6.818141 4.43755 -0.150897 43.732914 0.02115 5.571204 -4.841092 -10.128959 2.243542 -5.255037 -3.180158 14.282892 -0.826594 6.9525 -2e-06 -12.690607 -1e-06 16.276516 -17.693596 2.53915 1.665666 -1.955922 -2.878299 4.727798 -4.170588 4.993923 11.020526 3e-06 -2e-06 12.109052 -3.735716 -2.866786 -0.0 -0.0 -0.0 1.291986 -1.92855 -1.498089 14.800129 0.567469 3.865605 14.242574 -1.341736 -6.66066 19.631971 0.143929 -0.648245 50.377953 -0.625887 -6.512764 0.353029 -1.511151 -0.03194 20.222794 3.684312 2.316627 18.787273 7e-06 -4e-06 10.751627 -0.479867 1.397906 1e-06 -0.0 0.0 3.273807 0.305947 -0.580111 21.486813 11.83038 2.266131 8.162928 3e-06 -1e-06 18.399078 -3.798983 -4.940576 2e-06 -0.0 -1e-06 -0.931048 6.055068 0.470299 0.093855 -0.418519 23.997118 -1.244416 -2.931544 -20.089699 1.881259 -1.996608 -7.877173 0.0 0.0 2e-06 2.282825 -8.595962 -40.717655 0.107483 0.104474 21.654451 3.881006 6.708166 4.519372 -1.431304 1.032932 -4.851795 0.0 -0.0 -1e-06 
0.0 0.0 0.0 0.0 -0.0 0.0 -3.759888 94.790726 163.272232 -1.340109 3.213045 7.147476 0.009571 -0.02951 -4.718716 -0.150533 -1.349963 -6.55078 1.094785 -2.874052 11.769727 6.109143 0.703074 0.526801 0.080906 3.539274 -3.703646 -7.015073 4.912434 -15.755221 7.7e-05 -2.3e-05 6e-06 -0.01189 -0.122495 0.004428 0.660788 -3.881322 -10.64863 -0.683515 3.645943 -10.594671 -11.400811 -1.956539 14.599745 -56.733643 -22.362944 36.400608 0.341666 -34.794147 -0.160175 5.824579 4.464029 -7.390437 -5.882109 9.86129 0.702593 -10.936877 -0.360575 7.156206 1e-06 8.77483 -1e-06 -15.732677 18.321178 6.330168 -1.844034 2.498505 -2.507279 -10.163604 4.678947 4.62111 -20.976034 -4e-06 -1e-06 -21.226295 2.451697 -3.594003 1e-06 -6e-06 -0.0 -1.362682 2.2408 -0.746323 -21.334925 0.584908 3.008322 -13.821221 -3e-06 1e-06 -23.887182 -0.249078 -0.839482 -60.384808 2.331131 -1.146016 -0.294026 1.679688 0.833256 -14.218215 0.093214 1.300578 -34.212067 -0.287566 0.96717 -20.033226 0.964533 1.212845 1e-06 1e-06 0.0 -3.440389 0.788234 0.501655 -15.928192 -3.16731 2.999707 -6.338829 -2e-06 1e-06 -18.123455 3.648183 -4.905672 -4e-06 -0.0 -2e-06 16.764803 2.902136 12.777697 58.133987 -7.010745 3.175865 -0.123173 43.040321 0.032776 5.223103 -4.976143 -11.503586 2.243543 -5.255037 -3.180159 14.282898 -0.826595 6.952506 -3e-06 -12.690605 1e-06 16.288662 -17.697315 2.485806 1.665667 -1.955922 -2.8783 4.727802 -4.170588 4.993925 11.020534 3e-06 -1e-06 12.109059 -3.735716 -2.866784 1e-06 0.0 0.0 1.291986 -1.92855 -1.498089 14.800136 0.567468 3.865609 14.242579 -1.341735 -6.66066 19.631973 0.143926 -0.648244 50.346771 -0.60199 -6.588318 0.353029 -1.51115 -0.03194 20.222801 3.68431 2.316631 18.787285 4e-06 -1e-06 10.751634 -0.479869 1.397906 -0.0 -1e-06 -2e-06 3.273809 0.305947 -0.580111 21.486828 11.830379 2.266133 8.162933 1e-06 -1e-06 18.399096 -3.798984 -4.940577 2e-06 1e-06 -1e-06 2.815969 7.691778 -1.01804 0.030995 -0.645726 32.524128 -1.858845 -4.595306 -16.956488 2.019403 -1.938726 -14.450175 0.0 0.0 2e-06 4.353383 -7.371864 -39.54081 -0.039503 0.038951 24.669584 2.823129 6.207179 5.859828 -1.395346 0.990775 -3.838088 0.0 -0.0 -1e-06 
0.0 0.0 0.0 0.0 -0.0 0.0 -4.502923 94.908218 166.962219 -3.472646 3.51543 6.44842 1.392677 0.133399 -4.401662 0.159849 -1.463192 -6.4759 1.824941 -2.991724 11.338035 6.076919 0.689717 1.172641 0.134961 3.433548 -3.667165 -6.944096 4.989847 -15.982952 7.7e-05 -2.2e-05 6e-06 -0.011454 -0.123881 0.007432 0.690753 -3.87598 -10.663644 -0.712006 3.639702 -10.621022 -10.448822 -1.765825 14.900311 -58.528282 -20.776688 36.061878 0.30397 -33.300652 -0.13031 5.47871 4.965523 -7.685371 -5.882111 9.861293 0.70259 -10.936882 -0.360576 7.156214 2e-06 8.774833 -2e-06 -15.775088 18.197977 6.140322 -1.844036 2.498505 -2.507282 -10.163609 4.678948 4.621113 -20.976048 -7e-06 -1e-06 -21.226311 2.451694 -3.594002 -0.0 -5e-06 0.0 -1.362682 2.240801 -0.746325 -21.334938 0.584906 3.008322 -13.821229 -5e-06 -2e-06 -23.887201 -0.249087 -0.839483 -60.144039 2.24851 -1.187489 -0.294025 1.679689 0.833257 -14.218225 0.093214 1.30058 -34.212093 -0.287573 0.96717 -20.033236 0.964534 1.212845 -0.0 -0.0 -0.0 -3.440394 0.788234 0.501656 -15.928205 -3.167314 2.999708 -6.338833 -3e-06 -2e-06 -18.123466 3.648183 -4.905675 -4e-06 1e-06 0.0 15.663494 3.156415 12.903156 59.318924 -6.903358 1.903915 -0.076228 42.276276 0.069703 4.666482 -4.895111 -13.335576 2.243542 -5.255037 -3.180157 14.282894 -0.826592 6.952499 -3e-06 -12.690604 -1e-06 16.388605 -17.864967 2.458098 1.665667 -1.955922 -2.878298 4.7278 -4.170587 4.993922 11.02053 4e-06 -2e-06 12.109056 -3.735716 -2.866785 -0.0 -0.0 0.0 1.291986 -1.928549 -1.498089 14.800132 0.56747 3.865605 14.242578 -1.341736 -6.660658 19.631973 0.143928 -0.648246 50.538189 -0.672156 -6.539863 0.353029 -1.511151 -0.03194 20.222797 3.684312 2.316627 18.787273 7e-06 -3e-06 10.751629 -0.479867 1.397905 -1e-06 -1e-06 -0.0 3.273808 0.305948 -0.580111 21.486818 11.830378 2.266131 8.16293 2e-06 -2e-06 18.399088 -3.798981 -4.940578 2e-06 0.0 -1e-06 6.788734 9.498862 -3.925902 -0.047631 -0.839427 43.304016 -1.864911 -5.683372 -10.657879 2.18567 -1.856575 -21.050154 0.0 -0.0 2e-06 6.703824 -6.966228 -37.647285 -0.063267 -0.158922 27.418625 1.40806 5.959449 3.646164 -1.378026 1.046169 -2.093848 0.0 -0.0 -1e-06 
0.0 0.0 0.0 0.0 -0.0 0.0 -5.219355 95.170914 170.568756 -5.115996 4.140391 5.658293 2.447696 0.217353 -4.022028 0.344316 -1.489682 -6.28035 2.35991 -3.097902 10.937715 6.363206 0.474815 1.725417 0.195991 3.317525 -3.622474 -6.990774 5.222132 -15.986085 7.7e-05 -2.3e-05 7e-06 -2.3e-05 -0.106031 0.023187 0.695727 -3.861776 -10.664769 -0.694672 3.657633 -10.617802 -9.256123 -1.852929 15.012152 -60.066906 -19.341103 36.205421 0.272669 -32.226456 -0.125046 4.583775 5.399267 -7.208411 -5.88211 9.86129 0.702591 -10.936879 -0.360577 7.15621 3e-06 8.77483 1e-06 -15.860736 18.006676 6.022874 -1.844035 2.498506 -2.50728 -10.163608 4.678946 4.621109 -20.97604 -7e-06 1e-06 -21.226305 2.451694 -3.593999 1e-06 -5e-06 -1e-06 -1.362682 2.240799 -0.746324 -21.33493 0.584907 3.008321 -13.821223 -4e-06 0.0 -23.887188 -0.249084 -0.839483 -60.107319 2.285031 -1.238733 -0.294026 1.679689 0.833255 -14.218221 0.093213 1.300579 -34.212082 -0.28757 0.967173 -20.033232 0.964536 1.212846 -1e-06 -1e-06 0.0 -3.44039 0.788233 0.501656 -15.928201 -3.167314 2.999707 -6.338831 -3e-06 -1e-06 -18.123459 3.64818 -4.905672 -4e-06 0.0 -1e-06 14.939217 3.361951 12.964681 60.111294 -6.782566 0.965094 -0.002159 41.934437 0.156071 4.371889 -4.917257 -15.229362 2.243543 -5.255038 -3.180159 14.282897 -0.826595 6.952505 -3e-06 -12.69061 1e-06 16.350895 -17.961216 2.553632 1.665667 -1.955923 -2.878299 4.7278 -4.170589 4.993926 11.020531 3e-06 -1e-06 12.109058 -3.735717 -2.866785 1e-06 -0.0 0.0 1.291986 -1.92855 -1.49809 14.800136 0.567469 3.865608 14.242579 -1.341735 -6.660661 19.631975 0.143927 -0.648245 50.478615 -0.689111 -6.573995 0.353029 -1.511151 -0.03194 20.222801 3.684313 2.31663 18.787283 5e-06 -1e-06 10.751633 -0.479868 1.397907 -1e-06 -1e-06 -1e-06 3.273808 0.305947 -0.580111 21.486822 11.830381 2.266133 8.16293 3e-06 -1e-06 18.399088 -3.798985 -4.940577 3e-06 -0.0 -1e-06 10.057409 10.727425 -8.146112 -0.17658 -0.852833 54.738667 -1.329887 -5.199356 -2.300207 2.161602 -1.663678 -22.129423 0.0 0.0 2e-06 8.701418 -7.424699 -34.995003 -0.055043 -0.26282 28.738585 0.33306 5.638139 0.165753 -1.381843 1.071075 -1.179489 0.0 -0.0 -1e-06 
0.0 0.0 0.0 0.0 -0.0 0.0 -5.860879 95.505516 174.011978 -6.141442 4.864784 4.92626 3.08463 0.32307 -3.685575 0.377842 -1.465863 -6.093113 2.715018 -3.093951 10.698985 6.792688 0.181048 2.071605 0.209365 3.219011 -3.649736 -6.964634 5.23374 -15.65688 7.7e-05 -2.3e-05 6e-06 0.004934 -0.115069 0.02416 0.684102 -3.867486 -10.656066 -0.673902 3.643577 -10.601363 -8.596983 -1.810614 14.994925 -60.68914 -18.28223 36.327332 0.133814 -31.666906 -0.117312 3.750127 5.689281 -6.40926 -5.882108 9.86129 0.702594 -10.936876 -0.360576 7.156208 2e-06 8.77483 -1e-06 -16.040533 17.932091 5.999821 -1.844034 2.498506 -2.507278 -10.163604 4.678946 4.621109 -20.976032 -6e-06 1e-06 -21.226292 2.451696 -3.593999 1e-06 -5e-06 -1e-06 -1.362682 2.240799 -0.746323 -21.334925 0.584908 3.008325 -13.821221 -3e-06 1e-06 -23.887184 -0.249081 -0.839481 -60.224537 2.384085 -1.211937 -0.294025 1.679687 0.833257 -14.218215 0.093213 1.300579 -34.212067 -0.287566 0.967173 -20.033222 0.964535 1.212845 0.0 -2e-06 1e-06 -3.44039 0.788234 0.501657 -15.928192 -3.167313 2.999709 -6.338829 -2e-06 -1e-06 -18.123453 3.648184 -4.905671 -4e-06 -0.0 -1e-06 14.935483 3.490464 12.970489 59.973843 -6.565043 0.510867 0.004157 41.836365 0.197251 4.357737 -4.865617 -16.529959 2.243544 -5.25504 -3.180159 14.282902 -0.826595 6.952507 -2e-06 -12.690612 -0.0 16.187916 -18.000847 2.699767 1.665667 -1.955923 -2.8783 4.727802 -4.17059 4.993926 11.020535 2e-06 -1e-06 12.109062 -3.735719 -2.866786 -0.0 0.0 0.0 1.291987 -1.92855 -1.49809 14.800139 0.567468 3.865609 14.242584 -1.341737 -6.660661 19.631979 0.143926 -0.648246 50.377102 -0.642662 -6.484928 0.353029 -1.511151 -0.03194 20.222809 3.684312 2.316631 18.787289 5e-06 -2e-06 10.751635 -0.479869 1.397906 -1e-06 -0.0 -1e-06 3.273809 0.305947 -0.580111 21.486828 11.830382 2.266133 8.162933 3e-06 -2e-06 18.399096 -3.798985 -4.940579 4e-06 -1e-06 -2e-06 12.128644 11.181904 -13.102531 -0.206313 -0.675559 65.265778 -0.595245 -2.964077 3.735743 1.929779 -1.76253 -12.782585 0.0 -0.0 2e-06 10.114279 -8.450042 -32.118092 -0.06932 -0.271428 29.218676 -0.513419 5.600977 -2.762081 -1.39483 1.071647 -0.84713 0.0 -0.0 -1e-06 
0.0 0.0 0.0 0.0 -0.0 0.0 -6.357719 95.877632 177.221375 -6.62654 5.293037 4.3745 3.478579 0.489217 -3.512618 0.355882 -1.298355 -5.94692 2.809405 -2.895181 10.607259 7.067851 -0.007878 2.385231 0.201077 2.996795 -3.671006 -6.800251 5.10479 -15.370892 7.7e-05 -2.3e-05 6e-06 -0.003405 -0.157964 0.021365 0.670488 -3.907797 -10.655695 -0.678002 3.59968 -10.59763 -8.638286 -1.441234 14.894314 -60.571033 -17.577005 36.134293 -0.043228 -31.384987 -0.089499 3.48822 5.604773 -6.326792 -5.882113 9.861294 0.702589 -10.936881 -0.360574 7.15621 -0.0 8.774832 1e-06 -16.209517 17.931139 5.992501 -1.844035 2.498507 -2.507279 -10.16361 4.67895 4.621111 -20.976042 -2e-06 -1e-06 -21.226307 2.451699 -3.594006 1e-06 -5e-06 -0.0 -1.362683 2.240799 -0.746326 -21.334938 0.584912 3.008323 -13.821228 -2e-06 -1e-06 -23.887196 -0.24908 -0.839488 -60.359966 2.463224 -1.26632 -0.294026 1.679688 0.833256 -14.218223 0.093216 1.30058 -34.212082 -0.287565 0.967168 -20.033234 0.964535 1.212843 -0.0 -0.0 1e-06 -3.440391 0.788234 0.501655 -15.928201 -3.16731 2.999707 -6.338833 -1e-06 0.0 -18.123466 3.648185 -4.905677 -4e-06 1e-06 -0.0 15.259399 3.687307 12.976637 59.133785 -6.073062 0.690403 0.025257 41.515217 0.204108 4.427158 -4.746047 -17.061792 2.243543 -5.255041 -3.180159 14.282896 -0.826594 6.952505 -3e-06 -12.690616 0.0 16.09654 -17.978474 2.714383 1.665667 -1.955923 -2.8783 4.7278 -4.17059 4.993925 11.020532 3e-06 -3e-06 12.109057 -3.735717 -2.866787 -0.0 0.0 0.0 1.291986 -1.92855 -1.49809 14.800132 0.56747 3.865608 14.242577 -1.341737 -6.660662 19.631975 0.143928 -0.648246 50.18177 -0.611747 -6.481298 0.353029 -1.511151 -0.03194 20.222801 3.684314 2.316629 18.787283 6e-06 -2e-06 10.751629 -0.479867 1.397906 -1e-06 -1e-06 -1e-06 3.273808 0.305947 -0.580111 21.48682 11.830386 2.266132 8.16293 3e-06 -1e-06 18.39909 -3.798985 -4.94058 3e-06 -0.0 -1e-06 12.894342 11.257875 -18.005915 -0.175762 -0.444979 73.283775 0.369182 -0.818868 5.034289 1.840653 -1.92349 -6.315937 -0.0 0.0 3e-06 10.895095 -9.530978 -29.261913 -0.114484 -0.247461 29.05863 -1.069043 5.883051 -5.120207 -1.397263 1.077307 -0.837528 0.0 0.0 -1e-06 
0.0 0.0 0.0 0.0 -0.0 0.0 -6.684282 96.336746 180.301468 -6.63419 5.224695 3.955774 3.729421 0.687025 -3.449104 0.300445 -0.96397 -5.859741 2.616098 -2.507871 10.606189 7.067247 -0.057437 2.794894 0.174691 2.74564 -3.654892 -6.562 4.836069 -14.993809 7.7e-05 -2.3e-05 6e-06 -0.013775 -0.20188 0.024469 0.658729 -3.948019 -10.642441 -0.688077 3.553801 -10.589122 -8.968008 -0.864883 14.784298 -60.368538 -17.042065 35.30825 -0.221921 -31.141459 -0.002609 3.834421 5.317827 -6.702496 -5.882111 9.861293 0.70259 -10.936883 -0.360576 7.156211 1e-06 8.774834 -2e-06 -16.292883 17.979969 5.972706 -1.844034 2.498507 -2.507278 -10.163611 4.678948 4.621113 -20.976046 -4e-06 4e-06 -21.226309 2.451699 -3.594001 1e-06 -6e-06 1e-06 -1.362683 2.240801 -0.746324 -21.334938 0.584908 3.008327 -13.821227 -3e-06 3e-06 -23.887197 -0.24908 -0.83948 -60.365116 2.498956 -1.344685 -0.294025 1.679689 0.833258 -14.218224 0.093214 1.300582 -34.212082 -0.287565 0.967173 -20.033234 0.964537 1.212846 -1e-06 1e-06 1e-06 -3.440392 0.788234 0.501655 -15.928203 -3.167313 2.999711 -6.338833 -2e-06 1e-06 -18.123466 3.648185 -4.905672 -5e-06 -1e-06 -2e-06 15.350779 4.086326 13.062425 58.262669 -5.141129 1.246636 0.165216 40.633736 0.292576 4.468447 -4.798441 -16.758579 2.243544 -5.255039 -3.180159 14.282902 -0.826595 6.952501 -3e-06 -12.69061 0.0 16.107985 -17.950056 2.643463 1.665668 -1.955923 -2.878301 4.727802 -4.17059 4.993924 11.020536 3e-06 -4e-06 12.109064 -3.735717 -2.866788 -0.0 -0.0 -0.0 1.291987 -1.92855 -1.49809 14.800139 0.567468 3.865605 14.242585 -1.341736 -6.660665 19.631985 0.143929 -0.648248 50.05975 -0.545246 -6.505035 0.35303 -1.511152 -0.03194 20.222809 3.684313 2.316626 18.787289 7e-06 -5e-06 10.751637 -0.479866 1.397905 -1e-06 -1e-06 -1e-06 3.27381 0.305947 -0.580112 21.486832 11.830385 2.26613 8.162934 4e-06 -3e-06 18.399097 -3.798983 -4.940583 3e-06 0.0 -2e-06 12.512426 11.328644 -22.552399 -0.145335 -0.175214 78.138916 0.668647 -0.085853 3.693465 1.843804 -1.944451 -5.044219 0.0 -1e-06 2e-06 10.970649 -10.221596 -26.245255 -0.123026 -0.241368 28.185619 -1.270463 6.32074 -6.860754 -1.392614 1.082761 -0.75509 0.0 0.0 -1e-06 
0.0 0.0 0.0 0.0 -0.0 0.0 -6.888082 96.833572 183.377823 -6.39882 4.771886 3.549348 3.981191 0.893386 -3.320486 0.239025 -0.514723 -5.783095 2.22646 -2.060515 10.554042 6.747467 0.01996 3.267587 0.142806 2.561497 -3.637942 -6.284391 4.477278 -14.422154 7.7e-05 -2.3e-05 6e-06 -0.016299 -0.212376 0.035487 0.653002 -3.952643 -10.619117 -0.688637 3.538031 -10.568489 -9.303385 -0.262876 14.695755 -60.361702 -16.483183 34.005657 -0.366669 -31.124104 0.10724 4.469299 5.036907 -7.247948 -5.882107 9.861285 0.702589 -10.936872 -0.360573 7.156202 -1e-06 8.774824 -0.0 -16.276922 18.04739 5.982712 -1.844033 2.498504 -2.507278 -10.163601 4.678946 4.621105 -20.976023 -1e-06 -1e-06 -21.22629 2.451699 -3.594002 0.0 -6e-06 -0.0 -1.362682 2.240799 -0.746323 -21.334915 0.584913 3.008319 -13.821215 -1e-06 -1e-06 -23.887173 -0.249077 -0.839489 -60.267212 2.523224 -1.38175 -0.294025 1.679687 0.833254 -14.218211 0.093217 1.300579 -34.212051 -0.287563 0.967165 -20.033215 0.964536 1.212839 0.0 1e-06 1e-06 -3.440389 0.788233 0.501656 -15.928185 -3.167308 2.999705 -6.338827 -1e-06 -1e-06 -18.123449 3.648183 -4.905669 -4e-06 0.0 -0.0 14.89158 4.729492 13.184097 57.90519 -4.00142 1.817259 0.34455 39.582878 0.393614 4.44252 -5.201376 -16.186602 2.243541 -5.255034 -3.180156 14.282887 -0.826596 6.952501 -2e-06 -12.6906 1e-06 16.128984 -17.93387 2.563734 1.665666 -1.955921 -2.878298 4.727797 -4.170587 4.993923 11.020522 2e-06 -1e-06 12.109049 -3.735715 -2.866783 1e-06 -0.0 0.0 1.291985 -1.928548 -1.498089 14.800122 0.567466 3.865606 14.242568 -1.341736 -6.660656 19.631962 0.143925 -0.648245 49.952198 -0.493603 -6.556177 0.353029 -1.51115 -0.03194 20.222786 3.684308 2.316629 18.787266 3e-06 -1e-06 10.751622 -0.479869 1.397905 -1e-06 -1e-06 -1e-06 3.273806 0.305946 -0.580111 21.486803 11.830368 2.26613 8.162924 1e-06 -1e-06 18.399076 -3.798986 -4.940575 3e-06 1e-06 -1e-06 11.361096 11.454065 -26.618202 -0.104787 0.028046 79.884064 0.045335 -0.050744 1.973441 1.84571 -1.93418 -4.875866 0.0 -0.0 1e-06 10.592937 -10.479701 -22.863407 -0.090286 -0.23726 26.719957 -1.233616 6.71342 -8.269249 -1.391384 1.071916 -0.590975 0.0 -0.0 -1e-06 
0.0 0.0 0.0 0.0 -0.0 0.0 -7.025758 97.298386 186.450134 -6.153133 4.091701 3.248581 4.309394 1.078066 -3.142675 0.22415 0.000316 -5.714707 1.779992 -1.605957 10.429193 6.158272 0.219709 3.566411 0.09618 2.415574 -3.634364 -6.067321 4.129696 -13.772089 7.7e-05 -2.3e-05 6e-06 -0.014407 -0.201013 0.04633 0.659487 -3.935128 -10.604914 -0.692938 3.543056 -10.559407 -9.802992 0.358732 14.567037 -60.257584 -15.847499 32.768795 -0.447444 -31.491879 0.204466 5.048476 4.741163 -7.946267 -5.882109 9.861289 0.702592 -10.936876 -0.360574 7.156207 1e-06 8.774828 -0.0 -16.185398 18.093664 6.014165 -1.844033 2.498506 -2.507279 -10.163603 4.678946 4.621111 -20.97603 -3e-06 2e-06 -21.226292 2.451698 -3.593999 0.0 -5e-06 -0.0 -1.362681 2.240798 -0.746326 -21.334921 0.58491 3.008326 -13.821218 -4e-06 1e-06 -23.88718 -0.249078 -0.83948 -60.129723 2.508362 -1.395186 -0.294024 1.679687 0.833255 -14.218214 0.093215 1.300582 -34.212059 -0.287564 0.967173 -20.033222 0.964536 1.212844 1e-06 1e-06 0.0 -3.44039 0.788234 0.501656 -15.928192 -3.167311 2.999708 -6.338829 -0.0 -1e-06 -18.123457 3.648183 -4.905672 -5e-06 -1e-06 -0.0 14.107452 5.510306 13.270649 57.878506 -2.923623 2.24674 0.48647 38.948017 0.430561 4.345819 -5.688178 -15.966795 2.243541 -5.255038 -3.180159 14.282893 -0.826594 6.952505 -2e-06 -12.690609 -1e-06 16.142859 -17.913105 2.52867 1.665666 -1.955922 -2.878299 4.727799 -4.170588 4.993925 11.020528 3e-06 -2e-06 12.109053 -3.735717 -2.866786 1e-06 0.0 -0.0 1.291985 -1.92855 -1.498089 14.800129 0.56747 3.865608 14.242571 -1.341737 -6.660659 19.631973 0.143927 -0.648245 49.845932 -0.516863 -6.621605 0.353029 -1.511152 -0.03194 20.222792 3.684312 2.316631 18.787275 5e-06 -2e-06 10.75163 -0.479868 1.397906 -2e-06 -1e-06 0.0 3.273807 0.305947 -0.580111 21.486818 11.83038 2.266135 8.162929 3e-06 1e-06 18.399084 -3.798985 -4.940577 3e-06 1e-06 -2e-06 9.882426 11.574184 -30.312618 -0.029919 0.178479 78.741608 -1.432801 -0.410534 0.587112 1.813028 -1.912628 -4.844638 1e-06 0.0 3e-06 10.091501 -10.438922 -19.381699 -0.048933 -0.23876 24.770519 -1.025446 7.068958 -9.336367 -1.394606 1.043843 -0.442206 -0.0 -0.0 -1e-06 
0.0 0.0 0.0 0.0 -0.0 0.0 -7.098856 97.672585 189.430206 -5.942335 3.391611 3.134808 4.655169 1.198927 -2.99982 0.24796 0.508492 -5.663716 1.361893 -1.194713 10.32359 5.432119 0.511532 3.516207 0.049917 2.325064 -3.655357 -5.992885 3.87903 -13.173433 7.7e-05 -2.2e-05 6e-06 -0.012377 -0.186064 0.048614 0.672967 -3.915972 -10.606009 -0.704153 3.55295 -10.570913 -10.533284 0.964941 14.443427 -59.888157 -15.327268 32.018818 -0.417337 -32.077419 0.242478 5.328373 4.459896 -8.474874 -5.882106 9.861284 0.702591 -10.936873 -0.360575 7.156208 1e-06 8.774826 -1e-06 -16.105057 18.116568 6.059228 -1.844032 2.498504 -2.507277 -10.163601 4.678944 4.621109 -20.976025 -5e-06 2e-06 -21.226288 2.451697 -3.593999 0.0 -6e-06 1e-06 -1.362682 2.240798 -0.746322 -21.334921 0.584909 3.008324 -13.821218 -4e-06 1e-06 -23.887175 -0.249079 -0.839481 -60.088554 2.482271 -1.331369 -0.294025 1.679687 0.833256 -14.21821 0.093215 1.30058 -34.212048 -0.287564 0.967172 -20.033213 0.964536 1.212845 0.0 0.0 1e-06 -3.440388 0.788232 0.501656 -15.928189 -3.16731 2.999707 -6.338827 -1e-06 1e-06 -18.123447 3.648182 -4.905671 -5e-06 -0.0 -2e-06 13.392986 6.295424 13.322921 57.755287 -2.052408 2.592055 0.519891 39.156281 0.392195 4.275759 -5.929326 -16.023823 2.243541 -5.255035 -3.180157 14.282888 -0.826597 6.952505 -1e-06 -12.690603 3e-06 16.143974 -17.846994 2.561104 1.665665 -1.95592 -2.878299 4.727798 -4.170588 4.993926 11.020524 2e-06 -1e-06 12.10905 -3.735716 -2.866783 1e-06 0.0 -0.0 1.291985 -1.928549 -1.498089 14.800127 0.567465 3.86561 14.242569 -1.341737 -6.660657 19.631968 0.143924 -0.648245 49.822155 -0.58133 -6.602976 0.353029 -1.511151 -0.03194 20.222788 3.684307 2.316631 18.78727 2e-06 -0.0 10.751629 -0.47987 1.397907 -2e-06 0.0 1e-06 3.273806 0.305946 -0.58011 21.486809 11.830371 2.266133 8.162929 1e-06 1e-06 18.399082 -3.798988 -4.940573 4e-06 0.0 -1e-06 8.297392 11.575009 -33.580853 0.082438 0.313562 74.938889 -3.079106 -0.394344 -0.513559 1.778304 -1.889658 -4.749833 -0.0 -0.0 2e-06 9.584659 -10.308639 -16.078199 -0.010974 -0.234417 22.615158 -0.712792 7.461585 -10.200371 -1.399908 1.001432 -0.390157 -0.0 0.0 -1e-06 
0.0 0.0 0.0 0.0 -0.0 0.0 -7.088558 97.909119 192.301727 -5.775871 2.756202 3.212004 4.977412 1.243291 -2.91937 0.293456 0.960891 -5.631624 1.012769 -0.86134 10.286494 4.639867 0.843105 3.162371 0.039329 2.316544 -3.68633 -6.071874 3.771367 -12.72846 7.7e-05 -2.3e-05 6e-06 -0.010502 -0.168165 0.043845 0.684311 -3.896904 -10.609524 -0.713547 3.568777 -10.587037 -11.402527 1.514829 14.330043 -59.34774 -14.963859 31.813229 -0.254282 -32.711075 0.198889 5.370336 4.192659 -8.931561 -5.882113 9.861296 0.702592 -10.936881 -0.360574 7.156209 -0.0 8.774834 -1e-06 -16.042749 18.135773 6.102856 -1.844035 2.498507 -2.507279 -10.16361 4.678952 4.621109 -20.976044 -1e-06 -1e-06 -21.226307 2.451702 -3.594007 1e-06 -6e-06 -0.0 -1.362683 2.2408 -0.746324 -21.334934 0.584913 3.008321 -13.821229 -2e-06 -0.0 -23.887196 -0.249078 -0.839486 -60.13089 2.455179 -1.192702 -0.294024 1.679689 0.833257 -14.218223 0.093217 1.300578 -34.21209 -0.287563 0.967165 -20.033234 0.964536 1.212841 0.0 1e-06 0.0 -3.440392 0.788236 0.501656 -15.928203 -3.16731 2.999707 -6.338833 -1e-06 -1e-06 -18.123466 3.648186 -4.905679 -5e-06 1e-06 -1e-06 12.864059 7.040195 13.340036 57.39175 -1.323485 2.903294 0.454913 40.172009 0.315294 4.345358 -5.935917 -16.126926 2.243542 -5.255042 -3.180157 14.282894 -0.826593 6.952503 -2e-06 -12.690614 -1e-06 16.128675 -17.745743 2.612273 1.665667 -1.955923 -2.878299 4.727799 -4.170591 4.993924 11.020529 3e-06 -2e-06 12.109056 -3.735718 -2.866786 1e-06 -0.0 1e-06 1.291986 -1.928551 -1.49809 14.800132 0.56747 3.865606 14.242577 -1.341737 -6.660659 19.631973 0.143928 -0.648244 49.883087 -0.668225 -6.500273 0.353029 -1.511151 -0.03194 20.222795 3.684314 2.31663 18.787279 6e-06 -2e-06 10.751631 -0.479867 1.397906 -1e-06 0.0 1e-06 3.273807 0.305948 -0.58011 21.486818 11.830386 2.266135 8.16293 3e-06 -0.0 18.399084 -3.798987 -4.94058 4e-06 0.0 -1e-06 6.740523 11.400131 -36.311802 0.201518 0.408422 68.563339 -4.464661 0.117923 -1.434757 1.772694 -1.891109 -4.576144 0.0 0.0 3e-06 9.107314 -10.218142 -13.08848 0.022275 -0.204557 20.593307 -0.435104 7.899053 -11.066444 -1.406037 0.96529 -0.399187 -0.0 -0.0 -1e-06 
0.0 0.0 0.0 0.0 -0.0 0.0 -6.997281 97.979263 195.119827 -5.721067 2.235291 3.479755 5.285832 1.208211 -2.924763 0.35187 1.356393 -5.643307 0.774483 -0.631105 10.326522 3.871376 1.167062 2.683723 0.056758 2.416471 -3.710208 -6.238153 3.77844 -12.457319 7.7e-05 -2.3e-05 6e-06 -0.006601 -0.147029 0.038606 0.686343 -3.875231 -10.600311 -0.709395 3.58872 -10.589174 -12.276649 2.002978 14.172738 -58.761894 -14.744876 32.125023 0.00116 -33.243282 0.097268 5.289276 3.939954 -9.391178 -5.882107 9.861288 0.702591 -10.936877 -0.360578 7.156206 3e-06 8.774831 -0.0 -15.970197 18.161293 6.127957 -1.844033 2.498506 -2.507279 -10.163604 4.678945 4.621108 -20.976038 -1.1e-05 1e-06 -21.226299 2.45169 -3.593999 1e-06 -7e-06 -0.0 -1.362682 2.240798 -0.746324 -21.334927 0.584902 3.00832 -13.821221 -7e-06 2e-06 -23.887184 -0.249086 -0.839481 -60.136635 2.433529 -1.073335 -0.294024 1.679688 0.833255 -14.218217 0.09321 1.30058 -34.212074 -0.287575 0.967172 -20.03323 0.96453 1.212847 -1e-06 0.0 0.0 -3.44039 0.788232 0.501655 -15.928196 -3.167315 2.999707 -6.338829 -3e-06 -0.0 -18.123459 3.648179 -4.90567 -4e-06 -1e-06 -2e-06 12.493558 7.675342 13.330843 56.861427 -0.598354 3.164849 0.360268 41.601738 0.238929 4.490665 -5.810231 -16.208586 2.243545 -5.255041 -3.180161 14.282907 -0.826595 6.952506 -3e-06 -12.690615 0.0 16.08526 -17.658154 2.645566 1.665669 -1.955922 -2.878301 4.727803 -4.17059 4.993925 11.02054 3e-06 -3e-06 12.109066 -3.735717 -2.866789 1e-06 -0.0 0.0 1.291987 -1.92855 -1.49809 14.800144 0.56747 3.865607 14.24259 -1.341735 -6.660666 19.631989 0.143929 -0.648248 49.945389 -0.745523 -6.406909 0.353029 -1.511152 -0.03194 20.222815 3.684314 2.316627 18.787292 7e-06 -5e-06 10.751641 -0.479866 1.397903 -1e-06 -1e-06 0.0 3.27381 0.305948 -0.580112 21.486839 11.830387 2.26613 8.162937 3e-06 -2e-06 18.399103 -3.798983 -4.940583 3e-06 1e-06 -2e-06 5.402308 11.018214 -38.229935 0.304543 0.450148 59.858822 -5.37335 1.008189 -1.75387 1.776604 -1.91813 -4.428344 0.0 0.0 3e-06 8.759007 -10.141071 -10.495776 0.035128 -0.130799 18.894279 -0.383942 8.259889 -12.060277 -1.412832 0.954681 -0.403691 -0.0 -0.0 -1e-06 
0.0 0.0 0.0 0.0 -0.0 0.0 -6.829455 97.906265 197.927536 -5.778676 1.863069 3.892551 5.585025 1.108556 -3.03196 0.395418 1.669914 -5.706336 0.657785 -0.466958 10.422605 3.217455 1.431106 2.285641 0.08137 2.634488 -3.710296 -6.440404 3.811843 -12.284966 7.7e-05 -2.3e-05 6e-06 0.001001 -0.123868 0.039688 0.682602 -3.853649 -10.598332 -0.691653 3.613295 -10.596 -13.032237 2.396608 13.992714 -58.269505 -14.632984 32.641895 0.218202 -33.551861 -0.010397 5.17465 3.719523 -9.74177 -5.882113 9.861295 0.702592 -10.936881 -0.360573 7.156208 -0.0 8.774833 -1e-06 -15.874662 18.191555 6.141685 -1.844034 2.498506 -2.507279 -10.163611 4.678951 4.621112 -20.976044 -3e-06 -2e-06 -21.226311 2.451698 -3.594005 0.0 -6e-06 -0.0 -1.362683 2.2408 -0.746325 -21.334934 0.584911 3.008322 -13.821227 -3e-06 2e-06 -23.887192 -0.249081 -0.839488 -60.101555 2.442184 -1.044455 -0.294026 1.679688 0.833257 -14.218223 0.093217 1.300581 -34.212082 -0.287564 0.967164 -20.033232 0.964536 1.21284 0.0 0.0 -1e-06 -3.440392 0.788235 0.501656 -15.928201 -3.167311 2.999707 -6.338832 -0.0 -1e-06 -18.123465 3.648186 -4.905678 -3e-06 0.0 -2e-06 12.202417 8.154935 13.308475 56.312393 0.220604 3.432263 0.281657 42.935722 0.177418 4.549331 -5.618059 -16.151083 2.243544 -5.255041 -3.180159 14.282898 -0.826594 6.952502 -3e-06 -12.690612 1e-06 16.037186 -17.623049 2.655613 1.665668 -1.955924 -2.878301 4.7278 -4.170588 4.993924 11.020534 4e-06 -3e-06 12.109058 -3.735719 -2.866788 1e-06 -0.0 -1e-06 1.291986 -1.92855 -1.49809 14.800136 0.56747 3.865604 14.24258 -1.341736 -6.660662 19.631975 0.14393 -0.648247 49.951389 -0.811986 -6.380248 0.353029 -1.511151 -0.03194 20.222803 3.684315 2.316626 18.787285 8e-06 -5e-06 10.751633 -0.479867 1.397905 0.0 -1e-06 -0.0 3.273809 0.305947 -0.580111 21.486826 11.830386 2.26613 8.162931 3e-06 -2e-06 18.399092 -3.798984 -4.940581 3e-06 1e-06 -2e-06 4.356383 10.469749 -39.071224 0.360077 0.47441 49.06879 -5.99075 2.105033 -1.005277 1.772444 -1.952406 -4.380805 -0.0 -1e-06 2e-06 8.485346 -10.062501 -8.336994 0.021161 -0.035393 17.397806 -0.504663 8.545264 -13.1322 -1.419402 0.961888 -0.37865 -0.0 -0.0 -1e-06 
0.0 0.0 0.0 0.0 -0.0 0.0 -6.575848 97.698074 200.820206 -5.910647 1.547938 4.333575 5.839256 1.030571 -3.183211 0.417363 1.813029 -5.808236 0.669902 -0.274248 10.556652 2.754047 1.63156 2.063951 0.08433 2.880717 -3.697153 -6.623698 3.904903 -12.04919 7.7e-05 -2.3e-05 6e-06 0.011452 -0.112839 0.042423 0.684552 -3.849112 -10.633512 -0.673481 3.630386 -10.623891 -13.600011 2.670079 13.851125 -57.978001 -14.587727 32.952202 0.26224 -33.566101 -0.075659 5.033136 3.602592 -9.73929 -5.882108 9.86129 0.70259 -10.936875 -0.360575 7.156205 0.0 8.774829 -1e-06 -15.752935 18.187634 6.200196 -1.844033 2.498505 -2.507279 -10.163603 4.678946 4.621108 -20.97603 -4e-06 -0.0 -21.226294 2.451697 -3.594001 0.0 -6e-06 -0.0 -1.362682 2.2408 -0.746325 -21.334919 0.584909 3.008322 -13.821217 -3e-06 -0.0 -23.887178 -0.249081 -0.839486 -60.12281 2.472377 -1.026507 -0.294025 1.679689 0.833254 -14.218213 0.093214 1.300577 -34.212063 -0.287566 0.967166 -20.033218 0.964535 1.212844 1e-06 0.0 0.0 -3.440389 0.788233 0.501655 -15.928189 -3.167311 2.999707 -6.338828 -1e-06 -1e-06 -18.123455 3.648181 -4.905676 -3e-06 -1e-06 -2e-06 11.876098 8.497281 13.190087 55.853279 1.108161 3.890557 0.134126 43.92791 0.064118 4.565973 -5.475923 -15.922809 2.243541 -5.255037 -3.180157 14.282889 -0.826594 6.952503 -2e-06 -12.690607 1e-06 16.003025 -17.597773 2.666925 1.665666 -1.955921 -2.878299 4.727798 -4.170588 4.993925 11.020526 3e-06 -2e-06 12.109053 -3.735717 -2.866785 1e-06 0.0 0.0 1.291986 -1.928549 -1.49809 14.800127 0.567469 3.865607 14.242576 -1.341737 -6.66066 19.631969 0.143928 -0.648246 49.915676 -0.85651 -6.369778 0.353029 -1.511149 -0.03194 20.22279 3.684311 2.316629 18.787271 5e-06 -2e-06 10.751627 -0.479868 1.397905 0.0 -0.0 -1e-06 3.273807 0.305947 -0.580111 21.486813 11.830377 2.266133 8.16293 2e-06 -0.0 18.39908 -3.798986 -4.940577 5e-06 1e-06 -2e-06 3.549707 9.888608 -38.642765 0.336191 0.541522 36.004711 -6.401966 3.242676 0.244556 1.765268 -1.971363 -4.104623 -0.0 -1e-06 2e-06 8.22752 -10.009503 -6.123566 -0.014745 0.036327 15.98663 -0.792674 8.891075 -14.359218 -1.424144 0.974574 -0.381246 -0.0 0.0 -1e-06 
0.0 0.0 0.0 0.0 -0.0 0.0 -6.238409 97.365379 203.847977 -6.011502 1.308905 4.699361 5.941711 0.982785 -3.363218 0.445833 1.789641 -5.894859 0.760915 -0.094517 10.7438 2.53682 1.770678 1.868241 0.00995 3.055143 -3.713187 -6.795948 4.168449 -11.529562 7.7e-05 -2.2e-05 6e-06 0.017905 -0.115374 0.037158 0.689775 -3.861034 -10.696995 -0.666739 3.635865 -10.666679 -13.976077 2.825787 13.850858 -57.871014 -14.62003 32.75185 0.097086 -33.23555 -0.075721 4.911166 3.505085 -9.368047 -5.882111 9.861292 0.702593 -10.936878 -0.360572 7.156208 -1e-06 8.774831 -0.0 -15.656249 18.134228 6.310568 -1.844035 2.498506 -2.507279 -10.163608 4.678949 4.62111 -20.976038 -1e-06 0.0 -21.226301 2.451702 -3.594003 1e-06 -5e-06 -0.0 -1.362683 2.2408 -0.746323 -21.334929 0.584916 3.008324 -13.821221 0.0 1e-06 -23.887186 -0.249075 -0.839486 -60.251728 2.485274 -0.925438 -0.294025 1.679689 0.833257 -14.218217 0.093217 1.300583 -34.21207 -0.287559 0.967168 -20.033226 0.96454 1.212839 1e-06 -1e-06 0.0 -3.440391 0.788234 0.501656 -15.928196 -3.167308 2.999707 -6.338831 -0.0 -0.0 -18.123463 3.648187 -4.905675 -3e-06 -1e-06 -1e-06 11.521923 8.751778 12.993932 55.514626 1.977008 4.443873 -0.069222 44.673248 -0.123079 4.601787 -5.548508 -15.444617 2.243543 -5.255038 -3.180159 14.282896 -0.826594 6.952501 -3e-06 -12.69061 1e-06 15.964345 -17.516029 2.723213 1.665667 -1.955922 -2.878299 4.727798 -4.170588 4.993925 11.020528 5e-06 -4e-06 12.109055 -3.735715 -2.866787 1e-06 -0.0 0.0 1.291986 -1.92855 -1.49809 14.800132 0.567469 3.865606 14.242577 -1.341737 -6.660662 19.631975 0.143929 -0.648246 49.934921 -0.859345 -6.283582 0.353029 -1.511151 -0.031941 20.222797 3.684314 2.316628 18.787275 8e-06 -2e-06 10.751631 -0.479867 1.397905 0.0 0.0 0.0 3.273808 0.305947 -0.580112 21.486818 11.830381 2.26613 8.16293 3e-06 -2e-06 18.399086 -3.798984 -4.94058 6e-06 1e-06 -1e-06 3.097048 8.818897 -37.494743 0.165842 0.516031 22.450735 -6.308824 4.172624 1.185363 1.69683 -2.033271 -3.967387 0.0 -1e-06 2e-06 7.836363 -9.89819 -3.922488 -0.052764 0.032809 14.978419 -1.098208 9.084599 -15.68205 -1.426967 0.947509 -0.49791 -0.0 0.0 -1e-06 
0.0 0.0 0.0 0.0 -0.0 0.0 -5.867393 96.87233 206.956528 -6.092964 1.12477 5.063791 5.880768 0.842159 -3.587831 0.499634 1.730823 -5.916737 0.934661 -0.033799 10.857315 2.427179 1.871553 1.657763 -0.050378 3.255364 -3.740168 -7.023452 4.468056 -11.022573 7.7e-05 -2.2e-05 6e-06 0.014669 -0.125111 0.033074 0.671904 -3.871866 -10.717184 -0.656514 3.626944 -10.672909 -14.18663 2.910156 13.951303 -57.90332 -14.658194 32.325676 -0.139176 -32.521343 -0.033554 4.783485 3.265541 -8.821546 -5.882104 9.861283 0.702591 -10.93687 -0.360575 7.156204 1e-06 8.774823 -3e-06 -15.676244 18.136314 6.3339 -1.844033 2.498505 -2.507278 -10.163599 4.678944 4.621107 -20.976021 -5e-06 -0.0 -21.226286 2.451695 -3.593998 0.0 -6e-06 0.0 -1.362682 2.240798 -0.746323 -21.334911 0.58491 3.008322 -13.821213 -3e-06 1e-06 -23.887167 -0.249078 -0.839482 -60.422771 2.479435 -0.934224 -0.294025 1.679686 0.833257 -14.218207 0.093214 1.300578 -34.212048 -0.287566 0.96717 -20.033209 0.964534 1.212843 1e-06 0.0 0.0 -3.440388 0.788233 0.501656 -15.928183 -3.167309 2.999707 -6.338825 -2e-06 -0.0 -18.123444 3.648181 -4.905669 -3e-06 -1e-06 -1e-06 11.179043 8.924649 12.760548 55.184212 2.724305 4.912168 -0.062645 45.457745 -0.181937 4.856287 -5.789286 -14.892813 2.243541 -5.255034 -3.180156 14.282883 -0.826595 6.952499 -2e-06 -12.690601 -1e-06 15.950589 -17.478176 2.757416 1.665666 -1.955921 -2.878298 4.727797 -4.170586 4.99392 11.02052 3e-06 -4e-06 12.10905 -3.735715 -2.866783 -0.0 -0.0 -1e-06 1.291985 -1.92855 -1.498089 14.80012 0.567467 3.865605 14.242565 -1.341736 -6.660656 19.631958 0.143928 -0.648246 50.019646 -0.847463 -6.240516 0.353029 -1.51115 -0.03194 20.222784 3.684309 2.316627 18.787266 6e-06 -2e-06 10.751622 -0.479868 1.397905 -0.0 -0.0 0.0 3.273805 0.305948 -0.58011 21.486801 11.830372 2.266131 8.162923 2e-06 -1e-06 18.399071 -3.798983 -4.940576 6e-06 1e-06 -1e-06 3.262707 6.897744 -37.159813 0.002428 0.349799 12.554955 -5.937899 5.431366 0.986004 1.552813 -2.154796 -4.215158 -0.0 -0.0 2e-06 7.401386 -9.576657 -2.20383 -0.081395 -0.052244 15.118328 -1.344337 9.035248 -17.190155 -1.427477 0.878422 -0.738541 0.0 0.0 -1e-06 
0.0 0.0 0.0 0.0 -0.0 0.0 -5.511434 96.222328 210.061432 -6.226837 0.926844 5.271774 5.747142 0.777802 -3.575375 0.511053 1.646931 -5.836221 1.150953 -0.097239 10.824952 2.353527 1.951837 1.518461 0.026861 3.183755 -3.74018 -7.193244 4.76046 -11.130634 7.7e-05 -2.2e-05 6e-06 0.005229 -0.154914 0.029904 0.660031 -3.893051 -10.690147 -0.6641 3.591454 -10.636673 -14.111924 2.855458 14.046904 -58.073105 -14.668365 32.206535 -0.297175 -31.766264 0.057497 4.621414 3.296725 -7.98025 -5.88211 9.861291 0.70259 -10.936875 -0.360574 7.156205 -0.0 8.774828 -2e-06 -15.769037 18.139969 6.253425 -1.844033 2.498505 -2.507277 -10.163604 4.678948 4.621109 -20.97603 -2e-06 1e-06 -21.226294 2.4517 -3.594001 1e-06 -4e-06 -1e-06 -1.362682 2.240798 -0.746324 -21.334923 0.584912 3.008322 -13.821219 -2e-06 -0.0 -23.887178 -0.249077 -0.839485 -60.522404 2.48835 -0.99945 -0.294025 1.679688 0.833256 -14.218214 0.093216 1.300581 -34.212063 -0.287562 0.967168 -20.03322 0.964537 1.212842 1e-06 0.0 -1e-06 -3.44039 0.788234 0.501654 -15.928192 -3.16731 2.999707 -6.338829 -1e-06 1e-06 -18.123457 3.648185 -4.905674 -3e-06 0.0 -1e-06 10.841803 9.006926 12.43487 55.059822 3.242258 5.01338 0.162151 46.317165 -0.037532 5.207782 -6.026734 -14.511911 2.243544 -5.255041 -3.180161 14.282902 -0.826595 6.952508 -2e-06 -12.690615 0.0 16.034069 -17.517483 2.70309 1.665668 -1.955924 -2.878302 4.727802 -4.170592 4.993927 11.020536 4e-06 -4e-06 12.109062 -3.735718 -2.866787 1e-06 1e-06 0.0 1.291986 -1.92855 -1.498091 14.80014 0.567468 3.865609 14.242585 -1.341737 -6.660666 19.631989 0.143928 -0.648247 50.014347 -0.824332 -6.307177 0.35303 -1.511151 -0.03194 20.222805 3.684313 2.316629 18.787289 6e-06 -3e-06 10.751636 -0.479868 1.397907 1e-06 -0.0 1e-06 3.273809 0.305947 -0.580112 21.486834 11.830386 2.266132 8.162932 1e-06 -2e-06 18.399099 -3.798988 -4.940581 7e-06 0.0 -1e-06 3.51295 5.533047 -38.75856 0.048357 0.296731 11.183184 -5.650323 7.274572 0.207447 1.499113 -2.175061 -4.24769 0.0 0.0 2e-06 7.061893 -9.115579 -0.554894 -0.142975 -0.033208 15.78265 -1.499459 8.866741 -18.759405 -1.428295 0.859124 -1.004764 -0.0 -0.0 -1e-06 
0.0 0.0 0.0 0.0 -0.0 0.0 -5.095319 95.632271 213.389038 -5.997002 0.529594 5.312222 5.409322 0.822996 -3.477757 0.41345 1.715569 -5.788715 1.12475 -0.264092 10.787519 2.435545 1.925187 1.659441 0.115561 3.215421 -3.625164 -7.296868 4.976004 -11.575495 7.7e-05 -2.2e-05 6e-06 0.015868 -0.081194 0.040664 0.696056 -3.826842 -10.717203 -0.678401 3.672913 -10.667131 -13.99588 2.849948 14.156792 -58.125824 -14.593338 32.203716 -0.359436 -31.150274 0.149992 4.312156 3.812744 -7.106084 -5.882104 9.861284 0.702591 -10.936871 -0.360576 7.156206 2e-06 8.774826 0.0 -15.782302 18.133152 6.198205 -1.844032 2.498504 -2.507277 -10.163598 4.678943 4.621108 -20.976021 -6e-06 4e-06 -21.226282 2.451696 -3.593997 1e-06 -5e-06 0.0 -1.36268 2.240798 -0.746324 -21.334913 0.584907 3.008324 -13.821213 -4e-06 2e-06 -23.887167 -0.24908 -0.83948 -60.564545 2.482536 -0.936591 -0.294025 1.679686 0.833255 -14.218208 0.093214 1.30058 -34.212048 -0.287566 0.967172 -20.033211 0.964535 1.212845 0.0 0.0 0.0 -3.440388 0.788232 0.501656 -15.928185 -3.167312 2.999708 -6.338825 -1e-06 0.0 -18.123444 3.648183 -4.905665 -4e-06 0.0 -1e-06 10.831669 9.014994 12.449179 55.085854 3.721963 4.902778 0.121408 46.834118 0.071583 5.264016 -6.130374 -14.483587 2.243542 -5.255035 -3.180157 14.282887 -0.826594 6.952501 -3e-06 -12.6906 2e-06 16.140276 -17.581953 2.644347 1.665666 -1.955922 -2.878298 4.727798 -4.170585 4.993925 11.020524 4e-06 -2e-06 12.109052 -3.735713 -2.866783 1e-06 1e-06 0.0 1.291985 -1.928548 -1.498089 14.800123 0.567469 3.865608 14.242567 -1.341735 -6.660657 19.63196 0.143926 -0.648244 50.040466 -0.840406 -6.406675 0.353029 -1.51115 -0.031939 20.222786 3.684308 2.316629 18.78727 5e-06 2e-06 10.751625 -0.479869 1.397905 0.0 -1e-06 1e-06 3.273807 0.305946 -0.58011 21.486809 11.830369 2.266131 8.162925 1e-06 -1e-06 18.39908 -3.798982 -4.940574 5e-06 1e-06 1e-06 3.121238 5.316668 -40.577206 0.093387 0.262955 16.618393 -4.632147 7.735135 -0.071877 1.574629 -2.138446 -4.237927 0.0 0.0 2e-06 6.181797 -8.685441 1.531402 -0.181195 0.008486 16.310045 -1.494874 8.793971 -19.655203 -1.443638 0.875404 -1.463662 0.0 -0.0 -1e-06 
0.0 0.0 0.0 0.0 -0.0 0.0 -4.488455 95.244431 216.996353 -4.977509 -0.168686 5.547976 4.547475 0.840446 -3.824989 0.26342 1.863464 -5.935116 0.907397 -0.255154 11.027666 2.448874 2.011118 1.865253 0.152171 3.455173 -3.662347 -7.300848 5.140546 -11.35093 7.7e-05 -2.2e-05 6e-06 0.024985 -0.086766 0.038057 0.7099 -3.8417 -10.748352 -0.673185 3.676745 -10.704628 -14.590756 3.092245 14.160603 -57.535122 -14.228805 31.985359 -0.337962 -30.629837 0.148743 4.042819 4.09419 -6.591429 -5.882108 9.861286 0.702592 -10.936875 -0.360574 7.156205 1e-06 8.774826 1e-06 -15.783091 18.200806 6.342651 -1.844033 2.498505 -2.507277 -10.163603 4.678946 4.621109 -20.97603 -4e-06 2e-06 -21.226292 2.451696 -3.594 1e-06 -6e-06 0.0 -1.362682 2.240798 -0.746323 -21.334917 0.58491 3.008325 -13.821215 -3e-06 1e-06 -23.887175 -0.249081 -0.839484 -60.571976 2.458421 -0.681512 -0.294025 1.679687 0.833256 -14.218213 0.093215 1.30058 -34.212063 -0.287563 0.967171 -20.033224 0.964537 1.212843 1e-06 -0.0 0.0 -3.44039 0.788234 0.501656 -15.928192 -3.167308 2.999708 -6.338829 -0.0 -0.0 -18.123457 3.648183 -4.905671 -3e-06 0.0 -1e-06 11.640738 8.912863 12.627048 54.655098 3.810126 4.62782 0.027911 46.923492 0.030026 4.925695 -6.143952 -14.370031 2.243542 -5.255038 -3.180158 14.282896 -0.826596 6.952506 -2e-06 -12.69061 1e-06 16.051908 -17.577618 2.715713 1.665667 -1.955922 -2.878299 4.7278 -4.17059 4.993927 11.020529 3e-06 -2e-06 12.109056 -3.735717 -2.866786 0.0 0.0 -1e-06 1.291986 -1.92855 -1.498089 14.800132 0.567467 3.86561 14.242576 -1.341737 -6.660659 19.631971 0.143926 -0.648245 50.138496 -0.794475 -6.332945 0.353029 -1.511151 -0.03194 20.222797 3.684311 2.316631 18.787279 3e-06 -0.0 10.751632 -0.479869 1.397907 2e-06 0.0 1e-06 3.273808 0.305946 -0.580111 21.48682 11.830379 2.266134 8.16293 -0.0 -1e-06 18.399092 -3.798987 -4.940579 5e-06 1e-06 -0.0 1.981932 5.209351 -40.821262 0.126877 0.250039 21.742861 -2.254007 7.058471 2.057775 1.689939 -2.085776 -4.296955 0.0 -0.0 3e-06 4.103912 -8.63879 3.57453 -0.161585 0.133398 16.958029 -1.332169 9.533545 -19.478319 -1.448012 0.930242 -2.514256 0.0 -0.0 -1e-06 
0.0 0.0 0.0 0.0 -0.0 0.0 -3.751057 95.003563 220.858841 -3.262089 -1.017093 5.998575 3.313808 0.797287 -4.398573 0.069678 2.07766 -6.288678 0.44347 -0.115286 11.303915 2.352896 2.067458 1.975875 0.249764 3.78255 -3.68989 -7.268576 5.470456 -10.940708 7.7e-05 -2.3e-05 6e-06 0.039259 -0.103768 0.023752 0.713208 -3.861544 -10.737896 -0.64757 3.663432 -10.703134 -15.395508 3.358135 14.103049 -56.748283 -13.683596 32.00103 -0.20521 -30.098913 0.101159 3.822515 4.031824 -7.001764 -5.88211 9.861292 0.70259 -10.936881 -0.360577 7.156209 2e-06 8.774834 -1e-06 -15.826971 18.239094 6.428495 -1.844034 2.498505 -2.507279 -10.163608 4.678947 4.621109 -20.976044 -8e-06 2e-06 -21.226305 2.451694 -3.594002 1e-06 -6e-06 -1e-06 -1.362682 2.2408 -0.746324 -21.334934 0.584907 3.008323 -13.821227 -5e-06 2e-06 -23.887192 -0.249083 -0.839483 -60.520988 2.45596 -0.557421 -0.294024 1.679689 0.833256 -14.218222 0.093213 1.300578 -34.212082 -0.287571 0.967172 -20.033232 0.964533 1.212846 -0.0 -0.0 0.0 -3.440392 0.788234 0.501654 -15.928201 -3.167315 2.999708 -6.338832 -3e-06 -1e-06 -18.123463 3.648183 -4.905673 -2e-06 -1e-06 0.0 12.665941 8.684093 12.795741 54.322826 3.43747 4.016483 0.3024 46.761246 0.187547 4.415896 -6.153536 -14.209601 2.243544 -5.255041 -3.180159 14.2829 -0.826592 6.952503 -3e-06 -12.690616 -0.0 15.946518 -17.507761 2.767975 1.665668 -1.955921 -2.8783 4.7278 -4.17059 4.993925 11.020534 3e-06 -4e-06 12.109059 -3.735717 -2.866788 1e-06 1e-06 0.0 1.291987 -1.928552 -1.498091 14.800138 0.567469 3.865607 14.242585 -1.341736 -6.660663 19.631979 0.143929 -0.648247 50.156902 -0.851247 -6.28412 0.35303 -1.51115 -0.03194 20.222803 3.684314 2.316626 18.787287 8e-06 -3e-06 10.751634 -0.479867 1.397903 1e-06 1e-06 0.0 3.273809 0.305948 -0.580112 21.486828 11.830384 2.266131 8.16293 1e-06 -3e-06 18.399092 -3.798986 -4.940581 4e-06 1e-06 1e-06 0.264509 4.456359 -40.399399 0.152033 0.246931 24.787773 0.532757 6.730358 5.589306 1.734092 -2.047445 -3.681611 -0.0 0.0 2e-06 0.911732 -9.132543 5.332748 -0.162721 0.27847 18.128693 -0.875299 10.702091 -17.971863 -1.460464 0.978983 -4.651994 -0.0 -0.0 -1e-06 
0.0 0.0 0.0 0.0 -0.0 0.0 -2.988995 94.769012 224.618027 -1.036828 -1.609545 6.24605 1.894388 0.686828 -4.831922 -0.137609 2.26963 -6.550097 -0.398089 0.042945 11.36452 2.401795 2.181741 2.097497 0.372098 4.027782 -3.738746 -7.150578 5.39149 -10.936417 7.7e-05 -2.2e-05 6e-06 0.055004 -0.0657 0.02841 0.721186 -3.8133 -10.700606 -0.625225 3.691378 -10.659793 -15.457697 3.41537 14.37691 -56.583694 -13.420455 32.0993 -0.221383 -29.469027 0.079519 3.779503 3.931805 -7.52496 -5.882105 9.861282 0.702592 -10.93687 -0.360576 7.156201 1e-06 8.774823 -0.0 -15.957701 18.120604 6.321396 -1.844032 2.498504 -2.507276 -10.163599 4.678942 4.621107 -20.976023 -6e-06 2e-06 -21.226286 2.451694 -3.593998 1e-06 -5e-06 0.0 -1.362681 2.240797 -0.746323 -21.334911 0.584907 3.00832 -13.821213 -4e-06 1e-06 -23.887165 -0.249082 -0.839483 -60.564854 2.339417 -0.617975 -0.294025 1.679687 0.833256 -14.218208 0.093214 1.300579 -34.212048 -0.287567 0.967171 -20.033211 0.964536 1.212845 -1e-06 -1e-06 -1e-06 -3.440388 0.788232 0.501656 -15.928187 -3.16731 2.999706 -6.338826 -3e-06 -1e-06 -18.123447 3.648178 -4.905671 -3e-06 -0.0 -0.0 13.053119 8.328259 13.061485 54.950611 2.965758 3.867663 0.216981 46.333836 0.057734 4.080571 -6.139536 -14.430752 2.243541 -5.255036 -3.180156 14.282887 -0.826594 6.952499 -2e-06 -12.690602 1e-06 16.176857 -17.284035 2.618769 1.665665 -1.95592 -2.878297 4.727797 -4.170586 4.993923 11.020524 4e-06 -2e-06 12.10905 -3.735714 -2.866783 1e-06 1e-06 0.0 1.291985 -1.928548 -1.498088 14.800125 0.567468 3.865606 14.242569 -1.341735 -6.660655 19.631962 0.143927 -0.648244 50.222118 -0.737396 -6.192795 0.353029 -1.51115 -0.031939 20.222786 3.68431 2.316629 18.78727 7e-06 -0.0 10.751625 -0.479866 1.397908 1e-06 -0.0 0.0 3.273806 0.305947 -0.580111 21.486809 11.830376 2.266131 8.162928 1e-06 -3e-06 18.39908 -3.798983 -4.940576 4e-06 1e-06 -1e-06 -1.926214 3.034221 -39.444141 0.151063 0.197706 27.069324 2.364274 7.753236 5.831785 1.688709 -1.969231 -2.039335 -0.0 -0.0 2e-06 -3.144671 -9.994824 5.846816 -0.068175 0.344861 21.83255 -0.433686 12.077516 -16.011759 -1.483415 0.923328 -8.627194 0.0 0.0 -1e-06 
0.0 0.0 0.0 0.0 -0.0 0.0 -2.168224 94.788567 228.347916 1.115435 -1.980797 6.178581 0.670044 0.576039 -4.922368 -0.420298 2.419665 -6.6358 -1.197529 0.223009 11.200093 2.542207 1.95116 2.345318 0.320203 4.098881 -3.69664 -6.941274 5.493413 -11.719116 7.7e-05 -2.2e-05 7e-06 0.057761 -0.078338 0.035198 0.741515 -3.83169 -10.676726 -0.640104 3.683932 -10.649157 -14.736363 3.130496 14.592013 -57.167252 -13.347046 33.226803 0.026939 -28.897789 0.022611 3.424072 3.94328 -7.808543 -5.882114 9.861293 0.702591 -10.936881 -0.360573 7.156212 -1e-06 8.774831 1e-06 -16.038651 18.131868 6.174054 -1.844035 2.498507 -2.50728 -10.163611 4.67895 4.621111 -20.976042 0.0 1e-06 -21.226307 2.451702 -3.594006 0.0 -6e-06 0.0 -1.362683 2.240799 -0.746323 -21.33493 0.584914 3.008325 -13.821225 -1e-06 -0.0 -23.887188 -0.249076 -0.839488 -60.474476 2.262365 -0.898926 -0.294025 1.679688 0.833256 -14.218221 0.093217 1.300581 -34.212082 -0.287557 0.967165 -20.033232 0.96454 1.212842 -1e-06 -0.0 -0.0 -3.440391 0.788234 0.501656 -15.928201 -3.167309 2.999707 -6.338832 -0.0 -1e-06 -18.123466 3.648186 -4.905674 -2e-06 -1e-06 -1e-06 12.525225 7.91695 13.147084 56.533009 2.297327 3.854171 0.492001 45.648537 0.355466 3.840745 -6.015563 -14.000609 2.243542 -5.255038 -3.180158 14.282896 -0.826596 6.952503 -1e-06 -12.690609 1e-06 16.355207 -17.511759 2.525082 1.665667 -1.955924 -2.878299 4.7278 -4.170589 4.993925 11.020529 3e-06 -1e-06 12.109055 -3.735718 -2.866785 1e-06 0.0 0.0 1.291986 -1.92855 -1.498089 14.800131 0.567468 3.865608 14.242574 -1.341738 -6.660658 19.631969 0.143924 -0.648245 50.443535 -0.757509 -6.352298 0.35303 -1.511153 -0.03194 20.222797 3.684309 2.316631 18.787279 3e-06 -1e-06 10.751632 -0.479869 1.397905 1e-06 -0.0 0.0 3.273808 0.305947 -0.580111 21.486818 11.830377 2.266134 8.16293 1e-06 -2e-06 18.399088 -3.798988 -4.940576 4e-06 0.0 -2e-06 -4.425255 1.907098 -38.224857 0.231484 0.160125 29.929401 3.2311 8.746109 1.894726 1.6606 -1.970737 -1.055406 -0.0 -1e-06 2e-06 -7.344058 -11.526082 4.896145 -0.008837 0.496229 28.489433 -0.271518 13.521094 -12.423944 -1.510744 0.907072 -13.876369 0.0 0.0 -0.0 
0.0 0.0 0.0 0.0 -0.0 0.0 -1.341395 94.947578 231.874847 3.105825 -2.268468 5.808273 -0.5213 0.440318 -4.748802 -0.645958 2.451546 -6.510044 -1.796545 0.31208 10.875575 2.522002 1.860276 2.586173 0.298986 4.013206 -3.648815 -6.734172 5.568988 -12.585659 7.7e-05 -2.2e-05 6e-06 0.055337 -0.071646 0.044873 0.75133 -3.827774 -10.657317 -0.654974 3.691874 -10.634959 -13.662816 2.824648 14.825525 -58.130287 -13.632711 34.305283 0.125016 -28.458691 0.007334 3.013685 4.108449 -7.557312 -5.88211 9.86129 0.702591 -10.936878 -0.360575 7.156205 0.0 8.774828 -1e-06 -16.17053 18.251989 6.085167 -1.844034 2.498506 -2.507277 -10.163605 4.678947 4.621106 -20.976034 -3e-06 -1e-06 -21.226299 2.451698 -3.594003 0.0 -6e-06 0.0 -1.362682 2.240799 -0.746324 -21.334927 0.58491 3.008319 -13.821221 -3e-06 -1e-06 -23.887184 -0.249079 -0.839485 -60.601311 2.295697 -1.112765 -0.294025 1.679688 0.833255 -14.218216 0.093215 1.300577 -34.212067 -0.287564 0.967166 -20.033224 0.964536 1.212842 -1e-06 1e-06 0.0 -3.440391 0.788234 0.501657 -15.928194 -3.16731 2.999707 -6.33883 -1e-06 1e-06 -18.123457 3.648183 -4.905673 -3e-06 -1e-06 -1e-06 11.396313 7.718619 13.292798 58.525043 1.605078 4.347551 0.669614 44.848389 0.529629 3.908368 -5.92978 -13.346115 2.243544 -5.255042 -3.180159 14.282901 -0.826595 6.952503 -2e-06 -12.690616 2e-06 16.61405 -17.762228 2.415262 1.665668 -1.955923 -2.878301 4.727801 -4.170591 4.993925 11.020535 3e-06 -1e-06 12.10906 -3.735718 -2.866787 2e-06 0.0 0.0 1.291986 -1.92855 -1.49809 14.800138 0.567468 3.865608 14.242584 -1.341737 -6.660662 19.631985 0.143927 -0.648247 50.612907 -0.720966 -6.472174 0.353029 -1.511153 -0.03194 20.222803 3.684312 2.316628 18.787287 6e-06 -3e-06 10.751636 -0.479867 1.397905 1e-06 -0.0 0.0 3.273809 0.305948 -0.580111 21.48683 11.830384 2.266132 8.162935 3e-06 -4e-06 18.399096 -3.798986 -4.940581 4e-06 1e-06 -3e-06 -6.978768 1.357687 -35.9193 0.184379 0.108213 31.025967 4.05662 9.460006 -1.118595 1.643352 -1.987691 -0.415257 0.0 -0.0 2e-06 -11.470263 -13.111282 2.350644 0.141327 0.574455 37.87529 -0.132807 14.664044 -6.664883 -1.528421 0.829715 -19.007332 -0.0 -0.0 -1e-06 
0.0 0.0 0.0 0.0 -0.0 0.0 -0.570528 95.279045 235.192963 4.51936 -2.477162 5.421333 -1.475133 0.316324 -4.558325 -0.76847 2.283561 -6.312662 -2.069186 0.308667 10.635398 2.463461 1.890811 2.620507 0.287593 3.94089 -3.632477 -6.68353 5.692756 -13.056616 7.7e-05 -2.2e-05 6e-06 0.052573 -0.062175 0.048449 0.743707 -3.819963 -10.643007 -0.653563 3.701695 -10.61741 -13.074385 2.555053 14.974816 -58.511349 -14.083789 34.697083 0.01821 -28.555849 0.068562 2.781336 4.326293 -7.331326 -5.882108 9.86129 0.70259 -10.936875 -0.360576 7.156205 1e-06 8.77483 -0.0 -16.30076 18.247931 6.018173 -1.844033 2.498505 -2.507277 -10.163603 4.678946 4.621108 -20.97603 -6e-06 0.0 -21.226295 2.451696 -3.594 1e-06 -6e-06 -1e-06 -1.362682 2.240798 -0.746324 -21.334923 0.584909 3.008325 -13.821218 -4e-06 -0.0 -23.887178 -0.249082 -0.839485 -60.738426 2.328084 -1.174949 -0.294026 1.679688 0.833257 -14.218215 0.093214 1.300579 -34.212067 -0.287569 0.967169 -20.033222 0.964533 1.212844 -0.0 -1e-06 0.0 -3.44039 0.788234 0.501655 -15.928192 -3.167311 2.999707 -6.338829 -1e-06 -1e-06 -18.123453 3.648182 -4.905674 -3e-06 -0.0 -0.0 10.805712 7.597902 13.412761 59.682133 0.872723 5.241165 0.577313 44.243904 0.464354 4.266737 -5.997562 -12.466675 2.243543 -5.255039 -3.180158 14.282896 -0.826596 6.952506 -3e-06 -12.69061 2e-06 16.843227 -17.91283 2.330447 1.665667 -1.955922 -2.878299 4.7278 -4.170589 4.993926 11.020531 3e-06 -1e-06 12.109056 -3.735717 -2.866785 2e-06 -0.0 0.0 1.291986 -1.92855 -1.49809 14.800136 0.567469 3.865609 14.24258 -1.341735 -6.660661 19.631975 0.143927 -0.648245 50.611591 -0.703281 -6.49967 0.353029 -1.511151 -0.031939 20.222801 3.684312 2.316632 18.787283 4e-06 -0.0 10.751633 -0.479869 1.397907 0.0 -1e-06 1e-06 3.273808 0.305948 -0.58011 21.486824 11.830378 2.266131 8.162933 1e-06 -0.0 18.399092 -3.798986 -4.940578 4e-06 1e-06 -2e-06 -9.046247 1.417964 -33.098362 0.165985 0.116006 30.857336 4.598651 9.589121 -3.45211 1.624374 -2.012019 -0.316467 0.0 -0.0 2e-06 -14.616374 -14.354081 -1.64619 0.288407 0.555614 48.564018 0.07996 14.816757 -0.158468 -1.467401 0.747963 -18.543022 -0.0 0.0 -3e-06 
0.0 0.0 0.0 0.0 -0.0 0.0 0.096868 95.732056 238.42334 5.336165 -2.465285 5.221518 -2.170555 0.112752 -4.403973 -0.832145 1.989381 -6.190965 -2.09475 0.196303 10.533211 2.485861 2.020822 2.513897 0.305436 3.855817 -3.672041 -6.740147 5.846204 -13.46634 7.7e-05 -2.2e-05 6e-06 0.05363 -0.04899 0.063653 0.732523 -3.812899 -10.632552 -0.640656 3.722163 -10.606158 -12.959764 2.235324 15.091221 -58.160477 -14.789106 34.687325 -0.174796 -29.049484 0.117975 2.847782 4.472791 -7.54537 -5.882108 9.861288 0.702591 -10.936872 -0.360574 7.156205 -0.0 8.774828 0.0 -16.320986 18.151119 5.996716 -1.844033 2.498506 -2.50728 -10.1636 4.678947 4.62111 -20.976027 -2e-06 1e-06 -21.226292 2.451698 -3.594003 1e-06 -6e-06 -1e-06 -1.362682 2.240798 -0.746322 -21.334917 0.584912 3.008324 -13.821215 -1e-06 -1e-06 -23.887178 -0.249078 -0.839484 -60.748508 2.244215 -1.062662 -0.294025 1.679687 0.833257 -14.218211 0.093216 1.300581 -34.212059 -0.287563 0.967166 -20.033218 0.964537 1.212841 -1e-06 1e-06 1e-06 -3.440389 0.788233 0.501657 -15.928189 -3.167309 2.999708 -6.338827 -1e-06 -1e-06 -18.123447 3.648184 -4.905674 -2e-06 -0.0 -0.0 11.017556 7.323126 13.454217 60.043163 0.248117 6.257243 0.170867 43.67366 0.176705 4.627589 -6.045475 -11.472565 2.243541 -5.255035 -3.180157 14.282889 -0.826597 6.952503 -1e-06 -12.690605 1e-06 16.877205 -17.941992 2.345771 1.665666 -1.955921 -2.878299 4.727798 -4.170588 4.993926 11.020526 2e-06 -1e-06 12.109052 -3.735717 -2.866783 1e-06 -0.0 -0.0 1.291985 -1.928549 -1.49809 14.800127 0.567466 3.865609 14.242571 -1.341738 -6.660659 19.631968 0.143923 -0.648245 50.441303 -0.713922 -6.435676 0.353029 -1.51115 -0.03194 20.222788 3.684308 2.316632 18.787271 1e-06 -0.0 10.751631 -0.479871 1.397906 1e-06 -1e-06 1e-06 3.273806 0.305947 -0.580111 21.486813 11.830374 2.266135 8.162928 0.0 0.0 18.399086 -3.798989 -4.940576 5e-06 0.0 -1e-06 -10.49974 1.879436 -30.143217 0.237859 0.220102 29.907124 4.820205 9.112248 -5.388005 1.614776 -2.056043 -0.768575 0.0 -0.0 2e-06 -16.262367 -15.147243 -6.560399 0.365143 0.423887 58.734299 -0.101644 13.26405 4.212 -1.31051 0.78299 -9.75851 -0.0 0.0 -0.0 
0.0 0.0 0.0 0.0 -0.0 0.0 0.596219 96.286247 241.62677 5.566276 -2.034761 5.234954 -2.664878 -0.139543 -4.316915 -0.857463 1.616229 -6.142563 -1.839304 -0.141745 10.514747 2.616869 2.065602 2.411704 0.306014 3.767413 -3.720098 -6.820767 5.979119 -13.966493 7.7e-05 -2.3e-05 6e-06 0.05833 -0.022623 0.075357 0.732661 -3.792078 -10.643769 -0.630771 3.755448 -10.622275 -12.77226 1.808462 15.083805 -57.756176 -15.834158 35.099606 -0.234167 -29.400141 0.084957 3.228925 4.559045 -7.89985 -5.882107 9.861287 0.702591 -10.936876 -0.360577 7.156209 2e-06 8.774828 -2e-06 -16.262426 18.196909 6.088211 -1.844033 2.498505 -2.507278 -10.163604 4.678944 4.621111 -20.976032 -8e-06 4e-06 -21.226292 2.451694 -3.593995 1e-06 -5e-06 0.0 -1.362682 2.240799 -0.746325 -21.334925 0.584905 3.008327 -13.821218 -5e-06 5e-06 -23.887178 -0.24908 -0.839476 -60.743107 2.202303 -0.900183 -0.294025 1.679688 0.833256 -14.218215 0.093212 1.300579 -34.212067 -0.287569 0.967176 -20.033222 0.964536 1.212847 -1e-06 -0.0 -1e-06 -3.44039 0.788233 0.501659 -15.928194 -3.167313 2.99971 -6.338829 -3e-06 2e-06 -18.123453 3.64818 -4.905671 -3e-06 0.0 -1e-06 11.557217 6.853976 13.371544 60.201267 -0.315112 6.947274 -0.114341 42.943356 0.003794 4.548971 -5.936367 -10.769086 2.243544 -5.25504 -3.180161 14.282906 -0.826596 6.952508 -5e-06 -12.690612 3e-06 16.797049 -17.933046 2.393907 1.665668 -1.955924 -2.878301 4.727803 -4.17059 4.993927 11.020537 4e-06 -2e-06 12.109063 -3.735717 -2.866787 1e-06 0.0 -0.0 1.291987 -1.92855 -1.498091 14.800142 0.567468 3.865609 14.242586 -1.341735 -6.660664 19.631985 0.143927 -0.648245 50.367535 -0.688508 -6.351631 0.353029 -1.511151 -0.03194 20.222811 3.684314 2.31663 18.787292 7e-06 -1e-06 10.751639 -0.479869 1.397907 -1e-06 -1e-06 1e-06 3.27381 0.305947 -0.580112 21.486834 11.830383 2.266131 8.162935 3e-06 -2e-06 18.399099 -3.798983 -4.940578 4e-06 1e-06 -1e-06 -11.203937 2.424151 -27.114967 0.282663 0.292086 28.363682 4.74983 8.31784 -6.9866 1.600442 -2.075885 -1.130899 0.0 -0.0 2e-06 -16.365793 -15.938798 -11.495115 0.375623 0.263033 66.19384 -0.49963 12.618222 3.877623 -1.27678 0.841601 -5.450645 0.0 0.0 -1e-06 
0.0 0.0 0.0 0.0 -0.0 0.0 0.963384 96.897667 244.745209 5.299992 -1.209156 5.263243 -2.951397 -0.415177 -4.184073 -0.836818 1.162683 -6.10373 -1.36657 -0.608209 10.519157 2.838768 1.987965 2.378753 0.266661 3.739386 -3.748349 -6.9175 5.952458 -14.301813 7.7e-05 -2.2e-05 6e-06 0.061052 0.002347 0.069914 0.733335 -3.769581 -10.660518 -0.624499 3.782891 -10.650898 -12.288587 1.225102 15.116997 -57.636608 -17.256104 35.57048 -0.278182 -29.499689 0.042295 3.706323 4.7694 -7.711463 -5.882108 9.861289 0.702591 -10.936877 -0.360575 7.15621 1e-06 8.774829 -0.0 -16.175758 18.31764 6.226223 -1.844033 2.498505 -2.507279 -10.163604 4.678946 4.621112 -20.976032 -5e-06 3e-06 -21.226295 2.451696 -3.594001 1e-06 -5e-06 2e-06 -1.362681 2.240798 -0.746324 -21.334923 0.584909 3.008327 -13.821219 -3e-06 3e-06 -23.887178 -0.249079 -0.83948 -60.745682 2.162344 -0.736757 -0.294025 1.679688 0.833256 -14.218215 0.093214 1.300581 -34.212063 -0.287564 0.967174 -20.033222 0.964538 1.212846 0.0 -0.0 1e-06 -3.44039 0.788233 0.501658 -15.928192 -3.167312 2.999709 -6.338829 -2e-06 1e-06 -18.123455 3.648184 -4.905671 -4e-06 1e-06 1e-06 12.05492 6.295372 13.285166 60.52562 -0.922967 7.069234 -0.176727 42.235249 -0.029259 4.224495 -5.865955 -10.382439 2.243543 -5.255039 -3.180159 14.2829 -0.826595 6.952506 -2e-06 -12.69061 0.0 16.738195 -17.973368 2.442358 1.665667 -1.955922 -2.8783 4.727801 -4.170589 4.993926 11.020535 3e-06 -2e-06 12.109058 -3.735717 -2.866787 0.0 0.0 -0.0 1.291986 -1.92855 -1.498089 14.800136 0.56747 3.865608 14.242581 -1.341736 -6.660662 19.631975 0.143927 -0.648246 50.412327 -0.648537 -6.259668 0.353029 -1.511151 -0.03194 20.222803 3.684312 2.316629 18.787287 6e-06 -3e-06 10.751633 -0.479868 1.397906 -1e-06 -0.0 1e-06 3.273809 0.305947 -0.580112 21.486828 11.830382 2.266131 8.162933 3e-06 -1e-06 18.399094 -3.798986 -4.94058 4e-06 1e-06 -2e-06 -11.260561 3.071722 -23.963888 0.232576 0.258957 26.335276 4.524448 7.185502 -8.147001 1.592839 -2.061283 -1.248003 0.0 -0.0 2e-06 -15.128562 -16.83193 -16.341228 0.350529 0.1176 70.331764 -0.396007 13.127887 2.766603 -1.287445 0.859153 -4.417148 -0.0 0.0 -1e-06 
0.0 0.0 0.0 0.0 -0.0 0.0 1.237873 97.47596 247.73111 4.851621 -0.154763 5.265844 -3.161767 -0.654362 -3.98127 -0.782331 0.661792 -6.046425 -0.810945 -1.09509 10.50705 3.103205 1.839789 2.330525 0.24145 3.697637 -3.761001 -7.019557 5.780128 -14.368251 7.7e-05 -2.2e-05 6e-06 0.058827 0.007402 0.057569 0.726452 -3.764025 -10.675419 -0.620421 3.78607 -10.67388 -11.639923 0.505505 15.139222 -57.675018 -18.797943 35.889141 -0.293945 -29.747547 0.022459 4.092834 5.089391 -7.405333 -5.882114 9.861297 0.702593 -10.936885 -0.360575 7.156212 1e-06 8.774835 0.0 -16.067497 18.417835 6.337067 -1.844035 2.498506 -2.507281 -10.163612 4.67895 4.621112 -20.976053 -4e-06 -1e-06 -21.226315 2.451698 -3.594004 1e-06 -5e-06 1e-06 -1.362684 2.240799 -0.746325 -21.334942 0.584909 3.008325 -13.821233 -4e-06 -1e-06 -23.887199 -0.24908 -0.839483 -60.703785 2.135746 -0.671448 -0.294025 1.679689 0.833257 -14.218227 0.093214 1.300581 -34.212097 -0.287569 0.96717 -20.033241 0.964533 1.212844 0.0 -0.0 1e-06 -3.440392 0.788234 0.501655 -15.928206 -3.167314 2.99971 -6.338834 -1e-06 -0.0 -18.12347 3.648184 -4.905676 -4e-06 1e-06 0.0 12.527149 5.701416 13.230592 60.850777 -1.630644 6.717559 -0.040941 41.827049 0.033711 3.996388 -5.877658 -10.250865 2.243543 -5.25504 -3.180159 14.282899 -0.826594 6.952503 -3e-06 -12.690616 -1e-06 16.660988 -18.006357 2.48296 1.665668 -1.955921 -2.878299 4.727801 -4.17059 4.993925 11.020534 3e-06 -2e-06 12.109059 -3.735718 -2.866787 1e-06 0.0 0.0 1.291986 -1.92855 -1.49809 14.800138 0.567469 3.865608 14.242582 -1.341736 -6.660661 19.631981 0.143927 -0.648246 50.391617 -0.637555 -6.235184 0.353029 -1.511152 -0.03194 20.222803 3.684315 2.316629 18.787285 7e-06 -4e-06 10.751634 -0.479867 1.397905 -0.0 -0.0 1e-06 3.273809 0.305947 -0.580112 21.486828 11.830384 2.266131 8.162933 3e-06 -2e-06 18.399094 -3.798985 -4.940581 4e-06 1e-06 -2e-06 -10.854037 3.777549 -20.661358 0.143434 0.168551 23.969315 4.057354 5.785504 -9.139363 1.592243 -2.014995 -1.218958 -0.0 -0.0 2e-06 -13.136509 -17.677132 -20.988213 0.323052 0.044936 71.175186 0.60704 14.298038 2.585742 -1.293067 0.85914 -4.123573 0.0 -0.0 -1e-06 
0.0 0.0 0.0 0.0 -0.0 0.0 1.440864 97.93222 250.617264 4.441803 0.93653 5.378685 -3.356548 -0.822087 -3.807292 -0.723366 0.20067 -5.994417 -0.293781 -1.535817 10.523931 3.377419 1.668879 2.094337 0.236375 3.575038 -3.759469 -7.082064 5.537722 -14.247195 7.7e-05 -2.3e-05 6e-06 0.05365 -0.012471 0.044164 0.715867 -3.780048 -10.679218 -0.618698 3.760056 -10.678774 -11.105118 -0.209812 15.033948 -57.536587 -20.275904 35.849415 -0.319386 -30.499886 0.038771 4.389187 5.382277 -7.320521 -5.88211 9.861292 0.702591 -10.936876 -0.360574 7.156207 -1e-06 8.77483 -1e-06 -15.92194 18.487942 6.426601 -1.844033 2.498506 -2.507277 -10.163604 4.678949 4.621112 -20.976034 -1e-06 -1e-06 -21.226297 2.4517 -3.594003 0.0 -5e-06 -1e-06 -1.362682 2.240799 -0.746324 -21.334925 0.584912 3.008321 -13.82122 -1e-06 -1e-06 -23.887182 -0.249078 -0.839486 -60.623325 2.170351 -0.698303 -0.294026 1.679688 0.833256 -14.218215 0.093217 1.30058 -34.212067 -0.287561 0.967168 -20.033226 0.964538 1.212842 -1e-06 -1e-06 -0.0 -3.440389 0.788234 0.501655 -15.928192 -3.16731 2.999708 -6.338828 -1e-06 -1e-06 -18.123457 3.648186 -4.905673 -5e-06 -0.0 0.0 13.153509 5.12832 13.12929 60.863522 -2.446719 6.277161 0.185028 41.787701 0.130003 3.933149 -5.844191 -10.258987 2.243543 -5.25504 -3.180159 14.282896 -0.826595 6.952505 -2e-06 -12.690612 0.0 16.560835 -17.998039 2.51113 1.665667 -1.955922 -2.8783 4.7278 -4.170589 4.993925 11.020531 3e-06 -1e-06 12.109057 -3.735718 -2.866786 1e-06 -0.0 0.0 1.291986 -1.928551 -1.498089 14.800134 0.567468 3.865608 14.242579 -1.341736 -6.660661 19.631973 0.143927 -0.648246 50.274471 -0.642092 -6.278783 0.353029 -1.511152 -0.03194 20.222797 3.68431 2.31663 18.787279 4e-06 -1e-06 10.751632 -0.479869 1.397905 -0.0 -1e-06 0.0 3.273808 0.305946 -0.580111 21.486824 11.830381 2.266132 8.162931 2e-06 -1e-06 18.399092 -3.798987 -4.940577 4e-06 0.0 -1e-06 -10.370134 4.368343 -17.542843 0.075966 0.084196 21.583296 3.613709 4.409861 -9.973845 1.595768 -1.950996 -1.122934 0.0 0.0 2e-06 -10.870816 -18.369184 -25.526262 0.273059 -0.02282 69.20163 1.880435 15.08668 2.815918 -1.304342 0.851244 -4.090045 0.0 0.0 -2e-06 
0.0 0.0 0.0 0.0 -0.0 0.0 1.583226 98.216568 253.424576 4.146064 1.870256 5.718874 -3.533111 -0.912872 -3.735799 -0.681903 -0.154427 -5.975178 0.143547 -1.885988 10.583284 3.627053 1.521295 1.600664 0.23631 3.400877 -3.75401 -7.078932 5.282001 -14.101819 7.7e-05 -2.3e-05 6e-06 0.046622 -0.056394 0.033645 0.703656 -3.818891 -10.674869 -0.619409 3.709164 -10.66743 -10.760262 -0.821521 14.812198 -57.168285 -21.654299 35.427181 -0.368589 -31.787039 0.082858 4.696851 5.534039 -7.56776 -5.882107 9.861283 0.702591 -10.93687 -0.360574 7.156204 -0.0 8.774822 -1e-06 -15.754012 18.533829 6.502193 -1.844032 2.498504 -2.507279 -10.163597 4.678944 4.621106 -20.976021 -3e-06 2e-06 -21.226286 2.451696 -3.594 1e-06 -5e-06 -1e-06 -1.362682 2.240798 -0.746323 -21.334911 0.584911 3.008323 -13.821213 -2e-06 -1e-06 -23.887165 -0.249077 -0.839485 -60.541008 2.244318 -0.761691 -0.294025 1.679687 0.833256 -14.218207 0.093216 1.30058 -34.212048 -0.287562 0.967168 -20.033211 0.964537 1.212841 -1e-06 1e-06 -0.0 -3.440387 0.788233 0.501655 -15.928185 -3.167308 2.999706 -6.338824 -1e-06 -2e-06 -18.123444 3.648183 -4.905672 -4e-06 -1e-06 -1e-06 13.935263 4.65052 13.016059 60.538494 -3.212126 5.967032 0.36555 41.934795 0.196036 3.994694 -5.738759 -10.22638 2.243541 -5.255035 -3.180156 14.282888 -0.826594 6.952503 -3e-06 -12.690601 1e-06 16.483616 -17.970652 2.533036 1.665666 -1.955922 -2.878298 4.727798 -4.170586 4.993923 11.020524 2e-06 0.0 12.109052 -3.735715 -2.866783 1e-06 -0.0 0.0 1.291985 -1.928548 -1.498089 14.800125 0.567468 3.865609 14.242568 -1.341735 -6.660653 19.63196 0.143925 -0.648243 50.14497 -0.658715 -6.336364 0.353029 -1.51115 -0.03194 20.222788 3.684309 2.316632 18.78727 4e-06 1e-06 10.751629 -0.479869 1.397906 1e-06 -0.0 1e-06 3.273806 0.305947 -0.58011 21.486809 11.830369 2.266134 8.162927 2e-06 1e-06 18.399076 -3.798986 -4.940573 4e-06 0.0 -2e-06 -9.946315 4.80869 -14.903639 0.04862 0.031014 19.502779 3.267225 3.278539 -10.809573 1.603579 -1.893525 -0.983227 0.0 0.0 2e-06 -8.582378 -18.713148 -29.922239 0.182862 -0.101572 64.775452 3.005801 14.929347 2.977381 -1.326345 0.835786 -4.115182 -0.0 0.0 -4e-06 
0.0 0.0 0.0 0.0 -0.0 0.0 1.681723 98.315689 256.190308 3.973458 2.539157 6.300365 -3.696174 -0.932397 -3.787794 -0.65807 -0.417902 -5.994931 0.49902 -2.127796 10.665739 3.853828 1.413146 0.920021 0.206175 3.213765 -3.738924 -7.054644 5.084483 -14.045217 7.7e-05 -2.2e-05 6e-06 0.036567 -0.112651 0.030707 0.688191 -3.870363 -10.656303 -0.623342 3.647822 -10.637205 -10.534613 -1.297052 14.509215 -56.715691 -22.923578 34.822392 -0.42687 -33.410984 0.148625 5.05677 5.608882 -8.163752 -5.88211 9.86129 0.702591 -10.936877 -0.360574 7.156211 -0.0 8.77483 -1e-06 -15.573321 18.580929 6.575649 -1.844034 2.498507 -2.507278 -10.163605 4.678948 4.621111 -20.976034 -1e-06 1e-06 -21.226301 2.451698 -3.594005 2e-06 -4e-06 -2e-06 -1.362682 2.240799 -0.746324 -21.334925 0.584912 3.008327 -13.82122 -1e-06 1e-06 -23.887182 -0.249079 -0.839486 -60.466736 2.343953 -0.84455 -0.294025 1.679688 0.833255 -14.218215 0.093217 1.30058 -34.212067 -0.287563 0.967165 -20.033222 0.964537 1.212841 -0.0 -1e-06 -1e-06 -3.440391 0.788234 0.501657 -15.928198 -3.167311 2.999709 -6.338829 -1e-06 -1e-06 -18.123457 3.648185 -4.905674 -5e-06 1e-06 -1e-06 14.748433 4.301191 12.937587 60.045593 -3.774004 5.758441 0.470692 42.090305 0.214705 4.12395 -5.682663 -10.100836 2.243541 -5.255037 -3.180158 14.282888 -0.826594 6.952504 -2e-06 -12.690605 2e-06 16.433289 -17.948172 2.544903 1.665666 -1.955921 -2.878299 4.727798 -4.170588 4.993926 11.020526 3e-06 -1e-06 12.109052 -3.735715 -2.866784 -0.0 0.0 0.0 1.291985 -1.928549 -1.49809 14.800127 0.567468 3.865608 14.24257 -1.341735 -6.660658 19.631968 0.143927 -0.648244 50.078293 -0.677558 -6.395085 0.353029 -1.511152 -0.03194 20.222792 3.684311 2.316631 18.787273 5e-06 -0.0 10.751627 -0.479869 1.397906 -0.0 -1e-06 -1e-06 3.273806 0.305946 -0.580111 21.486816 11.830377 2.266135 8.162928 3e-06 0.0 18.399082 -3.798986 -4.940573 4e-06 0.0 -1e-06 -9.616161 5.126627 -12.811924 0.049025 0.006395 17.913977 3.008208 2.452519 -11.810059 1.613394 -1.862258 -0.878137 -0.0 0.0 2e-06 -6.432134 -18.557417 -33.945297 0.105146 -0.120316 58.142776 4.087558 14.031555 2.952366 -1.363867 0.834296 -4.222582 0.0 -0.0 -1e-06 
0.0 0.0 0.0 0.0 -0.0 0.0 1.753858 98.233337 258.976776 3.881712 2.968737 7.029948 -3.819074 -0.922745 -3.951267 -0.631665 -0.660766 -6.031652 0.756586 -2.228038 10.753869 4.052531 1.333115 0.18768 0.138801 3.019914 -3.711209 -7.047481 4.988034 -14.08592 7.7e-05 -2.3e-05 6e-06 0.025043 -0.146993 0.040464 0.674523 -3.903439 -10.628444 -0.632377 3.612777 -10.59981 -10.351475 -1.66934 14.2401 -56.304569 -24.053175 34.20034 -0.465386 -35.104595 0.212394 5.46479 5.636265 -8.934312 -5.882109 9.861289 0.70259 -10.936873 -0.360573 7.156206 -1e-06 8.774828 -1e-06 -15.420902 18.638329 6.61962 -1.844032 2.498504 -2.507276 -10.1636 4.678948 4.621109 -20.976025 -1e-06 -2e-06 -21.22629 2.451698 -3.594005 2e-06 -5e-06 0.0 -1.362682 2.240798 -0.746323 -21.334913 0.584914 3.008322 -13.821213 -0.0 -2e-06 -23.887171 -0.249079 -0.839489 -60.387718 2.436315 -0.962245 -0.294026 1.679689 0.833255 -14.218209 0.093217 1.300578 -34.212048 -0.287562 0.967164 -20.033218 0.964535 1.212839 0.0 -1e-06 1e-06 -3.440389 0.788234 0.501657 -15.928185 -3.16731 2.999707 -6.338826 0.0 -1e-06 -18.123447 3.648184 -4.905674 -5e-06 -0.0 -1e-06 15.429316 4.063115 12.849275 59.599957 -4.144516 5.557961 0.564869 42.206329 0.227082 4.25017 -5.758728 -9.962581 2.243543 -5.25504 -3.180159 14.282891 -0.826595 6.9525 -2e-06 -12.690611 1e-06 16.41205 -17.909031 2.53661 1.665667 -1.955922 -2.878299 4.727798 -4.170588 4.993925 11.020529 3e-06 -4e-06 12.109056 -3.735717 -2.866788 1e-06 0.0 -0.0 1.291986 -1.92855 -1.49809 14.800131 0.567469 3.865605 14.242577 -1.341736 -6.660663 19.631969 0.143929 -0.648249 50.092197 -0.686443 -6.442726 0.353029 -1.511151 -0.03194 20.222797 3.684313 2.316626 18.787279 7e-06 -4e-06 10.751631 -0.479867 1.397905 1e-06 -0.0 0.0 3.273808 0.305947 -0.580112 21.486818 11.830383 2.26613 8.162928 3e-06 -2e-06 18.399082 -3.798984 -4.94058 3e-06 0.0 -0.0 -9.335888 5.315331 -11.141216 0.063035 0.008591 16.878866 2.812798 1.870174 -13.080012 1.620336 -1.861435 -0.865717 -0.0 0.0 2e-06 -4.496353 -17.910517 -37.161701 0.122815 -0.042161 49.481152 5.104899 12.591567 3.122988 -1.41102 0.881692 -4.550828 0.0 -0.0 -1e-06 
0.0 0.0 0.0 0.0 -0.0 0.0 1.79416 98.023697 261.82724 3.744646 3.244398 7.81629 -3.817812 -0.915127 -4.191556 -0.582407 -0.882548 -6.093302 0.92855 -2.240629 10.846368 4.164503 1.292972 -0.513629 0.086799 2.814604 -3.681909 -7.076612 4.980772 -14.167817 7.7e-05 -2.3e-05 6e-06 0.012668 -0.154855 0.053282 0.6694 -3.913759 -10.619397 -0.651768 3.608179 -10.586843 -10.175609 -1.985501 14.075642 -56.007278 -25.022442 33.71941 -0.426018 -36.642529 0.252014 5.822279 5.618242 -9.532679 -5.882107 9.861287 0.70259 -10.936873 -0.360576 7.156207 1e-06 8.774828 -3e-06 -15.350878 18.700813 6.595014 -1.844032 2.498503 -2.507277 -10.163599 4.678944 4.621109 -20.976027 -4e-06 1e-06 -21.226288 2.451696 -3.593999 2e-06 -5e-06 0.0 -1.362681 2.240799 -0.746324 -21.334915 0.584908 3.008324 -13.821215 -3e-06 1e-06 -23.887171 -0.249081 -0.83948 -60.342598 2.495854 -1.107369 -0.294024 1.679687 0.833255 -14.21821 0.093215 1.300581 -34.212048 -0.287566 0.967172 -20.033213 0.964537 1.212844 0.0 0.0 -0.0 -3.440388 0.788233 0.501656 -15.928187 -3.167312 2.999707 -6.338827 -2e-06 1e-06 -18.123447 3.648182 -4.905669 -4e-06 0.0 -1e-06 15.890008 3.894027 12.694575 59.311165 -4.43384 5.395432 0.592433 42.34795 0.212407 4.366032 -5.926387 -9.87376 2.243542 -5.255037 -3.180158 14.282895 -0.826594 6.952502 -2e-06 -12.690607 -1e-06 16.434795 -17.878683 2.517612 1.665667 -1.955921 -2.878299 4.727798 -4.170588 4.993925 11.020528 3e-06 -2e-06 12.109055 -3.735716 -2.866786 1e-06 0.0 0.0 1.291986 -1.92855 -1.49809 14.800132 0.567469 3.865607 14.242577 -1.341736 -6.660661 19.631969 0.143927 -0.648246 50.211208 -0.694772 -6.462452 0.353029 -1.511151 -0.03194 20.222795 3.684311 2.316629 18.787275 6e-06 -2e-06 10.751632 -0.479868 1.397906 -0.0 -0.0 0.0 3.273808 0.305947 -0.580112 21.48682 11.830378 2.266132 8.16293 1e-06 -1e-06 18.399086 -3.798984 -4.940578 3e-06 0.0 -1e-06 -8.945548 5.393214 -9.746499 0.081504 0.035912 16.153412 2.608057 1.441924 -14.542118 1.626018 -1.87988 -0.928316 0.0 0.0 2e-06 -2.665218 -16.939672 -39.356689 0.206522 0.063052 38.899853 6.002068 10.644953 3.8357 -1.442045 0.987518 -4.897515 -0.0 0.0 -1e-06 
0.0 0.0 0.0 0.0 -0.0 0.0 1.764904 97.711853 264.780212 3.523521 3.493538 8.529952 -3.696661 -0.863781 -4.432699 -0.531827 -1.046228 -6.189614 1.056358 -2.323475 10.91587 4.181964 1.331239 -1.091334 0.07875 2.645419 -3.669708 -7.14609 4.897332 -14.208239 7.7e-05 -2.3e-05 6e-06 0.003699 -0.137189 0.052406 0.676035 -3.893593 -10.630684 -0.676079 3.624679 -10.597259 -10.006253 -2.277617 14.044934 -55.836197 -25.758957 33.549564 -0.287631 -37.870838 0.254809 5.93015 5.603933 -9.635704 -5.882112 9.86129 0.702592 -10.936878 -0.360573 7.156208 -0.0 8.77483 -0.0 -15.353582 18.755194 6.533897 -1.844034 2.498505 -2.507279 -10.163605 4.678947 4.62111 -20.976036 -0.0 2e-06 -21.226303 2.451698 -3.594003 2e-06 -5e-06 -1e-06 -1.362683 2.2408 -0.746326 -21.334927 0.584911 3.008323 -13.821221 -3e-06 -1e-06 -23.887184 -0.249081 -0.839484 -60.356312 2.527313 -1.273681 -0.294025 1.679688 0.833256 -14.218219 0.093215 1.300579 -34.212074 -0.287563 0.967168 -20.033228 0.964539 1.212842 -1e-06 -0.0 0.0 -3.440391 0.788235 0.501655 -15.928198 -3.167309 2.999708 -6.338829 -1e-06 0.0 -18.123457 3.648183 -4.905673 -3e-06 1e-06 -3e-06 16.141376 3.75139 12.542138 59.185986 -4.705798 5.202064 0.544058 42.581985 0.178816 4.506869 -6.083259 -9.900971 2.243541 -5.255037 -3.180158 14.282889 -0.826595 6.952503 -2e-06 -12.690603 -0.0 16.442511 -17.906811 2.550084 1.665666 -1.955921 -2.878299 4.727798 -4.170588 4.993924 11.020526 2e-06 -2e-06 12.109052 -3.735716 -2.866785 -0.0 0.0 -0.0 1.291985 -1.92855 -1.498089 14.800127 0.567468 3.865608 14.242569 -1.341737 -6.660658 19.631962 0.143925 -0.648244 50.430992 -0.729888 -6.472028 0.353029 -1.51115 -0.03194 20.222788 3.684309 2.316631 18.78727 4e-06 0.0 10.751626 -0.479869 1.397907 -0.0 0.0 -0.0 3.273806 0.305947 -0.580111 21.486809 11.830374 2.266134 8.162926 1e-06 1e-06 18.399082 -3.798985 -4.940574 3e-06 1e-06 -0.0 -8.400741 5.529638 -8.197007 0.108333 0.041191 15.510922 2.32024 1.00691 -16.124128 1.636098 -1.896834 -1.073848 -0.0 0.0 2e-06 -0.887504 -15.880008 -40.548744 0.259368 0.079566 27.661751 7.04691 8.615728 4.474314 -1.423267 1.098251 -4.867058 -0.0 0.0 -1e-06 
0.0 0.0 0.0 0.0 -0.0 0.0 1.669102 97.274498 267.896027 3.312967 3.741657 9.023441 -3.5066 -0.748335 -4.604833 -0.511264 -1.172902 -6.286817 1.103849 -2.500329 10.962271 4.179802 1.454638 -1.474001 0.071946 2.486976 -3.67298 -7.314348 4.734306 -14.169028 7.7e-05 -2.3e-05 6e-06 0.010369 -0.090261 0.033812 0.694861 -3.837644 -10.644215 -0.681257 3.664599 -10.605673 -9.903872 -2.521599 14.066899 -55.633358 -26.152128 33.812775 -0.073445 -38.789345 0.166468 5.615975 5.610515 -9.326832 -5.882106 9.861284 0.702592 -10.936873 -0.360575 7.156207 1e-06 8.774826 -1e-06 -15.37951 18.807661 6.50984 -1.844033 2.498503 -2.507276 -10.163601 4.678945 4.621107 -20.976027 -3e-06 3e-06 -21.22629 2.451695 -3.593997 2e-06 -5e-06 -0.0 -1.362681 2.240797 -0.746325 -21.334913 0.584907 3.008323 -13.821214 -3e-06 2e-06 -23.887171 -0.24908 -0.83948 -60.340591 2.507814 -1.403995 -0.294025 1.679688 0.833258 -14.21821 0.093214 1.300581 -34.212051 -0.287566 0.967173 -20.033215 0.964535 1.212844 -1e-06 -0.0 -1e-06 -3.440388 0.788233 0.501656 -15.928187 -3.16731 2.999708 -6.338826 -1e-06 0.0 -18.123446 3.648182 -4.905666 -3e-06 1e-06 -2e-06 16.356838 3.619643 12.473257 59.023769 -5.005838 4.945646 0.479379 42.997501 0.127415 4.800086 -6.134658 -10.076859 2.243541 -5.255036 -3.180157 14.282887 -0.826594 6.952503 -2e-06 -12.690601 1e-06 16.386114 -17.935608 2.618388 1.665666 -1.955921 -2.878298 4.727798 -4.170586 4.993924 11.020526 3e-06 -1e-06 12.109052 -3.735715 -2.866784 -0.0 0.0 -0.0 1.291985 -1.928549 -1.498089 14.800129 0.567469 3.865608 14.242569 -1.341736 -6.660657 19.631968 0.143926 -0.648244 50.56168 -0.790955 -6.545745 0.353029 -1.511151 -0.03194 20.222788 3.68431 2.316631 18.78727 4e-06 0.0 10.751626 -0.479869 1.397907 -0.0 -0.0 -0.0 3.273806 0.305947 -0.580111 21.486813 11.830377 2.266134 8.162928 3e-06 -0.0 18.39908 -3.798985 -4.940573 3e-06 0.0 -1e-06 -7.745049 5.855259 -6.216823 0.108825 -0.02116 14.716555 1.977241 0.312669 -17.756626 1.658389 -1.883328 -1.322898 0.0 0.0 2e-06 0.697777 -14.862016 -41.256557 0.280166 0.033094 18.429054 8.403569 6.620538 4.115897 -1.360803 1.154846 -4.756428 0.0 -0.0 -1e-06 
0.0 0.0 0.0 0.0 -0.0 0.0 1.536896 96.683334 271.195312 3.183121 4.028521 9.287329 -3.238672 -0.694863 -4.767342 -0.508184 -1.26025 -6.337245 1.016294 -2.649495 10.98949 4.185102 1.396744 -1.630864 0.016837 2.471901 -3.667081 -7.60232 4.669583 -14.163197 7.7e-05 -2.3e-05 6e-06 0.022893 -0.066349 0.015737 0.700085 -3.808918 -10.633446 -0.661255 3.685136 -10.589223 -9.756937 -2.730061 13.966465 -55.621841 -26.147997 34.31179 0.060171 -39.228539 0.15823 5.029685 5.500793 -8.919334 -5.882107 9.861286 0.702589 -10.936873 -0.360574 7.15621 1e-06 8.774826 0.0 -15.448778 18.79991 6.433817 -1.844033 2.498504 -2.507278 -10.163601 4.678945 4.62111 -20.976025 -2e-06 3e-06 -21.226288 2.451696 -3.594001 2e-06 -5e-06 -0.0 -1.362683 2.240798 -0.746323 -21.334917 0.58491 3.008323 -13.821216 -2e-06 2e-06 -23.887175 -0.249079 -0.839482 -60.372173 2.507035 -1.546699 -0.294025 1.679687 0.833256 -14.21821 0.093217 1.30058 -34.212048 -0.287561 0.967172 -20.033216 0.964538 1.212845 -1e-06 0.0 1e-06 -3.440389 0.788234 0.501656 -15.928189 -3.16731 2.999709 -6.338826 0.0 1e-06 -18.123447 3.648184 -4.90567 -4e-06 1e-06 -1e-06 16.575705 3.459213 12.54723 58.855572 -5.278518 4.586812 0.287631 43.448948 0.061077 5.328191 -6.223035 -10.618351 2.243541 -5.255034 -3.180157 14.282887 -0.826595 6.952499 -3e-06 -12.6906 1e-06 16.307928 -17.987429 2.658755 1.665666 -1.95592 -2.878299 4.727798 -4.170586 4.993923 11.020526 3e-06 -3e-06 12.109052 -3.735713 -2.866784 1e-06 0.0 -0.0 1.291986 -1.928548 -1.498089 14.800127 0.567468 3.865605 14.242574 -1.341734 -6.660657 19.631969 0.143927 -0.648246 50.30061 -0.935526 -6.717613 0.353029 -1.51115 -0.03194 20.222788 3.684309 2.316628 18.78727 5e-06 -2e-06 10.751625 -0.479868 1.397906 -1e-06 -0.0 0.0 3.273807 0.305946 -0.580111 21.486809 11.83037 2.266129 8.162926 3e-06 0.0 18.39908 -3.798982 -4.940575 3e-06 0.0 -0.0 -7.067295 6.125768 -3.996685 0.106505 -0.102794 14.255884 1.551123 -0.545451 -19.376638 1.713952 -1.828628 -1.584929 0.0 0.0 2e-06 2.078728 -14.061852 -42.129871 0.190825 0.033648 13.257276 9.85071 4.854064 2.66434 -1.294973 1.154356 -4.489668 -0.0 -0.0 -0.0 
0.0 0.0 0.0 0.0 -0.0 0.0 1.335098 95.91153 274.744568 3.307852 4.404629 9.200062 -3.096491 -0.63091 -4.760854 -0.514992 -1.460497 -6.341776 0.848489 -2.718714 10.978413 4.071734 1.365879 -1.528405 0.049823 2.568545 -3.637517 -7.913091 4.633603 -14.298738 7.7e-05 -2.3e-05 6e-06 0.027473 -0.055649 0.022221 0.694579 -3.792606 -10.618516 -0.64591 3.690681 -10.55539 -9.567322 -2.919028 14.025984 -55.837162 -25.968081 34.678028 0.026134 -39.170479 0.063892 4.622328 5.253044 -8.391764 -5.882109 9.86129 0.702591 -10.936877 -0.360575 7.156208 1e-06 8.77483 1e-06 -15.553753 18.736221 6.412599 -1.844033 2.498504 -2.507278 -10.163605 4.678947 4.62111 -20.976038 -4e-06 1e-06 -21.226305 2.451695 -3.594004 2e-06 -4e-06 -0.0 -1.362683 2.240799 -0.746322 -21.334929 0.584909 3.008322 -13.821221 -3e-06 -1e-06 -23.887184 -0.249083 -0.839484 -60.482685 2.529459 -1.457742 -0.294023 1.679687 0.833258 -14.218217 0.093214 1.300581 -34.21207 -0.287566 0.96717 -20.033226 0.964537 1.212843 0.0 -0.0 0.0 -3.440391 0.788234 0.501655 -15.928198 -3.167312 2.999703 -6.33883 -1e-06 -0.0 -18.123459 3.648182 -4.905673 -4e-06 1e-06 -2e-06 16.541992 3.241054 12.658546 58.910812 -5.433556 4.315662 0.072847 43.813747 -0.045127 5.785194 -6.262907 -11.22629 2.243542 -5.25504 -3.180159 14.282894 -0.826594 6.952504 -1e-06 -12.690615 -1e-06 16.336243 -17.909531 2.591608 1.665666 -1.955922 -2.878299 4.727799 -4.17059 4.993924 11.020528 3e-06 -1e-06 12.109055 -3.735719 -2.866786 1e-06 0.0 -0.0 1.291986 -1.928551 -1.49809 14.800132 0.567469 3.865608 14.242574 -1.341739 -6.660661 19.631969 0.143927 -0.648245 50.117619 -0.85684 -6.753699 0.353029 -1.511152 -0.03194 20.222797 3.684313 2.31663 18.787275 4e-06 -2e-06 10.751629 -0.479868 1.397906 -1e-06 0.0 1e-06 3.273807 0.305948 -0.580111 21.486818 11.830382 2.266134 8.16293 1e-06 -0.0 18.399084 -3.798988 -4.940579 3e-06 0.0 -0.0 -6.474899 6.404373 -2.245379 0.08413 -0.208088 16.093178 0.829316 -1.427282 -20.73719 1.745354 -1.841114 -2.427778 0.0 -0.0 2e-06 2.907038 -13.698091 -43.168037 0.184134 0.099026 13.420769 10.484502 4.18642 1.069117 -1.292931 1.102639 -4.520984 -0.0 0.0 -1e-06 
0.0 0.0 0.0 0.0 -0.0 0.0 1.115888 95.187172 278.249542 3.084129 4.959079 8.978885 -2.649431 -0.463507 -4.871691 -0.484868 -1.666192 -6.380399 0.710316 -2.827497 11.082405 3.899071 1.308166 -1.361267 -0.005855 2.556308 -3.609549 -8.083944 4.426311 -14.230645 7.7e-05 -2.2e-05 6e-06 0.017464 -0.076543 0.032365 0.676551 -3.807205 -10.605552 -0.646978 3.664783 -10.529978 -9.718718 -3.035666 14.250252 -56.073547 -25.631023 34.882675 0.083986 -38.398937 -0.026614 4.511024 4.865911 -8.07585 -5.88211 9.86129 0.702592 -10.936877 -0.360574 7.156213 1e-06 8.77483 -1e-06 -15.620993 18.659433 6.427643 -1.844034 2.498506 -2.507279 -10.163605 4.678949 4.621112 -20.976034 -2e-06 1e-06 -21.226301 2.451698 -3.594003 2e-06 -5e-06 -1e-06 -1.362681 2.240798 -0.746324 -21.334925 0.584909 3.008325 -13.821221 -3e-06 2e-06 -23.887182 -0.249079 -0.839482 -60.562782 2.53159 -1.369616 -0.294026 1.679688 0.833257 -14.218215 0.093215 1.300579 -34.212067 -0.287564 0.96717 -20.033226 0.964538 1.212842 0.0 1e-06 2e-06 -3.44039 0.788234 0.501655 -15.928196 -3.16731 2.999709 -6.33883 -1e-06 0.0 -18.123459 3.648185 -4.905674 -4e-06 -0.0 -1e-06 16.808359 2.93057 12.762283 58.656326 -5.600659 3.978539 -0.103888 44.013592 -0.114848 5.850448 -6.246932 -11.675144 2.243543 -5.25504 -3.18016 14.282902 -0.826595 6.952507 -2e-06 -12.69061 1e-06 16.447947 -17.839657 2.508404 1.665667 -1.955922 -2.878301 4.727802 -4.17059 4.993927 11.020535 3e-06 -1e-06 12.109059 -3.735717 -2.866786 1e-06 0.0 0.0 1.291986 -1.92855 -1.49809 14.800139 0.567469 3.86561 14.242583 -1.341736 -6.660663 19.631983 0.143926 -0.648245 50.191521 -0.750264 -6.681701 0.353029 -1.51115 -0.03194 20.222803 3.684312 2.316632 18.787285 4e-06 0.0 10.751633 -0.479869 1.397908 -1e-06 -0.0 1e-06 3.273809 0.305946 -0.580111 21.486828 11.830382 2.266134 8.162935 1e-06 -0.0 18.399096 -3.798986 -4.940577 3e-06 0.0 -0.0 -5.356281 6.927722 -1.173507 0.097179 -0.339268 19.699295 0.106562 -2.724755 -21.12207 1.786525 -1.902103 -4.375703 -0.0 -0.0 2e-06 3.471901 -13.174197 -43.818821 0.24431 0.109899 17.60438 8.832147 4.601253 1.292749 -1.342285 1.098268 -4.846961 -0.0 0.0 -0.0 
0.0 0.0 0.0 0.0 -0.0 0.0 0.930979 94.73053 282.181183 1.71217 5.518393 8.771644 -1.480636 -0.286581 -5.296485 -0.374999 -1.634643 -6.564146 0.980535 -3.092441 11.368279 3.732017 1.301566 -1.035344 -0.090228 2.539398 -3.633845 -8.398922 4.304595 -13.806355 7.7e-05 -2.3e-05 6e-06 0.009959 -0.105389 0.010912 0.659127 -3.841162 -10.61875 -0.640936 3.641904 -10.55951 -10.776882 -2.89641 14.413253 -55.800663 -24.745811 34.627525 0.058211 -37.183968 -0.077543 4.529817 4.480356 -8.027843 -5.88211 9.861293 0.70259 -10.936881 -0.360575 7.156209 2e-06 8.774833 0.0 -15.552517 18.572201 6.440839 -1.844034 2.498506 -2.507282 -10.163608 4.678949 4.621109 -20.976044 -5e-06 -2e-06 -21.226309 2.451695 -3.594005 2e-06 -5e-06 -1e-06 -1.362684 2.2408 -0.746324 -21.334934 0.584908 3.008321 -13.821229 -4e-06 -0.0 -23.887196 -0.249086 -0.839486 -60.3009 2.457487 -1.305064 -0.294025 1.679689 0.833257 -14.218223 0.093213 1.300578 -34.212082 -0.28757 0.967165 -20.033232 0.964532 1.212842 0.0 0.0 -1e-06 -3.440392 0.788235 0.501655 -15.928203 -3.167313 2.999705 -6.338832 -2e-06 -1e-06 -18.123466 3.648183 -4.905676 -4e-06 1e-06 -2e-06 17.607258 2.616748 12.836171 57.859051 -5.859555 3.061999 0.041572 44.087795 0.131791 5.558666 -6.301052 -11.857157 2.243543 -5.255041 -3.180159 14.282902 -0.826595 6.952506 -3e-06 -12.690616 -1e-06 16.441282 -17.738058 2.466218 1.665668 -1.955923 -2.8783 4.727803 -4.170591 4.993926 11.020535 3e-06 -2e-06 12.10906 -3.735718 -2.866787 1e-06 0.0 0.0 1.291987 -1.928551 -1.49809 14.80014 0.56747 3.865609 14.242584 -1.341738 -6.660662 19.631985 0.143927 -0.648245 50.367214 -0.632587 -6.566143 0.353029 -1.511152 -0.03194 20.222809 3.684315 2.31663 18.787289 6e-06 -2e-06 10.751635 -0.479868 1.397906 -1e-06 -0.0 1e-06 3.27381 0.305947 -0.580112 21.486834 11.830388 2.266134 8.162935 2e-06 -1e-06 18.399099 -3.798986 -4.940581 3e-06 -0.0 -0.0 -2.572142 8.217466 -1.207505 0.111638 -0.498202 25.391216 -0.838776 -5.012776 -20.430962 1.883681 -1.929878 -8.324771 -0.0 -0.0 2e-06 4.625218 -11.677907 -43.976765 0.146731 0.063267 22.408539 5.170742 4.72136 3.099974 -1.390483 1.082317 -4.823091 0.0 0.0 -1e-06 
0.0 0.0 0.0 0.0 -0.0 0.0 0.611344 94.45636 286.336304 -0.066228 6.002554 8.225434 -0.219674 -0.182647 -5.515285 -0.164708 -1.775092 -6.701209 1.533671 -3.216288 11.47923 3.51042 1.269545 -0.499782 -0.123444 2.710284 -3.688636 -8.578328 4.342799 -13.422686 7.7e-05 -2.3e-05 6e-06 0.008226 -0.127474 -0.008105 0.678237 -3.870275 -10.67092 -0.662047 3.625751 -10.618878 -11.22142 -2.639859 14.701593 -56.400536 -23.413628 34.215076 0.085199 -35.793076 -0.091202 4.546672 4.277848 -7.93982 -5.88211 9.861292 0.702591 -10.936877 -0.360574 7.156209 -0.0 8.774831 -1e-06 -15.653187 18.345633 6.270407 -1.844034 2.498506 -2.507277 -10.163605 4.67895 4.621109 -20.976034 -1e-06 -0.0 -21.226299 2.451699 -3.594003 2e-06 -5e-06 0.0 -1.362683 2.240798 -0.746325 -21.334929 0.584912 3.008324 -13.821221 -2e-06 -0.0 -23.887186 -0.24908 -0.839486 -60.060307 2.313322 -1.260814 -0.294025 1.679688 0.833257 -14.218217 0.093217 1.300581 -34.21207 -0.287563 0.967165 -20.033226 0.964536 1.212841 -0.0 -0.0 -0.0 -3.440391 0.788233 0.501656 -15.928196 -3.16731 2.999709 -6.338829 -1e-06 1e-06 -18.123459 3.648187 -4.905674 -4e-06 0.0 -1e-06 17.614847 2.574506 13.039647 57.908672 -5.906407 2.282677 0.087764 43.746243 0.193275 5.184705 -6.375971 -12.128541 2.243543 -5.255039 -3.180158 14.282898 -0.826596 6.952504 -1e-06 -12.690609 -0.0 16.438463 -17.721275 2.411848 1.665667 -1.955922 -2.878299 4.727801 -4.170589 4.993925 11.020531 2e-06 -1e-06 12.109056 -3.735718 -2.866785 1e-06 0.0 -0.0 1.291986 -1.92855 -1.498089 14.800134 0.567467 3.865608 14.242579 -1.341738 -6.660659 19.631973 0.143925 -0.648245 50.506886 -0.575526 -6.498268 0.353029 -1.511151 -0.03194 20.222801 3.68431 2.316631 18.787279 3e-06 -1e-06 10.751633 -0.479869 1.397906 -0.0 -0.0 1e-06 3.273808 0.305947 -0.580111 21.486822 11.830378 2.266133 8.16293 1e-06 -1e-06 18.399088 -3.798987 -4.940578 3e-06 1e-06 -0.0 0.958359 9.739816 -2.075459 0.066132 -0.687897 33.196793 -1.737509 -6.886994 -17.297819 2.014959 -1.902492 -14.983077 0.0 -0.0 2e-06 6.028609 -10.287785 -42.831753 0.035149 -0.057633 25.77787 2.09007 4.142125 4.810066 -1.390404 1.061469 -3.826697 -0.0 -0.0 -1e-06 
0.0 0.0 0.0 0.0 -0.0 0.0 0.174424 94.488708 290.460571 -2.021905 6.251094 7.33622 1.145992 -0.029082 -5.283954 0.07849 -1.90645 -6.729348 2.062369 -3.245537 11.268932 3.405453 1.285352 0.196594 -0.107456 2.620356 -3.686575 -8.467668 4.339348 -13.441126 7.7e-05 -2.3e-05 6e-06 0.005092 -0.108637 -0.008366 0.700476 -3.834807 -10.67589 -0.690501 3.62748 -10.627254 -10.686358 -2.374505 15.049677 -57.877834 -21.764091 34.197697 0.327802 -34.70739 -0.180027 4.208229 4.408281 -8.397743 -5.882111 9.861291 0.702591 -10.936878 -0.360572 7.15621 -2e-06 8.774828 -3e-06 -15.755104 18.237026 6.117258 -1.844033 2.498506 -2.507278 -10.163607 4.678949 4.621109 -20.976034 3e-06 3e-06 -21.226301 2.451703 -3.594003 0.0 -5e-06 0.0 -1.362683 2.2408 -0.746326 -21.334925 0.584915 3.008325 -13.821221 2e-06 2e-06 -23.887182 -0.249073 -0.839485 -59.788609 2.253034 -1.377692 -0.294025 1.679688 0.833255 -14.218217 0.093218 1.300582 -34.212074 -0.287556 0.967168 -20.033228 0.964541 1.212843 -0.0 -0.0 -0.0 -3.44039 0.788235 0.501655 -15.928194 -3.167308 2.999709 -6.338829 0.0 -1e-06 -18.123459 3.648187 -4.905672 -5e-06 1e-06 0.0 16.703491 2.896874 13.361352 58.866669 -5.684198 1.614828 0.311046 43.153919 0.416274 4.892193 -6.297245 -12.773483 2.243542 -5.25504 -3.180159 14.282894 -0.826594 6.952505 -2e-06 -12.690613 0.0 16.308247 -17.776571 2.396104 1.665667 -1.955924 -2.8783 4.727799 -4.17059 4.993926 11.020528 3e-06 -2e-06 12.109055 -3.735718 -2.866786 1e-06 0.0 -0.0 1.291986 -1.92855 -1.49809 14.800129 0.567469 3.865609 14.242573 -1.341738 -6.660661 19.631969 0.143927 -0.648245 50.293404 -0.598063 -6.571818 0.353029 -1.511152 -0.03194 20.222792 3.684313 2.316631 18.787273 4e-06 -1e-06 10.751627 -0.479869 1.397907 -1e-06 -0.0 -1e-06 3.273807 0.305948 -0.580111 21.486818 11.830384 2.266135 8.16293 2e-06 -0.0 18.399088 -3.798987 -4.940578 3e-06 1e-06 -0.0 4.790275 11.59932 -4.273408 -0.00706 -0.905894 43.219353 -2.469245 -7.826324 -10.745576 2.185491 -1.785268 -22.562948 -0.0 -1e-06 2e-06 7.702654 -9.192898 -40.493992 -0.043203 -0.26026 27.863995 -0.381008 3.614552 4.520634 -1.360476 1.092437 -2.090365 -0.0 -0.0 -1e-06 
0.0 0.0 0.0 0.0 -0.0 0.0 -0.359683 94.682846 294.438354 -3.79566 6.366437 6.447831 2.308979 0.124874 -4.829937 0.31131 -1.827743 -6.533241 2.565897 -3.310313 10.84343 3.439267 1.205786 0.75686 -0.003986 2.630131 -3.635034 -8.385841 4.675545 -13.774878 7.7e-05 -2.2e-05 6e-06 0.011194 -0.091914 0.009295 0.717707 -3.826685 -10.709663 -0.696266 3.649371 -10.655237 -9.729579 -2.120903 15.116982 -59.376598 -19.942671 34.489601 0.442989 -34.349335 -0.206562 3.473389 4.379169 -8.212864 -5.882106 9.861284 0.702591 -10.936872 -0.360575 7.156205 1e-06 8.774825 -1e-06 -15.822645 18.086472 6.023849 -1.844033 2.498505 -2.507277 -10.163599 4.678944 4.621108 -20.976023 -5e-06 2e-06 -21.226286 2.451696 -3.594 1e-06 -5e-06 -1e-06 -1.362682 2.240798 -0.746323 -21.334913 0.584909 3.008322 -13.821213 -3e-06 1e-06 -23.887167 -0.24908 -0.839482 -59.798321 2.245881 -1.384511 -0.294024 1.679686 0.833255 -14.218207 0.093214 1.30058 -34.212048 -0.287566 0.967171 -20.033211 0.964534 1.212845 -1e-06 1e-06 -0.0 -3.440389 0.788233 0.501655 -15.928185 -3.167312 2.999707 -6.338825 -2e-06 0.0 -18.123444 3.64818 -4.905669 -4e-06 -0.0 -1e-06 15.434729 3.379095 13.584542 59.904087 -5.316962 1.655197 0.241731 42.930149 0.471447 5.01459 -6.382895 -13.92202 2.243543 -5.255039 -3.180159 14.282898 -0.826596 6.952506 -3e-06 -12.690609 1e-06 16.301971 -17.854187 2.413889 1.665667 -1.955922 -2.8783 4.7278 -4.170589 4.993926 11.020531 3e-06 -1e-06 12.109058 -3.735717 -2.866786 1e-06 -0.0 -0.0 1.291986 -1.92855 -1.49809 14.800136 0.567469 3.865609 14.242579 -1.341736 -6.660661 19.631975 0.143927 -0.648245 50.076984 -0.639596 -6.648808 0.353029 -1.511151 -0.03194 20.222803 3.684311 2.316629 18.787285 5e-06 -1e-06 10.751634 -0.479869 1.397906 -1e-06 -0.0 -1e-06 3.273808 0.305948 -0.580111 21.486824 11.830381 2.266132 8.16293 1e-06 -1e-06 18.399092 -3.798985 -4.940578 4e-06 0.0 -1e-06 8.190063 12.934552 -8.146751 -0.120099 -0.90409 54.480862 -2.687833 -7.113953 -1.92845 2.173684 -1.595058 -24.285372 0.0 -0.0 3e-06 9.545422 -8.875331 -37.973446 -0.081264 -0.351997 30.046528 -1.898415 3.026116 0.388946 -1.370409 1.103237 -0.995561 0.0 0.0 -1e-06 
0.0 0.0 0.0 0.0 -0.0 0.0 -0.885967 94.998642 298.064026 -4.900927 6.367504 5.908377 3.023717 0.314896 -4.447189 0.392537 -1.653088 -6.357734 2.898793 -3.273973 10.544827 3.57883 1.089292 0.985555 0.086886 2.667204 -3.657576 -8.271189 4.88251 -13.933223 7.7e-05 -2.2e-05 6e-06 0.012794 -0.105677 0.011333 0.712689 -3.84029 -10.705451 -0.68902 3.633616 -10.646001 -9.254309 -1.799954 14.955244 -60.013832 -18.341763 34.627998 0.363982 -34.348251 -0.192851 2.711794 4.412081 -7.547219 -5.882107 9.861286 0.70259 -10.936873 -0.360575 7.156203 0.0 8.774826 -3e-06 -15.951236 17.991734 6.02043 -1.844033 2.498505 -2.507277 -10.163601 4.678944 4.621106 -20.976023 -4e-06 -0.0 -21.226286 2.451694 -3.594002 2e-06 -5e-06 -0.0 -1.362683 2.240799 -0.746324 -21.334921 0.584909 3.00832 -13.821217 -4e-06 -1e-06 -23.887177 -0.249081 -0.839485 -60.057709 2.339329 -1.282874 -0.294025 1.679686 0.833255 -14.218212 0.093215 1.300578 -34.212055 -0.287567 0.967165 -20.033218 0.964533 1.21284 0.0 1e-06 -0.0 -3.440389 0.788232 0.501657 -15.928189 -3.16731 2.999704 -6.338826 -2e-06 -1e-06 -18.123451 3.648182 -4.905674 -4e-06 0.0 -1e-06 14.797809 3.825359 13.685681 60.00938 -4.756637 1.84159 0.108503 43.173748 0.384829 5.197671 -6.53551 -14.692791 2.243542 -5.255037 -3.180158 14.282894 -0.826595 6.952502 -3e-06 -12.690605 1e-06 16.247238 -17.871365 2.529141 1.665667 -1.955921 -2.878299 4.7278 -4.170587 4.993924 11.020528 3e-06 -2e-06 12.109056 -3.735716 -2.866784 1e-06 0.0 -0.0 1.291986 -1.928549 -1.498089 14.800131 0.567468 3.865607 14.242576 -1.341736 -6.660657 19.631969 0.143927 -0.648245 50.000977 -0.628062 -6.570764 0.353029 -1.51115 -0.03194 20.222794 3.68431 2.316629 18.787279 5e-06 -1e-06 10.751631 -0.479868 1.397906 0.0 -0.0 -0.0 3.273808 0.305947 -0.580111 21.486818 11.830377 2.266132 8.16293 3e-06 -1e-06 18.399084 -3.798984 -4.940576 4e-06 1e-06 -1e-06 10.185763 13.391068 -13.147667 -0.119351 -0.660124 65.007416 -2.375639 -4.425244 4.522071 1.92562 -1.719996 -13.723372 1e-06 -0.0 3e-06 10.979271 -9.151667 -35.351559 -0.117356 -0.330056 30.850729 -2.866197 3.192847 -2.720504 -1.385643 1.098528 -0.629781 -0.0 -0.0 -1e-06 
0.0 0.0 0.0 0.0 -0.0 0.0 -1.304684 95.452484 301.44104 -5.382673 6.143026 5.694914 3.415344 0.50294 -4.285963 0.388022 -1.382409 -6.231368 2.931236 -3.042475 10.420416 3.720548 1.007156 1.117956 0.136043 2.648054 -3.669032 -8.086189 4.990877 -13.988073 7.7e-05 -2.2e-05 6e-06 0.00506 -0.151709 0.011184 0.702212 -3.885756 -10.692422 -0.694915 3.587895 -10.629398 -9.374805 -1.358937 14.78876 -59.899693 -17.154228 34.487389 0.19525 -34.151669 -0.118276 2.357336 4.349453 -7.138748 -5.88211 9.861292 0.702591 -10.936877 -0.360575 7.156212 1e-06 8.774832 1e-06 -16.075773 17.971302 6.049603 -1.844035 2.498507 -2.507279 -10.163607 4.678949 4.621109 -20.97604 -4e-06 0.0 -21.226301 2.451698 -3.594001 1e-06 -6e-06 -0.0 -1.362683 2.240799 -0.746324 -21.334929 0.584908 3.008324 -13.821221 -4e-06 -0.0 -23.887184 -0.249082 -0.839483 -60.307861 2.441716 -1.238432 -0.294024 1.679688 0.833256 -14.218217 0.093215 1.30058 -34.21207 -0.287567 0.967167 -20.033226 0.964536 1.212844 0.0 1e-06 -0.0 -3.44039 0.788234 0.501656 -15.928196 -3.167312 2.999707 -6.33883 -1e-06 0.0 -18.123459 3.648184 -4.905676 -4e-06 1e-06 -0.0 14.670577 4.226522 13.727549 59.305111 -3.881026 2.108985 0.122826 43.427605 0.315222 5.096338 -6.570081 -14.688117 2.243543 -5.255039 -3.18016 14.282896 -0.826594 6.952503 -3e-06 -12.69061 -1e-06 16.194254 -17.830555 2.594099 1.665668 -1.955924 -2.878301 4.7278 -4.170589 4.993925 11.020534 4e-06 -3e-06 12.109058 -3.735717 -2.866788 1e-06 0.0 -0.0 1.291986 -1.928551 -1.49809 14.800136 0.567469 3.865607 14.242582 -1.341735 -6.660664 19.631983 0.143929 -0.648248 49.93018 -0.633458 -6.537956 0.353029 -1.511152 -0.03194 20.222803 3.684313 2.316628 18.787283 7e-06 -4e-06 10.751633 -0.479867 1.397905 -0.0 -1e-06 0.0 3.273808 0.305948 -0.580112 21.486824 11.830383 2.266132 8.16293 5e-06 -1e-06 18.399088 -3.798983 -4.94058 4e-06 0.0 -2e-06 10.692547 13.388953 -18.373455 -0.077581 -0.396373 73.099792 -0.911935 -1.375419 5.679832 1.8607 -1.922299 -6.213161 0.0 -1e-06 2e-06 11.792399 -9.724048 -32.680008 -0.159576 -0.306302 30.630632 -3.391405 3.828492 -5.080053 -1.390448 1.101064 -0.585113 0.0 -0.0 -1e-06 
0.0 0.0 0.0 0.0 -0.0 0.0 -1.555529 96.046486 304.71579 -5.449955 5.620732 5.568682 3.671654 0.665814 -4.213253 0.319064 -1.04866 -6.162979 2.672561 -2.659662 10.400842 3.778011 1.016748 1.391217 0.185962 2.614044 -3.650558 -7.85594 5.015837 -13.818805 7.7e-05 -2.2e-05 6e-06 -0.00387 -0.194989 0.015602 0.691996 -3.930527 -10.681618 -0.703285 3.547249 -10.617332 -9.665056 -0.884192 14.651248 -59.630661 -16.247366 34.096851 -0.039833 -33.506283 0.036362 2.404191 4.24884 -6.934237 -5.882108 9.861288 0.70259 -10.936875 -0.360575 7.156207 1e-06 8.77483 1e-06 -16.120989 18.001059 6.060636 -1.844032 2.498505 -2.507279 -10.163603 4.678946 4.621109 -20.976034 -6e-06 0.0 -21.226295 2.451692 -3.594005 1e-06 -5e-06 1e-06 -1.362682 2.240798 -0.746325 -21.334925 0.584909 3.008321 -13.821219 -4e-06 -1e-06 -23.887182 -0.249082 -0.839486 -60.305798 2.501755 -1.222869 -0.294025 1.679688 0.833255 -14.218215 0.093214 1.300578 -34.21207 -0.287572 0.967167 -20.033226 0.964532 1.212844 -0.0 1e-06 1e-06 -3.440388 0.788233 0.501655 -15.928192 -3.167312 2.999706 -6.338829 -2e-06 -0.0 -18.123457 3.648181 -4.905674 -4e-06 -0.0 -1e-06 14.570227 4.672876 13.798653 58.395126 -2.648272 2.532383 0.254695 43.360821 0.336277 4.680047 -6.566457 -14.22268 2.243542 -5.255039 -3.180157 14.28289 -0.826596 6.952503 -2e-06 -12.69061 1e-06 16.177599 -17.811424 2.593197 1.665666 -1.955922 -2.878299 4.727799 -4.170589 4.993925 11.020526 2e-06 -1e-06 12.109052 -3.735719 -2.866785 -0.0 0.0 -0.0 1.291986 -1.92855 -1.498089 14.800129 0.567467 3.865608 14.242573 -1.341738 -6.660658 19.631962 0.143925 -0.648245 49.872326 -0.607215 -6.56932 0.353029 -1.511152 -0.031939 20.222792 3.68431 2.316631 18.78727 3e-06 -0.0 10.751627 -0.47987 1.397905 1e-06 -0.0 1e-06 3.273807 0.305946 -0.580111 21.486816 11.830378 2.266133 8.162929 1e-06 -1e-06 18.399084 -3.798988 -4.940577 4e-06 1e-06 -1e-06 10.209394 13.108841 -23.308084 -0.048676 -0.109958 78.024529 0.190139 0.156308 3.882312 1.874265 -1.956828 -4.887527 0.0 -0.0 2e-06 11.917672 -10.067679 -29.614666 -0.162484 -0.337765 29.453367 -3.484439 4.435056 -6.812601 -1.390064 1.116772 -0.477645 0.0 -0.0 -1e-06 
0.0 0.0 0.0 0.0 -0.0 0.0 -1.680994 96.669319 307.901917 -5.369389 4.806643 5.3751 3.941919 0.835918 -4.064568 0.246252 -0.637732 -6.094368 2.245621 -2.235523 10.331084 3.682797 1.103192 1.845623 0.235162 2.644353 -3.641719 -7.522389 4.947057 -13.495378 7.7e-05 -2.2e-05 6e-06 -0.008115 -0.218329 0.025879 0.684291 -3.951834 -10.664963 -0.704941 3.522379 -10.599151 -9.917093 -0.441573 14.53264 -59.461914 -15.392488 33.537788 -0.229193 -32.769661 0.170054 2.568647 4.207687 -6.86899 -5.88211 9.86129 0.70259 -10.936877 -0.360575 7.156209 0.0 8.774829 -1e-06 -16.12151 18.057539 6.058208 -1.844033 2.498506 -2.507279 -10.163606 4.678947 4.621109 -20.976036 -4e-06 1e-06 -21.226299 2.451697 -3.594 1e-06 -5e-06 -1e-06 -1.362682 2.240799 -0.746324 -21.334929 0.584909 3.008323 -13.821222 -4e-06 2e-06 -23.887184 -0.249081 -0.839483 -60.172668 2.557415 -1.240151 -0.294026 1.679688 0.833256 -14.218217 0.093215 1.300581 -34.212067 -0.287564 0.967167 -20.033222 0.964537 1.212843 0.0 1e-06 1e-06 -3.440391 0.788234 0.501655 -15.928194 -3.167312 2.999708 -6.338829 -1e-06 0.0 -18.123459 3.648183 -4.905672 -4e-06 -0.0 -1e-06 14.119602 5.298677 13.857198 57.732094 -1.325143 3.095436 0.395077 43.194656 0.361602 4.198403 -6.696985 -13.772409 2.243543 -5.255039 -3.180158 14.282896 -0.826596 6.952501 -2e-06 -12.690609 -0.0 16.163237 -17.815258 2.565739 1.665667 -1.955922 -2.878299 4.727801 -4.170592 4.993924 11.020531 2e-06 -1e-06 12.109059 -3.735718 -2.866785 1e-06 0.0 0.0 1.291986 -1.92855 -1.498089 14.800134 0.567468 3.865607 14.242579 -1.341738 -6.660659 19.631975 0.143925 -0.648245 49.767929 -0.588826 -6.652737 0.353029 -1.511149 -0.03194 20.222801 3.684312 2.316629 18.787283 4e-06 -2e-06 10.751633 -0.479868 1.397905 -1e-06 -0.0 1e-06 3.273808 0.305947 -0.580111 21.486822 11.830379 2.266132 8.16293 3e-06 -0.0 18.399092 -3.798985 -4.940579 3e-06 1e-06 -1e-06 9.195644 12.621297 -27.737024 0.005089 0.118802 79.802216 0.371036 0.702587 1.767815 1.860474 -1.951328 -4.724676 -0.0 1e-06 2e-06 11.652135 -10.046806 -26.158253 -0.121927 -0.371238 27.592138 -3.294057 4.907014 -8.060596 -1.3927 1.119488 -0.275023 -0.0 0.0 -1e-06 
0.0 0.0 0.0 0.0 -0.0 0.0 -1.734679 97.214302 310.973694 -5.277992 3.773484 5.170184 4.26067 0.99975 -3.857672 0.214688 -0.159508 -6.02446 1.766523 -1.790812 10.228559 3.443127 1.224736 2.264282 0.263858 2.692675 -3.646259 -7.173496 4.863748 -13.177069 7.7e-05 -2.2e-05 6e-06 -0.010077 -0.234148 0.036969 0.680578 -3.963885 -10.64959 -0.706255 3.502383 -10.587261 -10.264875 -0.019574 14.474755 -59.207973 -14.552871 32.920486 -0.322729 -32.372349 0.233382 2.708215 4.172089 -7.090783 -5.882105 9.861284 0.702589 -10.936871 -0.360576 7.156201 1e-06 8.774826 -1e-06 -16.083544 18.102999 6.053139 -1.844032 2.498504 -2.507278 -10.163599 4.678944 4.621107 -20.976023 -7e-06 0.0 -21.226286 2.451693 -3.594001 0.0 -5e-06 -0.0 -1.362681 2.240797 -0.746323 -21.334913 0.584907 3.008322 -13.821213 -5e-06 1e-06 -23.887171 -0.249084 -0.839482 -60.027439 2.577833 -1.259266 -0.294025 1.679687 0.833256 -14.218208 0.093213 1.300578 -34.212051 -0.287569 0.967169 -20.033211 0.964534 1.212845 0.0 1e-06 1e-06 -3.440388 0.788233 0.501657 -15.928185 -3.167312 2.999707 -6.338826 -1e-06 1e-06 -18.123444 3.64818 -4.905673 -4e-06 -0.0 -1e-06 13.429863 6.085051 13.863315 57.268181 -0.120034 3.723917 0.429959 43.14349 0.306434 3.8748 -6.828526 -13.34008 2.243541 -5.255036 -3.180158 14.28289 -0.826595 6.952505 -2e-06 -12.690603 2e-06 16.138998 -17.809879 2.562226 1.665666 -1.955922 -2.878299 4.727799 -4.170588 4.993926 11.020527 2e-06 -1e-06 12.109053 -3.735716 -2.866783 1e-06 -0.0 1e-06 1.291986 -1.92855 -1.498089 14.800125 0.567466 3.865608 14.24257 -1.341737 -6.660657 19.631969 0.143925 -0.648245 49.633831 -0.6344 -6.720888 0.353029 -1.51115 -0.03194 20.222788 3.684309 2.316631 18.787271 3e-06 -0.0 10.751629 -0.479869 1.397907 -1e-06 -1e-06 1e-06 3.273806 0.305948 -0.580111 21.486813 11.830373 2.266134 8.162928 1e-06 0.0 18.399086 -3.798987 -4.940573 4e-06 0.0 -2e-06 8.029256 11.953837 -31.505009 0.092838 0.294017 78.655014 -0.321424 0.537819 0.030051 1.832713 -1.944607 -4.65033 1e-06 -0.0 3e-06 11.233512 -9.783546 -22.609241 -0.065055 -0.386637 25.420734 -2.934768 5.408185 -9.019335 -1.399439 1.090073 -0.05638 0.0 0.0 -1e-06 
0.0 0.0 0.0 0.0 -0.0 0.0 -1.73267 97.654068 313.857788 -5.201187 2.579774 5.057625 4.601255 1.126124 -3.655817 0.218068 0.36231 -5.959578 1.312992 -1.32264 10.168986 3.109495 1.372361 2.466101 0.28318 2.753758 -3.664746 -6.915484 4.840981 -12.929034 7.7e-05 -2.3e-05 6e-06 -0.014046 -0.257372 0.045914 0.678746 -3.983085 -10.631089 -0.713694 3.474934 -10.578348 -10.804941 0.444413 14.467032 -58.747604 -13.778449 32.363979 -0.327461 -32.395016 0.238706 2.806132 4.074221 -7.657963 -5.88211 9.861292 0.70259 -10.936878 -0.360574 7.156209 0.0 8.77483 2e-06 -16.076651 18.1432 6.051708 -1.844034 2.498506 -2.507281 -10.163605 4.678948 4.621111 -20.976036 -4e-06 1e-06 -21.226299 2.451696 -3.594002 1e-06 -5e-06 1e-06 -1.362682 2.240799 -0.746324 -21.334929 0.584911 3.008326 -13.821223 -2e-06 1e-06 -23.887188 -0.249079 -0.839483 -60.039692 2.551682 -1.205964 -0.294025 1.679688 0.833258 -14.218216 0.093215 1.30058 -34.21207 -0.287563 0.967172 -20.033224 0.964537 1.212843 0.0 1e-06 0.0 -3.440391 0.788234 0.501656 -15.928196 -3.167312 2.99971 -6.33883 -1e-06 0.0 -18.123457 3.648185 -4.905676 -5e-06 0.0 -2e-06 12.746978 6.949957 13.78838 56.754292 0.924048 4.191226 0.430084 43.407856 0.233482 3.737652 -6.865457 -12.836325 2.243543 -5.255037 -3.180159 14.282901 -0.826594 6.952507 -4e-06 -12.690607 2e-06 16.102268 -17.778763 2.593089 1.665668 -1.955922 -2.8783 4.727802 -4.170588 4.993927 11.020535 4e-06 -2e-06 12.10906 -3.735714 -2.866785 1e-06 -0.0 -0.0 1.291986 -1.928549 -1.49809 14.800136 0.567469 3.865609 14.242579 -1.341734 -6.660661 19.631977 0.143928 -0.648245 49.563793 -0.711542 -6.696278 0.353029 -1.511151 -0.03194 20.222805 3.684312 2.316631 18.787287 6e-06 -0.0 10.751633 -0.479869 1.397905 0.0 -0.0 -0.0 3.273809 0.305947 -0.580112 21.486828 11.830379 2.266133 8.16293 1e-06 0.0 18.399096 -3.798985 -4.940577 4e-06 0.0 -2e-06 6.868334 11.139281 -34.724483 0.21173 0.423673 74.758118 -1.60524 0.048574 -1.651881 1.810273 -1.938715 -4.528347 0.0 -0.0 2e-06 10.842577 -9.379592 -19.261831 -0.014318 -0.378381 23.118881 -2.599572 5.995903 -9.684257 -1.409374 1.048442 0.102795 0.0 -0.0 -1e-06 
0.0 0.0 0.0 0.0 -0.0 0.0 -1.664484 97.951164 316.524628 -5.135777 1.260687 5.12527 4.915626 1.185787 -3.502213 0.252302 0.918709 -5.91694 0.938319 -0.871433 10.194436 2.710486 1.533746 2.402139 0.320504 2.865357 -3.684867 -6.778154 4.909005 -12.756564 7.7e-05 -2.3e-05 6e-06 -0.019243 -0.28172 0.050034 0.674161 -4.005251 -10.609053 -0.720988 3.448548 -10.569259 -11.509219 0.976449 14.48141 -58.119713 -13.204985 32.077614 -0.262612 -32.541721 0.186102 2.846562 3.890436 -8.423232 -5.882108 9.861288 0.702592 -10.936878 -0.360576 7.156209 2e-06 8.77483 1e-06 -16.108952 18.202648 6.062647 -1.844033 2.498505 -2.507279 -10.163606 4.678944 4.621113 -20.976038 -9e-06 2e-06 -21.226299 2.451694 -3.593998 1e-06 -5e-06 -1e-06 -1.362682 2.240799 -0.746324 -21.334927 0.584908 3.008324 -13.821221 -5e-06 0.0 -23.887184 -0.249082 -0.839481 -60.192928 2.519948 -1.106243 -0.294024 1.679688 0.833257 -14.218218 0.093213 1.300582 -34.212074 -0.287569 0.967174 -20.033226 0.964534 1.212847 1e-06 -0.0 0.0 -3.44039 0.788232 0.501657 -15.928198 -3.167313 2.999709 -6.33883 -1e-06 -1e-06 -18.123459 3.64818 -4.905674 -5e-06 0.0 -2e-06 12.201091 7.797415 13.69212 56.104816 1.917496 4.293355 0.465483 43.970608 0.179161 3.662428 -6.778524 -12.385809 2.243542 -5.255037 -3.180159 14.282896 -0.826595 6.952508 -3e-06 -12.690604 1e-06 16.055798 -17.72859 2.63259 1.665667 -1.955923 -2.878299 4.7278 -4.170588 4.993925 11.020531 4e-06 -1e-06 12.109056 -3.735715 -2.866784 1e-06 -0.0 -1e-06 1.291985 -1.928549 -1.49809 14.800132 0.567469 3.865611 14.242576 -1.341734 -6.660657 19.631969 0.143925 -0.648242 49.578354 -0.769498 -6.59349 0.353029 -1.511152 -0.031941 20.222797 3.684311 2.316633 18.787279 5e-06 2e-06 10.75163 -0.47987 1.397907 1e-06 -0.0 0.0 3.273808 0.305948 -0.58011 21.48682 11.830376 2.266135 8.16293 1e-06 0.0 18.39909 -3.798985 -4.940575 4e-06 0.0 -2e-06 5.88667 10.120353 -37.247353 0.324667 0.462933 67.983154 -3.112157 -0.317993 -3.242826 1.808296 -1.95437 -4.320336 -0.0 -0.0 3e-06 10.421144 -9.00685 -16.400412 0.021887 -0.341668 21.074923 -2.374038 6.769205 -10.314034 -1.419095 1.015384 0.228917 0.0 -0.0 -1e-06 
0.0 0.0 0.0 0.0 -0.0 0.0 -1.494867 98.089828 319.291718 -5.045494 -0.106084 5.414821 5.150482 1.177131 -3.447709 0.30233 1.47664 -5.909791 0.658499 -0.493404 10.283251 2.228651 1.696997 2.165962 0.403065 3.112251 -3.674265 -6.755878 5.019205 -12.650484 7.7e-05 -2.3e-05 6e-06 -0.020156 -0.282998 0.052622 0.665565 -4.005467 -10.58303 -0.715536 3.446629 -10.559901 -12.360169 1.597387 14.55453 -57.371296 -13.007516 32.286507 -0.128933 -32.415798 0.084106 2.765598 3.59871 -9.276086 -5.882109 9.86129 0.702589 -10.936873 -0.360574 7.156208 -1e-06 8.774828 -1e-06 -16.16173 18.287437 6.045261 -1.844034 2.498506 -2.507278 -10.163603 4.678948 4.621107 -20.976027 -1e-06 -1e-06 -21.226292 2.451699 -3.594004 0.0 -5e-06 -1e-06 -1.362683 2.240799 -0.746324 -21.334921 0.584912 3.008323 -13.821217 -1e-06 0.0 -23.887175 -0.249078 -0.839487 -60.332161 2.535138 -1.050571 -0.294025 1.679688 0.833257 -14.218214 0.093216 1.300582 -34.212063 -0.28756 0.967167 -20.033218 0.964538 1.21284 1e-06 -0.0 0.0 -3.440389 0.788234 0.501656 -15.928191 -3.167308 2.999709 -6.338828 0.0 -1e-06 -18.123453 3.648186 -4.905676 -2e-06 -0.0 0.0 11.870448 8.585833 13.72041 55.332516 2.982703 4.135797 0.455816 44.659172 0.11966 3.510293 -6.631735 -12.057813 2.243542 -5.255038 -3.180158 14.282896 -0.826594 6.952502 -1e-06 -12.69061 -1e-06 15.971935 -17.63652 2.631929 1.665667 -1.955922 -2.878299 4.7278 -4.170588 4.993923 11.020529 2e-06 -1e-06 12.109056 -3.735719 -2.866782 0.0 0.0 0.0 1.291986 -1.92855 -1.49809 14.800132 0.567468 3.865607 14.242577 -1.341738 -6.660659 19.631973 0.143925 -0.648245 49.56369 -0.766817 -6.495354 0.353029 -1.511151 -0.031939 20.222799 3.684309 2.316629 18.787279 5e-06 -2e-06 10.751633 -0.479868 1.397906 1e-06 -1e-06 0.0 3.273807 0.305948 -0.580112 21.48682 11.830379 2.266134 8.162931 2e-06 -0.0 18.399084 -3.798987 -4.940576 4e-06 -0.0 -1e-06 5.2424 8.926567 -38.766426 0.359561 0.384502 58.590591 -4.493062 -0.521819 -4.201135 1.812873 -1.997764 -4.160405 0.0 0.0 3e-06 9.894502 -8.718573 -13.992056 0.048886 -0.256807 19.559015 -2.244622 7.680343 -11.251551 -1.425969 1.012345 0.403286 0.0 -0.0 -1e-06 
0.0 0.0 0.0 0.0 -0.0 0.0 -1.245692 98.055321 322.374023 -4.933603 -1.314404 5.955607 5.309884 1.139642 -3.613704 0.339752 1.849864 -5.938699 0.473748 -0.173271 10.367351 1.630914 1.798171 2.00121 0.60109 3.573666 -3.656653 -6.837564 5.089137 -12.425481 7.7e-05 -2.3e-05 6e-06 -0.017748 -0.271434 0.058401 0.652102 -3.99584 -10.571476 -0.698065 3.459848 -10.557031 -13.262241 2.167504 14.66506 -56.675598 -13.027284 32.776054 -0.054185 -31.76609 0.021524 2.67778 3.196868 -9.888046 -5.882104 9.861283 0.702588 -10.93687 -0.360576 7.156204 2e-06 8.774822 1e-06 -16.146235 18.405388 6.046714 -1.844032 2.498504 -2.507278 -10.163597 4.678943 4.621108 -20.976023 -6e-06 2e-06 -21.22628 2.451693 -3.593998 0.0 -6e-06 0.0 -1.362681 2.240797 -0.746324 -21.334911 0.584907 3.008321 -13.82121 -4e-06 1e-06 -23.887165 -0.249082 -0.839483 -60.431877 2.653193 -1.15955 -0.294025 1.679687 0.833254 -14.218205 0.093213 1.300579 -34.212036 -0.287567 0.967172 -20.033209 0.964534 1.212843 0.0 -1e-06 1e-06 -3.440387 0.788232 0.501655 -15.928185 -3.167311 2.999706 -6.338825 -2e-06 -1e-06 -18.123444 3.648179 -4.90567 -2e-06 -0.0 -1e-06 11.671732 9.214842 13.79218 54.667908 3.986195 4.105185 0.202885 45.37455 -0.018944 3.381966 -6.515479 -12.052481 2.243541 -5.255035 -3.180157 14.282887 -0.826594 6.952502 -2e-06 -12.6906 1e-06 15.837968 -17.573465 2.602606 1.665666 -1.95592 -2.878297 4.727798 -4.170585 4.993923 11.020522 1e-06 -2e-06 12.109048 -3.735716 -2.866783 0.0 0.0 0.0 1.291985 -1.928548 -1.498088 14.800123 0.567468 3.865609 14.242566 -1.341737 -6.660655 19.63196 0.143923 -0.648243 49.46125 -0.69869 -6.482868 0.353029 -1.51115 -0.031939 20.222784 3.684305 2.316631 18.78727 3e-06 1e-06 10.751624 -0.47987 1.397905 2e-06 0.0 0.0 3.273806 0.305947 -0.580111 21.486801 11.830367 2.266134 8.162926 1e-06 -1e-06 18.399076 -3.798986 -4.940572 3e-06 -0.0 -2e-06 4.848495 7.862568 -39.107643 0.337515 0.292742 46.330814 -5.63252 -0.888134 -3.697119 1.792746 -2.024889 -4.184006 -0.0 -0.0 2e-06 9.262253 -8.401032 -11.928661 0.051829 -0.117553 18.565599 -2.231964 8.362221 -12.672954 -1.432974 1.035897 0.652273 -0.0 0.0 -1e-06 
0.0 0.0 0.0 0.0 -0.0 0.0 -1.089475 97.870461 323.848785 -4.871883 -2.296263 6.499928 5.439988 1.12701 -3.858273 0.360122 1.919216 -5.979392 0.406116 0.176508 10.410695 0.987323 1.8562 1.893143 0.876815 4.019913 -3.663977 -6.935798 5.307712 -12.003564 7.7e-05 -2.2e-05 6e-06 -0.0179 -0.27206 0.057285 0.636958 -4.004732 -10.603122 -0.683642 3.465369 -10.57677 -13.910399 2.534225 14.718946 -56.345047 -12.865884 32.941479 -0.185431 -31.033089 0.027369 2.808399 2.897795 -9.848202 -5.88211 9.861292 0.70259 -10.936877 -0.360575 7.156207 1e-06 8.774831 1e-06 -16.107224 18.478153 6.020199 -1.844033 2.498505 -2.507277 -10.163604 4.678947 4.621111 -20.976038 -5e-06 1e-06 -21.226301 2.451697 -3.594004 1e-06 -6e-06 -1e-06 -1.362682 2.2408 -0.746325 -21.334925 0.584908 3.008324 -13.82122 -4e-06 0.0 -23.887182 -0.249082 -0.839485 -60.510376 2.761 -1.273795 -0.294025 1.679688 0.833256 -14.218215 0.093216 1.300581 -34.212067 -0.287566 0.967169 -20.033222 0.964534 1.212842 -1e-06 1e-06 -0.0 -3.44039 0.788234 0.501655 -15.928196 -3.167312 2.999709 -6.33883 -2e-06 -1e-06 -18.123459 3.648184 -4.905674 -3e-06 1e-06 -1e-06 11.431586 9.606803 13.783401 54.23378 4.69672 4.19605 -0.029772 46.135273 -0.101782 3.381809 -6.537163 -12.219661 2.243542 -5.255039 -3.180157 14.282889 -0.826594 6.9525 -1e-06 -12.690609 -2e-06 15.718917 -17.561913 2.648829 1.665666 -1.955923 -2.878298 4.727798 -4.170588 4.993922 11.020524 2e-06 -3e-06 12.109052 -3.735717 -2.866785 0.0 -0.0 0.0 1.291985 -1.92855 -1.498087 14.800125 0.567467 3.865604 14.242569 -1.34174 -6.660659 19.631962 0.143926 -0.648247 49.529945 -0.658379 -6.441284 0.353029 -1.511152 -0.031939 20.222786 3.684311 2.316628 18.78727 5e-06 -1e-06 10.751624 -0.479868 1.397903 2e-06 0.0 1e-06 3.273806 0.305947 -0.580111 21.486809 11.830378 2.266133 8.162926 1e-06 -1e-06 18.399076 -3.798985 -4.940578 3e-06 1e-06 -0.0 4.706075 7.213721 -38.112328 0.298719 0.315938 32.05542 -6.656389 -1.43121 -1.740642 1.767405 -2.044274 -4.050177 0.0 -0.0 2e-06 8.933606 -8.132491 -11.774966 0.021859 -0.009617 19.173826 -2.448496 8.653904 -13.889081 -1.446416 1.057774 0.750325 0.0 0.0 -1e-06 
