HIERARCHY
ROOT Root
{
  OFFSET 0.0 0.0 0.0
  CHANNELS 6 Xposition Yposition Zposition Zrotation Yrotation Xrotation
  JOINT Hips
  {
    OFFSET 0.0 100.0 0.0
    CHANNELS 6 Xposition Yposition Zposition Zrotation Yrotation Xrotation
    JOINT Spine1
    {
      OFFSET -0.013727 5.003763 -0.053727
      CHANNELS 3 Zrotation Yrotation Xrotation
      JOINT Spine2
      {
        OFFSET -0.0 7.125301 -0.029825
        CHANNELS 3 Zrotation Yrotation Xrotation
        JOINT Chest
        {
          OFFSET -1e-06 7.550063 -0.815971
          CHANNELS 3 Zrotation Yrotation Xrotation
          JOINT Neck1
          {
            OFFSET -0.181677 26.311295 -0.553348
            CHANNELS 3 Zrotation Yrotation Xrotation
            JOINT Neck2
            {
              OFFSET -3e-06 7.709397 2.302585
              CHANNELS 3 Zrotation Yrotation Xrotation
              JOINT Head
              {
                OFFSET -5e-06 6.128916 1.953709
                CHANNELS 3 Zrotation Yrotation Xrotation
                JOINT HeadEnd
                {
                  OFFSET 0.003598 16.065403 -1.835379
                  CHANNELS 3 Zrotation Yrotation Xrotation
                }
                JOINT Jaw
                {
                  OFFSET 0.002637 0.475592 3.094941
                  CHANNELS 3 Zrotation Yrotation Xrotation
                }
                JOINT LeftEye
                {
                  OFFSET 3.206381 5.380205 7.586883
                  CHANNELS 3 Zrotation Yrotation Xrotation
                }
                JOINT RightEye
                {
                  OFFSET -3.22244 5.361869 7.558234
                  CHANNELS 3 Zrotation Yrotation Xrotation
                }
              }
            }
          }
          JOINT LeftShoulder
          {
            OFFSET 1.621652 23.237164 5.113413
            CHANNELS 3 Zrotation Yrotation Xrotation
            JOINT LeftArm
            {
              OFFSET 14.919846 2e-06 -5.502326
              CHANNELS 3 Zrotation Yrotation Xrotation
              JOINT LeftForeArm
              {
                OFFSET 28.739307 0.0 -0.002588
                CHANNELS 3 Zrotation Yrotation Xrotation
                JOINT LeftHand
                {
                  OFFSET 27.093981 -1e-06 0.002609
                  CHANNELS 3 Zrotation Yrotation Xrotation
                  JOINT LeftHandThumb1
                  {
                    OFFSET 2.276482 -1.392045 3.191413
                    CHANNELS 3 Zrotation Yrotation Xrotation
                    JOINT LeftHandThumb2
                    {
                      OFFSET 4.012836 -1.828127 1.641654
                      CHANNELS 3 Zrotation Yrotation Xrotation
                      JOINT LeftHandThumb3
                      {
                        OFFSET 2.798515 0.0 -3e-06
                        CHANNELS 3 Zrotation Yrotation Xrotation
                        JOINT LeftHandThumbEnd
                        {
                          OFFSET 3.180793 -4e-06 4e-06
                          CHANNELS 3 Zrotation Yrotation Xrotation
                        }
                      }
                    }
                  }
                  JOINT LeftHandIndex1
                  {
                    OFFSET 3.247555 -0.531998 2.296169
                    CHANNELS 3 Zrotation Yrotation Xrotation
                    JOINT LeftHandIndex2
                    {
                      OFFSET 6.364578 0.01206 0.1786
                      CHANNELS 3 Zrotation Yrotation Xrotation
                      JOINT LeftHandIndex3
                      {
                        OFFSET 3.662364 0.0 0.0
                        CHANNELS 3 Zrotation Yrotation Xrotation
                        JOINT LeftHandIndex4
                        {
                          OFFSET 2.329242 4e-06 4e-06
                          CHANNELS 3 Zrotation Yrotation Xrotation
                          JOINT LeftHandIndexEnd
                          {
                            OFFSET 2.759615 -0.180537 -0.113024
                            CHANNELS 3 Zrotation Yrotation Xrotation
                          }
                        }
                      }
                    }
                  }
                  JOINT LeftHandMiddle1
                  {
                    OFFSET 3.163495 0.240981 1.000332
                    CHANNELS 3 Zrotation Yrotation Xrotation
                    JOINT LeftHandMiddle2
                    {
                      OFFSET 6.19078 -0.259278 -1.002548
                      CHANNELS 3 Zrotation Yrotation Xrotation
                      JOINT LeftHandMiddle3
                      {
                        OFFSET 4.35652 -4e-06 -1e-06
                        CHANNELS 3 Zrotation Yrotation Xrotation
                        JOINT LeftHandMiddle4
                        {
                          OFFSET 2.996877 -8e-06 0.0
                          CHANNELS 3 Zrotation Yrotation Xrotation
                          JOINT LeftHandMiddleEnd
                          {
                            OFFSET 2.304287 -0.294569 -0.031741
                            CHANNELS 3 Zrotation Yrotation Xrotation
                          }
                        }
                      }
                    }
                  }
                  JOINT LeftHandRing1
                  {
                    OFFSET 2.882643 -0.053652 -0.322543
                    CHANNELS 3 Zrotation Yrotation Xrotation
                    JOINT LeftHandRing2
                    {
                      OFFSET 5.854541 -0.486202 -1.373841
                      CHANNELS 3 Zrotation Yrotation Xrotation
                      JOINT LeftHandRing3
                      {
                        OFFSET 4.350578 0.0 3e-06
                        CHANNELS 3 Zrotation Yrotation Xrotation
                        JOINT LeftHandRing4
                        {
                          OFFSET 2.651321 7e-06 2e-06
                          CHANNELS 3 Zrotation Yrotation Xrotation
                          JOINT LeftHandRingEnd
                          {
                            OFFSET 1.936105 0.077687 -7.1e-05
                            CHANNELS 3 Zrotation Yrotation Xrotation
                          }
                        }
                      }
                    }
                  }
                  JOINT LeftHandPinky1
                  {
                    OFFSET 2.8655 -0.310005 -1.600378
                    CHANNELS 3 Zrotation Yrotation Xrotation
                    JOINT LeftHandPinky2
                    {
                      OFFSET 5.087849 -1.331141 -1.77123
                      CHANNELS 3 Zrotation Yrotation Xrotation
                      JOINT LeftHandPinky3
                      {
                        OFFSET 3.070974 4e-06 0.0
                        CHANNELS 3 Zrotation Yrotation Xrotation
                        JOINT LeftHandPinky4
                        {
                          OFFSET 1.549672 0.0 1e-06
                          CHANNELS 3 Zrotation Yrotation Xrotation
                          JOINT LeftHandPinkyEnd
                          {
                            OFFSET 1.944893 -0.157802 0.057219
                            CHANNELS 3 Zrotation Yrotation Xrotation
                          }
                        }
                      }
                    }
                  }
                }
              }
            }
          }
          JOINT RightShoulder
          {
            OFFSET -1.380118 23.180309 5.214158
            CHANNELS 3 Zrotation Yrotation Xrotation
            JOINT RightArm
            {
              OFFSET -15.037196 1.2e-05 -5.545604
              CHANNELS 3 Zrotation Yrotation Xrotation
              JOINT RightForeArm
              {
                OFFSET -28.736639 2e-06 -0.002597
                CHANNELS 3 Zrotation Yrotation Xrotation
                JOINT RightHand
                {
                  OFFSET -27.133619 -0.0 0.002613
                  CHANNELS 3 Zrotation Yrotation Xrotation
                  JOINT RightHandThumb1
                  {
                    OFFSET -2.274032 -1.383988 3.163127
                    CHANNELS 3 Zrotation Yrotation Xrotation
                    JOINT RightHandThumb2
                    {
                      OFFSET -4.011429 -1.827466 1.640914
                      CHANNELS 3 Zrotation Yrotation Xrotation
                      JOINT RightHandThumb3
                      {
                        OFFSET -2.794935 -4e-06 -3e-06
                        CHANNELS 3 Zrotation Yrotation Xrotation
                        JOINT RightHandThumbEnd
                        {
                          OFFSET -3.183852 4e-06 1e-06
                          CHANNELS 3 Zrotation Yrotation Xrotation
                        }
                      }
                    }
                  }
                  JOINT RightHandIndex1
                  {
                    OFFSET -3.253266 -0.520057 2.282866
                    CHANNELS 3 Zrotation Yrotation Xrotation
                    JOINT RightHandIndex2
                    {
                      OFFSET -6.341917 0.012471 0.178266
                      CHANNELS 3 Zrotation Yrotation Xrotation
                      JOINT RightHandIndex3
                      {
                        OFFSET -3.654871 -8e-06 -0.0
                        CHANNELS 3 Zrotation Yrotation Xrotation
                        JOINT RightHandIndex4
                        {
                          OFFSET -2.327586 0.0 1e-06
                          CHANNELS 3 Zrotation Yrotation Xrotation
                          JOINT RightHandIndexEnd
                          {
                            OFFSET -2.76179 -0.180656 -0.113078
                            CHANNELS 3 Zrotation Yrotation Xrotation
                          }
                        }
                      }
                    }
                  }
                  JOINT RightHandMiddle1
                  {
                    OFFSET -3.168106 0.246593 1.00103
                    CHANNELS 3 Zrotation Yrotation Xrotation
                    JOINT RightHandMiddle2
                    {
                      OFFSET -6.180828 -0.258836 -1.000895
                      CHANNELS 3 Zrotation Yrotation Xrotation
                      JOINT RightHandMiddle3
                      {
                        OFFSET -4.348901 0.0 -0.0
                        CHANNELS 3 Zrotation Yrotation Xrotation
                        JOINT RightHandMiddle4
                        {
                          OFFSET -3.00024 -4e-06 -2e-06
                          CHANNELS 3 Zrotation Yrotation Xrotation
                          JOINT RightHandMiddleEnd
                          {
                            OFFSET -2.30252 -0.29437 -0.031706
                            CHANNELS 3 Zrotation Yrotation Xrotation
                          }
                        }
                      }
                    }
                  }
                  JOINT RightHandRing1
                  {
                    OFFSET -2.88569 -0.067952 -0.308858
                    CHANNELS 3 Zrotation Yrotation Xrotation
                    JOINT RightHandRing2
                    {
                      OFFSET -5.854198 -0.48613 -1.373731
                      CHANNELS 3 Zrotation Yrotation Xrotation
                      JOINT RightHandRing3
                      {
                        OFFSET -4.33881 -4e-06 -0.0
                        CHANNELS 3 Zrotation Yrotation Xrotation
                        JOINT RightHandRing4
                        {
                          OFFSET -2.654903 -4e-06 4e-06
                          CHANNELS 3 Zrotation Yrotation Xrotation
                          JOINT RightHandRingEnd
                          {
                            OFFSET -1.933568 0.077527 -5.2e-05
                            CHANNELS 3 Zrotation Yrotation Xrotation
                          }
                        }
                      }
                    }
                  }
                  JOINT RightHandPinky1
                  {
                    OFFSET -2.866425 -0.342796 -1.584145
                    CHANNELS 3 Zrotation Yrotation Xrotation
                    JOINT RightHandPinky2
                    {
                      OFFSET -5.091371 -1.332055 -1.772385
                      CHANNELS 3 Zrotation Yrotation Xrotation
                      JOINT RightHandPinky3
                      {
                        OFFSET -3.062664 -4e-06 1e-06
                        CHANNELS 3 Zrotation Yrotation Xrotation
                        JOINT RightHandPinky4
                        {
                          OFFSET -1.546529 4e-06 -2e-06
                          CHANNELS 3 Zrotation Yrotation Xrotation
                          JOINT RightHandPinkyEnd
                          {
                            OFFSET -1.945119 -0.157718 0.057211
                            CHANNELS 3 Zrotation Yrotation Xrotation
                          }
                        }
                      }
                    }
                  }
                }
              }
            }
          }
        }
      }
    }
    JOINT LeftLeg
    {
      OFFSET 10.043214 -8.434526 2.595655
      CHANNELS 3 Zrotation Yrotation Xrotation
      JOINT LeftShin
      {
        OFFSET -1e-06 -43.221752 -0.802913
        CHANNELS 3 Zrotation Yrotation Xrotation
        JOINT LeftFoot
        {
          OFFSET 1e-06 -42.155094 -3.481523
          CHANNELS 3 Zrotation Yrotation Xrotation
          JOINT LeftToeBase
          {
            OFFSET 0.0 -5.059472 13.231529
            CHANNELS 3 Zrotation Yrotation Xrotation
            JOINT LeftToeEnd
            {
              OFFSET -0.009607 -1.647619 6.513017
              CHANNELS 3 Zrotation Yrotation Xrotation
            }
          }
        }
      }
    }
    JOINT RightLeg
    {
      OFFSET -10.047278 -8.29526 2.620317
      CHANNELS 3 Zrotation Yrotation Xrotation
      JOINT RightShin
      {
        OFFSET 1e-06 -43.362206 -0.805556
        CHANNELS 3 Zrotation Yrotation Xrotation
        JOINT RightFoot
        {
          OFFSET 2e-06 -42.117393 -3.478398
          CHANNELS 3 Zrotation Yrotation Xrotation
          JOINT RightToeBase
          {
            OFFSET -0.0 -5.079609 13.284196
            CHANNELS 3 Zrotation Yrotation Xrotation
            JOINT RightToeEnd
            {
              OFFSET 0.009532 -1.634378 6.460591
              CHANNELS 3 Zrotation Yrotation Xrotation
            }
          }
        }
      }
    }
  }
}
MOTION
Frames: 120
Frame Time: 0.03333333333333333
0.0 0.0 0.0 0.0 -0.0 0.0 2.727126 15.112389 4.91718 40.778877 -0.743239 94.033394 -8.726335 -2.49395 1.000243 -2.23518 -3.88144 -3.585907 -13.858077 -8.501024 13.00953 7.314293 2.8317 -23.158978 -2.930776 -9.550165 -2.97758 -2.911556 -12.108711 16.785202 7.7e-05 -2.3e-05 6e-06 0.30639 -0.040132 -0.243872 1.51687 -3.64809 -10.859637 -0.913886 3.559961 -10.713892 7.32763 -22.90719 10.408847 -45.769398 -48.196251 11.391306 179.685196 -34.596622 -178.491547 17.517414 9.605728 73.05442 -5.882107 9.861288 0.70259 -10.936875 -0.360577 7.156209 1e-06 8.77483 -0.0 -15.403369 18.52095 7.64289 -1.844033 2.498505 -2.507278 -10.163603 4.678945 4.621109 -20.97603 -7e-06 2e-06 -21.226295 2.451694 -3.594001 -0.0 -5e-06 -1e-06 -1.362683 2.240798 -0.746323 -21.334923 0.584906 3.008323 -13.82122 -5e-06 2e-06 -23.887182 -0.249083 -0.839481 -62.098907 2.920214 -0.501273 -0.294024 1.679688 0.833257 -14.218215 0.093212 1.300579 -34.212059 -0.287569 0.967173 -20.033218 0.964533 1.212846 -0.0 1e-06 -1e-06 -3.440389 0.788233 0.501656 -15.928192 -3.167313 2.999709 -6.338828 -2e-06 1e-06 -18.123453 3.64818 -4.905672 -5e-06 -0.0 -2e-06 3.465023 -1.910017 10.072516 17.714888 -7.312694 -69.775612 -177.543167 38.233078 -178.917755 -14.167667 -19.337011 21.974451 2.243543 -5.255039 -3.180161 14.2829 -0.826596 6.952506 -3e-06 -12.69061 -1e-06 17.319372 -17.27047 2.575361 1.665668 -1.955922 -2.878302 4.727801 -4.170589 4.993926 11.020535 4e-06 -2e-06 12.109058 -3.735716 -2.866788 2e-06 -1e-06 0.0 1.291986 -1.928549 -1.498091 14.80014 0.56747 3.865611 14.242584 -1.341738 -6.660665 19.631985 0.143928 -0.648247 50.623661 -0.829951 -6.436291 0.353029 -1.511151 -0.03194 20.222807 3.684314 2.316631 18.787287 6e-06 0.0 10.751636 -0.479867 1.397906 -0.0 -0.0 1e-06 3.27381 0.30595 -0.580111 21.486832 11.830382 2.266134 8.16293 3e-06 -1e-06 18.399096 -3.798983 -4.940579 4e-06 -0.0 -1e-06 -12.859406 19.94017 -114.820129 -3.042492 2.411957 135.394165 -9.99723 19.911234 -7.540449 2.232014 -2.419504 -2.998894 -0.0 -0.0 2e-06 63.778538 73.828209 79.001495 -173.260269 -82.744446 175.207947 7.233784 -30.631124 3.414863 -1.513815 0.733497 -11.527481 0.0 -0.0 -1e-06 
0.0 0.0 0.0 0.0 -0.0 0.0 3.053621 14.891177 5.178661 40.782654 -0.661983 94.696297 -8.829161 -2.577888 0.997434 -2.181186 -3.693094 -3.671616 -13.909353 -8.366392 12.759148 7.223892 2.613643 -23.751776 -3.062268 -10.005954 -2.87766 -3.066884 -12.339657 16.10034 7.7e-05 -2.3e-05 6e-06 0.302779 -0.054558 -0.24622 1.485201 -3.681936 -10.884683 -0.889713 3.562135 -10.694169 7.811486 -22.932255 10.576673 -47.397827 -48.494011 12.177013 179.726196 -33.75927 -178.840225 16.683764 9.230094 73.197433 -5.882112 9.861297 0.702589 -10.936882 -0.360579 7.156212 1e-06 8.774836 -3e-06 -15.251394 18.549644 7.72017 -1.844035 2.498508 -2.507279 -10.16361 4.678946 4.62111 -20.976048 -7e-06 2e-06 -21.226313 2.451695 -3.594005 0.0 -5e-06 0.0 -1.362682 2.2408 -0.746327 -21.334938 0.584905 3.008325 -13.821229 -6e-06 1e-06 -23.887196 -0.249083 -0.839482 -62.252174 2.89423 -0.395567 -0.294025 1.67969 0.833258 -14.218225 0.093213 1.300582 -34.212086 -0.287572 0.967175 -20.033236 0.964534 1.212849 0.0 1e-06 -0.0 -3.44039 0.788234 0.501655 -15.928206 -3.167317 2.99971 -6.338833 -2e-06 -0.0 -18.123466 3.648182 -4.905678 -5e-06 -0.0 -2e-06 3.835184 -2.224092 10.365957 17.764862 -7.459872 -70.200439 -176.115524 37.647232 -178.114044 -13.27662 -20.7069 21.557785 2.243544 -5.255043 -3.180162 14.282911 -0.826593 6.95251 -2e-06 -12.690619 -4e-06 17.207191 -17.335997 2.573576 1.665669 -1.955924 -2.878303 4.727805 -4.17059 4.993927 11.020544 4e-06 -1e-06 12.10907 -3.735718 -2.866788 1e-06 -1e-06 -0.0 1.291988 -1.928552 -1.498091 14.800151 0.567471 3.865611 14.242589 -1.341736 -6.660666 19.631996 0.143927 -0.648245 50.497849 -0.876537 -6.524273 0.353029 -1.511153 -0.03194 20.222818 3.684316 2.316635 18.7873 7e-06 2e-06 10.751641 -0.479868 1.397908 0.0 -0.0 -0.0 3.273812 0.30595 -0.580112 21.486847 11.830393 2.266138 8.162937 4e-06 -1e-06 18.399105 -3.798984 -4.94058 3e-06 -0.0 0.0 -13.092037 20.298079 -114.839348 -3.178035 2.507414 134.886459 -10.337652 18.398851 -6.561964 2.23026 -2.412837 -3.215827 -1e-06 0.0 2e-06 62.138649 74.143478 76.669144 -169.552582 -82.997673 171.067383 6.970946 -30.700727 2.746103 -1.52887 0.736787 -10.586838 1e-06 -0.0 -1e-06 
0.0 0.0 0.0 0.0 -0.0 0.0 3.634008 14.924633 5.6914 40.685509 -0.472639 95.162094 -8.972635 -2.624385 0.977357 -2.244013 -3.711032 -3.721805 -13.747983 -8.366399 12.630699 7.441043 2.540264 -23.705498 -3.305514 -10.423283 -2.809362 -3.33775 -12.432839 15.24146 7.7e-05 -2.3e-05 6e-06 0.259706 -0.055123 -0.24983 1.40162 -3.6985 -10.936215 -0.891323 3.57575 -10.716877 8.47228 -22.886641 10.539605 -49.20187 -48.398479 12.833333 179.605774 -33.257675 -178.879288 15.869371 9.037235 73.507706 -5.88211 9.861292 0.702587 -10.936878 -0.360579 7.156211 1e-06 8.774833 -3e-06 -15.258095 18.41935 7.542586 -1.844034 2.498507 -2.507279 -10.163606 4.678946 4.621109 -20.97604 -8e-06 3e-06 -21.226305 2.451694 -3.594003 1e-06 -6e-06 0.0 -1.362682 2.2408 -0.746324 -21.334929 0.584904 3.008323 -13.821223 -6e-06 1e-06 -23.887186 -0.249085 -0.839481 -62.342197 2.758222 -0.234889 -0.294024 1.679688 0.833254 -14.218219 0.093212 1.300581 -34.212074 -0.287572 0.967173 -20.03323 0.964531 1.212847 0.0 1e-06 -1e-06 -3.44039 0.788233 0.501656 -15.9282 -3.167316 2.999708 -6.338829 -2e-06 1e-06 -18.123459 3.648183 -4.905676 -5e-06 -0.0 -2e-06 3.495668 -2.474692 10.904999 18.507431 -6.182412 -71.258095 -175.746704 37.249405 -177.856644 -12.222038 -22.009809 21.274176 2.243541 -5.255038 -3.180158 14.282896 -0.826594 6.952505 -0.0 -12.690606 -3e-06 17.149204 -17.400597 2.587499 1.665667 -1.955922 -2.878299 4.7278 -4.170588 4.993922 11.020528 5e-06 0.0 12.109055 -3.735717 -2.866785 1e-06 0.0 -0.0 1.291986 -1.928551 -1.498091 14.800131 0.567469 3.865608 14.242575 -1.341736 -6.660657 19.631971 0.143926 -0.648243 50.633759 -0.950764 -6.541206 0.353029 -1.511152 -0.03194 20.222799 3.684313 2.316631 18.787279 5e-06 1e-06 10.751631 -0.479868 1.397907 0.0 -1e-06 1e-06 3.273807 0.305947 -0.580111 21.48682 11.830381 2.266137 8.162928 2e-06 -0.0 18.399084 -3.798984 -4.940578 3e-06 0.0 -1e-06 -13.723738 20.531019 -114.753532 -3.731782 2.356339 134.318054 -10.550443 16.258438 -4.641232 2.268085 -2.392799 -3.778693 -0.0 0.0 2e-06 63.829964 74.689117 77.770874 -168.716629 -82.344963 169.816132 6.890555 -30.61587 1.764789 -1.527134 0.7331 -11.140982 0.0 -0.0 -1e-06 
0.0 0.0 0.0 0.0 -0.0 0.0 4.059597 14.972872 6.112812 40.624886 -0.297733 95.520576 -9.120062 -2.679103 0.898364 -2.323785 -3.852565 -3.774247 -13.579842 -8.435246 12.609309 7.633839 2.468013 -23.516935 -3.66471 -10.662868 -2.768352 -3.606403 -12.541327 14.451709 7.7e-05 -2.3e-05 6e-06 0.218266 -0.051356 -0.252734 1.332317 -3.708102 -10.977383 -0.904027 3.593378 -10.748153 9.140812 -22.906281 10.502993 -50.843288 -48.070129 13.38635 179.42662 -32.986038 -178.706451 15.064563 8.924286 74.252403 -5.88211 9.861292 0.702587 -10.936875 -0.360577 7.156208 0.0 8.77483 -3e-06 -15.299699 18.260229 7.320482 -1.844033 2.498507 -2.50728 -10.163604 4.678946 4.621109 -20.976034 -4e-06 1e-06 -21.226295 2.451697 -3.594004 0.0 -6e-06 0.0 -1.362682 2.2408 -0.746324 -21.334927 0.584907 3.008324 -13.821221 -5e-06 0.0 -23.887182 -0.24908 -0.839483 -62.33012 2.671219 -0.159731 -0.294025 1.679688 0.833257 -14.218215 0.093214 1.300581 -34.212067 -0.287569 0.96717 -20.033222 0.964537 1.212845 -0.0 2e-06 0.0 -3.44039 0.788233 0.501655 -15.928194 -3.167314 2.999709 -6.338828 -1e-06 0.0 -18.123453 3.648181 -4.905674 -5e-06 1e-06 -2e-06 2.952272 -2.740971 11.312319 19.24655 -4.356525 -72.268608 -176.073502 37.152714 -178.018066 -11.557798 -22.84145 21.054914 2.243541 -5.255037 -3.180158 14.282887 -0.826594 6.9525 -3e-06 -12.690604 -1e-06 17.047712 -17.456341 2.647486 1.665665 -1.95592 -2.878298 4.727798 -4.170587 4.993923 11.020526 5e-06 -2e-06 12.109049 -3.735714 -2.866785 1e-06 -1e-06 1e-06 1.291985 -1.92855 -1.498089 14.800125 0.56747 3.865606 14.242569 -1.341734 -6.660655 19.631962 0.143926 -0.648244 50.762421 -1.031189 -6.509037 0.353029 -1.511151 -0.03194 20.22279 3.684313 2.316631 18.78727 7e-06 1e-06 10.751629 -0.479867 1.397907 1e-06 -0.0 0.0 3.273807 0.305945 -0.580111 21.486813 11.830377 2.266137 8.162926 1e-06 -0.0 18.399078 -3.798985 -4.940573 3e-06 0.0 -1e-06 -14.270288 20.500593 -114.567589 -4.13219 2.13676 133.808731 -10.496331 15.081857 -2.881019 2.326234 -2.397027 -4.261293 -0.0 -1e-06 2e-06 67.390739 75.283615 80.937958 -170.346222 -81.015854 171.278595 6.979341 -30.140444 0.753899 -1.508302 0.728615 -11.865083 0.0 0.0 -1e-06 
0.0 0.0 0.0 0.0 -0.0 0.0 4.38817 14.91682 6.437638 40.714642 -0.171429 95.871254 -9.281156 -2.763188 0.868996 -2.358219 -4.01709 -3.822062 -13.466494 -8.581491 12.584674 7.695484 2.435165 -23.481361 -4.082316 -10.881298 -2.724272 -3.82952 -12.727278 13.700099 7.8e-05 -2.3e-05 5e-06 0.204358 -0.048158 -0.249391 1.299788 -3.711292 -10.989337 -0.899279 3.605137 -10.764115 9.786893 -22.968899 10.538385 -52.342087 -47.525494 13.666211 179.42514 -32.550884 -178.571548 14.300984 8.876225 74.747459 -5.882111 9.861296 0.702589 -10.936879 -0.360577 7.15621 -1e-06 8.774835 -3e-06 -15.25576 18.135292 7.191145 -1.844034 2.498507 -2.507279 -10.163609 4.678948 4.621109 -20.976046 -2e-06 1e-06 -21.226307 2.451699 -3.594007 0.0 -5e-06 -0.0 -1.362683 2.2408 -0.746324 -21.334932 0.584908 3.008324 -13.821223 -4e-06 1e-06 -23.887192 -0.24908 -0.839486 -62.236324 2.636957 -0.101865 -0.294025 1.679689 0.833258 -14.218221 0.093214 1.300579 -34.212082 -0.287569 0.967169 -20.033232 0.964536 1.212844 0.0 1e-06 0.0 -3.440392 0.788234 0.501656 -15.928201 -3.167314 2.999708 -6.338831 -2e-06 1e-06 -18.123463 3.648184 -4.905678 -5e-06 -0.0 -2e-06 2.402772 -3.12205 11.526248 19.815395 -2.62689 -72.84697 -176.462296 36.992313 -178.259537 -11.196875 -23.509764 20.978645 2.243543 -5.255044 -3.180161 14.282906 -0.826593 6.952507 -2e-06 -12.690617 -2e-06 16.952183 -17.485094 2.731279 1.665668 -1.955924 -2.878301 4.727805 -4.170591 4.993927 11.02054 6e-06 -2e-06 12.109061 -3.735718 -2.866787 2e-06 1e-06 -0.0 1.291987 -1.928551 -1.498091 14.800144 0.567472 3.865611 14.242585 -1.341736 -6.660664 19.631987 0.143929 -0.648244 50.827377 -1.056179 -6.509942 0.353029 -1.511153 -0.03194 20.222815 3.684319 2.316634 18.787291 7e-06 -1e-06 10.751639 -0.479869 1.397907 2e-06 -0.0 0.0 3.27381 0.305948 -0.580112 21.486837 11.830389 2.266136 8.162935 4e-06 -0.0 18.399101 -3.798984 -4.940579 3e-06 0.0 -1e-06 -14.639033 20.286808 -114.283653 -4.277533 1.977902 133.29834 -10.240925 14.560512 -1.50971 2.377352 -2.435975 -4.551931 0.0 0.0 2e-06 70.670258 75.733154 83.913605 -171.75119 -79.561493 172.700668 7.421255 -29.17473 -0.17707 -1.486349 0.723073 -12.200874 0.0 -0.0 -1e-06 
0.0 0.0 0.0 0.0 -0.0 0.0 4.711792 14.815063 6.65762 40.828625 -0.062477 96.227097 -9.414473 -2.864345 0.894446 -2.350622 -4.153469 -3.863401 -13.409663 -8.748414 12.499777 7.711988 2.359217 -23.529388 -4.379397 -11.029966 -2.703134 -3.991543 -12.843213 12.989188 7.7e-05 -2.3e-05 6e-06 0.20969 -0.047668 -0.244698 1.294409 -3.715125 -10.99466 -0.884112 3.612362 -10.775146 10.460667 -22.984295 10.501027 -53.928242 -46.752102 13.846838 179.545609 -31.885113 -178.488098 13.579983 8.872115 74.807945 -5.882108 9.86129 0.702589 -10.936875 -0.360577 7.156209 2e-06 8.774831 -1e-06 -15.215775 18.122339 7.147594 -1.844034 2.498506 -2.50728 -10.163604 4.678945 4.62111 -20.97603 -6e-06 2e-06 -21.226295 2.451694 -3.594001 1e-06 -5e-06 0.0 -1.362682 2.2408 -0.746325 -21.334927 0.584907 3.008322 -13.82122 -4e-06 0.0 -23.887184 -0.249083 -0.839483 -62.136753 2.622367 -0.064283 -0.294024 1.679688 0.833256 -14.218215 0.093213 1.30058 -34.212067 -0.287568 0.967171 -20.033226 0.964534 1.212845 0.0 1e-06 -0.0 -3.440389 0.788234 0.501654 -15.928192 -3.167314 2.999708 -6.338829 -1e-06 1e-06 -18.123455 3.648182 -4.905674 -5e-06 -0.0 -2e-06 1.85198 -3.517317 11.664512 20.319084 -1.196934 -72.93129 -176.584518 36.698219 -178.38736 -11.16248 -23.951954 21.095451 2.243541 -5.255037 -3.180157 14.282892 -0.826594 6.9525 -1e-06 -12.690606 -1e-06 16.80991 -17.526674 2.839132 1.665667 -1.955921 -2.878299 4.727797 -4.170589 4.993922 11.020526 4e-06 -1e-06 12.109053 -3.735716 -2.866785 1e-06 0.0 1e-06 1.291985 -1.928548 -1.498089 14.800131 0.567471 3.865607 14.242574 -1.341738 -6.660657 19.631968 0.143925 -0.648243 50.799839 -1.017099 -6.521403 0.353029 -1.511149 -0.03194 20.222794 3.684309 2.316629 18.787271 5e-06 0.0 10.751628 -0.479867 1.397905 1e-06 -1e-06 -1e-06 3.273807 0.305948 -0.58011 21.486814 11.830376 2.266135 8.162929 1e-06 -1e-06 18.39908 -3.798985 -4.940575 3e-06 0.0 -2e-06 -14.840173 20.100874 -113.980667 -4.262359 1.866112 132.877014 -9.826328 14.530686 -0.544955 2.415862 -2.466134 -4.684853 0.0 -1e-06 1e-06 72.797096 76.052498 85.902672 -173.014069 -78.42691 173.979858 7.938174 -27.972889 -0.916078 -1.464306 0.713424 -12.590239 0.0 0.0 -1e-06 
0.0 0.0 0.0 0.0 -0.0 0.0 5.015316 14.703536 6.7425 40.928459 0.080303 96.578506 -9.523223 -2.955417 0.939178 -2.316086 -4.294006 -3.890612 -13.346034 -8.912776 12.399211 7.743912 2.245295 -23.611509 -4.531767 -11.140221 -2.70579 -4.192371 -12.840702 12.254869 7.7e-05 -2.2e-05 7e-06 0.211636 -0.04675 -0.237127 1.291671 -3.717695 -10.996327 -0.87851 3.618729 -10.789523 11.199117 -22.989445 10.422005 -55.613373 -45.762512 13.814291 179.702652 -31.041403 -178.433502 12.816117 8.88658 74.690002 -5.882107 9.86129 0.702587 -10.936874 -0.360577 7.156208 2e-06 8.774829 -4e-06 -15.194482 18.187305 7.13934 -1.844033 2.498506 -2.507278 -10.163601 4.678944 4.621107 -20.976027 -5e-06 2e-06 -21.226292 2.451695 -3.594004 0.0 -5e-06 -0.0 -1.362682 2.240799 -0.746323 -21.334917 0.584909 3.008325 -13.821218 -3e-06 1e-06 -23.887178 -0.249082 -0.839484 -62.032578 2.621765 -0.018438 -0.294025 1.679688 0.833254 -14.218212 0.093214 1.300581 -34.212059 -0.287567 0.967172 -20.033218 0.964535 1.212845 -0.0 2e-06 -0.0 -3.440389 0.788233 0.501654 -15.928189 -3.167313 2.999709 -6.338826 -2e-06 -0.0 -18.123447 3.648182 -4.905675 -5e-06 -0.0 -2e-06 1.157064 -3.916523 11.814581 20.836618 0.08621 -72.842667 -176.673737 36.336506 -178.503632 -11.196728 -24.246925 21.119957 2.243542 -5.255039 -3.180159 14.282903 -0.826593 6.952504 -2e-06 -12.69061 -1e-06 16.73527 -17.533964 2.887593 1.665668 -1.955923 -2.878301 4.727801 -4.17059 4.993924 11.020536 5e-06 -2e-06 12.109059 -3.735715 -2.866785 1e-06 -1e-06 1e-06 1.291986 -1.92855 -1.49809 14.800139 0.56747 3.865608 14.242583 -1.341735 -6.660661 19.631983 0.143927 -0.648243 50.728252 -0.939911 -6.541544 0.353028 -1.511152 -0.03194 20.222807 3.684313 2.31663 18.787287 6e-06 -1e-06 10.751637 -0.479869 1.397906 1e-06 0.0 0.0 3.273809 0.305947 -0.580112 21.486834 11.830388 2.266135 8.162933 2e-06 -1e-06 18.399096 -3.798984 -4.940578 3e-06 0.0 -0.0 -14.971981 20.038721 -113.67009 -4.227485 1.745477 132.553558 -9.366123 14.446378 0.173923 2.430903 -2.466403 -4.789809 0.0 -1e-06 1e-06 73.778786 76.278946 86.831223 -173.949081 -77.742477 174.968353 8.525276 -26.680105 -1.862185 -1.446907 0.701848 -13.123469 0.0 0.0 -1e-06 
0.0 0.0 0.0 0.0 -0.0 0.0 5.31694 14.579493 6.714778 40.937511 0.284699 96.903191 -9.610959 -3.018304 0.978042 -2.264789 -4.443289 -3.904895 -13.244221 -9.062204 12.30797 7.86084 2.147888 -23.691597 -4.587484 -11.200709 -2.726055 -4.441778 -12.703592 11.514922 7.6e-05 -2.2e-05 6e-06 0.211057 -0.047122 -0.231819 1.290073 -3.718402 -10.991076 -0.878823 3.62076 -10.805479 11.936159 -22.959177 10.30634 -57.35672 -44.596336 13.522821 179.858093 -30.14661 -178.394531 11.97586 8.828506 74.275169 -5.882108 9.861292 0.70259 -10.936877 -0.360577 7.15621 2e-06 8.774831 -1e-06 -15.153822 18.276318 7.147075 -1.844033 2.498506 -2.507278 -10.163606 4.678945 4.621111 -20.976038 -7e-06 3e-06 -21.226295 2.451694 -3.593999 1e-06 -5e-06 0.0 -1.362682 2.240799 -0.746325 -21.334927 0.584905 3.008326 -13.82122 -5e-06 4e-06 -23.887184 -0.249083 -0.83948 -61.906384 2.644674 0.032239 -0.294025 1.679689 0.833258 -14.218218 0.093212 1.300581 -34.21207 -0.28757 0.967174 -20.033226 0.964535 1.212847 0.0 2e-06 0.0 -3.440389 0.788234 0.501655 -15.9282 -3.167316 2.99971 -6.338829 -2e-06 1e-06 -18.123457 3.648182 -4.905671 -5e-06 -0.0 -2e-06 0.282746 -4.270627 11.937705 21.333054 1.25273 -72.493042 -176.693954 35.96566 -178.562119 -11.139421 -24.578054 21.07435 2.243542 -5.255041 -3.180161 14.282896 -0.826592 6.952507 -3e-06 -12.69061 -2e-06 16.725128 -17.531843 2.900392 1.665667 -1.955922 -2.878302 4.7278 -4.170589 4.993926 11.020532 4e-06 -3e-06 12.109058 -3.735716 -2.866788 1e-06 -1e-06 -0.0 1.291986 -1.928551 -1.498091 14.800136 0.56747 3.865608 14.242577 -1.341736 -6.660663 19.631977 0.143929 -0.648247 50.695553 -0.855329 -6.556659 0.35303 -1.51115 -0.03194 20.222803 3.684317 2.316631 18.787287 8e-06 -1e-06 10.751633 -0.479866 1.397907 1e-06 -0.0 0.0 3.273809 0.305947 -0.580112 21.486828 11.830385 2.266135 8.162931 2e-06 -0.0 18.399092 -3.798982 -4.940578 3e-06 0.0 -0.0 -15.138655 20.106564 -113.380135 -4.242078 1.614682 132.42485 -8.946404 14.43559 0.595273 2.431468 -2.453336 -4.880238 0.0 -0.0 2e-06 74.320129 76.449356 87.394768 -174.726883 -77.379021 175.809692 9.113036 -25.333529 -2.942856 -1.430328 0.687203 -13.954623 0.0 -0.0 -1e-06 
0.0 0.0 0.0 0.0 -0.0 0.0 5.7095 14.423471 6.647417 40.82061 0.571461 97.158577 -9.647909 -3.050526 1.028703 -2.219059 -4.570292 -3.914836 -13.081183 -9.189361 12.18793 8.014175 2.09739 -23.745169 -4.593276 -11.176448 -2.756056 -4.652273 -12.428437 10.777976 7.5e-05 -2.2e-05 5e-06 0.204829 -0.048525 -0.227642 1.284912 -3.716594 -10.977772 -0.8865 3.618045 -10.815059 12.573574 -22.905897 10.148091 -59.085712 -43.336037 12.945107 -179.906677 -29.325394 -178.396835 11.178328 8.605308 73.233299 -5.882105 9.861286 0.702589 -10.936877 -0.360579 7.156209 3e-06 8.77483 -1e-06 -15.11774 18.336655 7.124461 -1.844033 2.498505 -2.507279 -10.163604 4.678944 4.621109 -20.976034 -1e-05 4e-06 -21.226297 2.451693 -3.593999 -1e-06 -6e-06 -1e-06 -1.362682 2.240799 -0.746323 -21.334925 0.584903 3.008325 -13.82122 -6e-06 3e-06 -23.887182 -0.249084 -0.839478 -61.721851 2.681559 0.060708 -0.294024 1.679688 0.833255 -14.218217 0.093211 1.300583 -34.212067 -0.287575 0.967178 -20.033226 0.964534 1.21285 -0.0 1e-06 -0.0 -3.440389 0.788233 0.501657 -15.928198 -3.167317 2.999708 -6.33883 -3e-06 1e-06 -18.123457 3.648176 -4.905671 -5e-06 -0.0 -2e-06 -0.660425 -4.589736 12.025579 21.638096 2.308033 -71.78672 -176.573029 35.637081 -178.557495 -11.091832 -24.874561 20.881992 2.243541 -5.255038 -3.180159 14.282889 -0.826594 6.952505 -1e-06 -12.690609 -1e-06 16.744171 -17.528675 2.900837 1.665665 -1.955923 -2.878299 4.727798 -4.170588 4.993925 11.020528 3e-06 -1e-06 12.109053 -3.735715 -2.866783 1e-06 1e-06 -0.0 1.291985 -1.92855 -1.498089 14.800129 0.567469 3.865611 14.242576 -1.341736 -6.660659 19.631971 0.143928 -0.648243 50.715965 -0.741319 -6.549815 0.353028 -1.511152 -0.03194 20.222794 3.684311 2.316633 18.787275 4e-06 1e-06 10.751629 -0.479867 1.397907 1e-06 -0.0 0.0 3.273808 0.305947 -0.58011 21.486814 11.830379 2.266139 8.162926 2e-06 0.0 18.399082 -3.798988 -4.940574 2e-06 -0.0 -0.0 -15.373466 20.278276 -113.041031 -4.255939 1.519672 132.547028 -8.528323 14.621326 0.770448 2.417512 -2.440224 -5.053835 0.0 -0.0 2e-06 75.056915 76.54158 88.149467 -175.065323 -77.196915 176.197189 9.725891 -23.986168 -3.960034 -1.419918 0.668791 -14.978199 1e-06 0.0 -1e-06 
0.0 0.0 0.0 0.0 -0.0 0.0 6.257303 14.242136 6.60352 40.461037 0.983017 97.322784 -9.606579 -3.033473 1.034273 -2.192597 -4.671828 -3.921266 -12.813388 -9.272477 12.083099 8.098925 2.062457 -23.825047 -4.545756 -11.008484 -2.799293 -4.76757 -12.022173 10.057424 7.7e-05 -2.2e-05 6e-06 0.195302 -0.051466 -0.226873 1.279629 -3.716396 -10.977015 -0.900013 3.613067 -10.832695 12.947208 -22.840832 10.095074 -60.509159 -42.166309 11.897342 -179.578918 -28.636503 -178.421814 10.428791 8.198449 71.492249 -5.882106 9.861284 0.70259 -10.936874 -0.360577 7.156205 2e-06 8.774826 -2e-06 -15.137412 18.312656 7.033542 -1.844033 2.498505 -2.507277 -10.163601 4.678943 4.621107 -20.976027 -6e-06 3e-06 -21.226292 2.451695 -3.593998 -0.0 -5e-06 0.0 -1.362682 2.240798 -0.746323 -21.334917 0.584906 3.008323 -13.821217 -3e-06 2e-06 -23.887175 -0.249083 -0.839482 -61.53521 2.65091 0.104949 -0.294025 1.679688 0.833256 -14.218212 0.093212 1.30058 -34.212059 -0.287569 0.967174 -20.033215 0.964535 1.212846 0.0 0.0 -0.0 -3.440389 0.788233 0.501655 -15.928189 -3.167313 2.999707 -6.338828 -2e-06 0.0 -18.123449 3.64818 -4.905669 -5e-06 0.0 -2e-06 -1.569036 -4.810375 12.065819 21.635792 3.38295 -71.091133 -176.557083 35.433193 -178.69043 -10.971156 -25.218599 20.612749 2.243541 -5.255038 -3.18016 14.282896 -0.826593 6.952507 -2e-06 -12.690609 -1e-06 16.803545 -17.527811 2.901007 1.665666 -1.955922 -2.8783 4.7278 -4.170588 4.993927 11.02053 4e-06 -1e-06 12.109054 -3.735716 -2.866785 1e-06 -0.0 -0.0 1.291986 -1.92855 -1.498091 14.800132 0.567468 3.865612 14.242573 -1.341737 -6.66066 19.631969 0.143924 -0.648243 50.761116 -0.602244 -6.544657 0.353029 -1.511151 -0.03194 20.222794 3.684309 2.316634 18.787273 4e-06 4e-06 10.751631 -0.47987 1.397908 1e-06 0.0 0.0 3.273807 0.305948 -0.58011 21.486822 11.830379 2.266139 8.16293 1e-06 1e-06 18.399088 -3.798988 -4.940575 3e-06 -0.0 -1e-06 -15.759669 20.621332 -112.593132 -4.287725 1.451485 132.865631 -7.992454 15.197024 0.788216 2.398764 -2.419926 -5.313295 0.0 -0.0 1e-06 77.073647 76.591309 90.165092 -175.135178 -77.047935 176.346924 10.223781 -22.672031 -4.764862 -1.420763 0.64566 -16.207764 -1e-06 0.0 -1e-06 
0.0 0.0 0.0 0.0 -0.0 0.0 6.939339 14.100605 6.60034 39.824657 1.582356 97.362328 -9.502212 -2.995848 0.93071 -2.150143 -4.730954 -3.940852 -12.446396 -9.293042 12.093476 8.006973 1.985912 -23.928844 -4.432597 -10.690245 -2.860593 -4.732433 -11.536129 9.295272 7.7e-05 -2.3e-05 6e-06 0.170136 -0.050081 -0.22717 1.260309 -3.714223 -10.992944 -0.929335 3.613297 -10.863727 12.918616 -22.808956 10.284801 -61.502392 -41.105087 10.252896 -179.159683 -28.056433 -178.437057 9.672409 7.611832 68.932228 -5.882105 9.861284 0.70259 -10.93687 -0.360578 7.156206 1e-06 8.774824 -1e-06 -15.199053 18.277946 6.924707 -1.844032 2.498504 -2.50728 -10.163601 4.678943 4.621109 -20.976027 -5e-06 4e-06 -21.226288 2.451693 -3.594 -0.0 -5e-06 -0.0 -1.362681 2.240798 -0.746324 -21.334913 0.584906 3.008325 -13.821215 -5e-06 3e-06 -23.887171 -0.249083 -0.839481 -61.469128 2.586003 0.141927 -0.294024 1.679687 0.833254 -14.218208 0.093212 1.30058 -34.212051 -0.287567 0.967174 -20.033211 0.964534 1.212846 0.0 1e-06 0.0 -3.440389 0.788233 0.501656 -15.928185 -3.167311 2.999709 -6.338828 -2e-06 1e-06 -18.123447 3.648179 -4.905669 -5e-06 0.0 -2e-06 -2.395509 -4.893851 11.996366 21.301237 4.523249 -70.297249 -176.703537 35.379833 -178.957108 -10.828287 -25.800226 20.358452 2.243542 -5.255038 -3.180159 14.282896 -0.826595 6.952507 -1e-06 -12.69061 -1e-06 16.887451 -17.551876 2.917456 1.665666 -1.955921 -2.878299 4.727801 -4.170588 4.993926 11.020529 2e-06 -1e-06 12.109056 -3.735717 -2.866784 2e-06 -0.0 -0.0 1.291985 -1.928551 -1.49809 14.800132 0.567467 3.865608 14.242576 -1.341738 -6.660661 19.631973 0.143926 -0.648241 50.837757 -0.493759 -6.551659 0.353029 -1.511151 -0.03194 20.222797 3.684311 2.316634 18.787273 4e-06 3e-06 10.75163 -0.479869 1.397907 1e-06 -0.0 -1e-06 3.273808 0.305947 -0.580111 21.48682 11.830376 2.266136 8.16293 2e-06 -1e-06 18.399084 -3.798986 -4.940575 2e-06 -0.0 -1e-06 -16.050791 21.248014 -111.810295 -4.282732 1.396764 133.329361 -7.349988 16.365837 0.548636 2.38971 -2.389817 -5.40481 0.0 -0.0 3e-06 80.563972 76.444374 93.600334 -175.214828 -76.906525 176.571548 10.708171 -21.2637 -5.474007 -1.427264 0.625261 -17.074112 -1e-06 0.0 -1e-06 
0.0 0.0 0.0 0.0 -0.0 0.0 7.816727 14.091897 6.707378 39.07951 2.353997 97.273277 -9.332794 -2.978618 0.812977 -2.039202 -4.781071 -3.967348 -12.017097 -9.300726 12.133503 7.822155 1.813245 -23.964495 -4.295579 -10.263465 -2.934498 -4.554405 -10.942523 8.399002 7.7e-05 -2.2e-05 6e-06 0.128074 -0.041633 -0.22753 1.212265 -3.696673 -10.993791 -0.963413 3.61164 -10.874845 12.417302 -22.968897 10.696706 -62.075172 -40.069778 8.025408 -178.567261 -27.60853 -178.506332 9.093809 6.67896 65.50267 -5.882108 9.861293 0.702589 -10.936875 -0.360577 7.156208 -0.0 8.774831 -2e-06 -15.235267 18.328621 6.882434 -1.844034 2.498507 -2.507277 -10.163604 4.678946 4.621109 -20.976032 -6e-06 1e-06 -21.226295 2.451696 -3.594004 -0.0 -5e-06 0.0 -1.362682 2.2408 -0.746322 -21.334921 0.584907 3.008323 -13.821218 -4e-06 -0.0 -23.887175 -0.249081 -0.839484 -61.497288 2.535332 0.135128 -0.294024 1.679688 0.833256 -14.218215 0.093213 1.300579 -34.212067 -0.28757 0.96717 -20.033222 0.964532 1.212844 1e-06 1e-06 0.0 -3.440389 0.788233 0.501655 -15.928192 -3.167314 2.999709 -6.338829 -2e-06 0.0 -18.123459 3.648183 -4.905676 -5e-06 0.0 -2e-06 -3.093461 -5.069399 11.787362 20.584579 5.872373 -68.884102 -176.859436 35.424782 -179.131424 -10.839622 -26.722408 20.540207 2.243541 -5.255036 -3.180157 14.282896 -0.826592 6.952502 -6e-06 -12.690603 -0.0 16.941435 -17.576912 2.967948 1.665667 -1.955922 -2.878299 4.727801 -4.170586 4.993924 11.020529 4e-06 -1e-06 12.109053 -3.735713 -2.866783 2e-06 -0.0 -0.0 1.291986 -1.928549 -1.49809 14.800136 0.567472 3.865607 14.242576 -1.341734 -6.660657 19.631973 0.143928 -0.648242 50.944805 -0.436627 -6.53969 0.353028 -1.511151 -0.03194 20.222801 3.684313 2.316628 18.787281 8e-06 2e-06 10.751633 -0.479867 1.397908 1e-06 -0.0 0.0 3.273808 0.305949 -0.58011 21.486824 11.830376 2.266131 8.162931 5e-06 -2e-06 18.399092 -3.798982 -4.940573 4e-06 0.0 -1e-06 -16.059448 22.024046 -110.606003 -4.251283 1.376737 133.750656 -6.849932 17.80253 0.168486 2.383595 -2.359148 -5.366305 -0.0 0.0 5e-06 84.210663 76.013992 97.203453 -175.137299 -76.833374 176.682114 11.388252 -19.64818 -6.073977 -1.435818 0.607764 -17.367275 0.0 0.0 -1e-06 
0.0 0.0 0.0 0.0 -0.0 0.0 8.849115 14.290422 6.981225 38.432133 3.265254 97.101402 -9.047514 -2.999053 0.76998 -1.888776 -4.888387 -3.98376 -11.50741 -9.35603 12.165519 7.622602 1.508509 -23.925058 -4.131312 -9.763714 -3.009907 -4.317068 -10.228434 7.292162 7.7e-05 -2.2e-05 6e-06 0.085186 -0.029999 -0.233014 1.148104 -3.671079 -10.980206 -0.983144 3.608437 -10.869365 11.417958 -23.381523 11.20802 -61.962254 -38.959866 4.992329 -177.69931 -27.15312 -178.705521 8.932306 5.409196 61.235004 -5.882105 9.861284 0.70259 -10.93687 -0.360577 7.156202 0.0 8.774823 -3e-06 -15.273965 18.454075 6.904528 -1.844032 2.498505 -2.507276 -10.163601 4.678944 4.621107 -20.976021 -4e-06 4e-06 -21.226282 2.451696 -3.593998 0.0 -4e-06 1e-06 -1.36268 2.240798 -0.746323 -21.334913 0.584909 3.008324 -13.821213 -3e-06 2e-06 -23.887167 -0.249077 -0.839481 -61.619194 2.541347 0.073984 -0.294024 1.679687 0.833254 -14.218207 0.093214 1.30058 -34.212048 -0.287562 0.967173 -20.033211 0.964535 1.212844 0.0 1e-06 -0.0 -3.440388 0.788233 0.501656 -15.928183 -3.167309 2.999709 -6.338823 -1e-06 2e-06 -18.123444 3.648184 -4.905669 -6e-06 1e-06 -2e-06 -3.648897 -5.451334 11.586324 19.577034 7.503455 -67.040955 -177.078857 35.393761 -179.186661 -11.104535 -27.827259 21.117664 2.243542 -5.255036 -3.180158 14.282896 -0.826594 6.952505 -3e-06 -12.690603 0.0 16.942133 -17.589893 3.023031 1.665666 -1.95592 -2.878299 4.727801 -4.170584 4.993923 11.020529 5e-06 -1e-06 12.109054 -3.735714 -2.866783 1e-06 1e-06 -0.0 1.291985 -1.928549 -1.498089 14.800136 0.567471 3.865609 14.242577 -1.341736 -6.660657 19.631973 0.143927 -0.64824 51.01601 -0.423458 -6.532201 0.353029 -1.511149 -0.03194 20.222801 3.68431 2.316629 18.787279 8e-06 3e-06 10.751631 -0.479867 1.397908 1e-06 -0.0 0.0 3.273808 0.305948 -0.58011 21.486824 11.830376 2.266133 8.162929 4e-06 -2e-06 18.399084 -3.798982 -4.940573 3e-06 0.0 -1e-06 -15.990381 22.797253 -109.202538 -4.257469 1.329187 133.959213 -6.377285 19.318626 0.393777 2.38714 -2.30397 -5.240819 0.0 0.0 1e-06 86.792793 75.374039 99.86866 -174.854416 -76.94487 176.74617 12.425066 -17.704115 -6.60597 -1.445041 0.591567 -17.179873 0.0 0.0 -1e-06 
0.0 0.0 0.0 0.0 -0.0 0.0 10.03422 14.684415 7.472967 38.074131 4.272863 96.898689 -8.65343 -3.056792 0.780977 -1.763695 -5.095156 -3.963757 -10.851114 -9.470243 12.193486 7.519413 1.154353 -23.841898 -3.954461 -9.263 -3.03091 -4.134748 -9.58981 6.010307 7.7e-05 -2.3e-05 5e-06 0.043105 -0.017483 -0.242697 1.076917 -3.648439 -10.960252 -0.993744 3.610127 -10.862868 10.175927 -23.786154 11.56816 -60.852825 -37.843761 1.258135 -176.847137 -26.637997 -178.963882 9.186485 4.094778 56.494511 -5.882105 9.861283 0.702589 -10.936873 -0.360577 7.156204 2e-06 8.774825 -2e-06 -15.371109 18.552711 6.85549 -1.844032 2.498504 -2.507277 -10.163601 4.678942 4.621108 -20.976027 -5e-06 5e-06 -21.226288 2.451699 -3.593996 -0.0 -5e-06 -1e-06 -1.362682 2.240798 -0.746323 -21.334919 0.584907 3.008324 -13.821215 -4e-06 4e-06 -23.887169 -0.249078 -0.839478 -61.758038 2.570869 -0.00977 -0.294024 1.679687 0.833256 -14.21821 0.093213 1.300584 -34.212051 -0.287566 0.967175 -20.033215 0.964537 1.212846 -0.0 0.0 0.0 -3.440389 0.788233 0.501656 -15.928187 -3.167312 2.999709 -6.338827 -3e-06 1e-06 -18.123444 3.648183 -4.905666 -4e-06 2e-06 -2e-06 -4.020873 -5.728187 11.454325 18.607729 9.046944 -65.232559 -177.565521 35.04488 -179.335052 -11.666411 -28.550673 21.836454 2.243543 -5.25504 -3.18016 14.282899 -0.826593 6.952506 -4e-06 -12.690607 -1e-06 16.787086 -17.571375 3.08098 1.665666 -1.955922 -2.8783 4.727801 -4.170588 4.993925 11.020535 6e-06 -0.0 12.109058 -3.735716 -2.866785 2e-06 0.0 -0.0 1.291987 -1.928552 -1.49809 14.80014 0.567471 3.86561 14.242581 -1.341738 -6.660662 19.631983 0.143924 -0.648245 50.907703 -0.422885 -6.54774 0.353029 -1.511151 -0.031941 20.222807 3.684313 2.316633 18.787285 6e-06 2e-06 10.751636 -0.479868 1.397907 1e-06 -0.0 0.0 3.273809 0.305948 -0.580111 21.486828 11.830381 2.266137 8.16293 4e-06 -1e-06 18.399094 -3.798983 -4.940575 3e-06 0.0 -1e-06 -16.164782 23.378498 -108.094292 -4.31839 1.167453 133.915955 -5.572033 20.878475 1.736685 2.40257 -2.222299 -5.025918 0.0 0.0 1e-06 88.802208 74.604767 102.149696 -174.509125 -76.973099 176.874817 13.733385 -15.480894 -6.857679 -1.445597 0.575504 -17.328913 0.0 0.0 -1e-06 
0.0 0.0 0.0 0.0 -0.0 0.0 11.43004 15.285116 8.241338 37.932861 5.506744 96.566803 -8.156807 -3.156686 0.840964 -1.67792 -5.323613 -3.90945 -9.943095 -9.513296 12.159157 7.668317 0.849747 -23.56291 -3.800173 -8.795657 -3.009669 -4.009116 -9.186792 4.477571 7.7e-05 -2.3e-05 5e-06 0.007721 -0.005518 -0.250142 1.003601 -3.62858 -10.937134 -0.989519 3.613971 -10.853634 9.245802 -23.794411 11.574417 -58.674461 -36.908157 -3.376821 -176.270493 -26.20229 -179.224365 9.864428 2.960125 51.045746 -5.882105 9.861282 0.702591 -10.936872 -0.360575 7.156204 3e-06 8.774823 -0.0 -15.583262 18.614002 6.637918 -1.844032 2.498503 -2.507276 -10.163599 4.678942 4.621109 -20.976023 -5e-06 5e-06 -21.226288 2.451694 -3.593994 -1e-06 -4e-06 -1e-06 -1.362681 2.240797 -0.746324 -21.334911 0.584906 3.008323 -13.821213 -4e-06 3e-06 -23.887167 -0.249077 -0.839477 -61.814339 2.562433 -0.165847 -0.294025 1.679687 0.833256 -14.218208 0.093213 1.30058 -34.212048 -0.287564 0.967175 -20.033211 0.964536 1.212846 -0.0 -0.0 -0.0 -3.440388 0.788232 0.501655 -15.928185 -3.16731 2.999707 -6.338826 -3e-06 2e-06 -18.123444 3.648179 -4.905666 -5e-06 1e-06 -0.0 -4.099616 -5.562775 11.315279 17.474398 10.239957 -63.294594 -178.420197 34.481205 -179.628815 -12.55424 -28.495588 22.321655 2.243542 -5.255037 -3.180158 14.28289 -0.826592 6.952506 -3e-06 -12.690603 -1e-06 16.523632 -17.580225 3.145406 1.665665 -1.955922 -2.878299 4.727798 -4.170589 4.993924 11.020525 3e-06 -2e-06 12.10905 -3.735717 -2.866783 0.0 -1e-06 1e-06 1.291985 -1.92855 -1.498089 14.800129 0.56747 3.865608 14.242568 -1.341736 -6.660655 19.631968 0.143924 -0.648243 50.672764 -0.40059 -6.563121 0.353028 -1.511148 -0.03194 20.222794 3.68431 2.316631 18.78727 6e-06 2e-06 10.751626 -0.479868 1.397905 1e-06 0.0 -1e-06 3.273807 0.305947 -0.58011 21.486813 11.830377 2.266136 8.162929 2e-06 -1e-06 18.39908 -3.798985 -4.940574 3e-06 0.0 -1e-06 -16.493719 23.720411 -107.395363 -4.345481 1.018362 133.630096 -4.401787 22.882273 4.032258 2.386155 -2.158101 -4.816772 -0.0 1e-06 1e-06 93.558792 73.685089 107.162605 -174.706787 -75.567764 177.952347 15.466265 -12.835812 -6.351819 -1.443688 0.563581 -17.513741 1e-06 0.0 -1e-06 
0.0 0.0 0.0 0.0 -0.0 0.0 13.048528 16.186745 9.315009 37.831676 7.126786 95.867249 -7.574066 -3.281236 1.006756 -1.654592 -5.518007 -3.831068 -8.620144 -9.392541 12.09063 8.126414 0.720974 -23.095871 -3.657782 -8.375821 -2.988497 -3.834069 -9.082889 2.732451 7.7e-05 -2.3e-05 6e-06 -0.02158 0.005553 -0.248546 0.941034 -3.610777 -10.903523 -0.983779 3.618075 -10.826379 9.227736 -23.29883 11.125474 -55.053448 -36.153156 -9.851974 -176.275497 -25.983664 -179.409134 11.002563 2.042641 44.434303 -5.882105 9.861284 0.702591 -10.936873 -0.360578 7.156207 3e-06 8.774826 -1e-06 -15.950311 18.685934 6.289861 -1.844032 2.498504 -2.507278 -10.1636 4.678942 4.621109 -20.976027 -7e-06 4e-06 -21.22629 2.451693 -3.593996 0.0 -5e-06 -2e-06 -1.362681 2.240798 -0.746323 -21.334917 0.584905 3.008324 -13.821215 -5e-06 2e-06 -23.887175 -0.249082 -0.839478 -61.877731 2.517579 -0.364762 -0.294024 1.679687 0.833256 -14.21821 0.093211 1.300583 -34.212051 -0.287569 0.967178 -20.033218 0.964537 1.212848 0.0 -1e-06 -0.0 -3.440389 0.788233 0.501655 -15.928191 -3.167314 2.999712 -6.338827 -3e-06 3e-06 -18.123447 3.64818 -4.905666 -5e-06 2e-06 -1e-06 -3.776712 -4.711659 11.135489 15.738314 11.323589 -61.213863 -179.777603 34.209679 179.896484 -13.481355 -27.62509 22.672586 2.243542 -5.255039 -3.180159 14.282898 -0.826594 6.952507 -3e-06 -12.690611 -1e-06 16.353523 -17.606873 3.132669 1.665667 -1.955922 -2.878299 4.727801 -4.170588 4.993925 11.020531 5e-06 -2e-06 12.109058 -3.735719 -2.866786 0.0 -1e-06 -1e-06 1.291986 -1.928549 -1.498089 14.800139 0.567472 3.865613 14.242579 -1.341738 -6.66066 19.631975 0.143926 -0.64824 50.370213 -0.334175 -6.631487 0.35303 -1.51115 -0.03194 20.222801 3.684313 2.316634 18.787285 4e-06 2e-06 10.751633 -0.47987 1.397908 1e-06 -0.0 -0.0 3.273809 0.305946 -0.580111 21.486828 11.830382 2.266139 8.16293 3e-06 -0.0 18.399092 -3.798985 -4.940574 3e-06 -0.0 0.0 -16.706415 23.711847 -106.651176 -4.197768 0.969932 132.800278 -3.050065 25.717829 7.091098 2.35184 -2.161052 -4.680958 -0.0 0.0 2e-06 104.588219 71.937904 118.151062 -176.069885 -70.660378 -179.136368 17.708717 -9.628784 -4.600472 -1.443465 0.549399 -17.663177 0.0 0.0 -1e-06 
0.0 0.0 0.0 0.0 -0.0 0.0 14.989914 17.407108 10.722061 37.319317 9.091496 94.714165 -7.01502 -3.329702 1.224695 -1.665199 -5.637039 -3.68521 -6.817907 -9.126641 11.971168 8.914172 0.884163 -22.66894 -3.477354 -7.98906 -2.960699 -3.570543 -9.108031 0.983923 7.8e-05 -2.3e-05 6e-06 -0.037675 0.010263 -0.230331 0.89508 -3.605017 -10.84437 -0.968264 3.62308 -10.764041 10.774737 -22.373392 10.066832 -49.516933 -35.10416 -19.569115 -177.456543 -26.304457 -179.456711 13.042702 1.199968 36.966267 -5.882109 9.861292 0.702589 -10.936877 -0.360577 7.156209 1e-06 8.774831 -3e-06 -16.329559 18.737751 5.987571 -1.844034 2.498507 -2.50728 -10.163605 4.678946 4.621109 -20.976034 -6e-06 -1e-06 -21.226297 2.451695 -3.594002 -1e-06 -7e-06 -1e-06 -1.362682 2.2408 -0.746323 -21.334927 0.584907 3.008322 -13.821221 -4e-06 1e-06 -23.887184 -0.249082 -0.839483 -61.90596 2.446973 -0.525645 -0.294025 1.679688 0.833256 -14.218219 0.093214 1.300581 -34.212074 -0.287566 0.96717 -20.03323 0.964536 1.212845 -0.0 -0.0 -1e-06 -3.44039 0.788233 0.501657 -15.928196 -3.167313 2.999708 -6.33883 -2e-06 -0.0 -18.123455 3.648182 -4.905675 -5e-06 1e-06 -0.0 -3.080999 -2.907394 10.620931 13.250123 12.749382 -58.289688 178.819092 34.864105 179.45311 -14.354191 -26.007351 23.86799 2.243545 -5.255039 -3.180161 14.282907 -0.826595 6.95251 -5e-06 -12.690614 -0.0 16.359571 -17.615059 3.018483 1.665667 -1.955922 -2.878301 4.727805 -4.17059 4.993927 11.020542 6e-06 -2e-06 12.109066 -3.73572 -2.866787 -0.0 -1e-06 0.0 1.291986 -1.928552 -1.49809 14.800151 0.567472 3.865612 14.242592 -1.341735 -6.660665 19.631996 0.143926 -0.648245 50.001419 -0.263424 -6.783444 0.353029 -1.511152 -0.031941 20.222815 3.684315 2.316632 18.787296 9e-06 0.0 10.751642 -0.479867 1.397908 -1e-06 1e-06 1e-06 3.273811 0.30595 -0.580111 21.486845 11.830388 2.266137 8.162938 3e-06 -1e-06 18.399103 -3.798985 -4.940579 2e-06 1e-06 0.0 -16.569956 23.538591 -105.404335 -4.002327 1.04018 131.189941 -2.245551 28.681 10.273007 2.351711 -2.261115 -4.82507 0.0 0.0 0.0 122.643997 67.330513 135.802521 -177.613113 -59.831104 -175.572342 19.829275 -6.13081 -1.202987 -1.461677 0.507244 -19.421618 0.0 0.0 -1e-06 
0.0 0.0 0.0 0.0 -0.0 0.0 17.333986 18.979036 12.423201 35.917103 11.062237 93.261658 -6.561633 -3.202149 1.307101 -1.641663 -5.581234 -3.469598 -4.733869 -8.782419 11.743503 9.851409 1.249563 -22.764202 -3.364638 -7.439837 -2.949005 -3.199184 -9.081506 -0.097534 7.7e-05 -2.2e-05 6e-06 -0.057921 0.015562 -0.210229 0.841567 -3.619053 -10.789769 -0.954285 3.649799 -10.70693 14.00153 -21.430555 8.333758 -41.592434 -32.416084 -33.648075 -179.91124 -28.662903 -179.32373 17.067814 0.838391 28.379873 -5.882113 9.861295 0.702586 -10.93688 -0.360575 7.156208 -0.0 8.774833 -2e-06 -16.567652 18.679367 5.894037 -1.844035 2.498507 -2.50728 -10.163608 4.678949 4.62111 -20.976044 -3e-06 -3e-06 -21.226309 2.451697 -3.594008 0.0 -7e-06 -2e-06 -1.362683 2.2408 -0.746326 -21.334934 0.584911 3.008322 -13.821229 -3e-06 -2e-06 -23.887194 -0.249083 -0.839488 -61.769581 2.250682 -0.652242 -0.294025 1.679689 0.833254 -14.218223 0.093216 1.30058 -34.212078 -0.287566 0.967164 -20.033232 0.964536 1.212842 0.0 -0.0 -0.0 -3.440392 0.788234 0.501656 -15.928201 -3.167312 2.999707 -6.338832 -1e-06 0.0 -18.123465 3.648186 -4.905678 -5e-06 1e-06 -1e-06 -2.099865 -0.104433 9.618274 10.445075 14.954631 -54.244751 177.860245 36.793385 179.162537 -15.000972 -23.894405 26.421455 2.243542 -5.255041 -3.180159 14.282902 -0.826595 6.952507 -2e-06 -12.69061 -1e-06 16.330441 -17.67568 2.900958 1.665667 -1.955921 -2.878302 4.727801 -4.17059 4.993927 11.020535 5e-06 -1e-06 12.109059 -3.735717 -2.866785 1e-06 -1e-06 -1e-06 1.291986 -1.928551 -1.498089 14.800142 0.56747 3.865611 14.242582 -1.341737 -6.660661 19.631985 0.143928 -0.648243 49.557098 -0.247926 -6.980724 0.35303 -1.511152 -0.031941 20.222807 3.684313 2.316633 18.787287 6e-06 1e-06 10.751637 -0.47987 1.397907 -2e-06 1e-06 0.0 3.273811 0.305948 -0.580112 21.486832 11.830382 2.266136 8.162931 2e-06 -1e-06 18.399096 -3.798986 -4.940576 2e-06 -0.0 -2e-06 -15.926878 23.94289 -103.329933 -4.075094 1.01228 128.956085 -2.684693 30.526888 13.000853 2.404886 -2.401404 -5.529325 0.0 0.0 2e-06 139.942535 56.866493 152.419403 -178.346664 -42.152523 -172.786591 21.513233 -2.787082 3.920449 -1.459378 0.474685 -21.172964 0.0 0.0 -1e-06 
0.0 0.0 0.0 0.0 -0.0 0.0 20.234697 20.964176 14.37978 33.350998 12.558821 91.590668 -6.170534 -2.848436 1.201534 -1.559148 -5.345498 -3.19595 -2.507554 -8.27242 11.467434 10.34709 1.732046 -23.819332 -3.321012 -6.723608 -2.971014 -2.622195 -8.937165 -0.182798 7.7e-05 -2.2e-05 5e-06 -0.103049 0.036309 -0.19802 0.772809 -3.638799 -10.795792 -0.975186 3.711751 -10.704444 17.606657 -21.396402 6.521948 -32.148384 -26.419367 -48.324955 177.160889 -35.299591 -178.56308 21.034573 2.549023 20.617697 -5.882109 9.861289 0.702589 -10.93688 -0.360577 7.156209 2e-06 8.77483 -3e-06 -16.647091 18.59399 6.001813 -1.844034 2.498506 -2.50728 -10.163606 4.678945 4.621111 -20.976038 -6e-06 3e-06 -21.226301 2.451694 -3.594001 -1e-06 -6e-06 1e-06 -1.362682 2.240799 -0.746322 -21.334929 0.584906 3.008325 -13.821223 -6e-06 2e-06 -23.887184 -0.249084 -0.83948 -61.407986 1.95813 -0.715105 -0.294025 1.679688 0.833255 -14.21822 0.093212 1.30058 -34.212082 -0.287572 0.967173 -20.03323 0.964533 1.212847 -0.0 2e-06 0.0 -3.440391 0.788233 0.501656 -15.928201 -3.167314 2.999708 -6.33883 -3e-06 1e-06 -18.123457 3.648182 -4.90567 -5e-06 0.0 -2e-06 -0.88015 3.562885 8.409472 7.639802 17.933226 -50.386086 177.334137 39.68428 178.808395 -15.582469 -21.600824 29.538349 2.243543 -5.255039 -3.180161 14.282898 -0.826592 6.952507 -2e-06 -12.690611 -2e-06 16.071878 -17.830965 2.900802 1.665669 -1.955922 -2.878302 4.7278 -4.170588 4.993926 11.020534 2e-06 -1e-06 12.109058 -3.735718 -2.866787 1e-06 -1e-06 -1e-06 1.291987 -1.928551 -1.49809 14.800136 0.56747 3.865609 14.24258 -1.341737 -6.660663 19.631975 0.143927 -0.648247 49.214157 -0.291847 -7.095566 0.353029 -1.511153 -0.031942 20.222801 3.684315 2.31663 18.787283 7e-06 -1e-06 10.751631 -0.479866 1.397908 -1e-06 1e-06 -1e-06 3.273809 0.305947 -0.580111 21.486828 11.830384 2.266134 8.162931 3e-06 -3e-06 18.399092 -3.798984 -4.940579 1e-06 0.0 -2e-06 -15.020501 25.497719 -100.205833 -4.469472 0.660015 126.03759 -4.484593 31.085766 15.144947 2.457269 -2.472697 -6.535662 -0.0 -1e-06 2e-06 150.973984 39.42865 162.522568 -178.36142 -18.526125 -170.955734 22.42024 -0.380102 9.681551 -1.468576 0.526 -19.698107 -0.0 -0.0 -1e-06 
0.0 0.0 0.0 0.0 -0.0 0.0 23.907324 23.22064 16.650204 30.109728 13.245076 89.833084 -5.745837 -2.379287 1.096517 -1.389309 -5.078516 -2.925552 -0.34054 -7.655579 11.20414 10.022079 2.388247 -25.748343 -3.158693 -6.165792 -3.013521 -1.993239 -8.773165 0.507835 7.7e-05 -2.3e-05 5e-06 -0.160275 0.071884 -0.184002 0.72015 -3.643374 -10.831285 -1.034181 3.785154 -10.719409 20.171583 -22.584845 5.154677 -22.780531 -17.115561 -58.683762 175.12825 -45.456207 -177.316895 22.203773 5.08879 13.1998 -5.882111 9.861293 0.702588 -10.93688 -0.360577 7.156209 1e-06 8.774831 -2e-06 -16.59066 18.556387 6.169799 -1.844035 2.498507 -2.507279 -10.163608 4.678947 4.621109 -20.97604 -6e-06 -1e-06 -21.226307 2.451694 -3.594007 -1e-06 -7e-06 -0.0 -1.362682 2.240801 -0.746324 -21.33493 0.584908 3.008322 -13.821226 -4e-06 -2e-06 -23.887188 -0.249082 -0.839486 -60.93211 1.757441 -0.739279 -0.294025 1.679689 0.833254 -14.218221 0.093214 1.300578 -34.212078 -0.28757 0.967167 -20.03323 0.964533 1.212844 -1e-06 3e-06 -0.0 -3.440391 0.788234 0.501654 -15.928201 -3.167314 2.999708 -6.33883 -2e-06 -1e-06 -18.123463 3.648184 -4.905678 -6e-06 0.0 -1e-06 0.40777 7.549655 7.330718 5.225079 21.465694 -47.214722 177.208679 42.871456 178.481308 -16.197222 -19.351604 32.310036 2.243543 -5.255042 -3.180161 14.282906 -0.826593 6.952511 -5e-06 -12.690618 -1e-06 15.653747 -17.925602 3.036463 1.665667 -1.955922 -2.878303 4.727805 -4.170588 4.993927 11.02054 5e-06 -2e-06 12.109064 -3.735716 -2.866789 0.0 -1e-06 -1e-06 1.291986 -1.92855 -1.498091 14.800149 0.567472 3.865611 14.24259 -1.341733 -6.660666 19.631992 0.143932 -0.648245 49.154858 -0.313728 -7.017329 0.353028 -1.511153 -0.03194 20.222818 3.684315 2.316631 18.787294 9e-06 0.0 10.75164 -0.479867 1.397909 0.0 0.0 0.0 3.273811 0.305949 -0.580111 21.486837 11.83039 2.266135 8.162937 4e-06 -1e-06 18.399101 -3.798984 -4.940581 3e-06 -1e-06 -2e-06 -14.606586 27.869741 -96.167862 -4.90161 0.176473 122.13578 -6.398747 30.825668 17.419502 2.462096 -2.49484 -7.551803 -0.0 0.0 4e-06 156.960724 16.680397 167.346466 -177.802628 9.062023 -169.019058 22.377943 0.879312 14.501948 -1.537938 0.650034 -14.893793 0.0 0.0 -1e-06 
0.0 0.0 0.0 0.0 -0.0 0.0 28.351017 25.570757 19.29812 26.722509 13.178808 88.041092 -5.218722 -1.891172 1.164687 -1.098395 -4.973907 -2.739402 1.554518 -7.112855 11.065811 9.311544 3.075714 -28.064081 -2.866291 -5.685786 -3.089708 -1.576328 -8.395515 1.626355 7.7e-05 -2.2e-05 5e-06 -0.218794 0.111825 -0.181269 0.67885 -3.630059 -10.870406 -1.106078 3.8479 -10.749595 21.816854 -24.59021 3.980209 -14.563507 -6.604047 -63.694286 174.845428 -56.559097 -176.787949 21.570261 6.001514 4.97776 -5.882107 9.86129 0.702591 -10.936877 -0.360577 7.156209 1e-06 8.774831 -3e-06 -16.340105 18.594955 6.476438 -1.844033 2.498506 -2.507277 -10.163604 4.678945 4.621113 -20.976034 -6e-06 5e-06 -21.226295 2.451696 -3.593998 1e-06 -6e-06 -0.0 -1.362682 2.240799 -0.746324 -21.334921 0.584906 3.008326 -13.821218 -4e-06 2e-06 -23.88718 -0.24908 -0.839481 -60.532291 1.663115 -0.807731 -0.294024 1.679688 0.833254 -14.218213 0.093212 1.300581 -34.212059 -0.287567 0.967177 -20.033222 0.964537 1.212847 -0.0 1e-06 -0.0 -3.440389 0.788233 0.501657 -15.928198 -3.167313 2.999711 -6.338828 -2e-06 1e-06 -18.123453 3.648183 -4.90567 -5e-06 -0.0 -2e-06 1.649085 11.386806 6.495764 3.734184 25.594162 -44.169456 177.281723 46.056881 178.192261 -16.869516 -17.161087 34.761528 2.243542 -5.255039 -3.18016 14.2829 -0.826592 6.952508 -4e-06 -12.690611 -1e-06 15.295852 -17.853558 3.238659 1.665668 -1.955923 -2.878302 4.727801 -4.17059 4.993928 11.020535 6e-06 -2e-06 12.109059 -3.735714 -2.866787 0.0 -0.0 -1e-06 1.291986 -1.928551 -1.498091 14.80014 0.567472 3.865609 14.242583 -1.341734 -6.660663 19.631983 0.143931 -0.648244 49.345444 -0.283759 -6.755296 0.353029 -1.511151 -0.03194 20.222803 3.684316 2.316631 18.787287 7e-06 1e-06 10.751635 -0.479867 1.397909 1e-06 -1e-06 1e-06 3.27381 0.305948 -0.580112 21.48683 11.830384 2.266136 8.162931 4e-06 1e-06 18.399092 -3.798985 -4.940576 3e-06 -1e-06 -0.0 -14.669635 30.720409 -91.099426 -5.177724 -0.422443 117.296722 -7.480606 30.095215 20.495871 2.468612 -2.494337 -8.074589 0.0 -0.0 4e-06 160.331665 -11.09032 169.16803 -176.255676 40.76305 -164.809494 21.370461 1.352293 17.303436 -1.645342 0.780893 -9.945263 0.0 0.0 -1e-06 
0.0 0.0 0.0 0.0 -0.0 0.0 33.394516 27.823566 22.192293 23.44029 12.497723 86.22464 -4.549718 -1.43588 1.38002 -0.753297 -5.014381 -2.64817 3.127087 -6.782805 11.129832 8.700807 3.596047 -30.341436 -2.608507 -5.046112 -3.167801 -1.420231 -7.659759 3.071953 7.7e-05 -2.3e-05 5e-06 -0.251614 0.141782 -0.188357 0.672685 -3.622862 -10.932678 -1.161925 3.897512 -10.83125 22.880699 -26.663557 2.825788 -8.357726 1.633544 -64.999245 176.51265 -65.989296 -177.860352 20.882509 4.758345 -3.075825 -5.882112 9.861291 0.70259 -10.936878 -0.360574 7.156209 -1e-06 8.774829 -1e-06 -16.140102 18.604223 6.693512 -1.844035 2.498506 -2.507279 -10.163606 4.678947 4.62111 -20.97604 -1e-06 -1e-06 -21.226303 2.4517 -3.594005 1e-06 -7e-06 -0.0 -1.362682 2.240799 -0.746324 -21.334929 0.584911 3.008322 -13.821223 -2e-06 0.0 -23.887186 -0.249079 -0.839487 -60.273293 1.663277 -1.086945 -0.294026 1.679688 0.833256 -14.218219 0.093216 1.300579 -34.212074 -0.287561 0.967166 -20.033226 0.964536 1.21284 -0.0 1e-06 -0.0 -3.440391 0.788234 0.501656 -15.928198 -3.167309 2.999707 -6.338829 -0.0 1e-06 -18.123463 3.648185 -4.905676 -5e-06 -1e-06 -2e-06 2.863535 14.88492 6.112737 3.433547 30.017141 -40.787037 177.463989 49.10886 177.871994 -17.277832 -14.739238 36.950375 2.243541 -5.255038 -3.180159 14.282896 -0.826592 6.952505 -4e-06 -12.690609 -2e-06 15.234413 -17.721519 3.372236 1.665667 -1.955923 -2.878301 4.727802 -4.170588 4.993927 11.020532 3e-06 -2e-06 12.109058 -3.735716 -2.866786 0.0 -0.0 -1e-06 1.291986 -1.928552 -1.498091 14.800138 0.567471 3.865607 14.242579 -1.341734 -6.660662 19.631973 0.143927 -0.648245 49.718815 -0.201314 -6.45726 0.35303 -1.51115 -0.03194 20.222801 3.684314 2.316631 18.787283 5e-06 -2e-06 10.751634 -0.479869 1.397907 1e-06 -1e-06 -0.0 3.27381 0.305948 -0.580111 21.486824 11.83038 2.266133 8.16293 3e-06 -0.0 18.39909 -3.798983 -4.940579 3e-06 -0.0 -1e-06 -14.938831 33.901344 -84.892151 -5.31104 -1.264065 111.391792 -7.675546 29.103252 24.183546 2.49616 -2.521624 -8.141312 -0.0 0.0 2e-06 162.649094 -41.422272 167.927155 -168.685608 73.905472 -152.99501 19.469688 0.842114 17.215157 -1.776829 0.856275 -7.038774 0.0 0.0 -2e-06 
0.0 0.0 0.0 0.0 -0.0 0.0 38.798878 29.915731 25.118956 19.891422 11.246386 84.365952 -3.707189 -0.977444 1.640711 -0.325933 -5.024461 -2.605071 4.478062 -6.61239 11.32655 8.154441 3.86741 -32.286278 -2.293369 -4.121485 -3.261396 -1.582754 -6.378531 4.743964 7.7e-05 -2.2e-05 6e-06 -0.278792 0.175412 -0.201885 0.686875 -3.616684 -11.033802 -1.227923 3.956391 -10.984088 23.323475 -28.510189 1.772109 -4.267413 6.418087 -65.073494 -179.956039 -73.237541 179.521118 21.030434 2.101378 -9.934826 -5.882108 9.861285 0.702587 -10.936872 -0.360576 7.156207 1e-06 8.774825 -3e-06 -16.067093 18.462013 6.677014 -1.844033 2.498505 -2.507279 -10.163601 4.678946 4.621109 -20.976027 -4e-06 -1e-06 -21.226288 2.451694 -3.594003 1e-06 -7e-06 -0.0 -1.362681 2.240799 -0.746324 -21.334917 0.584908 3.008324 -13.821215 -3e-06 2e-06 -23.887175 -0.24908 -0.839483 -60.117535 1.683474 -1.526767 -0.294024 1.679687 0.833255 -14.218212 0.093213 1.300578 -34.212051 -0.287567 0.96717 -20.033215 0.964536 1.212844 -1e-06 2e-06 -1e-06 -3.440389 0.788233 0.501655 -15.928189 -3.167311 2.999708 -6.338826 -1e-06 1e-06 -18.123447 3.648181 -4.905672 -4e-06 1e-06 -2e-06 4.052619 18.204916 6.088337 4.387131 34.357262 -36.551136 177.508148 52.101101 177.290222 -17.235037 -11.94372 38.538696 2.243542 -5.255037 -3.180155 14.282893 -0.826595 6.952503 -1e-06 -12.690601 0.0 15.37867 -17.629786 3.412785 1.665666 -1.955921 -2.878299 4.727799 -4.170587 4.993923 11.020531 4e-06 -2e-06 12.109055 -3.735715 -2.866785 0.0 0.0 -1e-06 1.291986 -1.928549 -1.498089 14.800129 0.567466 3.865606 14.242571 -1.341735 -6.660657 19.631969 0.143926 -0.648246 50.134338 -0.194672 -6.264054 0.35303 -1.51115 -0.031942 20.222794 3.684307 2.316629 18.787277 5e-06 -4e-06 10.751629 -0.479868 1.397904 0.0 1e-06 -1e-06 3.273808 0.305947 -0.580112 21.486816 11.830374 2.266129 8.16293 2e-06 -1e-06 18.399088 -3.798981 -4.940577 2e-06 -1e-06 -0.0 -15.127334 37.540661 -77.489349 -5.382924 -2.482244 104.170647 -7.266081 28.222292 27.440166 2.528235 -2.581952 -7.864883 -0.0 -0.0 0.0 168.093689 -69.656616 160.126892 -10.527942 75.136559 10.105204 17.226875 -0.998747 14.656307 -1.928117 0.871511 -5.754066 1e-06 -0.0 -2e-06 
0.0 0.0 0.0 0.0 -0.0 0.0 44.467243 31.796528 27.993702 15.765957 9.513729 82.624916 -2.652236 -0.600179 1.870278 0.198917 -4.891256 -2.550149 5.646472 -6.447072 11.560177 7.556209 3.856103 -33.540901 -1.804964 -2.895448 -3.338804 -1.898954 -4.511294 6.355765 7.7e-05 -2.2e-05 6e-06 -0.302985 0.213785 -0.216906 0.705361 -3.602205 -11.14464 -1.293367 4.01788 -11.16047 22.93878 -30.032749 1.22157 -2.470456 8.012509 -64.846779 -176.588196 -78.386665 177.181198 22.033205 -1.352114 -13.776263 -5.882106 9.861288 0.702588 -10.936869 -0.360574 7.156203 -1e-06 8.774826 -2e-06 -16.036915 18.218563 6.551992 -1.844034 2.498505 -2.507278 -10.1636 4.678945 4.621106 -20.976025 -4e-06 -3e-06 -21.226292 2.451695 -3.594006 1e-06 -6e-06 0.0 -1.362681 2.2408 -0.746325 -21.334911 0.58491 3.008318 -13.82121 -1e-06 -1e-06 -23.887167 -0.249083 -0.839488 -60.210514 1.684559 -1.904426 -0.294025 1.679687 0.833255 -14.21821 0.093214 1.300575 -34.212048 -0.287565 0.967162 -20.033211 0.964534 1.21284 -1e-06 0.0 -1e-06 -3.440388 0.788234 0.501654 -15.928185 -3.16731 2.999703 -6.338825 -0.0 -2e-06 -18.123444 3.648183 -4.905678 -5e-06 0.0 -2e-06 4.995022 21.369337 6.323511 6.473839 37.957283 -31.459076 176.939651 55.005264 176.210129 -16.663757 -8.95482 39.463654 2.243543 -5.255036 -3.180157 14.282887 -0.826594 6.952498 1e-06 -12.6906 -1e-06 15.50682 -17.533054 3.373584 1.665666 -1.95592 -2.878297 4.727797 -4.170585 4.993918 11.020522 2e-06 -3e-06 12.109053 -3.735713 -2.866787 -1e-06 -1e-06 -0.0 1.291985 -1.928549 -1.498088 14.800122 0.567467 3.865605 14.242569 -1.341737 -6.660658 19.63196 0.143927 -0.648249 50.35553 -0.351144 -6.23771 0.353029 -1.511151 -0.031941 20.222784 3.684308 2.316628 18.787268 5e-06 -6e-06 10.751625 -0.479869 1.397904 1e-06 -1e-06 -1e-06 3.273806 0.305947 -0.580111 21.486809 11.830368 2.26613 8.162924 2e-06 -2e-06 18.399076 -3.798984 -4.940577 2e-06 0.0 -0.0 -15.075858 41.376457 -69.490486 -5.470819 -4.271754 95.935341 -6.338757 28.320353 29.046223 2.524912 -2.638454 -6.940459 -0.0 1e-06 1e-06 -94.901291 -86.360085 58.191635 -2.563505 52.917923 22.06255 14.819129 -4.432837 10.883626 -2.060554 0.860666 -5.644275 1e-06 0.0 -1e-06 
0.0 0.0 0.0 0.0 -0.0 0.0 50.416767 33.363777 30.872288 10.732032 7.515435 81.068306 -1.263829 -0.342654 2.113324 0.797668 -4.537284 -2.396868 6.638609 -6.068303 11.831548 6.915095 3.563004 -33.806679 -1.132769 -1.385804 -3.37479 -2.239779 -2.144593 7.684051 7.7e-05 -2.2e-05 5e-06 -0.297957 0.233836 -0.223189 0.744116 -3.603328 -11.24923 -1.321456 4.060199 -11.3257 21.8342 -30.867781 1.367174 -2.889494 7.216212 -64.629951 -175.009949 -81.928879 176.356476 22.908363 -5.47351 -13.237585 -5.882106 9.861282 0.702589 -10.936868 -0.360576 7.156204 -0.0 8.774822 -2e-06 -16.018629 18.041416 6.486452 -1.844032 2.498502 -2.507275 -10.163597 4.678944 4.621108 -20.976015 -1e-06 5e-06 -21.22628 2.451696 -3.593998 1e-06 -5e-06 0.0 -1.362681 2.240797 -0.746322 -21.334906 0.584911 3.008323 -13.821213 0.0 2e-06 -23.887159 -0.249079 -0.839484 -60.53997 1.678011 -2.079785 -0.294025 1.679686 0.833257 -14.218204 0.093215 1.300581 -34.212036 -0.287559 0.96717 -20.033209 0.964538 1.212842 -1e-06 1e-06 1e-06 -3.440388 0.788233 0.501657 -15.928179 -3.167309 2.999708 -6.338822 1e-06 0.0 -18.123444 3.648184 -4.90567 -3e-06 1e-06 -1e-06 5.480981 24.251244 6.791151 9.275111 40.369423 -25.550938 175.910614 57.596233 174.951477 -15.731101 -5.943309 39.910454 2.243541 -5.255037 -3.18016 14.282887 -0.826594 6.952503 -2e-06 -12.690605 0.0 15.517003 -17.337557 3.19216 1.665667 -1.955921 -2.8783 4.727797 -4.170587 4.993924 11.020526 4e-06 -2e-06 12.109052 -3.735715 -2.866786 0.0 -0.0 -1e-06 1.291985 -1.928549 -1.498089 14.800127 0.567467 3.865609 14.242574 -1.341736 -6.66066 19.631969 0.143925 -0.648246 50.164604 -0.530282 -6.319018 0.353028 -1.51115 -0.031941 20.222788 3.684308 2.31663 18.78727 4e-06 -2e-06 10.751627 -0.479869 1.397906 0.0 -1e-06 -1e-06 3.273807 0.305946 -0.58011 21.486813 11.830373 2.266134 8.162928 1e-06 0.0 18.39908 -3.798984 -4.940573 3e-06 2e-06 -1e-06 -14.480425 45.299839 -61.511559 -5.493685 -7.13962 87.187294 -4.906306 29.623362 28.382162 2.476206 -2.649812 -5.564095 -1e-06 1e-06 2e-06 -34.294456 -74.457375 -8.76491 0.151875 37.723682 27.603767 12.401626 -8.364348 7.272663 -2.116642 0.863304 -5.806371 0.0 -0.0 -1e-06 
0.0 0.0 0.0 0.0 -0.0 0.0 56.799717 34.387981 33.798595 4.395459 5.352702 79.731354 0.503408 -0.067514 2.539018 1.381507 -3.86511 -2.124631 7.457826 -5.415997 12.153027 6.168253 2.963185 -32.733597 -0.495877 0.534202 -3.353361 -2.295105 0.397589 8.510991 7.6e-05 -2.2e-05 6e-06 -0.268917 0.224312 -0.21624 0.790118 -3.62875 -11.336483 -1.309137 4.06992 -11.453839 20.122667 -30.405462 2.045364 -5.347392 4.577595 -65.1325 -172.10466 -83.884201 173.680786 22.449121 -10.188724 -8.521057 -5.882111 9.861295 0.702589 -10.936881 -0.360578 7.156212 2e-06 8.774834 -3e-06 -16.050692 17.985281 6.499494 -1.844035 2.498507 -2.50728 -10.16361 4.678947 4.621112 -20.976048 -7e-06 1e-06 -21.226311 2.451695 -3.594005 1e-06 -5e-06 1e-06 -1.362684 2.2408 -0.746324 -21.334934 0.584907 3.008324 -13.821227 -5e-06 2e-06 -23.887192 -0.249083 -0.839481 -60.9394 1.816127 -1.956098 -0.294025 1.679689 0.833255 -14.218221 0.093214 1.300579 -34.212078 -0.287571 0.967169 -20.033234 0.964533 1.212845 -1e-06 2e-06 0.0 -3.440392 0.788235 0.501656 -15.928203 -3.167318 2.999709 -6.338833 -2e-06 0.0 -18.123463 3.648182 -4.905678 -5e-06 0.0 -1e-06 5.421184 26.647642 7.49472 12.520493 41.669174 -19.269468 174.511642 59.508919 173.618652 -14.544719 -3.012625 39.805485 2.243543 -5.255041 -3.180164 14.282904 -0.826595 6.952506 -2e-06 -12.690613 -2e-06 15.475387 -17.043104 2.898238 1.665668 -1.955924 -2.878301 4.727802 -4.17059 4.993926 11.020536 2e-06 -3e-06 12.109063 -3.735718 -2.866789 -1e-06 1e-06 0.0 1.291988 -1.92855 -1.498091 14.800142 0.56747 3.865608 14.242586 -1.341737 -6.660666 19.631989 0.143928 -0.648248 49.610561 -0.647248 -6.350745 0.353029 -1.511151 -0.03194 20.222807 3.684313 2.316629 18.787289 7e-06 -4e-06 10.751638 -0.479868 1.397904 -0.0 0.0 -1e-06 3.273811 0.305948 -0.580111 21.486834 11.830384 2.266135 8.162936 3e-06 -2e-06 18.399099 -3.798984 -4.940583 3e-06 -0.0 -1e-06 -13.256412 49.733303 -53.705032 -5.110633 -11.943943 78.016495 -3.166348 31.557838 25.777025 2.370987 -2.545537 -4.262418 -0.0 0.0 0.0 -26.92565 -64.595184 -23.239206 2.225588 26.977999 32.661648 10.360601 -11.029283 4.824718 -2.086004 0.841545 -6.046566 -0.0 0.0 -1e-06 
0.0 0.0 0.0 0.0 -0.0 0.0 63.78199 34.489674 36.752823 -3.904918 2.939788 78.789719 2.559431 0.421269 3.502234 1.776426 -2.666844 -1.684893 8.232151 -4.57997 12.271565 4.977735 1.874121 -30.197678 0.288046 3.111612 -3.285708 -1.733076 3.079058 8.344299 7.7e-05 -2.3e-05 6e-06 -0.205296 0.176009 -0.193931 0.856924 -3.691373 -11.416689 -1.246167 4.042393 -11.548057 17.764626 -28.063389 3.144331 -10.236755 0.738121 -67.617584 -166.202576 -82.858231 167.593109 19.861105 -14.480134 -0.521253 -5.882107 9.861286 0.70259 -10.936875 -0.360577 7.156206 0.0 8.774828 -2e-06 -16.255407 17.98284 6.709399 -1.844032 2.498505 -2.507278 -10.163603 4.678945 4.62111 -20.97603 -3e-06 4e-06 -21.226295 2.451697 -3.594002 -0.0 -5e-06 -1e-06 -1.362682 2.240798 -0.746322 -21.334921 0.584908 3.008322 -13.821217 -2e-06 3e-06 -23.887175 -0.24908 -0.839482 -61.527889 2.427153 -1.479299 -0.294024 1.679685 0.833255 -14.218212 0.093214 1.30058 -34.212051 -0.287564 0.96717 -20.033216 0.964535 1.212845 -1e-06 1e-06 -0.0 -3.44039 0.788233 0.501655 -15.928189 -3.16731 2.999709 -6.338828 -2e-06 0.0 -18.123447 3.648179 -4.905672 -4e-06 1e-06 -2e-06 4.776265 28.327053 8.494967 16.384386 42.388256 -12.876271 173.533859 60.514648 172.668182 -13.202963 -0.130036 39.26992 2.243545 -5.255038 -3.180161 14.282896 -0.826595 6.952506 -2e-06 -12.690609 1e-06 15.619325 -16.851814 2.554372 1.665669 -1.955922 -2.878301 4.727798 -4.170587 4.993926 11.020531 3e-06 -2e-06 12.109058 -3.735719 -2.866789 0.0 -0.0 0.0 1.291986 -1.92855 -1.498093 14.800132 0.567469 3.865607 14.242577 -1.341737 -6.660665 19.631973 0.143927 -0.648249 49.115452 -0.765996 -6.196122 0.35303 -1.51115 -0.03194 20.222797 3.684312 2.316629 18.787277 6e-06 -3e-06 10.751631 -0.479867 1.397906 -0.0 0.0 0.0 3.273806 0.305946 -0.58011 21.486822 11.830379 2.266134 8.16293 2e-06 -0.0 18.399092 -3.798983 -4.940581 3e-06 1e-06 -2e-06 -12.165069 55.569839 -45.420517 -3.598773 -20.694651 65.634071 -0.673601 32.189026 23.3957 2.421024 -2.293998 -3.021525 -0.0 0.0 1e-06 -20.620544 -55.872387 -37.515217 4.028223 18.830061 40.000874 8.6757 -11.318393 4.180791 -2.066498 0.751287 -6.86275 0.0 0.0 -2e-06 
0.0 0.0 0.0 0.0 -0.0 0.0 71.24807 32.966812 39.7038 -13.516522 0.416378 78.27169 4.185802 0.506472 4.822498 2.061144 -1.248603 -1.188017 8.915746 -3.492031 12.675368 3.755559 0.810468 -26.784159 1.444102 6.03931 -3.186505 -0.880343 6.087526 7.333416 7.7e-05 -2.3e-05 5e-06 -0.119304 0.11219 -0.175808 0.958302 -3.725585 -11.394171 -1.174027 3.961004 -11.516014 14.865388 -24.050692 4.616354 -17.730738 -2.113383 -70.787483 -171.324692 -76.816841 172.380829 16.145069 -16.294935 6.534053 -5.88211 9.861287 0.702591 -10.936876 -0.360575 7.156208 -1e-06 8.774828 -1e-06 -16.580099 17.928522 6.947343 -1.844033 2.498508 -2.507279 -10.163603 4.678946 4.621109 -20.976034 -2e-06 2e-06 -21.226295 2.451696 -3.594002 1e-06 -6e-06 -0.0 -1.362682 2.240797 -0.746323 -21.334921 0.584908 3.008323 -13.82122 -3e-06 -0.0 -23.887178 -0.249081 -0.839483 -61.912701 3.264788 -1.022771 -0.294024 1.679687 0.833257 -14.218215 0.093216 1.300579 -34.212067 -0.287567 0.967169 -20.033222 0.964535 1.212843 0.0 1e-06 -0.0 -3.440389 0.788234 0.501654 -15.928192 -3.16731 2.999705 -6.33883 -2e-06 1e-06 -18.123453 3.648183 -4.905674 -5e-06 -1e-06 -2e-06 4.358675 29.303724 10.32749 20.486225 42.796673 -7.805843 173.282578 60.105099 172.769699 -12.300058 2.663978 38.100334 2.243541 -5.255037 -3.180158 14.282896 -0.826591 6.952504 -4e-06 -12.690606 2e-06 16.024965 -17.031147 2.10662 1.665666 -1.955921 -2.878299 4.727798 -4.170588 4.993926 11.020529 4e-06 -3e-06 12.109056 -3.735712 -2.866785 -1e-06 -0.0 -0.0 1.291985 -1.92855 -1.49809 14.800132 0.56747 3.865608 14.242579 -1.341732 -6.660659 19.631975 0.143929 -0.648244 48.919956 -0.905128 -6.191176 0.353028 -1.51115 -0.031942 20.222801 3.684312 2.316628 18.787279 7e-06 -1e-06 10.751631 -0.479868 1.397906 -0.0 -0.0 0.0 3.273811 0.305947 -0.580111 21.48682 11.830377 2.266132 8.16293 3e-06 -0.0 18.399088 -3.798984 -4.940575 3e-06 1e-06 -1e-06 -17.176367 66.338707 -38.774895 1.031536 -42.53775 42.31493 3.890966 24.283031 27.741339 2.753669 -2.358341 -1.816334 -0.0 0.0 2e-06 -13.482704 -48.127697 -53.358124 6.062556 12.596483 53.696255 4.270061 -14.354757 3.846372 -2.123602 0.821453 -7.948399 -0.0 -0.0 -1e-06 
0.0 0.0 0.0 0.0 -0.0 0.0 78.817863 29.796404 42.577927 -22.381107 -1.552554 78.356194 5.64529 -0.048455 5.560158 2.413078 -0.52979 -1.271174 8.784332 -2.365863 13.283536 3.451013 1.903255 -21.663591 1.445585 7.985608 -3.169195 -0.24715 8.269583 6.139349 7.7e-05 -2.3e-05 6e-06 -0.074149 0.076696 -0.153314 0.989097 -3.689723 -11.311106 -1.112805 3.851694 -11.353333 13.502552 -19.13254 5.593478 -27.67803 -3.584266 -71.051537 -177.681076 -67.384018 177.242203 13.469609 -16.071529 9.325788 -5.882105 9.861287 0.702589 -10.936873 -0.360579 7.156208 2e-06 8.77483 -1e-06 -16.06888 17.625443 6.726564 -1.844032 2.498505 -2.507277 -10.163601 4.678942 4.62111 -20.976021 -7e-06 7e-06 -21.226286 2.451698 -3.593998 0.0 -9e-06 -1e-06 -1.362681 2.240797 -0.746324 -21.334913 0.584905 3.008326 -13.821213 -4e-06 3e-06 -23.887171 -0.249077 -0.83948 -60.598122 3.029383 -1.255754 -0.294024 1.679688 0.833256 -14.218208 0.093213 1.300584 -34.212048 -0.287566 0.967176 -20.033215 0.96454 1.212848 -1e-06 2e-06 -1e-06 -3.440388 0.788233 0.501656 -15.928185 -3.167314 2.999711 -6.338824 -2e-06 2e-06 -18.123444 3.648182 -4.90567 -5e-06 0.0 -3e-06 4.770562 29.805153 13.170176 24.445026 42.880684 -3.785022 173.466232 60.163975 173.097 -11.511032 8.089888 31.946253 2.243542 -5.255037 -3.180158 14.282896 -0.826595 6.952506 -4e-06 -12.690605 2e-06 16.066294 -17.147779 1.580599 1.665668 -1.955922 -2.878298 4.727802 -4.170587 4.993925 11.02053 4e-06 -2e-06 12.109056 -3.735717 -2.866784 1e-06 -0.0 0.0 1.291985 -1.92855 -1.498089 14.800136 0.567469 3.86561 14.242577 -1.341736 -6.660658 19.631973 0.143926 -0.648244 49.209808 -0.656235 -6.731722 0.353028 -1.511152 -0.03194 20.222799 3.68431 2.316632 18.787279 6e-06 0.0 10.751631 -0.479869 1.397907 0.0 0.0 -0.0 3.273807 0.305946 -0.58011 21.486824 11.830379 2.266137 8.16293 2e-06 -0.0 18.39909 -3.798985 -4.940576 3e-06 0.0 -1e-06 -173.92598 -69.726318 -173.771896 174.076096 70.991508 -166.733368 -6.958146 10.032281 29.21916 1.648582 -1.428959 -7.693851 1e-06 -0.0 3e-06 -4.475685 -42.242661 -70.054596 7.256835 6.836567 73.748421 -5.528598 -28.007889 1.445332 -2.108083 1.155176 -6.579378 -0.0 -0.0 -1e-06 
0.0 0.0 0.0 0.0 -0.0 0.0 86.149765 25.897711 44.87886 -31.372641 -3.292125 79.26181 6.985606 0.370478 5.4572 2.908424 -0.20708 -1.832347 8.912331 -1.158185 13.461539 3.363842 2.490582 -16.204294 0.961205 9.697337 -3.352499 -0.163909 10.281629 4.898771 7.7e-05 -2.2e-05 6e-06 -0.238249 0.110641 -0.171605 0.853693 -3.714374 -11.627497 -1.293916 3.925683 -11.563036 13.115314 -14.838955 6.600809 -36.938168 -3.505494 -69.165703 179.518433 -59.613686 178.906097 13.371175 -13.911437 5.789698 -5.88211 9.861292 0.702588 -10.936879 -0.360576 7.15621 -0.0 8.77483 -2e-06 -15.495484 17.178625 6.652742 -1.844034 2.498505 -2.507279 -10.163605 4.678946 4.621109 -20.976036 -2e-06 2e-06 -21.226301 2.451699 -3.594005 -0.0 -7e-06 -2e-06 -1.362682 2.240798 -0.746324 -21.334929 0.584908 3.008325 -13.821223 -3e-06 1e-06 -23.887184 -0.249081 -0.839483 -59.393951 2.619246 -1.604864 -0.294027 1.679687 0.833257 -14.218219 0.093214 1.30058 -34.212074 -0.287565 0.96717 -20.03323 0.964536 1.212844 1e-06 1e-06 -1e-06 -3.440391 0.788234 0.501654 -15.9282 -3.167312 2.99971 -6.33883 -2e-06 0.0 -18.123459 3.648183 -4.905674 -4e-06 1e-06 -2e-06 4.582626 28.98262 14.593007 28.161932 42.315765 2.451156 174.905045 62.648155 174.476944 -11.015162 15.043765 23.961929 2.243541 -5.255038 -3.18016 14.2829 -0.826595 6.952508 -3e-06 -12.69061 0.0 15.942275 -17.038324 1.230292 1.665668 -1.955922 -2.878302 4.727799 -4.17059 4.993927 11.020535 4e-06 -2e-06 12.109061 -3.735716 -2.866787 0.0 0.0 1e-06 1.291986 -1.928551 -1.49809 14.800138 0.567468 3.865611 14.24258 -1.341735 -6.660661 19.631981 0.143928 -0.648245 49.206398 -0.340709 -7.503974 0.353028 -1.511151 -0.031941 20.222805 3.684312 2.316631 18.787287 7e-06 -1e-06 10.751634 -0.479867 1.397907 -0.0 -0.0 -0.0 3.27381 0.305947 -0.580111 21.48683 11.830381 2.266135 8.162935 2e-06 -0.0 18.399096 -3.798986 -4.940578 4e-06 0.0 -1e-06 -48.450363 -81.466888 53.976173 13.084439 62.303974 26.824558 -15.665703 13.642232 15.715828 0.957681 -1.016745 -7.977338 -0.0 1e-06 3e-06 5.012084 -34.556004 -84.09063 6.284357 2.562296 90.900116 -10.764593 -38.640598 -0.41513 -1.861897 1.164436 -4.309888 -0.0 0.0 -1e-06 
0.0 0.0 0.0 0.0 -0.0 0.0 92.514366 22.247051 46.501289 -40.349861 -4.876229 81.110817 8.16075 1.515544 5.286264 3.583359 0.331115 -2.035017 8.915739 -0.311468 12.340445 2.28187 2.41116 -11.854578 1.647565 10.772848 -3.374659 0.123883 12.142097 2.470861 7.7e-05 -2.2e-05 6e-06 -0.366795 0.131633 -0.256261 0.606775 -3.743255 -11.595037 -1.301614 3.995709 -11.413196 14.199348 -10.011213 7.195627 -44.606693 -3.518276 -64.89283 179.591431 -54.711712 179.506973 13.964754 -11.779344 -0.312381 -5.88211 9.861288 0.70259 -10.93688 -0.360576 7.156211 2e-06 8.77483 -1e-06 -16.111786 17.03735 6.529263 -1.844034 2.498506 -2.50728 -10.163604 4.678945 4.621111 -20.976038 -5e-06 3e-06 -21.226301 2.451696 -3.594 0.0 -6e-06 0.0 -1.362683 2.240798 -0.746324 -21.334929 0.584908 3.008323 -13.821222 -4e-06 3e-06 -23.887184 -0.249081 -0.839482 -58.654648 2.314675 -1.656245 -0.294025 1.679688 0.833255 -14.21822 0.093213 1.300582 -34.212082 -0.287567 0.967172 -20.033232 0.964537 1.212845 -0.0 0.0 1e-06 -3.440392 0.788233 0.501656 -15.928201 -3.167314 2.999708 -6.338831 -3e-06 0.0 -18.123459 3.648179 -4.905671 -4e-06 0.0 -2e-06 3.287617 27.098284 14.490344 32.958897 41.862423 10.012912 177.830292 66.782997 177.000183 -12.723483 21.522118 14.904557 2.243543 -5.255035 -3.180157 14.282898 -0.826595 6.952504 -0.0 -12.690601 -0.0 15.970566 -16.799126 1.282301 1.665666 -1.955922 -2.878298 4.727802 -4.170587 4.993923 11.020532 3e-06 0.0 12.109056 -3.735716 -2.866782 0.0 0.0 -1e-06 1.291987 -1.928549 -1.498088 14.800132 0.567467 3.865609 14.242576 -1.341736 -6.660655 19.631969 0.143924 -0.648243 50.106945 -0.54421 -7.380723 0.353029 -1.51115 -0.03194 20.222797 3.684309 2.316631 18.787279 4e-06 0.0 10.751633 -0.479869 1.397906 -0.0 -0.0 0.0 3.273809 0.305947 -0.58011 21.486824 11.830373 2.266135 8.162931 2e-06 -0.0 18.399088 -3.798984 -4.940576 3e-06 1e-06 -1e-06 -22.201292 -67.765289 22.682781 9.498503 41.069359 25.62818 -16.207558 12.134561 2.678335 0.602202 -0.877175 -5.419392 0.0 -0.0 1e-06 11.720552 -25.375561 -91.425644 4.700733 0.990401 98.709778 -14.277762 -42.481529 0.241763 -1.60126 1.124858 -3.004613 -0.0 0.0 -1e-06 
0.0 0.0 0.0 0.0 -0.0 0.0 99.309349 20.231575 48.433449 -47.674995 -5.46119 82.790024 8.463354 2.07096 5.881974 3.549488 0.797379 -2.12779 10.250902 1.518827 12.308298 0.855432 2.281635 -10.688249 2.299536 10.730255 -3.529866 1.38333 12.617644 1.113769 7.7e-05 -2.2e-05 5e-06 -0.327504 0.079961 -0.286483 0.596827 -3.858731 -11.649364 -1.222562 4.017368 -11.410848 17.370604 -4.746995 6.741861 -50.48671 -4.59578 -59.626343 -177.572113 -49.509743 177.307678 12.648715 -10.447515 -7.394002 -5.88211 9.861293 0.702588 -10.936877 -0.360577 7.156209 -1e-06 8.774831 -3e-06 -16.292988 17.421082 6.496734 -1.844034 2.498505 -2.50728 -10.163606 4.678947 4.621109 -20.976034 -3e-06 -0.0 -21.226301 2.451696 -3.594007 -0.0 -6e-06 1e-06 -1.362684 2.2408 -0.746324 -21.334925 0.58491 3.008323 -13.821223 -3e-06 -1e-06 -23.887184 -0.24908 -0.839484 -57.969307 2.928237 -1.651277 -0.294025 1.679688 0.833257 -14.218215 0.093216 1.30058 -34.212067 -0.287566 0.967166 -20.033224 0.964535 1.212842 2e-06 -0.0 -0.0 -3.440388 0.788234 0.501656 -15.928192 -3.16731 2.999707 -6.338829 -1e-06 1e-06 -18.123457 3.648183 -4.905676 -4e-06 -0.0 -2e-06 2.671128 26.767569 15.242123 34.788372 39.677059 12.427456 -178.549759 68.729698 -179.915833 -17.058571 25.043518 3.063309 2.243541 -5.255036 -3.180157 14.282885 -0.826594 6.952501 -1e-06 -12.6906 -1e-06 16.628563 -16.419643 1.231831 1.665666 -1.955921 -2.878298 4.727797 -4.170585 4.993922 11.020522 4e-06 0.0 12.109046 -3.735713 -2.866782 1e-06 0.0 0.0 1.291984 -1.928549 -1.498088 14.800122 0.567468 3.865607 14.242564 -1.341737 -6.660655 19.631958 0.143926 -0.648244 51.093536 -0.243501 -7.041194 0.353029 -1.51115 -0.03194 20.222786 3.684309 2.316631 18.78727 4e-06 1e-06 10.751624 -0.479869 1.397906 0.0 0.0 -0.0 3.273805 0.305946 -0.58011 21.486803 11.830369 2.266134 8.162923 1e-06 -0.0 18.399076 -3.798984 -4.940573 4e-06 0.0 -1e-06 -13.121992 -59.189014 10.535587 7.798665 31.460562 27.070257 -14.113328 5.566224 0.364728 0.220929 -1.270274 -5.763375 -0.0 -1e-06 3e-06 10.600697 -22.067635 -88.054108 4.427763 1.625591 94.125664 -11.93276 -42.612278 -1.284024 -1.549136 1.158138 -2.494318 0.0 0.0 -1e-06 
0.0 0.0 0.0 0.0 -0.0 0.0 105.662704 20.135099 50.207073 -52.665833 -4.427115 84.061775 8.198861 2.490185 6.727598 3.421148 0.99503 -2.043897 11.687662 3.288704 12.377563 0.277299 3.422964 -9.254899 2.289827 10.328812 -3.67474 2.876381 11.584759 -0.180808 7.8e-05 -2.2e-05 6e-06 -0.231064 0.041746 -0.323346 0.662855 -3.914885 -11.695093 -1.096581 4.00172 -11.448745 22.263147 1.043024 6.993253 -54.549484 -5.914157 -50.286022 -176.432846 -44.807842 177.122711 11.248931 -8.731732 -13.998032 -5.882112 9.86129 0.702592 -10.93688 -0.360576 7.156212 1e-06 8.77483 -2e-06 -17.012245 17.418446 6.171707 -1.844032 2.498506 -2.507279 -10.16361 4.678947 4.621113 -20.97604 -2e-06 8e-06 -21.226301 2.451701 -3.593998 -0.0 -5e-06 -0.0 -1.362681 2.240799 -0.746324 -21.33493 0.58491 3.008331 -13.821224 -2e-06 5e-06 -23.887188 -0.249075 -0.839479 -58.269791 2.908094 -1.218051 -0.294026 1.679688 0.833256 -14.218221 0.093214 1.300585 -34.212082 -0.28756 0.967179 -20.033232 0.964541 1.212848 0.0 0.0 -0.0 -3.44039 0.788235 0.501656 -15.928201 -3.167312 2.999712 -6.338832 -1e-06 2e-06 -18.123463 3.648187 -4.905669 -4e-06 0.0 -2e-06 3.449852 28.221445 16.498537 35.823875 36.037708 11.665922 -174.79454 69.786957 -176.721558 -21.880356 27.875404 -7.158845 2.243543 -5.255035 -3.180159 14.282892 -0.826595 6.952502 -1e-06 -12.690605 -0.0 17.171015 -16.183868 1.344215 1.665667 -1.955921 -2.878299 4.727799 -4.170587 4.993924 11.02053 3e-06 -2e-06 12.109055 -3.735714 -2.866785 1e-06 1e-06 0.0 1.291986 -1.928549 -1.49809 14.800129 0.567468 3.865606 14.242578 -1.341736 -6.660662 19.631971 0.143927 -0.648248 51.304142 -0.203379 -6.601863 0.353029 -1.51115 -0.03194 20.222794 3.684308 2.316628 18.787273 5e-06 -3e-06 10.751629 -0.479868 1.397905 1e-06 0.0 0.0 3.273807 0.305946 -0.580111 21.486816 11.830374 2.26613 8.16293 1e-06 -2e-06 18.399088 -3.798983 -4.940578 2e-06 0.0 -1e-06 -7.838119 -52.858345 3.107659 7.661395 27.130041 29.452698 -9.522004 5.964094 -0.175809 0.247092 -1.550927 -6.006219 0.0 1e-06 2e-06 10.825213 -19.320498 -82.038315 3.742298 2.697151 82.215385 -13.522439 -41.683613 -0.033962 -1.491666 1.187823 -2.3672 0.0 0.0 -1e-06 
0.0 0.0 0.0 0.0 -0.0 0.0 110.552574 20.42569 51.513161 -56.574944 -2.844995 84.515862 7.768342 3.014458 7.800964 3.297959 1.030244 -2.088381 12.466434 4.588449 12.381418 0.318795 4.93524 -6.372446 1.798078 9.998558 -3.824459 4.413023 10.410316 -1.006806 7.8e-05 -2.3e-05 6e-06 -0.244914 0.015181 -0.311136 0.648948 -3.922954 -11.62887 -1.110361 3.96321 -11.441595 27.356625 6.31947 8.11641 -56.880066 -5.839145 -41.352409 -175.900803 -41.795494 177.439972 9.206405 -7.110635 -16.741673 -5.882105 9.861284 0.702589 -10.936868 -0.360575 7.156203 -1e-06 8.774824 -2e-06 -18.36454 17.232021 5.601523 -1.844033 2.498504 -2.507277 -10.163595 4.678944 4.621107 -20.976021 -3e-06 0.0 -21.226282 2.451696 -3.594002 0.0 -6e-06 -1e-06 -1.36268 2.240797 -0.746323 -21.334909 0.58491 3.008321 -13.82121 -2e-06 0.0 -23.887165 -0.249079 -0.839485 -59.731373 2.699169 -1.17475 -0.294025 1.679687 0.833256 -14.218206 0.093215 1.30058 -34.212048 -0.287565 0.967167 -20.033209 0.964534 1.212842 2e-06 0.0 -0.0 -3.44039 0.788233 0.501655 -15.928183 -3.167308 2.999706 -6.338825 -0.0 -0.0 -18.123444 3.648182 -4.905673 -3e-06 0.0 -2e-06 3.04663 28.820072 16.988159 38.385315 34.448673 10.736672 -171.84549 70.766296 -173.191605 -25.944445 29.730915 -15.228438 2.243543 -5.255039 -3.18016 14.282898 -0.826595 6.952508 -2e-06 -12.690605 -0.0 17.462185 -16.217165 1.405097 1.665667 -1.955922 -2.8783 4.727802 -4.170588 4.993925 11.020532 3e-06 0.0 12.109058 -3.735717 -2.866784 0.0 -0.0 1e-06 1.291986 -1.92855 -1.49809 14.800139 0.567468 3.865611 14.242579 -1.341737 -6.66066 19.631975 0.143924 -0.648243 51.402531 -0.242954 -6.630645 0.353029 -1.51115 -0.03194 20.222803 3.68431 2.316634 18.787287 3e-06 1e-06 10.751635 -0.479869 1.397908 -0.0 0.0 -0.0 3.273808 0.305948 -0.580111 21.486826 11.830379 2.266137 8.162933 2e-06 0.0 18.399096 -3.798987 -4.940576 4e-06 0.0 -1e-06 -4.081017 -48.524006 -1.459464 7.953965 25.65645 30.644123 -5.567897 7.691721 -0.615269 0.351823 -1.609809 -6.935623 -0.0 -1e-06 2e-06 11.544245 -15.433958 -75.73938 2.993301 3.807089 69.488937 -17.936037 -42.094109 2.763714 -1.304543 1.192947 -2.511762 -0.0 1e-06 -1e-06 
0.0 0.0 0.0 0.0 -0.0 0.0 114.868034 21.307396 52.600407 -58.970673 -1.99726 84.52449 7.537041 3.482515 8.790008 3.273017 1.313345 -2.155287 12.260409 4.759891 12.51764 0.057954 5.507211 -5.142506 1.719802 9.865754 -3.906923 6.255356 10.013758 -0.744352 7.7e-05 -2.3e-05 7e-06 -0.222524 -0.007257 -0.350311 0.714763 -3.938531 -11.852736 -1.128919 3.938837 -11.636205 28.708977 8.625216 8.633329 -55.878372 -4.634774 -36.266674 -176.212494 -39.469849 177.494614 8.0097 -6.505586 -16.578959 -5.882111 9.861292 0.70259 -10.936883 -0.360576 7.156216 1e-06 8.774831 -2e-06 -19.434729 17.668299 4.94838 -1.844034 2.498507 -2.50728 -10.163611 4.678947 4.621115 -20.97604 -2e-06 5e-06 -21.226303 2.4517 -3.594001 -0.0 -6e-06 -0.0 -1.362682 2.2408 -0.746324 -21.334932 0.58491 3.00833 -13.821227 -2e-06 5e-06 -23.887188 -0.249076 -0.83948 -60.795967 2.642411 -1.314044 -0.294024 1.679689 0.833256 -14.218223 0.093215 1.300584 -34.212078 -0.28756 0.967177 -20.033232 0.96454 1.212847 0.0 0.0 -0.0 -3.440391 0.788234 0.501656 -15.928203 -3.167312 2.999714 -6.338833 -1e-06 2e-06 -18.123463 3.648186 -4.905673 -3e-06 0.0 -2e-06 1.833161 28.77289 16.240084 39.500496 33.44482 10.336502 -168.184952 70.950592 -168.652588 -28.552095 30.399523 -18.994223 2.243542 -5.255037 -3.180157 14.282892 -0.826597 6.952504 -0.0 -12.690607 0.0 16.881683 -16.57163 1.561816 1.665666 -1.955921 -2.878299 4.727799 -4.170588 4.993925 11.020526 2e-06 -0.0 12.109052 -3.735718 -2.866783 0.0 1e-06 1e-06 1.291986 -1.928551 -1.498089 14.800129 0.567467 3.865609 14.242571 -1.341739 -6.660657 19.631966 0.143924 -0.648244 51.010036 -0.480069 -7.086022 0.353029 -1.511149 -0.03194 20.222788 3.684309 2.316631 18.78727 2e-06 -0.0 10.751625 -0.479871 1.397906 -0.0 0.0 -0.0 3.273806 0.305946 -0.580111 21.486809 11.830376 2.266135 8.162927 0.0 -0.0 18.39908 -3.798988 -4.940576 4e-06 -0.0 -1e-06 -1.386564 -46.557545 -4.002357 7.59858 26.149445 28.23477 -1.55061 9.077364 -0.141401 0.334239 -1.714705 -8.08756 -0.0 -1e-06 2e-06 11.317317 -12.271935 -71.072289 2.207779 4.002692 59.849758 -21.304312 -42.774628 4.283642 -1.376271 1.273977 -2.610597 0.0 -1e-06 -1e-06 
0.0 0.0 0.0 0.0 -0.0 0.0 119.022842 21.775406 53.756618 -60.510921 -1.26133 85.069122 7.361425 3.863978 9.49623 3.171724 1.25216 -2.194905 11.897685 4.864583 12.064367 1.170152 5.012812 -5.408723 1.8194 10.280995 -3.986662 7.375694 9.488269 -1.260899 7.7e-05 -2.3e-05 5e-06 -0.24465 -0.011779 -0.331988 0.672571 -3.957426 -11.911182 -1.135148 3.95727 -11.773163 27.526133 8.076787 8.380255 -53.088924 -1.704901 -34.530399 -177.408051 -37.03928 178.412582 8.277653 -7.33795 -16.155346 -5.882109 9.861286 0.702591 -10.936873 -0.360573 7.156206 0.0 8.774825 0.0 -19.665731 17.436684 4.962908 -1.844035 2.498504 -2.507278 -10.163603 4.678946 4.621109 -20.97603 -3e-06 0.0 -21.226297 2.451697 -3.594002 -1e-06 -6e-06 -0.0 -1.362683 2.240798 -0.746324 -21.334921 0.584911 3.008322 -13.821218 -2e-06 0.0 -23.887178 -0.249079 -0.839485 -61.995689 2.3066 -1.314575 -0.294025 1.679688 0.833256 -14.218213 0.093216 1.30058 -34.212063 -0.287563 0.967166 -20.033222 0.964536 1.212842 0.0 -0.0 -0.0 -3.440389 0.788234 0.501656 -15.928192 -3.167309 2.999707 -6.338829 -0.0 1e-06 -18.123453 3.648183 -4.905673 -4e-06 -0.0 -2e-06 0.343249 28.334698 15.428268 38.070515 33.487736 8.858605 -166.95697 71.571075 -166.474457 -32.054585 30.732443 -19.816154 2.243542 -5.25504 -3.18016 14.2829 -0.826593 6.952508 -4e-06 -12.69061 -2e-06 16.306253 -16.84696 1.675178 1.665667 -1.955923 -2.8783 4.727801 -4.170588 4.993926 11.020531 5e-06 0.0 12.109058 -3.735715 -2.866783 1e-06 1e-06 0.0 1.291986 -1.928549 -1.498091 14.80014 0.567471 3.865611 14.24258 -1.341735 -6.66066 19.631977 0.143928 -0.648241 50.613686 -0.431441 -7.213616 0.353029 -1.511151 -0.03194 20.222803 3.684313 2.316635 18.787287 6e-06 2e-06 10.751634 -0.479869 1.397908 -0.0 0.0 0.0 3.273808 0.305947 -0.580111 21.486828 11.830381 2.26614 8.16293 2e-06 1e-06 18.399088 -3.798985 -4.940575 4e-06 -0.0 -1e-06 0.192421 -45.90321 -5.994752 7.211611 27.515118 24.00083 -0.7918 10.903177 0.372901 0.371096 -1.549622 -8.623889 -0.0 -0.0 2e-06 12.169654 -11.20854 -69.168114 1.915288 4.203238 54.455402 -23.421116 -42.566837 5.897636 -1.297425 1.243106 -2.639652 0.0 0.0 -1e-06 
0.0 0.0 0.0 0.0 -0.0 0.0 123.291588 22.085899 55.118622 -61.00531 -0.985814 85.808464 7.443353 4.125885 10.141284 3.137058 1.364897 -2.220857 11.416969 4.376616 11.154559 2.357378 3.758017 -7.121219 2.684676 10.688563 -4.068216 8.182034 9.40085 -2.197258 7.7e-05 -2.2e-05 5e-06 -0.246333 0.016553 -0.360568 0.631803 -3.904951 -11.883328 -1.102466 3.96359 -11.787265 25.343178 5.936299 7.709129 -51.652443 1.045683 -33.880852 -178.669449 -35.274929 178.871857 9.894301 -7.579285 -13.877145 -5.882112 9.861292 0.702589 -10.936883 -0.360575 7.156213 0.0 8.77483 -2e-06 -19.284376 17.212582 5.289089 -1.844034 2.498506 -2.50728 -10.16361 4.678947 4.621113 -20.976042 -3e-06 3e-06 -21.226305 2.451698 -3.594002 0.0 -6e-06 -0.0 -1.362684 2.240799 -0.746325 -21.334934 0.58491 3.008327 -13.821227 -2e-06 3e-06 -23.887196 -0.249078 -0.839483 -62.839375 2.140002 -1.282621 -0.294027 1.679688 0.833256 -14.218225 0.093215 1.300582 -34.212086 -0.287563 0.967173 -20.033236 0.964538 1.212845 1e-06 -0.0 -1e-06 -3.440393 0.788234 0.501656 -15.928203 -3.167312 2.999711 -6.338833 -1e-06 1e-06 -18.123463 3.648184 -4.905674 -4e-06 0.0 -2e-06 -0.966124 28.004574 14.893141 33.173416 32.980114 6.721303 -165.826797 71.868263 -164.910263 -36.777481 30.680704 -17.18646 2.243543 -5.255042 -3.180159 14.282899 -0.826596 6.952507 -1e-06 -12.690612 -1e-06 15.580937 -17.070929 2.008841 1.665667 -1.955923 -2.8783 4.727802 -4.170591 4.993927 11.020534 2e-06 0.0 12.109058 -3.735719 -2.866784 1e-06 -0.0 0.0 1.291986 -1.928552 -1.49809 14.800139 0.56747 3.865611 14.242579 -1.341738 -6.660661 19.631981 0.143923 -0.648244 50.125923 -0.465252 -7.14335 0.353029 -1.511151 -0.03194 20.222803 3.684311 2.316633 18.787287 3e-06 0.0 10.751635 -0.47987 1.397906 -1e-06 -1e-06 1e-06 3.273809 0.305946 -0.580111 21.486826 11.830382 2.266138 8.162933 1e-06 -0.0 18.399096 -3.798988 -4.940579 2e-06 -0.0 -1e-06 0.591652 -47.039158 -5.826753 6.357119 30.831249 16.16744 -0.300131 12.309526 1.567436 0.450188 -1.537508 -8.37377 0.0 -1e-06 2e-06 13.241037 -12.249578 -69.062424 2.031464 4.126916 52.951622 -22.748533 -41.386929 6.827609 -1.339365 1.107251 -2.026306 0.0 -1e-06 -2e-06 
0.0 0.0 0.0 0.0 -0.0 0.0 127.672943 22.272228 56.586098 -61.030609 -0.885098 86.44426 8.009769 4.323438 10.366234 3.224193 1.395326 -2.335502 10.825306 4.075722 10.49194 3.756216 1.873905 -9.570127 3.758923 11.03887 -4.03533 9.146362 9.379584 -3.063004 7.8e-05 -2.4e-05 7e-06 -0.166202 -0.001307 -0.382478 0.659363 -3.831166 -11.638401 -0.970516 3.854775 -11.602389 22.775122 3.280787 7.95611 -52.246811 1.122078 -33.770878 -179.762924 -35.01355 178.973984 12.80332 -6.007562 -8.32552 -5.882108 9.861284 0.702591 -10.936873 -0.360575 7.15621 0.0 8.774824 -2e-06 -18.140701 16.750921 5.883481 -1.844031 2.498505 -2.507278 -10.163603 4.678944 4.621112 -20.976027 -2e-06 7e-06 -21.226288 2.4517 -3.593997 1e-06 -6e-06 -0.0 -1.362682 2.240798 -0.746324 -21.334921 0.58491 3.00833 -13.821215 -1e-06 5e-06 -23.887175 -0.249075 -0.839479 -62.000389 2.026313 -1.034127 -0.294024 1.679687 0.833256 -14.218212 0.093215 1.300584 -34.212059 -0.287559 0.967178 -20.033218 0.96454 1.212848 -1e-06 -0.0 0.0 -3.440389 0.788233 0.501657 -15.928189 -3.16731 2.999712 -6.338828 -1e-06 3e-06 -18.123447 3.648184 -4.905667 -2e-06 0.0 -2e-06 -2.318552 27.367077 14.495142 26.479685 33.047405 2.870849 -165.744232 72.345367 -165.45932 -41.044891 29.766932 -11.776271 2.243543 -5.255039 -3.180159 14.282898 -0.826596 6.952505 -0.0 -12.690609 -1e-06 14.92564 -16.988518 2.391563 1.665667 -1.955922 -2.878299 4.727802 -4.170589 4.993924 11.020531 2e-06 -2e-06 12.109058 -3.735718 -2.866785 -1e-06 -1e-06 -0.0 1.291987 -1.928551 -1.498089 14.800136 0.567467 3.865608 14.24258 -1.341737 -6.66066 19.631981 0.143922 -0.648247 49.531452 -0.821713 -6.693046 0.353029 -1.511151 -0.031939 20.222801 3.684309 2.316631 18.787285 3e-06 -3e-06 10.751634 -0.479869 1.397905 -1e-06 1e-06 -1e-06 3.273808 0.305947 -0.580111 21.486824 11.830376 2.266134 8.16293 1e-06 -1e-06 18.39909 -3.798987 -4.940579 3e-06 -1e-06 -1e-06 0.029566 -49.595844 -4.559525 5.00669 35.477139 7.300407 1.531538 12.194699 1.697303 0.586228 -1.520361 -7.597418 -0.0 1e-06 2e-06 14.137128 -14.003864 -69.880241 2.521731 3.975669 55.453476 -19.387762 -39.337799 6.868407 -1.425249 1.171492 -0.942101 -0.0 0.0 -0.0 
0.0 0.0 0.0 0.0 -0.0 0.0 132.013748 21.944546 58.463295 -60.424664 -0.845885 86.951515 8.685128 4.485447 10.18988 3.593973 1.272908 -2.555498 10.00369 3.503731 9.76077 5.732042 0.511596 -12.81138 4.32829 11.377507 -3.8992 9.607182 8.669284 -4.03094 7.6e-05 -2.1e-05 7e-06 -0.138258 -0.006297 -0.383359 0.61539 -3.733045 -11.212502 -0.875533 3.742476 -11.262208 20.528927 0.583747 8.196291 -55.344376 -0.549354 -32.564289 179.294128 -35.223797 178.82225 16.734283 -3.728442 1.566311 -5.88211 9.861292 0.702587 -10.936878 -0.360577 7.156211 1e-06 8.774831 -2e-06 -16.729076 15.910931 6.432197 -1.844036 2.498506 -2.507281 -10.163606 4.678946 4.621111 -20.976036 -5e-06 0.0 -21.226299 2.451695 -3.594004 0.0 -6e-06 -0.0 -1.362682 2.240799 -0.746325 -21.334925 0.584908 3.008326 -13.821222 -4e-06 1e-06 -23.887184 -0.249081 -0.839483 -60.850143 1.995301 -0.813419 -0.294025 1.679688 0.833256 -14.218218 0.093214 1.300581 -34.21207 -0.287567 0.967171 -20.03323 0.964536 1.212846 1e-06 -0.0 -0.0 -3.440392 0.788233 0.501656 -15.928196 -3.167313 2.999711 -6.338829 -2e-06 1e-06 -18.123457 3.648183 -4.905675 -4e-06 0.0 -1e-06 -4.499439 26.548937 12.998694 19.741966 35.041702 -3.219461 -166.901886 72.787888 -167.504425 -46.449024 26.796913 -4.724919 2.243543 -5.255041 -3.18016 14.282898 -0.826595 6.952506 -1e-06 -12.690612 -5e-06 14.47506 -17.16053 2.523969 1.665668 -1.955923 -2.878303 4.727801 -4.170589 4.993925 11.020533 3e-06 -2e-06 12.109059 -3.735717 -2.866792 2e-06 -0.0 -0.0 1.291986 -1.928551 -1.498091 14.800136 0.567468 3.865608 14.24258 -1.341739 -6.660665 19.631977 0.143926 -0.648248 49.158791 -0.812717 -6.477332 0.353029 -1.511152 -0.031939 20.222801 3.684311 2.316632 18.787287 5e-06 -3e-06 10.751633 -0.479867 1.397905 1e-06 2e-06 1e-06 3.273809 0.305947 -0.580109 21.486826 11.830382 2.266135 8.16293 2e-06 -2e-06 18.399094 -3.798986 -4.940583 2e-06 -0.0 0.0 -2.136667 -53.825436 -2.011872 3.754825 42.718704 -0.100991 1.784954 11.020449 -0.970529 0.728078 -1.623837 -5.090365 0.0 0.0 2e-06 14.406478 -14.71102 -70.705452 2.759185 4.281713 60.826935 -15.028161 -38.018719 6.656498 -1.553805 1.067642 0.185355 0.0 0.0 -1e-06 
0.0 0.0 0.0 0.0 -0.0 0.0 136.074951 22.164726 60.44334 -58.764004 -1.627764 86.783943 8.9694 4.813319 9.686477 3.734409 1.206982 -2.843227 9.19984 2.815064 9.075423 6.912217 -0.124668 -16.051905 4.831652 10.92971 -3.747432 9.780395 7.79867 -5.044902 7.8e-05 -2.4e-05 5e-06 -0.092992 -0.027484 -0.354775 0.626582 -3.677429 -10.877897 -0.796943 3.635407 -10.953044 17.059395 -2.735559 7.559636 -57.316734 -3.739265 -30.939051 179.772186 -36.281498 177.53981 20.657181 -3.354354 13.748082 -5.882112 9.861288 0.702587 -10.936877 -0.360577 7.15621 -0.0 8.774826 -3e-06 -15.952356 15.396357 6.346737 -1.844033 2.498507 -2.50728 -10.163606 4.678946 4.621109 -20.97604 -4e-06 -1e-06 -21.226301 2.451694 -3.594005 -0.0 -6e-06 -0.0 -1.362684 2.240799 -0.746325 -21.334929 0.584908 3.008324 -13.821221 -4e-06 -0.0 -23.887184 -0.249082 -0.839485 -60.0196 2.093445 -0.671418 -0.294026 1.679688 0.833255 -14.218217 0.093214 1.30058 -34.212074 -0.287567 0.967168 -20.03323 0.964535 1.212844 1e-06 -0.0 0.0 -3.440391 0.788234 0.501655 -15.928196 -3.167312 2.999708 -6.338829 -1e-06 -0.0 -18.123457 3.648181 -4.905677 -4e-06 0.0 -3e-06 -7.056065 26.262716 10.691382 12.376666 38.830132 -14.711336 -168.814972 73.369728 -170.834305 -51.182343 23.06566 2.996786 2.243542 -5.255041 -3.180158 14.282897 -0.826592 6.952505 -1e-06 -12.690611 -4e-06 14.104598 -17.505636 2.816193 1.665667 -1.955923 -2.878301 4.727801 -4.170589 4.993923 11.020534 3e-06 0.0 12.109058 -3.735717 -2.866788 0.0 0.0 -0.0 1.291986 -1.928551 -1.498091 14.800139 0.56747 3.865609 14.242579 -1.341738 -6.660661 19.631977 0.143926 -0.648244 49.428776 -0.839996 -6.242438 0.353029 -1.511152 -0.03194 20.222803 3.684314 2.316632 18.787287 6e-06 0.0 10.751636 -0.479867 1.397906 -0.0 0.0 0.0 3.273808 0.305947 -0.58011 21.486828 11.830385 2.266139 8.162931 2e-06 0.0 18.399096 -3.798985 -4.940578 4e-06 -2e-06 -0.0 -5.995626 -58.840893 2.34583 2.326611 51.365112 -4.236349 0.824201 9.668023 -5.641315 0.655114 -1.724928 -3.810537 0.0 1e-06 2e-06 12.924102 -13.850434 -70.391685 2.697474 4.756178 68.177284 -10.301888 -37.799404 6.68213 -1.825099 1.034074 0.623205 0.0 0.0 -1e-06 
0.0 0.0 0.0 0.0 -0.0 0.0 140.293991 23.35391 62.393452 -55.473679 -3.669318 85.651192 8.69073 5.215424 8.89579 3.438573 1.408014 -2.996605 7.661322 2.196571 8.198668 7.136688 -0.398795 -18.759136 4.831857 9.782511 -3.640499 10.088283 6.758843 -5.735271 7.7e-05 -2.2e-05 4e-06 -0.071337 -0.045555 -0.283544 0.668771 -3.684138 -10.716365 -0.790382 3.596247 -10.801497 12.583661 -6.986247 6.485476 -55.56839 -7.790668 -29.213318 -179.207062 -39.372562 176.187653 24.574673 -4.499279 25.662786 -5.882109 9.861287 0.702591 -10.936877 -0.360574 7.156209 -1e-06 8.774828 -1e-06 -15.96557 15.663747 5.87273 -1.844035 2.498505 -2.507278 -10.163602 4.678946 4.62111 -20.97603 -3e-06 1e-06 -21.226292 2.451698 -3.594002 0.0 -5e-06 -0.0 -1.362682 2.240798 -0.746324 -21.334917 0.584911 3.008324 -13.821217 -3e-06 1e-06 -23.887175 -0.249078 -0.839485 -60.483109 2.135665 -0.85807 -0.294027 1.679688 0.833256 -14.21821 0.093216 1.30058 -34.212067 -0.287563 0.967169 -20.033222 0.964537 1.212843 -0.0 0.0 -0.0 -3.440389 0.788234 0.501656 -15.928192 -3.167309 2.999708 -6.338828 -1e-06 1e-06 -18.123453 3.648185 -4.905674 -4e-06 -0.0 -2e-06 -9.484897 27.073566 8.019059 1.962458 43.850109 -32.730644 -167.055313 78.917877 -169.902802 -51.957249 17.470705 10.822297 2.243541 -5.255041 -3.18016 14.282891 -0.826591 6.952505 -3e-06 -12.69061 -3e-06 13.63346 -17.806814 3.449633 1.665666 -1.955923 -2.878299 4.727798 -4.170588 4.993924 11.020528 4e-06 -1e-06 12.109055 -3.735717 -2.866787 1e-06 -0.0 0.0 1.291986 -1.92855 -1.49809 14.800132 0.567471 3.865608 14.242573 -1.341738 -6.660661 19.631971 0.143928 -0.648244 49.740036 -0.791305 -6.047618 0.353028 -1.511152 -0.031942 20.222795 3.684315 2.316631 18.787273 7e-06 1e-06 10.751628 -0.479867 1.397908 -0.0 0.0 -0.0 3.273807 0.305947 -0.580111 21.486818 11.830385 2.266138 8.16293 3e-06 1e-06 18.399084 -3.798986 -4.940576 2e-06 -0.0 -2e-06 -11.863531 -62.393719 8.856807 -0.218237 59.179703 -5.482386 -0.867621 8.671788 -9.835415 0.562834 -1.601213 -4.779904 0.0 -0.0 4e-06 10.391641 -13.255027 -68.670166 2.66784 5.442176 76.308052 -3.345369 -36.399624 4.25106 -2.126704 1.055824 0.719966 -0.0 -0.0 -1e-06 
0.0 0.0 0.0 0.0 -0.0 0.0 144.458801 24.508804 64.272018 -50.558117 -6.604843 83.615517 7.963985 5.166301 8.011687 2.822744 2.149629 -3.248807 5.291044 1.740677 7.513779 6.378065 -0.806542 -21.526413 4.52723 8.590903 -3.596898 10.0493 5.429264 -6.235394 7.8e-05 -2.4e-05 5e-06 -0.028297 -0.055702 -0.223195 0.757167 -3.750925 -10.681974 -0.790595 3.638295 -10.833556 7.693604 -11.217872 6.311808 -49.99929 -12.58485 -28.156368 -177.638748 -43.629303 175.233688 28.793175 -5.934162 34.468918 -5.882109 9.861285 0.702589 -10.936873 -0.360577 7.156208 1e-06 8.774826 -1e-06 -16.78253 16.637424 5.279091 -1.844033 2.498505 -2.507279 -10.163601 4.678944 4.621109 -20.976027 -4e-06 2e-06 -21.226292 2.451696 -3.594001 1e-06 -7e-06 -0.0 -1.362681 2.240798 -0.746323 -21.334921 0.584908 3.008323 -13.821216 -1e-06 2e-06 -23.887175 -0.24908 -0.839484 -61.918663 2.009303 -1.174886 -0.294025 1.679687 0.833256 -14.218211 0.093215 1.300581 -34.212063 -0.287566 0.967171 -20.033216 0.964537 1.212845 -1e-06 -1e-06 -0.0 -3.440389 0.788234 0.501656 -15.928191 -3.167312 2.999708 -6.338828 -1e-06 1e-06 -18.123453 3.648183 -4.905672 -3e-06 -0.0 -2e-06 -11.983028 30.13936 5.443248 -15.42986 46.200829 -54.839199 -17.556751 85.054222 -19.474283 -48.844357 7.432676 19.003378 2.243542 -5.255038 -3.180158 14.282896 -0.826592 6.952502 -4e-06 -12.690609 -0.0 13.332843 -17.961866 3.786462 1.665666 -1.955922 -2.8783 4.727798 -4.170588 4.993924 11.020528 4e-06 -1e-06 12.109054 -3.735715 -2.866784 1e-06 -0.0 -0.0 1.291986 -1.92855 -1.498088 14.800132 0.56747 3.865608 14.242579 -1.341735 -6.660659 19.631975 0.143928 -0.648244 49.469093 -0.622378 -6.079728 0.353029 -1.511151 -0.031939 20.222797 3.684313 2.316629 18.787279 6e-06 -0.0 10.751631 -0.479867 1.397906 -1e-06 -0.0 0.0 3.273808 0.305947 -0.58011 21.48682 11.83038 2.266134 8.162929 2e-06 -1e-06 18.399086 -3.798983 -4.940577 4e-06 -1e-06 -2e-06 -19.234392 -65.074043 16.707495 -3.344018 65.739403 -3.215114 -4.279233 6.987232 -12.883498 0.72601 -1.298617 -5.840233 -0.0 0.0 2e-06 7.782773 -15.677041 -64.799088 2.999983 6.294574 84.589851 3.564361 -32.433445 0.783626 -2.171623 1.010663 0.679415 -0.0 -0.0 0.0 
0.0 0.0 0.0 0.0 -0.0 0.0 148.248947 25.133961 66.253113 -44.366905 -9.295201 81.002762 7.122353 4.428997 7.060092 1.840448 3.366863 -3.542999 2.766654 1.893139 7.349329 4.29792 -1.381931 -24.905056 4.605659 7.42016 -3.525334 9.505514 4.055845 -6.887903 7.6e-05 -2.3e-05 6e-06 0.008007 -0.039082 -0.184114 0.786074 -3.775013 -10.577224 -0.748846 3.693695 -10.737171 3.257599 -15.124134 7.283329 -41.52393 -18.244284 -28.586414 -175.039917 -48.630901 174.576736 30.113977 -7.670588 37.304993 -5.882109 9.86129 0.702588 -10.936877 -0.360577 7.156208 0.0 8.774828 -3e-06 -17.486052 17.615065 4.934143 -1.844034 2.498505 -2.507279 -10.163606 4.678947 4.621109 -20.976038 -4e-06 0.0 -21.226299 2.451697 -3.594004 1e-06 -5e-06 1e-06 -1.362682 2.240799 -0.746325 -21.334929 0.584908 3.008322 -13.82122 -3e-06 1e-06 -23.887184 -0.249081 -0.839486 -63.682491 2.134574 -1.20244 -0.294026 1.679687 0.833257 -14.218216 0.093214 1.300579 -34.21207 -0.287567 0.96717 -20.033226 0.964536 1.212844 -0.0 -0.0 1e-06 -3.440388 0.788234 0.501656 -15.928198 -3.167312 2.999707 -6.338829 -1e-06 1e-06 -18.123459 3.648183 -4.905674 -4e-06 0.0 -3e-06 -15.102059 36.367474 3.071505 -32.743618 40.859306 -66.706833 -5.401203 66.403099 -5.816934 -42.937634 -5.184021 24.649281 2.243542 -5.25504 -3.180159 14.282895 -0.826594 6.952503 -1e-06 -12.690607 -2e-06 13.602124 -18.169481 3.470655 1.665667 -1.955923 -2.878299 4.7278 -4.170589 4.993924 11.020531 2e-06 -1e-06 12.109059 -3.735719 -2.866786 -0.0 0.0 -0.0 1.291986 -1.92855 -1.49809 14.800132 0.567468 3.865608 14.242578 -1.341739 -6.66066 19.631975 0.143924 -0.648247 48.682831 -0.534527 -6.296846 0.353029 -1.511151 -0.03194 20.222797 3.68431 2.31663 18.787281 4e-06 -3e-06 10.751633 -0.479869 1.397906 -2e-06 -0.0 -0.0 3.273808 0.305947 -0.580111 21.48682 11.830377 2.266134 8.16293 1e-06 -1e-06 18.399092 -3.798985 -4.94058 1e-06 1e-06 -1e-06 -27.742823 -69.150681 25.825327 -5.982015 72.121803 2.336941 -7.927484 5.476006 -12.488418 1.229225 -1.113783 -6.278971 -0.0 -0.0 2e-06 5.324991 -22.418041 -57.074242 3.357035 7.480871 90.421066 8.081556 -24.962961 1.811862 -2.029766 1.024144 0.107763 -0.0 -0.0 -4e-06 
0.0 0.0 0.0 0.0 -0.0 0.0 151.007523 25.068878 68.383583 -37.249584 -10.963106 77.85804 6.059643 3.706667 5.562782 0.888259 4.484351 -3.888393 -0.034857 2.372458 8.02291 1.27534 -1.731596 -27.704502 4.379103 5.889433 -3.39488 9.21207 2.495962 -6.748631 7.7e-05 -2.2e-05 6e-06 0.096468 -0.098458 -0.197682 0.816625 -3.809372 -10.366408 -0.604118 3.605201 -10.458287 1.033298 -17.737095 8.07102 -33.282696 -24.996632 -27.58914 -172.70607 -55.173061 174.617599 29.210144 -9.950766 34.604603 -5.882108 9.861284 0.702592 -10.936873 -0.360574 7.156205 1e-06 8.774825 1e-06 -17.555861 18.093327 4.833789 -1.844034 2.498504 -2.507278 -10.163604 4.678946 4.621109 -20.976028 -4e-06 0.0 -21.226292 2.451697 -3.594 0.0 -6e-06 1e-06 -1.362682 2.240797 -0.746322 -21.334917 0.584911 3.008324 -13.821217 -2e-06 2e-06 -23.887175 -0.24908 -0.839485 -64.781624 2.422955 -1.156536 -0.294024 1.679687 0.833256 -14.218208 0.093216 1.300579 -34.212051 -0.287564 0.967169 -20.033216 0.964536 1.212842 -0.0 1e-06 1e-06 -3.440389 0.788232 0.501654 -15.928189 -3.167307 2.999705 -6.338826 0.0 -0.0 -18.123453 3.648184 -4.905672 -3e-06 -1e-06 -2e-06 -19.051376 41.153893 1.174185 -37.090397 34.457371 -63.998356 -6.370017 63.458824 -6.642528 -37.928226 -11.419204 23.842737 2.243542 -5.255038 -3.180158 14.28289 -0.826595 6.952503 -0.0 -12.690607 -1e-06 14.626611 -18.673195 3.038246 1.665666 -1.955922 -2.878299 4.727798 -4.170588 4.993924 11.020524 2e-06 -2e-06 12.109052 -3.735717 -2.866786 1e-06 -0.0 0.0 1.291986 -1.92855 -1.498089 14.800127 0.567467 3.865608 14.242569 -1.341738 -6.660659 19.631968 0.143926 -0.648245 49.409489 -0.82244 -6.498656 0.353029 -1.511151 -0.03194 20.222788 3.684309 2.31663 18.78727 3e-06 -1e-06 10.751624 -0.479869 1.397906 -2e-06 -0.0 0.0 3.273806 0.305947 -0.580111 21.486809 11.830377 2.266134 8.162926 2e-06 -0.0 18.399076 -3.798988 -4.940577 1e-06 -0.0 -1e-06 -47.608501 -74.597588 46.765923 -10.388997 78.781441 5.120133 -8.207852 5.594689 -7.981207 1.715813 -1.18496 -6.460933 -0.0 0.0 2e-06 1.371631 -32.229221 -42.387115 3.746088 9.68333 89.622673 10.210726 -13.252047 5.354015 -1.947316 1.114784 -1.207265 0.0 0.0 -3e-06 
0.0 0.0 0.0 0.0 -0.0 0.0 152.908447 23.948538 70.683586 -30.614264 -11.44379 75.047585 4.853051 3.232083 3.239126 -0.166007 5.134162 -4.700229 -3.034761 2.869758 9.137241 -0.84307 -0.994292 -26.498194 3.276705 4.937969 -3.390571 8.299132 1.723072 -5.517726 7.7e-05 -2.3e-05 5e-06 0.127484 -0.098069 -0.250101 0.847376 -3.842343 -10.485682 -0.570728 3.628593 -10.500443 0.470568 -18.708233 8.35779 -25.657167 -32.031651 -26.764498 -172.819809 -63.599152 174.975159 28.450146 -10.636132 30.800844 -5.882107 9.861286 0.702591 -10.93687 -0.360574 7.156205 1e-06 8.774826 -1e-06 -17.275354 18.348213 4.762235 -1.844031 2.498506 -2.507279 -10.163601 4.678945 4.621109 -20.976027 -4e-06 -0.0 -21.226292 2.451696 -3.594001 1e-06 -6e-06 1e-06 -1.362681 2.240798 -0.746324 -21.334917 0.584908 3.008322 -13.821215 -3e-06 2e-06 -23.887175 -0.24908 -0.839483 -64.139793 2.807718 -1.251612 -0.294025 1.679688 0.833257 -14.218212 0.093214 1.30058 -34.212051 -0.287564 0.967171 -20.033218 0.964537 1.212844 -1e-06 -0.0 -0.0 -3.440388 0.788234 0.501656 -15.928187 -3.167309 2.999708 -6.338827 -0.0 -0.0 -18.123451 3.648183 -4.905671 -3e-06 -1e-06 -2e-06 -17.848061 41.114349 3.06324 -30.863132 34.360683 -59.579807 -14.954419 76.532234 -15.931998 -40.158817 -12.858709 23.5033 2.243543 -5.255039 -3.180158 14.282896 -0.826594 6.952504 -3e-06 -12.690608 1e-06 14.897626 -18.616749 3.221618 1.665667 -1.955922 -2.878299 4.7278 -4.170588 4.993925 11.020531 4e-06 -3e-06 12.109056 -3.735717 -2.866785 1e-06 -0.0 -0.0 1.291987 -1.92855 -1.498091 14.800136 0.56747 3.865609 14.242577 -1.341736 -6.66066 19.631975 0.143928 -0.648245 50.259892 -1.04362 -6.173874 0.353029 -1.511151 -0.031939 20.222801 3.684312 2.316631 18.787281 6e-06 -1e-06 10.751634 -0.479868 1.397906 -1e-06 1e-06 1e-06 3.273808 0.305946 -0.58011 21.486824 11.830381 2.266133 8.16293 2e-06 -1e-06 18.399088 -3.798983 -4.940577 2e-06 -0.0 -2e-06 -92.811554 -75.247482 92.867767 -41.961407 85.918602 -26.022854 -7.398847 6.787841 -1.186997 1.909374 -1.157373 -6.124325 0.0 1e-06 3e-06 -4.400509 -41.065094 -22.95577 3.97763 14.249669 78.25853 11.826898 -0.312664 6.499332 -1.911225 1.228369 -1.737037 1e-06 1e-06 -1e-06 
0.0 0.0 0.0 0.0 -0.0 0.0 154.673248 21.720999 72.876724 -23.86384 -10.417762 73.613724 3.549716 3.068122 0.337331 -1.189045 5.080213 -5.75618 -5.964448 3.368069 9.565068 -2.430167 0.232151 -22.262207 1.799743 4.207716 -3.480115 6.043634 1.460166 -4.463227 7.7e-05 -2.3e-05 6e-06 0.091028 -0.050091 -0.227575 0.81905 -3.807197 -10.616058 -0.614097 3.684154 -10.606314 0.374755 -19.719759 8.065142 -17.236063 -39.834332 -27.323328 -174.929291 -73.845741 176.617432 28.395506 -9.601734 29.206661 -5.882102 9.861286 0.702588 -10.936867 -0.360576 7.156204 -0.0 8.774823 -3e-06 -16.491251 18.44047 4.984149 -1.844031 2.498504 -2.507278 -10.163595 4.678943 4.621106 -20.976013 -5e-06 3e-06 -21.226273 2.451695 -3.594 1e-06 -5e-06 -0.0 -1.362681 2.240798 -0.746324 -21.334906 0.584908 3.008324 -13.821208 -3e-06 2e-06 -23.887159 -0.249081 -0.83948 -62.322628 2.913773 -1.356774 -0.294024 1.679688 0.833256 -14.218204 0.093214 1.300581 -34.212036 -0.287566 0.967172 -20.033209 0.964537 1.212845 -0.0 0.0 2e-06 -3.440387 0.788233 0.501656 -15.928179 -3.16731 2.999709 -6.338823 -2e-06 2e-06 -18.123436 3.648183 -4.905669 -4e-06 -1e-06 -2e-06 -11.669556 38.7337 7.579096 -15.528028 36.108009 -49.892624 -155.55838 81.994644 -157.740128 -48.448692 -11.876502 30.71793 2.243541 -5.255036 -3.180158 14.282892 -0.826594 6.952503 -2e-06 -12.690601 -0.0 14.858945 -17.963686 3.314417 1.665666 -1.95592 -2.878298 4.727798 -4.170588 4.993925 11.020526 3e-06 -1e-06 12.10905 -3.735713 -2.866783 1e-06 1e-06 0.0 1.291985 -1.928549 -1.498088 14.800129 0.567469 3.865609 14.242568 -1.341735 -6.660654 19.631968 0.143927 -0.648244 50.34726 -0.900705 -5.816914 0.353029 -1.511151 -0.031939 20.222788 3.684311 2.31663 18.78727 5e-06 1e-06 10.751623 -0.47987 1.397906 -2e-06 1e-06 1e-06 3.273806 0.305948 -0.58011 21.486813 11.830377 2.266135 8.162928 0.0 -1e-06 18.39908 -3.798985 -4.940574 3e-06 -0.0 -1e-06 -132.128784 -65.849472 132.434097 -158.765808 79.482979 -147.819321 -7.028199 5.395723 5.645367 1.886411 -1.107556 -4.992193 0.0 0.0 2e-06 -9.576666 -48.637333 -3.955838 2.590262 21.250666 58.899857 13.645278 5.958464 4.065883 -1.837388 1.27915 -3.062053 0.0 0.0 -1e-06 
0.0 0.0 0.0 0.0 -0.0 0.0 157.198853 19.283176 74.591644 -15.391345 -7.802145 73.633286 1.655161 3.043718 -1.996316 -1.926413 4.160904 -6.428397 -8.164214 3.005617 9.332614 -4.752766 1.550281 -18.740309 0.260522 2.21142 -3.735862 3.241658 -0.043738 -5.641521 7.7e-05 -2.3e-05 7e-06 0.009165 0.042809 -0.188882 0.766382 -3.644653 -10.517917 -0.738413 3.725385 -10.568051 2.332528 -21.045324 7.196519 -10.307837 -48.518501 -28.619846 174.317368 -81.584312 -172.594009 28.629606 -7.928536 30.273947 -5.882111 9.861292 0.702585 -10.936877 -0.360577 7.156205 -1e-06 8.774829 -2e-06 -15.247858 18.372931 5.661393 -1.844034 2.498507 -2.507279 -10.163604 4.678946 4.621107 -20.976034 -4e-06 -2e-06 -21.226299 2.451694 -3.594006 -0.0 -6e-06 -1e-06 -1.362682 2.240801 -0.746324 -21.334925 0.584909 3.00832 -13.821221 -3e-06 -2e-06 -23.887184 -0.249081 -0.839488 -59.652607 3.067047 -1.184474 -0.294025 1.679688 0.833256 -14.218215 0.093214 1.300578 -34.212063 -0.287566 0.967165 -20.033222 0.964532 1.212842 1e-06 -0.0 2e-06 -3.44039 0.788234 0.501656 -15.928198 -3.167312 2.999705 -6.338829 -1e-06 -1e-06 -18.123457 3.648183 -4.905677 -4e-06 1e-06 -0.0 -5.025732 34.760933 11.418416 5.097139 33.236313 -33.822578 -176.84079 61.877499 -178.534012 -57.407032 -5.460725 38.946392 2.243543 -5.255037 -3.18016 14.282896 -0.826595 6.952502 -1e-06 -12.690608 -2e-06 14.953162 -17.544844 3.126476 1.665667 -1.955923 -2.878299 4.727801 -4.170588 4.993924 11.020531 2e-06 -1e-06 12.109056 -3.735717 -2.866788 -1e-06 0.0 1e-06 1.291987 -1.92855 -1.49809 14.800132 0.567468 3.865607 14.242579 -1.341738 -6.66066 19.631973 0.143924 -0.648247 50.219063 -0.650473 -5.890287 0.353029 -1.511152 -0.031939 20.222801 3.684309 2.31663 18.787283 4e-06 -2e-06 10.751632 -0.479868 1.397905 -0.0 -0.0 2e-06 3.273809 0.305946 -0.580111 21.486824 11.830377 2.266134 8.16293 2e-06 -2e-06 18.399094 -3.798983 -4.940581 3e-06 -0.0 -1e-06 -155.658112 -44.905991 155.536057 -171.644257 54.856964 -166.478958 -6.50719 -2.065526 11.881261 1.846208 -0.992581 -3.694419 0.0 0.0 2e-06 -15.476311 -59.195702 14.347406 -0.775795 31.396381 38.301979 11.939023 2.489061 -1.090212 -1.808125 1.233161 -4.980093 -0.0 -1e-06 -1e-06 
0.0 0.0 0.0 0.0 -0.0 0.0 160.73259 17.668802 75.880249 -5.999379 -4.194585 75.8368 -0.449414 3.383154 -3.262464 -2.362317 2.950785 -6.335523 -8.981141 1.752852 9.137539 -7.969979 2.429562 -17.624817 -1.451123 -1.008617 -3.995483 1.200778 -2.592052 -7.20154 7.8e-05 -2.2e-05 6e-06 -0.120495 0.186254 -0.219188 0.666599 -3.473581 -10.541045 -0.912303 3.862236 -10.616655 6.598194 -21.069153 6.019962 -5.708164 -57.738472 -32.873867 167.961609 -81.178352 -167.229004 27.021383 -8.371133 33.038235 -5.882106 9.861284 0.702591 -10.936868 -0.360577 7.156203 0.0 8.774822 -1e-06 -15.007297 18.182066 5.868 -1.844032 2.498504 -2.507278 -10.163595 4.678943 4.621108 -20.976017 -4e-06 1e-06 -21.226282 2.451695 -3.593999 0.0 -7e-06 0.0 -1.362682 2.240797 -0.746324 -21.334911 0.584908 3.008322 -13.82121 -2e-06 2e-06 -23.887167 -0.249079 -0.839482 -58.466866 3.278077 -1.244165 -0.294025 1.679687 0.833257 -14.218205 0.093214 1.30058 -34.212048 -0.287565 0.967171 -20.033211 0.964537 1.212845 1e-06 -0.0 1e-06 -3.440387 0.788233 0.501656 -15.928185 -3.167312 2.999706 -6.338825 -1e-06 1e-06 -18.123444 3.648182 -4.905668 -5e-06 0.0 -1e-06 -0.132965 29.17671 13.761718 22.790583 24.095776 -20.051041 175.781723 45.663605 177.560745 -62.734146 5.190359 44.178242 2.243542 -5.255036 -3.180155 14.282892 -0.826595 6.952503 -1e-06 -12.690602 -0.0 15.671762 -17.352865 2.979006 1.665666 -1.955922 -2.878298 4.7278 -4.170587 4.993923 11.020526 2e-06 -0.0 12.109053 -3.735716 -2.866784 0.0 0.0 1e-06 1.291985 -1.92855 -1.49809 14.800131 0.567467 3.865608 14.242572 -1.341738 -6.660656 19.631969 0.143924 -0.648244 50.546391 -0.393195 -5.75552 0.353029 -1.511151 -0.031939 20.22279 3.684309 2.316631 18.78727 3e-06 1e-06 10.751627 -0.47987 1.397905 1e-06 0.0 1e-06 3.273806 0.305946 -0.58011 21.486816 11.830374 2.266134 8.162928 3e-06 -1e-06 18.399084 -3.798983 -4.940574 3e-06 -1e-06 -1e-06 -168.886154 -9.962886 168.384888 -175.427994 13.011896 -172.888611 -7.057889 -13.972409 16.291553 1.796715 -0.930765 -4.053357 0.0 1e-06 2e-06 -51.846699 -76.168915 61.101166 -5.349873 50.669186 15.35725 8.660742 -3.051227 -5.062926 -1.779994 1.228495 -9.539907 0.0 1e-06 -1e-06 
0.0 0.0 0.0 0.0 -0.0 0.0 164.751144 16.583275 76.72245 6.566038 -0.719611 80.660995 -2.688315 2.623091 -3.891383 -2.130529 1.06966 -5.857222 -8.968497 -0.543458 8.409884 -11.131807 2.95577 -16.254087 -2.715058 -4.412173 -3.989118 -0.428018 -5.299117 -8.893113 7.6e-05 -2.4e-05 5e-06 -0.230688 0.310603 -0.213161 0.610582 -3.374778 -10.638777 -1.081238 4.020552 -10.651399 12.749828 -18.23181 3.919362 -6.554089 -66.838707 -35.137501 169.094559 -74.0317 -170.142853 24.239712 -9.029264 38.669792 -5.882106 9.86129 0.70259 -10.936875 -0.360576 7.156209 2e-06 8.774829 -2e-06 -15.189159 18.231428 6.136787 -1.844031 2.498507 -2.507279 -10.163603 4.678946 4.621111 -20.976032 -6e-06 2e-06 -21.226295 2.451697 -3.594002 -0.0 -5e-06 -0.0 -1.362682 2.240798 -0.746324 -21.334921 0.584908 3.008326 -13.821218 -4e-06 3e-06 -23.887182 -0.24908 -0.839481 -58.622211 3.474656 -1.300145 -0.294026 1.679688 0.833255 -14.218214 0.093211 1.300583 -34.212051 -0.287567 0.967173 -20.033218 0.964534 1.212845 0.0 -0.0 0.0 -3.440388 0.788233 0.501656 -15.928192 -3.167313 2.99971 -6.338827 -2e-06 1e-06 -18.123451 3.648185 -4.90567 -4e-06 -0.0 -2e-06 0.628828 20.916227 13.061355 36.100605 14.377997 -13.211597 170.841415 35.5014 176.65889 -63.16872 13.511407 47.706413 2.243543 -5.255037 -3.180157 14.282896 -0.826595 6.952504 -2e-06 -12.690607 1e-06 16.462175 -17.1745 2.883152 1.665667 -1.955922 -2.878299 4.7278 -4.170588 4.993924 11.020529 3e-06 -2e-06 12.109056 -3.735717 -2.866783 0.0 1e-06 1e-06 1.291986 -1.928549 -1.498092 14.800132 0.567468 3.865608 14.242577 -1.341735 -6.660658 19.631973 0.143926 -0.648246 50.593483 -0.402652 -5.769402 0.353029 -1.51115 -0.03194 20.222799 3.684309 2.31663 18.787279 4e-06 -2e-06 10.751633 -0.479868 1.397906 -0.0 0.0 0.0 3.273807 0.305947 -0.580111 21.48682 11.830376 2.266135 8.162931 3e-06 -1e-06 18.399088 -3.798984 -4.940575 3e-06 0.0 -1e-06 -175.780487 45.669189 175.409637 -178.085358 -49.485664 -174.51178 -10.72411 -26.812078 21.737698 1.714441 -0.932041 -5.714865 0.0 0.0 2e-06 -151.986603 -45.951187 167.382919 -163.804169 80.577667 -165.052979 4.31795 -4.835535 -6.69097 -1.562684 0.995457 -15.57848 -0.0 -0.0 -1e-06 
0.0 0.0 0.0 0.0 -0.0 0.0 169.232468 15.52394 77.071495 23.462137 1.407621 87.924019 -4.335009 -0.071044 -3.842028 -1.376505 -1.421881 -5.570797 -8.747074 -3.802912 6.745856 -12.36896 2.626519 -15.129476 -3.739358 -7.063284 -3.62727 -3.101161 -7.040368 -10.365284 7.6e-05 -2.3e-05 8e-06 -0.184959 0.29267 -0.153804 0.724294 -3.451935 -10.761959 -1.101771 4.056679 -10.678298 18.809452 -14.263531 1.116104 -20.436073 -72.758835 -26.277285 172.576324 -62.703281 -174.843079 21.38459 -7.846812 44.801929 -5.882108 9.861287 0.70259 -10.936877 -0.360576 7.156208 1e-06 8.774829 -3e-06 -15.366785 18.156109 6.469754 -1.844032 2.498505 -2.507279 -10.163604 4.678945 4.62111 -20.976032 -4e-06 4e-06 -21.226295 2.451697 -3.593998 -2e-06 -6e-06 -1e-06 -1.362683 2.240799 -0.746324 -21.334921 0.584909 3.008322 -13.821218 -4e-06 1e-06 -23.887175 -0.24908 -0.839483 -59.397335 3.79839 -1.052972 -0.294025 1.679689 0.833256 -14.218213 0.093212 1.30058 -34.212063 -0.287565 0.967173 -20.033218 0.964535 1.212847 0.0 -0.0 1e-06 -3.440391 0.788232 0.501656 -15.928192 -3.16731 2.999708 -6.338828 -3e-06 1e-06 -18.123453 3.648181 -4.905669 -5e-06 1e-06 -2e-06 -1.595257 10.637568 10.914428 45.129772 4.485823 -10.407206 170.629913 27.1707 177.836685 -57.995117 17.959202 49.071476 2.24354 -5.255037 -3.180159 14.282887 -0.826593 6.952499 -3e-06 -12.690605 -1e-06 16.194649 -16.833008 3.184564 1.665666 -1.955922 -2.878297 4.727797 -4.170586 4.993922 11.020524 3e-06 -2e-06 12.109051 -3.735714 -2.866783 -1e-06 0.0 2e-06 1.291985 -1.928549 -1.49809 14.800125 0.56747 3.865606 14.242568 -1.341736 -6.660658 19.63196 0.143928 -0.648244 49.915501 -0.802306 -5.435249 0.353029 -1.511151 -0.03194 20.222788 3.684312 2.316631 18.78727 6e-06 -1e-06 10.751627 -0.479868 1.397905 -0.0 -0.0 1e-06 3.273806 0.305948 -0.58011 21.486809 11.830376 2.266134 8.162925 0.0 -2e-06 18.399076 -3.798984 -4.940575 4e-06 -1e-06 -1e-06 -29.910614 82.308746 -34.106998 6.439298 -76.997025 -1.619882 -19.868044 -36.215275 30.955853 1.699579 -0.963556 -8.793244 -0.0 0.0 2e-06 -162.449921 20.145432 177.132263 178.092545 -3.075946 161.193619 -3.332825 -13.404774 -7.035461 -1.368619 0.614714 -15.65013 -0.0 0.0 -2e-06 
0.0 0.0 0.0 0.0 -0.0 0.0 173.911179 14.778596 76.919823 39.165066 1.282678 93.902359 -4.34241 -2.748944 -2.810664 -0.688353 -3.521761 -5.484182 -8.925343 -6.831926 5.333697 -11.285673 1.27314 -15.731912 -4.237162 -8.079689 -3.487992 -7.054875 -7.344784 -9.495527 7.8e-05 -2.3e-05 7e-06 -0.109501 0.198848 -0.186724 0.848707 -3.609596 -10.930478 -1.070598 4.014403 -10.783009 21.616341 -12.868857 -0.347743 -37.66613 -71.472725 -12.434811 174.58197 -51.984524 -177.382355 19.667475 -6.621765 47.545002 -5.882109 9.861295 0.702588 -10.936877 -0.360578 7.156209 1e-06 8.774833 -2e-06 -15.127711 17.517582 6.540685 -1.844033 2.498506 -2.50728 -10.163606 4.678947 4.62111 -20.976038 -3e-06 2e-06 -21.226301 2.451698 -3.594004 -1e-06 -5e-06 -1e-06 -1.362683 2.240801 -0.746323 -21.334929 0.584909 3.008324 -13.821223 -2e-06 2e-06 -23.887186 -0.249079 -0.839482 -60.109222 3.596431 -0.710649 -0.294025 1.679688 0.833255 -14.218217 0.093215 1.300581 -34.212074 -0.287567 0.96717 -20.03323 0.964534 1.212844 1e-06 0.0 0.0 -3.440391 0.788235 0.501655 -15.928196 -3.167313 2.999708 -6.33883 -1e-06 2e-06 -18.123459 3.648187 -4.905677 -4e-06 2e-06 -1e-06 -4.320166 1.731366 9.125595 48.742558 -4.384153 -10.229719 172.735092 19.763155 179.325836 -52.322563 18.821974 49.413952 2.243542 -5.255037 -3.180156 14.282895 -0.826596 6.952501 -3e-06 -12.690603 1e-06 15.132416 -16.554193 3.709607 1.665667 -1.955921 -2.878298 4.7278 -4.170588 4.993922 11.020529 4e-06 -1e-06 12.109055 -3.735716 -2.866783 -0.0 -0.0 1e-06 1.291986 -1.928548 -1.498089 14.800132 0.567468 3.865607 14.242577 -1.341734 -6.660657 19.631973 0.143927 -0.648245 49.281258 -1.018967 -5.130632 0.353028 -1.51115 -0.031942 20.222795 3.684309 2.316629 18.787279 5e-06 -1e-06 10.751629 -0.479867 1.397904 0.0 -1e-06 1e-06 3.273807 0.305947 -0.580114 21.48682 11.830377 2.26613 8.162931 1e-06 -1e-06 18.399092 -3.798982 -4.940576 2e-06 0.0 -2e-06 -12.728912 55.022469 -15.969708 1.46931 -50.445133 1.149869 -30.883476 -37.792568 40.149487 2.073375 -1.08241 -8.788366 -1e-06 -0.0 2e-06 -151.866028 74.446968 -172.449219 -149.752808 -80.175888 134.839355 -13.945171 -32.051369 -1.68639 -1.122037 0.490723 -13.357293 -0.0 0.0 -1e-06 
0.0 0.0 0.0 0.0 -0.0 0.0 178.055954 14.970583 76.525406 48.001835 0.746066 96.357697 -3.402656 -3.808498 -1.405094 -0.618419 -4.470433 -5.10074 -8.715036 -8.756851 4.902104 -9.456646 0.010938 -17.643698 -4.233926 -7.729909 -3.608885 -9.861328 -7.047891 -7.097587 7.6e-05 -2.1e-05 8e-06 -0.097644 0.109437 -0.270372 0.88808 -3.732489 -11.142231 -1.08212 3.94822 -10.95811 21.282244 -14.42843 0.506743 -42.792965 -64.459938 -8.231342 174.57016 -44.786808 -177.417206 18.591919 -7.717274 47.806293 -5.88211 9.861289 0.702589 -10.936877 -0.360576 7.156208 3e-06 8.77483 -1e-06 -14.880858 17.163092 6.547385 -1.844035 2.498505 -2.50728 -10.163604 4.678945 4.621108 -20.976034 -8e-06 -1e-06 -21.226299 2.451691 -3.594003 1e-06 -6e-06 0.0 -1.362682 2.240798 -0.746324 -21.334929 0.584905 3.008323 -13.821221 -6e-06 1e-06 -23.887186 -0.249084 -0.839484 -60.259373 3.131047 -1.011032 -0.294024 1.679688 0.833255 -14.218216 0.093213 1.300578 -34.21207 -0.287573 0.967168 -20.033222 0.96453 1.212845 2e-06 -0.0 1e-06 -3.440389 0.788231 0.501654 -15.928198 -3.167313 2.999707 -6.338829 -1e-06 0.0 -18.123457 3.648181 -4.905674 -4e-06 0.0 -2e-06 -6.459008 -3.11916 7.885743 48.171318 -9.76112 -11.967298 175.251923 15.048528 179.970932 -49.148144 17.511003 48.571922 2.243542 -5.255041 -3.180159 14.282897 -0.826595 6.952505 -3e-06 -12.690615 -2e-06 14.731172 -16.661486 3.966468 1.665667 -1.955922 -2.8783 4.727801 -4.17059 4.993927 11.020531 2e-06 -1e-06 12.109058 -3.735718 -2.866787 1e-06 1e-06 0.0 1.291986 -1.928551 -1.498089 14.800136 0.567469 3.865611 14.242582 -1.341738 -6.660663 19.631975 0.143927 -0.648245 49.441357 -0.84195 -5.145051 0.353029 -1.511153 -0.03194 20.222801 3.684312 2.316633 18.787283 4e-06 1e-06 10.751633 -0.479869 1.397907 1e-06 -1e-06 1e-06 3.273808 0.305948 -0.58011 21.486824 11.83038 2.266135 8.16293 1e-06 1e-06 18.399092 -3.798988 -4.940578 3e-06 0.0 -1e-06 -11.509678 41.783131 -16.27396 -0.330503 -37.901516 5.149404 -36.179523 -33.67979 44.702766 2.592612 -1.271326 -6.002115 -0.0 0.0 2e-06 -14.30479 73.5867 -35.702015 -17.510899 -57.552738 14.178887 -18.954643 -37.653793 5.962585 -0.991979 0.643432 -13.01101 0.0 -0.0 0.0 
0.0 0.0 0.0 0.0 -0.0 0.0 181.541626 16.17205 76.091629 52.769672 0.850289 96.506912 -2.794261 -4.33128 0.301518 -0.773697 -4.928275 -4.59143 -8.36408 -10.156925 5.345256 -7.194288 -0.371607 -19.680922 -3.695063 -7.10174 -3.692548 -11.545081 -6.826051 -3.918118 7.7e-05 -2.2e-05 6e-06 -0.073716 0.042507 -0.338387 0.933952 -3.815406 -11.349222 -1.075095 3.892295 -11.19335 19.797796 -17.853912 2.385978 -43.022427 -54.972301 -9.762387 174.546234 -41.978252 -176.65097 19.137005 -10.397079 45.335766 -5.882106 9.861288 0.702591 -10.936875 -0.360577 7.156209 2e-06 8.77483 -2e-06 -15.181364 17.17235 6.3852 -1.844032 2.498506 -2.507278 -10.163601 4.678944 4.621109 -20.976027 -7e-06 5e-06 -21.22629 2.451697 -3.593998 0.0 -6e-06 -1e-06 -1.362681 2.240799 -0.746323 -21.334921 0.584904 3.008325 -13.821218 -5e-06 4e-06 -23.887182 -0.249082 -0.83948 -60.104813 2.876478 -1.483435 -0.294024 1.679686 0.833255 -14.218213 0.09321 1.300582 -34.212059 -0.287569 0.967177 -20.033216 0.964534 1.212848 1e-06 1e-06 0.0 -3.440389 0.788232 0.501656 -15.928191 -3.167315 2.999711 -6.338828 -1e-06 2e-06 -18.123447 3.648182 -4.905668 -4e-06 0.0 -0.0 -7.6179 -5.282773 7.651094 45.593735 -10.627779 -14.882675 178.042297 14.106764 -179.923721 -47.707535 14.982985 45.7705 2.243542 -5.255035 -3.180158 14.282888 -0.826595 6.9525 -3e-06 -12.690604 -0.0 15.196072 -16.986917 3.909833 1.665666 -1.95592 -2.878299 4.727799 -4.170586 4.993923 11.020528 3e-06 -3e-06 12.109054 -3.735713 -2.866786 -1e-06 1e-06 0.0 1.291985 -1.928549 -1.49809 14.800127 0.56747 3.865605 14.242571 -1.341734 -6.660657 19.631966 0.143926 -0.648245 50.07613 -0.636074 -5.36187 0.35303 -1.511152 -0.03194 20.222788 3.68431 2.31663 18.78727 7e-06 -1e-06 10.751627 -0.479869 1.397906 1e-06 -1e-06 -0.0 3.273808 0.305946 -0.580112 21.486813 11.830376 2.266131 8.162928 3e-06 -2e-06 18.39908 -3.798981 -4.940577 3e-06 1e-06 -1e-06 -9.82688 33.89513 -19.344402 -1.934293 -29.693687 14.140547 -34.080391 -26.364412 43.786819 3.106652 -1.442424 -3.735142 -1e-06 0.0 3e-06 -8.48438 57.800995 -30.791542 -14.805482 -41.169285 24.345911 -17.220701 -35.054123 7.030474 -0.959914 0.74953 -12.169743 0.0 -0.0 -1e-06 
0.0 0.0 0.0 0.0 -0.0 0.0 184.821243 17.921049 75.723236 55.79163 1.240592 95.425583 -2.971423 -4.730821 2.282454 -1.004015 -5.240729 -4.085827 -8.255948 -11.331121 6.458472 -4.509417 -0.156569 -20.906746 -2.951577 -6.665958 -3.688739 -12.587728 -6.824661 -0.20313 7.7e-05 -2.2e-05 6e-06 -0.005059 0.00051 -0.356626 1.032681 -3.856097 -11.424376 -1.031251 3.849316 -11.36034 17.995243 -21.975676 4.473041 -42.542217 -45.909912 -14.702249 175.496506 -42.4156 -176.625977 21.615646 -12.479295 41.284706 -5.882107 9.86129 0.70259 -10.936875 -0.360576 7.156205 1e-06 8.774827 -1e-06 -15.685405 17.599976 6.28387 -1.844033 2.498505 -2.507278 -10.163603 4.678946 4.621108 -20.97603 -3e-06 2e-06 -21.226295 2.451696 -3.594003 -1e-06 -6e-06 -1e-06 -1.362682 2.240799 -0.746324 -21.334923 0.58491 3.008322 -13.821218 -3e-06 1e-06 -23.88718 -0.24908 -0.839485 -59.890091 2.930344 -1.674109 -0.294025 1.679688 0.833255 -14.218212 0.093216 1.30058 -34.212063 -0.287564 0.967169 -20.033222 0.964536 1.212844 -1e-06 1e-06 -1e-06 -3.440389 0.788234 0.501656 -15.928192 -3.167311 2.999707 -6.338829 -2e-06 0.0 -18.123453 3.648184 -4.905673 -5e-06 1e-06 -2e-06 -7.636583 -6.185825 8.077501 42.107365 -8.576615 -20.092789 -179.93602 15.77164 -179.990219 -47.451572 11.192872 40.314632 2.243542 -5.255038 -3.180157 14.282896 -0.826594 6.952504 -1e-06 -12.690607 -2e-06 15.899045 -17.288124 3.743076 1.665666 -1.955923 -2.8783 4.7278 -4.170588 4.993926 11.02053 4e-06 -2e-06 12.109056 -3.735718 -2.866784 0.0 -0.0 0.0 1.291987 -1.928551 -1.49809 14.800132 0.567467 3.865604 14.242578 -1.341737 -6.660661 19.631973 0.143926 -0.648245 50.782063 -0.641841 -5.737756 0.35303 -1.51115 -0.03194 20.222797 3.684311 2.316628 18.787283 6e-06 -4e-06 10.751631 -0.479868 1.397905 1e-06 -0.0 -1e-06 3.273808 0.305947 -0.580111 21.486818 11.830378 2.266135 8.16293 0.0 -1e-06 18.399088 -3.798985 -4.940578 3e-06 0.0 -1e-06 -7.869756 29.081785 -24.854496 -3.843078 -23.174028 27.718126 -27.210011 -18.128775 39.477013 3.482034 -1.505598 -2.280983 -0.0 -1e-06 2e-06 -9.443055 48.501274 -32.043034 -14.399774 -35.029869 36.830883 -14.209694 -33.093628 2.86676 -0.895121 0.714476 -11.206045 1e-06 -1e-06 -1e-06 
0.0 0.0 0.0 0.0 -0.0 0.0 187.735474 19.6535 75.277122 57.873791 1.518698 93.970932 -3.688321 -4.920941 4.251419 -1.29862 -5.561081 -3.578842 -8.650837 -12.243424 7.896166 -2.144618 0.257638 -21.414284 -2.147707 -6.463995 -3.670927 -12.928612 -6.775963 3.623323 7.7e-05 -2.2e-05 5e-06 0.100292 -0.030891 -0.346974 1.158195 -3.85219 -11.391872 -0.943342 3.7859 -11.420102 15.778543 -25.840687 6.509985 -42.056461 -39.427834 -20.621948 177.320312 -43.549572 -177.870453 24.489738 -13.318645 37.932713 -5.882109 9.861289 0.702588 -10.936875 -0.360576 7.156206 0.0 8.774828 -2e-06 -15.960595 18.278217 6.407663 -1.844034 2.498506 -2.50728 -10.163603 4.678945 4.621106 -20.97603 -4e-06 -1e-06 -21.226297 2.451694 -3.594005 1e-06 -5e-06 1e-06 -1.362682 2.240798 -0.746324 -21.334921 0.584909 3.008322 -13.821218 -3e-06 -1e-06 -23.88718 -0.249083 -0.839486 -59.785889 3.087637 -1.692044 -0.294025 1.679688 0.833256 -14.218214 0.093215 1.300579 -34.212067 -0.287569 0.967165 -20.033222 0.964535 1.212843 -1e-06 1e-06 -0.0 -3.440389 0.788234 0.501655 -15.928192 -3.167312 2.999703 -6.338828 -2e-06 -1e-06 -18.123453 3.648181 -4.905675 -6e-06 -0.0 -2e-06 -6.343455 -6.170152 8.486814 37.801022 -6.256793 -27.991945 -179.38118 18.251432 -179.963104 -47.398823 5.864709 32.738449 2.243541 -5.255037 -3.180157 14.282887 -0.826594 6.952504 -4e-06 -12.690603 -1e-06 16.321186 -17.521677 3.606485 1.665666 -1.955922 -2.878299 4.727799 -4.170588 4.993925 11.020526 6e-06 -2e-06 12.109051 -3.735714 -2.866783 -2e-06 -0.0 0.0 1.291986 -1.92855 -1.498088 14.800127 0.567469 3.865608 14.242568 -1.341738 -6.660655 19.631966 0.143926 -0.648243 51.34042 -0.694688 -5.970463 0.353028 -1.51115 -0.031941 20.222788 3.684311 2.316629 18.78727 7e-06 -1e-06 10.751627 -0.479868 1.397906 -0.0 -0.0 -1e-06 3.273806 0.305946 -0.58011 21.486811 11.830376 2.266135 8.16293 4e-06 -1e-06 18.39908 -3.798983 -4.940574 2e-06 -0.0 0.0 -6.278599 27.052597 -31.875387 -5.685852 -17.740362 43.592766 -19.249304 -9.47034 31.393759 3.46891 -1.488354 -2.036806 -0.0 -1e-06 2e-06 -10.396188 43.126656 -31.847759 -14.213509 -33.083305 45.681747 -12.745444 -33.299534 -1.117172 -0.895443 0.663874 -10.555901 -0.0 0.0 -1e-06 
0.0 0.0 0.0 0.0 -0.0 0.0 190.679962 21.111996 74.841438 59.021851 1.580887 92.373283 -4.642515 -4.907593 6.030353 -1.613639 -5.748308 -3.045721 -9.686983 -12.906026 9.514131 -0.752121 0.763122 -21.683594 -1.383825 -6.218182 -3.599792 -12.482633 -6.76462 7.083304 7.8e-05 -2.3e-05 6e-06 0.218151 -0.045524 -0.328039 1.279901 -3.811215 -11.317879 -0.82913 3.717803 -11.391051 12.901748 -28.996199 8.409586 -40.98251 -36.391911 -25.097044 178.775558 -43.955608 -179.264786 25.570354 -13.70393 37.011887 -5.882104 9.861281 0.702591 -10.93687 -0.360574 7.156201 1e-06 8.774822 1e-06 -15.88486 18.751936 6.650105 -1.844032 2.498503 -2.507275 -10.163597 4.678944 4.621107 -20.976021 -4e-06 2e-06 -21.226284 2.451695 -3.594 -1e-06 -6e-06 -1e-06 -1.362681 2.240797 -0.746322 -21.334909 0.584908 3.008321 -13.821208 -3e-06 2e-06 -23.887165 -0.24908 -0.839482 -59.736698 3.147151 -1.62335 -0.294024 1.679687 0.833254 -14.218206 0.093215 1.30058 -34.212048 -0.287565 0.967169 -20.033209 0.964536 1.212842 -0.0 0.0 -0.0 -3.440387 0.788233 0.501656 -15.928183 -3.16731 2.999704 -6.338824 -1e-06 -0.0 -18.123444 3.64818 -4.905668 -5e-06 1e-06 -2e-06 -4.20927 -5.121728 8.686868 33.229435 -5.168614 -36.189125 -179.508453 21.22385 -179.727798 -47.023689 0.340598 26.116121 2.243541 -5.255038 -3.180158 14.282887 -0.826593 6.952503 -2e-06 -12.690603 -2e-06 16.472132 -17.656322 3.472247 1.665664 -1.955922 -2.8783 4.727799 -4.170588 4.993924 11.020528 4e-06 -2e-06 12.109053 -3.735716 -2.866785 -1e-06 -0.0 -0.0 1.291986 -1.928549 -1.498089 14.800129 0.56747 3.865608 14.242572 -1.341736 -6.660659 19.631968 0.143928 -0.648245 51.473476 -0.78873 -6.059016 0.353028 -1.511152 -0.03194 20.22279 3.684312 2.316629 18.78727 5e-06 -0.0 10.751627 -0.479868 1.397906 1e-06 -1e-06 -1e-06 3.273808 0.305948 -0.580112 21.486813 11.830377 2.266135 8.162927 2e-06 -1e-06 18.39908 -3.798983 -4.940574 2e-06 1e-06 -2e-06 -5.043632 26.80341 -38.958878 -6.928001 -13.326995 58.709129 -14.150731 -2.516254 21.369564 3.130441 -1.429726 -2.820065 -0.0 -1e-06 3e-06 -10.435702 40.778568 -29.516325 -13.98543 -33.143745 50.084892 -13.051852 -35.461052 -3.839886 -0.981958 0.649388 -10.60216 -0.0 0.0 -1e-06 
0.0 0.0 0.0 0.0 -0.0 0.0 193.98732 22.113382 74.4496 59.418938 1.567082 90.958221 -5.724584 -4.792378 7.482862 -1.916978 -5.813024 -2.455117 -11.170927 -13.341938 11.085824 -0.126111 1.308776 -22.047398 -0.738948 -5.729998 -3.457777 -11.566647 -6.762428 10.19167 7.8e-05 -2.4e-05 6e-06 0.334676 -0.032686 -0.306684 1.41139 -3.755422 -11.271985 -0.728567 3.686848 -11.362312 9.760494 -31.478573 10.078256 -39.578648 -36.092346 -27.372381 179.648544 -43.457165 179.6828 24.217329 -13.549009 38.80814 -5.88211 9.861292 0.702589 -10.93688 -0.360577 7.156208 1e-06 8.774833 -2e-06 -15.653569 18.948729 6.88075 -1.844034 2.498506 -2.50728 -10.163608 4.678946 4.62111 -20.976042 -8e-06 2e-06 -21.226303 2.451694 -3.594003 -0.0 -7e-06 -1e-06 -1.362682 2.240799 -0.746323 -21.334929 0.584905 3.008321 -13.821223 -5e-06 1e-06 -23.887186 -0.249085 -0.839484 -59.811634 3.124909 -1.417023 -0.294024 1.679688 0.833256 -14.21822 0.093212 1.300579 -34.212074 -0.287572 0.96717 -20.033226 0.964532 1.212846 -1e-06 0.0 0.0 -3.440391 0.788233 0.501655 -15.928201 -3.167315 2.999708 -6.33883 -3e-06 -0.0 -18.123461 3.648181 -4.905675 -6e-06 0.0 -4e-06 -1.770359 -3.540488 8.896221 29.078585 -5.260462 -43.112026 -179.776993 24.623337 -179.429825 -46.579647 -4.879519 21.932741 2.243543 -5.255041 -3.180159 14.282899 -0.826594 6.952506 -2e-06 -12.690612 -1e-06 16.566425 -17.75132 3.376127 1.665666 -1.955924 -2.878299 4.727801 -4.170589 4.993924 11.020534 5e-06 -3e-06 12.109059 -3.735717 -2.866787 1e-06 -0.0 1e-06 1.291986 -1.92855 -1.498089 14.800139 0.56747 3.865607 14.242582 -1.341737 -6.660662 19.631977 0.143927 -0.648245 51.382687 -0.963168 -6.140867 0.353031 -1.511151 -0.031938 20.222803 3.684314 2.316632 18.787285 5e-06 -1e-06 10.751633 -0.479868 1.397907 0.0 -1e-06 -1e-06 3.273809 0.305948 -0.580112 21.486828 11.830382 2.266134 8.162934 3e-06 -1e-06 18.399096 -3.798985 -4.940578 3e-06 1e-06 -2e-06 -4.103652 27.375715 -46.122982 -7.674258 -9.852079 71.359764 -12.126233 1.243037 12.655963 2.775723 -1.39413 -3.725332 0.0 -0.0 2e-06 -9.680729 40.408749 -25.988997 -13.65476 -34.350151 51.608932 -14.142396 -38.878216 -6.333355 -1.100217 0.66175 -11.203201 0.0 0.0 -1e-06 
0.0 0.0 0.0 0.0 -0.0 0.0 197.638626 22.531736 74.100304 59.398113 1.553203 90.103363 -6.863917 -4.666487 8.538149 -2.240211 -5.835198 -1.879712 -12.819517 -13.591416 12.441122 0.101519 1.813596 -22.735376 -0.316933 -5.091585 -3.255849 -10.384282 -6.774038 13.128539 7.7e-05 -2.4e-05 6e-06 0.42338 -0.00236 -0.291049 1.530544 -3.70179 -11.276819 -0.672767 3.691806 -11.368538 6.818905 -33.337959 11.468508 -38.470158 -37.768845 -26.98613 179.958801 -42.62011 179.055618 21.225296 -12.64716 42.745529 -5.88211 9.86129 0.70259 -10.936878 -0.360576 7.156208 1e-06 8.77483 -1e-06 -15.480137 18.915094 7.042858 -1.844034 2.498506 -2.507281 -10.163608 4.678946 4.62111 -20.976038 -4e-06 1e-06 -21.226301 2.451698 -3.594 -1e-06 -6e-06 -1e-06 -1.362682 2.240799 -0.746324 -21.33493 0.58491 3.008324 -13.821223 -3e-06 1e-06 -23.887188 -0.24908 -0.839484 -60.184971 3.097236 -1.096548 -0.294026 1.679688 0.833257 -14.218221 0.093214 1.300581 -34.212082 -0.287565 0.967171 -20.033232 0.964536 1.212845 -0.0 -0.0 -0.0 -3.440391 0.788233 0.501656 -15.928201 -3.167312 2.999708 -6.33883 -1e-06 0.0 -18.123461 3.648183 -4.905674 -4e-06 0.0 -3e-06 0.613007 -2.092031 9.248347 26.021395 -6.217147 -48.420429 -179.914368 27.767464 -179.231888 -46.264145 -9.334304 19.822802 2.243543 -5.255038 -3.18016 14.282892 -0.826595 6.952503 -1e-06 -12.690609 -1e-06 16.684364 -17.768982 3.276211 1.665667 -1.955921 -2.878299 4.7278 -4.170587 4.993924 11.020529 6e-06 -3e-06 12.109054 -3.735715 -2.866784 -1e-06 -0.0 0.0 1.291985 -1.92855 -1.498091 14.800129 0.567469 3.865607 14.242572 -1.341735 -6.660661 19.631969 0.143927 -0.648246 51.280437 -1.190766 -6.258204 0.353028 -1.511152 -0.031939 20.222794 3.684311 2.31663 18.787271 5e-06 -2e-06 10.751629 -0.479867 1.397906 0.0 -0.0 -1e-06 3.273806 0.305947 -0.580111 21.486813 11.830377 2.266133 8.162928 3e-06 -0.0 18.399082 -3.798983 -4.940577 2e-06 1e-06 -0.0 -3.868939 28.081179 -54.290462 -8.097745 -7.052495 81.29805 -11.508292 2.688216 6.490904 2.525342 -1.422413 -4.377549 0.0 0.0 2e-06 -8.625676 41.066364 -22.2012 -13.182582 -36.101212 51.333786 -15.404669 -42.785118 -8.639912 -1.209441 0.677798 -12.489319 0.0 -0.0 -0.0 
0.0 0.0 0.0 0.0 -0.0 0.0 201.244278 22.381699 73.765663 59.102657 1.613581 89.924309 -7.963328 -4.546875 9.151677 -2.609416 -5.806843 -1.392311 -14.39002 -13.638103 13.511637 0.178645 2.218773 -23.648758 -0.281185 -4.522896 -3.034512 -8.992629 -6.94315 15.893879 7.8e-05 -2.3e-05 7e-06 0.471824 0.032581 -0.273009 1.607851 -3.651388 -11.281857 -0.657032 3.709358 -11.364437 4.479319 -34.595901 12.534652 -38.502907 -40.70047 -24.060322 -179.785858 -42.149574 178.511856 18.117107 -11.155147 47.556168 -5.882106 9.861287 0.70259 -10.936873 -0.360578 7.156204 1e-06 8.774828 -3e-06 -15.348465 18.708914 7.078779 -1.844032 2.498505 -2.507277 -10.163601 4.678944 4.621107 -20.976027 -5e-06 3e-06 -21.226292 2.451696 -3.594 -1e-06 -7e-06 -2e-06 -1.362681 2.240798 -0.746323 -21.334915 0.584905 3.008324 -13.821215 -5e-06 3e-06 -23.887171 -0.24908 -0.83948 -60.560139 3.097802 -0.729387 -0.294024 1.679687 0.833257 -14.21821 0.093212 1.30058 -34.212051 -0.28757 0.967174 -20.033218 0.964535 1.212846 0.0 -0.0 -0.0 -3.440389 0.788233 0.501655 -15.928189 -3.167313 2.999707 -6.338827 -2e-06 1e-06 -18.123449 3.648181 -4.90567 -4e-06 -0.0 -2e-06 2.833593 -1.122564 9.733746 24.16264 -7.750067 -52.627693 -179.874588 30.139477 -179.12709 -45.86599 -13.105184 18.563536 2.243544 -5.255042 -3.180159 14.282904 -0.826592 6.952507 -4e-06 -12.690611 -2e-06 16.757092 -17.682331 3.149797 1.665667 -1.955921 -2.878299 4.727804 -4.170588 4.993925 11.020535 4e-06 -2e-06 12.10906 -3.735717 -2.866785 -0.0 -0.0 0.0 1.291986 -1.928551 -1.498091 14.800139 0.56747 3.865608 14.242582 -1.341738 -6.660662 19.631979 0.143927 -0.648243 51.259926 -1.404661 -6.382448 0.353029 -1.511153 -0.031939 20.222805 3.684315 2.316633 18.787289 7e-06 -1e-06 10.751637 -0.479867 1.397907 0.0 1e-06 -1e-06 3.27381 0.305948 -0.580112 21.486832 11.830385 2.266138 8.162934 2e-06 -1e-06 18.399097 -3.798985 -4.94058 3e-06 1e-06 -1e-06 -4.391013 28.272844 -63.954182 -8.219167 -4.754399 88.94857 -11.17095 3.343706 2.678234 2.368712 -1.515827 -4.772429 -0.0 0.0 2e-06 -7.375431 42.294498 -18.456253 -12.463558 -38.037563 49.792683 -16.423285 -46.694107 -10.628388 -1.3022 0.688563 -14.352418 0.0 1e-06 -1e-06 
0.0 0.0 0.0 0.0 -0.0 0.0 204.588181 21.806997 73.420074 58.425903 1.686925 90.186363 -9.015469 -4.357379 9.374633 -3.131166 -5.602591 -0.95944 -15.640505 -13.553096 14.166951 0.016171 2.51144 -24.460667 -0.38261 -4.583543 -2.867316 -7.484921 -7.046904 18.326101 7.7e-05 -2.3e-05 6e-06 0.48484 0.044789 -0.251987 1.636796 -3.616537 -11.285269 -0.664481 3.70049 -11.362654 2.883957 -35.316414 13.00741 -40.677666 -44.225368 -18.224112 -179.609116 -42.521252 178.088028 15.647834 -9.314856 52.694649 -5.882111 9.861294 0.70259 -10.936881 -0.360576 7.156208 1e-06 8.774833 -1e-06 -15.300855 18.272593 6.877923 -1.844034 2.498507 -2.507281 -10.163607 4.678948 4.62111 -20.97604 -6e-06 -1e-06 -21.226307 2.451697 -3.594004 -1e-06 -7e-06 -2e-06 -1.362682 2.240801 -0.746325 -21.334932 0.584907 3.008323 -13.821227 -5e-06 0.0 -23.887192 -0.249084 -0.839484 -61.034618 2.959398 -0.420075 -0.294025 1.679689 0.833257 -14.218222 0.093214 1.300579 -34.212082 -0.287568 0.967168 -20.033232 0.964534 1.212843 -0.0 0.0 -0.0 -3.440392 0.788234 0.501657 -15.928203 -3.167314 2.999709 -6.338832 -1e-06 -0.0 -18.123463 3.648183 -4.905676 -5e-06 0.0 -1e-06 4.855469 -0.614116 10.44672 23.172585 -9.563268 -56.039871 -179.63475 31.905037 -178.907669 -45.136459 -16.503502 17.682474 2.243541 -5.255038 -3.180157 14.282894 -0.826594 6.952505 -4e-06 -12.690606 -0.0 16.524843 -17.592554 3.073877 1.665666 -1.955923 -2.878297 4.727798 -4.170588 4.993923 11.020529 6e-06 -1e-06 12.109055 -3.735714 -2.866782 -0.0 1e-06 2e-06 1.291986 -1.928548 -1.498088 14.800134 0.567471 3.865609 14.242571 -1.341735 -6.660658 19.631969 0.14393 -0.648241 51.167099 -1.449581 -6.493543 0.35303 -1.511151 -0.031938 20.222797 3.684313 2.316631 18.787279 8e-06 2e-06 10.751633 -0.479867 1.397909 -0.0 2e-06 -1e-06 3.273808 0.305949 -0.58011 21.48682 11.830382 2.266137 8.16293 2e-06 -1e-06 18.399088 -3.798982 -4.940574 3e-06 2e-06 -0.0 -5.268616 27.560959 -74.415092 -7.983323 -3.030269 94.252922 -10.827024 3.720478 1.229128 2.279623 -1.650522 -4.907694 -1e-06 0.0 3e-06 -6.008945 44.145069 -14.850942 -11.488902 -40.00816 47.572987 -16.359631 -50.106922 -13.20337 -1.359648 0.653723 -15.637517 0.0 1e-06 -1e-06 
0.0 0.0 0.0 0.0 -0.0 0.0 207.854202 20.882452 73.141624 57.298431 1.893591 90.827515 -9.810454 -4.20735 9.086694 -3.630497 -5.380185 -0.656643 -16.786219 -13.237331 14.474805 0.023467 2.773532 -25.316683 -0.561132 -4.591465 -2.737298 -6.407649 -7.199605 20.644329 7.7e-05 -2.3e-05 6e-06 0.451219 0.055556 -0.227335 1.637122 -3.590213 -11.249696 -0.73617 3.695056 -11.309558 1.481925 -35.355141 13.541231 -44.686504 -47.590794 -10.40336 -179.162979 -43.408833 177.550369 14.544928 -7.915126 57.367264 -5.882112 9.861297 0.702587 -10.936881 -0.360576 7.156211 0.0 8.774835 -2e-06 -15.402941 17.993805 6.720415 -1.844034 2.498508 -2.507279 -10.163608 4.678949 4.62111 -20.976044 -4e-06 1e-06 -21.226309 2.451699 -3.594005 -1e-06 -6e-06 0.0 -1.362683 2.2408 -0.746323 -21.334934 0.58491 3.008322 -13.821226 -2e-06 -0.0 -23.88719 -0.24908 -0.839485 -61.458717 3.074031 -0.23684 -0.294025 1.679689 0.833256 -14.218221 0.093215 1.300579 -34.212078 -0.287567 0.967167 -20.03323 0.964534 1.212843 -0.0 0.0 1e-06 -3.440391 0.788234 0.501655 -15.928201 -3.167314 2.999707 -6.338831 -1e-06 -0.0 -18.123461 3.648185 -4.905677 -4e-06 -0.0 -2e-06 6.399045 -0.338315 11.071803 23.226797 -11.311404 -58.333019 -179.313416 33.070488 -178.856796 -44.324829 -18.953669 17.325127 2.243546 -5.255042 -3.18016 14.282911 -0.826594 6.952503 -2e-06 -12.690616 -3e-06 16.506836 -17.446405 3.037418 1.665669 -1.955923 -2.878303 4.727804 -4.17059 4.993926 11.020544 2e-06 -2e-06 12.109069 -3.735719 -2.866789 -1e-06 -1e-06 2e-06 1.291988 -1.928552 -1.498091 14.800146 0.567467 3.86561 14.242593 -1.341738 -6.660666 19.631994 0.143927 -0.648247 51.38134 -1.533982 -6.636356 0.353029 -1.511152 -0.031941 20.222818 3.684313 2.31663 18.7873 5e-06 -5e-06 10.751643 -0.479866 1.397905 0.0 1e-06 -1e-06 3.27381 0.305947 -0.58011 21.486843 11.830386 2.266135 8.162938 3e-06 -3e-06 18.399107 -3.798984 -4.940585 3e-06 -0.0 -0.0 -5.682279 25.61101 -84.442703 -7.479271 -1.789231 96.878204 -10.156013 4.143081 2.860438 2.287164 -1.802447 -5.270714 0.0 0.0 2e-06 -4.760354 46.759159 -11.851184 -10.945764 -42.190868 45.779522 -14.895247 -53.172092 -16.52533 -1.38776 0.653969 -18.053719 1e-06 1e-06 -1e-06 
0.0 0.0 0.0 0.0 -0.0 0.0 211.120056 19.805395 72.969894 55.558689 2.080779 91.416656 -10.437074 -3.929728 8.513019 -4.169723 -5.129978 -0.491903 -17.674828 -12.708814 14.474368 0.355921 2.863564 -26.19532 -1.063108 -4.573104 -2.657325 -5.390359 -7.138982 22.83073 7.6e-05 -2.3e-05 6e-06 0.397789 0.051721 -0.20871 1.622833 -3.57597 -11.138422 -0.832687 3.67014 -11.144958 0.395876 -34.695267 13.951337 -50.479309 -50.180012 -0.844269 -178.877945 -44.383488 177.166443 14.268493 -7.656368 61.253368 -5.882108 9.861283 0.70259 -10.936873 -0.360573 7.156207 1e-06 8.774822 -1e-06 -15.768878 17.973906 6.606824 -1.844034 2.498503 -2.507277 -10.163603 4.678945 4.621109 -20.976028 -2e-06 2e-06 -21.226292 2.451696 -3.593999 -0.0 -6e-06 -1e-06 -1.362682 2.240797 -0.746323 -21.334917 0.58491 3.008322 -13.821216 -3e-06 1e-06 -23.887175 -0.24908 -0.839482 -61.678268 3.452051 -0.136458 -0.294026 1.679686 0.833256 -14.218212 0.093215 1.30058 -34.212059 -0.287564 0.96717 -20.033218 0.964537 1.212844 0.0 0.0 1e-06 -3.440389 0.788233 0.501655 -15.928189 -3.167309 2.999707 -6.338828 -1e-06 1e-06 -18.123453 3.648181 -4.905669 -4e-06 0.0 -1e-06 7.633702 -0.314488 11.397057 23.681599 -12.677544 -59.535885 -178.771317 33.942139 -178.938843 -43.42366 -20.347313 17.416185 2.243544 -5.255043 -3.18016 14.282898 -0.826595 6.952504 1e-06 -12.690609 -3e-06 16.627014 -17.280489 3.008225 1.665669 -1.955921 -2.878299 4.727802 -4.17059 4.993925 11.020535 1e-06 -1e-06 12.109058 -3.735718 -2.866786 0.0 -1e-06 0.0 1.291986 -1.928553 -1.49809 14.800136 0.567467 3.865609 14.242581 -1.341742 -6.660663 19.631977 0.143926 -0.648249 51.545151 -1.488329 -6.752584 0.353029 -1.511152 -0.031942 20.222801 3.684309 2.31663 18.787287 2e-06 -3e-06 10.751633 -0.479868 1.397906 -0.0 1e-06 -1e-06 3.273809 0.305946 -0.580112 21.486824 11.830379 2.266137 8.16293 1e-06 -2e-06 18.399097 -3.798989 -4.940581 4e-06 -0.0 -1e-06 -5.401109 22.797459 -92.772598 -6.502471 -1.042033 97.235268 -9.074083 3.99304 7.972431 2.406706 -1.997666 -5.763298 -0.0 -1e-06 2e-06 -2.079593 50.492092 -6.822047 -10.987432 -45.666138 41.782013 -13.331536 -55.797726 -19.475912 -1.403654 0.637621 -21.484198 -1e-06 1e-06 -2e-06 
0.0 0.0 0.0 0.0 -0.0 0.0 214.271088 18.656599 72.867737 53.219353 2.242033 91.703545 -10.769423 -3.510485 7.748806 -4.653275 -4.864591 -0.600892 -18.327589 -12.096195 14.367599 0.674494 2.889148 -27.051079 -1.667952 -4.8178 -2.652613 -4.580749 -6.910505 24.507149 7.7e-05 -2.2e-05 6e-06 0.44259 0.011764 -0.181666 1.68805 -3.571959 -11.031669 -0.810327 3.587997 -10.964194 -0.684056 -33.713566 13.913112 -57.015133 -51.106846 9.031705 -178.53862 -45.120598 177.191132 14.468245 -7.893359 63.202515 -5.882109 9.86129 0.702591 -10.936877 -0.360577 7.156204 1e-06 8.774831 -2e-06 -16.313852 17.541672 5.98504 -1.844034 2.498506 -2.507277 -10.163604 4.678946 4.621108 -20.976034 -5e-06 2e-06 -21.226295 2.451697 -3.594002 -0.0 -6e-06 -2e-06 -1.362682 2.240799 -0.746323 -21.334925 0.584908 3.008322 -13.821219 -4e-06 2e-06 -23.887182 -0.249081 -0.839483 -61.713459 3.532356 -0.309097 -0.294025 1.679688 0.833256 -14.218214 0.093214 1.300581 -34.212059 -0.287568 0.967169 -20.033218 0.964536 1.212844 1e-06 1e-06 2e-06 -3.440391 0.788234 0.501655 -15.928194 -3.167313 2.999708 -6.338829 -2e-06 -1e-06 -18.123457 3.648181 -4.905674 -5e-06 0.0 -0.0 8.524654 -0.334963 11.789906 24.077765 -13.225605 -61.214699 -178.687805 34.838665 -179.232941 -41.984509 -21.744297 16.886415 2.243541 -5.25504 -3.180158 14.282896 -0.826594 6.952504 -1e-06 -12.69061 -2e-06 16.707062 -17.187653 2.950283 1.665667 -1.955921 -2.878299 4.7278 -4.170589 4.993925 11.02053 2e-06 0.0 12.109054 -3.735717 -2.866783 0.0 -1e-06 -0.0 1.291987 -1.928551 -1.498089 14.800132 0.56747 3.865608 14.242576 -1.341737 -6.660657 19.631973 0.143926 -0.648242 51.464737 -1.23796 -6.682107 0.353028 -1.511151 -0.031939 20.222801 3.684313 2.316632 18.787283 6e-06 -0.0 10.751631 -0.479868 1.39791 -0.0 2e-06 -1e-06 3.273808 0.305948 -0.58011 21.486826 11.830384 2.266138 8.16293 2e-06 -0.0 18.399092 -3.798988 -4.940576 3e-06 0.0 -1e-06 -3.807766 20.348633 -98.210121 -5.304257 -0.975024 97.233124 -8.974955 2.566625 16.338787 2.489041 -2.085595 -6.756196 0.0 1e-06 2e-06 2.303785 55.195618 -0.21456 -11.814071 -50.632904 37.607845 -10.761938 -56.669804 -22.433239 -1.360423 0.577199 -21.819204 -1e-06 -0.0 -3e-06 
0.0 0.0 0.0 0.0 -0.0 0.0 217.515945 17.58663 72.948158 50.5844 2.440646 91.986092 -10.865202 -3.360582 6.592344 -4.903084 -4.736639 -0.948908 -18.805775 -11.202047 14.0536 1.068886 2.630787 -28.149544 -2.132993 -4.842173 -2.629778 -4.292605 -6.538441 25.929035 7.8e-05 -2.2e-05 5e-06 0.524806 -0.022861 -0.178074 1.787548 -3.604063 -11.010759 -0.747022 3.550994 -10.871925 -1.962574 -32.446144 13.811408 -62.362484 -50.502983 17.609404 -178.493973 -45.699821 177.743591 15.149392 -8.999794 62.802853 -5.882106 9.861288 0.702592 -10.936877 -0.36058 7.156207 4e-06 8.774832 -0.0 -16.834757 17.285053 5.581484 -1.844032 2.498505 -2.507278 -10.163603 4.678944 4.621109 -20.976034 -1.1e-05 6e-06 -21.226295 2.451693 -3.593996 1e-06 -6e-06 -3e-06 -1.36268 2.240798 -0.746321 -21.334923 0.584903 3.008325 -13.821219 -8e-06 2e-06 -23.887178 -0.249086 -0.839477 -61.844269 3.561843 -0.465596 -0.294025 1.679687 0.833256 -14.218215 0.09321 1.300581 -34.212067 -0.287576 0.967177 -20.033222 0.964532 1.21285 -0.0 2e-06 1e-06 -3.440389 0.788233 0.501654 -15.928192 -3.167316 2.999709 -6.338829 -3e-06 0.0 -18.123453 3.648179 -4.905668 -5e-06 -0.0 -1e-06 9.141562 -0.3555 11.781698 24.140139 -13.042084 -61.750961 -178.462524 35.797092 -179.36557 -40.57478 -22.22183 16.782768 2.243541 -5.255037 -3.180159 14.282894 -0.826593 6.952502 -3e-06 -12.690603 -2e-06 16.79785 -17.196312 2.9974 1.665667 -1.955923 -2.878299 4.727799 -4.170587 4.993923 11.020528 3e-06 -1e-06 12.109053 -3.735713 -2.866785 0.0 0.0 -1e-06 1.291986 -1.928553 -1.49809 14.800134 0.567472 3.865608 14.242577 -1.341735 -6.66066 19.631971 0.143929 -0.648243 51.421566 -1.072887 -6.568991 0.353029 -1.511151 -0.03194 20.222797 3.684311 2.316631 18.787281 9e-06 -0.0 10.751633 -0.479866 1.397906 -0.0 0.0 -0.0 3.273809 0.305948 -0.580109 21.48682 11.830378 2.266137 8.162931 4e-06 -1e-06 18.399088 -3.798981 -4.940577 3e-06 0.0 -2e-06 -1.821144 19.549932 -101.081902 -4.161232 -1.14025 100.920876 -8.610121 4.609949 22.404522 2.724783 -1.989445 -7.019914 -0.0 -0.0 3e-06 7.262188 60.014736 6.744596 -13.756875 -57.209911 35.23431 -8.054932 -55.843346 -24.660028 -1.30079 0.533274 -22.128094 0.0 -0.0 -3e-06 
0.0 0.0 0.0 0.0 -0.0 0.0 221.012756 16.818464 73.294052 48.108067 2.553321 92.356026 -10.800735 -3.353638 5.372122 -4.925364 -4.827314 -1.331221 -18.989187 -10.487622 13.327727 1.193817 2.420963 -29.614403 -2.649691 -4.868088 -2.589804 -4.187635 -6.490067 27.279242 7.8e-05 -2.2e-05 6e-06 0.5364 -0.063729 -0.194519 1.80837 -3.669385 -11.066868 -0.746261 3.533715 -10.860193 -3.375728 -31.079308 13.805666 -65.201202 -48.887768 23.166029 -178.376724 -45.753025 178.471893 16.280323 -10.195504 59.733231 -5.88211 9.861292 0.702588 -10.936878 -0.360575 7.156211 0.0 8.77483 -0.0 -17.189772 17.160395 5.367949 -1.844033 2.498506 -2.507277 -10.163606 4.678948 4.621112 -20.976038 -5e-06 2e-06 -21.226301 2.451696 -3.594001 -0.0 -6e-06 -1e-06 -1.362682 2.2408 -0.746322 -21.33493 0.584908 3.008325 -13.821225 -4e-06 2e-06 -23.88719 -0.249081 -0.839483 -62.011589 3.514965 -0.530139 -0.294026 1.679688 0.833259 -14.218219 0.093215 1.300581 -34.212074 -0.287566 0.967172 -20.03323 0.964536 1.212845 2e-06 0.0 -2e-06 -3.44039 0.788234 0.501656 -15.9282 -3.167313 2.99971 -6.33883 -1e-06 1e-06 -18.123461 3.648184 -4.905674 -5e-06 -0.0 -2e-06 9.727527 -0.154128 11.805596 23.786934 -12.080207 -61.873756 -178.151566 36.447426 -179.494385 -39.107971 -21.991795 18.28433 2.243545 -5.255041 -3.180161 14.282909 -0.826597 6.952506 -3e-06 -12.690612 0.0 16.758085 -17.173347 3.078231 1.665668 -1.955924 -2.878301 4.727805 -4.170588 4.993925 11.02054 4e-06 -1e-06 12.109062 -3.735717 -2.866785 0.0 -1e-06 -0.0 1.291987 -1.928552 -1.49809 14.800146 0.56747 3.865609 14.242586 -1.341737 -6.660663 19.63199 0.143925 -0.648247 51.422188 -0.907251 -6.439507 0.353029 -1.511153 -0.031941 20.222816 3.684313 2.31663 18.787294 6e-06 -3e-06 10.751637 -0.479866 1.397906 -1e-06 2e-06 0.0 3.273811 0.305948 -0.580111 21.486841 11.830384 2.266134 8.162938 2e-06 -4e-06 18.399099 -3.798984 -4.940582 3e-06 0.0 -2e-06 -1.189686 20.109999 -101.99231 -3.828739 -1.158957 106.175758 -8.273314 6.782677 26.904976 2.98265 -1.905435 -5.411181 0.0 -0.0 0.0 12.273582 64.559563 13.674287 -17.622845 -64.198967 35.930004 -5.564264 -54.138016 -25.971561 -1.280502 0.513781 -23.630495 -1e-06 -0.0 -3e-06 
0.0 0.0 0.0 0.0 -0.0 0.0 224.771301 16.583061 73.908661 45.840195 2.585404 92.746582 -10.512926 -3.315829 4.267437 -4.73977 -5.015991 -1.682337 -18.633125 -10.043395 12.291944 0.748917 2.219599 -31.402004 -3.299903 -4.915085 -2.510932 -4.252207 -6.770743 28.548855 7.8e-05 -2.2e-05 6e-06 0.455662 -0.098858 -0.20835 1.72998 -3.747114 -11.150035 -0.829734 3.539699 -10.894979 -4.803012 -29.827583 13.768579 -64.892349 -46.822624 24.861 -178.399582 -45.010628 179.309921 17.588366 -10.963501 54.807209 -5.882108 9.861293 0.70259 -10.936877 -0.360578 7.156208 1e-06 8.774834 -3e-06 -17.458061 17.020681 5.137022 -1.844033 2.498506 -2.507278 -10.163606 4.678947 4.621109 -20.976038 -7e-06 3e-06 -21.226299 2.451696 -3.594003 0.0 -6e-06 -0.0 -1.362683 2.2408 -0.746324 -21.334929 0.584906 3.008324 -13.821224 -5e-06 2e-06 -23.887186 -0.249083 -0.839483 -62.203495 3.359016 -0.533559 -0.294025 1.679688 0.833257 -14.218217 0.093212 1.300579 -34.21207 -0.28757 0.967173 -20.033224 0.964535 1.212846 -1e-06 0.0 -1e-06 -3.44039 0.788234 0.501655 -15.928198 -3.167316 2.999709 -6.33883 -3e-06 0.0 -18.123459 3.648182 -4.905675 -4e-06 -0.0 -2e-06 10.241762 0.812896 11.834949 22.855089 -10.848738 -62.312439 -177.93544 36.591633 -179.559937 -37.116852 -21.832153 21.171688 2.243544 -5.255039 -3.180161 14.282901 -0.826592 6.952506 -3e-06 -12.690613 -2e-06 16.599148 -17.082172 3.096468 1.665668 -1.955923 -2.878301 4.727803 -4.170588 4.993926 11.020535 5e-06 -1e-06 12.109064 -3.735717 -2.866788 -1e-06 -1e-06 1e-06 1.291986 -1.928552 -1.49809 14.800142 0.56747 3.86561 14.242585 -1.341736 -6.660663 19.631985 0.143928 -0.648244 51.329113 -0.739858 -6.374463 0.353029 -1.511152 -0.03194 20.222805 3.684314 2.316632 18.787289 6e-06 -4e-06 10.751636 -0.479868 1.397906 -1e-06 1e-06 0.0 3.27381 0.305948 -0.580112 21.486834 11.830387 2.266135 8.162935 2e-06 -4e-06 18.399099 -3.798983 -4.940582 3e-06 1e-06 -2e-06 -1.91854 21.296898 -101.529922 -4.009497 -0.964025 110.545052 -8.780908 7.896289 30.459803 3.162885 -1.859142 -3.779262 0.0 1e-06 1e-06 18.056459 69.11734 21.425234 -25.143335 -71.365898 41.117817 -3.938349 -51.757748 -25.72781 -1.330166 0.514147 -26.527613 0.0 -1e-06 -3e-06 
0.0 0.0 0.0 0.0 -0.0 0.0 228.479507 16.925716 74.592308 43.462494 2.739577 92.893097 -9.893171 -3.244349 3.202413 -4.463173 -5.153177 -2.12614 -17.467134 -9.436559 11.251929 -0.258143 1.958092 -33.612408 -3.951296 -4.770719 -2.37659 -4.639823 -7.176561 29.715965 7.8e-05 -2.3e-05 6e-06 0.353226 -0.121611 -0.21736 1.639817 -3.828129 -11.268995 -0.942212 3.573061 -10.976962 -5.866225 -28.632549 13.594009 -61.177246 -44.650509 22.274284 -179.172928 -43.361004 -179.48201 18.592409 -10.941963 49.039013 -5.882107 9.861286 0.702592 -10.936875 -0.360575 7.156205 0.0 8.774826 -1e-06 -17.68523 16.968281 4.818536 -1.844033 2.498504 -2.507277 -10.163602 4.678944 4.621111 -20.976027 -3e-06 5e-06 -21.22629 2.451698 -3.593999 0.0 -6e-06 -1e-06 -1.362682 2.240798 -0.746323 -21.334919 0.584909 3.008325 -13.821218 -3e-06 4e-06 -23.887175 -0.249078 -0.83948 -62.381416 3.239359 -0.563222 -0.294026 1.679687 0.833257 -14.218212 0.093215 1.300582 -34.212051 -0.287562 0.967173 -20.033215 0.96454 1.212845 1e-06 -0.0 -1e-06 -3.440389 0.788233 0.501656 -15.928189 -3.16731 2.999708 -6.338827 -1e-06 3e-06 -18.123449 3.648184 -4.905669 -4e-06 1e-06 -3e-06 10.663557 3.147223 11.712854 21.178526 -10.059361 -63.459473 -178.262482 36.446121 -179.687881 -34.346481 -21.862417 24.298254 2.243541 -5.255039 -3.180159 14.282892 -0.826594 6.952505 -1e-06 -12.69061 -2e-06 16.554686 -16.994474 2.997653 1.665667 -1.955922 -2.8783 4.727799 -4.170588 4.993925 11.020526 2e-06 -1e-06 12.109052 -3.735719 -2.866786 -1e-06 -0.0 1e-06 1.291986 -1.92855 -1.49809 14.800131 0.56747 3.865609 14.242573 -1.341739 -6.660661 19.631969 0.143927 -0.648246 51.138596 -0.535575 -6.383282 0.35303 -1.51115 -0.03194 20.222788 3.68431 2.316631 18.78727 3e-06 -0.0 10.751627 -0.47987 1.397907 -1e-06 0.0 -1e-06 3.273807 0.305947 -0.580112 21.486813 11.830381 2.266136 8.162928 2e-06 -1e-06 18.399084 -3.798987 -4.940577 4e-06 -0.0 -2e-06 -3.240511 22.834509 -100.037621 -4.44072 -0.680417 113.33812 -9.953595 8.17711 33.081738 3.25026 -1.899879 -2.935672 -0.0 1e-06 1e-06 28.658367 74.578247 34.066513 -47.950165 -79.435234 62.713703 -2.719778 -48.196892 -23.927635 -1.457471 0.521726 -30.175226 1e-06 -0.0 -2e-06 
0.0 0.0 0.0 0.0 -0.0 0.0 232.205231 17.623919 75.403755 41.228539 2.886732 92.910645 -9.114228 -3.228941 2.262987 -3.992742 -5.12077 -2.584857 -15.748711 -8.779538 10.117727 -1.295264 1.817926 -36.173866 -4.381135 -4.629789 -2.22816 -5.482109 -7.562424 30.620438 7.7e-05 -2.2e-05 5e-06 0.243226 -0.119098 -0.224837 1.543972 -3.881259 -11.362827 -1.065857 3.630309 -11.052658 -5.827302 -27.310366 12.881659 -54.78735 -41.872139 15.633337 179.481461 -40.882168 -178.252014 19.219395 -9.733529 42.654091 -5.882108 9.861288 0.702589 -10.936877 -0.360578 7.156208 2e-06 8.77483 -1e-06 -17.610106 17.134047 4.711752 -1.844033 2.498505 -2.507279 -10.163604 4.678944 4.621107 -20.976034 -8e-06 3e-06 -21.226295 2.451694 -3.594 -0.0 -6e-06 -0.0 -1.362681 2.240798 -0.746323 -21.334925 0.584904 3.008323 -13.82122 -6e-06 3e-06 -23.887182 -0.249084 -0.839479 -62.549465 3.210833 -0.563569 -0.294024 1.679687 0.833256 -14.218215 0.093212 1.300578 -34.212067 -0.287572 0.967173 -20.033222 0.964531 1.212846 0.0 -0.0 -0.0 -3.440391 0.788233 0.501654 -15.928198 -3.167315 2.999706 -6.33883 -2e-06 1e-06 -18.123453 3.64818 -4.905673 -5e-06 0.0 -1e-06 10.763355 6.14899 11.33946 19.112345 -9.721054 -64.246872 -178.672852 35.896889 -179.580826 -31.326925 -22.611008 27.568979 2.243541 -5.255036 -3.180159 14.282896 -0.826591 6.952507 -5e-06 -12.690604 -1e-06 16.577997 -16.982164 2.864331 1.665666 -1.955921 -2.878299 4.727801 -4.170586 4.993925 11.020529 4e-06 0.0 12.109056 -3.735714 -2.866783 0.0 -1e-06 0.0 1.291985 -1.928551 -1.49809 14.800138 0.56747 3.86561 14.242577 -1.341733 -6.660657 19.631975 0.143927 -0.648241 50.940964 -0.505029 -6.447862 0.353029 -1.511151 -0.031941 20.222801 3.684314 2.316633 18.787281 7e-06 2e-06 10.751633 -0.479867 1.397907 -1e-06 1e-06 1e-06 3.273808 0.305946 -0.58011 21.486824 11.830379 2.266137 8.16293 2e-06 1e-06 18.399088 -3.798981 -4.940574 3e-06 -1e-06 -1e-06 -4.813669 24.305996 -98.2724 -4.965634 -0.394769 114.505753 -11.64903 7.75097 35.371902 3.323677 -2.075547 -2.56699 -0.0 -0.0 2e-06 55.946239 79.733604 63.48447 -124.483353 -80.79705 139.211472 -0.756598 -43.00779 -21.455244 -1.562706 0.5152 -32.752247 0.0 -0.0 -2e-06 
0.0 0.0 0.0 0.0 -0.0 0.0 236.064865 18.652271 76.323143 39.135311 2.97403 92.791649 -8.285284 -3.204087 1.381583 -3.443263 -4.96403 -2.938734 -13.659996 -8.116213 8.959845 -1.884596 1.878038 -38.921947 -4.540431 -4.443953 -2.056828 -6.642364 -7.760403 31.136827 7.6e-05 -2.3e-05 6e-06 0.13244 -0.099751 -0.234978 1.447795 -3.915674 -11.426635 -1.191306 3.703505 -11.110263 -4.06362 -26.056595 11.527165 -46.353741 -37.383015 4.730352 177.678726 -38.506828 -177.189056 19.518816 -8.069771 34.365211 -5.88211 9.861293 0.702588 -10.93688 -0.360579 7.156209 1e-06 8.774832 -3e-06 -17.099794 17.467281 4.963137 -1.844034 2.498507 -2.507279 -10.163608 4.678946 4.621109 -20.97604 -6e-06 3e-06 -21.226307 2.451696 -3.594003 0.0 -7e-06 -1e-06 -1.362682 2.2408 -0.746325 -21.33493 0.584906 3.008324 -13.821227 -5e-06 2e-06 -23.887192 -0.249082 -0.839483 -62.50552 3.138088 -0.470506 -0.294025 1.679688 0.833257 -14.218219 0.093213 1.300581 -34.212074 -0.28757 0.967172 -20.033226 0.964534 1.212846 -1e-06 -1e-06 -1e-06 -3.440391 0.788233 0.501657 -15.928201 -3.167316 2.999709 -6.338832 -3e-06 1e-06 -18.123459 3.648183 -4.905675 -4e-06 0.0 -2e-06 10.30807 9.200366 10.923699 17.350237 -8.840802 -64.391434 -178.96077 35.002144 -179.37709 -28.731554 -23.207314 30.479805 2.243542 -5.255038 -3.180158 14.282897 -0.826596 6.952506 -2e-06 -12.690607 0.0 16.498131 -17.059793 2.787242 1.665666 -1.955922 -2.878299 4.727803 -4.170588 4.993925 11.020529 2e-06 1e-06 12.109055 -3.735718 -2.866783 0.0 -0.0 0.0 1.291985 -1.92855 -1.498089 14.800136 0.567468 3.86561 14.242579 -1.341735 -6.660657 19.631975 0.143925 -0.648243 50.691219 -0.603133 -6.565657 0.353029 -1.51115 -0.03194 20.222803 3.68431 2.316633 18.787287 3e-06 -1e-06 10.751635 -0.47987 1.397909 -0.0 0.0 -0.0 3.273808 0.305947 -0.58011 21.486828 11.830379 2.266136 8.16293 1e-06 -0.0 18.399092 -3.798987 -4.940577 3e-06 -1e-06 -2e-06 -6.468715 25.949244 -96.442238 -5.728192 -0.363133 114.268166 -14.145769 5.823997 37.346859 3.426994 -2.258955 -2.424422 -0.0 2e-06 3e-06 111.950653 78.950562 121.682884 -159.92099 -68.487244 175.567596 2.002279 -36.359821 -17.901426 -1.602983 0.497738 -34.423588 -1e-06 -1e-06 -1e-06 
0.0 0.0 0.0 0.0 -0.0 0.0 240.037613 19.937193 77.31797 37.095768 3.0244 92.357994 -7.562963 -3.065991 0.563486 -2.907269 -4.815748 -3.192226 -11.353788 -7.548914 7.918063 -1.656775 2.238214 -41.069157 -4.607326 -4.305896 -1.961024 -7.924907 -7.539973 31.238775 7.8e-05 -2.3e-05 6e-06 0.025279 -0.072662 -0.252363 1.340201 -3.918456 -11.419188 -1.297856 3.761319 -11.113088 -0.390568 -25.053518 9.673157 -38.302208 -30.326571 -7.895899 175.398132 -38.324062 -176.06868 20.939001 -7.223306 24.24539 -5.882108 9.861286 0.70259 -10.936877 -0.360576 7.156209 2e-06 8.774826 -2e-06 -16.17347 17.795065 5.674563 -1.844033 2.498505 -2.507279 -10.163604 4.678945 4.621111 -20.976034 -5e-06 5e-06 -21.226295 2.451696 -3.593999 0.0 -7e-06 -1e-06 -1.362682 2.240798 -0.746324 -21.334925 0.584907 3.008325 -13.82122 -4e-06 3e-06 -23.887182 -0.249081 -0.83948 -62.059891 2.961197 -0.348795 -0.294025 1.679687 0.833257 -14.218215 0.093213 1.300581 -34.212067 -0.287565 0.967174 -20.033222 0.964536 1.212847 -1e-06 -2e-06 -1e-06 -3.44039 0.788233 0.501656 -15.928192 -3.167312 2.999708 -6.338829 -2e-06 1e-06 -18.123453 3.648183 -4.905672 -5e-06 -0.0 -2e-06 9.357277 11.714642 10.505146 16.028517 -6.06981 -62.912941 -179.198273 34.258297 -179.33075 -26.586969 -22.973829 32.621674 2.243542 -5.255036 -3.180159 14.282898 -0.826593 6.952505 -3e-06 -12.690609 -1e-06 16.203636 -17.124561 2.829216 1.665667 -1.955923 -2.878299 4.727801 -4.170588 4.993925 11.020531 4e-06 -1e-06 12.109056 -3.735716 -2.866784 0.0 -1e-06 -0.0 1.291986 -1.92855 -1.498089 14.800138 0.567471 3.86561 14.242581 -1.341734 -6.66066 19.631977 0.143927 -0.648243 50.345131 -0.67176 -6.636192 0.353029 -1.51115 -0.031941 20.222801 3.684313 2.316632 18.787283 5e-06 2e-06 10.751634 -0.479869 1.397907 -1e-06 1e-06 -1e-06 3.273808 0.305947 -0.58011 21.486824 11.830383 2.266137 8.16293 2e-06 0.0 18.399094 -3.798985 -4.940577 3e-06 1e-06 -1e-06 -7.748076 27.834959 -94.071198 -6.656302 -0.807716 112.419785 -17.16115 2.772633 38.404831 3.49845 -2.396898 -2.549347 -1e-06 0.0 3e-06 142.259216 68.114082 154.022888 -168.924637 -50.296391 -173.807999 5.30313 -28.105894 -12.699628 -1.576938 0.485932 -34.335491 -0.0 0.0 -2e-06 
0.0 0.0 0.0 0.0 -0.0 0.0 244.272156 21.301628 78.495888 34.398563 2.91052 91.592369 -7.012367 -2.736617 -0.260405 -2.433803 -4.634681 -3.400115 -8.793409 -7.004827 6.865651 -0.891653 2.939147 -42.663208 -4.594599 -4.174273 -1.961961 -9.32973 -6.862701 31.426575 7.8e-05 -2.2e-05 6e-06 -0.053434 -0.045275 -0.263415 1.253905 -3.90567 -11.390128 -1.368199 3.803894 -11.097633 4.24426 -24.276293 7.826641 -32.55682 -20.76553 -17.729082 172.835876 -41.32584 -174.275772 24.196285 -6.864503 14.355314 -5.882105 9.861283 0.70259 -10.936873 -0.360578 7.156205 3e-06 8.774824 -3e-06 -15.195286 18.158962 6.668428 -1.844032 2.498504 -2.507277 -10.163601 4.678942 4.621109 -20.976027 -6e-06 5e-06 -21.226288 2.451695 -3.593995 -0.0 -5e-06 -1e-06 -1.362681 2.240797 -0.746323 -21.334917 0.584906 3.008323 -13.821217 -5e-06 3e-06 -23.887175 -0.249081 -0.839479 -61.504448 2.756901 -0.284808 -0.294024 1.679687 0.833253 -14.218208 0.093212 1.300581 -34.212051 -0.287569 0.967175 -20.033213 0.964535 1.212847 -0.0 -2e-06 -0.0 -3.440389 0.788233 0.501656 -15.928189 -3.167312 2.999707 -6.338827 -2e-06 -1e-06 -18.123449 3.648179 -4.905669 -4e-06 0.0 -3e-06 8.287953 13.472754 9.953139 14.836978 -0.771892 -59.612377 -179.81604 34.179516 -179.766815 -24.569269 -22.354462 34.039879 2.243542 -5.255036 -3.18016 14.282896 -0.826595 6.952506 -3e-06 -12.690606 1e-06 15.777517 -17.116091 2.953095 1.665667 -1.955921 -2.878299 4.727799 -4.170589 4.993926 11.02053 5e-06 -1e-06 12.109056 -3.735715 -2.866784 1e-06 -1e-06 -0.0 1.291986 -1.92855 -1.498088 14.800132 0.567469 3.865608 14.242577 -1.341735 -6.660661 19.631973 0.14393 -0.648243 49.944008 -0.691912 -6.599036 0.353028 -1.511153 -0.031939 20.222797 3.684314 2.316632 18.787279 6e-06 -1e-06 10.751633 -0.479868 1.397906 -1e-06 1e-06 -1e-06 3.273808 0.305947 -0.580111 21.48682 11.830379 2.266134 8.16293 2e-06 -1e-06 18.399084 -3.798984 -4.940573 4e-06 1e-06 -1e-06 -8.351287 30.381512 -90.696609 -7.533319 -1.612447 108.972961 -19.83744 0.111025 37.493805 3.438777 -2.406983 -3.179427 -0.0 -1e-06 2e-06 152.241608 48.40839 165.429276 -172.292877 -24.85511 -168.839661 8.942799 -18.797417 -5.483681 -1.520079 0.510811 -31.282064 1e-06 0.0 -1e-06 
0.0 0.0 0.0 0.0 -0.0 0.0 248.642227 22.456688 79.930557 30.481758 2.450242 90.753265 -6.516461 -2.21249 -1.152933 -1.962091 -4.389202 -3.701776 -6.098351 -6.316381 5.765163 0.141793 3.753766 -43.691238 -4.307139 -3.904714 -2.062962 -10.942397 -5.519402 31.630709 7.7e-05 -2.3e-05 6e-06 -0.050334 -0.036129 -0.259625 1.250657 -3.893185 -11.310639 -1.35747 3.810269 -11.022642 8.794873 -23.32349 6.559734 -29.092873 -9.767612 -22.880455 170.953659 -46.231518 -172.26445 28.183178 -6.382257 5.210687 -5.882112 9.861293 0.702589 -10.936878 -0.360576 7.156211 -1e-06 8.774831 -2e-06 -14.491548 18.561762 7.549062 -1.844033 2.498507 -2.50728 -10.163608 4.678948 4.621109 -20.97604 0.0 1e-06 -21.226303 2.4517 -3.594005 1e-06 -5e-06 -1e-06 -1.362682 2.2408 -0.746325 -21.33493 0.58491 3.008323 -13.821223 -1e-06 1e-06 -23.88719 -0.249077 -0.839486 -61.044365 2.493574 -0.321859 -0.294025 1.679688 0.833256 -14.218221 0.093216 1.300582 -34.212074 -0.287561 0.967169 -20.03323 0.964538 1.212843 0.0 -0.0 0.0 -3.44039 0.788234 0.501657 -15.928201 -3.167312 2.999707 -6.338829 -1e-06 -1e-06 -18.123461 3.648183 -4.905677 -6e-06 2e-06 -2e-06 7.101772 14.061055 9.274024 14.354716 7.0975 -55.125839 178.893341 34.873966 179.262436 -22.291172 -21.983751 34.440338 2.243541 -5.255038 -3.180159 14.282898 -0.826594 6.952505 -3e-06 -12.690607 -0.0 15.439124 -16.996256 3.070616 1.665667 -1.955922 -2.878301 4.727801 -4.170586 4.993925 11.020534 6e-06 -2e-06 12.109055 -3.735713 -2.866785 0.0 -1e-06 -0.0 1.291986 -1.92855 -1.49809 14.800138 0.567471 3.865608 14.242582 -1.341733 -6.66066 19.631983 0.14393 -0.648244 49.442799 -0.656567 -6.465179 0.35303 -1.51115 -0.031941 20.222801 3.684316 2.316631 18.787283 7e-06 -1e-06 10.751633 -0.479866 1.397907 -0.0 1e-06 -1e-06 3.273809 0.305949 -0.580111 21.486828 11.830381 2.266133 8.16293 4e-06 -1e-06 18.399092 -3.798982 -4.940576 3e-06 1e-06 -1e-06 -8.797651 34.005611 -86.480499 -8.162342 -2.511029 104.886536 -20.265427 -0.054422 33.866661 3.205914 -2.328769 -4.035407 -0.0 -1e-06 2e-06 156.134811 18.46664 169.461578 -173.499893 10.400118 -166.806259 12.748224 -9.576657 3.273612 -1.485626 0.579808 -25.267 1e-06 0.0 -1e-06 
0.0 0.0 0.0 0.0 -0.0 0.0 253.046173 23.317236 81.666542 25.339254 1.676873 90.063263 -5.927996 -1.618513 -2.048987 -1.444881 -4.110967 -4.128471 -3.210162 -5.438618 4.689456 1.339556 4.485213 -43.909901 -3.63776 -3.333712 -2.248128 -12.687811 -3.457778 31.395611 7.7e-05 -2.2e-05 5e-06 0.003661 -0.041097 -0.247336 1.298472 -3.87635 -11.166847 -1.295839 3.78572 -10.891666 13.076641 -21.658064 6.039031 -27.819265 1.550977 -23.198565 170.539322 -51.49398 -170.988739 31.961823 -6.19012 -3.198769 -5.882113 9.861295 0.702588 -10.93688 -0.360575 7.156212 -0.0 8.774831 -3e-06 -14.028771 19.000597 8.170442 -1.844034 2.498507 -2.507282 -10.163607 4.678948 4.621112 -20.976038 -3e-06 -1e-06 -21.226307 2.451697 -3.594008 -0.0 -6e-06 -1e-06 -1.362682 2.240801 -0.746325 -21.33493 0.584909 3.008322 -13.821227 -2e-06 0.0 -23.887192 -0.249083 -0.839487 -60.795406 2.244648 -0.41061 -0.294024 1.679689 0.833257 -14.218221 0.093215 1.30058 -34.212078 -0.287567 0.967167 -20.033232 0.964534 1.212844 -0.0 2e-06 -0.0 -3.440389 0.788233 0.501655 -15.928196 -3.167313 2.999709 -6.33883 0.0 0.0 -18.123457 3.648183 -4.905679 -4e-06 1e-06 -2e-06 5.78173 13.513224 8.397036 15.33652 16.739754 -49.565182 177.229675 36.054409 178.093399 -19.664795 -21.976788 34.134327 2.243541 -5.255037 -3.180158 14.282892 -0.826593 6.952501 -3e-06 -12.690607 2e-06 15.374582 -16.807623 3.100841 1.665666 -1.955921 -2.8783 4.727798 -4.170588 4.993923 11.020528 3e-06 -2e-06 12.109055 -3.735713 -2.866786 -0.0 -0.0 -1e-06 1.291986 -1.928551 -1.498088 14.800129 0.567467 3.865606 14.242575 -1.341736 -6.660659 19.631969 0.143928 -0.648246 48.940796 -0.557767 -6.260689 0.353028 -1.511151 -0.031939 20.222795 3.684311 2.316626 18.787279 6e-06 -4e-06 10.751631 -0.479866 1.397905 0.0 1e-06 0.0 3.273807 0.305947 -0.580111 21.486814 11.830378 2.26613 8.16293 3e-06 -3e-06 18.399084 -3.798983 -4.940577 4e-06 0.0 -1e-06 -9.386554 38.85693 -81.381248 -8.481008 -3.579869 100.923271 -18.44808 2.462518 28.212534 2.939013 -2.23383 -4.051375 1e-06 0.0 0.0 157.698853 -16.631872 170.080582 -174.397308 50.981247 -167.842529 16.581093 -1.652396 12.663148 -1.501113 0.6618 -18.571123 0.0 0.0 -1e-06 
0.0 0.0 0.0 0.0 -0.0 0.0 257.43808 23.791903 83.547958 19.44721 0.674218 89.762314 -5.127252 -1.087187 -2.899435 -0.903713 -3.813353 -4.637239 -0.193537 -4.523819 3.862818 2.567884 4.902263 -43.001049 -2.761945 -2.442348 -2.449187 -14.261259 -1.031869 30.375965 7.7e-05 -2.3e-05 6e-06 0.077378 -0.049061 -0.227778 1.358519 -3.8365 -10.963841 -1.204888 3.733567 -10.714898 16.986517 -19.132315 6.176595 -28.665754 11.675713 -20.412867 172.370056 -56.00721 -172.030823 34.529644 -7.071335 -10.256118 -5.882107 9.861283 0.702591 -10.936871 -0.360576 7.156209 2e-06 8.774822 -1e-06 -13.792911 19.189047 8.283374 -1.844033 2.498503 -2.507277 -10.163601 4.678942 4.621109 -20.976021 -2e-06 7e-06 -21.226286 2.451697 -3.593997 0.0 -6e-06 -0.0 -1.36268 2.240797 -0.746324 -21.334913 0.584908 3.008327 -13.821213 -3e-06 5e-06 -23.887169 -0.249077 -0.839479 -60.623825 2.00415 -0.462593 -0.294024 1.679687 0.833257 -14.21821 0.093213 1.300582 -34.212051 -0.287561 0.967178 -20.033215 0.964536 1.212848 0.0 2e-06 0.0 -3.440389 0.788233 0.501656 -15.928189 -3.16731 2.999711 -6.338827 -2e-06 2e-06 -18.123444 3.648183 -4.905667 -4e-06 3e-06 -2e-06 4.375087 12.170086 7.412401 18.253756 26.599667 -43.105946 175.824127 37.183697 176.993698 -17.001825 -21.819458 33.263313 2.243541 -5.255038 -3.180159 14.282896 -0.826593 6.952503 -3e-06 -12.690608 -4e-06 15.481251 -16.595722 3.067191 1.665667 -1.955922 -2.878297 4.727801 -4.170588 4.993925 11.020528 3e-06 -0.0 12.109052 -3.735715 -2.866786 1e-06 -1e-06 -0.0 1.291985 -1.928551 -1.498089 14.800134 0.567471 3.865608 14.242579 -1.341737 -6.660658 19.631973 0.143928 -0.648244 48.690128 -0.406903 -6.026827 0.353028 -1.511151 -0.031941 20.222801 3.684315 2.316629 18.787281 7e-06 -2e-06 10.751633 -0.479867 1.397908 0.0 -1e-06 0.0 3.273807 0.305948 -0.580112 21.48682 11.83038 2.266135 8.16293 3e-06 0.0 18.399088 -3.798983 -4.940577 3e-06 -0.0 -1e-06 -10.825944 44.718693 -75.842224 -8.649375 -5.057856 96.3974 -16.196056 5.983304 22.454571 2.694717 -2.176942 -3.488789 -0.0 0.0 3e-06 157.116791 -45.020519 170.076172 172.039627 84.377052 177.672653 19.682892 2.95066 20.200821 -1.600271 0.738542 -12.944548 0.0 0.0 -1e-06 
0.0 0.0 0.0 0.0 -0.0 0.0 261.810913 23.867804 85.423294 13.178259 -0.389712 89.784073 -4.021497 -0.696617 -3.659448 -0.372289 -3.441907 -5.131843 2.992183 -3.719309 3.548074 3.532043 4.976786 -40.905338 -1.942045 -1.430843 -2.681733 -15.605936 1.472122 28.493122 7.7e-05 -2.3e-05 5e-06 0.157166 -0.05182 -0.205347 1.416834 -3.789287 -10.787332 -1.098662 3.68466 -10.585373 20.28672 -16.211258 6.843064 -31.417946 19.65781 -16.947508 176.123657 -59.796715 -175.378128 36.113689 -9.175337 -15.36272 -5.88211 9.861287 0.70259 -10.936877 -0.360575 7.156209 -0.0 8.774826 -3e-06 -13.573404 19.022379 8.039933 -1.844035 2.498505 -2.507279 -10.163607 4.678945 4.62111 -20.976034 0.0 3e-06 -21.226301 2.4517 -3.594002 -0.0 -7e-06 -0.0 -1.362679 2.240799 -0.746323 -21.334923 0.584911 3.008327 -13.82122 -3e-06 3e-06 -23.887178 -0.249075 -0.839482 -60.227406 1.865853 -0.463375 -0.294026 1.679688 0.833255 -14.218217 0.093216 1.300583 -34.212067 -0.287561 0.967173 -20.033226 0.964538 1.212844 0.0 1e-06 0.0 -3.44039 0.788233 0.501657 -15.928198 -3.167309 2.999711 -6.338831 1e-06 2e-06 -18.123459 3.648187 -4.905673 -4e-06 1e-06 -2e-06 2.98127 10.647811 6.568749 22.725801 35.405678 -35.901558 175.159775 38.176121 176.174179 -14.507038 -20.961252 31.256247 2.243544 -5.255039 -3.180159 14.282898 -0.826591 6.952506 -2e-06 -12.690607 -4e-06 15.697294 -16.380499 3.0084 1.665665 -1.955922 -2.8783 4.727801 -4.170587 4.993924 11.020534 6e-06 -0.0 12.109056 -3.735713 -2.866784 1e-06 0.0 -0.0 1.291985 -1.92855 -1.49809 14.800138 0.567471 3.865611 14.242578 -1.341737 -6.66066 19.631981 0.143927 -0.648242 48.855522 -0.261833 -5.834987 0.35303 -1.511152 -0.031939 20.222801 3.684316 2.316635 18.787285 8e-06 1e-06 10.751634 -0.479867 1.397908 0.0 -0.0 0.0 3.273809 0.305947 -0.58011 21.48683 11.830384 2.266142 8.16293 4e-06 -0.0 18.399092 -3.798982 -4.940576 3e-06 2e-06 -2e-06 -13.268601 51.391148 -70.15139 -8.813528 -7.005513 90.246094 -14.478671 8.886906 17.490217 2.503421 -2.12059 -3.059942 -0.0 1e-06 1e-06 152.989822 -65.669846 172.242722 12.799449 70.67482 19.338799 21.350529 3.932784 23.526411 -1.767172 0.781046 -8.502662 0.0 -0.0 -1e-06 
0.0 0.0 0.0 0.0 -0.0 0.0 266.297302 23.41572 87.345085 7.109345 -1.355425 89.980103 -2.616744 -0.469564 -4.210649 0.235754 -3.009618 -5.530178 6.067804 -3.258496 3.736635 4.126043 4.843335 -38.046223 -1.350677 -0.437403 -2.908802 -16.915192 3.690475 25.98831 7.7e-05 -2.2e-05 6e-06 0.212364 -0.040421 -0.192256 1.438943 -3.742451 -10.655114 -1.008983 3.667331 -10.531197 22.340254 -13.669659 7.839722 -35.967922 24.845036 -15.014839 178.812576 -63.031273 -177.914871 38.047966 -11.130663 -18.399054 -5.882109 9.861289 0.702591 -10.936878 -0.360575 7.156212 -0.0 8.774828 -2e-06 -13.356006 18.756613 7.837088 -1.844033 2.498506 -2.507278 -10.163603 4.678946 4.621114 -20.97603 -1e-06 5e-06 -21.226292 2.451699 -3.593998 1e-06 -7e-06 -0.0 -1.362683 2.240798 -0.746325 -21.334921 0.58491 3.008328 -13.82122 -2e-06 4e-06 -23.88718 -0.249076 -0.839481 -59.753632 1.988382 -0.418786 -0.294024 1.679687 0.833256 -14.218215 0.093215 1.300583 -34.212063 -0.287562 0.967176 -20.033222 0.964539 1.212846 -1e-06 1e-06 -0.0 -3.440389 0.788233 0.501655 -15.928194 -3.167308 2.999712 -6.338829 -0.0 3e-06 -18.123453 3.648184 -4.90567 -4e-06 0.0 -2e-06 1.634778 9.41907 6.048696 27.776258 42.222351 -28.765833 175.250412 39.333576 175.844528 -12.287658 -19.251156 28.688297 2.243541 -5.255039 -3.18016 14.282903 -0.82659 6.952509 -5e-06 -12.690612 -2e-06 16.262505 -16.352039 2.846216 1.665666 -1.955922 -2.878301 4.727801 -4.170588 4.993925 11.020531 6e-06 3e-06 12.109058 -3.735716 -2.866782 -0.0 -0.0 -1e-06 1.291984 -1.92855 -1.498089 14.80014 0.567474 3.865611 14.24258 -1.341734 -6.660659 19.631983 0.143928 -0.64824 49.425755 -0.161144 -5.817891 0.353028 -1.511151 -0.031941 20.222807 3.684317 2.316635 18.787287 8e-06 4e-06 10.751637 -0.479869 1.39791 1e-06 1e-06 0.0 3.27381 0.305947 -0.580109 21.486832 11.830384 2.26614 8.162935 5e-06 1e-06 18.399092 -3.798983 -4.940573 3e-06 1e-06 -1e-06 -16.776083 58.535419 -64.871376 -9.227681 -9.668072 81.880638 -13.927947 9.559914 13.884008 2.359348 -2.074362 -3.07518 -0.0 0.0 2e-06 137.570312 -80.06366 -175.378311 10.91046 53.114021 20.84145 21.878855 2.274051 22.205811 -1.91535 0.755647 -5.744946 0.0 0.0 -1e-06 
0.0 0.0 0.0 0.0 -0.0 0.0 270.794586 22.268677 89.32 1.25604 -2.080917 90.333466 -0.903476 -0.271227 -4.583179 0.868196 -2.55156 -5.802471 8.911215 -3.178341 4.234975 4.36337 4.570168 -34.799477 -1.082397 0.559773 -3.057403 -18.007488 5.114148 23.098894 7.7e-05 -2.2e-05 6e-06 0.195948 -0.002201 -0.198815 1.397449 -3.678685 -10.548222 -1.002462 3.688966 -10.522403 23.322584 -11.640182 8.825303 -42.340553 27.626993 -15.633236 178.533218 -65.882584 -177.962219 41.563751 -12.71709 -20.289015 -5.882104 9.861288 0.702591 -10.936874 -0.360576 7.156211 0.0 8.774829 -1e-06 -13.184859 18.440937 7.592956 -1.844034 2.498505 -2.507279 -10.163602 4.678945 4.621112 -20.976023 -5e-06 6e-06 -21.226288 2.451695 -3.593998 -0.0 -6e-06 -0.0 -1.362682 2.240798 -0.746323 -21.334913 0.584907 3.008329 -13.821213 -4e-06 5e-06 -23.887171 -0.249079 -0.839478 -58.901939 2.302521 -0.424586 -0.294025 1.679688 0.833257 -14.21821 0.093212 1.300584 -34.212051 -0.287564 0.967179 -20.033213 0.96454 1.212848 -0.0 1e-06 1e-06 -3.440388 0.788232 0.501657 -15.928189 -3.167311 2.999711 -6.338827 -1e-06 2e-06 -18.123444 3.648183 -4.905669 -4e-06 -0.0 -2e-06 0.026894 8.382712 5.787775 33.094601 47.105747 -21.882067 176.149536 40.952278 176.154388 -10.512234 -16.512686 25.769535 2.243541 -5.255035 -3.180157 14.28289 -0.826593 6.952503 -4e-06 -12.690603 0.0 16.906523 -16.616072 2.721378 1.665665 -1.955921 -2.878298 4.727798 -4.170586 4.993924 11.020525 5e-06 0.0 12.10905 -3.735714 -2.866781 -1e-06 1e-06 -1e-06 1.291985 -1.928548 -1.498088 14.800125 0.567469 3.865606 14.242574 -1.341733 -6.660655 19.631968 0.143929 -0.648242 50.178288 -0.126881 -5.883101 0.353029 -1.51115 -0.03194 20.222788 3.68431 2.316631 18.78727 4e-06 1e-06 10.751625 -0.479869 1.397907 -1e-06 1e-06 1e-06 3.273807 0.305948 -0.58011 21.486813 11.830374 2.266132 8.162926 2e-06 -1e-06 18.399078 -3.798985 -4.940573 3e-06 1e-06 -1e-06 -22.132221 66.252968 -61.187534 -9.758463 -13.880341 71.192162 -14.725483 7.653725 11.767186 2.312213 -1.99012 -3.542594 -0.0 -0.0 4e-06 46.855705 -85.452316 -88.514923 10.852341 40.460049 26.0135 22.827511 0.281001 18.397715 -1.9328 0.667534 -4.453783 0.0 -1e-06 -1e-06 
0.0 0.0 0.0 0.0 -0.0 0.0 275.138062 20.45899 91.280731 -4.463667 -2.54088 90.963921 0.945055 0.028663 -4.922717 1.411931 -2.2034 -5.941263 11.391942 -3.373133 4.959017 4.425192 4.089733 -31.458599 -1.176534 1.447084 -3.074312 -18.486675 5.433157 20.011496 7.7e-05 -2.2e-05 6e-06 0.116719 0.064758 -0.21027 1.297685 -3.597171 -10.459164 -1.062847 3.749248 -10.52278 23.401493 -10.102942 9.758204 -50.043434 28.974796 -18.973436 175.962784 -67.488632 -176.221832 46.189011 -14.696708 -21.438065 -5.88211 9.861288 0.70259 -10.936876 -0.360576 7.156209 1e-06 8.774828 -2e-06 -13.376734 18.139145 7.015638 -1.844032 2.498506 -2.507279 -10.163604 4.678946 4.62111 -20.976032 -3e-06 2e-06 -21.226295 2.451698 -3.594002 0.0 -7e-06 -0.0 -1.362682 2.240799 -0.746324 -21.334925 0.58491 3.008326 -13.821221 -2e-06 3e-06 -23.887182 -0.249078 -0.839482 -58.044853 2.577284 -0.531197 -0.294026 1.679689 0.833256 -14.218216 0.093215 1.300582 -34.212067 -0.287562 0.967173 -20.033226 0.964538 1.212845 -0.0 -0.0 0.0 -3.440389 0.788233 0.501655 -15.928192 -3.16731 2.999709 -6.338828 -1e-06 1e-06 -18.123457 3.648185 -4.905673 -4e-06 0.0 -2e-06 -1.688827 7.570743 5.885853 38.025398 50.220444 -15.816439 177.485245 42.670948 176.830826 -9.372362 -12.950207 22.26436 2.243541 -5.255037 -3.180158 14.282895 -0.826592 6.952503 -4e-06 -12.690605 -2e-06 17.204969 -16.969507 2.788589 1.665666 -1.955922 -2.878298 4.727798 -4.170586 4.993924 11.020527 4e-06 0.0 12.109055 -3.735716 -2.866783 0.0 0.0 -1e-06 1.291985 -1.928549 -1.49809 14.800131 0.567471 3.865609 14.242574 -1.341734 -6.660657 19.631973 0.143926 -0.648244 50.64856 -0.262005 -5.86039 0.353028 -1.511151 -0.03194 20.222797 3.684313 2.316631 18.787273 7e-06 0.0 10.751632 -0.479869 1.397907 -0.0 1e-06 0.0 3.273806 0.305947 -0.580112 21.486818 11.830376 2.266137 8.162929 3e-06 0.0 18.399084 -3.798982 -4.940574 4e-06 1e-06 -1e-06 -32.843864 74.58963 -62.787273 -9.957354 -20.603184 58.312298 -17.091745 3.3915 11.266147 2.421694 -1.887975 -4.704299 -0.0 -1e-06 2e-06 4.018193 -79.147942 -49.812141 11.221373 31.385239 32.698345 24.572083 -0.306229 14.182507 -1.832889 0.545913 -4.119534 0.0 0.0 -1e-06 
0.0 0.0 0.0 0.0 -0.0 0.0 279.043732 18.321514 93.204239 -9.573344 -2.663195 92.084473 2.74111 0.376473 -5.315779 1.809358 -2.036103 -5.991461 13.103755 -3.63795 5.752544 4.638896 3.353817 -28.358416 -1.622542 1.63617 -2.951803 -18.227201 4.67599 16.977528 7.7e-05 -2.3e-05 7e-06 0.071795 0.138924 -0.214075 1.208144 -3.515348 -10.36807 -1.062703 3.822008 -10.496603 22.562775 -8.956988 10.562325 -57.92947 29.611473 -24.798601 173.738174 -66.614471 -175.029877 49.917934 -17.586519 -20.872278 -5.88211 9.86129 0.702588 -10.936877 -0.360576 7.156209 1e-06 8.77483 -1e-06 -14.007236 17.964466 6.384391 -1.844034 2.498505 -2.507279 -10.163604 4.678947 4.621112 -20.976034 -4e-06 3e-06 -21.226295 2.451697 -3.594001 0.0 -6e-06 -0.0 -1.362682 2.240799 -0.746323 -21.334925 0.584909 3.008325 -13.82122 -3e-06 2e-06 -23.887182 -0.249079 -0.839482 -58.321724 2.737002 -0.698371 -0.294025 1.679687 0.833257 -14.218215 0.093215 1.300581 -34.212067 -0.287565 0.967171 -20.033222 0.964536 1.212845 0.0 0.0 0.0 -3.440392 0.788232 0.501655 -15.928191 -3.167311 2.99971 -6.33883 0.0 1e-06 -18.123453 3.648185 -4.905673 -4e-06 -0.0 -2e-06 -3.067328 7.172518 6.390399 41.078655 51.255253 -11.577743 178.855438 43.483585 177.639252 -8.891471 -9.093314 18.226871 2.243542 -5.255038 -3.180161 14.282894 -0.826595 6.952504 -1e-06 -12.690607 1e-06 17.051291 -17.111095 3.040728 1.665668 -1.955922 -2.878299 4.727798 -4.170588 4.993926 11.020526 2e-06 -3e-06 12.109058 -3.735715 -2.866787 1e-06 1e-06 -1e-06 1.291986 -1.928549 -1.498091 14.800129 0.567468 3.865609 14.242573 -1.341736 -6.660661 19.631969 0.143926 -0.648246 50.555573 -0.596737 -5.648957 0.353029 -1.511151 -0.03194 20.222795 3.684309 2.31663 18.787273 5e-06 -1e-06 10.751629 -0.479868 1.397906 1e-06 -0.0 1e-06 3.273806 0.305947 -0.580111 21.486816 11.830377 2.266135 8.16293 2e-06 -0.0 18.399084 -3.798985 -4.940577 4e-06 1e-06 -1e-06 -71.587524 82.109985 -92.822189 -9.698466 -30.896442 44.17672 -21.397524 -2.882086 12.210303 2.580697 -1.81545 -7.124614 -0.0 -0.0 1e-06 -2.091533 -73.68483 -47.31686 11.572517 25.017847 39.806976 26.358913 0.39302 10.262197 -1.76438 0.447265 -4.323257 -0.0 -1e-06 -1e-06 
0.0 0.0 0.0 0.0 -0.0 0.0 282.544373 16.188694 95.143776 -13.850402 -2.152281 93.862022 4.460699 0.759353 -5.766217 2.115894 -1.935278 -6.046598 14.081429 -3.734959 6.304679 4.790736 2.580996 -25.379484 -2.288991 0.457367 -2.726888 -17.090586 2.588257 13.772552 7.7e-05 -2.3e-05 6e-06 0.064594 0.238445 -0.211238 1.080136 -3.372058 -10.188725 -0.948959 3.8842 -10.355495 20.934107 -7.915367 11.068701 -65.556488 29.669834 -33.154652 173.839935 -63.257374 -175.729736 51.5121 -20.610352 -18.248974 -5.882113 9.861292 0.702588 -10.936883 -0.360575 7.15621 -1e-06 8.774831 -3e-06 -14.451803 17.874336 6.117014 -1.844034 2.498507 -2.50728 -10.163608 4.678946 4.62111 -20.976044 -4e-06 1e-06 -21.226305 2.451696 -3.594005 0.0 -6e-06 -1e-06 -1.362682 2.240799 -0.746324 -21.334934 0.584909 3.008325 -13.821227 -3e-06 1e-06 -23.887192 -0.249078 -0.839484 -59.31852 2.904864 -0.752812 -0.294025 1.679688 0.833256 -14.218224 0.093215 1.30058 -34.212082 -0.287566 0.967168 -20.033232 0.964535 1.212844 -0.0 0.0 0.0 -3.440391 0.788233 0.501655 -15.928201 -3.167312 2.99971 -6.338831 -1e-06 0.0 -18.123463 3.648184 -4.905675 -3e-06 -0.0 -2e-06 -3.821147 7.128512 7.267254 41.229919 49.806053 -9.715712 179.895615 42.750298 178.478928 -9.072426 -4.490965 12.91724 2.243543 -5.255039 -3.180159 14.282891 -0.826595 6.952507 1e-06 -12.690607 -4e-06 16.821409 -16.841679 3.285971 1.665667 -1.955923 -2.8783 4.7278 -4.170588 4.993925 11.020526 2e-06 -1e-06 12.109054 -3.735718 -2.866787 2e-06 -0.0 -0.0 1.291985 -1.928551 -1.498089 14.800129 0.567469 3.865609 14.242576 -1.341738 -6.660661 19.631973 0.143926 -0.648245 50.18235 -0.863629 -5.348089 0.35303 -1.511151 -0.031941 20.222792 3.684309 2.316633 18.787273 3e-06 -1e-06 10.751629 -0.479869 1.397907 -0.0 2e-06 -0.0 3.273807 0.305947 -0.580112 21.486818 11.830378 2.266139 8.16293 1e-06 0.0 18.399084 -3.798988 -4.940577 3e-06 1e-06 -1e-06 -151.655365 76.345055 -165.242325 -9.575216 -47.333073 29.971804 -27.741234 -11.075537 14.192045 2.635715 -1.632732 -10.990376 -0.0 -0.0 3e-06 -1.279926 -69.744316 -50.683327 11.78431 20.40448 47.358009 27.568148 1.550544 6.225943 -1.771599 0.362094 -4.695362 -0.0 -0.0 -1e-06 
0.0 0.0 0.0 0.0 -0.0 0.0 285.50647 14.26329 97.003426 -16.986061 -0.86446 96.12307 5.963079 1.026787 -5.983531 2.577543 -1.814628 -6.119871 14.391294 -3.466147 6.346622 4.531892 2.392901 -22.418791 -3.063039 -2.513597 -2.510649 -14.63463 -1.567106 10.698543 7.7e-05 -2.2e-05 6e-06 -0.008234 0.360647 -0.220285 0.833202 -3.136132 -9.876271 -0.850168 3.894984 -10.043077 18.941916 -6.214938 10.88203 -71.873039 29.338852 -43.406517 176.878128 -58.248112 -178.669327 50.985241 -21.842447 -15.122174 -5.88211 9.861286 0.702591 -10.936874 -0.360575 7.156209 1e-06 8.774826 -2e-06 -14.090108 17.705763 6.264056 -1.844034 2.498504 -2.507278 -10.163604 4.678945 4.621109 -20.976036 -1e-06 5e-06 -21.226295 2.451702 -3.593999 1e-06 -6e-06 -1e-06 -1.362681 2.240799 -0.746322 -21.334925 0.584911 3.008326 -13.821219 -2e-06 4e-06 -23.88718 -0.249078 -0.839481 -59.827049 3.036644 -0.80259 -0.294025 1.679688 0.833256 -14.218215 0.093216 1.300584 -34.212067 -0.28756 0.967174 -20.033226 0.964539 1.212844 -1e-06 1e-06 -0.0 -3.44039 0.788233 0.501655 -15.928192 -3.167308 2.99971 -6.338828 -2e-06 2e-06 -18.123457 3.648185 -4.905671 -4e-06 -0.0 -2e-06 -3.845435 7.036586 8.481381 39.05872 45.658417 -10.090368 -179.822113 40.628098 179.445419 -9.758404 1.102459 6.452796 2.243543 -5.25504 -3.180159 14.2829 -0.826593 6.952506 -3e-06 -12.690609 -2e-06 16.715492 -16.589081 3.401484 1.665667 -1.955922 -2.878301 4.727803 -4.170588 4.993924 11.020534 3e-06 -2e-06 12.109058 -3.735717 -2.866786 2e-06 0.0 -0.0 1.291987 -1.92855 -1.49809 14.80014 0.567469 3.865611 14.24258 -1.341738 -6.66066 19.631983 0.143926 -0.648243 50.164471 -0.976777 -5.277672 0.353029 -1.511151 -0.031942 20.222807 3.684313 2.316633 18.787287 6e-06 -0.0 10.751635 -0.479868 1.397907 -0.0 1e-06 0.0 3.273809 0.305947 -0.58011 21.486828 11.83038 2.266136 8.162935 3e-06 -1e-06 18.399096 -3.798984 -4.940578 2e-06 1e-06 -1e-06 -170.149185 55.411705 -178.736664 -14.890374 -73.258339 22.168783 -35.908268 -20.546715 17.586483 2.539752 -1.354825 -14.727561 0.0 0.0 2e-06 2.739974 -66.742538 -56.014317 11.546702 16.74593 55.990463 28.443941 3.571785 1.831271 -1.816056 0.277901 -4.991322 -0.0 -0.0 -1e-06 
0.0 0.0 0.0 0.0 -0.0 0.0 288.310669 13.341724 98.662956 -19.03965 0.30167 97.543793 7.045526 0.942944 -5.577946 2.753832 -1.573666 -6.072982 13.966138 -2.750029 6.642268 4.601 2.657919 -19.008444 -3.854601 -5.728412 -2.380835 -11.280556 -6.066518 8.664948 7.7e-05 -2.3e-05 6e-06 -0.2072 0.464497 -0.220214 0.496938 -2.937846 -9.793529 -0.909319 3.89848 -9.891152 16.986572 -3.971858 10.428601 -75.531853 28.535826 -51.544476 178.028381 -52.774822 179.721069 48.74086 -20.894156 -13.722569 -5.882109 9.861292 0.702589 -10.936877 -0.360576 7.156206 -0.0 8.774831 -1e-06 -13.61305 17.382322 6.396758 -1.844033 2.498507 -2.507278 -10.163604 4.678947 4.621109 -20.97603 -4e-06 1e-06 -21.226297 2.451697 -3.594004 1e-06 -7e-06 0.0 -1.362682 2.2408 -0.746324 -21.334923 0.584908 3.008323 -13.821219 -4e-06 2e-06 -23.887178 -0.249079 -0.839484 -59.526077 2.93036 -0.868519 -0.294025 1.679688 0.833256 -14.218215 0.093215 1.300581 -34.212063 -0.287564 0.96717 -20.033222 0.964535 1.212844 -0.0 1e-06 0.0 -3.44039 0.788234 0.501656 -15.928192 -3.167312 2.999709 -6.338829 -1e-06 1e-06 -18.123459 3.648186 -4.905676 -6e-06 -1e-06 -2e-06 -3.923019 7.430305 9.565606 37.335312 39.324371 -12.38018 179.596939 38.418789 -179.866379 -10.890514 5.878927 1.978873 2.243543 -5.255038 -3.180159 14.282904 -0.826594 6.952507 -4e-06 -12.690609 0.0 16.735426 -16.779314 3.265882 1.665667 -1.955922 -2.878299 4.727803 -4.170589 4.993927 11.020536 4e-06 -0.0 12.109062 -3.735717 -2.866784 1e-06 0.0 0.0 1.291987 -1.92855 -1.49809 14.800139 0.567469 3.865608 14.242584 -1.341734 -6.660661 19.631985 0.143926 -0.648243 50.477131 -0.86452 -5.475101 0.353029 -1.511151 -0.03194 20.222815 3.684312 2.316633 18.787289 5e-06 0.0 10.75164 -0.479868 1.397907 0.0 -0.0 -0.0 3.27381 0.305947 -0.580111 21.486834 11.830382 2.266134 8.162935 2e-06 -0.0 18.399099 -3.798985 -4.940577 3e-06 0.0 -1e-06 -173.418716 30.439077 179.186966 -169.565247 -73.916306 168.399246 -41.392303 -25.871412 20.425432 2.267434 -1.136996 -17.298874 -0.0 0.0 2e-06 6.193391 -64.098518 -59.831268 10.784407 13.957649 64.803658 28.826521 6.532349 -2.168683 -1.798271 0.376142 -5.585695 -0.0 -0.0 -1e-06 
0.0 0.0 0.0 0.0 -0.0 0.0 290.672211 13.198691 100.046227 -20.720774 0.950306 97.885429 7.646611 0.776949 -4.703481 2.731872 -1.252314 -5.871674 13.014299 -1.892144 7.103213 5.421704 2.741217 -15.576011 -4.446241 -7.397589 -2.350918 -7.641518 -9.051485 7.312823 7.7e-05 -2.3e-05 6e-06 -0.409997 0.465208 -0.208093 0.247136 -2.926268 -10.004828 -1.060584 3.884261 -10.008967 15.559888 -2.10935 10.217003 -77.392067 27.539343 -56.254169 176.500351 -47.672806 -179.927444 45.675179 -18.892525 -12.718401 -5.882107 9.861284 0.70259 -10.936874 -0.360575 7.156206 1e-06 8.774826 -3e-06 -13.609642 17.234737 6.404502 -1.844033 2.498505 -2.507279 -10.163602 4.678944 4.621108 -20.976023 -4e-06 2e-06 -21.226292 2.451695 -3.594 1e-06 -6e-06 -0.0 -1.362681 2.240798 -0.746325 -21.334919 0.584909 3.008323 -13.821215 -4e-06 3e-06 -23.887175 -0.249079 -0.839483 -59.294361 2.771475 -0.845593 -0.294025 1.679687 0.833256 -14.21821 0.093213 1.300581 -34.212063 -0.287564 0.96717 -20.033218 0.964536 1.212844 -0.0 1e-06 0.0 -3.440389 0.788233 0.501653 -15.928189 -3.167309 2.999708 -6.338826 -2e-06 0.0 -18.123451 3.648183 -4.905672 -6e-06 -0.0 -3e-06 -4.672106 8.239527 10.005243 38.052803 33.326775 -13.922819 179.170761 37.262791 -179.448685 -12.315236 8.294604 1.339755 2.243541 -5.255037 -3.180158 14.282892 -0.826594 6.952504 -3e-06 -12.690601 -2e-06 16.883503 -17.257353 2.939167 1.665668 -1.955921 -2.878299 4.727798 -4.170586 4.993924 11.020526 3e-06 -1e-06 12.109053 -3.735714 -2.866784 2e-06 1e-06 1e-06 1.291987 -1.928549 -1.49809 14.800129 0.567469 3.86561 14.242576 -1.341734 -6.660657 19.631968 0.143926 -0.648243 50.775414 -0.758285 -5.905814 0.353028 -1.51115 -0.031941 20.222794 3.68431 2.316631 18.787273 6e-06 -0.0 10.751631 -0.479867 1.397907 0.0 0.0 -0.0 3.273806 0.305947 -0.58011 21.486814 11.830377 2.266135 8.162926 2e-06 -1e-06 18.39908 -3.798984 -4.940575 3e-06 0.0 -1e-06 -173.907043 8.431499 178.893219 -178.654526 -43.669586 173.567764 -41.941181 -26.08112 21.689693 2.057508 -0.981432 -18.179079 0.0 0.0 3e-06 8.915293 -61.711334 -62.42041 10.005411 11.328904 72.931488 27.855314 7.975765 -5.808256 -1.691855 0.503785 -6.386939 0.0 0.0 -1e-06 
0.0 0.0 0.0 0.0 -0.0 0.0 292.393341 13.344174 101.040222 -22.31529 1.390579 97.909782 7.860734 0.649313 -3.726797 2.603421 -0.867383 -5.523125 12.090013 -1.076666 7.509604 6.96061 2.50341 -13.296929 -4.683753 -7.799928 -2.438588 -4.54327 -10.386127 6.163796 7.7e-05 -2.5e-05 6e-06 -0.474365 0.415493 -0.199739 0.192858 -3.006425 -10.260506 -1.131772 3.863606 -10.218595 14.279799 -0.975806 10.308487 -78.543968 26.622087 -59.511086 174.082779 -42.461617 -179.077728 42.637119 -16.628366 -11.365531 -5.882106 9.861289 0.702588 -10.936873 -0.360576 7.156203 0.0 8.774828 -2e-06 -13.827889 17.344992 6.435579 -1.844033 2.498505 -2.507276 -10.163601 4.678945 4.621107 -20.976027 -4e-06 1e-06 -21.226288 2.451697 -3.594002 1e-06 -6e-06 0.0 -1.362681 2.240798 -0.746325 -21.334917 0.584908 3.008319 -13.821216 -4e-06 -1e-06 -23.887173 -0.249081 -0.839484 -59.404022 2.65391 -0.801826 -0.294025 1.679687 0.833255 -14.218208 0.093215 1.300579 -34.212051 -0.287566 0.967167 -20.033215 0.964535 1.212842 -0.0 2e-06 -0.0 -3.440388 0.788234 0.501658 -15.928189 -3.167312 2.999706 -6.338827 -2e-06 1e-06 -18.123447 3.648182 -4.905674 -5e-06 -0.0 -1e-06 -5.200727 9.408395 10.127196 39.217537 28.84515 -15.640632 179.000885 36.253738 -179.181976 -13.840693 9.292621 2.186617 2.243543 -5.255039 -3.180159 14.2829 -0.826594 6.952507 -3e-06 -12.690606 -2e-06 17.02969 -17.801491 2.603003 1.665666 -1.955922 -2.8783 4.727802 -4.170588 4.993924 11.020531 3e-06 -2e-06 12.109058 -3.735715 -2.866786 2e-06 -0.0 1e-06 1.291986 -1.92855 -1.49809 14.800138 0.567471 3.865609 14.242577 -1.341737 -6.660661 19.631975 0.143926 -0.648244 50.930256 -0.722732 -6.456313 0.353029 -1.511151 -0.03194 20.222801 3.684311 2.316633 18.787283 6e-06 -2e-06 10.751634 -0.479867 1.397907 0.0 1e-06 -0.0 3.273808 0.305947 -0.580112 21.486826 11.830379 2.266137 8.16293 3e-06 -1e-06 18.399092 -3.798984 -4.940578 2e-06 0.0 -1e-06 -173.679321 -11.649058 179.402481 179.006836 -15.044108 174.317429 -39.998909 -23.269615 21.748962 1.917474 -0.859394 -17.731411 0.0 1e-06 1e-06 12.619806 -59.517586 -65.666435 9.220152 8.394567 80.480324 26.206879 8.201197 -8.997474 -1.508233 0.594812 -7.08333 -1e-06 -1e-06 -2e-06 
0.0 0.0 0.0 0.0 -0.0 0.0 293.573486 13.537031 101.667618 -23.487965 1.572397 97.706673 7.742142 0.469669 -2.71124 2.429935 -0.437874 -5.12746 11.466913 -0.491717 7.741926 8.704795 2.132958 -11.950982 -4.682305 -7.905153 -2.585006 -2.147026 -11.133746 5.177053 7.6e-05 -2.3e-05 6e-06 -0.466009 0.374137 -0.191667 0.238405 -3.079274 -10.401888 -1.160011 3.850702 -10.34932 12.964219 -0.51363 10.652706 -79.266777 25.542278 -62.261265 172.404846 -37.411964 -178.769012 40.432182 -14.487102 -9.598729 -5.882111 9.86129 0.70259 -10.936881 -0.360576 7.156209 -0.0 8.77483 -4e-06 -14.061232 17.512186 6.512818 -1.844034 2.498505 -2.50728 -10.163608 4.678946 4.621109 -20.976038 -4e-06 4e-06 -21.226301 2.451697 -3.594 1e-06 -7e-06 -0.0 -1.362682 2.240799 -0.746325 -21.33493 0.584908 3.008324 -13.821225 -4e-06 1e-06 -23.88719 -0.24908 -0.839483 -59.593243 2.504962 -0.748972 -0.294024 1.679688 0.833255 -14.218219 0.093213 1.300582 -34.212082 -0.287568 0.967173 -20.033232 0.964534 1.212847 -0.0 1e-06 -1e-06 -3.440391 0.788233 0.501655 -15.928201 -3.167313 2.999708 -6.338831 -2e-06 1e-06 -18.123459 3.648184 -4.905672 -5e-06 1e-06 -1e-06 -5.153645 10.643706 10.239645 40.071659 25.962109 -17.986555 178.686569 35.133137 -179.244171 -15.72863 10.319635 2.61358 2.243543 -5.255038 -3.18016 14.282896 -0.826594 6.952503 -2e-06 -12.690607 -1e-06 17.05913 -18.155083 2.419122 1.665667 -1.955923 -2.878299 4.727801 -4.170588 4.993923 11.020529 2e-06 -2e-06 12.109057 -3.735717 -2.866786 0.0 -1e-06 1e-06 1.291986 -1.92855 -1.49809 14.800136 0.56747 3.865608 14.242577 -1.341739 -6.660659 19.631973 0.143925 -0.648246 50.940281 -0.621089 -6.898695 0.35303 -1.511151 -0.031941 20.222797 3.684309 2.316631 18.787279 5e-06 -2e-06 10.751629 -0.479867 1.397906 0.0 0.0 0.0 3.273807 0.305947 -0.580112 21.486824 11.830379 2.266135 8.162929 2e-06 -2e-06 18.399088 -3.798985 -4.940578 3e-06 1e-06 -1e-06 -173.288742 -28.688469 179.488922 177.971619 9.432972 174.139191 -37.900932 -19.550501 21.587681 1.862532 -0.78054 -16.762468 -1e-06 -0.0 2e-06 17.739698 -57.83844 -69.838928 8.509512 5.546685 86.770058 24.571264 9.110337 -10.97421 -1.26539 0.729202 -7.489658 1e-06 -0.0 -2e-06 
0.0 0.0 0.0 0.0 -0.0 0.0 294.250336 13.461102 102.081467 -23.782209 1.433758 97.098991 7.38445 0.238675 -1.662978 2.278301 -0.102194 -4.870708 10.975128 -0.288183 7.827168 10.621341 1.600339 -10.470359 -4.632225 -8.023046 -2.752817 0.14416 -12.068635 4.132205 7.7e-05 -2.3e-05 5e-06 -0.525792 0.371401 -0.183425 0.186832 -3.092119 -10.40644 -1.228022 3.85525 -10.331448 12.126977 -0.594556 11.218964 -79.609505 24.063148 -63.728138 171.781296 -32.955757 -179.069824 39.27203 -12.940518 -6.875359 -5.882103 9.861284 0.702589 -10.936866 -0.360575 7.156203 0.0 8.774824 -1e-06 -14.194885 17.530167 6.450908 -1.844032 2.498505 -2.507277 -10.163595 4.678944 4.621108 -20.976017 -3e-06 1e-06 -21.226278 2.451694 -3.594002 1e-06 -7e-06 -1e-06 -1.362681 2.240798 -0.746322 -21.334906 0.58491 3.008322 -13.821207 -3e-06 1e-06 -23.887165 -0.24908 -0.839482 -59.55912 2.295115 -0.661171 -0.294025 1.679687 0.833257 -14.218202 0.093215 1.300579 -34.212036 -0.287565 0.967167 -20.033205 0.964535 1.212843 -0.0 1e-06 -0.0 -3.440387 0.788234 0.501657 -15.928183 -3.16731 2.999704 -6.338822 -0.0 0.0 -18.12344 3.648183 -4.905672 -4e-06 1e-06 -1e-06 -4.564074 11.547389 10.286078 41.022671 23.996252 -19.904148 178.125427 34.27264 -179.465851 -17.922203 11.839293 2.925719 2.243542 -5.25504 -3.18016 14.2829 -0.826592 6.952508 -2e-06 -12.690611 -2e-06 16.884808 -18.344334 2.458222 1.665666 -1.955922 -2.878299 4.727803 -4.170588 4.993927 11.020535 4e-06 1e-06 12.10906 -3.735717 -2.866785 0.0 -1e-06 -1e-06 1.291987 -1.92855 -1.49809 14.80014 0.56747 3.865612 14.242581 -1.341738 -6.66066 19.631985 0.143927 -0.648241 50.614925 -0.631168 -7.157681 0.353029 -1.511151 -0.031939 20.222807 3.684314 2.316635 18.787289 6e-06 1e-06 10.751637 -0.479868 1.397908 -0.0 1e-06 1e-06 3.273809 0.305948 -0.580111 21.486834 11.830384 2.266139 8.162933 2e-06 -0.0 18.399097 -3.798986 -4.940576 3e-06 1e-06 -1e-06 -172.521317 -39.961437 178.256409 177.299835 26.440804 173.474442 -36.333649 -16.456217 21.648405 1.920535 -0.762864 -14.950034 -0.0 1e-06 2e-06 23.973457 -56.805378 -74.258507 8.157475 3.184365 91.260201 22.737814 10.671816 -12.249648 -0.989902 0.943865 -8.653364 -0.0 -0.0 -2e-06 
0.0 0.0 0.0 0.0 -0.0 0.0 294.420685 13.186747 102.336548 -22.533943 1.215679 96.341896 6.954193 -0.138743 -1.049682 1.996056 -0.216864 -4.722976 10.637235 -0.618954 7.863147 13.214143 1.619846 -9.016781 -4.806305 -8.503222 -2.866185 1.80361 -13.129228 3.527045 7.7e-05 -2.3e-05 6e-06 -0.647503 0.403698 -0.175095 0.02084 -3.060694 -10.335587 -1.304692 3.888285 -10.256968 12.100163 -1.128437 11.605673 -79.517822 22.226715 -64.336792 172.134979 -29.649185 -179.737701 38.637699 -11.955396 -3.808235 -5.88211 9.861292 0.702591 -10.93688 -0.360576 7.156208 0.0 8.774831 -2e-06 -13.93901 17.427895 6.362975 -1.844034 2.498505 -2.50728 -10.163609 4.678947 4.621108 -20.97604 -4e-06 0.0 -21.226305 2.451697 -3.594004 2e-06 -7e-06 -0.0 -1.362682 2.2408 -0.746324 -21.33493 0.584909 3.008322 -13.821223 -4e-06 2e-06 -23.887188 -0.24908 -0.839484 -59.252232 2.145096 -0.538147 -0.294025 1.679688 0.833255 -14.218218 0.093214 1.300579 -34.212074 -0.287567 0.967167 -20.033226 0.964535 1.212843 -1e-06 1e-06 0.0 -3.440391 0.788234 0.501654 -15.9282 -3.167312 2.999708 -6.338832 -2e-06 -0.0 -18.123463 3.648184 -4.905675 -5e-06 1e-06 -1e-06 -3.402811 12.084124 10.334915 42.077881 22.579702 -21.5371 177.595276 33.753925 -179.517242 -19.470755 13.153477 3.470426 2.243542 -5.255038 -3.18016 14.282904 -0.826592 6.952508 -4e-06 -12.690609 -1e-06 16.542711 -18.273115 2.620057 1.665667 -1.955922 -2.878299 4.727802 -4.170587 4.993925 11.020535 5e-06 -1e-06 12.109059 -3.735716 -2.866784 0.0 0.0 -1e-06 1.291987 -1.92855 -1.498091 14.80014 0.56747 3.86561 14.242584 -1.341735 -6.66066 19.631985 0.143926 -0.648243 50.192795 -0.729581 -7.113059 0.353029 -1.511151 -0.03194 20.222811 3.684313 2.316633 18.787289 8e-06 0.0 10.751636 -0.479868 1.397908 1e-06 1e-06 0.0 3.27381 0.305947 -0.58011 21.486832 11.830383 2.266135 8.16293 2e-06 -1e-06 18.399097 -3.798983 -4.940576 4e-06 0.0 -1e-06 -171.263916 -42.14415 176.262589 177.387451 31.798609 173.059708 -35.169685 -14.857596 21.817434 1.98922 -0.791932 -12.613374 1e-06 -1e-06 2e-06 28.559338 -56.865578 -76.357933 8.096876 2.435759 92.809326 21.654627 9.67927 -15.442155 -0.849604 1.097759 -9.751771 -0.0 -1e-06 -2e-06 
0.0 0.0 0.0 0.0 -0.0 0.0 294.326843 12.994146 102.527893 -20.2922 1.27544 95.874352 6.539982 -0.544229 -1.281493 1.697159 -0.730049 -4.689001 10.726329 -1.041638 8.026482 15.55574 1.711362 -8.013708 -4.793704 -9.123797 -2.983122 2.815442 -13.886024 3.516408 7.6e-05 -2.2e-05 6e-06 -0.737816 0.403804 -0.173785 -0.078352 -3.082237 -10.38364 -1.386901 3.91227 -10.344717 12.249759 -2.267669 11.554436 -78.794868 20.364862 -65.292923 173.002579 -27.807194 179.866806 38.47496 -10.955378 -1.580934 -5.882109 9.861288 0.702589 -10.936876 -0.360574 7.156208 1e-06 8.774826 -0.0 -13.967105 17.422039 6.158532 -1.844033 2.498505 -2.507279 -10.163604 4.678946 4.621109 -20.976028 -1e-06 3e-06 -21.226292 2.451698 -3.594001 1e-06 -7e-06 -1e-06 -1.362682 2.240799 -0.746323 -21.334921 0.584912 3.008323 -13.821217 -1e-06 2e-06 -23.887178 -0.249078 -0.839485 -59.104122 2.135042 -0.508664 -0.294025 1.679688 0.833257 -14.218212 0.093217 1.300581 -34.212059 -0.287562 0.967169 -20.033218 0.964537 1.212842 -0.0 2e-06 0.0 -3.440389 0.788234 0.501658 -15.928191 -3.167309 2.999708 -6.338829 0.0 -0.0 -18.123453 3.648183 -4.905673 -4e-06 1e-06 -1e-06 -2.334872 11.816602 10.566307 43.132893 21.953342 -22.835011 177.305984 33.74292 -179.421814 -20.268671 13.470692 3.950028 2.243541 -5.255038 -3.180159 14.282894 -0.826594 6.952506 -1e-06 -12.690607 -1e-06 16.345129 -18.272726 2.76295 1.665666 -1.955922 -2.878299 4.727799 -4.170588 4.993927 11.020527 3e-06 -2e-06 12.109053 -3.735717 -2.866785 1e-06 0.0 -0.0 1.291985 -1.92855 -1.498089 14.800131 0.567469 3.865609 14.242573 -1.341738 -6.660661 19.631969 0.143925 -0.648246 50.189556 -0.7001 -6.879306 0.353029 -1.511151 -0.03194 20.222795 3.68431 2.316632 18.787275 6e-06 -0.0 10.751629 -0.479869 1.397907 -1e-06 1e-06 -1e-06 3.273808 0.305947 -0.580112 21.486816 11.830378 2.266135 8.162928 1e-06 -1e-06 18.399082 -3.798986 -4.940576 3e-06 0.0 -2e-06 -170.413055 -35.365929 175.587067 178.341354 24.672598 173.754211 -34.663151 -14.887726 22.596535 2.025033 -0.853329 -12.145769 -0.0 0.0 2e-06 29.263481 -58.657242 -75.354668 8.573963 3.383075 91.834015 22.511688 9.967696 -16.913313 -0.926139 1.118483 -9.691983 -0.0 -1e-06 -2e-06 
0.0 0.0 0.0 0.0 -0.0 0.0 294.056488 12.939322 102.637505 -18.100393 1.488302 95.58667 6.146066 -0.817058 -1.75358 1.435491 -1.287263 -4.839192 10.766261 -1.588521 8.216087 17.749834 1.627955 -7.09844 -4.854369 -9.481894 -3.040528 3.760949 -14.49735 3.535588 7.6e-05 -2.2e-05 5e-06 -0.780045 0.407548 -0.163261 -0.123929 -3.098983 -10.466429 -1.425675 3.936539 -10.451354 12.4487 -3.490804 11.506965 -77.682983 18.532894 -66.093445 173.868805 -26.536865 179.720108 38.549957 -10.426434 0.260262 -5.882108 9.861292 0.702591 -10.936877 -0.360579 7.156211 2e-06 8.774831 -2e-06 -14.131022 17.371948 5.936681 -1.844033 2.498506 -2.507279 -10.163604 4.678946 4.621111 -20.976036 -6e-06 4e-06 -21.226295 2.451696 -3.594001 0.0 -7e-06 -0.0 -1.362682 2.2408 -0.746324 -21.334927 0.584905 3.008325 -13.821221 -5e-06 3e-06 -23.887182 -0.249079 -0.839478 -59.15588 2.128136 -0.517227 -0.294024 1.679689 0.833256 -14.218217 0.093212 1.300582 -34.212067 -0.287567 0.967177 -20.033226 0.964536 1.212847 -1e-06 1e-06 0.0 -3.44039 0.788232 0.501656 -15.928196 -3.167315 2.99971 -6.338829 -2e-06 1e-06 -18.123453 3.648182 -4.90567 -5e-06 1e-06 -2e-06 -1.279281 11.220803 10.923267 44.14946 21.646013 -23.656605 177.284592 34.177456 -179.303223 -20.533808 13.809762 4.566365 2.243543 -5.255039 -3.18016 14.282896 -0.826593 6.952502 -3e-06 -12.690609 -2e-06 16.265461 -18.348185 2.86687 1.665667 -1.955922 -2.878299 4.7278 -4.170589 4.993925 11.02053 3e-06 -1e-06 12.109056 -3.735716 -2.866786 1e-06 -0.0 -1e-06 1.291986 -1.92855 -1.49809 14.800132 0.567469 3.865606 14.242577 -1.341737 -6.66066 19.631973 0.143926 -0.648245 50.269279 -0.682047 -6.722482 0.353029 -1.511151 -0.03194 20.222797 3.684312 2.316629 18.787279 6e-06 -3e-06 10.751631 -0.479867 1.397904 -0.0 1e-06 -1e-06 3.273808 0.305947 -0.58011 21.48682 11.830377 2.266135 8.16293 3e-06 -2e-06 18.399088 -3.798983 -4.940579 2e-06 -1e-06 -1e-06 -169.919601 -25.047436 175.769348 179.154922 12.106142 174.62262 -34.749836 -15.418882 23.758837 2.072983 -0.896042 -12.207873 -0.0 0.0 2e-06 29.5494 -60.806717 -74.208687 9.107535 4.453221 89.991844 23.301046 11.151026 -16.56406 -0.986789 1.088731 -9.891424 -0.0 -1e-06 -3e-06 
0.0 0.0 0.0 0.0 -0.0 0.0 293.638977 12.864518 102.661621 -16.086988 1.744724 95.510208 5.680341 -0.957746 -2.290148 1.21579 -1.816815 -5.058299 10.670593 -2.26604 8.31578 19.689083 1.427307 -6.261033 -4.882355 -9.696253 -3.089374 4.582001 -15.013189 3.533519 7.6e-05 -2.2e-05 5e-06 -0.785331 0.41286 -0.157621 -0.125527 -3.101032 -10.539845 -1.434136 3.949078 -10.526447 12.624371 -4.708935 11.45458 -76.417618 17.065907 -66.861214 174.688034 -25.353514 179.643387 38.573689 -10.168605 2.062908 -5.882105 9.861286 0.702587 -10.936872 -0.360577 7.156205 1e-06 8.774824 -2e-06 -14.295104 17.306545 5.753369 -1.844033 2.498506 -2.507278 -10.163601 4.678944 4.621108 -20.976027 -6e-06 -0.0 -21.226288 2.451694 -3.594002 0.0 -7e-06 -1e-06 -1.362681 2.240798 -0.746325 -21.334917 0.584906 3.008322 -13.821215 -6e-06 1e-06 -23.887175 -0.249082 -0.839483 -59.185463 2.139955 -0.534361 -0.294024 1.679688 0.833255 -14.218208 0.093213 1.30058 -34.212051 -0.287569 0.967169 -20.033215 0.964534 1.212844 -1e-06 1e-06 1e-06 -3.440388 0.788232 0.501654 -15.928189 -3.167313 2.999704 -6.338827 -2e-06 -0.0 -18.123453 3.648179 -4.905675 -5e-06 1e-06 -2e-06 -0.168335 10.494836 11.373956 45.132988 21.408134 -24.142353 177.426239 34.821671 -179.167999 -20.684237 14.374334 5.249101 2.243542 -5.255039 -3.180159 14.282898 -0.826591 6.952503 -3e-06 -12.69061 -2e-06 16.241804 -18.41338 2.887754 1.665667 -1.955922 -2.878299 4.7278 -4.170588 4.993924 11.020533 4e-06 -0.0 12.109056 -3.735714 -2.866785 1e-06 -1e-06 -1e-06 1.291986 -1.92855 -1.498091 14.800138 0.567471 3.865607 14.242579 -1.341737 -6.660658 19.631981 0.143927 -0.648243 50.295902 -0.721976 -6.729107 0.353029 -1.511151 -0.03194 20.222803 3.684314 2.316631 18.787283 9e-06 -2e-06 10.751633 -0.479868 1.397906 -1e-06 1e-06 0.0 3.273808 0.305948 -0.580113 21.486828 11.830382 2.266136 8.16293 4e-06 -1e-06 18.39909 -3.798985 -4.940578 2e-06 -0.0 -1e-06 -169.538757 -12.029093 176.391388 179.802322 -4.65835 175.536377 -35.2855 -16.293428 25.332411 2.170522 -0.898157 -12.231471 -1e-06 0.0 2e-06 30.480583 -62.766148 -73.79554 9.557418 5.444814 87.69812 23.595984 12.131342 -15.662508 -1.003007 1.020844 -9.929952 -0.0 -1e-06 -3e-06 
0.0 0.0 0.0 0.0 -0.0 0.0 293.132721 12.729854 102.61499 -14.304405 2.015081 95.551254 5.18886 -1.013778 -2.803306 1.001425 -2.264297 -5.25436 10.481709 -2.938086 8.373446 21.145939 1.201127 -5.717 -4.854457 -9.909034 -3.126482 5.121018 -15.504541 3.500917 7.6e-05 -2.4e-05 6e-06 -0.762335 0.423456 -0.161405 -0.105844 -3.083775 -10.592618 -1.407164 3.953963 -10.577922 12.766151 -5.899239 11.455512 -75.288597 15.98902 -67.172531 175.241287 -24.081264 179.632858 38.553467 -10.355453 3.689886 -5.882104 9.861284 0.702588 -10.936868 -0.360575 7.156204 1e-06 8.774825 -1e-06 -14.495905 17.250212 5.601143 -1.844032 2.498505 -2.507277 -10.163596 4.678946 4.62111 -20.976021 -2e-06 3e-06 -21.226284 2.451698 -3.594001 0.0 -7e-06 -1e-06 -1.36268 2.240799 -0.746324 -21.334906 0.58491 3.008323 -13.821206 -3e-06 3e-06 -23.887159 -0.249076 -0.839483 -59.304192 2.128652 -0.522972 -0.294025 1.679687 0.833257 -14.218203 0.093215 1.300582 -34.212036 -0.287562 0.967173 -20.033209 0.96454 1.212844 -0.0 0.0 -0.0 -3.440388 0.788233 0.501656 -15.928183 -3.16731 2.999709 -6.338825 0.0 2e-06 -18.123444 3.648185 -4.905671 -5e-06 0.0 -2e-06 0.860886 9.798697 11.887289 46.233398 21.009037 -24.581018 177.565186 35.359165 -179.190308 -20.902874 15.078001 6.040992 2.243542 -5.255038 -3.180159 14.282896 -0.826595 6.952505 0.0 -12.690605 -3e-06 16.269995 -18.495377 2.859022 1.665666 -1.955922 -2.8783 4.7278 -4.170588 4.993923 11.020529 1e-06 -0.0 12.109056 -3.735718 -2.866784 2e-06 -1e-06 0.0 1.291986 -1.92855 -1.498089 14.800132 0.567467 3.865609 14.242576 -1.341735 -6.660661 19.631973 0.143924 -0.648245 50.232079 -0.785532 -6.851607 0.35303 -1.511151 -0.031941 20.222797 3.684309 2.316632 18.787279 5e-06 -1e-06 10.751629 -0.47987 1.397906 0.0 1e-06 -1e-06 3.273808 0.305947 -0.580113 21.48682 11.830377 2.266133 8.16293 3e-06 -1e-06 18.399088 -3.798985 -4.940578 3e-06 -0.0 -1e-06 -169.094055 2.584462 177.112473 -179.688385 -23.993328 176.438217 -35.714966 -17.019224 27.054798 2.294108 -0.900504 -12.107406 0.0 0.0 2e-06 31.728722 -64.374931 -73.741577 9.926611 6.383287 85.275459 23.68107 12.968956 -14.381498 -1.0011 0.961739 -10.12308 -0.0 -0.0 -2e-06 
0.0 0.0 0.0 0.0 -0.0 0.0 292.626678 12.508451 102.580658 -12.772967 2.300126 95.626808 4.732529 -1.043223 -3.23994 0.836187 -2.589258 -5.404395 10.224857 -3.51693 8.381259 21.907572 1.009932 -5.500467 -4.849143 -10.123528 -3.129861 5.41658 -15.989758 3.32756 7.6e-05 -2.3e-05 5e-06 -0.729848 0.443946 -0.167504 -0.087999 -3.054838 -10.629532 -1.360061 3.967064 -10.620812 12.942266 -6.81455 11.472417 -74.512909 15.3522 -66.665123 175.549545 -22.782145 179.679581 38.578987 -10.879631 4.745035 -5.882107 9.861286 0.702589 -10.936875 -0.360576 7.156207 1e-06 8.774827 -2e-06 -14.631997 17.188763 5.474401 -1.844033 2.498505 -2.507277 -10.163603 4.678945 4.621108 -20.976028 -4e-06 2e-06 -21.226294 2.451697 -3.594002 -0.0 -7e-06 -1e-06 -1.362681 2.240798 -0.746324 -21.334921 0.584909 3.008324 -13.821218 -5e-06 2e-06 -23.88718 -0.249079 -0.839483 -59.340481 2.086325 -0.525337 -0.294025 1.679687 0.833255 -14.218214 0.093214 1.300581 -34.212063 -0.287567 0.967169 -20.033224 0.964535 1.212843 -0.0 0.0 -2e-06 -3.440389 0.788234 0.501655 -15.928192 -3.167311 2.999708 -6.33883 -1e-06 0.0 -18.123453 3.648181 -4.905671 -5e-06 1e-06 -2e-06 1.683297 9.184285 12.35691 47.538437 20.311808 -24.681843 177.762833 35.616352 -179.199814 -21.019009 15.690681 6.873405 2.243543 -5.255039 -3.180159 14.282898 -0.826593 6.952505 -2e-06 -12.690609 -2e-06 16.292061 -18.580713 2.866917 1.665667 -1.955922 -2.878302 4.727801 -4.170588 4.993925 11.020535 3e-06 0.0 12.10906 -3.735718 -2.866785 1e-06 -1e-06 -1e-06 1.291986 -1.92855 -1.49809 14.800138 0.567469 3.86561 14.242582 -1.341735 -6.660662 19.631977 0.143928 -0.648246 50.192257 -0.861599 -6.964988 0.353029 -1.511151 -0.031941 20.222803 3.684312 2.316631 18.787287 6e-06 -2e-06 10.751634 -0.479867 1.397907 -1e-06 2e-06 -1e-06 3.273809 0.305947 -0.580113 21.486828 11.830381 2.266133 8.16293 4e-06 -2e-06 18.399096 -3.798982 -4.940578 2e-06 0.0 -1e-06 -168.526352 17.141405 177.727325 -179.218018 -43.572502 177.22757 -35.849701 -17.419212 28.498375 2.399856 -0.93889 -11.858013 0.0 -0.0 2e-06 32.68874 -65.6595 -73.454292 10.198586 7.333643 82.815659 23.782801 13.625308 -12.948826 -1.025466 0.919256 -10.232824 -0.0 -0.0 -2e-06 
0.0 0.0 0.0 0.0 -0.0 0.0 292.119629 12.276184 102.570023 -11.470846 2.579676 95.686836 4.308686 -1.06477 -3.589175 0.709062 -2.78635 -5.508913 9.926787 -3.959284 8.357233 21.968899 0.913951 -5.686756 -4.831436 -10.344618 -3.093002 5.55653 -16.432936 3.020819 7.6e-05 -2.2e-05 5e-06 -0.709492 0.465285 -0.172895 -0.082346 -3.021493 -10.630348 -1.325794 3.977364 -10.638088 13.145193 -7.494582 11.51477 -74.128929 15.019692 -65.410599 175.724823 -21.529213 179.782745 38.638504 -11.690043 5.238667 -5.882106 9.861288 0.702592 -10.936877 -0.360576 7.156209 1e-06 8.77483 -0.0 -14.660247 17.139908 5.382031 -1.844032 2.498505 -2.507278 -10.163603 4.678946 4.621112 -20.976034 -5e-06 7e-06 -21.226292 2.451696 -3.593997 -1e-06 -7e-06 -1e-06 -1.362682 2.240798 -0.746323 -21.334925 0.584908 3.008328 -13.821218 -2e-06 4e-06 -23.887182 -0.249078 -0.839477 -59.291351 2.054583 -0.52309 -0.294025 1.679688 0.833255 -14.218214 0.093212 1.300584 -34.212059 -0.287565 0.967177 -20.033218 0.964537 1.212846 1e-06 1e-06 0.0 -3.440389 0.788232 0.501656 -15.928192 -3.167311 2.999713 -6.33883 -3e-06 2e-06 -18.123453 3.648184 -4.905666 -5e-06 1e-06 -2e-06 2.382637 8.737233 12.775331 48.921333 19.358023 -24.531359 177.996674 35.579136 -179.200119 -20.987522 16.143637 7.887874 2.243541 -5.255037 -3.180158 14.282896 -0.826592 6.952503 -3e-06 -12.690605 -1e-06 16.305984 -18.634609 2.892491 1.665666 -1.955922 -2.878298 4.727801 -4.170587 4.993924 11.020529 4e-06 -1e-06 12.109059 -3.735716 -2.866785 2e-06 -1e-06 -1e-06 1.291986 -1.928549 -1.498089 14.800136 0.56747 3.865609 14.242577 -1.341735 -6.660657 19.631975 0.143927 -0.648241 50.201508 -0.948376 -7.068598 0.353029 -1.511151 -0.031941 20.222801 3.684313 2.316633 18.787283 7e-06 -1e-06 10.751631 -0.479868 1.397907 -1e-06 1e-06 -1e-06 3.273808 0.305947 -0.580112 21.486822 11.830379 2.266134 8.16293 3e-06 -2e-06 18.399088 -3.798983 -4.940577 2e-06 -1e-06 -1e-06 -167.883072 30.266256 178.192642 -178.399384 -61.418415 177.613342 -35.577919 -17.497547 29.526587 2.485244 -1.016725 -11.435811 1e-06 0.0 2e-06 33.361744 -66.67971 -72.923782 10.385678 8.304167 80.343361 23.983244 14.137623 -11.335423 -1.052463 0.883962 -10.480587 -0.0 -0.0 -1e-06 
0.0 0.0 0.0 0.0 -0.0 0.0 291.597656 12.076145 102.567162 -10.342646 2.824131 95.728569 3.907225 -1.071947 -3.875042 0.572517 -2.891356 -5.627448 9.59948 -4.288788 8.319576 21.439743 0.949775 -6.158426 -4.836597 -10.579661 -3.022362 5.667238 -16.84379 2.59657 7.9e-05 -2.3e-05 7e-06 -0.713397 0.497883 -0.175189 -0.106933 -2.974268 -10.587786 -1.309733 3.995371 -10.612246 13.326988 -7.985411 11.545736 -73.914993 14.816632 -63.648163 175.927719 -20.469532 179.893951 38.774967 -12.638439 5.360378 -5.882107 9.861283 0.70259 -10.936871 -0.360574 7.156204 1e-06 8.774822 -2e-06 -14.630327 17.109962 5.318926 -1.844032 2.498503 -2.507278 -10.163597 4.678942 4.621105 -20.976021 -4e-06 2e-06 -21.226286 2.451694 -3.593999 0.0 -6e-06 -2e-06 -1.362682 2.240797 -0.746324 -21.334913 0.58491 3.008322 -13.821213 -2e-06 1e-06 -23.887167 -0.249079 -0.839484 -59.242775 2.040243 -0.53574 -0.294025 1.679687 0.833257 -14.218207 0.093216 1.300578 -34.212048 -0.287564 0.967166 -20.033211 0.964534 1.212841 1e-06 1e-06 0.0 -3.440388 0.788233 0.501655 -15.928185 -3.167307 2.999706 -6.338825 0.0 0.0 -18.123444 3.64818 -4.905671 -5e-06 2e-06 -2e-06 2.971549 8.426071 13.164873 50.405109 18.331615 -24.054279 178.233078 35.320335 -179.165024 -20.825933 16.447254 9.11962 2.243543 -5.255038 -3.180155 14.282895 -0.826596 6.9525 -0.0 -12.690606 -2e-06 16.339127 -18.645731 2.943546 1.665667 -1.955923 -2.878298 4.7278 -4.17059 4.993925 11.020528 1e-06 -2e-06 12.109055 -3.735718 -2.866784 2e-06 -1e-06 -1e-06 1.291986 -1.92855 -1.498089 14.800129 0.567466 3.865606 14.242577 -1.341741 -6.660657 19.631971 0.143923 -0.648247 50.264084 -1.039925 -7.122238 0.353029 -1.511151 -0.031942 20.222792 3.684306 2.316628 18.787277 2e-06 -4e-06 10.751629 -0.479869 1.397903 -1e-06 1e-06 0.0 3.273807 0.305946 -0.580109 21.486813 11.830373 2.266135 8.162924 0.0 -4e-06 18.39908 -3.798986 -4.940579 3e-06 -1e-06 -1e-06 -167.146576 41.224701 178.59967 -175.635834 -76.4375 175.879135 -35.089481 -17.200073 30.174763 2.544226 -1.111877 -11.102899 -0.0 -0.0 2e-06 33.799286 -67.515419 -72.183716 10.533914 9.298936 77.838379 24.362692 14.973972 -9.476072 -1.079237 0.868569 -10.955211 -0.0 -1e-06 -1e-06 
0.0 0.0 0.0 0.0 -0.0 0.0 291.065369 11.95066 102.54567 -9.477198 3.073929 95.737556 3.539045 -1.04072 -4.148787 0.407157 -2.938076 -5.751521 9.255307 -4.484113 8.347124 20.496859 1.097222 -6.857612 -4.859003 -10.849266 -2.932565 5.681434 -17.135113 2.145776 7.6e-05 -2.3e-05 7e-06 -0.709951 0.523225 -0.183158 -0.113718 -2.938745 -10.541559 -1.295901 4.010202 -10.581764 13.377322 -8.402564 11.55268 -73.696518 14.664432 -61.694176 176.193527 -19.62042 179.995483 39.043762 -13.690878 5.067016 -5.882108 9.861286 0.702587 -10.936874 -0.360576 7.156207 2e-06 8.774825 -2e-06 -14.631539 17.067114 5.260752 -1.844033 2.498505 -2.507278 -10.163604 4.678945 4.621107 -20.97603 -4e-06 3e-06 -21.226292 2.451694 -3.593999 0.0 -7e-06 -1e-06 -1.362682 2.240798 -0.746324 -21.334921 0.584908 3.008323 -13.821218 -3e-06 2e-06 -23.887178 -0.249079 -0.839484 -59.236038 2.011257 -0.527591 -0.294024 1.679688 0.833255 -14.218214 0.093214 1.30058 -34.212063 -0.287566 0.967171 -20.033218 0.964537 1.212844 1e-06 1e-06 0.0 -3.44039 0.788233 0.501656 -15.928192 -3.167311 2.999707 -6.33883 -2e-06 1e-06 -18.123453 3.648183 -4.905671 -5e-06 2e-06 -2e-06 3.45405 8.284945 13.554193 51.97879 17.414921 -23.31069 178.467834 34.980652 -179.139359 -20.518461 16.600342 10.656965 2.243541 -5.255037 -3.180157 14.282889 -0.826595 6.952502 -3e-06 -12.690604 -1e-06 16.455421 -18.69302 2.983689 1.665666 -1.955921 -2.878303 4.727798 -4.170588 4.993925 11.020526 3e-06 -1e-06 12.109051 -3.735715 -2.866787 1e-06 -1e-06 -1e-06 1.291986 -1.928549 -1.49809 14.800125 0.56747 3.865606 14.242574 -1.341735 -6.66066 19.631969 0.143929 -0.648248 50.433025 -1.105784 -7.109936 0.353029 -1.511151 -0.031938 20.22279 3.684311 2.316628 18.78727 7e-06 -3e-06 10.751629 -0.479868 1.397904 -1e-06 2e-06 -1e-06 3.273806 0.305947 -0.580114 21.486813 11.830378 2.26613 8.162926 3e-06 -3e-06 18.399084 -3.798983 -4.940576 3e-06 -0.0 -1e-06 -166.237961 50.02776 179.061569 -129.681335 -88.197777 130.922913 -34.340881 -16.445019 30.4765 2.577739 -1.203358 -10.676656 -0.0 0.0 2e-06 33.634361 -68.24012 -70.839493 10.680264 10.308207 75.40181 24.989237 16.203432 -7.3391 -1.102566 0.868094 -11.420826 -0.0 -1e-06 -1e-06 
0.0 0.0 0.0 0.0 -0.0 0.0 290.501984 11.910242 102.50502 -8.886683 3.310435 95.668495 3.191602 -1.004398 -4.388631 0.220611 -2.939983 -5.875038 8.893426 -4.548156 8.426826 19.328087 1.261701 -7.616208 -4.966739 -11.036973 -2.838447 5.671608 -17.317886 1.707716 7.7e-05 -2.5e-05 4e-06 -0.698461 0.543157 -0.197119 -0.100924 -2.920103 -10.521628 -1.284107 4.029594 -10.572521 13.347964 -8.784717 11.59056 -73.504135 14.455647 -59.526657 176.4953 -18.977688 -179.891251 39.359249 -14.946182 4.519496 -5.88211 9.861292 0.702588 -10.936878 -0.360576 7.156209 2e-06 8.774831 -1e-06 -14.67399 16.99901 5.172953 -1.844034 2.498507 -2.507279 -10.163606 4.678947 4.62111 -20.976038 -5e-06 3e-06 -21.226301 2.451696 -3.594004 0.0 -7e-06 -1e-06 -1.362682 2.2408 -0.746324 -21.334929 0.584908 3.008325 -13.821223 -2e-06 2e-06 -23.887184 -0.249082 -0.839483 -59.239059 1.927893 -0.520776 -0.294025 1.679689 0.833256 -14.218219 0.093213 1.300581 -34.212074 -0.287569 0.967171 -20.033226 0.964536 1.212844 1e-06 1e-06 0.0 -3.44039 0.788235 0.501656 -15.928201 -3.167315 2.999711 -6.33883 -0.0 -1e-06 -18.123459 3.648183 -4.905676 -5e-06 0.0 -2e-06 3.799484 8.284882 13.859718 53.603672 16.620165 -22.373964 178.740036 34.65276 -179.093201 -20.105902 16.607124 12.287309 2.243542 -5.255038 -3.180159 14.282896 -0.826593 6.952506 -2e-06 -12.690607 -2e-06 16.600695 -18.730547 2.987904 1.665666 -1.955922 -2.878299 4.727801 -4.170587 4.993922 11.020531 4e-06 -0.0 12.109056 -3.735715 -2.866784 1e-06 -0.0 -1e-06 1.291986 -1.92855 -1.498088 14.800132 0.56747 3.865608 14.242577 -1.341734 -6.66066 19.631973 0.143928 -0.648245 50.634251 -1.126045 -7.086168 0.353029 -1.51115 -0.03194 20.222797 3.684311 2.316632 18.787279 5e-06 -1e-06 10.751632 -0.479869 1.397907 0.0 1e-06 -1e-06 3.273808 0.305947 -0.580112 21.48682 11.830379 2.266134 8.162928 3e-06 -1e-06 18.399084 -3.798985 -4.940577 3e-06 -0.0 -1e-06 -165.215683 56.760426 179.584564 -12.049218 -81.321693 14.303702 -33.471085 -15.480048 30.705135 2.600865 -1.27716 -10.189478 -0.0 -0.0 1e-06 32.866943 -68.829231 -68.92942 10.808619 11.261994 72.97683 25.735844 17.561192 -4.876781 -1.120943 0.880983 -11.808976 -0.0 -0.0 -2e-06 
0.0 0.0 0.0 0.0 -0.0 0.0 289.860962 11.816877 102.47419 -8.371284 3.490524 95.614548 2.814644 -0.961285 -4.693947 0.060015 -2.969466 -6.008448 8.422749 -4.583573 8.529959 18.073067 1.351862 -8.307174 -5.201122 -10.876193 -2.820865 5.915779 -17.504362 1.299658 7.8e-05 -2.4e-05 6e-06 -0.702341 0.598469 -0.218022 -0.124515 -2.863591 -10.502392 -1.266927 4.081758 -10.558362 13.404146 -9.18134 11.66413 -73.507759 14.07502 -56.994625 176.841568 -18.415705 -179.879456 39.484039 -16.399282 3.866597 -5.882107 9.86129 0.702589 -10.936873 -0.360577 7.156206 0.0 8.774828 -1e-06 -14.483531 16.82276 5.066141 -1.844033 2.498505 -2.507279 -10.163603 4.678945 4.621108 -20.97603 -4e-06 0.0 -21.226292 2.451696 -3.594003 0.0 -7e-06 -1e-06 -1.362682 2.240798 -0.746326 -21.334917 0.584908 3.008323 -13.821217 -4e-06 1e-06 -23.887177 -0.249082 -0.839482 -59.281147 1.807389 -0.566621 -0.294025 1.679688 0.833257 -14.218212 0.093214 1.300579 -34.212067 -0.287569 0.96717 -20.033222 0.964534 1.212845 1e-06 0.0 0.0 -3.440389 0.788234 0.501656 -15.928192 -3.167312 2.999707 -6.338828 -1e-06 -0.0 -18.123453 3.64818 -4.905674 -5e-06 2e-06 -1e-06 4.162874 8.477568 14.316651 55.111603 15.921955 -21.926403 178.84111 34.327614 -179.093002 -19.583822 16.258532 13.800973 2.243542 -5.255038 -3.180161 14.282893 -0.826596 6.952503 -2e-06 -12.690607 -2e-06 16.594162 -18.76445 2.969916 1.665666 -1.955922 -2.878299 4.727799 -4.170588 4.993922 11.020527 1e-06 -1e-06 12.109053 -3.735718 -2.866785 2e-06 -1e-06 -0.0 1.291986 -1.92855 -1.498088 14.800132 0.567468 3.865609 14.242575 -1.341738 -6.66066 19.631969 0.143926 -0.648245 50.692581 -1.100227 -7.069279 0.353029 -1.511151 -0.031941 20.222797 3.68431 2.316631 18.787279 5e-06 -1e-06 10.751629 -0.479869 1.397906 -0.0 1e-06 -1e-06 3.273808 0.305947 -0.580112 21.486813 11.830376 2.266133 8.162927 2e-06 -3e-06 18.399082 -3.798985 -4.940578 3e-06 -1e-06 -0.0 -163.789276 62.543797 -179.46402 -7.522411 -72.855606 10.911834 -32.656342 -14.456552 31.289162 2.632957 -1.311614 -9.937905 -0.0 -0.0 2e-06 31.92214 -69.365524 -67.007668 10.882167 11.992352 70.582146 26.44981 18.50844 -2.671893 -1.166393 0.902894 -11.521153 -0.0 -1e-06 -1e-06 
0.0 0.0 0.0 0.0 -0.0 0.0 289.204834 11.958981 102.483032 -8.155148 3.695443 95.319893 2.417498 -0.904009 -4.776403 -0.111607 -2.896837 -6.084004 8.049775 -4.547584 8.567826 16.713324 1.508265 -9.16792 -5.084869 -10.840219 -2.726175 5.553109 -17.297333 0.998088 7.7e-05 -2.4e-05 6e-06 -0.645665 0.550487 -0.235824 -0.029848 -2.915555 -10.479094 -1.245653 4.036597 -10.548543 13.26096 -9.503185 11.814281 -73.244469 13.917777 -54.371933 177.13826 -18.03793 -179.681229 39.790184 -17.760868 3.332901 -5.882113 9.861291 0.702591 -10.936881 -0.360575 7.156209 -1e-06 8.774829 -1e-06 -14.8212 16.834892 5.003144 -1.844034 2.498506 -2.50728 -10.163611 4.678948 4.621109 -20.97604 -2e-06 0.0 -21.226307 2.451698 -3.594002 0.0 -7e-06 -1e-06 -1.362684 2.240799 -0.746322 -21.334936 0.584911 3.008322 -13.821227 -3e-06 1e-06 -23.887197 -0.24908 -0.839486 -59.413208 1.791147 -0.664277 -0.294025 1.679688 0.833255 -14.218221 0.093215 1.30058 -34.212086 -0.287565 0.967169 -20.033232 0.964537 1.212842 -0.0 -0.0 1e-06 -3.440392 0.788235 0.501656 -15.928203 -3.167312 2.999706 -6.338832 -1e-06 -0.0 -18.123466 3.648183 -4.905677 -5e-06 2e-06 -1e-06 4.143202 8.537028 14.164382 56.974354 15.104952 -20.183468 179.493408 34.173187 -178.745285 -18.870733 16.128914 15.704275 2.243541 -5.255037 -3.180156 14.28289 -0.826595 6.952502 -3e-06 -12.690603 -1e-06 16.923429 -18.835772 2.865524 1.665666 -1.955921 -2.878299 4.727799 -4.170587 4.993923 11.020525 3e-06 -1e-06 12.109053 -3.735715 -2.866785 1e-06 -1e-06 -1e-06 1.291985 -1.92855 -1.498088 14.800127 0.567467 3.865608 14.242569 -1.341738 -6.660657 19.631968 0.143924 -0.648243 50.95105 -1.11859 -7.247304 0.353029 -1.511151 -0.031941 20.222788 3.684308 2.316632 18.78727 4e-06 -0.0 10.751625 -0.479869 1.397906 -1e-06 2e-06 -1e-06 3.273807 0.305947 -0.580112 21.486809 11.830376 2.266133 8.162927 1e-06 -1e-06 18.39908 -3.798987 -4.940574 2e-06 -1e-06 0.0 -162.45903 66.590942 -178.730362 -7.07193 -67.033386 11.691054 -31.457249 -13.14997 30.755615 2.666365 -1.380692 -9.373881 -0.0 0.0 2e-06 30.568781 -69.929817 -64.486885 11.048269 13.25288 68.111038 26.892056 19.540134 0.525336 -1.172554 0.946864 -12.252164 -0.0 -0.0 -2e-06 
0.0 0.0 0.0 0.0 -0.0 0.0 288.530792 11.926198 102.541946 -7.831006 3.862245 94.997238 2.017164 -0.871976 -4.895803 -0.258343 -2.904731 -6.16818 7.599751 -4.544178 8.59422 15.512808 1.722268 -9.766121 -5.163884 -10.638205 -2.690217 5.395339 -17.133575 0.78529 7.7e-05 -2.2e-05 7e-06 -0.608251 0.561885 -0.242923 0.009266 -2.901269 -10.45071 -1.209181 4.044798 -10.537516 13.242252 -9.836181 11.905289 -73.089127 13.524831 -51.91608 177.599915 -17.755171 -179.596542 39.785179 -18.949152 2.988667 -5.88211 9.861289 0.702589 -10.936877 -0.360575 7.156205 0.0 8.774827 -2e-06 -14.887116 16.694454 4.923099 -1.844034 2.498505 -2.507279 -10.163602 4.678946 4.621109 -20.976036 -2e-06 -0.0 -21.226297 2.451697 -3.594003 1e-06 -6e-06 -1e-06 -1.362683 2.240799 -0.746323 -21.334925 0.58491 3.00832 -13.821219 -2e-06 -0.0 -23.887178 -0.249082 -0.839486 -59.464741 1.726582 -0.764017 -0.294025 1.679688 0.833255 -14.218215 0.093217 1.300581 -34.212063 -0.287563 0.967165 -20.033224 0.964535 1.212843 -0.0 1e-06 1e-06 -3.44039 0.788234 0.501657 -15.928192 -3.16731 2.999705 -6.338829 -2e-06 0.0 -18.123453 3.648184 -4.905674 -5e-06 1e-06 -1e-06 4.234907 8.605898 14.2691 58.477329 14.457535 -19.294796 179.924881 34.198551 -178.486969 -18.440958 15.767361 17.328888 2.243544 -5.255041 -3.18016 14.282896 -0.826596 6.952506 0.0 -12.69061 -2e-06 17.007797 -18.898756 2.81215 1.665667 -1.955923 -2.878299 4.727803 -4.170591 4.993925 11.020529 -0.0 -1e-06 12.109059 -3.73572 -2.866787 1e-06 -1e-06 -0.0 1.291986 -1.92855 -1.49809 14.800138 0.567465 3.865611 14.242577 -1.341739 -6.660664 19.631975 0.143924 -0.648247 51.057686 -1.112391 -7.346545 0.35303 -1.511151 -0.031938 20.222803 3.684309 2.316631 18.787287 2e-06 -4e-06 10.751634 -0.479871 1.397904 1e-06 2e-06 -1e-06 3.273808 0.305947 -0.58011 21.486822 11.830378 2.266135 8.16293 1e-06 -2e-06 18.399096 -3.79899 -4.940581 2e-06 -1e-06 0.0 -160.778946 70.390388 -177.567871 -6.809389 -61.635609 12.64864 -30.19055 -11.611549 30.29748 2.702676 -1.433727 -9.015481 -0.0 -0.0 2e-06 28.765034 -70.610474 -61.659737 11.127244 14.501815 65.406921 27.187479 20.280125 3.24519 -1.215821 0.999263 -11.884067 -1e-06 -0.0 -1e-06 
0.0 0.0 0.0 0.0 -0.0 0.0 287.935028 11.915499 102.61145 -7.416891 4.032418 94.662811 1.632872 -0.837024 -5.056219 -0.384255 -2.910084 -6.271517 7.102584 -4.626513 8.591711 14.353411 1.87122 -10.176897 -5.030144 -10.350311 -2.689512 5.075633 -16.698212 0.66766 7.7e-05 -2.2e-05 6e-06 -0.570764 0.580615 -0.248246 0.044537 -2.88038 -10.428786 -1.168758 4.061016 -10.537589 13.273479 -10.240069 11.917079 -72.790977 12.980854 -49.629314 178.221146 -17.548098 -179.591446 39.592892 -19.79546 2.911629 -5.882109 9.861288 0.702592 -10.936878 -0.360577 7.156212 1e-06 8.774828 -2e-06 -15.004477 16.581615 4.851664 -1.844033 2.498505 -2.50728 -10.163606 4.678945 4.62111 -20.976038 -3e-06 3e-06 -21.226301 2.451695 -3.594 1e-06 -5e-06 -1e-06 -1.362682 2.240798 -0.746323 -21.334927 0.584906 3.008325 -13.82122 -4e-06 4e-06 -23.887182 -0.249082 -0.83948 -59.524368 1.691778 -0.827117 -0.294024 1.679687 0.833255 -14.218215 0.093212 1.300581 -34.212067 -0.287566 0.967175 -20.033222 0.964534 1.212847 -1e-06 -1e-06 0.0 -3.44039 0.788233 0.501657 -15.928198 -3.167313 2.999707 -6.33883 -2e-06 2e-06 -18.123459 3.64818 -4.905672 -4e-06 1e-06 -2e-06 4.335212 8.630442 14.343017 59.782528 13.818807 -18.79747 -179.693924 34.413368 -178.232773 -18.348627 15.282666 18.70323 2.243541 -5.255037 -3.18016 14.282896 -0.826592 6.952505 -4e-06 -12.690607 -0.0 17.067678 -18.906168 2.756791 1.665666 -1.955921 -2.878298 4.7278 -4.170588 4.993925 11.020528 5e-06 3e-06 12.109053 -3.735713 -2.866781 -0.0 -0.0 -2e-06 1.291985 -1.928549 -1.498089 14.800134 0.56747 3.86561 14.24257 -1.341734 -6.660655 19.631969 0.143924 -0.648239 51.0541 -1.094764 -7.430437 0.353028 -1.511151 -0.031939 20.222801 3.684312 2.316637 18.787279 8e-06 3e-06 10.75163 -0.479869 1.397909 1e-06 0.0 -1e-06 3.273807 0.305948 -0.58011 21.486828 11.830379 2.266139 8.16293 3e-06 -1e-06 18.399088 -3.798983 -4.940572 2e-06 -1e-06 -1e-06 -158.243134 73.871048 -175.547638 -6.808221 -56.913685 13.892984 -28.854183 -9.615314 29.677889 2.746632 -1.482623 -8.662403 -0.0 -1e-06 2e-06 26.723652 -71.411285 -58.586105 11.142987 16.037874 62.399639 27.344419 20.748335 6.010725 -1.300453 1.044664 -11.125866 -0.0 -0.0 -0.0 
0.0 0.0 0.0 0.0 -0.0 0.0 287.580811 11.881381 102.539658 -6.834261 4.168216 94.258957 1.257786 -0.835335 -5.198581 -0.514768 -2.942878 -6.384204 6.556695 -4.734431 8.575643 13.313678 2.008255 -10.428473 -4.80401 -9.961526 -2.70213 4.714483 -15.999373 0.727925 7.7e-05 -2.3e-05 6e-06 -0.529761 0.581853 -0.256247 0.089088 -2.882925 -10.435281 -1.130616 4.066533 -10.561483 13.441521 -10.705068 11.843561 -72.271683 12.067676 -47.573502 178.894821 -17.458042 -179.608658 39.034237 -20.204805 3.225506 -5.88211 9.861289 0.702591 -10.936877 -0.360576 7.156203 -1e-06 8.774828 -1e-06 -15.137548 16.471779 4.780384 -1.844034 2.498505 -2.507278 -10.163604 4.678946 4.621109 -20.976034 -2e-06 1e-06 -21.226297 2.451698 -3.594004 0.0 -5e-06 -1e-06 -1.362682 2.240799 -0.746324 -21.334925 0.584909 3.008322 -13.82122 -3e-06 -0.0 -23.887178 -0.24908 -0.839484 -59.510662 1.644648 -0.864393 -0.294025 1.679688 0.833254 -14.218215 0.093214 1.300579 -34.212063 -0.287565 0.967169 -20.033224 0.964536 1.212842 -1e-06 -1e-06 0.0 -3.440389 0.788234 0.501655 -15.928194 -3.167311 2.999706 -6.338828 0.0 0.0 -18.123457 3.648181 -4.905674 -5e-06 2e-06 -2e-06 4.353739 8.576843 14.414717 60.938854 13.302469 -18.867149 -179.394424 34.783985 -178.016037 -18.587721 14.490487 20.078543 2.243544 -5.25504 -3.18016 14.282901 -0.826595 6.952505 -1e-06 -12.690612 -2e-06 17.086643 -18.893169 2.713674 1.665667 -1.955923 -2.878299 4.727802 -4.170589 4.993924 11.020534 3e-06 -0.0 12.109058 -3.735717 -2.866786 -0.0 0.0 2e-06 1.291986 -1.92855 -1.498089 14.800138 0.567468 3.865608 14.24258 -1.341737 -6.660664 19.631979 0.143926 -0.648246 51.046169 -1.045612 -7.467455 0.353029 -1.511152 -0.031938 20.222805 3.684312 2.316632 18.787287 6e-06 -0.0 10.751637 -0.479869 1.397907 1e-06 0.0 -0.0 3.273809 0.305947 -0.580112 21.486828 11.83038 2.266134 8.162933 2e-06 -2e-06 18.399096 -3.798987 -4.940579 3e-06 -1e-06 0.0 -154.599976 77.093269 -172.389984 -6.919936 -52.861923 15.23337 -27.501089 -7.431153 28.951994 2.774786 -1.529964 -8.415679 0.0 -0.0 2e-06 24.359919 -72.368759 -55.222588 11.068352 17.743202 59.270538 27.431158 20.977522 8.690318 -1.394289 1.081225 -10.296208 1e-06 -0.0 -1e-06 
0.0 0.0 0.0 0.0 -0.0 0.0 287.257874 11.842245 102.681641 -6.03458 4.294476 93.80603 0.865044 -0.867537 -5.31471 -0.620362 -3.030322 -6.514256 5.948316 -4.838185 8.554341 12.424565 2.154303 -10.596346 -4.549757 -9.346133 -2.739091 4.417115 -15.111445 1.055853 7.6e-05 -2.1e-05 6e-06 -0.487131 0.560278 -0.265264 0.14719 -2.922021 -10.497017 -1.102815 4.064327 -10.629181 13.790751 -11.300194 11.659457 -71.430832 10.696275 -45.771725 179.512817 -17.496269 -179.620224 38.116077 -20.011024 3.755773 -5.882109 9.861292 0.702587 -10.936878 -0.360576 7.156206 1e-06 8.774831 -3e-06 -15.293989 16.394972 4.710432 -1.844034 2.498506 -2.50728 -10.163604 4.678946 4.621109 -20.976034 -4e-06 1e-06 -21.226299 2.451696 -3.594004 0.0 -7e-06 -1e-06 -1.362682 2.240799 -0.746324 -21.334929 0.584909 3.008323 -13.82122 -3e-06 1e-06 -23.887186 -0.249082 -0.839484 -59.443501 1.633156 -0.90608 -0.294024 1.679688 0.833256 -14.218216 0.093214 1.30058 -34.21207 -0.287567 0.967172 -20.033226 0.964533 1.212845 -1e-06 -1e-06 -0.0 -3.44039 0.788233 0.501656 -15.928196 -3.167313 2.999707 -6.33883 -2e-06 -1e-06 -18.123459 3.648181 -4.905675 -5e-06 1e-06 -1e-06 4.226534 8.468786 14.469626 61.934204 12.970258 -19.400198 -179.051086 35.275414 -177.814102 -18.943712 13.324123 21.485033 2.243542 -5.255039 -3.180159 14.282898 -0.826593 6.952508 -2e-06 -12.690612 -2e-06 17.152168 -18.891088 2.627547 1.665667 -1.955923 -2.878299 4.727801 -4.17059 4.993925 11.020531 4e-06 0.0 12.109056 -3.735716 -2.866785 -1e-06 0.0 1e-06 1.291986 -1.928551 -1.49809 14.800138 0.56747 3.865611 14.24258 -1.341738 -6.660659 19.631973 0.143927 -0.648242 51.022873 -1.002923 -7.486477 0.353028 -1.511151 -0.03194 20.222803 3.684313 2.316634 18.787287 6e-06 0.0 10.751636 -0.479869 1.397907 0.0 0.0 1e-06 3.273808 0.305947 -0.580111 21.486828 11.830382 2.266137 8.162933 3e-06 -0.0 18.399096 -3.798985 -4.940574 3e-06 -1e-06 -0.0 -148.42067 80.252319 -166.736206 -7.105261 -49.150158 16.80386 -26.038328 -5.20385 28.171154 2.778635 -1.589313 -8.157302 -0.0 -1e-06 2e-06 21.927593 -73.49617 -51.802025 10.88235 19.54224 56.125397 27.460218 20.738514 11.230978 -1.516029 1.11127 -9.582273 0.0 -0.0 -1e-06 
0.0 0.0 0.0 0.0 -0.0 0.0 286.8573 11.779463 102.795433 -5.110745 4.394832 93.384361 0.441247 -0.920361 -5.40079 -0.684959 -3.147144 -6.6559 5.276103 -4.911813 8.501919 11.677036 2.298028 -10.785101 -4.285753 -8.487278 -2.794223 4.14968 -14.072165 1.657659 7.8e-05 -2.3e-05 6e-06 -0.44676 0.51876 -0.269849 0.214202 -2.99332 -10.59874 -1.089064 4.055297 -10.728227 14.307912 -12.021012 11.366651 -70.277214 8.98884 -44.451614 179.912766 -17.64212 -179.596024 36.961884 -19.176657 4.381669 -5.882107 9.861287 0.70259 -10.936879 -0.360579 7.156208 2e-06 8.77483 1e-06 -15.442749 16.354887 4.648936 -1.844033 2.498505 -2.507281 -10.163608 4.678944 4.621111 -20.97604 -9e-06 7e-06 -21.226297 2.451695 -3.593995 0.0 -5e-06 -0.0 -1.362682 2.240798 -0.746323 -21.334929 0.584905 3.008328 -13.82122 -6e-06 4e-06 -23.887186 -0.249081 -0.839477 -59.390026 1.645537 -0.940171 -0.294024 1.679687 0.833257 -14.218219 0.09321 1.300581 -34.212074 -0.287572 0.96718 -20.033228 0.964536 1.21285 -1e-06 -1e-06 -0.0 -3.440391 0.788232 0.501654 -15.928198 -3.167315 2.999711 -6.338829 -3e-06 1e-06 -18.123457 3.648179 -4.905668 -5e-06 -0.0 -3e-06 3.913075 8.36534 14.426375 62.629051 12.777965 -20.543238 -178.818069 35.70715 -177.765381 -19.280291 11.771099 22.782438 2.24354 -5.255037 -3.18016 14.282894 -0.826591 6.952506 -6e-06 -12.690604 0.0 17.211792 -18.899988 2.517204 1.665665 -1.955922 -2.8783 4.727799 -4.170588 4.993926 11.020527 7e-06 -1e-06 12.109052 -3.735712 -2.866785 -1e-06 -0.0 -0.0 1.291985 -1.92855 -1.498088 14.800131 0.567472 3.865609 14.242572 -1.341732 -6.660657 19.631971 0.143931 -0.648241 50.955761 -0.996806 -7.525023 0.353029 -1.51115 -0.031941 20.222794 3.684314 2.316633 18.787273 8e-06 3e-06 10.751631 -0.479869 1.397909 0.0 0.0 0.0 3.273806 0.305948 -0.58011 21.486822 11.830379 2.26614 8.16293 3e-06 1e-06 18.39908 -3.798982 -4.94057 4e-06 -1e-06 0.0 -136.542725 83.08812 -155.423477 -7.349978 -45.744675 18.677145 -24.514833 -2.945974 27.410538 2.775685 -1.659183 -7.789661 -1e-06 0.0 1e-06 19.781574 -74.654716 -48.769192 10.599225 21.231611 53.078289 27.366644 20.030489 13.575494 -1.648376 1.12879 -8.939691 0.0 0.0 -0.0 
0.0 0.0 0.0 0.0 -0.0 0.0 286.410645 11.708296 102.853134 -4.208927 4.449492 93.045074 -0.014332 -0.973692 -5.450603 -0.709201 -3.239237 -6.774999 4.58335 -4.950957 8.379969 11.032109 2.407404 -11.057375 -3.993073 -7.421019 -2.862318 3.864019 -12.87612 2.383407 7.8e-05 -2.2e-05 6e-06 -0.417344 0.467379 -0.266735 0.274448 -3.080518 -10.703882 -1.090889 4.042268 -10.827197 14.928798 -12.80526 10.959544 -68.837151 7.280348 -43.89312 179.991333 -17.859678 -179.547241 35.821918 -17.759548 4.870672 -5.882107 9.861286 0.702588 -10.936873 -0.360576 7.156206 1e-06 8.774826 -0.0 -15.567046 16.327181 4.601049 -1.844034 2.498504 -2.507276 -10.163601 4.678944 4.621109 -20.976027 -2e-06 -0.0 -21.226286 2.451697 -3.594003 0.0 -6e-06 -0.0 -1.362682 2.240798 -0.746325 -21.334917 0.58491 3.008323 -13.821215 -1e-06 1e-06 -23.887175 -0.249079 -0.839485 -59.36108 1.652241 -0.971444 -0.294025 1.679688 0.833256 -14.21821 0.093214 1.300579 -34.212048 -0.287565 0.967169 -20.033218 0.964537 1.212844 -0.0 -1e-06 0.0 -3.440388 0.788233 0.501657 -15.928187 -3.16731 2.99971 -6.338827 -1e-06 -0.0 -18.123447 3.648183 -4.905672 -5e-06 -0.0 -2e-06 3.346411 8.310001 14.212857 62.762253 12.681969 -22.472374 -178.863007 35.927212 -177.973816 -19.39398 9.89415 23.696514 2.24354 -5.255035 -3.180158 14.282891 -0.826593 6.952499 -4e-06 -12.690601 -0.0 17.259979 -18.906391 2.406767 1.665666 -1.955921 -2.8783 4.727798 -4.170586 4.993922 11.020526 5e-06 -0.0 12.10905 -3.735712 -2.866782 -0.0 1e-06 1e-06 1.291985 -1.928549 -1.49809 14.800127 0.56747 3.865607 14.242573 -1.341734 -6.660656 19.631968 0.143926 -0.648243 50.901989 -1.022789 -7.581981 0.353028 -1.51115 -0.03194 20.222792 3.684313 2.316628 18.78727 9e-06 -1e-06 10.751625 -0.479866 1.397906 -1e-06 0.0 -0.0 3.273808 0.305947 -0.580111 21.486818 11.830376 2.266135 8.162928 2e-06 -0.0 18.399082 -3.79898 -4.940573 4e-06 -0.0 -0.0 -113.042412 85.057793 -132.542603 -7.603393 -42.606243 20.90505 -23.000555 -0.848652 26.707403 2.781312 -1.726887 -7.287644 0.0 -0.0 2e-06 18.245935 -75.709595 -46.513935 10.268953 22.614143 50.248295 27.037079 18.926886 15.561028 -1.758084 1.133835 -8.323283 -1e-06 1e-06 -1e-06 
0.0 0.0 0.0 0.0 -0.0 0.0 286.009216 11.651575 102.859184 -3.424169 4.462609 92.759735 -0.472892 -1.006538 -5.443081 -0.705652 -3.281213 -6.834823 3.91198 -4.928082 8.218074 10.44437 2.485134 -11.492846 -3.631832 -6.240117 -2.941578 3.508575 -11.6133 3.127962 7.7e-05 -2.3e-05 5e-06 -0.394434 0.405725 -0.254435 0.325385 -3.179265 -10.786172 -1.097438 4.019995 -10.903016 15.625764 -13.586989 10.431839 -67.160851 5.900867 -44.339825 179.754349 -18.180422 -179.48764 34.966263 -15.929088 5.022462 -5.882111 9.86129 0.702589 -10.936881 -0.360576 7.156204 2e-06 8.77483 -2e-06 -15.624371 16.293333 4.595725 -1.844035 2.498505 -2.507279 -10.16361 4.678948 4.621109 -20.97604 -3e-06 1e-06 -21.226301 2.451699 -3.594002 0.0 -5e-06 -0.0 -1.362682 2.2408 -0.746322 -21.33493 0.584909 3.008322 -13.821229 -4e-06 1e-06 -23.887194 -0.249081 -0.839484 -59.288025 1.667642 -0.984839 -0.294025 1.679688 0.833256 -14.218223 0.093214 1.300578 -34.212082 -0.287566 0.967165 -20.03323 0.964534 1.212843 -0.0 -1e-06 0.0 -3.440391 0.788234 0.501656 -15.928201 -3.167313 2.999705 -6.338832 -3e-06 -2e-06 -18.123465 3.648181 -4.905673 -5e-06 1e-06 -2e-06 2.510898 8.328583 13.813173 61.995243 12.677862 -25.427843 -179.285858 35.806271 -178.463181 -19.195669 7.72419 23.932438 2.243544 -5.255041 -3.180157 14.282904 -0.826598 6.952507 1e-06 -12.690614 -2e-06 17.340992 -18.884903 2.28807 1.665668 -1.955923 -2.8783 4.727805 -4.17059 4.993925 11.020535 0.0 -0.0 12.109059 -3.735719 -2.866784 -0.0 0.0 1e-06 1.291986 -1.928551 -1.498088 14.800142 0.567465 3.865609 14.242585 -1.341742 -6.660659 19.631985 0.143919 -0.648244 50.881954 -1.06611 -7.630763 0.35303 -1.511152 -0.031941 20.222803 3.684308 2.316633 18.787289 1e-06 -2e-06 10.751637 -0.47987 1.397906 -0.0 0.0 -0.0 3.27381 0.305947 -0.580111 21.486834 11.830378 2.266137 8.162937 1e-06 -1e-06 18.399103 -3.798991 -4.940582 3e-06 -1e-06 -1e-06 -80.24086 85.480743 -100.427414 -7.901165 -39.735001 23.473341 -21.512964 1.068808 26.132929 2.79577 -1.782587 -6.66272 -1e-06 -1e-06 1e-06 17.387892 -76.542732 -45.14159 9.934747 23.638845 47.787994 26.50436 17.598797 17.14077 -1.834615 1.124952 -7.817309 0.0 -0.0 -1e-06 
0.0 0.0 0.0 0.0 -0.0 0.0 285.788239 11.615104 102.820312 -2.798991 4.43243 92.505913 -0.906951 -1.018603 -5.392786 -0.698591 -3.258003 -6.841625 3.281324 -4.837826 8.073963 9.872114 2.525566 -12.08934 -3.18254 -5.014613 -3.018916 3.064437 -10.273685 3.874997 7.7e-05 -2.2e-05 6e-06 -0.376854 0.3407 -0.236674 0.369264 -3.281032 -10.847231 -1.107216 3.993181 -10.957067 16.412201 -14.299899 9.861575 -65.242447 4.983572 -45.800667 179.257584 -18.683125 -179.421082 34.439655 -13.851361 4.798706 -5.882107 9.861285 0.702588 -10.936875 -0.360577 7.156207 3e-06 8.774826 -3e-06 -15.6161 16.289885 4.650587 -1.844033 2.498505 -2.507277 -10.163603 4.678944 4.62111 -20.97603 -5e-06 4e-06 -21.226292 2.451695 -3.593998 -0.0 -5e-06 -0.0 -1.362682 2.240798 -0.746324 -21.334921 0.584907 3.008324 -13.821217 -3e-06 1e-06 -23.887177 -0.249081 -0.839483 -59.180351 1.684961 -0.96011 -0.294025 1.679688 0.833257 -14.218215 0.093214 1.300581 -34.212067 -0.287566 0.967173 -20.033222 0.964537 1.212845 -0.0 -2e-06 -1e-06 -3.44039 0.788233 0.501657 -15.928192 -3.167312 2.999708 -6.338828 -2e-06 0.0 -18.123453 3.648181 -4.905672 -5e-06 1e-06 -3e-06 1.324111 8.506256 13.24645 60.21714 12.715993 -29.390516 -179.98761 35.253429 -179.17807 -18.673361 5.226164 23.648243 2.243542 -5.255038 -3.180161 14.282892 -0.826593 6.952506 -4e-06 -12.690606 0.0 17.479404 -18.825315 2.149595 1.665666 -1.955922 -2.8783 4.727799 -4.170587 4.993924 11.020528 4e-06 -1e-06 12.109056 -3.735717 -2.866785 1e-06 1e-06 -0.0 1.291985 -1.928549 -1.498091 14.800132 0.567469 3.86561 14.242577 -1.341737 -6.660658 19.631973 0.143927 -0.648244 50.86404 -1.095999 -7.646287 0.353029 -1.51115 -0.031939 20.222797 3.684312 2.31663 18.787273 5e-06 -0.0 10.751631 -0.479868 1.397907 1e-06 0.0 1e-06 3.273807 0.305947 -0.580111 21.486816 11.830379 2.266135 8.162928 3e-06 0.0 18.399084 -3.798985 -4.940576 2e-06 -0.0 -1e-06 -55.961533 84.636665 -76.89566 -8.255836 -37.045639 26.265768 -19.852938 3.028486 25.696587 2.810646 -1.819656 -5.899333 -0.0 0.0 3e-06 16.929485 -77.124374 -44.345921 9.641048 24.346106 45.677647 25.930424 16.237288 18.423862 -1.879103 1.116856 -7.54207 0.0 -0.0 -0.0 
0.0 0.0 0.0 0.0 -0.0 0.0 285.526825 11.592669 102.731216 -2.258427 4.376183 92.241043 -1.292531 -1.010741 -5.276098 -0.684849 -3.179444 -6.810138 2.690811 -4.6708 7.963188 9.314322 2.539377 -12.775298 -2.726527 -3.856093 -3.088217 2.594327 -8.931811 4.604761 7.7e-05 -2.1e-05 6e-06 -0.366367 0.278064 -0.219174 0.410783 -3.382347 -10.901577 -1.129035 3.970214 -11.00135 17.351198 -14.903607 9.243541 -63.066654 4.556783 -48.161186 178.576447 -19.525122 -179.361008 34.113571 -11.584812 4.199818 -5.882106 9.861286 0.702589 -10.936872 -0.360576 7.156206 1e-06 8.774826 -0.0 -15.55371 16.330702 4.75793 -1.844033 2.498505 -2.507278 -10.163601 4.678944 4.621108 -20.97603 -5e-06 1e-06 -21.22629 2.451694 -3.594001 -1e-06 -6e-06 0.0 -1.362682 2.240798 -0.746323 -21.334917 0.584907 3.008324 -13.821213 -4e-06 1e-06 -23.887173 -0.249081 -0.839483 -59.049931 1.712135 -0.888099 -0.294025 1.679687 0.833257 -14.218208 0.093214 1.300578 -34.212055 -0.287568 0.967169 -20.033216 0.964534 1.212844 -0.0 -2e-06 -1e-06 -3.440389 0.788234 0.501657 -15.928185 -3.167313 2.999707 -6.338825 -2e-06 0.0 -18.123449 3.648179 -4.905671 -5e-06 -0.0 -2e-06 -0.189753 8.826766 12.537996 57.277538 12.63794 -34.338909 179.223785 34.229534 179.985443 -17.892487 2.361624 22.836237 2.243542 -5.255038 -3.180159 14.282896 -0.826595 6.952504 -0.0 -12.690605 -1e-06 17.645149 -18.718155 1.996743 1.665666 -1.955923 -2.878299 4.727802 -4.170589 4.993924 11.020534 2e-06 -1e-06 12.109058 -3.735718 -2.866785 1e-06 -1e-06 0.0 1.291986 -1.92855 -1.49809 14.800132 0.567468 3.865608 14.242577 -1.341739 -6.660659 19.631973 0.143923 -0.648245 50.843067 -1.144536 -7.627733 0.353028 -1.511151 -0.031939 20.222801 3.684309 2.31663 18.787281 4e-06 -1e-06 10.751633 -0.47987 1.397906 0.0 -0.0 -0.0 3.273808 0.305947 -0.580112 21.486818 11.830377 2.266136 8.16293 2e-06 -1e-06 18.399088 -3.798985 -4.940578 3e-06 -1e-06 -1e-06 -42.573662 83.39666 -64.357941 -8.661688 -34.314545 29.199516 -17.713947 5.21661 25.255949 2.816284 -1.852858 -5.068036 -0.0 0.0 2e-06 16.610426 -77.578232 -43.805904 9.421354 24.828562 43.945538 25.303345 14.828135 19.419977 -1.922929 1.116051 -7.265762 0.0 1e-06 -0.0 
0.0 0.0 0.0 0.0 -0.0 0.0 285.285004 11.609518 102.599297 -1.733373 4.295407 91.968613 -1.627111 -0.981554 -5.113075 -0.667834 -3.02246 -6.752139 2.137861 -4.42028 7.928622 8.70416 2.55156 -13.572105 -2.299728 -2.873242 -3.153164 2.11201 -7.647814 5.310616 7.7e-05 -2.1e-05 5e-06 -0.35097 0.224326 -0.206111 0.460441 -3.47538 -10.950728 -1.14892 3.95577 -11.041661 18.404825 -15.374719 8.584017 -60.493847 4.541691 -51.292976 177.778412 -20.820177 -179.301453 33.812943 -9.187118 3.363558 -5.882109 9.861289 0.702589 -10.936873 -0.360575 7.156208 -0.0 8.774828 -1e-06 -15.438021 16.433279 4.88447 -1.844033 2.498507 -2.507277 -10.163604 4.678945 4.62111 -20.97603 -3e-06 -0.0 -21.226292 2.451696 -3.594003 1e-06 -6e-06 -1e-06 -1.362682 2.2408 -0.746324 -21.334921 0.584909 3.00832 -13.821217 -3e-06 -0.0 -23.887177 -0.24908 -0.839485 -58.850571 1.738029 -0.791584 -0.294025 1.679688 0.833256 -14.218214 0.093215 1.300578 -34.212063 -0.287564 0.967168 -20.033218 0.964534 1.212844 -0.0 -1e-06 0.0 -3.440389 0.788233 0.501655 -15.928189 -3.167311 2.999707 -6.338828 -1e-06 0.0 -18.123453 3.648182 -4.905674 -3e-06 0.0 -0.0 -1.949237 9.339365 11.744686 52.940723 12.193709 -40.477715 178.597305 32.798939 179.193954 -16.859976 -0.880087 21.464785 2.243542 -5.255037 -3.180156 14.282892 -0.826596 6.952503 -0.0 -12.690607 -1e-06 17.762344 -18.554598 1.871588 1.665667 -1.955922 -2.878299 4.727799 -4.170588 4.993922 11.020528 3e-06 -2e-06 12.109054 -3.735717 -2.866786 1e-06 -1e-06 -0.0 1.291984 -1.92855 -1.498089 14.800127 0.567468 3.865607 14.242576 -1.341739 -6.660659 19.631969 0.143925 -0.648245 50.753555 -1.209919 -7.550791 0.35303 -1.511151 -0.031939 20.22279 3.684309 2.316629 18.78727 3e-06 -1e-06 10.751627 -0.479869 1.397905 0.0 -0.0 -0.0 3.273808 0.305947 -0.580111 21.486814 11.830373 2.266134 8.162928 2e-06 -0.0 18.399086 -3.798985 -4.940578 3e-06 -1e-06 -1e-06 -35.215553 82.096146 -57.968685 -9.058284 -31.503101 32.17429 -15.217697 7.544299 24.669308 2.783586 -1.900654 -4.469137 0.0 -1e-06 2e-06 16.475616 -78.024956 -43.541599 9.24762 25.198912 42.504257 24.584768 13.319448 20.073793 -1.99016 1.119967 -6.892466 1e-06 -0.0 -0.0 
0.0 0.0 0.0 0.0 -0.0 0.0 285.039032 11.660725 102.408997 -1.157223 4.17929 91.714531 -1.937582 -0.932023 -4.927453 -0.632439 -2.780092 -6.676129 1.598825 -4.086519 7.97169 8.061915 2.509225 -14.393213 -1.935454 -2.077921 -3.210164 1.61367 -6.335229 5.932966 7.7e-05 -2.2e-05 5e-06 -0.314036 0.179806 -0.201988 0.523546 -3.54749 -10.968267 -1.138745 3.937498 -11.05479 19.532692 -15.698085 7.876753 -57.364712 4.845284 -54.897106 176.929016 -22.73595 -179.205276 33.379349 -6.703487 2.542409 -5.882106 9.861284 0.702588 -10.936868 -0.360573 7.156203 -2e-06 8.774824 -1e-06 -15.29648 16.556797 5.03862 -1.844032 2.498505 -2.507277 -10.163597 4.678946 4.621105 -20.976019 -1e-06 1e-06 -21.226282 2.451699 -3.594 1e-06 -4e-06 -0.0 -1.362682 2.240798 -0.746323 -21.334909 0.584912 3.00832 -13.82121 -0.0 0.0 -23.887161 -0.249076 -0.839485 -58.640625 1.742609 -0.722172 -0.294025 1.679686 0.833254 -14.218203 0.093216 1.300579 -34.212036 -0.28756 0.967167 -20.033209 0.964536 1.21284 0.0 -1e-06 0.0 -3.440387 0.788235 0.501655 -15.928183 -3.167307 2.999706 -6.338824 1e-06 1e-06 -18.123444 3.648183 -4.905671 -5e-06 2e-06 1e-06 -3.781428 10.080201 10.933584 46.944401 10.901373 -47.713417 178.35907 31.243761 178.688965 -15.484196 -4.412312 19.362112 2.243542 -5.255037 -3.180159 14.282894 -0.826595 6.952504 -3e-06 -12.690603 0.0 17.744768 -18.315123 1.821908 1.665665 -1.955922 -2.878299 4.727798 -4.170586 4.993925 11.020528 3e-06 -2e-06 12.109052 -3.735714 -2.866785 -1e-06 -1e-06 1e-06 1.291985 -1.92855 -1.498089 14.800132 0.567469 3.865609 14.242574 -1.341735 -6.660657 19.631973 0.143926 -0.648244 50.607872 -1.2708 -7.392397 0.353029 -1.51115 -0.031941 20.222794 3.684309 2.316631 18.787271 4e-06 1e-06 10.751628 -0.47987 1.397907 -0.0 -1e-06 0.0 3.273807 0.305947 -0.58011 21.486818 11.830373 2.266135 8.16293 2e-06 -0.0 18.399088 -3.798985 -4.940574 4e-06 -0.0 -1e-06 -30.85498 80.800842 -54.706127 -9.411952 -28.642403 35.180519 -12.358725 10.038648 23.853605 2.686065 -1.956638 -3.933508 0.0 0.0 2e-06 16.693682 -78.575485 -43.635639 9.084301 25.650208 41.020695 24.087318 12.030562 20.65559 -2.069602 1.124632 -6.572608 1e-06 0.0 -1e-06 
0.0 0.0 0.0 0.0 -0.0 0.0 284.748016 11.736852 102.159645 -0.411395 4.003776 91.487305 -2.247481 -0.863849 -4.727867 -0.571127 -2.484415 -6.587942 1.048991 -3.656127 8.087206 7.407647 2.436739 -15.18856 -1.614852 -1.545246 -3.246107 1.104658 -4.979602 6.50094 7.7e-05 -2.3e-05 6e-06 -0.255968 0.137187 -0.2062 0.609848 -3.602512 -10.973001 -1.110213 3.90563 -11.047807 20.762661 -15.922686 7.091192 -53.63702 5.294239 -58.620312 176.263947 -25.501619 -179.037201 32.714561 -4.100437 2.097098 -5.88211 9.861292 0.702587 -10.936879 -0.360576 7.156208 1e-06 8.774831 -2e-06 -15.117211 16.698303 5.250728 -1.844034 2.498507 -2.507279 -10.163608 4.678947 4.621109 -20.97604 -4e-06 -2e-06 -21.226307 2.451696 -3.594007 -0.0 -6e-06 0.0 -1.362683 2.2408 -0.746325 -21.334929 0.58491 3.00832 -13.821223 -2e-06 -1e-06 -23.887188 -0.249083 -0.839488 -58.550785 1.799634 -0.67228 -0.294024 1.679687 0.833255 -14.218219 0.093215 1.300577 -34.212074 -0.287569 0.967164 -20.03323 0.964534 1.212842 0.0 0.0 -0.0 -3.440391 0.788233 0.501655 -15.928196 -3.167312 2.999707 -6.33883 -0.0 -1e-06 -18.123459 3.648183 -4.905678 -3e-06 1e-06 -1e-06 -5.488567 11.075411 10.203776 39.152069 8.165384 -55.60524 178.726852 30.085901 178.608841 -13.68087 -7.892251 16.620752 2.243542 -5.255038 -3.180159 14.282897 -0.826593 6.952501 -3e-06 -12.690609 -2e-06 17.578741 -18.057539 1.876444 1.665668 -1.955922 -2.878298 4.727799 -4.170588 4.993923 11.020529 4e-06 -1e-06 12.109056 -3.735716 -2.866786 -0.0 -0.0 0.0 1.291987 -1.928549 -1.49809 14.800132 0.567469 3.865607 14.242577 -1.341735 -6.66066 19.631975 0.143928 -0.648245 50.530544 -1.346878 -7.153706 0.35303 -1.511152 -0.031941 20.222799 3.684312 2.31663 18.787279 7e-06 -1e-06 10.751632 -0.479867 1.397907 0.0 1e-06 -0.0 3.273809 0.305949 -0.580112 21.48682 11.830382 2.266133 8.16293 3e-06 -2e-06 18.399088 -3.798982 -4.940579 3e-06 -0.0 -1e-06 -27.831448 79.525444 -52.890896 -9.694412 -25.802542 38.118191 -9.298625 12.578551 22.70619 2.528084 -1.994399 -3.432664 1e-06 0.0 1e-06 17.568123 -79.363457 -44.390781 8.927094 26.286444 39.497555 23.988861 11.0643 21.339716 -2.158101 1.113678 -6.311835 1e-06 1e-06 -1e-06 
0.0 0.0 0.0 0.0 -0.0 0.0 284.39325 11.825884 101.861404 0.436565 3.785073 91.293282 -2.507676 -0.785238 -4.512734 -0.510634 -2.147516 -6.500869 0.536553 -3.147097 8.201276 6.66404 2.383369 -15.801389 -1.31433 -1.345392 -3.249381 0.647466 -3.771273 6.965677 7.7e-05 -2.3e-05 6e-06 -0.19206 0.102901 -0.218523 0.693716 -3.628051 -10.953309 -1.067838 3.86133 -11.005023 21.964401 -15.975789 6.157456 -49.531895 5.55541 -61.795269 175.986115 -29.213737 -178.841461 31.795019 -1.45438 2.364989 -5.882109 9.861292 0.70259 -10.93688 -0.360579 7.156209 3e-06 8.774832 -3e-06 -15.046 16.904358 5.47489 -1.844033 2.498505 -2.507279 -10.163606 4.678945 4.621112 -20.97604 -6e-06 7e-06 -21.226301 2.451695 -3.593998 -0.0 -8e-06 -2e-06 -1.362683 2.2408 -0.746322 -21.33493 0.584904 3.008327 -13.821225 -3e-06 4e-06 -23.887188 -0.24908 -0.839477 -58.72654 1.932969 -0.655812 -0.294025 1.679689 0.833255 -14.21822 0.093211 1.300583 -34.212078 -0.287571 0.967177 -20.03323 0.964536 1.212849 0.0 0.0 -0.0 -3.440391 0.788233 0.501656 -15.928201 -3.167317 2.999709 -6.338831 -2e-06 0.0 -18.123459 3.648183 -4.905672 -5e-06 0.0 -1e-06 -7.194579 12.205203 9.562237 30.943842 4.048197 -62.221035 179.862564 30.191975 178.92746 -11.720424 -10.511543 13.993256 2.243541 -5.255039 -3.18016 14.282904 -0.82659 6.952509 -4e-06 -12.690613 -3e-06 17.426205 -17.877684 1.993288 1.665666 -1.955923 -2.878302 4.727801 -4.170588 4.993926 11.020535 5e-06 1e-06 12.109059 -3.735715 -2.866786 -0.0 -1e-06 1e-06 1.291986 -1.92855 -1.49809 14.80014 0.567473 3.865613 14.242577 -1.341735 -6.66066 19.631977 0.143929 -0.64824 50.662849 -1.368961 -6.871964 0.353027 -1.511154 -0.03194 20.222805 3.684317 2.316636 18.787287 9e-06 3e-06 10.751635 -0.479866 1.397909 0.0 1e-06 1e-06 3.273809 0.305948 -0.580111 21.486834 11.830388 2.266141 8.162933 5e-06 1e-06 18.399092 -3.798984 -4.940572 3e-06 -1e-06 -1e-06 -26.026556 78.445839 -52.262466 -9.922177 -23.318161 40.587364 -6.38643 14.733207 21.420462 2.367423 -1.985934 -3.014317 1e-06 -0.0 1e-06 19.148117 -80.382103 -45.702942 8.760979 27.140806 37.804253 24.332609 10.34993 22.156551 -2.235683 1.100872 -6.159359 1e-06 -0.0 -0.0 
0.0 0.0 0.0 0.0 -0.0 0.0 284.057983 11.9492 101.547745 1.226404 3.542879 91.125084 -2.67787 -0.691273 -4.316484 -0.484769 -1.791826 -6.41494 0.090907 -2.617552 8.322014 5.812023 2.357604 -16.236221 -1.076309 -1.306659 -3.220146 0.263048 -2.830319 7.311585 7.7e-05 -2.3e-05 6e-06 -0.151943 0.081292 -0.22833 0.744753 -3.64006 -10.930784 -1.039723 3.829279 -10.959065 23.055504 -15.873327 5.0847 -45.436165 5.35542 -63.952927 176.003235 -33.585289 -178.598969 30.592892 1.027491 3.589469 -5.882103 9.861287 0.70259 -10.936871 -0.360579 7.156209 2e-06 8.77483 -2e-06 -15.135283 17.156742 5.623204 -1.844031 2.498505 -2.507279 -10.163598 4.678943 4.621108 -20.976023 -7e-06 3e-06 -21.226282 2.451692 -3.593998 -0.0 -7e-06 -2e-06 -1.362681 2.240798 -0.746324 -21.334913 0.584904 3.008327 -13.821213 -7e-06 3e-06 -23.887167 -0.249083 -0.83948 -59.076218 2.081205 -0.678363 -0.294024 1.679687 0.833255 -14.218207 0.093212 1.300579 -34.212048 -0.287572 0.967175 -20.033215 0.964533 1.212848 0.0 1e-06 -0.0 -3.440388 0.788231 0.501656 -15.928185 -3.167315 2.999709 -6.338825 -1e-06 2e-06 -18.123444 3.64818 -4.905669 -4e-06 2e-06 -1e-06 -9.044346 13.294741 8.995542 23.708725 -0.513752 -67.020195 -178.779526 32.053486 179.376038 -9.905549 -12.113986 11.835566 2.24354 -5.255039 -3.180159 14.282891 -0.826591 6.952503 -2e-06 -12.690601 -2e-06 17.351534 -17.737444 2.096539 1.665667 -1.95592 -2.878299 4.727798 -4.170584 4.993924 11.020526 5e-06 1e-06 12.109052 -3.735716 -2.866784 2e-06 -0.0 0.0 1.291985 -1.928549 -1.49809 14.800131 0.56747 3.865608 14.242569 -1.341735 -6.660656 19.631969 0.143926 -0.648243 50.824459 -1.309924 -6.636739 0.353029 -1.51115 -0.031939 20.222794 3.68431 2.316632 18.787271 6e-06 1e-06 10.751629 -0.479868 1.397908 1e-06 0.0 -1e-06 3.273807 0.305949 -0.58011 21.486818 11.830378 2.266137 8.16293 2e-06 -1e-06 18.399084 -3.798982 -4.940574 4e-06 0.0 0.0 -25.062704 77.68911 -52.375275 -10.126178 -21.434715 42.543205 -3.839778 16.345072 19.997206 2.25141 -1.93816 -2.781049 1e-06 -0.0 1e-06 20.752077 -81.361908 -46.929073 8.51496 27.969213 36.117489 24.895885 9.618779 22.857422 -2.285218 1.084619 -5.989183 -0.0 -0.0 -1e-06 
0.0 0.0 0.0 0.0 -0.0 0.0 283.82782 12.115282 101.261459 1.901265 3.309453 90.992172 -2.768454 -0.601686 -4.160286 -0.48597 -1.458482 -6.347794 -0.27803 -2.128137 8.434775 4.905155 2.351924 -16.499277 -0.936458 -1.346721 -3.176533 -0.062442 -2.175638 7.614034 7.7e-05 -2.2e-05 6e-06 -0.141367 0.069276 -0.229376 0.764742 -3.653378 -10.914935 -1.039785 3.818529 -10.927646 24.058773 -15.716944 3.992144 -41.876057 4.646303 -65.197197 176.133209 -38.03981 -178.296982 29.220278 3.172157 5.416923 -5.882109 9.861289 0.70259 -10.936877 -0.360577 7.156209 1e-06 8.774828 -2e-06 -15.320336 17.411951 5.694388 -1.844033 2.498506 -2.50728 -10.163604 4.678945 4.62111 -20.976034 -3e-06 3e-06 -21.226297 2.451699 -3.594001 -1e-06 -6e-06 -1e-06 -1.362682 2.2408 -0.746323 -21.334929 0.584908 3.008327 -13.82122 -3e-06 2e-06 -23.887188 -0.249079 -0.839483 -59.431015 2.214886 -0.702317 -0.294025 1.679686 0.833257 -14.218215 0.093214 1.30058 -34.212067 -0.287564 0.967174 -20.033226 0.964537 1.212846 0.0 0.0 -1e-06 -3.44039 0.788233 0.501657 -15.928192 -3.167312 2.999709 -6.33883 -2e-06 2e-06 -18.123457 3.648185 -4.905674 -6e-06 -1e-06 -2e-06 -10.973794 14.19419 8.425056 17.867596 -4.64466 -70.208733 -177.728012 35.408978 179.858261 -8.391452 -13.252302 10.282187 2.243542 -5.255038 -3.180159 14.282889 -0.82659 6.952505 -4e-06 -12.690606 -1e-06 17.377541 -17.626097 2.165069 1.665666 -1.955922 -2.8783 4.727798 -4.170586 4.993923 11.020526 4e-06 -3e-06 12.109049 -3.735714 -2.866786 1e-06 -0.0 -0.0 1.291986 -1.92855 -1.49809 14.800131 0.567471 3.865609 14.242571 -1.341735 -6.660659 19.631966 0.143928 -0.648243 50.972668 -1.239208 -6.488504 0.353029 -1.51115 -0.03194 20.222794 3.684315 2.316632 18.787271 7e-06 3e-06 10.751627 -0.479867 1.397908 0.0 -0.0 -1e-06 3.273806 0.305947 -0.580111 21.486818 11.830382 2.266136 8.162926 3e-06 -0.0 18.39908 -3.798983 -4.940574 4e-06 -0.0 -1e-06 -24.340832 77.107529 -52.559994 -10.235915 -20.133492 43.904675 -1.909832 17.588099 18.489071 2.186746 -1.889552 -2.77406 1e-06 0.0 2e-06 22.077656 -82.184357 -47.858509 8.202941 28.587212 34.635006 25.485065 8.784681 23.284475 -2.3089 1.065025 -5.727177 -0.0 -0.0 -0.0 
0.0 0.0 0.0 0.0 -0.0 0.0 283.692993 12.282872 101.019928 2.467969 3.104047 90.846344 -2.804445 -0.525106 -4.007344 -0.512735 -1.175064 -6.294048 -0.602835 -1.708781 8.524735 3.998411 2.385912 -16.586918 -0.859639 -1.451245 -3.133592 -0.327975 -1.750596 7.924074 7.7e-05 -2.3e-05 5e-06 -0.144163 0.062434 -0.222143 0.770441 -3.67254 -10.91402 -1.052244 3.824338 -10.918296 24.97823 -15.590628 3.003046 -39.08144 3.612821 -65.872589 176.154831 -42.089935 -177.910522 27.895771 4.898412 7.246649 -5.882105 9.861284 0.702591 -10.936872 -0.360575 7.156205 1e-06 8.774824 -1e-06 -15.552798 17.656502 5.709124 -1.844032 2.498503 -2.507278 -10.163599 4.678944 4.621108 -20.976023 -5e-06 3e-06 -21.226286 2.451696 -3.593999 0.0 -5e-06 0.0 -1.362682 2.240799 -0.746322 -21.334913 0.584909 3.008323 -13.821213 -3e-06 3e-06 -23.887171 -0.249079 -0.839483 -59.697792 2.342579 -0.783765 -0.294024 1.679687 0.833254 -14.218207 0.093214 1.300581 -34.212048 -0.287564 0.967173 -20.033215 0.964536 1.212844 -1e-06 1e-06 -0.0 -3.440388 0.788233 0.501654 -15.928185 -3.16731 2.999709 -6.338826 -2e-06 2e-06 -18.123444 3.648183 -4.905669 -6e-06 0.0 -3e-06 -12.807954 14.892446 7.914248 13.258359 -7.888105 -72.202049 -177.067886 39.683372 -179.588318 -7.30619 -14.258931 8.9979 2.243542 -5.255037 -3.180159 14.282898 -0.826595 6.952507 -3e-06 -12.690607 1e-06 17.44482 -17.515997 2.209215 1.665667 -1.955921 -2.878301 4.727801 -4.170589 4.993927 11.020534 3e-06 -2e-06 12.109058 -3.735714 -2.866785 1e-06 -1e-06 0.0 1.291987 -1.92855 -1.49809 14.800138 0.56747 3.865609 14.242579 -1.341733 -6.660661 19.631977 0.143927 -0.648248 51.079098 -1.166982 -6.368765 0.35303 -1.511151 -0.03194 20.222801 3.684311 2.316631 18.787287 6e-06 -0.0 10.751633 -0.479867 1.397909 1e-06 -0.0 0.0 3.273809 0.305946 -0.580112 21.486826 11.830377 2.266132 8.16293 3e-06 1e-06 18.399094 -3.798985 -4.940578 3e-06 -0.0 -0.0 -23.569029 76.661324 -52.518993 -10.266362 -19.270844 44.790051 -0.524514 18.421789 17.043951 2.14142 -1.860456 -2.944806 -0.0 0.0 2e-06 22.885559 -82.913818 -48.283436 7.883432 29.054604 33.358803 26.076155 8.013493 23.583536 -2.318779 1.036024 -5.386972 1e-06 0.0 -2e-06 
0.0 0.0 0.0 0.0 -0.0 0.0 283.592102 12.394887 100.817535 2.911388 2.911155 90.670868 -2.825307 -0.466655 -3.852537 -0.559272 -0.925411 -6.250074 -0.926531 -1.385405 8.579233 3.174578 2.427665 -16.480541 -0.821343 -1.557133 -3.102316 -0.536696 -1.463124 8.321677 7.7e-05 -2.2e-05 6e-06 -0.148974 0.054633 -0.21297 0.778305 -3.699852 -10.931982 -1.070397 3.835585 -10.924031 25.790735 -15.500573 2.173717 -37.012863 2.509396 -66.30928 176.074005 -45.456543 -177.592072 26.808519 6.132547 8.6311 -5.882105 9.861284 0.70259 -10.936873 -0.360576 7.156207 1e-06 8.774826 -1e-06 -15.8816 17.870626 5.63348 -1.844032 2.498505 -2.507278 -10.163599 4.678944 4.621111 -20.976023 -5e-06 5e-06 -21.226288 2.451696 -3.593998 0.0 -7e-06 -1e-06 -1.362681 2.240797 -0.746325 -21.334913 0.584906 3.008326 -13.821213 -3e-06 5e-06 -23.887169 -0.249079 -0.839478 -59.913383 2.412282 -0.919273 -0.294025 1.679687 0.833256 -14.218209 0.093214 1.300582 -34.212051 -0.287566 0.967174 -20.033216 0.964538 1.212845 -1e-06 1e-06 -1e-06 -3.440389 0.788232 0.501655 -15.928187 -3.16731 2.99971 -6.338826 -2e-06 2e-06 -18.123444 3.648181 -4.905668 -6e-06 0.0 -2e-06 -14.43248 15.436645 7.443692 9.804826 -10.010925 -73.500053 -176.721207 44.293789 -179.04512 -6.782118 -15.33676 8.082623 2.243541 -5.255038 -3.180158 14.282896 -0.826592 6.952506 -2e-06 -12.690607 -0.0 17.479864 -17.406122 2.240595 1.665667 -1.955922 -2.8783 4.7278 -4.170588 4.993925 11.020531 3e-06 -2e-06 12.109056 -3.735717 -2.866783 1e-06 0.0 0.0 1.291987 -1.92855 -1.49809 14.800136 0.567468 3.86561 14.242578 -1.341736 -6.660659 19.631975 0.143926 -0.648244 51.065376 -1.116708 -6.267228 0.353029 -1.511153 -0.031941 20.222801 3.684312 2.316633 18.787281 5e-06 1e-06 10.751633 -0.47987 1.397906 1e-06 -1e-06 0.0 3.273808 0.305949 -0.58011 21.486824 11.830379 2.266135 8.16293 3e-06 1e-06 18.399092 -3.798985 -4.940578 3e-06 -0.0 -2e-06 -22.663742 76.36232 -52.166485 -10.235485 -18.754705 45.236374 0.356827 18.956438 15.792118 2.108631 -1.84451 -3.177548 -0.0 0.0 2e-06 23.021669 -83.496567 -48.038754 7.55747 29.404774 32.14695 26.557697 7.402699 23.867599 -2.326071 1.008297 -5.052707 1e-06 0.0 -0.0 
0.0 0.0 0.0 0.0 -0.0 0.0 283.480103 12.424231 100.63636 3.257205 2.74894 90.478889 -2.841097 -0.429764 -3.751237 -0.609902 -0.704932 -6.19305 -1.264786 -1.136386 8.646811 2.42077 2.445765 -16.270605 -0.808956 -1.604238 -3.085469 -0.731298 -1.321931 8.852924 7.7e-05 -2.2e-05 6e-06 -0.1619 0.048047 -0.203064 0.787729 -3.730736 -10.966636 -1.106017 3.851855 -10.94992 26.476652 -15.462801 1.554573 -35.388161 1.462156 -66.735367 175.851471 -48.102238 -177.246735 25.961 7.031651 9.812407 -5.882104 9.861283 0.702591 -10.93687 -0.360574 7.156204 1e-06 8.774822 -1e-06 -16.252459 18.04031 5.534213 -1.844032 2.498504 -2.507276 -10.163597 4.678944 4.621108 -20.976017 -4e-06 3e-06 -21.226282 2.451695 -3.593998 0.0 -7e-06 -1e-06 -1.362682 2.240797 -0.746323 -21.334909 0.584909 3.008324 -13.821212 -3e-06 3e-06 -23.887159 -0.249079 -0.839482 -60.202625 2.403018 -1.055024 -0.294025 1.679687 0.833256 -14.218205 0.093214 1.300581 -34.212044 -0.287563 0.96717 -20.033211 0.964537 1.212843 -1e-06 0.0 -0.0 -3.440387 0.788233 0.501656 -15.928183 -3.167309 2.999707 -6.338825 -0.0 1e-06 -18.123444 3.648181 -4.905668 -6e-06 0.0 -2e-06 -15.842451 15.92968 6.978417 7.277692 -11.22556 -74.788452 -176.87265 48.860504 -178.781693 -6.718085 -16.65803 7.393744 2.243541 -5.255036 -3.180156 14.282887 -0.826596 6.952499 -2e-06 -12.690598 0.0 17.436594 -17.315487 2.224258 1.665666 -1.955921 -2.878297 4.727797 -4.170587 4.993922 11.020523 2e-06 -1e-06 12.109048 -3.735714 -2.866782 2e-06 0.0 -1e-06 1.291985 -1.928549 -1.498089 14.800123 0.567468 3.865605 14.242568 -1.341736 -6.660654 19.631964 0.143925 -0.648244 50.823631 -1.108753 -6.204713 0.353029 -1.511149 -0.03194 20.222784 3.684309 2.31663 18.787268 3e-06 1e-06 10.751625 -0.479869 1.397906 0.0 0.0 0.0 3.273805 0.305947 -0.58011 21.486809 11.83037 2.26613 8.162924 2e-06 0.0 18.399076 -3.798984 -4.940574 3e-06 1e-06 -1e-06 -21.649271 76.217201 -51.653111 -10.198606 -18.472782 45.502964 0.922491 19.395304 14.787307 2.087514 -1.837471 -3.331095 -0.0 -0.0 2e-06 22.843472 -84.021744 -47.44059 7.245753 29.736834 30.969072 27.041443 7.039308 24.164053 -2.321629 0.985466 -4.748599 1e-06 1e-06 -0.0 
0.0 0.0 0.0 0.0 -0.0 0.0 283.283722 12.384785 100.449455 3.552062 2.636088 90.261765 -2.84045 -0.428574 -3.669873 -0.639797 -0.494373 -6.116148 -1.602601 -0.93288 8.721544 1.806723 2.436061 -15.992723 -0.844941 -1.617842 -3.078229 -0.948011 -1.317611 9.312038 7.7e-05 -2.2e-05 6e-06 -0.167254 0.041308 -0.194378 0.797665 -3.751467 -10.987879 -1.12756 3.857771 -10.963899 27.047031 -15.483055 1.124523 -34.134472 0.667787 -67.26683 175.540039 -50.098881 -176.845917 25.360958 7.663204 10.840987 -5.882108 9.861292 0.70259 -10.936876 -0.360577 7.156209 1e-06 8.774831 -2e-06 -16.562208 18.18708 5.468636 -1.844033 2.498507 -2.507279 -10.163604 4.678947 4.621111 -20.976034 -4e-06 3e-06 -21.226297 2.451698 -3.594001 0.0 -6e-06 0.0 -1.362682 2.2408 -0.746324 -21.334925 0.584908 3.008325 -13.82122 -2e-06 3e-06 -23.887182 -0.249079 -0.839482 -60.496132 2.346959 -1.112711 -0.294025 1.679689 0.833257 -14.218217 0.093214 1.300581 -34.212067 -0.287566 0.967172 -20.033226 0.964536 1.212846 -0.0 0.0 0.0 -3.44039 0.788233 0.501656 -15.928194 -3.167313 2.99971 -6.33883 -1e-06 2e-06 -18.123457 3.648184 -4.905673 -4e-06 0.0 -2e-06 -16.962414 16.312899 6.551808 5.480693 -11.762978 -76.123528 -177.235901 52.849342 -178.762238 -6.842693 -17.795662 6.826595 2.243543 -5.255044 -3.180161 14.2829 -0.826594 6.952507 -3e-06 -12.690616 -2e-06 17.304203 -17.273603 2.173005 1.665667 -1.955924 -2.8783 4.727802 -4.170588 4.993927 11.020534 5e-06 -1e-06 12.109058 -3.735718 -2.866786 1e-06 0.0 -1e-06 1.291986 -1.928553 -1.49809 14.80014 0.56747 3.86561 14.24258 -1.34174 -6.660662 19.631983 0.143926 -0.648244 50.494183 -1.130833 -6.195316 0.353029 -1.511152 -0.03194 20.222803 3.684313 2.316633 18.787287 8e-06 0.0 10.751637 -0.479868 1.397908 1e-06 -0.0 1e-06 3.273809 0.305947 -0.580111 21.48683 11.830384 2.266138 8.162931 3e-06 0.0 18.399092 -3.798986 -4.940577 3e-06 -0.0 -1e-06 -20.3507 76.113579 -50.88689 -10.191975 -18.299873 45.86702 1.195257 19.838509 13.974682 2.063307 -1.844759 -3.372879 -0.0 0.0 3e-06 22.375986 -84.488686 -46.533707 6.975008 30.032909 29.889154 27.434097 6.834704 24.429333 -2.309007 0.963935 -4.505395 1e-06 1e-06 -1e-06 
0.0 0.0 0.0 0.0 -0.0 0.0 283.125153 12.35944 100.308846 3.964087 2.596902 90.031792 -2.819408 -0.45574 -3.617727 -0.646199 -0.383295 -6.128785 -1.927442 -0.817929 9.017053 1.307627 2.390428 -15.699757 -0.700571 -1.621392 -3.100111 -1.227749 -1.335832 9.569788 7.7e-05 -2.3e-05 6e-06 -0.134018 0.029159 -0.202317 0.80992 -3.741907 -10.950214 -1.075246 3.826215 -10.92694 27.64926 -15.560527 0.835718 -33.390915 0.088236 -67.829185 175.233994 -51.484005 -176.559921 24.93812 8.148114 11.923381 -5.882102 9.861279 0.70259 -10.936865 -0.360575 7.1562 1e-06 8.774819 -1e-06 -16.691898 18.257059 5.440531 -1.844031 2.498503 -2.507275 -10.163594 4.678942 4.621107 -20.976011 -4e-06 3e-06 -21.226273 2.451696 -3.593997 1e-06 -5e-06 -0.0 -1.362681 2.240797 -0.746322 -21.334904 0.584908 3.008322 -13.821205 -3e-06 3e-06 -23.887154 -0.249079 -0.839481 -60.949821 2.221297 -1.154251 -0.294024 1.679686 0.833256 -14.218199 0.093214 1.30058 -34.212025 -0.287563 0.967171 -20.033199 0.964537 1.212843 1e-06 0.0 -0.0 -3.440387 0.788233 0.501655 -15.928177 -3.167308 2.999706 -6.338823 -1e-06 1e-06 -18.123438 3.648179 -4.905666 -5e-06 0.0 -1e-06 -17.71578 16.495096 6.406556 4.223317 -11.941815 -77.988068 -178.334839 55.869793 -179.237122 -6.637688 -18.553764 5.785492 2.243541 -5.255036 -3.180158 14.282887 -0.826595 6.952499 -3e-06 -12.690601 1e-06 16.987944 -17.360569 2.181456 1.665665 -1.955922 -2.878298 4.727797 -4.170587 4.993922 11.020522 3e-06 -3e-06 12.109048 -3.735711 -2.866786 2e-06 0.0 -1e-06 1.291985 -1.928548 -1.498089 14.800122 0.567469 3.865604 14.242569 -1.341734 -6.660659 19.631966 0.14393 -0.648246 50.129902 -1.127561 -6.209709 0.353029 -1.511152 -0.03194 20.222786 3.684311 2.316626 18.78727 7e-06 -3e-06 10.751624 -0.479866 1.397904 1e-06 1e-06 1e-06 3.273806 0.305947 -0.580111 21.486803 11.830369 2.266129 8.162922 2e-06 -2e-06 18.399071 -3.798981 -4.940575 3e-06 1e-06 -1e-06 -18.446398 75.856621 -49.655609 -10.151974 -17.790203 46.47382 1.362681 20.041033 13.213257 2.00878 -1.808776 -3.227664 -0.0 0.0 3e-06 22.010931 -85.150749 -45.75441 6.912714 30.012636 29.045963 27.608284 6.708262 24.390152 -2.32935 0.964034 -3.736537 1e-06 1e-06 -0.0 
0.0 0.0 0.0 0.0 -0.0 0.0 282.836517 12.287241 100.170792 4.174415 2.567966 89.905075 -2.835242 -0.512405 -3.53588 -0.664486 -0.185955 -5.995357 -2.026739 -0.629991 8.88146 0.933065 2.267904 -15.464112 -0.752527 -1.718016 -3.099979 -1.24485 -1.579294 9.95097 7.7e-05 -2.2e-05 6e-06 -0.146543 0.033422 -0.197897 0.832143 -3.753309 -10.984886 -1.12543 3.84532 -10.952582 27.917173 -15.617117 0.43558 -32.629547 0.012835 -67.920082 174.555786 -52.610821 -175.846146 24.664633 8.490036 12.953647 -5.882111 9.86129 0.70259 -10.936881 -0.360576 7.156209 -0.0 8.77483 -2e-06 -17.388418 18.469093 5.266391 -1.844034 2.498506 -2.507278 -10.163609 4.678946 4.621109 -20.97604 -4e-06 3e-06 -21.226301 2.451698 -3.594 0.0 -6e-06 0.0 -1.362682 2.240798 -0.746324 -21.33493 0.58491 3.008324 -13.821225 -3e-06 3e-06 -23.88719 -0.249078 -0.839482 -61.16864 2.293351 -1.225935 -0.294025 1.679688 0.833256 -14.218221 0.093214 1.300581 -34.212074 -0.287565 0.967172 -20.03323 0.964537 1.212845 1e-06 1e-06 -0.0 -3.440391 0.788233 0.501655 -15.9282 -3.167312 2.999709 -6.338832 -1e-06 1e-06 -18.123459 3.648184 -4.905673 -5e-06 0.0 -2e-06 -18.507977 16.572817 5.939482 3.614124 -12.030278 -77.974739 -177.268997 58.007542 -178.156982 -6.62821 -18.691692 5.246972 2.243543 -5.255041 -3.18016 14.282896 -0.826595 6.9525 -4e-06 -12.690609 -2e-06 16.992285 -17.293304 2.052234 1.665668 -1.955922 -2.8783 4.727799 -4.170588 4.993924 11.020534 4e-06 -3e-06 12.109058 -3.735716 -2.866789 2e-06 -1e-06 0.0 1.291987 -1.928548 -1.49809 14.800136 0.567471 3.865605 14.24258 -1.341734 -6.660663 19.631981 0.143931 -0.648249 50.095039 -1.190114 -6.208263 0.353029 -1.511149 -0.03194 20.222801 3.684313 2.316626 18.787283 1e-05 -4e-06 10.751632 -0.479866 1.397905 1e-06 -0.0 -0.0 3.273809 0.305947 -0.580112 21.486824 11.830381 2.266131 8.162928 3e-06 -2e-06 18.399088 -3.79898 -4.940581 2e-06 1e-06 -2e-06 -17.819056 75.883209 -49.428001 -10.250344 -18.16888 46.547226 1.311137 20.261057 13.648606 1.964453 -1.81119 -3.172725 -0.0 0.0 3e-06 21.833298 -85.631615 -45.041893 6.746781 30.694208 28.193632 27.768158 6.105587 25.182564 -2.317121 0.931462 -4.866288 -0.0 1e-06 -0.0 
0.0 0.0 0.0 0.0 -0.0 0.0 282.850189 12.210333 100.163818 4.522629 2.687577 89.544128 -2.740678 -0.593391 -3.450494 -0.68824 -0.15618 -5.976516 -2.108701 -0.55737 9.344905 0.789797 2.090527 -15.372661 -0.884213 -1.72653 -3.161246 -1.224559 -1.694127 10.238496 7.7e-05 -2.2e-05 6e-06 -0.112711 0.028952 -0.214238 0.864796 -3.732771 -10.955179 -1.093869 3.82097 -10.931819 28.292135 -15.626006 0.084128 -32.410759 -0.000901 -68.074585 173.81633 -53.303997 -175.419113 24.405205 8.67274 13.491395 -5.882109 9.861286 0.70259 -10.936877 -0.360576 7.156209 1e-06 8.774826 -1e-06 -17.413076 18.569305 5.259004 -1.844033 2.498505 -2.507279 -10.163605 4.678945 4.62111 -20.976034 -4e-06 3e-06 -21.226295 2.451696 -3.594 0.0 -6e-06 0.0 -1.362682 2.240799 -0.746324 -21.334925 0.584909 3.008326 -13.821221 -3e-06 2e-06 -23.887184 -0.249079 -0.839482 -61.432888 2.090241 -1.254008 -0.294025 1.679687 0.833256 -14.218215 0.093214 1.300581 -34.212067 -0.287565 0.967173 -20.033222 0.964537 1.212846 1e-06 -0.0 0.0 -3.44039 0.788233 0.501655 -15.928192 -3.167311 2.99971 -6.338829 -2e-06 1e-06 -18.123455 3.648181 -4.905671 -4e-06 1e-06 -2e-06 -18.9046 16.566589 5.801169 3.023232 -12.025402 -79.281898 -177.921509 59.625694 -178.237534 -6.093895 -19.015503 4.274406 2.243541 -5.255037 -3.180157 14.282896 -0.826593 6.952506 -3e-06 -12.690603 0.0 16.726871 -17.338316 2.07217 1.665666 -1.955923 -2.878298 4.7278 -4.170588 4.993925 11.020529 4e-06 1e-06 12.109053 -3.735717 -2.866782 2e-06 0.0 -1e-06 1.291985 -1.928551 -1.498089 14.800132 0.567469 3.86561 14.242576 -1.341736 -6.660655 19.631969 0.143924 -0.648242 49.941978 -1.193285 -6.077003 0.353029 -1.511151 -0.03194 20.222797 3.68431 2.316633 18.787279 5e-06 2e-06 10.751629 -0.479868 1.397908 -0.0 0.0 2e-06 3.273807 0.305949 -0.58011 21.486818 11.830373 2.266135 8.16293 1e-06 -0.0 18.399088 -3.798984 -4.940573 3e-06 1e-06 -1e-06 -15.479428 75.770393 -47.786198 -10.419736 -18.095747 47.321739 1.383305 19.960157 13.151911 1.895605 -1.787217 -2.877621 -0.0 -0.0 3e-06 17.837307 -86.422592 -40.607441 6.903121 30.545132 27.692554 27.381958 5.759464 25.319862 -2.339057 0.928042 -4.577611 1e-06 1e-06 -1e-06 
