HIERARCHY
ROOT Root
{
  OFFSET 0.0 0.0 0.0
  CHANNELS 6 Xposition Yposition Zposition Zrotation Yrotation Xrotation
  JOINT Hips
  {
    OFFSET 0.0 100.0 0.0
    CHANNELS 6 Xposition Yposition Zposition Zrotation Yrotation Xrotation
    JOINT Spine1
    {
      OFFSET -0.013727 5.003763 -0.053727
      CHANNELS 3 Zrotation Yrotation Xrotation
      JOINT Spine2
      {
        OFFSET -0.0 7.125301 -0.029825
        CHANNELS 3 Zrotation Yrotation Xrotation
        JOINT Chest
        {
          OFFSET -1e-06 7.550063 -0.815971
          CHANNELS 3 Zrotation Yrotation Xrotation
          JOINT Neck1
          {
            OFFSET -0.181677 26.311295 -0.553348
            CHANNELS 3 Zrotation Yrotation Xrotation
            JOINT Neck2
            {
              OFFSET -3e-06 7.709397 2.302585
              CHANNELS 3 Zrotation Yrotation Xrotation
              JOINT Head
              {
                OFFSET -5e-06 6.128916 1.953709
                CHANNELS 3 Zrotation Yrotation Xrotation
                JOINT HeadEnd
                {
                  OFFSET 0.003598 16.065403 -1.835379
                  CHANNELS 3 Zrotation Yrotation Xrotation
                }
                JOINT Jaw
                {
                  OFFSET 0.002637 0.475592 3.094941
                  CHANNELS 3 Zrotation Yrotation Xrotation
                }
                JOINT LeftEye
                {
                  OFFSET 3.206381 5.380205 7.586883
                  CHANNELS 3 Zrotation Yrotation Xrotation
                }
                JOINT RightEye
                {
                  OFFSET -3.22244 5.361869 7.558234
                  CHANNELS 3 Zrotation Yrotation Xrotation
                }
              }
            }
          }
          JOINT LeftShoulder
          {
            OFFSET 1.621652 23.237164 5.113413
            CHANNELS 3 Zrotation Yrotation Xrotation
            JOINT LeftArm
            {
              OFFSET 14.919846 2e-06 -5.502326
              CHANNELS 3 Zrotation Yrotation Xrotation
              JOINT LeftForeArm
              {
                OFFSET 28.739307 0.0 -0.002588
                CHANNELS 3 Zrotation Yrotation Xrotation
                JOINT LeftHand
                {
                  OFFSET 27.093981 -1e-06 0.002609
                  CHANNELS 3 Zrotation Yrotation Xrotation
                  JOINT LeftHandThumb1
                  {
                    OFFSET 2.276482 -1.392045 3.191413
                    CHANNELS 3 Zrotation Yrotation Xrotation
                    JOINT LeftHandThumb2
                    {
                      OFFSET 4.012836 -1.828127 1.641654
                      CHANNELS 3 Zrotation Yrotation Xrotation
                      JOINT LeftHandThumb3
                      {
                        OFFSET 2.798515 0.0 -3e-06
                        CHANNELS 3 Zrotation Yrotation Xrotation
                        JOINT LeftHandThumbEnd
                        {
                          OFFSET 3.180793 -4e-06 4e-06
                          CHANNELS 3 Zrotation Yrotation Xrotation
                        }
                      }
                    }
                  }
                  JOINT LeftHandIndex1
                  {
                    OFFSET 3.247555 -0.531998 2.296169
                    CHANNELS 3 Zrotation Yrotation Xrotation
                    JOINT LeftHandIndex2
                    {
                      OFFSET 6.364578 0.01206 0.1786
                      CHANNELS 3 Zrotation Yrotation Xrotation
                      JOINT LeftHandIndex3
                      {
                        OFFSET 3.662364 0.0 0.0
                        CHANNELS 3 Zrotation Yrotation Xrotation
                        JOINT LeftHandIndex4
                        {
                          OFFSET 2.329242 4e-06 4e-06
                          CHANNELS 3 Zrotation Yrotation Xrotation
                          JOINT LeftHandIndexEnd
                          {
                            OFFSET 2.759615 -0.180537 -0.113024
                            CHANNELS 3 Zrotation Yrotation Xrotation
                          }
                        }
                      }
                    }
                  }
                  JOINT LeftHandMiddle1
                  {
                    OFFSET 3.163495 0.240981 1.000332
                    CHANNELS 3 Zrotation Yrotation Xrotation
                    JOINT LeftHandMiddle2
                    {
                      OFFSET 6.19078 -0.259278 -1.002548
                      CHANNELS 3 Zrotation Yrotation Xrotation
                      JOINT LeftHandMiddle3
                      {
                        OFFSET 4.35652 -4e-06 -1e-06
                        CHANNELS 3 Zrotation Yrotation Xrotation
                        JOINT LeftHandMiddle4
                        {
                          OFFSET 2.996877 -8e-06 0.0
                          CHANNELS 3 Zrotation Yrotation Xrotation
                          JOINT LeftHandMiddleEnd
                          {
                            OFFSET 2.304287 -0.294569 -0.031741
                            CHANNELS 3 Zrotation Yrotation Xrotation
                          }
                        }
                      }
                    }
                  }
                  JOINT LeftHandRing1
                  {
                    OFFSET 2.882643 -0.053652 -0.322543
                    CHANNELS 3 Zrotation Yrotation Xrotation
                    JOINT LeftHandRing2
                    {
                      OFFSET 5.854541 -0.486202 -1.373841
                      CHANNELS 3 Zrotation Yrotation Xrotation
                      JOINT LeftHandRing3
                      {
                        OFFSET 4.350578 0.0 3e-06
                        CHANNELS 3 Zrotation Yrotation Xrotation
                        JOINT LeftHandRing4
                        {
                          OFFSET 2.651321 7e-06 2e-06
                          CHANNELS 3 Zrotation Yrotation Xrotation
                          JOINT LeftHandRingEnd
                          {
                            OFFSET 1.936105 0.077687 -7.1e-05
                            CHANNELS 3 Zrotation Yrotation Xrotation
                          }
                        }
                      }
                    }
                  }
                  JOINT LeftHandPinky1
                  {
                    OFFSET 2.8655 -0.310005 -1.600378
                    CHANNELS 3 Zrotation Yrotation Xrotation
                    JOINT LeftHandPinky2
                    {
                      OFFSET 5.087849 -1.331141 -1.77123
                      CHANNELS 3 Zrotation Yrotation Xrotation
                      JOINT LeftHandPinky3
                      {
                        OFFSET 3.070974 4e-06 0.0
                        CHANNELS 3 Zrotation Yrotation Xrotation
                        JOINT LeftHandPinky4
                        {
                          OFFSET 1.549672 0.0 1e-06
                          CHANNELS 3 Zrotation Yrotation Xrotation
                          JOINT LeftHandPinkyEnd
                          {
                            OFFSET 1.944893 -0.157802 0.057219
                            CHANNELS 3 Zrotation Yrotation Xrotation
                          }
                        }
                      }
                    }
                  }
                }
              }
            }
          }
          JOINT RightShoulder
          {
            OFFSET -1.380118 23.180309 5.214158
            CHANNELS 3 Zrotation Yrotation Xrotation
            JOINT RightArm
            {
              OFFSET -15.037196 1.2e-05 -5.545604
              CHANNELS 3 Zrotation Yrotation Xrotation
              JOINT RightForeArm
              {
                OFFSET -28.736639 2e-06 -0.002597
                CHANNELS 3 Zrotation Yrotation Xrotation
                JOINT RightHand
                {
                  OFFSET -27.133619 -0.0 0.002613
                  CHANNELS 3 Zrotation Yrotation Xrotation
                  JOINT RightHandThumb1
                  {
                    OFFSET -2.274032 -1.383988 3.163127
                    CHANNELS 3 Zrotation Yrotation Xrotation
                    JOINT RightHandThumb2
                    {
                      OFFSET -4.011429 -1.827466 1.640914
                      CHANNELS 3 Zrotation Yrotation Xrotation
                      JOINT RightHandThumb3
                      {
                        OFFSET -2.794935 -4e-06 -3e-06
                        CHANNELS 3 Zrotation Yrotation Xrotation
                        JOINT RightHandThumbEnd
                        {
                          OFFSET -3.183852 4e-06 1e-06
                          CHANNELS 3 Zrotation Yrotation Xrotation
                        }
                      }
                    }
                  }
                  JOINT RightHandIndex1
                  {
                    OFFSET -3.253266 -0.520057 2.282866
                    CHANNELS 3 Zrotation Yrotation Xrotation
                    JOINT RightHandIndex2
                    {
                      OFFSET -6.341917 0.012471 0.178266
                      CHANNELS 3 Zrotation Yrotation Xrotation
                      JOINT RightHandIndex3
                      {
                        OFFSET -3.654871 -8e-06 -0.0
                        CHANNELS 3 Zrotation Yrotation Xrotation
                        JOINT RightHandIndex4
                        {
                          OFFSET -2.327586 0.0 1e-06
                          CHANNELS 3 Zrotation Yrotation Xrotation
                          JOINT RightHandIndexEnd
                          {
                            OFFSET -2.76179 -0.180656 -0.113078
                            CHANNELS 3 Zrotation Yrotation Xrotation
                          }
                        }
                      }
                    }
                  }
                  JOINT RightHandMiddle1
                  {
                    OFFSET -3.168106 0.246593 1.00103
                    CHANNELS 3 Zrotation Yrotation Xrotation
                    JOINT RightHandMiddle2
                    {
                      OFFSET -6.180828 -0.258836 -1.000895
                      CHANNELS 3 Zrotation Yrotation Xrotation
                      JOINT RightHandMiddle3
                      {
                        OFFSET -4.348901 0.0 -0.0
                        CHANNELS 3 Zrotation Yrotation Xrotation
                        JOINT RightHandMiddle4
                        {
                          OFFSET -3.00024 -4e-06 -2e-06
                          CHANNELS 3 Zrotation Yrotation Xrotation
                          JOINT RightHandMiddleEnd
                          {
                            OFFSET -2.30252 -0.29437 -0.031706
                            CHANNELS 3 Zrotation Yrotation Xrotation
                          }
                        }
                      }
                    }
                  }
                  JOINT RightHandRing1
                  {
                    OFFSET -2.88569 -0.067952 -0.308858
                    CHANNELS 3 Zrotation Yrotation Xrotation
                    JOINT RightHandRing2
                    {
                      OFFSET -5.854198 -0.48613 -1.373731
                      CHANNELS 3 Zrotation Yrotation Xrotation
                      JOINT RightHandRing3
                      {
                        OFFSET -4.33881 -4e-06 -0.0
                        CHANNELS 3 Zrotation Yrotation Xrotation
                        JOINT RightHandRing4
                        {
                          OFFSET -2.654903 -4e-06 4e-06
                          CHANNELS 3 Zrotation Yrotation Xrotation
                          JOINT RightHandRingEnd
                          {
                            OFFSET -1.933568 0.077527 -5.2e-05
                            CHANNELS 3 Zrotation Yrotation Xrotation
                          }
                        }
                      }
                    }
                  }
                  JOINT RightHandPinky1
                  {
                    OFFSET -2.866425 -0.342796 -1.584145
                    CHANNELS 3 Zrotation Yrotation Xrotation
                    JOINT RightHandPinky2
                    {
                      OFFSET -5.091371 -1.332055 -1.772385
                      CHANNELS 3 Zrotation Yrotation Xrotation
                      JOINT RightHandPinky3
                      {
                        OFFSET -3.062664 -4e-06 1e-06
                        CHANNELS 3 Zrotation Yrotation Xrotation
                        JOINT RightHandPinky4
                        {
                          OFFSET -1.546529 4e-06 -2e-06
                          CHANNELS 3 Zrotation Yrotation Xrotation
                          JOINT RightHandPinkyEnd
                          {
                            OFFSET -1.945119 -0.157718 0.057211
                            CHANNELS 3 Zrotation Yrotation Xrotation
                          }
                        }
                      }
                    }
                  }
                }
              }
            }
          }
        }
      }
    }
    JOINT LeftLeg
    {
      OFFSET 10.043214 -8.434526 2.595655
      CHANNELS 3 Zrotation Yrotation Xrotation
      JOINT LeftShin
      {
        OFFSET -1e-06 -43.221752 -0.802913
        CHANNELS 3 Zrotation Yrotation Xrotation
        JOINT LeftFoot
        {
          OFFSET 1e-06 -42.155094 -3.481523
          CHANNELS 3 Zrotation Yrotation Xrotation
          JOINT LeftToeBase
          {
            OFFSET 0.0 -5.059472 13.231529
            CHANNELS 3 Zrotation Yrotation Xrotation
            JOINT LeftToeEnd
            {
              OFFSET -0.009607 -1.647619 6.513017
              CHANNELS 3 Zrotation Yrotation Xrotation
            }
          }
        }
      }
    }
    JOINT RightLeg
    {
      OFFSET -10.047278 -8.29526 2.620317
      CHANNELS 3 Zrotation Yrotation Xrotation
      JOINT RightShin
      {
        OFFSET 1e-06 -43.362206 -0.805556
        CHANNELS 3 Zrotation Yrotation Xrotation
        JOINT RightFoot
        {
          OFFSET 2e-06 -42.117393 -3.478398
          CHANNELS 3 Zrotation Yrotation Xrotation
          JOINT RightToeBase
          {
            OFFSET -0.0 -5.079609 13.284196
            CHANNELS 3 Zrotation Yrotation Xrotation
            JOINT RightToeEnd
            {
              OFFSET 0.009532 -1.634378 6.460591
              CHANNELS 3 Zrotation Yrotation Xrotation
            }
          }
        }
      }
    }
  }
}
MOTION
Frames: 210
Frame Time: 0.03333333333333333
0.0 0.0 0.0 0.0 -0.0 0.0 1.829421 95.765015 -6.720411 -2.182833 0.391455 7.288028 2.756398 0.352195 -1.325907 0.087354 1.125564 -5.075771 3.609406 -0.947079 11.473073 -3.869813 4.266078 2.359818 -0.506625 1.376065 -3.710503 -0.584533 0.679881 -10.728354 7.7e-05 -2.3e-05 6e-06 0.021043 -0.014767 -0.005693 0.675784 -3.786634 -10.726294 -0.641798 3.762924 -10.718661 -8.643635 -2.054382 13.171915 -75.137566 5.971215 7.719065 0.570651 -27.596663 0.08101 -5.82567 10.517723 -0.630934 -5.882109 9.861286 0.70259 -10.93688 -0.360578 7.15621 3e-06 8.774826 -0.0 -16.216879 18.373455 6.813254 -1.844033 2.498506 -2.507278 -10.163606 4.678946 4.62111 -20.976038 -6e-06 5e-06 -21.226301 2.451696 -3.593997 2e-06 -5e-06 -1e-06 -1.362682 2.240798 -0.746323 -21.334929 0.584908 3.008326 -13.821223 -3e-06 4e-06 -23.887184 -0.24908 -0.83948 -60.895344 2.448857 -0.655366 -0.294025 1.679687 0.833256 -14.218221 0.093213 1.300582 -34.212082 -0.287566 0.967178 -20.03323 0.964537 1.212847 -1e-06 -0.0 1e-06 -3.440391 0.788234 0.501655 -15.9282 -3.167313 2.99971 -6.338833 -2e-06 2e-06 -18.123459 3.648181 -4.905669 -4e-06 0.0 -2e-06 17.363647 12.896195 16.930496 50.977768 10.761824 9.92242 -0.430241 34.567684 -0.248209 4.084954 -9.833053 -4.937847 2.243541 -5.255036 -3.180157 14.282894 -0.82659 6.952504 -7e-06 -12.690605 2e-06 16.244213 -17.824492 2.395662 1.665666 -1.955921 -2.878299 4.727798 -4.170586 4.993925 11.020529 6e-06 -0.0 12.109054 -3.735713 -2.866783 -0.0 -0.0 -0.0 1.291985 -1.928549 -1.49809 14.800134 0.567473 3.865607 14.242576 -1.341732 -6.660657 19.631973 0.14393 -0.648243 50.033649 -0.66291 -6.312324 0.353029 -1.511151 -0.03194 20.222801 3.684317 2.316631 18.787281 1.1e-05 3e-06 10.751633 -0.479864 1.397908 1e-06 0.0 -0.0 3.273808 0.305948 -0.580112 21.486828 11.830384 2.266132 8.16293 4e-06 1e-06 18.399084 -3.798983 -4.940573 3e-06 -0.0 0.0 -0.601146 11.287297 -35.105618 -0.072304 -0.049845 1.580435 -9.882162 6.379525 3.875383 1.610589 -2.047029 -7.206362 -0.0 0.0 1e-06 -1.098065 -0.213327 11.591366 -0.147466 0.343005 11.43815 3.548926 3.334675 -4.499982 -1.412753 0.764553 -11.104042 0.0 0.0 -1e-06 
0.0 0.0 0.0 0.0 -0.0 0.0 2.852566 95.368904 -2.820348 -0.744684 0.187275 8.12384 1.280053 0.217928 -1.787075 -0.147624 1.074531 -5.260458 2.908149 -1.289042 11.405937 -2.898555 3.949479 1.404467 -0.437927 1.499459 -3.777602 -0.111928 0.610418 -10.963771 7.7e-05 -2.3e-05 6e-06 0.012009 -0.057785 -0.026447 0.670261 -3.813768 -10.67855 -0.653032 3.703289 -10.660941 -8.943284 -2.755867 13.175649 -73.483452 5.500581 7.029335 0.218536 -27.435978 0.130043 -5.487996 10.485172 -0.8108 -5.882109 9.861286 0.702591 -10.936875 -0.360575 7.156208 1e-06 8.774826 -1e-06 -16.22341 18.443995 7.00806 -1.844033 2.498504 -2.507278 -10.163605 4.678946 4.62111 -20.976038 -4e-06 4e-06 -21.226299 2.451697 -3.593998 2e-06 -5e-06 -0.0 -1.362682 2.240799 -0.746324 -21.334923 0.584908 3.008324 -13.82122 -3e-06 3e-06 -23.887182 -0.24908 -0.839482 -61.368008 2.416663 -0.49258 -0.294025 1.679688 0.833256 -14.218214 0.093216 1.30058 -34.212063 -0.287566 0.967172 -20.033224 0.964536 1.212846 -0.0 -0.0 -0.0 -3.44039 0.788234 0.501656 -15.928194 -3.16731 2.999709 -6.338829 -2e-06 1e-06 -18.123453 3.648182 -4.905671 -5e-06 1e-06 -2e-06 18.526871 12.137578 16.938984 50.698341 9.53836 11.332097 -0.880992 33.730675 -0.368074 4.732095 -9.766831 -5.51274 2.243544 -5.255039 -3.180159 14.282902 -0.826596 6.952503 -3e-06 -12.690612 1e-06 16.199375 -17.585264 2.37942 1.665668 -1.955922 -2.878298 4.727802 -4.17059 4.993929 11.020535 3e-06 -3e-06 12.10906 -3.735718 -2.866787 -0.0 1e-06 -1e-06 1.291987 -1.92855 -1.49809 14.800139 0.567467 3.865607 14.242582 -1.341737 -6.660661 19.631985 0.143926 -0.648247 49.90736 -0.573625 -6.2071 0.353029 -1.511152 -0.031939 20.222805 3.68431 2.316631 18.787287 4e-06 -1e-06 10.751636 -0.479869 1.397907 1e-06 1e-06 1e-06 3.273809 0.305947 -0.580113 21.486828 11.830383 2.266133 8.162933 1e-06 -1e-06 18.399097 -3.798987 -4.94058 2e-06 -1e-06 -2e-06 -1.866493 9.207178 -36.341953 -0.058558 -0.074158 5.876077 -5.700543 5.218317 5.254416 1.688588 -2.045583 -7.654539 0.0 0.0 2e-06 -3.675745 -1.050975 10.492653 -0.086489 0.590581 16.47353 3.778389 4.139511 -3.075692 -1.440107 0.763407 -16.284868 -0.0 0.0 -1e-06 
0.0 0.0 0.0 0.0 -0.0 0.0 3.868622 95.233398 1.336879 1.571052 0.425345 8.506248 -0.694746 -0.061835 -2.04092 -0.538885 0.901315 -5.429085 1.501894 -1.640916 11.305881 -0.941992 3.318982 1.028255 -0.537037 1.452639 -3.793041 0.528247 0.50297 -11.602723 7.7e-05 -2.3e-05 6e-06 0.014785 -0.047214 -0.038651 0.682187 -3.795741 -10.656894 -0.658313 3.706984 -10.644964 -8.133103 -4.020543 13.407576 -72.043648 4.366682 7.391031 0.010579 -27.012829 0.161257 -5.196599 9.710017 -2.393521 -5.882111 9.861293 0.702591 -10.93688 -0.360574 7.156209 0.0 8.774831 -1e-06 -16.224152 18.506884 6.997744 -1.844034 2.498505 -2.507279 -10.163608 4.678949 4.62111 -20.976038 -1e-06 1e-06 -21.226303 2.4517 -3.594003 2e-06 -6e-06 -1e-06 -1.362683 2.2408 -0.746324 -21.334929 0.584909 3.008325 -13.821225 -1e-06 2e-06 -23.887188 -0.249078 -0.839483 -61.211918 2.518759 -0.511607 -0.294025 1.679687 0.833256 -14.218219 0.093216 1.300581 -34.212074 -0.287561 0.967171 -20.03323 0.964538 1.212844 -1e-06 -0.0 -0.0 -3.440391 0.788234 0.501656 -15.9282 -3.167311 2.999709 -6.33883 -1e-06 1e-06 -18.123461 3.648184 -4.905673 -7e-06 0.0 -0.0 19.055939 10.939221 16.625019 52.006962 8.157871 11.558661 -0.923115 32.767677 -0.282404 3.925839 -9.821743 -5.096903 2.243542 -5.255038 -3.180156 14.282894 -0.826596 6.952501 -1e-06 -12.690608 -0.0 16.366259 -17.720177 2.380358 1.665667 -1.955922 -2.878299 4.727799 -4.170588 4.993925 11.020528 2e-06 -1e-06 12.109053 -3.735717 -2.866785 0.0 -0.0 0.0 1.291986 -1.92855 -1.498089 14.800131 0.567466 3.865608 14.242576 -1.341738 -6.660661 19.631973 0.143924 -0.648248 50.134285 -0.565934 -6.336944 0.353029 -1.511151 -0.031939 20.222794 3.684309 2.316629 18.787273 4e-06 -2e-06 10.75163 -0.479869 1.397906 -1e-06 1e-06 -1e-06 3.273807 0.305947 -0.580111 21.486813 11.830376 2.266131 8.16293 1e-06 -2e-06 18.399084 -3.798988 -4.940577 3e-06 -0.0 -1e-06 -4.167821 7.186477 -37.369297 -0.004673 -0.064724 11.493176 -1.704803 3.668782 8.629932 1.74759 -2.025952 -7.083774 0.0 -0.0 3e-06 -6.988098 -2.288729 8.221619 -0.142061 0.853146 24.88413 3.955589 4.813137 0.686812 -1.54795 0.841734 -23.816565 -0.0 -0.0 -1e-06 
0.0 0.0 0.0 0.0 -0.0 0.0 4.776057 95.302849 5.779007 3.565179 0.866185 7.932472 -2.220844 -0.218254 -1.627785 -0.996818 0.58216 -5.351989 -0.009225 -1.791497 10.974808 1.077682 2.6322 1.378196 -0.627622 1.150423 -3.701303 0.985846 0.64533 -12.626686 7.7e-05 -2.3e-05 6e-06 0.015589 -0.033105 -0.037386 0.701316 -3.765637 -10.616291 -0.675185 3.703052 -10.597498 -6.009508 -5.723991 14.042768 -71.455757 2.492476 8.565808 -0.153074 -26.860203 0.145947 -5.088449 8.847991 -4.232217 -5.882111 9.861295 0.702591 -10.936878 -0.360574 7.156209 -0.0 8.774831 -1e-06 -16.407602 18.639385 6.779301 -1.844034 2.498507 -2.507278 -10.163607 4.678949 4.621109 -20.97604 -2e-06 1e-06 -21.226303 2.4517 -3.594004 0.0 -7e-06 0.0 -1.362682 2.2408 -0.746324 -21.334929 0.584911 3.008323 -13.821224 -1e-06 1e-06 -23.887188 -0.249078 -0.839486 -61.016575 2.608793 -0.651121 -0.294025 1.679689 0.833256 -14.218219 0.093216 1.300582 -34.212074 -0.287562 0.96717 -20.033226 0.964538 1.212843 -1e-06 0.0 -0.0 -3.440391 0.788234 0.501657 -15.9282 -3.167311 2.999708 -6.33883 -1e-06 1e-06 -18.123459 3.648185 -4.905674 -7e-06 -0.0 -1e-06 17.841667 9.518954 16.173107 55.352318 6.608977 10.846796 -0.706531 32.24733 -0.061328 2.299296 -9.916453 -5.793498 2.243544 -5.255041 -3.18016 14.282904 -0.826596 6.952507 -3e-06 -12.690616 2e-06 16.401953 -17.656561 2.400826 1.665668 -1.955923 -2.8783 4.727803 -4.170592 4.993928 11.020538 3e-06 -3e-06 12.109062 -3.735719 -2.866789 0.0 -1e-06 0.0 1.291987 -1.928551 -1.498088 14.800142 0.567468 3.865608 14.242585 -1.341738 -6.660664 19.631987 0.143927 -0.648246 50.061462 -0.390784 -6.41956 0.353029 -1.511152 -0.03194 20.222813 3.684313 2.316629 18.787294 5e-06 -4e-06 10.751641 -0.479868 1.397905 -1e-06 -0.0 0.0 3.27381 0.305948 -0.58011 21.486834 11.830385 2.266133 8.162935 1e-06 -1e-06 18.399101 -3.798988 -4.940581 2e-06 1e-06 -2e-06 -6.17274 5.939091 -37.082333 -0.03036 -0.12616 17.632292 0.149995 2.901612 8.925408 1.691758 -1.978967 -5.415367 0.0 0.0 2e-06 -9.703772 -3.360135 4.748191 -0.150315 1.12845 36.308926 3.384547 4.806657 7.660025 -1.647791 0.797546 -30.385384 0.0 -0.0 -1e-06 
0.0 0.0 0.0 0.0 -0.0 0.0 5.723934 95.474396 10.390505 5.063974 1.056524 6.823057 -3.373104 -0.343525 -0.894129 -1.304196 0.293064 -5.140882 -1.160056 -1.926339 10.712621 2.208056 2.110427 2.017723 -0.647268 1.233122 -3.636052 1.232534 0.713142 -13.475915 7.7e-05 -2.3e-05 6e-06 0.016814 -0.009764 0.001971 0.711355 -3.749203 -10.597313 -0.685064 3.728368 -10.572082 -4.21501 -7.12522 14.49198 -70.603729 0.3561 9.240771 -0.419593 -27.50894 0.128537 -5.055483 8.361139 -4.739232 -5.882108 9.861288 0.702591 -10.936877 -0.360575 7.156207 0.0 8.774829 1e-06 -16.704741 18.584442 6.272016 -1.844033 2.498504 -2.507279 -10.163604 4.678946 4.62111 -20.97603 -4e-06 2e-06 -21.226295 2.451697 -3.594 -0.0 -7e-06 0.0 -1.362682 2.240798 -0.746325 -21.334921 0.58491 3.008325 -13.821218 -2e-06 3e-06 -23.887178 -0.24908 -0.839482 -60.749088 2.675646 -1.02921 -0.294025 1.679688 0.833256 -14.218214 0.093215 1.300581 -34.212063 -0.287566 0.967171 -20.033226 0.964536 1.212845 0.0 -1e-06 -0.0 -3.44039 0.788234 0.501655 -15.928191 -3.167311 2.999707 -6.33883 -2e-06 2e-06 -18.123455 3.648184 -4.905671 -5e-06 -0.0 -1e-06 16.294111 8.542815 16.1518 58.342064 5.200466 10.16275 -0.747675 32.239712 -0.080914 1.505172 -9.779874 -6.819894 2.243541 -5.255036 -3.180157 14.282887 -0.826595 6.952504 -2e-06 -12.690601 0.0 16.655354 -17.892008 2.469005 1.665666 -1.955921 -2.878299 4.727798 -4.170586 4.993925 11.020524 3e-06 -3e-06 12.109049 -3.735716 -2.866784 1e-06 -1e-06 -1e-06 1.291985 -1.928549 -1.498089 14.800125 0.567468 3.865609 14.242568 -1.341735 -6.660656 19.631962 0.143926 -0.648244 50.172432 -0.215485 -6.411439 0.353029 -1.51115 -0.03194 20.222786 3.684309 2.316631 18.78727 4e-06 -2e-06 10.751626 -0.479869 1.397907 -1e-06 -1e-06 1e-06 3.273807 0.305947 -0.580112 21.486809 11.830371 2.266134 8.162926 1e-06 0.0 18.39908 -3.798985 -4.940574 2e-06 0.0 -2e-06 -7.931306 5.87363 -35.327091 -0.036792 0.000473 23.048922 1.999678 2.123406 5.232817 1.638444 -1.989689 -3.654776 0.0 -0.0 2e-06 -12.03549 -4.086131 -0.171502 0.011496 1.182152 49.188641 4.311015 3.965697 15.540155 -1.544703 0.765861 -22.434855 -0.0 -0.0 -3e-06 
0.0 0.0 0.0 0.0 -0.0 0.0 6.680821 95.831284 15.048337 6.133506 0.807826 5.97533 -4.21044 -0.510246 -0.408787 -1.490149 0.082349 -5.038201 -1.846518 -2.088204 10.566835 2.276745 1.988862 2.638718 -0.499978 1.3996 -3.638955 1.419901 0.826354 -14.200167 7.7e-05 -2.2e-05 6e-06 0.018579 0.029564 0.048444 0.712388 -3.717782 -10.588973 -0.683873 3.777136 -10.558575 -3.824895 -7.783339 14.595418 -68.532059 -1.709279 9.448827 -0.462124 -28.911077 0.15034 -4.918155 7.784381 -5.915416 -5.882107 9.861284 0.702591 -10.936875 -0.360574 7.156208 1e-06 8.774824 -1e-06 -16.953959 18.633316 5.922659 -1.844032 2.498504 -2.507277 -10.163601 4.678945 4.62111 -20.976028 -3e-06 4e-06 -21.226292 2.451698 -3.593998 -1e-06 -7e-06 0.0 -1.362682 2.240798 -0.746324 -21.334919 0.58491 3.008326 -13.821217 -1e-06 3e-06 -23.887175 -0.249077 -0.839482 -60.854908 2.594678 -1.217451 -0.294025 1.679687 0.833258 -14.21821 0.093215 1.300582 -34.212063 -0.287563 0.967172 -20.033215 0.964538 1.212844 -1e-06 1e-06 0.0 -3.440389 0.788233 0.501656 -15.928189 -3.16731 2.999708 -6.338829 -1e-06 2e-06 -18.123451 3.648183 -4.905668 -4e-06 -1e-06 -2e-06 15.722223 7.94824 16.287151 59.237289 3.797323 10.123977 -0.567361 32.850159 0.028244 1.387711 -9.413776 -7.260402 2.243543 -5.255037 -3.180158 14.282896 -0.826594 6.952504 -3e-06 -12.690607 1e-06 16.727692 -17.944357 2.482734 1.665667 -1.955921 -2.878299 4.727799 -4.170588 4.993925 11.020529 4e-06 -3e-06 12.109056 -3.735717 -2.866785 0.0 -1e-06 -0.0 1.291986 -1.928549 -1.498088 14.800132 0.567468 3.865605 14.242577 -1.341735 -6.66066 19.631973 0.143928 -0.648245 50.169044 -0.158718 -6.359126 0.353029 -1.511151 -0.03194 20.222801 3.68431 2.31663 18.787281 5e-06 -2e-06 10.751632 -0.479868 1.397907 -0.0 -0.0 -1e-06 3.273808 0.305947 -0.58011 21.48682 11.830376 2.26613 8.162931 2e-06 0.0 18.399088 -3.798985 -4.940576 3e-06 0.0 -1e-06 -9.191515 5.964843 -32.389668 0.065521 0.126553 25.665871 2.85835 2.119248 0.521673 1.634004 -2.003229 -3.169773 -0.0 -0.0 2e-06 -13.561357 -4.230538 -5.68603 0.115085 0.991076 60.001785 4.060266 2.868467 17.377695 -1.400743 0.905875 -8.184233 -0.0 -0.0 -0.0 
0.0 0.0 0.0 0.0 -0.0 0.0 7.513099 96.509399 19.420544 6.599971 0.518576 5.501484 -4.652725 -0.625328 -0.260165 -1.577821 -0.154428 -4.971726 -2.142095 -2.318628 10.545877 2.021674 2.128824 3.030794 -0.466341 1.592525 -3.658245 1.4679 1.022385 -14.546021 7.7e-05 -2.2e-05 6e-06 0.022778 0.0564 0.066811 0.709297 -3.697926 -10.606948 -0.67282 3.812748 -10.580199 -4.371806 -7.910028 14.355074 -65.720139 -3.791348 8.929209 -0.364561 -30.316338 0.094507 -3.795572 7.061832 -6.780308 -5.882108 9.861291 0.702589 -10.936875 -0.360576 7.156204 1e-06 8.774831 -1e-06 -17.068237 18.571892 5.707502 -1.844033 2.498505 -2.507277 -10.163603 4.678946 4.621107 -20.97603 -5e-06 1e-06 -21.226292 2.451696 -3.594002 -2e-06 -7e-06 1e-06 -1.362682 2.240799 -0.746324 -21.334923 0.584908 3.008321 -13.82122 -4e-06 1e-06 -23.887182 -0.249082 -0.839485 -60.942097 2.598586 -1.325953 -0.294025 1.679688 0.833256 -14.218214 0.093214 1.300578 -34.212063 -0.287569 0.967166 -20.033218 0.964532 1.212844 -0.0 -0.0 -0.0 -3.440389 0.788234 0.501656 -15.928191 -3.167312 2.999705 -6.338829 -1e-06 2e-06 -18.123453 3.648183 -4.905675 -3e-06 0.0 -2e-06 15.933925 7.739029 16.45849 59.016624 2.64741 10.095121 -0.356047 33.33754 0.087633 1.049584 -9.208443 -7.207291 2.243542 -5.255038 -3.180158 14.282896 -0.826595 6.952505 -2e-06 -12.69061 1e-06 16.691074 -17.954824 2.446994 1.665667 -1.955922 -2.878298 4.7278 -4.170589 4.993925 11.020528 3e-06 -2e-06 12.109056 -3.735718 -2.866784 0.0 -0.0 0.0 1.291986 -1.92855 -1.498088 14.800132 0.567468 3.865608 14.242577 -1.341737 -6.660659 19.631971 0.143925 -0.648246 50.211586 -0.153329 -6.280923 0.353029 -1.511151 -0.03194 20.222797 3.68431 2.316629 18.787279 3e-06 -1e-06 10.751631 -0.479869 1.397906 1e-06 0.0 -0.0 3.273808 0.305947 -0.58011 21.486816 11.830379 2.266134 8.16293 1e-06 -1e-06 18.399084 -3.798987 -4.940578 3e-06 0.0 -1e-06 -9.761 5.975853 -28.595636 0.134477 0.164483 25.343376 3.110671 2.326662 -2.503284 1.625568 -2.00543 -2.867167 -0.0 -1e-06 2e-06 -13.900388 -4.358453 -11.401229 0.16112 0.645013 67.363777 2.320473 1.541757 11.982541 -1.476331 0.972572 -5.882697 0.0 0.0 -2e-06 
0.0 0.0 0.0 0.0 -0.0 0.0 8.230841 97.437164 23.514746 6.359663 0.612369 5.050691 -4.668003 -0.770528 -0.075975 -1.521179 -0.423474 -4.864597 -2.086324 -2.621086 10.461644 1.708551 2.335323 3.358262 -0.478127 1.725226 -3.679741 1.314617 1.251984 -14.44186 7.7e-05 -2.3e-05 6e-06 0.023793 0.051418 0.060413 0.701379 -3.705925 -10.614162 -0.66234 3.811969 -10.596343 -4.731651 -8.237227 14.071522 -63.368759 -6.039486 7.396333 -0.357567 -31.365673 0.09923 -2.218984 6.652336 -7.417631 -5.88211 9.86129 0.70259 -10.936878 -0.360575 7.156209 1e-06 8.77483 -1e-06 -17.019451 18.525249 5.682628 -1.844033 2.498505 -2.50728 -10.163605 4.678947 4.621112 -20.976038 -4e-06 2e-06 -21.226297 2.451697 -3.594001 -1e-06 -6e-06 -0.0 -1.362682 2.2408 -0.746325 -21.334929 0.584909 3.008324 -13.821223 -3e-06 2e-06 -23.887184 -0.249081 -0.839483 -61.007961 2.5709 -1.28744 -0.294025 1.679688 0.833255 -14.218215 0.093214 1.300579 -34.212067 -0.287564 0.967171 -20.033226 0.964537 1.212842 0.0 1e-06 -1e-06 -3.44039 0.788234 0.501657 -15.928198 -3.167311 2.999707 -6.33883 -1e-06 3e-06 -18.123459 3.648184 -4.905672 -2e-06 0.0 -3e-06 15.928119 7.589919 16.603291 59.203785 1.775769 9.474769 -0.227279 33.574131 0.09208 0.348525 -9.548505 -6.948833 2.243543 -5.25504 -3.180159 14.282904 -0.826595 6.952506 -3e-06 -12.690612 -0.0 16.641748 -17.947992 2.446763 1.665668 -1.955922 -2.8783 4.727803 -4.17059 4.993925 11.020535 3e-06 0.0 12.10906 -3.735718 -2.866785 -0.0 -1e-06 0.0 1.291987 -1.92855 -1.498089 14.800139 0.567469 3.865609 14.242582 -1.341737 -6.660661 19.631985 0.143927 -0.648245 50.243156 -0.114425 -6.21312 0.353029 -1.511151 -0.031941 20.222805 3.684313 2.31663 18.787289 5e-06 -0.0 10.751637 -0.479868 1.397907 -1e-06 -0.0 -0.0 3.273809 0.305947 -0.58011 21.48683 11.830383 2.266134 8.162935 3e-06 -3e-06 18.399092 -3.798986 -4.940579 3e-06 0.0 -0.0 -9.54894 5.938844 -23.850798 0.103268 0.086206 22.784664 3.113127 2.23696 -4.278059 1.628029 -1.98213 -2.576709 0.0 -0.0 2e-06 -12.828651 -4.764106 -17.080601 0.161189 0.334663 70.868835 0.549626 -0.419711 7.133998 -1.526015 0.997152 -5.560646 0.0 -0.0 -1e-06 
0.0 0.0 0.0 0.0 -0.0 0.0 8.836351 98.430496 27.529833 5.587587 1.244441 4.500825 -4.437024 -0.953617 0.244567 -1.355563 -0.765229 -4.70802 -1.729648 -3.073046 10.258621 1.394813 2.511296 3.685936 -0.403338 1.855369 -3.68908 1.024368 1.484941 -14.053904 7.7e-05 -2.3e-05 6e-06 0.022036 0.033957 0.050132 0.698569 -3.723529 -10.629584 -0.661955 3.795069 -10.61823 -4.368261 -8.929247 13.725384 -61.94326 -8.182179 5.461361 -0.458528 -32.305634 0.158729 -0.882538 6.543408 -8.197976 -5.88211 9.861292 0.702591 -10.936878 -0.360576 7.156207 1e-06 8.774831 -1e-06 -16.746593 18.483612 5.816718 -1.844034 2.498505 -2.50728 -10.163605 4.678948 4.62111 -20.976038 -5e-06 2e-06 -21.226301 2.451697 -3.594004 -2e-06 -6e-06 1e-06 -1.362683 2.2408 -0.746325 -21.33493 0.584909 3.008322 -13.821222 -4e-06 -0.0 -23.887186 -0.249082 -0.839484 -60.948498 2.591007 -1.20728 -0.294025 1.679687 0.833257 -14.21822 0.093214 1.300579 -34.212074 -0.287568 0.967167 -20.03323 0.964534 1.212844 1e-06 -0.0 -1e-06 -3.440391 0.788233 0.501656 -15.928196 -3.167312 2.999705 -6.33883 -2e-06 1e-06 -18.123459 3.648184 -4.905675 -3e-06 0.0 0.0 15.574121 7.336338 16.606974 59.951828 1.075084 8.402092 -0.123332 33.66647 0.048314 -0.282113 -10.116053 -6.791932 2.243543 -5.255038 -3.180159 14.282898 -0.826596 6.952505 -2e-06 -12.690607 1e-06 16.551229 -17.915457 2.509839 1.665668 -1.955922 -2.878301 4.727801 -4.170589 4.993927 11.020532 2e-06 -1e-06 12.109058 -3.735718 -2.866785 1e-06 -1e-06 -1e-06 1.291987 -1.92855 -1.498089 14.800138 0.567467 3.865609 14.24258 -1.341737 -6.660661 19.631981 0.143925 -0.648246 50.158062 -0.102927 -6.20093 0.35303 -1.511151 -0.03194 20.222803 3.684309 2.31663 18.787285 3e-06 -2e-06 10.751635 -0.47987 1.397906 0.0 0.0 -1e-06 3.273808 0.305947 -0.580111 21.486826 11.830378 2.266132 8.162933 2e-06 -1e-06 18.399096 -3.798986 -4.940579 4e-06 0.0 -0.0 -8.689615 5.866199 -18.511766 0.03529 -0.08258 18.701088 2.859424 1.66564 -4.896966 1.631835 -1.933768 -2.297262 -0.0 0.0 2e-06 -10.685382 -5.549555 -22.095148 0.128469 0.060682 70.403236 -0.509919 -2.444884 3.920873 -1.509191 0.970744 -5.55883 -0.0 0.0 -0.0 
0.0 0.0 0.0 0.0 -0.0 0.0 9.345428 99.244514 31.649843 4.655384 2.235395 4.021723 -4.172001 -1.116566 0.547354 -1.188286 -1.183528 -4.558197 -1.177289 -3.622645 10.024237 1.169851 2.586168 3.901137 -0.261458 2.040799 -3.705135 0.723342 1.67309 -13.528119 7.7e-05 -2.3e-05 6e-06 0.021127 0.013477 0.03796 0.695332 -3.741966 -10.656276 -0.659162 3.772143 -10.647733 -3.565445 -9.797197 13.291409 -61.085716 -10.0415 3.816651 -0.676029 -33.416832 0.283995 -0.088108 6.5504 -9.093459 -5.882107 9.861284 0.70259 -10.936872 -0.360576 7.156202 2e-06 8.774824 -1e-06 -16.426846 18.441696 5.972615 -1.844034 2.498505 -2.507278 -10.163601 4.678944 4.621107 -20.976027 -6e-06 -0.0 -21.226288 2.451694 -3.594001 -1e-06 -7e-06 -1e-06 -1.362681 2.240798 -0.746324 -21.334915 0.584908 3.008319 -13.821216 -4e-06 -0.0 -23.887173 -0.249083 -0.839485 -60.822617 2.659017 -1.136527 -0.294024 1.679687 0.833257 -14.218208 0.093214 1.300578 -34.212048 -0.287569 0.967167 -20.033213 0.964533 1.212842 -0.0 -1e-06 -0.0 -3.440389 0.788232 0.501654 -15.928189 -3.167312 2.999704 -6.338827 -1e-06 -1e-06 -18.123449 3.648179 -4.905673 -4e-06 1e-06 -1e-06 15.311899 6.926856 16.412058 60.673233 0.38287 7.259875 -0.041748 33.933636 -0.02022 -0.663846 -10.6333 -6.48375 2.243542 -5.255038 -3.180159 14.282901 -0.826595 6.952506 -4e-06 -12.690608 1e-06 16.349693 -17.854469 2.631176 1.665667 -1.955922 -2.8783 4.727802 -4.170589 4.993925 11.020535 3e-06 -1e-06 12.109059 -3.735716 -2.866786 0.0 -0.0 -0.0 1.291987 -1.92855 -1.49809 14.800139 0.567469 3.865608 14.242584 -1.341735 -6.660661 19.631981 0.143927 -0.648245 49.935013 -0.1775 -6.257458 0.35303 -1.511151 -0.03194 20.222809 3.684313 2.31663 18.787289 7e-06 -2e-06 10.751636 -0.479868 1.397906 -0.0 1e-06 -0.0 3.273809 0.305947 -0.580111 21.486832 11.830381 2.266132 8.162934 2e-06 -1e-06 18.399096 -3.798983 -4.940578 3e-06 -0.0 -1e-06 -7.557379 5.685598 -12.785048 -0.005449 -0.227252 13.861894 2.423455 0.733946 -5.232334 1.63785 -1.857311 -2.143107 -0.0 0.0 2e-06 -8.172293 -6.633271 -26.156698 0.034501 -0.184637 66.243073 -0.575983 -3.927531 2.007518 -1.469313 0.933373 -5.703961 0.0 0.0 -4e-06 
0.0 0.0 0.0 0.0 -0.0 0.0 9.817223 99.699707 35.932636 4.031285 3.355205 3.796772 -4.086841 -1.213804 0.716689 -1.094834 -1.656222 -4.468022 -0.643846 -4.14644 9.858034 1.111328 2.579576 3.841496 -0.172082 2.244261 -3.732904 0.520197 1.732455 -13.182834 7.7e-05 -2.2e-05 6e-06 0.021604 -0.00977 0.028212 0.689227 -3.758926 -10.665492 -0.650989 3.742805 -10.652493 -2.600653 -10.690253 12.792386 -60.334328 -11.706855 2.82856 -0.963078 -34.976482 0.467123 0.324379 6.534433 -9.915364 -5.882106 9.861284 0.702589 -10.936871 -0.360574 7.156203 -1e-06 8.774824 -2e-06 -16.162933 18.40011 6.078853 -1.844033 2.498504 -2.507278 -10.163599 4.678944 4.621108 -20.976021 -0.0 4e-06 -21.226282 2.451701 -3.593999 -1e-06 -6e-06 -0.0 -1.362682 2.240798 -0.746322 -21.334911 0.58491 3.008323 -13.821213 -1e-06 3e-06 -23.887163 -0.249075 -0.839482 -60.695686 2.755026 -1.137149 -0.294025 1.679687 0.833256 -14.218207 0.093215 1.30058 -34.212048 -0.28756 0.96717 -20.033211 0.964539 1.212842 1e-06 0.0 -1e-06 -3.440389 0.788234 0.501655 -15.928183 -3.167309 2.999707 -6.338825 0.0 2e-06 -18.123444 3.648186 -4.905669 -3e-06 1e-06 -2e-06 15.26871 6.378446 16.144087 61.202797 -0.299978 6.249662 -0.032201 34.707687 -0.096496 -1.051615 -10.999967 -6.082203 2.243541 -5.255037 -3.180156 14.282887 -0.826596 6.952504 -0.0 -12.690607 0.0 16.160069 -17.778494 2.753354 1.665666 -1.955922 -2.878298 4.727798 -4.170588 4.993925 11.020523 1e-06 -0.0 12.109048 -3.735719 -2.866783 0.0 -0.0 0.0 1.291985 -1.92855 -1.498089 14.800125 0.567467 3.865608 14.242568 -1.341739 -6.660654 19.631962 0.143922 -0.648243 49.740032 -0.284959 -6.334173 0.353029 -1.511151 -0.03194 20.222786 3.684307 2.316632 18.78727 1e-06 1e-06 10.751625 -0.47987 1.397906 -2e-06 -0.0 0.0 3.273805 0.305947 -0.58011 21.486807 11.830374 2.266135 8.162926 0.0 0.0 18.399076 -3.798989 -4.940573 2e-06 0.0 -1e-06 -6.680076 5.41929 -7.010288 -0.013141 -0.27437 8.585427 1.906295 -0.406471 -5.354359 1.645672 -1.780903 -2.072535 -0.0 -0.0 2e-06 -5.947581 -7.756684 -29.522131 -0.090076 -0.3105 58.906197 0.371119 -4.933676 0.863465 -1.444803 0.942281 -5.772573 -0.0 0.0 -2e-06 
0.0 0.0 0.0 0.0 -0.0 0.0 10.282784 99.714005 40.116508 3.986992 4.425668 3.807269 -4.270427 -1.263937 0.763138 -1.077325 -2.133591 -4.418362 -0.366561 -4.531289 9.803351 1.278997 2.488903 3.536637 -0.197554 2.322637 -3.745847 0.397691 1.707142 -13.241838 7.7e-05 -2.3e-05 6e-06 0.018655 -0.022631 0.031704 0.678581 -3.768371 -10.650202 -0.645767 3.72763 -10.63576 -1.598014 -11.514677 12.398139 -59.537434 -13.252288 2.430889 -1.185176 -37.081703 0.650012 0.660759 6.348543 -10.54013 -5.882108 9.861286 0.70259 -10.936875 -0.360574 7.156206 1e-06 8.774826 -1e-06 -15.9588 18.385374 6.127871 -1.844033 2.498504 -2.507277 -10.163603 4.678946 4.621109 -20.97603 -4e-06 3e-06 -21.226292 2.451698 -3.593999 2e-06 -6e-06 -1e-06 -1.362681 2.240797 -0.746322 -21.334921 0.58491 3.008324 -13.821219 -3e-06 2e-06 -23.887175 -0.24908 -0.839485 -60.504501 2.876465 -1.206036 -0.294025 1.679688 0.833256 -14.218214 0.093215 1.30058 -34.212063 -0.287564 0.96717 -20.033222 0.964536 1.212844 1e-06 -0.0 -2e-06 -3.44039 0.788234 0.501655 -15.928192 -3.167311 2.999707 -6.33883 -1e-06 -0.0 -18.123455 3.648183 -4.905671 -3e-06 1e-06 -2e-06 15.286433 5.760345 15.940154 61.719517 -0.811256 5.662446 -0.121443 35.988163 -0.195434 -1.498636 -11.234723 -5.70791 2.243541 -5.255037 -3.180157 14.282895 -0.826596 6.952505 -2e-06 -12.690607 1e-06 16.113024 -17.707726 2.799537 1.665667 -1.955922 -2.878299 4.727799 -4.170588 4.993925 11.020527 3e-06 -1e-06 12.109053 -3.735717 -2.866783 -0.0 0.0 0.0 1.291986 -1.928549 -1.498089 14.800132 0.567467 3.865609 14.242573 -1.341737 -6.660657 19.631969 0.143925 -0.648244 49.700691 -0.343178 -6.376561 0.353029 -1.511151 -0.03194 20.222795 3.68431 2.316632 18.787279 3e-06 -0.0 10.751633 -0.479869 1.397907 -1e-06 0.0 -0.0 3.273807 0.305947 -0.58011 21.486818 11.830376 2.266134 8.16293 1e-06 0.0 18.399086 -3.798987 -4.940576 3e-06 -0.0 -1e-06 -6.399538 5.120214 -2.467057 -0.017459 -0.225615 5.018993 1.529364 -1.516163 -5.724527 1.653241 -1.760837 -2.076708 0.0 0.0 2e-06 -4.506411 -8.614832 -32.038326 -0.116041 -0.221666 48.94046 1.575373 -5.871426 0.959063 -1.436231 0.995901 -5.747398 0.0 0.0 -1e-06 
0.0 0.0 0.0 0.0 -0.0 0.0 10.751957 99.370918 44.12978 4.359605 5.410626 3.928432 -4.571714 -1.320684 0.753744 -1.087561 -2.533765 -4.418 -0.375128 -4.795211 9.865842 1.571118 2.309664 3.103699 -0.254192 2.212466 -3.726504 0.321085 1.682848 -13.583198 7.7e-05 -2.2e-05 6e-06 0.009609 -0.014072 0.04997 0.666151 -3.767457 -10.648164 -0.6515 3.744293 -10.643292 -0.692165 -12.203824 12.24358 -58.73008 -14.695004 2.357042 -1.158275 -39.576427 0.691528 0.959715 5.928334 -10.815592 -5.88211 9.861292 0.70259 -10.936877 -0.360576 7.156205 0.0 8.774832 -1e-06 -15.856453 18.402189 6.145565 -1.844033 2.498506 -2.50728 -10.163606 4.678948 4.621109 -20.976038 -4e-06 -1e-06 -21.226303 2.451695 -3.594007 2e-06 -6e-06 -1e-06 -1.362682 2.2408 -0.746323 -21.334927 0.584911 3.008319 -13.821221 -3e-06 0.0 -23.887184 -0.249082 -0.839487 -60.429356 2.955547 -1.256571 -0.294025 1.679688 0.833257 -14.218217 0.093213 1.300579 -34.21207 -0.28757 0.967165 -20.033222 0.964532 1.212842 0.0 -1e-06 1e-06 -3.44039 0.788235 0.501656 -15.928196 -3.167312 2.999706 -6.338831 -2e-06 -1e-06 -18.123459 3.648183 -4.905677 -2e-06 0.0 -1e-06 15.232449 5.14892 15.828784 62.295364 -1.152665 5.584793 -0.215795 37.483932 -0.247583 -1.716889 -11.287424 -5.402133 2.243544 -5.255039 -3.180159 14.282904 -0.826596 6.952507 -3e-06 -12.69061 2e-06 16.148279 -17.677534 2.779565 1.665668 -1.955922 -2.878301 4.727803 -4.17059 4.993926 11.020536 3e-06 -2e-06 12.109062 -3.735717 -2.866786 1e-06 0.0 -0.0 1.291987 -1.92855 -1.49809 14.800139 0.567468 3.865608 14.242584 -1.341736 -6.660661 19.631987 0.143927 -0.648246 49.806454 -0.388155 -6.392616 0.353029 -1.511151 -0.03194 20.222805 3.684311 2.31663 18.787289 5e-06 -2e-06 10.751636 -0.479868 1.397906 -2e-06 -0.0 0.0 3.27381 0.305947 -0.580111 21.486832 11.830381 2.266132 8.162934 1e-06 -2e-06 18.399096 -3.798985 -4.94058 3e-06 -0.0 -1e-06 -6.515265 4.809201 1.263177 -0.024066 -0.14158 2.939843 1.327424 -2.399544 -6.64328 1.656603 -1.802291 -2.206367 -0.0 0.0 2e-06 -3.899678 -9.134386 -33.30069 -0.025028 -0.06905 36.614006 2.400244 -6.770994 2.686796 -1.437044 1.092853 -5.619923 0.0 0.0 -1e-06 
0.0 0.0 0.0 0.0 -0.0 0.0 11.202757 98.705833 48.225193 4.894361 6.350586 4.087679 -4.883256 -1.33154 0.722855 -1.126212 -2.790058 -4.509853 -0.502595 -5.070677 10.043499 1.94791 2.140191 2.616578 -0.307061 1.964749 -3.691947 0.2733 1.529825 -13.953942 7.7e-05 -2.3e-05 6e-06 0.001639 0.02212 0.064966 0.663585 -3.73877 -10.669867 -0.665306 3.788601 -10.680733 0.01962 -12.737738 12.2715 -58.021332 -15.963677 2.338624 -0.906486 -42.316502 0.568527 1.119511 5.412403 -10.775271 -5.882107 9.861286 0.702589 -10.93687 -0.360575 7.156206 0.0 8.774825 0.0 -15.821076 18.477533 6.195493 -1.844034 2.498506 -2.507278 -10.1636 4.678947 4.621109 -20.976023 -3e-06 -1e-06 -21.226286 2.451696 -3.594003 0.0 -7e-06 -1e-06 -1.362682 2.240798 -0.746325 -21.334911 0.584911 3.008322 -13.821213 -4e-06 -0.0 -23.887167 -0.249079 -0.839485 -60.558437 2.962997 -1.311131 -0.294025 1.679688 0.833256 -14.218206 0.093216 1.300579 -34.212048 -0.287563 0.967166 -20.033211 0.964535 1.212841 1e-06 -0.0 2e-06 -3.440389 0.788235 0.501656 -15.928185 -3.167309 2.999706 -6.338827 -0.0 1e-06 -18.123444 3.648183 -4.905673 -4e-06 2e-06 -2e-06 15.134954 4.604761 15.773116 62.782806 -1.408599 6.043275 -0.193268 38.770885 -0.198574 -1.4417 -11.132982 -5.000791 2.243543 -5.255038 -3.180159 14.282896 -0.826595 6.952504 -3e-06 -12.690609 1e-06 16.177067 -17.731071 2.796595 1.665667 -1.955922 -2.878299 4.727801 -4.170588 4.993925 11.020534 3e-06 -1e-06 12.109058 -3.735717 -2.866785 1e-06 0.0 -0.0 1.291986 -1.92855 -1.49809 14.800136 0.567468 3.865608 14.242579 -1.341736 -6.660661 19.631973 0.143927 -0.648245 50.145485 -0.476344 -6.365633 0.353029 -1.511151 -0.03194 20.222801 3.684311 2.31663 18.787283 5e-06 -2e-06 10.751633 -0.479868 1.397907 0.0 -0.0 0.0 3.273808 0.305947 -0.580111 21.486824 11.83038 2.266132 8.162932 2e-06 -2e-06 18.399092 -3.798985 -4.94058 3e-06 -0.0 -1e-06 -6.719278 4.652192 4.335432 -0.002873 -0.075649 2.276136 1.224481 -3.292969 -8.411528 1.658519 -1.852566 -2.398447 -0.0 0.0 2e-06 -3.763416 -9.404762 -33.38271 0.083834 -0.057653 22.569094 3.311962 -7.453693 4.597363 -1.397623 1.203703 -5.439437 -0.0 0.0 -1e-06 
0.0 0.0 0.0 0.0 -0.0 0.0 11.596184 97.780487 52.591217 5.353553 7.075383 4.338496 -5.101135 -1.237594 0.580129 -1.195583 -2.919544 -4.62965 -0.612767 -5.327745 10.191264 2.436133 2.033298 2.118367 -0.350755 1.596969 -3.670221 0.226325 1.279411 -14.017784 7.7e-05 -2.2e-05 6e-06 0.009317 0.086598 0.060831 0.674654 -3.670665 -10.689099 -0.661275 3.851839 -10.708145 0.23698 -13.022867 12.111602 -57.237583 -16.651644 2.445493 -0.62787 -45.225025 0.407388 0.976602 5.062975 -10.466034 -5.882108 9.861286 0.70259 -10.936873 -0.360576 7.156204 1e-06 8.774828 0.0 -15.810453 18.590588 6.294537 -1.844034 2.498505 -2.507278 -10.163601 4.678944 4.621109 -20.976025 -5e-06 -1e-06 -21.226288 2.451693 -3.594 0.0 -6e-06 0.0 -1.362681 2.240798 -0.746324 -21.334917 0.584906 3.008322 -13.821217 -3e-06 1e-06 -23.887175 -0.249082 -0.839484 -60.699352 2.856236 -1.389878 -0.294025 1.67969 0.833257 -14.21821 0.093214 1.300578 -34.212051 -0.287569 0.967167 -20.033218 0.964535 1.212842 1e-06 1e-06 -0.0 -3.440389 0.788233 0.501655 -15.928189 -3.16731 2.999708 -6.338827 -0.0 0.0 -18.123447 3.648183 -4.905673 -5e-06 -0.0 -2e-06 15.4568 4.192849 15.571124 62.655422 -1.797988 7.078059 -0.09608 39.47858 -0.095082 -0.390172 -11.139389 -3.736911 2.243541 -5.255036 -3.180156 14.282887 -0.826594 6.9525 -3e-06 -12.690601 0.0 16.128241 -17.762396 2.818956 1.665666 -1.955921 -2.878298 4.727798 -4.170587 4.993923 11.020525 3e-06 -0.0 12.109052 -3.735714 -2.866783 1e-06 -0.0 0.0 1.291986 -1.928549 -1.498089 14.800129 0.567469 3.865607 14.242571 -1.341736 -6.660658 19.631968 0.143926 -0.648245 50.415028 -0.554952 -6.359429 0.353029 -1.51115 -0.03194 20.222788 3.68431 2.316629 18.78727 5e-06 -0.0 10.751629 -0.479868 1.397906 0.0 0.0 -1e-06 3.273806 0.305947 -0.580111 21.486813 11.830374 2.266132 8.162926 2e-06 -1e-06 18.39908 -3.798982 -4.940574 3e-06 0.0 -2e-06 -6.648301 4.853699 7.245205 0.001056 -0.05776 2.1219 1.227009 -4.553972 -10.631136 1.671824 -1.829043 -2.664862 0.0 -0.0 2e-06 -3.540835 -9.33288 -33.554596 0.190187 -0.112462 10.023388 4.397478 -8.30539 5.223101 -1.300975 1.258338 -5.358864 -0.0 0.0 -0.0 
0.0 0.0 0.0 0.0 -0.0 0.0 11.927353 96.77459 57.27293 5.536809 7.446727 4.615175 -5.067947 -1.149946 0.303313 -1.230029 -2.951756 -4.705015 -0.718452 -5.406866 10.289442 2.973878 1.82476 1.595586 -0.424153 1.397774 -3.639872 0.189788 1.044659 -13.897942 7.7e-05 -2.3e-05 6e-06 0.019602 0.073735 0.045193 0.678778 -3.678697 -10.690895 -0.644572 3.836174 -10.710095 -0.107147 -12.971206 11.636811 -56.536057 -16.632616 2.536592 -0.521322 -47.913696 0.433827 0.959541 4.672492 -10.005302 -5.882108 9.86129 0.702591 -10.936875 -0.360575 7.156204 1e-06 8.774828 1e-06 -15.867452 18.627598 6.291157 -1.844034 2.498505 -2.507279 -10.163603 4.678946 4.621109 -20.97603 -7e-06 -5e-06 -21.226294 2.451691 -3.594004 1e-06 -7e-06 -2e-06 -1.362681 2.240797 -0.746324 -21.334917 0.584905 3.00832 -13.821218 -6e-06 -2e-06 -23.887178 -0.249086 -0.839485 -60.823326 2.752732 -1.440007 -0.294025 1.679688 0.833256 -14.218214 0.093213 1.300578 -34.212063 -0.287572 0.967164 -20.033222 0.964532 1.212843 -1e-06 -1e-06 -1e-06 -3.440389 0.788233 0.501656 -15.928189 -3.167313 2.999704 -6.338828 1e-06 -3e-06 -18.123453 3.648182 -4.905675 -4e-06 1e-06 -2e-06 16.290678 3.962811 15.317113 61.925297 -2.09985 8.528922 -0.325549 39.243446 -0.128054 1.20114 -11.914792 -2.235936 2.243543 -5.255039 -3.180159 14.282898 -0.826594 6.952504 -4e-06 -12.690612 1e-06 16.054646 -17.761889 2.810705 1.665668 -1.955922 -2.8783 4.727801 -4.17059 4.993925 11.020535 3e-06 -2e-06 12.109059 -3.735718 -2.866788 -0.0 0.0 0.0 1.291986 -1.92855 -1.49809 14.800136 0.567469 3.865609 14.242579 -1.341735 -6.660662 19.631977 0.143929 -0.648246 50.238197 -0.638805 -6.44256 0.353029 -1.511151 -0.031939 20.222803 3.684313 2.316628 18.787285 7e-06 -4e-06 10.751631 -0.479868 1.397905 1e-06 0.0 1e-06 3.273809 0.305947 -0.580112 21.486824 11.830384 2.266132 8.16293 2e-06 -2e-06 18.399092 -3.798984 -4.94058 4e-06 0.0 -1e-06 -6.102731 5.178507 10.449709 -0.017677 -0.021702 1.499254 1.043848 -5.913125 -12.171515 1.723971 -1.725753 -2.871212 -0.0 0.0 2e-06 -2.868788 -8.878505 -34.781845 0.17319 -0.025864 2.581124 5.267664 -9.014982 4.037399 -1.22172 1.258538 -5.153056 -0.0 0.0 -0.0 
0.0 0.0 0.0 0.0 -0.0 0.0 12.186806 95.77597 62.068623 5.765611 7.631922 4.726229 -5.096786 -1.151407 0.068803 -1.256448 -3.038114 -4.747015 -0.800438 -5.302777 10.410754 3.506349 1.643364 1.094042 -0.441395 1.386771 -3.557078 0.106193 0.950025 -14.012552 7.7e-05 -2.3e-05 6e-06 0.018276 0.026587 0.045008 0.674044 -3.723024 -10.685377 -0.64116 3.786651 -10.683042 -0.622182 -12.768576 11.564184 -56.357887 -16.212906 2.183035 -0.666079 -50.240112 0.44496 1.432302 4.212222 -9.283057 -5.882109 9.861286 0.70259 -10.936872 -0.360574 7.156202 -1e-06 8.774826 2e-06 -15.858366 18.571825 6.315258 -1.844033 2.498504 -2.507278 -10.163603 4.678947 4.621108 -20.976032 -1e-06 -1e-06 -21.226292 2.451696 -3.594003 1e-06 -7e-06 -2e-06 -1.362682 2.2408 -0.746324 -21.334917 0.58491 3.008319 -13.821217 -3e-06 -0.0 -23.887173 -0.249079 -0.839488 -60.976192 2.702484 -1.203089 -0.294024 1.679687 0.833257 -14.21821 0.093216 1.300579 -34.212051 -0.287561 0.967164 -20.033215 0.964536 1.21284 0.0 -0.0 -0.0 -3.440389 0.788233 0.501656 -15.928185 -3.167308 2.999704 -6.338828 0.0 -1e-06 -18.123451 3.648184 -4.905672 -4e-06 1e-06 -2e-06 16.895533 3.850707 15.217737 61.628128 -1.947302 9.360154 -0.451665 37.997272 -0.198601 2.144022 -13.039145 -1.076713 2.243543 -5.25504 -3.180157 14.282897 -0.826597 6.952505 -1e-06 -12.690612 1e-06 16.082325 -17.634476 2.739457 1.665667 -1.955923 -2.878299 4.727802 -4.170592 4.993924 11.020534 2e-06 -2e-06 12.109059 -3.73572 -2.866786 -1e-06 -0.0 -0.0 1.291986 -1.928551 -1.498089 14.800136 0.567467 3.865607 14.242582 -1.34174 -6.66066 19.631977 0.143923 -0.648247 50.043793 -0.462382 -6.502168 0.353029 -1.511152 -0.031939 20.222801 3.684309 2.316629 18.787283 2e-06 -4e-06 10.751633 -0.479869 1.397905 -0.0 -0.0 1e-06 3.273808 0.305947 -0.580111 21.486824 11.830382 2.266133 8.16293 1e-06 -3e-06 18.399096 -3.798988 -4.94058 2e-06 1e-06 -1e-06 -5.50729 5.414357 13.402418 -0.054577 -0.074792 1.749055 0.65342 -7.132193 -12.767568 1.75556 -1.727637 -4.024119 0.0 -0.0 2e-06 -2.394962 -8.209308 -36.394314 0.175018 0.117393 1.242543 5.660919 -8.927057 1.603745 -1.221898 1.197864 -5.27712 0.0 0.0 -2e-06 
0.0 0.0 0.0 0.0 -0.0 0.0 12.359383 94.961983 66.990341 5.651282 8.103962 4.760447 -4.877579 -1.152958 -0.252653 -1.207634 -3.229079 -4.825807 -0.771519 -5.289468 10.474319 3.908104 1.486171 0.730924 -0.564721 1.317065 -3.510771 0.177289 0.724197 -14.079517 7.7e-05 -2.2e-05 6e-06 0.011605 0.020644 0.055872 0.680815 -3.728323 -10.655362 -0.659849 3.778746 -10.634905 -1.002362 -12.636532 11.814118 -57.07198 -15.36912 2.103264 -0.712604 -51.676723 0.330626 2.102753 3.865831 -8.624873 -5.882112 9.86129 0.70259 -10.936878 -0.360573 7.156209 0.0 8.774827 -1e-06 -15.869223 18.482765 6.31153 -1.844035 2.498506 -2.507279 -10.163606 4.678945 4.621111 -20.976038 -2e-06 1e-06 -21.226301 2.4517 -3.594002 1e-06 -7e-06 -2e-06 -1.362682 2.240799 -0.746325 -21.334927 0.584912 3.008323 -13.821223 -3e-06 0.0 -23.887184 -0.249079 -0.839484 -61.113575 2.666901 -1.04119 -0.294026 1.679688 0.833256 -14.218219 0.093216 1.300579 -34.212074 -0.287562 0.967167 -20.033226 0.964535 1.212843 0.0 -1e-06 -0.0 -3.440389 0.788233 0.501656 -15.928198 -3.167309 2.999709 -6.33883 -0.0 -1e-06 -18.123459 3.648183 -4.905672 -4e-06 0.0 -2e-06 17.042088 3.722076 15.222708 62.020542 -1.874001 9.360752 -0.527996 36.256081 -0.193893 2.39974 -13.929366 -0.942513 2.243541 -5.255037 -3.180157 14.28289 -0.826595 6.952503 -3e-06 -12.690603 2e-06 16.105333 -17.558962 2.743435 1.665666 -1.955921 -2.878298 4.727799 -4.170587 4.993925 11.020526 3e-06 -0.0 12.109051 -3.735716 -2.866782 -1e-06 -0.0 1e-06 1.291985 -1.928549 -1.498088 14.800125 0.567468 3.86561 14.242569 -1.341736 -6.660656 19.631962 0.143924 -0.648242 50.060802 -0.269001 -6.417673 0.353029 -1.511151 -0.03194 20.222788 3.684309 2.316635 18.787271 3e-06 1e-06 10.751629 -0.47987 1.397906 1e-06 -0.0 0.0 3.273807 0.305947 -0.58011 21.486813 11.830376 2.266136 8.162927 1e-06 -0.0 18.39908 -3.798987 -4.940573 3e-06 -0.0 -1e-06 -4.298306 5.686755 15.70011 -0.01545 -0.306066 3.569748 0.38967 -8.539459 -12.015945 1.801684 -1.787544 -6.713735 -0.0 -0.0 2e-06 -2.453964 -6.887167 -36.458668 0.163952 0.13806 2.81036 4.265552 -8.578156 0.48668 -1.250631 1.197475 -5.781024 0.0 0.0 -1e-06 
0.0 0.0 0.0 0.0 -0.0 0.0 12.424333 94.441429 72.120926 4.209953 8.787725 5.110841 -3.631764 -0.988721 -0.983413 -1.048252 -3.50854 -5.082417 -0.383242 -5.397319 10.490927 3.961603 1.572801 0.297746 -0.677284 1.013335 -3.564081 0.274598 0.417127 -13.400403 7.7e-05 -2.3e-05 6e-06 0.00158 0.002748 0.062406 0.677494 -3.739187 -10.612034 -0.674921 3.753547 -10.57878 -2.198684 -12.412865 12.001226 -57.536907 -13.945174 2.641705 -0.76081 -52.044254 0.290172 2.45467 3.950921 -8.112305 -5.882107 9.861284 0.702591 -10.936872 -0.360574 7.156203 1e-06 8.774823 -2e-06 -15.848493 18.528702 6.297735 -1.844032 2.498505 -2.507277 -10.163601 4.678945 4.621108 -20.976023 -2e-06 4e-06 -21.226286 2.451696 -3.594001 1e-06 -6e-06 -0.0 -1.362681 2.240797 -0.746321 -21.334911 0.584908 3.008322 -13.821213 -1e-06 1e-06 -23.887167 -0.249077 -0.839481 -60.960838 2.571329 -1.02604 -0.294025 1.679688 0.833255 -14.218208 0.093216 1.300581 -34.212048 -0.287563 0.96717 -20.033211 0.964536 1.212843 -0.0 -1e-06 -0.0 -3.440388 0.788233 0.501655 -15.928185 -3.167308 2.999707 -6.338825 1e-06 -0.0 -18.123444 3.648183 -4.90567 -4e-06 1e-06 -1e-06 17.571306 3.699579 14.920456 62.035309 -2.388455 8.99762 -0.621609 34.456093 -0.178345 2.500788 -14.6942 -1.666371 2.243541 -5.255036 -3.180157 14.28289 -0.826595 6.952502 -3e-06 -12.690601 1e-06 15.997592 -17.558584 2.790293 1.665666 -1.955921 -2.878298 4.727798 -4.170587 4.993925 11.020525 3e-06 -3e-06 12.109052 -3.735714 -2.866785 -0.0 -0.0 -0.0 1.291985 -1.928549 -1.49809 14.800129 0.567468 3.865607 14.242569 -1.341735 -6.660657 19.631969 0.143926 -0.648245 50.122475 -0.203524 -6.40858 0.353029 -1.51115 -0.031941 20.222794 3.68431 2.316629 18.787273 4e-06 -1e-06 10.751627 -0.47987 1.397906 -0.0 -1e-06 0.0 3.273807 0.305947 -0.580111 21.486813 11.830374 2.266132 8.162928 2e-06 -1e-06 18.399084 -3.798984 -4.940575 4e-06 0.0 -1e-06 -1.183418 6.619809 15.849523 0.033243 -0.656688 8.75269 0.448113 -10.699195 -10.138923 1.875945 -1.777521 -11.612083 -0.0 0.0 2e-06 -1.928366 -4.214312 -36.470871 0.094159 0.040407 6.892622 0.906081 -8.639386 2.215178 -1.283061 1.264124 -6.621259 -0.0 0.0 -0.0 
0.0 0.0 0.0 0.0 -0.0 0.0 12.391967 94.14994 77.419518 1.612985 9.255618 5.463534 -1.639853 -0.903478 -1.818358 -0.826244 -3.444215 -5.418632 0.550012 -5.630805 10.405146 3.629466 1.829117 -0.120492 -0.761397 0.858087 -3.679823 0.252713 0.012536 -12.517244 7.7e-05 -2.3e-05 6e-06 -0.014137 -0.051609 0.005694 0.673563 -3.794786 -10.666659 -0.698268 3.700117 -10.63755 -3.93848 -11.845791 12.033681 -58.081116 -12.098106 3.885106 -0.489155 -51.225719 0.018516 2.52513 4.378231 -7.449988 -5.882112 9.861293 0.70259 -10.936879 -0.360574 7.156209 1e-06 8.774835 -0.0 -15.774872 18.420923 6.302069 -1.844035 2.498507 -2.507278 -10.163606 4.678951 4.62111 -20.97604 -2e-06 -3e-06 -21.226303 2.451698 -3.594009 1e-06 -6e-06 -0.0 -1.362683 2.2408 -0.746323 -21.334929 0.584912 3.008321 -13.821223 -2e-06 -2e-06 -23.887186 -0.249082 -0.839487 -60.665344 2.507589 -0.962855 -0.294025 1.679689 0.833256 -14.218219 0.093217 1.300578 -34.212082 -0.287566 0.967164 -20.033228 0.964534 1.212839 -1e-06 -0.0 0.0 -3.440391 0.788235 0.501656 -15.928196 -3.167314 2.999706 -6.33883 2e-06 -1e-06 -18.123459 3.648185 -4.905676 -4e-06 1e-06 -2e-06 18.120367 4.031516 14.66226 61.743401 -2.755404 8.810911 -0.675412 32.214085 -0.114516 2.712056 -15.250085 -2.500045 2.243544 -5.255044 -3.180158 14.282912 -0.826596 6.952509 -1e-06 -12.690625 0.0 15.843133 -17.477152 2.807311 1.665668 -1.955924 -2.878301 4.727807 -4.170594 4.993929 11.020544 2e-06 0.0 12.10907 -3.735723 -2.866786 -0.0 1e-06 0.0 1.291988 -1.928552 -1.498089 14.800149 0.567468 3.865612 14.242592 -1.34174 -6.660663 19.631998 0.143923 -0.648245 50.039013 -0.181423 -6.458589 0.35303 -1.511153 -0.03194 20.222818 3.684314 2.316633 18.7873 4e-06 -2e-06 10.751645 -0.479869 1.397907 -0.0 -1e-06 1e-06 3.273811 0.305947 -0.580111 21.486847 11.830391 2.266138 8.16294 1e-06 -2e-06 18.399113 -3.79899 -4.940583 4e-06 0.0 -1e-06 3.494067 8.347341 14.282563 0.051101 -0.945067 16.619967 0.879481 -13.282528 -7.089266 2.00914 -1.649043 -19.24325 0.0 0.0 2e-06 -0.236404 -0.827539 -37.864124 -0.009196 -0.016535 13.165043 -1.939403 -9.377539 6.869458 -1.318498 1.290816 -6.399439 -0.0 -0.0 -0.0 
0.0 0.0 0.0 0.0 -0.0 0.0 12.349174 94.044449 82.905128 -0.555044 9.146394 4.901131 -0.261177 -0.820047 -2.038314 -0.501237 -3.485727 -5.50955 1.603791 -5.476496 10.33158 3.238046 2.050125 -0.148136 -0.821769 0.949262 -3.725567 0.215381 0.004238 -12.469763 7.7e-05 -2.3e-05 6e-06 -0.022396 -0.100525 -0.03219 0.708746 -3.850553 -10.743193 -0.748558 3.65823 -10.719374 -4.396479 -11.139447 12.320601 -60.289726 -10.567689 5.377726 -0.168949 -48.744595 -0.152095 2.563995 4.710383 -6.786196 -5.882108 9.86129 0.702591 -10.936873 -0.360575 7.156206 -0.0 8.774831 -2e-06 -15.877913 18.116255 6.145321 -1.844033 2.498506 -2.507279 -10.163601 4.678948 4.621108 -20.976028 -1e-06 0.0 -21.226292 2.451698 -3.594002 0.0 -6e-06 0.0 -1.362682 2.2408 -0.746323 -21.334921 0.584911 3.008322 -13.821218 -2e-06 1e-06 -23.887178 -0.249081 -0.839486 -60.463661 2.403774 -0.828205 -0.294025 1.679689 0.833257 -14.21821 0.093215 1.30058 -34.212051 -0.287563 0.967168 -20.033215 0.964539 1.212844 -0.0 1e-06 1e-06 -3.44039 0.788236 0.501658 -15.928189 -3.16731 2.999706 -6.338827 -0.0 0.0 -18.123446 3.648185 -4.905674 -5e-06 1e-06 -1e-06 17.418905 4.842678 14.794632 62.300102 -2.082898 9.729536 -0.724601 29.340229 -0.115784 3.068387 -15.856788 -3.246017 2.243543 -5.255038 -3.180158 14.282896 -0.826595 6.952505 -3e-06 -12.690607 -0.0 15.788672 -17.441076 2.722115 1.665667 -1.955922 -2.878299 4.7278 -4.170588 4.993925 11.02053 3e-06 -2e-06 12.109058 -3.735716 -2.866786 -0.0 0.0 1e-06 1.291986 -1.92855 -1.49809 14.800136 0.567468 3.865609 14.242579 -1.341736 -6.660659 19.631975 0.143926 -0.648245 49.827518 -0.187959 -6.515081 0.353029 -1.511151 -0.031941 20.222801 3.684311 2.316629 18.787283 5e-06 -2e-06 10.751633 -0.479869 1.397905 -0.0 -0.0 0.0 3.273808 0.305946 -0.580111 21.486824 11.830379 2.266132 8.162932 2e-06 -1e-06 18.399092 -3.798986 -4.940577 4e-06 0.0 -0.0 7.329391 9.203001 12.074902 -0.033632 -1.055754 26.780077 1.339511 -14.154744 -1.083759 2.134237 -1.516719 -27.093985 0.0 0.0 2e-06 1.847036 1.218093 -38.338894 -0.073245 -0.019728 20.170311 -2.346918 -9.979819 8.431265 -1.354593 1.256861 -5.011488 0.0 -0.0 -0.0 
0.0 0.0 0.0 0.0 -0.0 0.0 12.342591 94.265808 88.374489 -2.081208 8.528889 3.525042 0.632001 -0.686814 -1.629883 -0.233651 -3.287683 -5.371705 2.381658 -5.150901 10.214991 2.980835 2.106633 0.431419 -0.528118 0.84146 -3.656595 0.141778 0.115758 -12.64791 7.7e-05 -2.3e-05 6e-06 -0.006165 -0.018094 -0.031818 0.739411 -3.744531 -10.701595 -0.747815 3.714864 -10.679848 -3.212579 -10.601473 12.880007 -64.148727 -9.441584 7.268903 0.297998 -45.096111 -0.38437 2.409758 4.881321 -7.661877 -5.882108 9.861288 0.70259 -10.936873 -0.360574 7.156206 -1e-06 8.774829 -0.0 -15.85764 18.042452 6.036686 -1.844033 2.498505 -2.507278 -10.163601 4.678948 4.621109 -20.976027 -4e-06 1e-06 -21.226292 2.451696 -3.594003 2e-06 -6e-06 -1e-06 -1.362682 2.240799 -0.746322 -21.334917 0.58491 3.00832 -13.821218 -3e-06 1e-06 -23.887177 -0.249079 -0.839485 -60.184002 2.439392 -0.997646 -0.294024 1.679687 0.833257 -14.218212 0.093217 1.30058 -34.212063 -0.287563 0.967169 -20.033218 0.964537 1.212842 -1e-06 -0.0 0.0 -3.440388 0.788233 0.501656 -15.928187 -3.167309 2.999707 -6.338828 -1e-06 -1e-06 -18.123447 3.648184 -4.905673 -3e-06 1e-06 -1e-06 15.841683 5.941128 15.384638 63.56929 -0.481308 11.037091 -0.453658 26.917074 0.117913 3.933898 -16.861446 -3.830701 2.243543 -5.255039 -3.180159 14.282904 -0.826596 6.952506 -2e-06 -12.690612 0.0 15.663733 -17.584751 2.752764 1.665668 -1.955922 -2.878299 4.727803 -4.170589 4.993926 11.020536 3e-06 -1e-06 12.109061 -3.735718 -2.866784 -0.0 0.0 0.0 1.291987 -1.928551 -1.498089 14.800142 0.567467 3.86561 14.242585 -1.341737 -6.66066 19.631985 0.143926 -0.648244 49.543835 -0.227559 -6.613238 0.353029 -1.511152 -0.03194 20.222805 3.68431 2.316631 18.787289 5e-06 -1e-06 10.751641 -0.479869 1.397906 0.0 -1e-06 0.0 3.273809 0.305947 -0.58011 21.486832 11.83038 2.266135 8.162935 2e-06 -1e-06 18.399097 -3.798987 -4.94058 4e-06 -1e-06 -1e-06 10.047011 9.56499 8.868201 -0.116518 -1.072249 38.972595 1.311684 -14.192397 8.481185 2.179514 -1.399977 -29.692619 -0.0 -0.0 2e-06 3.905873 1.961883 -36.479919 -0.044013 -0.172657 25.233067 -2.341739 -9.232581 7.422348 -1.362458 1.254623 -3.052998 -0.0 -0.0 -1e-06 
0.0 0.0 0.0 0.0 -0.0 0.0 12.269584 94.566765 93.459175 -3.231929 8.200924 2.091584 1.208911 -0.561245 -0.984863 -0.077624 -2.898574 -5.132653 3.010177 -4.996994 10.048607 3.064348 1.763185 1.022484 -0.241746 0.885167 -3.571132 0.060501 0.557947 -12.810902 7.7e-05 -2.2e-05 6e-06 -0.001811 0.033008 -0.025018 0.741815 -3.70072 -10.680313 -0.742104 3.767432 -10.64542 -1.811063 -10.266869 13.14125 -67.647072 -7.998137 9.314676 0.375659 -41.649921 -0.397777 1.606073 4.918287 -8.142431 -5.882112 9.861297 0.702591 -10.936881 -0.360575 7.156211 -0.0 8.774835 -1e-06 -15.922424 17.926224 5.995734 -1.844035 2.498507 -2.507281 -10.16361 4.678949 4.621113 -20.976044 -3e-06 1e-06 -21.226313 2.451699 -3.594005 1e-06 -7e-06 -1e-06 -1.362683 2.240802 -0.746324 -21.334934 0.584912 3.008324 -13.821229 -2e-06 -2e-06 -23.887196 -0.249079 -0.839487 -60.150021 2.452077 -1.032341 -0.294025 1.67969 0.833257 -14.218224 0.093216 1.300582 -34.212086 -0.287564 0.967169 -20.033236 0.964537 1.212843 -0.0 -1e-06 -1e-06 -3.440392 0.788234 0.501655 -15.928203 -3.167312 2.999708 -6.338833 -1e-06 0.0 -18.123466 3.648188 -4.905679 -3e-06 1e-06 -2e-06 14.865911 6.965572 15.76972 63.87188 1.254457 13.12182 -0.266521 25.862188 0.232094 5.492647 -16.871456 -4.26804 2.243543 -5.255042 -3.180159 14.282904 -0.826593 6.952508 -3e-06 -12.690618 0.0 15.703321 -17.655405 2.701288 1.665668 -1.955923 -2.878301 4.727803 -4.17059 4.993927 11.020537 3e-06 -1e-06 12.109062 -3.735718 -2.866785 0.0 -1e-06 1e-06 1.291987 -1.928551 -1.49809 14.800144 0.567471 3.865611 14.242585 -1.341738 -6.660662 19.631987 0.143926 -0.648244 49.493668 -0.272753 -6.578297 0.353029 -1.511152 -0.031939 20.222811 3.684314 2.316633 18.787292 5e-06 -0.0 10.751637 -0.47987 1.397907 -1e-06 0.0 -1e-06 3.27381 0.305948 -0.580111 21.486834 11.830387 2.266138 8.162938 3e-06 -1e-06 18.399099 -3.798987 -4.94058 2e-06 0.0 -2e-06 12.093074 9.046283 4.312602 -0.094027 -0.971334 51.193535 -0.156835 -13.275328 16.831276 1.901831 -1.582521 -16.947853 0.0 0.0 4e-06 6.05317 1.689303 -33.588703 -0.049183 -0.173286 29.236185 -2.632078 -8.936728 1.799766 -1.386971 1.233287 -2.076551 -0.0 0.0 -1e-06 
0.0 0.0 0.0 0.0 -0.0 0.0 12.23915 95.032059 98.233383 -3.967666 8.066043 1.167563 1.571494 -0.383707 -0.613287 -0.043354 -2.471047 -5.006387 3.334211 -4.830636 10.097713 3.321217 1.327065 1.342509 -0.075274 0.913934 -3.556128 0.21563 0.605746 -12.691378 7.7e-05 -2.2e-05 6e-06 -0.016242 0.010416 -0.019223 0.716297 -3.724848 -10.658683 -0.745909 3.745844 -10.618603 -1.578265 -9.79764 13.314173 -69.389694 -6.456135 11.392626 0.54544 -38.547798 -0.446636 0.225295 4.967465 -8.444629 -5.882107 9.861286 0.702591 -10.936876 -0.360575 7.15621 1e-06 8.774828 -1e-06 -16.160473 17.975527 5.926472 -1.844033 2.498505 -2.507278 -10.163604 4.678946 4.621111 -20.976034 -4e-06 5e-06 -21.226299 2.451696 -3.593999 -0.0 -6e-06 -0.0 -1.362682 2.240799 -0.746324 -21.334925 0.58491 3.008327 -13.82122 -4e-06 3e-06 -23.887184 -0.24908 -0.839482 -60.331436 2.533775 -1.09711 -0.294025 1.679688 0.833255 -14.218215 0.093214 1.300582 -34.212067 -0.287564 0.967173 -20.033222 0.964538 1.212844 -1e-06 -1e-06 -1e-06 -3.44039 0.788234 0.501657 -15.928192 -3.167311 2.999709 -6.338829 -1e-06 1e-06 -18.123453 3.648185 -4.905672 -3e-06 0.0 -2e-06 15.68828 7.591296 15.945552 62.046127 3.076122 14.759081 -0.018769 26.180182 0.199861 6.494724 -16.205545 -4.240768 2.243542 -5.255039 -3.180159 14.2829 -0.826594 6.952506 -4e-06 -12.69061 1e-06 15.881413 -17.613134 2.544168 1.665667 -1.955922 -2.8783 4.727802 -4.170589 4.993926 11.020534 4e-06 -1e-06 12.109059 -3.735717 -2.866784 -1e-06 1e-06 0.0 1.291986 -1.92855 -1.498088 14.80014 0.56747 3.865611 14.242584 -1.341735 -6.66066 19.631979 0.143926 -0.648244 49.565517 -0.290796 -6.497314 0.353029 -1.511151 -0.031939 20.222805 3.684313 2.316633 18.787289 6e-06 0.0 10.751634 -0.479869 1.397907 -2e-06 -0.0 -0.0 3.273809 0.305947 -0.580111 21.48683 11.830381 2.266136 8.162931 2e-06 -1e-06 18.399092 -3.798985 -4.940577 4e-06 1e-06 -1e-06 13.039647 8.116836 -1.085487 -0.035058 -0.88792 60.929359 -0.695111 -11.647316 19.767494 1.767092 -1.806039 -7.336522 0.0 -0.0 2e-06 7.634735 1.054579 -30.124416 -0.136988 -0.163357 30.802917 -2.735546 -8.64727 -2.459669 -1.395398 1.221333 -1.654802 0.0 0.0 -1e-06 
0.0 0.0 0.0 0.0 -0.0 0.0 12.337001 95.8815 102.853073 -3.951945 7.826454 0.625795 1.588175 -0.209416 -0.510243 -0.147724 -2.057886 -4.937774 3.227472 -4.459286 10.302474 3.756704 1.076038 1.582697 -0.113741 0.733277 -3.512089 0.441626 0.413256 -12.176923 7.7e-05 -2.2e-05 6e-06 -0.029293 -0.052895 -0.002336 0.682529 -3.784641 -10.612628 -0.738465 3.681288 -10.577332 -2.151612 -9.187499 13.558716 -70.203331 -5.046466 12.437874 0.488014 -34.748726 -0.298838 -0.90838 5.158268 -8.684992 -5.882109 9.861291 0.702591 -10.936877 -0.360576 7.156209 1e-06 8.77483 -1e-06 -16.428513 18.134785 5.837121 -1.844033 2.498505 -2.507277 -10.163604 4.678946 4.621109 -20.976034 -6e-06 3e-06 -21.226299 2.451696 -3.594001 -1e-06 -6e-06 1e-06 -1.362682 2.240799 -0.746323 -21.334925 0.584908 3.008323 -13.821221 -4e-06 1e-06 -23.887182 -0.24908 -0.839482 -60.556423 2.639089 -1.210905 -0.294025 1.679688 0.833257 -14.218217 0.093214 1.30058 -34.21207 -0.287567 0.967172 -20.033226 0.964535 1.212844 1e-06 1e-06 -1e-06 -3.44039 0.788234 0.501656 -15.928196 -3.167314 2.999707 -6.338831 -1e-06 1e-06 -18.123459 3.648183 -4.905672 -2e-06 1e-06 -2e-06 17.70682 8.04088 16.140535 58.958733 5.489678 15.73469 0.168577 26.525913 0.168679 6.348586 -15.588163 -3.283613 2.243543 -5.25504 -3.18016 14.282906 -0.826595 6.95251 -3e-06 -12.690615 0.0 16.098269 -17.526121 2.346441 1.665667 -1.955923 -2.878302 4.727803 -4.17059 4.993927 11.020536 5e-06 -1e-06 12.109063 -3.735719 -2.866784 -0.0 0.0 -0.0 1.291986 -1.92855 -1.49809 14.800144 0.567469 3.865613 14.242585 -1.341736 -6.660659 19.631987 0.143926 -0.648242 49.584846 -0.292248 -6.532248 0.353029 -1.511152 -0.031941 20.222811 3.684313 2.316634 18.787292 5e-06 0.0 10.751639 -0.47987 1.397909 -0.0 1e-06 -1e-06 3.27381 0.305948 -0.58011 21.486835 11.830387 2.266136 8.162937 3e-06 -1e-06 18.399103 -3.798986 -4.940578 3e-06 -0.0 -1e-06 12.723004 7.720108 -6.686143 -0.093242 -0.704722 67.316849 0.733459 -10.513447 16.474752 1.738951 -1.837667 -5.957994 -0.0 0.0 3e-06 8.161748 0.361289 -25.807051 -0.174248 -0.189065 29.897522 -2.685393 -8.17185 -5.391925 -1.399952 1.239543 -1.459131 0.0 0.0 -1e-06 
0.0 0.0 0.0 0.0 -0.0 0.0 12.536478 96.901993 107.382812 -3.407662 7.311309 0.169914 1.498837 -0.029187 -0.37352 -0.328038 -1.591033 -4.853267 2.744658 -3.971978 10.33615 4.093393 0.983476 2.062552 -0.183967 0.568169 -3.47229 0.639257 0.062947 -11.404697 7.7e-05 -2.2e-05 6e-06 -0.03219 -0.090572 0.021592 0.655644 -3.818482 -10.563385 -0.717659 3.640608 -10.531517 -2.538189 -8.647273 13.697499 -71.203888 -3.532217 12.542426 0.28163 -30.272253 -0.104349 -1.710264 5.761374 -8.775942 -5.882109 9.86129 0.702591 -10.936875 -0.360574 7.156209 -1e-06 8.774828 -1e-06 -16.63323 18.254553 5.796267 -1.844033 2.498506 -2.507278 -10.163604 4.678948 4.621111 -20.97603 -1e-06 3e-06 -21.226292 2.4517 -3.594001 -2e-06 -6e-06 0.0 -1.362682 2.240799 -0.746322 -21.334921 0.584912 3.008326 -13.821218 -1e-06 3e-06 -23.887182 -0.249076 -0.839483 -60.6549 2.72078 -1.319321 -0.294025 1.679688 0.833256 -14.218213 0.093216 1.300581 -34.212059 -0.28756 0.96717 -20.033218 0.964541 1.212844 -0.0 -0.0 -0.0 -3.44039 0.788235 0.501656 -15.928192 -3.167309 2.99971 -6.338828 -0.0 2e-06 -18.123447 3.648187 -4.905674 -3e-06 0.0 -2e-06 19.021868 8.755367 16.2654 56.756317 8.255271 15.83877 0.290173 26.786709 0.178143 5.463012 -15.566406 -1.996572 2.243542 -5.255038 -3.180159 14.282892 -0.826596 6.952503 -1e-06 -12.690608 -0.0 16.258583 -17.407442 2.222071 1.665667 -1.955922 -2.8783 4.727799 -4.170588 4.993922 11.020527 1e-06 -1e-06 12.109053 -3.735718 -2.866787 0.0 1e-06 -1e-06 1.291986 -1.92855 -1.498091 14.800129 0.567467 3.865608 14.242573 -1.341738 -6.660659 19.631966 0.143927 -0.648247 49.514881 -0.317678 -6.623476 0.353029 -1.511151 -0.031938 20.222794 3.684309 2.31663 18.787271 4e-06 -3e-06 10.751627 -0.479868 1.397906 -1e-06 2e-06 -2e-06 3.273807 0.305947 -0.580111 21.486813 11.830376 2.266134 8.162929 2e-06 -2e-06 18.399086 -3.798987 -4.940577 4e-06 1e-06 -1e-06 11.452996 8.314713 -11.819528 -0.174862 -0.534791 70.026588 2.943164 -9.075202 11.943301 1.756578 -1.831244 -6.055285 0.0 -0.0 2e-06 7.907392 -0.196946 -20.742491 -0.14342 -0.207514 27.292885 -2.507607 -7.577666 -7.365146 -1.400259 1.240243 -1.338648 -0.0 0.0 -1e-06 
0.0 0.0 0.0 0.0 -0.0 0.0 12.78637 97.882248 111.931313 -2.57033 6.476888 -0.174575 1.422221 0.170167 -0.158196 -0.484558 -1.03741 -4.76262 2.014338 -3.432601 10.168832 4.122001 1.03158 2.619111 -0.24915 0.487404 -3.466861 0.827543 -0.30734 -10.602494 7.7e-05 -2.3e-05 6e-06 -0.029473 -0.105883 0.038464 0.643737 -3.834957 -10.550352 -0.700756 3.625973 -10.521502 -2.856716 -8.086113 13.739237 -72.14325 -1.822287 12.466677 0.156238 -25.964909 0.018782 -2.574126 6.778433 -8.939547 -5.882111 9.861293 0.70259 -10.936881 -0.360575 7.156212 0.0 8.774833 -2e-06 -16.734102 18.279627 5.833869 -1.844034 2.498507 -2.507279 -10.16361 4.678948 4.621112 -20.976042 -3e-06 3e-06 -21.226303 2.4517 -3.594002 0.0 -6e-06 -0.0 -1.362683 2.2408 -0.746324 -21.334934 0.58491 3.008327 -13.821227 -3e-06 3e-06 -23.887192 -0.249078 -0.839482 -60.629158 2.761623 -1.360651 -0.294025 1.679689 0.833256 -14.218222 0.093215 1.300582 -34.212082 -0.287563 0.967173 -20.033232 0.964538 1.212845 -0.0 -0.0 -0.0 -3.440392 0.788234 0.501655 -15.928203 -3.167312 2.999709 -6.338832 -1e-06 2e-06 -18.123463 3.648185 -4.905674 -5e-06 0.0 -2e-06 19.280674 9.785151 16.260252 55.593746 10.939315 15.408594 0.320235 27.724989 0.184452 4.502554 -15.462017 -1.362996 2.243544 -5.255042 -3.18016 14.282907 -0.826596 6.952509 -3e-06 -12.690618 1e-06 16.352539 -17.323181 2.212755 1.665668 -1.955923 -2.878302 4.727805 -4.170592 4.993928 11.02054 4e-06 0.0 12.109064 -3.735719 -2.866787 -1e-06 1e-06 0.0 1.291987 -1.928551 -1.49809 14.800146 0.567469 3.865609 14.24259 -1.341736 -6.660665 19.631994 0.143927 -0.648245 49.505222 -0.388199 -6.684149 0.353029 -1.511152 -0.031939 20.222818 3.684315 2.316631 18.787296 6e-06 -0.0 10.751641 -0.479868 1.397906 1e-06 0.0 -0.0 3.273811 0.305948 -0.580112 21.486843 11.830388 2.266134 8.162937 2e-06 -1e-06 18.399109 -3.798987 -4.940582 2e-06 1e-06 -2e-06 9.478553 9.804111 -16.400518 -0.210372 -0.348838 69.379364 5.35859 -6.995467 8.266251 1.774267 -1.799266 -6.455606 -0.0 -0.0 3e-06 7.19073 -0.487242 -15.265003 -0.096039 -0.217663 23.602274 -2.195434 -6.792191 -8.710309 -1.399067 1.197711 -1.404244 0.0 -0.0 -1e-06 
0.0 0.0 0.0 0.0 -0.0 0.0 13.053283 98.657516 116.490845 -1.647146 5.368119 -0.299504 1.401283 0.347787 0.022392 -0.586391 -0.399158 -4.681173 1.197361 -2.848825 9.943282 3.749048 1.236988 3.00623 -0.298381 0.445398 -3.502823 0.997275 -0.596208 -9.880671 7.7e-05 -2.3e-05 6e-06 -0.024036 -0.098767 0.045279 0.644559 -3.833194 -10.564546 -0.691511 3.637609 -10.540987 -3.35852 -7.371652 13.697285 -72.629471 0.100502 12.511086 0.08977 -22.815022 0.106107 -3.637434 7.893905 -9.320302 -5.882106 9.861288 0.70259 -10.936872 -0.360576 7.156207 -0.0 8.774828 -1e-06 -16.667704 18.203024 5.94545 -1.844033 2.498505 -2.507278 -10.163601 4.678946 4.621109 -20.976023 -5e-06 2e-06 -21.226286 2.451697 -3.594001 -0.0 -6e-06 1e-06 -1.362681 2.240798 -0.746323 -21.334913 0.584908 3.008322 -13.821216 -3e-06 2e-06 -23.887171 -0.249079 -0.839482 -60.456661 2.762088 -1.271559 -0.294024 1.679687 0.833256 -14.218211 0.093214 1.30058 -34.212048 -0.287566 0.967172 -20.033215 0.964536 1.212845 0.0 -0.0 -0.0 -3.440389 0.788234 0.501656 -15.928189 -3.167311 2.999707 -6.338828 -1e-06 2e-06 -18.123444 3.648184 -4.905671 -5e-06 -0.0 -2e-06 18.837252 10.988599 16.185556 54.766415 13.346961 15.038706 0.351905 29.842552 0.220587 3.842751 -14.573167 -1.748788 2.243543 -5.255039 -3.18016 14.282897 -0.826595 6.952504 -3e-06 -12.69061 1e-06 16.357128 -17.339766 2.279744 1.665667 -1.955922 -2.878301 4.727801 -4.170589 4.993926 11.020531 2e-06 0.0 12.109058 -3.735717 -2.866786 -0.0 1e-06 -1e-06 1.291986 -1.92855 -1.498092 14.800136 0.567468 3.865608 14.242579 -1.341737 -6.660658 19.631975 0.143925 -0.648245 49.584534 -0.450505 -6.672097 0.353029 -1.511151 -0.031941 20.222803 3.684311 2.316632 18.787283 4e-06 1e-06 10.751633 -0.479869 1.397907 1e-06 1e-06 -0.0 3.273808 0.305947 -0.580112 21.486824 11.830381 2.266133 8.162931 1e-06 -1e-06 18.399094 -3.798987 -4.940579 2e-06 -0.0 -1e-06 7.086806 11.745742 -20.438251 -0.146381 -0.11185 65.618401 7.149583 -5.153199 5.623726 1.767574 -1.751335 -6.998831 -0.0 -0.0 0.0 6.270251 -0.491343 -9.776123 -0.050905 -0.230431 19.284426 -1.781967 -5.86428 -9.630589 -1.401494 1.131893 -1.665191 -0.0 -0.0 -1e-06 
0.0 0.0 0.0 0.0 -0.0 0.0 13.317032 99.104301 120.926773 -0.867342 4.06082 -0.201184 1.473882 0.471895 0.103432 -0.625334 0.304063 -4.636456 0.467314 -2.183892 9.777048 2.985515 1.583941 3.148069 -0.338572 0.426857 -3.553149 1.098465 -0.810318 -9.294702 7.7e-05 -2.2e-05 6e-06 -0.017256 -0.070636 0.047319 0.644675 -3.809863 -10.575216 -0.679318 3.6697 -10.561756 -4.103119 -6.491872 13.61852 -72.567505 2.211246 12.682683 0.051462 -21.366198 0.167114 -4.699812 8.730486 -9.954818 -5.88211 9.861293 0.702591 -10.936878 -0.360574 7.156209 -0.0 8.774833 -1e-06 -16.499884 18.091982 6.073572 -1.844033 2.498506 -2.507279 -10.163606 4.678948 4.62111 -20.976038 -2e-06 3e-06 -21.226301 2.4517 -3.594002 -0.0 -6e-06 1e-06 -1.362682 2.240801 -0.746323 -21.334929 0.584911 3.008324 -13.821223 -2e-06 1e-06 -23.887184 -0.249077 -0.839484 -60.216881 2.757477 -1.137646 -0.294025 1.679689 0.833257 -14.218218 0.093215 1.300581 -34.21207 -0.287564 0.967171 -20.033226 0.964538 1.212844 -0.0 1e-06 0.0 -3.440391 0.788235 0.501656 -15.928196 -3.167312 2.999709 -6.338831 -1e-06 0.0 -18.123459 3.648187 -4.905674 -3e-06 -0.0 -2e-06 18.163374 12.259222 16.085751 53.538528 15.553152 15.294741 0.39015 32.901302 0.30623 3.737473 -12.96892 -2.617644 2.243542 -5.255038 -3.180157 14.282894 -0.826595 6.952506 -1e-06 -12.690608 1e-06 16.239325 -17.454239 2.397755 1.665667 -1.955923 -2.878298 4.727801 -4.170589 4.993927 11.02053 3e-06 -1e-06 12.109056 -3.735718 -2.866787 0.0 -0.0 -0.0 1.291986 -1.92855 -1.498089 14.800134 0.567467 3.865608 14.242579 -1.341738 -6.660661 19.631975 0.143926 -0.648245 49.617718 -0.499283 -6.607725 0.353029 -1.511151 -0.031938 20.222797 3.68431 2.316629 18.787281 5e-06 -1e-06 10.751631 -0.479871 1.397908 -1e-06 0.0 0.0 3.273808 0.305948 -0.580111 21.48682 11.830379 2.266135 8.16293 2e-06 -1e-06 18.399084 -3.798987 -4.940575 4e-06 -1e-06 -1e-06 4.6346 13.55792 -23.945112 0.003976 0.158091 58.918121 7.459992 -4.31522 3.890051 1.758246 -1.722003 -7.443114 -0.0 -0.0 1e-06 5.384033 -0.251359 -4.65901 -0.004318 -0.235664 14.815768 -1.299708 -4.902632 -10.289415 -1.409394 1.06473 -1.948984 -0.0 -0.0 -1e-06 
0.0 0.0 0.0 0.0 -0.0 0.0 13.566247 99.152618 125.169708 -0.474981 2.638398 0.031371 1.721518 0.514022 0.095922 -0.596657 1.039557 -4.640589 -0.022343 -1.462953 9.744049 1.877506 2.014188 3.126094 -0.341857 0.488386 -3.580689 1.064909 -0.959799 -9.001814 7.7e-05 -2.2e-05 6e-06 -0.007883 -0.021122 0.052911 0.636202 -3.763793 -10.566002 -0.653702 3.721468 -10.567878 -5.017568 -5.512592 13.551625 -72.133057 4.294474 12.810516 0.061874 -21.436384 0.199057 -5.482404 9.023301 -10.713074 -5.882107 9.861286 0.70259 -10.936873 -0.360575 7.156204 -0.0 8.774824 -1e-06 -16.350489 18.062336 6.16608 -1.844032 2.498504 -2.507277 -10.163599 4.678945 4.621108 -20.976023 -1e-06 1e-06 -21.226286 2.451697 -3.594001 -0.0 -7e-06 1e-06 -1.362682 2.240798 -0.746322 -21.334913 0.584909 3.008322 -13.821213 -2e-06 1e-06 -23.887169 -0.249079 -0.839484 -60.041161 2.780477 -1.049686 -0.294025 1.679687 0.833256 -14.21821 0.093215 1.30058 -34.212051 -0.287564 0.967169 -20.033215 0.964535 1.212843 -0.0 -0.0 0.0 -3.440389 0.788233 0.501655 -15.928187 -3.16731 2.999707 -6.338827 -1e-06 1e-06 -18.123449 3.648183 -4.905671 -5e-06 0.0 -2e-06 17.524406 13.553411 16.028526 51.621212 17.757645 16.240557 0.313695 36.231739 0.353402 4.148601 -11.317078 -3.283157 2.243542 -5.255035 -3.180158 14.282889 -0.826595 6.952506 -2e-06 -12.690601 2e-06 16.151209 -17.607594 2.470324 1.665666 -1.955922 -2.8783 4.727799 -4.170587 4.993925 11.020527 1e-06 -2e-06 12.109053 -3.735716 -2.866783 -0.0 -1e-06 2e-06 1.291987 -1.92855 -1.498088 14.800129 0.567467 3.865608 14.242571 -1.341735 -6.660658 19.631968 0.143925 -0.648248 49.521324 -0.553268 -6.55513 0.353029 -1.511151 -0.031938 20.22279 3.684308 2.316631 18.787273 4e-06 -0.0 10.751629 -0.479868 1.397907 2e-06 1e-06 -1e-06 3.273807 0.305947 -0.580109 21.486813 11.830371 2.266133 8.162928 2e-06 -1e-06 18.399082 -3.798985 -4.940574 3e-06 -0.0 -1e-06 2.57171 14.698131 -26.657921 0.156548 0.358443 49.45174 6.276434 -4.020627 3.526133 1.758325 -1.736455 -7.66084 -0.0 0.0 2e-06 4.904135 0.189192 0.012906 0.02682 -0.199648 10.651725 -0.973058 -4.015671 -10.904733 -1.418935 1.016879 -2.103283 -0.0 0.0 -1e-06 
0.0 0.0 0.0 0.0 -0.0 0.0 13.830079 98.850334 129.363342 -0.606434 1.150129 0.338801 2.192296 0.494498 0.020005 -0.508465 1.696441 -4.671833 -0.172772 -0.715019 9.812284 0.509709 2.527098 3.103954 -0.28801 0.56465 -3.588612 0.894214 -0.971943 -9.036637 7.7e-05 -2.3e-05 6e-06 0.003536 0.043704 0.061641 0.631393 -3.702017 -10.561405 -0.627757 3.789143 -10.578932 -5.932887 -4.507524 13.429688 -71.738426 6.237554 12.620986 0.154792 -22.382256 0.208965 -5.783235 8.872668 -11.395687 -5.882115 9.8613 0.702591 -10.936889 -0.360576 7.156214 -0.0 8.774838 -2e-06 -16.22965 18.141817 6.282406 -1.844035 2.498509 -2.507279 -10.163615 4.678951 4.621112 -20.976057 -1e-06 5e-06 -21.226322 2.451704 -3.594003 0.0 -6e-06 1e-06 -1.362684 2.240802 -0.746324 -21.334948 0.584911 3.008328 -13.821236 -2e-06 3e-06 -23.887211 -0.249076 -0.839483 -60.030273 2.814944 -0.979222 -0.294025 1.67969 0.833256 -14.218231 0.093215 1.300584 -34.212105 -0.287559 0.967175 -20.033247 0.96454 1.212845 0.0 -0.0 0.0 -3.440394 0.788235 0.501656 -15.928211 -3.167315 2.999712 -6.338837 -1e-06 2e-06 -18.123476 3.648192 -4.905678 -5e-06 -0.0 -2e-06 16.934278 14.85482 15.994265 49.266403 20.016764 17.274 0.13989 39.251423 0.296957 4.751377 -10.186386 -3.456526 2.243545 -5.255042 -3.180159 14.282904 -0.826596 6.952504 -3e-06 -12.690616 -0.0 16.213924 -17.734819 2.447404 1.665669 -1.955924 -2.878301 4.727803 -4.170592 4.993926 11.020536 3e-06 -3e-06 12.109063 -3.735718 -2.866789 0.0 0.0 1e-06 1.291988 -1.92855 -1.498089 14.80014 0.567467 3.865608 14.242585 -1.341736 -6.660665 19.631987 0.143929 -0.648247 49.426785 -0.613621 -6.544595 0.353031 -1.511152 -0.031939 20.222807 3.684313 2.316627 18.787289 5e-06 -5e-06 10.751637 -0.479867 1.397906 1e-06 1e-06 -1e-06 3.273809 0.305947 -0.580111 21.486834 11.830383 2.266131 8.162932 1e-06 -3e-06 18.399099 -3.798988 -4.940584 4e-06 -1e-06 -1e-06 1.200099 15.068704 -28.264503 0.237209 0.462016 37.097553 4.957843 -2.999764 4.649316 1.76057 -1.76855 -7.522848 0.0 0.0 2e-06 4.869693 0.736712 4.931813 0.010548 -0.127221 5.543171 -0.861463 -3.118445 -11.1238 -1.424009 1.015788 -2.187158 0.0 0.0 -1e-06 
0.0 0.0 0.0 0.0 -0.0 0.0 14.163303 98.273125 133.686203 -1.196272 -0.354817 0.649773 2.810225 0.531453 -0.060479 -0.391882 2.102218 -4.721022 0.026485 -0.01372 9.898226 -0.855455 3.07009 3.168596 -0.26234 0.541313 -3.61472 0.686642 -0.750306 -9.212227 7.7e-05 -2.2e-05 6e-06 0.012224 0.082628 0.062305 0.647842 -3.668772 -10.610705 -0.628541 3.834259 -10.626662 -6.64316 -3.595118 13.299391 -71.810364 7.908495 11.71377 0.244135 -23.540279 0.192584 -5.540511 8.57226 -11.607943 -5.882106 9.861287 0.70259 -10.936872 -0.360574 7.156207 -0.0 8.774828 -1e-06 -16.086859 18.2717 6.46145 -1.844032 2.498505 -2.507278 -10.163601 4.678945 4.621109 -20.976027 -2e-06 1e-06 -21.22629 2.451696 -3.594002 1e-06 -6e-06 1e-06 -1.362682 2.240798 -0.746324 -21.334915 0.584909 3.008324 -13.821215 -2e-06 2e-06 -23.887171 -0.249079 -0.839483 -60.17487 2.884993 -0.918315 -0.294025 1.679688 0.833256 -14.21821 0.093215 1.30058 -34.212051 -0.287565 0.96717 -20.033213 0.964536 1.212844 0.0 0.0 -0.0 -3.440389 0.788233 0.501656 -15.928187 -3.16731 2.999707 -6.338828 -2e-06 1e-06 -18.123447 3.648184 -4.905672 -5e-06 -0.0 -1e-06 16.392279 16.071575 15.880296 46.982758 22.168474 17.690184 0.023146 41.658989 0.199296 5.289586 -9.875426 -3.07342 2.243542 -5.255037 -3.18016 14.282891 -0.826597 6.952503 -0.0 -12.690601 -1e-06 16.294611 -17.7453 2.413603 1.665666 -1.955922 -2.878299 4.7278 -4.170588 4.993925 11.020526 2e-06 0.0 12.109053 -3.735717 -2.866786 0.0 -0.0 -2e-06 1.291985 -1.92855 -1.49809 14.800129 0.567466 3.865607 14.242574 -1.341739 -6.660659 19.631968 0.143923 -0.648245 49.408585 -0.677794 -6.54679 0.353029 -1.511151 -0.03194 20.222794 3.684307 2.316632 18.78727 2e-06 -1e-06 10.751628 -0.479871 1.397907 1e-06 1e-06 0.0 3.273805 0.305947 -0.58011 21.486811 11.830369 2.266134 8.162925 -1e-06 -1e-06 18.39908 -3.798986 -4.940575 5e-06 -0.0 -1e-06 0.575769 14.963309 -28.554529 0.186656 0.524275 22.489302 4.228663 -1.153715 6.166033 1.772228 -1.795964 -6.827064 -0.0 0.0 2e-06 5.14869 1.127894 8.79365 -0.029203 -0.086996 2.586397 -0.768596 -2.05288 -11.486669 -1.426513 1.020517 -2.436357 -0.0 -0.0 -1e-06 
0.0 0.0 0.0 0.0 -0.0 0.0 14.564689 97.51387 138.023697 -1.835271 -1.624701 1.017173 3.260237 0.57886 -0.176288 -0.273565 2.284559 -4.792907 0.377175 0.459214 9.987691 -2.019612 3.565151 3.132367 -0.323494 0.517833 -3.648723 0.522549 -0.386711 -9.341538 7.7e-05 -2.3e-05 6e-06 0.012415 0.082383 0.063801 0.670919 -3.678416 -10.68116 -0.653143 3.844436 -10.683411 -7.161642 -2.842001 13.227578 -72.306427 9.178019 9.995102 0.270958 -24.536022 0.133091 -5.074974 8.354085 -11.557765 -5.882113 9.861293 0.702592 -10.936887 -0.360575 7.156216 1e-06 8.774834 -0.0 -15.964186 18.423676 6.651841 -1.844035 2.498506 -2.50728 -10.163614 4.67895 4.621116 -20.976055 -4e-06 5e-06 -21.226316 2.4517 -3.594001 0.0 -6e-06 1e-06 -1.362683 2.240801 -0.746324 -21.334942 0.58491 3.008329 -13.821233 -2e-06 4e-06 -23.887203 -0.249078 -0.839482 -60.387459 2.951587 -0.846501 -0.294025 1.679689 0.833257 -14.218227 0.093215 1.300583 -34.212097 -0.287563 0.967175 -20.033241 0.964539 1.212846 0.0 0.0 -0.0 -3.440393 0.788234 0.501657 -15.928208 -3.167313 2.999712 -6.338835 -2e-06 1e-06 -18.123474 3.648186 -4.905674 -5e-06 -0.0 -2e-06 16.13118 17.059109 15.711082 44.966522 24.088793 17.075434 0.12235 43.656689 0.205107 5.534997 -10.27583 -2.233896 2.243542 -5.25504 -3.180157 14.282895 -0.826595 6.952504 -2e-06 -12.690609 -0.0 16.236643 -17.62632 2.45846 1.665667 -1.955921 -2.878298 4.727799 -4.170588 4.993925 11.020528 2e-06 -2e-06 12.109055 -3.735715 -2.866785 1e-06 1e-06 -0.0 1.291985 -1.92855 -1.49809 14.800134 0.567469 3.865608 14.242577 -1.341736 -6.660662 19.631973 0.143928 -0.648246 49.372139 -0.781046 -6.51212 0.353029 -1.511149 -0.031938 20.222797 3.684311 2.31663 18.787279 5e-06 -4e-06 10.751631 -0.479868 1.397904 0.0 2e-06 0.0 3.273807 0.305948 -0.580112 21.48682 11.830379 2.266133 8.16293 1e-06 -0.0 18.39909 -3.798985 -4.940579 3e-06 -2e-06 -2e-06 0.357238 14.465726 -28.405743 0.051966 0.471078 8.409179 2.448191 0.692268 6.592039 1.759681 -1.876189 -6.155474 -0.0 -0.0 3e-06 5.264236 0.979064 11.296613 -0.047072 -0.112654 2.587337 -0.553906 -0.62166 -12.589206 -1.429342 0.971289 -3.075084 -0.0 0.0 -1e-06 
0.0 0.0 0.0 0.0 -0.0 0.0 14.972965 96.577164 142.426208 -2.240247 -2.495473 1.50323 3.366601 0.468575 -0.386722 -0.221338 2.444128 -4.912843 0.752234 0.689131 10.106883 -2.855855 3.909741 2.892988 -0.37025 0.715765 -3.560164 0.24148 -0.106242 -9.42155 7.7e-05 -2.3e-05 6e-06 0.013929 0.126213 0.075044 0.67196 -3.643174 -10.693274 -0.652709 3.896423 -10.694449 -7.584116 -2.448891 13.187477 -72.946411 9.84879 8.115608 0.357445 -25.009325 0.059881 -4.861919 8.196539 -11.662208 -5.882109 9.861294 0.702591 -10.936877 -0.360576 7.156208 0.0 8.774835 -3e-06 -16.061886 18.404171 6.546848 -1.844033 2.498507 -2.507278 -10.163604 4.678948 4.621109 -20.976032 -4e-06 3e-06 -21.226295 2.451699 -3.594002 1e-06 -7e-06 1e-06 -1.362682 2.2408 -0.746323 -21.334925 0.584909 3.008324 -13.821221 -3e-06 2e-06 -23.887184 -0.249079 -0.839482 -60.533543 2.847785 -0.9009 -0.294025 1.679689 0.833256 -14.218215 0.093214 1.300581 -34.212067 -0.287565 0.967173 -20.033224 0.964536 1.212845 0.0 -0.0 -0.0 -3.44039 0.788234 0.501656 -15.928196 -3.167314 2.999709 -6.33883 -1e-06 1e-06 -18.123457 3.648187 -4.905675 -5e-06 0.0 -2e-06 16.43153 17.544724 15.510725 43.160271 25.661793 15.687162 0.4644 45.627411 0.537901 5.348773 -10.981293 -1.806852 2.243543 -5.255037 -3.180158 14.282896 -0.826597 6.952502 -1e-06 -12.690607 0.0 16.094618 -17.634834 2.54702 1.665668 -1.955923 -2.878299 4.727801 -4.17059 4.993924 11.020532 3e-06 -5e-06 12.109059 -3.735716 -2.866788 1e-06 1e-06 1e-06 1.291986 -1.92855 -1.498089 14.800136 0.567468 3.865606 14.242581 -1.341736 -6.660663 19.631975 0.143928 -0.64825 49.373566 -0.926657 -6.575146 0.35303 -1.511152 -0.031941 20.222803 3.684309 2.316625 18.787287 8e-06 -5e-06 10.751634 -0.479869 1.397903 0.0 1e-06 0.0 3.273806 0.305948 -0.580113 21.486824 11.830379 2.266127 8.162932 1e-06 -3e-06 18.399092 -3.798982 -4.940581 3e-06 -1e-06 -0.0 0.145549 13.613427 -28.937124 -0.050841 0.314198 -1.493122 -1.182627 2.350495 4.943022 1.627387 -2.039827 -5.774807 0.0 -0.0 3e-06 4.820117 0.196323 13.506095 -0.028317 -0.197393 3.130777 -0.115155 1.223627 -13.855205 -1.435247 0.847935 -3.825638 0.0 0.0 -1e-06 
0.0 0.0 0.0 0.0 -0.0 0.0 15.455599 95.607285 147.019547 -2.425766 -3.055086 1.828287 3.271288 0.423668 -0.558255 -0.191561 2.554924 -5.006207 0.985039 0.68974 10.269184 -3.500387 4.098926 2.580112 -0.278876 0.772316 -3.573164 0.074832 0.148967 -9.439964 7.7e-05 -2.2e-05 6e-06 0.010553 0.102234 0.069259 0.658637 -3.659684 -10.660242 -0.647697 3.864922 -10.664593 -7.837443 -2.375749 12.962395 -73.542717 10.080648 6.854488 0.467439 -24.99272 0.001232 -4.823765 8.121737 -11.735293 -5.882107 9.86129 0.702591 -10.936873 -0.360575 7.156206 0.0 8.77483 -1e-06 -16.113281 18.302652 6.479062 -1.844033 2.498505 -2.507278 -10.163601 4.678946 4.621109 -20.97603 -5e-06 2e-06 -21.226292 2.451697 -3.594002 1e-06 -7e-06 1e-06 -1.362682 2.240799 -0.746324 -21.334919 0.584907 3.008324 -13.821218 -4e-06 2e-06 -23.887178 -0.24908 -0.839482 -60.737225 2.732965 -0.901141 -0.294024 1.679689 0.833256 -14.218211 0.093214 1.30058 -34.212063 -0.287565 0.967171 -20.033216 0.964536 1.212844 0.0 -0.0 -0.0 -3.440389 0.788233 0.501656 -15.928189 -3.167312 2.999708 -6.338828 -2e-06 1e-06 -18.123447 3.648185 -4.905673 -5e-06 0.0 -2e-06 16.928673 17.658377 15.350995 41.9058 26.629961 14.388646 0.157851 47.992958 0.483169 5.151197 -11.341625 -2.528896 2.243542 -5.255037 -3.180158 14.282887 -0.826595 6.952499 -2e-06 -12.690605 2e-06 15.985905 -17.749594 2.603934 1.665667 -1.955922 -2.878299 4.727798 -4.170591 4.993921 11.020525 5e-06 -4e-06 12.109053 -3.735717 -2.866787 -0.0 2e-06 -1e-06 1.291987 -1.928549 -1.49809 14.800123 0.567468 3.865603 14.24257 -1.341736 -6.660661 19.631968 0.143929 -0.64825 49.323254 -0.927497 -6.591591 0.353027 -1.51115 -0.031938 20.222788 3.68431 2.316626 18.78727 3e-06 -4e-06 10.751627 -0.479868 1.397904 0.0 1e-06 0.0 3.273806 0.305949 -0.580111 21.486809 11.830372 2.266128 8.162924 1e-06 -2e-06 18.399078 -3.798984 -4.94058 3e-06 -2e-06 -0.0 -0.005041 12.637697 -30.807596 -0.02538 0.145306 -3.329317 -4.901533 4.129395 2.002094 1.512946 -2.093063 -5.711207 -0.0 -0.0 1e-06 3.953302 -0.824806 15.492249 -0.076012 -0.145218 4.599706 0.620526 3.114549 -14.521441 -1.412631 0.810416 -5.279612 0.0 0.0 -1e-06 
0.0 0.0 0.0 0.0 -0.0 0.0 16.07243 94.770432 151.931259 -1.683171 -3.496969 2.08889 2.548503 0.48685 -0.923695 -0.228766 2.625516 -5.195101 0.777923 0.514535 10.433735 -3.681022 4.142799 2.292051 -0.259175 0.88685 -3.535033 0.112985 0.282986 -9.137102 7.7e-05 -2.3e-05 6e-06 0.011926 0.087936 0.056695 0.666409 -3.676849 -10.688022 -0.652353 3.852798 -10.693506 -8.264175 -2.283643 12.79776 -73.535606 9.869043 6.404763 0.422652 -24.756609 -0.030651 -4.714608 8.196174 -11.207707 -5.882107 9.861289 0.702591 -10.936875 -0.360575 7.156208 1e-06 8.774828 -1e-06 -16.173883 18.333694 6.510623 -1.844033 2.498505 -2.507278 -10.163602 4.678946 4.62111 -20.97603 -2e-06 2e-06 -21.226288 2.451697 -3.594001 1e-06 -7e-06 0.0 -1.362681 2.240799 -0.746324 -21.334919 0.584909 3.008324 -13.821218 -3e-06 2e-06 -23.887175 -0.249079 -0.839483 -60.928226 2.728413 -0.900297 -0.294025 1.679688 0.833256 -14.218213 0.093214 1.300581 -34.212063 -0.287565 0.967171 -20.03322 0.964537 1.212844 -1e-06 -0.0 -0.0 -3.440389 0.788233 0.501656 -15.928189 -3.167311 2.999708 -6.338829 -2e-06 1e-06 -18.123457 3.648184 -4.905671 -6e-06 0.0 -2e-06 17.526495 17.477926 15.285081 41.535725 26.910561 13.476963 -0.385468 50.346508 0.233786 4.854225 -11.473215 -3.584898 2.243542 -5.255037 -3.180158 14.282894 -0.826597 6.952503 0.0 -12.690605 1e-06 16.040247 -17.779222 2.624455 1.665665 -1.955921 -2.878298 4.727801 -4.170588 4.993925 11.020527 1e-06 -2e-06 12.109054 -3.735717 -2.866785 1e-06 2e-06 0.0 1.291984 -1.928549 -1.49809 14.800132 0.567464 3.865608 14.242575 -1.341741 -6.660661 19.631969 0.143922 -0.648248 49.373581 -1.035309 -6.591581 0.353027 -1.511151 -0.031941 20.222797 3.684306 2.316631 18.787273 0.0 -2e-06 10.75163 -0.479871 1.397905 0.0 2e-06 1e-06 3.273806 0.305946 -0.580113 21.486813 11.830374 2.266129 8.162929 -0.0 -1e-06 18.39909 -3.798988 -4.940582 2e-06 -2e-06 0.0 -0.757149 11.281179 -31.174664 -0.027954 0.0327 -1.774915 -6.316755 4.915729 1.153165 1.531366 -2.13851 -6.126733 -0.0 0.0 1e-06 1.874854 -1.801541 16.635521 -0.112671 0.040236 8.007473 1.54386 4.920779 -14.288902 -1.404073 0.83118 -8.081809 -0.0 0.0 -1e-06 
0.0 0.0 0.0 0.0 -0.0 0.0 16.781994 94.228905 157.01123 0.620612 -3.839543 2.683601 0.71168 0.399901 -1.77182 -0.465563 2.677472 -5.496131 0.120565 0.481335 10.543477 -3.33757 4.011786 1.882849 -0.216853 1.334575 -3.562463 0.043984 0.149102 -8.350702 7.7e-05 -2.3e-05 6e-06 0.015307 0.050341 0.055482 0.654673 -3.71018 -10.664562 -0.632873 3.809956 -10.66434 -9.156918 -2.258102 12.494154 -72.74662 9.378973 6.419929 0.398483 -24.21254 -0.088614 -4.675892 8.147724 -10.466297 -5.882108 9.86129 0.702591 -10.936876 -0.360576 7.156209 -0.0 8.774831 -2e-06 -16.274878 18.324724 6.622758 -1.844033 2.498505 -2.507278 -10.163602 4.678947 4.62111 -20.976027 -5e-06 3e-06 -21.226292 2.451699 -3.594002 1e-06 -7e-06 0.0 -1.362682 2.240799 -0.746324 -21.334921 0.584911 3.008324 -13.82122 -3e-06 2e-06 -23.88718 -0.249079 -0.839483 -61.363617 2.780484 -0.816354 -0.294025 1.679688 0.833256 -14.218212 0.093215 1.300581 -34.212063 -0.287562 0.967172 -20.03322 0.964538 1.212844 -1e-06 0.0 0.0 -3.440389 0.788234 0.501656 -15.928192 -3.167311 2.999709 -6.338829 -1e-06 1e-06 -18.123453 3.648185 -4.905672 -5e-06 0.0 -2e-06 18.846491 17.024866 15.242611 41.248497 26.234882 13.035277 -0.65223 52.413841 -0.011491 4.408976 -11.672886 -3.943949 2.243543 -5.255037 -3.180159 14.282894 -0.826594 6.952501 -3e-06 -12.690605 2e-06 15.99949 -17.656027 2.597391 1.665666 -1.955923 -2.8783 4.7278 -4.170588 4.993925 11.020528 3e-06 -3e-06 12.109055 -3.735716 -2.866785 1e-06 -0.0 0.0 1.291987 -1.92855 -1.498089 14.800127 0.56747 3.865608 14.242576 -1.341735 -6.660661 19.631973 0.14393 -0.648246 49.34967 -1.002343 -6.542673 0.353029 -1.511151 -0.031939 20.222794 3.684313 2.316628 18.787273 5e-06 -3e-06 10.751629 -0.479868 1.397905 0.0 2e-06 1e-06 3.273807 0.305948 -0.580113 21.48682 11.830379 2.266131 8.162929 1e-06 -1e-06 18.399084 -3.798984 -4.940576 3e-06 0.0 -0.0 -2.856645 8.883451 -32.141014 -0.083116 -0.027188 3.607995 -3.893856 4.93794 5.130321 1.703248 -2.11746 -6.84298 0.0 0.0 3e-06 -2.399302 -3.086709 16.115576 -0.030879 0.229484 13.822362 2.581349 7.678582 -12.926251 -1.419746 0.79813 -13.93681 0.0 0.0 -1e-06 
0.0 0.0 0.0 0.0 -0.0 0.0 17.505594 93.974236 162.090195 3.317941 -3.839411 2.972248 -1.14591 0.330956 -2.304453 -0.833691 2.729209 -5.734343 -1.174013 0.307105 10.467585 -2.458105 3.679893 1.581968 -0.192157 1.295058 -3.625241 0.243645 0.111185 -8.450138 7.7e-05 -2.2e-05 6e-06 0.030701 0.022077 0.043733 0.675665 -3.729383 -10.621414 -0.623458 3.773937 -10.638563 -9.180222 -2.822324 12.16991 -72.282784 8.434369 7.229532 0.405143 -23.341858 -0.090636 -5.008842 7.766656 -10.599062 -5.882103 9.861283 0.702589 -10.936866 -0.360576 7.156202 0.0 8.774823 -1e-06 -16.332108 18.316246 6.516535 -1.844031 2.498504 -2.507277 -10.163595 4.678944 4.621106 -20.976013 -4e-06 1e-06 -21.226273 2.451696 -3.594 1e-06 -6e-06 0.0 -1.362681 2.240798 -0.746323 -21.334904 0.584909 3.008322 -13.82121 -3e-06 2e-06 -23.887159 -0.249079 -0.839482 -61.192341 2.804006 -0.745011 -0.294025 1.679687 0.833256 -14.218201 0.093215 1.30058 -34.212032 -0.287565 0.96717 -20.033203 0.964536 1.212843 -0.0 0.0 0.0 -3.440387 0.788233 0.501655 -15.928179 -3.167309 2.999706 -6.338823 -1e-06 1e-06 -18.123438 3.648181 -4.905669 -6e-06 1e-06 -1e-06 19.651812 16.121229 14.962001 42.622864 25.271933 12.998268 -0.382633 53.437851 0.295542 3.674801 -11.510777 -3.149588 2.243543 -5.255037 -3.180157 14.282887 -0.826595 6.952498 0.0 -12.690603 -1e-06 15.908325 -17.783022 2.656719 1.665664 -1.955922 -2.8783 4.7278 -4.170587 4.993923 11.020526 -1e-06 -1e-06 12.109052 -3.735719 -2.866783 -0.0 1e-06 -1e-06 1.291986 -1.92855 -1.498089 14.800127 0.567466 3.865608 14.24257 -1.341738 -6.660658 19.631968 0.143924 -0.648246 49.474773 -0.962915 -6.603854 0.353029 -1.511151 -0.03194 20.222786 3.684305 2.316629 18.78727 3e-06 -4e-06 10.751625 -0.479868 1.397905 -0.0 2e-06 1e-06 3.273808 0.305946 -0.580112 21.486809 11.830372 2.266131 8.162924 0.0 -1e-06 18.399078 -3.798987 -4.940578 3e-06 -1e-06 -1e-06 -5.314134 6.230196 -33.829132 0.009598 0.02395 10.720812 -0.551168 4.542759 11.945222 1.763536 -2.084039 -5.362092 0.0 0.0 2e-06 -7.008224 -4.402131 14.262979 -0.097384 0.45608 22.478682 3.262047 9.954516 -8.78227 -1.452222 0.759663 -22.35004 -0.0 0.0 -1e-06 
0.0 0.0 0.0 0.0 -0.0 0.0 18.107281 93.912651 167.246216 5.208036 -2.938195 2.269888 -2.178004 0.218925 -1.865314 -1.280776 2.566057 -5.568309 -2.59715 0.232906 9.959181 -1.232965 3.140835 1.927761 -0.329285 0.657048 -3.523937 0.546758 0.209499 -10.277499 7.7e-05 -2.3e-05 6e-06 0.035606 0.023822 0.051662 0.722905 -3.70886 -10.553866 -0.661052 3.756023 -10.562201 -6.828931 -4.302787 12.689749 -73.563248 5.917845 9.076926 0.294165 -22.153448 -0.015956 -5.57284 7.60005 -10.561853 -5.882112 9.861293 0.70259 -10.936882 -0.360576 7.156211 1e-06 8.774831 -3e-06 -16.553101 18.589977 6.299271 -1.844034 2.498507 -2.507279 -10.163611 4.678948 4.621112 -20.976049 -2e-06 6e-06 -21.226309 2.451701 -3.594001 1e-06 -6e-06 -0.0 -1.362683 2.240799 -0.746324 -21.334938 0.58491 3.008327 -13.821229 -3e-06 3e-06 -23.887196 -0.249077 -0.839482 -61.331486 2.860929 -0.871311 -0.294025 1.679689 0.833256 -14.218223 0.093214 1.300583 -34.212082 -0.287562 0.967174 -20.03323 0.964539 1.212846 -2e-06 -1e-06 0.0 -3.440392 0.788234 0.501656 -15.928203 -3.167312 2.999711 -6.338833 -1e-06 2e-06 -18.123463 3.648186 -4.905674 -7e-06 0.0 -1e-06 17.509956 14.846127 14.564025 47.983887 24.241056 13.446385 -0.49717 52.991127 0.238719 2.178883 -11.097354 -3.003186 2.243544 -5.255038 -3.180158 14.282896 -0.826596 6.952503 -3e-06 -12.69061 2e-06 16.047838 -17.948387 2.663851 1.665669 -1.955922 -2.8783 4.7278 -4.17059 4.993929 11.020534 3e-06 -2e-06 12.109058 -3.735718 -2.866786 -0.0 1e-06 -2e-06 1.291985 -1.92855 -1.498091 14.800136 0.567467 3.865607 14.242579 -1.341735 -6.660663 19.631975 0.143926 -0.648248 49.718975 -0.972814 -6.617053 0.353031 -1.511151 -0.03194 20.222803 3.684311 2.316629 18.787287 5e-06 -4e-06 10.751634 -0.479869 1.397905 0.0 1e-06 1e-06 3.273808 0.305948 -0.580112 21.486824 11.830379 2.266129 8.16293 2e-06 -1e-06 18.399097 -3.798986 -4.940582 3e-06 -1e-06 -0.0 -7.043453 4.054863 -34.27121 0.013738 -0.042674 19.022196 0.624895 4.204114 11.042945 1.687399 -2.044358 -3.082322 0.0 -0.0 2e-06 -10.032046 -5.140438 11.254215 -0.099048 0.683423 34.267384 3.226717 10.533835 -0.394738 -1.521198 0.707808 -30.734571 -0.0 -0.0 -1e-06 
0.0 0.0 0.0 0.0 -0.0 0.0 18.651278 94.193634 172.378098 6.658452 -1.80287 1.242311 -3.131419 0.060628 -1.171578 -1.580352 2.382832 -5.263801 -3.535376 -0.137547 9.608818 -0.642791 2.751679 2.502137 -0.453798 0.346542 -3.510864 0.764895 -0.088743 -11.648797 7.7e-05 -2.2e-05 6e-06 0.036667 0.019465 0.073474 0.728667 -3.717492 -10.517157 -0.667034 3.753001 -10.520425 -4.662488 -5.840602 12.932633 -74.46653 3.03493 11.259761 0.146433 -21.495228 0.010514 -6.438207 7.636506 -9.841306 -5.88211 9.861293 0.70259 -10.936878 -0.360577 7.156209 0.0 8.77483 -2e-06 -16.647356 18.67301 6.137331 -1.844034 2.498506 -2.507279 -10.163605 4.678947 4.62111 -20.976034 -4e-06 2e-06 -21.226297 2.451698 -3.594003 2e-06 -6e-06 0.0 -1.362682 2.2408 -0.746324 -21.334925 0.584909 3.008324 -13.821221 -2e-06 2e-06 -23.887184 -0.249079 -0.839484 -61.210331 2.94778 -1.116385 -0.294025 1.679689 0.833256 -14.218218 0.093215 1.30058 -34.212074 -0.287565 0.967171 -20.033226 0.964537 1.212844 -1e-06 -0.0 0.0 -3.44039 0.788234 0.501656 -15.928196 -3.167313 2.999708 -6.33883 -1e-06 0.0 -18.123459 3.648185 -4.905674 -6e-06 -0.0 -2e-06 15.027204 14.021895 14.427591 53.49902 22.933413 13.934721 -0.51608 50.855553 0.348002 1.580236 -10.869562 -3.654867 2.243544 -5.255041 -3.180158 14.282896 -0.826597 6.952503 1e-06 -12.690615 -2e-06 16.200535 -17.966227 2.61139 1.665668 -1.955923 -2.878301 4.7278 -4.170592 4.993926 11.020531 -2e-06 -4e-06 12.109057 -3.735722 -2.866787 -1e-06 1e-06 -2e-06 1.291986 -1.928551 -1.498091 14.800132 0.567464 3.865606 14.242581 -1.34174 -6.660665 19.631975 0.143924 -0.648251 49.946728 -0.777882 -6.700796 0.353029 -1.511151 -0.03194 20.222801 3.684308 2.31663 18.787285 0.0 -4e-06 10.751633 -0.47987 1.397905 1e-06 2e-06 0.0 3.273809 0.305946 -0.580109 21.486816 11.830379 2.266131 8.16293 1e-06 -1e-06 18.399092 -3.79899 -4.940585 3e-06 -1e-06 -1e-06 -8.837933 3.123958 -32.416637 -0.030373 0.04396 24.532171 2.196917 3.231819 6.736687 1.622543 -2.061693 -1.9219 -0.0 -0.0 2e-06 -12.058367 -5.030255 6.504589 0.031322 0.723895 47.580566 4.625848 8.731408 10.881594 -1.383326 0.623871 -27.720816 -0.0 0.0 -4e-06 
0.0 0.0 0.0 0.0 -0.0 0.0 19.200735 94.809731 177.419128 7.759641 -1.514685 0.57044 -3.938378 -0.103387 -0.769638 -1.744044 2.283916 -5.096804 -4.027676 -0.444992 9.471569 -0.852478 2.865921 2.839474 -0.441416 0.267723 -3.523532 0.917739 -0.336319 -11.988751 7.7e-05 -2.3e-05 6e-06 0.044618 0.068377 0.10526 0.716909 -3.677329 -10.490345 -0.640405 3.812146 -10.488139 -4.726089 -6.594587 13.036909 -73.114853 0.260857 13.020839 0.12272 -22.072529 0.012245 -6.937266 7.381161 -10.573456 -5.882113 9.861293 0.702592 -10.936882 -0.360575 7.156212 -0.0 8.774831 -1e-06 -16.766912 18.741362 6.009248 -1.844034 2.498506 -2.50728 -10.163611 4.678949 4.621113 -20.976049 -4e-06 3e-06 -21.226309 2.4517 -3.594002 -0.0 -6e-06 -0.0 -1.362683 2.2408 -0.746323 -21.334938 0.584911 3.008326 -13.821231 -3e-06 3e-06 -23.887196 -0.249078 -0.839483 -61.290073 2.870591 -1.235246 -0.294025 1.679689 0.833257 -14.218224 0.093215 1.300581 -34.212086 -0.287563 0.967172 -20.033236 0.964538 1.212844 0.0 -0.0 -0.0 -3.440392 0.788234 0.501657 -15.928205 -3.167312 2.99971 -6.338833 -1e-06 1e-06 -18.123466 3.648185 -4.905675 -6e-06 1e-06 -1e-06 14.737549 13.572168 14.696733 55.89323 21.623011 15.29739 -0.779024 47.733139 0.078556 2.260778 -11.248176 -3.527529 2.243541 -5.255039 -3.180161 14.282899 -0.826596 6.952508 -2e-06 -12.690616 -1e-06 16.361208 -17.826656 2.573185 1.665668 -1.955923 -2.878301 4.727801 -4.170591 4.993927 11.020533 3e-06 -2e-06 12.109058 -3.735718 -2.866786 0.0 0.0 -0.0 1.291987 -1.928551 -1.498091 14.800138 0.567471 3.865611 14.242582 -1.341734 -6.660662 19.631979 0.143929 -0.648246 49.925922 -0.658341 -6.606096 0.353029 -1.511151 -0.03194 20.222803 3.684312 2.316631 18.787285 6e-06 -1e-06 10.751636 -0.479868 1.397907 1e-06 1e-06 -2e-06 3.273808 0.305947 -0.580113 21.486828 11.830384 2.266133 8.162932 1e-06 -1e-06 18.399096 -3.798988 -4.940578 4e-06 -1e-06 -1e-06 -10.24082 2.807391 -28.892456 0.062117 0.202555 26.020208 2.887914 2.974956 1.918186 1.632356 -2.099864 -1.89573 0.0 0.0 2e-06 -13.306859 -4.075399 0.422968 0.087912 0.676304 59.373325 5.254743 5.352894 19.161755 -1.075272 0.802839 -10.107048 0.0 -0.0 -0.0 
0.0 0.0 0.0 0.0 -0.0 0.0 19.676306 95.744942 182.098572 8.505133 -1.805354 0.245207 -4.578887 -0.166126 -0.693443 -1.871759 2.020285 -5.051689 -4.179201 -0.657592 9.471245 -1.293612 3.222302 3.108282 -0.417194 0.498326 -3.51881 0.968338 -0.282194 -12.189485 7.7e-05 -2.3e-05 6e-06 0.053578 0.112307 0.121834 0.716455 -3.639308 -10.485724 -0.622352 3.864647 -10.47756 -5.754358 -6.619143 12.698345 -70.635361 -2.313187 14.482441 0.234334 -23.066971 -0.043627 -6.231975 6.700312 -11.257797 -5.882107 9.861286 0.702592 -10.936875 -0.360575 7.156208 1e-06 8.774826 -1e-06 -16.856569 18.675514 5.894318 -1.844033 2.498504 -2.507279 -10.163601 4.678945 4.62111 -20.97603 -6e-06 3e-06 -21.22629 2.451696 -3.593999 -2e-06 -5e-06 -0.0 -1.362682 2.240798 -0.746324 -21.334919 0.584908 3.008324 -13.821216 -4e-06 2e-06 -23.887173 -0.249081 -0.839482 -61.270275 2.827321 -1.316504 -0.294025 1.679687 0.833256 -14.218213 0.093214 1.30058 -34.212063 -0.287566 0.967171 -20.033218 0.964536 1.212845 -1e-06 -1e-06 -0.0 -3.440389 0.788233 0.501655 -15.928192 -3.16731 2.999709 -6.338828 -1e-06 2e-06 -18.123451 3.648181 -4.905671 -5e-06 0.0 -2e-06 15.44487 13.360839 15.036592 57.022881 20.524078 16.742908 -0.488675 43.38131 0.092143 2.997874 -11.420318 -2.796373 2.243541 -5.255037 -3.180159 14.282896 -0.826595 6.952507 -2e-06 -12.690605 2e-06 16.463572 -17.747738 2.465511 1.665666 -1.955922 -2.8783 4.7278 -4.170587 4.993926 11.020529 2e-06 2e-06 12.109054 -3.735717 -2.866783 0.0 -0.0 1e-06 1.291986 -1.928548 -1.498089 14.800132 0.567467 3.865612 14.242574 -1.341737 -6.660657 19.631973 0.143925 -0.648244 49.952553 -0.616357 -6.65024 0.35303 -1.511151 -0.031939 20.222797 3.684308 2.316633 18.787279 4e-06 2e-06 10.751632 -0.47987 1.397908 1e-06 1e-06 1e-06 3.273808 0.305947 -0.580112 21.48682 11.830376 2.266136 8.16293 2e-06 -1e-06 18.39909 -3.798983 -4.940574 2e-06 -2e-06 -0.0 -11.195788 2.704938 -24.697647 0.166578 0.295796 24.886337 2.953334 3.395964 -0.890002 1.618653 -2.147915 -1.641907 0.0 0.0 2e-06 -13.802117 -2.929823 -6.038191 0.10311 0.414883 68.522484 2.854768 2.587759 16.290943 -1.181735 0.897957 -5.25808 -0.0 -0.0 -1e-06 
0.0 0.0 0.0 0.0 -0.0 0.0 20.033678 96.865677 186.54776 8.443991 -1.886672 -0.102768 -4.788106 -0.285538 -0.5375 -1.870917 1.637581 -4.988998 -3.961506 -0.93191 9.436958 -1.691265 3.592562 3.456302 -0.452683 0.66398 -3.527174 0.870372 0.022113 -12.294569 7.7e-05 -2.3e-05 6e-06 0.053472 0.10868 0.112864 0.718111 -3.649708 -10.496637 -0.6235 3.869149 -10.489828 -6.306094 -6.690265 12.405093 -68.552391 -5.050686 14.909366 0.2717 -24.167446 -0.072004 -4.724679 6.212035 -11.105728 -5.882109 9.861288 0.70259 -10.936877 -0.360575 7.156209 1e-06 8.774826 -2e-06 -16.850826 18.5394 5.861924 -1.844033 2.498505 -2.50728 -10.163604 4.678946 4.621109 -20.97603 -4e-06 2e-06 -21.226295 2.451698 -3.594001 -1e-06 -6e-06 0.0 -1.362682 2.240798 -0.746323 -21.334925 0.58491 3.008322 -13.82122 -2e-06 2e-06 -23.887182 -0.24908 -0.839484 -61.24902 2.76691 -1.243016 -0.294025 1.679687 0.833256 -14.218214 0.093215 1.30058 -34.212063 -0.287564 0.96717 -20.033218 0.964536 1.212843 -0.0 -0.0 -0.0 -3.44039 0.788233 0.501656 -15.928192 -3.167311 2.999706 -6.338827 -1e-06 0.0 -18.123453 3.648183 -4.905673 -4e-06 1e-06 -2e-06 15.523343 13.09069 15.30118 58.807907 19.407907 17.905266 -0.22234 38.588169 0.053267 3.441511 -11.697844 -2.136683 2.243541 -5.255034 -3.180155 14.282883 -0.826595 6.952498 -1e-06 -12.6906 1e-06 16.468569 -17.60705 2.386211 1.665666 -1.955922 -2.878298 4.727797 -4.170586 4.99392 11.020519 1e-06 -3e-06 12.109044 -3.735715 -2.866783 0.0 -0.0 1e-06 1.291985 -1.928549 -1.498089 14.800122 0.567465 3.865607 14.242567 -1.341738 -6.660657 19.631956 0.143923 -0.648247 50.033104 -0.512642 -6.639639 0.353029 -1.511151 -0.03194 20.22278 3.684306 2.316629 18.787266 4e-06 -3e-06 10.751622 -0.479869 1.397904 2e-06 1e-06 0.0 3.273806 0.305946 -0.580111 21.486801 11.830368 2.266133 8.162924 1e-06 -1e-06 18.399075 -3.798988 -4.940575 3e-06 -1e-06 -0.0 -11.271985 2.758673 -19.618883 0.145297 0.222789 21.709301 2.77967 3.636901 -2.476507 1.613045 -2.157474 -1.453643 0.0 -0.0 2e-06 -12.988758 -2.418109 -12.151373 0.116626 0.187795 73.498367 0.200254 -0.109362 11.200847 -1.341752 0.929131 -4.607668 -0.0 0.0 -0.0 
0.0 0.0 0.0 0.0 -0.0 0.0 20.286469 98.004326 191.061752 7.576406 -1.374196 -0.520528 -4.615889 -0.445662 -0.220162 -1.734543 1.124218 -4.83755 -3.383454 -1.464405 9.287628 -1.964625 3.846086 3.838733 -0.426829 0.82385 -3.527511 0.685704 0.412758 -12.169462 7.7e-05 -2.3e-05 6e-06 0.045263 0.078675 0.10434 0.722995 -3.683423 -10.521514 -0.643341 3.842316 -10.515647 -5.975088 -7.178396 12.212914 -67.228264 -7.627881 14.623739 0.188212 -25.783623 -0.060193 -3.190628 6.026299 -10.821789 -5.882113 9.861297 0.70259 -10.936883 -0.360575 7.156213 1e-06 8.774835 -1e-06 -16.659105 18.440237 5.959664 -1.844035 2.498507 -2.507279 -10.163611 4.67895 4.621113 -20.976048 -5e-06 2e-06 -21.226311 2.451698 -3.594003 -0.0 -6e-06 -0.0 -1.362683 2.2408 -0.746323 -21.33494 0.584909 3.008325 -13.821233 -4e-06 1e-06 -23.887201 -0.249081 -0.839485 -61.166168 2.759902 -1.16498 -0.294025 1.679689 0.833257 -14.218225 0.093215 1.300581 -34.212086 -0.287566 0.96717 -20.033237 0.964535 1.212843 -1e-06 -1e-06 -0.0 -3.440392 0.788234 0.501655 -15.928205 -3.167313 2.999709 -6.338835 -1e-06 1e-06 -18.123466 3.648185 -4.905674 -4e-06 1e-06 -2e-06 14.965973 12.577345 15.393058 61.001541 17.879248 18.438726 0.02246 34.234932 0.05915 4.227842 -12.125501 -1.795407 2.243544 -5.255041 -3.18016 14.282903 -0.826594 6.952504 -4e-06 -12.690617 1e-06 16.487598 -17.470411 2.309537 1.665668 -1.955923 -2.878302 4.727801 -4.170592 4.993926 11.020536 4e-06 -3e-06 12.109063 -3.735717 -2.866788 -0.0 0.0 -0.0 1.291987 -1.92855 -1.498092 14.800142 0.56747 3.865608 14.242586 -1.341734 -6.660665 19.631989 0.14393 -0.648247 49.995125 -0.382168 -6.593038 0.35303 -1.511153 -0.03194 20.222811 3.684316 2.316628 18.787287 9e-06 -4e-06 10.751636 -0.479867 1.397905 -1e-06 0.0 0.0 3.273809 0.305948 -0.580113 21.486834 11.830388 2.266132 8.162932 5e-06 -1e-06 18.399097 -3.798985 -4.940578 5e-06 0.0 -1e-06 -10.455659 2.98756 -14.091108 0.067961 0.045735 17.884884 2.490896 3.241559 -3.315192 1.612439 -2.131294 -1.38256 0.0 0.0 2e-06 -11.034004 -2.814483 -17.350353 0.13036 0.004325 74.059456 -1.583138 -2.222762 7.647075 -1.412223 0.921556 -4.653802 0.0 0.0 -2e-06 
0.0 0.0 0.0 0.0 -0.0 0.0 20.474787 98.936211 195.623047 6.233614 -0.312636 -0.770758 -4.258227 -0.6194 0.074543 -1.528791 0.496907 -4.678462 -2.561791 -2.182455 9.118587 -2.018388 3.904408 4.108705 -0.351826 1.009922 -3.548996 0.521553 0.783345 -11.803021 7.7e-05 -2.2e-05 6e-06 0.036025 0.03758 0.091917 0.727319 -3.723508 -10.561228 -0.664143 3.798527 -10.554334 -5.177851 -7.959336 12.015567 -66.028275 -9.755565 14.352159 -0.017518 -28.440607 0.013264 -2.074808 5.885946 -10.650397 -5.882113 9.861293 0.702592 -10.936881 -0.360574 7.156212 1e-06 8.774831 -2e-06 -16.360155 18.428802 6.125015 -1.844034 2.498507 -2.50728 -10.16361 4.67895 4.621113 -20.976042 -1e-06 3e-06 -21.226303 2.451701 -3.594004 1e-06 -7e-06 -1e-06 -1.362683 2.2408 -0.746325 -21.334934 0.584912 3.008325 -13.821229 -3e-06 1e-06 -23.887194 -0.249079 -0.839486 -61.041031 2.797614 -1.091074 -0.294026 1.679689 0.833257 -14.218223 0.093216 1.300581 -34.212082 -0.287561 0.967169 -20.033232 0.964538 1.212842 -1e-06 -1e-06 -1e-06 -3.440392 0.788234 0.501655 -15.928201 -3.16731 2.999709 -6.338834 -2e-06 1e-06 -18.123466 3.648186 -4.905674 -2e-06 0.0 -1e-06 14.59198 11.757668 15.339135 62.497078 15.676764 17.982435 0.3313 31.029858 0.148319 5.294356 -12.49325 -1.817295 2.243543 -5.255039 -3.180158 14.282896 -0.826595 6.952503 -3e-06 -12.690609 1e-06 16.493896 -17.461838 2.280204 1.665667 -1.955922 -2.878299 4.7278 -4.17059 4.993925 11.020531 3e-06 -2e-06 12.109057 -3.735718 -2.866784 -0.0 -0.0 -0.0 1.291986 -1.92855 -1.49809 14.800136 0.567468 3.865607 14.24258 -1.341737 -6.66066 19.631975 0.143927 -0.648246 49.845264 -0.290926 -6.553746 0.35303 -1.511152 -0.03194 20.222801 3.684311 2.316628 18.787283 7e-06 -3e-06 10.751634 -0.479865 1.397905 1e-06 0.0 -0.0 3.273808 0.305947 -0.58011 21.486824 11.83038 2.266131 8.16293 3e-06 -2e-06 18.399088 -3.798984 -4.94058 5e-06 1e-06 -3e-06 -9.035677 3.143032 -8.6942 0.014703 -0.125792 13.965091 2.175324 2.38412 -3.89361 1.621187 -2.065176 -1.411335 -0.0 0.0 2e-06 -8.504219 -4.003549 -21.748943 0.080818 -0.188869 70.974228 -2.255487 -3.536886 5.114593 -1.419015 0.879521 -4.971002 -0.0 -0.0 -2e-06 
0.0 0.0 0.0 0.0 -0.0 0.0 20.609241 99.5065 200.143814 4.955847 1.133 -0.639453 -3.973588 -0.766284 0.185791 -1.359347 -0.180521 -4.609397 -1.71005 -2.93162 9.044198 -1.753979 3.760041 4.121079 -0.277795 1.230032 -3.593181 0.42173 0.96669 -11.393634 7.7e-05 -2.2e-05 6e-06 0.030724 -0.002518 0.075616 0.721523 -3.757385 -10.586889 -0.666924 3.751364 -10.573509 -4.279243 -8.853694 11.69737 -64.453995 -11.460897 14.549594 -0.229441 -32.18082 0.11933 -1.38894 5.524518 -10.833895 -5.88211 9.861292 0.70259 -10.936879 -0.360576 7.15621 1e-06 8.774831 0.0 -16.042181 18.516741 6.309366 -1.844034 2.498507 -2.50728 -10.163607 4.678947 4.621111 -20.97604 -5e-06 4e-06 -21.226301 2.451696 -3.594001 1e-06 -6e-06 -0.0 -1.362682 2.240799 -0.746322 -21.334929 0.584909 3.008326 -13.821223 -4e-06 2e-06 -23.887184 -0.249079 -0.839482 -60.958252 2.872705 -1.026203 -0.294025 1.679688 0.833256 -14.21822 0.093214 1.300582 -34.212078 -0.287567 0.967174 -20.03323 0.964537 1.212845 0.0 -0.0 0.0 -3.440391 0.788233 0.501657 -15.928196 -3.167311 2.999708 -6.33883 -1e-06 0.0 -18.123461 3.648185 -4.905673 -4e-06 -0.0 -1e-06 14.853334 10.620639 15.236464 62.855179 12.860013 16.646801 0.536107 29.19768 0.213026 6.021595 -12.696046 -2.066625 2.243542 -5.255037 -3.180158 14.282892 -0.826595 6.9525 -2e-06 -12.690607 2e-06 16.414463 -17.537457 2.350483 1.665666 -1.955921 -2.878298 4.727798 -4.170588 4.993924 11.020526 2e-06 -1e-06 12.109053 -3.735716 -2.866785 -1e-06 0.0 -0.0 1.291986 -1.92855 -1.498091 14.800129 0.567468 3.865608 14.242573 -1.341736 -6.660658 19.631969 0.143924 -0.648245 49.695816 -0.282721 -6.536353 0.353029 -1.51115 -0.031942 20.222794 3.684309 2.316631 18.787271 4e-06 -2e-06 10.751627 -0.47987 1.397906 0.0 1e-06 1e-06 3.273807 0.305947 -0.580112 21.486816 11.830377 2.266131 8.162929 1e-06 -1e-06 18.399086 -3.798986 -4.940577 3e-06 -0.0 -1e-06 -7.552087 3.100391 -3.816376 0.001298 -0.212071 10.060189 1.852582 1.210937 -4.546004 1.639903 -1.959815 -1.491058 -0.0 0.0 2e-06 -6.020705 -5.569431 -25.636494 -0.054017 -0.365434 64.738518 -2.022501 -4.656734 3.141451 -1.421342 0.851906 -5.295918 0.0 0.0 -4e-06 
0.0 0.0 0.0 0.0 -0.0 0.0 20.711916 99.649117 204.57782 4.192393 2.747372 -0.195915 -3.950777 -0.858278 0.1216 -1.274087 -0.852158 -4.60592 -1.067011 -3.544201 9.100918 -1.138079 3.467461 3.945785 -0.314574 1.368308 -3.645295 0.395804 0.922108 -11.271371 7.7e-05 -2.3e-05 6e-06 0.027135 -0.033728 0.06602 0.703804 -3.780622 -10.581643 -0.654879 3.713458 -10.561404 -3.346315 -9.767395 11.354317 -62.562744 -12.99125 14.940981 -0.308702 -36.554569 0.203009 -0.890208 4.96854 -11.46719 -5.882108 9.86129 0.702588 -10.936873 -0.360574 7.156202 -1e-06 8.774828 -1e-06 -15.733018 18.628437 6.485421 -1.844033 2.498507 -2.507279 -10.163602 4.678946 4.621107 -20.976027 -3e-06 -1e-06 -21.226294 2.451698 -3.594006 1e-06 -6e-06 -2e-06 -1.362682 2.240798 -0.746324 -21.334919 0.58491 3.008317 -13.821218 -2e-06 -1e-06 -23.887178 -0.24908 -0.839487 -60.873692 2.966104 -0.969177 -0.294025 1.679688 0.833256 -14.218212 0.093215 1.300577 -34.212063 -0.287567 0.967163 -20.033218 0.964535 1.212842 -0.0 -0.0 -0.0 -3.44039 0.788234 0.501656 -15.928189 -3.167311 2.999706 -6.338827 -0.0 -2e-06 -18.123453 3.648185 -4.905677 -3e-06 1e-06 -0.0 15.474991 9.301711 15.158393 62.531113 9.823475 15.011847 0.536266 28.415554 0.192114 6.154022 -12.71506 -2.550509 2.243544 -5.255041 -3.180158 14.282902 -0.826597 6.952507 -1e-06 -12.690614 -1e-06 16.309475 -17.625381 2.477276 1.665668 -1.955923 -2.878301 4.727803 -4.170591 4.993927 11.020535 2e-06 -0.0 12.109059 -3.735719 -2.866785 -1e-06 -0.0 -1e-06 1.291987 -1.928551 -1.498091 14.80014 0.567467 3.865609 14.242586 -1.341738 -6.660663 19.631985 0.143924 -0.648246 49.638866 -0.31597 -6.54236 0.353029 -1.511152 -0.03194 20.222805 3.684311 2.316633 18.787287 2e-06 -0.0 10.751636 -0.47987 1.397907 -1e-06 1e-06 -1e-06 3.273809 0.305947 -0.580112 21.486828 11.830384 2.266135 8.162935 1e-06 0.0 18.399097 -3.79899 -4.940578 2e-06 -0.0 -2e-06 -6.486312 2.85368 0.420963 -0.003646 -0.200306 6.518315 1.510015 -0.063026 -5.362813 1.660876 -1.879199 -1.572722 0.0 -0.0 2e-06 -4.137613 -7.045229 -28.810005 -0.159027 -0.376696 55.619995 -1.42277 -6.305018 1.866024 -1.429911 0.868697 -5.466694 -0.0 0.0 -0.0 
0.0 0.0 0.0 0.0 -0.0 0.0 20.840141 99.395706 208.871582 4.12198 4.307786 0.338026 -4.207467 -0.942047 -0.009685 -1.250452 -1.464926 -4.621661 -0.810041 -3.931282 9.271092 -0.308276 3.054931 3.748 -0.446233 1.311562 -3.662544 0.433579 0.842057 -11.453644 7.7e-05 -2.3e-05 6e-06 0.018803 -0.046968 0.071182 0.681947 -3.790626 -10.566168 -0.64887 3.698939 -10.548101 -2.3637 -10.601914 11.145122 -60.686626 -14.609104 14.929044 -0.185411 -40.856068 0.177863 -0.472829 4.401686 -12.141549 -5.882105 9.861281 0.70259 -10.936869 -0.360575 7.156203 1e-06 8.774822 1e-06 -15.544312 18.701183 6.569993 -1.844032 2.498503 -2.507277 -10.163599 4.678944 4.621105 -20.976023 -4e-06 -1e-06 -21.226286 2.451694 -3.593999 0.0 -7e-06 1e-06 -1.362682 2.240798 -0.746323 -21.334911 0.584909 3.008318 -13.821211 -3e-06 -1e-06 -23.887167 -0.249082 -0.839484 -60.784885 3.01081 -0.969249 -0.294026 1.679688 0.833256 -14.218208 0.093214 1.300579 -34.212051 -0.287568 0.967168 -20.033213 0.964533 1.212842 -0.0 -1e-06 0.0 -3.440387 0.788232 0.501654 -15.928185 -3.16731 2.999704 -6.338828 -2e-06 1e-06 -18.123449 3.648181 -4.905672 -3e-06 1e-06 -1e-06 15.944146 8.005325 15.126992 62.210278 6.940229 13.697342 0.377555 28.130259 0.126479 6.072601 -12.737971 -2.987136 2.243541 -5.255035 -3.180156 14.28289 -0.826594 6.952503 -2e-06 -12.690601 -1e-06 16.217468 -17.681875 2.575788 1.665666 -1.955921 -2.878297 4.727798 -4.170586 4.993921 11.020524 3e-06 0.0 12.109048 -3.735715 -2.866782 1e-06 -0.0 -1e-06 1.291985 -1.928549 -1.498088 14.800125 0.567468 3.865608 14.242569 -1.341738 -6.660654 19.631968 0.143925 -0.648242 49.619175 -0.339729 -6.592769 0.353029 -1.51115 -0.031941 20.222786 3.684309 2.316631 18.78727 4e-06 -0.0 10.751629 -0.479869 1.397906 -2e-06 0.0 -1e-06 3.273806 0.305947 -0.580109 21.486811 11.830371 2.266135 8.162926 2e-06 -1e-06 18.39908 -3.798983 -4.940573 4e-06 -0.0 -1e-06 -6.083972 2.487137 4.02284 -0.024725 -0.117507 3.81137 1.254359 -1.259294 -6.369663 1.673563 -1.864757 -1.707639 -0.0 0.0 2e-06 -3.26362 -8.32259 -30.739185 -0.122673 -0.219935 43.844105 -1.208775 -8.27956 2.072196 -1.442601 0.941246 -5.51713 0.0 -0.0 -1e-06 
0.0 0.0 0.0 0.0 -0.0 0.0 20.997864 98.831436 213.153503 4.545494 5.688929 0.804869 -4.574923 -1.019475 -0.094707 -1.249052 -1.923815 -4.680315 -0.872241 -4.154583 9.504 0.462763 2.601551 3.609326 -0.530808 1.132426 -3.627401 0.472917 0.774799 -11.793308 7.7e-05 -2.2e-05 6e-06 0.004571 -0.043635 0.085835 0.668615 -3.791351 -10.579614 -0.66373 3.707636 -10.574429 -1.39605 -11.313356 11.158484 -59.203522 -16.301435 14.183862 0.08875 -44.581524 -0.002342 -0.082259 3.896561 -12.670681 -5.882114 9.861299 0.70259 -10.936877 -0.360573 7.156209 -2e-06 8.774833 -0.0 -15.527633 18.717733 6.52535 -1.844034 2.498508 -2.507281 -10.163608 4.678951 4.621111 -20.976038 2e-06 -4e-06 -21.226303 2.451702 -3.594012 -0.0 -7e-06 -1e-06 -1.362684 2.240802 -0.746324 -21.334929 0.584913 3.008319 -13.821221 1e-06 -5e-06 -23.887184 -0.249078 -0.839492 -60.810398 2.961011 -1.080803 -0.294026 1.679689 0.833256 -14.218218 0.093217 1.300578 -34.212074 -0.28756 0.96716 -20.033228 0.964537 1.212838 -0.0 -1e-06 -1e-06 -3.44039 0.788234 0.501656 -15.928194 -3.167309 2.999708 -6.338831 -2e-06 -0.0 -18.123463 3.648191 -4.905679 -3e-06 1e-06 -4e-06 15.937593 6.866725 15.139676 62.229923 4.365404 12.898206 0.146679 27.941725 0.086277 6.394689 -12.842637 -3.252852 2.243542 -5.255038 -3.180158 14.282887 -0.826596 6.952501 -0.0 -12.690607 -1e-06 16.107874 -17.754005 2.678912 1.665666 -1.955922 -2.878299 4.727798 -4.170588 4.993922 11.020522 1e-06 -3e-06 12.109049 -3.735719 -2.866783 0.0 -1e-06 -0.0 1.291986 -1.92855 -1.498089 14.800125 0.567466 3.865606 14.242569 -1.34174 -6.660658 19.631962 0.143923 -0.648245 49.751404 -0.389399 -6.596334 0.353029 -1.511151 -0.031941 20.222786 3.684308 2.316629 18.78727 3e-06 -4e-06 10.751627 -0.47987 1.397905 -2e-06 0.0 -1e-06 3.273806 0.305947 -0.58011 21.486807 11.830376 2.266132 8.162925 1e-06 -0.0 18.39908 -3.798987 -4.940578 3e-06 0.0 -1e-06 -6.092652 2.182194 7.232259 -0.036038 -0.019244 2.220386 1.009609 -2.348663 -7.692413 1.677827 -1.905995 -1.946191 -0.0 0.0 2e-06 -3.262865 -9.541142 -31.140871 0.000465 -0.103637 29.710838 -1.260045 -9.338923 3.565488 -1.442469 1.052401 -5.35334 0.0 -0.0 -1e-06 
0.0 0.0 0.0 0.0 -0.0 0.0 21.116838 97.970039 217.523331 5.309902 6.827464 1.203823 -4.98882 -1.027771 -0.160474 -1.300733 -2.202133 -4.773591 -1.112014 -4.390132 9.712941 1.151525 2.275488 3.58444 -0.548625 0.916554 -3.598398 0.434293 0.565344 -12.058223 7.7e-05 -2.3e-05 6e-06 0.001442 0.002571 0.092205 0.682989 -3.745687 -10.613819 -0.684467 3.756072 -10.622197 -0.56844 -11.852055 11.2015 -58.241291 -17.661394 12.973108 0.434121 -47.742558 -0.285542 0.277869 3.581943 -13.134528 -5.88211 9.861288 0.702591 -10.93688 -0.360575 7.15621 3e-06 8.774831 3e-06 -15.562678 18.739235 6.529119 -1.844034 2.498506 -2.50728 -10.163607 4.678948 4.621111 -20.976044 -6e-06 -1e-06 -21.226305 2.451694 -3.594003 1e-06 -6e-06 -1e-06 -1.362682 2.240799 -0.746323 -21.33493 0.584907 3.008323 -13.821224 -4e-06 -2e-06 -23.887192 -0.249086 -0.839483 -60.895153 2.879677 -1.331286 -0.294024 1.679689 0.833255 -14.218222 0.093215 1.30058 -34.212078 -0.28757 0.967172 -20.033236 0.964533 1.212843 -0.0 -1e-06 -1e-06 -3.44039 0.788233 0.501654 -15.928201 -3.167314 2.999707 -6.338832 -4e-06 1e-06 -18.123461 3.648181 -4.905675 -2e-06 1e-06 -3e-06 15.639624 5.958978 15.195846 62.404133 2.002817 12.461302 0.012809 27.74905 0.121485 7.270901 -13.037046 -2.740187 2.243542 -5.255038 -3.18016 14.2829 -0.826594 6.952507 -4e-06 -12.69061 -0.0 15.994133 -17.811546 2.801016 1.665667 -1.955922 -2.878301 4.727801 -4.170588 4.993927 11.020534 4e-06 -2e-06 12.109058 -3.735715 -2.866785 0.0 -1e-06 0.0 1.291986 -1.92855 -1.498089 14.800138 0.56747 3.865608 14.242579 -1.341734 -6.660661 19.631975 0.143927 -0.648243 50.089508 -0.487438 -6.517276 0.353029 -1.511151 -0.03194 20.222803 3.684314 2.316633 18.787285 7e-06 -1e-06 10.751636 -0.479867 1.397908 -1e-06 -1e-06 -0.0 3.273809 0.305947 -0.58011 21.486828 11.830382 2.266135 8.162933 2e-06 -0.0 18.399092 -3.798985 -4.940576 3e-06 1e-06 -1e-06 -6.254135 2.336976 10.18027 -0.021333 -0.003921 1.668185 0.857828 -3.862617 -9.415358 1.685224 -1.953654 -2.447288 0.0 -0.0 2e-06 -3.812092 -10.645224 -30.692402 0.195685 -0.118262 15.263151 -0.241401 -8.743101 4.643636 -1.390842 1.13369 -5.416729 -0.0 -0.0 -1e-06 
0.0 0.0 0.0 0.0 -0.0 0.0 21.134819 97.010979 222.015854 5.778358 7.552029 1.705296 -5.068529 -0.956848 -0.431876 -1.32963 -2.329816 -4.891753 -1.293296 -4.573605 9.934929 1.704418 2.025874 3.452617 -0.539931 0.788164 -3.629106 0.306278 0.318872 -11.889717 7.7e-05 -2.3e-05 6e-06 0.012547 0.012793 0.071956 0.69812 -3.735178 -10.644693 -0.677647 3.768828 -10.664392 -0.522898 -12.102056 10.904822 -57.206203 -18.354532 11.713256 0.508873 -50.417843 -0.245407 0.667334 3.537929 -13.42995 -5.882112 9.861299 0.702592 -10.936878 -0.360574 7.156208 -2e-06 8.774836 -1e-06 -15.626855 18.665915 6.49332 -1.844035 2.498506 -2.507279 -10.163605 4.678952 4.62111 -20.97604 -1e-06 -3e-06 -21.226303 2.4517 -3.594009 1e-06 -7e-06 -2e-06 -1.362683 2.240801 -0.746325 -21.33493 0.584914 3.00832 -13.821221 -2e-06 -3e-06 -23.887188 -0.24908 -0.839491 -60.910336 2.802802 -1.544424 -0.294025 1.679691 0.833256 -14.218219 0.093219 1.300578 -34.212074 -0.287565 0.967162 -20.033226 0.964535 1.212838 0.0 1e-06 1e-06 -3.440392 0.788235 0.501655 -15.928196 -3.167311 2.999705 -6.338831 0.0 -2e-06 -18.123463 3.648188 -4.905682 -4e-06 -1e-06 -1e-06 15.846976 5.324551 15.238801 61.959911 -0.262826 12.223701 -0.133374 27.501877 0.129194 8.426498 -13.663354 -1.628791 2.243543 -5.255041 -3.180156 14.282898 -0.826596 6.952505 0.0 -12.690616 -3e-06 15.804088 -17.744572 2.892223 1.665667 -1.955923 -2.878299 4.727802 -4.170592 4.993925 11.020534 2e-06 -1e-06 12.109058 -3.735721 -2.866785 -1e-06 -1e-06 1e-06 1.291986 -1.928551 -1.498091 14.800136 0.567468 3.865609 14.242579 -1.341741 -6.660659 19.631975 0.143924 -0.648245 49.938896 -0.595619 -6.483638 0.353029 -1.511152 -0.03194 20.222803 3.68431 2.316632 18.787287 3e-06 -2e-06 10.751636 -0.47987 1.397905 -1e-06 0.0 0.0 3.273808 0.305947 -0.580109 21.486824 11.83038 2.266136 8.162931 1e-06 -1e-06 18.399097 -3.798989 -4.94058 3e-06 -1e-06 -1e-06 -5.822761 3.134015 12.956692 -0.025204 -0.001044 1.4516 0.760608 -5.943944 -10.888432 1.733387 -1.846688 -3.023943 -0.0 0.0 2e-06 -4.155298 -10.866361 -30.957029 0.241052 -0.07394 4.002618 1.824759 -8.093998 4.618395 -1.305211 1.192613 -5.349735 -0.0 0.0 -1e-06 
0.0 0.0 0.0 0.0 -0.0 0.0 21.031961 96.044609 226.551086 5.982549 7.911832 1.956319 -4.999928 -0.904295 -0.617685 -1.351548 -2.52393 -4.948924 -1.320498 -4.55694 10.231139 2.180586 1.834951 3.27931 -0.456311 1.02941 -3.625264 0.086922 0.346485 -11.846238 7.7e-05 -2.3e-05 6e-06 0.014234 -0.027044 0.062153 0.684665 -3.771477 -10.647294 -0.659903 3.727289 -10.64785 -1.042994 -12.105474 10.803655 -56.275967 -18.637175 9.93503 -0.151776 -52.45734 0.154935 1.162449 3.583498 -12.99488 -5.882107 9.861288 0.70259 -10.936872 -0.360576 7.156204 1e-06 8.774826 -1e-06 -15.689014 18.573109 6.490262 -1.844032 2.498504 -2.507277 -10.163599 4.678944 4.621108 -20.976027 -5e-06 1e-06 -21.226288 2.451694 -3.594001 2e-06 -6e-06 -2e-06 -1.362681 2.2408 -0.746323 -21.334913 0.584907 3.008322 -13.821215 -4e-06 2e-06 -23.887171 -0.24908 -0.839485 -61.049179 2.716068 -1.252965 -0.294024 1.679687 0.833256 -14.21821 0.093215 1.30058 -34.212051 -0.287569 0.967172 -20.033211 0.964537 1.212844 0.0 -0.0 -0.0 -3.440387 0.788234 0.501656 -15.928185 -3.167312 2.999706 -6.338829 -1e-06 0.0 -18.123444 3.64818 -4.905673 -3e-06 1e-06 -3e-06 16.208893 4.988456 15.354805 61.509937 -1.802399 11.632957 -0.257767 26.886517 0.041592 9.067991 -14.583099 -0.607492 2.243542 -5.255039 -3.180158 14.282902 -0.826594 6.952507 -3e-06 -12.69061 -1e-06 15.626209 -17.513905 2.910653 1.665667 -1.955922 -2.8783 4.727802 -4.170588 4.993928 11.020535 4e-06 1e-06 12.10906 -3.735717 -2.866784 -0.0 0.0 0.0 1.291986 -1.92855 -1.498089 14.800139 0.567469 3.865611 14.242582 -1.341736 -6.660661 19.631983 0.143925 -0.648242 49.657322 -0.471693 -6.532818 0.353029 -1.51115 -0.03194 20.222807 3.684313 2.316633 18.787287 7e-06 0.0 10.751636 -0.479869 1.397907 -1e-06 0.0 -1e-06 3.273809 0.305948 -0.580111 21.486834 11.830382 2.266135 8.162935 3e-06 -1e-06 18.399096 -3.798986 -4.940577 3e-06 0.0 -1e-06 -4.843625 4.108198 15.810429 -0.108318 -0.087184 1.606865 0.312872 -7.929157 -11.506727 1.769262 -1.764028 -4.214715 -0.0 -0.0 2e-06 -4.445726 -10.327861 -32.624889 0.169141 0.080549 0.424795 4.247288 -8.022744 2.353257 -1.278004 1.154731 -5.457451 -0.0 0.0 -1e-06 
0.0 0.0 0.0 0.0 -0.0 0.0 20.848192 95.181885 231.424332 5.98608 8.320915 1.997478 -4.845047 -0.921804 -0.740659 -1.323445 -2.773614 -4.992133 -1.260705 -4.609494 10.48282 2.542999 1.646438 3.113112 -0.481034 1.361424 -3.559119 0.020701 0.303089 -11.975131 7.7e-05 -2.3e-05 6e-06 0.010782 -0.021725 0.07397 0.689312 -3.765064 -10.627517 -0.67058 3.731512 -10.607536 -1.172995 -12.213193 11.156834 -56.368046 -18.523172 8.615361 -0.739809 -53.501385 0.433902 1.739063 3.452284 -12.334329 -5.882109 9.861288 0.702591 -10.936874 -0.360574 7.156209 -0.0 8.774829 -1e-06 -15.785254 18.492977 6.467469 -1.844031 2.498503 -2.507278 -10.163602 4.678948 4.621111 -20.976027 -2e-06 0.0 -21.22629 2.451699 -3.594002 1e-06 -5e-06 0.0 -1.362683 2.2408 -0.746323 -21.334917 0.58491 3.008325 -13.821217 -2e-06 3e-06 -23.887178 -0.249078 -0.839485 -61.271847 2.684155 -1.027411 -0.294025 1.679687 0.833256 -14.218212 0.093215 1.30058 -34.212055 -0.287562 0.967169 -20.033218 0.964538 1.212842 0.0 1e-06 -0.0 -3.440388 0.788233 0.501656 -15.928185 -3.16731 2.999707 -6.338829 -1e-06 1e-06 -18.123451 3.648185 -4.905673 -3e-06 0.0 -2e-06 16.087267 4.735416 15.636489 61.766727 -2.527621 10.745106 -0.415294 25.979715 -0.034371 9.08087 -15.343598 -0.339233 2.243541 -5.255036 -3.180156 14.282887 -0.826593 6.952501 -3e-06 -12.690605 -1e-06 15.583085 -17.39982 2.934174 1.665666 -1.955921 -2.878298 4.727798 -4.170587 4.993922 11.020524 4e-06 -2e-06 12.10905 -3.735715 -2.866783 -1e-06 -1e-06 1e-06 1.291985 -1.92855 -1.498089 14.800125 0.56747 3.865606 14.242568 -1.341737 -6.660655 19.631962 0.143927 -0.648245 49.545273 -0.313022 -6.493812 0.353029 -1.51115 -0.031939 20.222788 3.68431 2.31663 18.78727 5e-06 -1e-06 10.751625 -0.479868 1.397905 -1e-06 1e-06 -1e-06 3.273807 0.305947 -0.580111 21.486809 11.830374 2.266134 8.162926 2e-06 -1e-06 18.39908 -3.798984 -4.940574 3e-06 0.0 -1e-06 -3.429542 4.894184 18.323008 -0.087625 -0.352999 2.890086 -0.051956 -9.885891 -10.897154 1.808049 -1.773491 -6.663728 0.0 -0.0 2e-06 -4.941538 -9.360711 -33.02536 0.128596 0.122888 1.150063 4.542081 -7.923919 1.163056 -1.285083 1.145532 -5.886867 0.0 0.0 -2e-06 
0.0 0.0 0.0 0.0 -0.0 0.0 20.562757 94.557724 236.611176 4.801524 8.829041 2.24065 -3.88037 -0.841815 -1.204317 -1.170417 -3.111847 -5.141766 -0.869938 -4.835428 10.644014 2.565226 1.698427 2.92658 -0.514359 1.355763 -3.547718 0.065181 0.267952 -11.508094 7.7e-05 -2.3e-05 6e-06 0.004576 -0.016882 0.086047 0.692518 -3.755362 -10.579183 -0.685099 3.731122 -10.550247 -1.70711 -12.260765 11.546126 -56.699348 -17.741121 8.508592 -0.882376 -53.535061 0.517738 1.942274 3.456088 -12.028628 -5.88211 9.86129 0.702592 -10.936878 -0.360575 7.156211 1e-06 8.774831 0.0 -15.786548 18.490557 6.440986 -1.844034 2.498508 -2.50728 -10.163606 4.678948 4.621113 -20.97604 -4e-06 3e-06 -21.226301 2.451699 -3.594003 1e-06 -5e-06 -1e-06 -1.362682 2.240798 -0.746322 -21.33493 0.584911 3.008325 -13.821225 -3e-06 3e-06 -23.887188 -0.24908 -0.839484 -61.178585 2.619666 -0.97834 -0.294025 1.679689 0.833257 -14.218219 0.093213 1.300582 -34.212074 -0.287565 0.96717 -20.033228 0.964536 1.212846 -0.0 1e-06 -1e-06 -3.440392 0.788235 0.501656 -15.928201 -3.167312 2.999709 -6.338833 -0.0 0.0 -18.123459 3.648184 -4.905674 -4e-06 0.0 -2e-06 16.171766 4.553315 15.580201 61.835457 -3.227441 10.084729 -0.589819 25.523811 -0.069126 9.087003 -15.856504 -0.745237 2.243542 -5.255038 -3.180159 14.282898 -0.826595 6.952507 -2e-06 -12.690609 -0.0 15.498015 -17.461214 2.997034 1.665666 -1.955921 -2.878298 4.727802 -4.170589 4.993924 11.020534 2e-06 -0.0 12.109059 -3.735717 -2.866783 -1e-06 -0.0 1e-06 1.291986 -1.92855 -1.498089 14.800138 0.567469 3.865611 14.242577 -1.341737 -6.660657 19.631973 0.143925 -0.648242 49.588642 -0.280622 -6.491286 0.353029 -1.511151 -0.03194 20.222803 3.68431 2.316633 18.787287 4e-06 2e-06 10.751636 -0.47987 1.397907 -1e-06 -0.0 -1e-06 3.273809 0.305947 -0.580111 21.486828 11.830378 2.266136 8.162934 1e-06 -0.0 18.399096 -3.798987 -4.940577 3e-06 -0.0 -1e-06 -0.424954 5.818863 19.040447 -0.025089 -0.736556 6.830993 -0.102801 -12.076052 -9.652418 1.871686 -1.778207 -10.831797 0.0 0.0 2e-06 -4.470642 -7.241472 -33.187813 0.103678 0.081483 5.413723 2.453983 -7.774929 2.171195 -1.318081 1.200984 -6.695994 0.0 0.0 -2e-06 
0.0 0.0 0.0 0.0 -0.0 0.0 20.168327 94.23143 241.94873 2.130533 9.173499 2.711357 -1.950033 -0.86875 -1.96355 -0.937352 -3.153358 -5.480563 0.164583 -5.304744 10.758845 2.19206 2.038775 2.740615 -0.505956 1.286535 -3.592066 -0.083279 0.270463 -10.619331 7.7e-05 -2.3e-05 6e-06 -0.009511 -0.06628 0.033363 0.680621 -3.805063 -10.604596 -0.697261 3.681935 -10.589451 -3.15611 -11.974598 11.677508 -56.863728 -16.159462 9.177774 -0.775799 -52.829685 0.446826 1.869072 3.533567 -11.785207 -5.882105 9.861284 0.702591 -10.936868 -0.360574 7.156204 -1e-06 8.774822 -0.0 -15.74111 18.455177 6.378414 -1.844033 2.498505 -2.507277 -10.163599 4.678947 4.621109 -20.976021 0.0 4e-06 -21.226286 2.451698 -3.593998 2e-06 -6e-06 -1e-06 -1.362681 2.240796 -0.746323 -21.334911 0.58491 3.008325 -13.821213 -1e-06 4e-06 -23.887165 -0.249074 -0.839484 -60.83392 2.583929 -0.978005 -0.294025 1.679688 0.833255 -14.218207 0.093217 1.300583 -34.212048 -0.287559 0.967173 -20.033211 0.964539 1.212843 0.0 -0.0 0.0 -3.440388 0.788233 0.501656 -15.928185 -3.167308 2.999709 -6.338827 -1e-06 1e-06 -18.123444 3.648183 -4.905668 -4e-06 0.0 -1e-06 16.72365 4.574639 15.344063 61.22654 -3.648483 9.56076 -0.621334 25.242935 -0.021559 9.167619 -16.343927 -1.030851 2.243541 -5.255036 -3.180157 14.282885 -0.826593 6.9525 -3e-06 -12.6906 -1e-06 15.397495 -17.588472 3.082167 1.665666 -1.955922 -2.878298 4.727797 -4.170584 4.993922 11.020523 2e-06 -3e-06 12.109048 -3.735714 -2.866784 1e-06 0.0 0.0 1.291985 -1.928547 -1.498089 14.800123 0.567468 3.865605 14.242566 -1.341734 -6.660656 19.631962 0.143928 -0.648245 49.683929 -0.2712 -6.538602 0.353029 -1.51115 -0.031939 20.222784 3.684309 2.31663 18.78727 6e-06 -1e-06 10.751625 -0.479869 1.397907 -0.0 -0.0 -0.0 3.273806 0.305947 -0.58011 21.486803 11.83037 2.26613 8.162924 2e-06 -1e-06 18.399075 -3.798981 -4.940574 3e-06 -0.0 -1e-06 4.518342 7.374918 18.226954 0.005486 -1.046249 12.715128 0.057346 -14.832604 -7.678033 1.974893 -1.671887 -16.985394 -0.0 -0.0 2e-06 -2.315743 -4.138286 -35.058983 0.04909 0.077449 12.478357 -0.122135 -8.172998 6.754675 -1.358327 1.210145 -6.600396 -0.0 -0.0 0.0 
0.0 0.0 0.0 0.0 -0.0 0.0 19.744404 94.022018 247.459488 -0.040203 9.253053 2.654689 -0.621021 -0.926878 -2.301509 -0.623341 -3.369967 -5.637957 1.298393 -5.466271 10.747647 1.772298 2.215105 2.713683 -0.550727 1.565234 -3.65903 -0.250037 0.431874 -10.353682 7.7e-05 -2.2e-05 6e-06 -0.017426 -0.100068 -0.008556 0.710048 -3.846745 -10.687737 -0.740821 3.656214 -10.677205 -3.735385 -11.59076 11.979432 -58.434551 -14.430933 10.250595 -0.35179 -51.089722 0.238762 1.675705 3.664881 -11.427712 -5.882109 9.861288 0.702591 -10.936877 -0.360574 7.156207 1e-06 8.774831 -1e-06 -15.8421 18.284328 6.265431 -1.844034 2.498505 -2.507279 -10.163603 4.678945 4.621108 -20.976034 -4e-06 -0.0 -21.226297 2.451698 -3.594003 1e-06 -6e-06 -1e-06 -1.362682 2.240802 -0.746324 -21.334927 0.58491 3.008322 -13.82122 -2e-06 1e-06 -23.887182 -0.249082 -0.839484 -60.637436 2.493953 -0.845024 -0.294025 1.679688 0.833256 -14.218215 0.093215 1.300577 -34.212067 -0.287568 0.967167 -20.033226 0.964535 1.212845 -1e-06 -1e-06 -1e-06 -3.44039 0.788235 0.501655 -15.928192 -3.16731 2.999706 -6.338829 -2e-06 -0.0 -18.123455 3.648184 -4.905672 -3e-06 1e-06 -1e-06 16.50691 4.939712 15.42322 61.282246 -3.073612 9.833312 -0.763171 24.850941 -0.082697 9.149353 -16.625902 -1.498391 2.243542 -5.255041 -3.180159 14.282902 -0.826596 6.952508 -2e-06 -12.690613 -0.0 15.430212 -17.671345 3.057856 1.665667 -1.955922 -2.8783 4.727802 -4.17059 4.993927 11.020531 2e-06 -1e-06 12.109058 -3.735719 -2.866785 -1e-06 -0.0 0.0 1.291987 -1.928551 -1.498089 14.800139 0.567469 3.865611 14.242582 -1.341737 -6.66066 19.631983 0.143924 -0.648242 49.684395 -0.25195 -6.571451 0.353029 -1.511151 -0.03194 20.222803 3.68431 2.316634 18.787287 3e-06 -0.0 10.751637 -0.479872 1.397908 -1e-06 -0.0 -0.0 3.273809 0.305948 -0.580111 21.48683 11.830384 2.266138 8.162933 1e-06 -0.0 18.399099 -3.79899 -4.940579 3e-06 0.0 -1e-06 8.461039 7.956651 16.76705 -0.032906 -1.199526 20.444582 0.433455 -15.892469 -3.285396 2.09438 -1.579933 -24.299164 0.0 -0.0 2e-06 -0.165107 -2.089977 -36.237534 0.019554 0.07861 19.667034 -0.798007 -8.879767 8.995183 -1.381269 1.185282 -5.13856 0.0 0.0 -1e-06 
0.0 0.0 0.0 0.0 -0.0 0.0 19.400911 94.138199 252.796814 -1.582669 8.852573 2.076725 0.303023 -0.886301 -2.136969 -0.323274 -3.400277 -5.621917 2.143672 -5.357525 10.627032 1.381881 2.362137 2.853684 -0.477208 1.534136 -3.65822 -0.313987 0.448345 -10.360431 7.7e-05 -2.2e-05 6e-06 -0.01142 -0.055357 -0.010851 0.73133 -3.785717 -10.684633 -0.750435 3.684682 -10.673424 -3.474973 -11.114422 12.4965 -61.203865 -12.9068 11.357573 0.125418 -48.179314 -0.097469 1.340353 3.928907 -11.972286 -5.882113 9.861297 0.702592 -10.936879 -0.360574 7.156208 -1e-06 8.774834 -1e-06 -15.788217 18.252462 6.175978 -1.844034 2.498507 -2.50728 -10.163609 4.67895 4.621112 -20.97604 -1e-06 -0.0 -21.226303 2.4517 -3.594004 0.0 -6e-06 0.0 -1.362683 2.240801 -0.746324 -21.33493 0.584914 3.008324 -13.821225 -0.0 -1e-06 -23.887188 -0.249079 -0.839488 -60.255642 2.542835 -0.978007 -0.294025 1.679691 0.833257 -14.21822 0.093219 1.300581 -34.212078 -0.287564 0.967165 -20.03323 0.964537 1.212841 -0.0 -0.0 -1e-06 -3.440391 0.788234 0.501656 -15.9282 -3.16731 2.999705 -6.33883 -1e-06 -1e-06 -18.123463 3.648187 -4.905678 -3e-06 1e-06 -2e-06 15.852573 5.472402 15.77992 61.834496 -1.603274 10.060978 -0.677693 24.76189 0.01536 8.877738 -16.906471 -1.916523 2.243543 -5.255041 -3.180159 14.282896 -0.826596 6.952507 -2e-06 -12.690612 -1e-06 15.484083 -17.834606 3.04107 1.665666 -1.955922 -2.8783 4.727801 -4.170591 4.993927 11.02053 2e-06 -2e-06 12.109058 -3.735718 -2.866785 -0.0 -0.0 0.0 1.291986 -1.928551 -1.49809 14.800134 0.567467 3.865611 14.242578 -1.341738 -6.660663 19.631975 0.143927 -0.648246 49.635159 -0.2503 -6.632967 0.353029 -1.511151 -0.031941 20.222801 3.68431 2.316633 18.787283 4e-06 -1e-06 10.751633 -0.47987 1.397907 -1e-06 -0.0 -1e-06 3.273808 0.305947 -0.580112 21.48682 11.830382 2.266136 8.16293 1e-06 -0.0 18.399092 -3.798989 -4.940578 3e-06 -0.0 -1e-06 11.136998 8.149151 13.988944 -0.077537 -1.272839 30.6758 0.762415 -15.92592 4.340931 2.205435 -1.459993 -29.709412 -0.0 -0.0 4e-06 1.745353 -0.692882 -35.483791 0.001147 -0.052325 25.011194 -0.893477 -8.790384 8.164495 -1.374409 1.184913 -3.002112 0.0 0.0 -1e-06 
0.0 0.0 0.0 0.0 -0.0 0.0 19.029697 94.482521 257.754791 -2.830217 8.514229 1.345797 1.099406 -0.770907 -1.677183 -0.069772 -3.247078 -5.418039 2.809762 -5.280605 10.442972 1.12964 2.361263 2.97715 -0.361134 1.397279 -3.59329 -0.483544 0.866397 -10.709958 7.7e-05 -2.2e-05 6e-06 -0.00454 -0.025977 0.000799 0.748196 -3.761595 -10.690757 -0.754428 3.715633 -10.6746 -2.936346 -10.710686 12.735035 -64.1912 -11.37758 12.355764 0.258034 -44.627533 -0.225908 0.771601 4.129507 -12.252721 -5.882108 9.861287 0.702591 -10.936875 -0.360574 7.156209 0.0 8.774828 -2e-06 -15.774589 18.042942 6.093689 -1.844033 2.498505 -2.507278 -10.163604 4.678948 4.62111 -20.97603 -3e-06 1e-06 -21.226292 2.451697 -3.594002 2e-06 -6e-06 -1e-06 -1.362683 2.240799 -0.746324 -21.334921 0.584912 3.008324 -13.821218 -2e-06 2e-06 -23.887178 -0.249079 -0.839483 -60.032917 2.517041 -1.039047 -0.294026 1.679687 0.833257 -14.218214 0.093216 1.300581 -34.212059 -0.287562 0.96717 -20.033218 0.964538 1.212844 -0.0 0.0 1e-06 -3.44039 0.788233 0.501658 -15.928189 -3.167309 2.999707 -6.338829 -3e-06 1e-06 -18.123455 3.648183 -4.905671 -3e-06 1e-06 -2e-06 15.385487 6.230874 15.970266 62.040283 0.20436 10.818331 -0.583642 25.180571 0.078461 8.697901 -16.261751 -2.754125 2.243542 -5.255039 -3.180156 14.282894 -0.826595 6.952504 -1e-06 -12.690605 0.0 15.686612 -17.895157 2.908892 1.665666 -1.955922 -2.878298 4.7278 -4.170588 4.993925 11.020528 2e-06 -1e-06 12.109054 -3.735717 -2.866783 -1e-06 -1e-06 1e-06 1.291986 -1.92855 -1.498091 14.800131 0.567468 3.865609 14.242573 -1.341737 -6.660657 19.631969 0.143923 -0.648244 49.575939 -0.259243 -6.666693 0.353029 -1.511152 -0.031939 20.222797 3.684309 2.316632 18.787275 2e-06 -1e-06 10.75163 -0.479869 1.397906 -1e-06 -1e-06 -1e-06 3.273807 0.305947 -0.580111 21.486818 11.830374 2.266134 8.16293 2e-06 -2e-06 18.399088 -3.798988 -4.940576 5e-06 -0.0 -1e-06 13.125135 7.901079 9.349357 -0.143566 -1.211297 42.757824 0.23483 -15.444561 12.689546 2.064473 -1.429805 -25.261198 -0.0 -0.0 0.0 3.798179 -0.16775 -33.529758 0.009197 -0.106661 29.000233 -1.324906 -8.993604 2.769105 -1.390073 1.191937 -1.966948 0.0 0.0 -1e-06 
0.0 0.0 0.0 0.0 -0.0 0.0 18.670378 94.964226 262.332062 -3.856126 8.248495 0.772508 1.797156 -0.602743 -1.189478 0.089001 -2.900964 -5.256095 3.398677 -5.164446 10.395356 0.908688 2.212225 2.998252 -0.20357 1.320203 -3.615643 -0.572749 1.077176 -10.881761 7.7e-05 -2.3e-05 6e-06 -0.010393 -0.031864 0.001829 0.74071 -3.770189 -10.683479 -0.759703 3.710034 -10.660325 -2.770528 -10.311391 12.851896 -66.552063 -10.063885 13.483356 0.252932 -40.525543 -0.278586 -0.292172 4.474689 -12.223012 -5.882112 9.861295 0.702592 -10.936881 -0.360574 7.156209 1e-06 8.774834 1e-06 -15.933327 17.959688 6.050902 -1.844034 2.498507 -2.50728 -10.163607 4.678948 4.621112 -20.976042 -5e-06 -1e-06 -21.226305 2.451695 -3.594005 1e-06 -7e-06 -0.0 -1.362683 2.2408 -0.746323 -21.334934 0.584909 3.008321 -13.821229 -5e-06 -1e-06 -23.887192 -0.249084 -0.839486 -60.154377 2.554684 -1.060557 -0.294025 1.679689 0.833257 -14.218223 0.093213 1.30058 -34.212078 -0.287569 0.967168 -20.033232 0.964535 1.212844 -0.0 -0.0 -0.0 -3.440392 0.788233 0.501657 -15.928201 -3.167312 2.999707 -6.338833 -1e-06 0.0 -18.123463 3.648183 -4.905678 -3e-06 1e-06 -1e-06 15.622156 7.052234 16.00873 61.16927 2.288367 11.359891 -0.257434 26.346464 0.121815 8.278505 -15.241063 -3.365608 2.243542 -5.255038 -3.18016 14.282898 -0.826594 6.952505 -2e-06 -12.690609 0.0 15.867562 -17.856838 2.7458 1.665666 -1.955922 -2.878299 4.7278 -4.170588 4.993925 11.020531 4e-06 -0.0 12.109056 -3.735716 -2.866783 -1e-06 -1e-06 0.0 1.291986 -1.92855 -1.49809 14.800138 0.56747 3.865609 14.242579 -1.341736 -6.660658 19.631975 0.143926 -0.648243 49.663086 -0.234424 -6.546577 0.353029 -1.511151 -0.03194 20.222801 3.684312 2.316632 18.787283 6e-06 -0.0 10.751636 -0.479868 1.397908 -1e-06 -1e-06 -1e-06 3.273808 0.305947 -0.580109 21.486822 11.830379 2.266134 8.162932 3e-06 -1e-06 18.399088 -3.798985 -4.940574 3e-06 -1e-06 -1e-06 14.161646 7.134214 3.42554 -0.062172 -1.136483 54.324036 -0.999635 -13.360138 19.246658 1.794 -1.729392 -10.686034 -0.0 0.0 2e-06 5.736533 -0.277737 -30.633785 -0.048838 -0.1071 30.465073 -1.726302 -8.736058 -1.184479 -1.396635 1.179636 -1.523187 -0.0 0.0 -1e-06 
0.0 0.0 0.0 0.0 -0.0 0.0 18.424032 95.765022 266.781006 -4.297304 7.93864 0.468144 2.232959 -0.408978 -0.954069 0.147604 -2.44895 -5.153135 3.626956 -4.887695 10.571095 0.818784 2.075196 2.947848 -0.177044 1.130902 -3.613443 -0.454389 1.019179 -10.741526 7.7e-05 -2.3e-05 6e-06 -0.018857 -0.068154 0.00698 0.722028 -3.80547 -10.663996 -0.75888 3.673853 -10.639141 -3.329128 -9.742567 13.032735 -67.800407 -9.037116 14.998796 0.273789 -36.060528 -0.243882 -1.917619 4.972401 -11.774199 -5.882106 9.861284 0.702591 -10.936873 -0.360575 7.156203 1e-06 8.774825 -2e-06 -16.238874 18.038799 5.939627 -1.844033 2.498505 -2.507277 -10.1636 4.678944 4.621107 -20.976023 -4e-06 1e-06 -21.226286 2.451696 -3.594001 1e-06 -6e-06 -1e-06 -1.362681 2.240798 -0.746323 -21.334913 0.584908 3.008321 -13.821215 -3e-06 1e-06 -23.887171 -0.249078 -0.839483 -60.399242 2.61524 -1.154483 -0.294025 1.679688 0.833256 -14.218209 0.093214 1.30058 -34.212048 -0.287566 0.96717 -20.033213 0.964535 1.212843 -0.0 -0.0 -1e-06 -3.440388 0.788232 0.501657 -15.928187 -3.16731 2.999706 -6.338827 -1e-06 2e-06 -18.123444 3.648183 -4.905667 -2e-06 0.0 0.0 17.06674 7.759749 16.108257 58.745167 4.865871 11.849809 0.106398 27.612459 0.148543 7.125909 -13.953549 -3.862151 2.243543 -5.255037 -3.180161 14.282898 -0.826594 6.952507 -3e-06 -12.690607 2e-06 16.084362 -17.7526 2.579189 1.665667 -1.955922 -2.8783 4.727801 -4.170588 4.993926 11.020533 3e-06 -1e-06 12.109057 -3.735715 -2.866784 -0.0 -1e-06 -1e-06 1.291986 -1.92855 -1.49809 14.800136 0.567469 3.865609 14.242579 -1.341735 -6.66066 19.631979 0.143927 -0.648244 49.718994 -0.264229 -6.477491 0.353029 -1.511151 -0.03194 20.222803 3.68431 2.316632 18.787283 5e-06 -0.0 10.751633 -0.479869 1.397907 -1e-06 -1e-06 -1e-06 3.273808 0.305947 -0.580112 21.486824 11.830377 2.266135 8.16293 1e-06 -2e-06 18.399092 -3.798986 -4.940576 3e-06 -1e-06 -0.0 14.024273 6.559441 -2.759307 -0.06985 -1.02338 63.234207 -0.071951 -11.316044 18.43786 1.754748 -1.850498 -6.024552 -0.0 0.0 2e-06 6.947276 -0.69826 -26.861544 -0.137354 -0.139443 29.678928 -1.917358 -8.208524 -3.975605 -1.392695 1.179155 -1.303234 0.0 0.0 -1e-06 
0.0 0.0 0.0 0.0 -0.0 0.0 18.350834 96.88549 271.202576 -3.903818 7.553253 0.257281 2.287707 -0.251919 -0.808108 0.031539 -1.92913 -5.070863 3.376886 -4.47403 10.737934 0.929165 2.024164 3.115405 -0.261359 0.917803 -3.569121 -0.260966 0.657179 -10.103964 7.7e-05 -2.3e-05 6e-06 -0.019359 -0.098269 0.019195 0.701072 -3.830795 -10.626191 -0.739503 3.640139 -10.607375 -3.986699 -9.075831 13.098866 -68.623993 -7.878899 16.347597 0.104134 -31.651548 -0.110985 -3.804229 5.777647 -10.437545 -5.882108 9.861287 0.70259 -10.936873 -0.360575 7.156207 0.0 8.774826 -2e-06 -16.541811 18.117538 5.800034 -1.844033 2.498505 -2.507278 -10.163603 4.678946 4.621109 -20.976028 -3e-06 2e-06 -21.226294 2.451698 -3.594001 2e-06 -6e-06 -0.0 -1.362682 2.240798 -0.746323 -21.334917 0.58491 3.008322 -13.821217 -3e-06 1e-06 -23.887175 -0.249079 -0.839485 -60.522881 2.70372 -1.212373 -0.294024 1.679687 0.833255 -14.218208 0.093215 1.30058 -34.212051 -0.287564 0.967169 -20.033215 0.964535 1.212843 0.0 -1e-06 -1e-06 -3.440389 0.788234 0.501656 -15.928189 -3.167309 2.999707 -6.338828 -1e-06 3e-06 -18.123447 3.648184 -4.905673 -2e-06 1e-06 -1e-06 18.8407 8.548149 16.366465 55.980892 7.85623 12.00657 0.453298 28.475988 0.221219 5.466974 -13.007782 -4.106694 2.243543 -5.255039 -3.18016 14.282898 -0.826596 6.952507 -2e-06 -12.690611 2e-06 16.232355 -17.641678 2.446762 1.665667 -1.955922 -2.878298 4.727802 -4.17059 4.993928 11.020534 2e-06 -1e-06 12.109058 -3.735717 -2.866785 1e-06 -0.0 -1e-06 1.291986 -1.92855 -1.49809 14.800138 0.567468 3.86561 14.242582 -1.341737 -6.660661 19.631975 0.143926 -0.648246 49.683495 -0.290338 -6.519715 0.353029 -1.511151 -0.031941 20.222803 3.684311 2.316631 18.787287 5e-06 -2e-06 10.751634 -0.479869 1.397905 -0.0 1e-06 -1e-06 3.273808 0.305947 -0.58011 21.486826 11.830381 2.266133 8.162933 2e-06 0.0 18.399092 -3.798987 -4.940579 3e-06 1e-06 -1e-06 12.600419 6.485826 -8.654878 -0.140682 -0.754245 68.435143 2.185833 -9.677085 14.194489 1.755722 -1.852975 -5.660856 0.0 0.0 3e-06 7.00724 -1.120386 -22.086693 -0.14524 -0.168358 26.88619 -1.784812 -7.652423 -5.753498 -1.391237 1.184188 -1.224959 0.0 0.0 -1e-06 
0.0 0.0 0.0 0.0 -0.0 0.0 18.365646 98.024307 275.645203 -3.052412 6.904584 0.032612 2.236219 -0.06448 -0.504375 -0.144452 -1.318856 -4.945022 2.765083 -3.88758 10.583877 1.025665 2.048725 3.514165 -0.350939 0.797224 -3.514736 -0.023297 0.172496 -9.421018 7.7e-05 -2.2e-05 6e-06 -0.014111 -0.098904 0.037914 0.68982 -3.829598 -10.609202 -0.718356 3.637452 -10.593725 -4.139972 -8.388703 13.071567 -69.79364 -6.179542 16.851465 -0.120188 -28.126532 0.035196 -5.526407 6.914923 -8.980927 -5.882109 9.861288 0.70259 -10.936879 -0.360576 7.15621 2e-06 8.77483 -1e-06 -16.661728 18.140701 5.744108 -1.844033 2.498505 -2.507278 -10.163605 4.678945 4.621112 -20.976034 -6e-06 5e-06 -21.226295 2.451696 -3.593998 -0.0 -6e-06 -1e-06 -1.362682 2.240799 -0.746323 -21.334929 0.584907 3.008327 -13.821223 -4e-06 3e-06 -23.887184 -0.249078 -0.839478 -60.443424 2.791867 -1.298153 -0.294025 1.679688 0.833256 -14.218217 0.093213 1.300581 -34.21207 -0.287566 0.967175 -20.033226 0.964536 1.212848 -1e-06 -1e-06 -1e-06 -3.44039 0.788233 0.501657 -15.928198 -3.167313 2.99971 -6.338832 -2e-06 3e-06 -18.123459 3.648181 -4.905668 -4e-06 0.0 -2e-06 19.441444 9.64254 16.480324 54.382957 10.907884 12.288155 0.708172 29.317051 0.30297 4.309509 -12.711273 -3.975899 2.243542 -5.255039 -3.180156 14.282899 -0.826593 6.952504 -4e-06 -12.690611 -1e-06 16.281374 -17.549742 2.37389 1.665667 -1.955923 -2.878299 4.727801 -4.170589 4.993924 11.020532 4e-06 -1e-06 12.109058 -3.735717 -2.866783 -1e-06 0.0 -0.0 1.291986 -1.92855 -1.498089 14.800138 0.56747 3.86561 14.24258 -1.341736 -6.660662 19.631981 0.143929 -0.648243 49.570213 -0.375678 -6.613197 0.353029 -1.511151 -0.03194 20.222803 3.684315 2.316633 18.787285 6e-06 2e-06 10.751634 -0.479867 1.397909 0.0 1e-06 0.0 3.273809 0.305947 -0.580112 21.48683 11.830385 2.266135 8.16293 2e-06 -1e-06 18.399092 -3.798985 -4.940578 3e-06 -1e-06 -2e-06 10.378165 7.152522 -14.046769 -0.193417 -0.499805 70.384117 4.561549 -7.877739 10.072854 1.775755 -1.836649 -5.927642 -0.0 -0.0 2e-06 6.407738 -1.250702 -16.643238 -0.105325 -0.177691 22.828905 -1.45179 -7.116673 -6.839396 -1.387164 1.158126 -1.285931 -0.0 0.0 -1e-06 
0.0 0.0 0.0 0.0 -0.0 0.0 18.42211 98.933914 280.02829 -2.069128 5.946222 -0.046119 2.223551 0.163203 -0.133964 -0.2794 -0.646613 -4.81008 1.977644 -3.132627 10.247617 0.846864 2.189119 3.777086 -0.413393 0.637256 -3.497912 0.278816 -0.270238 -8.947933 7.7e-05 -2.2e-05 6e-06 -0.010827 -0.086877 0.049458 0.686064 -3.822182 -10.621888 -0.708911 3.652921 -10.60897 -4.148165 -7.620692 13.073326 -70.912415 -3.922687 16.282665 -0.187287 -26.230642 0.116571 -6.761129 8.156384 -8.245549 -5.88211 9.861292 0.70259 -10.93688 -0.360575 7.156209 -0.0 8.77483 -3e-06 -16.576321 18.128317 5.836524 -1.844034 2.498506 -2.507276 -10.16361 4.678947 4.621109 -20.97604 -2e-06 4e-06 -21.226301 2.451701 -3.594001 -1e-06 -6e-06 -0.0 -1.362682 2.240799 -0.746324 -21.33493 0.584909 3.008325 -13.821225 -2e-06 2e-06 -23.887188 -0.249077 -0.839483 -60.368565 2.803991 -1.339882 -0.294025 1.679688 0.833256 -14.218221 0.093215 1.300582 -34.212078 -0.287563 0.967173 -20.03323 0.964537 1.212845 0.0 0.0 0.0 -3.440391 0.788234 0.501657 -15.928198 -3.167311 2.999709 -6.338832 -1e-06 2e-06 -18.123459 3.648184 -4.905674 -4e-06 0.0 -2e-06 18.920626 10.921202 16.422297 53.513145 13.750149 13.057107 0.780938 31.007826 0.371156 4.140574 -12.432054 -3.721698 2.243544 -5.25504 -3.180157 14.282902 -0.826597 6.952507 -1e-06 -12.690612 1e-06 16.305937 -17.543806 2.367619 1.665668 -1.955923 -2.878302 4.727803 -4.170591 4.993926 11.020536 2e-06 -1e-06 12.109061 -3.735719 -2.866785 -1e-06 -0.0 -0.0 1.291986 -1.928551 -1.498092 14.800139 0.567467 3.865608 14.242584 -1.34174 -6.660661 19.631985 0.143924 -0.648246 49.53891 -0.490817 -6.680514 0.35303 -1.511151 -0.031938 20.222803 3.684309 2.31663 18.787287 5e-06 -3e-06 10.751637 -0.479868 1.397906 1e-06 1e-06 -1e-06 3.273809 0.305947 -0.580112 21.486828 11.830381 2.266132 8.162935 2e-06 -4e-06 18.399097 -3.798986 -4.940581 3e-06 1e-06 -1e-06 7.776625 8.418516 -18.979603 -0.191137 -0.257172 69.485924 6.518753 -6.048427 6.596486 1.779366 -1.807721 -6.370111 -0.0 0.0 0.0 5.565561 -1.044152 -11.205034 -0.060084 -0.197062 18.256771 -1.05964 -6.409013 -7.505372 -1.383511 1.095969 -1.497871 0.0 -0.0 -1e-06 
0.0 0.0 0.0 0.0 -0.0 0.0 18.506786 99.460892 284.286743 -1.158545 4.770761 0.166785 2.266472 0.386098 0.127987 -0.346805 0.069968 -4.697055 1.175609 -2.284311 9.953413 0.323665 2.474653 3.679317 -0.467467 0.435887 -3.527903 0.596926 -0.684908 -8.747227 7.7e-05 -2.3e-05 6e-06 -0.011802 -0.078579 0.052879 0.681872 -3.821502 -10.632721 -0.708107 3.667263 -10.624878 -4.506884 -6.736545 13.031036 -71.354034 -1.261684 15.205639 -0.08864 -26.037041 0.129535 -7.186611 8.878603 -8.704925 -5.882107 9.861286 0.702591 -10.936873 -0.360575 7.156204 0.0 8.774822 -2e-06 -16.419294 18.120749 6.024734 -1.844033 2.498505 -2.507278 -10.163602 4.678945 4.621107 -20.976027 -2e-06 3e-06 -21.226288 2.451697 -3.594001 -1e-06 -7e-06 -0.0 -1.362682 2.240798 -0.746323 -21.334915 0.584909 3.008322 -13.821214 -2e-06 2e-06 -23.887171 -0.249078 -0.839484 -60.487644 2.7534 -1.285129 -0.294025 1.679687 0.833255 -14.218211 0.093215 1.30058 -34.212059 -0.287564 0.96717 -20.033215 0.964536 1.212843 0.0 -1e-06 -0.0 -3.440389 0.788234 0.501655 -15.928185 -3.16731 2.999707 -6.338827 -1e-06 0.0 -18.123449 3.648184 -4.905671 -5e-06 -1e-06 -1e-06 18.058729 12.225554 16.246246 52.348812 16.20437 13.872081 0.772226 33.910271 0.445199 4.454027 -11.523162 -3.906917 2.243541 -5.255036 -3.180159 14.282893 -0.826595 6.952505 -2e-06 -12.690603 1e-06 16.281744 -17.63311 2.445673 1.665667 -1.955922 -2.878298 4.727799 -4.170588 4.993925 11.020528 2e-06 -0.0 12.109055 -3.735716 -2.866783 -0.0 -1e-06 -0.0 1.291985 -1.92855 -1.498091 14.800131 0.567467 3.865608 14.242574 -1.341736 -6.660659 19.631969 0.143927 -0.648245 49.64806 -0.577761 -6.667894 0.353029 -1.51115 -0.03194 20.222794 3.684309 2.316629 18.787273 4e-06 -1e-06 10.751627 -0.47987 1.397907 -1e-06 0.0 0.0 3.273807 0.305947 -0.580114 21.486816 11.830374 2.26613 8.162928 3e-06 -2e-06 18.39908 -3.798987 -4.940575 3e-06 -2e-06 0.0 5.103556 9.823924 -23.531267 -0.101575 -0.005566 65.736748 7.298986 -4.91753 3.734295 1.769252 -1.78648 -6.848259 -0.0 0.0 1e-06 4.72439 -0.668975 -6.394076 -0.024464 -0.207372 14.125994 -0.641488 -5.545513 -8.243157 -1.385487 1.026417 -1.75276 -0.0 -0.0 -1e-06 
0.0 0.0 0.0 0.0 -0.0 0.0 18.616806 99.586716 288.465973 -0.513149 3.470839 0.616887 2.380611 0.552268 0.254678 -0.347401 0.818622 -4.633455 0.530026 -1.458243 9.829283 -0.494558 2.871806 3.280002 -0.513266 0.322261 -3.576132 0.821377 -1.133124 -8.85024 7.7e-05 -2.2e-05 6e-06 -0.009941 -0.053099 0.054878 0.673919 -3.80034 -10.612708 -0.698446 3.695764 -10.615196 -5.321058 -5.737906 12.941736 -71.112778 1.276477 14.170291 0.060036 -26.613035 0.122214 -6.941826 8.932868 -9.874324 -5.882108 9.861288 0.702591 -10.936873 -0.360574 7.156208 0.0 8.774828 -2e-06 -16.334257 18.107557 6.148531 -1.844032 2.498505 -2.507277 -10.163603 4.678945 4.621109 -20.976027 -3e-06 5e-06 -21.226292 2.451701 -3.593999 -1e-06 -6e-06 0.0 -1.362682 2.240798 -0.746324 -21.334917 0.58491 3.008325 -13.821215 -2e-06 3e-06 -23.887175 -0.249077 -0.839481 -60.643372 2.715184 -1.181168 -0.294025 1.679688 0.833256 -14.218211 0.093215 1.300582 -34.212059 -0.287561 0.967173 -20.033216 0.964539 1.212844 -1e-06 -1e-06 0.0 -3.440389 0.788233 0.501656 -15.928191 -3.167311 2.999709 -6.338829 -1e-06 1e-06 -18.123453 3.648186 -4.905671 -5e-06 0.0 -2e-06 17.36454 13.508038 16.087605 50.482567 18.485302 14.043984 0.717449 37.394619 0.493538 4.532114 -10.351718 -4.927999 2.243543 -5.25504 -3.180157 14.282898 -0.826594 6.952501 -4e-06 -12.690613 0.0 16.214453 -17.764177 2.52879 1.665668 -1.955922 -2.878302 4.7278 -4.170589 4.993925 11.020534 4e-06 -4e-06 12.109058 -3.735716 -2.866787 0.0 -0.0 1e-06 1.291987 -1.928552 -1.49809 14.800136 0.567469 3.865607 14.242583 -1.341735 -6.660661 19.631979 0.143929 -0.648248 49.716644 -0.609414 -6.602256 0.353029 -1.511151 -0.031939 20.222801 3.684315 2.316625 18.787283 9e-06 -2e-06 10.751634 -0.479866 1.397905 1e-06 1e-06 0.0 3.273808 0.305948 -0.580111 21.486828 11.830384 2.26613 8.16293 2e-06 -4e-06 18.399094 -3.798983 -4.94058 2e-06 -0.0 -1e-06 2.657368 10.992558 -27.500069 0.055412 0.223372 58.952389 6.641035 -4.578258 1.978558 1.758674 -1.786278 -7.113756 0.0 0.0 1e-06 4.059631 -0.344284 -2.56229 -0.006752 -0.178158 10.841255 -0.302801 -4.60836 -9.204105 -1.395739 0.985493 -1.906958 0.0 0.0 -1e-06 
0.0 0.0 0.0 0.0 -0.0 0.0 18.753899 99.363533 292.586548 -0.263276 2.160477 1.140585 2.613779 0.616745 0.289834 -0.31029 1.525153 -4.616596 0.132647 -0.725246 9.860782 -1.501171 3.297816 2.8847 -0.515259 0.324655 -3.608651 0.885745 -1.510668 -9.237863 7.7e-05 -2.3e-05 6e-06 -0.001087 0.007427 0.061194 0.662286 -3.740911 -10.575798 -0.671284 3.757342 -10.594494 -6.296378 -4.742548 12.860213 -70.711716 3.277527 13.346354 0.216606 -26.905655 0.123571 -6.444917 8.698639 -11.05595 -5.882109 9.861288 0.70259 -10.936876 -0.360576 7.156208 1e-06 8.774828 -2e-06 -16.300854 18.104046 6.195805 -1.844033 2.498505 -2.507278 -10.163604 4.678946 4.621109 -20.97603 -4e-06 2e-06 -21.226292 2.451696 -3.594001 -0.0 -6e-06 0.0 -1.362682 2.240798 -0.746324 -21.334925 0.584909 3.008322 -13.821219 -3e-06 1e-06 -23.887182 -0.249079 -0.839484 -60.670597 2.698292 -1.116552 -0.294025 1.679688 0.833256 -14.218215 0.093215 1.30058 -34.212067 -0.287566 0.96717 -20.033222 0.964536 1.212843 0.0 0.0 0.0 -3.44039 0.788233 0.501656 -15.928192 -3.167311 2.999707 -6.338829 -1e-06 1e-06 -18.123453 3.648182 -4.905673 -5e-06 0.0 -1e-06 16.828407 14.767472 16.013645 48.231609 20.803547 13.59193 0.446689 40.593742 0.393792 4.310705 -9.494829 -6.011784 2.243543 -5.255042 -3.180161 14.282902 -0.826596 6.952509 -2e-06 -12.690618 2e-06 16.182514 -17.86832 2.53932 1.665668 -1.955924 -2.878301 4.727802 -4.170592 4.993929 11.020535 2e-06 -3e-06 12.109059 -3.735719 -2.866789 0.0 -0.0 0.0 1.291987 -1.92855 -1.49809 14.800139 0.567469 3.865609 14.242584 -1.341735 -6.660665 19.631985 0.143928 -0.648246 49.656551 -0.62919 -6.553557 0.353029 -1.511153 -0.031941 20.222805 3.684313 2.316631 18.787287 4e-06 -1e-06 10.751636 -0.47987 1.397909 1e-06 1e-06 -0.0 3.273809 0.305948 -0.580113 21.486832 11.830384 2.266135 8.162932 0.0 -3e-06 18.399097 -3.798988 -4.940581 3e-06 -1e-06 0.0 0.70087 11.697779 -30.40361 0.205666 0.366427 49.150955 5.327039 -4.217434 1.856503 1.748444 -1.806609 -7.145098 0.0 -0.0 2e-06 3.736184 -0.201656 1.156782 -0.009686 -0.106434 7.718225 -0.169583 -3.55873 -10.365714 -1.408377 0.97969 -1.916498 0.0 -0.0 -1e-06 
0.0 0.0 0.0 0.0 -0.0 0.0 18.944088 98.865425 296.685638 -0.473967 0.95505 1.588864 2.984876 0.627893 0.272651 -0.258472 2.0356 -4.625239 0.027667 -0.124362 9.977347 -2.523116 3.693596 2.741745 -0.485361 0.386027 -3.62308 0.869868 -1.69337 -9.735395 7.7e-05 -2.3e-05 6e-06 0.010203 0.077793 0.068582 0.661375 -3.671229 -10.56927 -0.649484 3.829671 -10.599797 -7.041644 -3.887894 12.821463 -70.683983 4.702511 12.627687 0.315284 -26.549763 0.119585 -5.977659 8.585538 -11.676069 -5.882106 9.861284 0.70259 -10.936872 -0.360575 7.156204 1e-06 8.774822 -0.0 -16.218529 18.143103 6.294052 -1.844032 2.498504 -2.507277 -10.163599 4.678944 4.621108 -20.976023 -5e-06 3e-06 -21.226288 2.451697 -3.593999 1e-06 -7e-06 -0.0 -1.362682 2.240798 -0.746323 -21.334913 0.584909 3.008322 -13.821216 -3e-06 2e-06 -23.887171 -0.249079 -0.839482 -60.617882 2.738177 -1.07752 -0.294025 1.679687 0.833255 -14.218208 0.093215 1.30058 -34.212048 -0.287565 0.967171 -20.033215 0.964536 1.212844 0.0 -0.0 0.0 -3.440388 0.788233 0.501656 -15.928185 -3.16731 2.999707 -6.338826 -1e-06 1e-06 -18.123444 3.648182 -4.90567 -5e-06 0.0 -1e-06 16.287169 15.955113 15.90426 46.157436 23.045393 12.736281 -0.013361 43.111561 0.11466 4.070792 -9.114738 -6.564438 2.243541 -5.255035 -3.180157 14.282887 -0.826595 6.9525 -1e-06 -12.690601 0.0 16.212679 -17.91848 2.50564 1.665665 -1.955922 -2.878297 4.727796 -4.170587 4.993924 11.02052 1e-06 -0.0 12.109048 -3.735715 -2.866782 0.0 1e-06 -1e-06 1.291985 -1.928549 -1.498089 14.800125 0.567466 3.865606 14.242568 -1.341737 -6.660657 19.631962 0.143924 -0.648245 49.609482 -0.665827 -6.542942 0.353029 -1.511151 -0.03194 20.222786 3.684305 2.31663 18.78727 3e-06 -2e-06 10.751625 -0.479871 1.397906 1e-06 1e-06 -1e-06 3.273806 0.305947 -0.580111 21.486801 11.830367 2.266131 8.162923 -1e-06 -1e-06 18.399076 -3.798987 -4.940574 2e-06 -1e-06 -1e-06 -0.617797 12.037988 -31.824631 0.275551 0.469264 36.426918 4.49322 -3.288134 3.044078 1.739778 -1.825169 -6.884438 0.0 -0.0 2e-06 3.73264 -0.329128 5.233938 -0.032095 -0.053798 3.870506 -0.157038 -2.356842 -11.11754 -1.414622 0.999212 -1.927995 0.0 0.0 -1e-06 
0.0 0.0 0.0 0.0 -0.0 0.0 19.202133 98.133293 300.939789 -1.092808 -0.095469 1.827071 3.442506 0.669271 0.275727 -0.194518 2.260793 -4.647296 0.196833 0.335709 10.128795 -3.352912 4.022219 2.816704 -0.488553 0.384057 -3.653146 0.860717 -1.540955 -10.143658 7.7e-05 -2.3e-05 6e-06 0.017715 0.116242 0.071282 0.679632 -3.636083 -10.620728 -0.654031 3.871914 -10.64592 -7.369368 -3.203457 12.912257 -71.1959 5.661314 12.021371 0.369806 -25.767757 0.089381 -5.642931 8.715077 -11.621181 -5.882106 9.861288 0.70259 -10.936872 -0.360575 7.156206 -1e-06 8.774828 -2e-06 -16.057941 18.217352 6.506894 -1.844032 2.498505 -2.507277 -10.163599 4.678946 4.621109 -20.976023 -4e-06 4e-06 -21.226286 2.451699 -3.594001 1e-06 -6e-06 -0.0 -1.362682 2.240799 -0.746323 -21.334913 0.584909 3.008324 -13.821213 -2e-06 3e-06 -23.887171 -0.249077 -0.839483 -60.614399 2.846442 -0.977299 -0.294025 1.679687 0.833256 -14.218207 0.093215 1.300581 -34.212048 -0.287562 0.967171 -20.033211 0.964537 1.212844 -1e-06 -0.0 0.0 -3.440388 0.788234 0.501656 -15.928185 -3.16731 2.999708 -6.338826 -1e-06 1e-06 -18.123449 3.648185 -4.905671 -6e-06 1e-06 -1e-06 15.689966 16.965471 15.642325 44.677864 24.942446 11.599236 -0.400896 45.164288 -0.191765 3.765527 -9.149754 -6.656662 2.243545 -5.255038 -3.180156 14.28289 -0.826596 6.952497 1e-06 -12.690604 -3e-06 16.204052 -17.857473 2.52122 1.665668 -1.955922 -2.878298 4.727798 -4.170588 4.993922 11.020528 1e-06 -1e-06 12.109054 -3.735717 -2.866785 0.0 1e-06 -2e-06 1.291985 -1.92855 -1.498089 14.800129 0.567467 3.865606 14.242574 -1.341739 -6.660658 19.631968 0.143925 -0.648247 49.637371 -0.73109 -6.495688 0.353029 -1.51115 -0.031939 20.222788 3.684307 2.316627 18.78727 3e-06 -5e-06 10.751626 -0.479867 1.397904 1e-06 1e-06 -1e-06 3.273806 0.305947 -0.580113 21.486809 11.83037 2.26613 8.162927 -0.0 -1e-06 18.399086 -3.798986 -4.940579 2e-06 -1e-06 -1e-06 -1.223618 12.258475 -31.673838 0.199988 0.545525 21.852972 3.626706 -2.097636 4.146843 1.750117 -1.831505 -6.247066 0.0 0.0 2e-06 4.011388 -0.717465 8.653619 -0.052649 -0.067385 2.05914 -0.138866 -1.100795 -12.070621 -1.41846 1.001559 -2.16411 -0.0 -0.0 -1e-06 
0.0 0.0 0.0 0.0 -0.0 0.0 19.504177 97.215141 305.417755 -1.776095 -0.83357 1.994004 3.724121 0.612284 0.210826 -0.109311 2.381716 -4.683941 0.487425 0.574558 10.281167 -3.912653 4.216249 2.881641 -0.548171 0.427016 -3.670685 0.802416 -1.183751 -10.477893 7.7e-05 -2.2e-05 6e-06 0.016278 0.121307 0.080242 0.690453 -3.637961 -10.674254 -0.668949 3.882547 -10.692348 -7.44768 -2.65486 13.091051 -71.899376 6.334587 11.291714 0.349179 -24.950981 0.046667 -5.608549 8.985469 -11.291946 -5.88211 9.861288 0.702591 -10.936878 -0.360575 7.156209 1e-06 8.77483 -1e-06 -15.884596 18.383434 6.729103 -1.844034 2.498505 -2.507279 -10.163608 4.678946 4.62111 -20.976038 -3e-06 4e-06 -21.226301 2.451699 -3.594001 1e-06 -7e-06 -0.0 -1.362682 2.2408 -0.746324 -21.334929 0.58491 3.008325 -13.821222 -2e-06 3e-06 -23.887188 -0.249078 -0.839482 -60.63987 2.949008 -0.863561 -0.294025 1.679688 0.833256 -14.218218 0.093215 1.300581 -34.212074 -0.287563 0.967172 -20.033228 0.964536 1.212844 0.0 0.0 0.0 -3.440391 0.788233 0.501656 -15.9282 -3.167311 2.999709 -6.338832 -2e-06 1e-06 -18.123459 3.648183 -4.905672 -6e-06 0.0 -2e-06 15.274503 17.635611 15.384089 43.679672 26.501774 10.221721 -0.465007 47.155956 -0.33548 3.170032 -9.350649 -6.713616 2.243543 -5.25504 -3.180159 14.282902 -0.826597 6.952507 -0.0 -12.690613 1e-06 16.104301 -17.738194 2.601949 1.665668 -1.955924 -2.8783 4.727803 -4.170593 4.993926 11.020535 -0.0 -1e-06 12.109059 -3.73572 -2.866786 0.0 1e-06 -1e-06 1.291987 -1.92855 -1.498091 14.800136 0.567466 3.865611 14.24258 -1.341739 -6.660662 19.631979 0.143924 -0.648246 49.675556 -0.833926 -6.430463 0.353031 -1.51115 -0.03194 20.222803 3.684309 2.316633 18.787287 1e-06 -2e-06 10.751634 -0.479871 1.397906 1e-06 2e-06 -1e-06 3.273808 0.305947 -0.580112 21.486828 11.830382 2.266134 8.162933 2e-06 0.0 18.399097 -3.79899 -4.940581 3e-06 -1e-06 -1e-06 -1.373417 12.013437 -31.046608 0.029096 0.452816 8.286056 0.952921 -0.832731 4.374059 1.715 -1.921701 -5.853162 0.0 -0.0 3e-06 4.140701 -1.429817 11.32449 -0.052318 -0.125563 2.385494 0.0275 0.243987 -13.450924 -1.418565 0.937419 -2.785195 -0.0 -0.0 -1e-06 
0.0 0.0 0.0 0.0 -0.0 0.0 19.864269 96.085243 310.088776 -2.214813 -1.311122 2.287202 3.744422 0.458528 0.014247 -0.072856 2.527659 -4.787582 0.790506 0.708094 10.44166 -4.238852 4.302565 2.784488 -0.54476 0.527897 -3.562454 0.598629 -0.855208 -10.807743 7.7e-05 -2.2e-05 6e-06 0.016744 0.153139 0.091055 0.683737 -3.611365 -10.68339 -0.662253 3.916748 -10.703407 -7.633648 -2.400657 13.142684 -72.368584 6.744142 10.576567 0.332628 -24.159042 0.046316 -5.977125 9.064151 -11.36115 -5.882106 9.861285 0.70259 -10.93687 -0.360575 7.156205 0.0 8.774824 -1e-06 -15.946231 18.396786 6.614761 -1.844032 2.498504 -2.507278 -10.163599 4.678944 4.621109 -20.976023 -2e-06 1e-06 -21.226288 2.451696 -3.594001 2e-06 -7e-06 0.0 -1.362681 2.240798 -0.746323 -21.334911 0.584909 3.008323 -13.821213 -3e-06 3e-06 -23.887163 -0.249078 -0.839483 -60.660866 2.874157 -0.929209 -0.294025 1.679687 0.833256 -14.218207 0.093216 1.30058 -34.212048 -0.287564 0.96717 -20.033215 0.964536 1.212843 -1e-06 -0.0 -0.0 -3.440388 0.788232 0.501656 -15.928185 -3.16731 2.999707 -6.338826 -1e-06 1e-06 -18.123444 3.648183 -4.905671 -5e-06 -0.0 -1e-06 15.377828 17.82127 15.182055 42.646744 27.630802 9.172131 -0.186253 49.11314 -0.00427 2.512298 -9.347838 -7.129804 2.243541 -5.255035 -3.180159 14.28289 -0.826594 6.952504 -1e-06 -12.690601 -1e-06 15.969454 -17.756842 2.650206 1.665666 -1.95592 -2.878298 4.727798 -4.170585 4.99392 11.020526 0.0 -0.0 12.109052 -3.735715 -2.866785 -0.0 1e-06 -1e-06 1.291985 -1.928549 -1.498088 14.800129 0.567467 3.865606 14.242571 -1.341738 -6.660658 19.631969 0.143925 -0.648245 49.682465 -0.956213 -6.505447 0.353028 -1.511151 -0.03194 20.222788 3.684309 2.316629 18.78727 2e-06 0.0 10.751627 -0.479869 1.397907 1e-06 1e-06 1e-06 3.273807 0.305949 -0.580111 21.486809 11.830371 2.266134 8.162928 3e-06 1e-06 18.39908 -3.798982 -4.940575 2e-06 0.0 0.0 -1.571579 11.310679 -31.248304 -0.065093 0.265745 -0.348215 -2.832713 0.857108 3.020861 1.562443 -2.078928 -5.693701 0.0 -0.0 3e-06 3.6989 -2.628645 13.663749 -0.04774 -0.188522 3.315529 0.543121 2.021593 -15.07726 -1.421179 0.798805 -3.608534 -0.0 -0.0 -1e-06 
0.0 0.0 0.0 0.0 -0.0 0.0 20.368822 95.079536 314.728241 -2.157946 -1.636677 2.580889 3.418785 0.481061 -0.228279 -0.074623 2.583956 -4.911395 0.922835 0.677458 10.635635 -4.518256 4.398757 2.540174 -0.438081 0.447296 -3.5668 0.497326 -0.602508 -10.951677 7.7e-05 -2.2e-05 6e-06 0.008438 0.099634 0.080594 0.671001 -3.658652 -10.670021 -0.666992 3.856551 -10.689182 -8.123183 -2.215589 12.916837 -72.298225 6.959772 10.042087 0.300085 -23.444733 0.066669 -6.182654 8.807543 -11.460093 -5.88211 9.861291 0.702591 -10.936878 -0.360575 7.15621 1e-06 8.774831 -1e-06 -16.039829 18.333536 6.511871 -1.844034 2.498506 -2.507279 -10.163605 4.678947 4.621112 -20.976038 -4e-06 2e-06 -21.226299 2.451698 -3.594001 2e-06 -6e-06 -1e-06 -1.362682 2.240799 -0.746324 -21.334929 0.584912 3.008325 -13.821221 -4e-06 2e-06 -23.887184 -0.24908 -0.839483 -60.78656 2.769572 -0.93513 -0.294025 1.679687 0.833256 -14.218219 0.093215 1.300582 -34.212074 -0.287563 0.967172 -20.03323 0.964538 1.212844 -1e-06 0.0 0.0 -3.44039 0.788234 0.501656 -15.928194 -3.16731 2.999709 -6.33883 -1e-06 1e-06 -18.123457 3.648185 -4.905673 -4e-06 1e-06 -3e-06 16.04718 17.810583 15.166548 41.517471 28.010859 8.822575 -0.291083 50.974049 0.130606 2.311586 -9.061198 -7.96407 2.243545 -5.255039 -3.180159 14.282902 -0.8266 6.952511 -0.0 -12.690613 2e-06 15.879432 -17.808769 2.642717 1.665668 -1.955922 -2.8783 4.727801 -4.170591 4.993929 11.020533 0.0 -0.0 12.109059 -3.735719 -2.866786 0.0 0.0 -1e-06 1.291986 -1.928551 -1.49809 14.800139 0.567466 3.865611 14.242584 -1.34174 -6.660665 19.631983 0.143924 -0.648246 49.55397 -0.997576 -6.541883 0.353028 -1.511153 -0.031942 20.222803 3.684309 2.316632 18.787287 3e-06 -2e-06 10.751636 -0.479871 1.397907 1e-06 1e-06 2e-06 3.27381 0.305946 -0.580112 21.486828 11.830382 2.266132 8.162931 0.0 0.0 18.399096 -3.79899 -4.940578 4e-06 2e-06 -0.0 -1.939549 10.104752 -32.230648 -0.035232 0.136248 -1.670435 -5.171419 2.509215 1.433092 1.496669 -2.112197 -5.817301 -0.0 0.0 0.0 2.492922 -3.828004 15.527699 -0.080165 -0.085481 5.396042 1.290656 3.861785 -15.58477 -1.403672 0.763932 -5.313406 0.0 -0.0 -1e-06 
0.0 0.0 0.0 0.0 -0.0 0.0 21.025497 94.33857 319.605255 -0.925221 -1.895495 3.092766 2.219541 0.549217 -0.848912 -0.145916 2.669959 -5.172922 0.676834 0.545681 10.857327 -4.432744 4.439531 2.15601 -0.456408 0.607026 -3.570349 0.525888 -0.647229 -10.452165 7.7e-05 -2.2e-05 6e-06 0.009467 0.074742 0.071433 0.670478 -3.689259 -10.704619 -0.663115 3.838316 -10.720874 -9.152473 -2.054008 12.616115 -71.376259 6.931268 9.834251 0.191982 -22.637369 0.048579 -5.991461 8.347256 -11.116712 -5.882108 9.861288 0.70259 -10.936877 -0.360576 7.156208 0.0 8.774829 -2e-06 -16.028439 18.426571 6.646701 -1.844033 2.498505 -2.507278 -10.163604 4.678946 4.621109 -20.976032 -3e-06 2e-06 -21.226295 2.451699 -3.594002 2e-06 -6e-06 -1e-06 -1.362682 2.240799 -0.746324 -21.334921 0.584909 3.008324 -13.821218 -2e-06 2e-06 -23.887175 -0.24908 -0.839484 -61.031776 2.777256 -0.955435 -0.294025 1.679687 0.833256 -14.218214 0.093215 1.30058 -34.212063 -0.287565 0.96717 -20.033222 0.964536 1.212844 -1e-06 0.0 0.0 -3.440389 0.788234 0.501656 -15.928192 -3.167311 2.999708 -6.338827 -1e-06 1e-06 -18.123453 3.648184 -4.905673 -6e-06 -0.0 -1e-06 17.550375 17.58744 15.371099 40.387794 27.585608 9.123474 -0.456122 51.909698 0.166724 2.412498 -8.792661 -8.745848 2.243544 -5.255042 -3.180161 14.2829 -0.826596 6.952505 -3e-06 -12.690616 3e-06 15.894352 -17.805332 2.678452 1.665668 -1.955923 -2.878303 4.727803 -4.170591 4.993929 11.020535 4e-06 -4e-06 12.10906 -3.735715 -2.86679 -0.0 -1e-06 -1e-06 1.291988 -1.928552 -1.49809 14.80014 0.567467 3.865609 14.242585 -1.341735 -6.660669 19.631985 0.14393 -0.648249 49.653988 -1.13203 -6.540761 0.353028 -1.511152 -0.031939 20.222811 3.684315 2.316627 18.787289 7e-06 -3e-06 10.751639 -0.479867 1.397906 0.0 2e-06 0.0 3.27381 0.305948 -0.580112 21.486834 11.830386 2.26613 8.162935 2e-06 -1e-06 18.399099 -3.798985 -4.940582 3e-06 2e-06 -0.0 -3.206197 8.456841 -32.319206 -0.081211 0.038144 0.80464 -4.354121 3.101141 3.191521 1.596958 -2.168229 -6.592767 0.0 -0.0 3e-06 -0.170074 -4.756644 16.417385 -0.042911 0.132283 9.101785 2.011558 5.585626 -14.553363 -1.406551 0.779964 -8.739902 0.0 0.0 -1e-06 
0.0 0.0 0.0 0.0 -0.0 0.0 21.734249 94.018394 324.82608 1.82559 -2.009223 4.019009 0.036693 0.408259 -1.826431 -0.468563 2.816047 -5.552192 -0.19584 0.47836 11.039544 -3.845033 4.16257 1.537027 -0.260217 1.188255 -3.674547 0.394312 -0.682385 -9.796481 7.7e-05 -2.2e-05 6e-06 0.020565 0.034544 0.057901 0.660986 -3.717481 -10.662687 -0.631215 3.788559 -10.683104 -10.455543 -2.154913 12.132216 -69.777069 6.595523 9.951329 0.227932 -21.31039 0.002917 -5.838347 7.590067 -10.889678 -5.882107 9.861286 0.702591 -10.936873 -0.360574 7.156205 0.0 8.774826 -2e-06 -16.168276 18.364971 6.730487 -1.844032 2.498505 -2.507277 -10.163601 4.678945 4.621109 -20.976027 -1e-06 4e-06 -21.226288 2.4517 -3.593998 2e-06 -6e-06 -1e-06 -1.362682 2.240798 -0.746323 -21.334917 0.58491 3.008325 -13.821215 -2e-06 4e-06 -23.887175 -0.249076 -0.839481 -61.350651 2.815299 -0.740782 -0.294025 1.679688 0.833256 -14.218209 0.093215 1.300582 -34.212051 -0.287561 0.967173 -20.033213 0.964537 1.212844 -1e-06 0.0 -0.0 -3.440389 0.788233 0.501656 -15.928189 -3.16731 2.999708 -6.338827 -1e-06 2e-06 -18.123449 3.648184 -4.905669 -6e-06 0.0 -2e-06 20.292048 16.982416 15.621227 39.032692 26.456293 9.815572 -0.287468 51.831459 0.381526 2.661509 -8.752824 -8.398479 2.243542 -5.255036 -3.180156 14.282887 -0.826595 6.952499 -1e-06 -12.690603 1e-06 15.846162 -17.738148 2.657931 1.665664 -1.955922 -2.878296 4.727799 -4.170588 4.993924 11.020522 1e-06 -0.0 12.10905 -3.735716 -2.866783 0.0 0.0 -1e-06 1.291987 -1.928548 -1.498089 14.800125 0.567466 3.865606 14.242568 -1.341739 -6.660656 19.631962 0.143927 -0.648248 49.662525 -0.984431 -6.478825 0.353031 -1.511151 -0.031939 20.222786 3.68431 2.316629 18.78727 3e-06 -1e-06 10.751627 -0.479869 1.397905 0.0 1e-06 1e-06 3.273805 0.305947 -0.580111 21.486809 11.830373 2.266131 8.162927 1e-06 -0.0 18.399076 -3.798983 -4.940574 3e-06 2e-06 1e-06 -5.800586 6.04246 -34.046715 -0.042089 0.087904 6.472243 -0.678822 3.123554 11.541471 1.755347 -2.076827 -6.334904 0.0 0.0 3e-06 -4.632255 -5.69751 15.683715 -0.01687 0.291423 14.718713 2.609883 7.777027 -11.80442 -1.425063 0.757404 -15.946255 -0.0 -0.0 -1e-06 
0.0 0.0 0.0 0.0 -0.0 0.0 22.374617 93.874649 330.128021 4.017313 -1.476352 3.998166 -1.277405 0.323182 -1.925351 -0.877872 2.958038 -5.63686 -1.560236 0.282679 10.798943 -2.761929 3.746423 1.622956 -0.314021 0.96228 -3.637942 0.585056 -0.653316 -10.842001 7.7e-05 -2.2e-05 6e-06 0.033891 0.037175 0.053161 0.706906 -3.715084 -10.641079 -0.650849 3.792449 -10.681902 -9.365228 -2.861551 12.267947 -69.990921 5.002014 10.923248 0.241252 -19.765623 -0.025756 -5.868643 7.203411 -11.163488 -5.88211 9.861292 0.702591 -10.936878 -0.360575 7.156209 0.0 8.77483 -1e-06 -16.136904 18.367668 6.647338 -1.844033 2.498506 -2.507278 -10.163604 4.678948 4.621111 -20.976038 -1e-06 4e-06 -21.226295 2.4517 -3.594 1e-06 -7e-06 -0.0 -1.362682 2.2408 -0.746323 -21.334927 0.584911 3.008326 -13.821222 -1e-06 3e-06 -23.887184 -0.249075 -0.839483 -61.102253 2.916678 -0.7704 -0.294025 1.679687 0.833256 -14.218217 0.093216 1.300582 -34.21207 -0.287562 0.967172 -20.03323 0.964539 1.212844 -1e-06 -0.0 -0.0 -3.44039 0.788233 0.501656 -15.928194 -3.16731 2.999709 -6.338829 -1e-06 2e-06 -18.123455 3.648187 -4.905673 -5e-06 -0.0 -2e-06 20.137329 16.001356 15.67922 42.176147 25.681595 10.7702 -0.052785 49.627895 0.597298 1.995513 -8.56965 -7.265877 2.243542 -5.255038 -3.180161 14.282896 -0.826596 6.952505 -1e-06 -12.69061 1e-06 15.825991 -17.818838 2.715009 1.665666 -1.955922 -2.8783 4.727801 -4.17059 4.993927 11.02053 0.0 -0.0 12.109056 -3.735719 -2.866789 -0.0 1e-06 -1e-06 1.291986 -1.92855 -1.49809 14.800134 0.567467 3.86561 14.242579 -1.341736 -6.660661 19.631973 0.143924 -0.648247 49.74976 -0.873437 -6.533809 0.353029 -1.511153 -0.031939 20.222801 3.684309 2.31663 18.787283 4e-06 -4e-06 10.751633 -0.47987 1.397905 1e-06 1e-06 1e-06 3.273807 0.305947 -0.580111 21.48682 11.830381 2.266134 8.16293 4e-06 0.0 18.399088 -3.798988 -4.940578 3e-06 0.0 0.0 -7.886289 4.214795 -35.560875 0.070323 0.131045 14.509608 1.239183 2.551587 13.960412 1.755112 -2.073441 -4.041099 0.0 0.0 2e-06 -7.957877 -6.075212 14.232491 -0.124119 0.52583 23.315035 2.781009 8.478409 -6.291727 -1.492663 0.778864 -24.755072 -0.0 0.0 -1e-06 
0.0 0.0 0.0 0.0 -0.0 0.0 22.897955 94.01458 335.087524 5.609013 -0.358925 3.124619 -2.112922 0.260994 -1.300369 -1.263033 2.811325 -5.406421 -2.638864 0.191398 10.31983 -1.75802 3.384322 2.439396 -0.480521 0.459733 -3.528391 0.752542 -0.851622 -12.429812 7.7e-05 -2.3e-05 6e-06 0.0442 0.07259 0.070474 0.738096 -3.676337 -10.594355 -0.662931 3.822045 -10.62321 -6.786499 -4.233099 12.888725 -71.602974 2.408931 12.029413 0.187559 -18.744001 -0.051017 -5.85585 7.361981 -10.935253 -5.882109 9.861288 0.70259 -10.936874 -0.360574 7.156208 1e-06 8.774828 -2e-06 -16.317753 18.494434 6.439903 -1.844033 2.498505 -2.507278 -10.163604 4.678946 4.621109 -20.976032 -4e-06 3e-06 -21.226295 2.451699 -3.594002 1e-06 -6e-06 0.0 -1.362682 2.240798 -0.746323 -21.334921 0.584909 3.008325 -13.821218 -2e-06 2e-06 -23.887175 -0.249078 -0.839483 -61.010227 2.908655 -0.936595 -0.294025 1.679688 0.833256 -14.218212 0.093215 1.300581 -34.212063 -0.287563 0.967172 -20.03322 0.964538 1.212844 -1e-06 -0.0 -0.0 -3.440389 0.788233 0.501655 -15.928191 -3.16731 2.999708 -6.338829 -1e-06 2e-06 -18.123451 3.648185 -4.905672 -6e-06 -0.0 -1e-06 17.203138 15.089544 15.573522 48.880863 25.037008 11.953338 -0.032858 45.117809 0.614688 1.328376 -8.786784 -7.112819 2.243544 -5.255041 -3.180161 14.2829 -0.826596 6.952506 -2e-06 -12.69061 1e-06 16.005516 -17.764364 2.67403 1.665668 -1.955924 -2.878299 4.7278 -4.170588 4.993926 11.020532 4e-06 -2e-06 12.109058 -3.735718 -2.866787 0.0 1e-06 -1e-06 1.291987 -1.92855 -1.498089 14.800136 0.567467 3.865609 14.24258 -1.341736 -6.660664 19.631977 0.143926 -0.648248 49.86137 -0.735077 -6.56408 0.353031 -1.511153 -0.031939 20.222801 3.684311 2.316628 18.787283 8e-06 -4e-06 10.751633 -0.479869 1.397905 1e-06 1e-06 0.0 3.273808 0.305949 -0.58011 21.486826 11.830379 2.266133 8.162933 3e-06 -2e-06 18.399092 -3.798988 -4.940579 3e-06 0.0 -1e-06 -9.663821 3.457852 -34.861038 0.0347 0.179987 21.343517 2.697577 1.770094 10.856913 1.65979 -1.998117 -1.923483 0.0 -0.0 2e-06 -10.052372 -5.731979 11.168968 -0.019794 0.614531 35.097038 2.747733 7.965782 2.861299 -1.534949 0.694974 -30.856817 -0.0 0.0 -1e-06 
0.0 0.0 0.0 0.0 -0.0 0.0 23.428158 94.557671 339.90094 6.839187 0.406476 2.283334 -2.850361 0.147785 -0.718675 -1.497843 2.611489 -5.132766 -3.157316 0.068515 9.993762 -1.537504 3.207656 3.05151 -0.641459 0.0879 -3.493706 0.92433 -1.049563 -13.006525 7.7e-05 -2.3e-05 6e-06 0.042721 0.091707 0.084715 0.722992 -3.663547 -10.538401 -0.651797 3.846661 -10.55878 -5.649182 -5.293555 13.080093 -71.860275 -0.099294 12.700193 0.050552 -18.965179 0.017039 -5.828526 7.461776 -11.104319 -5.882113 9.861288 0.702589 -10.936883 -0.360576 7.15621 2e-06 8.774826 -2e-06 -16.423204 18.52216 6.281874 -1.844034 2.498505 -2.507278 -10.163612 4.678947 4.62111 -20.976049 -2e-06 6e-06 -21.226309 2.4517 -3.593998 1e-06 -7e-06 -0.0 -1.362683 2.240799 -0.746323 -21.334936 0.58491 3.008326 -13.821229 -2e-06 4e-06 -23.887194 -0.249077 -0.839481 -60.930649 2.873377 -1.181424 -0.294025 1.679688 0.833256 -14.218224 0.093215 1.300582 -34.212086 -0.287563 0.967174 -20.033236 0.964537 1.212846 -1e-06 -0.0 0.0 -3.440392 0.788234 0.501656 -15.928203 -3.167311 2.99971 -6.338833 -2e-06 2e-06 -18.123468 3.648183 -4.905672 -6e-06 0.0 -2e-06 15.357583 14.596736 15.651165 53.75148 23.767151 13.335052 -0.163682 40.257587 0.422043 1.774172 -9.418572 -6.641346 2.243543 -5.25504 -3.180159 14.282904 -0.826593 6.952505 -6e-06 -12.690612 1e-06 16.270071 -17.748972 2.599324 1.66567 -1.955924 -2.878302 4.727802 -4.170591 4.993928 11.020537 3e-06 -3e-06 12.109064 -3.735716 -2.866786 1e-06 -0.0 1e-06 1.291986 -1.928551 -1.49809 14.800142 0.56747 3.865607 14.242586 -1.341734 -6.660664 19.631989 0.143933 -0.648245 49.959858 -0.598076 -6.648013 0.353029 -1.511151 -0.03194 20.222813 3.684318 2.316628 18.787292 1e-05 -3e-06 10.751637 -0.479866 1.397908 0.0 1e-06 -0.0 3.273812 0.305948 -0.580112 21.486837 11.83039 2.266132 8.162935 4e-06 -3e-06 18.399099 -3.798983 -4.940581 3e-06 0.0 -0.0 -11.226135 3.404479 -32.025967 0.014005 0.192436 24.354881 3.690549 1.122 5.750707 1.631235 -2.018652 -1.670971 0.0 -0.0 2e-06 -11.6787 -5.189542 6.130438 0.054869 0.703917 48.04879 3.71175 6.144318 12.998381 -1.325457 0.661292 -22.872332 0.0 0.0 -2e-06 
0.0 0.0 0.0 0.0 -0.0 0.0 23.914047 95.388481 344.608765 7.745687 0.653016 1.85292 -3.514877 0.030532 -0.439029 -1.611326 2.389192 -5.02134 -3.358573 -0.201324 9.852858 -1.732172 3.373951 3.490627 -0.631939 0.002991 -3.521931 0.993078 -1.184741 -13.032955 7.7e-05 -2.3e-05 6e-06 0.048502 0.144511 0.114512 0.714162 -3.617034 -10.509473 -0.632027 3.907226 -10.526631 -5.853636 -5.801601 12.998893 -70.704117 -2.599381 12.887599 -0.081306 -20.203064 0.051702 -4.990113 7.197435 -12.121098 -5.882107 9.861286 0.702589 -10.936872 -0.360575 7.156204 0.0 8.774824 -1e-06 -16.49684 18.42667 6.13106 -1.844032 2.498505 -2.507278 -10.163599 4.678945 4.621108 -20.976027 -4e-06 1e-06 -21.226288 2.451698 -3.594002 0.0 -7e-06 -0.0 -1.362682 2.240798 -0.746324 -21.334913 0.584911 3.008322 -13.821216 -3e-06 1e-06 -23.887175 -0.24908 -0.839484 -60.978436 2.72095 -1.344372 -0.294024 1.679687 0.833256 -14.218207 0.093216 1.300579 -34.212048 -0.287564 0.967168 -20.033211 0.964537 1.212842 -1e-06 -0.0 -0.0 -3.440388 0.788234 0.501656 -15.928185 -3.167309 2.999706 -6.338827 -1e-06 1e-06 -18.123444 3.648183 -4.905672 -5e-06 0.0 -2e-06 15.261439 14.229643 16.002708 56.062542 22.286448 14.889417 -0.162357 35.653992 0.249016 2.894724 -9.832663 -5.318207 2.243543 -5.255037 -3.180158 14.282893 -0.826598 6.952503 -0.0 -12.690603 0.0 16.477255 -17.595352 2.476042 1.665667 -1.955922 -2.878299 4.727801 -4.17059 4.993923 11.020529 1e-06 -1e-06 12.109056 -3.735718 -2.866784 0.0 -0.0 -0.0 1.291986 -1.92855 -1.498091 14.800129 0.567465 3.865605 14.242575 -1.341737 -6.660661 19.631968 0.143922 -0.648247 49.952133 -0.538849 -6.584696 0.353029 -1.511151 -0.031938 20.222795 3.684306 2.316629 18.787277 4e-06 -3e-06 10.751629 -0.47987 1.397904 2e-06 1e-06 0.0 3.273806 0.305946 -0.580113 21.486813 11.830369 2.266129 8.162928 1e-06 -2e-06 18.399086 -3.798986 -4.940579 3e-06 -0.0 -1e-06 -12.32357 3.628351 -28.001442 0.09715 0.299224 24.012985 4.122494 0.832863 2.007806 1.639384 -2.061174 -1.785174 0.0 -0.0 2e-06 -12.647453 -4.21212 -0.098749 0.093693 0.634292 59.402588 3.773928 4.114309 17.748415 -1.149055 0.839913 -8.044995 0.0 -0.0 -1e-06 
0.0 0.0 0.0 0.0 -0.0 0.0 24.338001 96.437103 349.160583 8.052973 0.91363 1.559879 -3.942596 -0.103208 -0.318338 -1.654097 1.943118 -4.989676 -3.171282 -0.535372 9.840818 -1.842845 3.56661 3.984253 -0.683548 0.032436 -3.535552 0.964588 -1.131402 -12.999227 7.7e-05 -2.3e-05 6e-06 0.050396 0.159803 0.118266 0.717949 -3.602683 -10.512827 -0.631465 3.924342 -10.530808 -6.265308 -5.989185 12.726275 -69.172012 -5.211125 12.886947 -0.22193 -21.906813 0.079416 -3.164178 6.545605 -12.579254 -5.882113 9.861295 0.70259 -10.936881 -0.360575 7.156211 -0.0 8.774836 -1e-06 -16.57622 18.353001 5.995019 -1.844034 2.498507 -2.507279 -10.163609 4.67895 4.621111 -20.97604 -2e-06 -1e-06 -21.226303 2.4517 -3.594005 0.0 -5e-06 -1e-06 -1.362683 2.2408 -0.746325 -21.334934 0.584911 3.008323 -13.821227 -2e-06 0.0 -23.887192 -0.249079 -0.839486 -60.947746 2.652165 -1.410444 -0.294025 1.679689 0.833256 -14.218222 0.093216 1.30058 -34.212082 -0.287564 0.967168 -20.033236 0.964537 1.212843 -1e-06 0.0 -0.0 -3.440392 0.788234 0.501656 -15.928201 -3.167311 2.999708 -6.338831 -1e-06 -0.0 -18.123461 3.648187 -4.905676 -5e-06 -0.0 -2e-06 15.664831 13.681067 16.278116 57.43763 20.50983 16.137989 -0.013584 31.753105 0.158354 3.673996 -10.05972 -3.787494 2.243545 -5.255041 -3.18016 14.282906 -0.826597 6.952506 -2e-06 -12.690615 -0.0 16.531857 -17.471775 2.33164 1.665668 -1.955922 -2.8783 4.727803 -4.170592 4.993928 11.020538 2e-06 -2e-06 12.109065 -3.735719 -2.866788 -0.0 -1e-06 2e-06 1.291987 -1.928552 -1.498092 14.800144 0.567468 3.86561 14.242585 -1.341738 -6.660665 19.631987 0.143927 -0.648248 50.005127 -0.515207 -6.552691 0.353031 -1.511153 -0.031939 20.222813 3.684313 2.316631 18.787292 5e-06 -4e-06 10.751637 -0.47987 1.397904 1e-06 1e-06 -1e-06 3.27381 0.305947 -0.580111 21.486834 11.830383 2.266131 8.162935 2e-06 -2e-06 18.399103 -3.798986 -4.940582 3e-06 -1e-06 0.0 -12.658467 3.565053 -23.371077 0.150272 0.313402 21.890131 4.170343 0.970337 -0.234124 1.62507 -2.085416 -1.729203 -0.0 -0.0 2e-06 -12.636497 -3.498036 -6.383294 0.113781 0.39146 67.684433 2.033904 2.602265 13.884701 -1.274863 0.90703 -5.455085 0.0 0.0 -1e-06 
0.0 0.0 0.0 0.0 -0.0 0.0 24.720016 97.536858 353.654572 7.683964 1.575153 1.137937 -4.062912 -0.302488 -0.086521 -1.589967 1.348802 -4.908289 -2.66975 -1.058791 9.759066 -1.793868 3.670751 4.64344 -0.761948 0.023805 -3.543823 0.856017 -0.966773 -12.882692 7.7e-05 -2.2e-05 6e-06 0.046194 0.14303 0.103852 0.717105 -3.620013 -10.526632 -0.637476 3.907565 -10.545382 -6.04285 -6.36138 12.541496 -68.084671 -7.907827 12.721221 -0.366779 -24.136606 0.103695 -1.130417 5.782748 -12.480175 -5.882111 9.861289 0.70259 -10.936878 -0.360574 7.15621 0.0 8.774828 -0.0 -16.509991 18.297726 5.942971 -1.844034 2.498505 -2.507278 -10.163608 4.678947 4.621111 -20.976038 -3e-06 2e-06 -21.226301 2.451699 -3.594002 1e-06 -5e-06 0.0 -1.362683 2.240798 -0.746324 -21.334929 0.584911 3.008325 -13.821222 -2e-06 2e-06 -23.887186 -0.249078 -0.839484 -60.890209 2.619981 -1.340782 -0.294026 1.679688 0.833257 -14.218219 0.093215 1.300581 -34.212074 -0.287563 0.96717 -20.033228 0.964538 1.212844 -0.0 -1e-06 -0.0 -3.440391 0.788234 0.501657 -15.928198 -3.16731 2.999708 -6.338831 -0.0 1e-06 -18.123459 3.648185 -4.905674 -3e-06 -0.0 -2e-06 15.593952 12.852236 16.319101 59.0812 18.18429 16.567522 0.074553 28.892128 0.075509 3.852766 -10.457442 -2.863139 2.243543 -5.255041 -3.180159 14.2829 -0.826598 6.952509 -1e-06 -12.690612 1e-06 16.55275 -17.39019 2.216697 1.665668 -1.955923 -2.8783 4.727803 -4.170591 4.993927 11.020535 2e-06 -1e-06 12.109059 -3.735718 -2.866784 0.0 -0.0 -0.0 1.291986 -1.92855 -1.498091 14.800139 0.567466 3.865609 14.24258 -1.341739 -6.660662 19.631977 0.143925 -0.648247 49.991222 -0.425272 -6.480592 0.35303 -1.511152 -0.031938 20.222805 3.684309 2.316631 18.787287 2e-06 -1e-06 10.751636 -0.479871 1.397906 -1e-06 -0.0 0.0 3.273809 0.305946 -0.580112 21.486828 11.830381 2.266133 8.162933 1e-06 -2e-06 18.399096 -3.79899 -4.940578 4e-06 -0.0 -2e-06 -12.222518 3.333536 -18.183699 0.105565 0.214285 18.788721 4.014992 0.949883 -1.468179 1.621448 -2.077394 -1.677552 0.0 -0.0 2e-06 -11.551834 -3.354975 -12.365811 0.1272 0.158269 72.115158 0.051463 0.690426 9.573304 -1.38092 0.933473 -4.979461 0.0 0.0 -1e-06 
0.0 0.0 0.0 0.0 -0.0 0.0 25.063801 98.49649 358.194458 6.876795 2.695402 0.642798 -4.001418 -0.529392 0.242005 -1.446869 0.690526 -4.769114 -2.010312 -1.803709 9.596398 -1.612626 3.677335 5.311918 -0.771712 -0.024706 -3.554668 0.708643 -0.729383 -12.646443 7.7e-05 -2.3e-05 6e-06 0.040528 0.117549 0.088734 0.719878 -3.64671 -10.558491 -0.649788 3.882392 -10.573222 -5.186159 -7.098217 12.378366 -67.220909 -10.315248 12.854415 -0.494083 -27.091944 0.140829 0.208307 5.141767 -12.428288 -5.882113 9.861295 0.702591 -10.936883 -0.360575 7.15621 0.0 8.774834 -1e-06 -16.288818 18.293003 5.968527 -1.844035 2.498508 -2.507279 -10.163611 4.678949 4.621111 -20.976049 -4e-06 -0.0 -21.226313 2.451698 -3.594005 -0.0 -6e-06 -0.0 -1.362684 2.2408 -0.746325 -21.33494 0.58491 3.008324 -13.82123 -3e-06 0.0 -23.887201 -0.24908 -0.839484 -60.777176 2.638818 -1.294971 -0.294025 1.679689 0.833257 -14.218225 0.093216 1.300579 -34.212086 -0.287566 0.967167 -20.033237 0.964536 1.212843 0.0 -1e-06 -1e-06 -3.440392 0.788235 0.501655 -15.928205 -3.167311 2.999709 -6.338833 0.0 2e-06 -18.12347 3.648185 -4.905678 -3e-06 1e-06 -2e-06 15.210225 11.737007 16.173609 60.702732 15.362471 15.897376 0.164623 27.124577 0.061681 3.763175 -10.997725 -3.096493 2.243543 -5.255039 -3.180158 14.282896 -0.826595 6.952507 -1e-06 -12.69061 -1e-06 16.553995 -17.377247 2.147362 1.665667 -1.955923 -2.878299 4.727801 -4.170589 4.993924 11.020529 2e-06 -2e-06 12.109057 -3.735717 -2.866784 0.0 -0.0 -0.0 1.291986 -1.92855 -1.498089 14.800134 0.567467 3.865608 14.242578 -1.341738 -6.660662 19.631969 0.143923 -0.648245 49.848961 -0.327517 -6.455772 0.353029 -1.511151 -0.03194 20.222801 3.684311 2.316631 18.787283 5e-06 -0.0 10.751631 -0.479868 1.397906 -0.0 1e-06 -2e-06 3.273808 0.305947 -0.580111 21.48682 11.83038 2.266132 8.16293 2e-06 -1e-06 18.399092 -3.798988 -4.940578 3e-06 -0.0 -1e-06 -11.281412 3.08918 -12.716206 0.033107 0.046344 15.257376 3.744125 0.557745 -2.428573 1.62362 -2.047327 -1.627986 0.0 -0.0 2e-06 -9.885292 -3.811023 -17.660898 0.132292 -0.029832 72.762962 -1.309043 -0.951695 6.384735 -1.419893 0.923997 -4.968686 -0.0 0.0 -1e-06 
0.0 0.0 0.0 0.0 -0.0 0.0 25.36405 99.169197 362.768219 5.947342 4.085657 0.282279 -3.878086 -0.735842 0.502497 -1.290888 0.01609 -4.638382 -1.339484 -2.644431 9.46334 -1.328019 3.597759 5.790569 -0.727844 -0.005979 -3.586576 0.596169 -0.55038 -12.306542 7.7e-05 -2.3e-05 6e-06 0.036084 0.08249 0.074775 0.723215 -3.680228 -10.595892 -0.660322 3.84514 -10.601949 -4.229899 -8.030756 12.134615 -65.910141 -12.412803 13.426845 -0.605964 -30.543043 0.20864 0.77426 4.627288 -12.318883 -5.882109 9.861288 0.70259 -10.936873 -0.360574 7.156206 0.0 8.774827 -0.0 -16.051762 18.33769 6.042639 -1.844033 2.498504 -2.507278 -10.163603 4.678947 4.621109 -20.976027 -3e-06 1e-06 -21.22629 2.451698 -3.594004 -0.0 -6e-06 1e-06 -1.362682 2.240799 -0.746323 -21.334921 0.584911 3.008322 -13.821218 -2e-06 1e-06 -23.887175 -0.249079 -0.839485 -60.65398 2.698675 -1.225521 -0.294025 1.679687 0.833257 -14.218212 0.093215 1.300579 -34.212063 -0.287564 0.967168 -20.033216 0.964536 1.212841 0.0 0.0 -1e-06 -3.440389 0.788234 0.501655 -15.928191 -3.16731 2.999705 -6.338829 0.0 1e-06 -18.123453 3.648185 -4.905673 -3e-06 0.0 -1e-06 15.070587 10.458667 15.995343 61.652874 12.249872 14.437408 0.26865 26.195925 0.081731 3.672487 -11.557125 -3.944794 2.243543 -5.255038 -3.180156 14.282892 -0.826597 6.952503 -1e-06 -12.690607 -1e-06 16.491482 -17.434744 2.186783 1.665667 -1.955922 -2.878301 4.727799 -4.170589 4.993925 11.020528 1e-06 -1e-06 12.109055 -3.735717 -2.866787 0.0 -1e-06 -1e-06 1.291986 -1.92855 -1.498089 14.800129 0.567466 3.865606 14.242574 -1.341739 -6.660661 19.631969 0.143926 -0.648249 49.709171 -0.270981 -6.460699 0.353029 -1.511151 -0.03194 20.222794 3.684308 2.31663 18.787273 1e-06 -1e-06 10.751629 -0.47987 1.397904 0.0 1e-06 -0.0 3.273807 0.305947 -0.580112 21.486813 11.830376 2.266133 8.162928 0.0 -2e-06 18.399088 -3.798988 -4.940577 3e-06 1e-06 -1e-06 -10.128932 2.84331 -7.360019 -0.004588 -0.100202 11.574312 3.424191 -0.152465 -3.288981 1.634371 -1.983317 -1.585922 0.0 -0.0 2e-06 -8.14385 -4.681365 -22.326082 0.07981 -0.186478 70.115471 -1.800572 -2.23806 3.859013 -1.436822 0.902594 -5.19865 0.0 -0.0 -2e-06 
0.0 0.0 0.0 0.0 -0.0 0.0 25.601032 99.505783 367.290344 5.1942 5.514866 0.186787 -3.805884 -0.85902 0.606445 -1.182528 -0.659356 -4.559778 -0.771362 -3.427927 9.421852 -0.951792 3.446733 5.985269 -0.683908 0.10536 -3.63381 0.563267 -0.514811 -12.024011 7.7e-05 -2.2e-05 6e-06 0.033644 0.041066 0.063714 0.719566 -3.714142 -10.606506 -0.660151 3.796608 -10.600883 -3.434108 -8.989727 11.841258 -64.044708 -14.354355 14.004042 -0.709559 -34.069988 0.315714 1.06131 4.223967 -12.094837 -5.882111 9.86129 0.702591 -10.93688 -0.360574 7.15621 1e-06 8.774831 1e-06 -15.808064 18.424999 6.186462 -1.844034 2.498505 -2.50728 -10.163607 4.678948 4.621112 -20.97604 -5e-06 1e-06 -21.226301 2.451695 -3.594002 1e-06 -7e-06 -1e-06 -1.362683 2.2408 -0.746324 -21.33493 0.584909 3.008323 -13.821227 -3e-06 0.0 -23.887186 -0.249081 -0.839485 -60.60009 2.793561 -1.14207 -0.294024 1.679687 0.833255 -14.218221 0.093214 1.30058 -34.212074 -0.287568 0.967168 -20.033232 0.964534 1.212843 0.0 -0.0 -1e-06 -3.440391 0.788232 0.501657 -15.928201 -3.167312 2.999707 -6.338831 0.0 0.0 -18.123459 3.648183 -4.905674 -4e-06 1e-06 -1e-06 15.303526 9.20867 15.868555 61.906055 9.129547 12.901661 0.27327 25.688246 0.06986 3.717999 -12.135467 -4.671614 2.243543 -5.25504 -3.180159 14.282904 -0.826595 6.952509 -3e-06 -12.690616 0.0 16.37425 -17.523735 2.311851 1.665668 -1.955922 -2.878301 4.727803 -4.170591 4.993926 11.020537 4e-06 -0.0 12.109063 -3.735718 -2.866786 0.0 0.0 -0.0 1.291987 -1.928551 -1.498091 14.800142 0.56747 3.865609 14.242585 -1.341736 -6.660661 19.631985 0.143928 -0.648245 49.596188 -0.262171 -6.494621 0.353029 -1.511152 -0.031939 20.222811 3.684314 2.316632 18.787289 6e-06 -1e-06 10.751637 -0.479869 1.397907 -2e-06 0.0 -1e-06 3.27381 0.305948 -0.580112 21.486839 11.830388 2.266135 8.162937 3e-06 -0.0 18.399103 -3.798987 -4.94058 2e-06 -0.0 -0.0 -9.03966 2.572346 -2.390058 -0.006296 -0.166933 7.938988 3.122795 -1.031452 -4.117844 1.651943 -1.907402 -1.556957 0.0 -0.0 2e-06 -6.658051 -5.640425 -26.362101 -0.02086 -0.270436 64.302101 -1.463314 -3.508819 1.842302 -1.444975 0.897398 -5.431961 0.0 -0.0 -4e-06 
0.0 0.0 0.0 0.0 -0.0 0.0 25.776598 99.506516 371.691742 4.777833 6.816772 0.349356 -3.852961 -0.904901 0.547462 -1.130173 -1.316449 -4.523033 -0.392813 -4.016891 9.484967 -0.454945 3.239836 5.921195 -0.736564 0.199988 -3.666115 0.586546 -0.60261 -11.937545 7.7e-05 -2.2e-05 6e-06 0.031978 0.012751 0.059745 0.704867 -3.734327 -10.591513 -0.648027 3.76182 -10.577855 -2.738046 -9.872151 11.55836 -61.981091 -16.18576 14.159333 -0.782869 -37.445339 0.446403 1.467296 4.007769 -11.761829 -5.88211 9.861292 0.702591 -10.936875 -0.360573 7.156209 -0.0 8.77483 -1e-06 -15.546293 18.53826 6.384099 -1.844033 2.498504 -2.507278 -10.163604 4.678947 4.621111 -20.97603 -1e-06 1e-06 -21.226295 2.451699 -3.594003 1e-06 -6e-06 -1e-06 -1.362682 2.240799 -0.746323 -21.334925 0.584914 3.008326 -13.82122 -1e-06 1e-06 -23.887182 -0.249075 -0.839484 -60.597527 2.907048 -1.084622 -0.294024 1.679689 0.833256 -14.218215 0.093216 1.300583 -34.212067 -0.287561 0.967171 -20.033222 0.964539 1.212845 -0.0 0.0 1e-06 -3.44039 0.788234 0.501655 -15.928192 -3.167307 2.99971 -6.338829 -2e-06 2e-06 -18.123455 3.648186 -4.905675 -3e-06 2e-06 -2e-06 15.695998 8.079378 15.812922 61.852383 6.279584 11.687124 0.165275 25.275784 0.036131 3.927272 -12.753318 -5.197559 2.243541 -5.255036 -3.180156 14.282887 -0.826596 6.952502 -2e-06 -12.690603 -0.0 16.224882 -17.582481 2.4548 1.665666 -1.955921 -2.878298 4.727798 -4.170587 4.993923 11.020524 2e-06 -1e-06 12.109052 -3.735718 -2.866782 -0.0 -0.0 -0.0 1.291985 -1.928549 -1.498088 14.800125 0.567467 3.865608 14.242568 -1.341738 -6.660656 19.631968 0.143924 -0.648244 49.498554 -0.253184 -6.533719 0.353029 -1.51115 -0.031939 20.222786 3.684307 2.316632 18.78727 3e-06 -1e-06 10.751625 -0.47987 1.397905 -2e-06 0.0 -1e-06 3.273806 0.305947 -0.58011 21.486809 11.830372 2.266134 8.162928 1e-06 -1e-06 18.39908 -3.798987 -4.940576 1e-06 0.0 -1e-06 -8.208136 2.284723 1.933663 -0.006716 -0.158167 4.785186 2.875878 -1.94044 -4.949094 1.668973 -1.864321 -1.567883 0.0 -0.0 2e-06 -5.550613 -6.501429 -29.43523 -0.083181 -0.197489 55.258656 -0.744701 -5.267967 0.536173 -1.442732 0.918087 -5.536748 -0.0 0.0 -2e-06 
0.0 0.0 0.0 0.0 -0.0 0.0 25.932301 99.183411 376.02417 4.716401 7.912738 0.667183 -4.00278 -0.971432 0.393281 -1.0991 -1.904136 -4.519301 -0.28193 -4.346269 9.615586 0.095767 2.972818 5.695647 -0.842219 0.174079 -3.66367 0.615591 -0.659296 -12.027884 7.7e-05 -2.2e-05 6e-06 0.023625 -0.001677 0.067176 0.683774 -3.746072 -10.570785 -0.643355 3.745805 -10.561589 -2.039893 -10.642124 11.411946 -60.089046 -17.837343 13.761092 -0.724069 -40.664455 0.515008 2.020681 3.903098 -11.353775 -5.882112 9.861295 0.702591 -10.936878 -0.360574 7.156209 0.0 8.774833 0.0 -15.388676 18.632845 6.512964 -1.844033 2.498505 -2.50728 -10.163606 4.678948 4.621109 -20.976038 -1e-06 -1e-06 -21.226301 2.451699 -3.594004 1e-06 -7e-06 -1e-06 -1.362682 2.240798 -0.746324 -21.334929 0.584909 3.008325 -13.821223 -2e-06 0.0 -23.887186 -0.249079 -0.839486 -60.619038 2.985109 -1.077353 -0.294025 1.679688 0.833256 -14.21822 0.093217 1.300579 -34.212074 -0.287562 0.967166 -20.03323 0.964534 1.212841 1e-06 -0.0 1e-06 -3.440391 0.788237 0.501657 -15.9282 -3.16731 2.999708 -6.33883 -1e-06 -1e-06 -18.123459 3.648185 -4.905678 -4e-06 1e-06 -1e-06 15.938169 7.089158 15.777044 61.935993 3.795599 10.823866 0.019267 24.874163 0.006942 4.311921 -13.381903 -5.470913 2.243542 -5.255039 -3.180159 14.2829 -0.826595 6.952505 -3e-06 -12.69061 -1e-06 16.068602 -17.599087 2.559959 1.665666 -1.955922 -2.878299 4.727801 -4.17059 4.993924 11.020531 3e-06 -2e-06 12.109058 -3.735718 -2.866784 -0.0 -0.0 0.0 1.291986 -1.92855 -1.49809 14.800138 0.567469 3.865608 14.24258 -1.341737 -6.660659 19.631983 0.143924 -0.648243 49.412239 -0.245275 -6.578429 0.353029 -1.511151 -0.031941 20.222803 3.684312 2.316631 18.787287 4e-06 -1e-06 10.751635 -0.47987 1.397907 -1e-06 -1e-06 -0.0 3.273809 0.305947 -0.58011 21.486828 11.830381 2.266135 8.16293 2e-06 -2e-06 18.399094 -3.798987 -4.940578 3e-06 0.0 -1e-06 -7.698756 2.001364 5.474778 -0.030141 -0.098089 2.743508 2.718076 -2.798484 -6.13546 1.676891 -1.882663 -1.648163 0.0 -0.0 2e-06 -4.898599 -7.296175 -31.075489 -0.039553 -0.033085 43.140621 -0.303955 -7.15756 0.838529 -1.44323 0.980721 -5.632045 -0.0 -0.0 -1e-06 
0.0 0.0 0.0 0.0 -0.0 0.0 26.086432 98.587822 380.366058 4.928557 8.82346 1.013227 -4.207627 -1.046691 0.242092 -1.070879 -2.315363 -4.597573 -0.398803 -4.544635 9.818342 0.580457 2.676876 5.346253 -0.897776 0.115593 -3.62472 0.613803 -0.729001 -12.1995 7.7e-05 -2.3e-05 6e-06 0.009012 -0.004432 0.082539 0.676589 -3.75127 -10.581236 -0.665339 3.745833 -10.589333 -1.361294 -11.282752 11.463326 -58.577766 -19.185061 12.891487 -0.518939 -43.880623 0.430932 2.624784 3.748899 -10.948835 -5.88211 9.861294 0.70259 -10.936878 -0.360575 7.156209 -0.0 8.774833 0.0 -15.354079 18.71298 6.545287 -1.844034 2.498506 -2.50728 -10.163606 4.678949 4.62111 -20.97604 -5e-06 -1e-06 -21.226303 2.451697 -3.594005 1e-06 -7e-06 -1e-06 -1.362683 2.240799 -0.746324 -21.334929 0.58491 3.008322 -13.821224 -3e-06 -2e-06 -23.887188 -0.249081 -0.839487 -60.715443 2.982536 -1.143535 -0.294025 1.67969 0.833258 -14.218218 0.093217 1.300578 -34.212074 -0.287566 0.967162 -20.033228 0.964534 1.21284 -1e-06 -1e-06 -1e-06 -3.440392 0.788237 0.501655 -15.928196 -3.167312 2.999707 -6.338829 -3e-06 0.0 -18.123457 3.648186 -4.905678 -3e-06 0.0 -3e-06 15.835277 6.1975 15.761075 62.325825 1.662175 10.238219 -0.104706 24.572098 0.01516 5.027237 -13.87496 -5.526483 2.243543 -5.255041 -3.180159 14.282904 -0.826595 6.952508 -2e-06 -12.690617 -1e-06 15.891323 -17.674353 2.705151 1.665668 -1.955922 -2.8783 4.727804 -4.170592 4.993927 11.020536 3e-06 -1e-06 12.109062 -3.73572 -2.866785 0.0 -0.0 -0.0 1.291987 -1.928552 -1.49809 14.800139 0.567469 3.86561 14.242583 -1.341738 -6.660661 19.631985 0.143925 -0.648244 49.53949 -0.325607 -6.574198 0.35303 -1.511152 -0.031939 20.222811 3.684313 2.316633 18.787292 5e-06 -1e-06 10.751637 -0.479867 1.397907 1e-06 -1e-06 0.0 3.27381 0.305947 -0.580111 21.486832 11.830385 2.266137 8.162935 2e-06 -1e-06 18.399099 -3.798988 -4.940581 4e-06 0.0 -1e-06 -7.392937 1.827218 8.460642 -0.044386 -0.003027 1.933541 2.570137 -3.579215 -7.762464 1.679872 -1.934314 -1.867728 0.0 -0.0 2e-06 -4.604408 -8.182259 -31.124254 0.05065 0.012301 28.237171 0.26317 -7.913811 2.429462 -1.431361 1.099663 -5.661877 0.0 -0.0 -1e-06 
0.0 0.0 0.0 0.0 -0.0 0.0 26.230473 97.745117 384.802307 5.40537 9.586757 1.402245 -4.468304 -1.033587 0.059027 -1.119143 -2.556267 -4.743252 -0.673064 -4.80864 10.027967 1.080169 2.439112 4.954924 -0.901888 0.016514 -3.608898 0.55654 -0.957348 -12.284228 7.7e-05 -2.3e-05 6e-06 0.006036 0.043919 0.085759 0.696063 -3.702195 -10.615472 -0.690789 3.795008 -10.638947 -0.749574 -11.745731 11.462459 -57.520939 -19.869333 12.032944 -0.115711 -47.287682 0.143064 2.914251 3.666518 -10.76649 -5.882107 9.861286 0.702591 -10.936872 -0.360574 7.156207 1e-06 8.774826 2e-06 -15.355269 18.814606 6.636191 -1.844032 2.498505 -2.50728 -10.163602 4.678946 4.621111 -20.976027 -4e-06 2e-06 -21.22629 2.451696 -3.594003 1e-06 -7e-06 -2e-06 -1.362681 2.240798 -0.746323 -21.334919 0.584909 3.008323 -13.821217 -3e-06 1e-06 -23.887175 -0.249079 -0.839481 -60.835102 2.920606 -1.28708 -0.294024 1.679687 0.833257 -14.218208 0.093214 1.30058 -34.212051 -0.287561 0.967171 -20.033216 0.964541 1.212845 -0.0 -1e-06 1e-06 -3.440388 0.788233 0.501656 -15.928189 -3.167308 2.999709 -6.338828 -2e-06 1e-06 -18.123447 3.648182 -4.905671 -4e-06 -0.0 -2e-06 15.578516 5.409743 15.729862 62.754673 -0.335513 10.01932 -0.093062 24.546701 0.069002 6.019204 -14.093154 -4.859841 2.243541 -5.255037 -3.180159 14.282892 -0.826595 6.952504 -2e-06 -12.690609 2e-06 15.722952 -17.72666 2.901572 1.665666 -1.955921 -2.878299 4.727799 -4.170589 4.993926 11.020528 4e-06 -3e-06 12.109056 -3.735717 -2.866786 -0.0 0.0 -0.0 1.291986 -1.92855 -1.498088 14.800131 0.567467 3.865608 14.242576 -1.341737 -6.66066 19.631969 0.143924 -0.648246 49.922165 -0.482469 -6.499634 0.353029 -1.51115 -0.031941 20.222792 3.68431 2.316629 18.787275 4e-06 -2e-06 10.751631 -0.479869 1.397907 1e-06 -0.0 -0.0 3.273808 0.305947 -0.580111 21.486816 11.830377 2.266133 8.16293 2e-06 -1e-06 18.399088 -3.798988 -4.940577 4e-06 -1e-06 -1e-06 -7.145824 2.180071 11.284452 -0.025331 -0.00097 1.713751 2.554309 -4.954687 -9.502282 1.696361 -1.947596 -2.401235 0.0 -0.0 2e-06 -4.443981 -9.106877 -30.535515 0.190416 -0.08239 13.265857 1.737027 -7.863149 3.117218 -1.344121 1.178375 -5.742189 -0.0 -0.0 -0.0 
0.0 0.0 0.0 0.0 -0.0 0.0 26.314762 96.803246 389.420227 5.68139 10.037019 1.932877 -4.480027 -0.963454 -0.298425 -1.15529 -2.672584 -4.9124 -0.952124 -4.97187 10.262332 1.556876 2.184119 4.371034 -0.922826 -0.083333 -3.646112 0.446914 -1.16763 -12.102097 7.7e-05 -2.3e-05 6e-06 0.016559 0.044609 0.060974 0.700751 -3.703903 -10.637243 -0.674354 3.801631 -10.673667 -0.761254 -11.982618 11.114845 -56.378609 -19.731293 11.180435 0.026903 -50.814899 0.091365 2.926855 3.629581 -10.7375 -5.882109 9.861288 0.702592 -10.936876 -0.360575 7.156207 1e-06 8.774827 1e-06 -15.447069 18.799639 6.569352 -1.844035 2.498507 -2.507278 -10.163605 4.678946 4.621111 -20.976034 -4e-06 1e-06 -21.226299 2.451696 -3.594002 1e-06 -7e-06 -1e-06 -1.362682 2.240799 -0.746322 -21.334927 0.58491 3.008324 -13.82122 -4e-06 1e-06 -23.887182 -0.249079 -0.839484 -60.914223 2.852078 -1.448962 -0.294025 1.679688 0.833258 -14.218214 0.093216 1.30058 -34.21207 -0.287565 0.967171 -20.033222 0.964536 1.212844 -1e-06 -1e-06 -0.0 -3.440391 0.788236 0.501656 -15.928194 -3.167311 2.999707 -6.338829 -1e-06 0.0 -18.123457 3.648182 -4.905674 -4e-06 1e-06 -2e-06 15.82329 4.769611 15.604814 62.54726 -2.320291 10.281088 -0.239443 24.850094 0.072478 7.293634 -14.373191 -3.902626 2.243541 -5.255036 -3.180157 14.282887 -0.826595 6.952504 -1e-06 -12.690604 -0.0 15.566804 -17.689808 3.035084 1.665665 -1.955921 -2.878298 4.727797 -4.170586 4.993923 11.02052 2e-06 -1e-06 12.109048 -3.735714 -2.866783 -1e-06 -1e-06 -0.0 1.291985 -1.928549 -1.498088 14.800123 0.567467 3.865608 14.242566 -1.341738 -6.660657 19.631958 0.143924 -0.648244 49.778992 -0.602484 -6.54608 0.353029 -1.511151 -0.031939 20.222784 3.684309 2.316631 18.787266 4e-06 -1e-06 10.751624 -0.479869 1.397907 0.0 -1e-06 0.0 3.273806 0.305947 -0.580112 21.486809 11.830373 2.266135 8.162924 1e-06 -0.0 18.399076 -3.798985 -4.940573 4e-06 0.0 -1e-06 -6.452644 2.859138 13.973389 -0.027817 -0.012387 1.599058 2.551703 -6.678336 -10.82996 1.756788 -1.810074 -3.055483 0.0 -0.0 2e-06 -3.942188 -9.390606 -31.255705 0.171121 -0.043803 2.958486 3.195533 -8.307507 2.092575 -1.241508 1.213143 -5.514434 0.0 0.0 -1e-06 
0.0 0.0 0.0 0.0 -0.0 0.0 26.324411 95.84153 394.071136 5.926592 10.227388 2.15157 -4.472254 -0.954027 -0.455326 -1.193136 -2.873232 -4.963486 -1.135463 -4.936139 10.49033 1.952563 1.978419 3.785582 -0.875035 0.164384 -3.62024 0.203657 -1.204513 -12.341899 7.7e-05 -2.3e-05 6e-06 0.019216 0.007463 0.051453 0.690385 -3.742623 -10.650806 -0.657489 3.767321 -10.668404 -1.021753 -12.025315 11.063903 -55.622528 -19.262726 9.812282 -0.470731 -53.723892 0.309805 3.057714 3.399911 -10.424961 -5.882108 9.861287 0.702588 -10.936872 -0.360572 7.156205 -1e-06 8.774825 1e-06 -15.54179 18.688074 6.495546 -1.844033 2.498505 -2.507277 -10.163601 4.678948 4.621106 -20.976023 -1e-06 -0.0 -21.22629 2.451698 -3.594004 0.0 -7e-06 0.0 -1.362683 2.240801 -0.746324 -21.334917 0.584911 3.00832 -13.821213 -1e-06 -2e-06 -23.887173 -0.24908 -0.839487 -61.072021 2.788794 -1.234197 -0.294026 1.679687 0.833256 -14.218209 0.093218 1.30058 -34.212051 -0.287563 0.967165 -20.033215 0.964535 1.212841 -1e-06 -2e-06 -0.0 -3.440388 0.788233 0.501655 -15.928185 -3.167307 2.999704 -6.338828 1e-06 -1e-06 -18.123453 3.648183 -4.905675 -4e-06 -1e-06 -1e-06 15.873716 4.384484 15.69865 62.531525 -3.446425 10.326337 -0.350287 24.901068 0.00324 8.210086 -14.714032 -3.09514 2.243543 -5.255041 -3.18016 14.2829 -0.826598 6.952508 -1e-06 -12.690616 -1e-06 15.556521 -17.538349 3.011033 1.665668 -1.955924 -2.878303 4.727803 -4.170593 4.993929 11.020535 2e-06 -1e-06 12.10906 -3.73572 -2.866788 -0.0 -0.0 -1e-06 1.291986 -1.92855 -1.49809 14.80014 0.567467 3.865611 14.242584 -1.341738 -6.660665 19.631983 0.143924 -0.648247 49.618931 -0.449684 -6.626065 0.353029 -1.511152 -0.031939 20.222803 3.684311 2.31663 18.787289 4e-06 -2e-06 10.751637 -0.479871 1.397906 -1e-06 -0.0 -0.0 3.273809 0.305947 -0.580112 21.486828 11.830385 2.266134 8.162935 1e-06 -1e-06 18.399099 -3.798991 -4.940581 3e-06 -0.0 -1e-06 -5.615603 3.559326 16.768614 -0.07381 -0.11546 1.896452 2.157685 -8.124158 -11.13582 1.7954 -1.755213 -4.453533 0.0 -0.0 2e-06 -3.61903 -9.209733 -33.305382 0.104109 0.116284 0.955245 4.144165 -8.678708 -0.602384 -1.239509 1.153305 -5.504507 -0.0 0.0 -2e-06 
0.0 0.0 0.0 0.0 -0.0 0.0 26.277834 94.92099 398.986694 5.999124 10.584004 2.157043 -4.377591 -0.988321 -0.57593 -1.174561 -3.158137 -4.98078 -1.188549 -4.947142 10.605678 2.204778 1.815056 3.328866 -0.919805 0.29171 -3.55459 0.120741 -1.327098 -12.730762 7.7e-05 -2.2e-05 6e-06 0.013345 -0.000359 0.066608 0.697634 -3.752598 -10.628217 -0.675407 3.759364 -10.627238 -0.947998 -12.170909 11.447092 -55.968647 -18.592915 8.90235 -0.803954 -55.436153 0.399496 3.448843 2.972075 -10.368972 -5.88211 9.861291 0.702588 -10.936873 -0.360575 7.156202 -2e-06 8.77483 -2e-06 -15.671497 18.548355 6.439344 -1.844034 2.498507 -2.507277 -10.163603 4.678948 4.621106 -20.976034 -2e-06 -2e-06 -21.226297 2.4517 -3.594007 0.0 -6e-06 -1e-06 -1.362683 2.240798 -0.746324 -21.334917 0.584912 3.00832 -13.821215 0.0 -0.0 -23.887178 -0.249077 -0.83949 -61.193989 2.7542 -1.102209 -0.294024 1.679687 0.833254 -14.218212 0.093217 1.300578 -34.212059 -0.287561 0.967162 -20.033218 0.964538 1.212839 -1e-06 -2e-06 0.0 -3.440389 0.788233 0.501656 -15.928189 -3.167307 2.999706 -6.338829 1e-06 0.0 -18.123453 3.648186 -4.905675 -4e-06 0.0 -3e-06 15.444233 4.016873 15.967029 63.014423 -3.897745 10.276253 -0.497346 24.584402 -0.060108 8.716079 -15.014332 -2.784679 2.243541 -5.255038 -3.180157 14.282894 -0.826596 6.952503 -1e-06 -12.690609 -3e-06 15.643766 -17.530754 2.942241 1.665666 -1.955922 -2.8783 4.7278 -4.17059 4.993925 11.020528 1e-06 -2e-06 12.109056 -3.735718 -2.866784 0.0 -0.0 -0.0 1.291985 -1.92855 -1.498089 14.800129 0.567469 3.865609 14.242573 -1.341737 -6.660659 19.631969 0.143924 -0.648244 49.682487 -0.299391 -6.55893 0.353029 -1.511151 -0.031941 20.222795 3.684311 2.316632 18.787273 3e-06 -0.0 10.751631 -0.479869 1.397907 -1e-06 0.0 -1e-06 3.273807 0.305946 -0.580111 21.486816 11.83038 2.266137 8.162929 1e-06 0.0 18.399084 -3.798986 -4.940577 3e-06 0.0 -1e-06 -4.382244 4.242504 19.06741 -0.014921 -0.391238 3.648691 1.907341 -9.687386 -10.558294 1.840017 -1.803962 -7.220813 -0.0 -0.0 2e-06 -3.919583 -8.448125 -33.685066 0.112421 0.145958 2.905447 2.769286 -8.860018 -1.456053 -1.289017 1.147099 -5.863785 0.0 0.0 -1e-06 
0.0 0.0 0.0 0.0 -0.0 0.0 26.125896 94.252472 404.13385 4.646099 11.065416 2.498099 -3.251601 -0.873591 -1.223359 -1.025906 -3.463649 -5.197488 -0.86197 -5.140198 10.674866 2.157606 1.885057 2.821083 -0.973749 -0.006142 -3.557276 0.115578 -1.463905 -12.29646 7.7e-05 -2.2e-05 6e-06 0.004161 -0.026026 0.08307 0.692019 -3.769986 -10.571564 -0.686959 3.724533 -10.563653 -1.766547 -12.168079 11.729142 -56.204727 -17.300722 8.878878 -0.834018 -56.093754 0.403439 3.485785 2.786261 -10.511227 -5.882108 9.861287 0.70259 -10.936872 -0.360574 7.156204 -2e-06 8.774828 0.0 -15.683247 18.551842 6.439264 -1.844032 2.498505 -2.507279 -10.163599 4.678948 4.621107 -20.976028 -2e-06 -1e-06 -21.22629 2.451697 -3.594006 0.0 -7e-06 -1e-06 -1.362682 2.240796 -0.746323 -21.334915 0.584911 3.008321 -13.821213 -3e-06 -0.0 -23.887171 -0.249078 -0.839487 -60.972588 2.650827 -1.087917 -0.294025 1.679688 0.833257 -14.218208 0.093216 1.300579 -34.212051 -0.287564 0.967166 -20.033213 0.964535 1.212843 -1e-06 -2e-06 -0.0 -3.440389 0.788235 0.501655 -15.928187 -3.167309 2.999705 -6.338827 -1e-06 -0.0 -18.123449 3.648184 -4.905674 -3e-06 0.0 -3e-06 15.814104 3.688637 15.826515 62.648266 -4.549727 10.14921 -0.564 24.357521 -0.059365 8.898506 -15.401126 -2.981571 2.243542 -5.255039 -3.180158 14.282896 -0.826595 6.952506 -2e-06 -12.690609 -1e-06 15.631638 -17.634914 2.926885 1.665666 -1.955923 -2.878298 4.727799 -4.170589 4.993925 11.020528 2e-06 0.0 12.109053 -3.735718 -2.866783 -0.0 -0.0 -1e-06 1.291986 -1.92855 -1.498089 14.800132 0.567469 3.865609 14.242576 -1.341738 -6.660658 19.631973 0.143926 -0.648244 49.82795 -0.267402 -6.52838 0.353029 -1.511151 -0.03194 20.222797 3.68431 2.316633 18.787283 4e-06 -0.0 10.751633 -0.479869 1.397906 0.0 1e-06 0.0 3.273807 0.305948 -0.580111 21.486818 11.83038 2.266137 8.16293 1e-06 -0.0 18.399092 -3.798987 -4.940577 3e-06 -0.0 -1e-06 -1.073818 5.483718 19.410995 0.054404 -0.780836 8.133056 1.807074 -11.924412 -9.171014 1.914347 -1.817576 -11.885433 0.0 0.0 2e-06 -3.220352 -6.246727 -34.011387 0.091537 0.058459 7.712124 -0.837676 -8.916407 0.759103 -1.342578 1.199698 -6.664589 0.0 -0.0 -1e-06 
0.0 0.0 0.0 0.0 -0.0 0.0 25.867123 93.910385 409.388977 1.63587 11.23947 3.042109 -1.100961 -0.879961 -2.266147 -0.75692 -3.367104 -5.642799 0.238238 -5.56139 10.714684 1.659517 2.22804 2.304978 -1.027701 -0.138034 -3.648606 -0.039878 -1.738473 -11.299116 7.7e-05 -2.3e-05 6e-06 -0.012907 -0.096179 0.021865 0.677788 -3.840063 -10.608967 -0.702249 3.654816 -10.618554 -3.965733 -11.648311 11.737743 -56.098312 -15.205164 9.19546 -0.870393 -55.788654 0.397331 3.218303 2.686554 -10.470472 -5.882113 9.861297 0.70259 -10.936878 -0.360574 7.156208 -4e-06 8.774835 -2e-06 -15.681138 18.488363 6.406377 -1.844034 2.498507 -2.507279 -10.16361 4.678952 4.62111 -20.97604 3e-06 -1e-06 -21.226307 2.451701 -3.594008 1e-06 -5e-06 -1e-06 -1.362683 2.240798 -0.746323 -21.33493 0.584916 3.00832 -13.821227 0.0 -0.0 -23.887196 -0.249076 -0.839491 -60.635895 2.567013 -1.100042 -0.294025 1.67969 0.833257 -14.218221 0.093216 1.300581 -34.212078 -0.287559 0.967162 -20.033232 0.964541 1.21284 0.0 0.0 1e-06 -3.440391 0.788235 0.501655 -15.928201 -3.16731 2.99971 -6.338832 2e-06 1e-06 -18.123465 3.648189 -4.905678 -4e-06 1e-06 -1e-06 17.030785 3.691927 15.471064 61.257896 -5.106065 9.566724 -0.537354 23.933777 -0.025606 8.720552 -15.792269 -2.832423 2.243543 -5.255041 -3.18016 14.282895 -0.826595 6.952503 -1e-06 -12.690611 -0.0 15.587083 -17.741453 2.984701 1.665667 -1.955922 -2.8783 4.727801 -4.17059 4.993925 11.020531 2e-06 -2e-06 12.109058 -3.73572 -2.866786 1e-06 -0.0 1e-06 1.291986 -1.928551 -1.498089 14.800132 0.567466 3.865608 14.242576 -1.34174 -6.660661 19.631969 0.143926 -0.648246 49.99786 -0.26732 -6.591434 0.353029 -1.511151 -0.03194 20.222799 3.684309 2.316631 18.787281 3e-06 -2e-06 10.751633 -0.479868 1.397905 0.0 0.0 1e-06 3.273808 0.305946 -0.580109 21.486816 11.830379 2.266134 8.162928 1e-06 -1e-06 18.399088 -3.798988 -4.940579 3e-06 -0.0 -1e-06 4.520812 7.668733 18.017979 0.055342 -1.090202 14.912243 1.93985 -15.222766 -6.537645 2.031832 -1.66219 -19.270861 0.0 -0.0 3e-06 -0.649902 -2.981409 -36.004787 0.007354 0.011756 14.401934 -3.700723 -9.515293 7.076576 -1.369673 1.221053 -6.07359 0.0 0.0 -1e-06 
0.0 0.0 0.0 0.0 -0.0 0.0 25.602139 93.776886 414.776337 -0.553664 10.854764 2.832175 0.158893 -0.89351 -2.686155 -0.404151 -3.538081 -5.801711 1.447565 -5.562225 10.561013 1.074779 2.504037 2.094215 -1.087613 0.120366 -3.705878 -0.16777 -1.536306 -11.121567 7.7e-05 -2.3e-05 6e-06 -0.020899 -0.123929 -0.013811 0.7129 -3.871619 -10.686783 -0.751818 3.631885 -10.70235 -4.686335 -11.027379 12.003505 -58.250633 -13.034805 9.543237 -0.571908 -53.94128 0.288334 2.974557 2.525708 -10.447365 -5.882112 9.861292 0.702591 -10.936878 -0.360575 7.156206 1e-06 8.77483 0.0 -15.822859 18.28513 6.269389 -1.844035 2.498507 -2.50728 -10.163606 4.678948 4.621109 -20.976044 -5e-06 -3e-06 -21.226305 2.451694 -3.594005 1e-06 -6e-06 -1e-06 -1.362683 2.2408 -0.746323 -21.334929 0.584909 3.00832 -13.821223 -4e-06 -1e-06 -23.887188 -0.249085 -0.83949 -60.502979 2.476022 -0.983875 -0.294024 1.679687 0.833256 -14.218219 0.093216 1.300578 -34.212074 -0.287568 0.967164 -20.033226 0.964534 1.21284 1e-06 -1e-06 -0.0 -3.440391 0.788233 0.501654 -15.9282 -3.167312 2.999705 -6.338831 -0.0 -1e-06 -18.123465 3.64818 -4.905678 -4e-06 1e-06 -2e-06 16.959499 4.188485 15.569468 61.010487 -4.374428 9.493504 -0.564864 23.090265 -0.037324 8.115633 -16.007393 -3.215008 2.243542 -5.255039 -3.180159 14.282902 -0.826596 6.95251 -2e-06 -12.690612 -1e-06 15.668364 -17.781757 2.876339 1.665666 -1.955922 -2.8783 4.727802 -4.17059 4.993927 11.020533 3e-06 -0.0 12.10906 -3.735719 -2.866785 0.0 -0.0 1e-06 1.291986 -1.92855 -1.498092 14.80014 0.56747 3.865612 14.24258 -1.341737 -6.660661 19.631979 0.143926 -0.648244 49.953556 -0.230231 -6.655737 0.353029 -1.511151 -0.03194 20.222803 3.684313 2.316634 18.787287 4e-06 2e-06 10.751636 -0.47987 1.397908 0.0 -0.0 0.0 3.273809 0.305948 -0.580111 21.48683 11.830384 2.266139 8.162935 2e-06 1e-06 18.399096 -3.798988 -4.940577 3e-06 -0.0 -1e-06 8.53705 8.688845 16.253508 -0.021887 -1.224006 23.469526 2.285596 -16.455078 -0.670317 2.143737 -1.507511 -27.262238 0.0 -0.0 2e-06 1.766511 -1.23229 -36.978367 -0.04805 0.002639 21.63245 -3.380213 -9.910633 8.639594 -1.379724 1.218853 -4.277202 -0.0 0.0 -1e-06 
0.0 0.0 0.0 0.0 -0.0 0.0 25.436884 94.050873 420.089874 -1.867271 9.946688 2.042964 0.902649 -0.796509 -2.441251 -0.104583 -3.462576 -5.709046 2.178229 -5.352422 10.193553 0.659935 2.731855 2.213153 -0.957405 0.070613 -3.651322 -0.216496 -1.355308 -11.288774 7.7e-05 -2.3e-05 6e-06 -0.005806 -0.035942 -0.002539 0.745753 -3.763219 -10.661096 -0.755707 3.697953 -10.665627 -3.891127 -10.541347 12.471357 -62.003113 -11.160069 10.403143 0.17183 -50.482849 -0.201497 2.526034 2.534967 -11.532966 -5.882115 9.861301 0.702591 -10.936887 -0.360576 7.156212 3e-06 8.774838 1e-06 -15.695331 18.244549 6.20102 -1.844036 2.498509 -2.507282 -10.163614 4.678952 4.621114 -20.976057 -7e-06 -3e-06 -21.226322 2.451694 -3.594007 2e-06 -6e-06 -0.0 -1.362684 2.240801 -0.746324 -21.334948 0.584909 3.008322 -13.821237 -3e-06 -1e-06 -23.887209 -0.249086 -0.839488 -60.200954 2.545895 -1.172495 -0.294026 1.679691 0.833258 -14.218231 0.093211 1.300577 -34.212105 -0.287574 0.967163 -20.033245 0.964533 1.212845 -1e-06 1e-06 0.0 -3.440393 0.788233 0.501654 -15.928209 -3.167317 2.999707 -6.338837 -1e-06 -3e-06 -18.123476 3.648183 -4.905682 -3e-06 2e-06 -2e-06 16.044636 4.881268 16.010567 61.735435 -2.637841 9.436801 -0.391019 22.635126 0.115559 7.48526 -16.036934 -4.017192 2.243543 -5.25504 -3.180159 14.282909 -0.826595 6.95251 -3e-06 -12.69061 -0.0 15.701077 -17.859514 2.831964 1.665668 -1.955923 -2.878301 4.727805 -4.170589 4.993928 11.020538 3e-06 2e-06 12.109064 -3.735717 -2.866784 0.0 -0.0 -0.0 1.291986 -1.92855 -1.49809 14.800149 0.567468 3.865613 14.242586 -1.341738 -6.660659 19.63199 0.143923 -0.648242 49.721111 -0.2213 -6.710728 0.353029 -1.511151 -0.031939 20.222818 3.684313 2.316636 18.787296 4e-06 3e-06 10.751641 -0.47987 1.397909 1e-06 0.0 1e-06 3.27381 0.305946 -0.58011 21.486843 11.830381 2.26614 8.16294 2e-06 0.0 18.399103 -3.798987 -4.940577 4e-06 -1e-06 -1e-06 10.898767 9.064956 13.237687 -0.090339 -1.265218 34.328213 2.171963 -16.607195 8.344633 2.192334 -1.375551 -30.597677 -0.0 0.0 2e-06 3.796202 -0.65789 -35.671146 -0.013376 -0.160903 26.775274 -3.027506 -9.142166 6.576725 -1.369416 1.227014 -2.295835 -0.0 0.0 -1e-06 
0.0 0.0 0.0 0.0 -0.0 0.0 25.278675 94.460091 425.213379 -2.926613 9.324327 1.26063 1.521088 -0.676428 -1.961635 0.074436 -3.155653 -5.506148 2.735289 -5.284601 9.852375 0.463901 2.669584 2.179221 -0.782709 0.099126 -3.595464 -0.329573 -0.841133 -11.552426 7.7e-05 -2.2e-05 6e-06 0.004205 0.013917 0.000562 0.758985 -3.72182 -10.663494 -0.75008 3.752109 -10.654789 -3.117785 -10.184546 12.599019 -65.101913 -9.515913 11.802406 0.47467 -46.188412 -0.467186 1.442154 2.776813 -11.796376 -5.882112 9.861296 0.702591 -10.936879 -0.360575 7.156211 -1e-06 8.774834 -2e-06 -15.666389 18.079271 6.169333 -1.844034 2.498507 -2.507279 -10.163607 4.67895 4.621113 -20.976038 -0.0 1e-06 -21.226303 2.451702 -3.594005 2e-06 -7e-06 0.0 -1.362683 2.240801 -0.746323 -21.334929 0.584912 3.008327 -13.821225 -1e-06 1e-06 -23.887192 -0.249077 -0.839484 -60.147835 2.499114 -1.206649 -0.294025 1.679691 0.833256 -14.218218 0.093216 1.300582 -34.21207 -0.287557 0.967171 -20.033226 0.96454 1.212842 1e-06 -0.0 1e-06 -3.440391 0.788236 0.501658 -15.9282 -3.16731 2.99971 -6.338832 1e-06 1e-06 -18.123459 3.648187 -4.905674 -3e-06 1e-06 -2e-06 15.618197 5.711353 16.1367 61.811882 -0.809766 10.111748 -0.307316 23.039452 0.173531 7.385992 -15.187462 -5.036589 2.243542 -5.255039 -3.180158 14.282893 -0.826596 6.952503 0.0 -12.69061 0.0 15.87059 -17.920198 2.73262 1.665666 -1.955922 -2.878298 4.7278 -4.170589 4.993923 11.020526 1e-06 -3e-06 12.109054 -3.73572 -2.866785 0.0 -1e-06 -0.0 1.291986 -1.92855 -1.498088 14.800129 0.567466 3.865608 14.242574 -1.341741 -6.660659 19.631971 0.143923 -0.648244 49.731068 -0.218451 -6.64439 0.353029 -1.511152 -0.031939 20.222794 3.684309 2.316631 18.787273 3e-06 -3e-06 10.751628 -0.479869 1.397905 -0.0 -1e-06 0.0 3.273807 0.305947 -0.580112 21.486814 11.830377 2.266136 8.162928 0.0 -1e-06 18.399084 -3.798989 -4.940578 3e-06 -1e-06 -1e-06 12.604842 8.64828 8.385317 -0.1025 -1.161393 46.357632 0.435941 -15.904326 16.466208 1.921167 -1.502787 -19.829508 0.0 -0.0 0.0 5.827917 -0.840443 -33.176056 0.002 -0.186564 30.1161 -3.378451 -8.723076 1.312901 -1.384647 1.211919 -1.457722 -0.0 -0.0 -1e-06 
0.0 0.0 0.0 0.0 -0.0 0.0 25.163368 95.055656 429.933868 -3.756643 8.98573 0.74741 2.055961 -0.496829 -1.55177 0.174193 -2.74273 -5.342059 3.115704 -5.160324 9.751643 0.320629 2.467112 1.914253 -0.622928 0.225236 -3.612405 -0.278232 -0.587664 -11.652863 7.7e-05 -2.2e-05 6e-06 -0.001697 0.002232 -0.001421 0.746412 -3.735274 -10.643819 -0.75028 3.741642 -10.628964 -3.156427 -9.838472 12.678309 -66.842659 -8.518046 13.719749 0.584379 -41.018955 -0.57739 -0.306113 3.216209 -11.080134 -5.88211 9.861289 0.70259 -10.936878 -0.360577 7.156206 3e-06 8.77483 1e-06 -15.859324 18.062794 6.131392 -1.844034 2.498505 -2.507279 -10.163607 4.678946 4.621109 -20.97604 -1e-05 -1e-06 -21.226301 2.451692 -3.594001 1e-06 -6e-06 0.0 -1.362682 2.240798 -0.746324 -21.33493 0.584905 3.008321 -13.821227 -7e-06 0.0 -23.88719 -0.249087 -0.839484 -60.38287 2.550178 -1.206926 -0.294025 1.679687 0.833256 -14.218219 0.093212 1.300578 -34.212078 -0.287576 0.967168 -20.03323 0.964531 1.212844 -0.0 -0.0 -1e-06 -3.440391 0.788232 0.501655 -15.928201 -3.167314 2.999706 -6.338832 -2e-06 -1e-06 -18.123459 3.64818 -4.905674 -3e-06 0.0 -2e-06 16.231941 6.451689 16.054148 60.405586 1.287572 10.941121 0.004285 24.286123 0.17481 6.952224 -14.091168 -5.372851 2.243542 -5.255038 -3.180159 14.282902 -0.826594 6.952507 -4e-06 -12.690609 0.0 16.034649 -17.809603 2.603144 1.665667 -1.955922 -2.878299 4.727802 -4.170588 4.993926 11.020534 4e-06 -1e-06 12.109058 -3.735716 -2.866782 0.0 0.0 0.0 1.291986 -1.92855 -1.498089 14.800139 0.56747 3.865609 14.24258 -1.341737 -6.660657 19.631981 0.143924 -0.648242 49.871613 -0.208784 -6.462303 0.353029 -1.511151 -0.03194 20.222805 3.684313 2.316633 18.787287 5e-06 1e-06 10.751636 -0.479869 1.397908 -1e-06 1e-06 -1e-06 3.273809 0.305947 -0.58011 21.486832 11.830382 2.266137 8.162936 3e-06 -0.0 18.399097 -3.798986 -4.940576 4e-06 0.0 -1e-06 13.30597 7.677478 2.30675 -0.030378 -1.111698 57.372887 -0.071122 -13.104728 20.053038 1.746094 -1.790328 -7.653642 0.0 0.0 3e-06 7.497523 -1.478559 -29.849733 -0.075005 -0.182012 30.901396 -3.620315 -8.163731 -2.48778 -1.38977 1.178833 -1.125615 -0.0 0.0 -1e-06 
0.0 0.0 0.0 0.0 -0.0 0.0 25.184032 96.064369 434.363831 -3.804768 8.567419 0.397473 2.256383 -0.315068 -1.325545 0.126314 -2.282509 -5.237656 3.047076 -4.808949 9.949015 0.27041 2.362781 1.701503 -0.57854 0.179188 -3.589369 -0.085688 -0.558648 -11.380865 7.7e-05 -2.2e-05 6e-06 -0.01218 -0.047425 0.002253 0.721045 -3.782766 -10.619479 -0.746213 3.691558 -10.606432 -3.819445 -9.338084 12.886933 -67.762054 -7.906358 15.276184 0.459748 -35.401203 -0.423756 -2.070887 3.96585 -9.527749 -5.88211 9.861289 0.70259 -10.936877 -0.360574 7.156206 0.0 8.774828 -1e-06 -16.186611 18.092751 5.949569 -1.844034 2.498506 -2.507278 -10.163605 4.678946 4.621109 -20.976038 -3e-06 3e-06 -21.226297 2.451698 -3.594002 1e-06 -7e-06 -1e-06 -1.362682 2.240799 -0.746323 -21.334925 0.584911 3.008322 -13.821221 -2e-06 1e-06 -23.887182 -0.24908 -0.839484 -60.548489 2.648351 -1.268109 -0.294025 1.679688 0.833256 -14.218215 0.093216 1.300582 -34.212067 -0.287563 0.967169 -20.033222 0.964539 1.212841 0.0 -0.0 -0.0 -3.44039 0.788233 0.501656 -15.928192 -3.167309 2.999707 -6.338829 -0.0 1e-06 -18.123457 3.648184 -4.905673 -2e-06 1e-06 -0.0 17.685345 7.134271 16.195995 57.84367 4.141845 11.919262 0.329262 25.522612 0.19168 5.961879 -12.986979 -4.834624 2.243542 -5.255038 -3.180157 14.282896 -0.826594 6.952505 -3e-06 -12.690607 -0.0 16.242493 -17.676373 2.445205 1.665666 -1.955922 -2.878298 4.7278 -4.170588 4.993925 11.020531 3e-06 -2e-06 12.109056 -3.735717 -2.866785 -0.0 -0.0 -0.0 1.291986 -1.92855 -1.498088 14.800134 0.567468 3.865609 14.242578 -1.341737 -6.660657 19.631973 0.143927 -0.648244 49.926998 -0.248184 -6.427169 0.353029 -1.511151 -0.031941 20.222801 3.684312 2.316631 18.787279 5e-06 -1e-06 10.751633 -0.479867 1.397907 -1e-06 1e-06 0.0 3.273808 0.305947 -0.580112 21.48682 11.830379 2.266134 8.16293 2e-06 -1e-06 18.399088 -3.798985 -4.940578 3e-06 1e-06 -1e-06 12.738752 7.034047 -3.815757 -0.090882 -0.911806 65.35318 2.125778 -10.368855 16.631371 1.757369 -1.856323 -5.607306 0.0 0.0 3e-06 8.048269 -2.07652 -25.431639 -0.130196 -0.196485 29.077894 -3.593269 -7.607111 -4.822138 -1.389761 1.181003 -1.009219 -0.0 0.0 -1e-06 
0.0 0.0 0.0 0.0 -0.0 0.0 25.300697 97.254814 438.652893 -3.165363 7.903468 0.001233 2.237118 -0.14867 -1.041377 -0.044849 -1.719631 -5.128566 2.52845 -4.268301 10.049483 0.289408 2.377007 1.898607 -0.588969 0.150106 -3.541429 0.189274 -0.839797 -10.844151 7.7e-05 -2.2e-05 6e-06 -0.016355 -0.072765 0.018733 0.70036 -3.804418 -10.593299 -0.734149 3.663152 -10.582519 -4.186465 -8.705675 12.973455 -68.898148 -6.816086 15.952138 0.161542 -30.438728 -0.193721 -3.542269 4.995215 -7.857764 -5.882107 9.861286 0.70259 -10.936875 -0.360577 7.156207 1e-06 8.774826 -1e-06 -16.47662 18.07736 5.780097 -1.844032 2.498504 -2.507277 -10.163603 4.678944 4.621108 -20.976027 -7e-06 2e-06 -21.226292 2.451694 -3.593999 1e-06 -7e-06 -0.0 -1.362682 2.240798 -0.746322 -21.334919 0.584906 3.008323 -13.821218 -6e-06 2e-06 -23.887178 -0.249083 -0.839481 -60.51862 2.755657 -1.357636 -0.294025 1.679688 0.833256 -14.218214 0.093213 1.30058 -34.212063 -0.287569 0.96717 -20.033218 0.964535 1.212844 -1e-06 -1e-06 -2e-06 -3.440389 0.788233 0.501655 -15.928191 -3.167312 2.999708 -6.338828 -2e-06 1e-06 -18.123449 3.64818 -4.90567 -2e-06 1e-06 -2e-06 18.529119 8.042983 16.408863 55.791771 7.374243 12.900848 0.655239 26.82148 0.258961 4.902262 -12.22002 -3.926843 2.243541 -5.255036 -3.180158 14.282894 -0.826594 6.952505 -4e-06 -12.690601 1e-06 16.367538 -17.573126 2.326987 1.665666 -1.955921 -2.878299 4.7278 -4.170586 4.993923 11.020529 4e-06 -1e-06 12.109055 -3.735713 -2.866784 -0.0 -0.0 0.0 1.291986 -1.928549 -1.498089 14.800131 0.567469 3.865608 14.242574 -1.341735 -6.660658 19.631969 0.143926 -0.648244 49.836823 -0.319469 -6.531299 0.353029 -1.51115 -0.031939 20.222797 3.684312 2.316628 18.787273 6e-06 0.0 10.75163 -0.479867 1.397906 -1e-06 1e-06 -0.0 3.273807 0.305947 -0.58011 21.486818 11.830376 2.266131 8.162928 2e-06 1e-06 18.399084 -3.798982 -4.940573 3e-06 -0.0 -1e-06 11.167193 6.998425 -9.486192 -0.158229 -0.637837 69.704361 4.766928 -7.970099 12.07575 1.794747 -1.861474 -5.663463 0.0 0.0 3e-06 7.624467 -2.392331 -20.136457 -0.110585 -0.189075 25.565514 -3.324631 -7.123087 -6.128701 -1.389336 1.175082 -1.029743 0.0 0.0 -1e-06 
0.0 0.0 0.0 0.0 -0.0 0.0 25.456247 98.305206 442.927368 -2.319282 6.88826 -0.347009 2.232353 0.048746 -0.673994 -0.206115 -1.052544 -4.996061 1.813163 -3.559562 9.944652 0.181927 2.498045 2.238563 -0.608299 0.121768 -3.497572 0.528736 -1.225528 -10.325347 7.7e-05 -2.3e-05 6e-06 -0.015914 -0.082958 0.034065 0.688641 -3.814584 -10.593207 -0.722227 3.65257 -10.583982 -4.367714 -7.896815 13.024335 -70.060173 -5.015554 15.814561 0.020836 -27.218447 -0.058586 -4.639711 5.95195 -7.22071 -5.88211 9.861292 0.702592 -10.93688 -0.360575 7.156209 0.0 8.774831 -2e-06 -16.577213 18.102089 5.75146 -1.844033 2.498506 -2.507278 -10.163608 4.678948 4.62111 -20.97604 -3e-06 3e-06 -21.226301 2.451699 -3.594001 -1e-06 -7e-06 -0.0 -1.362682 2.240799 -0.746323 -21.334929 0.58491 3.008324 -13.821223 -3e-06 1e-06 -23.887186 -0.249078 -0.839483 -60.446758 2.797141 -1.469966 -0.294025 1.679688 0.833257 -14.218219 0.093215 1.300582 -34.212074 -0.287564 0.96717 -20.03323 0.964535 1.212843 -1e-06 -0.0 -0.0 -3.440391 0.788234 0.501654 -15.928201 -3.167311 2.999708 -6.338832 -1e-06 2e-06 -18.123461 3.648185 -4.905673 -5e-06 1e-06 -2e-06 18.387989 9.201054 16.476259 54.477589 10.477069 13.954833 0.89211 28.611065 0.355016 4.310394 -11.448031 -3.172085 2.243543 -5.255039 -3.180157 14.282896 -0.826596 6.952505 -2e-06 -12.690609 -2e-06 16.370882 -17.493767 2.307537 1.665666 -1.955922 -2.878299 4.7278 -4.17059 4.993922 11.020531 3e-06 -2e-06 12.109057 -3.735718 -2.866786 -0.0 0.0 1e-06 1.291986 -1.92855 -1.498088 14.800134 0.567468 3.865607 14.242579 -1.341737 -6.66066 19.631975 0.143926 -0.648246 49.687546 -0.455812 -6.642902 0.353029 -1.511151 -0.031942 20.222801 3.68431 2.316629 18.787283 4e-06 -2e-06 10.751631 -0.479869 1.397907 0.0 1e-06 -0.0 3.273808 0.305947 -0.580109 21.486824 11.830381 2.266133 8.16293 1e-06 -2e-06 18.399092 -3.798987 -4.94058 2e-06 0.0 -1e-06 9.193257 7.654661 -14.585695 -0.184238 -0.404757 70.931419 7.008183 -5.80097 8.101409 1.821795 -1.847763 -6.023351 -0.0 -0.0 3e-06 6.854487 -2.213782 -14.570378 -0.069064 -0.182932 21.306341 -2.935472 -6.629588 -7.018307 -1.388801 1.13502 -1.150698 -0.0 0.0 -1e-06 
0.0 0.0 0.0 0.0 -0.0 0.0 25.643576 99.06443 447.186859 -1.48341 5.561567 -0.455704 2.284452 0.27386 -0.366741 -0.310044 -0.320132 -4.866271 1.077983 -2.719416 9.786896 -0.166856 2.721771 2.413145 -0.59935 0.020831 -3.49385 0.903432 -1.527759 -9.882006 7.7e-05 -2.3e-05 6e-06 -0.016522 -0.097736 0.046059 0.678475 -3.83376 -10.60452 -0.714556 3.641763 -10.59826 -4.840041 -6.91723 13.045886 -70.663322 -2.667185 15.367301 0.014365 -25.787348 0.003409 -5.355371 6.493003 -7.836066 -5.882112 9.861293 0.702591 -10.936881 -0.360574 7.15621 0.0 8.774831 -2e-06 -16.514172 18.154858 5.858567 -1.844034 2.498507 -2.507279 -10.163609 4.678948 4.621113 -20.97604 -2e-06 4e-06 -21.226307 2.4517 -3.594003 -1e-06 -5e-06 -0.0 -1.362683 2.2408 -0.746325 -21.33493 0.584911 3.008326 -13.821227 -2e-06 2e-06 -23.887192 -0.249076 -0.839484 -60.476967 2.765448 -1.517736 -0.294025 1.679688 0.833256 -14.218221 0.093216 1.300581 -34.212078 -0.287561 0.967171 -20.03323 0.964538 1.212843 0.0 1e-06 -0.0 -3.440391 0.788234 0.501656 -15.9282 -3.167311 2.999709 -6.33883 -1e-06 0.0 -18.123459 3.648186 -4.905674 -5e-06 0.0 -2e-06 17.873686 10.523713 16.422352 53.027779 13.279061 14.971568 0.931826 31.216543 0.446587 4.078828 -10.406116 -2.887884 2.243542 -5.25504 -3.180156 14.282898 -0.826595 6.95251 -3e-06 -12.690613 1e-06 16.311527 -17.497288 2.37507 1.665667 -1.955922 -2.878298 4.727801 -4.17059 4.993927 11.020531 4e-06 -1e-06 12.109057 -3.735717 -2.866784 -0.0 -0.0 -1e-06 1.291986 -1.92855 -1.498091 14.800136 0.567469 3.865611 14.242578 -1.341735 -6.660659 19.631975 0.143927 -0.648244 49.63221 -0.574695 -6.677013 0.35303 -1.511151 -0.031939 20.222803 3.684312 2.316635 18.787283 5e-06 1e-06 10.751634 -0.47987 1.397908 -1e-06 -1e-06 1e-06 3.273809 0.305947 -0.580111 21.486828 11.830384 2.266134 8.162933 3e-06 -0.0 18.399094 -3.798988 -4.940577 3e-06 -1e-06 -3e-06 7.07345 8.757912 -19.317181 -0.156531 -0.191521 69.323235 8.371925 -4.300422 4.710816 1.814028 -1.824798 -6.46309 -0.0 0.0 2e-06 6.025556 -1.653542 -9.280025 -0.026679 -0.202696 16.894321 -2.453455 -5.98739 -7.671306 -1.391588 1.082186 -1.351431 0.0 -0.0 -1e-06 
0.0 0.0 0.0 0.0 -0.0 0.0 25.864521 99.423897 451.36026 -0.874157 4.05207 -0.28128 2.417302 0.491769 -0.188313 -0.342676 0.425668 -4.754717 0.468007 -1.858298 9.686677 -0.719761 2.970589 2.313033 -0.567622 -0.011703 -3.541105 1.227444 -1.774633 -9.593697 7.7e-05 -2.3e-05 6e-06 -0.017214 -0.102062 0.05719 0.668759 -3.841866 -10.597054 -0.707847 3.640085 -10.594237 -5.677335 -5.880451 13.056911 -70.614212 -0.293956 15.182904 0.039133 -25.381496 0.048269 -5.716341 6.643941 -8.901125 -5.88211 9.861292 0.702591 -10.936875 -0.360573 7.156208 -2e-06 8.77483 -2e-06 -16.430147 18.183741 5.999305 -1.844033 2.498506 -2.507279 -10.163604 4.678948 4.62111 -20.976032 -2e-06 -1e-06 -21.226301 2.4517 -3.594005 0.0 -6e-06 -0.0 -1.362682 2.2408 -0.746323 -21.334921 0.584913 3.008323 -13.82122 -1e-06 -0.0 -23.887178 -0.249077 -0.839487 -60.554825 2.747731 -1.447993 -0.294025 1.679688 0.833256 -14.218214 0.093217 1.30058 -34.212063 -0.28756 0.967165 -20.033222 0.964538 1.212841 0.0 -1e-06 0.0 -3.44039 0.788234 0.501655 -15.928192 -3.167309 2.999709 -6.338829 -0.0 0.0 -18.123453 3.648187 -4.905675 -5e-06 0.0 -1e-06 17.422525 11.909656 16.275681 50.976204 15.830568 15.49383 0.83184 34.385399 0.505021 3.850073 -9.222347 -3.276659 2.243543 -5.255041 -3.180161 14.282894 -0.826598 6.952506 1e-06 -12.690609 -2e-06 16.20598 -17.595139 2.472331 1.665666 -1.955922 -2.878301 4.727801 -4.17059 4.993925 11.020529 -1e-06 -2e-06 12.109056 -3.735719 -2.866788 -0.0 -0.0 1e-06 1.291986 -1.928551 -1.498089 14.800131 0.567466 3.86561 14.242577 -1.341741 -6.66066 19.631969 0.143923 -0.648248 49.630882 -0.646246 -6.62713 0.353029 -1.511152 -0.031941 20.222797 3.684306 2.316633 18.787275 -0.0 -2e-06 10.75163 -0.47987 1.397905 1e-06 1e-06 1e-06 3.273807 0.305946 -0.580113 21.486816 11.830373 2.266136 8.162929 0.0 -1e-06 18.399094 -3.798991 -4.94058 3e-06 -1e-06 0.0 5.087581 9.931319 -23.674856 -0.057233 0.029441 64.729256 8.424358 -3.753352 1.935959 1.785682 -1.801713 -6.822585 0.0 -0.0 4e-06 5.360258 -0.969571 -4.713583 0.007932 -0.208252 13.106305 -1.909441 -5.202081 -8.40879 -1.400165 1.039218 -1.569976 0.0 0.0 -1e-06 
0.0 0.0 0.0 0.0 -0.0 0.0 26.106188 99.41687 455.445038 -0.580439 2.518904 0.115308 2.625453 0.626936 -0.127692 -0.311948 1.157585 -4.693944 0.051121 -1.083041 9.692375 -1.388695 3.208803 2.045378 -0.520362 0.109263 -3.598486 1.411824 -1.991762 -9.528164 7.7e-05 -2.2e-05 6e-06 -0.010229 -0.061794 0.066327 0.658215 -3.802361 -10.564776 -0.684944 3.679655 -10.570987 -6.773151 -4.843907 13.044793 -70.216568 1.743822 15.275679 0.099306 -25.191702 0.094278 -5.912405 6.656276 -9.929052 -5.88211 9.861292 0.702591 -10.936878 -0.360574 7.156209 1e-06 8.77483 -0.0 -16.401699 18.17585 6.081691 -1.844034 2.498506 -2.507279 -10.163607 4.678948 4.621111 -20.976038 -4e-06 2e-06 -21.226301 2.451699 -3.594002 -1e-06 -5e-06 -0.0 -1.362683 2.240799 -0.746324 -21.33493 0.584909 3.008325 -13.821222 -3e-06 2e-06 -23.887184 -0.249078 -0.839484 -60.555168 2.732416 -1.288593 -0.294025 1.679688 0.833256 -14.218217 0.093215 1.300581 -34.21207 -0.287564 0.967171 -20.033226 0.964538 1.212844 -1e-06 -0.0 -0.0 -3.440391 0.788234 0.501656 -15.928196 -3.167311 2.999708 -6.338829 -1e-06 1e-06 -18.123459 3.648185 -4.905674 -5e-06 -0.0 -2e-06 17.167994 13.282538 16.187681 48.323139 18.357822 15.27778 0.591289 37.590782 0.468129 3.484986 -8.237026 -3.900713 2.243542 -5.255039 -3.180159 14.282898 -0.826595 6.952507 -3e-06 -12.69061 1e-06 16.125961 -17.727415 2.513134 1.665667 -1.955922 -2.8783 4.7278 -4.170588 4.993928 11.020531 3e-06 0.0 12.109057 -3.735716 -2.866785 0.0 0.0 0.0 1.291986 -1.928549 -1.498091 14.800136 0.567469 3.865608 14.242579 -1.341736 -6.660661 19.631975 0.143927 -0.648246 49.580128 -0.688662 -6.544203 0.353028 -1.511151 -0.031941 20.222801 3.684313 2.31663 18.787283 6e-06 -1e-06 10.751633 -0.479869 1.397906 1e-06 1e-06 1e-06 3.273808 0.305949 -0.580112 21.486826 11.830381 2.266133 8.16293 2e-06 -1e-06 18.399088 -3.798984 -4.940574 3e-06 -0.0 -0.0 3.367581 10.855927 -27.347338 0.095738 0.224372 56.893417 7.421121 -3.685881 0.40226 1.760243 -1.786423 -6.886558 0.0 0.0 3e-06 4.958092 -0.434577 -0.953454 0.016989 -0.157066 10.002384 -1.449321 -4.248079 -9.455026 -1.412858 1.017315 -1.675463 0.0 0.0 -1e-06 
0.0 0.0 0.0 0.0 -0.0 0.0 26.385223 99.12384 459.45639 -0.628673 1.128822 0.645021 2.911355 0.647166 -0.168632 -0.253908 1.782406 -4.6988 -0.143825 -0.431078 9.790197 -2.062734 3.441429 1.823807 -0.461073 0.327883 -3.635524 1.479261 -2.166784 -9.699268 7.7e-05 -2.2e-05 6e-06 0.00318 0.012082 0.072612 0.648642 -3.727481 -10.539241 -0.649808 3.752259 -10.557986 -7.849482 -3.874127 12.986882 -69.906235 3.341594 15.455017 0.203791 -24.815636 0.125526 -6.0668 6.623833 -10.728612 -5.882108 9.861292 0.702591 -10.936875 -0.360576 7.15621 0.0 8.774831 -2e-06 -16.422623 18.189352 6.121368 -1.844033 2.498506 -2.507279 -10.163602 4.678948 4.621111 -20.97603 -4e-06 4e-06 -21.226292 2.4517 -3.594001 -1e-06 -6e-06 0.0 -1.362682 2.240799 -0.746324 -21.334921 0.584909 3.008326 -13.821218 -2e-06 3e-06 -23.887177 -0.249077 -0.839482 -60.521591 2.73615 -1.165305 -0.294025 1.679688 0.833256 -14.218212 0.093215 1.300581 -34.212051 -0.287563 0.967172 -20.033215 0.964538 1.212844 -0.0 -0.0 -0.0 -3.440389 0.788234 0.501656 -15.928191 -3.167312 2.999709 -6.338828 -1e-06 1e-06 -18.123447 3.648187 -4.905674 -7e-06 1e-06 -2e-06 16.947823 14.638617 16.182512 45.575981 20.833342 14.390143 0.172945 40.339462 0.288806 3.073813 -7.58835 -4.146328 2.243541 -5.255037 -3.180157 14.28289 -0.826594 6.952499 -1e-06 -12.690604 -2e-06 16.18121 -17.863703 2.459898 1.665666 -1.955922 -2.878298 4.727798 -4.170588 4.993922 11.020525 1e-06 -2e-06 12.109053 -3.735717 -2.866781 0.0 -1e-06 1e-06 1.291986 -1.928549 -1.498088 14.800125 0.567465 3.865606 14.242574 -1.341737 -6.660661 19.631968 0.143925 -0.648248 49.530396 -0.717899 -6.52121 0.353029 -1.511151 -0.03194 20.222788 3.684307 2.316628 18.78727 6e-06 -4e-06 10.751627 -0.479867 1.397905 1e-06 1e-06 -0.0 3.273807 0.305948 -0.58011 21.486811 11.830374 2.26613 8.162927 0.0 -2e-06 18.39908 -3.798985 -4.940577 2e-06 -1e-06 -1e-06 1.987521 11.437857 -29.880302 0.235471 0.355705 45.94886 6.410287 -3.22791 0.66436 1.746245 -1.803932 -6.729218 0.0 0.0 1e-06 4.809844 -0.178216 2.792283 -0.003015 -0.068773 6.574604 -1.145952 -3.117728 -10.428905 -1.422782 1.011986 -1.688434 -0.0 0.0 -1e-06 
0.0 0.0 0.0 0.0 -0.0 0.0 26.728928 98.622307 463.449707 -0.995753 -0.007516 1.151784 3.250027 0.651664 -0.234397 -0.201024 2.166992 -4.747049 -0.098544 0.093048 9.914242 -2.649722 3.648441 1.746983 -0.4163 0.508281 -3.655683 1.559846 -2.260102 -9.977311 7.7e-05 -2.2e-05 6e-06 0.015327 0.081278 0.075792 0.65618 -3.659866 -10.569742 -0.633765 3.824207 -10.590551 -8.566401 -3.060879 12.988665 -70.033783 4.483229 15.55917 0.267658 -24.302378 0.114665 -6.208135 6.662512 -10.887787 -5.882109 9.861288 0.70259 -10.936877 -0.360577 7.156207 1e-06 8.77483 -3e-06 -16.361708 18.261578 6.244623 -1.844033 2.498506 -2.507277 -10.163604 4.678946 4.621109 -20.976036 -3e-06 4e-06 -21.226299 2.4517 -3.593999 1e-06 -6e-06 -0.0 -1.362682 2.2408 -0.746324 -21.334925 0.584909 3.008324 -13.82122 -3e-06 2e-06 -23.887182 -0.249077 -0.839481 -60.544567 2.815366 -1.098725 -0.294025 1.679688 0.833256 -14.218215 0.093213 1.300581 -34.212067 -0.287565 0.967173 -20.033226 0.964536 1.212845 -1e-06 -1e-06 -0.0 -3.44039 0.788234 0.501655 -15.928194 -3.167313 2.999708 -6.33883 -2e-06 1e-06 -18.123457 3.648183 -4.905672 -6e-06 -0.0 -1e-06 16.534819 15.895302 16.071659 43.427372 22.969601 13.020371 -0.262596 42.498161 -0.014048 2.653566 -7.312765 -3.906738 2.243546 -5.25504 -3.180159 14.282904 -0.826598 6.952505 -2e-06 -12.690619 1e-06 16.279615 -17.936464 2.397109 1.665668 -1.955922 -2.878304 4.727805 -4.170593 4.993927 11.020538 2e-06 -3e-06 12.109065 -3.735719 -2.866787 -0.0 -0.0 -2e-06 1.291987 -1.928551 -1.49809 14.800144 0.567466 3.865608 14.242588 -1.341736 -6.660665 19.631989 0.143928 -0.64825 49.554527 -0.740171 -6.543628 0.35303 -1.511153 -0.03194 20.222813 3.68431 2.316628 18.787289 6e-06 -6e-06 10.751637 -0.479868 1.397904 0.0 1e-06 -0.0 3.27381 0.305945 -0.580111 21.486834 11.830386 2.266129 8.162935 1e-06 -3e-06 18.399099 -3.798989 -4.940585 2e-06 -2e-06 -1e-06 0.937367 11.899563 -30.811827 0.274671 0.46752 32.069141 5.987863 -2.568672 2.263391 1.751586 -1.817612 -6.338198 -0.0 -0.0 2e-06 4.877261 -0.239996 6.832678 -0.024817 -0.028019 2.669493 -0.950403 -1.867666 -10.843122 -1.423758 1.023634 -1.817801 -0.0 0.0 -1e-06 
0.0 0.0 0.0 0.0 -0.0 0.0 27.107208 97.920975 467.629639 -1.635243 -0.806148 1.468454 3.614949 0.681736 -0.234704 -0.15609 2.343841 -4.788106 0.129498 0.426842 9.992109 -3.055345 3.806174 1.718747 -0.455128 0.428046 -3.690494 1.672095 -2.072974 -10.158885 7.7e-05 -2.2e-05 6e-06 0.019651 0.112017 0.076018 0.676464 -3.637995 -10.644832 -0.646108 3.864111 -10.652635 -8.734263 -2.437808 13.16511 -70.656273 5.2829 15.496839 0.258353 -23.988348 0.099325 -6.482579 6.915635 -10.609283 -5.882108 9.861292 0.702591 -10.936875 -0.360575 7.156209 2e-06 8.77483 -2e-06 -16.203222 18.439878 6.516942 -1.844033 2.498506 -2.507278 -10.163604 4.678946 4.621109 -20.976032 -6e-06 3e-06 -21.226295 2.451698 -3.594 1e-06 -6e-06 -0.0 -1.362682 2.2408 -0.746324 -21.334921 0.584908 3.008325 -13.821219 -3e-06 3e-06 -23.887182 -0.249078 -0.839482 -60.704777 2.952785 -0.901888 -0.294025 1.679689 0.833256 -14.218214 0.093214 1.300581 -34.212063 -0.287565 0.967172 -20.033218 0.964537 1.212845 -2e-06 -0.0 0.0 -3.44039 0.788234 0.501657 -15.928192 -3.167312 2.999709 -6.338828 -1e-06 2e-06 -18.123453 3.648185 -4.905674 -6e-06 -0.0 -1e-06 15.872414 16.891314 15.759272 42.222172 24.568966 11.286474 -0.441798 44.51495 -0.260201 2.127802 -7.361055 -3.658911 2.243545 -5.255041 -3.180159 14.2829 -0.826596 6.952507 -3e-06 -12.690612 3e-06 16.256233 -17.854288 2.392664 1.665666 -1.955921 -2.8783 4.727801 -4.170589 4.993931 11.020533 3e-06 -1e-06 12.109059 -3.735717 -2.866787 -0.0 1e-06 -0.0 1.291987 -1.928551 -1.498091 14.800136 0.567469 3.86561 14.242582 -1.341736 -6.660663 19.631979 0.143929 -0.648248 49.571285 -0.787573 -6.52915 0.353029 -1.511152 -0.031941 20.222801 3.68431 2.31663 18.787283 3e-06 -1e-06 10.751633 -0.479868 1.397906 0.0 2e-06 -1e-06 3.273809 0.305947 -0.580112 21.486826 11.830382 2.266134 8.16293 -0.0 -0.0 18.399096 -3.798987 -4.940579 3e-06 -2e-06 -0.0 0.32841 12.357032 -30.456179 0.164292 0.504631 17.239588 4.810258 -2.084438 3.78501 1.778068 -1.836648 -5.919564 -0.0 -1e-06 2e-06 5.098848 -0.514516 9.588786 -0.039545 -0.068499 2.130356 -0.750804 -0.726306 -11.933346 -1.423427 1.004546 -2.243287 -0.0 0.0 -1e-06 
0.0 0.0 0.0 0.0 -0.0 0.0 27.4659 96.981544 472.036652 -2.313168 -1.146159 1.77171 3.854078 0.541274 -0.320217 -0.099102 2.518072 -4.845073 0.456031 0.563365 9.996963 -3.255095 3.868297 1.627435 -0.565014 0.431741 -3.590271 1.578039 -1.825219 -10.302906 7.7e-05 -2.2e-05 6e-06 0.024424 0.17446 0.081599 0.692578 -3.58843 -10.697412 -0.653459 3.936613 -10.707083 -8.694816 -2.086565 13.387609 -71.340042 5.922626 14.98947 0.175765 -24.020203 0.160532 -6.993425 7.218282 -10.368808 -5.882109 9.861293 0.70259 -10.936874 -0.360574 7.156209 -0.0 8.77483 -1e-06 -16.246002 18.675962 6.543923 -1.844033 2.498506 -2.507278 -10.163602 4.678949 4.62111 -20.97603 -1e-06 2e-06 -21.226297 2.451699 -3.594004 1e-06 -6e-06 -1e-06 -1.362682 2.2408 -0.746323 -21.334919 0.584912 3.008324 -13.821218 -2e-06 2e-06 -23.887178 -0.249078 -0.839484 -60.846592 2.961685 -0.847582 -0.294025 1.679688 0.833256 -14.218212 0.093215 1.300581 -34.212055 -0.28756 0.96717 -20.03322 0.964539 1.212843 -2e-06 -0.0 0.0 -3.440389 0.788234 0.501655 -15.928189 -3.167311 2.999708 -6.338829 -1e-06 1e-06 -18.123447 3.648186 -4.905674 -7e-06 0.0 -2e-06 15.39621 17.392838 15.455774 41.423744 25.675749 9.353425 0.004318 46.703167 0.039321 1.374957 -7.45379 -4.0566 2.243543 -5.255035 -3.180159 14.282888 -0.826596 6.952498 -1e-06 -12.690601 1e-06 16.177431 -17.821127 2.462066 1.665665 -1.955921 -2.878299 4.727798 -4.170586 4.993924 11.020523 1e-06 -0.0 12.109051 -3.735717 -2.866785 0.0 1e-06 1e-06 1.291985 -1.928549 -1.49809 14.800125 0.567467 3.865604 14.242571 -1.341738 -6.660658 19.631966 0.143927 -0.648248 49.692516 -0.995059 -6.544969 0.353028 -1.51115 -0.031942 20.222786 3.684307 2.316628 18.78727 4e-06 -3e-06 10.751627 -0.479867 1.397905 -0.0 2e-06 1e-06 3.273806 0.305947 -0.580112 21.486809 11.830369 2.266131 8.162926 1e-06 -1e-06 18.39908 -3.798985 -4.940576 3e-06 -1e-06 -0.0 -0.037629 12.19365 -30.24448 -0.008986 0.360493 4.900226 1.782854 -1.036434 3.796745 1.694855 -1.991928 -5.52263 -0.0 -0.0 1e-06 5.26185 -1.152316 12.13823 -0.053901 -0.176359 2.324862 -0.636235 0.401013 -13.270608 -1.42948 0.86096 -2.726174 -0.0 -0.0 -1e-06 
0.0 0.0 0.0 0.0 -0.0 0.0 27.938711 95.890701 476.569611 -2.739964 -1.311547 2.174272 3.883786 0.477247 -0.510243 -0.041193 2.588772 -4.924982 0.789077 0.625515 10.045873 -3.663007 3.986373 1.410579 -0.547837 0.238023 -3.603563 1.500793 -1.693758 -10.167489 7.7e-05 -2.2e-05 6e-06 0.015365 0.125903 0.070061 0.667696 -3.63094 -10.68506 -0.6479 3.880786 -10.690859 -9.113953 -1.884332 13.120029 -71.489311 6.625186 14.138777 0.065098 -24.086369 0.193619 -7.373165 7.111523 -10.643508 -5.882111 9.861293 0.702591 -10.936878 -0.360574 7.15621 0.0 8.774831 0.0 -16.294689 18.736477 6.385123 -1.844033 2.498506 -2.507279 -10.163607 4.678948 4.621111 -20.97604 -2e-06 4e-06 -21.226301 2.4517 -3.594001 1e-06 -5e-06 -1e-06 -1.362682 2.2408 -0.746323 -21.33493 0.584911 3.008326 -13.821225 -2e-06 3e-06 -23.887188 -0.249078 -0.839483 -60.924316 2.903706 -0.965733 -0.294025 1.679688 0.833256 -14.218219 0.093215 1.300583 -34.21207 -0.287562 0.967172 -20.033228 0.964538 1.212845 -2e-06 0.0 -0.0 -3.440391 0.788234 0.501656 -15.9282 -3.167312 2.99971 -6.338832 -1e-06 2e-06 -18.123459 3.648187 -4.905673 -6e-06 1e-06 -2e-06 15.80207 17.501562 15.246761 40.017559 26.078417 8.195996 0.239955 49.220909 0.344779 0.82046 -7.265113 -5.349858 2.243543 -5.255037 -3.180159 14.282889 -0.826595 6.9525 -1e-06 -12.690609 2e-06 15.934888 -17.852316 2.531949 1.665667 -1.955923 -2.878299 4.727799 -4.170588 4.993922 11.020526 3e-06 -4e-06 12.109055 -3.735715 -2.866788 -0.0 2e-06 -1e-06 1.291987 -1.92855 -1.498089 14.800129 0.567466 3.865604 14.242576 -1.341737 -6.660661 19.631969 0.143927 -0.648249 49.520149 -1.048913 -6.621583 0.353028 -1.511151 -0.031941 20.222794 3.684311 2.316627 18.787275 5e-06 -4e-06 10.75163 -0.479869 1.397904 0.0 1e-06 1e-06 3.273806 0.305947 -0.580113 21.486814 11.830379 2.266129 8.162928 2e-06 -3e-06 18.399084 -3.798984 -4.94058 3e-06 -0.0 -1e-06 -0.577155 11.722166 -31.600882 -0.041427 0.235629 -0.481013 -1.610155 1.048172 2.597023 1.587923 -2.062037 -5.534128 0.0 -1e-06 4e-06 4.937171 -2.00719 14.313859 -0.091505 -0.175291 3.253167 -0.230875 1.870993 -14.661094 -1.41124 0.778722 -3.645899 -0.0 0.0 -1e-06 
0.0 0.0 0.0 0.0 -0.0 0.0 28.550732 94.954834 481.197845 -2.48584 -1.47535 2.512957 3.471946 0.53801 -0.744533 -0.034487 2.593131 -5.053354 0.849589 0.58078 10.1492 -4.057286 4.104579 1.135181 -0.458342 0.172051 -3.56427 1.473076 -1.49004 -9.940681 7.7e-05 -2.3e-05 6e-06 0.008245 0.081743 0.055693 0.662535 -3.668267 -10.669154 -0.657587 3.83011 -10.672789 -9.953977 -1.558537 12.815984 -70.977943 6.96147 12.995152 -0.071839 -24.064957 0.233567 -7.005077 6.719588 -11.210808 -5.882108 9.86129 0.70259 -10.936875 -0.360576 7.156207 1e-06 8.774828 -2e-06 -16.339231 18.607338 6.268635 -1.844033 2.498504 -2.507278 -10.163604 4.678947 4.621109 -20.97603 -3e-06 3e-06 -21.226295 2.4517 -3.594001 1e-06 -5e-06 -1e-06 -1.362682 2.240799 -0.746323 -21.334921 0.584909 3.008324 -13.821217 -3e-06 3e-06 -23.887178 -0.249078 -0.839482 -61.035931 2.761903 -1.025964 -0.294025 1.679688 0.833256 -14.218214 0.093215 1.300581 -34.212063 -0.287562 0.967172 -20.033224 0.964537 1.212844 -1e-06 1e-06 0.0 -3.440389 0.788233 0.501656 -15.928192 -3.167312 2.999708 -6.338829 -1e-06 1e-06 -18.123447 3.648185 -4.905671 -6e-06 0.0 -2e-06 16.76156 17.455168 15.30973 38.759319 25.960205 7.71976 0.18205 51.229721 0.547652 0.471832 -6.759524 -6.836518 2.243541 -5.255036 -3.180156 14.282894 -0.826597 6.952503 -3e-06 -12.690607 4e-06 15.873044 -17.86587 2.535153 1.665667 -1.955921 -2.878302 4.727799 -4.170588 4.993926 11.020528 2e-06 -1e-06 12.109053 -3.735717 -2.866785 0.0 -1e-06 -2e-06 1.291986 -1.928549 -1.498091 14.800129 0.567467 3.865607 14.242571 -1.341734 -6.660661 19.631971 0.143928 -0.648246 49.41729 -1.113806 -6.657053 0.353028 -1.51115 -0.03194 20.222794 3.68431 2.316628 18.787273 5e-06 -1e-06 10.751629 -0.479868 1.397905 0.0 2e-06 0.0 3.273808 0.305948 -0.58011 21.486816 11.830376 2.266129 8.162928 2e-06 -0.0 18.399084 -3.798985 -4.940576 3e-06 0.0 0.0 -1.480508 11.009526 -32.761681 -0.016799 0.147563 -0.014037 -3.312634 2.681289 2.169081 1.588592 -2.07401 -5.843405 0.0 0.0 4e-06 3.706108 -2.810722 15.962381 -0.136581 -0.049821 5.560191 0.202843 3.340332 -15.023503 -1.398921 0.787254 -5.598397 -0.0 0.0 -1e-06 
0.0 0.0 0.0 0.0 -0.0 0.0 29.294916 94.311462 486.020264 -0.886124 -1.687179 3.02018 2.153003 0.555437 -1.381377 -0.164547 2.697598 -5.329149 0.457031 0.547822 10.318639 -4.107862 4.152547 0.877484 -0.43875 0.425421 -3.542784 1.528313 -1.579702 -9.107408 7.7e-05 -2.3e-05 6e-06 0.013723 0.076484 0.057439 0.6663 -3.681487 -10.695057 -0.649441 3.833847 -10.696577 -11.202488 -1.330528 12.388306 -69.845573 7.115648 12.111213 -0.06557 -23.653528 0.189497 -6.282844 6.360022 -11.576569 -5.882107 9.861286 0.70259 -10.936873 -0.360575 7.156205 -0.0 8.774824 -1e-06 -16.33898 18.662273 6.407522 -1.844033 2.498505 -2.507277 -10.163603 4.678946 4.621108 -20.97603 -2e-06 3e-06 -21.22629 2.451698 -3.594 1e-06 -6e-06 0.0 -1.362682 2.240799 -0.746323 -21.334917 0.584911 3.008323 -13.821213 -3e-06 2e-06 -23.887175 -0.249078 -0.839482 -61.222816 2.779147 -1.09537 -0.294025 1.679688 0.833256 -14.218212 0.093215 1.300581 -34.212055 -0.287563 0.967171 -20.033218 0.964537 1.212844 -1e-06 -0.0 0.0 -3.440389 0.788234 0.501655 -15.928189 -3.16731 2.999707 -6.338828 -1e-06 1e-06 -18.123453 3.648183 -4.90567 -6e-06 0.0 -2e-06 18.31111 17.193144 15.459814 37.997307 25.243382 8.05747 -0.042669 51.822456 0.492396 0.268695 -6.301796 -8.064538 2.243541 -5.255037 -3.180158 14.282894 -0.826596 6.952503 -2e-06 -12.690605 1e-06 15.858284 -17.871973 2.575448 1.665665 -1.955922 -2.878299 4.727798 -4.170587 4.993925 11.020526 3e-06 -1e-06 12.109053 -3.735714 -2.866783 0.0 1e-06 -1e-06 1.291987 -1.92855 -1.498087 14.800129 0.567469 3.865604 14.242573 -1.341735 -6.660657 19.631969 0.143927 -0.648247 49.549149 -1.167953 -6.679105 0.353028 -1.511149 -0.03194 20.222794 3.684312 2.316633 18.787273 3e-06 1e-06 10.751629 -0.47987 1.397907 1e-06 2e-06 0.0 3.273809 0.305947 -0.580111 21.486813 11.830373 2.266131 8.162927 1e-06 0.0 18.39908 -3.798983 -4.940574 4e-06 1e-06 0.0 -3.309666 9.697019 -33.236576 -0.057929 0.076834 4.124943 -1.686844 2.669302 4.645216 1.705892 -2.094487 -6.524334 0.0 0.0 3e-06 0.802 -3.430638 16.805714 -0.120296 0.17422 9.31085 0.604549 4.809918 -13.713234 -1.412628 0.828625 -9.38621 0.0 -0.0 -1e-06 
0.0 0.0 0.0 0.0 -0.0 0.0 30.041004 94.026787 490.981781 2.094243 -1.811449 3.748967 0.021673 0.422503 -2.268975 -0.499861 2.840908 -5.691232 -0.602886 0.613117 10.426491 -3.753792 3.835202 0.529655 -0.214845 0.957219 -3.61266 1.519443 -1.554752 -8.323874 7.7e-05 -2.3e-05 6e-06 0.02086 0.038033 0.043976 0.649264 -3.711844 -10.651867 -0.618137 3.789594 -10.663611 -12.328312 -1.508642 11.832104 -68.538139 6.952838 11.67233 0.133234 -22.354061 0.11217 -5.548324 5.963778 -12.134582 -5.882105 9.861288 0.70259 -10.936872 -0.360576 7.156206 1e-06 8.774827 -2e-06 -16.407141 18.457394 6.479879 -1.844032 2.498505 -2.507277 -10.163597 4.678945 4.621107 -20.976021 -4e-06 3e-06 -21.226282 2.451697 -3.594 1e-06 -7e-06 -0.0 -1.362681 2.240799 -0.746323 -21.334911 0.584909 3.008323 -13.821211 -2e-06 2e-06 -23.887163 -0.249078 -0.839483 -61.39476 2.761256 -0.95394 -0.294025 1.679688 0.833256 -14.218207 0.093216 1.30058 -34.212048 -0.287564 0.967171 -20.033211 0.964536 1.212844 -1e-06 -0.0 -0.0 -3.440388 0.788234 0.501656 -15.928185 -3.167311 2.999708 -6.338826 -1e-06 1e-06 -18.123444 3.648184 -4.905671 -6e-06 0.0 -1e-06 20.443192 16.536274 15.60892 37.757259 24.267021 8.802533 0.207678 50.79353 0.720825 -0.045114 -6.136045 -8.471032 2.243543 -5.255038 -3.180156 14.282886 -0.826594 6.952497 1e-06 -12.690601 -1e-06 15.74967 -17.744785 2.598511 1.665668 -1.955923 -2.878296 4.727798 -4.170587 4.993921 11.02052 1e-06 -2e-06 12.109052 -3.735717 -2.866786 -1e-06 0.0 -1e-06 1.291985 -1.92855 -1.498089 14.800125 0.567466 3.865606 14.242571 -1.341739 -6.660658 19.631966 0.143925 -0.648248 49.509811 -1.043438 -6.583011 0.35303 -1.511151 -0.031941 20.222786 3.684307 2.316628 18.78727 3e-06 -4e-06 10.751625 -0.479869 1.397904 1e-06 1e-06 1e-06 3.273806 0.305946 -0.58011 21.486809 11.830369 2.266132 8.162926 1e-06 -1e-06 18.399076 -3.798986 -4.940578 3e-06 1e-06 0.0 -6.216751 7.632416 -34.464729 -0.008382 0.103501 9.516093 1.57589 2.332288 11.808379 1.806692 -2.005569 -5.633801 -0.0 -0.0 2e-06 -3.791398 -4.197104 16.017 -0.144939 0.398759 15.506992 0.79128 6.830868 -10.859657 -1.459617 0.843056 -16.899538 0.0 -0.0 -1e-06 
0.0 0.0 0.0 0.0 -0.0 0.0 30.721149 93.973938 496.04483 4.818207 -1.297157 3.568249 -1.436121 0.346128 -2.336797 -0.967653 2.878581 -5.827006 -2.217511 0.630485 10.266461 -2.802648 3.498263 0.683528 -0.280926 0.686351 -3.544485 1.721674 -1.469284 -9.267181 7.7e-05 -2.3e-05 6e-06 0.040213 0.082066 0.040788 0.700579 -3.658066 -10.611124 -0.630874 3.825612 -10.622303 -11.566603 -2.33712 12.052257 -68.535187 5.356664 12.242453 0.229151 -20.589417 0.049823 -5.079821 5.919439 -12.758352 -5.882106 9.861284 0.70259 -10.93687 -0.360576 7.156204 1e-06 8.774824 -1e-06 -16.488966 18.43532 6.313581 -1.844032 2.498504 -2.507277 -10.163599 4.678944 4.621108 -20.976021 -5e-06 2e-06 -21.22628 2.451695 -3.593999 1e-06 -6e-06 -0.0 -1.362681 2.240798 -0.746323 -21.334913 0.584909 3.008323 -13.821213 -3e-06 2e-06 -23.887169 -0.24908 -0.839482 -61.081112 2.807118 -1.046625 -0.294025 1.679686 0.833256 -14.218207 0.093214 1.30058 -34.212044 -0.287565 0.967171 -20.033211 0.964537 1.212844 -1e-06 -0.0 0.0 -3.440388 0.788233 0.501655 -15.928185 -3.16731 2.999707 -6.338825 -1e-06 1e-06 -18.123444 3.648182 -4.905669 -6e-06 0.0 -1e-06 20.374249 15.547531 15.671783 41.159172 23.677168 9.643995 0.603897 47.562008 1.019192 -1.051697 -6.074059 -7.890226 2.243541 -5.255035 -3.180158 14.282887 -0.826593 6.952502 -5e-06 -12.690607 2e-06 15.75097 -17.674023 2.661351 1.665665 -1.95592 -2.8783 4.727797 -4.170586 4.993925 11.020524 4e-06 -3e-06 12.109052 -3.735713 -2.866784 -1e-06 1e-06 -2e-06 1.291987 -1.92855 -1.49809 14.800125 0.56747 3.865606 14.242571 -1.341733 -6.660659 19.631969 0.14393 -0.648242 49.38633 -0.909039 -6.453586 0.353029 -1.51115 -0.031939 20.222788 3.684313 2.316628 18.78727 9e-06 -2e-06 10.751625 -0.47987 1.397906 0.0 1e-06 0.0 3.273806 0.305948 -0.580111 21.486818 11.830379 2.266132 8.162926 2e-06 0.0 18.399084 -3.798982 -4.940575 4e-06 0.0 -0.0 -8.798874 5.710732 -35.040752 0.119658 0.03821 16.704782 2.69665 2.484556 12.558871 1.742327 -1.991358 -3.213066 -0.0 0.0 2e-06 -7.776883 -4.911085 14.204954 -0.199476 0.660585 25.174633 0.522911 7.849267 -4.994429 -1.549435 0.839642 -26.368479 -0.0 -0.0 -1e-06 
0.0 0.0 0.0 0.0 -0.0 0.0 31.24283 94.187645 500.93866 6.891438 -0.361802 2.66724 -2.512956 0.298726 -1.722603 -1.359019 2.795743 -5.535022 -3.430673 0.39565 9.787328 -2.096262 3.272452 1.336085 -0.474672 0.304979 -3.472036 1.758951 -1.588545 -10.64715 7.7e-05 -2.3e-05 6e-06 0.047712 0.086293 0.063378 0.732083 -3.658972 -10.571464 -0.649859 3.831691 -10.589705 -9.22655 -3.410603 12.37973 -70.05513 2.873795 13.048431 0.229558 -19.175964 -0.02798 -4.770818 6.502251 -11.966136 -5.882114 9.861296 0.702592 -10.936889 -0.360576 7.156214 1e-06 8.774836 -2e-06 -16.540913 18.386911 6.174156 -1.844035 2.498507 -2.507279 -10.163614 4.678951 4.621113 -20.976053 -0.0 5e-06 -21.226315 2.451703 -3.594001 1e-06 -6e-06 -0.0 -1.362683 2.240801 -0.746324 -21.334946 0.584912 3.008327 -13.821235 -1e-06 3e-06 -23.887203 -0.249076 -0.839482 -60.838013 2.89493 -1.290089 -0.294025 1.679689 0.833257 -14.218229 0.093216 1.300583 -34.212097 -0.28756 0.967174 -20.033241 0.964539 1.212845 -0.0 -0.0 0.0 -3.440393 0.788234 0.501656 -15.928209 -3.167313 2.999712 -6.338836 -1e-06 2e-06 -18.123474 3.64819 -4.905675 -7e-06 1e-06 -1e-06 17.633842 15.044558 15.782942 47.776493 23.549778 10.845573 0.596318 42.179035 0.91873 -1.40625 -6.91385 -7.729211 2.243544 -5.255037 -3.180159 14.282894 -0.826593 6.9525 -4e-06 -12.69061 -0.0 15.890427 -17.661585 2.635486 1.665669 -1.955924 -2.8783 4.727798 -4.170589 4.993925 11.02053 4e-06 -4e-06 12.109058 -3.735715 -2.866786 -0.0 0.0 0.0 1.291986 -1.92855 -1.498091 14.800134 0.56747 3.865603 14.242582 -1.341734 -6.660665 19.631975 0.143931 -0.64825 49.553764 -0.675131 -6.610945 0.353029 -1.51115 -0.03194 20.222801 3.684314 2.316625 18.787281 1e-05 -7e-06 10.751631 -0.479868 1.397904 1e-06 2e-06 -1e-06 3.273807 0.305948 -0.580114 21.48682 11.830384 2.266127 8.162929 4e-06 -4e-06 18.399086 -3.798983 -4.940582 3e-06 0.0 -2e-06 -11.10277 5.242179 -33.546654 0.13352 0.164468 22.490549 4.035544 1.831268 8.511592 1.664863 -2.001418 -1.283758 -0.0 -0.0 2e-06 -10.657412 -5.097072 10.703731 -0.053545 0.727206 37.856247 0.981374 7.865982 4.07497 -1.61734 0.758274 -30.412302 0.0 -0.0 -1e-06 
0.0 0.0 0.0 0.0 -0.0 0.0 31.667194 94.752579 505.494873 8.115394 0.230853 1.797978 -3.253158 0.173323 -1.045797 -1.60638 2.581961 -5.233926 -3.784478 0.182132 9.37192 -2.16577 3.332083 1.761843 -0.541276 -0.128373 -3.451223 1.762745 -1.487782 -11.281953 7.7e-05 -2.2e-05 6e-06 0.047654 0.098678 0.076976 0.729776 -3.65796 -10.548326 -0.648819 3.855377 -10.557544 -7.808604 -4.387769 12.563738 -70.807343 0.438427 13.34736 0.097135 -19.299292 -0.009884 -4.588198 6.982616 -11.781628 -5.882105 9.861283 0.70259 -10.936873 -0.360574 7.156205 1e-06 8.774822 -2e-06 -16.622778 18.450998 6.072534 -1.844032 2.498503 -2.507277 -10.163599 4.678944 4.621107 -20.976023 -4e-06 4e-06 -21.226286 2.451697 -3.593997 -0.0 -6e-06 0.0 -1.362681 2.240798 -0.746323 -21.334911 0.584908 3.008323 -13.821213 -3e-06 3e-06 -23.887167 -0.249079 -0.839481 -60.813473 2.850247 -1.43162 -0.294025 1.679687 0.833256 -14.218207 0.093214 1.300581 -34.212048 -0.287563 0.967173 -20.033211 0.964536 1.212844 -0.0 -0.0 0.0 -3.440388 0.788233 0.501655 -15.928185 -3.16731 2.999707 -6.338826 -1e-06 2e-06 -18.123444 3.648181 -4.905668 -6e-06 0.0 -2e-06 15.401546 14.871346 15.890381 52.88599 23.000547 13.251019 0.213547 36.976074 0.534064 0.287579 -8.774164 -7.161448 2.243543 -5.255037 -3.18016 14.282896 -0.826597 6.952503 -1e-06 -12.690607 0.0 16.172041 -17.557833 2.559608 1.665668 -1.955923 -2.8783 4.727801 -4.170589 4.993924 11.020534 1e-06 -3e-06 12.109058 -3.735717 -2.866785 0.0 -0.0 -0.0 1.291986 -1.92855 -1.498088 14.800132 0.567467 3.865606 14.242579 -1.341735 -6.660664 19.631975 0.143927 -0.64825 49.62458 -0.550295 -6.672021 0.353029 -1.511152 -0.031941 20.222801 3.68431 2.316628 18.787283 6e-06 -5e-06 10.751633 -0.479867 1.397904 1e-06 1e-06 1e-06 3.273808 0.305947 -0.580111 21.48682 11.830377 2.266129 8.16293 1e-06 -4e-06 18.399092 -3.798985 -4.940579 3e-06 -0.0 -0.0 -12.43415 5.455726 -30.148981 0.06354 0.165195 24.121313 4.835587 1.348948 4.059422 1.639074 -2.038992 -1.115908 -0.0 0.0 2e-06 -12.274366 -4.80961 5.30167 0.074465 0.789171 51.163319 2.408597 6.165599 14.076752 -1.368409 0.73477 -19.264006 -0.0 0.0 -1e-06 
0.0 0.0 0.0 0.0 -0.0 0.0 32.032536 95.562347 509.835999 8.862104 0.480111 1.406073 -3.917516 0.071666 -0.696922 -1.715968 2.320722 -5.115131 -3.824134 -0.235781 9.166321 -2.415071 3.545505 2.000343 -0.432345 -0.08306 -3.47405 1.749829 -1.315851 -11.576616 7.7e-05 -2.2e-05 6e-06 0.053852 0.152838 0.100294 0.733668 -3.614171 -10.542639 -0.64062 3.92219 -10.545781 -7.461226 -5.037366 12.366963 -70.276581 -1.77889 13.544171 0.007211 -20.477356 -0.016148 -3.967015 7.029867 -12.532982 -5.882109 9.86129 0.702591 -10.936875 -0.360574 7.156209 -0.0 8.774828 -1e-06 -16.653399 18.457945 6.013358 -1.844033 2.498505 -2.507279 -10.163602 4.678946 4.621111 -20.976028 -2e-06 1e-06 -21.226292 2.451698 -3.594003 0.0 -7e-06 -1e-06 -1.362682 2.240799 -0.746323 -21.334921 0.584911 3.008325 -13.82122 -2e-06 2e-06 -23.887177 -0.249077 -0.839484 -60.868782 2.716648 -1.481578 -0.294025 1.679688 0.833257 -14.218213 0.093216 1.300581 -34.212051 -0.287562 0.96717 -20.033216 0.964537 1.212843 -1e-06 -0.0 0.0 -3.440389 0.788234 0.501656 -15.928191 -3.16731 2.999708 -6.338829 -1e-06 2e-06 -18.123451 3.648186 -4.905674 -5e-06 -0.0 -1e-06 15.177162 14.607327 16.199627 55.039974 22.012754 16.12355 0.158159 33.175652 0.356909 3.005502 -9.939013 -5.849709 2.243543 -5.25504 -3.180159 14.282904 -0.826595 6.95251 -4e-06 -12.690614 -0.0 16.360106 -17.375254 2.446387 1.665668 -1.955923 -2.878302 4.727803 -4.170591 4.993926 11.020537 3e-06 -1e-06 12.109063 -3.735717 -2.866785 0.0 0.0 1e-06 1.291987 -1.92855 -1.498091 14.800144 0.56747 3.86561 14.242586 -1.341735 -6.660662 19.631987 0.143927 -0.648247 49.599739 -0.57951 -6.648207 0.353028 -1.511151 -0.031941 20.222811 3.684314 2.316631 18.787289 6e-06 0.0 10.751638 -0.479868 1.397906 1e-06 1e-06 1e-06 3.27381 0.305948 -0.580113 21.486834 11.830388 2.266133 8.162937 4e-06 -2e-06 18.399103 -3.798983 -4.940578 4e-06 -1e-06 -1e-06 -13.184521 5.753153 -26.250751 0.120373 0.249166 23.407391 5.071674 1.131932 1.024294 1.629214 -2.063707 -1.193534 -0.0 0.0 2e-06 -12.860202 -4.069287 -0.815173 0.132216 0.646919 62.210449 2.352165 4.377188 16.65666 -1.243932 0.883101 -7.36584 0.0 -0.0 -1e-06 
0.0 0.0 0.0 0.0 -0.0 0.0 32.382965 96.58828 514.115967 8.988947 1.004059 1.128512 -4.356349 -0.08313 -0.485712 -1.762499 1.82848 -5.059567 -3.553793 -0.749924 9.14668 -2.429481 3.674542 2.348917 -0.397656 0.140874 -3.499107 1.69937 -1.077368 -11.900485 7.7e-05 -2.3e-05 6e-06 0.056586 0.175552 0.101424 0.739509 -3.59278 -10.543147 -0.639897 3.947904 -10.546258 -7.32439 -5.520298 12.136844 -69.218323 -4.284402 14.048676 -0.036842 -21.969091 -0.043903 -2.822488 6.673724 -13.056044 -5.88211 9.861292 0.70259 -10.936875 -0.360575 7.156206 -0.0 8.77483 -1e-06 -16.697355 18.408495 5.934997 -1.844033 2.498506 -2.507278 -10.163604 4.678947 4.621109 -20.976034 -2e-06 1e-06 -21.226299 2.451699 -3.594002 -0.0 -6e-06 -0.0 -1.362682 2.240799 -0.746323 -21.334921 0.584911 3.008323 -13.82122 -2e-06 1e-06 -23.88718 -0.249078 -0.839485 -60.767075 2.66224 -1.454857 -0.294025 1.679688 0.833256 -14.218214 0.093216 1.300581 -34.212055 -0.287563 0.967169 -20.033222 0.964537 1.212842 -0.0 -0.0 -0.0 -3.44039 0.788234 0.501656 -15.928191 -3.16731 2.999707 -6.338828 -1e-06 -0.0 -18.123453 3.648187 -4.905674 -5e-06 0.0 -1e-06 15.662561 13.995488 16.464386 56.105896 20.485075 18.2768 0.324136 31.045851 0.28591 5.022981 -10.389325 -4.787204 2.243543 -5.255038 -3.180155 14.282896 -0.826594 6.9525 -3e-06 -12.690609 0.0 16.334463 -17.246103 2.343022 1.665666 -1.955921 -2.8783 4.727801 -4.170588 4.993922 11.020533 3e-06 -1e-06 12.109058 -3.735718 -2.866788 -0.0 -1e-06 1e-06 1.291987 -1.92855 -1.49809 14.800132 0.567468 3.865606 14.242578 -1.341737 -6.66066 19.631975 0.143928 -0.648245 49.567429 -0.576584 -6.657605 0.353029 -1.511151 -0.031939 20.222801 3.684312 2.316627 18.787279 6e-06 -3e-06 10.751631 -0.479869 1.397905 0.0 -0.0 0.0 3.273809 0.305948 -0.580112 21.486822 11.830379 2.26613 8.16293 2e-06 -3e-06 18.399092 -3.798982 -4.940579 4e-06 -1e-06 -0.0 -13.193921 5.60145 -21.635395 0.134558 0.253382 20.936306 4.908331 1.143907 -0.737037 1.612229 -2.078262 -1.163529 -0.0 0.0 2e-06 -12.389387 -3.675158 -6.850967 0.151131 0.351993 70.020859 0.775438 2.879299 12.769472 -1.350614 0.934954 -5.590022 0.0 0.0 0.0 
0.0 0.0 0.0 0.0 -0.0 0.0 32.692417 97.62468 518.40155 8.555364 2.003883 0.739093 -4.571688 -0.311691 -0.187724 -1.722746 1.203247 -4.959012 -3.027116 -1.400291 9.085084 -2.180485 3.680036 3.010592 -0.414142 0.32243 -3.523531 1.605227 -0.863175 -12.225752 7.7e-05 -2.3e-05 6e-06 0.053649 0.170762 0.09535 0.733923 -3.597033 -10.544118 -0.638171 3.942762 -10.544743 -6.653389 -6.147506 12.011415 -68.456993 -6.963586 14.765688 -0.033315 -23.727829 -0.109137 -1.620838 6.161729 -13.004436 -5.882108 9.861286 0.70259 -10.936873 -0.360575 7.156205 0.0 8.774827 -1e-06 -16.61438 18.298107 5.905305 -1.844033 2.498505 -2.507278 -10.163603 4.678946 4.621109 -20.976027 -3e-06 1e-06 -21.226292 2.451697 -3.594 -0.0 -6e-06 0.0 -1.362682 2.240798 -0.746323 -21.334919 0.58491 3.008322 -13.821217 -2e-06 1e-06 -23.887175 -0.249078 -0.839484 -60.627766 2.647647 -1.308968 -0.294025 1.679688 0.833256 -14.218212 0.093216 1.30058 -34.212063 -0.287563 0.967169 -20.033216 0.964536 1.212842 -0.0 0.0 -0.0 -3.440389 0.788234 0.501655 -15.928189 -3.16731 2.999707 -6.338827 -1e-06 0.0 -18.123449 3.648184 -4.905673 -4e-06 -1e-06 -2e-06 15.796624 13.050001 16.491381 57.384216 18.411732 19.216032 0.462092 30.128908 0.237916 6.059652 -10.623681 -4.598534 2.243542 -5.255037 -3.180159 14.282887 -0.826596 6.952499 -1e-06 -12.690603 -1e-06 16.313761 -17.1968 2.285391 1.665666 -1.955922 -2.878298 4.727798 -4.170586 4.993923 11.020524 2e-06 -1e-06 12.109051 -3.735716 -2.866783 0.0 -1e-06 2e-06 1.291986 -1.92855 -1.498089 14.800125 0.567466 3.865607 14.242569 -1.341739 -6.660657 19.631962 0.143924 -0.648247 49.525345 -0.507362 -6.637344 0.353029 -1.51115 -0.03194 20.222788 3.684307 2.31663 18.78727 3e-06 -3e-06 10.751627 -0.479868 1.397903 -0.0 0.0 0.0 3.273806 0.305947 -0.580111 21.486809 11.830371 2.266133 8.162926 1e-06 -1e-06 18.399078 -3.798987 -4.940577 3e-06 -1e-06 -1e-06 -12.549739 5.260878 -16.598997 0.0689 0.156116 17.832418 4.482613 0.929148 -1.817709 1.613703 -2.063911 -1.088847 -0.0 0.0 2e-06 -11.081203 -3.9575 -12.47461 0.160972 0.11113 74.025963 -1.170728 1.029831 9.155 -1.436481 0.954167 -5.161831 0.0 -0.0 -1e-06 
0.0 0.0 0.0 0.0 -0.0 0.0 32.908611 98.549675 522.720642 7.712494 3.370795 0.260378 -4.618072 -0.543934 0.207323 -1.612672 0.535806 -4.815201 -2.344816 -2.16981 8.935588 -1.736893 3.586317 3.937194 -0.413651 0.423446 -3.548352 1.512229 -0.665071 -12.453599 7.7e-05 -2.2e-05 6e-06 0.047429 0.147647 0.089522 0.724029 -3.620423 -10.562769 -0.638421 3.919489 -10.557248 -5.477565 -6.990631 11.906321 -67.931496 -9.53521 15.579252 0.038919 -25.918941 -0.215769 -0.707885 5.593291 -12.555203 -5.882114 9.861301 0.702592 -10.936887 -0.360575 7.156212 -1e-06 8.774838 -1e-06 -16.403326 18.19492 5.94659 -1.844035 2.498509 -2.507279 -10.163614 4.678952 4.621112 -20.976055 -2e-06 3e-06 -21.226318 2.451701 -3.594007 -1e-06 -6e-06 -0.0 -1.362683 2.240802 -0.746324 -21.334942 0.584912 3.008326 -13.821234 -2e-06 2e-06 -23.887203 -0.249079 -0.839485 -60.491146 2.645515 -1.117478 -0.294026 1.67969 0.833256 -14.218229 0.093216 1.300582 -34.212101 -0.287564 0.967169 -20.033243 0.964537 1.212843 1e-06 -1e-06 -1e-06 -3.440393 0.788235 0.501656 -15.928208 -3.167314 2.99971 -6.338836 -0.0 2e-06 -18.123474 3.648189 -4.905679 -2e-06 1e-06 -2e-06 15.583374 11.815025 16.306416 58.845169 15.941281 18.927488 0.615027 29.802677 0.244995 6.444269 -10.965441 -5.319983 2.243544 -5.255041 -3.180156 14.2829 -0.826596 6.952503 -2e-06 -12.690614 1e-06 16.338551 -17.227814 2.269875 1.665668 -1.955924 -2.8783 4.727801 -4.170591 4.993921 11.020535 3e-06 0.0 12.10906 -3.735717 -2.866788 -0.0 0.0 -1e-06 1.291987 -1.92855 -1.498089 14.800136 0.567469 3.865607 14.24258 -1.341737 -6.660662 19.631979 0.143929 -0.648248 49.488335 -0.43867 -6.582088 0.353029 -1.511152 -0.031941 20.222803 3.684313 2.316629 18.787287 6e-06 -2e-06 10.751634 -0.479867 1.397903 0.0 -0.0 -1e-06 3.273808 0.305948 -0.580112 21.486828 11.830387 2.266129 8.162933 4e-06 -2e-06 18.399094 -3.798986 -4.940579 3e-06 1e-06 -2e-06 -11.368649 4.932756 -11.248019 -0.009345 -0.001503 14.21913 3.902125 0.379032 -2.332372 1.621015 -2.033514 -1.057358 -0.0 -0.0 2e-06 -9.306452 -4.82665 -17.537748 0.154281 -0.067203 74.457161 -2.862 -0.851179 6.436682 -1.472033 0.941762 -5.119317 0.0 0.0 -2e-06 
0.0 0.0 0.0 0.0 -0.0 0.0 32.994419 99.189903 526.852783 6.8601 4.849948 -0.086646 -4.636583 -0.729141 0.563344 -1.504395 -0.11976 -4.676703 -1.701172 -2.854213 8.755537 -1.137397 3.396665 4.852932 -0.383413 0.512344 -3.592824 1.456288 -0.505554 -12.477307 7.7e-05 -2.3e-05 6e-06 0.038281 0.101935 0.083742 0.713908 -3.662534 -10.588068 -0.644493 3.870054 -10.574168 -4.201426 -7.946441 11.696781 -67.157631 -11.859735 16.214626 0.09801 -28.476019 -0.298813 -0.147387 4.942715 -12.246923 -5.88211 9.86129 0.70259 -10.936876 -0.360574 7.156207 -0.0 8.774828 -3e-06 -16.20878 18.15472 6.025929 -1.844033 2.498504 -2.507279 -10.163605 4.678949 4.621108 -20.976034 -1e-06 2e-06 -21.226297 2.451701 -3.594002 -0.0 -6e-06 0.0 -1.362682 2.240798 -0.746323 -21.334925 0.584911 3.008325 -13.821219 -1e-06 2e-06 -23.887182 -0.249078 -0.839484 -60.469563 2.653167 -1.005254 -0.294025 1.679688 0.833256 -14.218215 0.093216 1.300581 -34.212067 -0.287562 0.967168 -20.033222 0.964538 1.212841 0.0 -0.0 -1e-06 -3.44039 0.788233 0.501656 -15.928192 -3.167309 2.999707 -6.338829 1e-06 2e-06 -18.123455 3.648185 -4.905674 -3e-06 -0.0 -0.0 15.372442 10.458956 15.987907 60.038006 13.301954 17.893789 0.7639 29.56749 0.300431 6.470428 -11.459968 -6.033306 2.243542 -5.255039 -3.180157 14.282891 -0.826595 6.952501 -1e-06 -12.690607 -1e-06 16.311384 -17.269527 2.341121 1.665666 -1.955922 -2.878299 4.727799 -4.170589 4.993923 11.020528 2e-06 -1e-06 12.109053 -3.735718 -2.866786 -1e-06 0.0 0.0 1.291986 -1.928551 -1.498089 14.800127 0.567469 3.865606 14.242571 -1.341739 -6.660656 19.631968 0.143925 -0.648246 49.45229 -0.403561 -6.507232 0.353029 -1.511151 -0.031941 20.22279 3.68431 2.316626 18.787271 5e-06 -3e-06 10.751627 -0.479867 1.397905 -0.0 2e-06 1e-06 3.273807 0.305946 -0.580113 21.486813 11.830376 2.266133 8.162927 1e-06 -3e-06 18.399084 -3.798983 -4.940579 3e-06 1e-06 -1e-06 -10.051775 4.759109 -6.125377 -0.050428 -0.138194 10.358397 3.287256 -0.390042 -2.768613 1.628473 -1.98765 -1.104276 0.0 -0.0 2e-06 -7.701681 -5.917228 -22.147955 0.097572 -0.224219 71.693703 -3.656382 -2.211536 4.391594 -1.494334 0.920413 -5.305849 0.0 -0.0 -3e-06 
0.0 0.0 0.0 0.0 -0.0 0.0 33.036652 99.482758 531.064148 6.313423 6.226194 -0.143511 -4.732782 -0.834855 0.802086 -1.446655 -0.732214 -4.582338 -1.233044 -3.338538 8.624457 -0.434219 3.211499 5.461038 -0.381015 0.594753 -3.650187 1.418274 -0.45313 -12.445233 7.7e-05 -2.2e-05 6e-06 0.028404 0.037207 0.075302 0.701636 -3.717163 -10.593174 -0.650292 3.796624 -10.574201 -3.142899 -8.832811 11.41128 -65.932274 -14.006506 16.413664 0.089293 -31.012747 -0.322503 0.417681 4.210336 -12.459463 -5.882108 9.861288 0.702589 -10.936873 -0.360573 7.156206 -0.0 8.774828 -1e-06 -16.028084 18.152084 6.140844 -1.844033 2.498504 -2.507277 -10.163602 4.678947 4.621109 -20.976027 -2e-06 2e-06 -21.226288 2.451699 -3.594001 -0.0 -6e-06 -1e-06 -1.362682 2.240798 -0.746322 -21.334917 0.584913 3.008323 -13.821215 -2e-06 1e-06 -23.887175 -0.249077 -0.839484 -60.557339 2.706852 -0.991935 -0.294025 1.679688 0.833255 -14.218212 0.093216 1.300581 -34.212048 -0.287562 0.967166 -20.033215 0.964538 1.212842 1e-06 -0.0 -1e-06 -3.440389 0.788232 0.501655 -15.928187 -3.167308 2.999707 -6.338828 -0.0 2e-06 -18.123444 3.648186 -4.905671 -4e-06 1e-06 -1e-06 15.436081 9.226335 15.725244 60.649456 10.807289 16.546764 0.830201 29.282663 0.34771 6.405542 -12.043922 -6.432906 2.243542 -5.255036 -3.180156 14.282887 -0.826597 6.952499 0.0 -12.690601 0.0 16.200947 -17.301592 2.469484 1.665666 -1.955921 -2.878299 4.727798 -4.170587 4.993923 11.020522 1e-06 -1e-06 12.109048 -3.735717 -2.866784 -1e-06 0.0 -1e-06 1.291986 -1.928549 -1.498087 14.800122 0.567465 3.865604 14.242569 -1.341738 -6.660658 19.631964 0.143923 -0.648248 49.373264 -0.343849 -6.477336 0.353029 -1.51115 -0.031942 20.222786 3.684304 2.316627 18.78727 1e-06 -4e-06 10.751625 -0.47987 1.397905 0.0 0.0 0.0 3.273806 0.305946 -0.580109 21.486803 11.830366 2.266128 8.162923 0.0 -1e-06 18.399076 -3.798985 -4.940578 2e-06 -0.0 -1e-06 -8.978437 4.768807 -1.466885 -0.043467 -0.202169 6.600455 2.681983 -1.099914 -3.265994 1.639995 -1.923463 -1.238964 -0.0 -0.0 2e-06 -6.617362 -6.800958 -26.221563 0.017588 -0.302405 66.189835 -3.397285 -3.341301 2.636007 -1.515187 0.928015 -5.451674 0.0 -0.0 -4e-06 
0.0 0.0 0.0 0.0 -0.0 0.0 33.067711 99.469864 535.312561 6.202695 7.428282 0.048438 -4.967832 -0.871426 0.894636 -1.43503 -1.328294 -4.505951 -0.992008 -3.594607 8.600751 0.219379 3.018427 5.701573 -0.45371 0.696441 -3.725727 1.396249 -0.492357 -12.388098 7.7e-05 -2.2e-05 6e-06 0.018655 -0.012822 0.063616 0.68499 -3.755203 -10.57433 -0.652268 3.736836 -10.55536 -2.356818 -9.58554 11.078665 -64.46611 -15.911557 15.947131 0.095179 -33.284943 -0.293304 1.275654 3.665993 -12.944296 -5.882108 9.861288 0.70259 -10.936873 -0.360575 7.156204 -0.0 8.774828 -1e-06 -15.830151 18.223389 6.265441 -1.844033 2.498505 -2.507278 -10.163603 4.678947 4.621107 -20.97603 -3e-06 -0.0 -21.226294 2.451696 -3.594005 1e-06 -6e-06 -1e-06 -1.362682 2.240798 -0.746324 -21.334917 0.58491 3.008323 -13.821218 -2e-06 1e-06 -23.887175 -0.249078 -0.839485 -60.692978 2.781284 -1.082989 -0.294026 1.67969 0.833256 -14.21821 0.093215 1.30058 -34.212055 -0.287565 0.967168 -20.033218 0.964536 1.212842 1e-06 -0.0 -1e-06 -3.44039 0.788235 0.501656 -15.928189 -3.167309 2.999706 -6.338828 -1e-06 -1e-06 -18.123453 3.648184 -4.905674 -4e-06 1e-06 -0.0 15.803627 8.298122 15.541648 60.691437 8.55496 15.712051 0.57932 28.905893 0.288416 6.625148 -12.552707 -6.791051 2.243541 -5.255037 -3.180159 14.282891 -0.826595 6.952503 -2e-06 -12.690606 1e-06 16.007557 -17.372955 2.616807 1.665666 -1.955922 -2.8783 4.727799 -4.170588 4.993926 11.020526 3e-06 -0.0 12.109052 -3.735715 -2.866785 0.0 -0.0 -1e-06 1.291985 -1.928549 -1.498088 14.800129 0.567468 3.865608 14.242571 -1.341737 -6.660658 19.631962 0.143926 -0.648244 49.318897 -0.233356 -6.472003 0.353029 -1.511151 -0.031939 20.22279 3.684309 2.316631 18.787273 3e-06 -2e-06 10.751628 -0.479869 1.397906 -0.0 1e-06 -1e-06 3.273807 0.305947 -0.580111 21.486813 11.830377 2.266133 8.162928 1e-06 -1e-06 18.399084 -3.798986 -4.940577 2e-06 -1e-06 -1e-06 -8.406062 4.781367 2.325032 -0.020285 -0.182771 3.537751 2.244916 -1.605056 -3.726059 1.653881 -1.876059 -1.448924 -0.0 0.0 2e-06 -6.136246 -7.369147 -29.551142 0.023499 -0.190246 58.211369 -2.775837 -4.814178 0.922422 -1.52086 1.003799 -5.29241 0.0 -0.0 -1e-06 
0.0 0.0 0.0 0.0 -0.0 0.0 33.085812 99.170837 539.461304 6.344999 8.385797 0.340994 -5.234283 -0.865158 0.854414 -1.398464 -1.85008 -4.414576 -0.964796 -3.69574 8.677797 0.609041 2.720701 5.648695 -0.535915 0.914599 -3.810481 1.39429 -0.513314 -12.289802 7.7e-05 -2.3e-05 6e-06 0.004132 -0.057074 0.083123 0.672697 -3.774525 -10.506605 -0.668929 3.667369 -10.490758 -1.767798 -10.26671 10.614209 -63.171135 -17.090483 14.939345 0.081662 -35.336517 -0.235119 2.305872 3.426737 -12.802578 -5.882106 9.861286 0.70259 -10.936872 -0.360574 7.156202 -0.0 8.774824 1e-06 -15.768014 18.307711 6.223408 -1.844034 2.498504 -2.507279 -10.163597 4.678944 4.621105 -20.976021 -2e-06 1e-06 -21.226286 2.451697 -3.594002 1e-06 -6e-06 0.0 -1.362681 2.240797 -0.746323 -21.334913 0.584912 3.00832 -13.821213 -2e-06 0.0 -23.887173 -0.24908 -0.839486 -60.970039 2.717186 -1.288832 -0.294026 1.679687 0.833255 -14.218207 0.093214 1.300578 -34.212048 -0.287563 0.967165 -20.033211 0.964536 1.212841 0.0 -1e-06 1e-06 -3.440387 0.788233 0.501655 -15.928183 -3.167308 2.999705 -6.338825 -2e-06 0.0 -18.123444 3.648181 -4.905672 -5e-06 1e-06 -2e-06 16.242994 7.67744 15.433923 60.56731 6.592614 15.734837 -0.091704 28.418228 0.08092 7.004667 -12.653251 -7.292131 2.243541 -5.255035 -3.180155 14.282885 -0.826595 6.952496 -1e-06 -12.690598 -1e-06 15.765253 -17.504736 2.834991 1.665666 -1.955921 -2.878295 4.727797 -4.170586 4.993919 11.02052 2e-06 -2e-06 12.109047 -3.735716 -2.866783 0.0 -0.0 0.0 1.291985 -1.928549 -1.498088 14.800122 0.567467 3.865606 14.242567 -1.341738 -6.660654 19.631958 0.143923 -0.648244 49.576351 -0.161856 -6.379377 0.353029 -1.51115 -0.03194 20.222784 3.684307 2.316629 18.787266 4e-06 -2e-06 10.751624 -0.479868 1.397904 -1e-06 -0.0 -1e-06 3.273806 0.305946 -0.580111 21.486803 11.830368 2.266131 8.162926 1e-06 -1e-06 18.399076 -3.798983 -4.940576 3e-06 0.0 -1e-06 -8.114693 4.358174 4.984073 -0.021934 -0.05197 2.564777 2.067771 -1.692324 -5.102404 1.666795 -1.910596 -1.44158 0.0 0.0 2e-06 -6.119023 -7.751581 -31.522642 0.118902 0.080856 47.39719 -2.739828 -6.366968 0.595299 -1.480235 1.102893 -5.093482 -0.0 0.0 -1e-06 
0.0 0.0 0.0 0.0 -0.0 0.0 33.037285 98.952423 543.151917 6.508661 9.082843 0.726689 -5.40919 -0.816614 0.641711 -1.37232 -2.305584 -4.411027 -0.970255 -3.655086 8.847741 0.899231 2.441776 5.741979 -0.6052 0.9002 -3.827658 1.443109 -0.511252 -12.078406 7.7e-05 -2.2e-05 6e-06 -0.009868 -0.119802 0.094786 0.657435 -3.825661 -10.484788 -0.681364 3.591719 -10.460728 -1.476774 -10.660275 10.123797 -61.696957 -18.684151 14.242337 0.224962 -36.9039 -0.274035 3.461464 3.352862 -12.148878 -5.882107 9.861285 0.702591 -10.936873 -0.360575 7.156209 -0.0 8.774826 -3e-06 -15.732817 18.356871 6.140663 -1.844033 2.498506 -2.507278 -10.163602 4.678946 4.621111 -20.976027 -2e-06 4e-06 -21.226288 2.451698 -3.593998 0.0 -6e-06 -0.0 -1.362682 2.240798 -0.746323 -21.334917 0.584911 3.008326 -13.821215 -1e-06 3e-06 -23.887171 -0.249077 -0.839481 -61.154285 2.660085 -1.500273 -0.294025 1.679688 0.833257 -14.21821 0.093215 1.30058 -34.212051 -0.287561 0.967172 -20.033215 0.964538 1.212843 -0.0 -0.0 0.0 -3.44039 0.788235 0.501656 -15.928189 -3.167308 2.99971 -6.338828 1e-06 0.0 -18.123446 3.648184 -4.905668 -4e-06 -0.0 -2e-06 16.508495 7.416962 15.215571 60.436726 4.516845 15.729501 -0.577207 27.38966 -0.118253 6.576402 -12.222465 -7.46878 2.243542 -5.255037 -3.180157 14.282892 -0.826595 6.952504 -3e-06 -12.690603 2e-06 15.677194 -17.616024 2.916638 1.665666 -1.955921 -2.878301 4.727799 -4.170587 4.993923 11.020528 3e-06 -2e-06 12.109054 -3.735715 -2.866784 0.0 -0.0 -0.0 1.291986 -1.928549 -1.498089 14.800129 0.567468 3.865606 14.242575 -1.341737 -6.660658 19.631969 0.143927 -0.648246 49.83054 -0.077242 -6.332166 0.353029 -1.51115 -0.03194 20.222794 3.68431 2.316629 18.787275 6e-06 -4e-06 10.751631 -0.479867 1.397906 -2e-06 -0.0 0.0 3.273807 0.305947 -0.580111 21.486818 11.830376 2.266131 8.162929 2e-06 -1e-06 18.39908 -3.798985 -4.940575 3e-06 -0.0 -1e-06 -7.876244 3.595919 7.653973 -0.007224 0.043333 1.153226 1.907926 -1.442245 -6.421346 1.686039 -1.920088 -1.357896 0.0 -0.0 2e-06 -6.524714 -7.841571 -33.419174 0.126001 0.320381 37.528782 -1.696424 -7.25549 0.302869 -1.449255 1.185043 -4.748373 -0.0 0.0 -1e-06 
0.0 0.0 0.0 0.0 -0.0 0.0 32.819721 98.609367 546.977966 6.076049 9.492572 0.937338 -5.225881 -0.869619 0.258418 -1.257263 -2.413284 -4.424047 -0.731578 -3.592323 9.296361 1.218488 2.213531 5.914691 -0.537532 1.640544 -3.949627 1.096845 -0.743629 -11.386179 7.7e-05 -2.3e-05 6e-06 -0.003089 -0.073321 0.083386 0.685495 -3.770346 -10.509714 -0.695136 3.632784 -10.508794 -1.42594 -11.094157 9.977333 -61.102936 -20.151611 12.275331 -0.091599 -38.268562 -0.129396 6.690941 3.629518 -11.428019 -5.882113 9.861294 0.70259 -10.93688 -0.360573 7.15621 -2e-06 8.774834 -1e-06 -15.696849 18.629759 6.10938 -1.844035 2.498507 -2.50728 -10.163609 4.678952 4.62111 -20.97604 0.0 -4e-06 -21.226303 2.451699 -3.59401 0.0 -6e-06 0.0 -1.362683 2.240799 -0.746324 -21.33493 0.584914 3.008321 -13.821226 -1e-06 -2e-06 -23.887192 -0.249078 -0.839489 -61.044407 2.888675 -1.803661 -0.294025 1.679689 0.833257 -14.218219 0.093217 1.300579 -34.212078 -0.287562 0.967162 -20.033232 0.964535 1.212839 -0.0 0.0 0.0 -3.440391 0.788236 0.501655 -15.928198 -3.167309 2.999707 -6.338832 2e-06 -2e-06 -18.123466 3.648187 -4.905681 -4e-06 1e-06 -3e-06 16.957138 7.208851 15.287755 59.644169 3.722575 18.500237 -0.849041 25.012335 -0.164973 6.953913 -11.390793 -7.808794 2.243543 -5.25504 -3.180158 14.282895 -0.826597 6.952503 1e-06 -12.690611 -1e-06 15.622246 -17.658237 2.921033 1.665667 -1.955923 -2.878301 4.7278 -4.17059 4.993926 11.02053 1e-06 -2e-06 12.109056 -3.735721 -2.866787 -0.0 1e-06 -0.0 1.291986 -1.92855 -1.498091 14.800132 0.567466 3.865607 14.242577 -1.341741 -6.660662 19.631969 0.143922 -0.648248 49.889332 -0.180883 -6.37403 0.353029 -1.511151 -0.031941 20.222797 3.684308 2.316629 18.787279 1e-06 -2e-06 10.751632 -0.47987 1.397905 -1e-06 1e-06 -1e-06 3.273808 0.305947 -0.58011 21.486818 11.830379 2.266135 8.162928 1e-06 -1e-06 18.39909 -3.798989 -4.94058 4e-06 0.0 -1e-06 -7.170147 2.396318 9.700432 -0.019237 0.100096 1.233431 2.308342 -0.593996 -8.624234 1.677959 -1.993404 -1.985288 0.0 0.0 2e-06 -7.944659 -6.136407 -33.899139 0.071258 0.473236 29.921547 0.439159 -6.594169 3.189788 -1.40111 1.330177 -4.440227 -0.0 -0.0 -1e-06 
0.0 0.0 0.0 0.0 -0.0 0.0 32.476562 98.036072 550.853638 5.497689 10.063196 1.024098 -4.901148 -0.87257 -0.171163 -1.172677 -2.52933 -4.577286 -0.440007 -3.701396 9.906458 1.498582 2.161472 6.17578 -0.512192 2.060698 -4.048186 0.664523 -0.860161 -10.537253 7.7e-05 -2.3e-05 6e-06 -0.001109 -0.027367 0.072146 0.689234 -3.721972 -10.51971 -0.694284 3.67746 -10.5459 -1.455522 -11.193103 10.173312 -60.660316 -21.101219 10.987614 -0.033803 -39.578884 -0.144842 8.73889 3.502932 -10.344791 -5.882109 9.861292 0.702591 -10.936873 -0.360573 7.156207 -0.0 8.774831 1e-06 -15.733657 18.873503 6.242119 -1.844034 2.498505 -2.507279 -10.163604 4.678951 4.62111 -20.976034 -2e-06 -1e-06 -21.226299 2.451699 -3.594005 1e-06 -7e-06 -1e-06 -1.362683 2.2408 -0.746323 -21.334923 0.584914 3.008322 -13.821219 -0.0 -0.0 -23.88718 -0.249079 -0.839489 -61.227314 2.94621 -1.703231 -0.294025 1.679688 0.833257 -14.218215 0.093218 1.300578 -34.212067 -0.287563 0.967165 -20.033222 0.964537 1.212839 2e-06 2e-06 0.0 -3.44039 0.788234 0.501656 -15.928192 -3.167308 2.999708 -6.338829 1e-06 -2e-06 -18.123455 3.648186 -4.905675 -5e-06 0.0 -2e-06 17.538666 7.022546 15.737091 58.86348 3.539989 20.090496 -0.650881 22.736963 -0.058427 7.264424 -10.904783 -7.424541 2.243542 -5.255038 -3.180157 14.282893 -0.826595 6.952501 -1e-06 -12.69061 2e-06 15.570844 -17.717518 2.943561 1.665666 -1.955922 -2.878299 4.7278 -4.170589 4.993924 11.020529 2e-06 -2e-06 12.109054 -3.735717 -2.866786 -0.0 1e-06 -0.0 1.291986 -1.92855 -1.498089 14.800132 0.567468 3.865607 14.242577 -1.341739 -6.660658 19.631971 0.143926 -0.648244 49.904381 -0.217645 -6.379463 0.353029 -1.511151 -0.03194 20.222795 3.68431 2.316631 18.787275 3e-06 -2e-06 10.751631 -0.479871 1.397907 -1e-06 1e-06 -2e-06 3.273807 0.305947 -0.58011 21.486816 11.830379 2.266132 8.162929 2e-06 -3e-06 18.399088 -3.798988 -4.940577 4e-06 -0.0 -1e-06 -6.057578 1.811143 11.856908 -0.053988 0.099557 1.506854 2.64762 -0.309602 -10.761467 1.686901 -2.019112 -2.450939 -0.0 -0.0 2e-06 -9.503098 -3.845904 -33.640514 0.003322 0.61948 26.214769 2.690796 -5.492633 5.187988 -1.378665 1.370166 -4.090119 0.0 0.0 -1e-06 
0.0 0.0 0.0 0.0 -0.0 0.0 32.016777 97.260986 554.894226 4.787271 10.817436 1.017839 -4.47229 -0.853345 -0.644165 -1.124697 -2.735268 -4.794334 -0.129265 -3.842434 10.568271 1.777207 2.16487 6.655762 -0.503544 2.289883 -4.080522 0.251547 -0.7736 -9.904533 7.7e-05 -2.3e-05 6e-06 -0.003038 -0.024199 0.078173 0.681059 -3.715523 -10.473868 -0.689111 3.677307 -10.517693 -1.502235 -11.075056 10.628011 -60.258865 -21.467094 10.081029 -0.151985 -41.011986 -0.15175 9.508212 3.290962 -8.970127 -5.882107 9.861285 0.70259 -10.936872 -0.360573 7.156203 -1e-06 8.774825 -1e-06 -15.922148 19.00778 6.292439 -1.844033 2.498504 -2.507277 -10.163601 4.678946 4.621109 -20.976027 -2e-06 2e-06 -21.22629 2.451698 -3.594002 -1e-06 -7e-06 -1e-06 -1.362681 2.240798 -0.746323 -21.334915 0.58491 3.008323 -13.821215 0.0 2e-06 -23.887171 -0.249079 -0.839485 -61.679539 2.968729 -1.52624 -0.294024 1.679686 0.833256 -14.218208 0.093214 1.300581 -34.212048 -0.287564 0.967172 -20.033213 0.964537 1.212843 1e-06 1e-06 -0.0 -3.440389 0.788233 0.501657 -15.928185 -3.167311 2.999707 -6.338825 1e-06 1e-06 -18.123444 3.648183 -4.905671 -4e-06 -1e-06 -3e-06 18.064308 6.953241 16.504593 58.235825 3.839401 21.826838 -0.495752 20.489023 0.007695 7.786071 -10.425237 -7.164647 2.243542 -5.255037 -3.180159 14.282889 -0.826596 6.952503 -1e-06 -12.690607 -0.0 15.616596 -17.784302 2.887153 1.665666 -1.955922 -2.878299 4.727798 -4.170588 4.993923 11.020523 3e-06 -3e-06 12.10905 -3.735717 -2.866786 0.0 -0.0 -0.0 1.291985 -1.92855 -1.49809 14.800125 0.567467 3.865608 14.242569 -1.341737 -6.660659 19.631968 0.143925 -0.648246 49.887386 -0.185722 -6.560964 0.353029 -1.511151 -0.03194 20.22279 3.684309 2.31663 18.78727 3e-06 -1e-06 10.751627 -0.479868 1.397906 -0.0 3e-06 -0.0 3.273806 0.305947 -0.580111 21.486813 11.830376 2.266132 8.162927 1e-06 -2e-06 18.399084 -3.798987 -4.940579 4e-06 -2e-06 -1e-06 -4.575505 1.407604 14.309994 -0.074138 0.0098 1.820274 2.800802 -0.375343 -12.775487 1.711434 -2.03916 -2.91114 0.0 0.0 2e-06 -10.431593 -1.621063 -33.015358 -0.040452 0.821995 26.612148 4.155249 -5.088529 5.527751 -1.39274 1.350418 -3.864094 0.0 0.0 -1e-06 
0.0 0.0 0.0 0.0 -0.0 0.0 31.447229 96.36747 559.028381 3.943124 11.381783 1.092965 -3.926167 -0.809494 -1.212755 -1.073696 -2.888304 -4.97918 0.158418 -4.034154 11.054827 1.955339 2.090469 7.181348 -0.49554 2.424792 -4.053684 -0.122478 -0.354953 -9.213392 7.7e-05 -2.3e-05 6e-06 0.00337 -0.103125 0.081894 0.693598 -3.791058 -10.463891 -0.689379 3.59408 -10.511314 -1.599725 -10.709225 11.325871 -60.014545 -20.807682 9.318136 -0.376257 -42.763977 0.012218 9.657046 2.950174 -7.820291 -5.882109 9.86129 0.70259 -10.936875 -0.360573 7.156203 0.0 8.774826 -2e-06 -16.188141 19.140312 6.191986 -1.844034 2.498506 -2.507278 -10.163602 4.678946 4.621108 -20.97603 -0.0 1e-06 -21.226294 2.451698 -3.594002 -0.0 -7e-06 -0.0 -1.362682 2.240799 -0.746322 -21.334917 0.584912 3.008319 -13.821217 -0.0 -0.0 -23.887175 -0.249077 -0.839487 -61.919319 3.013498 -1.524739 -0.294025 1.67969 0.833256 -14.218212 0.093216 1.30058 -34.212059 -0.287564 0.967165 -20.033216 0.964534 1.212838 1e-06 1e-06 1e-06 -3.440389 0.788234 0.501657 -15.928189 -3.167308 2.999705 -6.338827 -1e-06 -1e-06 -18.123449 3.648183 -4.905674 -4e-06 -1e-06 -2e-06 18.358757 6.889205 17.223503 57.915676 4.568329 23.874079 -0.414164 18.562269 0.032259 8.517138 -10.227006 -7.315777 2.243543 -5.25504 -3.18016 14.282898 -0.826595 6.952507 -3e-06 -12.690613 -1e-06 15.841973 -17.944267 2.783235 1.665667 -1.955923 -2.878299 4.727801 -4.17059 4.993927 11.020534 4e-06 -3e-06 12.109059 -3.735718 -2.866785 0.0 -1e-06 0.0 1.291986 -1.928551 -1.498091 14.800136 0.567469 3.86561 14.242577 -1.341735 -6.660662 19.631975 0.143928 -0.648243 49.709747 -0.213082 -6.711478 0.353029 -1.511152 -0.03194 20.222801 3.684313 2.316633 18.787287 5e-06 -0.0 10.751633 -0.47987 1.397908 -0.0 2e-06 -0.0 3.273808 0.305947 -0.580111 21.486824 11.830384 2.266136 8.162931 3e-06 -1e-06 18.399092 -3.798985 -4.940578 5e-06 0.0 -1e-06 -2.786464 1.299641 16.333685 -0.048446 -0.134888 2.876097 2.789515 -0.255527 -14.835721 1.744928 -1.987705 -3.440522 -0.0 0.0 2e-06 -9.97594 -0.066547 -32.228687 -0.012714 0.892272 30.189941 4.638206 -5.790994 4.125633 -1.422301 1.302043 -3.998544 -0.0 -0.0 -1e-06 
0.0 0.0 0.0 0.0 -0.0 0.0 30.849657 95.435303 563.103516 2.716247 11.417269 1.273443 -3.119427 -0.784199 -1.726748 -0.951041 -3.022681 -5.250687 0.617351 -3.99359 11.475088 1.729091 2.062489 7.568032 -0.407121 2.825684 -4.103513 -0.51372 0.236756 -8.376307 7.7e-05 -2.3e-05 6e-06 0.00652 -0.118612 0.07399 0.698689 -3.797707 -10.461649 -0.688118 3.572191 -10.498414 -2.210288 -10.124373 12.195642 -59.935688 -19.062805 8.230904 -0.716676 -44.511848 0.182991 9.918531 2.084171 -6.425126 -5.882109 9.861288 0.70259 -10.936877 -0.360575 7.156209 -0.0 8.77483 -3e-06 -16.249084 19.25165 6.190494 -1.844035 2.498506 -2.507279 -10.163604 4.678949 4.621111 -20.976038 -3e-06 -0.0 -21.226299 2.451695 -3.594003 0.0 -7e-06 -1e-06 -1.362682 2.240798 -0.746323 -21.334927 0.584909 3.008323 -13.821221 -2e-06 1e-06 -23.887184 -0.249078 -0.839482 -61.986904 2.99677 -1.424218 -0.294024 1.679689 0.833256 -14.218217 0.093214 1.300579 -34.212067 -0.287566 0.967169 -20.033226 0.964537 1.212843 0.0 1e-06 2e-06 -3.44039 0.788234 0.501656 -15.928192 -3.167309 2.999707 -6.338829 -0.0 -1e-06 -18.123457 3.648183 -4.905674 -5e-06 -2e-06 -2e-06 18.752182 7.032627 17.941223 57.536789 5.80415 25.48477 -0.57822 17.159285 0.014182 8.78452 -10.391568 -7.218933 2.243543 -5.255041 -3.180161 14.2829 -0.826595 6.952509 -2e-06 -12.690614 1e-06 15.918294 -18.011944 2.786985 1.665667 -1.955923 -2.878302 4.727801 -4.170591 4.993929 11.020533 3e-06 -1e-06 12.109059 -3.735719 -2.866785 -2e-06 -1e-06 -0.0 1.291986 -1.92855 -1.498089 14.80014 0.56747 3.865611 14.24258 -1.341738 -6.660664 19.631979 0.143926 -0.648246 49.758102 -0.082378 -6.668334 0.353029 -1.511152 -0.03194 20.222803 3.684312 2.316631 18.787287 3e-06 1e-06 10.751637 -0.479869 1.397909 -0.0 2e-06 -1e-06 3.273809 0.305948 -0.58011 21.486828 11.830384 2.266135 8.162931 3e-06 -1e-06 18.399096 -3.798989 -4.940579 3e-06 -1e-06 -2e-06 -0.792821 1.815797 16.820314 0.066056 -0.473584 6.798307 3.184557 0.65021 -16.816183 1.77469 -2.081152 -4.70566 0.0 0.0 2e-06 -8.099711 1.078286 -31.709284 -0.064894 0.681183 34.385468 4.670251 -6.686721 -1.27378 -1.41005 1.225885 -3.279038 -0.0 -0.0 -1e-06 
0.0 0.0 0.0 0.0 -0.0 0.0 30.228394 94.538445 566.985352 1.018457 10.910781 1.60779 -2.073134 -0.724979 -2.052869 -0.675168 -2.925596 -5.452172 1.514086 -4.102697 11.903696 0.963366 2.316803 7.570437 -0.233602 3.274634 -4.085737 -0.986109 1.318561 -8.174289 7.7e-05 -2.3e-05 6e-06 0.00161 -0.111681 0.034226 0.724192 -3.793622 -10.508341 -0.720885 3.583322 -10.530554 -3.137424 -9.322387 13.262335 -60.488049 -16.682053 6.980479 -0.978888 -45.804073 0.341435 10.372632 0.61375 -6.28527 -5.882107 9.861288 0.702591 -10.936873 -0.360573 7.156204 -0.0 8.774826 1e-06 -16.173744 19.20631 6.218721 -1.844031 2.498502 -2.507278 -10.163598 4.678946 4.621109 -20.976023 -1e-06 0.0 -21.226286 2.451697 -3.594002 0.0 -7e-06 -1e-06 -1.362683 2.2408 -0.746324 -21.334915 0.584914 3.008321 -13.821215 -2e-06 1e-06 -23.887173 -0.249078 -0.839485 -61.803234 2.881717 -1.220525 -0.294025 1.679689 0.833256 -14.218209 0.093217 1.300579 -34.212048 -0.287563 0.967168 -20.033213 0.964537 1.212841 0.0 0.0 0.0 -3.440389 0.788234 0.501655 -15.928185 -3.167309 2.999706 -6.338828 2e-06 0.0 -18.123446 3.648183 -4.905675 -4e-06 -2e-06 -2e-06 18.776573 7.326835 18.638397 57.181591 8.188082 25.537016 -0.601067 15.803431 0.021959 8.278824 -10.774529 -6.69946 2.243541 -5.255037 -3.180156 14.282892 -0.826596 6.952504 -1e-06 -12.690606 1e-06 16.055729 -18.030203 2.725917 1.665666 -1.955921 -2.878299 4.727799 -4.170588 4.993923 11.020529 2e-06 -2e-06 12.109055 -3.735716 -2.866785 1e-06 -1e-06 -0.0 1.291986 -1.92855 -1.49809 14.800129 0.567468 3.865604 14.242573 -1.341734 -6.660659 19.631969 0.143924 -0.648244 49.784187 -0.103279 -6.621001 0.353029 -1.511152 -0.031941 20.222792 3.684307 2.31663 18.787273 4e-06 0.0 10.751628 -0.479869 1.397907 -0.0 1e-06 -1e-06 3.273807 0.305947 -0.58011 21.486813 11.830374 2.266132 8.162929 2e-06 -1e-06 18.399086 -3.798987 -4.940576 3e-06 -1e-06 0.0 1.378876 2.88039 14.955043 0.217077 -0.862294 14.527865 4.057211 2.28228 -18.072271 1.853601 -2.156628 -7.714878 0.0 -0.0 2e-06 -5.259833 1.638682 -32.423401 -0.068313 0.633839 39.195019 4.289505 -6.747411 -6.69273 -1.401832 1.140832 -2.906367 0.0 0.0 -1e-06 
0.0 0.0 0.0 0.0 -0.0 0.0 29.693615 93.649574 570.395691 -0.411152 10.063967 1.831683 -1.111369 -0.54974 -1.740296 -0.324879 -2.898548 -5.336433 2.465533 -4.047886 12.286802 -0.103977 2.901072 7.0896 -0.117009 3.576847 -4.103301 -1.51426 2.396595 -8.548274 7.7e-05 -2.2e-05 6e-06 0.00575 -0.072823 0.00559 0.754717 -3.751057 -10.511891 -0.7422 3.618815 -10.528499 -3.459932 -8.847355 14.434931 -62.407089 -14.060135 5.640889 -1.357815 -45.561245 0.529079 10.775211 -1.057201 -7.169038 -5.882108 9.861286 0.702589 -10.936875 -0.360574 7.156208 1e-06 8.774826 -1e-06 -16.09746 19.046661 6.141278 -1.844034 2.498505 -2.507278 -10.163604 4.678943 4.621109 -20.976032 -5e-06 3e-06 -21.226295 2.451694 -3.593999 -1e-06 -7e-06 1e-06 -1.362681 2.240796 -0.746323 -21.334921 0.584911 3.008323 -13.821218 -3e-06 1e-06 -23.887175 -0.249079 -0.839483 -61.497234 2.781468 -1.128952 -0.294026 1.679687 0.833255 -14.218214 0.093214 1.300581 -34.212063 -0.287565 0.967172 -20.033224 0.964537 1.212845 1e-06 1e-06 0.0 -3.44039 0.788235 0.501655 -15.928192 -3.16731 2.999708 -6.33883 0.0 0.0 -18.123455 3.648181 -4.90567 -4e-06 1e-06 -1e-06 18.011641 8.166809 19.18989 57.501286 11.256335 23.738001 -0.789053 15.172116 0.008304 6.730625 -11.453412 -6.469304 2.243542 -5.255036 -3.180157 14.282892 -0.826595 6.952504 -2e-06 -12.690601 -0.0 16.083265 -17.839321 2.675606 1.665666 -1.955921 -2.878299 4.7278 -4.170587 4.993924 11.020526 3e-06 -0.0 12.109052 -3.735715 -2.866784 1e-06 -1e-06 1e-06 1.291986 -1.928549 -1.498089 14.800129 0.567467 3.865609 14.242571 -1.341736 -6.660657 19.631969 0.143925 -0.648245 49.620632 -0.148541 -6.550515 0.353029 -1.51115 -0.031942 20.222794 3.684309 2.316631 18.787275 3e-06 -0.0 10.751629 -0.47987 1.397905 -0.0 1e-06 -0.0 3.273806 0.305947 -0.580109 21.486814 11.830374 2.266129 8.162928 2e-06 -2e-06 18.399086 -3.798986 -4.940573 3e-06 0.0 -1e-06 2.98958 4.846038 10.458779 0.232644 -1.122207 26.664398 5.294064 4.499965 -16.772047 1.935383 -2.15392 -12.595904 0.0 -1e-06 1e-06 -2.777095 1.841238 -32.811047 -0.010467 0.530842 43.149979 4.175032 -5.738101 -10.959973 -1.392207 1.086332 -2.791826 0.0 0.0 -1e-06 
0.0 0.0 0.0 0.0 -0.0 0.0 29.295004 92.701843 573.427124 -1.324863 9.114705 1.808257 -0.178103 -0.449759 -0.64546 -0.00623 -2.654297 -4.861515 3.211743 -3.806969 12.711776 -1.41151 3.726468 5.955248 -0.065042 3.466408 -4.042928 -2.127888 3.335508 -9.325794 7.7e-05 -2.3e-05 6e-06 0.013506 -0.034255 -0.003659 0.768036 -3.704548 -10.490487 -0.739644 3.648171 -10.492368 -3.118335 -8.670959 15.685403 -65.345856 -11.772647 5.250335 -1.564985 -43.06562 0.379244 10.371077 -2.616951 -9.519073 -5.88211 9.86129 0.70259 -10.936877 -0.360575 7.156211 1e-06 8.77483 -1e-06 -15.894498 18.786324 6.03213 -1.844034 2.498508 -2.50728 -10.163607 4.678947 4.621113 -20.976038 -3e-06 3e-06 -21.226301 2.451697 -3.594002 -1e-06 -6e-06 -0.0 -1.362683 2.240801 -0.746322 -21.334929 0.584909 3.008325 -13.821221 -2e-06 3e-06 -23.887184 -0.249079 -0.839484 -61.129299 2.736475 -1.272757 -0.294025 1.679687 0.833256 -14.218219 0.093216 1.300581 -34.212074 -0.287562 0.967169 -20.03323 0.964536 1.212843 0.0 0.0 0.0 -3.440389 0.788232 0.501656 -15.928196 -3.167309 2.999709 -6.33883 1e-06 1e-06 -18.123459 3.648185 -4.905674 -4e-06 1e-06 -2e-06 16.53661 9.712426 19.707781 58.131767 14.824839 20.587793 -0.881972 15.62023 0.002146 4.568731 -11.929937 -6.359529 2.243544 -5.255041 -3.180161 14.2829 -0.826597 6.952506 -1e-06 -12.690614 -1e-06 16.058729 -17.679651 2.631626 1.665667 -1.955923 -2.878301 4.727802 -4.170591 4.993926 11.020535 2e-06 -1e-06 12.10906 -3.735719 -2.866786 -0.0 -0.0 1e-06 1.291986 -1.928551 -1.498089 14.800138 0.567468 3.86561 14.242579 -1.341737 -6.660662 19.631975 0.143926 -0.648249 49.644135 -0.176831 -6.460773 0.353029 -1.511151 -0.03194 20.222805 3.684311 2.316632 18.787287 5e-06 -2e-06 10.751634 -0.479868 1.397905 -1e-06 0.0 -1e-06 3.273809 0.305947 -0.58011 21.486832 11.830383 2.266132 8.162932 0.0 -1e-06 18.399097 -3.798988 -4.940582 4e-06 1e-06 -2e-06 4.077641 8.033111 3.376887 0.104295 -1.315253 42.71941 7.064982 6.314135 -11.43917 2.005882 -2.010861 -17.892092 0.0 1e-06 4e-06 -0.976972 1.522929 -32.825298 0.020501 0.37403 46.785583 4.058669 -4.347746 -14.696358 -1.380504 1.029194 -2.720059 0.0 0.0 -1e-06 
0.0 0.0 0.0 0.0 -0.0 0.0 29.115555 91.389305 576.248352 -1.752229 8.192234 1.679133 0.736528 -0.376125 0.94594 0.264601 -2.203919 -4.245011 3.752543 -3.532383 13.434179 -2.968748 4.449919 4.087401 -0.001449 3.353884 -3.894853 -2.895528 3.936779 -10.401096 7.7e-05 -2.3e-05 6e-06 0.023879 -0.010989 -0.00288 0.77506 -3.673656 -10.470721 -0.727173 3.660317 -10.446 -2.754852 -8.328875 16.617464 -68.136536 -9.604976 5.963388 -2.020242 -39.035469 0.329259 8.790966 -3.889544 -11.944199 -5.882102 9.861279 0.702589 -10.936865 -0.360576 7.1562 1e-06 8.774821 -1e-06 -15.797859 18.678207 5.979604 -1.844032 2.498504 -2.507276 -10.163594 4.678943 4.621104 -20.976013 -5e-06 0.0 -21.226273 2.451694 -3.593999 2e-06 -6e-06 0.0 -1.362681 2.240797 -0.746323 -21.3349 0.584908 3.008319 -13.821205 -2e-06 -0.0 -23.887154 -0.249081 -0.839484 -61.160526 2.846258 -1.559594 -0.294025 1.679687 0.833255 -14.218201 0.093214 1.300577 -34.212032 -0.287567 0.967167 -20.033205 0.964533 1.212842 -1e-06 -1e-06 -0.0 -3.440387 0.788233 0.501655 -15.928179 -3.16731 2.999704 -6.338823 -0.0 1e-06 -18.12344 3.64818 -4.905669 -3e-06 1e-06 -3e-06 14.80999 12.002519 20.043343 57.766544 18.377357 17.390083 -0.696127 17.343313 0.02631 2.744722 -11.957497 -6.025204 2.243541 -5.255036 -3.180158 14.282891 -0.826594 6.952501 -3e-06 -12.690603 -0.0 16.196747 -17.72522 2.616265 1.665666 -1.955921 -2.878299 4.727798 -4.170588 4.993926 11.020526 2e-06 1e-06 12.109052 -3.735716 -2.866782 -1e-06 1e-06 1e-06 1.291986 -1.928549 -1.498089 14.800129 0.567468 3.865605 14.242569 -1.341736 -6.660656 19.631969 0.143926 -0.648244 50.00436 -0.159161 -6.288017 0.353029 -1.51115 -0.03194 20.222794 3.684309 2.316631 18.787273 4e-06 1e-06 10.751628 -0.479868 1.397906 0.0 1e-06 -1e-06 3.273807 0.305947 -0.58011 21.486813 11.830373 2.266133 8.162926 2e-06 0.0 18.39908 -3.798986 -4.940574 2e-06 0.0 -2e-06 4.620361 11.455668 -5.22215 -0.089084 -1.143906 59.486488 8.53855 6.696147 -4.332421 1.926316 -1.917921 -15.663506 0.0 0.0 2e-06 0.062352 0.784249 -32.924763 -0.01799 0.184494 50.927227 3.87501 -2.910308 -18.889801 -1.389281 1.01238 -2.526673 0.0 0.0 -1e-06 
0.0 0.0 0.0 0.0 -0.0 0.0 29.193201 89.530663 578.835571 -1.850005 7.330622 1.668595 1.652827 -0.299004 2.622591 0.48641 -1.627754 -3.619952 4.268434 -3.233007 14.585164 -4.808732 4.821844 1.84216 0.12742 3.263773 -3.759717 -3.895925 4.394844 -12.138739 7.7e-05 -2.4e-05 6e-06 0.027784 -0.018472 0.00535 0.785114 -3.67482 -10.449873 -0.732489 3.644217 -10.404029 -3.148153 -7.346168 17.349833 -69.905708 -7.597186 7.353937 -2.686388 -34.339939 0.354653 6.482523 -4.80686 -13.358373 -5.882109 9.861292 0.702592 -10.936877 -0.360575 7.156207 1e-06 8.774831 0.0 -15.983818 18.831898 6.022362 -1.844034 2.498507 -2.507278 -10.163604 4.678948 4.621109 -20.976038 -4e-06 -0.0 -21.226301 2.451696 -3.594003 1e-06 -6e-06 -0.0 -1.362683 2.240799 -0.746324 -21.334929 0.58491 3.008321 -13.821221 -3e-06 -0.0 -23.887182 -0.249081 -0.839484 -61.472023 3.07787 -1.661505 -0.294025 1.679689 0.833255 -14.218217 0.093214 1.30058 -34.212067 -0.287568 0.96717 -20.033226 0.964535 1.212843 -0.0 0.0 0.0 -3.44039 0.788234 0.501656 -15.928194 -3.167311 2.999707 -6.33883 -1e-06 -1e-06 -18.123457 3.648184 -4.905674 -5e-06 -0.0 -2e-06 13.038124 14.564393 20.066257 55.424465 21.632915 14.343323 -0.191469 20.345427 0.090161 1.668687 -11.642338 -5.447087 2.243544 -5.255039 -3.180157 14.282903 -0.826596 6.952505 -2e-06 -12.69061 -0.0 16.330946 -17.862394 2.563346 1.665668 -1.955922 -2.878299 4.727803 -4.17059 4.993926 11.020535 2e-06 0.0 12.10906 -3.735718 -2.866785 -1e-06 1e-06 0.0 1.291986 -1.92855 -1.49809 14.800139 0.567468 3.865608 14.242583 -1.341738 -6.660657 19.631985 0.143924 -0.648244 50.262516 -0.191234 -6.164217 0.353029 -1.511151 -0.031938 20.222805 3.684311 2.316632 18.787287 3e-06 1e-06 10.751635 -0.479869 1.397907 -1e-06 1e-06 -0.0 3.273809 0.305947 -0.580111 21.48683 11.83038 2.266135 8.162935 2e-06 -3e-06 18.399096 -3.798986 -4.940579 3e-06 0.0 -2e-06 4.517873 13.910964 -14.505628 -0.131594 -0.676165 74.512375 7.25336 3.863312 -2.417208 1.767519 -1.986262 -8.662658 0.0 -0.0 1e-06 0.459914 0.002265 -33.586559 -0.100279 0.098713 55.926544 3.797676 -1.772994 -23.819048 -1.405429 1.013841 -2.483948 0.0 -0.0 -1e-06 
0.0 0.0 0.0 0.0 -0.0 0.0 29.50671 87.436386 581.219971 -1.401593 6.612136 1.942129 2.333338 -0.201387 4.143167 0.664413 -1.089879 -2.941961 4.704516 -2.856727 16.061363 -6.536355 5.008442 -0.659334 0.037663 3.043778 -3.633001 -4.996982 4.584241 -14.04291 7.7e-05 -2.4e-05 6e-06 0.026617 -0.052605 0.021561 0.791707 -3.704297 -10.41556 -0.744278 3.604857 -10.357382 -4.498113 -5.853234 18.083628 -70.339569 -5.819255 9.228523 -2.898667 -29.538038 0.113882 3.928412 -5.026095 -13.989747 -5.882109 9.861292 0.702591 -10.936875 -0.360574 7.156206 -1e-06 8.774829 -2e-06 -16.308725 18.933458 6.133541 -1.844033 2.498506 -2.507277 -10.163604 4.678948 4.621109 -20.97603 -0.0 3e-06 -21.226295 2.451702 -3.594002 -0.0 -6e-06 -0.0 -1.362683 2.240799 -0.746323 -21.334921 0.584912 3.008324 -13.821217 -1e-06 2e-06 -23.887182 -0.249076 -0.839484 -61.657921 3.220974 -1.611867 -0.294026 1.679688 0.833256 -14.218214 0.093217 1.300581 -34.212059 -0.28756 0.967169 -20.03322 0.964538 1.212842 -0.0 -0.0 0.0 -3.440389 0.788234 0.501656 -15.928189 -3.167309 2.999707 -6.338828 -0.0 0.0 -18.123453 3.648189 -4.905674 -3e-06 -0.0 -2e-06 11.324584 17.142809 19.713402 50.823395 23.981895 11.185548 0.407669 24.601526 0.182996 1.096799 -10.995913 -4.17949 2.243543 -5.25504 -3.180159 14.2829 -0.826596 6.952504 -1e-06 -12.690612 -1e-06 16.382006 -17.992702 2.426147 1.665668 -1.955922 -2.8783 4.727802 -4.17059 4.993923 11.020535 3e-06 -1e-06 12.10906 -3.735718 -2.866787 1e-06 -0.0 -1e-06 1.291987 -1.928551 -1.498093 14.800138 0.567468 3.865605 14.242582 -1.341738 -6.660661 19.631979 0.143925 -0.648246 50.241665 -0.229999 -6.249916 0.35303 -1.511152 -0.03194 20.222805 3.684312 2.316631 18.787287 5e-06 -1e-06 10.751635 -0.479869 1.397905 1e-06 1e-06 -1e-06 3.273809 0.305947 -0.580112 21.486828 11.830381 2.266133 8.162933 3e-06 -2e-06 18.399092 -3.798985 -4.940581 1e-06 0.0 -1e-06 3.255676 15.353962 -24.393196 -0.076325 -0.203526 85.831276 4.314977 -1.359877 -4.633009 1.664819 -1.93222 -6.671242 0.0 -0.0 -0.0 -0.042548 -0.525328 -34.747005 -0.115131 0.104478 61.399269 3.94842 -1.359748 -28.646299 -1.413507 1.043161 -2.726612 0.0 -0.0 -1e-06 
0.0 0.0 0.0 0.0 -0.0 0.0 30.019957 85.13414 583.431213 -0.578801 5.820246 2.41158 2.76815 -0.050509 5.665246 0.834436 -0.584033 -2.20112 5.229002 -2.321296 17.609476 -7.989783 5.158332 -3.12052 -0.313755 2.759816 -3.467789 -6.233994 4.341843 -15.669419 7.7e-05 -2.3e-05 6e-06 0.025353 -0.049002 0.022574 0.781813 -3.699628 -10.401936 -0.73805 3.606359 -10.350826 -5.81392 -4.058923 18.931797 -70.155151 -3.979417 11.89093 -2.498925 -26.291965 -0.140311 1.730981 -4.564752 -15.118809 -5.882109 9.861291 0.702592 -10.936877 -0.360574 7.156211 1e-06 8.774829 -1e-06 -16.562851 18.611858 6.179618 -1.844032 2.498505 -2.507278 -10.163605 4.678947 4.621113 -20.976034 -3e-06 6e-06 -21.226295 2.451701 -3.593999 -1e-06 -6e-06 0.0 -1.362682 2.240798 -0.746323 -21.334925 0.584911 3.008328 -13.821221 -2e-06 4e-06 -23.887182 -0.249075 -0.839481 -61.499966 3.082667 -1.354822 -0.294025 1.679688 0.833256 -14.218217 0.093216 1.300584 -34.212067 -0.28756 0.967176 -20.033226 0.96454 1.212845 -1e-06 0.0 1e-06 -3.440391 0.788233 0.501657 -15.928196 -3.16731 2.999711 -6.33883 -1e-06 2e-06 -18.123459 3.648188 -4.90567 -4e-06 0.0 -2e-06 8.997169 19.927942 19.072271 44.395699 25.156895 7.645376 0.914011 29.775394 0.383316 1.183255 -10.258209 -2.824868 2.243543 -5.255038 -3.180158 14.282896 -0.826595 6.952505 -2e-06 -12.690609 -0.0 16.242388 -17.962194 2.388121 1.665667 -1.955922 -2.878298 4.727801 -4.170588 4.993925 11.020531 3e-06 0.0 12.109056 -3.735717 -2.866785 0.0 -0.0 2e-06 1.291986 -1.92855 -1.498089 14.800132 0.567468 3.865609 14.242578 -1.341737 -6.660659 19.631973 0.143925 -0.648243 49.999153 -0.259461 -6.352549 0.353029 -1.511151 -0.03194 20.222797 3.68431 2.31663 18.787281 4e-06 -1e-06 10.751631 -0.479869 1.397907 -0.0 -1e-06 1e-06 3.273808 0.305947 -0.580111 21.486824 11.830378 2.266134 8.16293 1e-06 -4e-06 18.399088 -3.798985 -4.940577 3e-06 0.0 -2e-06 0.806657 16.435848 -35.026493 0.070214 0.15775 93.346298 2.511741 -4.594877 -7.959755 1.590489 -1.811664 -6.391671 -0.0 -1e-06 1e-06 -1.245089 -0.65781 -36.426926 -0.05297 0.115667 67.518242 4.344464 -1.26782 -32.749554 -1.436709 1.131353 -3.227686 -0.0 0.0 -1e-06 
0.0 0.0 0.0 0.0 -0.0 0.0 30.719639 82.575111 585.647339 0.223806 4.725906 2.913104 3.109766 0.098984 7.278939 1.077313 0.097468 -1.429132 5.971127 -1.504709 18.996649 -9.36796 5.353802 -5.016443 -0.755221 2.14554 -3.473595 -7.330641 3.754729 -16.748104 7.7e-05 -2.2e-05 6e-06 0.028921 -0.077618 0.012319 0.759389 -3.719366 -10.385109 -0.709358 3.568942 -10.346625 -6.102756 -2.266673 19.567392 -69.658295 -1.369246 15.079659 -2.02349 -26.664291 -0.173801 0.186891 -3.956054 -17.826126 -5.882112 9.861292 0.70259 -10.936878 -0.360575 7.156209 -1e-06 8.774834 -2e-06 -16.724882 18.404228 6.246201 -1.844034 2.498508 -2.507278 -10.163608 4.67895 4.621109 -20.97604 -3e-06 1e-06 -21.226303 2.4517 -3.594004 0.0 -7e-06 -0.0 -1.362682 2.2408 -0.746324 -21.334929 0.584911 3.008324 -13.821223 -1e-06 1e-06 -23.887184 -0.249079 -0.839485 -61.657619 2.973303 -1.125824 -0.294025 1.679688 0.833256 -14.218219 0.093213 1.300581 -34.212074 -0.287563 0.96717 -20.03323 0.964536 1.212843 -0.0 -0.0 0.0 -3.440391 0.788234 0.501656 -15.9282 -3.167312 2.999708 -6.33883 -1e-06 1e-06 -18.123459 3.648187 -4.905675 -3e-06 -1e-06 -2e-06 6.174579 22.81286 18.177385 36.047832 24.871973 4.016523 1.414912 34.694317 0.74908 2.349481 -10.034197 -1.582057 2.243545 -5.255039 -3.180157 14.282904 -0.826599 6.952504 -0.0 -12.690612 1e-06 16.115786 -17.818588 2.397323 1.665668 -1.955922 -2.878299 4.727804 -4.170591 4.993926 11.020536 1e-06 -2e-06 12.109063 -3.735718 -2.866787 0.0 -0.0 0.0 1.291987 -1.92855 -1.498091 14.80014 0.567465 3.865607 14.242584 -1.341738 -6.660661 19.631985 0.143924 -0.648248 49.601288 -0.319427 -6.444188 0.35303 -1.511152 -0.03194 20.222811 3.684308 2.316627 18.787292 4e-06 -5e-06 10.751637 -0.479868 1.397903 -0.0 0.0 -0.0 3.27381 0.305946 -0.580111 21.486832 11.830379 2.266128 8.162935 1e-06 -3e-06 18.399103 -3.798986 -4.940582 3e-06 -1e-06 -2e-06 -2.025938 17.208311 -45.844959 0.220184 0.322091 97.551903 2.201934 -4.091033 -11.914624 1.581202 -1.699198 -6.584053 -0.0 -0.0 3e-06 -2.678651 -0.732718 -38.367016 0.067165 0.163862 74.281601 4.666951 -0.565828 -35.849094 -1.461671 1.173346 -4.872456 0.0 -0.0 -1e-06 
0.0 0.0 0.0 0.0 -0.0 0.0 31.618074 79.825661 588.047607 0.653822 3.17199 3.339716 3.408071 0.250971 8.810665 1.353024 0.879161 -0.689505 7.00795 -0.445156 20.288723 -10.710291 5.520351 -6.325968 -1.030141 1.457068 -3.520492 -8.238246 3.099782 -17.324648 7.7e-05 -2.2e-05 6e-06 0.028681 -0.093638 -0.011656 0.745009 -3.730234 -10.410534 -0.695514 3.547614 -10.388136 -5.287268 -0.43174 20.233219 -68.377533 2.261374 18.444517 -1.437159 -31.844887 -0.062439 -0.944694 -3.097867 -21.064096 -5.88211 9.861291 0.702591 -10.936878 -0.360574 7.15621 0.0 8.77483 -1e-06 -16.849915 18.35124 6.272074 -1.844033 2.498506 -2.507279 -10.163606 4.678946 4.621111 -20.976034 -2e-06 2e-06 -21.226295 2.451698 -3.594002 1e-06 -7e-06 -0.0 -1.362681 2.240798 -0.746324 -21.334925 0.584909 3.008324 -13.82122 -4e-06 2e-06 -23.88718 -0.24908 -0.839484 -61.911964 2.942591 -1.011552 -0.294025 1.679687 0.833256 -14.218216 0.093215 1.300581 -34.212067 -0.287564 0.967171 -20.033226 0.964537 1.212843 -1e-06 1e-06 -0.0 -3.44039 0.788234 0.501656 -15.928192 -3.167311 2.999708 -6.33883 -1e-06 1e-06 -18.123457 3.648183 -4.905673 -5e-06 -0.0 -2e-06 3.216635 25.746258 17.119291 26.320055 23.016979 0.711598 2.257274 38.762642 1.308457 4.691406 -10.262346 -0.552559 2.243543 -5.255039 -3.180158 14.282903 -0.826598 6.952506 -2e-06 -12.690609 4e-06 16.039583 -17.562069 2.414418 1.665667 -1.955922 -2.8783 4.727804 -4.17059 4.993926 11.020536 2e-06 -0.0 12.10906 -3.735718 -2.866784 -0.0 -0.0 -1e-06 1.291987 -1.92855 -1.49809 14.800142 0.567466 3.86561 14.242585 -1.341737 -6.66066 19.631985 0.143925 -0.648245 49.131149 -0.435992 -6.459985 0.353029 -1.511151 -0.03194 20.222809 3.684309 2.316631 18.787289 3e-06 -1e-06 10.751636 -0.479871 1.397906 -1e-06 0.0 1e-06 3.27381 0.305947 -0.580111 21.486832 11.830378 2.266132 8.162935 1e-06 -1e-06 18.399099 -3.798988 -4.940581 3e-06 -2e-06 -1e-06 -3.679142 17.309605 -55.846424 0.378254 0.381721 99.363571 3.121138 -1.176514 -15.903503 1.643982 -1.653398 -6.994005 0.0 1e-06 2e-06 -4.065332 -0.93445 -40.205887 0.164623 0.187831 81.464424 4.498256 1.066355 -37.458279 -1.487005 1.126924 -7.74135 -0.0 0.0 -1e-06 
0.0 0.0 0.0 0.0 -0.0 0.0 32.7421 76.729042 590.791138 0.779502 1.275421 3.573852 3.594357 0.455433 10.113145 1.607104 1.567319 0.044704 8.161227 0.657821 21.491802 -11.82125 5.620103 -6.942845 -1.064701 0.86102 -3.593137 -8.860129 2.575609 -17.513931 7.7e-05 -2.2e-05 6e-06 0.024021 -0.089001 -0.04075 0.736344 -3.726098 -10.439166 -0.695207 3.552107 -10.427041 -3.463531 1.406111 20.996817 -66.067871 7.300176 20.923567 -1.081363 -41.354877 0.221935 -1.57974 -1.930379 -24.338926 -5.882107 9.861286 0.70259 -10.936873 -0.360573 7.156205 -0.0 8.774827 -1e-06 -16.928049 18.561066 6.325684 -1.844033 2.498505 -2.507278 -10.163604 4.678947 4.621108 -20.97603 -1e-06 0.0 -21.226297 2.451697 -3.594003 1e-06 -7e-06 -0.0 -1.362681 2.240798 -0.746323 -21.334917 0.584909 3.008322 -13.821217 -2e-06 1e-06 -23.887175 -0.249078 -0.839485 -61.988995 2.964375 -1.000849 -0.294025 1.679688 0.833256 -14.218213 0.093215 1.30058 -34.212059 -0.287563 0.967169 -20.033218 0.964537 1.212842 -1e-06 0.0 -1e-06 -3.440389 0.788235 0.501655 -15.928189 -3.16731 2.999706 -6.338829 -1e-06 1e-06 -18.123447 3.648183 -4.905673 -5e-06 -0.0 -2e-06 0.025041 28.476782 15.74353 16.710342 20.383905 -1.816673 3.401443 41.731033 1.881635 7.748176 -10.378349 -0.076325 2.243543 -5.255038 -3.180159 14.2829 -0.826595 6.952505 -3e-06 -12.69061 2e-06 16.002794 -17.345781 2.419101 1.665666 -1.955921 -2.878299 4.727803 -4.17059 4.993926 11.020535 3e-06 -1e-06 12.10906 -3.735717 -2.866784 0.0 0.0 0.0 1.291986 -1.92855 -1.498089 14.800139 0.567468 3.865609 14.24258 -1.341735 -6.660659 19.631981 0.143926 -0.648244 48.832169 -0.524698 -6.429024 0.35303 -1.511152 -0.031939 20.222803 3.684312 2.316631 18.787287 5e-06 0.0 10.751634 -0.479868 1.397906 -0.0 0.0 -0.0 3.273808 0.305948 -0.580111 21.486828 11.830381 2.266133 8.162933 1e-06 -1e-06 18.399094 -3.798986 -4.940578 3e-06 -1e-06 -2e-06 -3.323622 16.950005 -63.913605 0.47075 0.335858 100.180702 5.54201 3.416349 -19.207991 1.710123 -1.63976 -7.210603 -0.0 1e-06 3e-06 -5.662741 -1.438338 -41.456364 0.261847 0.207379 88.897835 3.784921 3.481474 -38.260628 -1.513273 1.045286 -11.506891 0.0 -0.0 -1e-06 
0.0 0.0 0.0 0.0 -0.0 0.0 34.041164 73.201408 594.00647 0.745534 -0.666234 3.41901 3.677483 0.694017 11.173246 1.779048 2.059201 0.680109 9.112475 1.62942 22.460522 -12.327143 5.504878 -6.891155 -0.957488 0.504148 -3.647171 -9.019748 2.17478 -17.420609 7.7e-05 -2.3e-05 6e-06 0.018273 -0.078912 -0.045265 0.733048 -3.721961 -10.463244 -0.701722 3.567912 -10.451988 -0.98014 3.082006 21.876652 -62.699245 13.315872 22.045444 -1.704062 -52.974106 0.742331 -1.92541 -0.640997 -26.644156 -5.882107 9.861286 0.70259 -10.936873 -0.360578 7.156205 0.0 8.774826 -2e-06 -16.834108 19.023033 6.537178 -1.844033 2.498505 -2.507277 -10.163603 4.678945 4.621109 -20.976027 -0.0 3e-06 -21.22629 2.451699 -3.593999 1e-06 -7e-06 0.0 -1.362681 2.240797 -0.746323 -21.334917 0.584909 3.008324 -13.821217 -2e-06 2e-06 -23.887173 -0.249078 -0.839483 -61.863594 3.079062 -0.947141 -0.294025 1.679687 0.833256 -14.21821 0.093217 1.300581 -34.212051 -0.287563 0.96717 -20.033215 0.964539 1.212844 -1e-06 0.0 0.0 -3.44039 0.788233 0.501656 -15.928189 -3.16731 2.999707 -6.338828 -1e-06 1e-06 -18.123447 3.648184 -4.905672 -4e-06 0.0 -3e-06 -3.351028 30.413425 13.962209 9.190966 18.452526 -3.606773 4.219068 43.383289 2.270371 10.401741 -10.411481 -0.700768 2.243543 -5.255038 -3.180157 14.2829 -0.826597 6.952507 -3e-06 -12.69061 2e-06 16.043131 -17.268173 2.446028 1.665666 -1.955922 -2.8783 4.727803 -4.17059 4.993926 11.020531 2e-06 1e-06 12.109057 -3.735718 -2.866782 -0.0 0.0 -0.0 1.291986 -1.92855 -1.498089 14.800136 0.567466 3.865611 14.242579 -1.341737 -6.660658 19.631975 0.143924 -0.648243 48.799995 -0.520853 -6.367984 0.353029 -1.511151 -0.03194 20.222801 3.684309 2.316633 18.787283 3e-06 1e-06 10.751634 -0.47987 1.397907 -0.0 0.0 -0.0 3.273809 0.305947 -0.580111 21.486824 11.830377 2.266135 8.16293 0.0 -0.0 18.399092 -3.798989 -4.940576 3e-06 -0.0 -1e-06 -1.040301 16.734539 -68.874275 0.406193 0.189538 102.106499 8.733205 7.879384 -21.725847 1.773605 -1.581473 -7.19099 -0.0 0.0 1e-06 -7.742543 -1.962739 -41.356819 0.425163 0.266978 96.209991 2.663975 6.197721 -39.001461 -1.53347 0.974214 -15.876211 -0.0 -0.0 -1e-06 
0.0 0.0 0.0 0.0 -0.0 0.0 35.373241 69.27388 597.635742 0.648449 -2.35165 2.828129 3.702622 0.987221 12.006795 1.876526 2.359459 1.166908 9.747345 2.401403 23.101444 -12.156463 5.15629 -6.440195 -0.832819 0.311552 -3.661999 -8.59312 1.715485 -17.21217 7.7e-05 -2.3e-05 6e-06 0.007067 -0.048834 -0.028352 0.727731 -3.700595 -10.493031 -0.717095 3.606847 -10.479608 1.573435 4.501111 22.67009 -58.349564 19.764526 22.175165 -3.311845 -65.14695 1.552499 -2.089534 0.535045 -28.314754 -5.882112 9.861298 0.702591 -10.936881 -0.360576 7.156213 0.0 8.774837 -1e-06 -16.663033 19.517395 6.808985 -1.844035 2.498507 -2.50728 -10.16361 4.678952 4.621114 -20.976044 -1e-06 2e-06 -21.226305 2.4517 -3.594003 -0.0 -7e-06 -0.0 -1.362684 2.2408 -0.746324 -21.334936 0.58491 3.008327 -13.821229 -1e-06 2e-06 -23.887196 -0.249077 -0.839484 -61.765926 3.261964 -0.796703 -0.294026 1.679688 0.833257 -14.218224 0.093214 1.300581 -34.212082 -0.287564 0.967172 -20.033234 0.964539 1.212844 -1e-06 0.0 -1e-06 -3.440392 0.788235 0.501656 -15.928203 -3.167314 2.99971 -6.338832 -1e-06 1e-06 -18.123465 3.648187 -4.905676 -4e-06 1e-06 -2e-06 -6.586196 31.144369 11.992751 4.43549 17.994864 -5.600538 4.305572 44.179527 2.420384 11.539855 -10.931006 -2.452126 2.243544 -5.255041 -3.180161 14.282909 -0.826596 6.952511 -3e-06 -12.690614 1e-06 16.294544 -17.355862 2.479753 1.665668 -1.955923 -2.878301 4.727804 -4.170591 4.993929 11.02054 3e-06 0.0 12.109066 -3.735719 -2.866785 0.0 -0.0 -0.0 1.291986 -1.928551 -1.498091 14.800146 0.567468 3.865612 14.24259 -1.341737 -6.660664 19.631994 0.143925 -0.648244 49.042458 -0.446468 -6.304928 0.353029 -1.511151 -0.03194 20.222818 3.684312 2.316633 18.787298 4e-06 0.0 10.751641 -0.479869 1.397907 0.0 -0.0 -0.0 3.27381 0.305947 -0.580111 21.486843 11.830384 2.266135 8.162938 1e-06 -1e-06 18.399105 -3.798988 -4.94058 3e-06 0.0 -1e-06 2.137774 17.124304 -70.628761 0.328081 0.061148 106.611153 11.027489 11.1018 -24.465096 1.844051 -1.548011 -7.446865 -0.0 -0.0 2e-06 -10.326475 -1.978898 -39.391045 0.682682 0.367047 102.898308 0.973499 8.663496 -40.207909 -1.540204 0.905346 -20.823395 -0.0 -0.0 -1e-06 
0.0 0.0 0.0 0.0 -0.0 0.0 36.609192 64.976982 601.495056 0.576654 -3.452732 1.978605 3.530354 1.269724 12.528208 1.90269 2.548831 1.431194 10.22324 3.010082 23.459188 -11.385315 4.780281 -5.985027 -0.744496 0.185478 -3.64036 -7.876809 1.088348 -16.963022 7.7e-05 -2.4e-05 7e-06 -0.009907 -0.001879 -0.007005 0.709374 -3.65955 -10.54245 -0.731867 3.660416 -10.52316 3.600485 5.653752 23.550348 -53.691891 25.234728 20.473843 -7.698132 -76.905724 4.906961 -1.547641 1.336467 -30.222834 -5.882113 9.861292 0.70259 -10.93688 -0.360572 7.156211 0.0 8.77483 -0.0 -16.62117 19.573685 6.690696 -1.844033 2.498506 -2.50728 -10.16361 4.67895 4.621112 -20.97604 -2e-06 -1e-06 -21.226307 2.451696 -3.594006 -0.0 -7e-06 1e-06 -1.362682 2.240802 -0.746324 -21.33493 0.584911 3.008323 -13.821226 -3e-06 1e-06 -23.887192 -0.24908 -0.839486 -61.794785 3.240892 -0.698418 -0.294024 1.679688 0.833256 -14.218223 0.093215 1.300581 -34.212078 -0.287565 0.967168 -20.033236 0.964538 1.212842 -1e-06 -0.0 -1e-06 -3.440393 0.788233 0.501656 -15.928201 -3.16731 2.999709 -6.338832 -1e-06 1e-06 -18.123465 3.648186 -4.905677 -3e-06 0.0 -1e-06 -9.165632 30.704092 9.91749 2.534695 18.766045 -8.289789 4.131194 44.538097 2.377175 10.40718 -12.086226 -5.270798 2.243541 -5.255038 -3.180157 14.282896 -0.826596 6.952505 -1e-06 -12.690609 1e-06 16.806767 -17.527054 2.382834 1.665667 -1.955922 -2.878299 4.727801 -4.170589 4.993926 11.020531 2e-06 -1e-06 12.109058 -3.735717 -2.866785 0.0 0.0 0.0 1.291984 -1.92855 -1.498089 14.800132 0.567468 3.865609 14.242579 -1.341737 -6.660659 19.631975 0.143924 -0.648244 49.217144 -0.288459 -6.258899 0.35303 -1.511151 -0.03194 20.222801 3.68431 2.316631 18.787283 4e-06 -1e-06 10.751632 -0.479869 1.397906 -0.0 -0.0 0.0 3.273807 0.305947 -0.58011 21.486824 11.830379 2.266134 8.16293 -0.0 -1e-06 18.399092 -3.798986 -4.940578 3e-06 -1e-06 -1e-06 5.168853 18.01388 -69.548157 0.322878 0.104149 113.262123 12.411647 13.038076 -27.109806 1.850407 -1.542698 -8.04283 0.0 -1e-06 1e-06 -12.838024 -1.239451 -37.126415 1.091997 0.493634 109.519691 -1.394948 9.664472 -40.990665 -1.539922 0.8135 -27.27354 -0.0 -0.0 -1e-06 
0.0 0.0 0.0 0.0 -0.0 0.0 37.635418 60.455395 605.52948 0.329389 -3.655067 0.878335 3.502937 1.508217 13.103638 1.947718 2.486336 1.398583 10.292635 3.505728 23.380152 -10.254178 4.41928 -5.776504 -0.89351 -0.089206 -3.572176 -6.537179 0.231615 -16.74148 7.7e-05 -2.2e-05 6e-06 -0.016311 0.057345 0.003292 0.719857 -3.608448 -10.576005 -0.755275 3.727873 -10.55089 4.901749 6.258016 23.955889 -50.131695 29.402893 16.377808 -39.763878 -87.850784 35.925747 0.89869 1.215031 -31.174292 -5.882109 9.861292 0.702592 -10.936877 -0.360575 7.156209 0.0 8.77483 -1e-06 -16.224031 19.496393 6.334599 -1.844033 2.498505 -2.507278 -10.163603 4.678947 4.621111 -20.976032 -3e-06 2e-06 -21.226294 2.451698 -3.594001 1e-06 -6e-06 0.0 -1.362682 2.240799 -0.746323 -21.334921 0.58491 3.008324 -13.821218 -3e-06 3e-06 -23.887178 -0.249078 -0.839482 -61.556057 2.913465 -0.512239 -0.294026 1.679688 0.833256 -14.218214 0.093214 1.300581 -34.212067 -0.287564 0.967171 -20.033222 0.964537 1.212844 -0.0 -0.0 0.0 -3.440389 0.788235 0.501656 -15.928192 -3.167311 2.999709 -6.338829 -1e-06 1e-06 -18.123457 3.648185 -4.905673 -4e-06 0.0 -2e-06 -10.662473 29.333433 8.959852 3.452573 20.192175 -12.649123 3.650564 45.153782 2.03844 6.329885 -13.24295 -7.828181 2.243543 -5.255037 -3.180158 14.282903 -0.826597 6.952507 -1e-06 -12.690609 3e-06 17.107714 -18.081194 2.458671 1.665668 -1.955922 -2.878299 4.727804 -4.17059 4.993926 11.020531 2e-06 -1e-06 12.109058 -3.735717 -2.866783 -0.0 -0.0 -1e-06 1.291985 -1.928549 -1.49809 14.800139 0.567467 3.865609 14.242582 -1.341738 -6.660659 19.631983 0.143923 -0.648245 49.747509 -0.213949 -6.177746 0.353029 -1.511151 -0.031941 20.222803 3.684309 2.316631 18.787289 3e-06 -1e-06 10.751637 -0.47987 1.397906 -0.0 0.0 0.0 3.27381 0.305947 -0.580112 21.486828 11.830376 2.266133 8.162933 1e-06 -1e-06 18.399096 -3.798988 -4.940579 3e-06 -2e-06 -1e-06 8.208209 18.702991 -65.216499 0.311162 0.205691 120.847824 11.936436 11.985314 -29.784981 1.748712 -1.521767 -10.031155 0.0 0.0 3e-06 -14.856253 0.427351 -33.42654 1.36925 0.664189 115.643097 -3.355038 10.112435 -42.173088 -1.562597 0.782083 -33.553524 0.0 0.0 -1e-06 
0.0 0.0 0.0 0.0 -0.0 0.0 38.54483 55.678291 609.666138 -0.008981 -3.295513 0.405079 3.629787 1.594092 13.438777 1.94092 2.543729 1.117149 10.024967 4.03976 22.84214 -9.606701 4.116327 -6.187057 -1.065247 -0.429338 -3.505614 -5.03781 -0.706856 -16.545094 7.7e-05 -2.3e-05 5e-06 -0.024709 0.140307 0.015367 0.710965 -3.533018 -10.605803 -0.765038 3.815798 -10.57029 4.397943 6.23932 23.623171 -48.832569 30.701124 8.507345 -171.315247 -81.828552 168.130539 6.524821 -0.037261 -29.675629 -5.882107 9.861288 0.702591 -10.936874 -0.360574 7.156206 -0.0 8.774827 -1e-06 -15.671724 18.981966 5.727611 -1.844034 2.498505 -2.507278 -10.163604 4.678946 4.621109 -20.97603 -4e-06 1e-06 -21.226295 2.451697 -3.594001 0.0 -6e-06 -0.0 -1.362682 2.240798 -0.746323 -21.334921 0.58491 3.008322 -13.821218 -2e-06 1e-06 -23.88718 -0.249079 -0.839484 -61.214241 2.472578 -0.40404 -0.294025 1.679688 0.833256 -14.218212 0.093215 1.30058 -34.212063 -0.287564 0.967169 -20.033218 0.964536 1.212842 0.0 0.0 -0.0 -3.44039 0.788234 0.501656 -15.928189 -3.16731 2.999706 -6.338828 -2e-06 0.0 -18.123453 3.648184 -4.905673 -4e-06 -0.0 -2e-06 -11.372237 27.88471 8.539372 6.829684 21.517557 -17.034145 2.769591 45.179127 1.523495 0.921523 -14.004531 -7.790605 2.243542 -5.255037 -3.180158 14.282889 -0.826594 6.952501 -3e-06 -12.690605 2e-06 17.355074 -18.651396 2.515109 1.665667 -1.955921 -2.878299 4.7278 -4.170587 4.993923 11.020528 3e-06 -2e-06 12.109055 -3.735714 -2.866785 -0.0 -0.0 1e-06 1.291984 -1.928549 -1.498089 14.800131 0.567468 3.865604 14.242576 -1.341735 -6.660658 19.631969 0.143929 -0.648247 50.401455 -0.195514 -6.059721 0.353028 -1.511151 -0.031939 20.222794 3.68431 2.316627 18.787273 6e-06 -3e-06 10.751629 -0.479866 1.397905 0.0 1e-06 1e-06 3.273807 0.305946 -0.58011 21.486818 11.830378 2.266129 8.162928 3e-06 -2e-06 18.399084 -3.798983 -4.940578 3e-06 -0.0 -0.0 11.667871 18.474812 -58.59301 0.328564 0.324851 128.347809 10.002311 7.341586 -33.53714 1.708444 -1.6155 -15.849816 0.0 0.0 3e-06 -16.141167 2.454033 -29.416542 1.519142 0.869558 121.573135 -3.123469 8.82332 -42.389008 -1.598315 0.762044 -40.226807 -0.0 0.0 -1e-06 
0.0 0.0 0.0 0.0 -0.0 0.0 39.504856 50.765961 613.569336 -0.606965 -3.228756 1.615161 4.145344 1.588454 13.336489 2.000072 2.952705 0.667049 9.400459 4.812242 22.057796 -10.64842 3.943266 -7.98098 -1.283702 -0.616315 -3.515043 -3.275672 -2.073717 -16.408714 7.7e-05 -2.3e-05 6e-06 -0.047076 0.263703 0.036995 0.643749 -3.428715 -10.607435 -0.747713 3.951872 -10.569848 1.313525 5.678005 21.798431 -49.545162 27.735849 -1.807556 -173.083572 -74.725395 172.733063 12.951175 -0.388929 -23.227604 -5.882111 9.861292 0.702589 -10.93688 -0.360575 7.156209 -1e-06 8.77483 -1e-06 -15.118554 18.273853 5.472073 -1.844035 2.498505 -2.50728 -10.163606 4.678948 4.621109 -20.97604 -4e-06 -2e-06 -21.226301 2.451695 -3.594005 0.0 -6e-06 -0.0 -1.362682 2.2408 -0.746324 -21.334929 0.584909 3.00832 -13.821222 -3e-06 -2e-06 -23.887184 -0.249083 -0.839487 -60.631886 2.339175 -0.784365 -0.294025 1.679688 0.833256 -14.218221 0.093215 1.300578 -34.212074 -0.287568 0.967164 -20.03323 0.964534 1.212841 0.0 1e-06 1e-06 -3.44039 0.788233 0.501655 -15.928196 -3.167311 2.999706 -6.338832 -1e-06 -0.0 -18.123461 3.648183 -4.905678 -4e-06 1e-06 -2e-06 -11.638907 27.940456 8.073268 11.212961 21.644182 -21.336412 1.35426 43.794949 1.059215 -3.929595 -14.990978 -5.286297 2.243543 -5.255037 -3.180159 14.282892 -0.826596 6.952503 -4e-06 -12.690606 4e-06 17.405519 -18.775522 2.554604 1.665667 -1.955921 -2.8783 4.727798 -4.170588 4.993925 11.020528 4e-06 -3e-06 12.109056 -3.735716 -2.866786 -0.0 -0.0 -1e-06 1.291986 -1.928548 -1.498089 14.800129 0.56747 3.865606 14.242576 -1.341733 -6.660661 19.631969 0.143929 -0.648248 50.882919 -0.282619 -6.01312 0.353029 -1.51115 -0.031939 20.222794 3.68431 2.316627 18.787273 7e-06 -2e-06 10.751629 -0.479867 1.397905 1e-06 0.0 0.0 3.273806 0.305948 -0.580112 21.48682 11.830377 2.266128 8.162931 2e-06 0.0 18.399088 -3.798984 -4.940576 4e-06 -0.0 -1e-06 15.672921 17.205914 -51.529461 0.468086 0.423471 136.10965 8.588243 0.673366 -38.099983 1.853505 -1.756014 -24.54283 0.0 0.0 3e-06 -17.135069 4.966176 -27.378067 1.362887 0.641725 127.971123 -0.598315 6.188356 -40.002674 -1.570807 0.669558 -46.056229 -0.0 -0.0 -1e-06 
0.0 0.0 0.0 0.0 -0.0 0.0 40.398426 46.16098 616.874573 -1.492634 -3.485151 5.187273 4.875045 1.579627 12.978487 2.148854 3.761162 0.381907 8.961435 5.53472 21.004663 -14.197405 3.44587 -11.968549 -1.139188 -0.615186 -3.636746 -1.849223 -3.155597 -16.808683 7.7e-05 -2.3e-05 6e-06 -0.043414 0.236341 0.009536 0.605099 -3.481495 -10.688083 -0.707018 3.948404 -10.679009 -3.385077 4.972799 18.065588 -51.299267 18.837416 -9.872098 -169.959076 -72.881126 171.953751 16.959398 0.98468 -11.857557 -5.88211 9.861288 0.702591 -10.936878 -0.360573 7.156207 -0.0 8.77483 -0.0 -15.600246 18.103329 5.469956 -1.844033 2.498506 -2.507278 -10.163607 4.678946 4.62111 -20.976038 -4e-06 2e-06 -21.226299 2.451698 -3.594001 0.0 -7e-06 1e-06 -1.362682 2.240798 -0.746322 -21.334929 0.584909 3.008323 -13.821225 -2e-06 1e-06 -23.887188 -0.24908 -0.839483 -60.673889 2.402462 -1.100345 -0.294025 1.679687 0.833257 -14.218217 0.093215 1.300581 -34.212067 -0.287566 0.967168 -20.033226 0.964535 1.212842 0.0 0.0 -1e-06 -3.440392 0.788235 0.501655 -15.928198 -3.167312 2.999709 -6.338832 -4e-06 3e-06 -18.123461 3.648182 -4.90567 -4e-06 -1e-06 -4e-06 -11.851933 29.713806 7.07617 13.735578 20.403528 -25.842445 0.075772 40.440563 0.754533 -7.075073 -15.47656 -3.519104 2.243545 -5.255039 -3.180159 14.282894 -0.826599 6.952502 -3e-06 -12.690609 4e-06 17.031128 -18.502182 2.707196 1.665668 -1.955921 -2.878301 4.727798 -4.170589 4.993925 11.020525 3e-06 -2e-06 12.109055 -3.735716 -2.866785 -0.0 -0.0 -1e-06 1.291987 -1.928549 -1.498089 14.800131 0.567466 3.865604 14.242577 -1.341736 -6.660661 19.631973 0.143927 -0.648245 50.752182 -0.550394 -5.999464 0.353029 -1.511152 -0.03194 20.222792 3.684309 2.316626 18.787275 4e-06 -7e-06 10.751629 -0.479868 1.397904 0.0 0.0 0.0 3.273808 0.305946 -0.580112 21.486816 11.830376 2.266129 8.162926 2e-06 -1e-06 18.399084 -3.798986 -4.940578 3e-06 1e-06 -0.0 18.823269 16.269382 -46.660545 0.582316 0.29406 143.122787 10.740166 -5.554721 -39.770378 2.209801 -1.771264 -36.320053 0.0 -0.0 2e-06 -18.781593 6.443834 -29.059351 1.229993 0.051414 134.494415 3.222045 2.969149 -35.714542 -1.498043 0.604782 -46.339111 0.0 -0.0 -2e-06 
0.0 0.0 0.0 0.0 -0.0 0.0 41.300671 43.264713 619.868164 -1.638847 -2.450177 11.038922 5.149 1.615929 12.159169 2.387941 4.304444 0.539129 8.344648 5.953112 20.28686 -18.765007 2.451342 -18.420004 -0.877415 -1.274319 -3.704577 -0.047755 -4.536759 -17.610371 7.7e-05 -2.3e-05 6e-06 -0.030782 0.013191 -0.02584 0.569556 -3.723163 -10.786153 -0.647834 3.754094 -10.825219 -8.621631 2.507951 13.760376 -53.099838 3.445658 -13.691207 -161.969315 -78.396988 166.012177 20.467865 2.005287 -1.30707 -5.882113 9.861293 0.702591 -10.93688 -0.360572 7.156209 -1e-06 8.77483 -1e-06 -16.365242 18.411739 5.733035 -1.844035 2.498506 -2.50728 -10.163607 4.67895 4.621112 -20.97604 2e-06 0.0 -21.226303 2.4517 -3.594004 1e-06 -6e-06 -2e-06 -1.362684 2.2408 -0.746324 -21.33493 0.584915 3.008324 -13.821227 -1e-06 -0.0 -23.887188 -0.249077 -0.839487 -61.430599 2.543437 -1.235145 -0.294026 1.679688 0.833257 -14.218219 0.093217 1.300581 -34.212074 -0.287558 0.967166 -20.03323 0.96454 1.21284 0.0 -0.0 -1e-06 -3.440392 0.788235 0.501656 -15.928196 -3.167309 2.999708 -6.33883 1e-06 -0.0 -18.123459 3.648187 -4.905675 -4e-06 0.0 -1e-06 -9.833765 33.027306 6.718121 10.81337 17.058357 -30.794411 0.109842 34.839108 0.684828 -8.596183 -13.183633 -3.792609 2.243545 -5.255039 -3.18016 14.282898 -0.826598 6.952508 -1e-06 -12.690609 2e-06 16.477934 -17.974075 2.684227 1.665667 -1.955922 -2.878301 4.727802 -4.170589 4.993927 11.020529 1e-06 -1e-06 12.10906 -3.735719 -2.866788 -0.0 0.0 0.0 1.291988 -1.928551 -1.498091 14.800136 0.567465 3.865609 14.24258 -1.341738 -6.660665 19.631979 0.143925 -0.648247 50.04422 -0.708893 -6.030002 0.353029 -1.511152 -0.03194 20.222803 3.684308 2.316629 18.787283 3e-06 -4e-06 10.751634 -0.47987 1.397904 0.0 1e-06 -1e-06 3.27381 0.305946 -0.58011 21.48682 11.830374 2.266131 8.162933 0.0 1e-06 18.399096 -3.798988 -4.940579 3e-06 1e-06 -1e-06 18.070202 16.809748 -48.824265 0.622336 0.177228 147.816879 14.21837 -7.456748 -36.670128 2.531324 -1.501616 -47.452812 0.0 -0.0 3e-06 -21.426802 5.01575 -33.406143 1.222669 -0.228581 138.345551 7.462748 1.252397 -32.576416 -1.48814 0.646816 -42.8666 0.0 -1e-06 -3e-06 
0.0 0.0 0.0 0.0 -0.0 0.0 42.004135 43.121979 622.22522 -0.848554 -0.439979 17.923574 4.975281 1.719844 11.524763 2.651947 4.2048 1.32199 6.977914 6.06963 20.320591 -22.128695 0.802017 -25.788061 -1.214234 -1.850682 -3.81868 2.451663 -7.040709 -18.831095 7.7e-05 -2.2e-05 6e-06 -0.029186 -0.124613 -0.062628 0.571683 -3.836517 -10.770631 -0.646273 3.60111 -10.875129 -12.052635 -2.710195 10.650931 -53.011009 -17.318102 -12.398675 -16.039837 -86.97554 21.21035 25.13253 0.753151 4.777727 -5.88211 9.861292 0.702591 -10.936879 -0.360573 7.15621 -0.0 8.77483 -2e-06 -16.584003 18.790239 6.05853 -1.844033 2.498504 -2.507277 -10.163607 4.678948 4.621113 -20.976038 1e-06 -1e-06 -21.226303 2.451699 -3.594004 0.0 -6e-06 -0.0 -1.362682 2.240798 -0.746324 -21.33493 0.584912 3.008324 -13.821225 -2e-06 1e-06 -23.887188 -0.24908 -0.839484 -61.440395 2.615257 -1.280506 -0.294026 1.679689 0.833255 -14.218219 0.093215 1.300581 -34.212074 -0.287564 0.96717 -20.03323 0.964538 1.212844 0.0 -0.0 0.0 -3.440392 0.788233 0.501656 -15.928201 -3.167309 2.999709 -6.33883 -1e-06 0.0 -18.123461 3.648185 -4.905676 -4e-06 2e-06 -1e-06 -7.654928 37.315868 6.989694 4.987667 12.839464 -36.373093 0.631163 27.819637 0.513638 -9.979797 -8.194019 -6.831677 2.243543 -5.25504 -3.180158 14.282899 -0.826598 6.952507 -2e-06 -12.690612 1e-06 15.790567 -17.707378 2.839909 1.665668 -1.955923 -2.8783 4.727804 -4.17059 4.993927 11.020534 3e-06 -0.0 12.10906 -3.735719 -2.866785 0.0 0.0 -1e-06 1.291987 -1.92855 -1.49809 14.800139 0.567465 3.865611 14.24258 -1.341738 -6.66066 19.631979 0.143924 -0.648244 49.622337 -0.804923 -5.910818 0.353027 -1.511152 -0.03194 20.222803 3.684308 2.316632 18.787283 2e-06 1e-06 10.751634 -0.479871 1.397907 0.0 -0.0 -1e-06 3.27381 0.305947 -0.580112 21.486828 11.83038 2.266137 8.16293 2e-06 1e-06 18.399096 -3.798989 -4.940578 4e-06 1e-06 -0.0 14.192396 17.856647 -56.612507 0.572494 0.290666 149.108536 16.313204 -8.081581 -31.887985 2.522819 -1.292897 -49.587482 0.0 0.0 3e-06 -23.343809 1.617381 -39.719227 1.013937 -0.345867 138.589752 9.932508 0.703751 -30.224821 -1.506713 0.661568 -42.28722 -0.0 -0.0 -3e-06 
0.0 0.0 0.0 0.0 -0.0 0.0 42.496548 44.444557 623.806885 0.261013 0.712627 25.101969 4.818992 1.684194 11.769891 2.732333 4.015557 2.660812 4.899644 5.99812 20.507582 -24.384565 -1.044968 -31.742359 -2.037192 -2.39588 -3.91446 5.417228 -9.976054 -20.325094 7.7e-05 -2.2e-05 6e-06 -0.020676 -0.080502 -0.103762 0.628214 -3.742794 -10.705827 -0.68421 3.601574 -10.899899 -11.629103 -8.403267 7.915319 -47.6516 -39.826645 -12.959961 7.679273 -67.92865 -2.951381 28.722111 -1.734017 5.742685 -5.882109 9.861294 0.702591 -10.936877 -0.360573 7.156213 -2e-06 8.774831 -2e-06 -16.561281 18.994019 6.169796 -1.844033 2.498506 -2.50728 -10.163604 4.678949 4.621112 -20.976034 2e-06 5e-06 -21.226297 2.451704 -3.594003 -0.0 -5e-06 -2e-06 -1.362683 2.240801 -0.746325 -21.334927 0.584916 3.00833 -13.821221 2e-06 5e-06 -23.887182 -0.249073 -0.839485 -60.96133 2.639208 -1.457614 -0.294025 1.679689 0.833257 -14.218217 0.093219 1.300583 -34.212067 -0.287555 0.967174 -20.033222 0.964542 1.212845 1e-06 -1e-06 -0.0 -3.440389 0.788233 0.501657 -15.928196 -3.167308 2.999711 -6.338832 1e-06 1e-06 -18.123457 3.648189 -4.905674 -5e-06 1e-06 -2e-06 -10.420392 40.192127 5.542197 0.362908 10.885207 -42.481346 0.814242 21.243025 0.332516 -12.355432 -3.654051 -10.225262 2.243545 -5.25504 -3.180159 14.282901 -0.826599 6.952507 -2e-06 -12.690609 2e-06 15.037086 -17.379107 3.014743 1.665667 -1.955921 -2.8783 4.727801 -4.170589 4.993928 11.020534 1e-06 1e-06 12.109059 -3.735719 -2.866785 1e-06 1e-06 -1e-06 1.291988 -1.92855 -1.49809 14.800138 0.567463 3.865611 14.242581 -1.341738 -6.660661 19.631981 0.143922 -0.648246 49.050777 -0.895073 -5.917461 0.35303 -1.511151 -0.031939 20.222803 3.684306 2.316632 18.787287 0.0 -1e-06 10.751634 -0.479871 1.397906 -1e-06 -0.0 -1e-06 3.273808 0.305946 -0.580112 21.486824 11.830373 2.266132 8.16293 1e-06 -2e-06 18.399097 -3.79899 -4.940579 3e-06 1e-06 -4e-06 9.005471 18.362127 -65.433281 0.394919 0.328768 147.406082 16.476332 -10.046103 -26.554766 2.377254 -1.174465 -49.409065 0.0 -0.0 2e-06 -25.061209 -1.829812 -48.289566 0.896066 -0.237335 137.426529 10.052784 2.397869 -25.929754 -1.551696 0.737063 -40.629131 -0.0 -0.0 -2e-06 
0.0 0.0 0.0 0.0 -0.0 0.0 42.993828 45.953659 625.756287 1.902218 0.803521 32.028225 4.295219 1.582211 12.708385 2.652734 3.701872 3.968125 2.108844 5.266022 20.420635 -25.156853 -2.463002 -34.320721 -2.656172 -3.179543 -3.82589 8.50614 -12.034775 -20.729439 7.7e-05 -2.3e-05 6e-06 -0.026756 0.09089 -0.098788 0.638625 -3.542064 -10.569868 -0.707142 3.744201 -10.858601 -7.827653 -12.590899 4.713873 -28.554592 -58.433907 -27.886322 7.399301 -48.854546 -2.893476 29.015484 -3.804181 1.324458 -5.882114 9.861299 0.702591 -10.936881 -0.360574 7.156216 -3e-06 8.774832 -1e-06 -15.873744 18.779373 6.335146 -1.844035 2.498509 -2.507281 -10.163611 4.678951 4.621116 -20.976044 2e-06 6e-06 -21.226307 2.451707 -3.594005 1e-06 -5e-06 -1e-06 -1.362683 2.2408 -0.746325 -21.334934 0.584916 3.008331 -13.821227 1e-06 2e-06 -23.887192 -0.249074 -0.839485 -60.23856 2.629666 -1.661494 -0.294026 1.679689 0.833257 -14.218221 0.093218 1.300586 -34.212078 -0.287552 0.967172 -20.033234 0.964544 1.212844 -0.0 -1e-06 -1e-06 -3.440391 0.788235 0.501657 -15.928201 -3.167309 2.999716 -6.338832 1e-06 2e-06 -18.123463 3.648191 -4.905675 -6e-06 0.0 -3e-06 -16.458286 39.752514 2.474154 -3.037142 12.310085 -47.337189 0.645028 17.350689 0.121802 -15.197565 -1.208204 -13.398351 2.243544 -5.255039 -3.180162 14.282898 -0.826598 6.952507 -1e-06 -12.69061 -1e-06 14.729965 -17.346447 3.098757 1.665667 -1.955924 -2.878302 4.727805 -4.170589 4.993927 11.020533 3e-06 -3e-06 12.10906 -3.735719 -2.866787 -1e-06 -0.0 -0.0 1.291986 -1.92855 -1.49809 14.800139 0.567465 3.865609 14.242581 -1.341737 -6.660665 19.631979 0.143924 -0.648246 48.65242 -1.158099 -6.239926 0.353031 -1.511152 -0.03194 20.222805 3.684309 2.316631 18.787289 2e-06 -3e-06 10.751637 -0.479871 1.397906 -1e-06 -1e-06 -1e-06 3.273809 0.305947 -0.580111 21.486824 11.830378 2.266134 8.16293 1e-06 -1e-06 18.399096 -3.798988 -4.94058 3e-06 1e-06 -2e-06 4.018797 17.642162 -71.683899 0.189129 0.467014 143.953979 14.211792 -11.328676 -23.04917 2.267026 -1.121877 -48.004402 -0.0 -0.0 0.0 -27.669941 -4.858634 -56.580231 1.077408 0.19278 135.463516 9.832509 8.540158 -20.080133 -1.63809 0.760701 -39.03223 -0.0 -0.0 -2e-06 
0.0 0.0 0.0 0.0 -0.0 0.0 43.339115 47.470585 628.565369 3.090135 0.379776 37.943817 3.445013 1.608547 13.713935 2.324915 3.17752 4.743935 -0.121332 4.058897 20.424767 -24.477129 -3.283357 -33.851933 -2.289496 -3.731406 -3.620538 11.243155 -12.181477 -18.420044 7.7e-05 -2.3e-05 5e-06 -0.068626 0.158533 -0.083904 0.567692 -3.49523 -10.572446 -0.720715 3.82575 -10.870652 -2.224295 -15.369824 1.400651 11.090369 -63.59441 -62.603313 5.294662 -30.541096 -1.412411 26.328316 -3.525719 -4.17213 -5.882106 9.861285 0.702591 -10.936874 -0.360576 7.156207 2e-06 8.774826 -1e-06 -15.010577 18.455423 6.680484 -1.844032 2.498504 -2.507275 -10.163601 4.678945 4.62111 -20.976025 -3e-06 7e-06 -21.226286 2.451699 -3.593999 0.0 -6e-06 -1e-06 -1.362681 2.2408 -0.746322 -21.334917 0.58491 3.008326 -13.821215 -2e-06 4e-06 -23.887171 -0.249077 -0.83948 -59.422237 2.808894 -1.474629 -0.294025 1.679688 0.833256 -14.218209 0.093214 1.300581 -34.212051 -0.287562 0.967173 -20.033216 0.964539 1.212846 -0.0 -0.0 0.0 -3.440388 0.788235 0.501656 -15.928187 -3.16731 2.999708 -6.338828 -0.0 2e-06 -18.123449 3.648184 -4.905669 -6e-06 0.0 -3e-06 -21.458622 36.912067 -0.105362 -6.046685 16.020107 -51.647015 0.752805 16.307413 0.139169 -17.734682 -0.394504 -15.372386 2.24354 -5.255037 -3.180157 14.282892 -0.826598 6.952504 -2e-06 -12.690603 2e-06 14.9548 -17.765795 3.056779 1.665665 -1.955922 -2.8783 4.727802 -4.170587 4.993926 11.020528 1e-06 -0.0 12.109053 -3.735718 -2.866783 -0.0 1e-06 -0.0 1.291986 -1.92855 -1.498087 14.800129 0.567468 3.865609 14.242571 -1.341738 -6.660655 19.631969 0.143922 -0.648243 48.992653 -1.287581 -6.542241 0.35303 -1.51115 -0.031941 20.222795 3.684307 2.316635 18.787273 1e-06 2e-06 10.751629 -0.47987 1.397906 -1e-06 0.0 -1e-06 3.273806 0.305946 -0.58011 21.486818 11.830368 2.26614 8.162929 2e-06 1e-06 18.399088 -3.798988 -4.940574 4e-06 0.0 -1e-06 0.93009 16.639202 -74.341362 0.039138 0.602346 140.460541 11.327486 -10.338078 -22.473576 2.234742 -1.132981 -45.12183 0.0 0.0 4e-06 -29.450899 -7.52993 -62.503361 1.390572 0.750647 132.815323 10.956388 15.99172 -15.581467 -1.68788 0.704158 -37.597744 0.0 0.0 -1e-06 
0.0 0.0 0.0 0.0 -0.0 0.0 43.500542 48.518242 632.26178 2.933726 -0.280862 42.404072 2.564467 1.688178 14.642781 1.826048 2.693607 4.936156 -1.648908 3.08806 20.224091 -22.553295 -3.550924 -32.184029 -1.40492 -3.456784 -3.521981 12.720023 -10.719428 -15.055931 7.7e-05 -2.2e-05 6e-06 -0.119441 0.170225 -0.074102 0.530455 -3.533457 -10.752017 -0.784035 3.877601 -10.988122 3.455705 -16.444172 -0.938671 35.212776 -56.558693 -80.572266 2.567593 -17.497299 -0.36177 21.419447 -2.112044 -5.729617 -5.882114 9.861297 0.70259 -10.936881 -0.360575 7.156219 -1e-06 8.774835 -4e-06 -14.526308 18.367117 7.130847 -1.844034 2.498507 -2.50728 -10.163614 4.67895 4.621118 -20.976048 -2e-06 5e-06 -21.226311 2.451701 -3.594006 -0.0 -5e-06 -2e-06 -1.362682 2.240802 -0.746324 -21.334938 0.584912 3.008332 -13.821229 0.0 4e-06 -23.887196 -0.249074 -0.839482 -59.147915 2.993165 -1.01856 -0.294025 1.679687 0.833257 -14.218224 0.093214 1.300586 -34.212086 -0.287558 0.967178 -20.033236 0.964541 1.212845 0.0 1e-06 2e-06 -3.440394 0.788234 0.501657 -15.928206 -3.167312 2.999714 -6.338835 -1e-06 3e-06 -18.123468 3.648189 -4.905674 -5e-06 0.0 -1e-06 -24.709616 32.977081 -1.69513 -7.992949 21.600578 -56.220821 0.968458 16.617874 0.26501 -20.562151 -0.205521 -15.860388 2.243543 -5.255041 -3.180163 14.282904 -0.826597 6.95251 -2e-06 -12.690614 -3e-06 15.266141 -18.071999 2.972277 1.665667 -1.955923 -2.878299 4.727803 -4.170589 4.993928 11.020534 3e-06 0.0 12.109059 -3.735719 -2.866786 -0.0 -0.0 -1e-06 1.291988 -1.928552 -1.498091 14.800139 0.567467 3.865613 14.242583 -1.34174 -6.660662 19.631979 0.143922 -0.648245 49.275146 -1.277582 -6.592944 0.353029 -1.511151 -0.031942 20.222803 3.684313 2.316636 18.787289 2e-06 2e-06 10.751637 -0.47987 1.397909 -1e-06 1e-06 1e-06 3.273809 0.305947 -0.58011 21.486832 11.830381 2.26614 8.162934 3e-06 1e-06 18.399099 -3.79899 -4.940579 3e-06 1e-06 -1e-06 0.067499 16.711691 -74.447502 -0.179681 0.552636 137.68512 8.915913 -8.51981 -22.792131 2.216195 -1.16996 -42.544987 0.0 0.0 1e-06 -29.060745 -8.973903 -65.757637 1.553881 1.0931 130.222092 12.364836 20.325363 -15.088274 -1.685096 0.668619 -36.602757 -0.0 0.0 -0.0 
0.0 0.0 0.0 0.0 -0.0 0.0 43.582188 48.977257 636.547668 1.662279 -0.913168 45.856304 1.775511 1.706733 15.281854 1.303648 2.36698 4.883358 -2.846326 2.364195 19.691214 -20.050453 -3.379227 -30.927473 -0.606426 -2.77755 -3.528881 13.274493 -8.771888 -12.391302 7.7e-05 -2.3e-05 6e-06 -0.154869 0.151526 -0.077592 0.545613 -3.572752 -10.886485 -0.868403 3.873507 -11.076629 7.77435 -16.256521 -2.092609 42.053246 -49.324432 -82.617447 0.582371 -11.537452 -0.03872 17.442165 -1.947395 -4.559171 -5.882107 9.861283 0.70259 -10.936872 -0.360573 7.156208 -2e-06 8.774821 -2e-06 -14.679033 18.353582 7.35094 -1.844032 2.498504 -2.507277 -10.163598 4.678943 4.62111 -20.976021 -0.0 4e-06 -21.226284 2.451698 -3.593997 0.0 -6e-06 0.0 -1.362682 2.240798 -0.746323 -21.334913 0.584911 3.008324 -13.821213 -2e-06 2e-06 -23.887169 -0.249076 -0.839482 -59.57494 2.89291 -0.598589 -0.294024 1.679687 0.833255 -14.218208 0.093218 1.300581 -34.212048 -0.287557 0.967173 -20.033211 0.96454 1.212843 0.0 0.0 0.0 -3.440389 0.788233 0.501656 -15.928185 -3.167305 2.999709 -6.338824 -1e-06 2e-06 -18.123444 3.648184 -4.905668 -5e-06 0.0 -2e-06 -26.823313 28.768177 -2.735671 -9.038019 28.091101 -60.364864 1.232174 17.62149 0.423943 -23.666742 0.01936 -14.890512 2.243541 -5.255037 -3.180156 14.282889 -0.826596 6.952502 -2e-06 -12.690599 1e-06 15.584646 -18.155931 2.912804 1.665665 -1.955921 -2.878297 4.727799 -4.170586 4.993921 11.020523 2e-06 0.0 12.10905 -3.735717 -2.866781 -0.0 0.0 0.0 1.291984 -1.928548 -1.49809 14.800125 0.567466 3.865608 14.242569 -1.341739 -6.660655 19.631962 0.143922 -0.648242 49.423183 -1.250281 -6.390754 0.353029 -1.51115 -0.031939 20.222786 3.684305 2.316631 18.78727 2e-06 1e-06 10.751624 -0.479869 1.397906 -0.0 1e-06 0.0 3.273804 0.305948 -0.580109 21.486809 11.830368 2.266136 8.162927 1e-06 1e-06 18.399078 -3.798987 -4.940573 3e-06 -1e-06 -0.0 0.409405 17.71633 -73.517914 -0.397405 0.379409 135.316742 6.792113 -5.973214 -22.424395 2.14901 -1.182983 -41.314156 -0.0 0.0 -1e-06 -26.94389 -9.310073 -67.652832 1.508744 1.147085 127.815353 13.402914 21.063169 -16.758402 -1.675079 0.65308 -37.104561 -0.0 0.0 -3e-06 
0.0 0.0 0.0 0.0 -0.0 0.0 43.632805 49.231747 640.971008 0.087931 -1.410421 48.864868 1.009999 1.654446 15.606401 0.83605 2.062727 4.75913 -3.850243 1.671441 18.912939 -17.410702 -2.932803 -30.427738 -0.022968 -1.897242 -3.528434 13.427341 -6.976335 -10.585706 7.7e-05 -2.3e-05 8e-06 -0.190361 0.140796 -0.080886 0.56213 -3.591628 -10.92909 -0.955083 3.869651 -11.09271 10.862115 -15.513996 -2.448018 43.018391 -44.082207 -81.441925 -0.461016 -9.677399 0.055835 16.583029 -2.997076 -3.411758 -5.882105 9.861285 0.702592 -10.936873 -0.360575 7.156208 -1e-06 8.774826 -2e-06 -15.096738 18.37508 7.31327 -1.844031 2.498505 -2.507278 -10.163599 4.678945 4.621109 -20.976023 -1e-06 4e-06 -21.226286 2.451699 -3.594001 0.0 -6e-06 -1e-06 -1.362682 2.240798 -0.746323 -21.334915 0.584912 3.008326 -13.821213 -1e-06 3e-06 -23.887169 -0.249075 -0.839483 -59.99342 2.736317 -0.451828 -0.294025 1.679686 0.833255 -14.218205 0.093215 1.300582 -34.212048 -0.28756 0.967174 -20.033211 0.96454 1.212844 0.0 0.0 -1e-06 -3.440388 0.788233 0.501657 -15.928185 -3.167308 2.999709 -6.338827 -0.0 2e-06 -18.123446 3.648184 -4.905669 -3e-06 -0.0 -2e-06 -28.159292 24.613691 -3.308286 -10.08153 34.404163 -63.444759 1.545997 18.85293 0.611123 -26.871626 0.299031 -12.946892 2.243541 -5.255037 -3.180157 14.282888 -0.826594 6.952505 -2e-06 -12.690605 2e-06 15.798301 -18.126644 2.878817 1.665666 -1.955921 -2.8783 4.727799 -4.170588 4.993924 11.020526 4e-06 -1e-06 12.10905 -3.735715 -2.866785 -0.0 -1e-06 1e-06 1.291986 -1.92855 -1.49809 14.800129 0.567468 3.865608 14.24257 -1.341736 -6.660657 19.631968 0.143928 -0.648245 49.491058 -1.16257 -6.124575 0.35303 -1.511151 -0.031939 20.22279 3.68431 2.316632 18.78727 5e-06 -1e-06 10.751629 -0.47987 1.397907 -1e-06 0.0 -0.0 3.273806 0.305947 -0.580112 21.486813 11.830373 2.266135 8.162928 1e-06 1e-06 18.39908 -3.798985 -4.940574 3e-06 1e-06 -1e-06 0.770333 18.777601 -72.290909 -0.481198 0.219381 133.06604 4.709877 -2.647992 -21.290579 2.096898 -1.221272 -39.698231 -0.0 -0.0 2e-06 -24.430344 -9.067802 -68.564865 1.417055 1.179459 125.424309 14.633047 20.604403 -18.842075 -1.697254 0.647902 -37.390511 0.0 -0.0 -2e-06 
0.0 0.0 0.0 0.0 -0.0 0.0 43.63776 49.428783 645.445007 -1.506573 -1.741668 51.659874 0.314033 1.569171 15.689602 0.419938 1.774147 4.58086 -4.539775 1.007898 18.032225 -14.822385 -2.346093 -30.330141 0.342064 -0.945155 -3.516324 13.476426 -5.430099 -9.528665 7.7e-05 -2.2e-05 7e-06 -0.229242 0.142615 -0.08626 0.561512 -3.593794 -10.905808 -1.032439 3.876874 -11.049761 13.148808 -14.495343 -2.188329 41.395805 -40.338261 -79.890335 -0.998183 -10.021587 0.132296 18.341801 -4.588869 -3.089396 -5.882111 9.861291 0.702591 -10.936881 -0.360574 7.156211 -0.0 8.77483 -2e-06 -15.53868 18.430864 7.129991 -1.844033 2.498506 -2.507278 -10.163608 4.678947 4.621111 -20.97604 2e-06 4e-06 -21.226305 2.451703 -3.593999 0.0 -6e-06 -2e-06 -1.362682 2.240799 -0.746323 -21.33493 0.584914 3.008326 -13.821223 -1e-06 3e-06 -23.887188 -0.249074 -0.839482 -60.123371 2.639156 -0.521452 -0.294025 1.679688 0.833255 -14.218218 0.093217 1.300582 -34.212074 -0.287558 0.967171 -20.03323 0.964539 1.212843 0.0 0.0 1e-06 -3.44039 0.788234 0.501658 -15.928201 -3.167308 2.99971 -6.338833 1e-06 1e-06 -18.123463 3.648186 -4.905674 -3e-06 -0.0 -2e-06 -28.85742 20.786261 -3.520365 -11.332502 39.610207 -64.96283 2.037366 20.522594 0.823681 -29.955259 0.564805 -10.270322 2.243543 -5.25504 -3.180158 14.282896 -0.826598 6.952505 2e-06 -12.690607 -1e-06 15.963327 -18.0172 2.814486 1.665668 -1.955923 -2.8783 4.727803 -4.17059 4.993923 11.020529 1e-06 -2e-06 12.109056 -3.735718 -2.866786 -0.0 -0.0 1e-06 1.291988 -1.92855 -1.498088 14.800129 0.567467 3.865607 14.242577 -1.341739 -6.66066 19.631973 0.143923 -0.648246 49.520897 -1.033034 -5.88427 0.353029 -1.511152 -0.03194 20.222797 3.684307 2.316632 18.787281 1e-06 -2e-06 10.751633 -0.479871 1.397905 0.0 0.0 1e-06 3.273808 0.305947 -0.580109 21.486822 11.830377 2.266135 8.16293 1e-06 -0.0 18.399092 -3.798986 -4.94058 3e-06 1e-06 -2e-06 0.737187 19.683187 -71.092468 -0.496326 0.088236 130.46962 2.589437 1.071195 -19.709545 2.075275 -1.292946 -37.508469 -0.0 -0.0 0.0 -21.865368 -8.509548 -68.720222 1.387036 1.399044 122.695663 15.874431 20.58407 -20.51454 -1.740115 0.647905 -37.183891 0.0 -0.0 -2e-06 
0.0 0.0 0.0 0.0 -0.0 0.0 43.598545 49.57954 650.130249 -2.805348 -1.807652 54.394615 -0.259052 1.463476 15.553483 0.068101 1.529488 4.358244 -4.851772 0.440741 17.061604 -12.334488 -1.754494 -30.117617 0.523528 -0.071608 -3.503611 13.640985 -4.142835 -9.235282 7.7e-05 -2.2e-05 7e-06 -0.257937 0.144142 -0.09773 0.552631 -3.594622 -10.866477 -1.081193 3.883588 -10.986878 14.811711 -13.219522 -1.564715 38.17905 -38.291737 -78.304749 -1.32839 -11.9355 0.251768 21.633509 -6.026513 -2.851009 -5.882105 9.861287 0.702589 -10.936874 -0.360577 7.156208 1e-06 8.774827 -2e-06 -15.827989 18.450977 6.908522 -1.844032 2.498505 -2.507277 -10.163598 4.678944 4.621109 -20.976023 -6e-06 4e-06 -21.226286 2.451696 -3.594001 0.0 -6e-06 -2e-06 -1.36268 2.240798 -0.746324 -21.334913 0.584907 3.008324 -13.821214 -5e-06 2e-06 -23.887171 -0.249081 -0.839481 -59.995113 2.605817 -0.675107 -0.294025 1.679687 0.833256 -14.218207 0.093214 1.300581 -34.212051 -0.287567 0.967173 -20.033213 0.964535 1.212847 0.0 0.0 1e-06 -3.440389 0.788234 0.501655 -15.928185 -3.167312 2.999708 -6.338825 -2e-06 2e-06 -18.123444 3.648182 -4.905673 -3e-06 -1e-06 -2e-06 -28.870277 17.733471 -3.409684 -12.266932 42.942181 -64.388397 2.665126 22.909521 1.136403 -32.992653 0.563945 -6.75778 2.243542 -5.255037 -3.180159 14.282888 -0.826591 6.952506 -2e-06 -12.690605 -1e-06 16.233831 -17.941799 2.718692 1.665665 -1.955922 -2.878299 4.727797 -4.170585 4.993925 11.020524 5e-06 0.0 12.109052 -3.735715 -2.866784 -1e-06 -0.0 -1e-06 1.291985 -1.92855 -1.498089 14.800131 0.567469 3.86561 14.242568 -1.341735 -6.660656 19.631969 0.143927 -0.64824 49.660633 -0.994359 -5.730834 0.353028 -1.511149 -0.031941 20.22279 3.684312 2.316633 18.78727 6e-06 4e-06 10.751627 -0.479868 1.397908 0.0 -0.0 1e-06 3.273806 0.305948 -0.580111 21.486813 11.830378 2.266136 8.162926 2e-06 3e-06 18.399076 -3.798985 -4.94057 3e-06 -1e-06 -1e-06 0.242104 20.343748 -69.975906 -0.483344 -0.049796 127.417877 0.474991 4.584182 -18.094126 2.068219 -1.374276 -34.522026 0.0 -1e-06 2e-06 -19.280218 -7.97603 -68.15847 1.365835 1.757681 119.543816 16.887417 20.591297 -21.909048 -1.779988 0.65245 -36.870472 0.0 0.0 -3e-06 
0.0 0.0 0.0 0.0 -0.0 0.0 43.489639 49.715389 655.067444 -3.44604 -1.615988 56.927956 -0.7383 1.346125 15.230994 -0.246459 1.29716 4.065614 -4.888369 -0.002654 16.19252 -10.02953 -1.170248 -29.512554 0.649941 0.630033 -3.502529 14.077513 -3.213619 -9.443414 7.7e-05 -2.2e-05 6e-06 -0.297504 0.163762 -0.109688 0.526353 -3.570241 -10.844378 -1.131161 3.898899 -10.932192 16.050497 -11.543177 -0.682802 33.975986 -38.228203 -76.346626 -1.57723 -14.838603 0.409054 25.676924 -6.75398 -1.855865 -5.882109 9.86129 0.702589 -10.936873 -0.360575 7.156209 0.0 8.77483 -1e-06 -16.031717 18.394344 6.711937 -1.844033 2.498506 -2.50728 -10.163604 4.678947 4.621109 -20.97603 -5e-06 2e-06 -21.226295 2.451697 -3.594002 1e-06 -6e-06 -2e-06 -1.362682 2.240799 -0.746324 -21.334921 0.584909 3.008324 -13.821218 -3e-06 3e-06 -23.88718 -0.249079 -0.839482 -59.955799 2.531246 -0.730357 -0.294024 1.679689 0.833255 -14.218212 0.093215 1.300582 -34.212055 -0.287564 0.967172 -20.033216 0.964537 1.212845 -0.0 -0.0 1e-06 -3.44039 0.788234 0.501656 -15.928192 -3.167311 2.99971 -6.338829 -1e-06 2e-06 -18.123447 3.648182 -4.905672 -3e-06 0.0 -3e-06 -28.412584 15.54252 -3.006221 -11.538249 44.578793 -61.772743 3.259406 26.549574 1.549084 -36.257576 0.399283 -2.726578 2.243541 -5.255034 -3.180156 14.282887 -0.826595 6.952499 -2e-06 -12.690598 0.0 16.628527 -17.958136 2.624939 1.665665 -1.95592 -2.878298 4.727798 -4.170585 4.993921 11.02052 3e-06 -0.0 12.109048 -3.735714 -2.866783 -1e-06 0.0 -0.0 1.291985 -1.928548 -1.498089 14.800118 0.567469 3.865606 14.242564 -1.341735 -6.660655 19.631958 0.143926 -0.648244 50.056221 -0.953697 -5.680344 0.353029 -1.51115 -0.03194 20.222784 3.684307 2.316629 18.787266 5e-06 -0.0 10.751624 -0.479868 1.397906 0.0 0.0 -0.0 3.273806 0.305947 -0.58011 21.486801 11.83037 2.26613 8.162922 2e-06 -1e-06 18.399075 -3.798984 -4.940573 3e-06 -1e-06 -1e-06 -0.601654 20.68498 -68.639671 -0.502992 -0.292213 123.687881 -1.423781 7.085184 -16.274578 2.025288 -1.455997 -31.838877 0.0 -0.0 2e-06 -16.816362 -7.677743 -66.504616 1.331271 2.168728 115.702446 17.872721 19.707422 -23.395023 -1.832201 0.662861 -36.473953 0.0 0.0 -4e-06 
0.0 0.0 0.0 0.0 -0.0 0.0 43.311893 49.711349 660.286072 -3.434875 -1.21779 59.163879 -1.121708 1.178993 14.767801 -0.496575 1.087435 3.660141 -4.851792 -0.313318 15.434843 -7.749105 -0.50838 -28.463758 0.746008 1.212865 -3.524838 14.522314 -2.584166 -9.882333 7.7e-05 -2.2e-05 7e-06 -0.314464 0.175343 -0.11787 0.51511 -3.548102 -10.817915 -1.148331 3.897451 -10.872976 17.035172 -9.545323 0.481654 28.96282 -39.953346 -73.401268 -1.780832 -18.444311 0.599729 30.33547 -6.892089 0.279107 -5.882106 9.861286 0.702589 -10.936873 -0.360577 7.156206 2e-06 8.774826 -1e-06 -16.261583 18.345024 6.505886 -1.844032 2.498504 -2.507279 -10.163601 4.678944 4.621109 -20.976027 -5e-06 3e-06 -21.22629 2.451696 -3.594002 0.0 -6e-06 -0.0 -1.362681 2.240798 -0.746324 -21.334919 0.584909 3.008322 -13.821217 -3e-06 3e-06 -23.887178 -0.24908 -0.839485 -60.072643 2.414384 -0.69935 -0.294024 1.679687 0.833255 -14.218211 0.093213 1.300581 -34.212051 -0.287568 0.967169 -20.033218 0.964535 1.212846 -0.0 -0.0 -0.0 -3.44039 0.788234 0.501655 -15.928189 -3.167311 2.999708 -6.338827 -2e-06 1e-06 -18.123447 3.648182 -4.905672 -3e-06 -0.0 -2e-06 -27.62516 14.112057 -2.294427 -8.574683 44.978985 -57.284798 3.984499 31.499798 2.069179 -39.771141 0.429878 1.176057 2.243542 -5.255039 -3.18016 14.282896 -0.826595 6.952507 0.0 -12.690609 -2e-06 17.035 -17.955675 2.515909 1.665666 -1.955923 -2.8783 4.7278 -4.170588 4.993926 11.02053 2e-06 -0.0 12.109057 -3.735718 -2.866785 1e-06 0.0 -0.0 1.291985 -1.92855 -1.49809 14.800138 0.567468 3.865611 14.242579 -1.341738 -6.660661 19.631973 0.143924 -0.648245 50.581718 -0.866089 -5.690172 0.353031 -1.511151 -0.031941 20.222799 3.68431 2.316633 18.787283 3e-06 0.0 10.751633 -0.479869 1.397907 0.0 0.0 -0.0 3.273807 0.305947 -0.580111 21.486824 11.830379 2.266137 8.16293 1e-06 1e-06 18.399092 -3.798988 -4.940577 3e-06 -1e-06 -1e-06 -1.441261 20.847321 -66.712311 -0.574706 -0.715383 119.456787 -3.218892 8.546358 -14.703985 1.946867 -1.567403 -29.474808 0.0 0.0 2e-06 -14.558312 -7.786038 -63.593933 1.255447 2.569999 111.067574 18.986061 17.816221 -24.957674 -1.873605 0.676785 -36.146969 0.0 -0.0 -3e-06 
0.0 0.0 0.0 0.0 -0.0 0.0 43.020988 49.328121 665.621887 -2.874891 -0.607415 61.40696 -1.35724 1.003 13.961365 -0.689151 0.905882 3.127181 -4.770834 -0.55958 14.679811 -5.447024 0.126904 -27.013184 0.942797 1.724295 -3.57783 14.815244 -2.114882 -10.617684 7.7e-05 -2.2e-05 5e-06 -0.297182 0.17749 -0.139567 0.52149 -3.518138 -10.747262 -1.114593 3.870205 -10.784741 17.721521 -7.469007 2.022013 22.829561 -43.108433 -69.629425 -1.660826 -23.454113 0.761912 35.239212 -7.001491 3.691548 -5.882106 9.861283 0.702591 -10.936873 -0.360575 7.156206 0.0 8.774823 -0.0 -16.785061 18.425623 6.169829 -1.844032 2.498504 -2.507277 -10.1636 4.678944 4.621109 -20.976023 -3e-06 6e-06 -21.226286 2.451698 -3.593997 1e-06 -6e-06 -0.0 -1.362684 2.240798 -0.746324 -21.334913 0.584907 3.008325 -13.821214 -2e-06 3e-06 -23.887171 -0.249078 -0.83948 -60.448303 2.213144 -0.876934 -0.294027 1.679686 0.833256 -14.218207 0.093215 1.300581 -34.212051 -0.287562 0.967173 -20.033216 0.964538 1.212844 0.0 0.0 1e-06 -3.440389 0.788233 0.501656 -15.928185 -3.167309 2.999708 -6.338827 -1e-06 1e-06 -18.123444 3.648183 -4.905667 -3e-06 0.0 -4e-06 -26.488173 13.280424 -0.626335 -3.806892 44.397728 -51.326191 4.195766 37.693726 2.365111 -43.870544 0.768339 5.069242 2.243544 -5.255043 -3.180162 14.282912 -0.826597 6.952513 -1e-06 -12.690618 -1e-06 17.138721 -17.95187 2.612839 1.665669 -1.955924 -2.878303 4.727805 -4.170591 4.993929 11.020542 2e-06 -0.0 12.109068 -3.73572 -2.866787 1e-06 -0.0 1e-06 1.291987 -1.928552 -1.498091 14.800149 0.567468 3.865614 14.242589 -1.341738 -6.660666 19.631992 0.143924 -0.648244 51.203556 -0.721208 -5.573795 0.35303 -1.511152 -0.03194 20.222818 3.684313 2.316635 18.7873 3e-06 1e-06 10.751643 -0.479869 1.397908 -0.0 -0.0 0.0 3.27381 0.305947 -0.580111 21.486839 11.830385 2.266139 8.162937 0.0 0.0 18.399109 -3.798989 -4.940581 3e-06 0.0 -1e-06 -2.071383 21.048544 -64.394104 -0.680504 -1.466954 114.87851 -5.213436 8.617548 -12.6779 1.928772 -1.647679 -26.49411 0.0 -0.0 3e-06 -12.527977 -8.392349 -59.67382 1.096378 2.925545 105.426102 19.65111 15.341704 -26.719795 -1.948895 0.709027 -33.561096 0.0 -1e-06 -2e-06 
0.0 0.0 0.0 0.0 -0.0 0.0 42.710117 48.710556 670.880859 -2.00016 -0.220819 63.411114 -1.606622 0.907093 13.253339 -0.891957 0.903077 2.582082 -4.751457 -0.778164 13.78662 -3.556803 0.590982 -25.729755 1.065467 2.040383 -3.558233 15.01817 -1.885562 -11.61137 7.7e-05 -2.3e-05 8e-06 -0.266961 0.169369 -0.145325 0.546016 -3.522105 -10.728869 -1.073426 3.855588 -10.740048 17.632008 -5.579263 3.169938 15.226156 -46.822052 -64.843071 -1.569344 -30.325331 0.971261 39.910656 -8.38174 7.915622 -5.882107 9.861292 0.702589 -10.936877 -0.360575 7.15621 -0.0 8.774831 -3e-06 -17.317654 18.397228 5.961344 -1.844033 2.498507 -2.507279 -10.163601 4.678946 4.62111 -20.97603 -2e-06 2e-06 -21.226297 2.451699 -3.594003 -0.0 -6e-06 1e-06 -1.362682 2.240799 -0.746323 -21.334921 0.584908 3.008326 -13.821218 -2e-06 2e-06 -23.887178 -0.249079 -0.839483 -61.086998 2.168164 -1.00796 -0.294024 1.679688 0.833256 -14.218215 0.093214 1.300583 -34.212063 -0.287563 0.967173 -20.033222 0.964538 1.212845 0.0 0.0 0.0 -3.44039 0.788235 0.501655 -15.928192 -3.167311 2.99971 -6.338828 -2e-06 2e-06 -18.123453 3.648185 -4.905674 -3e-06 0.0 -2e-06 -25.172073 12.885414 0.644251 3.622056 42.830093 -43.472958 4.38757 44.950184 2.785815 -48.53191 1.343942 8.632513 2.243542 -5.255037 -3.180159 14.282894 -0.826595 6.952504 -2e-06 -12.690601 -0.0 17.237196 -18.002459 2.689838 1.665667 -1.955922 -2.878299 4.727799 -4.170586 4.993925 11.020529 3e-06 -1e-06 12.109056 -3.735715 -2.866784 1e-06 0.0 0.0 1.291986 -1.928549 -1.49809 14.800132 0.567468 3.865609 14.242576 -1.341736 -6.660659 19.631969 0.143925 -0.648244 51.613773 -0.682226 -5.660809 0.353028 -1.51115 -0.03194 20.222797 3.684308 2.316631 18.787279 4e-06 -0.0 10.751632 -0.479869 1.397906 -1e-06 0.0 -0.0 3.273806 0.305947 -0.580111 21.486818 11.830376 2.266135 8.16293 1e-06 0.0 18.399088 -3.798985 -4.940576 3e-06 0.0 -1e-06 -2.550354 21.664764 -61.662094 -0.865471 -2.279011 110.328362 -6.87852 7.189435 -11.033338 1.913062 -1.726332 -23.553101 -0.0 1e-06 1e-06 -11.163432 -9.533321 -54.880058 1.026992 3.518373 98.847694 19.683083 13.880651 -26.880156 -1.956861 0.702946 -32.944496 0.0 -1e-06 -2e-06 
0.0 0.0 0.0 0.0 -0.0 0.0 42.445328 47.684689 675.961182 -1.08579 -0.11141 65.296089 -1.854832 0.889276 12.448749 -1.040245 0.959377 2.021244 -4.895362 -0.951093 12.967401 -2.180712 0.867826 -24.516108 1.160245 2.201918 -3.546883 15.199554 -1.772832 -12.646491 7.7e-05 -2.2e-05 7e-06 -0.242379 0.16351 -0.15797 0.569922 -3.528543 -10.72889 -1.044888 3.849065 -10.731306 16.868834 -4.012869 4.37891 5.837758 -49.883957 -58.635841 -1.559288 -38.822712 1.274544 44.120155 -11.288584 12.229795 -5.88211 9.86129 0.702588 -10.936877 -0.360577 7.15621 0.0 8.774828 -3e-06 -17.703695 18.47365 5.892302 -1.844033 2.498505 -2.507279 -10.163607 4.678946 4.62111 -20.976038 -3e-06 2e-06 -21.226301 2.451698 -3.594003 -0.0 -6e-06 1e-06 -1.362683 2.240799 -0.746324 -21.334929 0.584909 3.008326 -13.821222 -3e-06 3e-06 -23.887184 -0.249079 -0.839484 -61.740593 2.144094 -1.164695 -0.294024 1.679688 0.833256 -14.218219 0.093214 1.300582 -34.212074 -0.287563 0.967173 -20.033226 0.964538 1.212846 0.0 -0.0 -0.0 -3.44039 0.788233 0.501656 -15.928198 -3.167312 2.99971 -6.338832 -1e-06 2e-06 -18.123459 3.648184 -4.905674 -4e-06 0.0 -2e-06 -23.74621 12.627817 1.951939 12.052142 40.41082 -35.041584 4.684412 52.620056 3.28924 -53.219669 2.509119 11.762768 2.243543 -5.255037 -3.180158 14.282894 -0.826595 6.952504 0.0 -12.690603 -1e-06 17.303122 -18.058445 2.753603 1.665666 -1.955922 -2.878298 4.727802 -4.170588 4.993924 11.020527 2e-06 -0.0 12.109055 -3.735716 -2.866783 1e-06 0.0 0.0 1.291986 -1.92855 -1.498089 14.800131 0.567468 3.865609 14.242571 -1.341738 -6.660657 19.631969 0.143924 -0.648244 51.861359 -0.668629 -5.765462 0.353029 -1.51115 -0.03194 20.222794 3.684308 2.316632 18.787273 2e-06 0.0 10.751629 -0.479869 1.397906 -0.0 0.0 0.0 3.273807 0.305947 -0.58011 21.486818 11.830376 2.266136 8.162929 1e-06 -0.0 18.399086 -3.798985 -4.940576 3e-06 0.0 -1e-06 -2.801573 22.775503 -58.737106 -1.123235 -3.197269 105.742271 -8.295856 4.434748 -9.701834 1.893764 -1.768685 -21.193844 0.0 -1e-06 2e-06 -10.206399 -11.022561 -50.228836 0.988697 4.293591 92.229362 19.362295 12.710058 -26.784065 -1.902842 0.684635 -32.099693 0.0 -0.0 -2e-06 
0.0 0.0 0.0 0.0 -0.0 0.0 42.284229 46.18895 680.928284 -0.267983 -0.310006 67.062531 -2.103374 0.929326 11.49071 -1.14493 1.016163 1.435235 -5.20151 -1.067398 12.332992 -1.2841 1.029545 -23.256311 1.244245 2.2046 -3.54233 15.196657 -1.651118 -13.660268 7.7e-05 -2.3e-05 6e-06 -0.210272 0.148639 -0.168479 0.600347 -3.542997 -10.733706 -1.008631 3.832714 -10.733779 15.449796 -2.843858 5.764281 -5.061797 -51.370037 -50.740246 -1.767164 -48.085354 1.746488 47.123234 -15.492462 16.039152 -5.88211 9.861292 0.702589 -10.936878 -0.360577 7.15621 1e-06 8.774829 -2e-06 -17.806545 18.625786 5.99711 -1.844034 2.498505 -2.507278 -10.163606 4.678946 4.62111 -20.97604 -3e-06 6e-06 -21.226299 2.451699 -3.593999 -0.0 -6e-06 0.0 -1.362682 2.240799 -0.746324 -21.334929 0.584908 3.008327 -13.821223 -3e-06 4e-06 -23.887184 -0.249077 -0.83948 -62.208824 2.149657 -1.275948 -0.294026 1.679688 0.833256 -14.218216 0.093213 1.300583 -34.21207 -0.287563 0.967176 -20.033226 0.964538 1.212847 0.0 0.0 -1e-06 -3.44039 0.788233 0.501656 -15.928198 -3.167311 2.999711 -6.338831 -1e-06 2e-06 -18.123457 3.648183 -4.905671 -6e-06 0.0 -0.0 -22.209497 12.295124 3.211796 20.621054 37.415249 -26.29513 4.921231 59.994579 3.68889 -57.444263 4.480903 14.121011 2.243543 -5.25504 -3.18016 14.2829 -0.826593 6.952505 1e-06 -12.690609 -4e-06 17.426184 -18.149199 2.72321 1.665667 -1.955923 -2.8783 4.727801 -4.170588 4.993925 11.020535 2e-06 -2e-06 12.109059 -3.735717 -2.866787 1e-06 -0.0 0.0 1.291987 -1.928551 -1.49809 14.800139 0.567469 3.865608 14.242581 -1.341738 -6.660664 19.631981 0.143926 -0.648246 51.933056 -0.672781 -5.926889 0.353029 -1.511151 -0.03194 20.222805 3.684312 2.316631 18.787287 5e-06 -2e-06 10.751636 -0.479868 1.397906 -1e-06 -0.0 0.0 3.273808 0.305947 -0.580111 21.486828 11.830379 2.266135 8.162933 2e-06 -1e-06 18.399096 -3.798984 -4.940581 4e-06 1e-06 -1e-06 -2.808733 24.466291 -55.378017 -1.477581 -4.361252 100.76722 -9.635638 0.53039 -8.735373 1.862894 -1.775332 -19.734533 -0.0 1e-06 2e-06 -9.528923 -13.004919 -45.572964 0.962484 5.492643 85.462967 18.815506 11.935444 -26.529457 -1.829528 0.653871 -31.225317 0.0 -0.0 -3e-06 
0.0 0.0 0.0 0.0 -0.0 0.0 42.241467 44.225388 685.839661 0.482245 -0.741622 68.746063 -2.334537 0.981379 10.401408 -1.234363 1.077621 0.801425 -5.562683 -1.137741 11.809315 -0.714247 1.116874 -21.791456 1.366347 2.042118 -3.534738 14.74345 -1.466458 -14.763432 7.7e-05 -2.2e-05 6e-06 -0.164279 0.121569 -0.175934 0.637572 -3.562242 -10.722128 -0.952241 3.797647 -10.720777 13.49701 -2.021837 7.235123 -16.362421 -50.879623 -42.020683 -2.477285 -57.21291 2.536296 48.653015 -20.435188 19.184441 -5.882105 9.861283 0.702591 -10.936872 -0.360576 7.156207 2e-06 8.774824 -2e-06 -17.682543 18.768805 6.203332 -1.844033 2.498503 -2.507277 -10.163599 4.678944 4.621109 -20.976023 -4e-06 4e-06 -21.226286 2.451695 -3.593997 0.0 -6e-06 0.0 -1.362681 2.240798 -0.746323 -21.334913 0.584909 3.008323 -13.821213 -3e-06 3e-06 -23.887173 -0.249079 -0.839481 -62.377838 2.15186 -1.283781 -0.294024 1.679687 0.833255 -14.218207 0.093214 1.300581 -34.212048 -0.287564 0.967173 -20.033213 0.964537 1.212845 -0.0 0.0 -0.0 -3.440389 0.788233 0.501656 -15.928185 -3.16731 2.999708 -6.338826 -1e-06 2e-06 -18.123444 3.648182 -4.905668 -5e-06 0.0 -1e-06 -20.586866 11.764277 4.489645 28.648193 34.003437 -17.820705 4.430355 66.585732 3.31757 -61.027111 7.189731 15.639974 2.243543 -5.255039 -3.180159 14.282897 -0.826594 6.952505 -2e-06 -12.690609 -1e-06 17.599417 -18.319134 2.642054 1.665667 -1.955922 -2.878299 4.727802 -4.170588 4.993925 11.020534 3e-06 -1e-06 12.109059 -3.735717 -2.866786 1e-06 -0.0 0.0 1.291986 -1.92855 -1.49809 14.800136 0.567469 3.865609 14.24258 -1.341737 -6.660661 19.631981 0.143926 -0.648246 51.98214 -0.673016 -6.096302 0.353029 -1.511151 -0.03194 20.222803 3.684311 2.316631 18.787287 5e-06 -2e-06 10.751634 -0.479869 1.397906 -1e-06 -0.0 0.0 3.273807 0.305947 -0.580111 21.486826 11.830379 2.266135 8.16293 2e-06 -0.0 18.39909 -3.798986 -4.940578 3e-06 1e-06 -1e-06 -2.610576 26.728483 -51.52932 -1.89667 -5.896709 95.210999 -10.947968 -3.944843 -7.817064 1.823348 -1.760151 -18.677877 0.0 1e-06 2e-06 -9.076434 -15.784692 -40.779724 0.909696 7.255683 78.34433 18.114698 11.677655 -26.166178 -1.763272 0.627166 -30.331108 0.0 -0.0 -2e-06 
0.0 0.0 0.0 0.0 -0.0 0.0 42.301132 41.880535 690.617249 1.271848 -1.311348 70.32515 -2.59474 1.030684 9.136286 -1.301447 1.101235 0.099607 -5.923972 -1.213547 11.435571 -0.301935 1.200549 -20.128616 1.523627 1.769917 -3.518342 13.868569 -1.337114 -15.857766 7.7e-05 -2.3e-05 7e-06 -0.12145 0.090148 -0.186288 0.666086 -3.572531 -10.693989 -0.892799 3.744139 -10.689893 11.109943 -1.578733 8.716158 -26.248672 -48.363243 -33.950089 -3.830243 -65.485435 3.775013 49.054836 -25.528549 21.463778 -5.88211 9.86129 0.702589 -10.936878 -0.360575 7.15621 1e-06 8.774829 -2e-06 -17.464396 18.85638 6.347011 -1.844033 2.498506 -2.507278 -10.163607 4.678946 4.62111 -20.976038 -3e-06 5e-06 -21.226299 2.451698 -3.594 0.0 -6e-06 -1e-06 -1.362682 2.240799 -0.746323 -21.334929 0.58491 3.008325 -13.821223 -3e-06 3e-06 -23.887184 -0.249078 -0.839481 -62.244991 2.10138 -1.227575 -0.294025 1.679688 0.833256 -14.218216 0.093214 1.300582 -34.212074 -0.287563 0.967173 -20.033228 0.964537 1.212845 -0.0 0.0 -1e-06 -3.440391 0.788233 0.501656 -15.928198 -3.167311 2.99971 -6.338832 -1e-06 1e-06 -18.123459 3.648184 -4.905672 -6e-06 0.0 -1e-06 -18.843174 11.088319 5.759892 35.793541 30.332819 -10.218724 2.579149 72.120796 1.372611 -63.841827 10.5311 16.034863 2.243543 -5.255038 -3.180159 14.2829 -0.826595 6.952506 -2e-06 -12.690607 -1e-06 17.683577 -18.522385 2.589503 1.665666 -1.955922 -2.878299 4.727802 -4.170588 4.993925 11.020531 3e-06 -1e-06 12.109058 -3.735716 -2.866785 1e-06 0.0 0.0 1.291985 -1.92855 -1.498089 14.800136 0.567469 3.86561 14.242579 -1.341736 -6.660659 19.631981 0.143924 -0.648244 51.952465 -0.670939 -6.25734 0.353029 -1.511151 -0.03194 20.222803 3.684312 2.316631 18.787283 5e-06 -0.0 10.751635 -0.479869 1.397907 0.0 0.0 -0.0 3.273809 0.305947 -0.580111 21.486826 11.830379 2.266135 8.16293 1e-06 -0.0 18.399092 -3.798985 -4.940578 3e-06 -0.0 -1e-06 -2.16969 29.459877 -47.154957 -2.274694 -7.790382 88.934174 -12.440597 -8.080979 -6.559572 1.832656 -1.729569 -17.48321 -0.0 0.0 2e-06 -8.828266 -19.762352 -35.829235 0.821126 9.76397 70.810699 17.434479 12.09031 -25.809668 -1.708156 0.607359 -29.67359 0.0 -0.0 -3e-06 
0.0 0.0 0.0 0.0 -0.0 0.0 42.4594 39.164394 695.032104 2.233422 -1.991193 71.722511 -2.960619 1.084521 7.618269 -1.322616 0.974438 -0.669622 -6.313399 -1.329237 11.335409 0.066123 1.366783 -18.327887 1.563704 1.450878 -3.514745 12.746184 -1.392307 -16.873428 7.7e-05 -2.3e-05 6e-06 -0.098831 0.070645 -0.200031 0.673255 -3.569157 -10.680107 -0.850926 3.698509 -10.668838 8.490256 -1.434008 10.298826 -33.458462 -44.325535 -27.570045 -5.28809 -72.553421 5.261902 48.891315 -30.120735 22.595612 -5.882106 9.861287 0.70259 -10.936873 -0.360574 7.156208 -1e-06 8.774828 -2e-06 -17.283203 18.893356 6.369316 -1.844032 2.498505 -2.507278 -10.163601 4.678946 4.62111 -20.976023 -3e-06 2e-06 -21.226286 2.451697 -3.594001 -0.0 -6e-06 -0.0 -1.362682 2.240798 -0.746324 -21.334909 0.584909 3.008324 -13.821215 -3e-06 2e-06 -23.887171 -0.249077 -0.839483 -62.09663 1.996867 -1.099127 -0.294025 1.679687 0.833256 -14.218207 0.093215 1.300582 -34.212048 -0.287563 0.967171 -20.033215 0.964538 1.212844 -0.0 -0.0 -0.0 -3.440388 0.788233 0.501656 -15.928185 -3.16731 2.999709 -6.338827 -1e-06 1e-06 -18.123444 3.648184 -4.905672 -5e-06 0.0 -2e-06 -16.992489 10.344579 7.05488 42.05661 26.453535 -4.003299 -1.19567 76.953186 -2.576164 -66.004318 14.058698 15.440289 2.243542 -5.255036 -3.180157 14.282885 -0.826592 6.952501 -2e-06 -12.690601 -0.0 17.574976 -18.69791 2.583312 1.665666 -1.955921 -2.878299 4.727797 -4.170586 4.993923 11.020523 4e-06 -2e-06 12.109051 -3.735713 -2.866784 0.0 0.0 0.0 1.291984 -1.928549 -1.498089 14.800125 0.56747 3.865606 14.242574 -1.341734 -6.660657 19.631966 0.143928 -0.648244 51.741192 -0.619133 -6.483264 0.353028 -1.51115 -0.03194 20.222786 3.684311 2.316629 18.78727 6e-06 -1e-06 10.751625 -0.479868 1.397906 -0.0 0.0 -0.0 3.273808 0.305947 -0.580111 21.486809 11.830376 2.266131 8.162926 1e-06 -0.0 18.399076 -3.798982 -4.940573 3e-06 -1e-06 -1e-06 -1.377562 32.663555 -42.058327 -2.615539 -9.951983 81.938484 -13.977638 -11.18382 -4.849512 1.912843 -1.710423 -15.632493 -1e-06 0.0 2e-06 -8.912455 -25.507832 -30.815287 0.771476 13.348898 63.183308 16.870674 13.395251 -25.710831 -1.637333 0.58932 -29.199736 0.0 -0.0 -3e-06 
0.0 0.0 0.0 0.0 -0.0 0.0 42.664379 36.048489 698.94342 3.494375 -2.703337 72.751717 -3.474796 0.988433 6.104088 -1.291844 0.737376 -1.462557 -6.790094 -1.44822 11.26309 0.921331 1.763667 -16.648476 1.255517 0.927699 -3.436884 11.076192 -1.570436 -17.832016 7.7e-05 -2.3e-05 6e-06 -0.055384 0.036105 -0.190943 0.714532 -3.607677 -10.719585 -0.802623 3.663697 -10.668736 5.807084 -1.465269 12.019296 -37.814564 -39.120949 -23.222551 -9.288683 -78.623589 9.225617 49.075085 -34.519188 22.844875 -5.882108 9.861289 0.70259 -10.936875 -0.360577 7.156207 1e-06 8.774829 -3e-06 -17.202478 18.755335 6.29222 -1.844034 2.498505 -2.507278 -10.163603 4.678945 4.621109 -20.97603 -3e-06 4e-06 -21.226292 2.451698 -3.594002 0.0 -6e-06 0.0 -1.362681 2.240799 -0.746324 -21.334921 0.584909 3.008325 -13.821219 -3e-06 3e-06 -23.887178 -0.249078 -0.839481 -61.837433 2.021597 -0.891315 -0.294024 1.679688 0.833255 -14.218212 0.093214 1.300581 -34.212063 -0.287564 0.967172 -20.033218 0.964536 1.212844 0.0 0.0 0.0 -3.440389 0.788233 0.501655 -15.928189 -3.167312 2.999708 -6.338829 -2e-06 1e-06 -18.123453 3.648183 -4.905672 -5e-06 1e-06 -2e-06 -14.895922 9.630751 7.860408 47.504219 21.550619 1.419133 -8.529999 81.783173 -10.068709 -68.20768 17.419233 14.054157 2.243543 -5.255042 -3.180161 14.282896 -0.826595 6.952508 1e-06 -12.690614 -3e-06 17.318993 -18.755751 2.655003 1.665667 -1.955924 -2.878301 4.727802 -4.170591 4.993926 11.020531 2e-06 -1e-06 12.109058 -3.735719 -2.866787 0.0 0.0 -0.0 1.291986 -1.928551 -1.49809 14.800138 0.567468 3.865611 14.242577 -1.341739 -6.660663 19.631977 0.143923 -0.648245 51.32383 -0.60489 -6.71257 0.353028 -1.511152 -0.031941 20.222801 3.684312 2.316634 18.787283 3e-06 -0.0 10.751633 -0.479869 1.397907 -0.0 0.0 -0.0 3.27381 0.305947 -0.580111 21.486824 11.830381 2.266139 8.16293 -0.0 1e-06 18.399092 -3.798988 -4.94058 3e-06 -2e-06 -1e-06 0.022544 36.105659 -36.160755 -3.11295 -12.327009 74.522423 -15.661697 -13.322317 -3.472957 2.020724 -1.724377 -13.94477 -0.0 -1e-06 2e-06 -9.29834 -34.575478 -25.24749 1.42322 19.022221 54.446346 16.910557 14.748093 -24.814249 -1.530413 0.566803 -29.89687 0.0 -0.0 -2e-06 
0.0 0.0 0.0 0.0 -0.0 0.0 42.904728 32.431282 702.254028 4.608188 -3.209848 73.655624 -3.806676 0.849356 4.344374 -1.27207 0.549829 -2.2729 -7.150458 -1.46334 11.248068 1.502825 2.149664 -14.963348 0.765626 0.290696 -3.431905 9.594381 -1.859868 -18.886496 7.7e-05 -2.2e-05 5e-06 -0.017467 -0.00129 -0.176425 0.724877 -3.618083 -10.679178 -0.73784 3.599896 -10.611386 3.294338 -1.672509 13.591121 -40.373936 -33.172184 -19.824854 -18.602886 -83.779305 18.595699 49.667278 -38.557999 22.82284 -5.88211 9.861292 0.702589 -10.936876 -0.360574 7.156209 -0.0 8.77483 -2e-06 -16.913067 18.638739 6.256603 -1.844033 2.498507 -2.507279 -10.163604 4.678947 4.621111 -20.976034 -3e-06 2e-06 -21.226295 2.451698 -3.594003 0.0 -6e-06 0.0 -1.362682 2.240799 -0.746324 -21.334925 0.58491 3.008324 -13.821222 -2e-06 1e-06 -23.887184 -0.249079 -0.839485 -61.498409 1.964539 -0.817103 -0.294025 1.679688 0.833256 -14.218215 0.093215 1.300581 -34.212067 -0.287563 0.96717 -20.033222 0.964537 1.212843 -0.0 0.0 0.0 -3.44039 0.788234 0.501655 -15.928194 -3.167311 2.999709 -6.338829 -1e-06 1e-06 -18.123459 3.648185 -4.905675 -6e-06 0.0 -2e-06 -12.478364 8.983026 9.310164 50.883583 16.521904 5.575204 -34.159046 86.175972 -35.730389 -69.860634 20.581886 13.309947 2.243542 -5.255036 -3.180157 14.282894 -0.826595 6.952503 -0.0 -12.690604 1e-06 16.935171 -18.715853 2.741629 1.665668 -1.955921 -2.878299 4.727801 -4.170588 4.993925 11.020529 3e-06 -0.0 12.109056 -3.735716 -2.866784 -1e-06 -0.0 -1e-06 1.291987 -1.928549 -1.498089 14.800132 0.567468 3.865607 14.242579 -1.341735 -6.660658 19.631973 0.143926 -0.648246 50.960701 -0.543883 -6.794953 0.35303 -1.51115 -0.03194 20.222797 3.684309 2.31663 18.787281 5e-06 -1e-06 10.751631 -0.479868 1.397906 0.0 0.0 0.0 3.273808 0.305947 -0.580112 21.486818 11.830374 2.26613 8.16293 1e-06 -1e-06 18.399088 -3.798983 -4.940576 3e-06 -2e-06 -1e-06 1.71996 39.720909 -30.589729 -3.520933 -15.007113 67.451897 -17.188976 -14.396299 -2.550366 2.124316 -1.694192 -14.221889 1e-06 1e-06 2e-06 -10.678466 -45.34219 -19.714346 2.718207 26.031641 46.412907 17.39698 15.308495 -24.260286 -1.507445 0.589349 -27.65983 0.0 -0.0 -3e-06 
0.0 0.0 0.0 0.0 -0.0 0.0 43.241657 28.799423 704.937195 5.133555 -3.562966 74.50573 -3.929825 0.69068 2.664704 -1.284303 0.520506 -3.079642 -7.246846 -1.310761 11.101885 1.749248 2.412534 -13.737306 0.380595 -0.219705 -3.424225 8.119618 -2.108113 -19.928717 7.7e-05 -2.2e-05 4e-06 -0.006466 -0.022449 -0.162663 0.703962 -3.607331 -10.600964 -0.696277 3.548761 -10.516798 1.080386 -1.704903 14.669033 -41.700062 -26.871319 -16.886072 -56.102295 -87.251846 56.304882 51.444523 -42.348278 22.254103 -5.882107 9.861283 0.702592 -10.936872 -0.360572 7.156204 -0.0 8.774822 0.0 -16.586235 18.502745 6.287503 -1.844033 2.498503 -2.507277 -10.163601 4.678944 4.621108 -20.976025 -2e-06 2e-06 -21.226288 2.451698 -3.593998 1e-06 -6e-06 0.0 -1.362682 2.240798 -0.746323 -21.334913 0.584912 3.008322 -13.821214 -2e-06 2e-06 -23.887169 -0.249077 -0.839484 -61.187492 1.92906 -0.798485 -0.294025 1.679687 0.833256 -14.21821 0.093216 1.30058 -34.212051 -0.287561 0.967169 -20.033215 0.964538 1.212842 0.0 0.0 0.0 -3.440388 0.788233 0.501656 -15.928187 -3.167307 2.999706 -6.338827 -1e-06 0.0 -18.123453 3.648183 -4.90567 -6e-06 0.0 -2e-06 -10.065914 8.536045 10.623396 52.764965 11.281923 8.720213 -123.740746 86.942642 -124.976265 -71.156471 23.499289 13.284829 2.243542 -5.255037 -3.180158 14.282896 -0.826596 6.952503 0.0 -12.690607 -1e-06 16.550106 -18.53945 2.772172 1.665667 -1.955922 -2.878299 4.7278 -4.170588 4.993924 11.02053 2e-06 -0.0 12.109056 -3.735717 -2.866783 -1e-06 -0.0 -0.0 1.291987 -1.92855 -1.498089 14.800134 0.567467 3.865607 14.242578 -1.341737 -6.660658 19.631975 0.143924 -0.648246 50.561344 -0.488076 -6.831638 0.353029 -1.51115 -0.03194 20.222801 3.684308 2.31663 18.787283 3e-06 -2e-06 10.751633 -0.479869 1.397905 -1e-06 -1e-06 0.0 3.273808 0.305947 -0.580111 21.48682 11.830376 2.266132 8.162931 1e-06 -2e-06 18.399092 -3.798987 -4.940578 3e-06 -2e-06 -0.0 3.56243 43.779121 -25.251484 -3.88701 -18.140944 60.899017 -18.574213 -14.850744 -2.13806 2.215753 -1.650632 -15.075317 -0.0 -0.0 2e-06 -13.799594 -56.914608 -13.836447 4.540751 34.46413 39.309383 18.659311 15.693825 -22.833202 -1.516757 0.6319 -25.754435 -0.0 0.0 -2e-06 
0.0 0.0 0.0 0.0 -0.0 0.0 43.731628 25.555988 706.996277 4.968708 -3.791434 75.508995 -3.830707 0.565853 1.327114 -1.250108 0.610917 -3.807712 -7.05933 -1.059893 10.830523 1.489353 2.59265 -13.240684 0.257844 -0.477229 -3.441873 6.831174 -2.256447 -20.936462 7.7e-05 -2.2e-05 7e-06 -0.040969 0.003778 -0.17807 0.641802 -3.550576 -10.524373 -0.703488 3.546503 -10.438962 -0.535482 -1.320007 15.269809 -42.357231 -21.335352 -14.367227 -122.851189 -86.829414 123.413895 54.365196 -45.463154 21.274712 -5.882109 9.861286 0.702592 -10.936877 -0.360574 7.156208 2e-06 8.774827 0.0 -16.358624 18.330128 6.262411 -1.844033 2.498504 -2.507278 -10.163604 4.678946 4.621111 -20.976034 -4e-06 2e-06 -21.226299 2.451697 -3.593999 1e-06 -6e-06 -0.0 -1.362682 2.240798 -0.746323 -21.334925 0.58491 3.008324 -13.82122 -3e-06 2e-06 -23.887184 -0.249079 -0.839483 -61.158321 1.839207 -0.879671 -0.294025 1.679688 0.833257 -14.218215 0.093215 1.30058 -34.212067 -0.287565 0.967171 -20.033222 0.964536 1.212844 0.0 0.0 0.0 -3.44039 0.788233 0.501656 -15.928194 -3.16731 2.999707 -6.338831 -1e-06 1e-06 -18.123455 3.648183 -4.905671 -6e-06 0.0 -2e-06 -8.251741 8.155262 11.642887 53.720318 6.695466 10.961468 -156.802612 83.458336 -157.431107 -71.968025 25.928242 13.728291 2.243543 -5.255042 -3.180159 14.282901 -0.826594 6.952507 -1e-06 -12.690615 -1e-06 16.220255 -18.422543 2.803486 1.665667 -1.955923 -2.878301 4.727802 -4.17059 4.993926 11.020533 3e-06 -2e-06 12.109058 -3.735718 -2.866787 -1e-06 0.0 1e-06 1.291986 -1.92855 -1.498091 14.800139 0.567469 3.865609 14.242583 -1.341737 -6.660664 19.631985 0.143927 -0.648244 50.303894 -0.464529 -6.847888 0.353029 -1.511152 -0.03194 20.222805 3.684315 2.31663 18.787287 6e-06 -1e-06 10.751634 -0.479867 1.397907 -0.0 -0.0 0.0 3.273809 0.305947 -0.580112 21.48683 11.830385 2.266138 8.162934 3e-06 -1e-06 18.399094 -3.798984 -4.940579 2e-06 -1e-06 -1e-06 5.203511 48.161247 -20.522078 -4.198057 -21.694733 55.505062 -19.313892 -15.017395 -2.500323 2.279162 -1.608459 -14.769302 0.0 1e-06 2e-06 -19.190912 -66.778336 -7.214275 6.431369 42.489311 33.855064 20.291391 16.561935 -20.488436 -1.517629 0.670865 -24.845242 0.0 -1e-06 -2e-06 
0.0 0.0 0.0 0.0 -0.0 0.0 44.421013 22.921581 708.456482 4.519051 -3.946632 76.622459 -3.609157 0.466904 0.259725 -1.214002 0.585636 -4.40384 -6.63687 -0.856567 10.7047 1.03853 2.793065 -13.319572 0.213215 -0.51765 -3.499737 5.587288 -2.271302 -21.929924 7.7e-05 -2.3e-05 7e-06 -0.099489 0.077389 -0.198325 0.57198 -3.454934 -10.464695 -0.748428 3.596838 -10.386046 -1.641169 -1.023534 15.786651 -42.539696 -16.451271 -12.380284 -147.072662 -84.782333 148.062759 57.795586 -47.99736 19.867361 -5.882105 9.861286 0.702588 -10.936872 -0.360577 7.156205 1e-06 8.774826 -2e-06 -16.187389 18.103258 6.147358 -1.844032 2.498505 -2.507278 -10.163598 4.678944 4.621108 -20.976023 -5e-06 2e-06 -21.226288 2.451695 -3.594001 1e-06 -6e-06 0.0 -1.362681 2.240798 -0.746324 -21.334913 0.584907 3.008322 -13.821213 -4e-06 2e-06 -23.887167 -0.249081 -0.839482 -61.361729 1.762823 -0.975971 -0.294025 1.679687 0.833256 -14.218207 0.093213 1.300579 -34.212048 -0.287568 0.96717 -20.033211 0.964535 1.212844 0.0 0.0 -0.0 -3.440388 0.788233 0.501655 -15.928185 -3.167311 2.999707 -6.338825 -2e-06 1e-06 -18.123444 3.64818 -4.905671 -7e-06 -0.0 -2e-06 -6.904822 7.7751 12.437092 54.092297 3.182819 12.618316 -164.93335 79.868103 -164.835907 -72.2015 27.733885 14.777304 2.243542 -5.255037 -3.180158 14.282893 -0.826594 6.952503 -3e-06 -12.690605 0.0 16.033245 -18.441133 2.839383 1.665667 -1.955922 -2.878299 4.727798 -4.170587 4.993924 11.020528 3e-06 -1e-06 12.109057 -3.735717 -2.866786 -1e-06 0.0 1e-06 1.291986 -1.928549 -1.49809 14.800132 0.567469 3.865607 14.242577 -1.341737 -6.66066 19.631969 0.143926 -0.648247 50.210987 -0.523986 -6.815538 0.353028 -1.51115 -0.031941 20.222797 3.68431 2.31663 18.787279 5e-06 -2e-06 10.75163 -0.479868 1.397906 -0.0 -1e-06 0.0 3.273807 0.305947 -0.58011 21.486818 11.830376 2.266135 8.16293 1e-06 -2e-06 18.399084 -3.798983 -4.940578 2e-06 -1e-06 -1e-06 6.577948 52.601147 -16.371256 -4.53511 -25.560835 50.99889 -19.682549 -14.469344 -3.041443 2.3669 -1.599341 -13.541803 0.0 -0.0 2e-06 -27.166624 -74.313576 0.913084 7.799208 48.843609 29.960377 21.996672 18.31753 -17.298199 -1.506013 0.671947 -24.557383 0.0 -1e-06 -2e-06 
0.0 0.0 0.0 0.0 -0.0 0.0 45.306866 20.49552 709.500305 3.962489 -3.963808 77.999893 -3.282319 0.290014 -0.61448 -1.110852 0.498474 -4.848557 -6.061657 -0.760299 10.575916 0.735688 3.032 -13.699655 0.215625 -0.505016 -3.576623 4.215809 -2.024411 -23.471258 7.7e-05 -2.2e-05 8e-06 -0.106458 0.114486 -0.19567 0.568927 -3.405596 -10.425472 -0.757308 3.620017 -10.340563 -2.472607 -0.966501 16.413153 -42.434875 -11.572203 -11.130585 -158.664688 -82.046852 159.963043 60.729134 -49.885479 18.649195 -5.882112 9.86129 0.702589 -10.936879 -0.360575 7.156208 1e-06 8.774829 -1e-06 -16.088932 17.933702 6.026243 -1.844035 2.498505 -2.507279 -10.163608 4.678947 4.621109 -20.97604 -3e-06 1e-06 -21.226301 2.451698 -3.594003 0.0 -6e-06 0.0 -1.362683 2.240799 -0.746324 -21.33493 0.584911 3.008322 -13.821223 -2e-06 1e-06 -23.887188 -0.24908 -0.839485 -61.647251 1.787155 -1.083072 -0.294025 1.679688 0.833256 -14.218221 0.093215 1.300579 -34.212078 -0.287564 0.967167 -20.03323 0.964536 1.212842 0.0 -0.0 0.0 -3.440391 0.788234 0.501656 -15.928201 -3.16731 2.999707 -6.338833 -1e-06 0.0 -18.123466 3.648184 -4.905675 -6e-06 0.0 -2e-06 -5.609062 7.364187 13.060891 53.995014 -0.16311 13.75011 -169.260544 75.74646 -168.451462 -71.725822 29.298798 16.855972 2.243543 -5.255042 -3.180161 14.282908 -0.826596 6.952511 2e-06 -12.690616 -3e-06 15.971364 -18.517841 2.908002 1.665667 -1.955923 -2.878299 4.727806 -4.170592 4.993927 11.020538 1e-06 2e-06 12.109066 -3.735721 -2.866786 -1e-06 0.0 0.0 1.291986 -1.928551 -1.498091 14.800142 0.567468 3.865612 14.242588 -1.341742 -6.660661 19.631989 0.14392 -0.648244 50.204895 -0.638094 -6.830209 0.35303 -1.511152 -0.03194 20.222815 3.68431 2.316636 18.787294 1e-06 0.0 10.751641 -0.47987 1.397908 -0.0 -0.0 0.0 3.273812 0.305947 -0.580111 21.486835 11.830381 2.266141 8.162937 1e-06 -1e-06 18.399103 -3.79899 -4.940581 3e-06 -1e-06 -1e-06 7.559865 57.520069 -12.954656 -4.968015 -29.991022 46.794407 -19.939455 -12.416368 -4.003198 2.457317 -1.644738 -12.253282 0.0 0.0 2e-06 -41.308937 -80.242744 14.647647 9.014192 53.819817 26.975128 23.67351 20.944468 -13.591765 -1.488106 0.655986 -24.229847 0.0 -1e-06 -3e-06 
0.0 0.0 0.0 0.0 -0.0 0.0 46.198753 18.053968 710.237488 3.323377 -3.783045 79.832542 -2.922439 0.037407 -1.39288 -0.957039 0.451443 -5.177086 -5.31642 -0.781167 10.211727 0.72051 3.089247 -14.402346 0.221044 -0.313906 -3.635101 2.861213 -1.508964 -25.502283 7.7e-05 -2.3e-05 8e-06 -0.079542 0.108861 -0.163494 0.618328 -3.416956 -10.434803 -0.7534 3.621004 -10.331228 -3.216369 -1.299449 17.02932 -42.437206 -6.173728 -10.660239 -165.386429 -78.423111 167.048141 63.362892 -51.035473 17.449556 -5.882106 9.861284 0.70259 -10.936872 -0.360574 7.156205 3e-06 8.774824 0.0 -16.081532 17.839256 5.981286 -1.844032 2.498504 -2.507277 -10.163601 4.678945 4.621109 -20.976027 -4e-06 1e-06 -21.22629 2.451696 -3.594001 0.0 -6e-06 -0.0 -1.362681 2.240798 -0.746323 -21.334915 0.584909 3.008322 -13.821217 -3e-06 1e-06 -23.887175 -0.24908 -0.839483 -61.633068 1.869201 -1.163232 -0.294025 1.679687 0.833257 -14.21821 0.093215 1.300579 -34.212051 -0.287564 0.967169 -20.033215 0.964536 1.212843 0.0 0.0 0.0 -3.440389 0.788234 0.501656 -15.928189 -3.16731 2.999706 -6.338826 -2e-06 1e-06 -18.123449 3.648182 -4.905671 -6e-06 -0.0 -2e-06 -3.952211 7.07354 13.666129 53.702942 -3.897755 14.049805 -172.359894 70.856453 -170.992859 -70.32901 31.159058 19.522493 2.243541 -5.255035 -3.180156 14.282887 -0.826595 6.952502 -2e-06 -12.690601 3e-06 15.949391 -18.550591 2.918633 1.665666 -1.955921 -2.878297 4.727797 -4.170588 4.993924 11.020524 3e-06 -1e-06 12.109052 -3.735715 -2.866782 -1e-06 -0.0 0.0 1.291983 -1.928549 -1.498089 14.800123 0.567468 3.865607 14.24257 -1.341735 -6.660655 19.631962 0.143927 -0.648245 50.146458 -0.694001 -6.817263 0.353029 -1.51115 -0.031939 20.222786 3.684309 2.316628 18.78727 5e-06 -1e-06 10.751626 -0.479869 1.397905 0.0 0.0 -0.0 3.273806 0.305947 -0.58011 21.486809 11.830371 2.26613 8.162925 1e-06 -1e-06 18.399076 -3.798985 -4.940574 3e-06 -1e-06 -1e-06 8.43436 63.473755 -10.014942 -5.554536 -35.374958 42.160084 -20.31291 -9.891155 -5.726739 2.531673 -1.705147 -11.48846 0.0 0.0 2e-06 -78.742783 -84.390594 51.74556 10.376075 58.466393 24.148659 25.556385 23.85104 -9.517851 -1.468003 0.658918 -22.855061 0.0 0.0 -1e-06 
0.0 0.0 0.0 0.0 -0.0 0.0 46.910755 15.695341 710.829834 2.481868 -3.470983 82.139877 -2.598419 -0.184135 -2.181592 -0.759043 0.452041 -5.438138 -4.455996 -0.782019 9.709435 0.972054 2.846199 -15.312799 0.202123 0.134166 -3.673573 1.764073 -0.879997 -27.844521 7.7e-05 -2.2e-05 7e-06 -0.057072 0.09609 -0.126559 0.657254 -3.448352 -10.474581 -0.749073 3.628446 -10.338842 -4.002812 -1.952647 17.402094 -43.056072 -0.400533 -11.076217 -169.114304 -74.437126 171.424896 66.719093 -51.628429 14.853793 -5.88211 9.861297 0.702588 -10.936881 -0.360578 7.156211 1e-06 8.774835 -3e-06 -15.939606 17.825573 6.128112 -1.844034 2.498507 -2.50728 -10.163607 4.678947 4.621111 -20.97604 -5e-06 2e-06 -21.226305 2.451697 -3.594003 0.0 -6e-06 -0.0 -1.362682 2.240801 -0.746324 -21.334934 0.584907 3.008326 -13.821229 -3e-06 2e-06 -23.887192 -0.249082 -0.839483 -61.331676 2.008426 -1.196316 -0.294025 1.679689 0.833256 -14.218221 0.093213 1.300581 -34.212078 -0.287568 0.967173 -20.033232 0.964535 1.212846 0.0 0.0 0.0 -3.440391 0.788234 0.501656 -15.928201 -3.167316 2.99971 -6.338833 -2e-06 1e-06 -18.123463 3.648185 -4.905676 -6e-06 0.0 -2e-06 -1.759859 6.876651 14.259193 53.395275 -7.818749 13.661549 -174.249924 65.342613 -172.567383 -67.6101 33.681755 22.145533 2.243541 -5.25504 -3.180158 14.282887 -0.826594 6.952506 -0.0 -12.690609 -2e-06 15.970927 -18.478863 2.712035 1.665664 -1.955923 -2.878298 4.727796 -4.170588 4.993925 11.020526 3e-06 1e-06 12.109053 -3.735719 -2.866786 -2e-06 0.0 -1e-06 1.291984 -1.92855 -1.498089 14.800127 0.567469 3.86561 14.242571 -1.341738 -6.660658 19.631964 0.143925 -0.648244 49.988113 -0.742966 -6.807302 0.353029 -1.511151 -0.031941 20.222788 3.684311 2.316633 18.78727 4e-06 2e-06 10.751625 -0.479869 1.397907 -1e-06 -0.0 0.0 3.273807 0.305947 -0.58011 21.486813 11.830378 2.26614 8.162928 2e-06 0.0 18.39908 -3.798988 -4.940576 2e-06 -1e-06 -1e-06 9.649959 70.860374 -7.047217 -6.271376 -42.058556 36.834946 -21.010715 -8.73418 -7.877392 2.581846 -1.742299 -11.639977 -0.0 1e-06 2e-06 -134.524078 -83.711502 107.526276 11.692068 62.753578 21.420382 27.55582 26.874308 -5.450086 -1.516637 0.691204 -19.899544 -0.0 -0.0 -1e-06 
0.0 0.0 0.0 0.0 -0.0 0.0 47.412785 13.535293 711.471191 1.531464 -3.181351 84.7985 -2.334868 -0.338718 -3.038502 -0.563631 0.504666 -5.72712 -3.634011 -0.605937 9.296069 1.472442 2.518632 -15.819253 0.15113 0.674256 -3.72928 1.131728 -0.359545 -30.383247 7.7e-05 -2.2e-05 7e-06 -0.050795 0.089141 -0.108145 0.632324 -3.472193 -10.477919 -0.712448 3.638205 -10.309767 -4.683656 -2.063079 17.583076 -44.416328 4.718555 -11.872705 -171.240814 -70.968674 173.705719 70.727119 -52.54438 10.34867 -5.882106 9.861284 0.702589 -10.936872 -0.360575 7.156205 2e-06 8.774826 -1e-06 -15.471166 17.91053 6.338264 -1.844033 2.498505 -2.507278 -10.163599 4.678944 4.621109 -20.976027 -5e-06 1e-06 -21.226288 2.451694 -3.594001 1e-06 -6e-06 -1e-06 -1.362682 2.240798 -0.746324 -21.334917 0.584909 3.008322 -13.821215 -3e-06 1e-06 -23.887175 -0.249081 -0.839484 -60.738789 2.171624 -1.265798 -0.294025 1.679687 0.833256 -14.218209 0.093214 1.30058 -34.212051 -0.287567 0.967169 -20.033213 0.964535 1.212843 0.0 0.0 0.0 -3.440389 0.788233 0.501655 -15.928185 -3.16731 2.999706 -6.338826 -1e-06 1e-06 -18.123446 3.648182 -4.905672 -6e-06 0.0 -2e-06 0.267037 5.978523 14.682636 53.369568 -11.321917 12.982455 -176.06781 59.614365 -173.988205 -64.141205 35.988415 23.40818 2.243541 -5.255035 -3.180158 14.282889 -0.826594 6.952503 -2e-06 -12.690601 1e-06 16.152103 -18.354858 2.272256 1.665667 -1.955922 -2.878299 4.727798 -4.170588 4.993924 11.020525 3e-06 -1e-06 12.109053 -3.735716 -2.866785 -1e-06 0.0 -1e-06 1.291986 -1.928549 -1.498089 14.800129 0.567468 3.865606 14.242571 -1.341735 -6.660657 19.631968 0.143927 -0.648248 49.860374 -0.742553 -6.94036 0.353029 -1.51115 -0.03194 20.222794 3.684309 2.316629 18.787273 5e-06 -1e-06 10.751629 -0.479868 1.397906 -0.0 -0.0 1e-06 3.273807 0.305947 -0.580111 21.486813 11.830372 2.266132 8.162928 1e-06 -1e-06 18.399086 -3.798985 -4.940577 2e-06 -0.0 -1e-06 11.958858 79.443741 -3.226727 -7.049155 -50.024734 31.377193 -21.976946 -10.316527 -9.884827 2.570771 -1.724293 -12.412446 0.0 -0.0 2e-06 -158.430374 -80.735832 131.727417 12.827323 66.119926 19.230452 29.181181 29.475107 -2.081989 -1.611749 0.728942 -16.512691 -0.0 -0.0 -1e-06 
0.0 0.0 0.0 0.0 -0.0 0.0 47.595303 11.927272 711.640381 1.295335 -3.028922 87.167419 -2.125698 -0.527205 -3.714493 -0.500757 0.538053 -6.150858 -3.162899 -0.426716 9.10968 2.165544 2.376234 -15.132552 0.013704 1.064362 -3.882263 0.980925 -0.076064 -32.870178 7.7e-05 -2.3e-05 7e-06 -0.058371 0.078484 -0.120995 0.561665 -3.475748 -10.39769 -0.658105 3.620647 -10.240439 -4.673759 -1.069964 17.535841 -46.026432 7.712732 -11.872919 -172.599152 -68.778763 174.290939 72.541046 -54.067894 6.334129 -5.882106 9.861286 0.702589 -10.93687 -0.360577 7.156206 0.0 8.774826 -2e-06 -15.096424 18.095913 6.271468 -1.844032 2.498505 -2.507278 -10.163601 4.678944 4.621107 -20.976021 -4e-06 1e-06 -21.226286 2.451696 -3.594001 1e-06 -6e-06 -0.0 -1.362681 2.240798 -0.746323 -21.334913 0.584908 3.008323 -13.821217 -4e-06 2e-06 -23.887171 -0.24908 -0.839482 -60.39463 2.37412 -1.530261 -0.294024 1.679688 0.833256 -14.218208 0.093214 1.300579 -34.212048 -0.287566 0.96717 -20.033215 0.964536 1.212844 0.0 1e-06 0.0 -3.440389 0.788233 0.501655 -15.928187 -3.167311 2.999707 -6.338826 -2e-06 1e-06 -18.123449 3.648182 -4.905672 -6e-06 0.0 -2e-06 0.965059 4.02213 14.892759 54.306469 -13.835336 11.857651 -178.468079 54.823872 -175.176483 -62.29929 35.824009 21.314379 2.243542 -5.255039 -3.18016 14.282896 -0.826592 6.952504 -3e-06 -12.690609 1e-06 16.180475 -18.306862 2.000576 1.665668 -1.955922 -2.878299 4.727797 -4.170587 4.993926 11.020528 4e-06 -2e-06 12.109055 -3.735714 -2.866786 -1e-06 0.0 -1e-06 1.291985 -1.92855 -1.49809 14.800132 0.567469 3.86561 14.242579 -1.341735 -6.660661 19.631973 0.143929 -0.648245 49.67503 -0.690942 -7.204958 0.353029 -1.511152 -0.031941 20.222794 3.684315 2.316632 18.787275 8e-06 -0.0 10.75163 -0.479867 1.397907 1e-06 1e-06 1e-06 3.273809 0.305947 -0.580112 21.486824 11.830382 2.266135 8.16293 4e-06 0.0 18.399088 -3.798985 -4.940576 2e-06 -1e-06 -1e-06 19.209276 86.425385 5.215783 -7.699045 -57.00856 27.118834 -22.711273 -13.055434 -11.497248 2.483742 -1.686954 -12.623008 -0.0 0.0 2e-06 -167.231384 -77.799232 140.952164 13.601619 68.246117 17.863091 30.370892 31.237194 0.383447 -1.713934 0.748304 -13.839198 -1e-06 0.0 -1e-06 
0.0 0.0 0.0 0.0 -0.0 0.0 47.551643 11.982526 711.241577 2.106085 -2.889541 88.562813 -2.015141 -0.688827 -4.073548 -0.606138 0.435092 -6.386689 -2.794136 -0.343072 9.478344 2.877966 2.563308 -14.244891 -0.154189 1.184326 -3.924071 0.741526 0.167148 -34.320705 7.7e-05 -2.3e-05 7e-06 -0.090178 0.097878 -0.135853 0.470674 -3.460344 -10.357433 -0.630372 3.644371 -10.232047 -4.61411 -0.584477 17.648024 -47.42767 8.199477 -12.250268 -173.555832 -67.18779 174.583084 69.371048 -54.717079 5.746042 -5.882112 9.861295 0.702588 -10.936882 -0.360576 7.156209 0.0 8.774831 -3e-06 -15.087961 18.123383 5.992878 -1.844035 2.498507 -2.507279 -10.163611 4.678948 4.621109 -20.976044 -4e-06 2e-06 -21.226311 2.451699 -3.594004 -0.0 -6e-06 -0.0 -1.362683 2.2408 -0.746324 -21.334936 0.58491 3.008324 -13.821228 -3e-06 2e-06 -23.887194 -0.249079 -0.839484 -60.356136 2.406466 -1.507155 -0.294025 1.679689 0.833256 -14.218223 0.093214 1.300581 -34.212082 -0.287565 0.967171 -20.033232 0.964536 1.212844 -1e-06 0.0 -0.0 -3.440391 0.788234 0.501656 -15.928201 -3.167313 2.999709 -6.338833 -1e-06 1e-06 -18.123465 3.648185 -4.905676 -5e-06 0.0 -2e-06 1.127319 2.927249 15.280566 55.996292 -15.543552 9.712188 -179.063187 51.638161 -175.5224 -61.370399 34.242966 16.802647 2.243541 -5.255042 -3.18016 14.282902 -0.826594 6.952511 -3e-06 -12.690617 -2e-06 15.916023 -18.271761 2.018777 1.665667 -1.955924 -2.8783 4.727803 -4.170591 4.993926 11.020532 4e-06 -0.0 12.109058 -3.735719 -2.866785 0.0 0.0 1e-06 1.291986 -1.928552 -1.49809 14.80014 0.567469 3.865611 14.242579 -1.341739 -6.660664 19.631979 0.143925 -0.648244 49.355412 -0.502075 -7.2237 0.35303 -1.511152 -0.031941 20.222805 3.684313 2.316633 18.787287 4e-06 -0.0 10.751634 -0.479868 1.397907 -0.0 -0.0 1e-06 3.273809 0.305946 -0.58011 21.486832 11.830385 2.266139 8.162933 3e-06 1e-06 18.399097 -3.798988 -4.940578 3e-06 0.0 -0.0 22.775293 88.874298 9.506378 -7.654706 -59.82547 24.24691 -22.825483 -16.012299 -12.817139 2.409735 -1.646152 -13.228367 -0.0 1e-06 2e-06 -172.47319 -75.069534 146.772659 13.908482 69.556351 17.299137 30.98308 32.126183 1.611838 -1.731523 0.776462 -12.559779 -0.0 -0.0 -1e-06 
0.0 0.0 0.0 0.0 -0.0 0.0 47.364227 12.699117 710.921631 3.735007 -2.567783 89.174042 -2.01034 -0.788718 -3.985816 -0.620485 0.219021 -6.436617 -2.655337 -0.436327 9.710782 3.671367 2.87657 -13.990139 -0.41073 1.194758 -3.880441 0.35528 0.301373 -35.643497 7.7e-05 -2.2e-05 6e-06 -0.12835 0.14676 -0.136258 0.410149 -3.413175 -10.301426 -0.645768 3.696325 -10.201406 -4.675449 -0.555725 17.741644 -47.868782 6.930728 -13.230168 -173.980957 -65.352203 175.410645 62.320362 -52.992832 8.261948 -5.882108 9.861291 0.70259 -10.936877 -0.360576 7.156208 2e-06 8.77483 -2e-06 -15.150714 18.166231 5.810871 -1.844033 2.498506 -2.507278 -10.163603 4.678946 4.62111 -20.97603 -5e-06 2e-06 -21.226294 2.451695 -3.594002 1e-06 -6e-06 -1e-06 -1.362682 2.240799 -0.746324 -21.334919 0.584908 3.008324 -13.821218 -4e-06 2e-06 -23.887178 -0.249081 -0.839482 -60.558342 2.363729 -1.377067 -0.294025 1.679688 0.833256 -14.218214 0.093214 1.30058 -34.212067 -0.287566 0.967172 -20.033222 0.964536 1.212845 -0.0 -0.0 -0.0 -3.44039 0.788234 0.501655 -15.928198 -3.167312 2.999708 -6.338829 -2e-06 1e-06 -18.123457 3.648183 -4.905674 -5e-06 0.0 -2e-06 1.40934 2.545707 15.469772 57.744026 -17.543028 7.494809 -178.663025 49.879093 -175.383774 -60.028545 31.307819 12.062596 2.243541 -5.255037 -3.180157 14.282894 -0.826593 6.952504 -3e-06 -12.690607 -1e-06 15.621878 -18.27685 2.226052 1.665664 -1.955921 -2.878299 4.727799 -4.170587 4.993925 11.020526 3e-06 -0.0 12.109055 -3.735717 -2.866784 -0.0 -0.0 -1e-06 1.291986 -1.928549 -1.498088 14.800132 0.567469 3.86561 14.242577 -1.341737 -6.660661 19.631971 0.143925 -0.648246 49.292511 -0.49824 -7.116333 0.353028 -1.51115 -0.03194 20.222797 3.684309 2.316631 18.787273 4e-06 -1e-06 10.75163 -0.479868 1.397907 -1e-06 1e-06 0.0 3.273808 0.305947 -0.580108 21.486818 11.830376 2.266135 8.162927 2e-06 0.0 18.399084 -3.798985 -4.940575 4e-06 0.0 -0.0 -2.024318 87.692169 -15.291615 -7.081823 -58.935867 22.794836 -22.770983 -19.559772 -13.596534 2.382745 -1.630512 -13.58516 0.0 0.0 3e-06 -175.534103 -72.245834 150.723938 13.701741 70.34906 16.347702 31.087631 32.484306 1.485428 -1.700177 0.785548 -12.232433 -0.0 -0.0 -1e-06 
0.0 0.0 0.0 0.0 -0.0 0.0 47.124657 13.319929 710.670959 5.265587 -2.033741 89.441948 -1.952722 -0.772837 -3.755214 -0.598064 0.073285 -6.376223 -2.504548 -0.56997 9.746167 4.131988 3.100526 -14.372334 -0.643574 1.174654 -3.860273 -0.2081 0.368313 -37.158039 7.7e-05 -2.3e-05 7e-06 -0.13589 0.157904 -0.134113 0.405406 -3.408137 -10.263528 -0.656057 3.713713 -10.172181 -4.88264 -0.56041 17.755713 -47.525421 4.900921 -15.018991 -174.067551 -62.916153 176.470261 54.074722 -49.408432 11.572239 -5.882104 9.861286 0.70259 -10.936873 -0.360577 7.156207 1e-06 8.774827 -2e-06 -15.136235 18.249933 5.798754 -1.844032 2.498504 -2.507277 -10.163599 4.678944 4.621109 -20.976023 -5e-06 4e-06 -21.226288 2.451696 -3.593999 -1e-06 -6e-06 -0.0 -1.362681 2.240798 -0.746324 -21.334913 0.584907 3.008326 -13.821213 -4e-06 3e-06 -23.887171 -0.249079 -0.839479 -60.790871 2.278628 -1.22458 -0.294024 1.679687 0.833255 -14.218207 0.093213 1.300581 -34.212048 -0.287566 0.967175 -20.033211 0.964535 1.212847 -0.0 1e-06 -0.0 -3.440388 0.788233 0.501655 -15.928185 -3.167313 2.999709 -6.338827 -1e-06 2e-06 -18.123444 3.648182 -4.905669 -6e-06 1e-06 -2e-06 1.712763 2.62359 15.448815 59.446148 -20.126074 4.337225 -178.921158 48.623787 -175.546463 -57.798687 26.840794 8.065951 2.243542 -5.25504 -3.180159 14.282899 -0.826595 6.952507 -3e-06 -12.69061 1e-06 15.498674 -18.316896 2.454744 1.665666 -1.955923 -2.878302 4.727802 -4.170589 4.993926 11.020534 4e-06 -1e-06 12.109059 -3.735718 -2.866787 -0.0 -0.0 -0.0 1.291987 -1.92855 -1.49809 14.80014 0.567469 3.865611 14.242582 -1.341735 -6.660661 19.631981 0.143927 -0.648244 49.460606 -0.564691 -7.047698 0.353029 -1.51115 -0.03194 20.222807 3.684314 2.316633 18.787289 5e-06 -0.0 10.751637 -0.479869 1.397908 -1e-06 -1e-06 -1e-06 3.273809 0.305946 -0.580111 21.48683 11.83038 2.266136 8.162931 3e-06 2e-06 18.399094 -3.798986 -4.940578 3e-06 1e-06 -2e-06 -4.966012 85.386497 -18.869873 -6.513513 -56.370819 22.528473 -22.901274 -22.73181 -14.385149 2.358214 -1.641053 -13.145567 0.0 1e-06 2e-06 -177.141525 -69.783035 153.388123 13.174932 70.892303 14.891331 30.575321 32.684345 0.091482 -1.641305 0.774255 -12.162575 -0.0 0.0 -2e-06 
0.0 0.0 0.0 0.0 -0.0 0.0 46.910816 13.765496 710.458191 6.388492 -1.433182 89.600533 -1.811554 -0.718774 -3.508092 -0.597728 0.019976 -6.244466 -2.225298 -0.686352 9.642334 4.11063 3.232933 -15.123652 -0.830222 1.026093 -3.873716 -0.792779 0.308427 -38.695797 7.7e-05 -2.2e-05 5e-06 -0.119708 0.12945 -0.120335 0.432577 -3.446489 -10.22641 -0.651503 3.694685 -10.128568 -5.133266 -0.597309 17.671667 -46.686172 3.092377 -17.871323 -174.143906 -59.711235 177.234131 46.99152 -44.847317 13.871919 -5.882112 9.861289 0.702587 -10.936875 -0.360576 7.156208 2e-06 8.774826 -2e-06 -14.8676 18.310966 6.047617 -1.844034 2.498506 -2.507278 -10.163608 4.678945 4.621108 -20.976038 -3e-06 2e-06 -21.226301 2.451698 -3.594002 -1e-06 -6e-06 -0.0 -1.362682 2.240798 -0.746324 -21.334929 0.58491 3.008323 -13.821223 -2e-06 2e-06 -23.887186 -0.249079 -0.839484 -60.901192 2.153924 -1.031706 -0.294026 1.679688 0.833255 -14.218217 0.093214 1.30058 -34.212067 -0.287564 0.96717 -20.033226 0.964536 1.212844 -0.0 1e-06 0.0 -3.440391 0.788233 0.501654 -15.928198 -3.167311 2.999707 -6.338829 -0.0 1e-06 -18.123459 3.648182 -4.905674 -5e-06 0.0 -1e-06 1.93984 2.857109 15.282999 61.019974 -22.680155 -0.132851 179.999573 47.053501 -176.448517 -55.13126 21.877039 5.056167 2.24354 -5.25504 -3.180158 14.282892 -0.826593 6.952506 -1e-06 -12.690609 -3e-06 15.451999 -18.293333 2.644202 1.665665 -1.955923 -2.878299 4.7278 -4.170588 4.993925 11.020528 2e-06 0.0 12.109054 -3.735717 -2.866785 0.0 0.0 -0.0 1.291986 -1.928551 -1.49809 14.800129 0.567469 3.865611 14.242573 -1.341738 -6.660658 19.631969 0.143924 -0.648243 49.551903 -0.51024 -7.008618 0.353027 -1.511151 -0.031941 20.222797 3.684311 2.316638 18.787279 1e-06 4e-06 10.751631 -0.47987 1.397907 -0.0 -1e-06 -1e-06 3.273808 0.305945 -0.580111 21.486818 11.83038 2.266138 8.162928 1e-06 2e-06 18.399084 -3.798987 -4.940576 3e-06 1e-06 -2e-06 -4.876082 83.147972 -19.685129 -6.124851 -53.440632 22.935968 -23.327143 -25.647663 -14.93543 2.347189 -1.652308 -12.604787 1e-06 1e-06 2e-06 -177.634308 -68.313057 154.844437 12.355861 71.007584 13.614284 29.421453 32.947971 -2.312591 -1.588073 0.757352 -11.954539 0.0 -0.0 -1e-06 
0.0 0.0 0.0 0.0 -0.0 0.0 46.719215 14.006765 710.286377 7.041069 -0.889945 89.714417 -1.647075 -0.649125 -3.246312 -0.573391 -0.008336 -6.130757 -1.910082 -0.775836 9.395987 3.723151 3.304079 -15.846352 -0.930959 0.699167 -3.885258 -1.211751 0.138438 -39.952587 7.7e-05 -2.3e-05 6e-06 -0.104064 0.094623 -0.097084 0.44862 -3.484051 -10.173674 -0.637824 3.664011 -10.066704 -5.098693 -0.705669 17.415297 -45.681957 2.104065 -21.576311 -174.695206 -56.066471 177.71048 42.408794 -40.151772 14.486076 -5.882109 9.861288 0.702587 -10.936877 -0.360577 7.156206 3e-06 8.774828 -2e-06 -14.506076 18.32515 6.452474 -1.844033 2.498506 -2.507279 -10.163604 4.678944 4.621108 -20.976028 -6e-06 3e-06 -21.226294 2.451695 -3.594001 0.0 -5e-06 0.0 -1.362681 2.240799 -0.746324 -21.334925 0.584907 3.008324 -13.821218 -4e-06 2e-06 -23.887182 -0.24908 -0.839482 -60.852936 2.070622 -0.940514 -0.294024 1.679687 0.833256 -14.218215 0.093213 1.300581 -34.212063 -0.287567 0.967173 -20.03322 0.964534 1.212846 -0.0 2e-06 0.0 -3.440389 0.788233 0.501655 -15.928192 -3.167313 2.999708 -6.338829 -2e-06 1e-06 -18.123453 3.648181 -4.905673 -5e-06 0.0 -2e-06 1.943367 2.957352 14.918669 62.1922 -24.531191 -4.601289 179.244873 44.866558 -177.585541 -52.897945 17.943747 3.215449 2.243541 -5.255037 -3.180157 14.282891 -0.826597 6.952503 -0.0 -12.690607 -2e-06 15.371211 -18.227747 2.796067 1.665666 -1.955921 -2.878297 4.727801 -4.170588 4.993925 11.020524 1e-06 2e-06 12.109052 -3.735719 -2.866781 0.0 1e-06 -0.0 1.291985 -1.92855 -1.498089 14.800127 0.567466 3.865611 14.242568 -1.341738 -6.660655 19.631968 0.143923 -0.648242 49.490429 -0.371088 -6.912613 0.353028 -1.511151 -0.031941 20.222794 3.684307 2.316633 18.787273 0.0 2e-06 10.751629 -0.479872 1.397905 -0.0 -0.0 1e-06 3.273807 0.305946 -0.580111 21.486818 11.830374 2.266139 8.162926 0.0 1e-06 18.399084 -3.79899 -4.940577 4e-06 1e-06 -2e-06 -5.372301 81.436401 -21.029148 -5.927476 -51.165054 23.662468 -23.866911 -28.442383 -15.358181 2.324162 -1.668343 -12.474862 0.0 0.0 3e-06 -177.489777 -67.989655 155.458038 11.148285 70.856644 12.635612 28.049973 33.153629 -5.094719 -1.572501 0.753006 -11.873467 0.0 -0.0 -1e-06 
0.0 0.0 0.0 0.0 -0.0 0.0 46.510204 14.083356 710.223267 7.400136 -0.401714 89.801483 -1.482599 -0.59462 -3.056755 -0.523931 -0.062508 -6.074827 -1.610628 -0.867243 9.097568 3.162275 3.347927 -16.399029 -0.981147 0.303605 -3.85983 -1.470925 -0.109598 -40.884903 7.7e-05 -2.3e-05 6e-06 -0.10458 0.102478 -0.075067 0.434791 -3.474932 -10.129254 -0.62689 3.672611 -10.023118 -4.693072 -0.848942 16.891359 -44.391869 1.745964 -26.538309 -175.578171 -52.116173 177.833359 39.605381 -34.938046 13.903402 -5.88211 9.861292 0.702588 -10.936877 -0.360577 7.156209 2e-06 8.774829 -3e-06 -14.207181 18.317041 6.844712 -1.844033 2.498506 -2.507278 -10.163604 4.678946 4.621109 -20.976038 -2e-06 3e-06 -21.226299 2.4517 -3.594001 -1e-06 -5e-06 0.0 -1.362684 2.2408 -0.746324 -21.334925 0.584908 3.008326 -13.821219 -3e-06 3e-06 -23.887182 -0.249077 -0.839482 -60.64669 2.040056 -0.914752 -0.294025 1.679688 0.833256 -14.218214 0.093214 1.300582 -34.21207 -0.287562 0.967173 -20.033226 0.964538 1.212845 0.0 1e-06 0.0 -3.44039 0.788234 0.501657 -15.928194 -3.167313 2.99971 -6.33883 -1e-06 3e-06 -18.123459 3.648185 -4.905674 -5e-06 1e-06 -2e-06 1.670622 2.852434 14.427492 62.635918 -25.338709 -9.132815 178.892075 41.759418 -179.00032 -51.508938 14.647604 2.443484 2.24354 -5.255038 -3.180157 14.28289 -0.826595 6.952504 -0.0 -12.690603 -3e-06 15.351245 -18.226473 2.878856 1.665665 -1.955924 -2.878299 4.7278 -4.170589 4.993924 11.020525 1e-06 1e-06 12.109052 -3.735719 -2.866782 0.0 1e-06 -1e-06 1.291985 -1.92855 -1.498088 14.800127 0.567466 3.865611 14.242569 -1.34174 -6.660654 19.631964 0.143921 -0.648244 49.469738 -0.200195 -6.818258 0.353029 -1.511152 -0.031939 20.222788 3.684307 2.316635 18.78727 2e-06 1e-06 10.751625 -0.47987 1.397907 1e-06 -0.0 1e-06 3.273807 0.305947 -0.58011 21.486811 11.830372 2.266139 8.162926 1e-06 1e-06 18.39908 -3.798988 -4.940575 3e-06 1e-06 -2e-06 -6.636234 80.308296 -23.0499 -5.835855 -49.748016 24.371704 -24.393515 -31.31427 -15.550268 2.306275 -1.681458 -12.877649 1e-06 -1e-06 2e-06 -177.11084 -68.142616 155.67128 9.704659 70.830322 11.95002 26.845091 33.363667 -7.892248 -1.559196 0.766548 -11.50066 -0.0 -0.0 -1e-06 
0.0 0.0 0.0 0.0 -0.0 0.0 46.303032 14.005901 710.216187 7.534646 0.053594 89.762024 -1.289941 -0.550406 -2.943771 -0.448937 -0.154476 -6.04669 -1.405523 -0.969523 8.78304 2.559154 3.288556 -16.751305 -1.057938 0.090281 -3.799344 -1.64535 -0.348197 -41.557301 7.7e-05 -2.3e-05 6e-06 -0.116509 0.150257 -0.06751 0.405598 -3.430122 -10.111527 -0.622343 3.723225 -10.018299 -3.882215 -1.044142 16.026318 -42.401077 1.574991 -33.567429 -176.685684 -48.039665 177.795898 37.687206 -28.288954 12.320744 -5.882109 9.861284 0.70259 -10.936873 -0.360573 7.156205 -1e-06 8.774823 0.0 -14.070653 18.229734 7.059115 -1.844033 2.498504 -2.507277 -10.163604 4.678946 4.621108 -20.97603 -1e-06 -0.0 -21.226294 2.451697 -3.594003 -1e-06 -6e-06 -0.0 -1.362683 2.240798 -0.746324 -21.334917 0.584912 3.00832 -13.821216 -2e-06 -0.0 -23.887175 -0.249077 -0.839486 -60.242077 1.946983 -0.881968 -0.294025 1.679687 0.833257 -14.218214 0.093217 1.300578 -34.212063 -0.287563 0.967165 -20.033216 0.964537 1.21284 0.0 1e-06 0.0 -3.44039 0.788234 0.501655 -15.928187 -3.167308 2.999705 -6.338827 -0.0 1e-06 -18.123453 3.648183 -4.905672 -6e-06 1e-06 -2e-06 1.021779 2.682192 13.711317 61.872261 -24.849277 -14.775629 178.508194 37.403805 179.213013 -51.243767 10.549302 2.96349 2.243544 -5.255037 -3.180156 14.282896 -0.826597 6.952504 -0.0 -12.690607 2e-06 15.378577 -18.274208 2.887519 1.665667 -1.955922 -2.878299 4.727801 -4.170591 4.993926 11.02053 1e-06 -2e-06 12.109058 -3.735718 -2.866784 -1e-06 1e-06 -0.0 1.291985 -1.928548 -1.498088 14.800132 0.567465 3.865609 14.242577 -1.34174 -6.660659 19.631973 0.143922 -0.648243 49.501419 -0.027743 -6.797287 0.353029 -1.511151 -0.031939 20.222797 3.684307 2.316631 18.787283 1e-06 -0.0 10.751633 -0.47987 1.397906 1e-06 -0.0 -0.0 3.273807 0.305947 -0.58011 21.486818 11.830371 2.266131 8.16293 -1e-06 -2e-06 18.399092 -3.798989 -4.940578 2e-06 1e-06 -2e-06 -7.351566 79.652267 -24.510561 -5.806435 -48.851109 25.101341 -24.734577 -34.238129 -15.607102 2.291829 -1.683133 -13.638442 1e-06 -0.0 4e-06 -176.567307 -68.812531 155.638733 8.039499 70.593071 11.290191 25.70252 33.447769 -10.624905 -1.515515 0.779306 -11.417858 -0.0 -0.0 -1e-06 
0.0 0.0 0.0 0.0 -0.0 0.0 46.130959 13.803445 710.184692 7.527948 0.409663 89.53923 -1.10463 -0.506092 -2.896825 -0.367234 -0.250638 -6.015345 -1.342777 -1.081523 8.488169 1.821604 3.157648 -17.048674 -1.08933 -0.023668 -3.734099 -1.862274 -0.60247 -42.04068 7.7e-05 -2.2e-05 6e-06 -0.122709 0.211708 -0.073458 0.39248 -3.386328 -10.135513 -0.621479 3.799208 -10.065469 -2.684853 -1.445532 14.895323 -38.908237 1.205685 -42.893208 -177.830338 -44.856636 177.874802 36.05658 -19.841345 9.902079 -5.882106 9.861283 0.70259 -10.936872 -0.360574 7.156203 -0.0 8.774821 -2e-06 -14.086947 18.056932 7.008205 -1.844033 2.498503 -2.507278 -10.163601 4.678944 4.621106 -20.976023 -3e-06 0.0 -21.226288 2.451697 -3.594 0.0 -5e-06 -1e-06 -1.362682 2.240797 -0.746324 -21.334911 0.58491 3.00832 -13.821213 -3e-06 0.0 -23.887165 -0.249079 -0.839485 -59.577099 1.834566 -0.892469 -0.294024 1.679687 0.833256 -14.218207 0.093215 1.300578 -34.212048 -0.287565 0.967169 -20.033213 0.964535 1.212843 -0.0 1e-06 0.0 -3.440388 0.788233 0.501655 -15.928185 -3.167308 2.999706 -6.338825 0.0 1e-06 -18.123444 3.648181 -4.905671 -6e-06 1e-06 -2e-06 -0.163222 2.771356 12.64212 59.315544 -22.727354 -23.729816 177.793655 31.529732 177.305939 -52.125797 3.803426 5.183031 2.243542 -5.255038 -3.180157 14.282895 -0.826596 6.952505 -3e-06 -12.690607 1e-06 15.510248 -18.257381 2.73505 1.665667 -1.955922 -2.878301 4.7278 -4.170588 4.993925 11.020528 3e-06 -1e-06 12.109056 -3.735717 -2.866784 -1e-06 -1e-06 -1e-06 1.291986 -1.928549 -1.498089 14.800132 0.567469 3.865609 14.242576 -1.341735 -6.660658 19.631973 0.143927 -0.648245 49.470989 0.081777 -6.873214 0.353029 -1.511151 -0.03194 20.222797 3.684309 2.316631 18.787279 4e-06 -1e-06 10.751632 -0.47987 1.397907 -0.0 -0.0 -0.0 3.273808 0.305946 -0.580111 21.486816 11.830376 2.266131 8.16293 3e-06 -1e-06 18.399088 -3.798985 -4.940577 3e-06 0.0 -2e-06 -6.505802 79.346115 -24.394335 -5.852384 -48.18071 25.864027 -24.823935 -37.027409 -15.786014 2.237761 -1.671642 -14.47683 0.0 0.0 2e-06 -175.815506 -69.951599 155.237488 6.470032 69.896919 10.996372 24.565813 33.126419 -13.398669 -1.475683 0.778306 -11.654416 0.0 0.0 -2e-06 
0.0 0.0 0.0 0.0 -0.0 0.0 46.013695 13.545495 710.084839 7.353419 0.578683 89.197159 -0.964824 -0.477971 -2.840909 -0.300899 -0.291942 -5.968674 -1.465155 -1.188646 8.188293 0.939002 3.047596 -17.433956 -0.951434 -0.215117 -3.682759 -2.256248 -0.851681 -42.302357 7.7e-05 -2.2e-05 5e-06 -0.107175 0.225573 -0.076883 0.41099 -3.389285 -10.169283 -0.608666 3.826096 -10.118254 -1.249502 -2.300477 13.733306 -33.390984 0.933749 -52.465641 -179.077209 -44.052135 178.568726 34.330578 -11.420607 7.585408 -5.88211 9.861292 0.70259 -10.936878 -0.360576 7.156209 2e-06 8.774831 -2e-06 -14.228441 17.982615 6.867277 -1.844033 2.498506 -2.507277 -10.163606 4.678946 4.621109 -20.976036 -4e-06 3e-06 -21.226299 2.451697 -3.594002 -0.0 -6e-06 -0.0 -1.362682 2.240799 -0.746324 -21.334929 0.584908 3.008325 -13.82122 -4e-06 2e-06 -23.887184 -0.24908 -0.839482 -59.1035 1.814599 -0.976478 -0.294025 1.679689 0.833256 -14.218217 0.093214 1.300581 -34.212074 -0.287567 0.967172 -20.033226 0.964536 1.212845 -1e-06 1e-06 -0.0 -3.440391 0.788233 0.501656 -15.928196 -3.167312 2.999709 -6.33883 -2e-06 2e-06 -18.123457 3.648184 -4.905673 -4e-06 1e-06 -1e-06 -1.921826 3.618317 11.103124 54.454826 -19.258219 -37.0196 178.007843 25.142666 176.699127 -52.567162 -6.36014 9.847652 2.243541 -5.255039 -3.180157 14.282894 -0.826592 6.952507 -1e-06 -12.690609 -1e-06 15.906584 -18.084864 2.4491 1.665665 -1.955922 -2.878299 4.727799 -4.170588 4.993926 11.020529 2e-06 -0.0 12.109053 -3.735716 -2.866782 0.0 -1e-06 -0.0 1.291986 -1.928548 -1.498089 14.800132 0.567469 3.865609 14.242576 -1.341737 -6.660657 19.631973 0.143925 -0.648242 49.398579 0.05438 -6.966056 0.353029 -1.511153 -0.03194 20.222799 3.684313 2.316635 18.787279 5e-06 2e-06 10.751631 -0.479868 1.397908 -1e-06 1e-06 1e-06 3.273808 0.305948 -0.580111 21.486824 11.830381 2.26614 8.16293 2e-06 1e-06 18.399088 -3.798987 -4.940576 3e-06 0.0 -1e-06 -4.573768 79.390152 -22.949352 -5.821288 -48.066303 26.426483 -24.899025 -39.05658 -16.303167 2.167692 -1.6527 -15.121341 -0.0 0.0 3e-06 -175.615433 -71.209244 155.071274 5.457298 69.222557 11.420574 23.428045 32.531841 -15.860514 -1.455434 0.761257 -12.579433 0.0 0.0 -1e-06 
0.0 0.0 0.0 0.0 -0.0 0.0 45.847149 13.033003 709.857727 7.093725 0.621214 88.789421 -0.814579 -0.387552 -2.677762 -0.136342 -0.167306 -5.812206 -1.865072 -1.403052 7.852877 -0.12485 3.107117 -17.917694 -0.95814 -0.642069 -3.65065 -2.588398 -1.262544 -42.631119 7.7e-05 -2.3e-05 5e-06 -0.104078 0.254432 -0.052623 0.434735 -3.368524 -10.173454 -0.629483 3.862315 -10.152962 0.320903 -3.914162 12.147491 -26.024584 1.548347 -60.81197 -179.505936 -45.867722 179.085083 32.437569 -4.588046 6.094944 -5.882108 9.861291 0.702588 -10.936877 -0.360577 7.156211 1e-06 8.77483 -2e-06 -14.428295 18.2519 6.66829 -1.844033 2.498505 -2.507279 -10.163604 4.678946 4.62111 -20.976034 -5e-06 3e-06 -21.226295 2.451697 -3.594002 -1e-06 -6e-06 -0.0 -1.362682 2.240799 -0.746324 -21.334925 0.584908 3.008326 -13.821218 -4e-06 3e-06 -23.887182 -0.249081 -0.839482 -59.254295 2.023918 -1.247454 -0.294025 1.679689 0.833256 -14.218214 0.093214 1.300581 -34.212067 -0.287565 0.967173 -20.033222 0.964537 1.212845 -1e-06 0.0 0.0 -3.44039 0.788232 0.501656 -15.928192 -3.167313 2.999711 -6.338829 -1e-06 1e-06 -18.123455 3.648182 -4.905673 -4e-06 1e-06 -2e-06 -4.095622 5.357256 9.665401 47.016731 -15.149215 -52.648746 179.985962 21.242395 177.918732 -49.624714 -18.638121 15.981283 2.243542 -5.255041 -3.180159 14.282898 -0.826594 6.952507 -3e-06 -12.690609 -2e-06 15.972076 -17.920038 2.324157 1.665667 -1.955922 -2.8783 4.7278 -4.170588 4.993925 11.020531 4e-06 1e-06 12.109056 -3.735717 -2.866785 0.0 -0.0 1e-06 1.291986 -1.92855 -1.498089 14.800138 0.567471 3.865611 14.242578 -1.341738 -6.660658 19.631973 0.143927 -0.648242 49.617229 -0.095959 -7.025217 0.353029 -1.511152 -0.031941 20.222801 3.684315 2.316634 18.787283 5e-06 1e-06 10.751633 -0.479868 1.397909 -0.0 0.0 -0.0 3.273808 0.305948 -0.580112 21.486828 11.830383 2.26614 8.16293 3e-06 -1e-06 18.39909 -3.798985 -4.940577 4e-06 -1e-06 -1e-06 -0.584743 78.986168 -19.258829 -5.457487 -47.487473 26.785988 -26.0742 -40.807014 -15.907835 2.099896 -1.615143 -14.57784 0.0 0.0 3e-06 -176.179764 -72.046043 155.472931 4.421453 69.135651 12.155256 21.944706 32.233242 -18.131546 -1.546996 0.741666 -11.655769 -0.0 0.0 -2e-06 
0.0 0.0 0.0 0.0 -0.0 0.0 45.723743 12.849122 709.685303 6.852635 0.440248 88.558105 -0.826646 -0.434767 -2.390145 -0.069798 -0.05708 -5.572809 -2.107092 -1.454674 7.350598 -1.076866 3.024071 -18.979033 -0.81646 -0.903447 -3.598826 -2.679795 -1.54129 -42.278088 7.7e-05 -2.3e-05 5e-06 -0.085502 0.262207 -0.025202 0.478288 -3.366212 -10.175739 -0.637672 3.877152 -10.152258 1.500334 -5.753742 10.787271 -17.488386 2.698949 -65.661011 179.351929 -49.261227 -179.960602 30.811804 -0.191124 5.765667 -5.882105 9.861288 0.70259 -10.936871 -0.360577 7.156208 1e-06 8.774828 -2e-06 -15.012884 18.398109 6.464517 -1.844032 2.498505 -2.507278 -10.163599 4.678945 4.621109 -20.976023 -5e-06 3e-06 -21.226286 2.451696 -3.593999 -0.0 -6e-06 -0.0 -1.362681 2.240798 -0.746323 -21.334913 0.584908 3.008326 -13.821213 -4e-06 4e-06 -23.887171 -0.249078 -0.83948 -59.811344 2.080676 -1.337267 -0.294025 1.679687 0.833256 -14.218209 0.093214 1.300582 -34.212048 -0.287566 0.967174 -20.033213 0.964537 1.212846 -0.0 0.0 -1e-06 -3.440388 0.788234 0.501656 -15.928185 -3.167314 2.99971 -6.338826 -1e-06 2e-06 -18.123444 3.648184 -4.90567 -5e-06 0.0 -2e-06 -6.545606 7.166376 7.935024 38.081043 -12.101144 -62.371792 -177.187576 22.369938 179.431549 -44.486439 -25.61442 21.078382 2.243542 -5.255039 -3.180159 14.282898 -0.826594 6.952506 -2e-06 -12.690609 -1e-06 15.881392 -18.006182 2.546498 1.665667 -1.955923 -2.878299 4.727801 -4.170588 4.993924 11.020532 3e-06 -1e-06 12.109059 -3.735717 -2.866786 -1e-06 -0.0 1e-06 1.291986 -1.92855 -1.49809 14.800138 0.567469 3.865611 14.242579 -1.341737 -6.66066 19.631981 0.143926 -0.648244 49.95269 -0.484753 -6.974554 0.353029 -1.511151 -0.03194 20.222803 3.684312 2.316633 18.787287 5e-06 0.0 10.751637 -0.479869 1.397907 -0.0 0.0 0.0 3.273809 0.305947 -0.58011 21.486828 11.830382 2.266137 8.162931 1e-06 -0.0 18.399096 -3.798985 -4.940578 2e-06 0.0 -1e-06 -0.07176 79.348793 -18.570871 -5.12821 -48.150051 26.993425 -26.42322 -40.697159 -16.324284 2.081289 -1.616605 -14.15227 -0.0 0.0 2e-06 -179.543503 -72.177345 158.249329 3.839123 69.746666 13.970136 20.607092 32.62384 -19.832102 -1.609679 0.72637 -12.031738 -0.0 0.0 -1e-06 
0.0 0.0 0.0 0.0 -0.0 0.0 45.609016 12.668724 709.523376 6.611993 0.184412 88.512016 -0.960654 -0.535112 -2.073467 0.003844 0.023426 -5.321209 -2.290081 -1.442411 7.021308 -1.737839 2.840996 -20.102747 -0.772277 -0.998498 -3.569222 -2.490953 -1.7102 -41.993214 7.7e-05 -2.3e-05 5e-06 -0.071037 0.268154 -0.019008 0.523804 -3.356488 -10.184729 -0.655824 3.881277 -10.156134 2.437082 -7.585631 9.72695 -9.374376 4.143961 -68.589371 178.375031 -53.057068 -179.251785 29.185539 2.46242 5.670715 -5.88211 9.861293 0.70259 -10.93688 -0.360579 7.156209 1e-06 8.774833 -3e-06 -15.58984 18.373577 6.186881 -1.844033 2.498507 -2.507279 -10.163606 4.678947 4.621109 -20.976038 -7e-06 2e-06 -21.226297 2.451696 -3.594002 1e-06 -6e-06 -0.0 -1.362682 2.240802 -0.746324 -21.334929 0.584906 3.008325 -13.821222 -3e-06 3e-06 -23.887188 -0.249082 -0.839483 -60.324764 2.064593 -1.338862 -0.294025 1.679688 0.833256 -14.218219 0.093214 1.300581 -34.212074 -0.287567 0.967171 -20.03323 0.964534 1.212844 -1e-06 0.0 -0.0 -3.440391 0.788234 0.501655 -15.928201 -3.167316 2.999709 -6.338831 -2e-06 1e-06 -18.123459 3.648184 -4.905674 -4e-06 1e-06 -2e-06 -8.816263 8.871527 6.556612 28.468668 -10.469072 -67.57296 -176.039139 26.756248 -179.552582 -39.270561 -30.777683 23.221798 2.243543 -5.255043 -3.180161 14.282904 -0.826593 6.952508 -2e-06 -12.690618 -3e-06 15.996353 -18.097446 2.58939 1.665668 -1.955924 -2.878301 4.727803 -4.170591 4.993927 11.020536 4e-06 -1e-06 12.109062 -3.735719 -2.866787 -0.0 0.0 -0.0 1.291986 -1.928552 -1.49809 14.80014 0.56747 3.865611 14.242584 -1.341737 -6.660665 19.631987 0.143927 -0.648245 50.33778 -0.717459 -6.913145 0.353029 -1.511152 -0.03194 20.222807 3.684316 2.316633 18.787289 6e-06 -1e-06 10.751638 -0.479867 1.397907 -2e-06 0.0 0.0 3.27381 0.305948 -0.580111 21.486832 11.830389 2.266138 8.162932 3e-06 0.0 18.399099 -3.798987 -4.940581 1e-06 -1e-06 -0.0 -1.327278 79.625153 -19.626358 -4.922668 -48.750706 27.3505 -26.544436 -40.46175 -16.70376 2.091342 -1.602223 -13.861194 -0.0 0.0 4e-06 176.416412 -72.315643 161.602325 3.05703 70.049889 15.476715 19.626797 33.173016 -21.154604 -1.595932 0.707807 -12.843619 0.0 -0.0 -1e-06 
0.0 0.0 0.0 0.0 -0.0 0.0 45.483868 12.521187 709.454468 6.422667 -0.050066 88.648758 -1.111741 -0.657181 -1.701307 0.015635 0.066566 -5.120866 -2.346439 -1.46561 6.879093 -2.105412 2.708521 -21.04842 -0.840543 -1.065928 -3.557215 -2.034185 -1.860608 -42.037846 7.7e-05 -2.3e-05 5e-06 -0.068976 0.291091 -0.021943 0.550429 -3.326096 -10.195672 -0.679405 3.89765 -10.166979 3.229524 -9.211423 8.930849 -3.069597 5.763856 -70.395363 177.623886 -56.315964 -178.742859 27.620533 3.793183 5.301723 -5.882112 9.861295 0.70259 -10.936881 -0.360576 7.156209 1e-06 8.774834 -2e-06 -16.086197 18.272942 5.911396 -1.844035 2.498507 -2.507279 -10.163608 4.678949 4.621109 -20.976042 -5e-06 -1e-06 -21.226311 2.451697 -3.594005 2e-06 -6e-06 0.0 -1.362683 2.2408 -0.746324 -21.334934 0.584908 3.008322 -13.821225 -4e-06 0.0 -23.887196 -0.249082 -0.839485 -60.683426 2.065727 -1.305974 -0.294025 1.679689 0.833256 -14.218223 0.093215 1.300579 -34.212082 -0.287569 0.967168 -20.033232 0.964533 1.212843 1e-06 0.0 0.0 -3.440392 0.788234 0.501656 -15.928201 -3.167314 2.999707 -6.338832 -2e-06 0.0 -18.123465 3.648184 -4.905677 -5e-06 -0.0 -2e-06 -10.695905 10.377644 5.651209 20.069098 -10.286717 -70.48542 -176.166229 31.825291 -178.914124 -34.115685 -35.624825 22.514751 2.243545 -5.255043 -3.18016 14.282914 -0.826596 6.95251 -2e-06 -12.690619 -1e-06 16.253578 -18.030764 2.501555 1.665669 -1.955924 -2.878301 4.727807 -4.170592 4.993928 11.020544 3e-06 1e-06 12.109069 -3.735721 -2.866786 -1e-06 -0.0 0.0 1.291988 -1.928551 -1.49809 14.800153 0.567469 3.865612 14.242593 -1.341739 -6.660663 19.631998 0.143924 -0.648244 50.640766 -0.783424 -6.823185 0.35303 -1.511152 -0.03194 20.222824 3.684314 2.316635 18.787306 5e-06 -0.0 10.751646 -0.47987 1.397908 -1e-06 -0.0 0.0 3.273812 0.305947 -0.580112 21.486851 11.830389 2.266138 8.16294 2e-06 -1e-06 18.399113 -3.798988 -4.940582 1e-06 -0.0 -0.0 -3.094969 79.647957 -21.121628 -4.676915 -49.160553 27.307486 -26.765358 -40.061649 -16.787788 2.131334 -1.579262 -13.538623 -0.0 0.0 3e-06 173.562683 -72.585007 163.980988 2.591691 69.711617 16.368031 19.224125 33.770306 -21.686357 -1.55705 0.684822 -13.679976 0.0 0.0 -1e-06 
0.0 0.0 0.0 0.0 -0.0 0.0 45.370659 12.409767 709.455505 6.210257 -0.246597 88.898666 -1.227219 -0.764234 -1.311574 -0.030271 0.080728 -4.916368 -2.366564 -1.515255 6.859185 -2.153413 2.700305 -21.823212 -0.992275 -1.211246 -3.55014 -1.49734 -1.996781 -42.350002 7.7e-05 -2.3e-05 5e-06 -0.061743 0.290629 -0.027658 0.565609 -3.326561 -10.204679 -0.680954 3.897774 -10.174204 3.883159 -10.482893 8.37804 0.954475 7.39222 -71.714378 176.559265 -58.403912 -177.876526 26.39035 4.367301 4.593013 -5.882103 9.861281 0.702589 -10.936866 -0.360575 7.1562 0.0 8.774822 -1e-06 -16.401672 18.14686 5.739647 -1.844032 2.498505 -2.507276 -10.163595 4.678944 4.621105 -20.976017 -3e-06 -0.0 -21.226282 2.451695 -3.594001 2e-06 -6e-06 0.0 -1.362681 2.240797 -0.746323 -21.334904 0.584908 3.008319 -13.821207 -2e-06 0.0 -23.887159 -0.249079 -0.839483 -60.910706 2.047306 -1.249535 -0.294025 1.679685 0.833255 -14.218201 0.093214 1.300578 -34.212032 -0.287564 0.967166 -20.033205 0.964534 1.212841 0.0 0.0 0.0 -3.440387 0.788232 0.501655 -15.928181 -3.167308 2.999704 -6.338822 -1e-06 1e-06 -18.123442 3.648179 -4.905671 -5e-06 -0.0 -1e-06 -12.133174 11.535504 5.179383 14.7179 -10.959173 -72.698723 -176.490707 35.818047 -178.531815 -30.128119 -38.948391 20.327765 2.243542 -5.255036 -3.180158 14.282891 -0.826594 6.9525 -3e-06 -12.690601 -0.0 16.377682 -17.963446 2.480737 1.665666 -1.955922 -2.878299 4.727798 -4.170587 4.993922 11.020527 3e-06 -2e-06 12.109053 -3.735715 -2.866785 -0.0 0.0 0.0 1.291986 -1.92855 -1.498089 14.800129 0.567469 3.865605 14.242574 -1.341735 -6.660658 19.631969 0.143927 -0.648246 50.8386 -0.786236 -6.758125 0.353029 -1.511151 -0.03194 20.222792 3.68431 2.316628 18.78727 6e-06 -2e-06 10.751627 -0.479868 1.397905 -1e-06 0.0 0.0 3.273807 0.305948 -0.580111 21.486814 11.830376 2.266131 8.162927 3e-06 -1e-06 18.39908 -3.798982 -4.940577 2e-06 -1e-06 -0.0 -4.949432 79.644173 -22.643658 -4.404001 -49.564735 26.946112 -26.988808 -39.54277 -16.788349 2.170757 -1.554003 -13.49038 -0.0 0.0 4e-06 171.675995 -73.19622 165.561554 2.333885 68.776901 16.824858 19.35507 34.385635 -21.611523 -1.521682 0.671063 -14.128156 0.0 0.0 -1e-06 
0.0 0.0 0.0 0.0 -0.0 0.0 45.25985 12.337284 709.498047 6.008307 -0.394322 89.230888 -1.316512 -0.866121 -0.908679 -0.090268 0.05902 -4.712331 -2.431472 -1.605431 6.863346 -1.844309 2.747063 -22.322552 -1.107397 -1.44754 -3.546553 -1.068569 -2.096379 -42.887821 7.7e-05 -2.3e-05 5e-06 -0.046464 0.265611 -0.03017 0.574413 -3.354081 -10.193478 -0.660079 3.876102 -10.163294 4.467143 -11.499134 8.000422 3.103431 9.119173 -73.132851 175.398117 -59.32901 -176.838791 25.458466 4.659679 3.763538 -5.882105 9.861283 0.70259 -10.936868 -0.360574 7.156204 0.0 8.774823 -1e-06 -16.492411 18.024889 5.671654 -1.844032 2.498506 -2.507277 -10.163597 4.678944 4.621108 -20.976021 -3e-06 -0.0 -21.226278 2.451695 -3.594001 2e-06 -5e-06 0.0 -1.362681 2.240798 -0.746323 -21.334906 0.584911 3.008321 -13.821209 -3e-06 1e-06 -23.887159 -0.249079 -0.839484 -60.96814 1.999612 -1.20092 -0.294025 1.679686 0.833256 -14.218203 0.093216 1.300579 -34.212036 -0.287561 0.967167 -20.033205 0.964537 1.212841 1e-06 1e-06 -1e-06 -3.440387 0.788234 0.501656 -15.928183 -3.167308 2.999706 -6.338826 -2e-06 1e-06 -18.123444 3.648183 -4.90567 -5e-06 -0.0 -2e-06 -13.006331 12.299887 5.032098 11.817939 -11.94454 -74.888771 -176.517685 38.372932 -178.180435 -27.293306 -41.173893 17.901821 2.243541 -5.255034 -3.180156 14.282883 -0.826594 6.952499 -2e-06 -12.690597 2e-06 16.288666 -17.978613 2.566414 1.665665 -1.955921 -2.878298 4.727796 -4.170585 4.993922 11.02052 2e-06 -2e-06 12.109046 -3.735714 -2.866783 1e-06 0.0 -0.0 1.291985 -1.928548 -1.498089 14.80012 0.567467 3.865605 14.242564 -1.341736 -6.660655 19.631958 0.143926 -0.648245 50.929398 -0.816318 -6.74381 0.353029 -1.51115 -0.03194 20.222778 3.684309 2.316628 18.787266 5e-06 -1e-06 10.751624 -0.479868 1.397905 -1e-06 -0.0 0.0 3.273804 0.305947 -0.58011 21.486801 11.830368 2.26613 8.162924 1e-06 -0.0 18.399075 -3.798983 -4.940573 3e-06 -0.0 -0.0 -6.899208 79.525673 -24.287378 -4.156035 -49.890015 26.465881 -27.235603 -38.93605 -16.702686 2.190503 -1.536667 -13.715077 -0.0 0.0 3e-06 170.373352 -74.230873 166.698044 2.120795 67.265991 16.984987 19.884697 34.990833 -21.136314 -1.511392 0.670781 -14.048474 0.0 -0.0 -1e-06 
0.0 0.0 0.0 0.0 -0.0 0.0 45.155399 12.330871 709.554382 5.832386 -0.520203 89.610329 -1.398569 -0.959928 -0.51677 -0.162608 0.017908 -4.541878 -2.500524 -1.723845 6.889419 -1.364807 2.803498 -22.574173 -1.129331 -1.735277 -3.54992 -0.715041 -2.193202 -43.538063 7.7e-05 -2.3e-05 6e-06 -0.032176 0.239891 -0.032794 0.57232 -3.384055 -10.170368 -0.630224 3.856431 -10.146283 4.934799 -12.384216 7.769161 4.11754 10.953799 -74.856438 174.513611 -59.550728 -175.950928 24.666914 4.874307 2.908689 -5.882109 9.861285 0.702589 -10.936875 -0.360573 7.156206 1e-06 8.774827 -1e-06 -16.451946 17.938725 5.669004 -1.844033 2.498505 -2.507277 -10.163604 4.678946 4.621109 -20.976036 -3e-06 1e-06 -21.226297 2.451697 -3.594003 0.0 -7e-06 1e-06 -1.362682 2.240799 -0.746324 -21.334925 0.584909 3.008322 -13.82122 -1e-06 1e-06 -23.88718 -0.249079 -0.839485 -60.967976 1.959745 -1.157429 -0.294025 1.679688 0.833256 -14.218214 0.093217 1.30058 -34.212063 -0.287564 0.967168 -20.03322 0.964537 1.212844 -0.0 1e-06 -0.0 -3.440389 0.788233 0.501656 -15.928189 -3.167309 2.999707 -6.338828 -1e-06 1e-06 -18.123457 3.648183 -4.905672 -5e-06 -0.0 -1e-06 -13.44499 12.858221 5.145879 10.332024 -13.092437 -77.547791 -176.464493 39.995625 -177.914948 -24.937807 -43.044544 15.128895 2.243542 -5.255037 -3.180159 14.282896 -0.826594 6.952503 -2e-06 -12.690603 -1e-06 16.135374 -17.989035 2.660293 1.665666 -1.955921 -2.878299 4.727799 -4.170587 4.993925 11.020528 3e-06 -1e-06 12.109055 -3.735715 -2.866785 2e-06 0.0 -0.0 1.291986 -1.928549 -1.49809 14.800132 0.567469 3.865608 14.242577 -1.341736 -6.660659 19.631973 0.143926 -0.648245 50.924465 -0.856813 -6.746672 0.353029 -1.511151 -0.03194 20.222797 3.684311 2.31663 18.787275 5e-06 -1e-06 10.751633 -0.479868 1.397906 -1e-06 -0.0 0.0 3.273808 0.305947 -0.580111 21.486822 11.830376 2.266134 8.16293 2e-06 -1e-06 18.39909 -3.798985 -4.940577 4e-06 -1e-06 -1e-06 -8.823074 79.235519 -25.961172 -3.95716 -50.020241 26.013895 -27.449053 -38.334518 -16.568325 2.195996 -1.526831 -14.028177 -0.0 0.0 4e-06 169.005539 -75.502937 167.9207 1.992263 65.427666 17.15535 20.627502 35.578648 -20.447018 -1.515732 0.677428 -13.897092 0.0 0.0 -2e-06 
0.0 0.0 0.0 0.0 -0.0 0.0 45.069134 12.368362 709.627441 5.66256 -0.644588 89.974983 -1.472304 -1.030871 -0.193571 -0.227788 -0.020934 -4.414324 -2.574869 -1.818445 6.946838 -0.870826 2.82232 -22.601309 -1.091667 -1.965053 -3.559 -0.418322 -2.269193 -44.15451 7.7e-05 -2.3e-05 5e-06 -0.022564 0.220377 -0.038768 0.561817 -3.408037 -10.148946 -0.600827 3.84287 -10.134823 5.276973 -13.079287 7.660003 4.460577 12.600419 -76.631699 173.898224 -59.474152 -175.270126 23.968103 5.005849 2.1771 -5.88211 9.861294 0.702588 -10.936879 -0.360577 7.156207 1e-06 8.774831 -2e-06 -16.35058 17.885208 5.692153 -1.844035 2.498506 -2.507279 -10.163607 4.678947 4.621108 -20.97604 -4e-06 -2e-06 -21.226303 2.451694 -3.594006 1e-06 -7e-06 1e-06 -1.362683 2.2408 -0.746324 -21.334929 0.584907 3.008321 -13.821225 -5e-06 0.0 -23.887188 -0.249084 -0.839485 -60.942848 1.927633 -1.134632 -0.294025 1.679689 0.833256 -14.218219 0.093214 1.300578 -34.212074 -0.28757 0.967167 -20.033226 0.964534 1.212843 -0.0 0.0 1e-06 -3.440391 0.788232 0.501655 -15.9282 -3.167313 2.999706 -6.33883 -2e-06 -0.0 -18.123459 3.648183 -4.905676 -5e-06 -0.0 -2e-06 -13.643035 13.311478 5.405236 9.71674 -14.203165 -80.367989 -176.417725 41.13266 -177.73642 -22.922741 -44.622688 12.304313 2.243543 -5.25504 -3.180159 14.282901 -0.826595 6.952505 -1e-06 -12.690612 -1e-06 15.997833 -17.997351 2.745119 1.665668 -1.955924 -2.878301 4.727801 -4.17059 4.993925 11.020535 3e-06 -2e-06 12.109059 -3.735718 -2.866787 2e-06 -0.0 0.0 1.291986 -1.928551 -1.498089 14.800139 0.567469 3.865608 14.242584 -1.341737 -6.660661 19.631987 0.143926 -0.648246 50.880939 -0.898589 -6.768078 0.353029 -1.511151 -0.03194 20.222805 3.684312 2.31663 18.787287 5e-06 -2e-06 10.751637 -0.479868 1.397906 -1e-06 -0.0 0.0 3.273809 0.305947 -0.580111 21.486832 11.830381 2.266133 8.16293 3e-06 -2e-06 18.399096 -3.798986 -4.940581 4e-06 -0.0 -1e-06 -10.332726 78.952843 -27.224318 -3.8461 -50.065475 25.543133 -27.658667 -37.753185 -16.367386 2.19535 -1.525857 -14.307181 0.0 0.0 4e-06 167.593826 -76.832664 169.179245 1.974192 63.520603 17.314758 21.470949 36.077919 -19.585958 -1.517099 0.685735 -13.886951 0.0 0.0 -1e-06 
0.0 0.0 0.0 0.0 -0.0 0.0 45.000706 12.399872 709.699585 5.491475 -0.756947 90.284126 -1.526357 -1.080378 0.04655 -0.283736 -0.041214 -4.313469 -2.64329 -1.872169 6.990444 -0.443879 2.798591 -22.444288 -1.033958 -2.04929 -3.571152 -0.190611 -2.298098 -44.6656 7.7e-05 -2.2e-05 6e-06 -0.020025 0.213053 -0.046499 0.548635 -3.420352 -10.142832 -0.582513 3.841517 -10.139016 5.540695 -13.567533 7.595819 4.476922 13.857173 -78.175461 173.515854 -59.339275 -174.862137 23.291868 5.106107 1.716089 -5.88211 9.861293 0.70259 -10.936878 -0.360575 7.156208 1e-06 8.774831 -2e-06 -16.247778 17.833424 5.693194 -1.844034 2.498509 -2.507279 -10.163605 4.678948 4.621109 -20.97604 -2e-06 -0.0 -21.226303 2.451698 -3.594005 0.0 -7e-06 -0.0 -1.362682 2.240799 -0.746324 -21.334929 0.584908 3.008322 -13.821221 -4e-06 1e-06 -23.887184 -0.249082 -0.839484 -60.860962 1.918889 -1.147191 -0.294025 1.67969 0.833256 -14.218219 0.093216 1.30058 -34.212074 -0.287567 0.967168 -20.03323 0.964535 1.212844 -0.0 1e-06 1e-06 -3.440391 0.788234 0.501655 -15.928196 -3.167313 2.999707 -6.33883 -2e-06 0.0 -18.123459 3.648185 -4.905675 -5e-06 -2e-06 -1e-06 -13.745234 13.712526 5.650667 9.486403 -15.123866 -82.724876 -176.356522 42.117718 -177.58075 -21.223282 -45.737446 9.790811 2.243544 -5.255042 -3.18016 14.282902 -0.826595 6.952507 -2e-06 -12.690618 -1e-06 15.915673 -18.005463 2.796201 1.665668 -1.955924 -2.878302 4.727803 -4.170591 4.993927 11.020535 3e-06 -1e-06 12.10906 -3.73572 -2.866787 1e-06 0.0 -0.0 1.291987 -1.928551 -1.49809 14.800142 0.567469 3.86561 14.242584 -1.341738 -6.660664 19.631985 0.143927 -0.648245 50.838951 -0.92689 -6.808441 0.353029 -1.511152 -0.03194 20.222811 3.684314 2.316632 18.787289 4e-06 -1e-06 10.751636 -0.479869 1.397907 -1e-06 -0.0 0.0 3.27381 0.305947 -0.580111 21.486832 11.830386 2.266135 8.162932 1e-06 -1e-06 18.399099 -3.798988 -4.940581 4e-06 -1e-06 -1e-06 -11.409779 78.745461 -28.090126 -3.811576 -50.04985 25.123888 -27.888943 -37.250637 -16.098969 2.195364 -1.529398 -14.484903 0.0 0.0 5e-06 166.301361 -78.17868 170.314636 2.005614 61.62368 17.451597 22.316004 36.497772 -18.671707 -1.515462 0.690739 -13.850475 -0.0 0.0 -1e-06 
0.0 0.0 0.0 0.0 -0.0 0.0 44.942242 12.398091 709.768616 5.329139 -0.845242 90.527863 -1.556914 -1.124598 0.237563 -0.328683 -0.038055 -4.242569 -2.704129 -1.903108 6.989161 -0.107523 2.781353 -22.226526 -0.984236 -2.045139 -3.581441 -0.016457 -2.284914 -45.12801 7.7e-05 -2.2e-05 5e-06 -0.024055 0.220265 -0.05178 0.536158 -3.414307 -10.134392 -0.577885 3.850618 -10.138053 5.755513 -13.927075 7.532155 4.384733 14.803229 -79.503929 173.446732 -59.271336 -174.827347 22.631245 5.212836 1.44354 -5.882107 9.861284 0.70259 -10.936874 -0.360576 7.156204 1e-06 8.774826 -1e-06 -16.173693 17.789301 5.670757 -1.844033 2.498503 -2.507278 -10.163603 4.678945 4.621107 -20.97603 -3e-06 -0.0 -21.226295 2.451696 -3.594002 0.0 -7e-06 -0.0 -1.362682 2.240798 -0.746323 -21.334919 0.584909 3.00832 -13.821218 -4e-06 1e-06 -23.887175 -0.249081 -0.839484 -60.752872 1.928706 -1.171458 -0.294025 1.679689 0.833256 -14.218212 0.093215 1.300578 -34.212063 -0.287569 0.967167 -20.033218 0.964534 1.212842 -0.0 1e-06 -0.0 -3.440389 0.788234 0.501655 -15.928189 -3.167308 2.999704 -6.338828 -1e-06 -0.0 -18.123449 3.648182 -4.905671 -4e-06 -1e-06 -1e-06 -13.810365 14.065722 5.800122 9.356975 -15.784962 -84.463028 -176.303207 43.073036 -177.443314 -19.874369 -46.371098 7.795682 2.243542 -5.255037 -3.180159 14.282896 -0.826594 6.952505 -3e-06 -12.690607 0.0 15.863751 -18.022865 2.828769 1.665667 -1.955922 -2.878299 4.7278 -4.170588 4.993925 11.020529 3e-06 -2e-06 12.109056 -3.735715 -2.866785 1e-06 -0.0 -0.0 1.291986 -1.92855 -1.49809 14.800132 0.567468 3.865608 14.242577 -1.341736 -6.660661 19.631973 0.143927 -0.648245 50.793118 -0.934076 -6.864367 0.353029 -1.511151 -0.03194 20.222799 3.68431 2.316629 18.787279 5e-06 -1e-06 10.751631 -0.479869 1.397906 -1e-06 -0.0 0.0 3.273808 0.305947 -0.58011 21.48682 11.830379 2.266132 8.162927 0.0 -0.0 18.399088 -3.798985 -4.940578 4e-06 -0.0 -1e-06 -12.141611 78.632874 -28.64995 -3.826542 -50.037224 24.747946 -28.168451 -36.804688 -15.758654 2.198016 -1.534273 -14.642939 1e-06 0.0 4e-06 165.214386 -79.411102 171.28569 2.013531 59.915226 17.488529 23.072002 36.809845 -17.796436 -1.514929 0.691694 -13.740086 0.0 -0.0 -1e-06 
0.0 0.0 0.0 0.0 -0.0 0.0 44.897053 12.367189 709.840271 5.18908 -0.901311 90.711456 -1.557946 -1.158775 0.382156 -0.371166 -0.031816 -4.195016 -2.756909 -1.912933 6.969372 0.146018 2.775786 -22.039248 -0.9497 -1.98835 -3.591163 0.140025 -2.239113 -45.549595 7.7e-05 -2.2e-05 6e-06 -0.027647 0.228249 -0.05589 0.527937 -3.407908 -10.126786 -0.576541 3.860645 -10.13448 5.907116 -14.222747 7.491905 4.371769 15.534372 -80.564049 173.447037 -59.319523 -174.899078 21.974249 5.319742 1.301018 -5.882109 9.861292 0.702589 -10.936877 -0.360575 7.156208 0.0 8.774833 -2e-06 -16.104149 17.752419 5.651491 -1.844034 2.498505 -2.507279 -10.163606 4.678947 4.621109 -20.976036 -4e-06 -0.0 -21.226301 2.451697 -3.594005 0.0 -7e-06 1e-06 -1.362682 2.2408 -0.746324 -21.334929 0.584906 3.008322 -13.821221 -4e-06 0.0 -23.887184 -0.249082 -0.839485 -60.644962 1.943728 -1.182034 -0.294024 1.679691 0.833256 -14.218216 0.093214 1.300579 -34.21207 -0.287569 0.967167 -20.033226 0.964534 1.212843 1e-06 1e-06 -0.0 -3.44039 0.788235 0.501656 -15.928196 -3.167312 2.999707 -6.338829 -2e-06 0.0 -18.123457 3.648183 -4.905675 -4e-06 -1e-06 -1e-06 -13.824163 14.403242 5.900077 9.172468 -16.289711 -85.735199 -176.30542 44.05109 -177.354431 -18.897629 -46.622696 6.274345 2.243542 -5.255039 -3.180158 14.282894 -0.826594 6.952502 -2e-06 -12.69061 -1e-06 15.855279 -18.044018 2.847168 1.665667 -1.955922 -2.878299 4.727799 -4.170589 4.993925 11.020528 3e-06 -2e-06 12.109055 -3.735718 -2.866786 1e-06 0.0 -0.0 1.291986 -1.92855 -1.49809 14.800131 0.567469 3.865606 14.242573 -1.341737 -6.66066 19.631969 0.143928 -0.648246 50.778015 -0.911474 -6.896441 0.353029 -1.511151 -0.03194 20.222797 3.684313 2.316629 18.787273 5e-06 -2e-06 10.751629 -0.479868 1.397906 -1e-06 -1e-06 0.0 3.273808 0.305948 -0.580111 21.486818 11.830381 2.266133 8.162928 2e-06 -1e-06 18.399082 -3.798985 -4.940577 4e-06 -1e-06 -1e-06 -12.597683 78.563545 -29.006222 -3.873323 -50.009197 24.379015 -28.51387 -36.364788 -15.278957 2.197963 -1.540462 -14.828742 0.0 0.0 2e-06 164.649155 -80.459702 171.813766 1.997382 58.459206 17.349791 23.826052 37.012978 -16.911352 -1.516871 0.691953 -13.577621 0.0 0.0 -1e-06 
0.0 0.0 0.0 0.0 -0.0 0.0 44.864273 12.31488 709.922668 5.107792 -0.932275 90.841827 -1.538173 -1.180392 0.4971 -0.402534 -0.034108 -4.170958 -2.824526 -1.910854 6.950768 0.339624 2.770418 -21.885653 -0.89712 -1.899168 -3.601333 0.246465 -2.16547 -45.969799 7.7e-05 -2.2e-05 5e-06 -0.02969 0.234738 -0.059622 0.524128 -3.404145 -10.124686 -0.576457 3.870016 -10.133783 6.023098 -14.486608 7.469082 4.51038 16.104919 -81.33062 173.399628 -59.510956 -174.941925 21.312792 5.408308 1.21317 -5.882109 9.861292 0.70259 -10.936877 -0.360574 7.156209 0.0 8.77483 -2e-06 -16.073406 17.72735 5.628505 -1.844033 2.498508 -2.50728 -10.163605 4.678948 4.621111 -20.976038 -3e-06 -0.0 -21.226301 2.451698 -3.594004 0.0 -7e-06 0.0 -1.362683 2.240801 -0.746323 -21.334929 0.584908 3.008324 -13.821223 -4e-06 2e-06 -23.887188 -0.249081 -0.839485 -60.566193 1.963042 -1.18538 -0.294025 1.679689 0.833256 -14.218217 0.093216 1.30058 -34.21207 -0.287568 0.967169 -20.033228 0.964535 1.212845 1e-06 1e-06 -0.0 -3.44039 0.788236 0.501656 -15.928196 -3.167311 2.999709 -6.33883 -2e-06 1e-06 -18.123463 3.648182 -4.905676 -4e-06 -0.0 -1e-06 -13.787029 14.717919 5.995626 8.875902 -16.738226 -86.733093 -176.381561 45.059315 -177.315018 -18.168238 -46.635605 5.056016 2.243543 -5.255039 -3.180158 14.282898 -0.826594 6.952502 -1e-06 -12.690609 -2e-06 15.881228 -18.063072 2.851901 1.665667 -1.955922 -2.878299 4.7278 -4.170588 4.993923 11.020531 3e-06 -1e-06 12.109056 -3.735717 -2.866785 2e-06 -0.0 -0.0 1.291986 -1.928551 -1.498089 14.800136 0.567469 3.865607 14.24258 -1.341738 -6.66066 19.631981 0.143926 -0.648245 50.80352 -0.873526 -6.892726 0.353029 -1.511151 -0.03194 20.222801 3.684311 2.31663 18.787283 5e-06 -2e-06 10.751633 -0.479868 1.397905 -1e-06 -0.0 0.0 3.273808 0.305947 -0.580111 21.486826 11.83038 2.266134 8.16293 2e-06 -2e-06 18.399092 -3.798985 -4.94058 4e-06 -0.0 -1e-06 -12.577865 78.564911 -28.773884 -3.925737 -49.992737 23.953329 -28.713232 -36.0299 -14.907709 2.194253 -1.545246 -15.073298 0.0 1e-06 2e-06 164.926254 -81.240517 171.601654 1.980658 57.371548 16.994585 24.580809 37.046711 -16.025946 -1.521208 0.692649 -13.44964 -0.0 0.0 -1e-06 
0.0 0.0 0.0 0.0 -0.0 0.0 44.854435 12.245811 710.012512 5.080138 -0.939913 90.955719 -1.523429 -1.192862 0.597761 -0.416003 -0.051154 -4.166609 -2.885615 -1.901126 6.89678 0.509643 2.764293 -21.748695 -0.832232 -1.789584 -3.604101 0.281776 -2.051212 -46.360287 7.7e-05 -2.2e-05 5e-06 -0.029723 0.236493 -0.06318 0.523374 -3.404933 -10.122494 -0.575435 3.874496 -10.132151 6.140515 -14.744143 7.424637 4.789625 16.581421 -81.821617 173.299698 -59.868301 -174.958282 20.693769 5.439579 1.141512 -5.88211 9.861292 0.702588 -10.936877 -0.360575 7.156207 0.0 8.774831 -2e-06 -16.063272 17.706068 5.603923 -1.844034 2.498507 -2.507279 -10.163604 4.678946 4.621109 -20.976034 -5e-06 -2e-06 -21.226299 2.451696 -3.594005 1e-06 -7e-06 0.0 -1.362682 2.2408 -0.746324 -21.334925 0.584907 3.008321 -13.821218 -3e-06 -0.0 -23.887182 -0.249084 -0.839486 -60.519737 1.967095 -1.180044 -0.294024 1.679687 0.833256 -14.218214 0.093213 1.300579 -34.212067 -0.287569 0.967169 -20.033222 0.964534 1.21284 1e-06 1e-06 -0.0 -3.44039 0.788235 0.501655 -15.928192 -3.167314 2.999706 -6.338829 -1e-06 -0.0 -18.123453 3.648181 -4.905676 -4e-06 -1e-06 -2e-06 -13.714213 14.963301 6.065723 8.445477 -17.121382 -87.552002 -176.528061 46.102238 -177.289917 -17.471041 -46.486595 3.903177 2.243543 -5.25504 -3.180157 14.282906 -0.826595 6.952507 -2e-06 -12.690615 -1e-06 15.89926 -18.067434 2.829498 1.665667 -1.955923 -2.878298 4.727804 -4.170591 4.993925 11.020535 3e-06 1e-06 12.109062 -3.735719 -2.866784 2e-06 -0.0 -0.0 1.291986 -1.928551 -1.498089 14.80014 0.567469 3.865609 14.242582 -1.341739 -6.660657 19.631985 0.143924 -0.648242 50.847157 -0.826012 -6.861257 0.353029 -1.511152 -0.03194 20.222811 3.684313 2.316633 18.787291 4e-06 0.0 10.751638 -0.479868 1.397906 -1e-06 -0.0 0.0 3.27381 0.305948 -0.58011 21.486834 11.830385 2.266138 8.162933 1e-06 -0.0 18.399097 -3.798988 -4.940579 2e-06 -0.0 -1e-06 -12.301473 78.602928 -28.4097 -3.981346 -49.993759 23.502441 -28.982256 -35.761532 -14.496906 2.192928 -1.54903 -15.314383 0.0 0.0 1e-06 165.792755 -81.825912 170.840637 1.951488 56.574921 16.432192 25.422941 36.883884 -15.055717 -1.523563 0.693614 -13.40126 -0.0 0.0 -2e-06 
0.0 0.0 0.0 0.0 -0.0 0.0 44.870316 12.189495 710.107849 5.041858 -0.941446 91.062218 -1.526112 -1.198473 0.675764 -0.426921 -0.066572 -4.161501 -2.927722 -1.880006 6.813169 0.671413 2.731059 -21.648693 -0.764811 -1.637865 -3.60152 0.300313 -1.886938 -46.753529 7.7e-05 -2.2e-05 5e-06 -0.027703 0.233677 -0.065641 0.52284 -3.410513 -10.118193 -0.570712 3.87497 -10.124454 6.225591 -14.979146 7.366639 5.207926 16.988874 -82.095436 173.126755 -60.349457 -174.871506 20.122774 5.427763 1.119185 -5.882108 9.861288 0.70259 -10.936874 -0.360575 7.156207 -0.0 8.774828 -1e-06 -16.075064 17.706253 5.600071 -1.844033 2.498505 -2.507279 -10.163603 4.678946 4.621109 -20.97603 -2e-06 1e-06 -21.226292 2.451696 -3.594001 0.0 -7e-06 -0.0 -1.362682 2.240799 -0.746323 -21.334917 0.58491 3.008325 -13.821215 -3e-06 3e-06 -23.887175 -0.249079 -0.839481 -60.515362 1.98411 -1.180385 -0.294024 1.67969 0.833257 -14.218213 0.093214 1.30058 -34.212063 -0.287564 0.96717 -20.033222 0.964534 1.212843 1e-06 1e-06 -0.0 -3.440389 0.788234 0.501655 -15.928189 -3.167312 2.999707 -6.338829 -2e-06 1e-06 -18.123455 3.648185 -4.905673 -5e-06 0.0 -2e-06 -13.607154 15.162465 6.098744 7.890292 -17.435532 -88.353737 -176.837173 47.174408 -177.312881 -16.824141 -46.309811 2.792687 2.243543 -5.255038 -3.18016 14.282897 -0.826595 6.952506 -1e-06 -12.690609 0.0 15.903307 -18.065306 2.800238 1.665667 -1.955922 -2.8783 4.727801 -4.170589 4.993926 11.020532 3e-06 -1e-06 12.10906 -3.735718 -2.866786 0.0 -0.0 0.0 1.291986 -1.92855 -1.49809 14.800136 0.567468 3.865609 14.242579 -1.341737 -6.660661 19.631975 0.143926 -0.648246 50.903175 -0.784223 -6.815637 0.353029 -1.511151 -0.03194 20.222803 3.684311 2.316631 18.787287 4e-06 -1e-06 10.751634 -0.479869 1.397906 -1e-06 -0.0 0.0 3.273808 0.305947 -0.580111 21.486828 11.830379 2.266134 8.162933 2e-06 -1e-06 18.399092 -3.798985 -4.940577 1e-06 -0.0 -1e-06 -12.212196 78.7052 -28.103262 -4.028111 -50.002792 23.013926 -29.012922 -35.53376 -14.151418 2.193875 -1.552405 -15.516573 0.0 0.0 2e-06 167.378372 -82.277367 169.509125 1.88256 55.97715 15.685053 26.217691 36.716835 -14.196365 -1.521661 0.696393 -13.459162 0.0 0.0 -1e-06 
0.0 0.0 0.0 0.0 -0.0 0.0 44.899464 12.157149 710.199829 4.974342 -0.950771 91.168243 -1.55731 -1.204928 0.737393 -0.43857 -0.077566 -4.145675 -2.951488 -1.85042 6.711775 0.840059 2.670666 -21.591047 -0.718403 -1.432961 -3.60237 0.297511 -1.701025 -47.124134 7.7e-05 -2.3e-05 5e-06 -0.021957 0.221833 -0.069737 0.526234 -3.424927 -10.116976 -0.562326 3.865823 -10.114995 6.278073 -15.185014 7.310079 5.728572 17.315243 -82.245819 172.809158 -60.89764 -174.660751 19.533562 5.401252 1.076342 -5.88211 9.861292 0.70259 -10.936878 -0.360577 7.156209 1e-06 8.774833 -2e-06 -16.110193 17.715004 5.59576 -1.844034 2.498506 -2.507279 -10.163606 4.678946 4.621109 -20.976038 -4e-06 1e-06 -21.226299 2.451696 -3.594003 1e-06 -6e-06 -0.0 -1.362683 2.2408 -0.746324 -21.334929 0.58491 3.008322 -13.821224 -5e-06 1e-06 -23.887188 -0.249083 -0.839483 -60.527138 1.991286 -1.196829 -0.294025 1.679688 0.833256 -14.218218 0.093213 1.30058 -34.21207 -0.287567 0.96717 -20.033226 0.964536 1.212845 1e-06 1e-06 -0.0 -3.440391 0.788235 0.501656 -15.928201 -3.167313 2.999708 -6.338832 -2e-06 0.0 -18.123463 3.648184 -4.905674 -5e-06 -1e-06 -1e-06 -13.499082 15.327882 6.110861 7.289752 -17.661552 -89.077896 -177.105835 48.220146 -177.298584 -16.364311 -46.137428 2.023256 2.243542 -5.255041 -3.180158 14.282901 -0.826594 6.952507 -2e-06 -12.690617 -1e-06 15.917912 -18.070297 2.788874 1.665667 -1.955923 -2.878299 4.727803 -4.170591 4.993925 11.020535 3e-06 1e-06 12.109061 -3.73572 -2.866784 0.0 -0.0 0.0 1.291986 -1.92855 -1.498089 14.80014 0.567469 3.865611 14.242582 -1.341739 -6.660659 19.631979 0.143925 -0.648242 50.980442 -0.745363 -6.767946 0.353029 -1.511152 -0.031939 20.222807 3.684314 2.316634 18.787287 4e-06 2e-06 10.751637 -0.479869 1.397908 -1e-06 -0.0 -0.0 3.273809 0.305948 -0.580111 21.486832 11.830387 2.266138 8.162933 2e-06 0.0 18.399096 -3.798988 -4.940578 1e-06 -0.0 -1e-06 -12.070392 78.835175 -27.866652 -4.061997 -50.040058 22.531517 -29.132034 -35.319229 -13.807609 2.193421 -1.557063 -15.579628 1e-06 -0.0 1e-06 168.807236 -82.665298 168.311539 1.79047 55.508396 14.917056 27.031219 36.519543 -13.350358 -1.514731 0.696974 -13.610601 -0.0 -0.0 -1e-06 
0.0 0.0 0.0 0.0 -0.0 0.0 44.939072 12.151731 710.264587 4.851647 -0.950148 91.267311 -1.583915 -1.216863 0.78638 -0.447449 -0.071606 -4.116418 -2.964888 -1.803779 6.615753 0.983742 2.610285 -21.575577 -0.702869 -1.227897 -3.609596 0.312009 -1.535218 -47.458115 7.7e-05 -2.2e-05 5e-06 -0.0138 0.205203 -0.072687 0.532817 -3.443594 -10.123253 -0.552351 3.850822 -10.111621 6.284285 -15.342961 7.308196 6.283906 17.58029 -82.431076 172.522964 -61.457088 -174.528625 18.968342 5.428692 0.981241 -5.882109 9.861292 0.70259 -10.936877 -0.360575 7.156207 1e-06 8.77483 -1e-06 -16.20015 17.743725 5.570897 -1.844034 2.498505 -2.507279 -10.163604 4.678946 4.621109 -20.976034 -4e-06 -0.0 -21.226299 2.451696 -3.594003 0.0 -7e-06 -0.0 -1.362682 2.240798 -0.746324 -21.334925 0.584907 3.008322 -13.82122 -3e-06 0.0 -23.88718 -0.249081 -0.839485 -60.573498 1.987636 -1.230025 -0.294025 1.679688 0.833256 -14.218215 0.093215 1.300579 -34.212067 -0.287568 0.967168 -20.033226 0.964533 1.212843 -0.0 1e-06 -0.0 -3.44039 0.788234 0.501656 -15.928192 -3.167311 2.999707 -6.338829 -1e-06 1e-06 -18.123457 3.648185 -4.905673 -5e-06 -1e-06 -2e-06 -13.392233 15.495546 6.12893 6.689874 -17.849165 -89.708023 -177.334503 49.203316 -177.330872 -16.235926 -45.904133 1.554303 2.243544 -5.255043 -3.18016 14.282909 -0.826596 6.952509 -3e-06 -12.690618 -1e-06 15.946661 -18.064257 2.795131 1.665668 -1.955923 -2.878301 4.727805 -4.170592 4.993927 11.02054 3e-06 -1e-06 12.109068 -3.735719 -2.866787 0.0 0.0 -0.0 1.291987 -1.928551 -1.498091 14.800146 0.567469 3.865611 14.242589 -1.341738 -6.660663 19.63199 0.143925 -0.648245 51.046764 -0.714596 -6.726048 0.353029 -1.511152 -0.03194 20.222816 3.684313 2.316633 18.787296 4e-06 -0.0 10.751642 -0.479869 1.397907 -1e-06 -0.0 0.0 3.27381 0.305947 -0.580111 21.486841 11.830387 2.266137 8.162937 1e-06 -1e-06 18.399107 -3.798989 -4.940581 2e-06 -0.0 -1e-06 -12.362855 78.99012 -28.028715 -4.034165 -50.108913 22.180574 -29.057566 -35.170448 -13.674102 2.187387 -1.561065 -15.593269 1e-06 -0.0 1e-06 169.645966 -83.067345 167.642975 1.747782 55.100361 14.377157 27.677685 36.372055 -12.687455 -1.514951 0.693123 -13.892855 0.0 -0.0 -1e-06 
0.0 0.0 0.0 0.0 -0.0 0.0 44.969013 12.169222 710.286194 4.676591 -0.953429 91.349365 -1.601902 -1.233497 0.841894 -0.452119 -0.038935 -4.084623 -2.983236 -1.734212 6.551273 1.071062 2.555703 -21.617867 -0.69302 -1.067532 -3.622432 0.374822 -1.408608 -47.753796 7.7e-05 -2.2e-05 5e-06 -0.007119 0.191262 -0.073756 0.539658 -3.46153 -10.144649 -0.545829 3.840816 -10.123539 6.267977 -15.449417 7.35274 6.817334 17.775478 -82.697968 172.336594 -61.986305 -174.515244 18.454605 5.502254 0.891953 -5.882113 9.861295 0.702589 -10.936882 -0.360577 7.15621 0.0 8.774833 -2e-06 -16.30925 17.750469 5.518301 -1.844035 2.498507 -2.50728 -10.163612 4.678946 4.621111 -20.976049 -3e-06 1e-06 -21.226309 2.451698 -3.594003 1e-06 -7e-06 1e-06 -1.362683 2.240801 -0.746324 -21.334936 0.58491 3.008323 -13.821229 -3e-06 1e-06 -23.887201 -0.24908 -0.839484 -60.586994 1.957742 -1.266476 -0.294025 1.679689 0.833256 -14.218224 0.093213 1.30058 -34.21209 -0.287568 0.96717 -20.033237 0.964535 1.212844 -0.0 1e-06 1e-06 -3.440392 0.788234 0.501655 -15.928203 -3.167313 2.999708 -6.338833 -1e-06 0.0 -18.123468 3.648184 -4.905677 -5e-06 -1e-06 -2e-06 -13.291513 15.661754 6.147888 6.137789 -18.049297 -90.279175 -177.633209 50.134438 -177.486969 -16.332386 -45.60968 1.172289 2.243542 -5.255038 -3.180159 14.282896 -0.826595 6.952504 -2e-06 -12.690607 0.0 15.972845 -18.058487 2.809831 1.665666 -1.955922 -2.8783 4.727799 -4.170588 4.993925 11.020529 3e-06 -1e-06 12.109056 -3.735717 -2.866785 0.0 0.0 -0.0 1.291986 -1.92855 -1.49809 14.800132 0.567469 3.865608 14.242576 -1.341736 -6.660659 19.631973 0.143925 -0.648244 51.081318 -0.698825 -6.705494 0.353029 -1.511151 -0.03194 20.222797 3.684311 2.316631 18.787279 4e-06 -0.0 10.751633 -0.479869 1.397906 -1e-06 -0.0 0.0 3.273808 0.305947 -0.580111 21.486818 11.830377 2.266134 8.16293 1e-06 0.0 18.399088 -3.798984 -4.940577 2e-06 0.0 -1e-06 -13.098865 79.188713 -28.684931 -3.951552 -50.243671 22.02907 -28.904722 -35.104637 -13.755903 2.179807 -1.559725 -15.653952 0.0 0.0 2e-06 169.386093 -83.597702 167.942154 1.757553 54.604328 14.279621 28.128477 36.358284 -12.273004 -1.511372 0.686075 -14.233253 -0.0 0.0 -1e-06 
0.0 0.0 0.0 0.0 -0.0 0.0 44.989269 12.205128 710.249878 4.482514 -0.950054 91.408463 -1.603499 -1.248642 0.911009 -0.463143 0.013016 -4.052341 -2.980546 -1.658761 6.5133 1.097328 2.529402 -21.700905 -0.673022 -1.000696 -3.637294 0.462427 -1.332209 -48.073502 7.7e-05 -2.2e-05 6e-06 -0.002191 0.182393 -0.070925 0.54445 -3.474328 -10.166073 -0.540875 3.835791 -10.138391 6.249787 -15.518415 7.433703 7.267277 17.914963 -83.078232 172.33168 -62.465107 -174.612839 18.007072 5.633945 0.863431 -5.882111 9.861292 0.702588 -10.93688 -0.360575 7.156208 0.0 8.77483 -1e-06 -16.394121 17.732134 5.463775 -1.844034 2.498507 -2.507281 -10.163608 4.678946 4.621109 -20.976042 -5e-06 -3e-06 -21.226301 2.451695 -3.594004 1e-06 -7e-06 -0.0 -1.362683 2.2408 -0.746324 -21.33493 0.58491 3.008321 -13.821224 -2e-06 -0.0 -23.88719 -0.249082 -0.839486 -60.56958 1.908505 -1.277328 -0.294025 1.679689 0.833256 -14.218221 0.093216 1.300578 -34.212082 -0.287571 0.967164 -20.03323 0.964533 1.212842 1e-06 0.0 -0.0 -3.440391 0.788233 0.501655 -15.928201 -3.167312 2.999706 -6.338832 -0.0 -0.0 -18.123463 3.648183 -4.905676 -5e-06 -1e-06 -2e-06 -13.190962 15.820337 6.182025 5.623184 -18.262796 -90.841026 -178.101913 51.00832 -177.750793 -16.462782 -45.298153 0.736102 2.243543 -5.255038 -3.180159 14.282898 -0.826594 6.952504 -1e-06 -12.690609 -1e-06 15.970162 -18.052347 2.811912 1.665667 -1.955923 -2.878299 4.727801 -4.170589 4.993925 11.020534 3e-06 -2e-06 12.10906 -3.735717 -2.866786 0.0 0.0 -0.0 1.291986 -1.928551 -1.49809 14.800136 0.567469 3.865607 14.24258 -1.341737 -6.66066 19.631975 0.143926 -0.648245 51.05838 -0.695369 -6.713415 0.353029 -1.511152 -0.03194 20.222803 3.684311 2.31663 18.787287 5e-06 -2e-06 10.751636 -0.479867 1.397906 -1e-06 -0.0 0.0 3.273809 0.305947 -0.580111 21.486826 11.830379 2.266133 8.16293 1e-06 -1e-06 18.399094 -3.798985 -4.940579 2e-06 0.0 -1e-06 -14.375835 79.376991 -29.993578 -3.869819 -50.422058 22.231611 -28.610342 -35.144382 -14.113858 2.167812 -1.556249 -15.834447 0.0 0.0 2e-06 167.345901 -84.248749 169.765411 1.782372 54.025848 14.700101 28.467749 36.46048 -12.085724 -1.504554 0.680941 -14.626353 0.0 0.0 -1e-06 
0.0 0.0 0.0 0.0 -0.0 0.0 44.995533 12.240864 710.126038 4.306464 -0.931759 91.441742 -1.595327 -1.264667 0.989995 -0.486366 0.065725 -4.020848 -2.92855 -1.587122 6.496391 1.084292 2.529346 -21.81076 -0.64547 -1.024359 -3.652962 0.557239 -1.275108 -48.417267 7.7e-05 -2.2e-05 6e-06 0.002938 0.172433 -0.067565 0.550435 -3.485653 -10.179776 -0.53688 3.827508 -10.149296 6.25626 -15.547688 7.511559 7.587686 17.986834 -83.498779 172.462662 -62.855274 -174.707535 17.616167 5.838086 0.956867 -5.882108 9.861286 0.702589 -10.936873 -0.360572 7.156206 -0.0 8.774826 -1e-06 -16.432627 17.69289 5.44111 -1.844033 2.498506 -2.507278 -10.163601 4.678946 4.621109 -20.976027 -3e-06 0.0 -21.226288 2.451696 -3.594002 1e-06 -7e-06 1e-06 -1.362682 2.240798 -0.746323 -21.334917 0.58491 3.008323 -13.821217 -2e-06 1e-06 -23.887177 -0.249079 -0.839484 -60.563938 1.86727 -1.255593 -0.294025 1.679688 0.833256 -14.218211 0.093217 1.30058 -34.212048 -0.287564 0.967168 -20.033215 0.964537 1.212843 1e-06 1e-06 -0.0 -3.440389 0.788234 0.501655 -15.928189 -3.167308 2.999707 -6.338827 -1e-06 1e-06 -18.123453 3.648183 -4.905672 -4e-06 -2e-06 -2e-06 -13.094022 15.951762 6.225773 5.125991 -18.471739 -91.294128 -178.624146 51.83078 -177.97757 -16.489408 -44.983398 0.204414 2.243543 -5.255036 -3.180158 14.282896 -0.826596 6.952503 -2e-06 -12.690601 1e-06 15.925858 -18.028803 2.799343 1.665667 -1.955921 -2.878299 4.727801 -4.170588 4.993925 11.020528 2e-06 -1e-06 12.109056 -3.735716 -2.866784 0.0 0.0 -0.0 1.291986 -1.928549 -1.49809 14.800132 0.567466 3.865608 14.242578 -1.341737 -6.660659 19.631973 0.143924 -0.648246 50.978569 -0.69177 -6.732279 0.353029 -1.51115 -0.03194 20.222797 3.684307 2.316631 18.787279 3e-06 -1e-06 10.751632 -0.47987 1.397906 -1e-06 0.0 -0.0 3.273808 0.305947 -0.580111 21.48682 11.830371 2.266133 8.16293 -0.0 -1e-06 18.399088 -3.798985 -4.940577 3e-06 -0.0 -1e-06 -16.425114 79.471291 -32.264915 -3.838396 -50.630615 23.011097 -28.113968 -35.304329 -14.821958 2.153525 -1.552217 -16.136009 0.0 0.0 2e-06 162.421783 -84.893623 174.317795 1.82295 53.454937 15.82496 28.485218 36.769207 -12.36972 -1.496578 0.678712 -15.067751 0.0 -0.0 -1e-06 
0.0 0.0 0.0 0.0 -0.0 0.0 44.985619 12.290931 709.928345 4.159846 -0.90763 91.44957 -1.581013 -1.276192 1.065631 -0.520052 0.115828 -3.99724 -2.84337 -1.519006 6.497078 1.042257 2.534222 -21.897289 -0.58999 -1.104415 -3.66885 0.661835 -1.214544 -48.733772 7.7e-05 -2.3e-05 6e-06 0.005865 0.164737 -0.065484 0.55495 -3.492654 -10.188625 -0.535865 3.819814 -10.158366 6.281338 -15.521424 7.56169 7.828504 17.93198 -83.813881 172.590958 -63.163849 -174.717606 17.289324 6.060533 1.225829 -5.882113 9.861292 0.702589 -10.936883 -0.360576 7.15621 1e-06 8.774831 -2e-06 -16.44272 17.66857 5.448339 -1.844035 2.498508 -2.50728 -10.163611 4.678947 4.62111 -20.976049 -5e-06 0.0 -21.226309 2.451698 -3.594004 0.0 -6e-06 1e-06 -1.362683 2.240801 -0.746324 -21.334938 0.584907 3.008324 -13.821229 -4e-06 1e-06 -23.887196 -0.249083 -0.839485 -60.601173 1.858818 -1.241784 -0.294025 1.67969 0.833257 -14.218224 0.093212 1.30058 -34.212086 -0.287567 0.967168 -20.033236 0.964534 1.212843 -0.0 1e-06 -0.0 -3.440392 0.788236 0.501655 -15.928203 -3.167313 2.999709 -6.338833 -3e-06 0.0 -18.123466 3.648184 -4.905674 -5e-06 0.0 -2e-06 -13.00132 16.054636 6.294745 4.663959 -18.650503 -91.633453 -179.130219 52.576797 -178.135681 -16.387442 -44.666805 -0.368486 2.243543 -5.25504 -3.180159 14.2829 -0.826596 6.952507 -2e-06 -12.690611 -0.0 15.845291 -17.98554 2.791605 1.665667 -1.955923 -2.8783 4.727803 -4.17059 4.993926 11.020535 2e-06 -1e-06 12.10906 -3.735719 -2.866785 0.0 0.0 -0.0 1.291987 -1.928551 -1.49809 14.800139 0.567468 3.865609 14.242582 -1.341739 -6.660661 19.631979 0.143926 -0.648246 50.878517 -0.692817 -6.753266 0.353029 -1.511151 -0.03194 20.222805 3.684312 2.316631 18.787287 3e-06 -1e-06 10.751637 -0.479869 1.397906 -1e-06 0.0 -0.0 3.273809 0.305947 -0.580111 21.486828 11.83038 2.266134 8.162933 1e-06 -1e-06 18.399097 -3.798988 -4.940579 1e-06 -0.0 -1e-06 -18.883722 79.430832 -35.084797 -3.828106 -50.817802 24.208618 -27.494282 -35.561237 -15.780788 2.137322 -1.545621 -16.494648 0.0 0.0 0.0 154.553619 -85.412216 -178.340393 1.890723 52.972488 17.455984 28.357693 37.201317 -12.953099 -1.492976 0.679197 -15.533404 -0.0 -0.0 -1e-06 
0.0 0.0 0.0 0.0 -0.0 0.0 44.968163 12.337561 709.727112 4.057045 -0.884961 91.437592 -1.560391 -1.281302 1.126638 -0.554469 0.159079 -3.989356 -2.759795 -1.455708 6.518066 0.998543 2.544804 -21.942329 -0.522933 -1.206415 -3.679901 0.758792 -1.155847 -49.010784 7.7e-05 -2.3e-05 6e-06 0.005655 0.161643 -0.06568 0.555616 -3.494918 -10.195902 -0.537 3.816161 -10.167313 6.340126 -15.44503 7.568529 8.010819 17.717196 -83.994057 172.664978 -63.398758 -174.655487 17.003559 6.272839 1.678288 -5.88211 9.861294 0.70259 -10.936878 -0.360576 7.156209 -0.0 8.774831 -1e-06 -16.443989 17.650316 5.452063 -1.844034 2.498508 -2.507279 -10.163606 4.678947 4.62111 -20.976038 -4e-06 -1e-06 -21.226303 2.451697 -3.594005 1e-06 -7e-06 -0.0 -1.362683 2.2408 -0.746324 -21.334929 0.584909 3.008324 -13.821222 -2e-06 1e-06 -23.887188 -0.24908 -0.839487 -60.644695 1.875244 -1.250601 -0.294025 1.679691 0.833256 -14.218217 0.093214 1.30058 -34.212074 -0.287565 0.967169 -20.033226 0.964535 1.212845 1e-06 0.0 1e-06 -3.44039 0.788235 0.501655 -15.928196 -3.167311 2.999708 -6.33883 -2e-06 1e-06 -18.123459 3.648183 -4.905677 -5e-06 0.0 -2e-06 -12.908777 16.123806 6.380342 4.258728 -18.773355 -91.837318 -179.573318 53.213528 -178.257599 -16.289284 -44.374584 -0.774449 2.243544 -5.25504 -3.18016 14.282906 -0.826595 6.952507 -2e-06 -12.690612 -1e-06 15.75199 -17.93951 2.808198 1.665668 -1.955923 -2.8783 4.727804 -4.17059 4.993926 11.020539 3e-06 -1e-06 12.109068 -3.735718 -2.866786 0.0 0.0 0.0 1.291987 -1.928551 -1.49809 14.800144 0.567469 3.865609 14.242587 -1.341737 -6.660662 19.631987 0.143925 -0.648246 50.799019 -0.70001 -6.774912 0.353029 -1.511152 -0.031939 20.222815 3.684313 2.316631 18.787294 5e-06 -2e-06 10.751641 -0.479868 1.397906 -1e-06 0.0 0.0 3.27381 0.305947 -0.580111 21.486837 11.830383 2.266135 8.162936 2e-06 -2e-06 18.399103 -3.798985 -4.940581 2e-06 -0.0 -1e-06 -20.952627 79.328789 -37.515377 -3.841578 -50.953621 25.37899 -26.918798 -35.815796 -16.680429 2.125597 -1.533803 -16.869865 0.0 -0.0 -0.0 146.394592 -85.757339 -170.678085 1.967246 52.565315 18.992071 28.300676 37.604778 -13.463699 -1.489774 0.678953 -15.963069 -0.0 0.0 -1e-06 
0.0 0.0 0.0 0.0 -0.0 0.0 44.951527 12.356937 709.532043 3.979746 -0.860725 91.423035 -1.527579 -1.282165 1.163337 -0.58722 0.197982 -3.986114 -2.687763 -1.396887 6.542142 0.939458 2.555601 -21.946053 -0.461227 -1.317722 -3.686208 0.855892 -1.114158 -49.286724 7.7e-05 -2.3e-05 6e-06 0.002966 0.163804 -0.066924 0.551678 -3.492487 -10.197836 -0.538304 3.818173 -10.173335 6.446368 -15.346024 7.535861 8.106194 17.424402 -84.172951 172.83992 -63.556641 -174.735931 16.748386 6.471439 2.278455 -5.882105 9.861283 0.70259 -10.936871 -0.360574 7.156204 -0.0 8.774822 0.0 -16.437746 17.631306 5.434665 -1.844033 2.498503 -2.507278 -10.163597 4.678945 4.621108 -20.976021 -1e-06 -2e-06 -21.226286 2.451696 -3.594002 1e-06 -7e-06 1e-06 -1.362681 2.240798 -0.746324 -21.334911 0.584909 3.00832 -13.821213 -2e-06 -0.0 -23.887167 -0.249081 -0.839486 -60.64072 1.896927 -1.285478 -0.294025 1.679686 0.833256 -14.218206 0.093215 1.300578 -34.212044 -0.287566 0.967166 -20.033207 0.964535 1.212842 1e-06 0.0 -1e-06 -3.440388 0.788232 0.501655 -15.928185 -3.167307 2.999706 -6.338826 -1e-06 0.0 -18.123449 3.648182 -4.905672 -5e-06 -2e-06 -1e-06 -12.836418 16.157581 6.444774 3.933834 -18.838438 -91.93721 -179.927322 53.749935 -178.359421 -16.155191 -44.080021 -1.069017 2.243542 -5.255036 -3.180157 14.282894 -0.826595 6.952503 -2e-06 -12.690601 1e-06 15.676797 -17.906578 2.8218 1.665666 -1.955921 -2.878299 4.7278 -4.170586 4.993923 11.020524 3e-06 -1e-06 12.109053 -3.735715 -2.866783 0.0 0.0 -0.0 1.291986 -1.92855 -1.498089 14.800131 0.567467 3.865607 14.242573 -1.341736 -6.660657 19.631969 0.143925 -0.648245 50.737682 -0.705391 -6.803874 0.353029 -1.51115 -0.031939 20.222794 3.684308 2.31663 18.787273 3e-06 -1e-06 10.751633 -0.479869 1.397905 -1e-06 -0.0 -0.0 3.273807 0.305946 -0.58011 21.486816 11.830371 2.266132 8.162928 2e-06 -1e-06 18.39908 -3.798985 -4.940576 1e-06 0.0 -1e-06 -22.665258 79.182182 -39.580238 -3.870343 -51.024544 26.483269 -26.424345 -36.051411 -17.454906 2.117733 -1.51973 -17.204901 1e-06 -0.0 -0.0 138.229492 -85.987312 -162.964844 2.040756 52.188236 20.382446 28.244226 37.954109 -13.891231 -1.484726 0.677245 -16.235924 0.0 0.0 -1e-06 
0.0 0.0 0.0 0.0 -0.0 0.0 44.932789 12.337864 709.4021 3.925907 -0.845336 91.408424 -1.49679 -1.279342 1.17662 -0.608546 0.232105 -3.988273 -2.640594 -1.336918 6.575739 0.8662 2.557362 -21.93548 -0.412831 -1.425666 -3.69185 0.989192 -1.103025 -49.587555 7.7e-05 -2.3e-05 6e-06 -0.001292 0.171704 -0.066902 0.544585 -3.487782 -10.195503 -0.53929 3.828796 -10.176387 6.601825 -15.219455 7.488694 8.109331 17.071993 -84.394981 173.093079 -63.644508 -174.906204 16.528534 6.656608 2.981119 -5.882108 9.861287 0.702589 -10.936873 -0.360575 7.156207 0.0 8.774828 -1e-06 -16.4375 17.629719 5.415117 -1.844033 2.498504 -2.507278 -10.163603 4.678943 4.621109 -20.97603 -1e-06 1e-06 -21.226292 2.451697 -3.594001 1e-06 -6e-06 -0.0 -1.362682 2.2408 -0.746324 -21.334919 0.584907 3.008322 -13.821217 -2e-06 1e-06 -23.887178 -0.24908 -0.839484 -60.631466 1.936749 -1.341711 -0.294025 1.679689 0.833256 -14.218215 0.093215 1.30058 -34.212063 -0.287566 0.967168 -20.033222 0.964534 1.212845 1e-06 0.0 0.0 -3.440389 0.788233 0.501655 -15.928189 -3.16731 2.999708 -6.338828 -1e-06 0.0 -18.123451 3.648182 -4.905673 -5e-06 -2e-06 -2e-06 -12.760758 16.149647 6.498507 3.677727 -18.866407 -92.014381 179.798462 54.230347 -178.487411 -16.068781 -43.738079 -1.250499 2.243542 -5.255037 -3.180158 14.282892 -0.826594 6.952504 -3e-06 -12.690605 1e-06 15.635813 -17.889318 2.830792 1.665666 -1.955921 -2.878299 4.727798 -4.170588 4.993925 11.020528 3e-06 -2e-06 12.109055 -3.735716 -2.866786 0.0 0.0 -0.0 1.291986 -1.928549 -1.49809 14.800129 0.567468 3.865607 14.242571 -1.341735 -6.660661 19.631968 0.143927 -0.648246 50.712849 -0.715168 -6.838035 0.353029 -1.511151 -0.03194 20.222794 3.68431 2.316629 18.787273 5e-06 -1e-06 10.751631 -0.479868 1.397906 -1e-06 0.0 0.0 3.273807 0.305947 -0.580112 21.486813 11.830376 2.266132 8.162928 2e-06 -1e-06 18.399076 -3.798983 -4.940574 2e-06 -0.0 -1e-06 -23.506926 79.081482 -40.656044 -3.894979 -51.023304 27.17798 -26.137552 -36.216721 -17.917206 2.113062 -1.50481 -17.480665 0.0 -1e-06 -0.0 132.521057 -86.124039 -157.542877 2.06981 51.901493 21.257473 28.336161 38.169491 -14.048402 -1.477928 0.669002 -16.402218 0.0 0.0 -1e-06 
0.0 0.0 0.0 0.0 -0.0 0.0 44.90308 12.282087 709.320007 3.91223 -0.848418 91.38504 -1.468427 -1.274332 1.183575 -0.61696 0.258779 -3.992859 -2.627589 -1.277152 6.621284 0.801644 2.534456 -21.896507 -0.380704 -1.508904 -3.698202 1.15616 -1.12725 -49.893738 7.7e-05 -2.2e-05 7e-06 -0.001887 0.169249 -0.064286 0.54091 -3.494036 -10.188743 -0.536295 3.829698 -10.173286 6.796135 -15.076958 7.413856 8.076486 16.657015 -84.627831 173.339157 -63.703659 -175.115143 16.345192 6.804734 3.705568 -5.88211 9.861289 0.70259 -10.936877 -0.360576 7.156209 1e-06 8.77483 -1e-06 -16.432898 17.635199 5.387754 -1.844034 2.498505 -2.507279 -10.163606 4.678946 4.621111 -20.976036 -4e-06 1e-06 -21.226301 2.451696 -3.594002 0.0 -6e-06 -0.0 -1.362682 2.2408 -0.746324 -21.334929 0.58491 3.008324 -13.821223 -4e-06 1e-06 -23.887184 -0.249081 -0.839484 -60.604134 1.982898 -1.405335 -0.294025 1.67969 0.833256 -14.218219 0.093215 1.300581 -34.212074 -0.287566 0.96717 -20.033226 0.964538 1.212843 1e-06 -0.0 0.0 -3.440391 0.788232 0.501656 -15.928198 -3.167311 2.999709 -6.33883 -2e-06 1e-06 -18.123459 3.648181 -4.905673 -5e-06 -2e-06 -2e-06 -12.662758 16.090691 6.544489 3.456482 -18.885897 -92.076561 179.644455 54.671986 -178.599762 -16.061243 -43.352158 -1.299124 2.243542 -5.255038 -3.180158 14.282896 -0.826595 6.952503 -2e-06 -12.690607 -0.0 15.631855 -17.888086 2.852357 1.665666 -1.955922 -2.878299 4.7278 -4.170588 4.993924 11.020528 3e-06 -1e-06 12.109055 -3.735717 -2.866783 0.0 0.0 -0.0 1.291986 -1.92855 -1.498088 14.800132 0.567468 3.865608 14.242576 -1.341738 -6.660658 19.631973 0.143925 -0.648245 50.737339 -0.737502 -6.851597 0.353029 -1.511151 -0.03194 20.222797 3.684311 2.316631 18.787279 3e-06 -1e-06 10.751633 -0.479869 1.397905 0.0 0.0 0.0 3.273808 0.305947 -0.580111 21.48682 11.830379 2.266134 8.16293 -0.0 -1e-06 18.399088 -3.798986 -4.940578 2e-06 0.0 -1e-06 -23.519997 78.97879 -40.81831 -3.9138 -50.900299 27.567215 -26.016476 -36.355701 -18.115921 2.105951 -1.493679 -17.628826 0.0 -0.0 -0.0 129.067596 -86.191063 -154.279724 2.09635 51.725639 21.831154 28.517452 38.251919 -14.028028 -1.474922 0.658997 -16.471853 0.0 -0.0 -1e-06 
0.0 0.0 0.0 0.0 -0.0 0.0 44.86718 12.181538 709.263977 3.944527 -0.85848 91.357323 -1.44446 -1.271827 1.180658 -0.613985 0.27098 -3.992251 -2.626483 -1.21541 6.683401 0.76171 2.477252 -21.839334 -0.363337 -1.568094 -3.710549 1.299396 -1.171984 -50.180191 7.7e-05 -2.2e-05 7e-06 0.002112 0.154417 -0.060837 0.542644 -3.51433 -10.182146 -0.529404 3.819421 -10.169235 7.024549 -14.926122 7.327565 8.035093 16.202677 -84.851311 173.447845 -63.748108 -175.232498 16.223034 6.956108 4.442739 -5.882107 9.861287 0.702588 -10.936873 -0.360576 7.156203 1e-06 8.774826 -1e-06 -16.411905 17.643293 5.35514 -1.844033 2.498504 -2.507278 -10.163602 4.678945 4.621105 -20.97603 -4e-06 -3e-06 -21.226292 2.451695 -3.594004 1e-06 -6e-06 1e-06 -1.362682 2.240798 -0.746324 -21.334917 0.584908 3.008317 -13.821217 -4e-06 -2e-06 -23.887178 -0.249085 -0.839487 -60.559216 1.99642 -1.463168 -0.294024 1.679691 0.833256 -14.218212 0.093213 1.300576 -34.212063 -0.287572 0.967163 -20.033218 0.964531 1.212841 1e-06 -0.0 1e-06 -3.440389 0.788235 0.501655 -15.928187 -3.16731 2.999702 -6.338827 -3e-06 -0.0 -18.123449 3.64818 -4.905674 -5e-06 -1e-06 -2e-06 -12.585387 15.996911 6.589952 3.316638 -18.941475 -92.242638 179.532776 55.067162 -178.697205 -16.030916 -42.976765 -1.41736 2.243541 -5.255037 -3.180157 14.282891 -0.826594 6.952501 -3e-06 -12.690606 0.0 15.656158 -17.912588 2.88378 1.665666 -1.955921 -2.878299 4.727798 -4.170587 4.993924 11.020526 3e-06 -1e-06 12.109052 -3.735715 -2.866784 0.0 0.0 -0.0 1.291986 -1.928549 -1.498089 14.800127 0.567468 3.865606 14.242571 -1.341736 -6.660656 19.631968 0.143927 -0.648245 50.797775 -0.770374 -6.86387 0.353029 -1.51115 -0.03194 20.222794 3.68431 2.31663 18.787271 5e-06 -1e-06 10.751628 -0.479867 1.397906 -1e-06 -0.0 0.0 3.273807 0.305948 -0.580111 21.486813 11.830376 2.266133 8.162926 1e-06 -0.0 18.399082 -3.798984 -4.940576 2e-06 -1e-06 -1e-06 -23.066561 78.8629 -40.487854 -3.942822 -50.669273 27.810558 -26.011946 -36.504051 -18.107191 2.10014 -1.488981 -17.650627 -0.0 -0.0 -0.0 127.686111 -86.217316 -153.034607 2.15922 51.625961 22.253784 28.724915 38.254433 -13.91763 -1.477716 0.65307 -16.403841 -0.0 0.0 -1e-06 
0.0 0.0 0.0 0.0 -0.0 0.0 44.834629 12.052326 709.218689 4.029209 -0.87107 91.320213 -1.426205 -1.280891 1.173094 -0.60577 0.281707 -3.980546 -2.616619 -1.160925 6.756856 0.758745 2.387804 -21.786573 -0.393631 -1.595966 -3.723239 1.438047 -1.22973 -50.440697 7.7e-05 -2.3e-05 6e-06 0.009122 0.130175 -0.056297 0.550929 -3.546403 -10.175769 -0.523483 3.803118 -10.164067 7.278561 -14.769519 7.229981 7.991305 15.735144 -84.990723 173.292587 -63.77412 -175.19693 16.184639 7.101647 5.301926 -5.882109 9.86129 0.702589 -10.936877 -0.360577 7.156207 1e-06 8.774826 -1e-06 -16.331841 17.655233 5.332433 -1.844034 2.498505 -2.507279 -10.163604 4.678946 4.621109 -20.976034 -4e-06 -0.0 -21.226297 2.451695 -3.594003 0.0 -7e-06 1e-06 -1.362682 2.240801 -0.746324 -21.334925 0.584908 3.008322 -13.821219 -3e-06 1e-06 -23.887184 -0.249082 -0.839485 -60.4561 1.969006 -1.498671 -0.294025 1.679688 0.833256 -14.218215 0.093215 1.300579 -34.212067 -0.287567 0.967168 -20.033222 0.964534 1.212843 1e-06 0.0 -1e-06 -3.44039 0.788233 0.501655 -15.928194 -3.167311 2.999706 -6.33883 -2e-06 0.0 -18.123453 3.648182 -4.905672 -5e-06 -1e-06 -2e-06 -12.531849 15.886424 6.60076 3.208135 -19.069538 -92.515015 179.402008 55.437206 -178.756042 -15.857278 -42.677292 -1.724098 2.243541 -5.255036 -3.180157 14.282891 -0.826593 6.952501 -3e-06 -12.690603 -0.0 15.657196 -17.962038 2.92469 1.665666 -1.955922 -2.878297 4.727799 -4.170587 4.993923 11.020528 3e-06 -1e-06 12.109052 -3.735715 -2.866784 0.0 -0.0 0.0 1.291986 -1.928549 -1.498088 14.800127 0.567468 3.865606 14.242569 -1.341736 -6.660656 19.631968 0.143926 -0.648243 50.872925 -0.817035 -6.901675 0.353029 -1.51115 -0.031941 20.222792 3.68431 2.316629 18.787271 6e-06 -0.0 10.751626 -0.479868 1.397906 -1e-06 -0.0 0.0 3.273807 0.305947 -0.580111 21.486813 11.830373 2.266132 8.162926 2e-06 -1e-06 18.39908 -3.798984 -4.940575 2e-06 -1e-06 -1e-06 -22.295736 78.705421 -39.83997 -3.976257 -50.327263 28.00111 -26.059721 -36.684952 -17.972303 2.098729 -1.492051 -17.663929 0.0 -0.0 -0.0 128.292068 -86.249443 -153.724854 2.202965 51.585556 22.525133 28.957287 38.251698 -13.826851 -1.48638 0.653148 -16.188101 -0.0 0.0 -1e-06 
0.0 0.0 0.0 0.0 -0.0 0.0 44.820015 11.933732 709.188904 4.171302 -0.87068 91.264008 -1.389717 -1.298025 1.167399 -0.591679 0.301447 -3.975304 -2.596719 -1.117852 6.838 0.742944 2.283608 -21.732071 -0.445469 -1.618217 -3.74071 1.624918 -1.32043 -50.652409 7.7e-05 -2.2e-05 6e-06 0.009567 0.124885 -0.048562 0.55731 -3.560232 -10.172353 -0.529114 3.807239 -10.161263 7.525705 -14.639618 7.134876 7.964145 15.286747 -84.948219 172.895386 -63.795803 -175.061371 16.204628 7.223481 6.25883 -5.882109 9.861292 0.702591 -10.936878 -0.360576 7.156209 1e-06 8.774831 -1e-06 -16.279673 17.695723 5.316013 -1.844033 2.498506 -2.507279 -10.163605 4.678945 4.621111 -20.976036 -4e-06 2e-06 -21.226299 2.451698 -3.594002 -0.0 -7e-06 1e-06 -1.362682 2.2408 -0.746324 -21.334927 0.58491 3.008325 -13.821221 -2e-06 2e-06 -23.887184 -0.24908 -0.839482 -60.416733 1.941537 -1.5029 -0.294025 1.679689 0.833256 -14.218217 0.093213 1.300581 -34.212067 -0.287566 0.967173 -20.033222 0.964536 1.212847 1e-06 -0.0 1e-06 -3.44039 0.788233 0.501656 -15.928196 -3.167312 2.999708 -6.33883 -2e-06 1e-06 -18.123459 3.648183 -4.905673 -5e-06 -0.0 -2e-06 -12.523755 15.807978 6.56403 3.132941 -19.312975 -92.812866 179.250107 55.776657 -178.684525 -15.385811 -42.482395 -2.300949 2.243543 -5.255041 -3.180159 14.282896 -0.826596 6.952506 -2e-06 -12.690612 0.0 15.638185 -18.024242 2.959002 1.665667 -1.955924 -2.8783 4.727801 -4.170591 4.993926 11.020531 2e-06 -2e-06 12.109059 -3.735719 -2.866787 0.0 -0.0 0.0 1.291986 -1.928551 -1.49809 14.800136 0.567468 3.865609 14.24258 -1.341738 -6.660663 19.631979 0.143926 -0.648246 50.961086 -0.89442 -6.976964 0.353029 -1.511151 -0.03194 20.222801 3.684311 2.316631 18.787283 3e-06 -2e-06 10.751636 -0.479869 1.397905 -1e-06 0.0 -0.0 3.273808 0.305947 -0.580111 21.486826 11.830382 2.266135 8.16293 -0.0 -1e-06 18.399092 -3.798986 -4.94058 2e-06 0.0 -1e-06 -21.312239 78.494873 -38.963459 -3.983448 -49.951527 28.123598 -26.140799 -36.8591 -17.777536 2.094282 -1.499355 -17.840042 0.0 -0.0 -0.0 131.257843 -86.311989 -156.69046 2.24866 51.633461 22.598003 29.188465 38.232998 -13.80435 -1.498023 0.652751 -16.059641 -0.0 -0.0 -1e-06 
0.0 0.0 0.0 0.0 -0.0 0.0 44.832848 11.837568 709.192688 4.345698 -0.814897 91.151283 -1.289497 -1.326781 1.150194 -0.593104 0.325934 -3.9788 -2.541595 -1.077569 6.959692 0.693328 2.172912 -21.689142 -0.552719 -1.650427 -3.771355 1.887679 -1.449633 -50.693092 7.7e-05 -2.3e-05 6e-06 0.004305 0.138821 -0.039335 0.561939 -3.552687 -10.170668 -0.544549 3.829011 -10.167231 7.71654 -14.505729 7.017971 7.981029 14.7614 -84.681923 172.326157 -63.809452 -174.894577 16.245293 7.315382 7.284708 -5.882106 9.861281 0.702589 -10.936875 -0.360577 7.156206 1e-06 8.774822 -1e-06 -16.415083 17.78302 5.268208 -1.844033 2.498503 -2.507278 -10.163602 4.678943 4.621108 -20.976027 -4e-06 2e-06 -21.226288 2.451696 -3.593999 1e-06 -7e-06 1e-06 -1.362682 2.240796 -0.746324 -21.334917 0.584908 3.008322 -13.821217 -4e-06 2e-06 -23.887175 -0.24908 -0.839483 -60.561935 1.949978 -1.556966 -0.294024 1.679687 0.833256 -14.218211 0.093214 1.30058 -34.212051 -0.287567 0.967171 -20.033216 0.964534 1.212845 1e-06 1e-06 0.0 -3.440389 0.788234 0.501655 -15.928191 -3.16731 2.999707 -6.338826 -2e-06 2e-06 -18.123449 3.64818 -4.905668 -5e-06 -0.0 -1e-06 -12.604656 15.793638 6.523128 3.146425 -19.610718 -92.991646 179.285309 56.051144 -178.407059 -14.854747 -42.317074 -2.860554 2.243541 -5.255038 -3.180157 14.282895 -0.826594 6.952505 -3e-06 -12.690609 0.0 15.630031 -18.070238 2.994612 1.665666 -1.955922 -2.878298 4.7278 -4.170588 4.993925 11.020529 3e-06 0.0 12.109054 -3.735718 -2.866783 0.0 -0.0 0.0 1.291985 -1.92855 -1.498089 14.800131 0.567469 3.865608 14.242571 -1.341737 -6.660656 19.631969 0.143926 -0.648242 51.088318 -1.006029 -7.032234 0.353029 -1.511151 -0.031939 20.222797 3.684311 2.316632 18.787273 4e-06 1e-06 10.751633 -0.479868 1.397906 -1e-06 -1e-06 -0.0 3.273808 0.305947 -0.58011 21.48682 11.83038 2.266135 8.16293 -0.0 -0.0 18.399088 -3.798987 -4.940575 2e-06 -1e-06 -1e-06 -20.028458 78.323662 -37.778828 -4.001581 -49.650345 28.143152 -26.194405 -36.971626 -17.566891 2.085003 -1.511266 -18.131933 0.0 -0.0 -0.0 136.694214 -86.454308 -161.989304 2.35152 51.691139 22.417967 29.416861 38.087624 -13.67353 -1.519283 0.649382 -16.410271 -0.0 0.0 -1e-06 
0.0 0.0 0.0 0.0 -0.0 0.0 44.876335 11.762172 709.241455 4.484959 -0.688533 90.990471 -1.114813 -1.336572 1.110279 -0.586984 0.348831 -3.969815 -2.4929 -1.022649 7.123986 0.718604 2.007198 -21.741348 -0.772341 -1.605736 -3.816603 2.115092 -1.57611 -50.471378 7.7e-05 -2.3e-05 7e-06 0.004987 0.139995 -0.038572 0.577835 -3.559641 -10.185642 -0.55948 3.839784 -10.196238 7.826234 -14.308248 6.778798 8.056683 14.129133 -84.155334 171.451797 -63.797226 -174.452499 16.310255 7.286039 8.223464 -5.882111 9.861292 0.702588 -10.936878 -0.360576 7.156206 1e-06 8.774831 -1e-06 -16.796926 17.851337 5.12096 -1.844034 2.498504 -2.507279 -10.163606 4.678946 4.621107 -20.97604 -5e-06 -4e-06 -21.226301 2.451694 -3.594005 1e-06 -7e-06 1e-06 -1.362683 2.240799 -0.746324 -21.334929 0.584908 3.00832 -13.821223 -3e-06 -1e-06 -23.887188 -0.249083 -0.839487 -60.781696 1.967828 -1.82704 -0.294025 1.679688 0.833256 -14.218219 0.093213 1.300577 -34.212078 -0.287572 0.967164 -20.033226 0.964531 1.212841 1e-06 0.0 0.0 -3.440391 0.788236 0.501655 -15.9282 -3.167311 2.999704 -6.338831 -1e-06 -1e-06 -18.123459 3.64818 -4.905676 -5e-06 -0.0 -2e-06 -12.799234 15.835979 6.42626 3.314321 -19.975864 -92.985283 179.613297 56.245689 -178.036118 -14.459608 -42.163944 -3.237514 2.243544 -5.255041 -3.180159 14.282904 -0.826595 6.952505 -2e-06 -12.690613 -0.0 15.617477 -18.07585 3.050524 1.665668 -1.955923 -2.8783 4.727804 -4.170591 4.993925 11.020538 3e-06 -1e-06 12.109064 -3.735719 -2.866786 0.0 -0.0 0.0 1.291987 -1.928551 -1.49809 14.800142 0.567468 3.865608 14.242585 -1.341738 -6.660661 19.631987 0.143925 -0.648246 51.19672 -1.133505 -6.995569 0.353029 -1.511152 -0.03194 20.222813 3.684312 2.316629 18.787292 5e-06 -2e-06 10.751639 -0.479869 1.397906 -1e-06 -0.0 -0.0 3.27381 0.305947 -0.580111 21.486834 11.830383 2.266133 8.162934 1e-06 -2e-06 18.399099 -3.798986 -4.940581 2e-06 0.0 -1e-06 -19.045248 78.460968 -36.849148 -4.061104 -49.744034 28.017506 -26.17675 -36.983543 -17.434565 2.075743 -1.523928 -18.14731 0.0 -0.0 -0.0 145.108002 -86.601082 -170.116776 2.552135 51.737129 21.957062 29.716177 37.836254 -13.280873 -1.538808 0.649724 -17.243979 0.0 0.0 -1e-06 
