HIERARCHY
ROOT Root
{
  OFFSET 0.0 0.0 0.0
  CHANNELS 6 Xposition Yposition Zposition Zrotation Yrotation Xrotation
  JOINT Hips
  {
    OFFSET 0.0 100.0 0.0
    CHANNELS 6 Xposition Yposition Zposition Zrotation Yrotation Xrotation
    JOINT Spine1
    {
      OFFSET -0.013727 5.003763 -0.053727
      CHANNELS 3 Zrotation Yrotation Xrotation
      JOINT Spine2
      {
        OFFSET -0.0 7.125301 -0.029825
        CHANNELS 3 Zrotation Yrotation Xrotation
        JOINT Chest
        {
          OFFSET -1e-06 7.550063 -0.815971
          CHANNELS 3 Zrotation Yrotation Xrotation
          JOINT Neck1
          {
            OFFSET -0.181677 26.311295 -0.553348
            CHANNELS 3 Zrotation Yrotation Xrotation
            JOINT Neck2
            {
              OFFSET -3e-06 7.709397 2.302585
              CHANNELS 3 Zrotation Yrotation Xrotation
              JOINT Head
              {
                OFFSET -5e-06 6.128916 1.953709
                CHANNELS 3 Zrotation Yrotation Xrotation
                JOINT HeadEnd
                {
                  OFFSET 0.003598 16.065403 -1.835379
                  CHANNELS 3 Zrotation Yrotation Xrotation
                }
                JOINT Jaw
                {
                  OFFSET 0.002637 0.475592 3.094941
                  CHANNELS 3 Zrotation Yrotation Xrotation
                }
                JOINT LeftEye
                {
                  OFFSET 3.206381 5.380205 7.586883
                  CHANNELS 3 Zrotation Yrotation Xrotation
                }
                JOINT RightEye
                {
                  OFFSET -3.22244 5.361869 7.558234
                  CHANNELS 3 Zrotation Yrotation Xrotation
                }
              }
            }
          }
          JOINT LeftShoulder
          {
            OFFSET 1.621652 23.237164 5.113413
            CHANNELS 3 Zrotation Yrotation Xrotation
            JOINT LeftArm
            {
              OFFSET 14.919846 2e-06 -5.502326
              CHANNELS 3 Zrotation Yrotation Xrotation
              JOINT LeftForeArm
              {
                OFFSET 28.739307 0.0 -0.002588
                CHANNELS 3 Zrotation Yrotation Xrotation
                JOINT LeftHand
                {
                  OFFSET 27.093981 -1e-06 0.002609
                  CHANNELS 3 Zrotation Yrotation Xrotation
                  JOINT LeftHandThumb1
                  {
                    OFFSET 2.276482 -1.392045 3.191413
                    CHANNELS 3 Zrotation Yrotation Xrotation
                    JOINT LeftHandThumb2
                    {
                      OFFSET 4.012836 -1.828127 1.641654
                      CHANNELS 3 Zrotation Yrotation Xrotation
                      JOINT LeftHandThumb3
                      {
                        OFFSET 2.798515 0.0 -3e-06
                        CHANNELS 3 Zrotation Yrotation Xrotation
                        JOINT LeftHandThumbEnd
                        {
                          OFFSET 3.180793 -4e-06 4e-06
                          CHANNELS 3 Zrotation Yrotation Xrotation
                        }
                      }
                    }
                  }
                  JOINT LeftHandIndex1
                  {
                    OFFSET 3.247555 -0.531998 2.296169
                    CHANNELS 3 Zrotation Yrotation Xrotation
                    JOINT LeftHandIndex2
                    {
                      OFFSET 6.364578 0.01206 0.1786
                      CHANNELS 3 Zrotation Yrotation Xrotation
                      JOINT LeftHandIndex3
                      {
                        OFFSET 3.662364 0.0 0.0
                        CHANNELS 3 Zrotation Yrotation Xrotation
                        JOINT LeftHandIndex4
                        {
                          OFFSET 2.329242 4e-06 4e-06
                          CHANNELS 3 Zrotation Yrotation Xrotation
                          JOINT LeftHandIndexEnd
                          {
                            OFFSET 2.759615 -0.180537 -0.113024
                            CHANNELS 3 Zrotation Yrotation Xrotation
                          }
                        }
                      }
                    }
                  }
                  JOINT LeftHandMiddle1
                  {
                    OFFSET 3.163495 0.240981 1.000332
                    CHANNELS 3 Zrotation Yrotation Xrotation
                    JOINT LeftHandMiddle2
                    {
                      OFFSET 6.19078 -0.259278 -1.002548
                      CHANNELS 3 Zrotation Yrotation Xrotation
                      JOINT LeftHandMiddle3
                      {
                        OFFSET 4.35652 -4e-06 -1e-06
                        CHANNELS 3 Zrotation Yrotation Xrotation
                        JOINT LeftHandMiddle4
                        {
                          OFFSET 2.996877 -8e-06 0.0
                          CHANNELS 3 Zrotation Yrotation Xrotation
                          JOINT LeftHandMiddleEnd
                          {
                            OFFSET 2.304287 -0.294569 -0.031741
                            CHANNELS 3 Zrotation Yrotation Xrotation
                          }
                        }
                      }
                    }
                  }
                  JOINT LeftHandRing1
                  {
                    OFFSET 2.882643 -0.053652 -0.322543
                    CHANNELS 3 Zrotation Yrotation Xrotation
                    JOINT LeftHandRing2
                    {
                      OFFSET 5.854541 -0.486202 -1.373841
                      CHANNELS 3 Zrotation Yrotation Xrotation
                      JOINT LeftHandRing3
                      {
                        OFFSET 4.350578 0.0 3e-06
                        CHANNELS 3 Zrotation Yrotation Xrotation
                        JOINT LeftHandRing4
                        {
                          OFFSET 2.651321 7e-06 2e-06
                          CHANNELS 3 Zrotation Yrotation Xrotation
                          JOINT LeftHandRingEnd
                          {
                            OFFSET 1.936105 0.077687 -7.1e-05
                            CHANNELS 3 Zrotation Yrotation Xrotation
                          }
                        }
                      }
                    }
                  }
                  JOINT LeftHandPinky1
                  {
                    OFFSET 2.8655 -0.310005 -1.600378
                    CHANNELS 3 Zrotation Yrotation Xrotation
                    JOINT LeftHandPinky2
                    {
                      OFFSET 5.087849 -1.331141 -1.77123
                      CHANNELS 3 Zrotation Yrotation Xrotation
                      JOINT LeftHandPinky3
                      {
                        OFFSET 3.070974 4e-06 0.0
                        CHANNELS 3 Zrotation Yrotation Xrotation
                        JOINT LeftHandPinky4
                        {
                          OFFSET 1.549672 0.0 1e-06
                          CHANNELS 3 Zrotation Yrotation Xrotation
                          JOINT LeftHandPinkyEnd
                          {
                            OFFSET 1.944893 -0.157802 0.057219
                            CHANNELS 3 Zrotation Yrotation Xrotation
                          }
                        }
                      }
                    }
                  }
                }
              }
            }
          }
          JOINT RightShoulder
          {
            OFFSET -1.380118 23.180309 5.214158
            CHANNELS 3 Zrotation Yrotation Xrotation
            JOINT RightArm
            {
              OFFSET -15.037196 1.2e-05 -5.545604
              CHANNELS 3 Zrotation Yrotation Xrotation
              JOINT RightForeArm
              {
                OFFSET -28.736639 2e-06 -0.002597
                CHANNELS 3 Zrotation Yrotation Xrotation
                JOINT RightHand
                {
                  OFFSET -27.133619 -0.0 0.002613
                  CHANNELS 3 Zrotation Yrotation Xrotation
                  JOINT RightHandThumb1
                  {
                    OFFSET -2.274032 -1.383988 3.163127
                    CHANNELS 3 Zrotation Yrotation Xrotation
                    JOINT RightHandThumb2
                    {
                      OFFSET -4.011429 -1.827466 1.640914
                      CHANNELS 3 Zrotation Yrotation Xrotation
                      JOINT RightHandThumb3
                      {
                        OFFSET -2.794935 -4e-06 -3e-06
                        CHANNELS 3 Zrotation Yrotation Xrotation
                        JOINT RightHandThumbEnd
                        {
                          OFFSET -3.183852 4e-06 1e-06
                          CHANNELS 3 Zrotation Yrotation Xrotation
                        }
                      }
                    }
                  }
                  JOINT RightHandIndex1
                  {
                    OFFSET -3.253266 -0.520057 2.282866
                    CHANNELS 3 Zrotation Yrotation Xrotation
                    JOINT RightHandIndex2
                    {
                      OFFSET -6.341917 0.012471 0.178266
                      CHANNELS 3 Zrotation Yrotation Xrotation
                      JOINT RightHandIndex3
                      {
                        OFFSET -3.654871 -8e-06 -0.0
                        CHANNELS 3 Zrotation Yrotation Xrotation
                        JOINT RightHandIndex4
                        {
                          OFFSET -2.327586 0.0 1e-06
                          CHANNELS 3 Zrotation Yrotation Xrotation
                          JOINT RightHandIndexEnd
                          {
                            OFFSET -2.76179 -0.180656 -0.113078
                            CHANNELS 3 Zrotation Yrotation Xrotation
                          }
                        }
                      }
                    }
                  }
                  JOINT RightHandMiddle1
                  {
                    OFFSET -3.168106 0.246593 1.00103
                    CHANNELS 3 Zrotation Yrotation Xrotation
                    JOINT RightHandMiddle2
                    {
                      OFFSET -6.180828 -0.258836 -1.000895
                      CHANNELS 3 Zrotation Yrotation Xrotation
                      JOINT RightHandMiddle3
                      {
                        OFFSET -4.348901 0.0 -0.0
                        CHANNELS 3 Zrotation Yrotation Xrotation
                        JOINT RightHandMiddle4
                        {
                          OFFSET -3.00024 -4e-06 -2e-06
                          CHANNELS 3 Zrotation Yrotation Xrotation
                          JOINT RightHandMiddleEnd
                          {
                            OFFSET -2.30252 -0.29437 -0.031706
                            CHANNELS 3 Zrotation Yrotation Xrotation
                          }
                        }
                      }
                    }
                  }
                  JOINT RightHandRing1
                  {
                    OFFSET -2.88569 -0.067952 -0.308858
                    CHANNELS 3 Zrotation Yrotation Xrotation
                    JOINT RightHandRing2
                    {
                      OFFSET -5.854198 -0.48613 -1.373731
                      CHANNELS 3 Zrotation Yrotation Xrotation
                      JOINT RightHandRing3
                      {
                        OFFSET -4.33881 -4e-06 -0.0
                        CHANNELS 3 Zrotation Yrotation Xrotation
                        JOINT RightHandRing4
                        {
                          OFFSET -2.654903 -4e-06 4e-06
                          CHANNELS 3 Zrotation Yrotation Xrotation
                          JOINT RightHandRingEnd
                          {
                            OFFSET -1.933568 0.077527 -5.2e-05
                            CHANNELS 3 Zrotation Yrotation Xrotation
                          }
                        }
                      }
                    }
                  }
                  JOINT RightHandPinky1
                  {
                    OFFSET -2.866425 -0.342796 -1.584145
                    CHANNELS 3 Zrotation Yrotation Xrotation
                    JOINT RightHandPinky2
                    {
                      OFFSET -5.091371 -1.332055 -1.772385
                      CHANNELS 3 Zrotation Yrotation Xrotation
                      JOINT RightHandPinky3
                      {
                        OFFSET -3.062664 -4e-06 1e-06
                        CHANNELS 3 Zrotation Yrotation Xrotation
                        JOINT RightHandPinky4
                        {
                          OFFSET -1.546529 4e-06 -2e-06
                          CHANNELS 3 Zrotation Yrotation Xrotation
                          JOINT RightHandPinkyEnd
                          {
                            OFFSET -1.945119 -0.157718 0.057211
                            CHANNELS 3 Zrotation Yrotation Xrotation
                          }
                        }
                      }
                    }
                  }
                }
              }
            }
          }
        }
      }
    }
    JOINT LeftLeg
    {
      OFFSET 10.043214 -8.434526 2.595655
      CHANNELS 3 Zrotation Yrotation Xrotation
      JOINT LeftShin
      {
        OFFSET -1e-06 -43.221752 -0.802913
        CHANNELS 3 Zrotation Yrotation Xrotation
        JOINT LeftFoot
        {
          OFFSET 1e-06 -42.155094 -3.481523
          CHANNELS 3 Zrotation Yrotation Xrotation
          JOINT LeftToeBase
          {
            OFFSET 0.0 -5.059472 13.231529
            CHANNELS 3 Zrotation Yrotation Xrotation
            JOINT LeftToeEnd
            {
              OFFSET -0.009607 -1.647619 6.513017
              CHANNELS 3 Zrotation Yrotation Xrotation
            }
          }
        }
      }
    }
    JOINT RightLeg
    {
      OFFSET -10.047278 -8.29526 2.620317
      CHANNELS 3 Zrotation Yrotation Xrotation
      JOINT RightShin
      {
        OFFSET 1e-06 -43.362206 -0.805556
        CHANNELS 3 Zrotation Yrotation Xrotation
        JOINT RightFoot
        {
          OFFSET 2e-06 -42.117393 -3.478398
          CHANNELS 3 Zrotation Yrotation Xrotation
          JOINT RightToeBase
          {
            OFFSET -0.0 -5.079609 13.284196
            CHANNELS 3 Zrotation Yrotation Xrotation
            JOINT RightToeEnd
            {
              OFFSET 0.009532 -1.634378 6.460591
              CHANNELS 3 Zrotation Yrotation Xrotation
            }
          }
        }
      }
    }
  }
}
MOTION
Frames: 266
Frame Time: 0.03333333333333333
0.0 0.0 0.0 0.0 -0.0 0.0 4.634051 98.571045 -2.739832 0.52753 -0.065982 -0.903119 -0.289689 0.14743 -1.666571 -0.571374 0.322909 -5.667197 -1.047859 -1.51211 10.444319 2.88485 1.661959 -0.604259 -0.322791 1.72907 -3.458221 0.517858 1.199709 -6.440076 7.7e-05 -2.2e-05 6e-06 0.006029 -0.014871 0.022176 0.726509 -3.741029 -10.53472 -0.715725 3.71565 -10.539144 -14.837773 -7.853849 13.342969 -54.128677 -7.765987 24.148096 -0.310126 -30.84234 -0.010013 3.251418 6.060535 -16.451454 -5.882102 9.861279 0.70259 -10.936858 -0.360574 7.156195 0.0 8.774814 0.0 -16.374523 17.8654 5.834991 -1.844031 2.498503 -2.507276 -10.163589 4.678941 4.621103 -20.975994 -0.0 1e-06 -21.226252 2.451699 -3.593994 0.0 -6e-06 -0.0 -1.36268 2.240796 -0.746323 -21.334888 0.58491 3.008318 -13.821193 -1e-06 1e-06 -23.887127 -0.249074 -0.839485 -60.087929 2.350982 -1.557571 -0.294025 1.679686 0.833255 -14.218191 0.093216 1.300578 -34.211994 -0.28756 0.967166 -20.033173 0.964536 1.212838 -0.0 0.0 0.0 -3.440386 0.788233 0.501655 -15.928168 -3.167305 2.999702 -6.338816 -0.0 0.0 -18.123415 3.64818 -4.905661 -4e-06 0.0 -2e-06 14.58534 9.855881 14.960835 55.237091 12.41599 31.067188 0.334535 30.343119 0.094985 -6.733577 -2.11933 -2.256587 2.24354 -5.255033 -3.180155 14.282875 -0.826595 6.952495 0.0 -12.690593 -1e-06 16.154844 -17.702919 2.659736 1.665665 -1.95592 -2.878296 4.727794 -4.170584 4.993918 11.020509 0.0 -0.0 12.109029 -3.735715 -2.866777 -0.0 0.0 -0.0 1.291984 -1.928548 -1.498088 14.800112 0.567466 3.865604 14.242552 -1.341739 -6.660646 19.631929 0.14392 -0.648243 50.075016 -0.800217 -6.322405 0.353029 -1.511149 -0.03194 20.222765 3.684304 2.316628 18.787243 0.0 -0.0 10.751607 -0.47987 1.397902 0.0 0.0 0.0 3.273804 0.305947 -0.58011 21.486788 11.830361 2.266131 8.162914 -0.0 -0.0 18.399046 -3.798986 -4.940566 3e-06 0.0 -1e-06 3.779466 1.186888 -3.304786 0.007012 -0.106675 17.316725 -4.572259 -2.243974 -13.0424 1.626411 -1.847848 -0.967843 0.0 -0.0 2e-06 -3.720714 -1.209911 -3.321474 -0.064477 0.188234 18.555069 4.472012 0.294784 -14.241996 -1.39854 1.156284 -0.803176 0.0 -0.0 -1e-06 
0.0 0.0 0.0 0.0 -0.0 0.0 4.563803 98.601379 -2.852633 0.524177 -0.021151 -0.958696 -0.278247 0.114262 -1.625391 -0.561792 0.396573 -5.644822 -1.06593 -1.549679 10.396753 2.872042 1.680524 -0.543933 -0.332234 1.657841 -3.437941 0.541584 1.257701 -6.482913 7.7e-05 -2.2e-05 6e-06 0.005621 0.00384 0.018925 0.728908 -3.71886 -10.521263 -0.718841 3.731138 -10.526904 -14.816354 -7.880548 13.356561 -54.12516 -7.79427 23.886461 -0.393743 -30.809355 -0.008813 3.23387 6.039169 -16.317869 -5.882102 9.861279 0.70259 -10.936858 -0.360574 7.156195 0.0 8.774814 0.0 -16.373514 17.825317 5.822551 -1.844031 2.498503 -2.507276 -10.163589 4.678941 4.621103 -20.975994 -0.0 1e-06 -21.226252 2.451699 -3.593994 0.0 -6e-06 -0.0 -1.36268 2.240796 -0.746323 -21.334888 0.58491 3.008318 -13.821193 -1e-06 1e-06 -23.887127 -0.249074 -0.839485 -60.11042 2.353669 -1.47696 -0.294025 1.679686 0.833255 -14.218191 0.093216 1.300578 -34.211994 -0.28756 0.967166 -20.033173 0.964536 1.212838 -0.0 0.0 0.0 -3.440386 0.788233 0.501655 -15.928168 -3.167305 2.999702 -6.338816 -0.0 0.0 -18.123415 3.64818 -4.905661 -4e-06 0.0 -2e-06 14.569173 9.823848 15.018494 55.272911 12.545608 30.959391 0.296988 30.169775 0.074386 -6.593052 -2.056053 -2.186322 2.24354 -5.255033 -3.180155 14.282875 -0.826595 6.952495 0.0 -12.690593 -1e-06 16.164413 -17.71393 2.678723 1.665665 -1.95592 -2.878296 4.727794 -4.170584 4.993918 11.020509 0.0 -0.0 12.109029 -3.735715 -2.866777 -0.0 0.0 -0.0 1.291984 -1.928548 -1.498088 14.800112 0.567466 3.865604 14.242552 -1.341739 -6.660646 19.631929 0.14392 -0.648243 50.215664 -0.833004 -6.296754 0.353029 -1.511149 -0.03194 20.222765 3.684304 2.316628 18.787243 0.0 -0.0 10.751607 -0.47987 1.397902 0.0 0.0 0.0 3.273804 0.305947 -0.58011 21.486788 11.830361 2.266131 8.162914 -0.0 -0.0 18.399046 -3.798986 -4.940566 3e-06 0.0 -1e-06 3.820905 1.114265 -3.247658 -0.006539 -0.155058 17.146923 -4.689887 -2.212727 -12.878844 1.630616 -1.868724 -1.00421 0.0 -0.0 2e-06 -3.653121 -1.180809 -3.274642 -0.067637 0.208509 18.439758 4.378403 0.169128 -14.125236 -1.403799 1.140758 -0.839288 0.0 -0.0 -1e-06 
0.0 0.0 0.0 0.0 -0.0 0.0 4.551758 98.603531 -2.912119 0.548633 -0.010303 -1.030016 -0.27704 0.093199 -1.596135 -0.559095 0.429025 -5.642524 -1.092037 -1.566846 10.420266 2.843692 1.732327 -0.483859 -0.341838 1.588207 -3.459261 0.563825 1.290975 -6.464797 7.7e-05 -2.2e-05 6e-06 0.005226 0.007201 0.014829 0.72876 -3.713304 -10.527463 -0.719516 3.732062 -10.531049 -14.793586 -7.894565 13.341543 -54.132153 -7.772851 23.700222 -0.432578 -30.848522 -0.016778 3.181145 6.112723 -16.525774 -5.882102 9.861279 0.70259 -10.936858 -0.360574 7.156195 0.0 8.774814 0.0 -16.392183 17.836447 5.814415 -1.844031 2.498503 -2.507276 -10.163589 4.678941 4.621103 -20.975994 -0.0 1e-06 -21.226252 2.451699 -3.593994 0.0 -6e-06 -0.0 -1.36268 2.240796 -0.746323 -21.334888 0.58491 3.008318 -13.821193 -1e-06 1e-06 -23.887127 -0.249074 -0.839485 -60.127445 2.383373 -1.488733 -0.294025 1.679686 0.833255 -14.218191 0.093216 1.300578 -34.211994 -0.28756 0.967166 -20.033173 0.964536 1.212838 -0.0 0.0 0.0 -3.440386 0.788233 0.501655 -15.928168 -3.167305 2.999702 -6.338816 -0.0 0.0 -18.123415 3.64818 -4.905661 -4e-06 0.0 -2e-06 14.553538 9.839479 15.069008 55.288536 12.648275 30.81197 0.29657 30.061319 0.070436 -6.52224 -2.045856 -2.079926 2.24354 -5.255033 -3.180155 14.282875 -0.826595 6.952495 0.0 -12.690593 -1e-06 16.157537 -17.68313 2.698609 1.665665 -1.95592 -2.878296 4.727794 -4.170584 4.993918 11.020509 0.0 -0.0 12.109029 -3.735715 -2.866777 -0.0 0.0 -0.0 1.291984 -1.928548 -1.498088 14.800112 0.567466 3.865604 14.242552 -1.341739 -6.660646 19.631929 0.14392 -0.648243 50.246014 -0.851235 -6.294645 0.353029 -1.511149 -0.03194 20.222765 3.684304 2.316628 18.787243 0.0 -0.0 10.751607 -0.47987 1.397902 0.0 0.0 0.0 3.273804 0.305947 -0.58011 21.486788 11.830361 2.266131 8.162914 -0.0 -0.0 18.399046 -3.798986 -4.940566 3e-06 0.0 -1e-06 3.790492 1.041044 -3.197853 -0.011045 -0.182938 17.11694 -4.715288 -2.175787 -12.834256 1.634555 -1.876629 -0.984222 0.0 -0.0 2e-06 -3.668375 -1.154367 -3.253593 -0.064485 0.213762 18.477715 4.362371 0.068517 -14.116838 -1.405262 1.132195 -0.815591 0.0 -0.0 -1e-06 
0.0 0.0 0.0 0.0 -0.0 0.0 4.484875 98.602158 -2.995468 0.577626 -0.022039 -1.108204 -0.27862 0.085441 -1.573259 -0.552702 0.44025 -5.647188 -1.121557 -1.56457 10.462601 2.78921 1.775175 -0.387244 -0.343278 1.568865 -3.490676 0.581841 1.293832 -6.44718 7.7e-05 -2.2e-05 6e-06 0.004781 0.006876 0.011371 0.728332 -3.712031 -10.538769 -0.72009 3.729788 -10.541597 -14.79982 -7.892805 13.330729 -54.127357 -7.752514 23.58626 -0.424046 -30.917507 -0.021868 3.141899 6.215841 -16.702959 -5.882102 9.861279 0.70259 -10.936858 -0.360574 7.156195 0.0 8.774814 0.0 -16.396116 17.823887 5.8088 -1.844031 2.498503 -2.507276 -10.163589 4.678941 4.621103 -20.975994 -0.0 1e-06 -21.226252 2.451699 -3.593994 0.0 -6e-06 -0.0 -1.36268 2.240796 -0.746323 -21.334888 0.58491 3.008318 -13.821193 -1e-06 1e-06 -23.887127 -0.249074 -0.839485 -60.134453 2.411107 -1.516152 -0.294025 1.679686 0.833255 -14.218191 0.093216 1.300578 -34.211994 -0.28756 0.967166 -20.033173 0.964536 1.212838 -0.0 0.0 0.0 -3.440386 0.788233 0.501655 -15.928168 -3.167305 2.999702 -6.338816 -0.0 0.0 -18.123415 3.64818 -4.905661 -4e-06 0.0 -2e-06 14.534378 9.869422 15.110665 55.300179 12.718494 30.737946 0.256893 30.022633 0.064242 -6.439548 -2.057111 -2.047124 2.24354 -5.255033 -3.180155 14.282875 -0.826595 6.952495 0.0 -12.690593 -1e-06 16.138674 -17.650425 2.711756 1.665665 -1.95592 -2.878296 4.727794 -4.170584 4.993918 11.020509 0.0 -0.0 12.109029 -3.735715 -2.866777 -0.0 0.0 -0.0 1.291984 -1.928548 -1.498088 14.800112 0.567466 3.865604 14.242552 -1.341739 -6.660646 19.631929 0.14392 -0.648243 50.219963 -0.861973 -6.293571 0.353029 -1.511149 -0.03194 20.222765 3.684304 2.316628 18.787243 0.0 -0.0 10.751607 -0.47987 1.397902 0.0 0.0 0.0 3.273804 0.305947 -0.58011 21.486788 11.830361 2.266131 8.162914 -0.0 -0.0 18.399046 -3.798986 -4.940566 3e-06 0.0 -1e-06 3.79217 0.979309 -3.154832 -0.008843 -0.194697 17.091318 -4.747318 -2.133072 -12.778682 1.636392 -1.871224 -0.964304 0.0 -0.0 2e-06 -3.656867 -1.139099 -3.279979 -0.062558 0.205215 18.587538 4.316555 -0.009345 -14.125242 -1.40604 1.121863 -0.774461 0.0 -0.0 -1e-06 
0.0 0.0 0.0 0.0 -0.0 0.0 4.37126 98.603378 -3.100827 0.599448 -0.039543 -1.183454 -0.274761 0.093607 -1.559828 -0.543436 0.43438 -5.648045 -1.151165 -1.551438 10.498318 2.734232 1.803626 -0.290292 -0.329351 1.574578 -3.504455 0.590132 1.292039 -6.455312 7.7e-05 -2.2e-05 6e-06 0.004454 0.008775 0.014359 0.728878 -3.708707 -10.539162 -0.721387 3.729769 -10.543581 -14.818559 -7.883396 13.325291 -54.119358 -7.750546 23.529005 -0.39981 -30.985783 -0.016515 3.104597 6.33915 -16.867496 -5.882102 9.861279 0.70259 -10.936858 -0.360574 7.156195 0.0 8.774814 0.0 -16.36211 17.783611 5.812809 -1.844031 2.498503 -2.507276 -10.163589 4.678941 4.621103 -20.975994 -0.0 1e-06 -21.226252 2.451699 -3.593994 0.0 -6e-06 -0.0 -1.36268 2.240796 -0.746323 -21.334888 0.58491 3.008318 -13.821193 -1e-06 1e-06 -23.887127 -0.249074 -0.839485 -60.100296 2.425959 -1.538672 -0.294025 1.679686 0.833255 -14.218191 0.093216 1.300578 -34.211994 -0.28756 0.967166 -20.033173 0.964536 1.212838 -0.0 0.0 0.0 -3.440386 0.788233 0.501655 -15.928168 -3.167305 2.999702 -6.338816 -0.0 0.0 -18.123415 3.64818 -4.905661 -4e-06 0.0 -2e-06 14.500642 9.875554 15.130756 55.317398 12.771549 30.781261 0.187935 30.016748 0.046812 -6.32608 -2.058106 -2.083818 2.24354 -5.255033 -3.180155 14.282875 -0.826595 6.952495 0.0 -12.690593 -1e-06 16.128389 -17.638258 2.721748 1.665665 -1.95592 -2.878296 4.727794 -4.170584 4.993918 11.020509 0.0 -0.0 12.109029 -3.735715 -2.866777 -0.0 0.0 -0.0 1.291984 -1.928548 -1.498088 14.800112 0.567466 3.865604 14.242552 -1.341739 -6.660646 19.631929 0.14392 -0.648243 50.185612 -0.875867 -6.308833 0.353029 -1.511149 -0.03194 20.222765 3.684304 2.316628 18.787243 0.0 -0.0 10.751607 -0.47987 1.397902 0.0 0.0 0.0 3.273804 0.305947 -0.58011 21.486788 11.830361 2.266131 8.162914 -0.0 -0.0 18.399046 -3.798986 -4.940566 3e-06 0.0 -1e-06 3.829904 0.907553 -3.120953 0.001172 -0.195133 17.048782 -4.781685 -2.088255 -12.700471 1.636535 -1.865937 -0.949092 0.0 -0.0 2e-06 -3.606468 -1.147988 -3.33119 -0.062815 0.203699 18.708725 4.25962 -0.062593 -14.122798 -1.407158 1.116183 -0.711749 0.0 -0.0 -1e-06 
0.0 0.0 0.0 0.0 -0.0 0.0 4.260124 98.603973 -3.208462 0.610302 -0.06716 -1.250314 -0.263869 0.104847 -1.552041 -0.53131 0.424502 -5.647272 -1.177808 -1.542047 10.521682 2.681146 1.831597 -0.205058 -0.318686 1.605716 -3.509258 0.595268 1.305023 -6.444332 7.7e-05 -2.2e-05 6e-06 0.004317 0.011938 0.019123 0.731722 -3.704591 -10.535686 -0.724526 3.73168 -10.543273 -14.851927 -7.858428 13.318449 -54.109367 -7.755674 23.493954 -0.376268 -31.015472 -0.012057 3.034304 6.459547 -17.006277 -5.882102 9.861279 0.70259 -10.936858 -0.360574 7.156195 0.0 8.774814 0.0 -16.329237 17.752823 5.814471 -1.844031 2.498503 -2.507276 -10.163589 4.678941 4.621103 -20.975994 -0.0 1e-06 -21.226252 2.451699 -3.593994 0.0 -6e-06 -0.0 -1.36268 2.240796 -0.746323 -21.334888 0.58491 3.008318 -13.821193 -1e-06 1e-06 -23.887127 -0.249074 -0.839485 -60.067196 2.432926 -1.544073 -0.294025 1.679686 0.833255 -14.218191 0.093216 1.300578 -34.211994 -0.28756 0.967166 -20.033173 0.964536 1.212838 -0.0 0.0 0.0 -3.440386 0.788233 0.501655 -15.928168 -3.167305 2.999702 -6.338816 -0.0 0.0 -18.123415 3.64818 -4.905661 -4e-06 0.0 -2e-06 14.472635 9.880067 15.13384 55.318489 12.787866 30.832329 0.141781 30.053017 0.03724 -6.221826 -2.065914 -2.107931 2.24354 -5.255033 -3.180155 14.282875 -0.826595 6.952495 0.0 -12.690593 -1e-06 16.136738 -17.651598 2.720147 1.665665 -1.95592 -2.878296 4.727794 -4.170584 4.993918 11.020509 0.0 -0.0 12.109029 -3.735715 -2.866777 -0.0 0.0 -0.0 1.291984 -1.928548 -1.498088 14.800112 0.567466 3.865604 14.242552 -1.341739 -6.660646 19.631929 0.14392 -0.648243 50.156677 -0.88394 -6.341207 0.353029 -1.511149 -0.03194 20.222765 3.684304 2.316628 18.787243 0.0 -0.0 10.751607 -0.47987 1.397902 0.0 0.0 0.0 3.273804 0.305947 -0.58011 21.486788 11.830361 2.266131 8.162914 -0.0 -0.0 18.399046 -3.798986 -4.940566 3e-06 0.0 -1e-06 3.878395 0.828218 -3.106283 0.010404 -0.184476 17.027878 -4.799292 -2.034368 -12.633753 1.636454 -1.869976 -0.929475 0.0 -0.0 2e-06 -3.547038 -1.170482 -3.393063 -0.061387 0.212426 18.82605 4.214501 -0.085697 -14.113636 -1.408342 1.111644 -0.655634 0.0 -0.0 -1e-06 
0.0 0.0 0.0 0.0 -0.0 0.0 4.140973 98.600822 -3.327055 0.615648 -0.090853 -1.31847 -0.246665 0.113812 -1.54636 -0.515422 0.42036 -5.644537 -1.201442 -1.53674 10.537813 2.611805 1.856505 -0.122905 -0.31289 1.644691 -3.516974 0.599414 1.327464 -6.437284 7.7e-05 -2.2e-05 6e-06 0.004551 0.015233 0.021323 0.734288 -3.70148 -10.538256 -0.726618 3.734874 -10.547184 -14.889357 -7.848421 13.300099 -54.102684 -7.742585 23.540558 -0.32716 -31.016233 -0.020783 2.933136 6.605788 -17.158018 -5.882102 9.861279 0.70259 -10.936858 -0.360574 7.156195 0.0 8.774814 0.0 -16.313707 17.738573 5.816927 -1.844031 2.498503 -2.507276 -10.163589 4.678941 4.621103 -20.975994 -0.0 1e-06 -21.226252 2.451699 -3.593994 0.0 -6e-06 -0.0 -1.36268 2.240796 -0.746323 -21.334888 0.58491 3.008318 -13.821193 -1e-06 1e-06 -23.887127 -0.249074 -0.839485 -60.064556 2.441105 -1.538846 -0.294025 1.679686 0.833255 -14.218191 0.093216 1.300578 -34.211994 -0.28756 0.967166 -20.033173 0.964536 1.212838 -0.0 0.0 0.0 -3.440386 0.788233 0.501655 -15.928168 -3.167305 2.999702 -6.338816 -0.0 0.0 -18.123415 3.64818 -4.905661 -4e-06 0.0 -2e-06 14.453649 9.883821 15.138083 55.328548 12.764599 30.837885 0.123835 30.108578 0.035707 -6.181385 -2.085641 -2.105923 2.24354 -5.255033 -3.180155 14.282875 -0.826595 6.952495 0.0 -12.690593 -1e-06 16.150135 -17.665449 2.707954 1.665665 -1.95592 -2.878296 4.727794 -4.170584 4.993918 11.020509 0.0 -0.0 12.109029 -3.735715 -2.866777 -0.0 0.0 -0.0 1.291984 -1.928548 -1.498088 14.800112 0.567466 3.865604 14.242552 -1.341739 -6.660646 19.631929 0.14392 -0.648243 50.131565 -0.88448 -6.370423 0.353029 -1.511149 -0.03194 20.222765 3.684304 2.316628 18.787243 0.0 -0.0 10.751607 -0.47987 1.397902 0.0 0.0 0.0 3.273804 0.305947 -0.58011 21.486788 11.830361 2.266131 8.162914 -0.0 -0.0 18.399046 -3.798986 -4.940566 3e-06 0.0 -1e-06 3.942196 0.74895 -3.116687 0.013475 -0.172174 17.044804 -4.830163 -1.971911 -12.577727 1.637053 -1.875581 -0.925608 0.0 -0.0 2e-06 -3.47656 -1.200166 -3.473568 -0.057859 0.225807 18.971067 4.140584 -0.086597 -14.111743 -1.408217 1.105587 -0.638389 0.0 -0.0 -1e-06 
0.0 0.0 0.0 0.0 -0.0 0.0 4.026482 98.595711 -3.44884 0.618164 -0.095217 -1.379947 -0.22427 0.114759 -1.544831 -0.505203 0.430492 -5.645781 -1.214412 -1.535782 10.552173 2.543937 1.867961 -0.053101 -0.314247 1.671336 -3.522025 0.586742 1.355495 -6.414858 7.7e-05 -2.2e-05 6e-06 0.004065 0.016682 0.022374 0.73417 -3.700106 -10.542024 -0.727467 3.736306 -10.552317 -14.939572 -7.843003 13.300272 -54.092751 -7.740273 23.550009 -0.293884 -30.975168 -0.027311 2.848238 6.763514 -17.280668 -5.882102 9.861279 0.70259 -10.936858 -0.360574 7.156195 0.0 8.774814 0.0 -16.308249 17.729702 5.817451 -1.844031 2.498503 -2.507276 -10.163589 4.678941 4.621103 -20.975994 -0.0 1e-06 -21.226252 2.451699 -3.593994 0.0 -6e-06 -0.0 -1.36268 2.240796 -0.746323 -21.334888 0.58491 3.008318 -13.821193 -1e-06 1e-06 -23.887127 -0.249074 -0.839485 -60.066841 2.451823 -1.546418 -0.294025 1.679686 0.833255 -14.218191 0.093216 1.300578 -34.211994 -0.28756 0.967166 -20.033173 0.964536 1.212838 -0.0 0.0 0.0 -3.440386 0.788233 0.501655 -15.928168 -3.167305 2.999702 -6.338816 -0.0 0.0 -18.123415 3.64818 -4.905661 -4e-06 0.0 -2e-06 14.450836 9.885646 15.154989 55.354229 12.727428 30.796032 0.139787 30.101376 0.038761 -6.17473 -2.108132 -2.075841 2.24354 -5.255033 -3.180155 14.282875 -0.826595 6.952495 0.0 -12.690593 -1e-06 16.162895 -17.673491 2.695044 1.665665 -1.95592 -2.878296 4.727794 -4.170584 4.993918 11.020509 0.0 -0.0 12.109029 -3.735715 -2.866777 -0.0 0.0 -0.0 1.291984 -1.928548 -1.498088 14.800112 0.567466 3.865604 14.242552 -1.341739 -6.660646 19.631929 0.14392 -0.648243 50.121445 -0.886866 -6.388869 0.353029 -1.511149 -0.03194 20.222765 3.684304 2.316628 18.787243 0.0 -0.0 10.751607 -0.47987 1.397902 0.0 0.0 0.0 3.273804 0.305947 -0.58011 21.486788 11.830361 2.266131 8.162914 -0.0 -0.0 18.399046 -3.798986 -4.940566 3e-06 0.0 -1e-06 4.006958 0.661655 -3.153588 0.011888 -0.168443 17.089529 -4.881679 -1.885421 -12.530342 1.637507 -1.876396 -0.909577 0.0 -0.0 2e-06 -3.406153 -1.231191 -3.563877 -0.052316 0.234394 19.124056 4.040646 -0.097127 -14.114486 -1.40708 1.098894 -0.649109 0.0 -0.0 -1e-06 
0.0 0.0 0.0 0.0 -0.0 0.0 3.925153 98.593689 -3.57055 0.620474 -0.077734 -1.432814 -0.203324 0.112887 -1.539611 -0.505859 0.441008 -5.64456 -1.210641 -1.541166 10.555115 2.484816 1.885619 0.006782 -0.317189 1.668488 -3.515302 0.549496 1.363889 -6.400689 7.7e-05 -2.2e-05 6e-06 0.00307 0.018074 0.024748 0.73337 -3.69875 -10.540922 -0.728675 3.737595 -10.55462 -14.994472 -7.83973 13.316278 -54.100311 -7.752559 23.498751 -0.293741 -30.880924 -0.028648 2.824902 6.881724 -17.412344 -5.882102 9.861279 0.70259 -10.936858 -0.360574 7.156195 0.0 8.774814 0.0 -16.290266 17.748079 5.824306 -1.844031 2.498503 -2.507276 -10.163589 4.678941 4.621103 -20.975994 -0.0 1e-06 -21.226252 2.451699 -3.593994 0.0 -6e-06 -0.0 -1.36268 2.240796 -0.746323 -21.334888 0.58491 3.008318 -13.821193 -1e-06 1e-06 -23.887127 -0.249074 -0.839485 -60.053543 2.475607 -1.565506 -0.294025 1.679686 0.833255 -14.218191 0.093216 1.300578 -34.211994 -0.28756 0.967166 -20.033173 0.964536 1.212838 -0.0 0.0 0.0 -3.440386 0.788233 0.501655 -15.928168 -3.167305 2.999702 -6.338816 -0.0 0.0 -18.123415 3.64818 -4.905661 -4e-06 0.0 -2e-06 14.458116 9.896029 15.182662 55.386059 12.678638 30.765043 0.169611 30.037455 0.038547 -6.173511 -2.123376 -2.116739 2.24354 -5.255033 -3.180155 14.282875 -0.826595 6.952495 0.0 -12.690593 -1e-06 16.178862 -17.664143 2.674517 1.665665 -1.95592 -2.878296 4.727794 -4.170584 4.993918 11.020509 0.0 -0.0 12.109029 -3.735715 -2.866777 -0.0 0.0 -0.0 1.291984 -1.928548 -1.498088 14.800112 0.567466 3.865604 14.242552 -1.341739 -6.660646 19.631929 0.14392 -0.648243 50.111809 -0.881231 -6.407846 0.353029 -1.511149 -0.03194 20.222765 3.684304 2.316628 18.787243 0.0 -0.0 10.751607 -0.47987 1.397902 0.0 0.0 0.0 3.273804 0.305947 -0.58011 21.486788 11.830361 2.266131 8.162914 -0.0 -0.0 18.399046 -3.798986 -4.940566 3e-06 0.0 -1e-06 4.063756 0.569313 -3.199703 0.009462 -0.16666 17.12524 -4.93578 -1.798692 -12.473664 1.639641 -1.875548 -0.883978 0.0 -0.0 2e-06 -3.340957 -1.246883 -3.646341 -0.0454 0.240813 19.249153 3.947491 -0.122785 -14.106278 -1.406355 1.088445 -0.656223 0.0 -0.0 -1e-06 
0.0 0.0 0.0 0.0 -0.0 0.0 3.849436 98.596092 -3.69925 0.61918 -0.047499 -1.475015 -0.182155 0.104295 -1.534396 -0.510574 0.445232 -5.641395 -1.197679 -1.543227 10.556879 2.423711 1.89942 0.044696 -0.318721 1.664688 -3.508921 0.518951 1.341094 -6.384719 7.7e-05 -2.2e-05 6e-06 0.002759 0.020767 0.024292 0.734244 -3.695807 -10.540331 -0.730178 3.740066 -10.558167 -15.048034 -7.824601 13.35393 -54.131618 -7.788793 23.394896 -0.319473 -30.764538 -0.024881 2.838507 6.962479 -17.507034 -5.882102 9.861279 0.70259 -10.936858 -0.360574 7.156195 0.0 8.774814 0.0 -16.290083 17.780392 5.825433 -1.844031 2.498503 -2.507276 -10.163589 4.678941 4.621103 -20.975994 -0.0 1e-06 -21.226252 2.451699 -3.593994 0.0 -6e-06 -0.0 -1.36268 2.240796 -0.746323 -21.334888 0.58491 3.008318 -13.821193 -1e-06 1e-06 -23.887127 -0.249074 -0.839485 -60.047691 2.490061 -1.579225 -0.294025 1.679686 0.833255 -14.218191 0.093216 1.300578 -34.211994 -0.28756 0.967166 -20.033173 0.964536 1.212838 -0.0 0.0 0.0 -3.440386 0.788233 0.501655 -15.928168 -3.167305 2.999702 -6.338816 -0.0 0.0 -18.123415 3.64818 -4.905661 -4e-06 0.0 -2e-06 14.466684 9.899818 15.213548 55.426605 12.621731 30.78965 0.173909 29.939537 0.029369 -6.177007 -2.114181 -2.178799 2.24354 -5.255033 -3.180155 14.282875 -0.826595 6.952495 0.0 -12.690593 -1e-06 16.196007 -17.653255 2.659023 1.665665 -1.95592 -2.878296 4.727794 -4.170584 4.993918 11.020509 0.0 -0.0 12.109029 -3.735715 -2.866777 -0.0 0.0 -0.0 1.291984 -1.928548 -1.498088 14.800112 0.567466 3.865604 14.242552 -1.341739 -6.660646 19.631929 0.14392 -0.648243 50.124771 -0.878341 -6.410901 0.353029 -1.511149 -0.03194 20.222765 3.684304 2.316628 18.787243 0.0 -0.0 10.751607 -0.47987 1.397902 0.0 0.0 0.0 3.273804 0.305947 -0.58011 21.486788 11.830361 2.266131 8.162914 -0.0 -0.0 18.399046 -3.798986 -4.940566 3e-06 0.0 -1e-06 4.108976 0.494996 -3.263989 0.010182 -0.163207 17.159447 -4.966032 -1.736325 -12.406901 1.6426 -1.875046 -0.862543 0.0 -0.0 2e-06 -3.289058 -1.27707 -3.726474 -0.041061 0.245914 19.339533 3.879428 -0.148113 -14.074909 -1.40615 1.084626 -0.644089 0.0 -0.0 -1e-06 
0.0 0.0 0.0 0.0 -0.0 0.0 3.79856 98.602852 -3.84975 0.618374 -0.009918 -1.509502 -0.157535 0.095071 -1.527431 -0.517006 0.441292 -5.640769 -1.186195 -1.530108 10.568609 2.370007 1.90111 0.051367 -0.323837 1.664553 -3.497813 0.487005 1.303365 -6.370103 7.7e-05 -2.2e-05 6e-06 0.003052 0.024594 0.023222 0.735007 -3.692846 -10.540521 -0.730393 3.744822 -10.561993 -15.106046 -7.804607 13.408875 -54.166084 -7.841913 23.299036 -0.357329 -30.669544 -0.008945 2.85962 7.01805 -17.58387 -5.882102 9.861279 0.70259 -10.936858 -0.360574 7.156195 0.0 8.774814 0.0 -16.300713 17.806681 5.816924 -1.844031 2.498503 -2.507276 -10.163589 4.678941 4.621103 -20.975994 -0.0 1e-06 -21.226252 2.451699 -3.593994 0.0 -6e-06 -0.0 -1.36268 2.240796 -0.746323 -21.334888 0.58491 3.008318 -13.821193 -1e-06 1e-06 -23.887127 -0.249074 -0.839485 -60.036976 2.488272 -1.588629 -0.294025 1.679686 0.833255 -14.218191 0.093216 1.300578 -34.211994 -0.28756 0.967166 -20.033173 0.964536 1.212838 -0.0 0.0 0.0 -3.440386 0.788233 0.501655 -15.928168 -3.167305 2.999702 -6.338816 -0.0 0.0 -18.123415 3.64818 -4.905661 -4e-06 0.0 -2e-06 14.486012 9.864904 15.252665 55.463497 12.56048 30.814856 0.15743 29.847412 0.017108 -6.176078 -2.082401 -2.240432 2.24354 -5.255033 -3.180155 14.282875 -0.826595 6.952495 0.0 -12.690593 -1e-06 16.209244 -17.644159 2.649606 1.665665 -1.95592 -2.878296 4.727794 -4.170584 4.993918 11.020509 0.0 -0.0 12.109029 -3.735715 -2.866777 -0.0 0.0 -0.0 1.291984 -1.928548 -1.498088 14.800112 0.567466 3.865604 14.242552 -1.341739 -6.660646 19.631929 0.14392 -0.648243 50.144424 -0.878441 -6.400563 0.353029 -1.511149 -0.03194 20.222765 3.684304 2.316628 18.787243 0.0 -0.0 10.751607 -0.47987 1.397902 0.0 0.0 0.0 3.273804 0.305947 -0.58011 21.486788 11.830361 2.266131 8.162914 -0.0 -0.0 18.399046 -3.798986 -4.940566 3e-06 0.0 -1e-06 4.089085 0.442065 -3.381685 0.012335 -0.158723 17.19759 -4.925843 -1.686073 -12.34306 1.644199 -1.88062 -0.844314 0.0 -0.0 2e-06 -3.254612 -1.33897 -3.820595 -0.04279 0.255313 19.412647 3.841552 -0.16904 -14.018056 -1.405753 1.086651 -0.615601 0.0 -0.0 -1e-06 
0.0 0.0 0.0 0.0 -0.0 0.0 3.761046 98.609528 -3.995243 0.620139 0.034729 -1.540519 -0.134515 0.091917 -1.520689 -0.521641 0.442264 -5.640412 -1.184942 -1.522596 10.587404 2.33749 1.898754 0.056131 -0.334807 1.653251 -3.490435 0.460724 1.269553 -6.37229 7.7e-05 -2.2e-05 6e-06 0.003366 0.027928 0.022512 0.735796 -3.691457 -10.541316 -0.730595 3.750253 -10.564723 -15.169347 -7.789331 13.483538 -54.199097 -7.899343 23.286497 -0.375697 -30.613905 0.004214 2.892352 7.034739 -17.674639 -5.882102 9.861279 0.70259 -10.936858 -0.360574 7.156195 0.0 8.774814 0.0 -16.303549 17.817389 5.810811 -1.844031 2.498503 -2.507276 -10.163589 4.678941 4.621103 -20.975994 -0.0 1e-06 -21.226252 2.451699 -3.593994 0.0 -6e-06 -0.0 -1.36268 2.240796 -0.746323 -21.334888 0.58491 3.008318 -13.821193 -1e-06 1e-06 -23.887127 -0.249074 -0.839485 -60.032269 2.4758 -1.588301 -0.294025 1.679686 0.833255 -14.218191 0.093216 1.300578 -34.211994 -0.28756 0.967166 -20.033173 0.964536 1.212838 -0.0 0.0 0.0 -3.440386 0.788233 0.501655 -15.928168 -3.167305 2.999702 -6.338816 -0.0 0.0 -18.123415 3.64818 -4.905661 -4e-06 0.0 -2e-06 14.509394 9.811905 15.293996 55.505131 12.495166 30.819897 0.139895 29.778061 0.008927 -6.205504 -2.040205 -2.284321 2.24354 -5.255033 -3.180155 14.282875 -0.826595 6.952495 0.0 -12.690593 -1e-06 16.214527 -17.638124 2.63614 1.665665 -1.95592 -2.878296 4.727794 -4.170584 4.993918 11.020509 0.0 -0.0 12.109029 -3.735715 -2.866777 -0.0 0.0 -0.0 1.291984 -1.928548 -1.498088 14.800112 0.567466 3.865604 14.242552 -1.341739 -6.660646 19.631929 0.14392 -0.648243 50.137558 -0.873268 -6.389862 0.353029 -1.511149 -0.03194 20.222765 3.684304 2.316628 18.787243 0.0 -0.0 10.751607 -0.47987 1.397902 0.0 0.0 0.0 3.273804 0.305947 -0.58011 21.486788 11.830361 2.266131 8.162914 -0.0 -0.0 18.399046 -3.798986 -4.940566 3e-06 0.0 -1e-06 4.117853 0.376838 -3.431557 0.011956 -0.154477 17.237679 -4.946743 -1.656717 -12.270305 1.644244 -1.889967 -0.843786 0.0 -0.0 2e-06 -3.232624 -1.410108 -3.911063 -0.04658 0.261937 19.479851 3.819645 -0.183516 -13.96137 -1.405306 1.093788 -0.608683 0.0 -0.0 -1e-06 
0.0 0.0 0.0 0.0 -0.0 0.0 3.721703 98.616096 -4.114048 0.623649 0.077106 -1.569843 -0.115193 0.095466 -1.518053 -0.521635 0.453315 -5.639845 -1.191668 -1.52748 10.617014 2.320071 1.889668 0.074651 -0.344713 1.625587 -3.490599 0.454408 1.244795 -6.396372 7.7e-05 -2.2e-05 6e-06 0.003497 0.028741 0.021245 0.736806 -3.691729 -10.545259 -0.731371 3.752483 -10.567869 -15.237001 -7.7793 13.56302 -54.231979 -7.951634 23.368078 -0.363266 -30.591717 0.002143 2.919878 7.013506 -17.714907 -5.882102 9.861279 0.70259 -10.936858 -0.360574 7.156195 0.0 8.774814 0.0 -16.296736 17.813108 5.811723 -1.844031 2.498503 -2.507276 -10.163589 4.678941 4.621103 -20.975994 -0.0 1e-06 -21.226252 2.451699 -3.593994 0.0 -6e-06 -0.0 -1.36268 2.240796 -0.746323 -21.334888 0.58491 3.008318 -13.821193 -1e-06 1e-06 -23.887127 -0.249074 -0.839485 -60.032021 2.464683 -1.578806 -0.294025 1.679686 0.833255 -14.218191 0.093216 1.300578 -34.211994 -0.28756 0.967166 -20.033173 0.964536 1.212838 -0.0 0.0 0.0 -3.440386 0.788233 0.501655 -15.928168 -3.167305 2.999702 -6.338816 -0.0 0.0 -18.123415 3.64818 -4.905661 -4e-06 0.0 -2e-06 14.521339 9.757879 15.327028 55.551598 12.418658 30.818651 0.128416 29.740662 0.009424 -6.279768 -2.018723 -2.383684 2.24354 -5.255033 -3.180155 14.282875 -0.826595 6.952495 0.0 -12.690593 -1e-06 16.20846 -17.632456 2.622397 1.665665 -1.95592 -2.878296 4.727794 -4.170584 4.993918 11.020509 0.0 -0.0 12.109029 -3.735715 -2.866777 -0.0 0.0 -0.0 1.291984 -1.928548 -1.498088 14.800112 0.567466 3.865604 14.242552 -1.341739 -6.660646 19.631929 0.14392 -0.648243 50.117195 -0.863295 -6.37524 0.353029 -1.511149 -0.03194 20.222765 3.684304 2.316628 18.787243 0.0 -0.0 10.751607 -0.47987 1.397902 0.0 0.0 0.0 3.273804 0.305947 -0.58011 21.486788 11.830361 2.266131 8.162914 -0.0 -0.0 18.399046 -3.798986 -4.940566 3e-06 0.0 -1e-06 4.140627 0.306816 -3.469223 0.009613 -0.151701 17.251961 -4.97931 -1.622036 -12.201061 1.644622 -1.896989 -0.869328 0.0 -0.0 2e-06 -3.212281 -1.481174 -3.976304 -0.05182 0.263751 19.528023 3.794002 -0.178248 -13.912094 -1.405039 1.098241 -0.638831 0.0 -0.0 -1e-06 
0.0 0.0 0.0 0.0 -0.0 0.0 3.678525 98.621681 -4.207162 0.631595 0.116535 -1.600043 -0.100967 0.108293 -1.51571 -0.519233 0.472827 -5.64274 -1.204431 -1.536492 10.662201 2.304419 1.868018 0.10231 -0.346958 1.615507 -3.497732 0.458301 1.195665 -6.424536 7.7e-05 -2.2e-05 6e-06 0.003033 0.026997 0.018059 0.735754 -3.694545 -10.552087 -0.731263 3.752394 -10.571852 -15.31706 -7.771816 13.640945 -54.254738 -7.999699 23.487904 -0.356163 -30.597383 -0.002154 2.940867 6.977998 -17.673685 -5.882102 9.861279 0.70259 -10.936858 -0.360574 7.156195 0.0 8.774814 0.0 -16.290972 17.814331 5.819169 -1.844031 2.498503 -2.507276 -10.163589 4.678941 4.621103 -20.975994 -0.0 1e-06 -21.226252 2.451699 -3.593994 0.0 -6e-06 -0.0 -1.36268 2.240796 -0.746323 -21.334888 0.58491 3.008318 -13.821193 -1e-06 1e-06 -23.887127 -0.249074 -0.839485 -60.066479 2.464803 -1.564551 -0.294025 1.679686 0.833255 -14.218191 0.093216 1.300578 -34.211994 -0.28756 0.967166 -20.033173 0.964536 1.212838 -0.0 0.0 0.0 -3.440386 0.788233 0.501655 -15.928168 -3.167305 2.999702 -6.338816 -0.0 0.0 -18.123415 3.64818 -4.905661 -4e-06 0.0 -2e-06 14.510323 9.709867 15.37058 55.607975 12.348573 30.837318 0.118802 29.731394 0.006444 -6.376294 -2.024536 -2.451974 2.24354 -5.255033 -3.180155 14.282875 -0.826595 6.952495 0.0 -12.690593 -1e-06 16.194122 -17.628216 2.615818 1.665665 -1.95592 -2.878296 4.727794 -4.170584 4.993918 11.020509 0.0 -0.0 12.109029 -3.735715 -2.866777 -0.0 0.0 -0.0 1.291984 -1.928548 -1.498088 14.800112 0.567466 3.865604 14.242552 -1.341739 -6.660646 19.631929 0.14392 -0.648243 50.09832 -0.852667 -6.361203 0.353029 -1.511149 -0.03194 20.222765 3.684304 2.316628 18.787243 0.0 -0.0 10.751607 -0.47987 1.397902 0.0 0.0 0.0 3.273804 0.305947 -0.58011 21.486788 11.830361 2.266131 8.162914 -0.0 -0.0 18.399046 -3.798986 -4.940566 3e-06 0.0 -1e-06 4.160368 0.257967 -3.501284 0.003796 -0.153876 17.24271 -4.99664 -1.602763 -12.132077 1.644892 -1.901088 -0.901069 0.0 -0.0 2e-06 -3.19384 -1.544342 -4.0191 -0.057608 0.264297 19.567051 3.76261 -0.16746 -13.875587 -1.40461 1.101318 -0.681497 0.0 -0.0 -1e-06 
0.0 0.0 0.0 0.0 -0.0 0.0 3.651287 98.621796 -4.288693 0.644417 0.154653 -1.620665 -0.090508 0.11848 -1.513598 -0.518864 0.491333 -5.648616 -1.218462 -1.540335 10.710739 2.283244 1.83952 0.127664 -0.346426 1.611348 -3.496049 0.460812 1.138512 -6.456899 7.7e-05 -2.2e-05 6e-06 0.003295 0.026793 0.016431 0.734167 -3.695515 -10.553993 -0.72912 3.753625 -10.572368 -15.395391 -7.760865 13.699618 -54.286591 -8.044294 23.635504 -0.377132 -30.634624 0.002636 2.980772 6.934127 -17.571905 -5.882102 9.861279 0.70259 -10.936858 -0.360574 7.156195 0.0 8.774814 0.0 -16.28895 17.821039 5.823328 -1.844031 2.498503 -2.507276 -10.163589 4.678941 4.621103 -20.975994 -0.0 1e-06 -21.226252 2.451699 -3.593994 0.0 -6e-06 -0.0 -1.36268 2.240796 -0.746323 -21.334888 0.58491 3.008318 -13.821193 -1e-06 1e-06 -23.887127 -0.249074 -0.839485 -60.100597 2.465571 -1.558652 -0.294025 1.679686 0.833255 -14.218191 0.093216 1.300578 -34.211994 -0.28756 0.967166 -20.033173 0.964536 1.212838 -0.0 0.0 0.0 -3.440386 0.788233 0.501655 -15.928168 -3.167305 2.999702 -6.338816 -0.0 0.0 -18.123415 3.64818 -4.905661 -4e-06 0.0 -2e-06 14.468134 9.675382 15.390518 55.679523 12.26376 30.917248 0.114397 29.75795 -0.000865 -6.495312 -2.036659 -2.435928 2.24354 -5.255033 -3.180155 14.282875 -0.826595 6.952495 0.0 -12.690593 -1e-06 16.186842 -17.62232 2.615223 1.665665 -1.95592 -2.878296 4.727794 -4.170584 4.993918 11.020509 0.0 -0.0 12.109029 -3.735715 -2.866777 -0.0 0.0 -0.0 1.291984 -1.928548 -1.498088 14.800112 0.567466 3.865604 14.242552 -1.341739 -6.660646 19.631929 0.14392 -0.648243 50.094357 -0.849679 -6.350005 0.353029 -1.511149 -0.03194 20.222765 3.684304 2.316628 18.787243 0.0 -0.0 10.751607 -0.47987 1.397902 0.0 0.0 0.0 3.273804 0.305947 -0.58011 21.486788 11.830361 2.266131 8.162914 -0.0 -0.0 18.399046 -3.798986 -4.940566 3e-06 0.0 -1e-06 4.174161 0.244927 -3.566029 -0.002566 -0.152979 17.271467 -5.000618 -1.631829 -12.080499 1.643919 -1.903828 -0.916921 0.0 -0.0 2e-06 -3.198644 -1.638516 -4.079696 -0.059101 0.264271 19.63768 3.759404 -0.124566 -13.859986 -1.404062 1.104236 -0.713989 0.0 -0.0 -1e-06 
0.0 0.0 0.0 0.0 -0.0 0.0 3.632937 98.618019 -4.364703 0.660995 0.194248 -1.643432 -0.083174 0.123823 -1.497762 -0.51577 0.501413 -5.647667 -1.235363 -1.544468 10.748742 2.265514 1.823138 0.165958 -0.352402 1.576679 -3.482397 0.451515 1.102778 -6.543797 7.7e-05 -2.2e-05 6e-06 0.004139 0.030142 0.015777 0.733583 -3.692897 -10.550369 -0.72673 3.758033 -10.569571 -15.480324 -7.737782 13.753887 -54.333542 -8.095801 23.780872 -0.390742 -30.678188 0.006896 3.059915 6.836481 -17.475836 -5.882102 9.861279 0.70259 -10.936858 -0.360574 7.156195 0.0 8.774814 0.0 -16.292089 17.825598 5.811094 -1.844031 2.498503 -2.507276 -10.163589 4.678941 4.621103 -20.975994 -0.0 1e-06 -21.226252 2.451699 -3.593994 0.0 -6e-06 -0.0 -1.36268 2.240796 -0.746323 -21.334888 0.58491 3.008318 -13.821193 -1e-06 1e-06 -23.887127 -0.249074 -0.839485 -60.10947 2.449823 -1.566944 -0.294025 1.679686 0.833255 -14.218191 0.093216 1.300578 -34.211994 -0.28756 0.967166 -20.033173 0.964536 1.212838 -0.0 0.0 0.0 -3.440386 0.788233 0.501655 -15.928168 -3.167305 2.999702 -6.338816 -0.0 0.0 -18.123415 3.64818 -4.905661 -4e-06 0.0 -2e-06 14.416043 9.645643 15.417846 55.732174 12.188338 31.068735 0.097585 29.823082 -0.014372 -6.632141 -2.076296 -2.447299 2.24354 -5.255033 -3.180155 14.282875 -0.826595 6.952495 0.0 -12.690593 -1e-06 16.1996 -17.618479 2.607266 1.665665 -1.95592 -2.878296 4.727794 -4.170584 4.993918 11.020509 0.0 -0.0 12.109029 -3.735715 -2.866777 -0.0 0.0 -0.0 1.291984 -1.928548 -1.498088 14.800112 0.567466 3.865604 14.242552 -1.341739 -6.660646 19.631929 0.14392 -0.648243 50.102119 -0.843331 -6.349056 0.353029 -1.511149 -0.03194 20.222765 3.684304 2.316628 18.787243 0.0 -0.0 10.751607 -0.47987 1.397902 0.0 0.0 0.0 3.273804 0.305947 -0.58011 21.486788 11.830361 2.266131 8.162914 -0.0 -0.0 18.399046 -3.798986 -4.940566 3e-06 0.0 -1e-06 4.176741 0.236159 -3.641522 -0.007305 -0.148462 17.323883 -5.003675 -1.676789 -12.042994 1.643088 -1.907991 -0.928845 0.0 -0.0 2e-06 -3.219162 -1.749406 -4.143896 -0.056222 0.260642 19.729485 3.780178 -0.058178 -13.857842 -1.403594 1.106377 -0.714424 0.0 -0.0 -1e-06 
0.0 0.0 0.0 0.0 -0.0 0.0 3.629802 98.613541 -4.447315 0.678008 0.237497 -1.653518 -0.075187 0.128918 -1.480611 -0.510071 0.509795 -5.649244 -1.253578 -1.541654 10.785761 2.250097 1.818718 0.200789 -0.369986 1.512771 -3.465924 0.439576 1.078816 -6.65837 7.7e-05 -2.2e-05 6e-06 0.005261 0.035656 0.018276 0.732107 -3.687212 -10.540765 -0.722926 3.763425 -10.559595 -15.57207 -7.709136 13.801712 -54.399574 -8.159011 23.9177 -0.384556 -30.722269 0.007258 3.181279 6.696145 -17.397116 -5.882102 9.861279 0.70259 -10.936858 -0.360574 7.156195 0.0 8.774814 0.0 -16.289539 17.816845 5.795216 -1.844031 2.498503 -2.507276 -10.163589 4.678941 4.621103 -20.975994 -0.0 1e-06 -21.226252 2.451699 -3.593994 0.0 -6e-06 -0.0 -1.36268 2.240796 -0.746323 -21.334888 0.58491 3.008318 -13.821193 -1e-06 1e-06 -23.887127 -0.249074 -0.839485 -60.085087 2.420767 -1.582275 -0.294025 1.679686 0.833255 -14.218191 0.093216 1.300578 -34.211994 -0.28756 0.967166 -20.033173 0.964536 1.212838 -0.0 0.0 0.0 -3.440386 0.788233 0.501655 -15.928168 -3.167305 2.999702 -6.338816 -0.0 0.0 -18.123415 3.64818 -4.905661 -4e-06 0.0 -2e-06 14.363739 9.60505 15.458226 55.767548 12.13403 31.21669 0.089184 29.898413 -0.018562 -6.790993 -2.125944 -2.483266 2.24354 -5.255033 -3.180155 14.282875 -0.826595 6.952495 0.0 -12.690593 -1e-06 16.217249 -17.620781 2.602978 1.665665 -1.95592 -2.878296 4.727794 -4.170584 4.993918 11.020509 0.0 -0.0 12.109029 -3.735715 -2.866777 -0.0 0.0 -0.0 1.291984 -1.928548 -1.498088 14.800112 0.567466 3.865604 14.242552 -1.341739 -6.660646 19.631929 0.14392 -0.648243 50.104122 -0.839203 -6.347449 0.353029 -1.511149 -0.03194 20.222765 3.684304 2.316628 18.787243 0.0 -0.0 10.751607 -0.47987 1.397902 0.0 0.0 0.0 3.273804 0.305947 -0.58011 21.486788 11.830361 2.266131 8.162914 -0.0 -0.0 18.399046 -3.798986 -4.940566 3e-06 0.0 -1e-06 4.171166 0.241861 -3.746139 -0.010864 -0.139681 17.401129 -4.99154 -1.734187 -12.0107 1.642245 -1.915429 -0.924716 0.0 -0.0 2e-06 -3.251947 -1.875339 -4.23068 -0.053551 0.256459 19.831387 3.817437 0.02239 -13.85442 -1.402579 1.106345 -0.70763 0.0 -0.0 -1e-06 
0.0 0.0 0.0 0.0 -0.0 0.0 3.642132 98.606766 -4.545702 0.698034 0.293999 -1.641892 -0.06539 0.135112 -1.470305 -0.502834 0.514224 -5.650305 -1.272668 -1.529791 10.819221 2.219753 1.83119 0.225465 -0.391167 1.43984 -3.459654 0.422977 1.059044 -6.76739 7.7e-05 -2.2e-05 6e-06 0.005886 0.037654 0.02104 0.729202 -3.685521 -10.533294 -0.718673 3.765658 -10.550721 -15.660792 -7.675775 13.852968 -54.491848 -8.238632 23.994682 -0.378966 -30.771008 0.013691 3.331595 6.558419 -17.322002 -5.882102 9.861279 0.70259 -10.936858 -0.360574 7.156195 0.0 8.774814 0.0 -16.275457 17.800844 5.78788 -1.844031 2.498503 -2.507276 -10.163589 4.678941 4.621103 -20.975994 -0.0 1e-06 -21.226252 2.451699 -3.593994 0.0 -6e-06 -0.0 -1.36268 2.240796 -0.746323 -21.334888 0.58491 3.008318 -13.821193 -1e-06 1e-06 -23.887127 -0.249074 -0.839485 -60.05933 2.399735 -1.597752 -0.294025 1.679686 0.833255 -14.218191 0.093216 1.300578 -34.211994 -0.28756 0.967166 -20.033173 0.964536 1.212838 -0.0 0.0 0.0 -3.440386 0.788233 0.501655 -15.928168 -3.167305 2.999702 -6.338816 -0.0 0.0 -18.123415 3.64818 -4.905661 -4e-06 0.0 -2e-06 14.313516 9.566882 15.515405 55.780434 12.090113 31.318333 0.099676 29.974251 -0.009411 -6.968052 -2.16725 -2.538805 2.24354 -5.255033 -3.180155 14.282875 -0.826595 6.952495 0.0 -12.690593 -1e-06 16.228392 -17.614277 2.598547 1.665665 -1.95592 -2.878296 4.727794 -4.170584 4.993918 11.020509 0.0 -0.0 12.109029 -3.735715 -2.866777 -0.0 0.0 -0.0 1.291984 -1.928548 -1.498088 14.800112 0.567466 3.865604 14.242552 -1.341739 -6.660646 19.631929 0.14392 -0.648243 50.081333 -0.836498 -6.350305 0.353029 -1.511149 -0.03194 20.222765 3.684304 2.316628 18.787243 0.0 -0.0 10.751607 -0.47987 1.397902 0.0 0.0 0.0 3.273804 0.305947 -0.58011 21.486788 11.830361 2.266131 8.162914 -0.0 -0.0 18.399046 -3.798986 -4.940566 3e-06 0.0 -1e-06 4.157346 0.270085 -3.899738 -0.012033 -0.127691 17.524147 -4.968805 -1.811455 -11.986425 1.642519 -1.920768 -0.922735 0.0 -0.0 2e-06 -3.295562 -1.998357 -4.365495 -0.050043 0.255751 19.965967 3.871823 0.089868 -13.857036 -1.401496 1.103253 -0.69852 0.0 -0.0 -1e-06 
0.0 0.0 0.0 0.0 -0.0 0.0 3.670305 98.602547 -4.652067 0.722846 0.347228 -1.617746 -0.062476 0.137947 -1.460941 -0.494721 0.507354 -5.645892 -1.283914 -1.512968 10.848442 2.173171 1.853734 0.236374 -0.415128 1.385795 -3.457802 0.397594 1.036706 -6.868551 7.7e-05 -2.2e-05 6e-06 0.006302 0.036872 0.024 0.726244 -3.688175 -10.530141 -0.714765 3.76649 -10.546191 -15.74058 -7.638341 13.916467 -54.576435 -8.342816 24.065823 -0.356732 -30.830959 0.011053 3.479766 6.450974 -17.313919 -5.882102 9.861279 0.70259 -10.936858 -0.360574 7.156195 0.0 8.774814 0.0 -16.243393 17.799814 5.801941 -1.844031 2.498503 -2.507276 -10.163589 4.678941 4.621103 -20.975994 -0.0 1e-06 -21.226252 2.451699 -3.593994 0.0 -6e-06 -0.0 -1.36268 2.240796 -0.746323 -21.334888 0.58491 3.008318 -13.821193 -1e-06 1e-06 -23.887127 -0.249074 -0.839485 -60.046024 2.394588 -1.599932 -0.294025 1.679686 0.833255 -14.218191 0.093216 1.300578 -34.211994 -0.28756 0.967166 -20.033173 0.964536 1.212838 -0.0 0.0 0.0 -3.440386 0.788233 0.501655 -15.928168 -3.167305 2.999702 -6.338816 -0.0 0.0 -18.123415 3.64818 -4.905661 -4e-06 0.0 -2e-06 14.258077 9.549725 15.558207 55.780224 12.030473 31.370756 0.115074 30.042942 0.003917 -7.170125 -2.202961 -2.624329 2.24354 -5.255033 -3.180155 14.282875 -0.826595 6.952495 0.0 -12.690593 -1e-06 16.22967 -17.604807 2.595323 1.665665 -1.95592 -2.878296 4.727794 -4.170584 4.993918 11.020509 0.0 -0.0 12.109029 -3.735715 -2.866777 -0.0 0.0 -0.0 1.291984 -1.928548 -1.498088 14.800112 0.567466 3.865604 14.242552 -1.341739 -6.660646 19.631929 0.14392 -0.648243 50.049389 -0.827276 -6.3572 0.353029 -1.511149 -0.03194 20.222765 3.684304 2.316628 18.787243 0.0 -0.0 10.751607 -0.47987 1.397902 0.0 0.0 0.0 3.273804 0.305947 -0.58011 21.486788 11.830361 2.266131 8.162914 -0.0 -0.0 18.399046 -3.798986 -4.940566 3e-06 0.0 -1e-06 4.133639 0.302823 -4.058404 -0.0121 -0.115866 17.642281 -4.932566 -1.902574 -11.953761 1.642699 -1.920606 -0.949299 0.0 -0.0 2e-06 -3.347584 -2.084623 -4.51765 -0.047923 0.26011 20.095346 3.942865 0.125642 -13.851806 -1.400725 1.103131 -0.706673 0.0 -0.0 -1e-06 
0.0 0.0 0.0 0.0 -0.0 0.0 3.691104 98.606232 -4.758051 0.749305 0.398977 -1.570706 -0.061315 0.132626 -1.459022 -0.487266 0.500733 -5.63832 -1.286589 -1.486338 10.873236 2.118528 1.883653 0.217375 -0.434223 1.339896 -3.459927 0.365212 1.027369 -6.977497 7.7e-05 -2.2e-05 6e-06 0.006621 0.033193 0.026591 0.724525 -3.694271 -10.530228 -0.712327 3.764994 -10.545994 -15.819625 -7.606511 13.978736 -54.645565 -8.455102 24.128096 -0.336243 -30.898403 0.008596 3.619785 6.355399 -17.329731 -5.882102 9.861279 0.70259 -10.936858 -0.360574 7.156195 0.0 8.774814 0.0 -16.211554 17.807573 5.817815 -1.844031 2.498503 -2.507276 -10.163589 4.678941 4.621103 -20.975994 -0.0 1e-06 -21.226252 2.451699 -3.593994 0.0 -6e-06 -0.0 -1.36268 2.240796 -0.746323 -21.334888 0.58491 3.008318 -13.821193 -1e-06 1e-06 -23.887127 -0.249074 -0.839485 -60.024216 2.387637 -1.585828 -0.294025 1.679686 0.833255 -14.218191 0.093216 1.300578 -34.211994 -0.28756 0.967166 -20.033173 0.964536 1.212838 -0.0 0.0 0.0 -3.440386 0.788233 0.501655 -15.928168 -3.167305 2.999702 -6.338816 -0.0 0.0 -18.123415 3.64818 -4.905661 -4e-06 0.0 -2e-06 14.217212 9.538344 15.603644 55.756638 11.979179 31.41625 0.104921 30.048351 -0.004901 -7.37202 -2.227764 -2.751505 2.24354 -5.255033 -3.180155 14.282875 -0.826595 6.952495 0.0 -12.690593 -1e-06 16.228136 -17.595451 2.59248 1.665665 -1.95592 -2.878296 4.727794 -4.170584 4.993918 11.020509 0.0 -0.0 12.109029 -3.735715 -2.866777 -0.0 0.0 -0.0 1.291984 -1.928548 -1.498088 14.800112 0.567466 3.865604 14.242552 -1.341739 -6.660646 19.631929 0.14392 -0.648243 50.03693 -0.813878 -6.351595 0.353029 -1.511149 -0.03194 20.222765 3.684304 2.316628 18.787243 0.0 -0.0 10.751607 -0.47987 1.397902 0.0 0.0 0.0 3.273804 0.305947 -0.58011 21.486788 11.830361 2.266131 8.162914 -0.0 -0.0 18.399046 -3.798986 -4.940566 3e-06 0.0 -1e-06 4.102421 0.351902 -4.212668 -0.007849 -0.111918 17.705561 -4.892003 -2.000908 -11.896083 1.643048 -1.915858 -0.999547 0.0 -0.0 2e-06 -3.389962 -2.149923 -4.676327 -0.048919 0.26739 20.18576 3.988171 0.13678 -13.82612 -1.400679 1.10362 -0.747196 0.0 -0.0 -1e-06 
0.0 0.0 0.0 0.0 -0.0 0.0 3.706194 98.611717 -4.840292 0.768648 0.453024 -1.505595 -0.059967 0.123806 -1.459557 -0.482649 0.499193 -5.633914 -1.285783 -1.467752 10.898777 2.083561 1.915848 0.180619 -0.4526 1.295333 -3.463506 0.320984 1.030681 -7.1278 7.7e-05 -2.2e-05 6e-06 0.008395 0.036132 0.028599 0.725517 -3.69377 -10.527605 -0.709695 3.770105 -10.545149 -15.861906 -7.588958 14.047308 -54.72282 -8.582725 24.206318 -0.31114 -30.950491 0.003598 3.741515 6.266658 -17.36393 -5.882102 9.861279 0.70259 -10.936858 -0.360574 7.156195 0.0 8.774814 0.0 -16.177513 17.823462 5.834694 -1.844031 2.498503 -2.507276 -10.163589 4.678941 4.621103 -20.975994 -0.0 1e-06 -21.226252 2.451699 -3.593994 0.0 -6e-06 -0.0 -1.36268 2.240796 -0.746323 -21.334888 0.58491 3.008318 -13.821193 -1e-06 1e-06 -23.887127 -0.249074 -0.839485 -59.99184 2.388331 -1.565674 -0.294025 1.679686 0.833255 -14.218191 0.093216 1.300578 -34.211994 -0.28756 0.967166 -20.033173 0.964536 1.212838 -0.0 0.0 0.0 -3.440386 0.788233 0.501655 -15.928168 -3.167305 2.999702 -6.338816 -0.0 0.0 -18.123415 3.64818 -4.905661 -4e-06 0.0 -2e-06 14.205655 9.538257 15.640925 55.701855 11.94458 31.487507 0.079358 29.986959 -0.026178 -7.566247 -2.253824 -2.879514 2.24354 -5.255033 -3.180155 14.282875 -0.826595 6.952495 0.0 -12.690593 -1e-06 16.235571 -17.592125 2.595782 1.665665 -1.95592 -2.878296 4.727794 -4.170584 4.993918 11.020509 0.0 -0.0 12.109029 -3.735715 -2.866777 -0.0 0.0 -0.0 1.291984 -1.928548 -1.498088 14.800112 0.567466 3.865604 14.242552 -1.341739 -6.660646 19.631929 0.14392 -0.648243 50.039101 -0.804043 -6.339561 0.353029 -1.511149 -0.03194 20.222765 3.684304 2.316628 18.787243 0.0 -0.0 10.751607 -0.47987 1.397902 0.0 0.0 0.0 3.273804 0.305947 -0.58011 21.486788 11.830361 2.266131 8.162914 -0.0 -0.0 18.399046 -3.798986 -4.940566 3e-06 0.0 -1e-06 4.075995 0.415732 -4.379465 -0.00753 -0.115981 17.75065 -4.859799 -2.092042 -11.84095 1.644289 -1.913207 -1.044691 0.0 -0.0 2e-06 -3.420054 -2.209784 -4.824197 -0.04938 0.271238 20.247334 4.00652 0.143397 -13.800823 -1.401788 1.099299 -0.783013 0.0 -0.0 -1e-06 
0.0 0.0 0.0 0.0 -0.0 0.0 3.707839 98.623489 -4.899285 0.77985 0.489247 -1.429746 -0.059229 0.121409 -1.452869 -0.482339 0.502723 -5.633399 -1.279697 -1.468712 10.927719 2.070204 1.93373 0.130227 -0.462259 1.258859 -3.460427 0.282128 1.062117 -7.303012 7.7e-05 -2.2e-05 6e-06 0.010171 0.03856 0.02864 0.729254 -3.693423 -10.525597 -0.709759 3.774405 -10.543684 -15.868369 -7.580584 14.117215 -54.797947 -8.725547 24.327112 -0.296599 -31.011999 -0.009504 3.864573 6.185653 -17.381453 -5.882102 9.861279 0.70259 -10.936858 -0.360574 7.156195 0.0 8.774814 0.0 -16.145296 17.842024 5.854677 -1.844031 2.498503 -2.507276 -10.163589 4.678941 4.621103 -20.975994 -0.0 1e-06 -21.226252 2.451699 -3.593994 0.0 -6e-06 -0.0 -1.36268 2.240796 -0.746323 -21.334888 0.58491 3.008318 -13.821193 -1e-06 1e-06 -23.887127 -0.249074 -0.839485 -59.962318 2.389373 -1.539297 -0.294025 1.679686 0.833255 -14.218191 0.093216 1.300578 -34.211994 -0.28756 0.967166 -20.033173 0.964536 1.212838 -0.0 0.0 0.0 -3.440386 0.788233 0.501655 -15.928168 -3.167305 2.999702 -6.338816 -0.0 0.0 -18.123415 3.64818 -4.905661 -4e-06 0.0 -2e-06 14.217604 9.543231 15.679002 55.627335 11.941269 31.508339 0.064766 29.861126 -0.045262 -7.731887 -2.295699 -2.975322 2.24354 -5.255033 -3.180155 14.282875 -0.826595 6.952495 0.0 -12.690593 -1e-06 16.240019 -17.582642 2.601867 1.665665 -1.95592 -2.878296 4.727794 -4.170584 4.993918 11.020509 0.0 -0.0 12.109029 -3.735715 -2.866777 -0.0 0.0 -0.0 1.291984 -1.928548 -1.498088 14.800112 0.567466 3.865604 14.242552 -1.341739 -6.660646 19.631929 0.14392 -0.648243 50.03754 -0.795246 -6.325397 0.353029 -1.511149 -0.03194 20.222765 3.684304 2.316628 18.787243 0.0 -0.0 10.751607 -0.47987 1.397902 0.0 0.0 0.0 3.273804 0.305947 -0.58011 21.486788 11.830361 2.266131 8.162914 -0.0 -0.0 18.399046 -3.798986 -4.940566 3e-06 0.0 -1e-06 4.051978 0.48838 -4.524831 -0.008262 -0.124067 17.73686 -4.837532 -2.155535 -11.775658 1.6442 -1.913431 -1.093471 0.0 -0.0 2e-06 -3.435747 -2.279649 -4.944064 -0.047411 0.273445 20.25305 3.994945 0.166741 -13.758274 -1.402111 1.09189 -0.824469 0.0 -0.0 -1e-06 
0.0 0.0 0.0 0.0 -0.0 0.0 3.712845 98.640022 -4.944956 0.784548 0.508618 -1.346212 -0.062492 0.116056 -1.443603 -0.487244 0.500384 -5.634023 -1.264313 -1.478776 10.95435 2.084726 1.946065 0.080039 -0.464464 1.24283 -3.456297 0.257697 1.091472 -7.479606 7.7e-05 -2.2e-05 6e-06 0.010507 0.036672 0.027874 0.730959 -3.69706 -10.524053 -0.710562 3.774218 -10.542699 -15.841504 -7.578322 14.174436 -54.874538 -8.853737 24.461189 -0.29532 -31.111307 -0.024024 3.988778 6.096626 -17.343683 -5.882102 9.861279 0.70259 -10.936858 -0.360574 7.156195 0.0 8.774814 0.0 -16.128883 17.856924 5.876959 -1.844031 2.498503 -2.507276 -10.163589 4.678941 4.621103 -20.975994 -0.0 1e-06 -21.226252 2.451699 -3.593994 0.0 -6e-06 -0.0 -1.36268 2.240796 -0.746323 -21.334888 0.58491 3.008318 -13.821193 -1e-06 1e-06 -23.887127 -0.249074 -0.839485 -59.968597 2.396775 -1.510629 -0.294025 1.679686 0.833255 -14.218191 0.093216 1.300578 -34.211994 -0.28756 0.967166 -20.033173 0.964536 1.212838 -0.0 0.0 0.0 -3.440386 0.788233 0.501655 -15.928168 -3.167305 2.999702 -6.338816 -0.0 0.0 -18.123415 3.64818 -4.905661 -4e-06 0.0 -2e-06 14.248717 9.561497 15.712246 55.522549 11.965855 31.465918 0.069253 29.695051 -0.053146 -7.880581 -2.314359 -2.95208 2.24354 -5.255033 -3.180155 14.282875 -0.826595 6.952495 0.0 -12.690593 -1e-06 16.243999 -17.57523 2.613641 1.665665 -1.95592 -2.878296 4.727794 -4.170584 4.993918 11.020509 0.0 -0.0 12.109029 -3.735715 -2.866777 -0.0 0.0 -0.0 1.291984 -1.928548 -1.498088 14.800112 0.567466 3.865604 14.242552 -1.341739 -6.660646 19.631929 0.14392 -0.648243 50.043137 -0.790783 -6.313037 0.353029 -1.511149 -0.03194 20.222765 3.684304 2.316628 18.787243 0.0 -0.0 10.751607 -0.47987 1.397902 0.0 0.0 0.0 3.273804 0.305947 -0.58011 21.486788 11.830361 2.266131 8.162914 -0.0 -0.0 18.399046 -3.798986 -4.940566 3e-06 0.0 -1e-06 4.028893 0.576235 -4.650518 -0.012949 -0.135432 17.689682 -4.813673 -2.210754 -11.706408 1.643116 -1.910963 -1.121889 0.0 -0.0 2e-06 -3.4505 -2.370861 -5.045537 -0.045139 0.275348 20.21604 3.980059 0.21842 -13.69756 -1.401172 1.083297 -0.851535 0.0 -0.0 -1e-06 
0.0 0.0 0.0 0.0 -0.0 0.0 3.733236 98.654434 -4.986057 0.780652 0.518888 -1.263115 -0.067589 0.11577 -1.435555 -0.493717 0.487267 -5.634702 -1.243748 -1.488175 10.984077 2.133195 1.962013 0.02351 -0.464328 1.234182 -3.458312 0.243341 1.100852 -7.646656 7.7e-05 -2.2e-05 6e-06 0.009248 0.030764 0.029827 0.728098 -3.703459 -10.514612 -0.709936 3.768841 -10.533141 -15.80069 -7.584451 14.236604 -54.938301 -8.980493 24.598391 -0.30735 -31.263517 -0.022357 4.09959 5.98667 -17.303364 -5.882102 9.861279 0.70259 -10.936858 -0.360574 7.156195 0.0 8.774814 0.0 -16.141056 17.861494 5.88286 -1.844031 2.498503 -2.507276 -10.163589 4.678941 4.621103 -20.975994 -0.0 1e-06 -21.226252 2.451699 -3.593994 0.0 -6e-06 -0.0 -1.36268 2.240796 -0.746323 -21.334888 0.58491 3.008318 -13.821193 -1e-06 1e-06 -23.887127 -0.249074 -0.839485 -60.007446 2.4088 -1.482496 -0.294025 1.679686 0.833255 -14.218191 0.093216 1.300578 -34.211994 -0.28756 0.967166 -20.033173 0.964536 1.212838 -0.0 0.0 0.0 -3.440386 0.788233 0.501655 -15.928168 -3.167305 2.999702 -6.338816 -0.0 0.0 -18.123415 3.64818 -4.905661 -4e-06 0.0 -2e-06 14.295752 9.594044 15.733585 55.39547 11.996284 31.401154 0.065839 29.565451 -0.053116 -8.058146 -2.325246 -2.913311 2.24354 -5.255033 -3.180155 14.282875 -0.826595 6.952495 0.0 -12.690593 -1e-06 16.249371 -17.579859 2.623523 1.665665 -1.95592 -2.878296 4.727794 -4.170584 4.993918 11.020509 0.0 -0.0 12.109029 -3.735715 -2.866777 -0.0 0.0 -0.0 1.291984 -1.928548 -1.498088 14.800112 0.567466 3.865604 14.242552 -1.341739 -6.660646 19.631929 0.14392 -0.648243 50.044373 -0.786167 -6.314692 0.353029 -1.511149 -0.03194 20.222765 3.684304 2.316628 18.787243 0.0 -0.0 10.751607 -0.47987 1.397902 0.0 0.0 0.0 3.273804 0.305947 -0.58011 21.486788 11.830361 2.266131 8.162914 -0.0 -0.0 18.399046 -3.798986 -4.940566 3e-06 0.0 -1e-06 4.016106 0.664737 -4.785082 -0.021464 -0.141264 17.671492 -4.795381 -2.272911 -11.651089 1.641842 -1.905837 -1.130708 0.0 -0.0 2e-06 -3.468051 -2.47614 -5.14378 -0.04612 0.273394 20.176579 3.968146 0.283439 -13.635617 -1.401264 1.072835 -0.85801 0.0 -0.0 -1e-06 
0.0 0.0 0.0 0.0 -0.0 0.0 3.763525 98.665825 -5.024599 0.767587 0.521109 -1.183779 -0.073249 0.112543 -1.424454 -0.496951 0.469018 -5.629792 -1.224998 -1.487893 11.020811 2.202606 1.970012 -0.060996 -0.464694 1.227374 -3.466871 0.24649 1.096344 -7.813293 7.7e-05 -2.2e-05 6e-06 0.007715 0.023149 0.034577 0.722799 -3.711062 -10.501772 -0.707493 3.761429 -10.517658 -15.771332 -7.600879 14.29211 -54.966343 -9.109111 24.708246 -0.334514 -31.458376 -0.001783 4.196914 5.851283 -17.301584 -5.882102 9.861279 0.70259 -10.936858 -0.360574 7.156195 0.0 8.774814 0.0 -16.165024 17.84507 5.871097 -1.844031 2.498503 -2.507276 -10.163589 4.678941 4.621103 -20.975994 -0.0 1e-06 -21.226252 2.451699 -3.593994 0.0 -6e-06 -0.0 -1.36268 2.240796 -0.746323 -21.334888 0.58491 3.008318 -13.821193 -1e-06 1e-06 -23.887127 -0.249074 -0.839485 -60.042732 2.41353 -1.461785 -0.294025 1.679686 0.833255 -14.218191 0.093216 1.300578 -34.211994 -0.28756 0.967166 -20.033173 0.964536 1.212838 -0.0 0.0 0.0 -3.440386 0.788233 0.501655 -15.928168 -3.167305 2.999702 -6.338816 -0.0 0.0 -18.123415 3.64818 -4.905661 -4e-06 0.0 -2e-06 14.345216 9.625126 15.757418 55.263107 12.047666 31.257416 0.065232 29.507975 -0.04192 -8.287682 -2.317002 -2.860576 2.24354 -5.255033 -3.180155 14.282875 -0.826595 6.952495 0.0 -12.690593 -1e-06 16.237795 -17.577658 2.633263 1.665665 -1.95592 -2.878296 4.727794 -4.170584 4.993918 11.020509 0.0 -0.0 12.109029 -3.735715 -2.866777 -0.0 0.0 -0.0 1.291984 -1.928548 -1.498088 14.800112 0.567466 3.865604 14.242552 -1.341739 -6.660646 19.631929 0.14392 -0.648243 50.023613 -0.774665 -6.310848 0.353029 -1.511149 -0.03194 20.222765 3.684304 2.316628 18.787243 0.0 -0.0 10.751607 -0.47987 1.397902 0.0 0.0 0.0 3.273804 0.305947 -0.58011 21.486788 11.830361 2.266131 8.162914 -0.0 -0.0 18.399046 -3.798986 -4.940566 3e-06 0.0 -1e-06 4.075306 0.759146 -4.854722 -0.030579 -0.143161 17.686893 -4.840786 -2.346422 -11.607569 1.641073 -1.900098 -1.129619 0.0 -0.0 2e-06 -3.483095 -2.580494 -5.239566 -0.048261 0.266765 20.141302 3.960364 0.363293 -13.575944 -1.402709 1.062763 -0.859006 0.0 -0.0 -1e-06 
0.0 0.0 0.0 0.0 -0.0 0.0 3.812863 98.67318 -5.055395 0.745765 0.505634 -1.105249 -0.075938 0.110279 -1.406862 -0.499224 0.452274 -5.620063 -1.210379 -1.499376 11.064261 2.285845 1.97052 -0.172071 -0.453721 1.23895 -3.470634 0.228703 1.084695 -8.005841 7.7e-05 -2.2e-05 6e-06 0.006537 0.016346 0.042172 0.717602 -3.718863 -10.490178 -0.704543 3.755907 -10.503822 -15.733462 -7.618039 14.301431 -54.972942 -9.254791 24.857998 -0.348511 -31.676525 0.003442 4.293967 5.736729 -17.384069 -5.882102 9.861279 0.70259 -10.936858 -0.360574 7.156195 0.0 8.774814 0.0 -16.165295 17.814119 5.863079 -1.844031 2.498503 -2.507276 -10.163589 4.678941 4.621103 -20.975994 -0.0 1e-06 -21.226252 2.451699 -3.593994 0.0 -6e-06 -0.0 -1.36268 2.240796 -0.746323 -21.334888 0.58491 3.008318 -13.821193 -1e-06 1e-06 -23.887127 -0.249074 -0.839485 -60.061752 2.423723 -1.441382 -0.294025 1.679686 0.833255 -14.218191 0.093216 1.300578 -34.211994 -0.28756 0.967166 -20.033173 0.964536 1.212838 -0.0 0.0 0.0 -3.440386 0.788233 0.501655 -15.928168 -3.167305 2.999702 -6.338816 -0.0 0.0 -18.123415 3.64818 -4.905661 -4e-06 0.0 -2e-06 14.380553 9.668495 15.790861 55.128075 12.148472 31.016972 0.09112 29.557682 -0.030908 -8.552009 -2.283458 -2.740403 2.24354 -5.255033 -3.180155 14.282875 -0.826595 6.952495 0.0 -12.690593 -1e-06 16.211163 -17.558575 2.648799 1.665665 -1.95592 -2.878296 4.727794 -4.170584 4.993918 11.020509 0.0 -0.0 12.109029 -3.735715 -2.866777 -0.0 0.0 -0.0 1.291984 -1.928548 -1.498088 14.800112 0.567466 3.865604 14.242552 -1.341739 -6.660646 19.631929 0.14392 -0.648243 49.9879 -0.75403 -6.295632 0.353029 -1.511149 -0.03194 20.222765 3.684304 2.316628 18.787243 0.0 -0.0 10.751607 -0.47987 1.397902 0.0 0.0 0.0 3.273804 0.305947 -0.58011 21.486788 11.830361 2.266131 8.162914 -0.0 -0.0 18.399046 -3.798986 -4.940566 3e-06 0.0 -1e-06 4.080669 0.890229 -4.986328 -0.039273 -0.147972 17.743753 -4.823062 -2.410123 -11.601317 1.64019 -1.906807 -1.138776 0.0 -0.0 2e-06 -3.503986 -2.684841 -5.335758 -0.049139 0.25703 20.113443 3.997352 0.486669 -13.520534 -1.404531 1.053425 -0.874259 0.0 -0.0 -1e-06 
0.0 0.0 0.0 0.0 -0.0 0.0 3.872888 98.674904 -5.072965 0.719398 0.479332 -1.028149 -0.076464 0.108554 -1.389622 -0.502027 0.441087 -5.607262 -1.191483 -1.518439 11.111897 2.355517 1.955557 -0.304214 -0.434232 1.249699 -3.476357 0.197525 1.076758 -8.210755 7.7e-05 -2.2e-05 6e-06 0.005905 0.009508 0.04909 0.711365 -3.726601 -10.476454 -0.699486 3.750073 -10.489656 -15.710289 -7.633948 14.282088 -54.954159 -9.46111 25.08218 -0.333436 -31.853973 -0.009157 4.44473 5.635914 -17.487038 -5.882102 9.861279 0.70259 -10.936858 -0.360574 7.156195 0.0 8.774814 0.0 -16.150383 17.788301 5.87041 -1.844031 2.498503 -2.507276 -10.163589 4.678941 4.621103 -20.975994 -0.0 1e-06 -21.226252 2.451699 -3.593994 0.0 -6e-06 -0.0 -1.36268 2.240796 -0.746323 -21.334888 0.58491 3.008318 -13.821193 -1e-06 1e-06 -23.887127 -0.249074 -0.839485 -60.073925 2.444902 -1.426433 -0.294025 1.679686 0.833255 -14.218191 0.093216 1.300578 -34.211994 -0.28756 0.967166 -20.033173 0.964536 1.212838 -0.0 0.0 0.0 -3.440386 0.788233 0.501655 -15.928168 -3.167305 2.999702 -6.338816 -0.0 0.0 -18.123415 3.64818 -4.905661 -4e-06 0.0 -2e-06 14.412138 9.726233 15.812038 54.984249 12.274081 30.80599 0.090967 29.718502 -0.037008 -8.786184 -2.236603 -2.712131 2.24354 -5.255033 -3.180155 14.282875 -0.826595 6.952495 0.0 -12.690593 -1e-06 16.19331 -17.540606 2.651276 1.665665 -1.95592 -2.878296 4.727794 -4.170584 4.993918 11.020509 0.0 -0.0 12.109029 -3.735715 -2.866777 -0.0 0.0 -0.0 1.291984 -1.928548 -1.498088 14.800112 0.567466 3.865604 14.242552 -1.341739 -6.660646 19.631929 0.14392 -0.648243 49.948254 -0.738185 -6.291155 0.353029 -1.511149 -0.03194 20.222765 3.684304 2.316628 18.787243 0.0 -0.0 10.751607 -0.47987 1.397902 0.0 0.0 0.0 3.273804 0.305947 -0.58011 21.486788 11.830361 2.266131 8.162914 -0.0 -0.0 18.399046 -3.798986 -4.940566 3e-06 0.0 -1e-06 4.082862 1.030235 -5.124493 -0.042672 -0.147122 17.840338 -4.797959 -2.450753 -11.626136 1.638902 -1.917707 -1.152673 0.0 -0.0 2e-06 -3.529987 -2.788517 -5.432443 -0.043876 0.251475 20.10512 4.066465 0.615704 -13.481855 -1.405848 1.044111 -0.907943 0.0 -0.0 -1e-06 
0.0 0.0 0.0 0.0 -0.0 0.0 3.941023 98.669785 -5.072665 0.689556 0.445996 -0.951324 -0.075767 0.104723 -1.364514 -0.498027 0.438584 -5.595093 -1.177942 -1.535132 11.148602 2.395243 1.927894 -0.434407 -0.409689 1.270912 -3.478047 0.19394 1.043385 -8.422747 7.7e-05 -2.2e-05 6e-06 0.005545 0.006388 0.054904 0.705536 -3.72926 -10.454755 -0.694277 3.746445 -10.46721 -15.718 -7.637074 14.258137 -54.889297 -9.743891 25.277809 -0.296426 -31.991385 -0.032257 4.630862 5.555079 -17.571207 -5.882102 9.861279 0.70259 -10.936858 -0.360574 7.156195 0.0 8.774814 0.0 -16.124414 17.769775 5.887002 -1.844031 2.498503 -2.507276 -10.163589 4.678941 4.621103 -20.975994 -0.0 1e-06 -21.226252 2.451699 -3.593994 0.0 -6e-06 -0.0 -1.36268 2.240796 -0.746323 -21.334888 0.58491 3.008318 -13.821193 -1e-06 1e-06 -23.887127 -0.249074 -0.839485 -60.083195 2.473438 -1.41519 -0.294025 1.679686 0.833255 -14.218191 0.093216 1.300578 -34.211994 -0.28756 0.967166 -20.033173 0.964536 1.212838 -0.0 0.0 0.0 -3.440386 0.788233 0.501655 -15.928168 -3.167305 2.999702 -6.338816 -0.0 0.0 -18.123415 3.64818 -4.905661 -4e-06 0.0 -2e-06 14.43853 9.796209 15.851344 54.849194 12.429464 30.606911 0.050686 29.98934 -0.0623 -8.964117 -2.16906 -2.780329 2.24354 -5.255033 -3.180155 14.282875 -0.826595 6.952495 0.0 -12.690593 -1e-06 16.195059 -17.528511 2.638016 1.665665 -1.95592 -2.878296 4.727794 -4.170584 4.993918 11.020509 0.0 -0.0 12.109029 -3.735715 -2.866777 -0.0 0.0 -0.0 1.291984 -1.928548 -1.498088 14.800112 0.567466 3.865604 14.242552 -1.341739 -6.660646 19.631929 0.14392 -0.648243 49.899136 -0.73381 -6.308187 0.353029 -1.511149 -0.03194 20.222765 3.684304 2.316628 18.787243 0.0 -0.0 10.751607 -0.47987 1.397902 0.0 0.0 0.0 3.273804 0.305947 -0.58011 21.486788 11.830361 2.266131 8.162914 -0.0 -0.0 18.399046 -3.798986 -4.940566 3e-06 0.0 -1e-06 4.084094 1.182537 -5.269611 -0.041765 -0.138624 17.979898 -4.775751 -2.505162 -11.684874 1.636972 -1.919847 -1.181457 0.0 -0.0 2e-06 -3.561415 -2.90701 -5.530063 -0.035121 0.248928 20.122578 4.122989 0.744539 -13.466717 -1.40658 1.04116 -0.945112 0.0 -0.0 -1e-06 
0.0 0.0 0.0 0.0 -0.0 0.0 4.02582 98.661186 -5.047634 0.656647 0.398402 -0.881469 -0.072618 0.096289 -1.332286 -0.489208 0.447037 -5.589865 -1.177173 -1.543272 11.192605 2.414972 1.889004 -0.557919 -0.392382 1.290275 -3.47518 0.216067 1.007896 -8.655901 7.7e-05 -2.2e-05 6e-06 0.005492 0.007339 0.056373 0.699578 -3.728489 -10.436666 -0.688331 3.747622 -10.449156 -15.733298 -7.627836 14.268029 -54.81184 -10.106749 25.251684 -0.264527 -32.122841 -0.045262 4.902999 5.453787 -17.719143 -5.882102 9.861279 0.70259 -10.936858 -0.360574 7.156195 0.0 8.774814 0.0 -16.081154 17.762287 5.897784 -1.844031 2.498503 -2.507276 -10.163589 4.678941 4.621103 -20.975994 -0.0 1e-06 -21.226252 2.451699 -3.593994 0.0 -6e-06 -0.0 -1.36268 2.240796 -0.746323 -21.334888 0.58491 3.008318 -13.821193 -1e-06 1e-06 -23.887127 -0.249074 -0.839485 -60.056179 2.490507 -1.433212 -0.294025 1.679686 0.833255 -14.218191 0.093216 1.300578 -34.211994 -0.28756 0.967166 -20.033173 0.964536 1.212838 -0.0 0.0 0.0 -3.440386 0.788233 0.501655 -15.928168 -3.167305 2.999702 -6.338816 -0.0 0.0 -18.123415 3.64818 -4.905661 -4e-06 0.0 -2e-06 14.4538 9.872517 15.907606 54.745121 12.632091 30.377264 -0.002701 30.340572 -0.088269 -9.104039 -2.096617 -2.888748 2.24354 -5.255033 -3.180155 14.282875 -0.826595 6.952495 0.0 -12.690593 -1e-06 16.204985 -17.532513 2.62753 1.665665 -1.95592 -2.878296 4.727794 -4.170584 4.993918 11.020509 0.0 -0.0 12.109029 -3.735715 -2.866777 -0.0 0.0 -0.0 1.291984 -1.928548 -1.498088 14.800112 0.567466 3.865604 14.242552 -1.341739 -6.660646 19.631929 0.14392 -0.648243 49.869503 -0.745115 -6.340309 0.353029 -1.511149 -0.03194 20.222765 3.684304 2.316628 18.787243 0.0 -0.0 10.751607 -0.47987 1.397902 0.0 0.0 0.0 3.273804 0.305947 -0.58011 21.486788 11.830361 2.266131 8.162914 -0.0 -0.0 18.399046 -3.798986 -4.940566 3e-06 0.0 -1e-06 4.080824 1.371769 -5.393987 -0.039688 -0.129179 18.13339 -4.749358 -2.592263 -11.768165 1.633614 -1.920527 -1.198019 0.0 -0.0 2e-06 -3.601787 -3.029847 -5.603201 -0.026511 0.253752 20.135332 4.170547 0.870035 -13.464028 -1.405665 1.041878 -1.005288 0.0 -0.0 -1e-06 
0.0 0.0 0.0 0.0 -0.0 0.0 4.128076 98.646973 -5.000319 0.599612 0.348839 -0.823712 -0.05394 0.083204 -1.299725 -0.472213 0.444212 -5.589911 -1.187312 -1.523933 11.244525 2.429151 1.875511 -0.653243 -0.389612 1.286744 -3.474423 0.246779 0.965547 -8.937421 7.7e-05 -2.2e-05 6e-06 0.006121 0.009601 0.056347 0.694829 -3.727435 -10.420405 -0.682223 3.750831 -10.432652 -15.716219 -7.60516 14.294559 -54.766903 -10.510008 24.968428 -0.246497 -32.276508 -0.053732 5.311747 5.277339 -17.96579 -5.882102 9.861279 0.70259 -10.936858 -0.360574 7.156195 0.0 8.774814 0.0 -16.03532 17.769588 5.907207 -1.844031 2.498503 -2.507276 -10.163589 4.678941 4.621103 -20.975994 -0.0 1e-06 -21.226252 2.451699 -3.593994 0.0 -6e-06 -0.0 -1.36268 2.240796 -0.746323 -21.334888 0.58491 3.008318 -13.821193 -1e-06 1e-06 -23.887127 -0.249074 -0.839485 -60.043888 2.493564 -1.466159 -0.294025 1.679686 0.833255 -14.218191 0.093216 1.300578 -34.211994 -0.28756 0.967166 -20.033173 0.964536 1.212838 -0.0 0.0 0.0 -3.440386 0.788233 0.501655 -15.928168 -3.167305 2.999702 -6.338816 -0.0 0.0 -18.123415 3.64818 -4.905661 -4e-06 0.0 -2e-06 14.439662 9.956217 15.958278 54.712029 12.880645 30.095795 -0.041962 30.731607 -0.105323 -9.193977 -2.016405 -2.959492 2.24354 -5.255033 -3.180155 14.282875 -0.826595 6.952495 0.0 -12.690593 -1e-06 16.213167 -17.54122 2.628052 1.665665 -1.95592 -2.878296 4.727794 -4.170584 4.993918 11.020509 0.0 -0.0 12.109029 -3.735715 -2.866777 -0.0 0.0 -0.0 1.291984 -1.928548 -1.498088 14.800112 0.567466 3.865604 14.242552 -1.341739 -6.660646 19.631929 0.14392 -0.648243 49.842819 -0.756451 -6.368991 0.353029 -1.511149 -0.03194 20.222765 3.684304 2.316628 18.787243 0.0 -0.0 10.751607 -0.47987 1.397902 0.0 0.0 0.0 3.273804 0.305947 -0.58011 21.486788 11.830361 2.266131 8.162914 -0.0 -0.0 18.399046 -3.798986 -4.940566 3e-06 0.0 -1e-06 4.098096 1.597853 -5.515481 -0.041958 -0.125837 18.340841 -4.721183 -2.701791 -11.893551 1.631935 -1.918003 -1.233816 0.0 -0.0 2e-06 -3.625786 -3.134025 -5.640434 -0.019388 0.259814 20.131771 4.233906 0.997127 -13.469088 -1.40433 1.041936 -1.076836 0.0 -0.0 -1e-06 
0.0 0.0 0.0 0.0 -0.0 0.0 4.248291 98.633118 -4.929095 0.503969 0.294195 -0.78682 -0.00488 0.063802 -1.276009 -0.449994 0.444235 -5.594984 -1.206477 -1.491882 11.301472 2.418908 1.885056 -0.71836 -0.395538 1.283406 -3.474248 0.308891 0.907799 -9.26813 7.7e-05 -2.2e-05 6e-06 0.007494 0.013291 0.057393 0.689254 -3.725228 -10.401679 -0.673772 3.755816 -10.413401 -15.654961 -7.57987 14.297691 -54.769794 -10.897118 24.48727 -0.228168 -32.46323 -0.077739 5.855316 5.013113 -18.201017 -5.882102 9.861279 0.70259 -10.936858 -0.360574 7.156195 0.0 8.774814 0.0 -16.006243 17.802223 5.941494 -1.844031 2.498503 -2.507276 -10.163589 4.678941 4.621103 -20.975994 -0.0 1e-06 -21.226252 2.451699 -3.593994 0.0 -6e-06 -0.0 -1.36268 2.240796 -0.746323 -21.334888 0.58491 3.008318 -13.821193 -1e-06 1e-06 -23.887127 -0.249074 -0.839485 -60.108952 2.495254 -1.478895 -0.294025 1.679686 0.833255 -14.218191 0.093216 1.300578 -34.211994 -0.28756 0.967166 -20.033173 0.964536 1.212838 -0.0 0.0 0.0 -3.440386 0.788233 0.501655 -15.928168 -3.167305 2.999702 -6.338816 -0.0 0.0 -18.123415 3.64818 -4.905661 -4e-06 0.0 -2e-06 14.367479 10.049193 16.027143 54.753853 13.205137 29.815128 -0.060465 31.186985 -0.124334 -9.21111 -1.946499 -3.005149 2.24354 -5.255033 -3.180155 14.282875 -0.826595 6.952495 0.0 -12.690593 -1e-06 16.225185 -17.560276 2.637228 1.665665 -1.95592 -2.878296 4.727794 -4.170584 4.993918 11.020509 0.0 -0.0 12.109029 -3.735715 -2.866777 -0.0 0.0 -0.0 1.291984 -1.928548 -1.498088 14.800112 0.567466 3.865604 14.242552 -1.341739 -6.660646 19.631929 0.14392 -0.648243 49.829876 -0.756946 -6.38043 0.353029 -1.511149 -0.03194 20.222765 3.684304 2.316628 18.787243 0.0 -0.0 10.751607 -0.47987 1.397902 0.0 0.0 0.0 3.273804 0.305947 -0.58011 21.486788 11.830361 2.266131 8.162914 -0.0 -0.0 18.399046 -3.798986 -4.940566 3e-06 0.0 -1e-06 4.157245 1.90162 -5.6072 -0.050715 -0.129359 18.570538 -4.696831 -2.830495 -12.044021 1.634881 -1.907246 -1.290724 0.0 -0.0 2e-06 -3.619185 -3.2236 -5.603206 -0.015128 0.264396 20.052921 4.290513 1.146391 -13.452251 -1.404485 1.047648 -1.157994 0.0 -0.0 -1e-06 
0.0 0.0 0.0 0.0 -0.0 0.0 4.396554 98.609665 -4.811212 0.353915 0.240726 -0.795986 0.085331 0.040538 -1.261534 -0.432929 0.464987 -5.594723 -1.212433 -1.47238 11.378196 2.37574 1.909983 -0.762771 -0.392396 1.300761 -3.484375 0.369696 0.824621 -9.666306 7.7e-05 -2.2e-05 6e-06 0.010427 0.01833 0.057051 0.683064 -3.722315 -10.385525 -0.661655 3.763216 -10.398867 -15.509786 -7.56982 14.304807 -54.8396 -11.320973 23.849619 -0.262352 -32.719521 -0.093802 6.597209 4.675194 -18.38242 -5.882102 9.861279 0.70259 -10.936858 -0.360574 7.156195 0.0 8.774814 0.0 -15.991649 17.863731 6.002657 -1.844031 2.498503 -2.507276 -10.163589 4.678941 4.621103 -20.975994 -0.0 1e-06 -21.226252 2.451699 -3.593994 0.0 -6e-06 -0.0 -1.36268 2.240796 -0.746323 -21.334888 0.58491 3.008318 -13.821193 -1e-06 1e-06 -23.887127 -0.249074 -0.839485 -60.20784 2.507415 -1.476901 -0.294025 1.679686 0.833255 -14.218191 0.093216 1.300578 -34.211994 -0.28756 0.967166 -20.033173 0.964536 1.212838 -0.0 0.0 0.0 -3.440386 0.788233 0.501655 -15.928168 -3.167305 2.999702 -6.338816 -0.0 0.0 -18.123415 3.64818 -4.905661 -4e-06 0.0 -2e-06 14.187211 10.165348 16.123663 54.846298 13.645087 29.565861 -0.061938 31.807482 -0.166508 -9.14038 -1.889349 -2.989656 2.24354 -5.255033 -3.180155 14.282875 -0.826595 6.952495 0.0 -12.690593 -1e-06 16.208418 -17.562696 2.659601 1.665665 -1.95592 -2.878296 4.727794 -4.170584 4.993918 11.020509 0.0 -0.0 12.109029 -3.735715 -2.866777 -0.0 0.0 -0.0 1.291984 -1.928548 -1.498088 14.800112 0.567466 3.865604 14.242552 -1.341739 -6.660646 19.631929 0.14392 -0.648243 49.810143 -0.734976 -6.361591 0.353029 -1.511149 -0.03194 20.222765 3.684304 2.316628 18.787243 0.0 -0.0 10.751607 -0.47987 1.397902 0.0 0.0 0.0 3.273804 0.305947 -0.58011 21.486788 11.830361 2.266131 8.162914 -0.0 -0.0 18.399046 -3.798986 -4.940566 3e-06 0.0 -1e-06 4.275124 2.29696 -5.657425 -0.063747 -0.12881 18.88619 -4.673462 -3.023276 -12.266709 1.639647 -1.886446 -1.346722 0.0 -0.0 2e-06 -3.574445 -3.303522 -5.453908 -0.013307 0.270076 19.913214 4.354695 1.323202 -13.439282 -1.407248 1.063728 -1.252222 0.0 -0.0 -1e-06 
0.0 0.0 0.0 0.0 -0.0 0.0 4.599423 98.539452 -4.642217 0.143997 0.17501 -0.913003 0.225438 0.018776 -1.232781 -0.42666 0.494104 -5.578526 -1.183457 -1.485071 11.512641 2.272175 1.985815 -0.794318 -0.374417 1.320841 -3.509673 0.435597 0.682669 -10.139792 7.7e-05 -2.2e-05 6e-06 0.014289 0.021943 0.054361 0.679827 -3.720561 -10.37649 -0.650604 3.769455 -10.39077 -15.207582 -7.542639 14.412314 -54.976151 -11.995584 23.147982 -0.363456 -33.254326 -0.069044 7.598353 4.254995 -18.447962 -5.882102 9.861279 0.70259 -10.936858 -0.360574 7.156195 0.0 8.774814 0.0 -15.991821 17.930307 6.06506 -1.844031 2.498503 -2.507276 -10.163589 4.678941 4.621103 -20.975994 -0.0 1e-06 -21.226252 2.451699 -3.593994 0.0 -6e-06 -0.0 -1.36268 2.240796 -0.746323 -21.334888 0.58491 3.008318 -13.821193 -1e-06 1e-06 -23.887127 -0.249074 -0.839485 -60.34277 2.550987 -1.453605 -0.294025 1.679686 0.833255 -14.218191 0.093216 1.300578 -34.211994 -0.28756 0.967166 -20.033173 0.964536 1.212838 -0.0 0.0 0.0 -3.440386 0.788233 0.501655 -15.928168 -3.167305 2.999702 -6.338816 -0.0 0.0 -18.123415 3.64818 -4.905661 -4e-06 0.0 -2e-06 13.832129 10.340139 16.256483 54.857594 14.267703 29.264666 -0.1093 32.999214 -0.242666 -8.939134 -1.879151 -2.871721 2.24354 -5.255033 -3.180155 14.282875 -0.826595 6.952495 0.0 -12.690593 -1e-06 16.143625 -17.532265 2.697701 1.665665 -1.95592 -2.878296 4.727794 -4.170584 4.993918 11.020509 0.0 -0.0 12.109029 -3.735715 -2.866777 -0.0 0.0 -0.0 1.291984 -1.928548 -1.498088 14.800112 0.567466 3.865604 14.242552 -1.341739 -6.660646 19.631929 0.14392 -0.648243 49.727379 -0.708057 -6.319882 0.353029 -1.511149 -0.03194 20.222765 3.684304 2.316628 18.787243 0.0 -0.0 10.751607 -0.47987 1.397902 0.0 0.0 0.0 3.273804 0.305947 -0.58011 21.486788 11.830361 2.266131 8.162914 -0.0 -0.0 18.399046 -3.798986 -4.940566 3e-06 0.0 -1e-06 4.436451 2.730022 -5.703142 -0.074509 -0.127338 19.516739 -4.577664 -3.298156 -12.700222 1.642678 -1.855966 -1.382978 0.0 -0.0 2e-06 -3.508278 -3.351803 -5.218568 -0.018164 0.265823 19.909405 4.519065 1.54452 -13.535769 -1.411854 1.079209 -1.31846 0.0 -0.0 -1e-06 
0.0 0.0 0.0 0.0 -0.0 0.0 4.894959 98.380539 -4.449252 -0.028433 0.015964 -1.204076 0.367004 0.016622 -1.136537 -0.448859 0.485709 -5.537037 -1.128945 -1.513836 11.708834 2.049673 2.07803 -0.834239 -0.316948 1.275697 -3.514288 0.555117 0.508637 -10.649084 7.7e-05 -2.2e-05 6e-06 0.011829 0.00815 0.056693 0.67003 -3.735044 -10.358971 -0.645327 3.756698 -10.370716 -14.620175 -7.478656 14.693625 -55.145805 -13.134003 22.540964 -0.405092 -34.704613 -0.004133 8.940993 3.470557 -18.54146 -5.882102 9.861279 0.70259 -10.936858 -0.360574 7.156195 0.0 8.774814 0.0 -16.028763 18.031912 6.09189 -1.844031 2.498503 -2.507276 -10.163589 4.678941 4.621103 -20.975994 -0.0 1e-06 -21.226252 2.451699 -3.593994 0.0 -6e-06 -0.0 -1.36268 2.240796 -0.746323 -21.334888 0.58491 3.008318 -13.821193 -1e-06 1e-06 -23.887127 -0.249074 -0.839485 -60.550919 2.662599 -1.455168 -0.294025 1.679686 0.833255 -14.218191 0.093216 1.300578 -34.211994 -0.28756 0.967166 -20.033173 0.964536 1.212838 -0.0 0.0 0.0 -3.440386 0.788233 0.501655 -15.928168 -3.167305 2.999702 -6.338816 -0.0 0.0 -18.123415 3.64818 -4.905661 -4e-06 0.0 -2e-06 13.14722 10.587795 16.391125 54.525639 15.155225 28.365778 -0.1625 35.599392 -0.294963 -8.693461 -1.858625 -2.581153 2.24354 -5.255033 -3.180155 14.282875 -0.826595 6.952495 0.0 -12.690593 -1e-06 16.103926 -17.565577 2.7496 1.665665 -1.95592 -2.878296 4.727794 -4.170584 4.993918 11.020509 0.0 -0.0 12.109029 -3.735715 -2.866777 -0.0 0.0 -0.0 1.291984 -1.928548 -1.498088 14.800112 0.567466 3.865604 14.242552 -1.341739 -6.660646 19.631929 0.14392 -0.648243 49.594353 -0.743272 -6.308235 0.353029 -1.511149 -0.03194 20.222765 3.684304 2.316628 18.787243 0.0 -0.0 10.751607 -0.47987 1.397902 0.0 0.0 0.0 3.273804 0.305947 -0.58011 21.486788 11.830361 2.266131 8.162914 -0.0 -0.0 18.399046 -3.798986 -4.940566 3e-06 0.0 -1e-06 4.497602 3.146583 -5.737206 -0.06542 -0.117964 20.593271 -4.279267 -3.607686 -13.429892 1.642287 -1.833455 -1.368127 0.0 -0.0 2e-06 -3.585906 -3.329173 -5.076212 -0.019433 0.248808 20.400921 4.82623 1.859141 -13.876539 -1.414568 1.08717 -1.307484 0.0 -0.0 -1e-06 
0.0 0.0 0.0 0.0 -0.0 0.0 5.260728 98.138206 -4.261841 -0.082838 -0.278116 -1.592517 0.468044 0.01657 -0.979387 -0.486219 0.439665 -5.474814 -1.133385 -1.529064 11.896768 1.807972 2.125795 -0.820768 -0.25219 1.106935 -3.493181 0.638679 0.358353 -11.177386 7.7e-05 -2.2e-05 6e-06 0.004739 -0.018881 0.055389 0.648913 -3.760723 -10.346317 -0.637967 3.728526 -10.350776 -13.790841 -7.362018 14.902237 -54.979599 -14.782567 21.630466 -0.081383 -38.484989 -0.118557 10.966085 1.809093 -19.479671 -5.882102 9.861279 0.70259 -10.936858 -0.360574 7.156195 0.0 8.774814 0.0 -16.02997 18.29464 6.155679 -1.844031 2.498503 -2.507276 -10.163589 4.678941 4.621103 -20.975994 -0.0 1e-06 -21.226252 2.451699 -3.593994 0.0 -6e-06 -0.0 -1.36268 2.240796 -0.746323 -21.334888 0.58491 3.008318 -13.821193 -1e-06 1e-06 -23.887127 -0.249074 -0.839485 -60.840107 2.838646 -1.496189 -0.294025 1.679686 0.833255 -14.218191 0.093216 1.300578 -34.211994 -0.28756 0.967166 -20.033173 0.964536 1.212838 -0.0 0.0 0.0 -3.440386 0.788233 0.501655 -15.928168 -3.167305 2.999702 -6.338816 -0.0 0.0 -18.123415 3.64818 -4.905661 -4e-06 0.0 -2e-06 12.143932 10.853815 16.409401 53.263744 16.59733 26.195599 -0.081737 40.66692 -0.194538 -9.290321 -1.674114 -2.370979 2.24354 -5.255033 -3.180155 14.282875 -0.826595 6.952495 0.0 -12.690593 -1e-06 16.124819 -17.826721 2.822566 1.665665 -1.95592 -2.878296 4.727794 -4.170584 4.993918 11.020509 0.0 -0.0 12.109029 -3.735715 -2.866777 -0.0 0.0 -0.0 1.291984 -1.928548 -1.498088 14.800112 0.567466 3.865604 14.242552 -1.341739 -6.660646 19.631929 0.14392 -0.648243 49.443882 -0.875 -6.360159 0.353029 -1.511149 -0.03194 20.222765 3.684304 2.316628 18.787243 0.0 -0.0 10.751607 -0.47987 1.397902 0.0 0.0 0.0 3.273804 0.305947 -0.58011 21.486788 11.830361 2.266131 8.162914 -0.0 -0.0 18.399046 -3.798986 -4.940566 3e-06 0.0 -1e-06 4.375618 3.538928 -5.787277 -0.0362 -0.10508 21.97307 -3.895031 -3.82722 -14.360234 1.640419 -1.870889 -1.353454 0.0 -0.0 2e-06 -3.818488 -3.224509 -5.038714 -0.014207 0.215612 21.466343 5.016446 2.225079 -14.540161 -1.412119 1.095789 -1.239443 0.0 -0.0 -1e-06 
0.0 0.0 0.0 0.0 -0.0 0.0 5.616889 97.893562 -4.053984 -0.106469 -0.616075 -1.868919 0.534777 0.033264 -0.938083 -0.488184 0.409432 -5.46597 -1.198978 -1.635722 12.022764 1.694842 2.176179 -0.68812 -0.308166 0.875391 -3.501024 0.629739 0.149647 -11.423345 7.7e-05 -2.2e-05 6e-06 -0.000834 -0.04822 0.041429 0.633328 -3.783863 -10.372129 -0.633346 3.69226 -10.365102 -12.952559 -7.271297 14.644904 -53.69249 -16.987801 19.516813 0.547 -45.62706 -0.543822 13.842306 -1.054904 -20.772011 -5.882102 9.861279 0.70259 -10.936858 -0.360574 7.156195 0.0 8.774814 0.0 -16.042486 18.607056 6.283041 -1.844031 2.498503 -2.507276 -10.163589 4.678941 4.621103 -20.975994 -0.0 1e-06 -21.226252 2.451699 -3.593994 0.0 -6e-06 -0.0 -1.36268 2.240796 -0.746323 -21.334888 0.58491 3.008318 -13.821193 -1e-06 1e-06 -23.887127 -0.249074 -0.839485 -60.98999 2.954027 -1.370433 -0.294025 1.679686 0.833255 -14.218191 0.093216 1.300578 -34.211994 -0.28756 0.967166 -20.033173 0.964536 1.212838 -0.0 0.0 0.0 -3.440386 0.788233 0.501655 -15.928168 -3.167305 2.999702 -6.338816 -0.0 0.0 -18.123415 3.64818 -4.905661 -4e-06 0.0 -2e-06 11.139751 11.170339 16.127417 50.367344 18.744709 22.453901 0.16507 48.499599 0.102586 -10.815302 -1.433989 -1.689255 2.24354 -5.255033 -3.180155 14.282875 -0.826595 6.952495 0.0 -12.690593 -1e-06 16.095505 -18.162579 2.916719 1.665665 -1.95592 -2.878296 4.727794 -4.170584 4.993918 11.020509 0.0 -0.0 12.109029 -3.735715 -2.866777 -0.0 0.0 -0.0 1.291984 -1.928548 -1.498088 14.800112 0.567466 3.865604 14.242552 -1.341739 -6.660646 19.631929 0.14392 -0.648243 49.143688 -0.985254 -6.378647 0.353029 -1.511149 -0.03194 20.222765 3.684304 2.316628 18.787243 0.0 -0.0 10.751607 -0.47987 1.397902 0.0 0.0 0.0 3.273804 0.305947 -0.58011 21.486788 11.830361 2.266131 8.162914 -0.0 -0.0 18.399046 -3.798986 -4.940566 3e-06 0.0 -1e-06 4.178664 3.713809 -5.900569 0.008792 -0.102191 23.270519 -3.718691 -3.916399 -15.26545 1.636762 -1.930421 -1.262166 0.0 -0.0 2e-06 -4.072776 -3.048397 -5.180094 -0.024506 0.20811 22.558245 5.173011 2.539793 -15.199954 -1.406109 1.122278 -1.13724 0.0 -0.0 -1e-06 
0.0 0.0 0.0 0.0 -0.0 0.0 5.941473 97.761604 -3.790255 -0.135354 -0.831181 -1.913575 0.511897 0.105813 -1.154604 -0.462229 0.326561 -5.549971 -1.235281 -1.848342 11.918394 1.731634 2.205773 -0.288327 -0.434791 0.791602 -3.513177 0.503612 -0.222973 -11.11985 7.7e-05 -2.2e-05 6e-06 0.000173 -0.048518 0.028617 0.639403 -3.775498 -10.412127 -0.637347 3.681238 -10.391731 -11.820168 -7.644893 13.930634 -50.961155 -20.051414 15.527792 0.639364 -55.220463 -0.650968 16.479544 -3.590442 -20.67005 -5.882102 9.861279 0.70259 -10.936858 -0.360574 7.156195 0.0 8.774814 0.0 -16.221073 18.432539 6.221438 -1.844031 2.498503 -2.507276 -10.163589 4.678941 4.621103 -20.975994 -0.0 1e-06 -21.226252 2.451699 -3.593994 0.0 -6e-06 -0.0 -1.36268 2.240796 -0.746323 -21.334888 0.58491 3.008318 -13.821193 -1e-06 1e-06 -23.887127 -0.249074 -0.839485 -60.624249 2.925062 -1.129605 -0.294025 1.679686 0.833255 -14.218191 0.093216 1.300578 -34.211994 -0.28756 0.967166 -20.033173 0.964536 1.212838 -0.0 0.0 0.0 -3.440386 0.788233 0.501655 -15.928168 -3.167305 2.999702 -6.338816 -0.0 0.0 -18.123415 3.64818 -4.905661 -4e-06 0.0 -2e-06 10.02716 11.587418 15.449854 45.772999 21.729605 17.460495 0.82347 57.990185 0.779232 -11.853514 -1.487128 0.469454 2.24354 -5.255033 -3.180155 14.282875 -0.826595 6.952495 0.0 -12.690593 -1e-06 15.877198 -18.220455 3.008107 1.665665 -1.95592 -2.878296 4.727794 -4.170584 4.993918 11.020509 0.0 -0.0 12.109029 -3.735715 -2.866777 -0.0 0.0 -0.0 1.291984 -1.928548 -1.498088 14.800112 0.567466 3.865604 14.242552 -1.341739 -6.660646 19.631929 0.14392 -0.648243 48.700253 -1.1016 -6.298635 0.353029 -1.511149 -0.03194 20.222765 3.684304 2.316628 18.787243 0.0 -0.0 10.751607 -0.47987 1.397902 0.0 0.0 0.0 3.273804 0.305947 -0.58011 21.486788 11.830361 2.266131 8.162914 -0.0 -0.0 18.399046 -3.798986 -4.940566 3e-06 0.0 -1e-06 3.9339 3.5027 -5.951846 0.05513 -0.108315 23.933161 -3.727791 -3.900999 -15.848481 1.630868 -1.962437 -1.173006 0.0 -0.0 2e-06 -4.263107 -2.905434 -5.201913 -0.046075 0.243203 22.994062 5.343716 2.765493 -15.561934 -1.398176 1.140415 -1.092651 0.0 -0.0 -1e-06 
0.0 0.0 0.0 0.0 -0.0 0.0 6.262477 97.839165 -3.432724 -0.133767 -0.879956 -1.732738 0.393023 0.145972 -1.555627 -0.430505 0.169177 -5.67899 -1.209506 -2.069674 11.389811 1.864196 2.180062 0.383629 -0.56444 0.781188 -3.526283 0.320634 -0.714646 -10.210116 7.7e-05 -2.2e-05 6e-06 0.002403 -0.019752 0.033679 0.648809 -3.742646 -10.445716 -0.642336 3.703935 -10.411819 -9.957254 -8.60093 12.745965 -46.492321 -24.045273 9.530759 -0.526671 -65.755028 0.747451 18.276537 -4.513929 -19.923025 -5.882102 9.861279 0.70259 -10.936858 -0.360574 7.156195 0.0 8.774814 0.0 -16.563877 17.847767 5.907253 -1.844031 2.498503 -2.507276 -10.163589 4.678941 4.621103 -20.975994 -0.0 1e-06 -21.226252 2.451699 -3.593994 0.0 -6e-06 -0.0 -1.36268 2.240796 -0.746323 -21.334888 0.58491 3.008318 -13.821193 -1e-06 1e-06 -23.887127 -0.249074 -0.839485 -60.612206 2.750656 -0.983832 -0.294025 1.679686 0.833255 -14.218191 0.093216 1.300578 -34.211994 -0.28756 0.967166 -20.033173 0.964536 1.212838 -0.0 0.0 0.0 -3.440386 0.788233 0.501655 -15.928168 -3.167305 2.999702 -6.338816 -0.0 0.0 -18.123415 3.64818 -4.905661 -4e-06 0.0 -2e-06 8.461811 12.007309 14.387521 39.428558 25.535494 11.192244 2.212359 67.863213 2.125192 -11.546798 -2.283697 4.031761 2.24354 -5.255033 -3.180155 14.282875 -0.826595 6.952495 0.0 -12.690593 -1e-06 15.188891 -17.707932 3.116663 1.665665 -1.95592 -2.878296 4.727794 -4.170584 4.993918 11.020509 0.0 -0.0 12.109029 -3.735715 -2.866777 -0.0 0.0 -0.0 1.291984 -1.928548 -1.498088 14.800112 0.567466 3.865604 14.242552 -1.341739 -6.660646 19.631929 0.14392 -0.648243 48.18977 -1.204821 -5.995924 0.353029 -1.511149 -0.03194 20.222765 3.684304 2.316628 18.787243 0.0 -0.0 10.751607 -0.47987 1.397902 0.0 0.0 0.0 3.273804 0.305947 -0.58011 21.486788 11.830361 2.266131 8.162914 -0.0 -0.0 18.399046 -3.798986 -4.940566 3e-06 0.0 -1e-06 3.592599 2.963965 -5.65475 0.090236 -0.141409 23.417692 -3.750964 -3.690839 -15.853267 1.617734 -1.990943 -1.18502 0.0 -0.0 2e-06 -4.455632 -2.828436 -4.799902 -0.074916 0.296728 22.225811 5.486274 2.892931 -15.37481 -1.392578 1.111819 -1.170189 0.0 -0.0 -1e-06 
0.0 0.0 0.0 0.0 -0.0 0.0 6.612673 98.113182 -2.994496 -0.114078 -0.836956 -1.299632 0.227979 0.095803 -2.013799 -0.385882 -0.008985 -5.798602 -1.042343 -2.237152 10.402453 1.967138 2.133016 1.060981 -0.682655 0.683338 -3.557181 0.104718 -1.164056 -8.894195 7.7e-05 -2.2e-05 6e-06 -0.0021 0.008319 0.047635 0.657678 -3.71902 -10.487355 -0.660395 3.735346 -10.450273 -7.376799 -9.89033 11.124299 -39.855278 -28.719744 1.722778 -1.48605 -75.272263 2.41427 20.420956 -5.069083 -20.900284 -5.882102 9.861279 0.70259 -10.936858 -0.360574 7.156195 0.0 8.774814 0.0 -16.538013 17.612137 5.787815 -1.844031 2.498503 -2.507276 -10.163589 4.678941 4.621103 -20.975994 -0.0 1e-06 -21.226252 2.451699 -3.593994 0.0 -6e-06 -0.0 -1.36268 2.240796 -0.746323 -21.334888 0.58491 3.008318 -13.821193 -1e-06 1e-06 -23.887127 -0.249074 -0.839485 -61.061176 2.542863 -1.103074 -0.294025 1.679686 0.833255 -14.218191 0.093216 1.300578 -34.211994 -0.28756 0.967166 -20.033173 0.964536 1.212838 -0.0 0.0 0.0 -3.440386 0.788233 0.501655 -15.928168 -3.167305 2.999702 -6.338816 -0.0 0.0 -18.123415 3.64818 -4.905661 -4e-06 0.0 -2e-06 6.676219 12.381256 12.991057 30.729115 29.758076 2.658611 4.632956 76.825409 4.853162 -10.052501 -4.256972 7.140277 2.24354 -5.255033 -3.180155 14.282875 -0.826595 6.952495 0.0 -12.690593 -1e-06 14.312612 -16.986599 3.184319 1.665665 -1.95592 -2.878296 4.727794 -4.170584 4.993918 11.020509 0.0 -0.0 12.109029 -3.735715 -2.866777 -0.0 0.0 -0.0 1.291984 -1.928548 -1.498088 14.800112 0.567466 3.865604 14.242552 -1.341739 -6.660646 19.631929 0.14392 -0.648243 47.97493 -1.11822 -5.728311 0.353029 -1.511149 -0.03194 20.222765 3.684304 2.316628 18.787243 0.0 -0.0 10.751607 -0.47987 1.397902 0.0 0.0 0.0 3.273804 0.305947 -0.58011 21.486788 11.830361 2.266131 8.162914 -0.0 -0.0 18.399046 -3.798986 -4.940566 3e-06 0.0 -1e-06 3.168353 2.201962 -5.049205 0.123123 -0.16967 21.761316 -3.713036 -3.164322 -15.29788 1.601462 -1.989803 -1.322413 0.0 -0.0 2e-06 -4.667347 -2.761822 -4.010514 -0.100097 0.331767 20.223404 5.637949 2.959221 -14.596764 -1.395722 1.055152 -1.35608 0.0 -0.0 -1e-06 
0.0 0.0 0.0 0.0 -0.0 0.0 7.00802 98.549805 -2.548953 -0.111505 -0.85127 -0.703788 0.083346 0.029442 -2.345875 -0.350471 -0.125138 -5.841659 -0.651935 -2.431324 9.141785 1.86047 2.149021 1.477274 -0.665744 0.400509 -3.627542 -0.125644 -1.215258 -7.571534 7.7e-05 -2.2e-05 6e-06 -0.012922 0.002121 0.064836 0.669646 -3.738148 -10.538939 -0.694316 3.741699 -10.500757 -4.460361 -11.097917 9.351924 -30.838932 -33.422886 -9.239251 -3.899147 -81.983917 5.048141 23.051598 -4.581408 -22.210159 -5.882102 9.861279 0.70259 -10.936858 -0.360574 7.156195 0.0 8.774814 0.0 -15.793984 17.561934 5.972613 -1.844031 2.498503 -2.507276 -10.163589 4.678941 4.621103 -20.975994 -0.0 1e-06 -21.226252 2.451699 -3.593994 0.0 -6e-06 -0.0 -1.36268 2.240796 -0.746323 -21.334888 0.58491 3.008318 -13.821193 -1e-06 1e-06 -23.887127 -0.249074 -0.839485 -60.530571 2.430596 -1.220393 -0.294025 1.679686 0.833255 -14.218191 0.093216 1.300578 -34.211994 -0.28756 0.967166 -20.033173 0.964536 1.212838 -0.0 0.0 0.0 -3.440386 0.788233 0.501655 -15.928168 -3.167305 2.999702 -6.338816 -0.0 0.0 -18.123415 3.64818 -4.905661 -4e-06 0.0 -2e-06 5.212548 12.874806 11.528708 19.407118 33.631264 -8.876801 7.897693 82.956085 8.975598 -8.159335 -7.029889 7.881862 2.24354 -5.255033 -3.180155 14.282875 -0.826595 6.952495 0.0 -12.690593 -1e-06 13.864322 -16.882574 3.345798 1.665665 -1.95592 -2.878296 4.727794 -4.170584 4.993918 11.020509 0.0 -0.0 12.109029 -3.735715 -2.866777 -0.0 0.0 -0.0 1.291984 -1.928548 -1.498088 14.800112 0.567466 3.865604 14.242552 -1.341739 -6.660646 19.631929 0.14392 -0.648243 48.202229 -0.952952 -5.835435 0.353029 -1.511149 -0.03194 20.222765 3.684304 2.316628 18.787243 0.0 -0.0 10.751607 -0.47987 1.397902 0.0 0.0 0.0 3.273804 0.305947 -0.58011 21.486788 11.830361 2.266131 8.162914 -0.0 -0.0 18.399046 -3.798986 -4.940566 3e-06 0.0 -1e-06 2.742167 1.464775 -4.064867 0.133645 -0.187172 18.98101 -3.540549 -2.532318 -14.158953 1.594211 -1.959844 -1.699634 0.0 -0.0 2e-06 -4.893651 -2.683313 -2.760088 -0.097992 0.34966 16.880974 5.796758 3.067064 -13.104279 -1.403597 1.010301 -1.900158 0.0 -0.0 -1e-06 
0.0 0.0 0.0 0.0 -0.0 0.0 7.433104 99.16555 -2.207043 -0.18796 -1.146844 -0.086859 0.08931 -0.079055 -2.49534 -0.315228 0.032383 -5.745208 -0.103881 -2.528071 8.013903 1.665496 2.088088 1.064199 -0.636499 0.242857 -3.511592 -0.41007 -1.038084 -6.571736 7.7e-05 -2.2e-05 6e-06 -0.007705 0.027613 0.055285 0.68907 -3.729661 -10.589009 -0.704456 3.782259 -10.554889 -1.822586 -12.022408 7.497768 -19.115261 -37.262646 -22.823751 -7.885128 -85.100388 8.657687 24.926344 -2.553905 -21.813143 -5.882102 9.861279 0.70259 -10.936858 -0.360574 7.156195 0.0 8.774814 0.0 -15.357904 17.451258 6.123271 -1.844031 2.498503 -2.507276 -10.163589 4.678941 4.621103 -20.975994 -0.0 1e-06 -21.226252 2.451699 -3.593994 0.0 -6e-06 -0.0 -1.36268 2.240796 -0.746323 -21.334888 0.58491 3.008318 -13.821193 -1e-06 1e-06 -23.887127 -0.249074 -0.839485 -59.771416 2.380761 -1.140052 -0.294025 1.679686 0.833255 -14.218191 0.093216 1.300578 -34.211994 -0.28756 0.967166 -20.033173 0.964536 1.212838 -0.0 0.0 0.0 -3.440386 0.788233 0.501655 -15.928168 -3.167305 2.999702 -6.338816 -0.0 0.0 -18.123415 3.64818 -4.905661 -4e-06 0.0 -2e-06 4.439163 13.725574 10.45588 4.770436 35.931862 -23.755251 16.522949 85.620331 17.913136 -6.754387 -9.638939 7.716591 2.24354 -5.255033 -3.180155 14.282875 -0.826595 6.952495 0.0 -12.690593 -1e-06 14.206425 -17.202343 3.353652 1.665665 -1.95592 -2.878296 4.727794 -4.170584 4.993918 11.020509 0.0 -0.0 12.109029 -3.735715 -2.866777 -0.0 0.0 -0.0 1.291984 -1.928548 -1.498088 14.800112 0.567466 3.865604 14.242552 -1.341739 -6.660646 19.631929 0.14392 -0.648243 48.45195 -0.879849 -6.057408 0.353029 -1.511149 -0.03194 20.222765 3.684304 2.316628 18.787243 0.0 -0.0 10.751607 -0.47987 1.397902 0.0 0.0 0.0 3.273804 0.305947 -0.58011 21.486788 11.830361 2.266131 8.162914 -0.0 -0.0 18.399046 -3.798986 -4.940566 3e-06 0.0 -1e-06 2.402299 0.947338 -2.307484 0.154478 -0.139399 14.509993 -3.33619 -1.909286 -12.10159 1.61739 -1.90297 -2.048162 0.0 -0.0 2e-06 -5.075592 -2.546801 -0.523456 -0.058932 0.388123 11.199572 6.086357 3.174845 -10.285703 -1.420654 1.022495 -2.897037 0.0 -0.0 -1e-06 
0.0 0.0 0.0 0.0 -0.0 0.0 7.752918 99.794868 -1.948344 -0.443798 -1.416308 0.604475 0.315219 0.003118 -2.363791 -0.346209 -0.177999 -5.728538 0.534884 -2.499481 7.099829 1.373898 2.195706 0.453182 -0.351993 0.189424 -3.540972 -0.703445 -0.733863 -6.17531 7.7e-05 -2.2e-05 6e-06 -0.004866 0.094946 0.058682 0.701983 -3.657116 -10.605489 -0.712488 3.843528 -10.568384 -0.372598 -12.793418 6.488953 -5.223131 -38.792534 -37.30785 -10.322329 -85.654991 11.000067 25.334356 0.184214 -20.445942 -5.882102 9.861279 0.70259 -10.936858 -0.360574 7.156195 0.0 8.774814 0.0 -15.171356 17.856194 6.446035 -1.844031 2.498503 -2.507276 -10.163589 4.678941 4.621103 -20.975994 -0.0 1e-06 -21.226252 2.451699 -3.593994 0.0 -6e-06 -0.0 -1.36268 2.240796 -0.746323 -21.334888 0.58491 3.008318 -13.821193 -1e-06 1e-06 -23.887127 -0.249074 -0.839485 -59.50198 2.492144 -1.067971 -0.294025 1.679686 0.833255 -14.218191 0.093216 1.300578 -34.211994 -0.28756 0.967166 -20.033173 0.964536 1.212838 -0.0 0.0 0.0 -3.440386 0.788233 0.501655 -15.928168 -3.167305 2.999702 -6.338816 -0.0 0.0 -18.123415 3.64818 -4.905661 -4e-06 0.0 -2e-06 4.337281 14.561725 10.038302 -11.176695 35.704674 -37.819809 21.765333 86.304932 22.906475 -6.530416 -11.647532 9.111712 2.24354 -5.255033 -3.180155 14.282875 -0.826595 6.952495 0.0 -12.690593 -1e-06 14.885086 -17.941395 3.253903 1.665665 -1.95592 -2.878296 4.727794 -4.170584 4.993918 11.020509 0.0 -0.0 12.109029 -3.735715 -2.866777 -0.0 0.0 -0.0 1.291984 -1.928548 -1.498088 14.800112 0.567466 3.865604 14.242552 -1.341739 -6.660646 19.631929 0.14392 -0.648243 48.741436 -1.015672 -6.668546 0.353029 -1.511149 -0.03194 20.222765 3.684304 2.316628 18.787243 0.0 -0.0 10.751607 -0.47987 1.397902 0.0 0.0 0.0 3.273804 0.305947 -0.58011 21.486788 11.830361 2.266131 8.162914 -0.0 -0.0 18.399046 -3.798986 -4.940566 3e-06 0.0 -1e-06 2.497081 0.886826 -0.158083 0.06079 -0.123672 8.882551 -3.430379 -2.186287 -9.303363 1.622969 -1.929472 -2.834077 0.0 -0.0 2e-06 -4.996328 -2.436341 -1.406602 -0.033869 0.486006 11.712318 5.835627 3.178447 -7.434709 -1.429042 0.975298 -4.273161 0.0 -0.0 -1e-06 
0.0 0.0 0.0 0.0 -0.0 0.0 8.037025 100.494064 -1.795767 -0.768032 -1.772093 1.240784 0.588142 0.002159 -2.192061 -0.215401 -0.073926 -5.629128 0.948851 -2.453646 6.540955 1.248922 2.202338 -0.473617 -0.387161 0.287122 -3.455932 -0.70373 -0.565197 -6.038285 7.7e-05 -2.2e-05 6e-06 -0.003178 0.095891 0.047522 0.711339 -3.652603 -10.590415 -0.720472 3.839122 -10.541917 0.739038 -13.524814 5.617727 7.027232 -38.14077 -49.232689 -6.867975 -85.599045 6.972697 24.966442 2.318377 -19.229242 -5.882102 9.861279 0.70259 -10.936858 -0.360574 7.156195 0.0 8.774814 0.0 -15.474953 18.178457 6.69687 -1.844031 2.498503 -2.507276 -10.163589 4.678941 4.621103 -20.975994 -0.0 1e-06 -21.226252 2.451699 -3.593994 0.0 -6e-06 -0.0 -1.36268 2.240796 -0.746323 -21.334888 0.58491 3.008318 -13.821193 -1e-06 1e-06 -23.887127 -0.249074 -0.839485 -59.312885 2.67281 -1.080155 -0.294025 1.679686 0.833255 -14.218191 0.093216 1.300578 -34.211994 -0.28756 0.967166 -20.033173 0.964536 1.212838 -0.0 0.0 0.0 -3.440386 0.788233 0.501655 -15.928168 -3.167305 2.999702 -6.338816 -0.0 0.0 -18.123415 3.64818 -4.905661 -4e-06 0.0 -2e-06 4.268286 15.574939 9.972776 -24.781782 32.618546 -49.072868 30.130455 87.011681 29.655876 -6.393725 -12.615384 10.110262 2.24354 -5.255033 -3.180155 14.282875 -0.826595 6.952495 0.0 -12.690593 -1e-06 15.882278 -18.046661 3.198719 1.665665 -1.95592 -2.878296 4.727794 -4.170584 4.993918 11.020509 0.0 -0.0 12.109029 -3.735715 -2.866777 -0.0 0.0 -0.0 1.291984 -1.928548 -1.498088 14.800112 0.567466 3.865604 14.242552 -1.341739 -6.660646 19.631929 0.14392 -0.648243 49.894646 -0.963092 -6.727679 0.353029 -1.511149 -0.03194 20.222765 3.684304 2.316628 18.787243 0.0 -0.0 10.751607 -0.47987 1.397902 0.0 0.0 0.0 3.273804 0.305947 -0.58011 21.486788 11.830361 2.266131 8.162914 -0.0 -0.0 18.399046 -3.798986 -4.940566 3e-06 0.0 -1e-06 2.7032 1.055879 -0.328242 0.06652 -0.007167 7.99019 -3.599893 -2.727065 -6.458893 1.658633 -1.931939 -3.440295 0.0 -0.0 2e-06 -4.812026 -2.133698 -2.954822 -0.027094 0.507189 13.544152 5.544994 3.022238 -4.141426 -1.431274 0.968159 -5.943557 0.0 -0.0 -1e-06 
0.0 0.0 0.0 0.0 -0.0 0.0 8.270149 101.08551 -1.768359 -0.93811 -1.900764 1.814209 0.772339 0.044643 -1.906929 -0.140658 -0.121786 -5.525664 1.173352 -2.339437 6.179663 1.223403 2.256227 -1.061129 -0.380716 0.457986 -3.400256 -0.635987 -0.532665 -6.132845 7.7e-05 -2.2e-05 6e-06 0.006932 0.129061 0.050593 0.726668 -3.616796 -10.575206 -0.716967 3.868979 -10.513766 1.645676 -14.231009 5.304612 15.319351 -36.659267 -57.904705 -6.063964 -86.266556 6.232513 23.811581 3.67117 -18.499409 -5.882102 9.861279 0.70259 -10.936858 -0.360574 7.156195 0.0 8.774814 0.0 -15.943825 18.412189 6.699901 -1.844031 2.498503 -2.507276 -10.163589 4.678941 4.621103 -20.975994 -0.0 1e-06 -21.226252 2.451699 -3.593994 0.0 -6e-06 -0.0 -1.36268 2.240796 -0.746323 -21.334888 0.58491 3.008318 -13.821193 -1e-06 1e-06 -23.887127 -0.249074 -0.839485 -59.422966 2.68209 -1.188428 -0.294025 1.679686 0.833255 -14.218191 0.093216 1.300578 -34.211994 -0.28756 0.967166 -20.033173 0.964536 1.212838 -0.0 0.0 0.0 -3.440386 0.788233 0.501655 -15.928168 -3.167305 2.999702 -6.338816 -0.0 0.0 -18.123415 3.64818 -4.905661 -4e-06 0.0 -2e-06 3.75887 16.298471 10.048553 -33.159969 29.173262 -56.661312 83.762321 88.577423 82.461693 -6.014516 -12.909067 9.813461 2.24354 -5.255033 -3.180155 14.282875 -0.826595 6.952495 0.0 -12.690593 -1e-06 16.355516 -18.038179 3.18123 1.665665 -1.95592 -2.878296 4.727794 -4.170584 4.993918 11.020509 0.0 -0.0 12.109029 -3.735715 -2.866777 -0.0 0.0 -0.0 1.291984 -1.928548 -1.498088 14.800112 0.567466 3.865604 14.242552 -1.341739 -6.660646 19.631929 0.14392 -0.648243 50.408463 -0.899147 -6.845217 0.353029 -1.511149 -0.03194 20.222765 3.684304 2.316628 18.787243 0.0 -0.0 10.751607 -0.47987 1.397902 0.0 0.0 0.0 3.273804 0.305947 -0.58011 21.486788 11.830361 2.266131 8.162914 -0.0 -0.0 18.399046 -3.798986 -4.940566 3e-06 0.0 -1e-06 2.770455 1.648334 -1.01757 0.043303 -0.040023 8.186824 -3.69788 -3.703136 -4.060813 1.678354 -1.963518 -4.398756 0.0 -0.0 2e-06 -4.773528 -2.107314 -4.455844 -0.013317 0.550259 15.337563 5.291095 2.80938 -1.221234 -1.437572 0.967903 -7.445214 0.0 -0.0 -1e-06 
0.0 0.0 0.0 0.0 -0.0 0.0 8.457324 101.544724 -1.944808 -0.960091 -1.836479 2.224062 0.807591 0.072303 -1.578683 -0.070742 -0.163558 -5.412464 1.204966 -2.210771 6.1345 1.292554 2.204464 -1.299205 -0.39765 0.654554 -3.365709 -0.561342 -0.613145 -6.332368 7.7e-05 -2.2e-05 6e-06 0.010817 0.116708 0.057395 0.729186 -3.633594 -10.572762 -0.712418 3.860115 -10.50556 2.311261 -14.645664 5.27098 19.24588 -35.992535 -63.163883 -10.853781 -88.540215 11.197572 22.606834 3.994615 -17.887817 -5.882102 9.861279 0.70259 -10.936858 -0.360574 7.156195 0.0 8.774814 0.0 -16.325066 18.495792 6.584037 -1.844031 2.498503 -2.507276 -10.163589 4.678941 4.621103 -20.975994 -0.0 1e-06 -21.226252 2.451699 -3.593994 0.0 -6e-06 -0.0 -1.36268 2.240796 -0.746323 -21.334888 0.58491 3.008318 -13.821193 -1e-06 1e-06 -23.887127 -0.249074 -0.839485 -59.523605 2.647923 -1.362107 -0.294025 1.679686 0.833255 -14.218191 0.093216 1.300578 -34.211994 -0.28756 0.967166 -20.033173 0.964536 1.212838 -0.0 0.0 0.0 -3.440386 0.788233 0.501655 -15.928168 -3.167305 2.999702 -6.338816 -0.0 0.0 -18.123415 3.64818 -4.905661 -4e-06 0.0 -2e-06 3.410773 16.708014 10.24602 -37.294632 26.811806 -61.600281 167.131485 85.940781 165.621414 -5.784463 -12.816164 9.350049 2.24354 -5.255033 -3.180155 14.282875 -0.826595 6.952495 0.0 -12.690593 -1e-06 16.453121 -17.866053 3.233039 1.665665 -1.95592 -2.878296 4.727794 -4.170584 4.993918 11.020509 0.0 -0.0 12.109029 -3.735715 -2.866777 -0.0 0.0 -0.0 1.291984 -1.928548 -1.498088 14.800112 0.567466 3.865604 14.242552 -1.341739 -6.660646 19.631929 0.14392 -0.648243 50.648506 -0.860028 -6.827325 0.353029 -1.511149 -0.03194 20.222765 3.684304 2.316628 18.787243 0.0 -0.0 10.751607 -0.47987 1.397902 0.0 0.0 0.0 3.273804 0.305947 -0.58011 21.486788 11.830361 2.266131 8.162914 -0.0 -0.0 18.399046 -3.798986 -4.940566 3e-06 0.0 -1e-06 2.667734 2.220913 -2.016658 0.013626 -0.053327 9.177869 -3.565892 -4.533907 -2.188627 1.698188 -1.981739 -5.416034 0.0 -0.0 2e-06 -4.867346 -2.225499 -5.770687 0.009533 0.565293 16.90383 5.270938 2.691177 1.2397 -1.439273 0.959667 -8.582946 0.0 -0.0 -1e-06 
0.0 0.0 0.0 0.0 -0.0 0.0 8.578286 101.819763 -2.34106 -0.91861 -1.567837 2.534333 0.746027 0.13771 -1.202487 -0.017239 -0.204397 -5.291149 1.110158 -2.112319 6.375729 1.469349 2.06485 -1.258706 -0.42369 0.84064 -3.345277 -0.497834 -0.681177 -6.601367 7.7e-05 -2.2e-05 6e-06 0.011905 0.084667 0.05755 0.725801 -3.669033 -10.579468 -0.706813 3.83024 -10.51876 2.450931 -14.639603 5.694856 19.562908 -37.025017 -65.516792 -174.026276 -87.235939 174.679352 21.505196 3.277214 -17.376108 -5.882102 9.861279 0.70259 -10.936858 -0.360574 7.156195 0.0 8.774814 0.0 -16.352774 18.446245 6.44574 -1.844031 2.498503 -2.507276 -10.163589 4.678941 4.621103 -20.975994 -0.0 1e-06 -21.226252 2.451699 -3.593994 0.0 -6e-06 -0.0 -1.36268 2.240796 -0.746323 -21.334888 0.58491 3.008318 -13.821193 -1e-06 1e-06 -23.887127 -0.249074 -0.839485 -59.341591 2.657759 -1.482255 -0.294025 1.679686 0.833255 -14.218191 0.093216 1.300578 -34.211994 -0.28756 0.967166 -20.033173 0.964536 1.212838 -0.0 0.0 0.0 -3.440386 0.788233 0.501655 -15.928168 -3.167305 2.999702 -6.338816 -0.0 0.0 -18.123415 3.64818 -4.905661 -4e-06 0.0 -2e-06 3.574547 16.791637 10.621521 -38.092857 26.290493 -64.454773 179.759598 80.209412 178.074493 -6.036836 -12.171793 9.033022 2.24354 -5.255033 -3.180155 14.282875 -0.826595 6.952495 0.0 -12.690593 -1e-06 16.270386 -17.491892 3.19363 1.665665 -1.95592 -2.878296 4.727794 -4.170584 4.993918 11.020509 0.0 -0.0 12.109029 -3.735715 -2.866777 -0.0 0.0 -0.0 1.291984 -1.928548 -1.498088 14.800112 0.567466 3.865604 14.242552 -1.341739 -6.660646 19.631929 0.14392 -0.648243 50.492748 -0.83352 -6.685646 0.353029 -1.511149 -0.03194 20.222765 3.684304 2.316628 18.787243 0.0 -0.0 10.751607 -0.47987 1.397902 0.0 0.0 0.0 3.273804 0.305947 -0.58011 21.486788 11.830361 2.266131 8.162914 -0.0 -0.0 18.399046 -3.798986 -4.940566 3e-06 0.0 -1e-06 2.574857 2.797315 -3.555689 -0.021598 -0.039639 11.096951 -3.427099 -5.266497 -1.069207 1.714745 -1.993023 -6.366537 0.0 -0.0 2e-06 -4.970114 -2.417147 -7.087349 0.03708 0.565424 18.475809 5.28899 2.532432 2.870966 -1.439762 0.958618 -9.293182 0.0 -0.0 -1e-06 
0.0 0.0 0.0 0.0 -0.0 0.0 8.63741 101.925873 -3.047004 -0.870087 -1.137453 2.822376 0.663788 0.254133 -0.705124 0.016294 -0.2941 -5.143848 0.883034 -2.030992 6.910516 1.841442 1.900005 -1.145065 -0.481764 0.953057 -3.322312 -0.515545 -0.626306 -6.830525 7.7e-05 -2.2e-05 6e-06 0.015292 0.051045 0.043534 0.718879 -3.706202 -10.606854 -0.692669 3.799695 -10.575961 1.965109 -14.241764 6.678486 15.804921 -40.08073 -63.996243 -178.403992 -81.714188 179.650452 19.996721 1.396316 -16.598148 -5.882102 9.861279 0.70259 -10.936858 -0.360574 7.156195 0.0 8.774814 0.0 -15.826527 18.266972 6.469083 -1.844031 2.498503 -2.507276 -10.163589 4.678941 4.621103 -20.975994 -0.0 1e-06 -21.226252 2.451699 -3.593994 0.0 -6e-06 -0.0 -1.36268 2.240796 -0.746323 -21.334888 0.58491 3.008318 -13.821193 -1e-06 1e-06 -23.887127 -0.249074 -0.839485 -58.80481 2.711328 -1.385556 -0.294025 1.679686 0.833255 -14.218191 0.093216 1.300578 -34.211994 -0.28756 0.967166 -20.033173 0.964536 1.212838 -0.0 0.0 0.0 -3.440386 0.788233 0.501655 -15.928168 -3.167305 2.999702 -6.338816 -0.0 0.0 -18.123415 3.64818 -4.905661 -4e-06 0.0 -2e-06 4.276323 16.602976 11.303401 -35.789707 27.923595 -65.002106 -177.032578 73.080482 -179.086929 -7.007645 -10.55052 9.203557 2.24354 -5.255033 -3.180155 14.282875 -0.826595 6.952495 0.0 -12.690593 -1e-06 15.924837 -16.938601 3.099829 1.665665 -1.95592 -2.878296 4.727794 -4.170584 4.993918 11.020509 0.0 -0.0 12.109029 -3.735715 -2.866777 -0.0 0.0 -0.0 1.291984 -1.928548 -1.498088 14.800112 0.567466 3.865604 14.242552 -1.341739 -6.660646 19.631929 0.14392 -0.648243 50.096138 -0.8081 -6.366846 0.353029 -1.511149 -0.03194 20.222765 3.684304 2.316628 18.787243 0.0 -0.0 10.751607 -0.47987 1.397902 0.0 0.0 0.0 3.273804 0.305947 -0.58011 21.486788 11.830361 2.266131 8.162914 -0.0 -0.0 18.399046 -3.798986 -4.940566 3e-06 0.0 -1e-06 2.55886 3.415152 -6.085834 -0.050878 0.004783 14.527291 -3.318782 -5.968737 -0.483521 1.743366 -2.020353 -7.477225 0.0 -0.0 2e-06 -4.998419 -2.43557 -8.887403 0.038351 0.523321 20.733294 5.259292 2.162596 3.933689 -1.447764 0.987659 -9.79808 0.0 -0.0 -1e-06 
0.0 0.0 0.0 0.0 -0.0 0.0 8.642333 101.720238 -4.145769 -0.862583 -0.524818 3.012562 0.622115 0.383258 0.0701 0.032533 -0.498441 -4.921591 0.518378 -1.906512 7.64515 2.446853 1.726409 -1.028928 -0.605296 0.933769 -3.278456 -0.664562 -0.610403 -7.055664 7.7e-05 -2.2e-05 6e-06 0.016822 -0.003788 0.02714 0.713223 -3.76028 -10.653012 -0.683554 3.742593 -10.662911 1.850551 -14.129988 7.866627 5.147889 -44.378914 -56.608166 -177.927734 -76.794044 179.758575 17.632351 -1.2461 -16.136868 -5.882102 9.861279 0.70259 -10.936858 -0.360574 7.156195 0.0 8.774814 0.0 -15.14269 18.020164 6.518939 -1.844031 2.498503 -2.507276 -10.163589 4.678941 4.621103 -20.975994 -0.0 1e-06 -21.226252 2.451699 -3.593994 0.0 -6e-06 -0.0 -1.36268 2.240796 -0.746323 -21.334888 0.58491 3.008318 -13.821193 -1e-06 1e-06 -23.887127 -0.249074 -0.839485 -58.405617 2.667916 -1.151473 -0.294025 1.679686 0.833255 -14.218191 0.093216 1.300578 -34.211994 -0.28756 0.967166 -20.033173 0.964536 1.212838 -0.0 0.0 0.0 -3.440386 0.788233 0.501655 -15.928168 -3.167305 2.999702 -6.338816 -0.0 0.0 -18.123415 3.64818 -4.905661 -4e-06 0.0 -2e-06 4.042686 16.104431 11.993849 -28.388741 31.960371 -62.146084 -177.242355 65.965103 -179.246521 -8.765748 -7.706914 8.519753 2.24354 -5.255033 -3.180155 14.282875 -0.826595 6.952495 0.0 -12.690593 -1e-06 15.877481 -16.312487 2.922103 1.665665 -1.95592 -2.878296 4.727794 -4.170584 4.993918 11.020509 0.0 -0.0 12.109029 -3.735715 -2.866777 -0.0 0.0 -0.0 1.291984 -1.928548 -1.498088 14.800112 0.567466 3.865604 14.242552 -1.341739 -6.660646 19.631929 0.14392 -0.648243 49.755489 -0.750985 -5.866251 0.353029 -1.511149 -0.03194 20.222765 3.684304 2.316628 18.787243 0.0 -0.0 10.751607 -0.47987 1.397902 0.0 0.0 0.0 3.273804 0.305947 -0.58011 21.486788 11.830361 2.266131 8.162914 -0.0 -0.0 18.399046 -3.798986 -4.940566 3e-06 0.0 -1e-06 2.612464 4.161188 -9.745534 -0.072155 0.016908 19.898516 -3.136645 -6.758846 -0.522845 1.782142 -2.056602 -8.789101 0.0 -0.0 2e-06 -4.925831 -2.399843 -11.354631 -0.004916 0.444046 24.119133 5.161045 1.406263 4.109735 -1.4561 1.02558 -9.835529 0.0 -0.0 -1e-06 
0.0 0.0 0.0 0.0 -0.0 0.0 8.558521 100.851631 -5.722728 -1.001663 0.341242 3.077278 0.696567 0.399825 1.219838 0.053975 -0.693583 -4.598598 0.022614 -1.895151 8.499778 3.267985 1.693132 -0.939397 -0.669393 0.609262 -3.309069 -0.950075 -0.548899 -7.176346 7.7e-05 -2.2e-05 6e-06 0.012211 -0.057101 0.028854 0.694235 -3.814779 -10.754091 -0.6738 3.689694 -10.779325 2.501932 -15.132518 8.952994 -13.176629 -46.69669 -42.854118 -173.115143 -76.412445 174.985336 14.233545 -2.704293 -16.16246 -5.882102 9.861279 0.70259 -10.936858 -0.360574 7.156195 0.0 8.774814 0.0 -14.934287 17.931965 6.376898 -1.844031 2.498503 -2.507276 -10.163589 4.678941 4.621103 -20.975994 -0.0 1e-06 -21.226252 2.451699 -3.593994 0.0 -6e-06 -0.0 -1.36268 2.240796 -0.746323 -21.334888 0.58491 3.008318 -13.821193 -1e-06 1e-06 -23.887127 -0.249074 -0.839485 -58.847713 2.379478 -1.081126 -0.294025 1.679686 0.833255 -14.218191 0.093216 1.300578 -34.211994 -0.28756 0.967166 -20.033173 0.964536 1.212838 -0.0 0.0 0.0 -3.440386 0.788233 0.501655 -15.928168 -3.167305 2.999702 -6.338816 -0.0 0.0 -18.123415 3.64818 -4.905661 -4e-06 0.0 -2e-06 0.829026 15.304 11.968352 -11.57591 38.458527 -54.118504 178.291916 61.733128 178.284393 -11.21891 -3.630925 3.891795 2.24354 -5.255033 -3.180155 14.282875 -0.826595 6.952495 0.0 -12.690593 -1e-06 16.495003 -16.326176 2.633836 1.665665 -1.95592 -2.878296 4.727794 -4.170584 4.993918 11.020509 0.0 -0.0 12.109029 -3.735715 -2.866777 -0.0 0.0 -0.0 1.291984 -1.928548 -1.498088 14.800112 0.567466 3.865604 14.242552 -1.341739 -6.660646 19.631929 0.14392 -0.648243 49.950989 -0.736815 -5.467835 0.353029 -1.511149 -0.03194 20.222765 3.684304 2.316628 18.787243 0.0 -0.0 10.751607 -0.47987 1.397902 0.0 0.0 0.0 3.273804 0.305947 -0.58011 21.486788 11.830361 2.266131 8.162914 -0.0 -0.0 18.399046 -3.798986 -4.940566 3e-06 0.0 -1e-06 2.839746 5.493792 -14.718168 -0.110696 -0.12034 27.49114 -2.669186 -7.836327 -1.774141 1.799955 -2.052119 -9.827941 0.0 -0.0 2e-06 -4.6642 -2.482114 -14.599038 -0.04109 0.341192 28.818781 5.231977 0.241706 2.175908 -1.449804 1.020238 -8.653712 0.0 -0.0 -1e-06 
0.0 0.0 0.0 0.0 -0.0 0.0 8.350258 99.158455 -7.736561 -1.187336 1.311471 3.591045 0.917639 0.172964 2.453003 -0.007367 -0.5008 -4.20484 -0.485826 -2.223579 9.051535 4.085515 1.547433 -1.378595 -0.668556 0.105774 -3.509034 -1.235558 -0.06485 -6.686827 7.7e-05 -2.2e-05 6e-06 -0.004014 -0.053857 0.030406 0.654574 -3.820305 -10.860747 -0.666948 3.707191 -10.866454 2.046551 -16.887421 10.704476 -30.924498 -44.847683 -28.415991 -147.570999 -84.855736 148.48996 10.60336 -0.64396 -14.336156 -5.882102 9.861279 0.70259 -10.936858 -0.360574 7.156195 0.0 8.774814 0.0 -15.803625 17.943563 5.83025 -1.844031 2.498503 -2.507276 -10.163589 4.678941 4.621103 -20.975994 -0.0 1e-06 -21.226252 2.451699 -3.593994 0.0 -6e-06 -0.0 -1.36268 2.240796 -0.746323 -21.334888 0.58491 3.008318 -13.821193 -1e-06 1e-06 -23.887127 -0.249074 -0.839485 -60.391979 2.150717 -1.379255 -0.294025 1.679686 0.833255 -14.218191 0.093216 1.300578 -34.211994 -0.28756 0.967166 -20.033173 0.964536 1.212838 -0.0 0.0 0.0 -3.440386 0.788233 0.501655 -15.928168 -3.167305 2.999702 -6.338816 -0.0 0.0 -18.123415 3.64818 -4.905661 -4e-06 0.0 -2e-06 -3.576372 14.542019 11.282017 13.217574 42.511024 -38.649456 169.141403 64.911728 170.940353 -13.513777 -0.411494 -3.220918 2.24354 -5.255033 -3.180155 14.282875 -0.826595 6.952495 0.0 -12.690593 -1e-06 16.667765 -17.301826 2.559755 1.665665 -1.95592 -2.878296 4.727794 -4.170584 4.993918 11.020509 0.0 -0.0 12.109029 -3.735715 -2.866777 -0.0 0.0 -0.0 1.291984 -1.928548 -1.498088 14.800112 0.567466 3.865604 14.242552 -1.341739 -6.660646 19.631929 0.14392 -0.648243 50.556953 -0.876231 -5.801948 0.353029 -1.511149 -0.03194 20.222765 3.684304 2.316628 18.787243 0.0 -0.0 10.751607 -0.47987 1.397902 0.0 0.0 0.0 3.273804 0.305947 -0.58011 21.486788 11.830361 2.266131 8.162914 -0.0 -0.0 18.399046 -3.798986 -4.940566 3e-06 0.0 -1e-06 3.137738 7.242212 -21.235622 -0.131774 -0.309873 36.369854 -2.339045 -8.346077 -3.841715 1.817199 -2.04978 -10.473526 0.0 -0.0 2e-06 -4.296499 -2.888766 -19.130936 -0.022875 0.296495 34.528248 5.69366 -1.407472 -2.363551 -1.421292 0.891681 -7.156609 0.0 -0.0 -1e-06 
0.0 0.0 0.0 0.0 -0.0 0.0 8.105453 97.017632 -9.90319 -1.225495 1.707642 4.854047 1.09326 0.01694 3.396088 -0.131152 -0.510266 -3.745581 -0.848613 -2.827431 9.513197 4.21934 1.711303 -3.359311 -0.71762 0.098847 -3.659452 -1.105785 0.606192 -5.62368 7.7e-05 -2.2e-05 6e-06 -0.000323 0.015009 0.03881 0.665486 -3.740188 -10.860557 -0.676964 3.774763 -10.790439 -0.327157 -17.835903 12.796254 -42.408127 -41.636024 -17.817955 -9.662582 -74.401482 9.200797 7.878041 1.646503 -13.025234 -5.882102 9.861279 0.70259 -10.936858 -0.360574 7.156195 0.0 8.774814 0.0 -16.137228 17.732573 5.716159 -1.844031 2.498503 -2.507276 -10.163589 4.678941 4.621103 -20.975994 -0.0 1e-06 -21.226252 2.451699 -3.593994 0.0 -6e-06 -0.0 -1.36268 2.240796 -0.746323 -21.334888 0.58491 3.008318 -13.821193 -1e-06 1e-06 -23.887127 -0.249074 -0.839485 -60.230522 2.25258 -1.580701 -0.294025 1.679686 0.833255 -14.218191 0.093216 1.300578 -34.211994 -0.28756 0.967166 -20.033173 0.964536 1.212838 -0.0 0.0 0.0 -3.440386 0.788233 0.501655 -15.928168 -3.167305 2.999702 -6.338816 -0.0 0.0 -18.123415 3.64818 -4.905661 -4e-06 0.0 -2e-06 -5.650421 14.471323 11.144123 34.028587 42.004253 -19.600067 148.91246 79.984116 149.053284 -14.11865 1.88474 -6.210251 2.24354 -5.255033 -3.180155 14.282875 -0.826595 6.952495 0.0 -12.690593 -1e-06 16.099707 -17.52582 3.050289 1.665665 -1.95592 -2.878296 4.727794 -4.170584 4.993918 11.020509 0.0 -0.0 12.109029 -3.735715 -2.866777 -0.0 0.0 -0.0 1.291984 -1.928548 -1.498088 14.800112 0.567466 3.865604 14.242552 -1.341739 -6.660646 19.631929 0.14392 -0.648243 50.941212 -1.082596 -5.95142 0.353029 -1.511149 -0.03194 20.222765 3.684304 2.316628 18.787243 0.0 -0.0 10.751607 -0.47987 1.397902 0.0 0.0 0.0 3.273804 0.305947 -0.58011 21.486788 11.830361 2.266131 8.162914 -0.0 -0.0 18.399046 -3.798986 -4.940566 3e-06 0.0 -1e-06 3.132714 8.37935 -27.665606 -0.168124 -0.19035 43.357712 -1.675922 -7.73954 -7.547725 1.762105 -1.895694 -9.043496 0.0 -0.0 2e-06 -4.119094 -3.085999 -25.253788 0.024831 0.202176 41.284714 5.988664 -2.668807 -6.91577 -1.394155 0.773307 -6.24616 0.0 -0.0 -1e-06 
0.0 0.0 0.0 0.0 -0.0 0.0 7.972956 94.82457 -11.904987 -1.328806 1.221567 6.935865 1.090369 -0.017693 4.389637 -0.320301 -0.550566 -3.263346 -0.716379 -3.543352 9.809061 4.210874 2.216725 -7.43955 -0.765933 0.390106 -3.629847 -1.287199 1.446549 -4.232543 7.7e-05 -2.2e-05 6e-06 0.016901 0.169425 -0.005861 0.716613 -3.590945 -10.904835 -0.699959 3.958316 -10.75324 -2.991568 -18.503159 15.193242 -50.082428 -37.819332 -11.553714 -2.501343 -49.846291 2.443926 6.196632 0.572534 -14.898239 -5.882102 9.861279 0.70259 -10.936858 -0.360574 7.156195 0.0 8.774814 0.0 -15.415102 17.826912 5.947343 -1.844031 2.498503 -2.507276 -10.163589 4.678941 4.621103 -20.975994 -0.0 1e-06 -21.226252 2.451699 -3.593994 0.0 -6e-06 -0.0 -1.36268 2.240796 -0.746323 -21.334888 0.58491 3.008318 -13.821193 -1e-06 1e-06 -23.887127 -0.249074 -0.839485 -59.226673 2.53244 -1.698125 -0.294025 1.679686 0.833255 -14.218191 0.093216 1.300578 -34.211994 -0.28756 0.967166 -20.033173 0.964536 1.212838 -0.0 0.0 0.0 -3.440386 0.788233 0.501655 -15.928168 -3.167305 2.999702 -6.338816 -0.0 0.0 -18.123415 3.64818 -4.905661 -4e-06 0.0 -2e-06 -6.161424 14.32444 11.957664 48.237968 40.800369 -4.798376 15.79881 72.443901 13.359282 -13.275613 3.476452 -4.625352 2.24354 -5.255033 -3.180155 14.282875 -0.826595 6.952495 0.0 -12.690593 -1e-06 15.162501 -17.507866 3.028646 1.665665 -1.95592 -2.878296 4.727794 -4.170584 4.993918 11.020509 0.0 -0.0 12.109029 -3.735715 -2.866777 -0.0 0.0 -0.0 1.291984 -1.928548 -1.498088 14.800112 0.567466 3.865604 14.242552 -1.341739 -6.660646 19.631929 0.14392 -0.648243 49.034622 -1.015081 -6.407337 0.353029 -1.511149 -0.03194 20.222765 3.684304 2.316628 18.787243 0.0 -0.0 10.751607 -0.47987 1.397902 0.0 0.0 0.0 3.273804 0.305947 -0.58011 21.486788 11.830361 2.266131 8.162914 -0.0 -0.0 18.399046 -3.798986 -4.940566 3e-06 0.0 -1e-06 2.810258 8.372292 -33.507835 -0.149753 -0.203388 47.651726 -1.762462 -5.857807 -12.655244 1.731977 -1.721209 -5.901528 0.0 -0.0 2e-06 -4.01473 -3.051142 -32.692318 0.066011 0.004074 48.631809 4.988626 -2.392406 -9.132719 -1.374933 0.791655 -6.4598 0.0 -0.0 -1e-06 
0.0 0.0 0.0 0.0 -0.0 0.0 7.78949 92.069725 -13.451804 -1.361786 0.44386 9.997876 0.875029 0.061231 5.415926 -0.217601 -1.024034 -2.469655 -0.827833 -3.604244 10.048252 4.355388 3.28341 -13.562553 -0.660367 0.844458 -3.639095 -1.488106 1.689196 -2.830228 7.7e-05 -2.2e-05 6e-06 0.041076 0.111785 -0.038095 0.820071 -3.642824 -10.9398 -0.757359 3.912816 -10.755735 -3.609179 -18.550018 16.77808 -56.839622 -31.686781 -1.930348 -0.206176 -29.042635 0.374357 2.83315 0.829588 -10.454301 -5.882102 9.861279 0.70259 -10.936858 -0.360574 7.156195 0.0 8.774814 0.0 -15.79719 18.045141 5.788023 -1.844031 2.498503 -2.507276 -10.163589 4.678941 4.621103 -20.975994 -0.0 1e-06 -21.226252 2.451699 -3.593994 0.0 -6e-06 -0.0 -1.36268 2.240796 -0.746323 -21.334888 0.58491 3.008318 -13.821193 -1e-06 1e-06 -23.887127 -0.249074 -0.839485 -61.488861 2.669661 -1.697128 -0.294025 1.679686 0.833255 -14.218191 0.093216 1.300578 -34.211994 -0.28756 0.967166 -20.033173 0.964536 1.212838 -0.0 0.0 0.0 -3.440386 0.788233 0.501655 -15.928168 -3.167305 2.999702 -6.338816 -0.0 0.0 -18.123415 3.64818 -4.905661 -4e-06 0.0 -2e-06 -6.438324 13.969016 13.411391 58.294182 37.086708 7.84364 5.961266 47.853786 1.938246 -10.201055 1.425275 -0.443863 2.24354 -5.255033 -3.180155 14.282875 -0.826595 6.952495 0.0 -12.690593 -1e-06 15.474473 -18.912285 2.996986 1.665665 -1.95592 -2.878296 4.727794 -4.170584 4.993918 11.020509 0.0 -0.0 12.109029 -3.735715 -2.866777 -0.0 0.0 -0.0 1.291984 -1.928548 -1.498088 14.800112 0.567466 3.865604 14.242552 -1.341739 -6.660646 19.631929 0.14392 -0.648243 50.187515 -0.609272 -7.266249 0.353029 -1.511149 -0.03194 20.222765 3.684304 2.316628 18.787243 0.0 -0.0 10.751607 -0.47987 1.397902 0.0 0.0 0.0 3.273804 0.305947 -0.58011 21.486788 11.830361 2.266131 8.162914 -0.0 -0.0 18.399046 -3.798986 -4.940566 3e-06 0.0 -1e-06 2.539531 7.699028 -40.555908 -0.194701 -0.28178 52.893593 -2.288887 -3.31467 -18.633015 1.710205 -1.649731 -4.071122 0.0 -0.0 2e-06 -3.833706 -2.968891 -40.932919 0.042382 -0.003579 55.761982 3.667556 -1.518618 -12.721869 -1.356504 0.826403 -6.133449 0.0 -0.0 -1e-06 
0.0 0.0 0.0 0.0 -0.0 0.0 7.381951 89.053963 -14.548958 -1.390826 0.040803 13.518176 0.524377 0.552131 6.667305 0.116069 -1.607571 -1.617097 -1.140444 -3.09913 10.391054 4.266562 3.616531 -20.049366 -0.514006 1.303256 -3.701121 -0.294462 1.614136 -3.388974 7.7e-05 -2.2e-05 6e-06 0.04273 -0.190031 -0.093807 0.904757 -3.910323 -10.839913 -0.832786 3.563894 -10.643491 -1.310639 -17.547224 17.705336 -63.852856 -22.344696 9.826824 -1.297924 -18.193079 0.441736 -1.385792 4.3902 -6.046182 -5.882102 9.861279 0.70259 -10.936858 -0.360574 7.156195 0.0 8.774814 0.0 -17.491243 18.659044 5.382987 -1.844031 2.498503 -2.507276 -10.163589 4.678941 4.621103 -20.975994 -0.0 1e-06 -21.226252 2.451699 -3.593994 0.0 -6e-06 -0.0 -1.36268 2.240796 -0.746323 -21.334888 0.58491 3.008318 -13.821193 -1e-06 1e-06 -23.887127 -0.249074 -0.839485 -62.375854 2.308627 -1.27898 -0.294025 1.679686 0.833255 -14.218191 0.093216 1.300578 -34.211994 -0.28756 0.967166 -20.033173 0.964536 1.212838 -0.0 0.0 0.0 -3.440386 0.788233 0.501655 -15.928168 -3.167305 2.999702 -6.338816 -0.0 0.0 -18.123415 3.64818 -4.905661 -4e-06 0.0 -2e-06 -6.686992 12.723366 14.261283 65.793694 27.772005 23.933802 2.00843 28.019999 -0.430418 -8.172497 -1.671562 4.290682 2.24354 -5.255033 -3.180155 14.282875 -0.826595 6.952495 0.0 -12.690593 -1e-06 16.327393 -17.691345 3.145379 1.665665 -1.95592 -2.878296 4.727794 -4.170584 4.993918 11.020509 0.0 -0.0 12.109029 -3.735715 -2.866777 -0.0 0.0 -0.0 1.291984 -1.928548 -1.498088 14.800112 0.567466 3.865604 14.242552 -1.341739 -6.660646 19.631929 0.14392 -0.648243 53.13324 0.279365 -6.490203 0.353029 -1.511149 -0.03194 20.222765 3.684304 2.316628 18.787243 0.0 -0.0 10.751607 -0.47987 1.397902 0.0 0.0 0.0 3.273804 0.305947 -0.58011 21.486788 11.830361 2.266131 8.162914 -0.0 -0.0 18.399046 -3.798986 -4.940566 3e-06 0.0 -1e-06 2.430989 7.567651 -48.790916 -0.224553 -0.315573 59.85508 -2.019017 -1.971309 -22.619049 1.6774 -1.615137 -2.94371 0.0 -0.0 2e-06 -3.301441 -3.388968 -49.453457 0.111482 0.167048 63.038071 3.044747 -1.667289 -15.967613 -1.363095 0.824826 -5.126504 0.0 -0.0 -1e-06 
0.0 0.0 0.0 0.0 -0.0 0.0 6.827484 85.552437 -15.574042 -1.143646 0.023955 17.377281 0.195444 0.808764 7.762865 0.336978 -1.51702 -1.031932 -1.349179 -1.9221 11.125259 3.439633 3.128955 -25.955492 -0.441075 1.258166 -3.716575 1.194423 1.356403 -4.30367 7.7e-05 -2.2e-05 6e-06 0.016424 -0.269908 -0.161247 0.913304 -3.953885 -10.766987 -0.885661 3.431387 -10.623125 0.205933 -15.156309 18.99832 -66.122841 -9.873608 19.318941 -4.895013 -16.794712 0.980424 -6.836483 9.454289 -2.435529 -5.882102 9.861279 0.70259 -10.936858 -0.360574 7.156195 0.0 8.774814 0.0 -17.150795 20.174297 6.291451 -1.844031 2.498503 -2.507276 -10.163589 4.678941 4.621103 -20.975994 -0.0 1e-06 -21.226252 2.451699 -3.593994 0.0 -6e-06 -0.0 -1.36268 2.240796 -0.746323 -21.334888 0.58491 3.008318 -13.821193 -1e-06 1e-06 -23.887127 -0.249074 -0.839485 -62.400555 2.307088 -1.21968 -0.294025 1.679686 0.833255 -14.218191 0.093216 1.300578 -34.211994 -0.28756 0.967166 -20.033173 0.964536 1.212838 -0.0 0.0 0.0 -3.440386 0.788233 0.501655 -15.928168 -3.167305 2.999702 -6.338816 -0.0 0.0 -18.123415 3.64818 -4.905661 -4e-06 0.0 -2e-06 -4.951365 11.748767 16.052259 68.50296 13.932463 30.852491 2.015967 15.262543 0.493873 -6.463489 -11.513173 12.914188 2.24354 -5.255033 -3.180155 14.282875 -0.826595 6.952495 0.0 -12.690593 -1e-06 15.459242 -16.989878 2.929463 1.665665 -1.95592 -2.878296 4.727794 -4.170584 4.993918 11.020509 0.0 -0.0 12.109029 -3.735715 -2.866777 -0.0 0.0 -0.0 1.291984 -1.928548 -1.498088 14.800112 0.567466 3.865604 14.242552 -1.341739 -6.660646 19.631929 0.14392 -0.648243 52.405376 -0.38639 -5.613244 0.353029 -1.511149 -0.03194 20.222765 3.684304 2.316628 18.787243 0.0 -0.0 10.751607 -0.47987 1.397902 0.0 0.0 0.0 3.273804 0.305947 -0.58011 21.486788 11.830361 2.266131 8.162914 -0.0 -0.0 18.399046 -3.798986 -4.940566 3e-06 0.0 -1e-06 2.166641 7.435956 -57.919922 -0.177638 -0.289693 67.548553 -1.768425 -1.106802 -25.694105 1.639426 -1.486301 -2.271342 0.0 -0.0 2e-06 -2.640702 -4.624263 -58.53727 0.225864 0.256478 70.655334 2.662873 -1.442935 -19.452055 -1.416167 0.835382 -3.379136 0.0 -0.0 -1e-06 
0.0 0.0 0.0 0.0 -0.0 0.0 6.592526 81.181389 -16.896805 -0.284377 -0.300889 20.597879 -0.201587 0.21417 8.985021 0.051096 -0.481656 -0.271247 -1.324216 -0.852997 11.789971 1.722148 2.51743 -29.779751 0.059117 0.407249 -3.799513 1.974401 0.991084 -4.420995 7.7e-05 -2.2e-05 6e-06 -0.02386 -0.199082 -0.271307 0.866331 -3.880139 -10.879625 -0.916726 3.496031 -10.813926 -1.605342 -12.442974 21.278332 -63.560879 5.069899 23.813431 -5.633616 -20.511669 1.014661 -5.338154 10.48974 1.231846 -5.882102 9.861279 0.70259 -10.936858 -0.360574 7.156195 0.0 8.774814 0.0 -16.471323 20.095842 6.792748 -1.844031 2.498503 -2.507276 -10.163589 4.678941 4.621103 -20.975994 -0.0 1e-06 -21.226252 2.451699 -3.593994 0.0 -6e-06 -0.0 -1.36268 2.240796 -0.746323 -21.334888 0.58491 3.008318 -13.821193 -1e-06 1e-06 -23.887127 -0.249074 -0.839485 -60.556778 2.590387 -1.142973 -0.294025 1.679686 0.833255 -14.218191 0.093216 1.300578 -34.211994 -0.28756 0.967166 -20.033173 0.964536 1.212838 -0.0 0.0 0.0 -3.440386 0.788233 0.501655 -15.928168 -3.167305 2.999702 -6.338816 -0.0 0.0 -18.123415 3.64818 -4.905661 -4e-06 0.0 -2e-06 -3.680507 10.69397 18.421631 69.953156 -1.633191 30.209951 0.803813 11.749908 0.241555 -8.155067 -16.127415 9.778875 2.24354 -5.255033 -3.180155 14.282875 -0.826595 6.952495 0.0 -12.690593 -1e-06 15.058337 -17.088745 3.02953 1.665665 -1.95592 -2.878296 4.727794 -4.170584 4.993918 11.020509 0.0 -0.0 12.109029 -3.735715 -2.866777 -0.0 0.0 -0.0 1.291984 -1.928548 -1.498088 14.800112 0.567466 3.865604 14.242552 -1.341739 -6.660646 19.631929 0.14392 -0.648243 52.606197 -1.132468 -5.696767 0.353029 -1.511149 -0.03194 20.222765 3.684304 2.316628 18.787243 0.0 -0.0 10.751607 -0.47987 1.397902 0.0 0.0 0.0 3.273804 0.305947 -0.58011 21.486788 11.830361 2.266131 8.162914 -0.0 -0.0 18.399046 -3.798986 -4.940566 3e-06 0.0 -1e-06 0.938933 7.414461 -67.083664 -0.329713 -0.375702 75.937538 -2.928316 -0.448297 -28.974222 1.644545 -1.475965 -2.007054 0.0 -0.0 2e-06 -2.712976 -5.861702 -67.399612 0.325528 0.43946 78.241737 2.94193 -0.628892 -25.011518 -1.455373 0.904313 -2.237154 0.0 -0.0 -1e-06 
0.0 0.0 0.0 0.0 -0.0 0.0 6.754758 76.089432 -18.592461 1.21348 -1.164265 22.789049 -0.651294 -0.334948 10.421346 -0.430486 0.30148 0.449328 -1.80957 -0.184868 12.520056 0.73252 1.802685 -31.784142 0.33545 -0.038697 -3.685406 2.311525 0.663403 -4.3183 7.7e-05 -2.2e-05 6e-06 -0.046146 -0.170986 -0.326551 0.841075 -3.88105 -11.096684 -0.936387 3.544538 -11.065681 -3.441778 -10.154676 22.657042 -62.30711 17.963335 18.045776 -4.272151 -22.313959 1.819272 1.907484 8.539081 -5.492262 -5.882102 9.861279 0.70259 -10.936858 -0.360574 7.156195 0.0 8.774814 0.0 -14.578824 16.663244 6.19363 -1.844031 2.498503 -2.507276 -10.163589 4.678941 4.621103 -20.975994 -0.0 1e-06 -21.226252 2.451699 -3.593994 0.0 -6e-06 -0.0 -1.36268 2.240796 -0.746323 -21.334888 0.58491 3.008318 -13.821193 -1e-06 1e-06 -23.887127 -0.249074 -0.839485 -57.675354 2.355282 -0.699967 -0.294025 1.679686 0.833255 -14.218191 0.093216 1.300578 -34.211994 -0.28756 0.967166 -20.033173 0.964536 1.212838 -0.0 0.0 0.0 -3.440386 0.788233 0.501655 -15.928168 -3.167305 2.999702 -6.338816 -0.0 0.0 -18.123415 3.64818 -4.905661 -4e-06 0.0 -2e-06 -3.955848 9.871427 20.568445 71.43293 -16.577932 26.626616 -0.005408 16.967648 0.74661 -8.338957 -11.687094 -3.746028 2.24354 -5.255033 -3.180155 14.282875 -0.826595 6.952495 0.0 -12.690593 -1e-06 16.627462 -16.251282 2.50026 1.665665 -1.95592 -2.878296 4.727794 -4.170584 4.993918 11.020509 0.0 -0.0 12.109029 -3.735715 -2.866777 -0.0 0.0 -0.0 1.291984 -1.928548 -1.498088 14.800112 0.567466 3.865604 14.242552 -1.341739 -6.660646 19.631929 0.14392 -0.648243 55.326977 -1.167044 -5.294255 0.353029 -1.511149 -0.03194 20.222765 3.684304 2.316628 18.787243 0.0 -0.0 10.751607 -0.47987 1.397902 0.0 0.0 0.0 3.273804 0.305947 -0.58011 21.486788 11.830361 2.266131 8.162914 -0.0 -0.0 18.399046 -3.798986 -4.940566 3e-06 0.0 -1e-06 -1.354111 7.517304 -75.939583 -0.478587 -0.318606 84.907974 -4.162396 -0.563107 -31.651766 1.664013 -1.643579 -2.198013 0.0 -0.0 2e-06 -4.167319 -6.950711 -76.389015 0.436546 0.387637 86.863152 2.920626 0.597071 -29.42351 -1.483393 0.969772 -1.983515 0.0 -0.0 -1e-06 
0.0 0.0 0.0 0.0 -0.0 0.0 7.150685 70.822014 -20.221209 2.690864 -2.284463 23.295111 -1.043853 -0.460388 12.197429 -0.704141 0.570952 1.134143 -2.489008 0.094632 13.293995 0.240681 1.460094 -32.631588 0.355053 -0.006266 -3.545001 2.559303 0.061359 -4.100827 7.7e-05 -2.2e-05 6e-06 -0.049491 -0.099696 -0.335305 0.819692 -3.839813 -11.211752 -0.923394 3.634539 -11.196445 -3.316655 -8.021136 22.235874 -64.115829 25.838078 8.892015 -2.906572 -23.540918 2.105335 9.136444 5.348018 -20.886129 -5.882102 9.861279 0.70259 -10.936858 -0.360574 7.156195 0.0 8.774814 0.0 -16.79476 14.79183 4.700121 -1.844031 2.498503 -2.507276 -10.163589 4.678941 4.621103 -20.975994 -0.0 1e-06 -21.226252 2.451699 -3.593994 0.0 -6e-06 -0.0 -1.36268 2.240796 -0.746323 -21.334888 0.58491 3.008318 -13.821193 -1e-06 1e-06 -23.887127 -0.249074 -0.839485 -60.670124 2.248934 -0.281956 -0.294025 1.679686 0.833255 -14.218191 0.093216 1.300578 -34.211994 -0.28756 0.967166 -20.033173 0.964536 1.212838 -0.0 0.0 0.0 -3.440386 0.788233 0.501655 -15.928168 -3.167305 2.999702 -6.338816 -0.0 0.0 -18.123415 3.64818 -4.905661 -4e-06 0.0 -2e-06 -5.673963 10.098804 21.606932 73.810013 -28.19928 21.656593 2.412242 23.920614 2.576689 -5.21289 -2.124334 -15.368744 2.24354 -5.255033 -3.180155 14.282875 -0.826595 6.952495 0.0 -12.690593 -1e-06 19.703064 -14.7489 1.110606 1.665665 -1.95592 -2.878296 4.727794 -4.170584 4.993918 11.020509 0.0 -0.0 12.109029 -3.735715 -2.866777 -0.0 0.0 -0.0 1.291984 -1.928548 -1.498088 14.800112 0.567466 3.865604 14.242552 -1.341739 -6.660646 19.631929 0.14392 -0.648243 55.479813 -0.768607 -4.734835 0.353029 -1.511149 -0.03194 20.222765 3.684304 2.316628 18.787243 0.0 -0.0 10.751607 -0.47987 1.397902 0.0 0.0 0.0 3.273804 0.305947 -0.58011 21.486788 11.830361 2.266131 8.162914 -0.0 -0.0 18.399046 -3.798986 -4.940566 3e-06 0.0 -1e-06 -3.700311 7.754903 -83.029739 -0.494344 -0.178727 93.623543 -4.806037 -0.400527 -33.922565 1.685592 -1.808492 -2.578285 0.0 -0.0 2e-06 -6.156612 -7.962341 -83.934715 0.519807 0.24873 95.489861 2.562464 2.574119 -32.271481 -1.484786 1.060851 -2.177536 0.0 -0.0 -1e-06 
0.0 0.0 0.0 0.0 -0.0 0.0 7.401796 65.864227 -21.555326 3.470791 -3.300132 22.568207 -1.198373 -0.38013 13.729033 -0.783945 0.570269 1.79183 -3.016045 0.077192 14.078441 0.079127 1.20128 -33.12014 0.59072 0.392819 -3.398725 2.72273 0.041087 -4.385287 7.7e-05 -2.2e-05 6e-06 -0.051741 -0.054817 -0.304542 0.792089 -3.815871 -11.210196 -0.903485 3.695188 -11.191685 -2.503487 -6.850178 20.785435 -67.760635 27.336517 3.612059 -0.756033 -22.697632 1.693935 12.241705 3.433749 -29.982428 -5.882102 9.861279 0.70259 -10.936858 -0.360574 7.156195 0.0 8.774814 0.0 -18.378466 15.131441 4.483222 -1.844031 2.498503 -2.507276 -10.163589 4.678941 4.621103 -20.975994 -0.0 1e-06 -21.226252 2.451699 -3.593994 0.0 -6e-06 -0.0 -1.36268 2.240796 -0.746323 -21.334888 0.58491 3.008318 -13.821193 -1e-06 1e-06 -23.887127 -0.249074 -0.839485 -63.860889 2.333706 -0.197223 -0.294025 1.679686 0.833255 -14.218191 0.093216 1.300578 -34.211994 -0.28756 0.967166 -20.033173 0.964536 1.212838 -0.0 0.0 0.0 -3.440386 0.788233 0.501655 -15.928168 -3.167305 2.999702 -6.338816 -0.0 0.0 -18.123415 3.64818 -4.905661 -4e-06 0.0 -2e-06 -6.88751 10.383455 21.560356 76.165672 -32.331619 18.462234 4.032935 27.625492 3.451823 -2.918651 4.448205 -19.359797 2.24354 -5.255033 -3.180155 14.282875 -0.826595 6.952495 0.0 -12.690593 -1e-06 20.709362 -14.655139 0.896732 1.665665 -1.95592 -2.878296 4.727794 -4.170584 4.993918 11.020509 0.0 -0.0 12.109029 -3.735715 -2.866777 -0.0 0.0 -0.0 1.291984 -1.928548 -1.498088 14.800112 0.567466 3.865604 14.242552 -1.341739 -6.660646 19.631929 0.14392 -0.648243 55.065784 -0.507179 -4.73639 0.353029 -1.511149 -0.03194 20.222765 3.684304 2.316628 18.787243 0.0 -0.0 10.751607 -0.47987 1.397902 0.0 0.0 0.0 3.273804 0.305947 -0.58011 21.486788 11.830361 2.266131 8.162914 -0.0 -0.0 18.399046 -3.798986 -4.940566 3e-06 0.0 -1e-06 -4.860911 8.118707 -88.28022 -0.482233 -0.098354 101.490257 -4.853806 0.341349 -35.974606 1.684867 -1.918775 -2.663388 0.0 -0.0 2e-06 -7.53654 -8.494878 -89.56778 0.433256 0.13674 102.979134 2.16059 4.471609 -34.479736 -1.488345 1.134462 -2.300289 0.0 -0.0 -1e-06 
0.0 0.0 0.0 0.0 -0.0 0.0 7.413223 61.964916 -22.519566 3.733076 -3.99139 21.354225 -1.119518 -0.323894 14.412148 -0.949477 0.585115 2.391372 -3.452443 -0.420752 15.563696 0.273773 0.852999 -34.70129 1.000241 0.583472 -3.269231 2.83786 0.818865 -5.39207 7.7e-05 -2.2e-05 6e-06 -0.034225 -0.113674 -0.268599 0.81133 -3.853898 -11.086627 -0.891182 3.616203 -11.07857 -4.126184 -7.484363 19.54657 -69.978775 23.722847 -0.945648 0.173312 -17.99873 0.990731 13.510823 3.969541 -33.477997 -5.882102 9.861279 0.70259 -10.936858 -0.360574 7.156195 0.0 8.774814 0.0 -18.60874 15.23674 4.70432 -1.844031 2.498503 -2.507276 -10.163589 4.678941 4.621103 -20.975994 -0.0 1e-06 -21.226252 2.451699 -3.593994 0.0 -6e-06 -0.0 -1.36268 2.240796 -0.746323 -21.334888 0.58491 3.008318 -13.821193 -1e-06 1e-06 -23.887127 -0.249074 -0.839485 -64.64328 2.490568 -0.245183 -0.294025 1.679686 0.833255 -14.218191 0.093216 1.300578 -34.211994 -0.28756 0.967166 -20.033173 0.964536 1.212838 -0.0 0.0 0.0 -3.440386 0.788233 0.501655 -15.928168 -3.167305 2.999702 -6.338816 -0.0 0.0 -18.123415 3.64818 -4.905661 -4e-06 0.0 -2e-06 -4.622659 10.736311 21.407743 76.359825 -28.450327 14.872587 3.835445 27.339273 2.705011 -1.445991 7.696062 -20.742704 2.24354 -5.255033 -3.180155 14.282875 -0.826595 6.952495 0.0 -12.690593 -1e-06 20.648886 -14.729563 1.016791 1.665665 -1.95592 -2.878296 4.727794 -4.170584 4.993918 11.020509 0.0 -0.0 12.109029 -3.735715 -2.866777 -0.0 0.0 -0.0 1.291984 -1.928548 -1.498088 14.800112 0.567466 3.865604 14.242552 -1.341739 -6.660646 19.631929 0.14392 -0.648243 55.375515 -0.355601 -5.003049 0.353029 -1.511149 -0.03194 20.222765 3.684304 2.316628 18.787243 0.0 -0.0 10.751607 -0.47987 1.397902 0.0 0.0 0.0 3.273804 0.305947 -0.58011 21.486788 11.830361 2.266131 8.162914 -0.0 -0.0 18.399046 -3.798986 -4.940566 3e-06 0.0 -1e-06 -4.824682 8.428825 -91.801819 -0.406011 -0.067041 107.45694 -4.964602 1.13809 -37.151211 1.660422 -1.917735 -2.318766 0.0 -0.0 2e-06 -8.24369 -8.520068 -93.214203 0.377503 0.077445 108.469795 2.195421 5.464581 -36.121666 -1.495057 1.209403 -1.770874 0.0 -0.0 -1e-06 
0.0 0.0 0.0 0.0 -0.0 0.0 7.280202 59.555046 -23.270666 3.673582 -4.389616 19.393738 -1.038901 -0.255483 14.70384 -1.042146 0.388647 2.954463 -3.890234 -1.184163 17.49152 0.894937 0.656246 -36.299042 1.364947 0.993679 -3.143969 2.71868 2.071033 -7.156709 7.7e-05 -2.2e-05 6e-06 -0.010034 -0.1863 -0.22188 0.876726 -3.875257 -10.893798 -0.911145 3.50017 -10.88216 -7.304977 -9.602534 18.024368 -69.179634 15.647199 -5.340988 -0.905341 -11.656156 0.450415 15.101081 5.622264 -32.654129 -5.882102 9.861279 0.70259 -10.936858 -0.360574 7.156195 0.0 8.774814 0.0 -19.182671 14.735684 4.312991 -1.844031 2.498503 -2.507276 -10.163589 4.678941 4.621103 -20.975994 -0.0 1e-06 -21.226252 2.451699 -3.593994 0.0 -6e-06 -0.0 -1.36268 2.240796 -0.746323 -21.334888 0.58491 3.008318 -13.821193 -1e-06 1e-06 -23.887127 -0.249074 -0.839485 -64.5811 2.538191 -0.35399 -0.294025 1.679686 0.833255 -14.218191 0.093216 1.300578 -34.211994 -0.28756 0.967166 -20.033173 0.964536 1.212838 -0.0 0.0 0.0 -3.440386 0.788233 0.501655 -15.928168 -3.167305 2.999702 -6.338816 -0.0 0.0 -18.123415 3.64818 -4.905661 -4e-06 0.0 -2e-06 0.289115 11.856748 21.221125 72.877457 -18.286383 10.369403 4.04601 25.089132 1.93786 0.029438 10.56909 -24.646748 2.24354 -5.255033 -3.180155 14.282875 -0.826595 6.952495 0.0 -12.690593 -1e-06 19.801416 -14.3378 1.07863 1.665665 -1.95592 -2.878296 4.727794 -4.170584 4.993918 11.020509 0.0 -0.0 12.109029 -3.735715 -2.866777 -0.0 0.0 -0.0 1.291984 -1.928548 -1.498088 14.800112 0.567466 3.865604 14.242552 -1.341739 -6.660646 19.631929 0.14392 -0.648243 55.024574 -0.1824 -5.303632 0.353029 -1.511149 -0.03194 20.222765 3.684304 2.316628 18.787243 0.0 -0.0 10.751607 -0.47987 1.397902 0.0 0.0 0.0 3.273804 0.305947 -0.58011 21.486788 11.830361 2.266131 8.162914 -0.0 -0.0 18.399046 -3.798986 -4.940566 3e-06 0.0 -1e-06 -4.274126 8.993393 -92.738937 -0.337955 -0.0298 111.089287 -5.617967 1.076844 -37.822117 1.655166 -1.812175 -1.862598 0.0 -0.0 2e-06 -8.517244 -8.14465 -94.392708 0.335518 0.024751 111.886948 2.616946 6.156213 -36.556595 -1.508577 1.263087 -0.770548 0.0 -0.0 -1e-06 
0.0 0.0 0.0 0.0 -0.0 0.0 6.913405 59.137653 -23.789331 3.435705 -4.355081 16.253712 -1.08335 -0.320823 15.024467 -1.134428 -0.022804 2.979353 -4.160719 -1.813568 18.857141 1.799878 0.968955 -34.831348 1.192865 1.965385 -3.123547 2.156059 2.66369 -9.172893 7.7e-05 -2.2e-05 6e-06 -0.000404 -0.143619 -0.16056 0.900537 -3.792699 -10.71658 -0.915374 3.527667 -10.734333 -9.169348 -12.060666 16.235031 -64.844223 2.0244 -6.467369 -1.840106 -8.551729 0.104482 16.811304 3.921546 -26.879301 -5.882102 9.861279 0.70259 -10.936858 -0.360574 7.156195 0.0 8.774814 0.0 -20.468241 14.237218 3.277542 -1.844031 2.498503 -2.507276 -10.163589 4.678941 4.621103 -20.975994 -0.0 1e-06 -21.226252 2.451699 -3.593994 0.0 -6e-06 -0.0 -1.36268 2.240796 -0.746323 -21.334888 0.58491 3.008318 -13.821193 -1e-06 1e-06 -23.887127 -0.249074 -0.839485 -64.17894 2.339917 -0.405305 -0.294025 1.679686 0.833255 -14.218191 0.093216 1.300578 -34.211994 -0.28756 0.967166 -20.033173 0.964536 1.212838 -0.0 0.0 0.0 -3.440386 0.788233 0.501655 -15.928168 -3.167305 2.999702 -6.338816 -0.0 0.0 -18.123415 3.64818 -4.905661 -4e-06 0.0 -2e-06 4.500765 13.770944 19.924955 66.500107 -3.020774 5.748563 3.931118 23.931908 1.55695 -3.01067 9.099536 -33.15971 2.24354 -5.255033 -3.180155 14.282875 -0.826595 6.952495 0.0 -12.690593 -1e-06 17.913403 -14.463474 1.507947 1.665665 -1.95592 -2.878296 4.727794 -4.170584 4.993918 11.020509 0.0 -0.0 12.109029 -3.735715 -2.866777 -0.0 0.0 -0.0 1.291984 -1.928548 -1.498088 14.800112 0.567466 3.865604 14.242552 -1.341739 -6.660646 19.631929 0.14392 -0.648243 51.983681 0.009477 -5.614967 0.353029 -1.511149 -0.03194 20.222765 3.684304 2.316628 18.787243 0.0 -0.0 10.751607 -0.47987 1.397902 0.0 0.0 0.0 3.273804 0.305947 -0.58011 21.486788 11.830361 2.266131 8.162914 -0.0 -0.0 18.399046 -3.798986 -4.940566 3e-06 0.0 -1e-06 -3.418079 10.354968 -90.126122 -0.311438 0.104588 111.766304 -6.336365 0.629914 -37.739006 1.685241 -1.910936 -1.584611 0.0 -0.0 2e-06 -8.427538 -7.29097 -91.773384 0.342421 -0.062098 112.614418 2.602775 5.968549 -36.62162 -1.537945 1.139404 0.043884 0.0 -0.0 -1e-06 
0.0 0.0 0.0 0.0 -0.0 0.0 6.411298 60.297226 -24.435064 3.217056 -4.042256 11.662874 -1.081797 -0.455418 15.17401 -1.300692 -0.040944 2.209555 -3.833839 -2.470394 19.437828 2.306091 1.628116 -28.250763 0.194703 2.563649 -3.390665 1.162594 2.271214 -10.366954 7.7e-05 -2.2e-05 6e-06 0.003036 -0.088742 -0.127696 0.772284 -3.757318 -10.762327 -0.775534 3.629979 -10.820848 -10.253863 -15.951279 15.025279 -56.099869 -15.825902 -8.016736 0.479525 -10.642623 -0.273699 16.209852 -3.399189 -23.719627 -5.882102 9.861279 0.70259 -10.936858 -0.360574 7.156195 0.0 8.774814 0.0 -18.866198 17.43207 4.904184 -1.844031 2.498503 -2.507276 -10.163589 4.678941 4.621103 -20.975994 -0.0 1e-06 -21.226252 2.451699 -3.593994 0.0 -6e-06 -0.0 -1.36268 2.240796 -0.746323 -21.334888 0.58491 3.008318 -13.821193 -1e-06 1e-06 -23.887127 -0.249074 -0.839485 -61.441765 3.078467 -0.64821 -0.294025 1.679686 0.833255 -14.218191 0.093216 1.300578 -34.211994 -0.28756 0.967166 -20.033173 0.964536 1.212838 -0.0 0.0 0.0 -3.440386 0.788233 0.501655 -15.928168 -3.167305 2.999702 -6.338816 -0.0 0.0 -18.123415 3.64818 -4.905661 -4e-06 0.0 -2e-06 5.629638 16.866791 15.94186 60.365635 15.880436 2.284268 1.331053 22.748323 -0.020066 -7.674132 1.91007 -37.168598 2.24354 -5.255033 -3.180155 14.282875 -0.826595 6.952495 0.0 -12.690593 -1e-06 16.534702 -16.19194 2.298821 1.665665 -1.95592 -2.878296 4.727794 -4.170584 4.993918 11.020509 0.0 -0.0 12.109029 -3.735715 -2.866777 -0.0 0.0 -0.0 1.291984 -1.928548 -1.498088 14.800112 0.567466 3.865604 14.242552 -1.341739 -6.660646 19.631929 0.14392 -0.648243 49.453278 -0.283179 -5.66434 0.353029 -1.511149 -0.03194 20.222765 3.684304 2.316628 18.787243 0.0 -0.0 10.751607 -0.47987 1.397902 0.0 0.0 0.0 3.273804 0.305947 -0.58011 21.486788 11.830361 2.266131 8.162914 -0.0 -0.0 18.399046 -3.798986 -4.940566 3e-06 0.0 -1e-06 -2.274871 11.905655 -84.373512 -0.299917 0.203469 110.13398 -6.006065 0.793741 -36.45293 1.740593 -2.235973 -1.56598 0.0 -0.0 2e-06 -8.120221 -6.516783 -86.192543 0.180116 -0.156765 111.564323 1.957158 5.224174 -34.833488 -1.556227 0.760058 0.249719 0.0 -0.0 -1e-06 
0.0 0.0 0.0 0.0 -0.0 0.0 6.179378 62.199486 -25.725758 3.569202 -3.410792 5.935019 -0.973344 -0.418104 15.023406 -1.012314 0.155313 1.56262 -3.444358 -3.157449 18.794718 0.804745 2.158414 -19.552235 -0.638533 1.918852 -3.967768 1.091704 1.099481 -10.005251 7.7e-05 -2.2e-05 6e-06 0.058293 -0.194621 -0.126438 0.654437 -3.926148 -11.082487 -0.544947 3.611261 -11.144633 -12.363755 -22.728371 12.438325 -37.69474 -31.602661 -12.302258 1.252371 -11.419947 -0.193466 11.596478 -4.417478 -22.389948 -5.882102 9.861279 0.70259 -10.936858 -0.360574 7.156195 0.0 8.774814 0.0 -16.57172 18.61677 6.208862 -1.844031 2.498503 -2.507276 -10.163589 4.678941 4.621103 -20.975994 -0.0 1e-06 -21.226252 2.451699 -3.593994 0.0 -6e-06 -0.0 -1.36268 2.240796 -0.746323 -21.334888 0.58491 3.008318 -13.821193 -1e-06 1e-06 -23.887127 -0.249074 -0.839485 -59.389671 2.761347 -1.107832 -0.294025 1.679686 0.833255 -14.218191 0.093216 1.300578 -34.211994 -0.28756 0.967166 -20.033173 0.964536 1.212838 -0.0 0.0 0.0 -3.440386 0.788233 0.501655 -15.928168 -3.167305 2.999702 -6.338816 -0.0 0.0 -18.123415 3.64818 -4.905661 -4e-06 0.0 -2e-06 5.672616 22.523449 11.814925 50.18837 34.530369 -3.739698 0.129241 22.532478 -0.450234 -11.706846 -0.351446 -31.165945 2.24354 -5.255033 -3.180155 14.282875 -0.826595 6.952495 0.0 -12.690593 -1e-06 16.191851 -17.399462 1.896204 1.665665 -1.95592 -2.878296 4.727794 -4.170584 4.993918 11.020509 0.0 -0.0 12.109029 -3.735715 -2.866777 -0.0 0.0 -0.0 1.291984 -1.928548 -1.498088 14.800112 0.567466 3.865604 14.242552 -1.341739 -6.660646 19.631929 0.14392 -0.648243 48.499146 0.409856 -6.275045 0.353029 -1.511149 -0.03194 20.222765 3.684304 2.316628 18.787243 0.0 -0.0 10.751607 -0.47987 1.397902 0.0 0.0 0.0 3.273804 0.305947 -0.58011 21.486788 11.830361 2.266131 8.162914 -0.0 -0.0 18.399046 -3.798986 -4.940566 3e-06 0.0 -1e-06 -1.736162 12.029346 -77.33931 -0.246934 -0.067287 107.310699 -5.089867 0.941443 -32.949661 1.721474 -2.13962 -2.216325 0.0 -0.0 2e-06 -8.646688 -6.033801 -78.970673 -0.047123 -0.148964 108.986458 1.845273 3.89155 -32.244373 -1.586358 0.739753 0.176075 0.0 -0.0 -1e-06 
0.0 0.0 0.0 0.0 -0.0 0.0 6.161861 63.840557 -27.511736 4.208403 -2.827555 0.027749 -0.579057 0.243648 15.238685 -0.261197 -1.02974 1.20761 -3.129497 -3.390809 16.535406 -1.165805 2.793894 -13.872845 0.001428 1.443852 -4.298119 0.456913 0.913192 -10.558732 7.7e-05 -2.2e-05 6e-06 0.025821 -0.15938 -0.20406 0.624617 -3.925138 -11.426334 -0.57892 3.697948 -11.430927 -9.011216 -29.779205 9.081087 -14.650076 -38.151867 -17.909769 -2.757825 -22.245152 2.442621 13.47927 -6.400251 -32.195847 -5.882102 9.861279 0.70259 -10.936858 -0.360574 7.156195 0.0 8.774814 0.0 -16.874407 19.722393 6.178432 -1.844031 2.498503 -2.507276 -10.163589 4.678941 4.621103 -20.975994 -0.0 1e-06 -21.226252 2.451699 -3.593994 0.0 -6e-06 -0.0 -1.36268 2.240796 -0.746323 -21.334888 0.58491 3.008318 -13.821193 -1e-06 1e-06 -23.887127 -0.249074 -0.839485 -60.24231 2.36548 -1.021139 -0.294025 1.679686 0.833255 -14.218191 0.093216 1.300578 -34.211994 -0.28756 0.967166 -20.033173 0.964536 1.212838 -0.0 0.0 0.0 -3.440386 0.788233 0.501655 -15.928168 -3.167305 2.999702 -6.338816 -0.0 0.0 -18.123415 3.64818 -4.905661 -4e-06 0.0 -2e-06 -0.552923 28.805452 7.517699 31.999361 51.474129 -21.508327 1.151814 25.768373 -0.496579 -19.669891 1.574492 -16.968649 2.24354 -5.255033 -3.180155 14.282875 -0.826595 6.952495 0.0 -12.690593 -1e-06 15.968354 -17.016794 1.236385 1.665665 -1.95592 -2.878296 4.727794 -4.170584 4.993918 11.020509 0.0 -0.0 12.109029 -3.735715 -2.866777 -0.0 0.0 -0.0 1.291984 -1.928548 -1.498088 14.800112 0.567466 3.865604 14.242552 -1.341739 -6.660646 19.631929 0.14392 -0.648243 45.538391 0.370033 -6.479413 0.353029 -1.511149 -0.03194 20.222765 3.684304 2.316628 18.787243 0.0 -0.0 10.751607 -0.47987 1.397902 0.0 0.0 0.0 3.273804 0.305947 -0.58011 21.486788 11.830361 2.266131 8.162914 -0.0 -0.0 18.399046 -3.798986 -4.940566 3e-06 0.0 -1e-06 -1.562462 11.05012 -70.246712 -0.362985 -0.341205 103.892998 -4.693859 0.836368 -30.35508 1.662553 -1.880451 -3.305746 0.0 -0.0 2e-06 -9.7491 -4.468863 -71.50296 -0.111716 0.038586 105.351303 2.52069 1.898503 -31.702425 -1.565033 0.914016 -1.317241 0.0 -0.0 -1e-06 
0.0 0.0 0.0 0.0 -0.0 0.0 6.354013 65.917419 -28.863482 4.94098 -2.244163 -4.746783 0.373057 0.871211 15.043834 0.111842 -2.060648 0.767046 -2.986028 -3.632456 13.818555 -2.147926 3.017619 -11.54665 0.110993 1.783327 -4.144903 0.310429 0.366936 -13.362456 7.7e-05 -2.2e-05 6e-06 -0.036314 -0.046293 -0.063636 0.535341 -3.8467 -11.316515 -0.607804 3.862673 -11.285978 0.436509 -34.197956 4.419034 10.557445 -36.580021 -29.22929 -2.893375 -33.851421 3.826514 28.888145 -2.347558 -52.455906 -5.882102 9.861279 0.70259 -10.936858 -0.360574 7.156195 0.0 8.774814 0.0 -16.215607 17.30407 6.326457 -1.844031 2.498503 -2.507276 -10.163589 4.678941 4.621103 -20.975994 -0.0 1e-06 -21.226252 2.451699 -3.593994 0.0 -6e-06 -0.0 -1.36268 2.240796 -0.746323 -21.334888 0.58491 3.008318 -13.821193 -1e-06 1e-06 -23.887127 -0.249074 -0.839485 -61.599941 1.919977 -1.125678 -0.294025 1.679686 0.833255 -14.218191 0.093216 1.300578 -34.211994 -0.28756 0.967166 -20.033173 0.964536 1.212838 -0.0 0.0 0.0 -3.440386 0.788233 0.501655 -15.928168 -3.167305 2.999702 -6.338816 -0.0 0.0 -18.123415 3.64818 -4.905661 -4e-06 0.0 -2e-06 -13.405333 32.407753 1.089762 -0.265627 56.425961 -59.543896 5.017061 33.506317 3.291872 -28.864082 8.082246 -4.76067 2.24354 -5.255033 -3.180155 14.282875 -0.826595 6.952495 0.0 -12.690593 -1e-06 17.379099 -16.512062 0.961056 1.665665 -1.95592 -2.878296 4.727794 -4.170584 4.993918 11.020509 0.0 -0.0 12.109029 -3.735715 -2.866777 -0.0 0.0 -0.0 1.291984 -1.928548 -1.498088 14.800112 0.567466 3.865604 14.242552 -1.341739 -6.660646 19.631929 0.14392 -0.648243 48.457062 0.242978 -6.821062 0.353029 -1.511149 -0.03194 20.222765 3.684304 2.316628 18.787243 0.0 -0.0 10.751607 -0.47987 1.397902 0.0 0.0 0.0 3.273804 0.305947 -0.58011 21.486788 11.830361 2.266131 8.162914 -0.0 -0.0 18.399046 -3.798986 -4.940566 3e-06 0.0 -1e-06 -2.07991 10.596727 -63.723118 -0.561302 -0.477351 100.034012 -4.110381 0.312757 -27.202385 1.582784 -1.652611 -5.459808 0.0 -0.0 2e-06 -11.347177 -2.059506 -64.752678 -0.115762 -0.017924 101.507881 4.197827 0.035178 -29.960308 -1.517711 0.940009 -2.467777 0.0 -0.0 -1e-06 
0.0 0.0 0.0 0.0 -0.0 0.0 6.321682 69.979477 -28.838867 5.865312 -1.524813 -7.781619 1.615551 0.54697 14.200701 -0.026874 -1.821032 0.138649 -2.313873 -3.315308 9.70761 -3.184291 2.574809 -11.061018 -0.098147 1.776227 -3.634081 0.131197 0.267296 -16.593498 7.7e-05 -2.2e-05 6e-06 -0.044614 0.13159 0.078756 0.521699 -3.665585 -11.137901 -0.597508 4.038908 -11.048391 11.289433 -34.169075 -1.372826 28.073063 -27.389261 -43.529057 -4.135141 -46.122509 3.697636 35.928303 8.184289 -61.247597 -5.882102 9.861279 0.70259 -10.936858 -0.360574 7.156195 0.0 8.774814 0.0 -14.225045 15.955128 6.439393 -1.844031 2.498503 -2.507276 -10.163589 4.678941 4.621103 -20.975994 -0.0 1e-06 -21.226252 2.451699 -3.593994 0.0 -6e-06 -0.0 -1.36268 2.240796 -0.746323 -21.334888 0.58491 3.008318 -13.821193 -1e-06 1e-06 -23.887127 -0.249074 -0.839485 -58.819828 2.086101 -0.366866 -0.294025 1.679686 0.833255 -14.218191 0.093216 1.300578 -34.211994 -0.28756 0.967166 -20.033173 0.964536 1.212838 -0.0 0.0 0.0 -3.440386 0.788233 0.501655 -15.928168 -3.167305 2.999702 -6.338816 -0.0 0.0 -18.123415 3.64818 -4.905661 -4e-06 0.0 -2e-06 -27.225111 33.018772 -5.417037 -23.865135 44.000813 -81.971054 4.307929 41.626118 4.219058 -33.071243 7.84116 -3.058415 2.24354 -5.255033 -3.180155 14.282875 -0.826595 6.952495 0.0 -12.690593 -1e-06 16.383921 -16.538639 2.712085 1.665665 -1.95592 -2.878296 4.727794 -4.170584 4.993918 11.020509 0.0 -0.0 12.109029 -3.735715 -2.866777 -0.0 0.0 -0.0 1.291984 -1.928548 -1.498088 14.800112 0.567466 3.865604 14.242552 -1.341739 -6.660646 19.631929 0.14392 -0.648243 50.242447 -0.266835 -6.293791 0.353029 -1.511149 -0.03194 20.222765 3.684304 2.316628 18.787243 0.0 -0.0 10.751607 -0.47987 1.397902 0.0 0.0 0.0 3.273804 0.305947 -0.58011 21.486788 11.830361 2.266131 8.162914 -0.0 -0.0 18.399046 -3.798986 -4.940566 3e-06 0.0 -1e-06 -2.331368 10.297731 -56.068005 -0.013621 -0.068243 93.678642 -3.231697 -0.918086 -22.938665 1.593727 -1.614406 -6.766024 0.0 -0.0 2e-06 -12.489217 -0.297077 -56.821159 0.247683 -0.213157 95.071388 4.779542 -1.115372 -28.346373 -1.553834 0.785834 -1.428227 0.0 -0.0 -1e-06 
0.0 0.0 0.0 0.0 -0.0 0.0 5.819458 76.532173 -27.155024 6.560958 -0.860883 -10.023783 2.824549 0.656101 12.292721 0.058045 -1.188948 -1.029621 -1.351096 -2.148766 5.671127 -4.766067 2.461041 -11.047068 -0.407453 0.623655 -3.458153 0.542287 -0.092955 -17.180206 7.7e-05 -2.2e-05 6e-06 -0.079857 0.088388 0.086173 0.535958 -3.613046 -10.770613 -0.661884 3.904098 -10.623052 19.39048 -30.01153 -4.374748 33.278641 -17.071358 -58.320549 -8.554405 -61.39901 5.438687 35.792229 13.435165 -58.532612 -5.882102 9.861279 0.70259 -10.936858 -0.360574 7.156195 0.0 8.774814 0.0 -14.738564 15.535323 5.228136 -1.844031 2.498503 -2.507276 -10.163589 4.678941 4.621103 -20.975994 -0.0 1e-06 -21.226252 2.451699 -3.593994 0.0 -6e-06 -0.0 -1.36268 2.240796 -0.746323 -21.334888 0.58491 3.008318 -13.821193 -1e-06 1e-06 -23.887127 -0.249074 -0.839485 -56.610252 1.667622 -0.548325 -0.294025 1.679686 0.833255 -14.218191 0.093216 1.300578 -34.211994 -0.28756 0.967166 -20.033173 0.964536 1.212838 -0.0 0.0 0.0 -3.440386 0.788233 0.501655 -15.928168 -3.167305 2.999702 -6.338816 -0.0 0.0 -18.123415 3.64818 -4.905661 -4e-06 0.0 -2e-06 -36.906151 31.268469 -8.753091 -32.209404 26.983702 -85.104919 4.896334 43.016674 2.445935 -35.212482 6.593922 0.599799 2.24354 -5.255033 -3.180155 14.282875 -0.826595 6.952495 0.0 -12.690593 -1e-06 16.912035 -17.177055 3.7255 1.665665 -1.95592 -2.878296 4.727794 -4.170584 4.993918 11.020509 0.0 -0.0 12.109029 -3.735715 -2.866777 -0.0 0.0 -0.0 1.291984 -1.928548 -1.498088 14.800112 0.567466 3.865604 14.242552 -1.341739 -6.660646 19.631929 0.14392 -0.648243 54.261753 -1.227696 -6.426197 0.353029 -1.511149 -0.03194 20.222765 3.684304 2.316628 18.787243 0.0 -0.0 10.751607 -0.47987 1.397902 0.0 0.0 0.0 3.273804 0.305947 -0.58011 21.486788 11.830361 2.266131 8.162914 -0.0 -0.0 18.399046 -3.798986 -4.940566 3e-06 0.0 -1e-06 -2.675836 10.165711 -46.431622 0.14951 0.08978 83.419579 -1.76328 -1.089885 -15.590035 1.750676 -1.732733 -7.870023 0.0 -0.0 2e-06 -12.368618 1.235144 -45.868431 0.990846 -0.078058 84.363701 4.195644 -1.630582 -26.277527 -1.583465 0.806712 -0.264685 0.0 -0.0 -1e-06 
0.0 0.0 0.0 0.0 -0.0 0.0 5.100633 85.997772 -24.790422 6.866759 0.57459 -12.77532 3.656166 0.473812 8.595922 0.207389 -0.157368 -2.178385 -0.685118 -1.577604 3.00097 -5.264645 2.490411 -9.863621 -1.091613 0.373637 -3.393899 0.903927 -1.220838 -14.325565 7.7e-05 -2.2e-05 6e-06 -0.092448 0.097581 0.110059 0.671911 -3.564878 -10.458463 -0.818667 3.852201 -10.38955 22.215292 -23.394318 -3.569961 30.889957 -10.676455 -69.967682 -3.567425 -76.108864 -3.487766 33.389805 10.787795 -51.927261 -5.882102 9.861279 0.70259 -10.936858 -0.360574 7.156195 0.0 8.774814 0.0 -15.501921 14.634311 4.265298 -1.844031 2.498503 -2.507276 -10.163589 4.678941 4.621103 -20.975994 -0.0 1e-06 -21.226252 2.451699 -3.593994 0.0 -6e-06 -0.0 -1.36268 2.240796 -0.746323 -21.334888 0.58491 3.008318 -13.821193 -1e-06 1e-06 -23.887127 -0.249074 -0.839485 -54.586296 1.407206 -1.356154 -0.294025 1.679686 0.833255 -14.218191 0.093216 1.300578 -34.211994 -0.28756 0.967166 -20.033173 0.964536 1.212838 -0.0 0.0 0.0 -3.440386 0.788233 0.501655 -15.928168 -3.167305 2.999702 -6.338816 -0.0 0.0 -18.123415 3.64818 -4.905661 -4e-06 0.0 -2e-06 -37.227306 28.82473 -6.651464 -38.166061 15.160184 -81.994164 8.82013 43.336929 3.182005 -34.770729 7.932199 -2.086643 2.24354 -5.255033 -3.180155 14.282875 -0.826595 6.952495 0.0 -12.690593 -1e-06 18.167944 -19.155657 3.818806 1.665665 -1.95592 -2.878296 4.727794 -4.170584 4.993918 11.020509 0.0 -0.0 12.109029 -3.735715 -2.866777 -0.0 0.0 -0.0 1.291984 -1.928548 -1.498088 14.800112 0.567466 3.865604 14.242552 -1.341739 -6.660646 19.631929 0.14392 -0.648243 56.273968 -1.914919 -7.160988 0.353029 -1.511149 -0.03194 20.222765 3.684304 2.316628 18.787243 0.0 -0.0 10.751607 -0.47987 1.397902 0.0 0.0 0.0 3.273804 0.305947 -0.58011 21.486788 11.830361 2.266131 8.162914 -0.0 -0.0 18.399046 -3.798986 -4.940566 3e-06 0.0 -1e-06 -2.492984 8.890581 -32.000927 -0.031962 0.151456 65.103745 -3.196984 -0.283328 -1.35002 2.017195 -1.900347 -10.439187 0.0 -0.0 2e-06 -11.473875 4.15386 -30.683636 1.453223 0.45142 67.055977 3.863276 -4.342062 -16.868193 -1.617427 0.966313 -1.14373 0.0 -0.0 -1e-06 
0.0 0.0 0.0 0.0 -0.0 0.0 4.471901 98.25724 -21.910616 6.788865 3.366007 -16.033247 4.121442 0.047374 2.626073 0.359857 0.20853 -3.649895 -0.591489 -1.078019 1.437475 -5.544333 2.948995 -5.937689 -1.270769 -0.143564 -3.14045 0.965946 -3.275635 -8.966461 7.7e-05 -2.2e-05 6e-06 0.083781 0.311635 0.123362 0.953218 -3.321052 -10.120083 -0.7505 4.027196 -10.191464 18.865698 -15.904189 -0.45122 27.141132 -8.165537 -69.686577 60.065456 -81.09594 -68.772324 28.042225 4.510432 -53.219589 -5.882102 9.861279 0.70259 -10.936858 -0.360574 7.156195 0.0 8.774814 0.0 -14.737706 14.045061 5.593957 -1.844031 2.498503 -2.507276 -10.163589 4.678941 4.621103 -20.975994 -0.0 1e-06 -21.226252 2.451699 -3.593994 0.0 -6e-06 -0.0 -1.36268 2.240796 -0.746323 -21.334888 0.58491 3.008318 -13.821193 -1e-06 1e-06 -23.887127 -0.249074 -0.839485 -55.358822 1.404989 -0.625048 -0.294025 1.679686 0.833255 -14.218191 0.093216 1.300578 -34.211994 -0.28756 0.967166 -20.033173 0.964536 1.212838 -0.0 0.0 0.0 -3.440386 0.788233 0.501655 -15.928168 -3.167305 2.999702 -6.338816 -0.0 0.0 -18.123415 3.64818 -4.905661 -4e-06 0.0 -2e-06 -29.730724 25.796143 -1.334458 -42.184937 8.842266 -78.22197 12.582738 49.160282 6.197922 -34.778946 6.576266 -9.889956 2.24354 -5.255033 -3.180155 14.282875 -0.826595 6.952495 0.0 -12.690593 -1e-06 18.458389 -20.17852 3.843658 1.665665 -1.95592 -2.878296 4.727794 -4.170584 4.993918 11.020509 0.0 -0.0 12.109029 -3.735715 -2.866777 -0.0 0.0 -0.0 1.291984 -1.928548 -1.498088 14.800112 0.567466 3.865604 14.242552 -1.341739 -6.660646 19.631929 0.14392 -0.648243 56.454933 -2.221631 -7.256093 0.353029 -1.511149 -0.03194 20.222765 3.684304 2.316628 18.787243 0.0 -0.0 10.751607 -0.47987 1.397902 0.0 0.0 0.0 3.273804 0.305947 -0.58011 21.486788 11.830361 2.266131 8.162914 -0.0 -0.0 18.399046 -3.798986 -4.940566 3e-06 0.0 -1e-06 -2.132336 8.131097 -15.318362 -0.123892 0.060279 39.144787 -8.027357 1.180317 25.726534 2.253849 -2.099252 -14.635421 0.0 -0.0 2e-06 -9.806795 6.942277 -12.328304 0.920397 0.773691 42.701145 3.166139 -11.876805 4.715807 -1.706735 1.22918 -6.855855 0.0 -0.0 -1e-06 
0.0 0.0 0.0 0.0 -0.0 0.0 3.885519 110.965096 -19.919697 7.588861 6.208972 -19.574293 3.379327 0.559932 -3.28826 0.123672 -0.869411 -5.455102 -0.708204 0.393964 1.381806 -6.635054 2.978825 -3.113285 -0.256447 0.539083 -3.40391 0.622376 -5.490386 -0.402868 7.7e-05 -2.2e-05 6e-06 0.128468 0.400847 -0.031624 1.032283 -3.077555 -9.946499 -0.745594 3.947423 -10.020682 9.387627 -10.231509 3.042898 28.568901 -5.27756 -63.326927 65.486328 -76.91008 -70.261787 24.819891 1.000224 -59.549393 -5.882102 9.861279 0.70259 -10.936858 -0.360574 7.156195 0.0 8.774814 0.0 -15.242881 14.057981 6.424089 -1.844031 2.498503 -2.507276 -10.163589 4.678941 4.621103 -20.975994 -0.0 1e-06 -21.226252 2.451699 -3.593994 0.0 -6e-06 -0.0 -1.36268 2.240796 -0.746323 -21.334888 0.58491 3.008318 -13.821193 -1e-06 1e-06 -23.887127 -0.249074 -0.839485 -60.959652 2.021919 0.150291 -0.294025 1.679686 0.833255 -14.218191 0.093216 1.300578 -34.211994 -0.28756 0.967166 -20.033173 0.964536 1.212838 -0.0 0.0 0.0 -3.440386 0.788233 0.501655 -15.928168 -3.167305 2.999702 -6.338816 -0.0 0.0 -18.123415 3.64818 -4.905661 -4e-06 0.0 -2e-06 -18.381466 22.107033 2.583993 -43.229099 4.674179 -74.692261 15.300748 59.037724 9.811779 -37.744923 4.316852 -22.922586 2.24354 -5.255033 -3.180155 14.282875 -0.826595 6.952495 0.0 -12.690593 -1e-06 17.448868 -19.887718 4.689397 1.665665 -1.95592 -2.878296 4.727794 -4.170584 4.993918 11.020509 0.0 -0.0 12.109029 -3.735715 -2.866777 -0.0 0.0 -0.0 1.291984 -1.928548 -1.498088 14.800112 0.567466 3.865604 14.242552 -1.341739 -6.660646 19.631929 0.14392 -0.648243 55.487 -1.605736 -6.964598 0.353029 -1.511149 -0.03194 20.222765 3.684304 2.316628 18.787243 0.0 -0.0 10.751607 -0.47987 1.397902 0.0 0.0 0.0 3.273804 0.305947 -0.58011 21.486788 11.830361 2.266131 8.162914 -0.0 -0.0 18.399046 -3.798986 -4.940566 3e-06 0.0 -1e-06 -2.453358 9.720583 -4.708483 -0.062972 -0.069121 24.331762 -15.150625 5.907059 44.847309 1.695644 -2.465174 -2.569516 0.0 -0.0 2e-06 -9.676634 4.748583 -0.691207 0.110537 0.348816 23.677282 1.385056 -13.993253 33.208023 -1.612603 1.150413 -4.005733 0.0 -0.0 -1e-06 
0.0 0.0 0.0 0.0 -0.0 0.0 2.779455 120.750114 -21.257977 8.756426 8.297367 -27.115952 1.72659 1.053184 -3.040549 -0.701092 -1.755 -5.570478 -0.123267 2.124497 2.90151 -6.969653 3.218624 -4.184511 0.588858 1.349986 -3.277745 -0.356867 -7.940814 4.381127 7.7e-05 -2.2e-05 6e-06 0.1239 0.340898 -0.044955 1.112588 -3.081843 -9.873054 -0.825282 3.828868 -9.952607 2.732693 -7.537795 3.180176 28.604658 -1.429757 -58.013065 25.540205 -71.257957 -25.897566 27.160845 -3.51253 -64.961433 -5.882102 9.861279 0.70259 -10.936858 -0.360574 7.156195 0.0 8.774814 0.0 -16.347603 14.272139 6.46911 -1.844031 2.498503 -2.507276 -10.163589 4.678941 4.621103 -20.975994 -0.0 1e-06 -21.226252 2.451699 -3.593994 0.0 -6e-06 -0.0 -1.36268 2.240796 -0.746323 -21.334888 0.58491 3.008318 -13.821193 -1e-06 1e-06 -23.887127 -0.249074 -0.839485 -67.13353 1.857247 -0.620063 -0.294025 1.679686 0.833255 -14.218191 0.093216 1.300578 -34.211994 -0.28756 0.967166 -20.033173 0.964536 1.212838 -0.0 0.0 0.0 -3.440386 0.788233 0.501655 -15.928168 -3.167305 2.999702 -6.338816 -0.0 0.0 -18.123415 3.64818 -4.905661 -4e-06 0.0 -2e-06 -10.699522 19.106039 3.756572 -39.244064 -0.635106 -70.974304 14.231941 66.15242 7.56745 -40.142281 2.856171 -31.634985 2.24354 -5.255033 -3.180155 14.282875 -0.826595 6.952495 0.0 -12.690593 -1e-06 16.214766 -19.286074 5.52229 1.665665 -1.95592 -2.878296 4.727794 -4.170584 4.993918 11.020509 0.0 -0.0 12.109029 -3.735715 -2.866777 -0.0 0.0 -0.0 1.291984 -1.928548 -1.498088 14.800112 0.567466 3.865604 14.242552 -1.341739 -6.660646 19.631929 0.14392 -0.648243 53.271637 -0.681862 -5.811265 0.353029 -1.511149 -0.03194 20.222765 3.684304 2.316628 18.787243 0.0 -0.0 10.751607 -0.47987 1.397902 0.0 0.0 0.0 3.273804 0.305947 -0.58011 21.486788 11.830361 2.266131 8.162914 -0.0 -0.0 18.399046 -3.798986 -4.940566 3e-06 0.0 -1e-06 -2.296228 12.899632 -5.90099 -0.400126 -0.136266 44.872524 -15.503406 2.667192 39.680275 1.887809 -2.504968 -0.114518 0.0 -0.0 2e-06 -9.758087 0.768465 -0.881543 0.208506 0.372016 34.240528 10.637856 -6.559072 37.351902 -1.545879 1.13217 1.488312 0.0 -0.0 -1e-06 
0.0 0.0 0.0 0.0 -0.0 0.0 1.600831 127.562019 -23.952866 8.662816 9.605831 -36.689705 1.120711 0.92283 0.41706 -1.517176 -1.615613 -4.586267 0.429903 2.758804 5.216693 -6.84326 3.758667 -5.661342 0.762587 1.144385 -3.245472 -0.996802 -8.691959 3.903457 7.7e-05 -2.2e-05 6e-06 0.126614 0.2658 -0.007877 1.261458 -3.162799 -9.827295 -0.953046 3.77432 -10.001498 1.798249 -9.001605 2.713568 25.329252 -0.480458 -51.641918 5.603339 -58.287689 -3.488443 28.847652 -5.190843 -64.030052 -5.882102 9.861279 0.70259 -10.936858 -0.360574 7.156195 0.0 8.774814 0.0 -17.592957 13.477952 6.868765 -1.844031 2.498503 -2.507276 -10.163589 4.678941 4.621103 -20.975994 -0.0 1e-06 -21.226252 2.451699 -3.593994 0.0 -6e-06 -0.0 -1.36268 2.240796 -0.746323 -21.334888 0.58491 3.008318 -13.821193 -1e-06 1e-06 -23.887127 -0.249074 -0.839485 -69.937141 1.27994 -0.203184 -0.294025 1.679686 0.833255 -14.218191 0.093216 1.300578 -34.211994 -0.28756 0.967166 -20.033173 0.964536 1.212838 -0.0 0.0 0.0 -3.440386 0.788233 0.501655 -15.928168 -3.167305 2.999702 -6.338816 -0.0 0.0 -18.123415 3.64818 -4.905661 -4e-06 0.0 -2e-06 -8.882186 20.118917 4.937682 -30.045269 -4.700014 -62.384163 9.371024 66.68203 4.3238 -36.381321 0.016824 -33.82523 2.24354 -5.255033 -3.180155 14.282875 -0.826595 6.952495 0.0 -12.690593 -1e-06 17.291714 -19.520199 5.063484 1.665665 -1.95592 -2.878296 4.727794 -4.170584 4.993918 11.020509 0.0 -0.0 12.109029 -3.735715 -2.866777 -0.0 0.0 -0.0 1.291984 -1.928548 -1.498088 14.800112 0.567466 3.865604 14.242552 -1.341739 -6.660646 19.631929 0.14392 -0.648243 55.230465 -0.57256 -4.669243 0.353029 -1.511149 -0.03194 20.222765 3.684304 2.316628 18.787243 0.0 -0.0 10.751607 -0.47987 1.397902 0.0 0.0 0.0 3.273804 0.305947 -0.58011 21.486788 11.830361 2.266131 8.162914 -0.0 -0.0 18.399046 -3.798986 -4.940566 3e-06 0.0 -1e-06 -0.11868 14.199583 -13.632894 -0.292174 -0.073383 74.908569 -16.79953 -2.753799 36.205051 2.124241 -2.541798 -0.120505 0.0 -0.0 2e-06 -7.738296 -0.830832 -8.840166 0.76118 0.731709 60.843197 17.903378 0.626761 34.803196 -1.522881 1.024111 2.587227 0.0 -0.0 -1e-06 
0.0 0.0 0.0 0.0 -0.0 0.0 0.42906 132.677704 -27.027166 7.87159 10.337468 -48.254604 1.206001 0.836648 5.344004 -1.779335 -0.622969 -3.12568 0.301788 2.41146 8.369299 -6.991327 4.444647 -6.137769 0.883277 0.203638 -3.24564 -0.675366 -8.645276 1.35024 7.7e-05 -2.2e-05 6e-06 0.096233 0.182597 0.017179 1.23432 -3.340554 -9.928157 -0.949855 3.817633 -10.168376 3.146992 -12.663087 2.655354 21.872915 -4.263708 -43.729904 1.135241 -47.68541 1.817999 26.791599 -6.541234 -60.143661 -5.882102 9.861279 0.70259 -10.936858 -0.360574 7.156195 0.0 8.774814 0.0 -18.968254 14.008711 6.91553 -1.844031 2.498503 -2.507276 -10.163589 4.678941 4.621103 -20.975994 -0.0 1e-06 -21.226252 2.451699 -3.593994 0.0 -6e-06 -0.0 -1.36268 2.240796 -0.746323 -21.334888 0.58491 3.008318 -13.821193 -1e-06 1e-06 -23.887127 -0.249074 -0.839485 -68.850632 0.717153 0.852188 -0.294025 1.679686 0.833255 -14.218191 0.093216 1.300578 -34.211994 -0.28756 0.967166 -20.033173 0.964536 1.212838 -0.0 0.0 0.0 -3.440386 0.788233 0.501655 -15.928168 -3.167305 2.999702 -6.338816 -0.0 0.0 -18.123415 3.64818 -4.905661 -4e-06 0.0 -2e-06 -7.973795 24.140337 6.633538 -21.822887 -4.754627 -51.837074 3.309592 58.352959 3.622964 -27.965813 1.635115 -37.59938 2.24354 -5.255033 -3.180155 14.282875 -0.826595 6.952495 0.0 -12.690593 -1e-06 18.385084 -19.022158 3.298953 1.665665 -1.95592 -2.878296 4.727794 -4.170584 4.993918 11.020509 0.0 -0.0 12.109029 -3.735715 -2.866777 -0.0 0.0 -0.0 1.291984 -1.928548 -1.498088 14.800112 0.567466 3.865604 14.242552 -1.341739 -6.660646 19.631929 0.14392 -0.648243 55.662243 -0.926045 -4.340056 0.353029 -1.511149 -0.03194 20.222765 3.684304 2.316628 18.787243 0.0 -0.0 10.751607 -0.47987 1.397902 0.0 0.0 0.0 3.273804 0.305947 -0.58011 21.486788 11.830361 2.266131 8.162914 -0.0 -0.0 18.399046 -3.798986 -4.940566 3e-06 0.0 -1e-06 3.577787 13.525663 -21.133375 -0.248857 -0.14504 98.28791 -15.313521 -5.616938 32.24855 2.165067 -2.562635 -0.673274 0.0 -0.0 2e-06 -4.39627 -1.044731 -19.151983 1.501349 0.54047 87.775551 20.02483 3.558155 28.743799 -1.506325 1.022012 2.492625 0.0 -0.0 -1e-06 
0.0 0.0 0.0 0.0 -0.0 0.0 -0.458037 135.860031 -29.894835 6.844978 11.009995 -64.619843 1.528763 0.580724 12.664802 -1.319745 1.095684 -1.021772 -0.294407 1.459126 13.39848 -6.742477 5.053999 -5.592532 0.71018 -0.26625 -3.254851 0.206539 -9.266526 -1.415776 7.7e-05 -2.2e-05 6e-06 0.118045 0.179732 0.103547 1.162329 -3.467446 -9.901714 -0.775207 3.968759 -10.110419 4.538366 -17.100704 2.701578 19.478638 -12.750669 -33.342674 2.019281 -40.255318 1.612497 25.077242 -9.475511 -61.813282 -5.882102 9.861279 0.70259 -10.936858 -0.360574 7.156195 0.0 8.774814 0.0 -20.013092 15.148305 6.469303 -1.844031 2.498503 -2.507276 -10.163589 4.678941 4.621103 -20.975994 -0.0 1e-06 -21.226252 2.451699 -3.593994 0.0 -6e-06 -0.0 -1.36268 2.240796 -0.746323 -21.334888 0.58491 3.008318 -13.821193 -1e-06 1e-06 -23.887127 -0.249074 -0.839485 -65.121658 -0.306087 1.636839 -0.294025 1.679686 0.833255 -14.218191 0.093216 1.300578 -34.211994 -0.28756 0.967166 -20.033173 0.964536 1.212838 -0.0 0.0 0.0 -3.440386 0.788233 0.501655 -15.928168 -3.167305 2.999702 -6.338816 -0.0 0.0 -18.123415 3.64818 -4.905661 -4e-06 0.0 -2e-06 -6.151375 29.747213 7.808909 -16.60129 -1.033158 -38.540417 -3.106397 42.020046 2.066308 -19.500664 7.579588 -44.27895 2.24354 -5.255033 -3.180155 14.282875 -0.826595 6.952495 0.0 -12.690593 -1e-06 18.070698 -17.703066 2.110709 1.665665 -1.95592 -2.878296 4.727794 -4.170584 4.993918 11.020509 0.0 -0.0 12.109029 -3.735715 -2.866777 -0.0 0.0 -0.0 1.291984 -1.928548 -1.498088 14.800112 0.567466 3.865604 14.242552 -1.341739 -6.660646 19.631929 0.14392 -0.648243 53.736649 -0.629844 -4.561541 0.353029 -1.511149 -0.03194 20.222765 3.684304 2.316628 18.787243 0.0 -0.0 10.751607 -0.47987 1.397902 0.0 0.0 0.0 3.273804 0.305947 -0.58011 21.486788 11.830361 2.266131 8.162914 -0.0 -0.0 18.399046 -3.798986 -4.940566 3e-06 0.0 -1e-06 7.105244 9.295639 -26.939938 -0.167479 -0.30305 114.506538 -11.158453 -6.62267 25.14138 2.245327 -2.725357 -1.401777 0.0 -0.0 2e-06 -0.60902 -1.220435 -30.968567 1.283816 -0.364878 110.488205 18.626841 2.664152 21.819172 -1.540875 0.862622 2.226485 0.0 -0.0 -1e-06 
0.0 0.0 0.0 0.0 -0.0 0.0 -0.579777 137.560181 -31.711498 6.019907 11.463321 -84.312958 2.046945 0.077701 19.98778 -0.304485 2.849253 1.761803 -0.838014 0.526906 19.8999 -6.274701 5.823425 -4.832073 -0.13848 -0.122772 -3.092212 1.601942 -10.677136 -1.988949 7.7e-05 -2.2e-05 6e-06 0.140962 0.204907 0.211888 1.031695 -3.470357 -9.488009 -0.546328 4.037986 -9.724608 4.519373 -20.959597 4.463928 20.109503 -24.076288 -22.984108 3.759679 -33.993927 -1.128742 24.359125 -13.798557 -65.306953 -5.882102 9.861279 0.70259 -10.936858 -0.360574 7.156195 0.0 8.774814 0.0 -18.103079 15.278426 6.82831 -1.844031 2.498503 -2.507276 -10.163589 4.678941 4.621103 -20.975994 -0.0 1e-06 -21.226252 2.451699 -3.593994 0.0 -6e-06 -0.0 -1.36268 2.240796 -0.746323 -21.334888 0.58491 3.008318 -13.821193 -1e-06 1e-06 -23.887127 -0.249074 -0.839485 -60.422314 -0.507797 1.131802 -0.294025 1.679686 0.833255 -14.218191 0.093216 1.300578 -34.211994 -0.28756 0.967166 -20.033173 0.964536 1.212838 -0.0 0.0 0.0 -3.440386 0.788233 0.501655 -15.928168 -3.167305 2.999702 -6.338816 -0.0 0.0 -18.123415 3.64818 -4.905661 -4e-06 0.0 -2e-06 -3.884434 35.417286 8.244657 -13.000686 4.66079 -24.779261 -5.512185 25.464394 0.173645 -11.88039 11.40167 -49.311852 2.24354 -5.255033 -3.180155 14.282875 -0.826595 6.952495 0.0 -12.690593 -1e-06 17.366497 -16.747589 2.113507 1.665665 -1.95592 -2.878296 4.727794 -4.170584 4.993918 11.020509 0.0 -0.0 12.109029 -3.735715 -2.866777 -0.0 0.0 -0.0 1.291984 -1.928548 -1.498088 14.800112 0.567466 3.865604 14.242552 -1.341739 -6.660646 19.631929 0.14392 -0.648243 53.213116 0.141261 -5.415221 0.353029 -1.511149 -0.03194 20.222765 3.684304 2.316628 18.787243 0.0 -0.0 10.751607 -0.47987 1.397902 0.0 0.0 0.0 3.273804 0.305947 -0.58011 21.486788 11.830361 2.266131 8.162914 -0.0 -0.0 18.399046 -3.798986 -4.940566 3e-06 0.0 -1e-06 8.873193 2.161941 -33.493141 -1.289575 -0.274821 121.661011 -7.058396 -7.12902 15.500602 1.878484 -3.088301 -0.746897 0.0 -0.0 2e-06 1.07346 -2.521925 -44.088165 0.216362 -0.538168 121.83271 12.400478 1.94617 16.680712 -1.777572 0.47827 1.451714 0.0 -0.0 -1e-06 
0.0 0.0 0.0 0.0 -0.0 0.0 0.104656 139.065491 -32.10511 5.512361 11.718697 -103.57341 2.733733 -0.258473 24.014624 1.096402 3.377826 4.69268 -0.611512 0.198486 25.730518 -7.365733 6.106922 -3.591705 0.541837 0.60185 -2.868123 2.342207 -12.865875 -0.210915 7.7e-05 -2.2e-05 6e-06 0.011159 0.162341 0.270879 0.716388 -3.455528 -9.124901 -0.44494 3.946259 -9.613992 2.084109 -23.518969 9.235622 25.137636 -34.798916 -21.777798 3.285287 -28.791477 -1.605841 21.71245 -15.693131 -60.929646 -5.882102 9.861279 0.70259 -10.936858 -0.360574 7.156195 0.0 8.774814 0.0 -14.836899 14.420787 8.33086 -1.844031 2.498503 -2.507276 -10.163589 4.678941 4.621103 -20.975994 -0.0 1e-06 -21.226252 2.451699 -3.593994 0.0 -6e-06 -0.0 -1.36268 2.240796 -0.746323 -21.334888 0.58491 3.008318 -13.821193 -1e-06 1e-06 -23.887127 -0.249074 -0.839485 -55.696899 0.010438 0.680012 -0.294025 1.679686 0.833255 -14.218191 0.093216 1.300578 -34.211994 -0.28756 0.967166 -20.033173 0.964536 1.212838 -0.0 0.0 0.0 -3.440386 0.788233 0.501655 -15.928168 -3.167305 2.999702 -6.338816 -0.0 0.0 -18.123415 3.64818 -4.905661 -4e-06 0.0 -2e-06 -0.472532 38.851891 10.143358 -10.388203 10.996385 -14.585639 -6.577499 16.946678 -0.228736 -6.169425 12.330484 -52.511852 2.24354 -5.255033 -3.180155 14.282875 -0.826595 6.952495 0.0 -12.690593 -1e-06 15.428986 -16.611202 2.534597 1.665665 -1.95592 -2.878296 4.727794 -4.170584 4.993918 11.020509 0.0 -0.0 12.109029 -3.735715 -2.866777 -0.0 0.0 -0.0 1.291984 -1.928548 -1.498088 14.800112 0.567466 3.865604 14.242552 -1.341739 -6.660646 19.631929 0.14392 -0.648243 51.193375 0.484213 -6.080932 0.353029 -1.511149 -0.03194 20.222765 3.684304 2.316628 18.787243 0.0 -0.0 10.751607 -0.47987 1.397902 0.0 0.0 0.0 3.273804 0.305947 -0.58011 21.486788 11.830361 2.266131 8.162914 -0.0 -0.0 18.399046 -3.798986 -4.940566 3e-06 0.0 -1e-06 8.570299 -5.072401 -40.134491 -2.276623 0.278099 115.666138 -7.594412 -4.231887 8.233023 1.189656 -2.635692 0.322031 0.0 -0.0 2e-06 -0.08466 -1.793227 -53.218288 -0.264002 -0.229244 115.000198 10.127155 5.774783 18.715702 -2.140825 0.445005 2.144341 0.0 -0.0 -1e-06 
0.0 0.0 0.0 0.0 -0.0 0.0 1.506428 141.615753 -31.708277 4.125562 13.512903 -120.811516 2.587174 -0.014174 24.847496 2.258676 1.913184 5.810567 0.348502 -0.185489 29.934578 -9.805739 7.282002 -1.922957 2.826079 -0.082013 -2.614585 2.403682 -13.715656 1.803223 7.7e-05 -2.2e-05 6e-06 -0.225507 0.043711 0.337068 0.423494 -3.423115 -9.099925 -0.607298 3.64071 -9.728703 0.1235 -23.759777 13.293538 28.074551 -45.006489 -29.288607 1.861021 -26.212658 0.00257 18.872723 -14.996884 -46.076309 -5.882102 9.861279 0.70259 -10.936858 -0.360574 7.156195 0.0 8.774814 0.0 -13.19483 14.311416 8.691689 -1.844031 2.498503 -2.507276 -10.163589 4.678941 4.621103 -20.975994 -0.0 1e-06 -21.226252 2.451699 -3.593994 0.0 -6e-06 -0.0 -1.36268 2.240796 -0.746323 -21.334888 0.58491 3.008318 -13.821193 -1e-06 1e-06 -23.887127 -0.249074 -0.839485 -52.982891 0.6817 1.416414 -0.294025 1.679686 0.833255 -14.218191 0.093216 1.300578 -34.211994 -0.28756 0.967166 -20.033173 0.964536 1.212838 -0.0 0.0 0.0 -3.440386 0.788233 0.501655 -15.928168 -3.167305 2.999702 -6.338816 -0.0 0.0 -18.123415 3.64818 -4.905661 -4e-06 0.0 -2e-06 1.770965 39.124199 13.911394 -5.733976 17.477596 -7.951161 -9.203352 15.655751 -0.566753 -3.877259 13.832814 -50.736206 2.24354 -5.255033 -3.180155 14.282875 -0.826595 6.952495 0.0 -12.690593 -1e-06 12.221149 -16.583876 4.078867 1.665665 -1.95592 -2.878296 4.727794 -4.170584 4.993918 11.020509 0.0 -0.0 12.109029 -3.735715 -2.866777 -0.0 0.0 -0.0 1.291984 -1.928548 -1.498088 14.800112 0.567466 3.865604 14.242552 -1.341739 -6.660646 19.631929 0.14392 -0.648243 46.83334 0.329405 -5.259384 0.353029 -1.511149 -0.03194 20.222765 3.684304 2.316628 18.787243 0.0 -0.0 10.751607 -0.47987 1.397902 0.0 0.0 0.0 3.273804 0.305947 -0.58011 21.486788 11.830361 2.266131 8.162914 -0.0 -0.0 18.399046 -3.798986 -4.940566 3e-06 0.0 -1e-06 3.672258 -8.651866 -43.67453 -1.658322 0.252295 100.84729 -10.024469 4.551584 9.345811 0.736931 -2.155274 0.414317 0.0 -0.0 2e-06 -0.29327 -2.476644 -57.137157 0.105424 -0.409259 97.472939 14.567326 14.645956 30.320023 -2.31334 0.679812 -0.287176 0.0 -0.0 -1e-06 
0.0 0.0 0.0 0.0 -0.0 0.0 3.053964 143.853882 -31.331408 3.363386 15.081355 -135.030853 2.761163 0.350664 23.964361 1.841947 0.600705 5.535306 1.507014 -1.160095 30.327959 -10.433175 9.411533 -1.385109 4.48893 -2.586648 -2.33482 1.854886 -12.087454 1.244457 7.7e-05 -2.2e-05 6e-06 -0.455014 -0.012466 0.534029 0.236513 -3.265436 -9.640244 -0.854943 3.317881 -10.280705 1.419098 -21.561653 15.570571 25.349974 -54.018753 -38.711197 2.380417 -29.839214 1.239696 17.050339 -12.251258 -33.602234 -5.882102 9.861279 0.70259 -10.936858 -0.360574 7.156195 0.0 8.774814 0.0 -12.553069 14.790836 7.459562 -1.844031 2.498503 -2.507276 -10.163589 4.678941 4.621103 -20.975994 -0.0 1e-06 -21.226252 2.451699 -3.593994 0.0 -6e-06 -0.0 -1.36268 2.240796 -0.746323 -21.334888 0.58491 3.008318 -13.821193 -1e-06 1e-06 -23.887127 -0.249074 -0.839485 -52.081211 1.357349 1.505058 -0.294025 1.679686 0.833255 -14.218191 0.093216 1.300578 -34.211994 -0.28756 0.967166 -20.033173 0.964536 1.212838 -0.0 0.0 0.0 -3.440386 0.788233 0.501655 -15.928168 -3.167305 2.999702 -6.338816 -0.0 0.0 -18.123415 3.64818 -4.905661 -4e-06 0.0 -2e-06 4.369063 39.13372 18.722435 1.875699 21.551672 -4.329433 -13.837286 20.699961 -2.311074 -1.618508 13.048066 -43.943054 2.24354 -5.255033 -3.180155 14.282875 -0.826595 6.952495 0.0 -12.690593 -1e-06 10.090454 -16.604324 6.746687 1.665665 -1.95592 -2.878296 4.727794 -4.170584 4.993918 11.020509 0.0 -0.0 12.109029 -3.735715 -2.866777 -0.0 0.0 -0.0 1.291984 -1.928548 -1.498088 14.800112 0.567466 3.865604 14.242552 -1.341739 -6.660646 19.631929 0.14392 -0.648243 44.670525 -0.446738 -3.117299 0.353029 -1.511149 -0.03194 20.222765 3.684304 2.316628 18.787243 0.0 -0.0 10.751607 -0.47987 1.397902 0.0 0.0 0.0 3.273804 0.305947 -0.58011 21.486788 11.830361 2.266131 8.162914 -0.0 -0.0 18.399046 -3.798986 -4.940566 3e-06 0.0 -1e-06 -1.380441 -8.660723 -52.842598 -1.093602 0.12444 96.51635 -7.236567 10.381329 13.319097 0.532084 -1.593605 1.215242 0.0 -0.0 2e-06 1.330507 -5.124719 -64.998047 -0.134202 -1.377402 87.439484 23.787699 16.896124 37.350574 -1.770749 1.044469 -4.483098 0.0 -0.0 -1e-06 
0.0 0.0 0.0 0.0 -0.0 0.0 3.754437 146.293457 -31.508797 3.930333 16.384735 -147.66803 2.746652 0.654868 23.293512 0.578515 0.893169 5.101983 2.349391 -2.819263 28.48867 -9.064606 10.405116 -3.20333 4.272526 -4.778025 -2.228195 -0.296954 -10.509155 -1.760977 7.7e-05 -2.2e-05 6e-06 -0.44133 0.025893 0.948185 -0.114806 -2.85934 -10.002284 -0.406002 2.905574 -10.768262 4.748548 -19.39131 15.624068 17.390278 -55.639904 -39.160355 2.580609 -39.686974 1.639866 14.126882 -8.565578 -28.185438 -5.882102 9.861279 0.70259 -10.936858 -0.360574 7.156195 0.0 8.774814 0.0 -12.127342 15.417385 6.96642 -1.844031 2.498503 -2.507276 -10.163589 4.678941 4.621103 -20.975994 -0.0 1e-06 -21.226252 2.451699 -3.593994 0.0 -6e-06 -0.0 -1.36268 2.240796 -0.746323 -21.334888 0.58491 3.008318 -13.821193 -1e-06 1e-06 -23.887127 -0.249074 -0.839485 -51.579052 1.948928 0.684192 -0.294025 1.679686 0.833255 -14.218191 0.093216 1.300578 -34.211994 -0.28756 0.967166 -20.033173 0.964536 1.212838 -0.0 0.0 0.0 -3.440386 0.788233 0.501655 -15.928168 -3.167305 2.999702 -6.338816 -0.0 0.0 -18.123415 3.64818 -4.905661 -4e-06 0.0 -2e-06 7.414234 38.309193 22.198664 10.350624 24.060295 -3.822047 -17.407242 30.940201 -4.756991 2.160262 9.766137 -33.36694 2.24354 -5.255033 -3.180155 14.282875 -0.826595 6.952495 0.0 -12.690593 -1e-06 10.062504 -16.583944 7.90892 1.665665 -1.95592 -2.878296 4.727794 -4.170584 4.993918 11.020509 0.0 -0.0 12.109029 -3.735715 -2.866777 -0.0 0.0 -0.0 1.291984 -1.928548 -1.498088 14.800112 0.567466 3.865604 14.242552 -1.341739 -6.660646 19.631929 0.14392 -0.648243 45.014248 -1.048135 -1.558758 0.353029 -1.511149 -0.03194 20.222765 3.684304 2.316628 18.787243 0.0 -0.0 10.751607 -0.47987 1.397902 0.0 0.0 0.0 3.273804 0.305947 -0.58011 21.486788 11.830361 2.266131 8.162914 -0.0 -0.0 18.399046 -3.798986 -4.940566 3e-06 0.0 -1e-06 -4.384988 -6.767581 -69.168961 -0.551611 0.209542 106.320915 -4.669138 11.5807 11.485736 0.946591 -1.180228 1.244768 0.0 -0.0 2e-06 6.213734 -9.248161 -77.497414 -1.556004 -1.641871 93.432785 25.028791 15.998103 22.116522 -0.881219 0.722744 -7.1152 0.0 -0.0 -1e-06 
0.0 0.0 0.0 0.0 -0.0 0.0 3.051104 149.395844 -33.901375 4.041512 18.750252 -162.706543 2.231458 0.954923 23.023277 -0.069021 1.849145 3.465229 1.40445 -4.42685 27.346493 -6.064068 11.265677 -2.816745 0.055354 -6.479054 -1.402524 -3.266565 -8.514167 -17.501646 7.7e-05 -2.2e-05 6e-06 -0.433607 0.075599 1.18971 -0.828811 -1.790512 -8.62862 0.352244 1.670301 -9.265662 5.810934 -18.388321 17.650396 13.001206 -45.692066 -32.860088 -2.559352 -52.954613 0.7426 10.685443 -7.965378 -27.678692 -5.882102 9.861279 0.70259 -10.936858 -0.360574 7.156195 0.0 8.774814 0.0 -12.640961 16.543961 6.270117 -1.844031 2.498503 -2.507276 -10.163589 4.678941 4.621103 -20.975994 -0.0 1e-06 -21.226252 2.451699 -3.593994 0.0 -6e-06 -0.0 -1.36268 2.240796 -0.746323 -21.334888 0.58491 3.008318 -13.821193 -1e-06 1e-06 -23.887127 -0.249074 -0.839485 -52.978382 2.603259 -0.263337 -0.294025 1.679686 0.833255 -14.218191 0.093216 1.300578 -34.211994 -0.28756 0.967166 -20.033173 0.964536 1.212838 -0.0 0.0 0.0 -3.440386 0.788233 0.501655 -15.928168 -3.167305 2.999702 -6.338816 -0.0 0.0 -18.123415 3.64818 -4.905661 -4e-06 0.0 -2e-06 9.12269 34.780727 23.418045 19.621185 27.426882 -3.140084 -14.731602 41.634979 -4.397197 4.851685 6.259926 -20.292219 2.24354 -5.255033 -3.180155 14.282875 -0.826595 6.952495 0.0 -12.690593 -1e-06 11.840587 -17.24596 7.106217 1.665665 -1.95592 -2.878296 4.727794 -4.170584 4.993918 11.020509 0.0 -0.0 12.109029 -3.735715 -2.866777 -0.0 0.0 -0.0 1.291984 -1.928548 -1.498088 14.800112 0.567466 3.865604 14.242552 -1.341739 -6.660646 19.631929 0.14392 -0.648243 47.869411 -1.848791 -1.967528 0.353029 -1.511149 -0.03194 20.222765 3.684304 2.316628 18.787243 0.0 -0.0 10.751607 -0.47987 1.397902 0.0 0.0 0.0 3.273804 0.305947 -0.58011 21.486788 11.830361 2.266131 8.162914 -0.0 -0.0 18.399046 -3.798986 -4.940566 3e-06 0.0 -1e-06 -5.765743 -4.676686 -85.721527 0.360266 0.26594 119.573624 -3.044059 13.675411 6.51659 1.677332 -1.456345 0.463594 0.0 -0.0 2e-06 12.153765 -14.926921 -89.555511 -1.970754 -0.134747 105.686859 20.520069 16.52326 -0.273752 -0.647437 0.030393 -5.306404 0.0 -0.0 -1e-06 
0.0 0.0 0.0 0.0 -0.0 0.0 1.73553 151.548874 -40.391304 2.503884 20.680264 178.713287 2.027601 0.838046 22.960394 0.481949 1.798177 1.185872 -0.436468 -4.666485 24.591211 -2.376473 11.957378 -2.767688 -4.92174 -4.943372 -0.312769 -7.262556 -4.086621 -46.869511 7.7e-05 -2.2e-05 6e-06 -0.299942 0.384005 -0.1607 -0.432297 -0.54664 -5.049058 -0.17438 0.749627 -5.171793 3.636802 -18.027971 21.219927 7.78007 -33.019562 -17.761669 -0.690741 -65.54229 -7.084291 7.522014 -14.447838 -31.27939 -5.882102 9.861279 0.70259 -10.936858 -0.360574 7.156195 0.0 8.774814 0.0 -14.707214 17.384264 4.502165 -1.844031 2.498503 -2.507276 -10.163589 4.678941 4.621103 -20.975994 -0.0 1e-06 -21.226252 2.451699 -3.593994 0.0 -6e-06 -0.0 -1.36268 2.240796 -0.746323 -21.334888 0.58491 3.008318 -13.821193 -1e-06 1e-06 -23.887127 -0.249074 -0.839485 -54.727913 2.585645 -0.286242 -0.294025 1.679686 0.833255 -14.218191 0.093216 1.300578 -34.211994 -0.28756 0.967166 -20.033173 0.964536 1.212838 -0.0 0.0 0.0 -3.440386 0.788233 0.501655 -15.928168 -3.167305 2.999702 -6.338816 -0.0 0.0 -18.123415 3.64818 -4.905661 -4e-06 0.0 -2e-06 9.768096 32.001102 22.328938 31.736692 25.971285 0.285077 -5.955325 48.221321 1.130985 2.943824 2.802847 -8.336194 2.24354 -5.255033 -3.180155 14.282875 -0.826595 6.952495 0.0 -12.690593 -1e-06 13.784641 -18.206758 6.605335 1.665665 -1.95592 -2.878296 4.727794 -4.170584 4.993918 11.020509 0.0 -0.0 12.109029 -3.735715 -2.866777 -0.0 0.0 -0.0 1.291984 -1.928548 -1.498088 14.800112 0.567466 3.865604 14.242552 -1.341739 -6.660646 19.631929 0.14392 -0.648243 53.530453 -3.024034 -4.262563 0.353029 -1.511149 -0.03194 20.222765 3.684304 2.316628 18.787243 0.0 -0.0 10.751607 -0.47987 1.397902 0.0 0.0 0.0 3.273804 0.305947 -0.58011 21.486788 11.830361 2.266131 8.162914 -0.0 -0.0 18.399046 -3.798986 -4.940566 3e-06 0.0 -1e-06 -6.881021 -3.596254 -100.125305 0.717178 -0.63406 131.058716 2.704838 14.37431 1.179353 2.197402 -2.304084 -1.466783 0.0 -0.0 2e-06 13.48016 -21.411987 -99.536781 -0.717257 1.236545 116.35984 19.141804 16.710268 -15.495196 -1.028014 -0.329485 -1.778097 0.0 -0.0 -1e-06 
0.0 0.0 0.0 0.0 -0.0 0.0 1.111745 149.439072 -49.899971 -2.249473 19.282656 155.471725 1.629746 0.905556 23.813934 0.971375 1.114965 1.396221 -1.376677 -4.578118 21.002769 1.212162 8.505924 -9.551819 -6.028413 -1.139574 -2.131271 -8.522637 1.850867 -38.314621 7.7e-05 -2.2e-05 6e-06 -0.225571 0.167116 -0.407397 0.659144 -1.560013 -6.583648 -1.374175 1.368601 -6.594851 1.499079 -18.999886 18.745525 -0.453769 -25.318695 -1.602313 14.533143 -69.059364 -22.351357 11.174659 -21.220896 -41.688637 -5.882102 9.861279 0.70259 -10.936858 -0.360574 7.156195 0.0 8.774814 0.0 -18.0303 16.696016 3.704387 -1.844031 2.498503 -2.507276 -10.163589 4.678941 4.621103 -20.975994 -0.0 1e-06 -21.226252 2.451699 -3.593994 0.0 -6e-06 -0.0 -1.36268 2.240796 -0.746323 -21.334888 0.58491 3.008318 -13.821193 -1e-06 1e-06 -23.887127 -0.249074 -0.839485 -59.921463 2.277228 0.378418 -0.294025 1.679686 0.833255 -14.218191 0.093216 1.300578 -34.211994 -0.28756 0.967166 -20.033173 0.964536 1.212838 -0.0 0.0 0.0 -3.440386 0.788233 0.501655 -15.928168 -3.167305 2.999702 -6.338816 -0.0 0.0 -18.123415 3.64818 -4.905661 -4e-06 0.0 -2e-06 10.81268 30.194395 14.715827 39.600647 15.320043 1.544944 6.088175 57.301033 10.632614 -5.059939 1.240842 -10.130423 2.24354 -5.255033 -3.180155 14.282875 -0.826595 6.952495 0.0 -12.690593 -1e-06 13.058333 -16.872501 8.656781 1.665665 -1.95592 -2.878296 4.727794 -4.170584 4.993918 11.020509 0.0 -0.0 12.109029 -3.735715 -2.866777 -0.0 0.0 -0.0 1.291984 -1.928548 -1.498088 14.800112 0.567466 3.865604 14.242552 -1.341739 -6.660646 19.631929 0.14392 -0.648243 64.782745 -3.50064 -4.50692 0.353029 -1.511149 -0.03194 20.222765 3.684304 2.316628 18.787243 0.0 -0.0 10.751607 -0.47987 1.397902 0.0 0.0 0.0 3.273804 0.305947 -0.58011 21.486788 11.830361 2.266131 8.162914 -0.0 -0.0 18.399046 -3.798986 -4.940566 3e-06 0.0 -1e-06 -8.321474 -0.551594 -108.894394 -0.692268 -0.042549 126.948357 8.805174 -0.369758 -17.582722 1.63897 -2.827944 -2.490485 0.0 -0.0 2e-06 9.496742 -25.340075 -109.126549 -0.843601 1.526894 117.946136 21.852242 11.698792 -23.604013 -2.086983 -0.378214 0.542503 0.0 -0.0 -1e-06 
0.0 0.0 0.0 0.0 -0.0 0.0 0.797451 141.785767 -61.182816 -6.707417 14.019746 131.634003 1.315235 1.061772 25.865856 1.507542 1.181644 3.436787 -1.779573 -4.764323 20.993198 1.399486 2.769224 -13.31459 -5.363036 2.335637 -3.250407 -6.937923 2.838822 -23.735579 7.7e-05 -2.2e-05 6e-06 -0.229726 -0.01775 -0.37885 1.170532 -2.461665 -7.466258 -1.925925 2.036304 -7.459058 -1.077236 -21.025309 16.369047 -9.5068 -25.07478 1.487432 21.547781 -61.9627 -25.525049 20.870853 -20.962128 -50.855316 -5.882102 9.861279 0.70259 -10.936858 -0.360574 7.156195 0.0 8.774814 0.0 -17.833437 18.145723 7.715953 -1.844031 2.498503 -2.507276 -10.163589 4.678941 4.621103 -20.975994 -0.0 1e-06 -21.226252 2.451699 -3.593994 0.0 -6e-06 -0.0 -1.36268 2.240796 -0.746323 -21.334888 0.58491 3.008318 -13.821193 -1e-06 1e-06 -23.887127 -0.249074 -0.839485 -66.923325 2.738089 0.90206 -0.294025 1.679686 0.833255 -14.218191 0.093216 1.300578 -34.211994 -0.28756 0.967166 -20.033173 0.964536 1.212838 -0.0 0.0 0.0 -3.440386 0.788233 0.501655 -15.928168 -3.167305 2.999702 -6.338816 -0.0 0.0 -18.123415 3.64818 -4.905661 -4e-06 0.0 -2e-06 11.845112 25.418659 6.955009 39.926033 9.665141 -1.187042 19.751623 67.734749 24.068502 -23.191559 13.606069 -32.370003 2.24354 -5.255033 -3.180155 14.282875 -0.826595 6.952495 0.0 -12.690593 -1e-06 11.515089 -10.396001 7.123487 1.665665 -1.95592 -2.878296 4.727794 -4.170584 4.993918 11.020509 0.0 -0.0 12.109029 -3.735715 -2.866777 -0.0 0.0 -0.0 1.291984 -1.928548 -1.498088 14.800112 0.567466 3.865604 14.242552 -1.341739 -6.660646 19.631929 0.14392 -0.648243 63.559151 -0.472856 -2.548746 0.353029 -1.511149 -0.03194 20.222765 3.684304 2.316628 18.787243 0.0 -0.0 10.751607 -0.47987 1.397902 0.0 0.0 0.0 3.273804 0.305947 -0.58011 21.486788 11.830361 2.266131 8.162914 -0.0 -0.0 18.399046 -3.798986 -4.940566 3e-06 0.0 -1e-06 -7.478119 2.704298 -112.186989 0.139525 1.181635 115.734329 -1.655944 -12.242465 -28.224855 1.506495 -2.283761 -1.44294 0.0 -0.0 2e-06 2.116247 -24.797754 -114.394035 -1.156072 1.187845 115.003693 17.440031 8.930737 -22.003607 -2.844344 0.419405 -0.677849 0.0 -0.0 -1e-06 
0.0 0.0 0.0 0.0 -0.0 0.0 -0.619064 131.966278 -72.297432 -7.458183 8.351544 108.942833 1.01107 0.567421 27.560362 2.73918 1.047652 5.205107 -1.556579 -3.792475 23.873962 -0.252579 1.137659 -12.963531 -3.230997 5.449887 -3.939308 -6.361563 0.381233 -13.555923 7.7e-05 -2.2e-05 6e-06 -0.170629 -0.11239 -0.378422 1.236921 -3.091581 -8.530875 -1.821039 2.688869 -8.541606 -1.530568 -24.776453 16.249947 -26.393461 -27.870239 -3.894525 31.646534 -54.855049 -29.067076 24.821032 -13.63602 -50.783806 -5.882102 9.861279 0.70259 -10.936858 -0.360574 7.156195 0.0 8.774814 0.0 -14.639445 18.02318 14.785212 -1.844031 2.498503 -2.507276 -10.163589 4.678941 4.621103 -20.975994 -0.0 1e-06 -21.226252 2.451699 -3.593994 0.0 -6e-06 -0.0 -1.36268 2.240796 -0.746323 -21.334888 0.58491 3.008318 -13.821193 -1e-06 1e-06 -23.887127 -0.249074 -0.839485 -69.408005 2.910356 1.001983 -0.294025 1.679686 0.833255 -14.218191 0.093216 1.300578 -34.211994 -0.28756 0.967166 -20.033173 0.964536 1.212838 -0.0 0.0 0.0 -3.440386 0.788233 0.501655 -15.928168 -3.167305 2.999702 -6.338816 -0.0 0.0 -18.123415 3.64818 -4.905661 -4e-06 0.0 -2e-06 7.989659 20.629978 2.716712 40.969276 12.933053 -4.633263 32.986401 76.589096 38.540352 -27.255863 18.350857 -24.071951 2.24354 -5.255033 -3.180155 14.282875 -0.826595 6.952495 0.0 -12.690593 -1e-06 11.938243 -12.34125 4.967353 1.665665 -1.95592 -2.878296 4.727794 -4.170584 4.993918 11.020509 0.0 -0.0 12.109029 -3.735715 -2.866777 -0.0 0.0 -0.0 1.291984 -1.928548 -1.498088 14.800112 0.567466 3.865604 14.242552 -1.341739 -6.660646 19.631929 0.14392 -0.648243 47.825684 -1.318765 -6.538948 0.353029 -1.511149 -0.03194 20.222765 3.684304 2.316628 18.787243 0.0 -0.0 10.751607 -0.47987 1.397902 0.0 0.0 0.0 3.273804 0.305947 -0.58011 21.486788 11.830361 2.266131 8.162914 -0.0 -0.0 18.399046 -3.798986 -4.940566 3e-06 0.0 -1e-06 -8.739484 4.471888 -105.462791 0.73595 1.144807 101.59021 -10.244916 -11.051852 -25.192083 1.446834 -2.014603 -1.083021 0.0 -0.0 2e-06 -4.392878 -18.81531 -110.615829 -0.971339 1.13611 105.730377 14.072409 12.418879 -14.751088 -2.112719 1.144123 -2.127245 0.0 -0.0 -1e-06 
0.0 0.0 0.0 0.0 -0.0 0.0 -3.129158 121.634247 -82.963387 -4.888653 4.712409 89.167091 0.648003 -0.571937 26.459555 2.604311 -0.716433 5.63013 -0.921682 -2.098715 28.844624 0.459958 3.906038 -11.197332 -1.567772 4.559566 -3.987451 -6.345433 -0.61331 -5.784594 7.7e-05 -2.2e-05 6e-06 -0.197926 -0.185743 -0.26632 0.93017 -3.513916 -9.11598 -1.455049 3.114814 -9.17145 0.346017 -29.608229 14.939581 -46.182175 -26.859375 -17.250219 44.276512 -61.895229 -42.961506 31.327616 -7.482337 -41.693218 -5.882102 9.861279 0.70259 -10.936858 -0.360574 7.156195 0.0 8.774814 0.0 -6.8206 12.69943 18.604851 -1.844031 2.498503 -2.507276 -10.163589 4.678941 4.621103 -20.975994 -0.0 1e-06 -21.226252 2.451699 -3.593994 0.0 -6e-06 -0.0 -1.36268 2.240796 -0.746323 -21.334888 0.58491 3.008318 -13.821193 -1e-06 1e-06 -23.887127 -0.249074 -0.839485 -50.925148 2.170337 1.943693 -0.294025 1.679686 0.833255 -14.218191 0.093216 1.300578 -34.211994 -0.28756 0.967166 -20.033173 0.964536 1.212838 -0.0 0.0 0.0 -3.440386 0.788233 0.501655 -15.928168 -3.167305 2.999702 -6.338816 -0.0 0.0 -18.123415 3.64818 -4.905661 -4e-06 0.0 -2e-06 0.917896 22.734238 3.225343 40.841125 20.115368 -10.01054 25.349733 78.847107 28.806053 -23.385872 14.297009 -7.53214 2.24354 -5.255033 -3.180155 14.282875 -0.826595 6.952495 0.0 -12.690593 -1e-06 14.341386 -15.211925 4.978176 1.665665 -1.95592 -2.878296 4.727794 -4.170584 4.993918 11.020509 0.0 -0.0 12.109029 -3.735715 -2.866777 -0.0 0.0 -0.0 1.291984 -1.928548 -1.498088 14.800112 0.567466 3.865604 14.242552 -1.341739 -6.660646 19.631929 0.14392 -0.648243 49.683235 -2.571933 -8.208739 0.353029 -1.511149 -0.03194 20.222765 3.684304 2.316628 18.787243 0.0 -0.0 10.751607 -0.47987 1.397902 0.0 0.0 0.0 3.273804 0.305947 -0.58011 21.486788 11.830361 2.266131 8.162914 -0.0 -0.0 18.399046 -3.798986 -4.940566 3e-06 0.0 -1e-06 -12.886315 6.579999 -94.462524 0.587841 1.174505 76.498779 -13.720746 -6.736886 -18.670835 1.385286 -1.828865 -1.429121 0.0 -0.0 2e-06 -6.777452 -13.060864 -100.761848 -0.573096 1.116814 84.219543 14.600559 14.771633 -6.16919 -1.360735 1.10692 -2.757089 0.0 -0.0 -1e-06 
0.0 0.0 0.0 0.0 -0.0 0.0 -6.06264 108.420219 -93.123764 -1.915534 2.691121 73.31131 0.241334 -1.98733 24.298407 1.096247 -1.829832 4.82646 0.158233 -0.756464 31.97131 1.350582 4.601744 -7.172933 -1.146176 3.28738 -4.041308 -5.498175 -1.131146 0.184628 7.7e-05 -2.2e-05 6e-06 -0.19417 -0.157774 -0.205629 0.640676 -3.533415 -9.143109 -1.074645 3.230254 -9.267848 -1.287733 -31.849623 14.9802 -55.372803 -23.906187 -25.529919 64.19062 -74.178566 -68.412506 47.087837 -10.749496 -19.01281 -5.882102 9.861279 0.70259 -10.936858 -0.360574 7.156195 0.0 8.774814 0.0 -5.617693 9.199763 8.246721 -1.844031 2.498503 -2.507276 -10.163589 4.678941 4.621103 -20.975994 -0.0 1e-06 -21.226252 2.451699 -3.593994 0.0 -6e-06 -0.0 -1.36268 2.240796 -0.746323 -21.334888 0.58491 3.008318 -13.821193 -1e-06 1e-06 -23.887127 -0.249074 -0.839485 -34.993347 1.570449 1.24844 -0.294025 1.679686 0.833255 -14.218191 0.093216 1.300578 -34.211994 -0.28756 0.967166 -20.033173 0.964536 1.212838 -0.0 0.0 0.0 -3.440386 0.788233 0.501655 -15.928168 -3.167305 2.999702 -6.338816 -0.0 0.0 -18.123415 3.64818 -4.905661 -4e-06 0.0 -2e-06 -1.602589 27.5116 6.254954 33.756996 24.485254 -20.618324 11.045234 76.222214 10.367385 -23.837996 13.280937 4.422578 2.24354 -5.255033 -3.180155 14.282875 -0.826595 6.952495 0.0 -12.690593 -1e-06 14.856415 -16.179344 5.127493 1.665665 -1.95592 -2.878296 4.727794 -4.170584 4.993918 11.020509 0.0 -0.0 12.109029 -3.735715 -2.866777 -0.0 0.0 -0.0 1.291984 -1.928548 -1.498088 14.800112 0.567466 3.865604 14.242552 -1.341739 -6.660646 19.631929 0.14392 -0.648243 51.275894 -1.233357 -7.32155 0.353029 -1.511149 -0.03194 20.222765 3.684304 2.316628 18.787243 0.0 -0.0 10.751607 -0.47987 1.397902 0.0 0.0 0.0 3.273804 0.305947 -0.58011 21.486788 11.830361 2.266131 8.162914 -0.0 -0.0 18.399046 -3.798986 -4.940566 3e-06 0.0 -1e-06 -16.762466 9.435018 -82.544685 0.343513 0.85183 48.763638 -14.655228 -3.849814 -10.843588 1.812124 -2.184078 -1.945927 0.0 -0.0 2e-06 -7.819285 -8.061662 -88.526497 -0.546767 0.566388 58.060162 18.492859 12.05692 1.968425 -1.049896 0.675043 -2.502039 0.0 -0.0 -1e-06 
0.0 0.0 0.0 0.0 -0.0 0.0 -7.995914 90.590225 -103.019165 0.038476 1.877539 59.746014 0.421444 -2.774693 24.84325 -0.622026 -1.28735 4.298358 1.668638 -0.635859 27.720957 0.859987 1.137138 1.566197 -1.606008 3.955794 -3.538002 -5.483262 -1.290623 1.623519 7.7e-05 -2.2e-05 6e-06 0.091748 -7.4e-05 -0.24351 0.932418 -3.61602 -9.733479 -0.775842 3.641274 -10.003914 -2.215113 -25.680883 15.665073 -53.683941 -26.761881 -26.429096 57.675484 -84.80394 -62.807518 59.882481 -20.377989 17.564054 -5.882102 9.861279 0.70259 -10.936858 -0.360574 7.156195 0.0 8.774814 0.0 -14.255334 14.76545 3.288404 -1.844031 2.498503 -2.507276 -10.163589 4.678941 4.621103 -20.975994 -0.0 1e-06 -21.226252 2.451699 -3.593994 0.0 -6e-06 -0.0 -1.36268 2.240796 -0.746323 -21.334888 0.58491 3.008318 -13.821193 -1e-06 1e-06 -23.887127 -0.249074 -0.839485 -44.583874 2.79394 0.313891 -0.294025 1.679686 0.833255 -14.218191 0.093216 1.300578 -34.211994 -0.28756 0.967166 -20.033173 0.964536 1.212838 -0.0 0.0 0.0 -3.440386 0.788233 0.501655 -15.928168 -3.167305 2.999702 -6.338816 -0.0 0.0 -18.123415 3.64818 -4.905661 -4e-06 0.0 -2e-06 -0.140954 28.081312 9.567759 22.507856 32.023674 -29.117544 -4.35562 65.719986 -4.129001 -31.765844 18.569265 8.384172 2.24354 -5.255033 -3.180155 14.282875 -0.826595 6.952495 0.0 -12.690593 -1e-06 15.630674 -17.397104 3.155182 1.665665 -1.95592 -2.878296 4.727794 -4.170584 4.993918 11.020509 0.0 -0.0 12.109029 -3.735715 -2.866777 -0.0 0.0 -0.0 1.291984 -1.928548 -1.498088 14.800112 0.567466 3.865604 14.242552 -1.341739 -6.660646 19.631929 0.14392 -0.648243 48.465611 0.729722 -6.653369 0.353029 -1.511149 -0.03194 20.222765 3.684304 2.316628 18.787243 0.0 -0.0 10.751607 -0.47987 1.397902 0.0 0.0 0.0 3.273804 0.305947 -0.58011 21.486788 11.830361 2.266131 8.162914 -0.0 -0.0 18.399046 -3.798986 -4.940566 3e-06 0.0 -1e-06 -17.387821 11.9662 -75.675896 -0.460075 -0.384701 48.973652 -10.902748 1.811959 -29.903259 2.023544 -2.473624 -2.695951 0.0 -0.0 2e-06 -7.259423 -5.737562 -79.157745 -0.168873 0.116766 50.623333 6.182882 2.197471 -18.772432 -1.444672 0.319975 -4.402267 0.0 -0.0 -1e-06 
0.0 0.0 0.0 0.0 -0.0 0.0 -8.758737 82.233711 -111.93869 2.496007 2.0789 50.81065 -0.088412 -2.262875 26.358498 0.215673 -1.3104 5.407499 1.679008 0.096195 23.625624 0.022219 -0.104104 3.702108 0.092938 2.20279 -3.516561 -4.585984 -1.052786 2.611389 7.7e-05 -2.2e-05 6e-06 0.261984 0.089657 -0.259308 1.12395 -3.560838 -10.370425 -0.591672 3.759934 -10.428839 6.309722 -23.40554 9.575338 -45.291286 -35.844166 -25.688921 -2.44803 -80.45433 2.810705 52.018787 -18.701323 33.01582 -5.882102 9.861279 0.70259 -10.936858 -0.360574 7.156195 0.0 8.774814 0.0 -18.898115 17.822966 3.517298 -1.844031 2.498503 -2.507276 -10.163589 4.678941 4.621103 -20.975994 -0.0 1e-06 -21.226252 2.451699 -3.593994 0.0 -6e-06 -0.0 -1.36268 2.240796 -0.746323 -21.334888 0.58491 3.008318 -13.821193 -1e-06 1e-06 -23.887127 -0.249074 -0.839485 -57.313129 2.177181 -0.234613 -0.294025 1.679686 0.833255 -14.218191 0.093216 1.300578 -34.211994 -0.28756 0.967166 -20.033173 0.964536 1.212838 -0.0 0.0 0.0 -3.440386 0.788233 0.501655 -15.928168 -3.167305 2.999702 -6.338816 -0.0 0.0 -18.123415 3.64818 -4.905661 -4e-06 0.0 -2e-06 -2.803267 29.573702 8.845945 5.830584 36.454906 -46.778564 -1.657617 48.77689 -1.713337 -43.358124 25.03821 7.408001 2.24354 -5.255033 -3.180155 14.282875 -0.826595 6.952495 0.0 -12.690593 -1e-06 15.661732 -17.947525 2.157413 1.665665 -1.95592 -2.878296 4.727794 -4.170584 4.993918 11.020509 0.0 -0.0 12.109029 -3.735715 -2.866777 -0.0 0.0 -0.0 1.291984 -1.928548 -1.498088 14.800112 0.567466 3.865604 14.242552 -1.341739 -6.660646 19.631929 0.14392 -0.648243 47.256634 -0.511452 -7.356704 0.353029 -1.511149 -0.03194 20.222765 3.684304 2.316628 18.787243 0.0 -0.0 10.751607 -0.47987 1.397902 0.0 0.0 0.0 3.273804 0.305947 -0.58011 21.486788 11.830361 2.266131 8.162914 -0.0 -0.0 18.399046 -3.798986 -4.940566 3e-06 0.0 -1e-06 -16.584269 11.03083 -82.384323 -0.189263 0.301149 77.71402 -7.628851 3.275845 -36.406361 2.047238 -2.643472 -6.049629 0.0 -0.0 2e-06 -9.261454 -6.74159 -88.624489 -0.6003 0.174804 82.740288 3.289167 -3.399342 -28.577515 -1.402281 0.609383 -4.785846 0.0 -0.0 -1e-06 
0.0 0.0 0.0 0.0 -0.0 0.0 -9.265594 75.183655 -119.626152 2.975953 2.712348 45.514496 0.180222 -1.736321 26.619839 0.370703 -0.833492 5.134055 2.017142 0.297178 22.05393 -1.706096 0.042754 5.456166 0.857643 0.941662 -3.821706 -2.557585 -0.580317 2.113259 7.7e-05 -2.2e-05 6e-06 0.283695 0.056173 -0.262225 0.988771 -3.633043 -10.733267 -0.390937 3.762299 -10.706714 11.732542 -20.029648 4.668915 -36.743393 -42.860176 -19.251564 0.90567 -71.827957 0.403974 38.050507 -9.813725 34.29213 -5.882102 9.861279 0.70259 -10.936858 -0.360574 7.156195 0.0 8.774814 0.0 -19.858337 19.161125 3.525482 -1.844031 2.498503 -2.507276 -10.163589 4.678941 4.621103 -20.975994 -0.0 1e-06 -21.226252 2.451699 -3.593994 0.0 -6e-06 -0.0 -1.36268 2.240796 -0.746323 -21.334888 0.58491 3.008318 -13.821193 -1e-06 1e-06 -23.887127 -0.249074 -0.839485 -60.656731 2.33323 -2.205418 -0.294025 1.679686 0.833255 -14.218191 0.093216 1.300578 -34.211994 -0.28756 0.967166 -20.033173 0.964536 1.212838 -0.0 0.0 0.0 -3.440386 0.788233 0.501655 -15.928168 -3.167305 2.999702 -6.338816 -0.0 0.0 -18.123415 3.64818 -4.905661 -4e-06 0.0 -2e-06 -9.014152 28.340305 5.51599 -2.513919 36.888905 -48.786263 -2.464546 40.633049 -1.216385 -47.989792 24.700884 7.389273 2.24354 -5.255033 -3.180155 14.282875 -0.826595 6.952495 0.0 -12.690593 -1e-06 15.540204 -17.882271 2.68863 1.665665 -1.95592 -2.878296 4.727794 -4.170584 4.993918 11.020509 0.0 -0.0 12.109029 -3.735715 -2.866777 -0.0 0.0 -0.0 1.291984 -1.928548 -1.498088 14.800112 0.567466 3.865604 14.242552 -1.341739 -6.660646 19.631929 0.14392 -0.648243 49.170719 -0.994245 -6.237924 0.353029 -1.511149 -0.03194 20.222765 3.684304 2.316628 18.787243 0.0 -0.0 10.751607 -0.47987 1.397902 0.0 0.0 0.0 3.273804 0.305947 -0.58011 21.486788 11.830361 2.266131 8.162914 -0.0 -0.0 18.399046 -3.798986 -4.940566 3e-06 0.0 -1e-06 -15.753206 10.690879 -84.761971 -0.292017 0.585425 86.605179 -7.035779 2.441576 -44.199966 1.781467 -2.100399 -5.048154 0.0 -0.0 2e-06 -8.694554 -8.184902 -95.052391 -0.249955 0.398879 97.986465 3.820337 -5.929969 -28.803923 -1.424781 0.712499 -6.303827 0.0 -0.0 -1e-06 
0.0 0.0 0.0 0.0 -0.0 0.0 -9.875275 72.292747 -125.555359 3.311863 4.04498 43.152435 0.402789 -1.661339 25.973499 0.424672 -0.632911 5.266745 2.243029 -0.03661 20.866011 -1.430342 0.851803 4.69749 0.697823 0.42875 -3.991323 -1.942839 -0.16505 1.385204 7.7e-05 -2.2e-05 6e-06 0.30679 0.008988 -0.235645 1.00343 -3.761844 -10.885292 -0.359533 3.781081 -10.866501 15.536275 -19.403698 2.802286 -33.429581 -42.530128 -20.512691 4.012223 -68.592667 -3.248882 29.015074 -0.835265 25.95541 -5.882102 9.861279 0.70259 -10.936858 -0.360574 7.156195 0.0 8.774814 0.0 -18.316948 19.34082 4.93457 -1.844031 2.498503 -2.507276 -10.163589 4.678941 4.621103 -20.975994 -0.0 1e-06 -21.226252 2.451699 -3.593994 0.0 -6e-06 -0.0 -1.36268 2.240796 -0.746323 -21.334888 0.58491 3.008318 -13.821193 -1e-06 1e-06 -23.887127 -0.249074 -0.839485 -59.90992 2.596354 -2.152515 -0.294025 1.679686 0.833255 -14.218191 0.093216 1.300578 -34.211994 -0.28756 0.967166 -20.033173 0.964536 1.212838 -0.0 0.0 0.0 -3.440386 0.788233 0.501655 -15.928168 -3.167305 2.999702 -6.338816 -0.0 0.0 -18.123415 3.64818 -4.905661 -4e-06 0.0 -2e-06 -13.292209 27.598265 3.260904 -3.737988 34.25285 -50.215298 -4.241944 42.339214 -2.219048 -47.236813 21.740805 7.215834 2.24354 -5.255033 -3.180155 14.282875 -0.826595 6.952495 0.0 -12.690593 -1e-06 15.038859 -17.451546 3.156581 1.665665 -1.95592 -2.878296 4.727794 -4.170584 4.993918 11.020509 0.0 -0.0 12.109029 -3.735715 -2.866777 -0.0 0.0 -0.0 1.291984 -1.928548 -1.498088 14.800112 0.567466 3.865604 14.242552 -1.341739 -6.660646 19.631929 0.14392 -0.648243 49.263237 -0.719972 -5.938323 0.353029 -1.511149 -0.03194 20.222765 3.684304 2.316628 18.787243 0.0 -0.0 10.751607 -0.47987 1.397902 0.0 0.0 0.0 3.273804 0.305947 -0.58011 21.486788 11.830361 2.266131 8.162914 -0.0 -0.0 18.399046 -3.798986 -4.940566 3e-06 0.0 -1e-06 -13.936675 7.365644 -89.54715 0.034333 0.752218 91.026634 -6.821232 5.928463 -45.938141 1.683212 -2.056896 -1.47686 0.0 -0.0 2e-06 -7.321675 -9.705473 -97.798775 -0.055917 0.423765 100.830017 2.507256 -8.497524 -29.973749 -1.44439 0.730552 -5.043728 0.0 -0.0 -1e-06 
0.0 0.0 0.0 0.0 -0.0 0.0 -10.633676 72.093407 -129.851883 3.047634 5.20679 41.926064 0.652667 -1.47031 25.378164 0.378297 -0.420468 5.59375 2.459519 -0.453266 19.932642 -0.25437 1.5868 1.750668 0.143491 0.216877 -4.084714 -1.647938 0.223154 -0.774686 7.7e-05 -2.2e-05 6e-06 0.23895 -0.049042 -0.177948 0.902295 -3.817141 -10.847079 -0.398798 3.708604 -10.815853 17.07435 -20.283531 2.21464 -32.915398 -36.826344 -23.48534 6.536998 -68.974007 -6.086055 24.490183 5.820094 18.857746 -5.882102 9.861279 0.70259 -10.936858 -0.360574 7.156195 0.0 8.774814 0.0 -16.926031 18.833931 6.047576 -1.844031 2.498503 -2.507276 -10.163589 4.678941 4.621103 -20.975994 -0.0 1e-06 -21.226252 2.451699 -3.593994 0.0 -6e-06 -0.0 -1.36268 2.240796 -0.746323 -21.334888 0.58491 3.008318 -13.821193 -1e-06 1e-06 -23.887127 -0.249074 -0.839485 -59.706371 2.720658 -1.846529 -0.294025 1.679686 0.833255 -14.218191 0.093216 1.300578 -34.211994 -0.28756 0.967166 -20.033173 0.964536 1.212838 -0.0 0.0 0.0 -3.440386 0.788233 0.501655 -15.928168 -3.167305 2.999702 -6.338816 -0.0 0.0 -18.123415 3.64818 -4.905661 -4e-06 0.0 -2e-06 -14.909574 27.48052 2.099838 -1.570098 29.853067 -51.068146 -5.354112 48.200001 -3.271239 -45.348663 18.322809 4.789745 2.24354 -5.255033 -3.180155 14.282875 -0.826595 6.952495 0.0 -12.690593 -1e-06 14.488561 -17.115435 3.197266 1.665665 -1.95592 -2.878296 4.727794 -4.170584 4.993918 11.020509 0.0 -0.0 12.109029 -3.735715 -2.866777 -0.0 0.0 -0.0 1.291984 -1.928548 -1.498088 14.800112 0.567466 3.865604 14.242552 -1.341739 -6.660646 19.631929 0.14392 -0.648243 48.499569 -0.767424 -6.161755 0.353029 -1.511149 -0.03194 20.222765 3.684304 2.316628 18.787243 0.0 -0.0 10.751607 -0.47987 1.397902 0.0 0.0 0.0 3.273804 0.305947 -0.58011 21.486788 11.830361 2.266131 8.162914 -0.0 -0.0 18.399046 -3.798986 -4.940566 3e-06 0.0 -1e-06 -11.21304 4.514273 -92.67131 0.402059 0.661426 91.534149 -7.336914 8.22676 -41.997391 1.624375 -2.119058 -1.92887 0.0 -0.0 2e-06 -6.62049 -9.938782 -98.922379 -0.003744 0.460671 99.27285 0.699986 -10.93516 -29.585552 -1.463231 0.714513 -3.863473 0.0 -0.0 -1e-06 
0.0 0.0 0.0 0.0 -0.0 0.0 -11.366518 73.48101 -133.328278 2.275356 5.874899 41.36776 0.583121 -1.234839 24.627567 0.235461 -0.263598 5.544093 2.56033 -0.551269 19.112917 1.302558 2.19986 -1.629269 -0.201523 0.158604 -4.149047 -1.084954 0.656872 -3.551944 7.7e-05 -2.2e-05 6e-06 0.182365 -0.085265 -0.148862 0.841074 -3.853499 -10.838598 -0.459021 3.668079 -10.755651 16.99299 -21.042374 2.469011 -34.150089 -28.864471 -24.225525 9.095643 -70.308861 -8.491869 22.204721 9.060328 12.546889 -5.882102 9.861279 0.70259 -10.936858 -0.360574 7.156195 0.0 8.774814 0.0 -16.175825 18.1327 6.395804 -1.844031 2.498503 -2.507276 -10.163589 4.678941 4.621103 -20.975994 -0.0 1e-06 -21.226252 2.451699 -3.593994 0.0 -6e-06 -0.0 -1.36268 2.240796 -0.746323 -21.334888 0.58491 3.008318 -13.821193 -1e-06 1e-06 -23.887127 -0.249074 -0.839485 -60.053829 2.517799 -1.789808 -0.294025 1.679686 0.833255 -14.218191 0.093216 1.300578 -34.211994 -0.28756 0.967166 -20.033173 0.964536 1.212838 -0.0 0.0 0.0 -3.440386 0.788233 0.501655 -15.928168 -3.167305 2.999702 -6.338816 -0.0 0.0 -18.123415 3.64818 -4.905661 -4e-06 0.0 -2e-06 -14.433389 26.994425 2.046657 4.387521 26.007179 -48.66988 -4.503081 54.970993 -3.22888 -42.834473 14.593111 -1.245599 2.24354 -5.255033 -3.180155 14.282875 -0.826595 6.952495 0.0 -12.690593 -1e-06 14.491307 -17.435139 3.143736 1.665665 -1.95592 -2.878296 4.727794 -4.170584 4.993918 11.020509 0.0 -0.0 12.109029 -3.735715 -2.866777 -0.0 0.0 -0.0 1.291984 -1.928548 -1.498088 14.800112 0.567466 3.865604 14.242552 -1.341739 -6.660646 19.631929 0.14392 -0.648243 48.248268 -0.949993 -6.525932 0.353029 -1.511149 -0.03194 20.222765 3.684304 2.316628 18.787243 0.0 -0.0 10.751607 -0.47987 1.397902 0.0 0.0 0.0 3.273804 0.305947 -0.58011 21.486788 11.830361 2.266131 8.162914 -0.0 -0.0 18.399046 -3.798986 -4.940566 3e-06 0.0 -1e-06 -8.390058 2.811224 -94.211693 0.499573 0.571892 88.792931 -7.40851 9.544538 -37.138889 1.573404 -2.142173 -2.021153 0.0 -0.0 2e-06 -6.424269 -9.653451 -97.846687 0.05903 0.368715 94.675034 -0.550913 -11.563509 -28.49124 -1.48327 0.662994 -3.655691 0.0 -0.0 -1e-06 
0.0 0.0 0.0 0.0 -0.0 0.0 -12.330708 75.684868 -136.249023 1.494894 6.769626 40.513657 0.256626 -1.08438 23.899948 0.116581 -0.26953 5.172592 2.524539 -0.701398 18.38707 3.403686 2.622836 -4.258131 -0.330046 0.46228 -4.07358 -0.871976 1.07724 -6.757691 7.7e-05 -2.2e-05 6e-06 0.188194 -0.10366 -0.12644 0.855153 -3.865303 -10.794975 -0.470019 3.644787 -10.682948 16.157909 -21.272106 3.71404 -35.605049 -21.123085 -22.705122 9.601705 -69.997986 -8.548425 20.731186 10.173791 6.867248 -5.882102 9.861279 0.70259 -10.936858 -0.360574 7.156195 0.0 8.774814 0.0 -15.975718 17.683697 6.234661 -1.844031 2.498503 -2.507276 -10.163589 4.678941 4.621103 -20.975994 -0.0 1e-06 -21.226252 2.451699 -3.593994 0.0 -6e-06 -0.0 -1.36268 2.240796 -0.746323 -21.334888 0.58491 3.008318 -13.821193 -1e-06 1e-06 -23.887127 -0.249074 -0.839485 -60.435768 2.221709 -1.624169 -0.294025 1.679686 0.833255 -14.218191 0.093216 1.300578 -34.211994 -0.28756 0.967166 -20.033173 0.964536 1.212838 -0.0 0.0 0.0 -3.440386 0.788233 0.501655 -15.928168 -3.167305 2.999702 -6.338816 -0.0 0.0 -18.123415 3.64818 -4.905661 -4e-06 0.0 -2e-06 -12.466932 25.932199 3.08585 12.441117 23.530764 -42.018009 -2.324679 58.258919 -2.096022 -38.279583 9.345985 -10.318076 2.24354 -5.255033 -3.180155 14.282875 -0.826595 6.952495 0.0 -12.690593 -1e-06 15.20702 -18.248289 2.759302 1.665665 -1.95592 -2.878296 4.727794 -4.170584 4.993918 11.020509 0.0 -0.0 12.109029 -3.735715 -2.866777 -0.0 0.0 -0.0 1.291984 -1.928548 -1.498088 14.800112 0.567466 3.865604 14.242552 -1.341739 -6.660646 19.631929 0.14392 -0.648243 48.712048 -1.032646 -6.938076 0.353029 -1.511149 -0.03194 20.222765 3.684304 2.316628 18.787243 0.0 -0.0 10.751607 -0.47987 1.397902 0.0 0.0 0.0 3.273804 0.305947 -0.58011 21.486788 11.830361 2.266131 8.162914 -0.0 -0.0 18.399046 -3.798986 -4.940566 3e-06 0.0 -1e-06 -5.716736 1.902321 -93.854446 0.34291 0.39878 84.262535 -7.545594 10.241838 -32.092735 1.577318 -2.072059 -2.033607 0.0 -0.0 2e-06 -6.4651 -9.46846 -94.154205 0.074451 0.326262 88.36953 -0.055153 -10.740394 -28.157339 -1.514229 0.713988 -3.617045 0.0 -0.0 -1e-06 
0.0 0.0 0.0 0.0 -0.0 0.0 -13.375431 78.136391 -138.335175 0.799172 7.527911 39.045731 -0.229887 -1.010495 23.196373 0.009841 -0.419076 4.677701 2.26721 -0.755343 17.779682 5.389982 2.758086 -5.888466 -0.332503 0.985184 -3.996592 -0.938035 1.615935 -10.127153 7.7e-05 -2.2e-05 6e-06 0.270455 -0.157069 -0.095027 0.943205 -3.904459 -10.762527 -0.399904 3.580366 -10.633871 14.829636 -21.332745 5.446201 -36.901325 -14.707592 -19.427618 8.201335 -67.312279 -6.399129 20.021425 10.992242 1.38252 -5.882102 9.861279 0.70259 -10.936858 -0.360574 7.156195 0.0 8.774814 0.0 -16.091646 17.518911 6.048427 -1.844031 2.498503 -2.507276 -10.163589 4.678941 4.621103 -20.975994 -0.0 1e-06 -21.226252 2.451699 -3.593994 0.0 -6e-06 -0.0 -1.36268 2.240796 -0.746323 -21.334888 0.58491 3.008318 -13.821193 -1e-06 1e-06 -23.887127 -0.249074 -0.839485 -60.980659 2.080167 -1.176092 -0.294025 1.679686 0.833255 -14.218191 0.093216 1.300578 -34.211994 -0.28756 0.967166 -20.033173 0.964536 1.212838 -0.0 0.0 0.0 -3.440386 0.788233 0.501655 -15.928168 -3.167305 2.999702 -6.338816 -0.0 0.0 -18.123415 3.64818 -4.905661 -4e-06 0.0 -2e-06 -9.915831 24.977703 4.653739 20.136242 22.152992 -33.078388 -0.398479 55.384052 -0.673123 -31.24684 4.269051 -18.885187 2.24354 -5.255033 -3.180155 14.282875 -0.826595 6.952495 0.0 -12.690593 -1e-06 15.741624 -18.842682 2.495488 1.665665 -1.95592 -2.878296 4.727794 -4.170584 4.993918 11.020509 0.0 -0.0 12.109029 -3.735715 -2.866777 -0.0 0.0 -0.0 1.291984 -1.928548 -1.498088 14.800112 0.567466 3.865604 14.242552 -1.341739 -6.660646 19.631929 0.14392 -0.648243 49.530388 -0.887051 -7.015769 0.353029 -1.511149 -0.03194 20.222765 3.684304 2.316628 18.787243 0.0 -0.0 10.751607 -0.47987 1.397902 0.0 0.0 0.0 3.273804 0.305947 -0.58011 21.486788 11.830361 2.266131 8.162914 -0.0 -0.0 18.399046 -3.798986 -4.940566 3e-06 0.0 -1e-06 -3.444736 1.632052 -91.573273 0.123211 0.217729 79.183426 -7.749733 10.426065 -27.806606 1.576835 -2.014937 -2.157198 0.0 -0.0 2e-06 -6.291483 -9.205822 -88.877319 0.082217 0.33582 81.14579 1.936375 -9.430386 -28.026308 -1.521209 0.827692 -3.728905 0.0 -0.0 -1e-06 
0.0 0.0 0.0 0.0 -0.0 0.0 -14.40765 80.618904 -139.703491 0.16989 8.08103 37.194618 -0.715474 -0.950922 22.445513 -0.170198 -0.492039 4.275149 1.973574 -0.805764 17.195803 6.76339 2.758231 -6.875278 -0.40494 1.425511 -3.983172 -0.770398 1.83477 -13.417901 7.7e-05 -2.2e-05 6e-06 0.318936 -0.230062 -0.100386 0.960183 -3.927702 -10.726575 -0.321774 3.461432 -10.602923 13.28752 -21.393724 7.059186 -38.339462 -10.132121 -14.848341 7.021702 -62.793385 -4.383412 19.454395 12.479409 -3.443105 -5.882102 9.861279 0.70259 -10.936858 -0.360574 7.156195 0.0 8.774814 0.0 -16.605137 17.70155 5.876518 -1.844031 2.498503 -2.507276 -10.163589 4.678941 4.621103 -20.975994 -0.0 1e-06 -21.226252 2.451699 -3.593994 0.0 -6e-06 -0.0 -1.36268 2.240796 -0.746323 -21.334888 0.58491 3.008318 -13.821193 -1e-06 1e-06 -23.887127 -0.249074 -0.839485 -61.767914 2.1053 -0.62522 -0.294025 1.679686 0.833255 -14.218191 0.093216 1.300578 -34.211994 -0.28756 0.967166 -20.033173 0.964536 1.212838 -0.0 0.0 0.0 -3.440386 0.788233 0.501655 -15.928168 -3.167305 2.999702 -6.338816 -0.0 0.0 -18.123415 3.64818 -4.905661 -4e-06 0.0 -2e-06 -7.550873 24.228531 6.018751 27.072748 21.696245 -23.986416 0.975671 48.164169 0.335004 -22.845211 1.347215 -23.811354 2.24354 -5.255033 -3.180155 14.282875 -0.826595 6.952495 0.0 -12.690593 -1e-06 16.118183 -18.475426 2.489403 1.665665 -1.95592 -2.878296 4.727794 -4.170584 4.993918 11.020509 0.0 -0.0 12.109029 -3.735715 -2.866777 -0.0 0.0 -0.0 1.291984 -1.928548 -1.498088 14.800112 0.567466 3.865604 14.242552 -1.341739 -6.660646 19.631929 0.14392 -0.648243 50.237011 -0.542321 -6.794568 0.353029 -1.511149 -0.03194 20.222765 3.684304 2.316628 18.787243 0.0 -0.0 10.751607 -0.47987 1.397902 0.0 0.0 0.0 3.273804 0.305947 -0.58011 21.486788 11.830361 2.266131 8.162914 -0.0 -0.0 18.399046 -3.798986 -4.940566 3e-06 0.0 -1e-06 -1.524122 1.69365 -88.046318 -0.021753 0.063897 74.004852 -8.105878 10.478005 -24.308363 1.595261 -1.964274 -2.569661 0.0 -0.0 2e-06 -5.494973 -8.792027 -83.257523 0.114893 0.440379 73.69368 5.569013 -6.801441 -25.749376 -1.436121 1.086783 -3.625412 0.0 -0.0 -1e-06 
0.0 0.0 0.0 0.0 -0.0 0.0 -15.441669 83.28614 -140.556946 -0.433147 8.254848 35.148781 -1.09679 -0.865139 21.714046 -0.424383 -0.494287 3.857177 1.572943 -0.922466 16.804941 7.550009 2.495026 -7.859347 -0.377182 1.702029 -3.941653 -0.529457 2.274873 -16.979053 7.7e-05 -2.2e-05 6e-06 0.315311 -0.288945 -0.084078 0.943741 -3.965618 -10.657041 -0.312482 3.383016 -10.494522 11.431888 -21.222031 8.543149 -39.929771 -7.048181 -10.451625 5.328925 -57.587074 -2.221552 18.708143 14.26971 -7.142782 -5.882102 9.861279 0.70259 -10.936858 -0.360574 7.156195 0.0 8.774814 0.0 -17.05636 17.694794 5.538898 -1.844031 2.498503 -2.507276 -10.163589 4.678941 4.621103 -20.975994 -0.0 1e-06 -21.226252 2.451699 -3.593994 0.0 -6e-06 -0.0 -1.36268 2.240796 -0.746323 -21.334888 0.58491 3.008318 -13.821193 -1e-06 1e-06 -23.887127 -0.249074 -0.839485 -61.818218 2.137549 -0.50383 -0.294025 1.679686 0.833255 -14.218191 0.093216 1.300578 -34.211994 -0.28756 0.967166 -20.033173 0.964536 1.212838 -0.0 0.0 0.0 -3.440386 0.788233 0.501655 -15.928168 -3.167305 2.999702 -6.338816 -0.0 0.0 -18.123415 3.64818 -4.905661 -4e-06 0.0 -2e-06 -5.519367 23.12138 7.304146 33.451225 21.912149 -15.165358 2.081745 40.868572 0.975611 -15.560442 0.323186 -23.780907 2.24354 -5.255033 -3.180155 14.282875 -0.826595 6.952495 0.0 -12.690593 -1e-06 16.370127 -17.820524 2.48546 1.665665 -1.95592 -2.878296 4.727794 -4.170584 4.993918 11.020509 0.0 -0.0 12.109029 -3.735715 -2.866777 -0.0 0.0 -0.0 1.291984 -1.928548 -1.498088 14.800112 0.567466 3.865604 14.242552 -1.341739 -6.660646 19.631929 0.14392 -0.648243 50.565327 -0.402732 -6.426565 0.353029 -1.511149 -0.03194 20.222765 3.684304 2.316628 18.787243 0.0 -0.0 10.751607 -0.47987 1.397902 0.0 0.0 0.0 3.273804 0.305947 -0.58011 21.486788 11.830361 2.266131 8.162914 -0.0 -0.0 18.399046 -3.798986 -4.940566 3e-06 0.0 -1e-06 -0.186586 2.304064 -83.494415 -0.105593 -0.083569 68.324463 -8.155061 10.261051 -21.088106 1.590962 -1.99902 -2.794417 0.0 -0.0 2e-06 -3.988054 -7.998646 -78.95401 0.073538 0.355885 68.08342 5.476294 -5.905512 -22.998981 -1.408628 1.170494 -3.47047 0.0 -0.0 -1e-06 
0.0 0.0 0.0 0.0 -0.0 0.0 -16.459234 85.843292 -141.089188 -0.907655 8.116491 32.954823 -1.484707 -0.76847 20.90169 -0.629502 -0.574125 3.370917 1.039209 -1.158814 16.639664 8.045594 2.283054 -8.422174 -0.428575 1.872307 -3.931197 -0.231834 2.563516 -20.351755 7.7e-05 -2.2e-05 6e-06 0.266351 -0.308858 -0.080181 0.88972 -3.961084 -10.565778 -0.356426 3.341447 -10.384933 9.601705 -20.736073 10.027458 -42.16943 -5.081542 -7.066928 3.391383 -53.49942 -0.444122 17.815638 15.262383 -9.74779 -5.882102 9.861279 0.70259 -10.936858 -0.360574 7.156195 0.0 8.774814 0.0 -17.300304 17.459225 5.127926 -1.844031 2.498503 -2.507276 -10.163589 4.678941 4.621103 -20.975994 -0.0 1e-06 -21.226252 2.451699 -3.593994 0.0 -6e-06 -0.0 -1.36268 2.240796 -0.746323 -21.334888 0.58491 3.008318 -13.821193 -1e-06 1e-06 -23.887127 -0.249074 -0.839485 -61.288689 2.112936 -0.485306 -0.294025 1.679686 0.833255 -14.218191 0.093216 1.300578 -34.211994 -0.28756 0.967166 -20.033173 0.964536 1.212838 -0.0 0.0 0.0 -3.440386 0.788233 0.501655 -15.928168 -3.167305 2.999702 -6.338816 -0.0 0.0 -18.123415 3.64818 -4.905661 -4e-06 0.0 -2e-06 -3.64745 21.744833 8.696361 39.770874 22.105673 -7.394763 2.491517 36.703484 1.250115 -10.993988 0.655845 -21.859276 2.24354 -5.255033 -3.180155 14.282875 -0.826595 6.952495 0.0 -12.690593 -1e-06 16.311371 -17.515062 2.434932 1.665665 -1.95592 -2.878296 4.727794 -4.170584 4.993918 11.020509 0.0 -0.0 12.109029 -3.735715 -2.866777 -0.0 0.0 -0.0 1.291984 -1.928548 -1.498088 14.800112 0.567466 3.865604 14.242552 -1.341739 -6.660646 19.631929 0.14392 -0.648243 50.519745 -0.406215 -6.252835 0.353029 -1.511149 -0.03194 20.222765 3.684304 2.316628 18.787243 0.0 -0.0 10.751607 -0.47987 1.397902 0.0 0.0 0.0 3.273804 0.305947 -0.58011 21.486788 11.830361 2.266131 8.162914 -0.0 -0.0 18.399046 -3.798986 -4.940566 3e-06 0.0 -1e-06 0.8381 3.082899 -78.417976 -0.170189 -0.195881 62.596867 -8.232018 9.92894 -18.175455 1.594875 -1.976356 -3.027243 0.0 -0.0 2e-06 -2.79641 -7.267292 -74.17984 0.068743 0.217619 62.394661 5.029286 -5.214397 -20.304655 -1.393705 1.20762 -3.491791 0.0 -0.0 -1e-06 
0.0 0.0 0.0 0.0 -0.0 0.0 -17.428709 88.133026 -141.361389 -1.152837 7.744058 30.738485 -1.824954 -0.648693 20.011345 -0.775361 -0.728991 2.865817 0.354421 -1.516014 16.396059 8.306179 2.020195 -8.544063 -0.46116 2.161119 -3.926652 -0.071011 2.802506 -23.29281 7.7e-05 -2.2e-05 6e-06 0.203014 -0.29496 -0.064962 0.834319 -3.92838 -10.503415 -0.428339 3.339391 -10.333945 7.878892 -20.161684 11.341329 -44.916325 -3.580465 -4.289672 1.857035 -50.723873 0.744702 16.924843 15.212744 -11.595281 -5.882102 9.861279 0.70259 -10.936858 -0.360574 7.156195 0.0 8.774814 0.0 -17.27309 17.297728 4.919168 -1.844031 2.498503 -2.507276 -10.163589 4.678941 4.621103 -20.975994 -0.0 1e-06 -21.226252 2.451699 -3.593994 0.0 -6e-06 -0.0 -1.36268 2.240796 -0.746323 -21.334888 0.58491 3.008318 -13.821193 -1e-06 1e-06 -23.887127 -0.249074 -0.839485 -60.708469 2.065854 -0.454811 -0.294025 1.679686 0.833255 -14.218191 0.093216 1.300578 -34.211994 -0.28756 0.967166 -20.033173 0.964536 1.212838 -0.0 0.0 0.0 -3.440386 0.788233 0.501655 -15.928168 -3.167305 2.999702 -6.338816 -0.0 0.0 -18.123415 3.64818 -4.905661 -4e-06 0.0 -2e-06 -2.018269 20.267311 10.171909 45.679794 21.743782 -0.616544 2.237801 35.377827 1.283048 -8.307339 1.867145 -19.628752 2.24354 -5.255033 -3.180155 14.282875 -0.826595 6.952495 0.0 -12.690593 -1e-06 16.227497 -17.389345 2.370734 1.665665 -1.95592 -2.878296 4.727794 -4.170584 4.993918 11.020509 0.0 -0.0 12.109029 -3.735715 -2.866777 -0.0 0.0 -0.0 1.291984 -1.928548 -1.498088 14.800112 0.567466 3.865604 14.242552 -1.341739 -6.660646 19.631929 0.14392 -0.648243 50.383198 -0.388677 -6.180501 0.353029 -1.511149 -0.03194 20.222765 3.684304 2.316628 18.787243 0.0 -0.0 10.751607 -0.47987 1.397902 0.0 0.0 0.0 3.273804 0.305947 -0.58011 21.486788 11.830361 2.266131 8.162914 -0.0 -0.0 18.399046 -3.798986 -4.940566 3e-06 0.0 -1e-06 1.508968 3.913589 -73.182159 -0.211382 -0.267245 57.10149 -8.262416 9.440218 -15.581274 1.60411 -1.942636 -3.14389 0.0 -0.0 2e-06 -1.863518 -6.772771 -69.327507 0.04267 0.093467 57.012932 4.545193 -4.494968 -17.835463 -1.390545 1.229497 -3.454106 0.0 -0.0 -1e-06 
0.0 0.0 0.0 0.0 -0.0 0.0 -18.321362 90.21801 -141.469254 -1.305296 7.260298 28.456728 -2.027407 -0.54276 19.115597 -0.955104 -0.848185 2.296308 -0.23744 -1.826655 16.089787 8.182913 1.621475 -8.484343 -0.249172 2.447681 -3.933121 -0.170352 3.087966 -25.850063 7.7e-05 -2.2e-05 6e-06 0.14136 -0.264572 -0.046702 0.774495 -3.883051 -10.450005 -0.492082 3.360709 -10.296005 6.169075 -19.600483 12.591354 -47.924538 -2.494354 -1.788802 0.995524 -48.859035 1.13661 15.910604 14.619411 -12.678555 -5.882102 9.861279 0.70259 -10.936858 -0.360574 7.156195 0.0 8.774814 0.0 -17.07641 17.289074 5.022591 -1.844031 2.498503 -2.507276 -10.163589 4.678941 4.621103 -20.975994 -0.0 1e-06 -21.226252 2.451699 -3.593994 0.0 -6e-06 -0.0 -1.36268 2.240796 -0.746323 -21.334888 0.58491 3.008318 -13.821193 -1e-06 1e-06 -23.887127 -0.249074 -0.839485 -60.306721 2.103242 -0.203839 -0.294025 1.679686 0.833255 -14.218191 0.093216 1.300578 -34.211994 -0.28756 0.967166 -20.033173 0.964536 1.212838 -0.0 0.0 0.0 -3.440386 0.788233 0.501655 -15.928168 -3.167305 2.999702 -6.338816 -0.0 0.0 -18.123415 3.64818 -4.905661 -4e-06 0.0 -2e-06 -0.85873 18.641479 11.455599 50.989555 20.777596 5.118519 1.850513 35.596123 1.155217 -6.489548 3.398023 -16.807011 2.24354 -5.255033 -3.180155 14.282875 -0.826595 6.952495 0.0 -12.690593 -1e-06 16.056162 -17.313021 2.311588 1.665665 -1.95592 -2.878296 4.727794 -4.170584 4.993918 11.020509 0.0 -0.0 12.109029 -3.735715 -2.866777 -0.0 0.0 -0.0 1.291984 -1.928548 -1.498088 14.800112 0.567466 3.865604 14.242552 -1.341739 -6.660646 19.631929 0.14392 -0.648243 50.33366 -0.31472 -6.156831 0.353029 -1.511149 -0.03194 20.222765 3.684304 2.316628 18.787243 0.0 -0.0 10.751607 -0.47987 1.397902 0.0 0.0 0.0 3.273804 0.305947 -0.58011 21.486788 11.830361 2.266131 8.162914 -0.0 -0.0 18.399046 -3.798986 -4.940566 3e-06 0.0 -1e-06 1.980163 4.792578 -67.797691 -0.220137 -0.33884 51.711666 -8.31935 8.711695 -13.584147 1.632927 -1.977865 -3.332861 0.0 -0.0 2e-06 -1.031712 -6.490528 -64.332367 0.053904 0.038049 51.744904 4.223372 -3.727593 -15.493058 -1.386288 1.179239 -3.357398 0.0 -0.0 -1e-06 
0.0 0.0 0.0 0.0 -0.0 0.0 -19.174667 91.977135 -141.225266 -1.068892 6.615265 26.214031 -2.282552 -0.476676 18.121254 -0.992174 -1.058589 1.802976 -1.144733 -2.156847 15.643926 8.094355 1.306991 -8.438122 -0.285611 2.829838 -3.901262 -0.06847 3.275096 -27.896551 7.7e-05 -2.2e-05 6e-06 0.105224 -0.247486 -0.006406 0.770282 -3.908513 -10.499205 -0.561729 3.418557 -10.382871 4.62116 -19.04767 13.080189 -50.919941 -1.072244 0.651631 0.469578 -47.075001 1.764402 14.82399 13.570774 -12.953981 -5.882102 9.861279 0.70259 -10.936858 -0.360574 7.156195 0.0 8.774814 0.0 -17.190569 17.32082 4.848796 -1.844031 2.498503 -2.507276 -10.163589 4.678941 4.621103 -20.975994 -0.0 1e-06 -21.226252 2.451699 -3.593994 0.0 -6e-06 -0.0 -1.36268 2.240796 -0.746323 -21.334888 0.58491 3.008318 -13.821193 -1e-06 1e-06 -23.887127 -0.249074 -0.839485 -60.285458 2.062845 -0.312285 -0.294025 1.679686 0.833255 -14.218191 0.093216 1.300578 -34.211994 -0.28756 0.967166 -20.033173 0.964536 1.212838 -0.0 0.0 0.0 -3.440386 0.788233 0.501655 -15.928168 -3.167305 2.999702 -6.338816 -0.0 0.0 -18.123415 3.64818 -4.905661 -4e-06 0.0 -2e-06 0.175182 17.215275 12.581808 55.188503 19.420107 10.056827 1.323194 36.308041 1.139113 -5.110189 4.904428 -14.170689 2.24354 -5.255033 -3.180155 14.282875 -0.826595 6.952495 0.0 -12.690593 -1e-06 16.091183 -17.428312 2.244254 1.665665 -1.95592 -2.878296 4.727794 -4.170584 4.993918 11.020509 0.0 -0.0 12.109029 -3.735715 -2.866777 -0.0 0.0 -0.0 1.291984 -1.928548 -1.498088 14.800112 0.567466 3.865604 14.242552 -1.341739 -6.660646 19.631929 0.14392 -0.648243 50.08717 -0.245434 -6.194769 0.353029 -1.511149 -0.03194 20.222765 3.684304 2.316628 18.787243 0.0 -0.0 10.751607 -0.47987 1.397902 0.0 0.0 0.0 3.273804 0.305947 -0.58011 21.486788 11.830361 2.266131 8.162914 -0.0 -0.0 18.399046 -3.798986 -4.940566 3e-06 0.0 -1e-06 2.253727 5.411507 -62.356678 -0.186524 -0.298027 46.744583 -8.369993 8.322762 -11.198136 1.605049 -1.955448 -3.015525 0.0 -0.0 2e-06 -0.701189 -6.374082 -59.466614 0.020577 -0.029117 47.215729 4.157342 -2.793359 -13.700117 -1.407135 1.194285 -3.032148 0.0 -0.0 -1e-06 
0.0 0.0 0.0 0.0 -0.0 0.0 -19.907946 93.665199 -140.768234 -0.872248 5.911266 23.917946 -2.413057 -0.425647 17.001354 -1.086283 -1.122465 1.321841 -1.769176 -2.34305 15.290458 7.750318 1.096519 -8.474672 -0.196941 3.044152 -3.881763 -0.034478 3.501664 -29.427963 7.7e-05 -2.2e-05 6e-06 0.07028 -0.219131 0.017109 0.741627 -3.907544 -10.529036 -0.603594 3.476873 -10.440478 2.968262 -18.380033 13.594532 -53.75444 -0.020743 2.2839 0.311212 -45.842438 1.838591 13.795885 12.16542 -12.955047 -5.882102 9.861279 0.70259 -10.936858 -0.360574 7.156195 0.0 8.774814 0.0 -17.37492 17.418612 4.739325 -1.844031 2.498503 -2.507276 -10.163589 4.678941 4.621103 -20.975994 -0.0 1e-06 -21.226252 2.451699 -3.593994 0.0 -6e-06 -0.0 -1.36268 2.240796 -0.746323 -21.334888 0.58491 3.008318 -13.821193 -1e-06 1e-06 -23.887127 -0.249074 -0.839485 -60.175533 2.041083 -0.353449 -0.294025 1.679686 0.833255 -14.218191 0.093216 1.300578 -34.211994 -0.28756 0.967166 -20.033173 0.964536 1.212838 -0.0 0.0 0.0 -3.440386 0.788233 0.501655 -15.928168 -3.167305 2.999702 -6.338816 -0.0 0.0 -18.123415 3.64818 -4.905661 -4e-06 0.0 -2e-06 0.982481 16.022675 13.400738 58.257484 17.797405 13.120072 1.113064 37.017254 1.149406 -4.354744 5.879968 -11.643461 2.24354 -5.255033 -3.180155 14.282875 -0.826595 6.952495 0.0 -12.690593 -1e-06 16.164351 -17.5772 2.224588 1.665665 -1.95592 -2.878296 4.727794 -4.170584 4.993918 11.020509 0.0 -0.0 12.109029 -3.735715 -2.866777 -0.0 0.0 -0.0 1.291984 -1.928548 -1.498088 14.800112 0.567466 3.865604 14.242552 -1.341739 -6.660646 19.631929 0.14392 -0.648243 49.993099 -0.244916 -6.251981 0.353029 -1.511149 -0.03194 20.222765 3.684304 2.316628 18.787243 0.0 -0.0 10.751607 -0.47987 1.397902 0.0 0.0 0.0 3.273804 0.305947 -0.58011 21.486788 11.830361 2.266131 8.162914 -0.0 -0.0 18.399046 -3.798986 -4.940566 3e-06 0.0 -1e-06 2.597861 5.902558 -56.616356 -0.131818 -0.294504 41.594551 -8.29635 8.242175 -9.317628 1.602834 -1.98071 -2.872141 0.0 -0.0 2e-06 -0.544545 -6.111313 -54.269909 0.030899 -0.025868 42.454803 4.14207 -2.098549 -11.916891 -1.406838 1.192858 -2.822417 0.0 -0.0 -1e-06 
0.0 0.0 0.0 0.0 -0.0 0.0 -20.575794 95.20752 -140.061569 -0.634518 5.10229 21.560467 -2.483036 -0.341471 15.736573 -1.131415 -1.136886 0.876174 -2.295238 -2.365807 14.898349 7.231555 1.013185 -8.38559 -0.118723 3.24972 -3.859248 0.0044 3.590351 -30.654631 7.7e-05 -2.2e-05 6e-06 0.042223 -0.179607 0.038247 0.70979 -3.901692 -10.571063 -0.628144 3.551724 -10.506826 1.370728 -17.606754 14.014025 -56.45752 1.004568 3.286009 0.405421 -44.890347 1.548274 12.753207 10.442225 -13.247607 -5.882102 9.861279 0.70259 -10.936858 -0.360574 7.156195 0.0 8.774814 0.0 -17.5149 17.52109 4.733564 -1.844031 2.498503 -2.507276 -10.163589 4.678941 4.621103 -20.975994 -0.0 1e-06 -21.226252 2.451699 -3.593994 0.0 -6e-06 -0.0 -1.36268 2.240796 -0.746323 -21.334888 0.58491 3.008318 -13.821193 -1e-06 1e-06 -23.887127 -0.249074 -0.839485 -60.196514 2.089998 -0.467483 -0.294025 1.679686 0.833255 -14.218191 0.093216 1.300578 -34.211994 -0.28756 0.967166 -20.033173 0.964536 1.212838 -0.0 0.0 0.0 -3.440386 0.788233 0.501655 -15.928168 -3.167305 2.999702 -6.338816 -0.0 0.0 -18.123415 3.64818 -4.905661 -4e-06 0.0 -2e-06 1.658279 15.085723 14.054296 60.518742 16.18 14.7938 0.745114 37.289085 0.902835 -3.882961 6.481345 -9.987363 2.24354 -5.255033 -3.180155 14.282875 -0.826595 6.952495 0.0 -12.690593 -1e-06 16.400311 -17.75395 2.213091 1.665665 -1.95592 -2.878296 4.727794 -4.170584 4.993918 11.020509 0.0 -0.0 12.109029 -3.735715 -2.866777 -0.0 0.0 -0.0 1.291984 -1.928548 -1.498088 14.800112 0.567466 3.865604 14.242552 -1.341739 -6.660646 19.631929 0.14392 -0.648243 50.070419 -0.248428 -6.319794 0.353029 -1.511149 -0.03194 20.222765 3.684304 2.316628 18.787243 0.0 -0.0 10.751607 -0.47987 1.397902 0.0 0.0 0.0 3.273804 0.305947 -0.58011 21.486788 11.830361 2.266131 8.162914 -0.0 -0.0 18.399046 -3.798986 -4.940566 3e-06 0.0 -1e-06 2.997307 6.247075 -50.602322 -0.094282 -0.300719 36.395058 -8.22048 8.350917 -7.605688 1.60763 -2.002072 -2.769476 0.0 -0.0 2e-06 -0.614882 -5.672918 -48.855228 0.045786 -0.01986 37.722511 4.287725 -1.532368 -10.286566 -1.400704 1.210887 -2.642658 0.0 -0.0 -1e-06 
0.0 0.0 0.0 0.0 -0.0 0.0 -21.226934 96.528709 -139.08017 -0.358445 4.238678 19.01829 -2.443611 -0.238351 14.37299 -1.140372 -1.08409 0.392198 -2.705781 -2.268173 14.365112 6.50951 1.068227 -7.841332 -0.067458 3.348628 -3.823524 -0.028012 3.490978 -31.443743 7.7e-05 -2.2e-05 6e-06 0.025005 -0.135976 0.059021 0.676664 -3.894214 -10.62907 -0.62975 3.632644 -10.58529 -0.229397 -16.620539 14.347531 -58.75322 2.03915 4.007388 0.402365 -43.908539 1.132633 11.216598 8.62794 -13.650415 -5.882102 9.861279 0.70259 -10.936858 -0.360574 7.156195 0.0 8.774814 0.0 -17.515656 17.68483 4.869447 -1.844031 2.498503 -2.507276 -10.163589 4.678941 4.621103 -20.975994 -0.0 1e-06 -21.226252 2.451699 -3.593994 0.0 -6e-06 -0.0 -1.36268 2.240796 -0.746323 -21.334888 0.58491 3.008318 -13.821193 -1e-06 1e-06 -23.887127 -0.249074 -0.839485 -60.238869 2.174206 -0.578446 -0.294025 1.679686 0.833255 -14.218191 0.093216 1.300578 -34.211994 -0.28756 0.967166 -20.033173 0.964536 1.212838 -0.0 0.0 0.0 -3.440386 0.788233 0.501655 -15.928168 -3.167305 2.999702 -6.338816 -0.0 0.0 -18.123415 3.64818 -4.905661 -4e-06 0.0 -2e-06 2.148436 14.248982 14.642712 62.286694 14.581985 15.158381 0.34545 37.209412 0.507783 -3.640897 6.7802 -9.475648 2.24354 -5.255033 -3.180155 14.282875 -0.826595 6.952495 0.0 -12.690593 -1e-06 16.620132 -17.862955 2.237867 1.665665 -1.95592 -2.878296 4.727794 -4.170584 4.993918 11.020509 0.0 -0.0 12.109029 -3.735715 -2.866777 -0.0 0.0 -0.0 1.291984 -1.928548 -1.498088 14.800112 0.567466 3.865604 14.242552 -1.341739 -6.660646 19.631929 0.14392 -0.648243 50.183338 -0.266053 -6.353569 0.353029 -1.511149 -0.03194 20.222765 3.684304 2.316628 18.787243 0.0 -0.0 10.751607 -0.47987 1.397902 0.0 0.0 0.0 3.273804 0.305947 -0.58011 21.486788 11.830361 2.266131 8.162914 -0.0 -0.0 18.399046 -3.798986 -4.940566 3e-06 0.0 -1e-06 3.493984 6.43406 -44.301678 -0.085762 -0.305175 31.384594 -8.159296 8.588995 -6.184585 1.624964 -2.008196 -2.616055 0.0 -0.0 2e-06 -0.7223 -5.32632 -43.248444 0.05296 -0.025629 33.335411 4.502538 -0.912797 -8.978485 -1.39684 1.230037 -2.425335 0.0 -0.0 -1e-06 
0.0 0.0 0.0 0.0 -0.0 0.0 -21.865551 97.531548 -137.829712 -0.022096 3.362043 16.339315 -2.263796 -0.120441 12.899598 -1.13421 -0.959543 -0.192179 -3.007648 -2.119413 13.726992 5.568869 1.235107 -6.70228 0.007488 3.298272 -3.762408 -0.154437 3.26215 -31.527279 7.7e-05 -2.2e-05 6e-06 0.017186 -0.10451 0.076817 0.648757 -3.889931 -10.662356 -0.617858 3.691807 -10.630714 -1.820387 -15.394436 14.636618 -60.330017 2.859915 4.999555 0.116046 -42.543011 0.87724 9.146159 7.323427 -13.471786 -5.882102 9.861279 0.70259 -10.936858 -0.360574 7.156195 0.0 8.774814 0.0 -17.477522 17.80521 5.01586 -1.844031 2.498503 -2.507276 -10.163589 4.678941 4.621103 -20.975994 -0.0 1e-06 -21.226252 2.451699 -3.593994 0.0 -6e-06 -0.0 -1.36268 2.240796 -0.746323 -21.334888 0.58491 3.008318 -13.821193 -1e-06 1e-06 -23.887127 -0.249074 -0.839485 -60.259338 2.240806 -0.691464 -0.294025 1.679686 0.833255 -14.218191 0.093216 1.300578 -34.211994 -0.28756 0.967166 -20.033173 0.964536 1.212838 -0.0 0.0 0.0 -3.440386 0.788233 0.501655 -15.928168 -3.167305 2.999702 -6.338816 -0.0 0.0 -18.123415 3.64818 -4.905661 -4e-06 0.0 -2e-06 2.374618 13.416768 15.214917 63.546074 13.096886 14.901153 0.033273 37.129322 0.1652 -3.363834 6.776198 -9.717387 2.24354 -5.255033 -3.180155 14.282875 -0.826595 6.952495 0.0 -12.690593 -1e-06 16.751411 -17.939201 2.276334 1.665665 -1.95592 -2.878296 4.727794 -4.170584 4.993918 11.020509 0.0 -0.0 12.109029 -3.735715 -2.866777 -0.0 0.0 -0.0 1.291984 -1.928548 -1.498088 14.800112 0.567466 3.865604 14.242552 -1.341739 -6.660646 19.631929 0.14392 -0.648243 50.220734 -0.320052 -6.38901 0.353029 -1.511149 -0.03194 20.222765 3.684304 2.316628 18.787243 0.0 -0.0 10.751607 -0.47987 1.397902 0.0 0.0 0.0 3.273804 0.305947 -0.58011 21.486788 11.830361 2.266131 8.162914 -0.0 -0.0 18.399046 -3.798986 -4.940566 3e-06 0.0 -1e-06 3.977401 6.57011 -38.01012 -0.083892 -0.291238 26.99733 -8.19147 8.750023 -5.240007 1.648037 -2.001475 -2.47598 0.0 -0.0 2e-06 -0.82393 -5.275287 -37.768158 0.05678 -0.03006 29.814791 4.715264 -0.055251 -8.235281 -1.397947 1.224878 -2.261663 0.0 -0.0 -1e-06 
0.0 0.0 0.0 0.0 -0.0 0.0 -22.467163 98.202431 -136.389465 0.37382 2.575199 13.69543 -1.967569 -0.007887 11.348496 -1.120892 -0.795175 -0.853367 -3.214913 -1.979377 13.061219 4.524895 1.445353 -5.177217 0.130273 3.126852 -3.683289 -0.372945 3.027329 -30.930523 7.7e-05 -2.2e-05 6e-06 0.013167 -0.086558 0.093323 0.632137 -3.885795 -10.655296 -0.609667 3.723001 -10.626383 -3.331861 -14.056515 14.875606 -61.167957 3.357739 6.357372 -0.454528 -40.937218 0.877939 7.008106 6.625924 -12.696146 -5.882102 9.861279 0.70259 -10.936858 -0.360574 7.156195 0.0 8.774814 0.0 -17.423431 17.870636 5.140063 -1.844031 2.498503 -2.507276 -10.163589 4.678941 4.621103 -20.975994 -0.0 1e-06 -21.226252 2.451699 -3.593994 0.0 -6e-06 -0.0 -1.36268 2.240796 -0.746323 -21.334888 0.58491 3.008318 -13.821193 -1e-06 1e-06 -23.887127 -0.249074 -0.839485 -60.233131 2.258672 -0.800973 -0.294025 1.679686 0.833255 -14.218191 0.093216 1.300578 -34.211994 -0.28756 0.967166 -20.033173 0.964536 1.212838 -0.0 0.0 0.0 -3.440386 0.788233 0.501655 -15.928168 -3.167305 2.999702 -6.338816 -0.0 0.0 -18.123415 3.64818 -4.905661 -4e-06 0.0 -2e-06 2.384562 12.651792 15.696509 64.211754 11.7907 14.830051 -0.154826 37.386299 0.000663 -2.948255 6.482881 -9.993614 2.24354 -5.255033 -3.180155 14.282875 -0.826595 6.952495 0.0 -12.690593 -1e-06 16.799715 -17.993652 2.296659 1.665665 -1.95592 -2.878296 4.727794 -4.170584 4.993918 11.020509 0.0 -0.0 12.109029 -3.735715 -2.866777 -0.0 0.0 -0.0 1.291984 -1.928548 -1.498088 14.800112 0.567466 3.865604 14.242552 -1.341739 -6.660646 19.631929 0.14392 -0.648243 50.176987 -0.412534 -6.411237 0.353029 -1.511149 -0.03194 20.222765 3.684304 2.316628 18.787243 0.0 -0.0 10.751607 -0.47987 1.397902 0.0 0.0 0.0 3.273804 0.305947 -0.58011 21.486788 11.830361 2.266131 8.162914 -0.0 -0.0 18.399046 -3.798986 -4.940566 3e-06 0.0 -1e-06 4.346389 6.770109 -32.110561 -0.0661 -0.250418 23.460047 -8.274221 8.63029 -4.779091 1.668566 -1.98667 -2.427053 0.0 -0.0 2e-06 -1.013954 -5.401642 -32.756042 0.050851 -0.027066 27.41049 4.854605 0.872545 -8.147701 -1.403902 1.200095 -2.166002 0.0 -0.0 -1e-06 
0.0 0.0 0.0 0.0 -0.0 0.0 -23.008751 98.62204 -134.903671 0.711003 2.00453 11.242998 -1.568198 0.06166 9.788263 -1.088998 -0.600451 -1.54109 -3.2939 -1.895722 12.44501 3.484122 1.658524 -3.595357 0.242747 2.890352 -3.615334 -0.635313 2.816607 -29.727705 7.7e-05 -2.2e-05 6e-06 0.011208 -0.077435 0.106547 0.623214 -3.881267 -10.624182 -0.604977 3.735148 -10.595481 -4.760859 -12.680076 15.064438 -61.356575 3.359336 7.974255 -1.105666 -39.395222 0.961284 5.096744 6.484045 -11.566892 -5.882102 9.861279 0.70259 -10.936858 -0.360574 7.156195 0.0 8.774814 0.0 -17.296707 17.907101 5.268917 -1.844031 2.498503 -2.507276 -10.163589 4.678941 4.621103 -20.975994 -0.0 1e-06 -21.226252 2.451699 -3.593994 0.0 -6e-06 -0.0 -1.36268 2.240796 -0.746323 -21.334888 0.58491 3.008318 -13.821193 -1e-06 1e-06 -23.887127 -0.249074 -0.839485 -60.151237 2.245597 -0.906249 -0.294025 1.679686 0.833255 -14.218191 0.093216 1.300578 -34.211994 -0.28756 0.967166 -20.033173 0.964536 1.212838 -0.0 0.0 0.0 -3.440386 0.788233 0.501655 -15.928168 -3.167305 2.999702 -6.338816 -0.0 0.0 -18.123415 3.64818 -4.905661 -4e-06 0.0 -2e-06 2.385597 12.071212 16.034452 64.236588 10.751163 15.020884 -0.163251 38.055672 -0.015664 -2.566257 5.970214 -10.082432 2.24354 -5.255033 -3.180155 14.282875 -0.826595 6.952495 0.0 -12.690593 -1e-06 16.77154 -18.003212 2.327786 1.665665 -1.95592 -2.878296 4.727794 -4.170584 4.993918 11.020509 0.0 -0.0 12.109029 -3.735715 -2.866777 -0.0 0.0 -0.0 1.291984 -1.928548 -1.498088 14.800112 0.567466 3.865604 14.242552 -1.341739 -6.660646 19.631929 0.14392 -0.648243 50.141129 -0.518935 -6.376352 0.353029 -1.511149 -0.03194 20.222765 3.684304 2.316628 18.787243 0.0 -0.0 10.751607 -0.47987 1.397902 0.0 0.0 0.0 3.273804 0.305947 -0.58011 21.486788 11.830361 2.266131 8.162914 -0.0 -0.0 18.399046 -3.798986 -4.940566 3e-06 0.0 -1e-06 4.697206 7.068321 -26.845095 -0.04157 -0.196371 20.67314 -8.316375 8.190249 -4.62505 1.680729 -1.970619 -2.394388 0.0 -0.0 2e-06 -1.218423 -5.545227 -28.29912 0.037594 -0.009451 25.801403 4.885842 1.606566 -8.497092 -1.410877 1.183026 -2.048848 0.0 -0.0 -1e-06 
0.0 0.0 0.0 0.0 -0.0 0.0 -23.468269 98.874069 -133.515961 0.917218 1.7233 9.014202 -1.065748 0.097988 8.25973 -1.019774 -0.403201 -2.207201 -3.235857 -1.877201 11.88892 2.487347 1.893589 -2.169859 0.290047 2.591552 -3.56261 -0.913013 2.584634 -28.054003 7.7e-05 -2.2e-05 6e-06 0.010843 -0.074909 0.114253 0.618114 -3.879534 -10.590249 -0.601074 3.7366 -10.561817 -6.149103 -11.315306 15.194104 -61.109558 2.724882 9.685228 -1.596082 -38.084953 0.986613 3.379861 6.817053 -10.163788 -5.882102 9.861279 0.70259 -10.936858 -0.360574 7.156195 0.0 8.774814 0.0 -17.149775 17.924955 5.367556 -1.844031 2.498503 -2.507276 -10.163589 4.678941 4.621103 -20.975994 -0.0 1e-06 -21.226252 2.451699 -3.593994 0.0 -6e-06 -0.0 -1.36268 2.240796 -0.746323 -21.334888 0.58491 3.008318 -13.821193 -1e-06 1e-06 -23.887127 -0.249074 -0.839485 -60.071712 2.255312 -1.016158 -0.294025 1.679686 0.833255 -14.218191 0.093216 1.300578 -34.211994 -0.28756 0.967166 -20.033173 0.964536 1.212838 -0.0 0.0 0.0 -3.440386 0.788233 0.501655 -15.928168 -3.167305 2.999702 -6.338816 -0.0 0.0 -18.123415 3.64818 -4.905661 -4e-06 0.0 -2e-06 2.575296 11.709809 16.23247 63.593884 9.937572 15.27076 -0.078868 39.144096 0.048047 -2.357298 5.343642 -10.089063 2.24354 -5.255033 -3.180155 14.282875 -0.826595 6.952495 0.0 -12.690593 -1e-06 16.678474 -17.9713 2.395594 1.665665 -1.95592 -2.878296 4.727794 -4.170584 4.993918 11.020509 0.0 -0.0 12.109029 -3.735715 -2.866777 -0.0 0.0 -0.0 1.291984 -1.928548 -1.498088 14.800112 0.567466 3.865604 14.242552 -1.341739 -6.660646 19.631929 0.14392 -0.648243 50.141712 -0.619655 -6.308887 0.353029 -1.511149 -0.03194 20.222765 3.684304 2.316628 18.787243 0.0 -0.0 10.751607 -0.47987 1.397902 0.0 0.0 0.0 3.273804 0.305947 -0.58011 21.486788 11.830361 2.266131 8.162914 -0.0 -0.0 18.399046 -3.798986 -4.940566 3e-06 0.0 -1e-06 5.117554 7.408991 -22.271179 -0.03376 -0.155871 18.477943 -8.320271 7.536499 -4.579024 1.68365 -1.944053 -2.335076 0.0 -0.0 2e-06 -1.358226 -5.703841 -24.327219 0.024386 0.010883 24.606949 4.894704 1.974198 -9.020054 -1.418177 1.164017 -1.909759 0.0 -0.0 -1e-06 
0.0 0.0 0.0 0.0 -0.0 0.0 -23.821489 99.004623 -132.300415 1.010792 1.799956 7.035186 -0.504887 0.135851 6.842423 -0.911484 -0.249584 -2.793663 -3.065922 -1.897235 11.411472 1.617858 2.111897 -1.021989 0.260898 2.233361 -3.509686 -1.174131 2.247144 -26.176785 7.7e-05 -2.2e-05 6e-06 0.010353 -0.0799 0.117551 0.612171 -3.88302 -10.557962 -0.59664 3.729365 -10.530035 -7.560489 -10.045115 15.25641 -60.591553 1.387702 11.198787 -1.73 -37.105038 0.913538 2.048476 7.434307 -8.70224 -5.882102 9.861279 0.70259 -10.936858 -0.360574 7.156195 0.0 8.774814 0.0 -17.038845 17.911966 5.436067 -1.844031 2.498503 -2.507276 -10.163589 4.678941 4.621103 -20.975994 -0.0 1e-06 -21.226252 2.451699 -3.593994 0.0 -6e-06 -0.0 -1.36268 2.240796 -0.746323 -21.334888 0.58491 3.008318 -13.821193 -1e-06 1e-06 -23.887127 -0.249074 -0.839485 -60.048969 2.330525 -1.105995 -0.294025 1.679686 0.833255 -14.218191 0.093216 1.300578 -34.211994 -0.28756 0.967166 -20.033173 0.964536 1.212838 -0.0 0.0 0.0 -3.440386 0.788233 0.501655 -15.928168 -3.167305 2.999702 -6.338816 -0.0 0.0 -18.123415 3.64818 -4.905661 -4e-06 0.0 -2e-06 3.135833 11.527632 16.360739 62.282898 9.311534 15.188164 -0.035865 40.461723 0.09005 -2.455812 4.679366 -10.084726 2.24354 -5.255033 -3.180155 14.282875 -0.826595 6.952495 0.0 -12.690593 -1e-06 16.504982 -17.887915 2.509458 1.665665 -1.95592 -2.878296 4.727794 -4.170584 4.993918 11.020509 0.0 -0.0 12.109029 -3.735715 -2.866777 -0.0 0.0 -0.0 1.291984 -1.928548 -1.498088 14.800112 0.567466 3.865604 14.242552 -1.341739 -6.660646 19.631929 0.14392 -0.648243 50.118336 -0.688871 -6.250661 0.353029 -1.511149 -0.03194 20.222765 3.684304 2.316628 18.787243 0.0 -0.0 10.751607 -0.47987 1.397902 0.0 0.0 0.0 3.273804 0.305947 -0.58011 21.486788 11.830361 2.266131 8.162914 -0.0 -0.0 18.399046 -3.798986 -4.940566 3e-06 0.0 -1e-06 5.585785 7.651047 -18.46804 -0.042238 -0.142256 16.862541 -8.363123 6.679616 -4.637444 1.68034 -1.923012 -2.264648 0.0 -0.0 2e-06 -1.37807 -6.02602 -20.840826 0.021044 0.027223 23.702402 4.920244 2.045435 -9.619765 -1.425095 1.136759 -1.766066 0.0 -0.0 -1e-06 
0.0 0.0 0.0 0.0 -0.0 0.0 -24.066114 99.051331 -131.243576 1.018375 2.144884 5.305834 0.037938 0.190279 5.588804 -0.795485 -0.107618 -3.275798 -2.802433 -1.885246 11.042186 0.979223 2.250382 -0.248214 0.120894 1.82248 -3.468797 -1.380941 1.744517 -24.312437 7.7e-05 -2.2e-05 6e-06 0.009527 -0.080182 0.11234 0.607977 -3.87795 -10.5177 -0.594481 3.724641 -10.49434 -9.015864 -8.897098 15.280201 -59.970169 -0.53137 12.105474 -1.489002 -36.576519 0.748692 1.496097 8.166602 -7.456583 -5.882102 9.861279 0.70259 -10.936858 -0.360574 7.156195 0.0 8.774814 0.0 -16.976074 17.918581 5.496473 -1.844031 2.498503 -2.507276 -10.163589 4.678941 4.621103 -20.975994 -0.0 1e-06 -21.226252 2.451699 -3.593994 0.0 -6e-06 -0.0 -1.36268 2.240796 -0.746323 -21.334888 0.58491 3.008318 -13.821193 -1e-06 1e-06 -23.887127 -0.249074 -0.839485 -60.127159 2.452507 -1.124855 -0.294025 1.679686 0.833255 -14.218191 0.093216 1.300578 -34.211994 -0.28756 0.967166 -20.033173 0.964536 1.212838 -0.0 0.0 0.0 -3.440386 0.788233 0.501655 -15.928168 -3.167305 2.999702 -6.338816 -0.0 0.0 -18.123415 3.64818 -4.905661 -4e-06 0.0 -2e-06 4.140352 11.461191 16.461319 60.280716 8.764981 14.623529 -0.094198 41.706913 0.044076 -3.002873 4.039725 -10.211894 2.24354 -5.255033 -3.180155 14.282875 -0.826595 6.952495 0.0 -12.690593 -1e-06 16.299143 -17.812359 2.674977 1.665665 -1.95592 -2.878296 4.727794 -4.170584 4.993918 11.020509 0.0 -0.0 12.109029 -3.735715 -2.866777 -0.0 0.0 -0.0 1.291984 -1.928548 -1.498088 14.800112 0.567466 3.865604 14.242552 -1.341739 -6.660646 19.631929 0.14392 -0.648243 50.11132 -0.72083 -6.188967 0.353029 -1.511149 -0.03194 20.222765 3.684304 2.316628 18.787243 0.0 -0.0 10.751607 -0.47987 1.397902 0.0 0.0 0.0 3.273804 0.305947 -0.58011 21.486788 11.830361 2.266131 8.162914 -0.0 -0.0 18.399046 -3.798986 -4.940566 3e-06 0.0 -1e-06 6.058706 7.759066 -15.391559 -0.043564 -0.148121 15.800777 -8.40627 5.647923 -4.808085 1.671745 -1.920807 -2.237611 0.0 -0.0 2e-06 -1.480902 -6.616254 -17.829157 0.038404 0.052409 23.003046 5.160419 2.102006 -10.165292 -1.425101 1.101395 -1.652525 0.0 -0.0 -1e-06 
0.0 0.0 0.0 0.0 -0.0 0.0 -24.186869 99.103569 -130.316788 0.982404 2.673184 3.826319 0.493922 0.22887 4.467677 -0.683303 0.120684 -3.675629 -2.489038 -1.829442 10.794776 0.585612 2.391707 0.211233 -0.104345 1.279826 -3.462021 -1.480107 1.092909 -22.610783 7.7e-05 -2.2e-05 6e-06 0.010158 -0.069266 0.101742 0.610282 -3.861456 -10.476497 -0.595509 3.731233 -10.462295 -10.411569 -7.883189 15.206697 -59.350281 -2.679026 12.451024 -0.9985 -36.795334 0.4742 1.843559 8.732999 -6.619063 -5.882102 9.861279 0.70259 -10.936858 -0.360574 7.156195 0.0 8.774814 0.0 -16.890886 18.031067 5.594234 -1.844031 2.498503 -2.507276 -10.163589 4.678941 4.621103 -20.975994 -0.0 1e-06 -21.226252 2.451699 -3.593994 0.0 -6e-06 -0.0 -1.36268 2.240796 -0.746323 -21.334888 0.58491 3.008318 -13.821193 -1e-06 1e-06 -23.887127 -0.249074 -0.839485 -60.309322 2.559032 -1.119249 -0.294025 1.679686 0.833255 -14.218191 0.093216 1.300578 -34.211994 -0.28756 0.967166 -20.033173 0.964536 1.212838 -0.0 0.0 0.0 -3.440386 0.788233 0.501655 -15.928168 -3.167305 2.999702 -6.338816 -0.0 0.0 -18.123415 3.64818 -4.905661 -4e-06 0.0 -2e-06 5.451765 11.450054 16.621799 57.701904 8.137989 13.7068 -0.241208 42.863186 -0.090019 -3.972228 3.494421 -10.561351 2.24354 -5.255033 -3.180155 14.282875 -0.826595 6.952495 0.0 -12.690593 -1e-06 16.093998 -17.771868 2.850831 1.665665 -1.95592 -2.878296 4.727794 -4.170584 4.993918 11.020509 0.0 -0.0 12.109029 -3.735715 -2.866777 -0.0 0.0 -0.0 1.291984 -1.928548 -1.498088 14.800112 0.567466 3.865604 14.242552 -1.341739 -6.660646 19.631929 0.14392 -0.648243 50.078266 -0.698575 -6.124171 0.353029 -1.511149 -0.03194 20.222765 3.684304 2.316628 18.787243 0.0 -0.0 10.751607 -0.47987 1.397902 0.0 0.0 0.0 3.273804 0.305947 -0.58011 21.486788 11.830361 2.266131 8.162914 -0.0 -0.0 18.399046 -3.798986 -4.940566 3e-06 0.0 -1e-06 6.474611 7.716043 -12.897046 -0.052824 -0.171768 15.083334 -8.087284 4.520553 -4.823847 1.668328 -1.916618 -2.365087 0.0 -0.0 2e-06 -1.66351 -7.421809 -15.034135 0.064123 0.091455 22.101368 5.559885 2.235003 -10.507399 -1.414138 1.085712 -1.564648 0.0 -0.0 -1e-06 
0.0 0.0 0.0 0.0 -0.0 0.0 -24.163862 99.205772 -129.441177 1.050244 3.237199 2.591708 0.775191 0.226973 3.461898 -0.610155 0.410921 -3.988803 -2.258143 -1.734759 10.590383 0.489777 2.473368 0.478894 -0.404697 0.698846 -3.490383 -1.440421 0.476409 -21.212404 7.7e-05 -2.2e-05 6e-06 0.009588 -0.076467 0.082987 0.605636 -3.861897 -10.441107 -0.592188 3.716827 -10.429969 -11.335485 -7.015285 14.701123 -58.963596 -4.393809 12.635568 -0.681424 -37.947693 0.418641 2.814724 8.811576 -6.182515 -5.882102 9.861279 0.70259 -10.936858 -0.360574 7.156195 0.0 8.774814 0.0 -16.720886 18.243107 5.744103 -1.844031 2.498503 -2.507276 -10.163589 4.678941 4.621103 -20.975994 -0.0 1e-06 -21.226252 2.451699 -3.593994 0.0 -6e-06 -0.0 -1.36268 2.240796 -0.746323 -21.334888 0.58491 3.008318 -13.821193 -1e-06 1e-06 -23.887127 -0.249074 -0.839485 -60.590656 2.747731 -1.232782 -0.294025 1.679686 0.833255 -14.218191 0.093216 1.300578 -34.211994 -0.28756 0.967166 -20.033173 0.964536 1.212838 -0.0 0.0 0.0 -3.440386 0.788233 0.501655 -15.928168 -3.167305 2.999702 -6.338816 -0.0 0.0 -18.123415 3.64818 -4.905661 -4e-06 0.0 -2e-06 6.526271 11.417762 16.678007 55.193687 7.205066 12.843418 -0.277852 44.131145 -0.143051 -5.150088 3.109065 -11.215459 2.24354 -5.255033 -3.180155 14.282875 -0.826595 6.952495 0.0 -12.690593 -1e-06 15.863388 -17.765282 3.000387 1.665665 -1.95592 -2.878296 4.727794 -4.170584 4.993918 11.020509 0.0 -0.0 12.109029 -3.735715 -2.866777 -0.0 0.0 -0.0 1.291984 -1.928548 -1.498088 14.800112 0.567466 3.865604 14.242552 -1.341739 -6.660646 19.631929 0.14392 -0.648243 49.803177 -0.76132 -6.115151 0.353029 -1.511149 -0.03194 20.222765 3.684304 2.316628 18.787243 0.0 -0.0 10.751607 -0.47987 1.397902 0.0 0.0 0.0 3.273804 0.305947 -0.58011 21.486788 11.830361 2.266131 8.162914 -0.0 -0.0 18.399046 -3.798986 -4.940566 3e-06 0.0 -1e-06 6.654734 7.335452 -11.276585 -0.016104 -0.139753 15.51213 -7.318298 3.679946 -4.536543 1.7024 -1.85187 -2.560032 0.0 -0.0 2e-06 -1.876311 -8.226624 -12.360609 0.024651 0.149581 20.890673 6.041058 2.466234 -10.654727 -1.392295 1.162737 -1.348546 0.0 -0.0 -1e-06 
0.0 0.0 0.0 0.0 -0.0 0.0 -23.98008 99.269165 -128.587341 1.20494 3.697891 1.475111 0.907301 0.236499 2.766461 -0.556589 0.583595 -4.256107 -2.088561 -1.550834 10.50367 0.593637 2.479386 0.678023 -0.578399 0.243206 -3.491836 -1.477245 0.040907 -20.2195 7.7e-05 -2.2e-05 6e-06 0.006568 -0.064686 0.09112 0.59629 -3.845753 -10.413035 -0.588473 3.723448 -10.404149 -11.842552 -6.614516 14.396089 -58.572411 -5.881649 13.071089 -0.463991 -39.834953 0.293051 4.131179 8.368619 -6.363894 -5.882102 9.861279 0.70259 -10.936858 -0.360574 7.156195 0.0 8.774814 0.0 -16.419596 18.324398 5.8697 -1.844031 2.498503 -2.507276 -10.163589 4.678941 4.621103 -20.975994 -0.0 1e-06 -21.226252 2.451699 -3.593994 0.0 -6e-06 -0.0 -1.36268 2.240796 -0.746323 -21.334888 0.58491 3.008318 -13.821193 -1e-06 1e-06 -23.887127 -0.249074 -0.839485 -60.581409 2.812781 -1.385269 -0.294025 1.679686 0.833255 -14.218191 0.093216 1.300578 -34.211994 -0.28756 0.967166 -20.033173 0.964536 1.212838 -0.0 0.0 0.0 -3.440386 0.788233 0.501655 -15.928168 -3.167305 2.999702 -6.338816 -0.0 0.0 -18.123415 3.64818 -4.905661 -4e-06 0.0 -2e-06 7.119267 11.35049 16.772755 52.893677 6.493119 12.631607 -0.496165 45.482128 -0.317681 -6.281351 3.10782 -11.77704 2.24354 -5.255033 -3.180155 14.282875 -0.826595 6.952495 0.0 -12.690593 -1e-06 15.706796 -17.729187 3.054805 1.665665 -1.95592 -2.878296 4.727794 -4.170584 4.993918 11.020509 0.0 -0.0 12.109029 -3.735715 -2.866777 -0.0 0.0 -0.0 1.291984 -1.928548 -1.498088 14.800112 0.567466 3.865604 14.242552 -1.341739 -6.660646 19.631929 0.14392 -0.648243 49.605125 -0.7559 -6.186267 0.353029 -1.511149 -0.03194 20.222765 3.684304 2.316628 18.787243 0.0 -0.0 10.751607 -0.47987 1.397902 0.0 0.0 0.0 3.273804 0.305947 -0.58011 21.486788 11.830361 2.266131 8.162914 -0.0 -0.0 18.399046 -3.798986 -4.940566 3e-06 0.0 -1e-06 6.610173 6.626849 -9.794738 -0.026505 -0.188737 16.002068 -6.608902 2.967174 -4.505963 1.714594 -1.85816 -2.810831 0.0 -0.0 2e-06 -2.399486 -8.654746 -9.947462 0.004159 0.172344 19.880211 6.764025 2.412541 -10.847623 -1.374366 1.185995 -1.284539 0.0 -0.0 -1e-06 
0.0 0.0 0.0 0.0 -0.0 0.0 -23.620464 99.300072 -127.728363 1.338762 4.016402 0.456561 0.925383 0.2101 2.186039 -0.490285 0.64804 -4.456041 -1.971081 -1.48509 10.516437 0.898479 2.381036 0.86344 -0.674421 0.013992 -3.471974 -1.553467 -0.213758 -19.389202 7.7e-05 -2.2e-05 6e-06 -0.004139 -0.081152 0.098739 0.590336 -3.865135 -10.427829 -0.603559 3.707917 -10.41768 -12.093024 -6.508334 14.156584 -57.926247 -7.191369 14.134504 -0.314601 -41.815357 0.159747 5.269405 7.79639 -6.570715 -5.882102 9.861279 0.70259 -10.936858 -0.360574 7.156195 0.0 8.774814 0.0 -16.162828 18.361786 5.966985 -1.844031 2.498503 -2.507276 -10.163589 4.678941 4.621103 -20.975994 -0.0 1e-06 -21.226252 2.451699 -3.593994 0.0 -6e-06 -0.0 -1.36268 2.240796 -0.746323 -21.334888 0.58491 3.008318 -13.821193 -1e-06 1e-06 -23.887127 -0.249074 -0.839485 -60.470165 2.899393 -1.53458 -0.294025 1.679686 0.833255 -14.218191 0.093216 1.300578 -34.211994 -0.28756 0.967166 -20.033173 0.964536 1.212838 -0.0 0.0 0.0 -3.440386 0.788233 0.501655 -15.928168 -3.167305 2.999702 -6.338816 -0.0 0.0 -18.123415 3.64818 -4.905661 -4e-06 0.0 -2e-06 7.608543 11.261724 16.808163 50.626415 6.061735 12.76371 -0.658432 46.928623 -0.453759 -7.434636 3.268476 -11.897461 2.24354 -5.255033 -3.180155 14.282875 -0.826595 6.952495 0.0 -12.690593 -1e-06 15.692406 -17.778408 3.057085 1.665665 -1.95592 -2.878296 4.727794 -4.170584 4.993918 11.020509 0.0 -0.0 12.109029 -3.735715 -2.866777 -0.0 0.0 -0.0 1.291984 -1.928548 -1.498088 14.800112 0.567466 3.865604 14.242552 -1.341739 -6.660646 19.631929 0.14392 -0.648243 49.485847 -0.76581 -6.277527 0.353029 -1.511149 -0.03194 20.222765 3.684304 2.316628 18.787243 0.0 -0.0 10.751607 -0.47987 1.397902 0.0 0.0 0.0 3.273804 0.305947 -0.58011 21.486788 11.830361 2.266131 8.162914 -0.0 -0.0 18.399046 -3.798986 -4.940566 3e-06 0.0 -1e-06 6.423471 5.640958 -8.11675 -0.044765 -0.194668 15.961054 -6.562582 2.185176 -4.850657 1.72685 -1.875626 -2.832669 0.0 -0.0 2e-06 -3.02025 -8.760525 -7.67724 -0.004641 0.143861 18.922962 7.51017 2.278732 -11.050154 -1.364079 1.195993 -1.250117 0.0 -0.0 -1e-06 
0.0 0.0 0.0 0.0 -0.0 0.0 -23.115822 99.229263 -126.917709 1.323794 4.220476 -0.517032 0.899411 0.130733 1.704594 -0.433053 0.598426 -4.615981 -1.717051 -1.525079 10.666564 1.253938 2.283624 1.058184 -0.601529 -0.104618 -3.437081 -1.743191 -0.252987 -18.630688 7.7e-05 -2.2e-05 6e-06 -0.013778 -0.094293 0.116609 0.581831 -3.886691 -10.462808 -0.613158 3.701806 -10.450703 -12.287526 -6.727399 14.291606 -56.843063 -8.67734 15.703015 -0.306855 -43.627693 -0.020355 6.307942 7.279939 -6.640457 -5.882102 9.861279 0.70259 -10.936858 -0.360574 7.156195 0.0 8.774814 0.0 -16.062822 18.404413 6.069859 -1.844031 2.498503 -2.507276 -10.163589 4.678941 4.621103 -20.975994 -0.0 1e-06 -21.226252 2.451699 -3.593994 0.0 -6e-06 -0.0 -1.36268 2.240796 -0.746323 -21.334888 0.58491 3.008318 -13.821193 -1e-06 1e-06 -23.887127 -0.249074 -0.839485 -60.41114 2.834385 -1.499213 -0.294025 1.679686 0.833255 -14.218191 0.093216 1.300578 -34.211994 -0.28756 0.967166 -20.033173 0.964536 1.212838 -0.0 0.0 0.0 -3.440386 0.788233 0.501655 -15.928168 -3.167305 2.999702 -6.338816 -0.0 0.0 -18.123415 3.64818 -4.905661 -4e-06 0.0 -2e-06 8.178376 11.121657 16.902925 48.349834 6.150618 13.045757 -1.17097 48.266212 -0.788369 -8.430708 3.558474 -11.947484 2.24354 -5.255033 -3.180155 14.282875 -0.826595 6.952495 0.0 -12.690593 -1e-06 15.720563 -17.902023 3.098444 1.665665 -1.95592 -2.878296 4.727794 -4.170584 4.993918 11.020509 0.0 -0.0 12.109029 -3.735715 -2.866777 -0.0 0.0 -0.0 1.291984 -1.928548 -1.498088 14.800112 0.567466 3.865604 14.242552 -1.341739 -6.660646 19.631929 0.14392 -0.648243 49.603775 -0.748267 -6.354633 0.353029 -1.511149 -0.03194 20.222765 3.684304 2.316628 18.787243 0.0 -0.0 10.751607 -0.47987 1.397902 0.0 0.0 0.0 3.273804 0.305947 -0.58011 21.486788 11.830361 2.266131 8.162914 -0.0 -0.0 18.399046 -3.798986 -4.940566 3e-06 0.0 -1e-06 6.266451 4.845743 -6.207906 -0.103527 -0.228164 15.326767 -6.863138 1.218014 -5.806487 1.708774 -1.932249 -2.69785 0.0 -0.0 2e-06 -3.57862 -8.643691 -5.711531 0.038749 0.092429 18.379681 8.080962 2.05549 -11.436 -1.367084 1.116881 -1.343684 0.0 -0.0 -1e-06 
0.0 0.0 0.0 0.0 -0.0 0.0 -22.566477 99.162361 -126.237633 1.204663 4.331079 -1.259115 0.823072 0.091123 1.253654 -0.390947 0.46989 -4.763038 -1.404316 -1.71111 10.815647 1.735802 2.142738 1.200314 -0.579517 -0.074451 -3.436351 -1.844657 -0.214451 -17.895176 7.7e-05 -2.2e-05 6e-06 -0.021344 -0.119357 0.126929 0.571399 -3.912226 -10.465854 -0.617477 3.676113 -10.449945 -12.419343 -7.046933 14.219996 -55.578171 -10.126233 17.924067 -0.16292 -44.867931 -0.079428 6.879713 6.891411 -6.933677 -5.882102 9.861279 0.70259 -10.936858 -0.360574 7.156195 0.0 8.774814 0.0 -15.932866 18.501991 6.148671 -1.844031 2.498503 -2.507276 -10.163589 4.678941 4.621103 -20.975994 -0.0 1e-06 -21.226252 2.451699 -3.593994 0.0 -6e-06 -0.0 -1.36268 2.240796 -0.746323 -21.334888 0.58491 3.008318 -13.821193 -1e-06 1e-06 -23.887127 -0.249074 -0.839485 -60.267971 2.85348 -1.537058 -0.294025 1.679686 0.833255 -14.218191 0.093216 1.300578 -34.211994 -0.28756 0.967166 -20.033173 0.964536 1.212838 -0.0 0.0 0.0 -3.440386 0.788233 0.501655 -15.928168 -3.167305 2.999702 -6.338816 -0.0 0.0 -18.123415 3.64818 -4.905661 -4e-06 0.0 -2e-06 9.069087 10.828415 16.705036 46.35104 6.393299 12.821819 -1.455635 49.217869 -0.948832 -9.410546 3.8258 -12.14712 2.24354 -5.255033 -3.180155 14.282875 -0.826595 6.952495 0.0 -12.690593 -1e-06 15.69592 -17.996271 3.126977 1.665665 -1.95592 -2.878296 4.727794 -4.170584 4.993918 11.020509 0.0 -0.0 12.109029 -3.735715 -2.866777 -0.0 0.0 -0.0 1.291984 -1.928548 -1.498088 14.800112 0.567466 3.865604 14.242552 -1.341739 -6.660646 19.631929 0.14392 -0.648243 49.666653 -0.79952 -6.351915 0.353029 -1.511149 -0.03194 20.222765 3.684304 2.316628 18.787243 0.0 -0.0 10.751607 -0.47987 1.397902 0.0 0.0 0.0 3.273804 0.305947 -0.58011 21.486788 11.830361 2.266131 8.162914 -0.0 -0.0 18.399046 -3.798986 -4.940566 3e-06 0.0 -1e-06 6.133505 4.458078 -4.464615 -0.098267 -0.220991 14.357145 -6.879673 0.750572 -6.693442 1.704937 -1.926635 -2.29084 0.0 -0.0 2e-06 -3.939735 -8.362345 -4.088164 0.012281 0.080066 17.760183 8.347121 1.755603 -11.690704 -1.372322 1.109603 -1.323748 0.0 -0.0 -1e-06 
0.0 0.0 0.0 0.0 -0.0 0.0 -21.994211 99.090942 -125.647247 1.087967 4.401163 -1.837735 0.665234 0.070087 0.87536 -0.37611 0.301313 -4.885575 -1.057834 -1.958736 10.991647 2.264367 2.002351 1.239273 -0.581621 -0.013662 -3.437011 -1.907534 -0.177096 -17.2379 7.7e-05 -2.2e-05 6e-06 -0.023973 -0.137961 0.136242 0.567248 -3.924896 -10.46121 -0.618231 3.652346 -10.447219 -12.482304 -7.502377 14.264726 -54.272327 -11.722306 20.127796 -0.028187 -45.661282 -0.107063 7.251074 6.599744 -7.275906 -5.882102 9.861279 0.70259 -10.936858 -0.360574 7.156195 0.0 8.774814 0.0 -15.791649 18.626709 6.246565 -1.844031 2.498503 -2.507276 -10.163589 4.678941 4.621103 -20.975994 -0.0 1e-06 -21.226252 2.451699 -3.593994 0.0 -6e-06 -0.0 -1.36268 2.240796 -0.746323 -21.334888 0.58491 3.008318 -13.821193 -1e-06 1e-06 -23.887127 -0.249074 -0.839485 -60.168953 2.879585 -1.540289 -0.294025 1.679686 0.833255 -14.218191 0.093216 1.300578 -34.211994 -0.28756 0.967166 -20.033173 0.964536 1.212838 -0.0 0.0 0.0 -3.440386 0.788233 0.501655 -15.928168 -3.167305 2.999702 -6.338816 -0.0 0.0 -18.123415 3.64818 -4.905661 -4e-06 0.0 -2e-06 10.027942 10.49698 16.426538 44.860943 6.917264 12.284515 -1.693758 49.518951 -1.060797 -10.260221 3.94837 -12.347777 2.24354 -5.255033 -3.180155 14.282875 -0.826595 6.952495 0.0 -12.690593 -1e-06 15.633123 -18.056831 3.164432 1.665665 -1.95592 -2.878296 4.727794 -4.170584 4.993918 11.020509 0.0 -0.0 12.109029 -3.735715 -2.866777 -0.0 0.0 -0.0 1.291984 -1.928548 -1.498088 14.800112 0.567466 3.865604 14.242552 -1.341739 -6.660646 19.631929 0.14392 -0.648243 49.714806 -0.826883 -6.297708 0.353029 -1.511149 -0.03194 20.222765 3.684304 2.316628 18.787243 0.0 -0.0 10.751607 -0.47987 1.397902 0.0 0.0 0.0 3.273804 0.305947 -0.58011 21.486788 11.830361 2.266131 8.162914 -0.0 -0.0 18.399046 -3.798986 -4.940566 3e-06 0.0 -1e-06 5.969561 4.346817 -2.888665 -0.088316 -0.235901 13.261518 -6.763944 0.466208 -7.49714 1.699022 -1.916161 -1.877363 0.0 -0.0 2e-06 -4.268511 -8.058082 -2.755804 -0.010793 0.109456 17.221838 8.378323 1.452558 -11.917132 -1.37813 1.104395 -1.308623 0.0 -0.0 -1e-06 
0.0 0.0 0.0 0.0 -0.0 0.0 -21.383934 99.039017 -125.133804 1.077833 4.411715 -2.246566 0.406274 0.042521 0.591927 -0.387246 0.124597 -4.983071 -0.77849 -2.199253 11.182097 2.836107 1.830623 1.131667 -0.600312 0.098743 -3.429744 -1.962151 -0.098864 -16.677612 7.7e-05 -2.2e-05 6e-06 -0.023071 -0.1432 0.140426 0.570048 -3.922692 -10.456357 -0.619048 3.640997 -10.448864 -12.400999 -7.988913 14.340527 -53.162556 -13.289693 22.071619 0.142523 -46.036705 -0.171178 7.508418 6.346658 -7.681059 -5.882102 9.861279 0.70259 -10.936858 -0.360574 7.156195 0.0 8.774814 0.0 -15.641347 18.710886 6.351016 -1.844031 2.498503 -2.507276 -10.163589 4.678941 4.621103 -20.975994 -0.0 1e-06 -21.226252 2.451699 -3.593994 0.0 -6e-06 -0.0 -1.36268 2.240796 -0.746323 -21.334888 0.58491 3.008318 -13.821193 -1e-06 1e-06 -23.887127 -0.249074 -0.839485 -60.109436 2.91736 -1.512063 -0.294025 1.679686 0.833255 -14.218191 0.093216 1.300578 -34.211994 -0.28756 0.967166 -20.033173 0.964536 1.212838 -0.0 0.0 0.0 -3.440386 0.788233 0.501655 -15.928168 -3.167305 2.999702 -6.338816 -0.0 0.0 -18.123415 3.64818 -4.905661 -4e-06 0.0 -2e-06 10.90837 10.224523 16.13377 43.976307 7.593092 11.574632 -1.687769 49.233311 -0.953429 -11.012245 3.938473 -12.463253 2.24354 -5.255033 -3.180155 14.282875 -0.826595 6.952495 0.0 -12.690593 -1e-06 15.554444 -18.070301 3.205044 1.665665 -1.95592 -2.878296 4.727794 -4.170584 4.993918 11.020509 0.0 -0.0 12.109029 -3.735715 -2.866777 -0.0 0.0 -0.0 1.291984 -1.928548 -1.498088 14.800112 0.567466 3.865604 14.242552 -1.341739 -6.660646 19.631929 0.14392 -0.648243 49.699699 -0.832473 -6.231415 0.353029 -1.511149 -0.03194 20.222765 3.684304 2.316628 18.787243 0.0 -0.0 10.751607 -0.47987 1.397902 0.0 0.0 0.0 3.273804 0.305947 -0.58011 21.486788 11.830361 2.266131 8.162914 -0.0 -0.0 18.399046 -3.798986 -4.940566 3e-06 0.0 -1e-06 5.645808 4.317748 -1.792047 -0.072069 -0.25994 12.708737 -6.536878 0.295284 -8.119732 1.696233 -1.92146 -1.577864 0.0 -0.0 2e-06 -4.709468 -7.750328 -1.687473 -0.021678 0.146038 16.730101 8.394521 1.174396 -12.084202 -1.380818 1.09285 -1.319022 0.0 -0.0 -1e-06 
0.0 0.0 0.0 0.0 -0.0 0.0 -20.719206 99.006844 -124.706963 1.125777 4.316965 -2.511772 0.109029 0.009001 0.423503 -0.417329 -0.038105 -5.049301 -0.55672 -2.406247 11.343166 3.337734 1.671949 0.892729 -0.589083 0.255685 -3.42447 -2.026395 0.046104 -16.196789 7.7e-05 -2.2e-05 6e-06 -0.018056 -0.133916 0.135877 0.579999 -3.908715 -10.456639 -0.618918 3.646741 -10.456672 -12.165195 -8.457829 14.431207 -52.407982 -14.658749 23.524803 0.316294 -46.026756 -0.277189 7.726679 6.113663 -8.083476 -5.882102 9.861279 0.70259 -10.936858 -0.360574 7.156195 0.0 8.774814 0.0 -15.540678 18.758945 6.427448 -1.844031 2.498503 -2.507276 -10.163589 4.678941 4.621103 -20.975994 -0.0 1e-06 -21.226252 2.451699 -3.593994 0.0 -6e-06 -0.0 -1.36268 2.240796 -0.746323 -21.334888 0.58491 3.008318 -13.821193 -1e-06 1e-06 -23.887127 -0.249074 -0.839485 -60.086105 2.934791 -1.461132 -0.294025 1.679686 0.833255 -14.218191 0.093216 1.300578 -34.211994 -0.28756 0.967166 -20.033173 0.964536 1.212838 -0.0 0.0 0.0 -3.440386 0.788233 0.501655 -15.928168 -3.167305 2.999702 -6.338816 -0.0 0.0 -18.123415 3.64818 -4.905661 -4e-06 0.0 -2e-06 11.590798 10.063286 15.914965 43.678181 8.337697 10.927011 -1.510628 48.554722 -0.70973 -11.634994 3.842895 -12.601289 2.24354 -5.255033 -3.180155 14.282875 -0.826595 6.952495 0.0 -12.690593 -1e-06 15.449029 -18.024836 3.248352 1.665665 -1.95592 -2.878296 4.727794 -4.170584 4.993918 11.020509 0.0 -0.0 12.109029 -3.735715 -2.866777 -0.0 0.0 -0.0 1.291984 -1.928548 -1.498088 14.800112 0.567466 3.865604 14.242552 -1.341739 -6.660646 19.631929 0.14392 -0.648243 49.638214 -0.819098 -6.177092 0.353029 -1.511149 -0.03194 20.222765 3.684304 2.316628 18.787243 0.0 -0.0 10.751607 -0.47987 1.397902 0.0 0.0 0.0 3.273804 0.305947 -0.58011 21.486788 11.830361 2.266131 8.162914 -0.0 -0.0 18.399046 -3.798986 -4.940566 3e-06 0.0 -1e-06 5.211232 4.395113 -1.271999 -0.054565 -0.290404 12.956179 -6.250543 0.11691 -8.647111 1.695218 -1.926318 -1.369711 0.0 -0.0 2e-06 -5.217841 -7.367819 -0.852006 -0.029041 0.168806 16.237431 8.435448 0.948862 -12.154206 -1.38346 1.088572 -1.359385 0.0 -0.0 -1e-06 
0.0 0.0 0.0 0.0 -0.0 0.0 -19.999928 98.987335 -124.38372 1.193428 4.103641 -2.655123 -0.214197 -0.01365 0.340574 -0.452455 -0.191304 -5.07196 -0.340255 -2.556093 11.455454 3.687577 1.546693 0.474929 -0.546935 0.452908 -3.430914 -2.090074 0.208274 -15.715311 7.7e-05 -2.2e-05 6e-06 -0.013063 -0.119543 0.130935 0.589451 -3.891813 -10.459033 -0.618489 3.659217 -10.465427 -11.864268 -8.945914 14.536776 -51.921421 -15.765253 24.558279 0.393815 -45.668766 -0.372291 7.936254 5.903638 -8.467714 -5.882102 9.861279 0.70259 -10.936858 -0.360574 7.156195 0.0 8.774814 0.0 -15.502329 18.781097 6.455351 -1.844031 2.498503 -2.507276 -10.163589 4.678941 4.621103 -20.975994 -0.0 1e-06 -21.226252 2.451699 -3.593994 0.0 -6e-06 -0.0 -1.36268 2.240796 -0.746323 -21.334888 0.58491 3.008318 -13.821193 -1e-06 1e-06 -23.887127 -0.249074 -0.839485 -60.071705 2.922873 -1.420235 -0.294025 1.679686 0.833255 -14.218191 0.093216 1.300578 -34.211994 -0.28756 0.967166 -20.033173 0.964536 1.212838 -0.0 0.0 0.0 -3.440386 0.788233 0.501655 -15.928168 -3.167305 2.999702 -6.338816 -0.0 0.0 -18.123415 3.64818 -4.905661 -4e-06 0.0 -2e-06 12.050865 9.992671 15.74659 43.891525 9.103373 10.546723 -1.281406 47.527763 -0.48044 -12.044036 3.754619 -12.783401 2.24354 -5.255033 -3.180155 14.282875 -0.826595 6.952495 0.0 -12.690593 -1e-06 15.34837 -17.955273 3.289761 1.665665 -1.95592 -2.878296 4.727794 -4.170584 4.993918 11.020509 0.0 -0.0 12.109029 -3.735715 -2.866777 -0.0 0.0 -0.0 1.291984 -1.928548 -1.498088 14.800112 0.567466 3.865604 14.242552 -1.341739 -6.660646 19.631929 0.14392 -0.648243 49.547451 -0.804597 -6.151526 0.353029 -1.511149 -0.03194 20.222765 3.684304 2.316628 18.787243 0.0 -0.0 10.751607 -0.47987 1.397902 0.0 0.0 0.0 3.273804 0.305947 -0.58011 21.486788 11.830361 2.266131 8.162914 -0.0 -0.0 18.399046 -3.798986 -4.940566 3e-06 0.0 -1e-06 4.71215 4.609142 -0.913272 -0.042818 -0.313962 13.172688 -5.920681 -0.007186 -9.096714 1.691805 -1.922599 -1.196468 0.0 -0.0 2e-06 -5.751753 -6.910659 -0.257252 -0.039427 0.188049 15.767264 8.429383 0.777501 -12.130777 -1.388305 1.096712 -1.401319 0.0 -0.0 -1e-06 
0.0 0.0 0.0 0.0 -0.0 0.0 -19.283733 99.012146 -124.1856 1.299716 3.767233 -2.664181 -0.579333 -0.01676 0.306748 -0.48085 -0.325811 -5.057882 -0.11882 -2.658961 11.496935 3.873778 1.475362 -0.084646 -0.490156 0.658388 -3.442697 -2.132838 0.403966 -15.271178 7.7e-05 -2.2e-05 6e-06 -0.009724 -0.103797 0.130968 0.594969 -3.874943 -10.455741 -0.61778 3.673785 -10.467203 -11.584181 -9.40092 14.600842 -51.579212 -16.636211 25.412151 0.345755 -44.96674 -0.404372 8.126361 5.755556 -8.961045 -5.882102 9.861279 0.70259 -10.936858 -0.360574 7.156195 0.0 8.774814 0.0 -15.495231 18.766178 6.442921 -1.844031 2.498503 -2.507276 -10.163589 4.678941 4.621103 -20.975994 -0.0 1e-06 -21.226252 2.451699 -3.593994 0.0 -6e-06 -0.0 -1.36268 2.240796 -0.746323 -21.334888 0.58491 3.008318 -13.821193 -1e-06 1e-06 -23.887127 -0.249074 -0.839485 -60.083332 2.891564 -1.382591 -0.294025 1.679686 0.833255 -14.218191 0.093216 1.300578 -34.211994 -0.28756 0.967166 -20.033173 0.964536 1.212838 -0.0 0.0 0.0 -3.440386 0.788233 0.501655 -15.928168 -3.167305 2.999702 -6.338816 -0.0 0.0 -18.123415 3.64818 -4.905661 -4e-06 0.0 -2e-06 12.334426 10.014659 15.5804 44.463291 9.787274 10.512829 -1.040551 46.322311 -0.294313 -12.184565 3.642074 -12.929675 2.24354 -5.255033 -3.180155 14.282875 -0.826595 6.952495 0.0 -12.690593 -1e-06 15.271163 -17.872929 3.315044 1.665665 -1.95592 -2.878296 4.727794 -4.170584 4.993918 11.020509 0.0 -0.0 12.109029 -3.735715 -2.866777 -0.0 0.0 -0.0 1.291984 -1.928548 -1.498088 14.800112 0.567466 3.865604 14.242552 -1.341739 -6.660646 19.631929 0.14392 -0.648243 49.416668 -0.791947 -6.14189 0.353029 -1.511149 -0.03194 20.222765 3.684304 2.316628 18.787243 0.0 -0.0 10.751607 -0.47987 1.397902 0.0 0.0 0.0 3.273804 0.305947 -0.58011 21.486788 11.830361 2.266131 8.162914 -0.0 -0.0 18.399046 -3.798986 -4.940566 3e-06 0.0 -1e-06 4.167999 4.964083 -0.574427 -0.03618 -0.317061 13.011158 -5.568971 -0.036702 -9.280353 1.686449 -1.91934 -1.059331 0.0 -0.0 2e-06 -6.305994 -6.433222 0.153399 -0.042485 0.208643 15.136352 8.380489 0.660125 -11.870742 -1.393751 1.113964 -1.47067 0.0 -0.0 -1e-06 
0.0 0.0 0.0 0.0 -0.0 0.0 -18.883047 99.133453 -123.934021 1.150863 3.483599 -2.616077 -0.884079 -0.086974 0.256506 -0.510135 -0.456253 -5.057746 0.130719 -2.758597 11.427506 4.143259 1.428574 -0.590311 -0.412949 0.94529 -3.450464 -2.197169 0.778523 -14.781807 7.7e-05 -2.2e-05 6e-06 -0.010634 -0.101007 0.125944 0.596707 -3.873659 -10.464343 -0.620871 3.678741 -10.485333 -11.254107 -9.672593 14.620702 -51.442646 -17.490507 25.647762 -0.053659 -44.468399 -0.170487 8.757382 6.076866 -10.104635 -5.882102 9.861279 0.70259 -10.936858 -0.360574 7.156195 0.0 8.774814 0.0 -15.418913 18.845713 6.468597 -1.844031 2.498503 -2.507276 -10.163589 4.678941 4.621103 -20.975994 -0.0 1e-06 -21.226252 2.451699 -3.593994 0.0 -6e-06 -0.0 -1.36268 2.240796 -0.746323 -21.334888 0.58491 3.008318 -13.821193 -1e-06 1e-06 -23.887127 -0.249074 -0.839485 -59.985706 2.942465 -1.355977 -0.294025 1.679686 0.833255 -14.218191 0.093216 1.300578 -34.211994 -0.28756 0.967166 -20.033173 0.964536 1.212838 -0.0 0.0 0.0 -3.440386 0.788233 0.501655 -15.928168 -3.167305 2.999702 -6.338816 -0.0 0.0 -18.123415 3.64818 -4.905661 -4e-06 0.0 -2e-06 12.627797 9.863245 15.346862 45.362217 10.156986 11.125208 -0.9056 46.001926 -0.196112 -11.993823 2.817296 -12.831792 2.24354 -5.255033 -3.180155 14.282875 -0.826595 6.952495 0.0 -12.690593 -1e-06 15.253085 -17.819262 3.319211 1.665665 -1.95592 -2.878296 4.727794 -4.170584 4.993918 11.020509 0.0 -0.0 12.109029 -3.735715 -2.866777 -0.0 0.0 -0.0 1.291984 -1.928548 -1.498088 14.800112 0.567466 3.865604 14.242552 -1.341739 -6.660646 19.631929 0.14392 -0.648243 49.357277 -0.797909 -6.12143 0.353029 -1.511149 -0.03194 20.222765 3.684304 2.316628 18.787243 0.0 -0.0 10.751607 -0.47987 1.397902 0.0 0.0 0.0 3.273804 0.305947 -0.58011 21.486788 11.830361 2.266131 8.162914 -0.0 -0.0 18.399046 -3.798986 -4.940566 3e-06 0.0 -1e-06 4.152127 5.584146 0.076461 -0.041789 -0.346864 12.030322 -5.349562 -0.32489 -9.146086 1.674359 -1.901895 -1.003505 0.0 -0.0 2e-06 -6.401926 -6.250536 1.091742 -0.037342 0.214591 13.323921 8.60779 0.558456 -10.383339 -1.393555 1.146062 -1.825652 0.0 -0.0 -1e-06 
0.0 0.0 0.0 0.0 -0.0 0.0 -19.049728 99.309715 -123.366371 0.40233 3.615317 -2.620989 -1.004478 -0.263888 0.175127 -0.575473 -0.67738 -5.05586 0.402526 -2.937738 11.140414 4.902471 1.278987 -0.830652 -0.322381 1.324792 -3.415678 -2.363356 1.350928 -14.228731 7.7e-05 -2.2e-05 6e-06 -0.01291 -0.121161 0.117954 0.606976 -3.894349 -10.481688 -0.633683 3.660238 -10.521919 -10.631942 -9.772011 14.544926 -51.563702 -18.217442 24.529732 -0.67193 -45.602451 0.1798 10.02438 7.068042 -11.964388 -5.882102 9.861279 0.70259 -10.936858 -0.360574 7.156195 0.0 8.774814 0.0 -15.335003 19.042194 6.550003 -1.844031 2.498503 -2.507276 -10.163589 4.678941 4.621103 -20.975994 -0.0 1e-06 -21.226252 2.451699 -3.593994 0.0 -6e-06 -0.0 -1.36268 2.240796 -0.746323 -21.334888 0.58491 3.008318 -13.821193 -1e-06 1e-06 -23.887127 -0.249074 -0.839485 -59.805897 3.014393 -1.333946 -0.294025 1.679686 0.833255 -14.218191 0.093216 1.300578 -34.211994 -0.28756 0.967166 -20.033173 0.964536 1.212838 -0.0 0.0 0.0 -3.440386 0.788233 0.501655 -15.928168 -3.167305 2.999702 -6.338816 -0.0 0.0 -18.123415 3.64818 -4.905661 -4e-06 0.0 -2e-06 13.00946 9.101121 15.03177 46.610313 9.933474 12.199753 -0.910486 48.593426 -0.215049 -11.627669 0.275888 -12.260221 2.24354 -5.255033 -3.180155 14.282875 -0.826595 6.952495 0.0 -12.690593 -1e-06 15.253595 -17.837696 3.326587 1.665665 -1.95592 -2.878296 4.727794 -4.170584 4.993918 11.020509 0.0 -0.0 12.109029 -3.735715 -2.866777 -0.0 0.0 -0.0 1.291984 -1.928548 -1.498088 14.800112 0.567466 3.865604 14.242552 -1.341739 -6.660646 19.631929 0.14392 -0.648243 49.361881 -0.852734 -6.085405 0.353029 -1.511149 -0.03194 20.222765 3.684304 2.316628 18.787243 0.0 -0.0 10.751607 -0.47987 1.397902 0.0 0.0 0.0 3.273804 0.305947 -0.58011 21.486788 11.830361 2.266131 8.162914 -0.0 -0.0 18.399046 -3.798986 -4.940566 3e-06 0.0 -1e-06 5.358252 6.832627 0.991456 -0.076148 -0.480424 10.773567 -5.640286 -1.623773 -9.008663 1.677607 -1.826031 -0.890728 0.0 -0.0 2e-06 -5.603089 -6.594903 2.008366 -0.041654 0.17945 12.056595 9.646434 0.803867 -7.704788 -1.399543 1.190311 -2.624143 0.0 -0.0 -1e-06 
0.0 0.0 0.0 0.0 -0.0 0.0 -19.615646 99.403801 -122.565613 -0.748039 4.029107 -2.69728 -1.041928 -0.494402 0.218506 -0.657476 -0.896048 -4.961803 0.640219 -3.37795 10.624884 6.043418 1.183603 -0.923166 -0.245768 1.553833 -3.414239 -2.510204 1.810971 -14.048947 7.7e-05 -2.2e-05 6e-06 -0.033663 -0.217027 0.107199 0.60781 -3.980037 -10.49103 -0.67383 3.554592 -10.53941 -9.607495 -9.978728 14.37248 -51.568081 -18.505308 21.920137 -1.344023 -49.51622 0.639169 11.393838 8.28029 -14.42773 -5.882102 9.861279 0.70259 -10.936858 -0.360574 7.156195 0.0 8.774814 0.0 -15.335068 19.006638 6.563099 -1.844031 2.498503 -2.507276 -10.163589 4.678941 4.621103 -20.975994 -0.0 1e-06 -21.226252 2.451699 -3.593994 0.0 -6e-06 -0.0 -1.36268 2.240796 -0.746323 -21.334888 0.58491 3.008318 -13.821193 -1e-06 1e-06 -23.887127 -0.249074 -0.839485 -59.802151 3.082681 -1.223881 -0.294025 1.679686 0.833255 -14.218191 0.093216 1.300578 -34.211994 -0.28756 0.967166 -20.033173 0.964536 1.212838 -0.0 0.0 0.0 -3.440386 0.788233 0.501655 -15.928168 -3.167305 2.999702 -6.338816 -0.0 0.0 -18.123415 3.64818 -4.905661 -4e-06 0.0 -2e-06 13.177799 7.946854 14.774115 47.981594 9.549844 13.265419 -1.076833 54.817871 -0.386057 -11.673749 -3.570566 -11.952689 2.24354 -5.255033 -3.180155 14.282875 -0.826595 6.952495 0.0 -12.690593 -1e-06 15.311749 -17.858795 3.268449 1.665665 -1.95592 -2.878296 4.727794 -4.170584 4.993918 11.020509 0.0 -0.0 12.109029 -3.735715 -2.866777 -0.0 0.0 -0.0 1.291984 -1.928548 -1.498088 14.800112 0.567466 3.865604 14.242552 -1.341739 -6.660646 19.631929 0.14392 -0.648243 49.390079 -0.888539 -6.034693 0.353029 -1.511149 -0.03194 20.222765 3.684304 2.316628 18.787243 0.0 -0.0 10.751607 -0.47987 1.397902 0.0 0.0 0.0 3.273804 0.305947 -0.58011 21.486788 11.830361 2.266131 8.162914 -0.0 -0.0 18.399046 -3.798986 -4.940566 3e-06 0.0 -1e-06 7.488585 8.747469 1.651003 -0.139136 -0.626313 10.39373 -6.579777 -3.665857 -9.142079 1.692548 -1.686194 -0.814774 0.0 -0.0 2e-06 -4.078176 -7.499171 2.212654 -0.073474 0.289877 13.750482 11.693461 2.430667 -5.571626 -1.403996 1.153154 -3.170006 0.0 -0.0 -1e-06 
0.0 0.0 0.0 0.0 -0.0 0.0 -20.222073 99.348808 -121.922127 -1.428312 4.061422 -2.601003 -1.115303 -0.621741 0.402935 -0.749576 -1.052599 -4.931997 0.757289 -3.698901 10.382548 6.519339 1.117814 -1.335329 -0.280863 1.649552 -3.415585 -2.354605 1.863326 -14.421632 7.7e-05 -2.2e-05 6e-06 -0.047456 -0.279121 0.109936 0.599473 -4.035864 -10.507874 -0.69212 3.485763 -10.541491 -8.829243 -10.369875 14.065888 -50.986252 -18.685472 19.379448 -1.901461 -54.010971 0.984555 12.291487 9.283164 -16.943333 -5.882102 9.861279 0.70259 -10.936858 -0.360574 7.156195 0.0 8.774814 0.0 -15.430705 19.012674 6.639153 -1.844031 2.498503 -2.507276 -10.163589 4.678941 4.621103 -20.975994 -0.0 1e-06 -21.226252 2.451699 -3.593994 0.0 -6e-06 -0.0 -1.36268 2.240796 -0.746323 -21.334888 0.58491 3.008318 -13.821193 -1e-06 1e-06 -23.887127 -0.249074 -0.839485 -60.069656 3.141633 -1.145494 -0.294025 1.679686 0.833255 -14.218191 0.093216 1.300578 -34.211994 -0.28756 0.967166 -20.033173 0.964536 1.212838 -0.0 0.0 0.0 -3.440386 0.788233 0.501655 -15.928168 -3.167305 2.999702 -6.338816 -0.0 0.0 -18.123415 3.64818 -4.905661 -4e-06 0.0 -2e-06 12.69559 7.157378 14.481548 49.150181 10.052529 14.13334 -1.27537 61.461617 -0.650751 -12.514721 -6.887104 -12.237147 2.24354 -5.255033 -3.180155 14.282875 -0.826595 6.952495 0.0 -12.690593 -1e-06 15.371281 -17.981686 3.266855 1.665665 -1.95592 -2.878296 4.727794 -4.170584 4.993918 11.020509 0.0 -0.0 12.109029 -3.735715 -2.866777 -0.0 0.0 -0.0 1.291984 -1.928548 -1.498088 14.800112 0.567466 3.865604 14.242552 -1.341739 -6.660646 19.631929 0.14392 -0.648243 49.536724 -0.917957 -6.030153 0.353029 -1.511149 -0.03194 20.222765 3.684304 2.316628 18.787243 0.0 -0.0 10.751607 -0.47987 1.397902 0.0 0.0 0.0 3.273804 0.305947 -0.58011 21.486788 11.830361 2.266131 8.162914 -0.0 -0.0 18.399046 -3.798986 -4.940566 3e-06 0.0 -1e-06 9.048363 10.462646 1.764904 -0.167313 -0.65276 10.815247 -7.410933 -5.496567 -9.326921 1.701937 -1.601314 -0.569524 0.0 -0.0 2e-06 -3.099235 -8.041146 1.414604 -0.08554 0.496292 17.45957 13.079056 4.32264 -6.671016 -1.421251 1.171932 -2.028929 0.0 -0.0 -1e-06 
0.0 0.0 0.0 0.0 -0.0 0.0 -20.726812 99.227783 -121.484711 -1.611347 3.586186 -2.238492 -1.116567 -0.664276 0.591829 -0.748817 -1.046005 -4.874465 0.701083 -3.866196 10.297499 6.126174 1.245677 -1.955912 -0.322331 1.635842 -3.444513 -2.059513 1.938513 -15.119736 7.7e-05 -2.2e-05 6e-06 -0.058338 -0.318752 0.118549 0.592761 -4.070083 -10.511171 -0.707999 3.438462 -10.528124 -8.401374 -10.642759 13.721146 -50.326916 -19.216793 17.835329 -2.037519 -56.902267 1.122126 12.818447 9.837266 -18.855734 -5.882102 9.861279 0.70259 -10.936858 -0.360574 7.156195 0.0 8.774814 0.0 -15.567719 18.974112 6.634365 -1.844031 2.498503 -2.507276 -10.163589 4.678941 4.621103 -20.975994 -0.0 1e-06 -21.226252 2.451699 -3.593994 0.0 -6e-06 -0.0 -1.36268 2.240796 -0.746323 -21.334888 0.58491 3.008318 -13.821193 -1e-06 1e-06 -23.887127 -0.249074 -0.839485 -60.320789 3.151623 -1.075978 -0.294025 1.679686 0.833255 -14.218191 0.093216 1.300578 -34.211994 -0.28756 0.967166 -20.033173 0.964536 1.212838 -0.0 0.0 0.0 -3.440386 0.788233 0.501655 -15.928168 -3.167305 2.999702 -6.338816 -0.0 0.0 -18.123415 3.64818 -4.905661 -4e-06 0.0 -2e-06 11.845705 7.173626 14.173364 49.930473 11.682847 15.092174 -1.713305 65.714172 -1.12297 -13.737832 -8.901941 -13.137965 2.24354 -5.255033 -3.180155 14.282875 -0.826595 6.952495 0.0 -12.690593 -1e-06 15.498056 -18.123085 3.230957 1.665665 -1.95592 -2.878296 4.727794 -4.170584 4.993918 11.020509 0.0 -0.0 12.109029 -3.735715 -2.866777 -0.0 0.0 -0.0 1.291984 -1.928548 -1.498088 14.800112 0.567466 3.865604 14.242552 -1.341739 -6.660646 19.631929 0.14392 -0.648243 49.739243 -0.953877 -6.018782 0.353029 -1.511149 -0.03194 20.222765 3.684304 2.316628 18.787243 0.0 -0.0 10.751607 -0.47987 1.397902 0.0 0.0 0.0 3.273804 0.305947 -0.58011 21.486788 11.830361 2.266131 8.162914 -0.0 -0.0 18.399046 -3.798986 -4.940566 3e-06 0.0 -1e-06 9.746155 11.445541 1.519671 -0.168104 -0.647798 11.352471 -7.828645 -6.047441 -9.40128 1.696828 -1.617177 -0.323339 0.0 -0.0 2e-06 -2.645112 -7.937909 0.032884 -0.056141 0.583922 19.85413 10.852437 2.412772 -10.775373 -1.445912 1.161751 -1.495052 0.0 -0.0 -1e-06 
0.0 0.0 0.0 0.0 -0.0 0.0 -21.349516 99.087105 -121.069778 -1.764067 2.923267 -1.676092 -0.947422 -0.67748 0.729024 -0.678063 -0.962618 -4.831585 0.616101 -3.980043 10.222524 5.438322 1.433905 -2.50464 -0.307064 1.741105 -3.461328 -1.840933 2.136168 -15.757859 7.7e-05 -2.2e-05 6e-06 -0.062919 -0.332545 0.123921 0.594743 -4.086167 -10.500542 -0.720341 3.425323 -10.516531 -7.945154 -10.79681 13.279612 -50.032875 -20.167608 16.323082 -1.919793 -59.282314 1.191945 13.554501 10.399277 -20.635706 -5.882102 9.861279 0.70259 -10.936858 -0.360574 7.156195 0.0 8.774814 0.0 -15.658434 18.884291 6.560935 -1.844031 2.498503 -2.507276 -10.163589 4.678941 4.621103 -20.975994 -0.0 1e-06 -21.226252 2.451699 -3.593994 0.0 -6e-06 -0.0 -1.36268 2.240796 -0.746323 -21.334888 0.58491 3.008318 -13.821193 -1e-06 1e-06 -23.887127 -0.249074 -0.839485 -60.451633 3.127525 -1.076905 -0.294025 1.679686 0.833255 -14.218191 0.093216 1.300578 -34.211994 -0.28756 0.967166 -20.033173 0.964536 1.212838 -0.0 0.0 0.0 -3.440386 0.788233 0.501655 -15.928168 -3.167305 2.999702 -6.338816 -0.0 0.0 -18.123415 3.64818 -4.905661 -4e-06 0.0 -2e-06 10.779286 7.635279 13.786189 50.317097 14.130172 15.839785 -2.201997 69.140015 -1.622785 -15.499808 -10.782116 -14.221656 2.24354 -5.255033 -3.180155 14.282875 -0.826595 6.952495 0.0 -12.690593 -1e-06 15.564949 -18.235697 3.179628 1.665665 -1.95592 -2.878296 4.727794 -4.170584 4.993918 11.020509 0.0 -0.0 12.109029 -3.735715 -2.866777 -0.0 0.0 -0.0 1.291984 -1.928548 -1.498088 14.800112 0.567466 3.865604 14.242552 -1.341739 -6.660646 19.631929 0.14392 -0.648243 49.910133 -1.013601 -6.026831 0.353029 -1.511149 -0.03194 20.222765 3.684304 2.316628 18.787243 0.0 -0.0 10.751607 -0.47987 1.397902 0.0 0.0 0.0 3.273804 0.305947 -0.58011 21.486788 11.830361 2.266131 8.162914 -0.0 -0.0 18.399046 -3.798986 -4.940566 3e-06 0.0 -1e-06 10.362391 12.100407 1.058301 -0.160051 -0.628665 11.941394 -8.198391 -6.084135 -9.564784 1.688951 -1.668864 -0.136035 0.0 -0.0 2e-06 -2.116972 -7.389087 -1.26424 -0.044694 0.561336 19.767662 8.251496 -0.883314 -14.152842 -1.437371 1.193227 -1.552441 0.0 -0.0 -1e-06 
0.0 0.0 0.0 0.0 -0.0 0.0 -22.100534 98.893532 -120.632576 -1.923388 2.218709 -1.038226 -0.659614 -0.633945 0.78715 -0.587988 -0.878575 -4.787272 0.518961 -3.99332 10.156745 4.716847 1.716238 -2.880445 -0.243635 1.914701 -3.492021 -1.724253 2.363621 -16.133263 7.7e-05 -2.2e-05 6e-06 -0.061203 -0.322681 0.115228 0.604461 -4.087421 -10.50384 -0.727645 3.445441 -10.526575 -7.346659 -11.023442 12.753532 -50.044506 -21.459629 14.669706 -1.679695 -61.273411 1.169913 14.331431 11.040916 -22.340279 -5.882102 9.861279 0.70259 -10.936858 -0.360574 7.156195 0.0 8.774814 0.0 -15.763923 18.73354 6.430776 -1.844031 2.498503 -2.507276 -10.163589 4.678941 4.621103 -20.975994 -0.0 1e-06 -21.226252 2.451699 -3.593994 0.0 -6e-06 -0.0 -1.36268 2.240796 -0.746323 -21.334888 0.58491 3.008318 -13.821193 -1e-06 1e-06 -23.887127 -0.249074 -0.839485 -60.5485 3.13508 -1.108484 -0.294025 1.679686 0.833255 -14.218191 0.093216 1.300578 -34.211994 -0.28756 0.967166 -20.033173 0.964536 1.212838 -0.0 0.0 0.0 -3.440386 0.788233 0.501655 -15.928168 -3.167305 2.999702 -6.338816 -0.0 0.0 -18.123415 3.64818 -4.905661 -4e-06 0.0 -2e-06 9.572761 8.326605 13.356479 50.278019 17.312172 16.335514 -2.83699 71.856575 -2.276542 -17.678804 -12.549253 -15.345087 2.24354 -5.255033 -3.180155 14.282875 -0.826595 6.952495 0.0 -12.690593 -1e-06 15.593525 -18.287302 3.105364 1.665665 -1.95592 -2.878296 4.727794 -4.170584 4.993918 11.020509 0.0 -0.0 12.109029 -3.735715 -2.866777 -0.0 0.0 -0.0 1.291984 -1.928548 -1.498088 14.800112 0.567466 3.865604 14.242552 -1.341739 -6.660646 19.631929 0.14392 -0.648243 49.982494 -1.053859 -6.030232 0.353029 -1.511149 -0.03194 20.222765 3.684304 2.316628 18.787243 0.0 -0.0 10.751607 -0.47987 1.397902 0.0 0.0 0.0 3.273804 0.305947 -0.58011 21.486788 11.830361 2.266131 8.162914 -0.0 -0.0 18.399046 -3.798986 -4.940566 3e-06 0.0 -1e-06 11.009735 12.523045 0.415985 -0.14986 -0.595856 12.792294 -8.562749 -5.896664 -9.910017 1.678217 -1.735017 -0.067508 0.0 -0.0 2e-06 -1.494601 -6.746739 -2.23277 -0.052766 0.476152 17.908754 6.375355 -3.342673 -15.650467 -1.407509 1.220842 -1.655968 0.0 -0.0 -1e-06 
0.0 0.0 0.0 0.0 -0.0 0.0 -23.01273 98.565903 -120.135483 -2.151878 1.694955 -0.487657 -0.23528 -0.562522 0.74717 -0.537783 -0.949769 -4.805589 0.426434 -3.870253 10.208386 3.974665 1.949739 -3.001505 -0.111637 2.288222 -3.493092 -1.564351 2.412937 -15.983609 7.7e-05 -2.2e-05 6e-06 -0.037452 -0.225452 0.091844 0.635505 -3.994923 -10.486527 -0.712007 3.548792 -10.509971 -6.692798 -11.224139 12.204641 -49.936626 -23.331377 13.150752 -1.3538 -62.837257 0.947121 14.914798 11.727364 -23.911789 -5.882102 9.861279 0.70259 -10.936858 -0.360574 7.156195 0.0 8.774814 0.0 -15.852858 18.621937 6.440156 -1.844031 2.498503 -2.507276 -10.163589 4.678941 4.621103 -20.975994 -0.0 1e-06 -21.226252 2.451699 -3.593994 0.0 -6e-06 -0.0 -1.36268 2.240796 -0.746323 -21.334888 0.58491 3.008318 -13.821193 -1e-06 1e-06 -23.887127 -0.249074 -0.839485 -60.827991 3.266341 -1.10167 -0.294025 1.679686 0.833255 -14.218191 0.093216 1.300578 -34.211994 -0.28756 0.967166 -20.033173 0.964536 1.212838 -0.0 0.0 0.0 -3.440386 0.788233 0.501655 -15.928168 -3.167305 2.999702 -6.338816 -0.0 0.0 -18.123415 3.64818 -4.905661 -4e-06 0.0 -2e-06 8.087706 9.193707 12.753136 49.889553 21.059561 16.464045 -3.314323 73.851028 -2.572404 -20.194489 -14.303229 -16.618818 2.24354 -5.255033 -3.180155 14.282875 -0.826595 6.952495 0.0 -12.690593 -1e-06 15.654444 -18.389257 2.979013 1.665665 -1.95592 -2.878296 4.727794 -4.170584 4.993918 11.020509 0.0 -0.0 12.109029 -3.735715 -2.866777 -0.0 0.0 -0.0 1.291984 -1.928548 -1.498088 14.800112 0.567466 3.865604 14.242552 -1.341739 -6.660646 19.631929 0.14392 -0.648243 49.882088 -1.029252 -6.11858 0.353029 -1.511149 -0.03194 20.222765 3.684304 2.316628 18.787243 0.0 -0.0 10.751607 -0.47987 1.397902 0.0 0.0 0.0 3.273804 0.305947 -0.58011 21.486788 11.830361 2.266131 8.162914 -0.0 -0.0 18.399046 -3.798986 -4.940566 3e-06 0.0 -1e-06 11.882922 12.842851 -0.529244 -0.141519 -0.507624 14.474836 -8.866498 -5.928838 -10.724828 1.675646 -1.827423 0.05033 0.0 -0.0 2e-06 -0.742258 -6.408013 -3.059591 -0.013796 0.280768 16.318073 5.336099 -3.681343 -14.788437 -1.394224 1.185547 -1.083457 0.0 -0.0 -1e-06 
0.0 0.0 0.0 0.0 -0.0 0.0 -24.127243 98.13784 -119.564713 -2.250463 1.346239 -0.346783 0.191066 -0.494013 0.8563 -0.549891 -0.909533 -4.74745 0.150199 -3.871337 10.125819 3.252038 2.127872 -2.523404 0.026266 2.56974 -3.532785 -1.390111 2.616208 -15.752853 7.7e-05 -2.2e-05 6e-06 -0.042638 -0.223199 0.090711 0.626538 -3.989683 -10.47389 -0.71325 3.550405 -10.473237 -5.405223 -11.430254 11.767941 -50.024616 -25.68734 11.643785 -1.149285 -64.060822 0.861531 15.276106 11.985821 -25.498667 -5.882102 9.861279 0.70259 -10.936858 -0.360574 7.156195 0.0 8.774814 0.0 -15.906056 18.545864 6.471771 -1.844031 2.498503 -2.507276 -10.163589 4.678941 4.621103 -20.975994 -0.0 1e-06 -21.226252 2.451699 -3.593994 0.0 -6e-06 -0.0 -1.36268 2.240796 -0.746323 -21.334888 0.58491 3.008318 -13.821193 -1e-06 1e-06 -23.887127 -0.249074 -0.839485 -60.803738 3.271243 -1.13608 -0.294025 1.679686 0.833255 -14.218191 0.093216 1.300578 -34.211994 -0.28756 0.967166 -20.033173 0.964536 1.212838 -0.0 0.0 0.0 -3.440386 0.788233 0.501655 -15.928168 -3.167305 2.999702 -6.338816 -0.0 0.0 -18.123415 3.64818 -4.905661 -4e-06 0.0 -2e-06 6.052256 10.172463 12.156128 49.393707 25.429243 16.239517 -3.751958 74.999786 -3.115688 -22.560884 -15.725818 -17.884369 2.24354 -5.255033 -3.180155 14.282875 -0.826595 6.952495 0.0 -12.690593 -1e-06 15.716575 -18.169653 2.841862 1.665665 -1.95592 -2.878296 4.727794 -4.170584 4.993918 11.020509 0.0 -0.0 12.109029 -3.735715 -2.866777 -0.0 0.0 -0.0 1.291984 -1.928548 -1.498088 14.800112 0.567466 3.865604 14.242552 -1.341739 -6.660646 19.631929 0.14392 -0.648243 49.893887 -1.097049 -6.072941 0.353029 -1.511149 -0.03194 20.222765 3.684304 2.316628 18.787243 0.0 -0.0 10.751607 -0.47987 1.397902 0.0 0.0 0.0 3.273804 0.305947 -0.58011 21.486788 11.830361 2.266131 8.162914 -0.0 -0.0 18.399046 -3.798986 -4.940566 3e-06 0.0 -1e-06 12.858481 12.965577 -0.941277 -0.165317 -0.535327 16.022993 -9.294363 -6.002726 -11.577209 1.682287 -1.860457 -0.074371 0.0 -0.0 2e-06 0.065361 -6.46068 -4.222354 0.012899 0.301231 19.105267 4.235015 -2.841972 -16.914032 -1.385731 1.19575 -0.496267 0.0 -0.0 -1e-06 
0.0 0.0 0.0 0.0 -0.0 0.0 -25.383848 97.752899 -118.948509 -2.642556 1.156498 -0.313406 0.725326 -0.475901 1.076326 -0.478974 -0.894269 -4.705275 0.034654 -3.927622 10.007775 2.433024 2.283921 -1.979607 0.195731 2.90413 -3.4764 -1.244899 2.918004 -15.556403 7.7e-05 -2.2e-05 6e-06 -0.036139 -0.186227 0.087139 0.657907 -3.955868 -10.493895 -0.731654 3.591442 -10.485843 -3.79515 -11.628885 11.354644 -49.980114 -28.583965 10.093842 -0.978936 -64.921463 0.92544 15.611695 12.094577 -27.82336 -5.882102 9.861279 0.70259 -10.936858 -0.360574 7.156195 0.0 8.774814 0.0 -16.017471 18.454222 6.404105 -1.844031 2.498503 -2.507276 -10.163589 4.678941 4.621103 -20.975994 -0.0 1e-06 -21.226252 2.451699 -3.593994 0.0 -6e-06 -0.0 -1.36268 2.240796 -0.746323 -21.334888 0.58491 3.008318 -13.821193 -1e-06 1e-06 -23.887127 -0.249074 -0.839485 -60.624561 3.148405 -1.164367 -0.294025 1.679686 0.833255 -14.218191 0.093216 1.300578 -34.211994 -0.28756 0.967166 -20.033173 0.964536 1.212838 -0.0 0.0 0.0 -3.440386 0.788233 0.501655 -15.928168 -3.167305 2.999702 -6.338816 -0.0 0.0 -18.123415 3.64818 -4.905661 -4e-06 0.0 -2e-06 3.398128 11.268335 11.292814 48.373688 30.34396 15.629905 -3.830115 75.3797 -3.40257 -25.379272 -16.966333 -19.837183 2.24354 -5.255033 -3.180155 14.282875 -0.826595 6.952495 0.0 -12.690593 -1e-06 15.815628 -18.104681 2.755142 1.665665 -1.95592 -2.878296 4.727794 -4.170584 4.993918 11.020509 0.0 -0.0 12.109029 -3.735715 -2.866777 -0.0 0.0 -0.0 1.291984 -1.928548 -1.498088 14.800112 0.567466 3.865604 14.242552 -1.341739 -6.660646 19.631929 0.14392 -0.648243 50.181511 -1.089798 -6.075835 0.353029 -1.511149 -0.03194 20.222765 3.684304 2.316628 18.787243 0.0 -0.0 10.751607 -0.47987 1.397902 0.0 0.0 0.0 3.273804 0.305947 -0.58011 21.486788 11.830361 2.266131 8.162914 -0.0 -0.0 18.399046 -3.798986 -4.940566 3e-06 0.0 -1e-06 14.303021 13.086613 -1.003395 -0.187761 -0.58147 17.061371 -10.020622 -6.221422 -11.844657 1.688839 -1.874825 -0.345199 0.0 -0.0 2e-06 1.306898 -6.46663 -4.682401 0.001161 0.26631 20.785887 3.554385 -2.502955 -17.94347 -1.372569 1.221113 -0.294356 0.0 -0.0 -1e-06 
0.0 0.0 0.0 0.0 -0.0 0.0 -26.745049 97.378967 -118.361832 -2.960141 1.261539 -0.200317 1.189836 -0.472969 1.337286 -0.422475 -0.890466 -4.628129 -0.091304 -4.010715 9.773644 1.579388 2.490679 -1.509771 0.311017 3.040885 -3.482829 -1.023323 3.09925 -15.126596 7.7e-05 -2.2e-05 6e-06 -0.034839 -0.169726 0.077642 0.681334 -3.938481 -10.520256 -0.752383 3.607323 -10.506391 -2.030549 -11.984641 10.816687 -49.490818 -31.864916 8.338789 -0.690421 -65.344254 0.738308 15.960827 12.106961 -30.847511 -5.882102 9.861279 0.70259 -10.936858 -0.360574 7.156195 0.0 8.774814 0.0 -16.115896 18.369394 6.376203 -1.844031 2.498503 -2.507276 -10.163589 4.678941 4.621103 -20.975994 -0.0 1e-06 -21.226252 2.451699 -3.593994 0.0 -6e-06 -0.0 -1.36268 2.240796 -0.746323 -21.334888 0.58491 3.008318 -13.821193 -1e-06 1e-06 -23.887127 -0.249074 -0.839485 -60.554592 3.051419 -1.174904 -0.294025 1.679686 0.833255 -14.218191 0.093216 1.300578 -34.211994 -0.28756 0.967166 -20.033173 0.964536 1.212838 -0.0 0.0 0.0 -3.440386 0.788233 0.501655 -15.928168 -3.167305 2.999702 -6.338816 -0.0 0.0 -18.123415 3.64818 -4.905661 -4e-06 0.0 -2e-06 0.49208 12.367908 10.067874 46.998829 35.374786 14.46386 -4.182873 74.940521 -4.123785 -27.961775 -17.820898 -21.581888 2.24354 -5.255033 -3.180155 14.282875 -0.826595 6.952495 0.0 -12.690593 -1e-06 15.937525 -18.002783 2.669295 1.665665 -1.95592 -2.878296 4.727794 -4.170584 4.993918 11.020509 0.0 -0.0 12.109029 -3.735715 -2.866777 -0.0 0.0 -0.0 1.291984 -1.928548 -1.498088 14.800112 0.567466 3.865604 14.242552 -1.341739 -6.660646 19.631929 0.14392 -0.648243 50.363201 -1.024166 -6.046457 0.353029 -1.511149 -0.03194 20.222765 3.684304 2.316628 18.787243 0.0 -0.0 10.751607 -0.47987 1.397902 0.0 0.0 0.0 3.273804 0.305947 -0.58011 21.486788 11.830361 2.266131 8.162914 -0.0 -0.0 18.399046 -3.798986 -4.940566 3e-06 0.0 -1e-06 15.720295 13.178385 -1.094715 -0.202777 -0.62557 17.731728 -10.971078 -6.501514 -11.40809 1.694718 -1.878176 -0.692582 0.0 -0.0 2e-06 2.520027 -6.766682 -5.102265 0.021557 0.212954 22.235275 2.866667 -2.26889 -18.665834 -1.366179 1.217971 -0.09318 0.0 -0.0 -1e-06 
0.0 0.0 0.0 0.0 -0.0 0.0 -28.160385 97.033714 -117.894112 -3.012769 1.638502 0.082669 1.499056 -0.478295 1.590287 -0.392986 -0.739766 -4.485964 -0.328651 -4.135126 9.472442 0.790766 2.636728 -1.366272 0.264017 3.046571 -3.44654 -0.693824 3.034414 -14.551747 7.7e-05 -2.2e-05 6e-06 -0.039389 -0.195236 0.06767 0.687534 -3.968114 -10.538783 -0.768059 3.586155 -10.518909 -0.526908 -12.433511 10.130956 -48.168697 -35.477726 6.359876 -0.591764 -65.260818 0.646825 16.380409 12.204803 -34.329113 -5.882102 9.861279 0.70259 -10.936858 -0.360574 7.156195 0.0 8.774814 0.0 -16.253529 18.298462 6.250595 -1.844031 2.498503 -2.507276 -10.163589 4.678941 4.621103 -20.975994 -0.0 1e-06 -21.226252 2.451699 -3.593994 0.0 -6e-06 -0.0 -1.36268 2.240796 -0.746323 -21.334888 0.58491 3.008318 -13.821193 -1e-06 1e-06 -23.887127 -0.249074 -0.839485 -60.51207 2.976165 -1.325 -0.294025 1.679686 0.833255 -14.218191 0.093216 1.300578 -34.211994 -0.28756 0.967166 -20.033173 0.964536 1.212838 -0.0 0.0 0.0 -3.440386 0.788233 0.501655 -15.928168 -3.167305 2.999702 -6.338816 -0.0 0.0 -18.123415 3.64818 -4.905661 -4e-06 0.0 -2e-06 -2.2013 13.362037 8.598783 45.229477 40.147797 12.522442 -4.113916 73.862267 -4.463356 -29.888727 -18.379528 -22.616642 2.24354 -5.255033 -3.180155 14.282875 -0.826595 6.952495 0.0 -12.690593 -1e-06 16.067892 -17.898935 2.576542 1.665665 -1.95592 -2.878296 4.727794 -4.170584 4.993918 11.020509 0.0 -0.0 12.109029 -3.735715 -2.866777 -0.0 0.0 -0.0 1.291984 -1.928548 -1.498088 14.800112 0.567466 3.865604 14.242552 -1.341739 -6.660646 19.631929 0.14392 -0.648243 50.460453 -1.03816 -6.097296 0.353029 -1.511149 -0.03194 20.222765 3.684304 2.316628 18.787243 0.0 -0.0 10.751607 -0.47987 1.397902 0.0 0.0 0.0 3.273804 0.305947 -0.58011 21.486788 11.830361 2.266131 8.162914 -0.0 -0.0 18.399046 -3.798986 -4.940566 3e-06 0.0 -1e-06 16.866579 13.561414 -1.343927 -0.165815 -0.587839 17.976995 -12.12287 -6.935986 -9.755667 1.729602 -1.877434 -1.218433 0.0 -0.0 2e-06 3.523424 -7.214341 -5.774279 0.043562 0.162171 23.688255 2.012907 -2.176138 -19.278057 -1.366942 1.199886 0.213289 0.0 -0.0 -1e-06 
0.0 0.0 0.0 0.0 -0.0 0.0 -29.586788 96.808586 -117.592155 -2.69678 2.371007 0.44946 1.671454 -0.456843 1.980951 -0.419756 -0.662904 -4.304714 -0.738645 -4.158396 9.146192 -0.100931 2.815261 -1.402132 0.262966 2.953774 -3.456175 -0.409918 2.837614 -14.114152 7.7e-05 -2.2e-05 6e-06 -0.033781 -0.170409 0.071546 0.703745 -3.943157 -10.546741 -0.773265 3.611188 -10.525731 0.576669 -13.00433 9.485014 -46.073364 -39.458931 4.055964 -0.584505 -64.420181 0.509395 16.621302 12.345821 -37.844147 -5.882102 9.861279 0.70259 -10.936858 -0.360574 7.156195 0.0 8.774814 0.0 -16.203602 18.347961 6.317924 -1.844031 2.498503 -2.507276 -10.163589 4.678941 4.621103 -20.975994 -0.0 1e-06 -21.226252 2.451699 -3.593994 0.0 -6e-06 -0.0 -1.36268 2.240796 -0.746323 -21.334888 0.58491 3.008318 -13.821193 -1e-06 1e-06 -23.887127 -0.249074 -0.839485 -60.525532 2.94403 -1.34434 -0.294025 1.679686 0.833255 -14.218191 0.093216 1.300578 -34.211994 -0.28756 0.967166 -20.033173 0.964536 1.212838 -0.0 0.0 0.0 -3.440386 0.788233 0.501655 -15.928168 -3.167305 2.999702 -6.338816 -0.0 0.0 -18.123415 3.64818 -4.905661 -4e-06 0.0 -2e-06 -4.677544 14.242869 7.188479 43.147369 44.711269 10.093798 -3.964197 71.934738 -4.486069 -31.336184 -18.393023 -23.175371 2.24354 -5.255033 -3.180155 14.282875 -0.826595 6.952495 0.0 -12.690593 -1e-06 16.095146 -17.752029 2.519022 1.665665 -1.95592 -2.878296 4.727794 -4.170584 4.993918 11.020509 0.0 -0.0 12.109029 -3.735715 -2.866777 -0.0 0.0 -0.0 1.291984 -1.928548 -1.498088 14.800112 0.567466 3.865604 14.242552 -1.341739 -6.660646 19.631929 0.14392 -0.648243 50.30751 -0.968295 -6.049641 0.353029 -1.511149 -0.03194 20.222765 3.684304 2.316628 18.787243 0.0 -0.0 10.751607 -0.47987 1.397902 0.0 0.0 0.0 3.273804 0.305947 -0.58011 21.486788 11.830361 2.266131 8.162914 -0.0 -0.0 18.399046 -3.798986 -4.940566 3e-06 0.0 -1e-06 17.651854 14.533821 -1.428056 -0.189847 -0.705736 17.200443 -13.223224 -7.837822 -5.488668 1.747127 -1.865104 -2.978778 0.0 -0.0 2e-06 4.189542 -7.858577 -6.463138 0.044618 0.1303 24.771265 1.1806 -2.470832 -19.661798 -1.370342 1.166991 0.393224 0.0 -0.0 -1e-06 
0.0 0.0 0.0 0.0 -0.0 0.0 -30.961332 96.845779 -117.365349 -1.788034 3.35066 0.863883 1.64098 -0.474734 2.523591 -0.550541 -0.498635 -4.022647 -1.450725 -4.147985 8.773398 -0.982487 2.969991 -1.607647 0.155258 2.762029 -3.433594 -0.073188 2.504337 -13.616405 7.7e-05 -2.2e-05 6e-06 -0.027851 -0.118865 0.059612 0.716116 -3.899539 -10.580946 -0.773052 3.670367 -10.571769 1.613261 -13.689232 8.441189 -44.031147 -43.297268 1.954178 -0.293199 -62.860111 0.053111 16.447765 12.216138 -41.237251 -5.882102 9.861279 0.70259 -10.936858 -0.360574 7.156195 0.0 8.774814 0.0 -16.088743 18.389845 6.414138 -1.844031 2.498503 -2.507276 -10.163589 4.678941 4.621103 -20.975994 -0.0 1e-06 -21.226252 2.451699 -3.593994 0.0 -6e-06 -0.0 -1.36268 2.240796 -0.746323 -21.334888 0.58491 3.008318 -13.821193 -1e-06 1e-06 -23.887127 -0.249074 -0.839485 -60.63377 2.872431 -1.271474 -0.294025 1.679686 0.833255 -14.218191 0.093216 1.300578 -34.211994 -0.28756 0.967166 -20.033173 0.964536 1.212838 -0.0 0.0 0.0 -3.440386 0.788233 0.501655 -15.928168 -3.167305 2.999702 -6.338816 -0.0 0.0 -18.123415 3.64818 -4.905661 -4e-06 0.0 -2e-06 -6.85824 14.945878 5.80039 41.033993 48.845734 7.342061 -3.012407 69.637329 -3.563043 -32.322079 -18.020618 -23.274767 2.24354 -5.255033 -3.180155 14.282875 -0.826595 6.952495 0.0 -12.690593 -1e-06 16.017059 -17.448092 2.527503 1.665665 -1.95592 -2.878296 4.727794 -4.170584 4.993918 11.020509 0.0 -0.0 12.109029 -3.735715 -2.866777 -0.0 0.0 -0.0 1.291984 -1.928548 -1.498088 14.800112 0.567466 3.865604 14.242552 -1.341739 -6.660646 19.631929 0.14392 -0.648243 50.051212 -0.820524 -5.920518 0.353029 -1.511149 -0.03194 20.222765 3.684304 2.316628 18.787243 0.0 -0.0 10.751607 -0.47987 1.397902 0.0 0.0 0.0 3.273804 0.305947 -0.58011 21.486788 11.830361 2.266131 8.162914 -0.0 -0.0 18.399046 -3.798986 -4.940566 3e-06 0.0 -1e-06 18.085342 16.105213 -3.569812 -0.260832 -0.794212 19.804348 -13.879989 -9.38167 -0.384729 1.798641 -1.836501 -6.090749 0.0 -0.0 2e-06 4.218052 -8.496116 -6.800943 0.045707 0.088656 24.947426 0.37714 -3.12003 -19.630442 -1.379913 1.133533 0.588166 0.0 -0.0 -1e-06 
0.0 0.0 0.0 0.0 -0.0 0.0 -32.247292 96.988892 -117.166031 -0.540033 4.201683 1.224294 1.455221 -0.462005 3.15471 -0.631639 -0.349364 -3.730445 -2.286743 -4.053085 8.489905 -1.982882 3.258499 -1.71748 0.06099 2.559889 -3.462712 0.081886 2.004148 -12.940237 7.7e-05 -2.2e-05 6e-06 -0.020205 -0.060862 0.06228 0.704375 -3.836549 -10.539014 -0.747659 3.723016 -10.530666 2.708692 -14.404613 7.322412 -42.568565 -46.835808 -0.314085 -0.211561 -60.916183 -0.061908 15.927421 11.752075 -44.273956 -5.882102 9.861279 0.70259 -10.936858 -0.360574 7.156195 0.0 8.774814 0.0 -16.023973 18.39373 6.481714 -1.844031 2.498503 -2.507276 -10.163589 4.678941 4.621103 -20.975994 -0.0 1e-06 -21.226252 2.451699 -3.593994 0.0 -6e-06 -0.0 -1.36268 2.240796 -0.746323 -21.334888 0.58491 3.008318 -13.821193 -1e-06 1e-06 -23.887127 -0.249074 -0.839485 -60.85043 2.767806 -1.280599 -0.294025 1.679686 0.833255 -14.218191 0.093216 1.300578 -34.211994 -0.28756 0.967166 -20.033173 0.964536 1.212838 -0.0 0.0 0.0 -3.440386 0.788233 0.501655 -15.928168 -3.167305 2.999702 -6.338816 -0.0 0.0 -18.123415 3.64818 -4.905661 -4e-06 0.0 -2e-06 -9.195627 15.879751 4.546575 39.339497 52.230656 4.809182 -3.091874 67.340492 -3.412314 -32.485233 -17.290041 -23.383707 2.24354 -5.255033 -3.180155 14.282875 -0.826595 6.952495 0.0 -12.690593 -1e-06 15.977379 -17.280958 2.518637 1.665665 -1.95592 -2.878296 4.727794 -4.170584 4.993918 11.020509 0.0 -0.0 12.109029 -3.735715 -2.866777 -0.0 0.0 -0.0 1.291984 -1.928548 -1.498088 14.800112 0.567466 3.865604 14.242552 -1.341739 -6.660646 19.631929 0.14392 -0.648243 49.94062 -0.726451 -5.849371 0.353029 -1.511149 -0.03194 20.222765 3.684304 2.316628 18.787243 0.0 -0.0 10.751607 -0.47987 1.397902 0.0 0.0 0.0 3.273804 0.305947 -0.58011 21.486788 11.830361 2.266131 8.162914 -0.0 -0.0 18.399046 -3.798986 -4.940566 3e-06 0.0 -1e-06 17.973991 17.775194 -6.493983 -0.398412 -0.834924 23.647793 -13.951852 -10.251472 3.584309 1.772702 -1.788046 -7.233209 0.0 -0.0 2e-06 3.818607 -8.917688 -6.932965 0.062194 0.045201 24.823416 -0.343057 -3.813788 -19.498158 -1.390181 1.082805 0.747751 0.0 -0.0 -1e-06 
0.0 0.0 0.0 0.0 -0.0 0.0 -33.370995 97.064178 -116.897713 0.613625 4.751101 1.586062 1.338262 -0.429236 3.738533 -0.713966 -0.195087 -3.47526 -2.926027 -3.953675 8.230964 -3.086807 3.58357 -1.63621 -0.011534 2.323422 -3.474212 0.147612 1.667656 -12.083327 7.7e-05 -2.2e-05 6e-06 -0.017011 -0.036355 0.070649 0.688381 -3.806649 -10.506927 -0.727224 3.740736 -10.490372 3.956681 -15.011232 6.189091 -41.637108 -50.082588 -2.466503 -0.02119 -58.642967 -0.249841 15.216085 11.080492 -47.005566 -5.882102 9.861279 0.70259 -10.936858 -0.360574 7.156195 0.0 8.774814 0.0 -15.986005 18.479321 6.542165 -1.844031 2.498503 -2.507276 -10.163589 4.678941 4.621103 -20.975994 -0.0 1e-06 -21.226252 2.451699 -3.593994 0.0 -6e-06 -0.0 -1.36268 2.240796 -0.746323 -21.334888 0.58491 3.008318 -13.821193 -1e-06 1e-06 -23.887127 -0.249074 -0.839485 -60.925308 2.697383 -1.354808 -0.294025 1.679686 0.833255 -14.218191 0.093216 1.300578 -34.211994 -0.28756 0.967166 -20.033173 0.964536 1.212838 -0.0 0.0 0.0 -3.440386 0.788233 0.501655 -15.928168 -3.167305 2.999702 -6.338816 -0.0 0.0 -18.123415 3.64818 -4.905661 -4e-06 0.0 -2e-06 -11.584296 16.730637 3.313247 38.133324 55.189259 2.93731 -3.239265 64.768471 -3.308341 -31.99287 -16.463938 -23.824923 2.24354 -5.255033 -3.180155 14.282875 -0.826595 6.952495 0.0 -12.690593 -1e-06 15.911727 -17.212465 2.511134 1.665665 -1.95592 -2.878296 4.727794 -4.170584 4.993918 11.020509 0.0 -0.0 12.109029 -3.735715 -2.866777 -0.0 0.0 -0.0 1.291984 -1.928548 -1.498088 14.800112 0.567466 3.865604 14.242552 -1.341739 -6.660646 19.631929 0.14392 -0.648243 49.84367 -0.691721 -5.838324 0.353029 -1.511149 -0.03194 20.222765 3.684304 2.316628 18.787243 0.0 -0.0 10.751607 -0.47987 1.397902 0.0 0.0 0.0 3.273804 0.305947 -0.58011 21.486788 11.830361 2.266131 8.162914 -0.0 -0.0 18.399046 -3.798986 -4.940566 3e-06 0.0 -1e-06 17.555319 19.35214 -9.203844 -0.481087 -0.857506 26.778662 -14.849649 -11.099279 4.76016 1.729042 -1.761339 -5.958036 0.0 -0.0 2e-06 3.436894 -9.010704 -7.125526 0.052004 0.019736 24.907675 -0.958415 -4.531258 -19.639927 -1.398999 1.063539 0.726217 0.0 -0.0 -1e-06 
0.0 0.0 0.0 0.0 -0.0 0.0 -34.313751 97.006813 -116.590034 1.467227 5.001028 2.026486 1.299565 -0.404492 4.205404 -0.773715 -0.084155 -3.273484 -3.327643 -3.875883 7.984207 -4.053833 3.836355 -1.500336 -0.050686 2.22411 -3.469782 0.169466 1.509003 -11.099407 7.7e-05 -2.2e-05 6e-06 -0.015448 -0.029548 0.081184 0.680099 -3.795784 -10.486375 -0.717625 3.742641 -10.464592 5.20084 -15.519735 5.187048 -40.477745 -52.959698 -4.975494 0.053026 -56.08567 -0.384743 14.382384 10.318729 -49.506809 -5.882102 9.861279 0.70259 -10.936858 -0.360574 7.156195 0.0 8.774814 0.0 -15.953683 18.591244 6.578665 -1.844031 2.498503 -2.507276 -10.163589 4.678941 4.621103 -20.975994 -0.0 1e-06 -21.226252 2.451699 -3.593994 0.0 -6e-06 -0.0 -1.36268 2.240796 -0.746323 -21.334888 0.58491 3.008318 -13.821193 -1e-06 1e-06 -23.887127 -0.249074 -0.839485 -60.930008 2.674259 -1.446479 -0.294025 1.679686 0.833255 -14.218191 0.093216 1.300578 -34.211994 -0.28756 0.967166 -20.033173 0.964536 1.212838 -0.0 0.0 0.0 -3.440386 0.788233 0.501655 -15.928168 -3.167305 2.999702 -6.338816 -0.0 0.0 -18.123415 3.64818 -4.905661 -4e-06 0.0 -2e-06 -13.575434 17.403336 2.265667 36.918839 57.984638 1.39754 -2.912885 61.806293 -2.896321 -31.208498 -15.740246 -24.446629 2.24354 -5.255033 -3.180155 14.282875 -0.826595 6.952495 0.0 -12.690593 -1e-06 15.803605 -17.178396 2.503423 1.665665 -1.95592 -2.878296 4.727794 -4.170584 4.993918 11.020509 0.0 -0.0 12.109029 -3.735715 -2.866777 -0.0 0.0 -0.0 1.291984 -1.928548 -1.498088 14.800112 0.567466 3.865604 14.242552 -1.341739 -6.660646 19.631929 0.14392 -0.648243 49.702667 -0.713233 -5.866177 0.353029 -1.511149 -0.03194 20.222765 3.684304 2.316628 18.787243 0.0 -0.0 10.751607 -0.47987 1.397902 0.0 0.0 0.0 3.273804 0.305947 -0.58011 21.486788 11.830361 2.266131 8.162914 -0.0 -0.0 18.399046 -3.798986 -4.940566 3e-06 0.0 -1e-06 16.985409 20.719124 -11.629598 -0.506631 -0.82194 28.590084 -16.599068 -12.154452 4.43044 1.713258 -1.747338 -4.901232 0.0 -0.0 2e-06 3.265146 -8.964208 -7.615758 0.026325 -0.007098 25.437788 -1.460726 -5.080311 -20.104399 -1.402295 1.061439 0.702933 0.0 -0.0 -1e-06 
0.0 0.0 0.0 0.0 -0.0 0.0 -35.06768 96.841255 -116.285454 1.955805 4.947279 2.567015 1.317555 -0.411029 4.565442 -0.799874 -0.045509 -3.118281 -3.48885 -3.831042 7.734239 -4.747132 4.031173 -1.452233 -0.066148 2.209078 -3.476007 0.148228 1.550262 -10.113583 7.7e-05 -2.2e-05 6e-06 -0.014419 -0.036165 0.083272 0.678875 -3.797838 -10.478043 -0.715661 3.73157 -10.455557 6.520913 -15.9398 4.331843 -38.829418 -55.344112 -7.988829 0.137616 -53.313786 -0.50313 13.451531 9.608636 -51.7785 -5.882102 9.861279 0.70259 -10.936858 -0.360574 7.156195 0.0 8.774814 0.0 -15.912959 18.641567 6.586664 -1.844031 2.498503 -2.507276 -10.163589 4.678941 4.621103 -20.975994 -0.0 1e-06 -21.226252 2.451699 -3.593994 0.0 -6e-06 -0.0 -1.36268 2.240796 -0.746323 -21.334888 0.58491 3.008318 -13.821193 -1e-06 1e-06 -23.887127 -0.249074 -0.839485 -60.893639 2.66493 -1.525239 -0.294025 1.679686 0.833255 -14.218191 0.093216 1.300578 -34.211994 -0.28756 0.967166 -20.033173 0.964536 1.212838 -0.0 0.0 0.0 -3.440386 0.788233 0.501655 -15.928168 -3.167305 2.999702 -6.338816 -0.0 0.0 -18.123415 3.64818 -4.905661 -4e-06 0.0 -2e-06 -15.058469 17.953281 1.404225 35.522465 60.581299 -0.081156 -2.339326 58.656765 -2.256083 -30.254627 -15.261138 -25.273344 2.24354 -5.255033 -3.180155 14.282875 -0.826595 6.952495 0.0 -12.690593 -1e-06 15.677842 -17.127525 2.494175 1.665665 -1.95592 -2.878296 4.727794 -4.170584 4.993918 11.020509 0.0 -0.0 12.109029 -3.735715 -2.866777 -0.0 0.0 -0.0 1.291984 -1.928548 -1.498088 14.800112 0.567466 3.865604 14.242552 -1.341739 -6.660646 19.631929 0.14392 -0.648243 49.56744 -0.727084 -5.90029 0.353029 -1.511149 -0.03194 20.222765 3.684304 2.316628 18.787243 0.0 -0.0 10.751607 -0.47987 1.397902 0.0 0.0 0.0 3.273804 0.305947 -0.58011 21.486788 11.830361 2.266131 8.162914 -0.0 -0.0 18.399046 -3.798986 -4.940566 3e-06 0.0 -1e-06 16.367918 21.572342 -13.779908 -0.505712 -0.767591 29.0709 -18.43399 -12.998711 3.589351 1.71568 -1.745754 -4.393517 0.0 -0.0 2e-06 3.343797 -8.882387 -8.404792 0.005158 -0.048857 26.287724 -1.953897 -5.379228 -20.717438 -1.402735 1.073249 0.732223 0.0 -0.0 -1e-06 
0.0 0.0 0.0 0.0 -0.0 0.0 -35.650185 96.611122 -116.02018 2.13789 4.560736 3.201226 1.357983 -0.440041 4.859641 -0.790128 -0.059319 -2.996493 -3.464898 -3.813531 7.488265 -5.182202 4.142159 -1.641383 -0.036816 2.328214 -3.485039 0.064711 1.766508 -9.277969 7.7e-05 -2.2e-05 6e-06 -0.012554 -0.04073 0.071026 0.685631 -3.79834 -10.491707 -0.719442 3.723792 -10.472428 7.84991 -16.287552 3.625396 -36.466904 -57.145863 -11.612841 0.178298 -50.525967 -0.535351 12.450752 9.001356 -53.788738 -5.882102 9.861279 0.70259 -10.936858 -0.360574 7.156195 0.0 8.774814 0.0 -15.899454 18.631681 6.573465 -1.844031 2.498503 -2.507276 -10.163589 4.678941 4.621103 -20.975994 -0.0 1e-06 -21.226252 2.451699 -3.593994 0.0 -6e-06 -0.0 -1.36268 2.240796 -0.746323 -21.334888 0.58491 3.008318 -13.821193 -1e-06 1e-06 -23.887127 -0.249074 -0.839485 -60.833393 2.642851 -1.552516 -0.294025 1.679686 0.833255 -14.218191 0.093216 1.300578 -34.211994 -0.28756 0.967166 -20.033173 0.964536 1.212838 -0.0 0.0 0.0 -3.440386 0.788233 0.501655 -15.928168 -3.167305 2.999702 -6.338816 -0.0 0.0 -18.123415 3.64818 -4.905661 -4e-06 0.0 -2e-06 -16.091894 18.407434 0.694368 33.785141 62.937912 -1.747002 -1.702084 55.643528 -1.556624 -29.21957 -14.935412 -26.312662 2.24354 -5.255033 -3.180155 14.282875 -0.826595 6.952495 0.0 -12.690593 -1e-06 15.570053 -17.084816 2.510184 1.665665 -1.95592 -2.878296 4.727794 -4.170584 4.993918 11.020509 0.0 -0.0 12.109029 -3.735715 -2.866777 -0.0 0.0 -0.0 1.291984 -1.928548 -1.498088 14.800112 0.567466 3.865604 14.242552 -1.341739 -6.660646 19.631929 0.14392 -0.648243 49.49152 -0.71565 -5.904694 0.353029 -1.511149 -0.03194 20.222765 3.684304 2.316628 18.787243 0.0 -0.0 10.751607 -0.47987 1.397902 0.0 0.0 0.0 3.273804 0.305947 -0.58011 21.486788 11.830361 2.266131 8.162914 -0.0 -0.0 18.399046 -3.798986 -4.940566 3e-06 0.0 -1e-06 15.778345 21.613815 -15.636379 -0.486912 -0.719109 28.406595 -19.717203 -13.231668 2.686506 1.719029 -1.758706 -4.217575 0.0 -0.0 2e-06 3.608428 -8.794127 -9.441023 -0.011629 -0.09896 27.319365 -2.434919 -5.445218 -21.299242 -1.402481 1.085936 0.783078 0.0 -0.0 -1e-06 
0.0 0.0 0.0 0.0 -0.0 0.0 -36.049595 96.337875 -115.818192 2.112256 3.814197 3.887995 1.400458 -0.483028 5.131885 -0.758935 -0.08707 -2.906193 -3.334239 -3.811772 7.293577 -5.370785 4.134598 -2.116767 0.036475 2.648686 -3.478911 -0.075447 2.128368 -8.690849 7.7e-05 -2.2e-05 6e-06 -0.009126 -0.041892 0.048016 0.695448 -3.795858 -10.519736 -0.722602 3.720281 -10.507818 9.073863 -16.542065 3.048585 -33.397453 -58.247929 -15.693915 0.205619 -48.068367 -0.576371 11.48312 8.574495 -55.323872 -5.882102 9.861279 0.70259 -10.936858 -0.360574 7.156195 0.0 8.774814 0.0 -15.909773 18.612265 6.541524 -1.844031 2.498503 -2.507276 -10.163589 4.678941 4.621103 -20.975994 -0.0 1e-06 -21.226252 2.451699 -3.593994 0.0 -6e-06 -0.0 -1.36268 2.240796 -0.746323 -21.334888 0.58491 3.008318 -13.821193 -1e-06 1e-06 -23.887127 -0.249074 -0.839485 -60.756622 2.629843 -1.550251 -0.294025 1.679686 0.833255 -14.218191 0.093216 1.300578 -34.211994 -0.28756 0.967166 -20.033173 0.964536 1.212838 -0.0 0.0 0.0 -3.440386 0.788233 0.501655 -15.928168 -3.167305 2.999702 -6.338816 -0.0 0.0 -18.123415 3.64818 -4.905661 -4e-06 0.0 -2e-06 -16.845564 18.824778 0.079521 31.560907 64.961578 -3.996974 -1.174408 53.052223 -1.059431 -28.307533 -14.732821 -27.48361 2.24354 -5.255033 -3.180155 14.282875 -0.826595 6.952495 0.0 -12.690593 -1e-06 15.513266 -17.060509 2.550877 1.665665 -1.95592 -2.878296 4.727794 -4.170584 4.993918 11.020509 0.0 -0.0 12.109029 -3.735715 -2.866777 -0.0 0.0 -0.0 1.291984 -1.928548 -1.498088 14.800112 0.567466 3.865604 14.242552 -1.341739 -6.660646 19.631929 0.14392 -0.648243 49.515995 -0.680403 -5.878423 0.353029 -1.511149 -0.03194 20.222765 3.684304 2.316628 18.787243 0.0 -0.0 10.751607 -0.47987 1.397902 0.0 0.0 0.0 3.273804 0.305947 -0.58011 21.486788 11.830361 2.266131 8.162914 -0.0 -0.0 18.399046 -3.798986 -4.940566 3e-06 0.0 -1e-06 15.345101 20.785978 -17.143528 -0.458457 -0.672081 27.129749 -19.852198 -12.650676 1.693409 1.722425 -1.788308 -4.069734 0.0 -0.0 2e-06 3.944131 -8.573978 -10.683586 -0.024674 -0.14802 28.532291 -2.800485 -5.341363 -21.891752 -1.401755 1.100425 0.824912 0.0 -0.0 -1e-06 
0.0 0.0 0.0 0.0 -0.0 0.0 -36.255806 96.03405 -115.6847 1.99848 2.696216 4.608998 1.431855 -0.512647 5.430961 -0.717751 -0.098834 -2.817111 -3.165906 -3.786521 7.163905 -5.408104 4.022452 -2.886359 0.145251 3.116667 -3.451444 -0.222986 2.610772 -8.318281 7.7e-05 -2.2e-05 6e-06 -0.006449 -0.045097 0.029327 0.705162 -3.794446 -10.547076 -0.726845 3.713739 -10.545551 10.21602 -16.721165 2.532768 -29.894918 -58.73999 -19.994844 0.36329 -45.977291 -0.713544 10.606818 8.312952 -56.511993 -5.882102 9.861279 0.70259 -10.936858 -0.360574 7.156195 0.0 8.774814 0.0 -15.951487 18.605267 6.481928 -1.844031 2.498503 -2.507276 -10.163589 4.678941 4.621103 -20.975994 -0.0 1e-06 -21.226252 2.451699 -3.593994 0.0 -6e-06 -0.0 -1.36268 2.240796 -0.746323 -21.334888 0.58491 3.008318 -13.821193 -1e-06 1e-06 -23.887127 -0.249074 -0.839485 -60.701134 2.620934 -1.551787 -0.294025 1.679686 0.833255 -14.218191 0.093216 1.300578 -34.211994 -0.28756 0.967166 -20.033173 0.964536 1.212838 -0.0 0.0 0.0 -3.440386 0.788233 0.501655 -15.928168 -3.167305 2.999702 -6.338816 -0.0 0.0 -18.123415 3.64818 -4.905661 -4e-06 0.0 -2e-06 -17.644377 19.270855 -0.595352 28.819338 66.682571 -7.137031 -0.866855 50.755482 -0.854049 -27.57111 -14.578629 -28.92009 2.24354 -5.255033 -3.180155 14.282875 -0.826595 6.952495 0.0 -12.690593 -1e-06 15.469947 -17.040739 2.601455 1.665665 -1.95592 -2.878296 4.727794 -4.170584 4.993918 11.020509 0.0 -0.0 12.109029 -3.735715 -2.866777 -0.0 0.0 -0.0 1.291984 -1.928548 -1.498088 14.800112 0.567466 3.865604 14.242552 -1.341739 -6.660646 19.631929 0.14392 -0.648243 49.599304 -0.653956 -5.845646 0.353029 -1.511149 -0.03194 20.222765 3.684304 2.316628 18.787243 0.0 -0.0 10.751607 -0.47987 1.397902 0.0 0.0 0.0 3.273804 0.305947 -0.58011 21.486788 11.830361 2.266131 8.162914 -0.0 -0.0 18.399046 -3.798986 -4.940566 3e-06 0.0 -1e-06 15.112702 19.197033 -18.287868 -0.414945 -0.625512 25.703325 -19.409767 -11.660108 0.682114 1.725338 -1.844866 -3.730767 0.0 -0.0 2e-06 4.203502 -8.188484 -12.120798 -0.029116 -0.189391 29.967291 -3.004705 -5.080394 -22.527956 -1.401056 1.108033 0.866458 0.0 -0.0 -1e-06 
0.0 0.0 0.0 0.0 -0.0 0.0 -36.294907 95.718597 -115.630974 1.862796 1.250855 5.403535 1.426816 -0.522509 5.786862 -0.673709 -0.087424 -2.70174 -2.963279 -3.70658 7.060305 -5.352489 3.852122 -3.955672 0.278265 3.607026 -3.413924 -0.315851 3.188927 -8.124914 7.7e-05 -2.2e-05 6e-06 -0.002773 -0.061269 0.019164 0.720052 -3.802353 -10.568521 -0.734305 3.691434 -10.571719 11.263881 -16.82217 1.984761 -26.195864 -58.751812 -24.448021 0.600596 -44.178841 -0.905907 9.762511 8.218694 -57.452042 -5.882102 9.861279 0.70259 -10.936858 -0.360574 7.156195 0.0 8.774814 0.0 -16.072138 18.560392 6.383935 -1.844031 2.498503 -2.507276 -10.163589 4.678941 4.621103 -20.975994 -0.0 1e-06 -21.226252 2.451699 -3.593994 0.0 -6e-06 -0.0 -1.36268 2.240796 -0.746323 -21.334888 0.58491 3.008318 -13.821193 -1e-06 1e-06 -23.887127 -0.249074 -0.839485 -60.686901 2.610052 -1.569638 -0.294025 1.679686 0.833255 -14.218191 0.093216 1.300578 -34.211994 -0.28756 0.967166 -20.033173 0.964536 1.212838 -0.0 0.0 0.0 -3.440386 0.788233 0.501655 -15.928168 -3.167305 2.999702 -6.338816 -0.0 0.0 -18.123415 3.64818 -4.905661 -4e-06 0.0 -2e-06 -18.596947 19.762598 -1.398186 25.193638 68.20311 -11.539664 -0.688261 48.537533 -0.831547 -26.918034 -14.447737 -30.624731 2.24354 -5.255033 -3.180155 14.282875 -0.826595 6.952495 0.0 -12.690593 -1e-06 15.46201 -17.001999 2.632122 1.665665 -1.95592 -2.878296 4.727794 -4.170584 4.993918 11.020509 0.0 -0.0 12.109029 -3.735715 -2.866777 -0.0 0.0 -0.0 1.291984 -1.928548 -1.498088 14.800112 0.567466 3.865604 14.242552 -1.341739 -6.660646 19.631929 0.14392 -0.648243 49.671593 -0.657985 -5.811839 0.353029 -1.511149 -0.03194 20.222765 3.684304 2.316628 18.787243 0.0 -0.0 10.751607 -0.47987 1.397902 0.0 0.0 0.0 3.273804 0.305947 -0.58011 21.486788 11.830361 2.266131 8.162914 -0.0 -0.0 18.399046 -3.798986 -4.940566 3e-06 0.0 -1e-06 15.027424 17.184479 -19.196049 -0.352331 -0.556808 24.631798 -18.718273 -10.316034 -0.10125 1.729472 -1.891235 -3.293317 0.0 -0.0 2e-06 4.340412 -7.614854 -13.779423 -0.034642 -0.232583 31.576197 -3.059873 -4.732614 -23.225517 -1.401913 1.113816 0.930793 0.0 -0.0 -1e-06 
0.0 0.0 0.0 0.0 -0.0 0.0 -36.153217 95.353271 -115.69017 1.675285 -0.320865 6.297635 1.378294 -0.529763 6.267982 -0.623192 -0.136465 -2.547966 -2.680498 -3.656193 6.882899 -5.230532 3.733233 -5.166212 0.588602 4.342555 -3.435804 -0.535519 3.809561 -8.163524 7.7e-05 -2.2e-05 6e-06 0.004738 -0.03338 0.026832 0.739641 -3.76423 -10.60174 -0.740188 3.709978 -10.60456 12.145945 -16.58543 1.57749 -22.218987 -58.582813 -29.596823 0.361576 -42.62352 -0.586641 8.924398 8.350892 -58.240936 -5.882102 9.861279 0.70259 -10.936858 -0.360574 7.156195 0.0 8.774814 0.0 -16.235258 18.416569 6.421564 -1.844031 2.498503 -2.507276 -10.163589 4.678941 4.621103 -20.975994 -0.0 1e-06 -21.226252 2.451699 -3.593994 0.0 -6e-06 -0.0 -1.36268 2.240796 -0.746323 -21.334888 0.58491 3.008318 -13.821193 -1e-06 1e-06 -23.887127 -0.249074 -0.839485 -60.876446 2.616652 -1.525849 -0.294025 1.679686 0.833255 -14.218191 0.093216 1.300578 -34.211994 -0.28756 0.967166 -20.033173 0.964536 1.212838 -0.0 0.0 0.0 -3.440386 0.788233 0.501655 -15.928168 -3.167305 2.999702 -6.338816 -0.0 0.0 -18.123415 3.64818 -4.905661 -4e-06 0.0 -2e-06 -19.717476 20.484329 -2.109077 19.678341 69.610565 -17.784 -0.900752 46.169224 -1.026181 -26.273436 -14.460217 -32.972828 2.24354 -5.255033 -3.180155 14.282875 -0.826595 6.952495 0.0 -12.690593 -1e-06 15.413206 -17.012026 2.657245 1.665665 -1.95592 -2.878296 4.727794 -4.170584 4.993918 11.020509 0.0 -0.0 12.109029 -3.735715 -2.866777 -0.0 0.0 -0.0 1.291984 -1.928548 -1.498088 14.800112 0.567466 3.865604 14.242552 -1.341739 -6.660646 19.631929 0.14392 -0.648243 49.694839 -0.601996 -5.763808 0.353029 -1.511149 -0.03194 20.222765 3.684304 2.316628 18.787243 0.0 -0.0 10.751607 -0.47987 1.397902 0.0 0.0 0.0 3.273804 0.305947 -0.58011 21.486788 11.830361 2.266131 8.162914 -0.0 -0.0 18.399046 -3.798986 -4.940566 3e-06 0.0 -1e-06 15.099761 14.790488 -20.106113 -0.382186 -0.595376 24.570652 -18.012545 -7.512404 -1.70358 1.68172 -1.927997 -2.866423 0.0 -0.0 2e-06 4.40899 -6.818851 -15.768542 -0.018586 -0.248228 33.483482 -3.156636 -4.364582 -23.974367 -1.402963 1.028285 1.112702 0.0 -0.0 -1e-06 
0.0 0.0 0.0 0.0 -0.0 0.0 -36.008911 95.030083 -115.957977 1.64768 -1.77401 7.260176 1.246837 -0.483326 6.879012 -0.624481 -0.107185 -2.333795 -2.46072 -3.60108 6.751401 -4.911114 3.539744 -6.482161 0.755183 4.765264 -3.413197 -0.726834 4.469692 -8.714827 7.7e-05 -2.2e-05 6e-06 0.006369 -0.050989 0.024737 0.751379 -3.779077 -10.643554 -0.748767 3.690929 -10.647556 13.340495 -16.520195 0.950262 -18.461788 -58.171772 -34.280415 0.649591 -41.081955 -0.67423 8.206428 8.4493 -59.463547 -5.882102 9.861279 0.70259 -10.936858 -0.360574 7.156195 0.0 8.774814 0.0 -16.303396 18.497385 6.365679 -1.844031 2.498503 -2.507276 -10.163589 4.678941 4.621103 -20.975994 -0.0 1e-06 -21.226252 2.451699 -3.593994 0.0 -6e-06 -0.0 -1.36268 2.240796 -0.746323 -21.334888 0.58491 3.008318 -13.821193 -1e-06 1e-06 -23.887127 -0.249074 -0.839485 -60.89706 2.621204 -1.564322 -0.294025 1.679686 0.833255 -14.218191 0.093216 1.300578 -34.211994 -0.28756 0.967166 -20.033173 0.964536 1.212838 -0.0 0.0 0.0 -3.440386 0.788233 0.501655 -15.928168 -3.167305 2.999702 -6.338816 -0.0 0.0 -18.123415 3.64818 -4.905661 -4e-06 0.0 -2e-06 -20.946064 20.961172 -3.109762 12.806091 70.801239 -25.732338 -0.621671 43.507244 -0.917025 -25.708534 -14.570757 -35.308002 2.24354 -5.255033 -3.180155 14.282875 -0.826595 6.952495 0.0 -12.690593 -1e-06 15.474892 -17.076344 2.605106 1.665665 -1.95592 -2.878296 4.727794 -4.170584 4.993918 11.020509 0.0 -0.0 12.109029 -3.735715 -2.866777 -0.0 0.0 -0.0 1.291984 -1.928548 -1.498088 14.800112 0.567466 3.865604 14.242552 -1.341739 -6.660646 19.631929 0.14392 -0.648243 49.653145 -0.675088 -5.832339 0.353029 -1.511149 -0.03194 20.222765 3.684304 2.316628 18.787243 0.0 -0.0 10.751607 -0.47987 1.397902 0.0 0.0 0.0 3.273804 0.305947 -0.58011 21.486788 11.830361 2.266131 8.162914 -0.0 -0.0 18.399046 -3.798986 -4.940566 3e-06 0.0 -1e-06 14.98419 13.867324 -21.286516 -0.311477 -0.566642 25.683432 -17.806023 -5.793404 -3.674795 1.666707 -1.991826 -2.355278 0.0 -0.0 2e-06 4.347142 -5.877248 -17.982279 -0.052008 -0.260931 35.383469 -3.17628 -4.244983 -24.426426 -1.399058 0.973262 1.07111 0.0 -0.0 -1e-06 
0.0 0.0 0.0 0.0 -0.0 0.0 -35.850067 94.763885 -116.412262 1.677712 -2.73336 8.235137 1.14472 -0.45533 7.566783 -0.625016 -0.124393 -2.083227 -2.338996 -3.631648 6.715806 -4.482441 3.37695 -7.716612 0.87854 5.04609 -3.40772 -0.962219 4.974041 -9.292414 7.7e-05 -2.2e-05 6e-06 0.00672 -0.058482 0.019274 0.749021 -3.783828 -10.673455 -0.745712 3.681414 -10.679789 14.780606 -16.592682 0.321763 -14.660122 -57.664448 -39.23938 0.837748 -39.339603 -0.754218 7.701064 8.622722 -60.800732 -5.882102 9.861279 0.70259 -10.936858 -0.360574 7.156195 0.0 8.774814 0.0 -16.372782 18.530167 6.330944 -1.844031 2.498503 -2.507276 -10.163589 4.678941 4.621103 -20.975994 -0.0 1e-06 -21.226252 2.451699 -3.593994 0.0 -6e-06 -0.0 -1.36268 2.240796 -0.746323 -21.334888 0.58491 3.008318 -13.821193 -1e-06 1e-06 -23.887127 -0.249074 -0.839485 -61.021347 2.627527 -1.628094 -0.294025 1.679686 0.833255 -14.218191 0.093216 1.300578 -34.211994 -0.28756 0.967166 -20.033173 0.964536 1.212838 -0.0 0.0 0.0 -3.440386 0.788233 0.501655 -15.928168 -3.167305 2.999702 -6.338816 -0.0 0.0 -18.123415 3.64818 -4.905661 -4e-06 0.0 -2e-06 -22.378363 21.315384 -4.144358 4.70734 71.599777 -34.938946 -0.296146 40.6101 -0.766395 -25.136456 -14.794837 -37.971752 2.24354 -5.255033 -3.180155 14.282875 -0.826595 6.952495 0.0 -12.690593 -1e-06 15.586774 -17.131149 2.565929 1.665665 -1.95592 -2.878296 4.727794 -4.170584 4.993918 11.020509 0.0 -0.0 12.109029 -3.735715 -2.866777 -0.0 0.0 -0.0 1.291984 -1.928548 -1.498088 14.800112 0.567466 3.865604 14.242552 -1.341739 -6.660646 19.631929 0.14392 -0.648243 49.659405 -0.733915 -5.84946 0.353029 -1.511149 -0.03194 20.222765 3.684304 2.316628 18.787243 0.0 -0.0 10.751607 -0.47987 1.397902 0.0 0.0 0.0 3.273804 0.305947 -0.58011 21.486788 11.830361 2.266131 8.162914 -0.0 -0.0 18.399046 -3.798986 -4.940566 3e-06 0.0 -1e-06 14.674535 13.834252 -22.95232 -0.284764 -0.547327 27.021519 -17.594179 -5.017837 -4.798673 1.658003 -2.018802 -2.084797 0.0 -0.0 2e-06 4.261611 -5.186143 -20.231752 -0.07683 -0.267232 37.073879 -3.151948 -4.233118 -24.704893 -1.392981 0.953924 1.042857 0.0 -0.0 -1e-06 
0.0 0.0 0.0 0.0 -0.0 0.0 -35.703094 94.559631 -116.989342 1.69798 -3.137024 9.189674 1.086353 -0.473028 8.282771 -0.615344 -0.194403 -1.817359 -2.229679 -3.705638 6.738913 -3.880144 3.241601 -8.727757 0.929283 5.133204 -3.411409 -1.259516 5.302422 -9.79749 7.7e-05 -2.2e-05 6e-06 0.007312 -0.067462 0.013905 0.739162 -3.789916 -10.691087 -0.734586 3.669647 -10.699997 16.398602 -16.779718 -0.317274 -11.135936 -57.131538 -44.072201 0.958163 -37.431103 -0.820757 7.336579 8.769712 -62.297024 -5.882102 9.861279 0.70259 -10.936858 -0.360574 7.156195 0.0 8.774814 0.0 -16.386869 18.523329 6.284293 -1.844031 2.498503 -2.507276 -10.163589 4.678941 4.621103 -20.975994 -0.0 1e-06 -21.226252 2.451699 -3.593994 0.0 -6e-06 -0.0 -1.36268 2.240796 -0.746323 -21.334888 0.58491 3.008318 -13.821193 -1e-06 1e-06 -23.887127 -0.249074 -0.839485 -61.047127 2.649107 -1.692775 -0.294025 1.679686 0.833255 -14.218191 0.093216 1.300578 -34.211994 -0.28756 0.967166 -20.033173 0.964536 1.212838 -0.0 0.0 0.0 -3.440386 0.788233 0.501655 -15.928168 -3.167305 2.999702 -6.338816 -0.0 0.0 -18.123415 3.64818 -4.905661 -4e-06 0.0 -2e-06 -23.777121 21.459753 -5.071864 -3.899507 71.958839 -44.418472 -0.090041 37.597027 -0.723674 -24.374601 -15.034485 -40.718124 2.24354 -5.255033 -3.180155 14.282875 -0.826595 6.952495 0.0 -12.690593 -1e-06 15.761954 -17.19429 2.53282 1.665665 -1.95592 -2.878296 4.727794 -4.170584 4.993918 11.020509 0.0 -0.0 12.109029 -3.735715 -2.866777 -0.0 0.0 -0.0 1.291984 -1.928548 -1.498088 14.800112 0.567466 3.865604 14.242552 -1.341739 -6.660646 19.631929 0.14392 -0.648243 49.686466 -0.771323 -5.888409 0.353029 -1.511149 -0.03194 20.222765 3.684304 2.316628 18.787243 0.0 -0.0 10.751607 -0.47987 1.397902 0.0 0.0 0.0 3.273804 0.305947 -0.58011 21.486788 11.830361 2.266131 8.162914 -0.0 -0.0 18.399046 -3.798986 -4.940566 3e-06 0.0 -1e-06 14.291522 14.144766 -24.751329 -0.284875 -0.530236 28.006922 -17.428452 -4.844044 -5.248332 1.649745 -2.004169 -1.855993 0.0 -0.0 2e-06 4.254906 -4.738308 -22.373341 -0.088901 -0.261489 38.44313 -3.072265 -4.406886 -24.82543 -1.388372 0.968232 1.101061 0.0 -0.0 -1e-06 
0.0 0.0 0.0 0.0 -0.0 0.0 -35.570877 94.398422 -117.643478 1.697684 -3.10613 10.121608 1.050274 -0.511868 8.976664 -0.606416 -0.2879 -1.555851 -2.07047 -3.799034 6.776481 -3.138725 3.146551 -9.470558 0.911639 5.066045 -3.424645 -1.565555 5.439913 -10.222846 7.7e-05 -2.2e-05 6e-06 0.009911 -0.086762 0.0095 0.730975 -3.80632 -10.700596 -0.721074 3.647026 -10.713081 17.981695 -17.024773 -0.923871 -7.906563 -56.664986 -48.58287 0.982433 -35.565662 -0.834618 7.046241 8.866424 -63.800354 -5.882102 9.861279 0.70259 -10.936858 -0.360574 7.156195 0.0 8.774814 0.0 -16.346785 18.48938 6.254372 -1.844031 2.498503 -2.507276 -10.163589 4.678941 4.621103 -20.975994 -0.0 1e-06 -21.226252 2.451699 -3.593994 0.0 -6e-06 -0.0 -1.36268 2.240796 -0.746323 -21.334888 0.58491 3.008318 -13.821193 -1e-06 1e-06 -23.887127 -0.249074 -0.839485 -60.9823 2.691665 -1.720368 -0.294025 1.679686 0.833255 -14.218191 0.093216 1.300578 -34.211994 -0.28756 0.967166 -20.033173 0.964536 1.212838 -0.0 0.0 0.0 -3.440386 0.788233 0.501655 -15.928168 -3.167305 2.999702 -6.338816 -0.0 0.0 -18.123415 3.64818 -4.905661 -4e-06 0.0 -2e-06 -24.948633 21.446392 -5.891454 -11.731519 71.83799 -53.028973 0.075843 34.80201 -0.710574 -23.552361 -15.169956 -43.082146 2.24354 -5.255033 -3.180155 14.282875 -0.826595 6.952495 0.0 -12.690593 -1e-06 15.943919 -17.253731 2.507783 1.665665 -1.95592 -2.878296 4.727794 -4.170584 4.993918 11.020509 0.0 -0.0 12.109029 -3.735715 -2.866777 -0.0 0.0 -0.0 1.291984 -1.928548 -1.498088 14.800112 0.567466 3.865604 14.242552 -1.341739 -6.660646 19.631929 0.14392 -0.648243 49.671062 -0.801403 -5.939059 0.353029 -1.511149 -0.03194 20.222765 3.684304 2.316628 18.787243 0.0 -0.0 10.751607 -0.47987 1.397902 0.0 0.0 0.0 3.273804 0.305947 -0.58011 21.486788 11.830361 2.266131 8.162914 -0.0 -0.0 18.399046 -3.798986 -4.940566 3e-06 0.0 -1e-06 13.877048 14.49296 -26.600077 -0.288527 -0.518068 28.65597 -17.304583 -4.957534 -5.361914 1.642262 -1.968017 -1.650089 0.0 -0.0 2e-06 4.32783 -4.430799 -24.406626 -0.095681 -0.24929 39.562103 -2.947398 -4.734753 -24.845438 -1.385205 0.99444 1.227413 0.0 -0.0 -1e-06 
0.0 0.0 0.0 0.0 -0.0 0.0 -35.415104 94.270432 -118.304695 1.67679 -2.815296 10.997154 1.021391 -0.547334 9.609568 -0.600132 -0.386913 -1.31459 -1.862875 -3.891712 6.8201 -2.348473 3.075296 -9.963759 0.852771 4.916869 -3.435104 -1.82205 5.422606 -10.563496 7.7e-05 -2.2e-05 6e-06 0.013511 -0.114621 0.012772 0.727883 -3.833208 -10.702982 -0.710673 3.617859 -10.716945 19.33795 -17.255266 -1.479467 -5.051453 -56.341873 -52.547985 0.904311 -34.035141 -0.780219 6.796789 8.948656 -65.03936 -5.882102 9.861279 0.70259 -10.936858 -0.360574 7.156195 0.0 8.774814 0.0 -16.291857 18.491848 6.269955 -1.844031 2.498503 -2.507276 -10.163589 4.678941 4.621103 -20.975994 -0.0 1e-06 -21.226252 2.451699 -3.593994 0.0 -6e-06 -0.0 -1.36268 2.240796 -0.746323 -21.334888 0.58491 3.008318 -13.821193 -1e-06 1e-06 -23.887127 -0.249074 -0.839485 -60.953667 2.73148 -1.718016 -0.294025 1.679686 0.833255 -14.218191 0.093216 1.300578 -34.211994 -0.28756 0.967166 -20.033173 0.964536 1.212838 -0.0 0.0 0.0 -3.440386 0.788233 0.501655 -15.928168 -3.167305 2.999702 -6.338816 -0.0 0.0 -18.123415 3.64818 -4.905661 -4e-06 0.0 -2e-06 -25.780741 21.345346 -6.575199 -17.713345 71.363876 -59.765602 0.177424 32.63065 -0.643932 -22.919123 -15.211888 -44.901882 2.24354 -5.255033 -3.180155 14.282875 -0.826595 6.952495 0.0 -12.690593 -1e-06 16.039183 -17.264809 2.498495 1.665665 -1.95592 -2.878296 4.727794 -4.170584 4.993918 11.020509 0.0 -0.0 12.109029 -3.735715 -2.866777 -0.0 0.0 -0.0 1.291984 -1.928548 -1.498088 14.800112 0.567466 3.865604 14.242552 -1.341739 -6.660646 19.631929 0.14392 -0.648243 49.597004 -0.814999 -5.958315 0.353029 -1.511149 -0.03194 20.222765 3.684304 2.316628 18.787243 0.0 -0.0 10.751607 -0.47987 1.397902 0.0 0.0 0.0 3.273804 0.305947 -0.58011 21.486788 11.830361 2.266131 8.162914 -0.0 -0.0 18.399046 -3.798986 -4.940566 3e-06 0.0 -1e-06 13.443943 14.806104 -28.446711 -0.295177 -0.511296 29.188444 -17.170897 -5.203308 -5.27216 1.637488 -1.937197 -1.495387 0.0 -0.0 2e-06 4.417983 -4.182078 -26.273544 -0.100641 -0.239501 40.474911 -2.761476 -5.173627 -24.812794 -1.384595 1.019818 1.400171 0.0 -0.0 -1e-06 
0.0 0.0 0.0 0.0 -0.0 0.0 -35.211388 94.167107 -118.920303 1.659776 -2.404652 11.80388 0.980432 -0.573885 10.185731 -0.58861 -0.488557 -1.089105 -1.63322 -3.9787 6.880548 -1.529761 2.997509 -10.305079 0.787631 4.76744 -3.443524 -2.062904 5.322929 -10.801269 7.7e-05 -2.2e-05 6e-06 0.015901 -0.131555 0.018784 0.726998 -3.850894 -10.704575 -0.704988 3.601712 -10.717352 20.466032 -17.447571 -1.979666 -2.507469 -56.183582 -56.109997 0.715208 -32.880341 -0.658725 6.614246 9.038942 -66.003448 -5.882102 9.861279 0.70259 -10.936858 -0.360574 7.156195 0.0 8.774814 0.0 -16.228903 18.516834 6.297951 -1.844031 2.498503 -2.507276 -10.163589 4.678941 4.621103 -20.975994 -0.0 1e-06 -21.226252 2.451699 -3.593994 0.0 -6e-06 -0.0 -1.36268 2.240796 -0.746323 -21.334888 0.58491 3.008318 -13.821193 -1e-06 1e-06 -23.887127 -0.249074 -0.839485 -60.905666 2.738324 -1.70022 -0.294025 1.679686 0.833255 -14.218191 0.093216 1.300578 -34.211994 -0.28756 0.967166 -20.033173 0.964536 1.212838 -0.0 0.0 0.0 -3.440386 0.788233 0.501655 -15.928168 -3.167305 2.999702 -6.338816 -0.0 0.0 -18.123415 3.64818 -4.905661 -4e-06 0.0 -2e-06 -26.337011 21.198851 -7.124262 -21.854097 70.701653 -64.613258 0.185809 31.126213 -0.574194 -22.511652 -15.194463 -46.13945 2.24354 -5.255033 -3.180155 14.282875 -0.826595 6.952495 0.0 -12.690593 -1e-06 16.026901 -17.238457 2.514579 1.665665 -1.95592 -2.878296 4.727794 -4.170584 4.993918 11.020509 0.0 -0.0 12.109029 -3.735715 -2.866777 -0.0 0.0 -0.0 1.291984 -1.928548 -1.498088 14.800112 0.567466 3.865604 14.242552 -1.341739 -6.660646 19.631929 0.14392 -0.648243 49.519932 -0.816432 -5.943383 0.353029 -1.511149 -0.03194 20.222765 3.684304 2.316628 18.787243 0.0 -0.0 10.751607 -0.47987 1.397902 0.0 0.0 0.0 3.273804 0.305947 -0.58011 21.486788 11.830361 2.266131 8.162914 -0.0 -0.0 18.399046 -3.798986 -4.940566 3e-06 0.0 -1e-06 12.979246 15.043046 -30.237999 -0.30783 -0.511644 29.716524 -17.00572 -5.451278 -5.091801 1.63632 -1.92775 -1.385048 0.0 -0.0 2e-06 4.456743 -3.960549 -27.958235 -0.104183 -0.232778 41.239101 -2.547399 -5.675323 -24.751852 -1.38642 1.034986 1.568525 0.0 -0.0 -1e-06 
0.0 0.0 0.0 0.0 -0.0 0.0 -34.943314 94.091644 -119.466042 1.655645 -2.006758 12.50813 0.929529 -0.6007 10.73286 -0.570308 -0.581525 -0.877372 -1.4201 -4.056192 6.962002 -0.743985 2.884141 -10.567695 0.75679 4.677012 -3.446357 -2.30926 5.250334 -10.958439 7.7e-05 -2.2e-05 6e-06 0.016299 -0.13872 0.019965 0.725721 -3.859777 -10.712071 -0.702947 3.596622 -10.722923 21.478106 -17.568546 -2.466924 -0.465923 -56.107117 -59.073563 0.51091 -32.104687 -0.527732 6.452221 9.138059 -66.732597 -5.882102 9.861279 0.70259 -10.936858 -0.360574 7.156195 0.0 8.774814 0.0 -16.194937 18.557482 6.328696 -1.844031 2.498503 -2.507276 -10.163589 4.678941 4.621103 -20.975994 -0.0 1e-06 -21.226252 2.451699 -3.593994 0.0 -6e-06 -0.0 -1.36268 2.240796 -0.746323 -21.334888 0.58491 3.008318 -13.821193 -1e-06 1e-06 -23.887127 -0.249074 -0.839485 -60.861637 2.736516 -1.671667 -0.294025 1.679686 0.833255 -14.218191 0.093216 1.300578 -34.211994 -0.28756 0.967166 -20.033173 0.964536 1.212838 -0.0 0.0 0.0 -3.440386 0.788233 0.501655 -15.928168 -3.167305 2.999702 -6.338816 -0.0 0.0 -18.123415 3.64818 -4.905661 -4e-06 0.0 -2e-06 -26.749096 21.03651 -7.587529 -24.447905 69.983109 -67.876221 0.157651 30.229561 -0.480275 -22.194559 -15.195556 -46.892941 2.24354 -5.255033 -3.180155 14.282875 -0.826595 6.952495 0.0 -12.690593 -1e-06 15.968955 -17.203606 2.538543 1.665665 -1.95592 -2.878296 4.727794 -4.170584 4.993918 11.020509 0.0 -0.0 12.109029 -3.735715 -2.866777 -0.0 0.0 -0.0 1.291984 -1.928548 -1.498088 14.800112 0.567466 3.865604 14.242552 -1.341739 -6.660646 19.631929 0.14392 -0.648243 49.482819 -0.797267 -5.920808 0.353029 -1.511149 -0.03194 20.222765 3.684304 2.316628 18.787243 0.0 -0.0 10.751607 -0.47987 1.397902 0.0 0.0 0.0 3.273804 0.305947 -0.58011 21.486788 11.830361 2.266131 8.162914 -0.0 -0.0 18.399046 -3.798986 -4.940566 3e-06 0.0 -1e-06 12.490351 15.196594 -31.886538 -0.31545 -0.510368 30.285521 -16.752504 -5.668536 -4.885602 1.636985 -1.933322 -1.3352 0.0 -0.0 2e-06 4.409478 -3.795284 -29.417744 -0.10761 -0.224091 41.864574 -2.310604 -6.115455 -24.664206 -1.388349 1.041717 1.68198 0.0 -0.0 -1e-06 
0.0 0.0 0.0 0.0 -0.0 0.0 -34.613846 94.043549 -119.952286 1.661503 -1.738387 13.113036 0.872239 -0.616649 11.245682 -0.551454 -0.645131 -0.681452 -1.245166 -4.116457 7.061209 -0.060934 2.779944 -10.782294 0.742309 4.645687 -3.444754 -2.537323 5.203038 -11.068883 7.7e-05 -2.2e-05 6e-06 0.016053 -0.138966 0.012486 0.72651 -3.860592 -10.721345 -0.70429 3.597245 -10.733579 22.366123 -17.570696 -2.894022 1.152941 -56.06908 -61.493114 0.341391 -31.643566 -0.425447 6.272164 9.264262 -67.240082 -5.882102 9.861279 0.70259 -10.936858 -0.360574 7.156195 0.0 8.774814 0.0 -16.19483 18.590519 6.358224 -1.844031 2.498503 -2.507276 -10.163589 4.678941 4.621103 -20.975994 -0.0 1e-06 -21.226252 2.451699 -3.593994 0.0 -6e-06 -0.0 -1.36268 2.240796 -0.746323 -21.334888 0.58491 3.008318 -13.821193 -1e-06 1e-06 -23.887127 -0.249074 -0.839485 -60.805275 2.731517 -1.633823 -0.294025 1.679686 0.833255 -14.218191 0.093216 1.300578 -34.211994 -0.28756 0.967166 -20.033173 0.964536 1.212838 -0.0 0.0 0.0 -3.440386 0.788233 0.501655 -15.928168 -3.167305 2.999702 -6.338816 -0.0 0.0 -18.123415 3.64818 -4.905661 -4e-06 0.0 -2e-06 -27.106289 20.898041 -7.954801 -26.052853 69.248802 -70.092621 0.121667 29.795256 -0.40088 -21.943562 -15.222736 -47.295872 2.24354 -5.255033 -3.180155 14.282875 -0.826595 6.952495 0.0 -12.690593 -1e-06 15.901977 -17.180906 2.570845 1.665665 -1.95592 -2.878296 4.727794 -4.170584 4.993918 11.020509 0.0 -0.0 12.109029 -3.735715 -2.866777 -0.0 0.0 -0.0 1.291984 -1.928548 -1.498088 14.800112 0.567466 3.865604 14.242552 -1.341739 -6.660646 19.631929 0.14392 -0.648243 49.486923 -0.760323 -5.883985 0.353029 -1.511149 -0.03194 20.222765 3.684304 2.316628 18.787243 0.0 -0.0 10.751607 -0.47987 1.397902 0.0 0.0 0.0 3.273804 0.305947 -0.58011 21.486788 11.830361 2.266131 8.162914 -0.0 -0.0 18.399046 -3.798986 -4.940566 3e-06 0.0 -1e-06 12.001344 15.25936 -33.324867 -0.317307 -0.508456 30.841898 -16.463411 -5.778668 -4.683341 1.638481 -1.945698 -1.303075 0.0 -0.0 2e-06 4.275094 -3.664768 -30.678215 -0.10748 -0.20612 42.372246 -2.045816 -6.436983 -24.532545 -1.389305 1.041847 1.732428 0.0 -0.0 -1e-06 
0.0 0.0 0.0 0.0 -0.0 0.0 -34.207874 94.017097 -120.427391 1.668758 -1.620791 13.664282 0.813852 -0.61334 11.721854 -0.533125 -0.680427 -0.49834 -1.101894 -4.140125 7.149075 0.486124 2.690965 -10.963737 0.727221 4.65427 -3.444777 -2.72137 5.193801 -11.140387 7.7e-05 -2.2e-05 6e-06 0.015477 -0.133219 0.000878 0.728696 -3.855099 -10.730804 -0.70771 3.603658 -10.746272 23.10194 -17.489521 -3.280663 2.402221 -56.035343 -63.469635 0.18532 -31.429279 -0.334058 6.096685 9.450535 -67.63427 -5.882102 9.861279 0.70259 -10.936858 -0.360574 7.156195 0.0 8.774814 0.0 -16.224062 18.603123 6.354497 -1.844031 2.498503 -2.507276 -10.163589 4.678941 4.621103 -20.975994 -0.0 1e-06 -21.226252 2.451699 -3.593994 0.0 -6e-06 -0.0 -1.36268 2.240796 -0.746323 -21.334888 0.58491 3.008318 -13.821193 -1e-06 1e-06 -23.887127 -0.249074 -0.839485 -60.744568 2.72745 -1.597424 -0.294025 1.679686 0.833255 -14.218191 0.093216 1.300578 -34.211994 -0.28756 0.967166 -20.033173 0.964536 1.212838 -0.0 0.0 0.0 -3.440386 0.788233 0.501655 -15.928168 -3.167305 2.999702 -6.338816 -0.0 0.0 -18.123415 3.64818 -4.905661 -4e-06 0.0 -2e-06 -27.387205 20.785597 -8.234018 -27.172815 68.542 -71.730042 0.072784 29.621056 -0.350854 -21.746277 -15.279591 -47.513302 2.24354 -5.255033 -3.180155 14.282875 -0.826595 6.952495 0.0 -12.690593 -1e-06 15.848305 -17.169758 2.597332 1.665665 -1.95592 -2.878296 4.727794 -4.170584 4.993918 11.020509 0.0 -0.0 12.109029 -3.735715 -2.866777 -0.0 0.0 -0.0 1.291984 -1.928548 -1.498088 14.800112 0.567466 3.865604 14.242552 -1.341739 -6.660646 19.631929 0.14392 -0.648243 49.50671 -0.728528 -5.860759 0.353029 -1.511149 -0.03194 20.222765 3.684304 2.316628 18.787243 0.0 -0.0 10.751607 -0.47987 1.397902 0.0 0.0 0.0 3.273804 0.305947 -0.58011 21.486788 11.830361 2.266131 8.162914 -0.0 -0.0 18.399046 -3.798986 -4.940566 3e-06 0.0 -1e-06 11.490704 15.288498 -34.633698 -0.316698 -0.500583 31.388163 -16.149521 -5.795458 -4.696231 1.638949 -1.950519 -1.270701 0.0 -0.0 2e-06 4.059038 -3.552952 -31.848862 -0.104686 -0.182984 42.808159 -1.748523 -6.631663 -24.359325 -1.388934 1.040264 1.726435 0.0 -0.0 -1e-06 
0.0 0.0 0.0 0.0 -0.0 0.0 -33.722279 93.993156 -120.903946 1.671697 -1.619997 14.188573 0.761183 -0.592661 12.15653 -0.514764 -0.689842 -0.325108 -0.979605 -4.133765 7.206066 0.886174 2.630689 -11.130235 0.711488 4.658792 -3.452846 -2.864267 5.225076 -11.225606 7.7e-05 -2.2e-05 6e-06 0.015132 -0.131178 -0.008373 0.731674 -3.852804 -10.739923 -0.711547 3.606173 -10.758093 23.706005 -17.372784 -3.632177 3.325016 -55.987633 -65.079956 0.067821 -31.426748 -0.25452 5.951747 9.710785 -68.100502 -5.882102 9.861279 0.70259 -10.936858 -0.360574 7.156195 0.0 8.774814 0.0 -16.236883 18.597319 6.336421 -1.844031 2.498503 -2.507276 -10.163589 4.678941 4.621103 -20.975994 -0.0 1e-06 -21.226252 2.451699 -3.593994 0.0 -6e-06 -0.0 -1.36268 2.240796 -0.746323 -21.334888 0.58491 3.008318 -13.821193 -1e-06 1e-06 -23.887127 -0.249074 -0.839485 -60.682331 2.720579 -1.573755 -0.294025 1.679686 0.833255 -14.218191 0.093216 1.300578 -34.211994 -0.28756 0.967166 -20.033173 0.964536 1.212838 -0.0 0.0 0.0 -3.440386 0.788233 0.501655 -15.928168 -3.167305 2.999702 -6.338816 -0.0 0.0 -18.123415 3.64818 -4.905661 -4e-06 0.0 -2e-06 -27.648912 20.687735 -8.472994 -27.956146 67.882729 -72.952789 -0.034904 29.595291 -0.362554 -21.585779 -15.374268 -47.615128 2.24354 -5.255033 -3.180155 14.282875 -0.826595 6.952495 0.0 -12.690593 -1e-06 15.807261 -17.158445 2.595384 1.665665 -1.95592 -2.878296 4.727794 -4.170584 4.993918 11.020509 0.0 -0.0 12.109029 -3.735715 -2.866777 -0.0 0.0 -0.0 1.291984 -1.928548 -1.498088 14.800112 0.567466 3.865604 14.242552 -1.341739 -6.660646 19.631929 0.14392 -0.648243 49.503563 -0.710382 -5.872056 0.353029 -1.511149 -0.03194 20.222765 3.684304 2.316628 18.787243 0.0 -0.0 10.751607 -0.47987 1.397902 0.0 0.0 0.0 3.273804 0.305947 -0.58011 21.486788 11.830361 2.266131 8.162914 -0.0 -0.0 18.399046 -3.798986 -4.940566 3e-06 0.0 -1e-06 10.944764 15.315347 -35.882786 -0.314395 -0.488136 31.952538 -15.813464 -5.718553 -4.634326 1.641409 -1.957832 -1.210367 0.0 -0.0 2e-06 3.773752 -3.455673 -32.997204 -0.0959 -0.154376 43.235828 -1.451339 -6.716522 -24.181459 -1.388589 1.038355 1.714984 0.0 -0.0 -1e-06 
0.0 0.0 0.0 0.0 -0.0 0.0 -33.164474 93.982796 -121.371117 1.663824 -1.697372 14.696021 0.715279 -0.56341 12.548192 -0.497906 -0.675964 -0.166604 -0.878871 -4.124941 7.246216 1.159163 2.602045 -11.297461 0.696016 4.651348 -3.452871 -2.957554 5.267602 -11.34964 7.7e-05 -2.2e-05 6e-06 0.015476 -0.129399 -0.014478 0.73607 -3.849977 -10.744494 -0.715482 3.60752 -10.765793 24.152885 -17.241867 -3.942861 4.02234 -55.916855 -66.445244 -0.02939 -31.613047 -0.160609 5.830963 10.004954 -68.540688 -5.882102 9.861279 0.70259 -10.936858 -0.360574 7.156195 0.0 8.774814 0.0 -16.224941 18.588511 6.320732 -1.844031 2.498503 -2.507276 -10.163589 4.678941 4.621103 -20.975994 -0.0 1e-06 -21.226252 2.451699 -3.593994 0.0 -6e-06 -0.0 -1.36268 2.240796 -0.746323 -21.334888 0.58491 3.008318 -13.821193 -1e-06 1e-06 -23.887127 -0.249074 -0.839485 -60.632526 2.713076 -1.556856 -0.294025 1.679686 0.833255 -14.218191 0.093216 1.300578 -34.211994 -0.28756 0.967166 -20.033173 0.964536 1.212838 -0.0 0.0 0.0 -3.440386 0.788233 0.501655 -15.928168 -3.167305 2.999702 -6.338816 -0.0 0.0 -18.123415 3.64818 -4.905661 -4e-06 0.0 -2e-06 -27.861851 20.602045 -8.676041 -28.628857 67.282364 -74.079018 -0.151736 29.678917 -0.348135 -21.490551 -15.462232 -47.632534 2.24354 -5.255033 -3.180155 14.282875 -0.826595 6.952495 0.0 -12.690593 -1e-06 15.775915 -17.145763 2.568064 1.665665 -1.95592 -2.878296 4.727794 -4.170584 4.993918 11.020509 0.0 -0.0 12.109029 -3.735715 -2.866777 -0.0 0.0 -0.0 1.291984 -1.928548 -1.498088 14.800112 0.567466 3.865604 14.242552 -1.341739 -6.660646 19.631929 0.14392 -0.648243 49.450523 -0.705227 -5.907142 0.353029 -1.511149 -0.03194 20.222765 3.684304 2.316628 18.787243 0.0 -0.0 10.751607 -0.47987 1.397902 0.0 0.0 0.0 3.273804 0.305947 -0.58011 21.486788 11.830361 2.266131 8.162914 -0.0 -0.0 18.399046 -3.798986 -4.940566 3e-06 0.0 -1e-06 10.373074 15.325753 -37.077026 -0.305139 -0.469541 32.508194 -15.42349 -5.557057 -4.688222 1.645258 -1.971825 -1.142764 0.0 -0.0 2e-06 3.432079 -3.346725 -34.099697 -0.082446 -0.121344 43.602779 -1.130624 -6.740456 -23.976219 -1.38792 1.036305 1.715512 0.0 -0.0 -1e-06 
0.0 0.0 0.0 0.0 -0.0 0.0 -32.555439 93.991104 -121.815071 1.624908 -1.828498 15.203354 0.675777 -0.537224 12.89667 -0.485635 -0.655593 -0.025341 -0.795157 -4.115818 7.269841 1.349757 2.604747 -11.467032 0.687926 4.67299 -3.449096 -3.01589 5.323577 -11.479239 7.7e-05 -2.2e-05 6e-06 0.016732 -0.128131 -0.018323 0.741491 -3.84816 -10.743958 -0.718445 3.608448 -10.768986 24.473833 -17.10063 -4.200135 4.579125 -55.836647 -67.703148 -0.089433 -31.942562 -0.076142 5.726083 10.289852 -68.815598 -5.882102 9.861279 0.70259 -10.936858 -0.360574 7.156195 0.0 8.774814 0.0 -16.195675 18.603046 6.34063 -1.844031 2.498503 -2.507276 -10.163589 4.678941 4.621103 -20.975994 -0.0 1e-06 -21.226252 2.451699 -3.593994 0.0 -6e-06 -0.0 -1.36268 2.240796 -0.746323 -21.334888 0.58491 3.008318 -13.821193 -1e-06 1e-06 -23.887127 -0.249074 -0.839485 -60.6432 2.701287 -1.549925 -0.294025 1.679686 0.833255 -14.218191 0.093216 1.300578 -34.211994 -0.28756 0.967166 -20.033173 0.964536 1.212838 -0.0 0.0 0.0 -3.440386 0.788233 0.501655 -15.928168 -3.167305 2.999702 -6.338816 -0.0 0.0 -18.123415 3.64818 -4.905661 -4e-06 0.0 -2e-06 -28.018658 20.533258 -8.869998 -29.269848 66.762627 -75.250824 -0.246234 29.852459 -0.302725 -21.443985 -15.535443 -47.532742 2.24354 -5.255033 -3.180155 14.282875 -0.826595 6.952495 0.0 -12.690593 -1e-06 15.754176 -17.154968 2.553674 1.665665 -1.95592 -2.878296 4.727794 -4.170584 4.993918 11.020509 0.0 -0.0 12.109029 -3.735715 -2.866777 -0.0 0.0 -0.0 1.291984 -1.928548 -1.498088 14.800112 0.567466 3.865604 14.242552 -1.341739 -6.660646 19.631929 0.14392 -0.648243 49.395184 -0.70487 -5.929373 0.353029 -1.511149 -0.03194 20.222765 3.684304 2.316628 18.787243 0.0 -0.0 10.751607 -0.47987 1.397902 0.0 0.0 0.0 3.273804 0.305947 -0.58011 21.486788 11.830361 2.266131 8.162914 -0.0 -0.0 18.399046 -3.798986 -4.940566 3e-06 0.0 -1e-06 9.803939 15.337354 -38.223064 -0.289827 -0.447387 33.034142 -14.982913 -5.332847 -4.765488 1.649903 -1.982158 -1.043164 0.0 -0.0 2e-06 3.074317 -3.236161 -35.142708 -0.065861 -0.08979 43.86763 -0.782555 -6.709444 -23.74041 -1.387627 1.034998 1.726595 0.0 -0.0 -1e-06 
0.0 0.0 0.0 0.0 -0.0 0.0 -31.922754 94.000153 -122.228622 1.559919 -1.993565 15.689066 0.63729 -0.525342 13.208389 -0.480661 -0.641678 0.098875 -0.735352 -4.098475 7.273748 1.474829 2.621684 -11.625707 0.710855 4.700722 -3.442883 -3.059047 5.468598 -11.549228 7.7e-05 -2.2e-05 6e-06 0.01734 -0.123961 -0.02162 0.745786 -3.843704 -10.741478 -0.721362 3.611932 -10.769302 24.726377 -16.948555 -4.445695 4.943216 -55.754845 -68.813942 -0.143929 -32.367149 -0.003575 5.656682 10.548502 -68.884972 -5.882102 9.861279 0.70259 -10.936858 -0.360574 7.156195 0.0 8.774814 0.0 -16.179888 18.610323 6.37516 -1.844031 2.498503 -2.507276 -10.163589 4.678941 4.621103 -20.975994 -0.0 1e-06 -21.226252 2.451699 -3.593994 0.0 -6e-06 -0.0 -1.36268 2.240796 -0.746323 -21.334888 0.58491 3.008318 -13.821193 -1e-06 1e-06 -23.887127 -0.249074 -0.839485 -60.65826 2.691573 -1.553964 -0.294025 1.679686 0.833255 -14.218191 0.093216 1.300578 -34.211994 -0.28756 0.967166 -20.033173 0.964536 1.212838 -0.0 0.0 0.0 -3.440386 0.788233 0.501655 -15.928168 -3.167305 2.999702 -6.338816 -0.0 0.0 -18.123415 3.64818 -4.905661 -4e-06 0.0 -2e-06 -28.111286 20.467587 -9.027543 -29.970755 66.324463 -76.466515 -0.332979 30.095985 -0.252252 -21.373981 -15.617344 -47.451889 2.24354 -5.255033 -3.180155 14.282875 -0.826595 6.952495 0.0 -12.690593 -1e-06 15.740699 -17.172853 2.559481 1.665665 -1.95592 -2.878296 4.727794 -4.170584 4.993918 11.020509 0.0 -0.0 12.109029 -3.735715 -2.866777 -0.0 0.0 -0.0 1.291984 -1.928548 -1.498088 14.800112 0.567466 3.865604 14.242552 -1.341739 -6.660646 19.631929 0.14392 -0.648243 49.35239 -0.710724 -5.926048 0.353029 -1.511149 -0.03194 20.222765 3.684304 2.316628 18.787243 0.0 -0.0 10.751607 -0.47987 1.397902 0.0 0.0 0.0 3.273804 0.305947 -0.58011 21.486788 11.830361 2.266131 8.162914 -0.0 -0.0 18.399046 -3.798986 -4.940566 3e-06 0.0 -1e-06 9.262669 15.341408 -39.300011 -0.273728 -0.420706 33.537136 -14.545638 -5.050133 -4.900495 1.653878 -1.986879 -0.904507 0.0 -0.0 2e-06 2.723633 -3.161794 -36.119789 -0.051116 -0.064576 44.081459 -0.422448 -6.597712 -23.511715 -1.3877 1.0305 1.724892 0.0 -0.0 -1e-06 
0.0 0.0 0.0 0.0 -0.0 0.0 -31.269726 94.006416 -122.615723 1.463614 -2.150214 16.135471 0.605098 -0.526611 13.503651 -0.48533 -0.634168 0.217035 -0.699408 -4.076709 7.274692 1.566984 2.642506 -11.783808 0.752753 4.74164 -3.438311 -3.082637 5.660375 -11.57225 7.7e-05 -2.2e-05 6e-06 0.017443 -0.116057 -0.024069 0.747004 -3.836637 -10.739233 -0.722184 3.619998 -10.766748 24.94659 -16.806742 -4.667636 5.288916 -55.651649 -69.819809 -0.170637 -32.834476 0.046324 5.583862 10.76739 -68.933609 -5.882102 9.861279 0.70259 -10.936858 -0.360574 7.156195 0.0 8.774814 0.0 -16.165163 18.585432 6.400041 -1.844031 2.498503 -2.507276 -10.163589 4.678941 4.621103 -20.975994 -0.0 1e-06 -21.226252 2.451699 -3.593994 0.0 -6e-06 -0.0 -1.36268 2.240796 -0.746323 -21.334888 0.58491 3.008318 -13.821193 -1e-06 1e-06 -23.887127 -0.249074 -0.839485 -60.643646 2.685231 -1.553483 -0.294025 1.679686 0.833255 -14.218191 0.093216 1.300578 -34.211994 -0.28756 0.967166 -20.033173 0.964536 1.212838 -0.0 0.0 0.0 -3.440386 0.788233 0.501655 -15.928168 -3.167305 2.999702 -6.338816 -0.0 0.0 -18.123415 3.64818 -4.905661 -4e-06 0.0 -2e-06 -28.120544 20.348974 -9.122281 -30.853325 65.93248 -77.816658 -0.403616 30.354723 -0.243847 -21.224981 -15.717218 -47.369335 2.24354 -5.255033 -3.180155 14.282875 -0.826595 6.952495 0.0 -12.690593 -1e-06 15.751916 -17.20945 2.575271 1.665665 -1.95592 -2.878296 4.727794 -4.170584 4.993918 11.020509 0.0 -0.0 12.109029 -3.735715 -2.866777 -0.0 0.0 -0.0 1.291984 -1.928548 -1.498088 14.800112 0.567466 3.865604 14.242552 -1.341739 -6.660646 19.631929 0.14392 -0.648243 49.358994 -0.708588 -5.926059 0.353029 -1.511149 -0.03194 20.222765 3.684304 2.316628 18.787243 0.0 -0.0 10.751607 -0.47987 1.397902 0.0 0.0 0.0 3.273804 0.305947 -0.58011 21.486788 11.830361 2.266131 8.162914 -0.0 -0.0 18.399046 -3.798986 -4.940566 3e-06 0.0 -1e-06 8.761242 15.326639 -40.332333 -0.263404 -0.401032 34.07093 -14.094274 -4.757397 -5.063235 1.655681 -1.984246 -0.760876 0.0 -0.0 2e-06 2.395928 -3.125815 -37.013611 -0.039402 -0.039374 44.251476 -0.046281 -6.467636 -23.286289 -1.388497 1.026011 1.731625 0.0 -0.0 -1e-06 
0.0 0.0 0.0 0.0 -0.0 0.0 -30.605278 94.004692 -122.989227 1.339159 -2.303889 16.547333 0.568944 -0.531413 13.793023 -0.490688 -0.641303 0.334732 -0.688075 -4.047463 7.266042 1.655916 2.670727 -11.949543 0.801164 4.798621 -3.432483 -3.086723 5.857632 -11.584383 7.7e-05 -2.2e-05 6e-06 0.018217 -0.109694 -0.024364 0.748658 -3.831358 -10.73559 -0.722143 3.627055 -10.760748 25.161684 -16.684912 -4.866729 5.706699 -55.516716 -70.761002 -0.158892 -33.273979 0.075465 5.45173 10.909422 -68.923798 -5.882102 9.861279 0.70259 -10.936858 -0.360574 7.156195 0.0 8.774814 0.0 -16.138336 18.560507 6.41924 -1.844031 2.498503 -2.507276 -10.163589 4.678941 4.621103 -20.975994 -0.0 1e-06 -21.226252 2.451699 -3.593994 0.0 -6e-06 -0.0 -1.36268 2.240796 -0.746323 -21.334888 0.58491 3.008318 -13.821193 -1e-06 1e-06 -23.887127 -0.249074 -0.839485 -60.62722 2.695708 -1.541579 -0.294025 1.679686 0.833255 -14.218191 0.093216 1.300578 -34.211994 -0.28756 0.967166 -20.033173 0.964536 1.212838 -0.0 0.0 0.0 -3.440386 0.788233 0.501655 -15.928168 -3.167305 2.999702 -6.338816 -0.0 0.0 -18.123415 3.64818 -4.905661 -4e-06 0.0 -2e-06 -28.097034 20.177454 -9.19182 -31.786491 65.573509 -79.271141 -0.448988 30.586515 -0.259952 -21.057411 -15.80084 -47.225555 2.24354 -5.255033 -3.180155 14.282875 -0.826595 6.952495 0.0 -12.690593 -1e-06 15.772999 -17.246971 2.589404 1.665665 -1.95592 -2.878296 4.727794 -4.170584 4.993918 11.020509 0.0 -0.0 12.109029 -3.735715 -2.866777 -0.0 0.0 -0.0 1.291984 -1.928548 -1.498088 14.800112 0.567466 3.865604 14.242552 -1.341739 -6.660646 19.631929 0.14392 -0.648243 49.384228 -0.70039 -5.940347 0.353029 -1.511149 -0.03194 20.222765 3.684304 2.316628 18.787243 0.0 -0.0 10.751607 -0.47987 1.397902 0.0 0.0 0.0 3.273804 0.305947 -0.58011 21.486788 11.830361 2.266131 8.162914 -0.0 -0.0 18.399046 -3.798986 -4.940566 3e-06 0.0 -1e-06 8.29782 15.304233 -41.343163 -0.257947 -0.388051 34.655617 -13.647367 -4.466706 -5.234204 1.655671 -1.976363 -0.647484 0.0 -0.0 2e-06 2.098299 -3.119912 -37.849552 -0.031279 -0.007456 44.39967 0.330438 -6.301271 -23.041191 -1.390536 1.017398 1.720107 0.0 -0.0 -1e-06 
0.0 0.0 0.0 0.0 -0.0 0.0 -29.946932 93.997375 -123.355423 1.206786 -2.460942 16.911608 0.51297 -0.529542 14.065814 -0.504166 -0.654727 0.451847 -0.696203 -4.032606 7.248262 1.789321 2.687664 -12.084147 0.854268 4.889066 -3.419888 -3.099905 6.064377 -11.564822 7.7e-05 -2.2e-05 6e-06 0.020822 -0.109072 -0.022623 0.751908 -3.831667 -10.727872 -0.720037 3.628209 -10.75004 25.386063 -16.589911 -5.032949 6.125625 -55.357246 -71.601662 -0.113953 -33.692989 0.091197 5.298266 10.986416 -68.844193 -5.882102 9.861279 0.70259 -10.936858 -0.360574 7.156195 0.0 8.774814 0.0 -16.113186 18.568512 6.434823 -1.844031 2.498503 -2.507276 -10.163589 4.678941 4.621103 -20.975994 -0.0 1e-06 -21.226252 2.451699 -3.593994 0.0 -6e-06 -0.0 -1.36268 2.240796 -0.746323 -21.334888 0.58491 3.008318 -13.821193 -1e-06 1e-06 -23.887127 -0.249074 -0.839485 -60.638893 2.717232 -1.540034 -0.294025 1.679686 0.833255 -14.218191 0.093216 1.300578 -34.211994 -0.28756 0.967166 -20.033173 0.964536 1.212838 -0.0 0.0 0.0 -3.440386 0.788233 0.501655 -15.928168 -3.167305 2.999702 -6.338816 -0.0 0.0 -18.123415 3.64818 -4.905661 -4e-06 0.0 -2e-06 -28.076117 20.013393 -9.301351 -32.54863 65.289902 -80.685074 -0.450928 30.78421 -0.268068 -20.937832 -15.835302 -47.008316 2.24354 -5.255033 -3.180155 14.282875 -0.826595 6.952495 0.0 -12.690593 -1e-06 15.790202 -17.291267 2.605909 1.665665 -1.95592 -2.878296 4.727794 -4.170584 4.993918 11.020509 0.0 -0.0 12.109029 -3.735715 -2.866777 -0.0 0.0 -0.0 1.291984 -1.928548 -1.498088 14.800112 0.567466 3.865604 14.242552 -1.341739 -6.660646 19.631929 0.14392 -0.648243 49.387222 -0.688971 -5.97173 0.353029 -1.511149 -0.03194 20.222765 3.684304 2.316628 18.787243 0.0 -0.0 10.751607 -0.47987 1.397902 0.0 0.0 0.0 3.273804 0.305947 -0.58011 21.486788 11.830361 2.266131 8.162914 -0.0 -0.0 18.399046 -3.798986 -4.940566 3e-06 0.0 -1e-06 7.859167 15.290665 -42.300747 -0.255668 -0.373768 35.248962 -13.216447 -4.159363 -5.386945 1.65699 -1.965712 -0.573676 0.0 -0.0 2e-06 1.812421 -3.118958 -38.619785 -0.019929 0.030179 44.529446 0.694339 -6.108814 -22.770973 -1.39277 1.005334 1.700684 0.0 -0.0 -1e-06 
0.0 0.0 0.0 0.0 -0.0 0.0 -29.310068 93.987206 -123.688103 1.058204 -2.615298 17.243908 0.428345 -0.529399 14.309301 -0.516423 -0.672641 0.570472 -0.711765 -4.021976 7.22377 1.972481 2.705938 -12.188526 0.899199 5.019187 -3.410735 -3.116241 6.250722 -11.481926 7.7e-05 -2.2e-05 6e-06 0.024141 -0.106834 -0.020152 0.754416 -3.830576 -10.72091 -0.715956 3.631338 -10.74033 25.586546 -16.528315 -5.165814 6.609404 -55.193714 -72.458313 -0.102836 -34.035618 0.106748 5.085862 11.029363 -68.716331 -5.882102 9.861279 0.70259 -10.936858 -0.360574 7.156195 0.0 8.774814 0.0 -16.106873 18.600954 6.424693 -1.844031 2.498503 -2.507276 -10.163589 4.678941 4.621103 -20.975994 -0.0 1e-06 -21.226252 2.451699 -3.593994 0.0 -6e-06 -0.0 -1.36268 2.240796 -0.746323 -21.334888 0.58491 3.008318 -13.821193 -1e-06 1e-06 -23.887127 -0.249074 -0.839485 -60.660282 2.726109 -1.560621 -0.294025 1.679686 0.833255 -14.218191 0.093216 1.300578 -34.211994 -0.28756 0.967166 -20.033173 0.964536 1.212838 -0.0 0.0 0.0 -3.440386 0.788233 0.501655 -15.928168 -3.167305 2.999702 -6.338816 -0.0 0.0 -18.123415 3.64818 -4.905661 -4e-06 0.0 -2e-06 -28.057358 19.874466 -9.438969 -33.204494 65.073761 -82.084129 -0.407509 30.891935 -0.261559 -20.858549 -15.810894 -46.655823 2.24354 -5.255033 -3.180155 14.282875 -0.826595 6.952495 0.0 -12.690593 -1e-06 15.816633 -17.339006 2.605848 1.665665 -1.95592 -2.878296 4.727794 -4.170584 4.993918 11.020509 0.0 -0.0 12.109029 -3.735715 -2.866777 -0.0 0.0 -0.0 1.291984 -1.928548 -1.498088 14.800112 0.567466 3.865604 14.242552 -1.341739 -6.660646 19.631929 0.14392 -0.648243 49.391682 -0.670247 -6.036783 0.353029 -1.511149 -0.03194 20.222765 3.684304 2.316628 18.787243 0.0 -0.0 10.751607 -0.47987 1.397902 0.0 0.0 0.0 3.273804 0.305947 -0.58011 21.486788 11.830361 2.266131 8.162914 -0.0 -0.0 18.399046 -3.798986 -4.940566 3e-06 0.0 -1e-06 7.463338 15.290792 -43.200413 -0.248039 -0.349106 35.844894 -12.785908 -3.872688 -5.527148 1.659184 -1.955863 -0.527836 0.0 -0.0 2e-06 1.548648 -3.094725 -39.311771 -0.004283 0.06746 44.623497 1.019687 -5.903619 -22.485254 -1.396468 1.001882 1.671989 0.0 -0.0 -1e-06 
0.0 0.0 0.0 0.0 -0.0 0.0 -28.684381 93.960793 -123.991051 0.896966 -2.765786 17.564283 0.322067 -0.520279 14.529486 -0.526915 -0.690986 0.679847 -0.730378 -4.015846 7.189086 2.205628 2.712248 -12.266163 0.942142 5.160825 -3.405925 -3.135067 6.432325 -11.353827 7.7e-05 -2.2e-05 6e-06 0.027464 -0.10926 -0.018196 0.75726 -3.83389 -10.715373 -0.712269 3.629675 -10.73166 25.848904 -16.495914 -5.296803 7.088087 -55.05249 -73.291206 -0.09687 -34.282452 0.124624 4.839161 11.059313 -68.792877 -5.882102 9.861279 0.70259 -10.936858 -0.360574 7.156195 0.0 8.774814 0.0 -16.120249 18.62834 6.399239 -1.844031 2.498503 -2.507276 -10.163589 4.678941 4.621103 -20.975994 -0.0 1e-06 -21.226252 2.451699 -3.593994 0.0 -6e-06 -0.0 -1.36268 2.240796 -0.746323 -21.334888 0.58491 3.008318 -13.821193 -1e-06 1e-06 -23.887127 -0.249074 -0.839485 -60.659138 2.726773 -1.576925 -0.294025 1.679686 0.833255 -14.218191 0.093216 1.300578 -34.211994 -0.28756 0.967166 -20.033173 0.964536 1.212838 -0.0 0.0 0.0 -3.440386 0.788233 0.501655 -15.928168 -3.167305 2.999702 -6.338816 -0.0 0.0 -18.123415 3.64818 -4.905661 -4e-06 0.0 -2e-06 -28.041239 19.732334 -9.598825 -33.83424 64.897331 -83.405846 -0.335057 30.891893 -0.225979 -20.766241 -15.782054 -46.30925 2.24354 -5.255033 -3.180155 14.282875 -0.826595 6.952495 0.0 -12.690593 -1e-06 15.848764 -17.384672 2.605274 1.665665 -1.95592 -2.878296 4.727794 -4.170584 4.993918 11.020509 0.0 -0.0 12.109029 -3.735715 -2.866777 -0.0 0.0 -0.0 1.291984 -1.928548 -1.498088 14.800112 0.567466 3.865604 14.242552 -1.341739 -6.660646 19.631929 0.14392 -0.648243 49.420223 -0.652085 -6.096661 0.353029 -1.511149 -0.03194 20.222765 3.684304 2.316628 18.787243 0.0 -0.0 10.751607 -0.47987 1.397902 0.0 0.0 0.0 3.273804 0.305947 -0.58011 21.486788 11.830361 2.266131 8.162914 -0.0 -0.0 18.399046 -3.798986 -4.940566 3e-06 0.0 -1e-06 7.113315 15.258415 -44.078751 -0.240898 -0.32216 36.473137 -12.355837 -3.591681 -5.712701 1.661072 -1.951565 -0.496024 0.0 -0.0 2e-06 1.299364 -3.061737 -39.975784 0.009379 0.096716 44.73362 1.32505 -5.701326 -22.219473 -1.400244 1.004604 1.649194 0.0 -0.0 -1e-06 
0.0 0.0 0.0 0.0 -0.0 0.0 -28.066418 93.91468 -124.264107 0.730316 -2.924588 17.858793 0.201288 -0.513161 14.737407 -0.540261 -0.691804 0.771835 -0.751289 -4.014361 7.156558 2.487351 2.699228 -12.31027 0.973698 5.274391 -3.403523 -3.133938 6.620974 -11.240086 7.7e-05 -2.2e-05 6e-06 0.029607 -0.111113 -0.017938 0.760914 -3.834935 -10.709944 -0.711797 3.627124 -10.723742 26.164692 -16.474047 -5.432361 7.555997 -54.924877 -74.155724 -0.141233 -34.464214 0.200061 4.601304 11.104434 -69.009995 -5.882102 9.861279 0.70259 -10.936858 -0.360574 7.156195 0.0 8.774814 0.0 -16.13855 18.658457 6.371271 -1.844031 2.498503 -2.507276 -10.163589 4.678941 4.621103 -20.975994 -0.0 1e-06 -21.226252 2.451699 -3.593994 0.0 -6e-06 -0.0 -1.36268 2.240796 -0.746323 -21.334888 0.58491 3.008318 -13.821193 -1e-06 1e-06 -23.887127 -0.249074 -0.839485 -60.623047 2.72912 -1.58505 -0.294025 1.679686 0.833255 -14.218191 0.093216 1.300578 -34.211994 -0.28756 0.967166 -20.033173 0.964536 1.212838 -0.0 0.0 0.0 -3.440386 0.788233 0.501655 -15.928168 -3.167305 2.999702 -6.338816 -0.0 0.0 -18.123415 3.64818 -4.905661 -4e-06 0.0 -2e-06 -28.01531 19.57519 -9.74441 -34.503418 64.745102 -84.735634 -0.23991 30.842485 -0.155653 -20.712257 -15.768489 -45.984211 2.24354 -5.255033 -3.180155 14.282875 -0.826595 6.952495 0.0 -12.690593 -1e-06 15.863728 -17.395216 2.606096 1.665665 -1.95592 -2.878296 4.727794 -4.170584 4.993918 11.020509 0.0 -0.0 12.109029 -3.735715 -2.866777 -0.0 0.0 -0.0 1.291984 -1.928548 -1.498088 14.800112 0.567466 3.865604 14.242552 -1.341739 -6.660646 19.631929 0.14392 -0.648243 49.466167 -0.642513 -6.116161 0.353029 -1.511149 -0.03194 20.222765 3.684304 2.316628 18.787243 0.0 -0.0 10.751607 -0.47987 1.397902 0.0 0.0 0.0 3.273804 0.305947 -0.58011 21.486788 11.830361 2.266131 8.162914 -0.0 -0.0 18.399046 -3.798986 -4.940566 3e-06 0.0 -1e-06 6.809765 15.17714 -44.926655 -0.234326 -0.299713 37.156483 -11.92363 -3.287197 -5.95518 1.662583 -1.952781 -0.475569 0.0 -0.0 2e-06 1.058793 -3.044334 -40.607243 0.02034 0.117528 44.877808 1.620838 -5.483253 -21.975407 -1.403195 1.013857 1.614321 0.0 -0.0 -1e-06 
0.0 0.0 0.0 0.0 -0.0 0.0 -27.450514 93.852257 -124.505409 0.554669 -3.090699 18.122419 0.078871 -0.501913 14.931293 -0.56414 -0.681654 0.856808 -0.763582 -4.025813 7.126505 2.793944 2.662653 -12.328023 1.003479 5.389606 -3.402679 -3.115252 6.789444 -11.134942 7.7e-05 -2.2e-05 6e-06 0.031583 -0.113506 -0.019755 0.766112 -3.836625 -10.708459 -0.713246 3.624195 -10.72038 26.506556 -16.447983 -5.581803 7.986767 -54.797379 -75.013657 -0.232471 -34.626419 0.291722 4.400147 11.169648 -69.207809 -5.882102 9.861279 0.70259 -10.936858 -0.360574 7.156195 0.0 8.774814 0.0 -16.146357 18.676636 6.346481 -1.844031 2.498503 -2.507276 -10.163589 4.678941 4.621103 -20.975994 -0.0 1e-06 -21.226252 2.451699 -3.593994 0.0 -6e-06 -0.0 -1.36268 2.240796 -0.746323 -21.334888 0.58491 3.008318 -13.821193 -1e-06 1e-06 -23.887127 -0.249074 -0.839485 -60.561081 2.716442 -1.58666 -0.294025 1.679686 0.833255 -14.218191 0.093216 1.300578 -34.211994 -0.28756 0.967166 -20.033173 0.964536 1.212838 -0.0 0.0 0.0 -3.440386 0.788233 0.501655 -15.928168 -3.167305 2.999702 -6.338816 -0.0 0.0 -18.123415 3.64818 -4.905661 -4e-06 0.0 -2e-06 -27.985283 19.426609 -9.864631 -35.174454 64.593636 -86.108253 -0.118631 30.817165 -0.063306 -20.754784 -15.752722 -45.595657 2.24354 -5.255033 -3.180155 14.282875 -0.826595 6.952495 0.0 -12.690593 -1e-06 15.876353 -17.374693 2.601928 1.665665 -1.95592 -2.878296 4.727794 -4.170584 4.993918 11.020509 0.0 -0.0 12.109029 -3.735715 -2.866777 -0.0 0.0 -0.0 1.291984 -1.928548 -1.498088 14.800112 0.567466 3.865604 14.242552 -1.341739 -6.660646 19.631929 0.14392 -0.648243 49.52108 -0.63421 -6.110575 0.353029 -1.511149 -0.03194 20.222765 3.684304 2.316628 18.787243 0.0 -0.0 10.751607 -0.47987 1.397902 0.0 0.0 0.0 3.273804 0.305947 -0.58011 21.486788 11.830361 2.266131 8.162914 -0.0 -0.0 18.399046 -3.798986 -4.940566 3e-06 0.0 -1e-06 6.521751 15.116705 -45.746445 -0.226632 -0.282274 37.896324 -11.494215 -3.040192 -6.232029 1.662471 -1.952889 -0.444384 0.0 -0.0 2e-06 0.835209 -3.067423 -41.19426 0.032671 0.136523 45.044827 1.913991 -5.229394 -21.762667 -1.40538 1.026134 1.576205 0.0 -0.0 -1e-06 
0.0 0.0 0.0 0.0 -0.0 0.0 -26.838821 93.767921 -124.719879 0.368892 -3.257725 18.363831 -0.035477 -0.490395 15.108611 -0.582359 -0.67778 0.924831 -0.782107 -4.034241 7.097475 3.088005 2.61396 -12.304399 1.032476 5.481452 -3.406106 -3.08139 6.90854 -10.992086 7.7e-05 -2.2e-05 6e-06 0.034044 -0.120358 -0.024831 0.772128 -3.842993 -10.710613 -0.714538 3.617132 -10.721113 26.86657 -16.420872 -5.751346 8.318516 -54.657833 -75.769295 -0.362871 -34.784229 0.392746 4.2413 11.255682 -69.23394 -5.882102 9.861279 0.70259 -10.936858 -0.360574 7.156195 0.0 8.774814 0.0 -16.137783 18.682751 6.334095 -1.844031 2.498503 -2.507276 -10.163589 4.678941 4.621103 -20.975994 -0.0 1e-06 -21.226252 2.451699 -3.593994 0.0 -6e-06 -0.0 -1.36268 2.240796 -0.746323 -21.334888 0.58491 3.008318 -13.821193 -1e-06 1e-06 -23.887127 -0.249074 -0.839485 -60.513245 2.696047 -1.590618 -0.294025 1.679686 0.833255 -14.218191 0.093216 1.300578 -34.211994 -0.28756 0.967166 -20.033173 0.964536 1.212838 -0.0 0.0 0.0 -3.440386 0.788233 0.501655 -15.928168 -3.167305 2.999702 -6.338816 -0.0 0.0 -18.123415 3.64818 -4.905661 -4e-06 0.0 -2e-06 -27.959196 19.28866 -9.988421 -35.74939 64.456116 -87.410019 0.035684 30.833746 0.051008 -20.853432 -15.725001 -45.212902 2.24354 -5.255033 -3.180155 14.282875 -0.826595 6.952495 0.0 -12.690593 -1e-06 15.890463 -17.341465 2.591662 1.665665 -1.95592 -2.878296 4.727794 -4.170584 4.993918 11.020509 0.0 -0.0 12.109029 -3.735715 -2.866777 -0.0 0.0 -0.0 1.291984 -1.928548 -1.498088 14.800112 0.567466 3.865604 14.242552 -1.341739 -6.660646 19.631929 0.14392 -0.648243 49.544956 -0.633365 -6.099009 0.353029 -1.511149 -0.03194 20.222765 3.684304 2.316628 18.787243 0.0 -0.0 10.751607 -0.47987 1.397902 0.0 0.0 0.0 3.273804 0.305947 -0.58011 21.486788 11.830361 2.266131 8.162914 -0.0 -0.0 18.399046 -3.798986 -4.940566 3e-06 0.0 -1e-06 6.255064 15.065722 -46.543964 -0.214949 -0.260839 38.677937 -11.072071 -2.839507 -6.567654 1.660933 -1.951495 -0.39228 0.0 -0.0 2e-06 0.638347 -3.139401 -41.75901 0.046581 0.158773 45.254269 2.221211 -4.931593 -21.589844 -1.406951 1.036891 1.531547 0.0 -0.0 -1e-06 
0.0 0.0 0.0 0.0 -0.0 0.0 -26.228699 93.667816 -124.918922 0.18682 -3.411258 18.552021 -0.140432 -0.481088 15.257844 -0.602562 -0.67966 0.98877 -0.792767 -4.045645 7.078528 3.361236 2.562443 -12.236727 1.052979 5.515732 -3.412594 -3.053406 6.979493 -10.839257 7.7e-05 -2.2e-05 6e-06 0.037426 -0.12939 -0.030436 0.778165 -3.851539 -10.715401 -0.713852 3.607716 -10.724575 27.235708 -16.397757 -5.917749 8.522189 -54.510265 -76.350029 -0.515743 -34.907948 0.489147 4.136285 11.326262 -69.251114 -5.882102 9.861279 0.70259 -10.936858 -0.360574 7.156195 0.0 8.774814 0.0 -16.111187 18.685843 6.33853 -1.844031 2.498503 -2.507276 -10.163589 4.678941 4.621103 -20.975994 -0.0 1e-06 -21.226252 2.451699 -3.593994 0.0 -6e-06 -0.0 -1.36268 2.240796 -0.746323 -21.334888 0.58491 3.008318 -13.821193 -1e-06 1e-06 -23.887127 -0.249074 -0.839485 -60.48241 2.67516 -1.59524 -0.294025 1.679686 0.833255 -14.218191 0.093216 1.300578 -34.211994 -0.28756 0.967166 -20.033173 0.964536 1.212838 -0.0 0.0 0.0 -3.440386 0.788233 0.501655 -15.928168 -3.167305 2.999702 -6.338816 -0.0 0.0 -18.123415 3.64818 -4.905661 -4e-06 0.0 -2e-06 -27.955856 19.167027 -10.111728 -36.186932 64.341049 -88.485413 0.188403 30.851757 0.149137 -20.981581 -15.715624 -44.93829 2.24354 -5.255033 -3.180155 14.282875 -0.826595 6.952495 0.0 -12.690593 -1e-06 15.887495 -17.306046 2.600308 1.665665 -1.95592 -2.878296 4.727794 -4.170584 4.993918 11.020509 0.0 -0.0 12.109029 -3.735715 -2.866777 -0.0 0.0 -0.0 1.291984 -1.928548 -1.498088 14.800112 0.567466 3.865604 14.242552 -1.341739 -6.660646 19.631929 0.14392 -0.648243 49.563351 -0.640728 -6.070871 0.353029 -1.511149 -0.03194 20.222765 3.684304 2.316628 18.787243 0.0 -0.0 10.751607 -0.47987 1.397902 0.0 0.0 0.0 3.273804 0.305947 -0.58011 21.486788 11.830361 2.266131 8.162914 -0.0 -0.0 18.399046 -3.798986 -4.940566 3e-06 0.0 -1e-06 5.996255 15.014494 -47.274914 -0.20482 -0.241617 39.454762 -10.656856 -2.675652 -6.952958 1.659677 -1.950081 -0.344169 0.0 -0.0 2e-06 0.447654 -3.261537 -42.269241 0.058778 0.174318 45.49564 2.523537 -4.588234 -21.457397 -1.408085 1.039136 1.485001 0.0 -0.0 -1e-06 
0.0 0.0 0.0 0.0 -0.0 0.0 -25.613997 93.558632 -125.100838 0.009935 -3.544499 18.673101 -0.228504 -0.476639 15.395259 -0.61868 -0.689932 1.046841 -0.795657 -4.058982 7.069823 3.598569 2.519427 -12.142064 1.048346 5.476699 -3.4198 -3.024206 7.023581 -10.704856 7.7e-05 -2.2e-05 6e-06 0.042175 -0.140526 -0.032757 0.786486 -3.860536 -10.713555 -0.712696 3.594442 -10.719089 27.612621 -16.374966 -6.070852 8.617593 -54.348251 -76.722099 -0.648196 -34.980721 0.582125 4.059215 11.366338 -69.427284 -5.882102 9.861279 0.70259 -10.936858 -0.360574 7.156195 0.0 8.774814 0.0 -16.100197 18.696245 6.337896 -1.844031 2.498503 -2.507276 -10.163589 4.678941 4.621103 -20.975994 -0.0 1e-06 -21.226252 2.451699 -3.593994 0.0 -6e-06 -0.0 -1.36268 2.240796 -0.746323 -21.334888 0.58491 3.008318 -13.821193 -1e-06 1e-06 -23.887127 -0.249074 -0.839485 -60.47427 2.667116 -1.603461 -0.294025 1.679686 0.833255 -14.218191 0.093216 1.300578 -34.211994 -0.28756 0.967166 -20.033173 0.964536 1.212838 -0.0 0.0 0.0 -3.440386 0.788233 0.501655 -15.928168 -3.167305 2.999702 -6.338816 -0.0 0.0 -18.123415 3.64818 -4.905661 -4e-06 0.0 -2e-06 -28.020599 19.030476 -10.24717 -36.514877 64.270966 -89.35627 0.325791 30.80998 0.215458 -21.126347 -15.72388 -44.826202 2.24354 -5.255033 -3.180155 14.282875 -0.826595 6.952495 0.0 -12.690593 -1e-06 15.851387 -17.27993 2.615204 1.665665 -1.95592 -2.878296 4.727794 -4.170584 4.993918 11.020509 0.0 -0.0 12.109029 -3.735715 -2.866777 -0.0 0.0 -0.0 1.291984 -1.928548 -1.498088 14.800112 0.567466 3.865604 14.242552 -1.341739 -6.660646 19.631929 0.14392 -0.648243 49.582809 -0.659458 -6.063174 0.353029 -1.511149 -0.03194 20.222765 3.684304 2.316628 18.787243 0.0 -0.0 10.751607 -0.47987 1.397902 0.0 0.0 0.0 3.273804 0.305947 -0.58011 21.486788 11.830361 2.266131 8.162914 -0.0 -0.0 18.399046 -3.798986 -4.940566 3e-06 0.0 -1e-06 5.740026 14.963515 -47.933659 -0.1976 -0.227578 40.242886 -10.22566 -2.566516 -7.356245 1.658579 -1.94498 -0.298037 0.0 -0.0 2e-06 0.262176 -3.442661 -42.698051 0.070491 0.19173 45.748608 2.81857 -4.239275 -21.37904 -1.408222 1.033323 1.451256 0.0 -0.0 -1e-06 
0.0 0.0 0.0 0.0 -0.0 0.0 -24.990082 93.444595 -125.274918 -0.164343 -3.676711 18.724066 -0.300532 -0.472504 15.516974 -0.637177 -0.689626 1.100325 -0.781406 -4.0819 7.069152 3.797764 2.472806 -12.042734 1.020994 5.415625 -3.433998 -3.006457 7.029809 -10.588145 7.7e-05 -2.2e-05 6e-06 0.047328 -0.152617 -0.033037 0.796984 -3.86977 -10.708944 -0.712769 3.579264 -10.709891 27.952522 -16.350899 -6.198746 8.601361 -54.184135 -76.871964 -0.717963 -35.035065 0.630243 4.019471 11.365283 -69.613388 -5.882102 9.861279 0.70259 -10.936858 -0.360574 7.156195 0.0 8.774814 0.0 -16.085775 18.710754 6.337338 -1.844031 2.498503 -2.507276 -10.163589 4.678941 4.621103 -20.975994 -0.0 1e-06 -21.226252 2.451699 -3.593994 0.0 -6e-06 -0.0 -1.36268 2.240796 -0.746323 -21.334888 0.58491 3.008318 -13.821193 -1e-06 1e-06 -23.887127 -0.249074 -0.839485 -60.471367 2.660203 -1.623823 -0.294025 1.679686 0.833255 -14.218191 0.093216 1.300578 -34.211994 -0.28756 0.967166 -20.033173 0.964536 1.212838 -0.0 0.0 0.0 -3.440386 0.788233 0.501655 -15.928168 -3.167305 2.999702 -6.338816 -0.0 0.0 -18.123415 3.64818 -4.905661 -4e-06 0.0 -2e-06 -28.11146 18.918341 -10.386379 -36.778671 64.236977 -90.074158 0.476167 30.697165 0.27353 -21.283178 -15.692812 -44.785786 2.24354 -5.255033 -3.180155 14.282875 -0.826595 6.952495 0.0 -12.690593 -1e-06 15.827475 -17.258654 2.62595 1.665665 -1.95592 -2.878296 4.727794 -4.170584 4.993918 11.020509 0.0 -0.0 12.109029 -3.735715 -2.866777 -0.0 0.0 -0.0 1.291984 -1.928548 -1.498088 14.800112 0.567466 3.865604 14.242552 -1.341739 -6.660646 19.631929 0.14392 -0.648243 49.589832 -0.680741 -6.057623 0.353029 -1.511149 -0.03194 20.222765 3.684304 2.316628 18.787243 0.0 -0.0 10.751607 -0.47987 1.397902 0.0 0.0 0.0 3.273804 0.305947 -0.58011 21.486788 11.830361 2.266131 8.162914 -0.0 -0.0 18.399046 -3.798986 -4.940566 3e-06 0.0 -1e-06 5.484813 14.924657 -48.516819 -0.192284 -0.213292 41.04026 -9.790444 -2.496607 -7.760273 1.656838 -1.93675 -0.242727 0.0 -0.0 2e-06 0.072198 -3.657557 -43.044403 0.086118 0.210957 45.999325 3.1202 -3.891903 -21.323702 -1.407061 1.027698 1.418818 0.0 -0.0 -1e-06 
0.0 0.0 0.0 0.0 -0.0 0.0 -24.371262 93.317101 -125.436424 -0.32362 -3.805639 18.699133 -0.356738 -0.471895 15.628747 -0.648528 -0.69625 1.145026 -0.769376 -4.103883 7.076857 3.968182 2.426491 -11.941645 0.981707 5.348194 -3.443264 -3.026421 7.019843 -10.483573 7.7e-05 -2.2e-05 6e-06 0.049905 -0.15825 -0.032968 0.804206 -3.873837 -10.704471 -0.714633 3.571314 -10.70121 28.275616 -16.338728 -6.320362 8.387493 -54.017639 -76.769531 -0.71702 -35.113182 0.63792 4.030396 11.331184 -69.718849 -5.882102 9.861279 0.70259 -10.936858 -0.360574 7.156195 0.0 8.774814 0.0 -16.083113 18.712322 6.331928 -1.844031 2.498503 -2.507276 -10.163589 4.678941 4.621103 -20.975994 -0.0 1e-06 -21.226252 2.451699 -3.593994 0.0 -6e-06 -0.0 -1.36268 2.240796 -0.746323 -21.334888 0.58491 3.008318 -13.821193 -1e-06 1e-06 -23.887127 -0.249074 -0.839485 -60.450768 2.656438 -1.634877 -0.294025 1.679686 0.833255 -14.218191 0.093216 1.300578 -34.211994 -0.28756 0.967166 -20.033173 0.964536 1.212838 -0.0 0.0 0.0 -3.440386 0.788233 0.501655 -15.928168 -3.167305 2.999702 -6.338816 -0.0 0.0 -18.123415 3.64818 -4.905661 -4e-06 0.0 -2e-06 -28.190332 18.84037 -10.508818 -37.032188 64.260849 -90.653221 0.599938 30.554338 0.322167 -21.400038 -15.635636 -44.813034 2.24354 -5.255033 -3.180155 14.282875 -0.826595 6.952495 0.0 -12.690593 -1e-06 15.828321 -17.272268 2.642943 1.665665 -1.95592 -2.878296 4.727794 -4.170584 4.993918 11.020509 0.0 -0.0 12.109029 -3.735715 -2.866777 -0.0 0.0 -0.0 1.291984 -1.928548 -1.498088 14.800112 0.567466 3.865604 14.242552 -1.341739 -6.660646 19.631929 0.14392 -0.648243 49.580635 -0.69781 -6.054731 0.353029 -1.511149 -0.03194 20.222765 3.684304 2.316628 18.787243 0.0 -0.0 10.751607 -0.47987 1.397902 0.0 0.0 0.0 3.273804 0.305947 -0.58011 21.486788 11.830361 2.266131 8.162914 -0.0 -0.0 18.399046 -3.798986 -4.940566 3e-06 0.0 -1e-06 5.234982 14.883312 -48.999718 -0.186854 -0.196095 41.820267 -9.381271 -2.433532 -8.210967 1.656376 -1.928531 -0.171873 0.0 -0.0 2e-06 -0.124761 -3.909912 -43.315472 0.100113 0.229954 46.282665 3.435217 -3.523041 -21.315922 -1.405029 1.027685 1.404884 0.0 -0.0 -1e-06 
0.0 0.0 0.0 0.0 -0.0 0.0 -23.77257 93.18457 -125.594223 -0.480077 -3.940208 18.618004 -0.39935 -0.472702 15.727378 -0.652127 -0.702525 1.183481 -0.7603 -4.118009 7.094302 4.121807 2.387236 -11.850019 0.936573 5.265489 -3.453021 -3.071336 7.020558 -10.400398 7.7e-05 -2.2e-05 6e-06 0.050744 -0.159736 -0.033437 0.807015 -3.874272 -10.698575 -0.715447 3.567538 -10.691998 28.56414 -16.357376 -6.430172 8.03673 -53.831749 -76.43911 -0.628114 -35.223511 0.60111 4.096449 11.240158 -69.804451 -5.882102 9.861279 0.70259 -10.936858 -0.360574 7.156195 0.0 8.774814 0.0 -16.073816 18.688309 6.309668 -1.844031 2.498503 -2.507276 -10.163589 4.678941 4.621103 -20.975994 -0.0 1e-06 -21.226252 2.451699 -3.593994 0.0 -6e-06 -0.0 -1.36268 2.240796 -0.746323 -21.334888 0.58491 3.008318 -13.821193 -1e-06 1e-06 -23.887127 -0.249074 -0.839485 -60.394554 2.662694 -1.631615 -0.294025 1.679686 0.833255 -14.218191 0.093216 1.300578 -34.211994 -0.28756 0.967166 -20.033173 0.964536 1.212838 -0.0 0.0 0.0 -3.440386 0.788233 0.501655 -15.928168 -3.167305 2.999702 -6.338816 -0.0 0.0 -18.123415 3.64818 -4.905661 -4e-06 0.0 -2e-06 -28.273411 18.793962 -10.604836 -37.331978 64.321815 -91.156174 0.650421 30.400841 0.33395 -21.455927 -15.57061 -44.996941 2.24354 -5.255033 -3.180155 14.282875 -0.826595 6.952495 0.0 -12.690593 -1e-06 15.842706 -17.307034 2.661964 1.665665 -1.95592 -2.878296 4.727794 -4.170584 4.993918 11.020509 0.0 -0.0 12.109029 -3.735715 -2.866777 -0.0 0.0 -0.0 1.291984 -1.928548 -1.498088 14.800112 0.567466 3.865604 14.242552 -1.341739 -6.660646 19.631929 0.14392 -0.648243 49.583046 -0.714598 -6.058825 0.353029 -1.511149 -0.03194 20.222765 3.684304 2.316628 18.787243 0.0 -0.0 10.751607 -0.47987 1.397902 0.0 0.0 0.0 3.273804 0.305947 -0.58011 21.486788 11.830361 2.266131 8.162914 -0.0 -0.0 18.399046 -3.798986 -4.940566 3e-06 0.0 -1e-06 5.01551 14.834008 -49.40575 -0.1807 -0.17964 42.585518 -8.990626 -2.343266 -8.658038 1.656384 -1.918784 -0.106576 0.0 -0.0 2e-06 -0.308568 -4.169768 -43.524349 0.114924 0.255867 46.567993 3.762396 -3.128206 -21.299854 -1.402618 1.031161 1.365268 0.0 -0.0 -1e-06 
0.0 0.0 0.0 0.0 -0.0 0.0 -23.191549 93.054596 -125.748886 -0.631601 -4.078196 18.492636 -0.430697 -0.474384 15.810263 -0.664128 -0.703005 1.213763 -0.749913 -4.133409 7.130081 4.281677 2.351295 -11.794717 0.895747 5.174511 -3.462834 -3.133518 7.027861 -10.351171 7.7e-05 -2.2e-05 6e-06 0.051021 -0.160415 -0.032822 0.807567 -3.875111 -10.694674 -0.715115 3.565619 -10.685143 28.797884 -16.404228 -6.514688 7.652946 -53.645115 -76.062622 -0.500792 -35.340504 0.551053 4.199183 11.085639 -69.735901 -5.882102 9.861279 0.70259 -10.936858 -0.360574 7.156195 0.0 8.774814 0.0 -16.063351 18.667152 6.292576 -1.844031 2.498503 -2.507276 -10.163589 4.678941 4.621103 -20.975994 -0.0 1e-06 -21.226252 2.451699 -3.593994 0.0 -6e-06 -0.0 -1.36268 2.240796 -0.746323 -21.334888 0.58491 3.008318 -13.821193 -1e-06 1e-06 -23.887127 -0.249074 -0.839485 -60.372105 2.673811 -1.61259 -0.294025 1.679686 0.833255 -14.218191 0.093216 1.300578 -34.211994 -0.28756 0.967166 -20.033173 0.964536 1.212838 -0.0 0.0 0.0 -3.440386 0.788233 0.501655 -15.928168 -3.167305 2.999702 -6.338816 -0.0 0.0 -18.123415 3.64818 -4.905661 -4e-06 0.0 -2e-06 -28.313042 18.75211 -10.655447 -37.758297 64.401062 -91.661743 0.640668 30.256836 0.303806 -21.474155 -15.522327 -45.206425 2.24354 -5.255033 -3.180155 14.282875 -0.826595 6.952495 0.0 -12.690593 -1e-06 15.83669 -17.327284 2.690796 1.665665 -1.95592 -2.878296 4.727794 -4.170584 4.993918 11.020509 0.0 -0.0 12.109029 -3.735715 -2.866777 -0.0 0.0 -0.0 1.291984 -1.928548 -1.498088 14.800112 0.567466 3.865604 14.242552 -1.341739 -6.660646 19.631929 0.14392 -0.648243 49.580967 -0.728606 -6.044152 0.353029 -1.511149 -0.03194 20.222765 3.684304 2.316628 18.787243 0.0 -0.0 10.751607 -0.47987 1.397902 0.0 0.0 0.0 3.273804 0.305947 -0.58011 21.486788 11.830361 2.266131 8.162914 -0.0 -0.0 18.399046 -3.798986 -4.940566 3e-06 0.0 -1e-06 4.819225 14.771767 -49.744202 -0.173599 -0.166607 43.325138 -8.599518 -2.225973 -9.079021 1.656431 -1.905653 -0.04938 0.0 -0.0 2e-06 -0.494894 -4.403841 -43.673199 0.124582 0.280857 46.833775 4.105319 -2.744645 -21.268116 -1.401383 1.029066 1.30245 0.0 -0.0 -1e-06 
0.0 0.0 0.0 0.0 -0.0 0.0 -22.629265 92.930138 -125.887276 -0.776702 -4.200943 18.323076 -0.455985 -0.478788 15.874017 -0.674092 -0.708238 1.236929 -0.73879 -4.145193 7.175945 4.438208 2.318997 -11.749847 0.8682 5.076292 -3.464981 -3.204294 7.008319 -10.343593 7.7e-05 -2.2e-05 6e-06 0.05127 -0.160954 -0.032494 0.807373 -3.877134 -10.694634 -0.714065 3.565027 -10.682273 28.968498 -16.479666 -6.541302 7.275851 -53.487309 -75.762764 -0.383061 -35.458897 0.513129 4.303532 10.906339 -69.486382 -5.882102 9.861279 0.70259 -10.936858 -0.360574 7.156195 0.0 8.774814 0.0 -16.046404 18.651117 6.287648 -1.844031 2.498503 -2.507276 -10.163589 4.678941 4.621103 -20.975994 -0.0 1e-06 -21.226252 2.451699 -3.593994 0.0 -6e-06 -0.0 -1.36268 2.240796 -0.746323 -21.334888 0.58491 3.008318 -13.821193 -1e-06 1e-06 -23.887127 -0.249074 -0.839485 -60.395061 2.678291 -1.595747 -0.294025 1.679686 0.833255 -14.218191 0.093216 1.300578 -34.211994 -0.28756 0.967166 -20.033173 0.964536 1.212838 -0.0 0.0 0.0 -3.440386 0.788233 0.501655 -15.928168 -3.167305 2.999702 -6.338816 -0.0 0.0 -18.123415 3.64818 -4.905661 -4e-06 0.0 -2e-06 -28.315523 18.720823 -10.683342 -38.145878 64.530411 -92.088173 0.598231 30.158554 0.253804 -21.472172 -15.49052 -45.308052 2.24354 -5.255033 -3.180155 14.282875 -0.826595 6.952495 0.0 -12.690593 -1e-06 15.83408 -17.342066 2.710579 1.665665 -1.95592 -2.878296 4.727794 -4.170584 4.993918 11.020509 0.0 -0.0 12.109029 -3.735715 -2.866777 -0.0 0.0 -0.0 1.291984 -1.928548 -1.498088 14.800112 0.567466 3.865604 14.242552 -1.341739 -6.660646 19.631929 0.14392 -0.648243 49.579857 -0.73304 -6.03406 0.353029 -1.511149 -0.03194 20.222765 3.684304 2.316628 18.787243 0.0 -0.0 10.751607 -0.47987 1.397902 0.0 0.0 0.0 3.273804 0.305947 -0.58011 21.486788 11.830361 2.266131 8.162914 -0.0 -0.0 18.399046 -3.798986 -4.940566 3e-06 0.0 -1e-06 4.650309 14.677029 -50.000824 -0.165598 -0.160687 44.022678 -8.247988 -2.084236 -9.488352 1.656137 -1.896638 0.000609 0.0 -0.0 2e-06 -0.687856 -4.612216 -43.74527 0.130564 0.302881 47.072365 4.438447 -2.373726 -21.222576 -1.403533 1.015779 1.242378 0.0 -0.0 -1e-06 
0.0 0.0 0.0 0.0 -0.0 0.0 -22.101223 92.814766 -126.010963 -0.908523 -4.292454 18.118753 -0.477123 -0.488868 15.918646 -0.680568 -0.718288 1.255353 -0.730913 -4.147658 7.232158 4.58419 2.294822 -11.722498 0.848125 4.984645 -3.458652 -3.269362 6.954525 -10.354672 7.7e-05 -2.2e-05 6e-06 0.052792 -0.165378 -0.029233 0.807688 -3.88445 -10.698315 -0.71112 3.562192 -10.683314 29.058733 -16.568707 -6.499177 6.961788 -53.364719 -75.548477 -0.283089 -35.591946 0.485802 4.416011 10.733685 -69.105347 -5.882102 9.861279 0.70259 -10.936858 -0.360574 7.156195 0.0 8.774814 0.0 -16.034885 18.640093 6.27514 -1.844031 2.498503 -2.507276 -10.163589 4.678941 4.621103 -20.975994 -0.0 1e-06 -21.226252 2.451699 -3.593994 0.0 -6e-06 -0.0 -1.36268 2.240796 -0.746323 -21.334888 0.58491 3.008318 -13.821193 -1e-06 1e-06 -23.887127 -0.249074 -0.839485 -60.437744 2.677995 -1.602803 -0.294025 1.679686 0.833255 -14.218191 0.093216 1.300578 -34.211994 -0.28756 0.967166 -20.033173 0.964536 1.212838 -0.0 0.0 0.0 -3.440386 0.788233 0.501655 -15.928168 -3.167305 2.999702 -6.338816 -0.0 0.0 -18.123415 3.64818 -4.905661 -4e-06 0.0 -2e-06 -28.280802 18.695293 -10.698303 -38.471424 64.702782 -92.477623 0.564192 30.084511 0.220436 -21.456991 -15.449018 -45.334217 2.24354 -5.255033 -3.180155 14.282875 -0.826595 6.952495 0.0 -12.690593 -1e-06 15.845119 -17.347843 2.703019 1.665665 -1.95592 -2.878296 4.727794 -4.170584 4.993918 11.020509 0.0 -0.0 12.109029 -3.735715 -2.866777 -0.0 0.0 -0.0 1.291984 -1.928548 -1.498088 14.800112 0.567466 3.865604 14.242552 -1.341739 -6.660646 19.631929 0.14392 -0.648243 49.565212 -0.726681 -6.048563 0.353029 -1.511149 -0.03194 20.222765 3.684304 2.316628 18.787243 0.0 -0.0 10.751607 -0.47987 1.397902 0.0 0.0 0.0 3.273804 0.305947 -0.58011 21.486788 11.830361 2.266131 8.162914 -0.0 -0.0 18.399046 -3.798986 -4.940566 3e-06 0.0 -1e-06 4.494976 14.581426 -50.189079 -0.156044 -0.153833 44.666885 -7.920049 -1.988157 -9.852907 1.655246 -1.891325 0.030179 0.0 -0.0 2e-06 -0.882833 -4.797608 -43.747452 0.136516 0.323041 47.280853 4.750887 -2.045451 -21.194784 -1.406777 0.998937 1.191648 0.0 -0.0 -1e-06 
0.0 0.0 0.0 0.0 -0.0 0.0 -21.628075 92.708611 -126.129929 -1.025848 -4.334279 17.892824 -0.495416 -0.497689 15.947594 -0.685892 -0.725621 1.269036 -0.712831 -4.147165 7.301626 4.716082 2.284209 -11.715075 0.813385 4.902558 -3.448901 -3.331073 6.865287 -10.374517 7.7e-05 -2.2e-05 6e-06 0.054871 -0.172823 -0.025003 0.808629 -3.895665 -10.70559 -0.707902 3.557669 -10.689584 29.096941 -16.667156 -6.418499 6.736091 -53.275543 -75.376694 -0.167377 -35.714867 0.451855 4.509166 10.551008 -68.719849 -5.882102 9.861279 0.70259 -10.936858 -0.360574 7.156195 0.0 8.774814 0.0 -16.020128 18.646784 6.274018 -1.844031 2.498503 -2.507276 -10.163589 4.678941 4.621103 -20.975994 -0.0 1e-06 -21.226252 2.451699 -3.593994 0.0 -6e-06 -0.0 -1.36268 2.240796 -0.746323 -21.334888 0.58491 3.008318 -13.821193 -1e-06 1e-06 -23.887127 -0.249074 -0.839485 -60.450794 2.683324 -1.613239 -0.294025 1.679686 0.833255 -14.218191 0.093216 1.300578 -34.211994 -0.28756 0.967166 -20.033173 0.964536 1.212838 -0.0 0.0 0.0 -3.440386 0.788233 0.501655 -15.928168 -3.167305 2.999702 -6.338816 -0.0 0.0 -18.123415 3.64818 -4.905661 -4e-06 0.0 -2e-06 -28.197853 18.663584 -10.658702 -38.829647 64.863701 -92.890633 0.5447 30.001112 0.204388 -21.430174 -15.373749 -45.425419 2.24354 -5.255033 -3.180155 14.282875 -0.826595 6.952495 0.0 -12.690593 -1e-06 15.869699 -17.363047 2.677452 1.665665 -1.95592 -2.878296 4.727794 -4.170584 4.993918 11.020509 0.0 -0.0 12.109029 -3.735715 -2.866777 -0.0 0.0 -0.0 1.291984 -1.928548 -1.498088 14.800112 0.567466 3.865604 14.242552 -1.341739 -6.660646 19.631929 0.14392 -0.648243 49.556351 -0.708641 -6.086389 0.353029 -1.511149 -0.03194 20.222765 3.684304 2.316628 18.787243 0.0 -0.0 10.751607 -0.47987 1.397902 0.0 0.0 0.0 3.273804 0.305947 -0.58011 21.486788 11.830361 2.266131 8.162914 -0.0 -0.0 18.399046 -3.798986 -4.940566 3e-06 0.0 -1e-06 4.364413 14.480537 -50.32811 -0.144919 -0.142909 45.246109 -7.637373 -1.94262 -10.150433 1.653857 -1.886502 0.057452 0.0 -0.0 2e-06 -1.06592 -4.950753 -43.700378 0.137746 0.338624 47.466351 5.045043 -1.790807 -21.203382 -1.410075 0.988403 1.163406 0.0 -0.0 -1e-06 
0.0 0.0 0.0 0.0 -0.0 0.0 -21.207245 92.605186 -126.243614 -1.133868 -4.324418 17.649725 -0.505775 -0.501164 15.983434 -0.688662 -0.719388 1.279278 -0.674177 -4.142059 7.365441 4.822384 2.295913 -11.711659 0.756454 4.786198 -3.452372 -3.379377 6.734494 -10.397152 7.7e-05 -2.2e-05 6e-06 0.05688 -0.178728 -0.022479 0.8123 -3.902998 -10.709226 -0.70788 3.553057 -10.69294 29.095562 -16.757021 -6.315974 6.599577 -53.230301 -75.246239 -0.067457 -35.814388 0.425727 4.586471 10.353709 -68.409248 -5.882102 9.861279 0.70259 -10.936858 -0.360574 7.156195 0.0 8.774814 0.0 -16.011312 18.672016 6.273851 -1.844031 2.498503 -2.507276 -10.163589 4.678941 4.621103 -20.975994 -0.0 1e-06 -21.226252 2.451699 -3.593994 0.0 -6e-06 -0.0 -1.36268 2.240796 -0.746323 -21.334888 0.58491 3.008318 -13.821193 -1e-06 1e-06 -23.887127 -0.249074 -0.839485 -60.453991 2.689843 -1.622952 -0.294025 1.679686 0.833255 -14.218191 0.093216 1.300578 -34.211994 -0.28756 0.967166 -20.033173 0.964536 1.212838 -0.0 0.0 0.0 -3.440386 0.788233 0.501655 -15.928168 -3.167305 2.999702 -6.338816 -0.0 0.0 -18.123415 3.64818 -4.905661 -4e-06 0.0 -2e-06 -28.091021 18.626823 -10.585081 -39.128414 65.00206 -93.253181 0.550615 29.913401 0.214278 -21.412319 -15.299571 -45.594841 2.24354 -5.255033 -3.180155 14.282875 -0.826595 6.952495 0.0 -12.690593 -1e-06 15.885545 -17.356972 2.640847 1.665665 -1.95592 -2.878296 4.727794 -4.170584 4.993918 11.020509 0.0 -0.0 12.109029 -3.735715 -2.866777 -0.0 0.0 -0.0 1.291984 -1.928548 -1.498088 14.800112 0.567466 3.865604 14.242552 -1.341739 -6.660646 19.631929 0.14392 -0.648243 49.548351 -0.687167 -6.119063 0.353029 -1.511149 -0.03194 20.222765 3.684304 2.316628 18.787243 0.0 -0.0 10.751607 -0.47987 1.397902 0.0 0.0 0.0 3.273804 0.305947 -0.58011 21.486788 11.830361 2.266131 8.162914 -0.0 -0.0 18.399046 -3.798986 -4.940566 3e-06 0.0 -1e-06 4.258969 14.380506 -50.433655 -0.135129 -0.130885 45.781063 -7.353175 -1.938074 -10.40359 1.651452 -1.877551 0.09566 0.0 -0.0 2e-06 -1.227715 -5.091838 -43.617653 0.143247 0.354876 47.648933 5.323576 -1.615184 -21.219267 -1.412676 0.993132 1.154886 0.0 -0.0 -1e-06 
0.0 0.0 0.0 0.0 -0.0 0.0 -20.826412 92.509605 -126.342964 -1.222179 -4.274507 17.399467 -0.517595 -0.490743 16.019903 -0.686142 -0.702449 1.288916 -0.622166 -4.137414 7.43171 4.909779 2.328158 -11.705805 0.698625 4.634676 -3.461947 -3.433954 6.60294 -10.408422 7.7e-05 -2.2e-05 6e-06 0.059102 -0.186635 -0.02136 0.820038 -3.910081 -10.709417 -0.711588 3.544385 -10.692592 29.070053 -16.814898 -6.216216 6.512572 -53.256954 -75.201286 -0.028311 -35.906326 0.423409 4.659273 10.183446 -68.16378 -5.882102 9.861279 0.70259 -10.936858 -0.360574 7.156195 0.0 8.774814 0.0 -16.010595 18.700975 6.286438 -1.844031 2.498503 -2.507276 -10.163589 4.678941 4.621103 -20.975994 -0.0 1e-06 -21.226252 2.451699 -3.593994 0.0 -6e-06 -0.0 -1.36268 2.240796 -0.746323 -21.334888 0.58491 3.008318 -13.821193 -1e-06 1e-06 -23.887127 -0.249074 -0.839485 -60.473698 2.69277 -1.626771 -0.294025 1.679686 0.833255 -14.218191 0.093216 1.300578 -34.211994 -0.28756 0.967166 -20.033173 0.964536 1.212838 -0.0 0.0 0.0 -3.440386 0.788233 0.501655 -15.928168 -3.167305 2.999702 -6.338816 -0.0 0.0 -18.123415 3.64818 -4.905661 -4e-06 0.0 -2e-06 -27.962229 18.590424 -10.49969 -39.310394 65.129822 -93.506172 0.597794 29.829718 0.256153 -21.40494 -15.240192 -45.760914 2.24354 -5.255033 -3.180155 14.282875 -0.826595 6.952495 0.0 -12.690593 -1e-06 15.890087 -17.328173 2.61274 1.665665 -1.95592 -2.878296 4.727794 -4.170584 4.993918 11.020509 0.0 -0.0 12.109029 -3.735715 -2.866777 -0.0 0.0 -0.0 1.291984 -1.928548 -1.498088 14.800112 0.567466 3.865604 14.242552 -1.341739 -6.660646 19.631929 0.14392 -0.648243 49.543598 -0.674383 -6.121321 0.353029 -1.511149 -0.03194 20.222765 3.684304 2.316628 18.787243 0.0 -0.0 10.751607 -0.47987 1.397902 0.0 0.0 0.0 3.273804 0.305947 -0.58011 21.486788 11.830361 2.266131 8.162914 -0.0 -0.0 18.399046 -3.798986 -4.940566 3e-06 0.0 -1e-06 4.159892 14.273453 -50.499039 -0.127138 -0.116816 46.255066 -7.064509 -1.952078 -10.628285 1.649119 -1.871469 0.125407 0.0 -0.0 2e-06 -1.3878 -5.233192 -43.501476 0.148739 0.364859 47.817726 5.600269 -1.483245 -21.234272 -1.41433 1.004903 1.138791 0.0 -0.0 -1e-06 
0.0 0.0 0.0 0.0 -0.0 0.0 -20.485992 92.434784 -126.423988 -1.296859 -4.211104 17.153658 -0.529304 -0.472298 16.051926 -0.681379 -0.680618 1.296839 -0.568853 -4.12416 7.499357 4.979556 2.356451 -11.695711 0.651844 4.497418 -3.467902 -3.481869 6.475124 -10.388189 7.7e-05 -2.2e-05 6e-06 0.058785 -0.189463 -0.021705 0.824469 -3.912511 -10.711061 -0.717129 3.541512 -10.693027 29.040808 -16.848129 -6.112269 6.439312 -53.330769 -75.246025 -0.063178 -36.004105 0.456549 4.698714 10.098686 -67.900261 -5.882102 9.861279 0.70259 -10.936858 -0.360574 7.156195 0.0 8.774814 0.0 -16.024908 18.71825 6.288395 -1.844031 2.498503 -2.507276 -10.163589 4.678941 4.621103 -20.975994 -0.0 1e-06 -21.226252 2.451699 -3.593994 0.0 -6e-06 -0.0 -1.36268 2.240796 -0.746323 -21.334888 0.58491 3.008318 -13.821193 -1e-06 1e-06 -23.887127 -0.249074 -0.839485 -60.470875 2.691701 -1.622936 -0.294025 1.679686 0.833255 -14.218191 0.093216 1.300578 -34.211994 -0.28756 0.967166 -20.033173 0.964536 1.212838 -0.0 0.0 0.0 -3.440386 0.788233 0.501655 -15.928168 -3.167305 2.999702 -6.338816 -0.0 0.0 -18.123415 3.64818 -4.905661 -4e-06 0.0 -2e-06 -27.835312 18.574594 -10.406858 -39.349522 65.248077 -93.571877 0.653408 29.737719 0.306819 -21.375729 -15.213376 -45.905811 2.24354 -5.255033 -3.180155 14.282875 -0.826595 6.952495 0.0 -12.690593 -1e-06 15.888459 -17.305143 2.606863 1.665665 -1.95592 -2.878296 4.727794 -4.170584 4.993918 11.020509 0.0 -0.0 12.109029 -3.735715 -2.866777 -0.0 0.0 -0.0 1.291984 -1.928548 -1.498088 14.800112 0.567466 3.865604 14.242552 -1.341739 -6.660646 19.631929 0.14392 -0.648243 49.563644 -0.658592 -6.115122 0.353029 -1.511149 -0.03194 20.222765 3.684304 2.316628 18.787243 0.0 -0.0 10.751607 -0.47987 1.397902 0.0 0.0 0.0 3.273804 0.305947 -0.58011 21.486788 11.830361 2.266131 8.162914 -0.0 -0.0 18.399046 -3.798986 -4.940566 3e-06 0.0 -1e-06 4.06798 14.176828 -50.513351 -0.119398 -0.101602 46.641918 -6.803711 -1.994253 -10.810377 1.647794 -1.873076 0.137172 0.0 -0.0 2e-06 -1.543715 -5.355109 -43.345345 0.148674 0.36395 47.932068 5.850507 -1.390002 -21.240889 -1.415443 1.008823 1.099883 0.0 -0.0 -1e-06 
0.0 0.0 0.0 0.0 -0.0 0.0 -20.184162 92.372246 -126.499352 -1.356786 -4.146204 16.914293 -0.543987 -0.451607 16.079502 -0.681672 -0.648925 1.301479 -0.519086 -4.10038 7.57233 5.041058 2.355159 -11.673016 0.609664 4.388507 -3.476279 -3.516934 6.362987 -10.335723 7.7e-05 -2.2e-05 6e-06 0.056902 -0.18919 -0.025186 0.826175 -3.910875 -10.715323 -0.722951 3.540645 -10.695733 29.006472 -16.867886 -6.016497 6.382585 -53.424217 -75.323547 -0.146147 -36.117607 0.517111 4.73655 10.066166 -67.627754 -5.882102 9.861279 0.70259 -10.936858 -0.360574 7.156195 0.0 8.774814 0.0 -16.052265 18.719643 6.279219 -1.844031 2.498503 -2.507276 -10.163589 4.678941 4.621103 -20.975994 -0.0 1e-06 -21.226252 2.451699 -3.593994 0.0 -6e-06 -0.0 -1.36268 2.240796 -0.746323 -21.334888 0.58491 3.008318 -13.821193 -1e-06 1e-06 -23.887127 -0.249074 -0.839485 -60.437775 2.688941 -1.603569 -0.294025 1.679686 0.833255 -14.218191 0.093216 1.300578 -34.211994 -0.28756 0.967166 -20.033173 0.964536 1.212838 -0.0 0.0 0.0 -3.440386 0.788233 0.501655 -15.928168 -3.167305 2.999702 -6.338816 -0.0 0.0 -18.123415 3.64818 -4.905661 -4e-06 0.0 -2e-06 -27.75173 18.595184 -10.33579 -39.209232 65.339211 -93.44281 0.709729 29.630556 0.35483 -21.314629 -15.210218 -46.090763 2.24354 -5.255033 -3.180155 14.282875 -0.826595 6.952495 0.0 -12.690593 -1e-06 15.877528 -17.286276 2.629039 1.665665 -1.95592 -2.878296 4.727794 -4.170584 4.993918 11.020509 0.0 -0.0 12.109029 -3.735715 -2.866777 -0.0 0.0 -0.0 1.291984 -1.928548 -1.498088 14.800112 0.567466 3.865604 14.242552 -1.341739 -6.660646 19.631929 0.14392 -0.648243 49.592255 -0.649914 -6.098065 0.353029 -1.511149 -0.03194 20.222765 3.684304 2.316628 18.787243 0.0 -0.0 10.751607 -0.47987 1.397902 0.0 0.0 0.0 3.273804 0.305947 -0.58011 21.486788 11.830361 2.266131 8.162914 -0.0 -0.0 18.399046 -3.798986 -4.940566 3e-06 0.0 -1e-06 3.976217 14.100944 -50.493256 -0.118201 -0.091361 46.955338 -6.570457 -2.054048 -10.966125 1.646834 -1.884265 0.142696 0.0 -0.0 2e-06 -1.695521 -5.455945 -43.177372 0.148901 0.359703 48.020721 6.060787 -1.327238 -21.247322 -1.414097 1.00681 1.051108 0.0 -0.0 -1e-06 
0.0 0.0 0.0 0.0 -0.0 0.0 -19.913067 92.319427 -126.577927 -1.403647 -4.077077 16.69068 -0.554593 -0.431407 16.096882 -0.687199 -0.613487 1.307715 -0.476428 -4.071188 7.642368 5.084796 2.333878 -11.645265 0.577104 4.310223 -3.481888 -3.529795 6.247309 -10.276086 7.7e-05 -2.2e-05 6e-06 0.054509 -0.186212 -0.029274 0.825839 -3.906208 -10.720409 -0.727604 3.542037 -10.699492 28.950455 -16.868952 -5.929709 6.404063 -53.543068 -75.416634 -0.251289 -36.209274 0.602085 4.747016 10.062554 -67.500305 -5.882102 9.861279 0.70259 -10.936858 -0.360574 7.156195 0.0 8.774814 0.0 -16.067135 18.732668 6.27977 -1.844031 2.498503 -2.507276 -10.163589 4.678941 4.621103 -20.975994 -0.0 1e-06 -21.226252 2.451699 -3.593994 0.0 -6e-06 -0.0 -1.36268 2.240796 -0.746323 -21.334888 0.58491 3.008318 -13.821193 -1e-06 1e-06 -23.887127 -0.249074 -0.839485 -60.397903 2.684354 -1.568543 -0.294025 1.679686 0.833255 -14.218191 0.093216 1.300578 -34.211994 -0.28756 0.967166 -20.033173 0.964536 1.212838 -0.0 0.0 0.0 -3.440386 0.788233 0.501655 -15.928168 -3.167305 2.999702 -6.338816 -0.0 0.0 -18.123415 3.64818 -4.905661 -4e-06 0.0 -2e-06 -27.729361 18.667122 -10.289042 -38.931171 65.381119 -93.175598 0.731163 29.514538 0.374643 -21.252476 -15.246681 -46.325569 2.24354 -5.255033 -3.180155 14.282875 -0.826595 6.952495 0.0 -12.690593 -1e-06 15.855335 -17.286812 2.666642 1.665665 -1.95592 -2.878296 4.727794 -4.170584 4.993918 11.020509 0.0 -0.0 12.109029 -3.735715 -2.866777 -0.0 0.0 -0.0 1.291984 -1.928548 -1.498088 14.800112 0.567466 3.865604 14.242552 -1.341739 -6.660646 19.631929 0.14392 -0.648243 49.603268 -0.660584 -6.082454 0.353029 -1.511149 -0.03194 20.222765 3.684304 2.316628 18.787243 0.0 -0.0 10.751607 -0.47987 1.397902 0.0 0.0 0.0 3.273804 0.305947 -0.58011 21.486788 11.830361 2.266131 8.162914 -0.0 -0.0 18.399046 -3.798986 -4.940566 3e-06 0.0 -1e-06 3.880143 14.035147 -50.463966 -0.116306 -0.084234 47.209167 -6.367406 -2.132977 -11.089287 1.646828 -1.898596 0.140119 0.0 -0.0 2e-06 -1.840257 -5.542163 -43.018028 0.152923 0.361309 48.09024 6.230639 -1.283988 -21.250896 -1.412165 1.003669 0.983619 0.0 -0.0 -1e-06 
0.0 0.0 0.0 0.0 -0.0 0.0 -19.671774 92.283134 -126.654663 -1.442188 -4.007052 16.492607 -0.558173 -0.41051 16.100368 -0.688296 -0.583814 1.305107 -0.4535 -4.042883 7.714442 5.095844 2.315233 -11.614429 0.560928 4.237366 -3.479173 -3.509782 6.11492 -10.223076 7.7e-05 -2.2e-05 6e-06 0.051017 -0.179277 -0.031584 0.822645 -3.898633 -10.721497 -0.731513 3.548348 -10.701491 28.884983 -16.856134 -5.866109 6.495801 -53.677055 -75.447235 -0.299758 -36.250572 0.639317 4.703275 10.089948 -67.567696 -5.882102 9.861279 0.70259 -10.936858 -0.360574 7.156195 0.0 8.774814 0.0 -16.071665 18.746689 6.282478 -1.844031 2.498503 -2.507276 -10.163589 4.678941 4.621103 -20.975994 -0.0 1e-06 -21.226252 2.451699 -3.593994 0.0 -6e-06 -0.0 -1.36268 2.240796 -0.746323 -21.334888 0.58491 3.008318 -13.821193 -1e-06 1e-06 -23.887127 -0.249074 -0.839485 -60.379543 2.66944 -1.531833 -0.294025 1.679686 0.833255 -14.218191 0.093216 1.300578 -34.211994 -0.28756 0.967166 -20.033173 0.964536 1.212838 -0.0 0.0 0.0 -3.440386 0.788233 0.501655 -15.928168 -3.167305 2.999702 -6.338816 -0.0 0.0 -18.123415 3.64818 -4.905661 -4e-06 0.0 -2e-06 -27.758015 18.765751 -10.269721 -38.622406 65.383759 -92.851845 0.692968 29.381067 0.371375 -21.184566 -15.311596 -46.613468 2.24354 -5.255033 -3.180155 14.282875 -0.826595 6.952495 0.0 -12.690593 -1e-06 15.819215 -17.287861 2.699166 1.665665 -1.95592 -2.878296 4.727794 -4.170584 4.993918 11.020509 0.0 -0.0 12.109029 -3.735715 -2.866777 -0.0 0.0 -0.0 1.291984 -1.928548 -1.498088 14.800112 0.567466 3.865604 14.242552 -1.341739 -6.660646 19.631929 0.14392 -0.648243 49.574425 -0.688664 -6.061778 0.353029 -1.511149 -0.03194 20.222765 3.684304 2.316628 18.787243 0.0 -0.0 10.751607 -0.47987 1.397902 0.0 0.0 0.0 3.273804 0.305947 -0.58011 21.486788 11.830361 2.266131 8.162914 -0.0 -0.0 18.399046 -3.798986 -4.940566 3e-06 0.0 -1e-06 3.780714 13.984354 -50.431904 -0.110785 -0.079882 47.403469 -6.187429 -2.23863 -11.161819 1.647432 -1.908442 0.149057 0.0 -0.0 2e-06 -1.975711 -5.597795 -42.863605 0.155861 0.367454 48.11842 6.37539 -1.273931 -21.248955 -1.41039 1.000448 0.934353 0.0 -0.0 -1e-06 
0.0 0.0 0.0 0.0 -0.0 0.0 -19.46962 92.256279 -126.723816 -1.479569 -3.936728 16.319656 -0.556145 -0.391171 16.080778 -0.687601 -0.556751 1.287609 -0.446078 -4.015109 7.789932 5.0801 2.304004 -11.561468 0.550793 4.16326 -3.470039 -3.468257 5.969452 -10.196094 7.7e-05 -2.2e-05 6e-06 0.047709 -0.173006 -0.031871 0.820885 -3.892958 -10.725236 -0.736348 3.555007 -10.707719 28.840393 -16.838041 -5.832149 6.593345 -53.818783 -75.440338 -0.318875 -36.259781 0.630487 4.638829 10.124261 -67.641205 -5.882102 9.861279 0.70259 -10.936858 -0.360574 7.156195 0.0 8.774814 0.0 -16.072798 18.749971 6.301907 -1.844031 2.498503 -2.507276 -10.163589 4.678941 4.621103 -20.975994 -0.0 1e-06 -21.226252 2.451699 -3.593994 0.0 -6e-06 -0.0 -1.36268 2.240796 -0.746323 -21.334888 0.58491 3.008318 -13.821193 -1e-06 1e-06 -23.887127 -0.249074 -0.839485 -60.414295 2.647126 -1.510184 -0.294025 1.679686 0.833255 -14.218191 0.093216 1.300578 -34.211994 -0.28756 0.967166 -20.033173 0.964536 1.212838 -0.0 0.0 0.0 -3.440386 0.788233 0.501655 -15.928168 -3.167305 2.999702 -6.338816 -0.0 0.0 -18.123415 3.64818 -4.905661 -4e-06 0.0 -2e-06 -27.776047 18.865423 -10.246088 -38.344372 65.372246 -92.57283 0.602384 29.278177 0.359879 -21.119595 -15.371095 -46.82674 2.24354 -5.255033 -3.180155 14.282875 -0.826595 6.952495 0.0 -12.690593 -1e-06 15.783737 -17.267902 2.707798 1.665665 -1.95592 -2.878296 4.727794 -4.170584 4.993918 11.020509 0.0 -0.0 12.109029 -3.735715 -2.866777 -0.0 0.0 -0.0 1.291984 -1.928548 -1.498088 14.800112 0.567466 3.865604 14.242552 -1.341739 -6.660646 19.631929 0.14392 -0.648243 49.498158 -0.715629 -6.034163 0.353029 -1.511149 -0.03194 20.222765 3.684304 2.316628 18.787243 0.0 -0.0 10.751607 -0.47987 1.397902 0.0 0.0 0.0 3.273804 0.305947 -0.58011 21.486788 11.830361 2.266131 8.162914 -0.0 -0.0 18.399046 -3.798986 -4.940566 3e-06 0.0 -1e-06 3.701577 13.936279 -50.383999 -0.099984 -0.076013 47.529388 -6.04995 -2.329991 -11.2332 1.647894 -1.915801 0.172781 0.0 -0.0 2e-06 -2.087656 -5.622423 -42.719143 0.158194 0.377725 48.126656 6.483119 -1.312829 -21.247896 -1.409181 0.995884 0.923552 0.0 -0.0 -1e-06 
0.0 0.0 0.0 0.0 -0.0 0.0 -19.30739 92.240891 -126.784988 -1.5172 -3.843117 16.168093 -0.547168 -0.384368 16.052654 -0.691431 -0.532191 1.264908 -0.445863 -3.992351 7.861513 5.04615 2.304375 -11.494378 0.528793 4.06887 -3.462325 -3.399977 5.834192 -10.153609 7.7e-05 -2.2e-05 6e-06 0.043332 -0.161893 -0.033121 0.817604 -3.882829 -10.72905 -0.741716 3.566582 -10.71466 28.824955 -16.817722 -5.788169 6.758749 -53.958996 -75.504852 -0.302419 -36.262466 0.587141 4.593907 10.127172 -67.718231 -5.882102 9.861279 0.70259 -10.936858 -0.360574 7.156195 0.0 8.774814 0.0 -16.065527 18.741844 6.323052 -1.844031 2.498503 -2.507276 -10.163589 4.678941 4.621103 -20.975994 -0.0 1e-06 -21.226252 2.451699 -3.593994 0.0 -6e-06 -0.0 -1.36268 2.240796 -0.746323 -21.334888 0.58491 3.008318 -13.821193 -1e-06 1e-06 -23.887127 -0.249074 -0.839485 -60.454666 2.634992 -1.507557 -0.294025 1.679686 0.833255 -14.218191 0.093216 1.300578 -34.211994 -0.28756 0.967166 -20.033173 0.964536 1.212838 -0.0 0.0 0.0 -3.440386 0.788233 0.501655 -15.928168 -3.167305 2.999702 -6.338816 -0.0 0.0 -18.123415 3.64818 -4.905661 -4e-06 0.0 -2e-06 -27.787933 18.924301 -10.214511 -38.13567 65.346352 -92.351273 0.460513 29.22455 0.324503 -21.023563 -15.437165 -47.017536 2.24354 -5.255033 -3.180155 14.282875 -0.826595 6.952495 0.0 -12.690593 -1e-06 15.757729 -17.261515 2.705962 1.665665 -1.95592 -2.878296 4.727794 -4.170584 4.993918 11.020509 0.0 -0.0 12.109029 -3.735715 -2.866777 -0.0 0.0 -0.0 1.291984 -1.928548 -1.498088 14.800112 0.567466 3.865604 14.242552 -1.341739 -6.660646 19.631929 0.14392 -0.648243 49.442837 -0.734985 -6.009067 0.353029 -1.511149 -0.03194 20.222765 3.684304 2.316628 18.787243 0.0 -0.0 10.751607 -0.47987 1.397902 0.0 0.0 0.0 3.273804 0.305947 -0.58011 21.486788 11.830361 2.266131 8.162914 -0.0 -0.0 18.399046 -3.798986 -4.940566 3e-06 0.0 -1e-06 3.64527 13.886668 -50.323639 -0.096125 -0.078413 47.590691 -5.934085 -2.39551 -11.289541 1.649124 -1.918452 0.211363 0.0 -0.0 2e-06 -2.167215 -5.645725 -42.57365 0.158357 0.387609 48.109104 6.584738 -1.384641 -21.247704 -1.407811 0.991134 0.945498 0.0 -0.0 -1e-06 
0.0 0.0 0.0 0.0 -0.0 0.0 -19.179596 92.244316 -126.844635 -1.557531 -3.721013 16.03974 -0.532942 -0.389289 16.02496 -0.700432 -0.511218 1.247619 -0.449028 -3.977198 7.920049 5.011637 2.322182 -11.436964 0.501383 3.96184 -3.459457 -3.31766 5.704337 -10.089059 7.7e-05 -2.2e-05 6e-06 0.039688 -0.151758 -0.034747 0.813288 -3.874429 -10.73327 -0.744545 3.577732 -10.721475 28.836052 -16.819801 -5.740102 7.001091 -54.0686 -75.66494 -0.246789 -36.264545 0.520603 4.549158 10.107957 -67.768044 -5.882102 9.861279 0.70259 -10.936858 -0.360574 7.156195 0.0 8.774814 0.0 -16.037317 18.729761 6.349016 -1.844031 2.498503 -2.507276 -10.163589 4.678941 4.621103 -20.975994 -0.0 1e-06 -21.226252 2.451699 -3.593994 0.0 -6e-06 -0.0 -1.36268 2.240796 -0.746323 -21.334888 0.58491 3.008318 -13.821193 -1e-06 1e-06 -23.887127 -0.249074 -0.839485 -60.474216 2.636351 -1.507483 -0.294025 1.679686 0.833255 -14.218191 0.093216 1.300578 -34.211994 -0.28756 0.967166 -20.033173 0.964536 1.212838 -0.0 0.0 0.0 -3.440386 0.788233 0.501655 -15.928168 -3.167305 2.999702 -6.338816 -0.0 0.0 -18.123415 3.64818 -4.905661 -4e-06 0.0 -2e-06 -27.789934 18.925404 -10.180171 -37.991531 65.31356 -92.226753 0.302284 29.210213 0.25458 -20.933867 -15.471107 -47.164536 2.24354 -5.255033 -3.180155 14.282875 -0.826595 6.952495 0.0 -12.690593 -1e-06 15.732702 -17.273006 2.701604 1.665665 -1.95592 -2.878296 4.727794 -4.170584 4.993918 11.020509 0.0 -0.0 12.109029 -3.735715 -2.866777 -0.0 0.0 -0.0 1.291984 -1.928548 -1.498088 14.800112 0.567466 3.865604 14.242552 -1.341739 -6.660646 19.631929 0.14392 -0.648243 49.400291 -0.743317 -5.994212 0.353029 -1.511149 -0.03194 20.222765 3.684304 2.316628 18.787243 0.0 -0.0 10.751607 -0.47987 1.397902 0.0 0.0 0.0 3.273804 0.305947 -0.58011 21.486788 11.830361 2.266131 8.162914 -0.0 -0.0 18.399046 -3.798986 -4.940566 3e-06 0.0 -1e-06 3.609024 13.830236 -50.260277 -0.09973 -0.090326 47.589214 -5.847627 -2.426626 -11.293396 1.650999 -1.913295 0.256597 0.0 -0.0 2e-06 -2.212298 -5.678621 -42.421337 0.157816 0.396242 48.041542 6.693571 -1.478558 -21.2355 -1.406919 0.989084 0.980876 0.0 -0.0 -1e-06 
0.0 0.0 0.0 0.0 -0.0 0.0 -19.089266 92.26931 -126.902092 -1.595391 -3.578395 15.930369 -0.520523 -0.401334 15.997717 -0.713484 -0.495663 1.240583 -0.45486 -3.970337 7.9502 4.980828 2.338179 -11.376316 0.473901 3.862482 -3.461187 -3.236011 5.561975 -10.012769 7.7e-05 -2.2e-05 6e-06 0.038531 -0.145844 -0.035968 0.809389 -3.869822 -10.734688 -0.742869 3.584251 -10.725171 28.866247 -16.833918 -5.706552 7.24951 -54.159573 -75.912018 -0.225051 -36.26326 0.46827 4.488118 10.079684 -67.741676 -5.882102 9.861279 0.70259 -10.936858 -0.360574 7.156195 0.0 8.774814 0.0 -15.990322 18.714851 6.38631 -1.844031 2.498503 -2.507276 -10.163589 4.678941 4.621103 -20.975994 -0.0 1e-06 -21.226252 2.451699 -3.593994 0.0 -6e-06 -0.0 -1.36268 2.240796 -0.746323 -21.334888 0.58491 3.008318 -13.821193 -1e-06 1e-06 -23.887127 -0.249074 -0.839485 -60.482372 2.641927 -1.495853 -0.294025 1.679686 0.833255 -14.218191 0.093216 1.300578 -34.211994 -0.28756 0.967166 -20.033173 0.964536 1.212838 -0.0 0.0 0.0 -3.440386 0.788233 0.501655 -15.928168 -3.167305 2.999702 -6.338816 -0.0 0.0 -18.123415 3.64818 -4.905661 -4e-06 0.0 -2e-06 -27.778721 18.891092 -10.161178 -37.78484 65.300064 -92.144661 0.172868 29.241673 0.180946 -20.885546 -15.48332 -47.192356 2.24354 -5.255033 -3.180155 14.282875 -0.826595 6.952495 0.0 -12.690593 -1e-06 15.711717 -17.28936 2.708245 1.665665 -1.95592 -2.878296 4.727794 -4.170584 4.993918 11.020509 0.0 -0.0 12.109029 -3.735715 -2.866777 -0.0 0.0 -0.0 1.291984 -1.928548 -1.498088 14.800112 0.567466 3.865604 14.242552 -1.341739 -6.660646 19.631929 0.14392 -0.648243 49.370445 -0.742215 -5.978842 0.353029 -1.511149 -0.03194 20.222765 3.684304 2.316628 18.787243 0.0 -0.0 10.751607 -0.47987 1.397902 0.0 0.0 0.0 3.273804 0.305947 -0.58011 21.486788 11.830361 2.266131 8.162914 -0.0 -0.0 18.399046 -3.798986 -4.940566 3e-06 0.0 -1e-06 3.592998 13.767844 -50.186764 -0.108426 -0.106474 47.525436 -5.800643 -2.450169 -11.230125 1.652811 -1.905214 0.284455 0.0 -0.0 2e-06 -2.224028 -5.728762 -42.256981 0.153517 0.402662 47.919357 6.79374 -1.563483 -21.198336 -1.407465 0.989023 1.012016 0.0 -0.0 -1e-06 
0.0 0.0 0.0 0.0 -0.0 0.0 -19.032808 92.316223 -126.955162 -1.627608 -3.423919 15.834482 -0.513918 -0.41508 15.971108 -0.719907 -0.49242 1.238801 -0.468776 -3.960576 7.953388 4.949435 2.353245 -11.309018 0.455958 3.76133 -3.457947 -3.174016 5.41476 -9.935596 7.7e-05 -2.2e-05 6e-06 0.039534 -0.145302 -0.032073 0.807243 -3.870933 -10.731216 -0.738772 3.58599 -10.725107 28.914145 -16.864815 -5.678372 7.478448 -54.240246 -76.133118 -0.193283 -36.250454 0.429734 4.435763 10.057907 -67.765572 -5.882102 9.861279 0.70259 -10.936858 -0.360574 7.156195 0.0 8.774814 0.0 -15.937858 18.708035 6.430694 -1.844031 2.498503 -2.507276 -10.163589 4.678941 4.621103 -20.975994 -0.0 1e-06 -21.226252 2.451699 -3.593994 0.0 -6e-06 -0.0 -1.36268 2.240796 -0.746323 -21.334888 0.58491 3.008318 -13.821193 -1e-06 1e-06 -23.887127 -0.249074 -0.839485 -60.5 2.653434 -1.486937 -0.294025 1.679686 0.833255 -14.218191 0.093216 1.300578 -34.211994 -0.28756 0.967166 -20.033173 0.964536 1.212838 -0.0 0.0 0.0 -3.440386 0.788233 0.501655 -15.928168 -3.167305 2.999702 -6.338816 -0.0 0.0 -18.123415 3.64818 -4.905661 -4e-06 0.0 -2e-06 -27.77803 18.833809 -10.155054 -37.467197 65.298836 -92.041519 0.096405 29.32189 0.130942 -20.858273 -15.503406 -47.133167 2.24354 -5.255033 -3.180155 14.282875 -0.826595 6.952495 0.0 -12.690593 -1e-06 15.691653 -17.297821 2.701726 1.665665 -1.95592 -2.878296 4.727794 -4.170584 4.993918 11.020509 0.0 -0.0 12.109029 -3.735715 -2.866777 -0.0 0.0 -0.0 1.291984 -1.928548 -1.498088 14.800112 0.567466 3.865604 14.242552 -1.341739 -6.660646 19.631929 0.14392 -0.648243 49.340103 -0.735337 -5.985388 0.353029 -1.511149 -0.03194 20.222765 3.684304 2.316628 18.787243 0.0 -0.0 10.751607 -0.47987 1.397902 0.0 0.0 0.0 3.273804 0.305947 -0.58011 21.486788 11.830361 2.266131 8.162914 -0.0 -0.0 18.399046 -3.798986 -4.940566 3e-06 0.0 -1e-06 3.591152 13.70679 -50.094402 -0.114429 -0.119291 47.400566 -5.789323 -2.484342 -11.102865 1.655894 -1.896584 0.281032 0.0 -0.0 2e-06 -2.216362 -5.768568 -42.073841 0.148176 0.411047 47.742046 6.870684 -1.655039 -21.127338 -1.409023 0.986395 1.032084 0.0 -0.0 -1e-06 
0.0 0.0 0.0 0.0 -0.0 0.0 -19.002823 92.380791 -127.009941 -1.662221 -3.277572 15.745471 -0.511777 -0.414867 15.938407 -0.724176 -0.499557 1.23512 -0.488034 -3.95007 7.949341 4.925672 2.368966 -11.236617 0.42576 3.685272 -3.455287 -3.117583 5.257873 -9.841859 7.7e-05 -2.2e-05 6e-06 0.041538 -0.148975 -0.025512 0.80606 -3.876755 -10.725503 -0.733754 3.584353 -10.722733 28.961031 -16.910904 -5.626113 7.71358 -54.30891 -76.328903 -0.149366 -36.236637 0.393759 4.407406 10.076144 -67.811996 -5.882102 9.861279 0.70259 -10.936858 -0.360574 7.156195 0.0 8.774814 0.0 -15.909323 18.699919 6.456251 -1.844031 2.498503 -2.507276 -10.163589 4.678941 4.621103 -20.975994 -0.0 1e-06 -21.226252 2.451699 -3.593994 0.0 -6e-06 -0.0 -1.36268 2.240796 -0.746323 -21.334888 0.58491 3.008318 -13.821193 -1e-06 1e-06 -23.887127 -0.249074 -0.839485 -60.525223 2.665874 -1.491287 -0.294025 1.679686 0.833255 -14.218191 0.093216 1.300578 -34.211994 -0.28756 0.967166 -20.033173 0.964536 1.212838 -0.0 0.0 0.0 -3.440386 0.788233 0.501655 -15.928168 -3.167305 2.999702 -6.338816 -0.0 0.0 -18.123415 3.64818 -4.905661 -4e-06 0.0 -2e-06 -27.81097 18.76882 -10.147643 -37.048447 65.306625 -91.886467 0.051226 29.419315 0.092255 -20.832129 -15.502509 -47.118931 2.24354 -5.255033 -3.180155 14.282875 -0.826595 6.952495 0.0 -12.690593 -1e-06 15.665493 -17.309145 2.688719 1.665665 -1.95592 -2.878296 4.727794 -4.170584 4.993918 11.020509 0.0 -0.0 12.109029 -3.735715 -2.866777 -0.0 0.0 -0.0 1.291984 -1.928548 -1.498088 14.800112 0.567466 3.865604 14.242552 -1.341739 -6.660646 19.631929 0.14392 -0.648243 49.314228 -0.729494 -6.018187 0.353029 -1.511149 -0.03194 20.222765 3.684304 2.316628 18.787243 0.0 -0.0 10.751607 -0.47987 1.397902 0.0 0.0 0.0 3.273804 0.305947 -0.58011 21.486788 11.830361 2.266131 8.162914 -0.0 -0.0 18.399046 -3.798986 -4.940566 3e-06 0.0 -1e-06 3.603632 13.671575 -49.982731 -0.118455 -0.124979 47.226696 -5.808348 -2.546701 -10.924146 1.658247 -1.889154 0.273333 0.0 -0.0 2e-06 -2.192786 -5.780282 -41.875603 0.145305 0.419029 47.51627 6.924283 -1.770254 -21.03187 -1.411097 0.987693 1.042397 0.0 -0.0 -1e-06 
0.0 0.0 0.0 0.0 -0.0 0.0 -18.991236 92.443321 -127.062836 -1.697751 -3.13499 15.660494 -0.511839 -0.412714 15.899028 -0.727019 -0.50679 1.221704 -0.507792 -3.942436 7.945933 4.897432 2.382471 -11.145027 0.391938 3.612451 -3.455391 -3.065205 5.097848 -9.757406 7.7e-05 -2.2e-05 6e-06 0.0438 -0.156005 -0.019402 0.805595 -3.885131 -10.720808 -0.729023 3.578744 -10.720505 29.007425 -16.966543 -5.555528 7.888062 -54.376713 -76.455933 -0.103413 -36.244148 0.36665 4.366196 10.134893 -67.882477 -5.882102 9.861279 0.70259 -10.936858 -0.360574 7.156195 0.0 8.774814 0.0 -15.920908 18.711618 6.458838 -1.844031 2.498503 -2.507276 -10.163589 4.678941 4.621103 -20.975994 -0.0 1e-06 -21.226252 2.451699 -3.593994 0.0 -6e-06 -0.0 -1.36268 2.240796 -0.746323 -21.334888 0.58491 3.008318 -13.821193 -1e-06 1e-06 -23.887127 -0.249074 -0.839485 -60.556301 2.683492 -1.507391 -0.294025 1.679686 0.833255 -14.218191 0.093216 1.300578 -34.211994 -0.28756 0.967166 -20.033173 0.964536 1.212838 -0.0 0.0 0.0 -3.440386 0.788233 0.501655 -15.928168 -3.167305 2.999702 -6.338816 -0.0 0.0 -18.123415 3.64818 -4.905661 -4e-06 0.0 -2e-06 -27.858931 18.704668 -10.147045 -36.494198 65.351585 -91.591827 0.003794 29.524542 0.064356 -20.779573 -15.51302 -47.159256 2.24354 -5.255033 -3.180155 14.282875 -0.826595 6.952495 0.0 -12.690593 -1e-06 15.646017 -17.316986 2.676439 1.665665 -1.95592 -2.878296 4.727794 -4.170584 4.993918 11.020509 0.0 -0.0 12.109029 -3.735715 -2.866777 -0.0 0.0 -0.0 1.291984 -1.928548 -1.498088 14.800112 0.567466 3.865604 14.242552 -1.341739 -6.660646 19.631929 0.14392 -0.648243 49.295921 -0.722437 -6.063118 0.353029 -1.511149 -0.03194 20.222765 3.684304 2.316628 18.787243 0.0 -0.0 10.751607 -0.47987 1.397902 0.0 0.0 0.0 3.273804 0.305947 -0.58011 21.486788 11.830361 2.266131 8.162914 -0.0 -0.0 18.399046 -3.798986 -4.940566 3e-06 0.0 -1e-06 3.639584 13.624565 -49.863884 -0.11793 -0.122454 47.041702 -5.830886 -2.61322 -10.756976 1.660406 -1.887712 0.253671 0.0 -0.0 2e-06 -2.159265 -5.782073 -41.685265 0.140888 0.42062 47.300694 6.957079 -1.897374 -20.946472 -1.41293 0.991971 1.050958 0.0 -0.0 -1e-06 
0.0 0.0 0.0 0.0 -0.0 0.0 -18.987617 92.503311 -127.103912 -1.728771 -3.002454 15.576943 -0.515875 -0.412107 15.86342 -0.737974 -0.503783 1.202755 -0.512642 -3.951669 7.937673 4.857637 2.398489 -11.05298 0.356698 3.535791 -3.459828 -3.008465 4.943764 -9.692694 7.7e-05 -2.2e-05 6e-06 0.045759 -0.161828 -0.017762 0.806778 -3.891131 -10.720419 -0.7266 3.573419 -10.722843 29.029558 -17.021744 -5.492023 7.971596 -54.435589 -76.510902 -0.096442 -36.281139 0.325133 4.290474 10.185626 -67.840446 -5.882102 9.861279 0.70259 -10.936858 -0.360574 7.156195 0.0 8.774814 0.0 -15.957943 18.731152 6.442814 -1.844031 2.498503 -2.507276 -10.163589 4.678941 4.621103 -20.975994 -0.0 1e-06 -21.226252 2.451699 -3.593994 0.0 -6e-06 -0.0 -1.36268 2.240796 -0.746323 -21.334888 0.58491 3.008318 -13.821193 -1e-06 1e-06 -23.887127 -0.249074 -0.839485 -60.592972 2.708215 -1.524404 -0.294025 1.679686 0.833255 -14.218191 0.093216 1.300578 -34.211994 -0.28756 0.967166 -20.033173 0.964536 1.212838 -0.0 0.0 0.0 -3.440386 0.788233 0.501655 -15.928168 -3.167305 2.999702 -6.338816 -0.0 0.0 -18.123415 3.64818 -4.905661 -4e-06 0.0 -2e-06 -27.876991 18.660603 -10.132844 -35.938034 65.412094 -91.22757 -0.046046 29.628675 0.06383 -20.729116 -15.55265 -47.247406 2.24354 -5.255033 -3.180155 14.282875 -0.826595 6.952495 0.0 -12.690593 -1e-06 15.653623 -17.312992 2.656699 1.665665 -1.95592 -2.878296 4.727794 -4.170584 4.993918 11.020509 0.0 -0.0 12.109029 -3.735715 -2.866777 -0.0 0.0 -0.0 1.291984 -1.928548 -1.498088 14.800112 0.567466 3.865604 14.242552 -1.341739 -6.660646 19.631929 0.14392 -0.648243 49.286385 -0.713868 -6.108601 0.353029 -1.511149 -0.03194 20.222765 3.684304 2.316628 18.787243 0.0 -0.0 10.751607 -0.47987 1.397902 0.0 0.0 0.0 3.273804 0.305947 -0.58011 21.486788 11.830361 2.266131 8.162914 -0.0 -0.0 18.399046 -3.798986 -4.940566 3e-06 0.0 -1e-06 3.681486 13.573533 -49.737457 -0.115856 -0.1186 46.863003 -5.844273 -2.681652 -10.605829 1.6623 -1.893004 0.211789 0.0 -0.0 2e-06 -2.129248 -5.786943 -41.495094 0.138372 0.414805 47.096523 6.977418 -1.999522 -20.86894 -1.413693 0.996849 1.036549 0.0 -0.0 -1e-06 
0.0 0.0 0.0 0.0 -0.0 0.0 -18.976875 92.55658 -127.135124 -1.758308 -2.895962 15.502525 -0.525025 -0.407133 15.828807 -0.749275 -0.499151 1.182297 -0.517506 -3.961208 7.926864 4.804201 2.410017 -10.974708 0.322789 3.474668 -3.464037 -2.930788 4.795568 -9.644582 7.7e-05 -2.2e-05 6e-06 0.046998 -0.165084 -0.01917 0.808812 -3.893289 -10.720213 -0.726474 3.569477 -10.725311 29.020628 -17.069681 -5.42689 8.014878 -54.478271 -76.58326 -0.14794 -36.357388 0.298685 4.181709 10.23674 -67.632378 -5.882102 9.861279 0.70259 -10.936858 -0.360574 7.156195 0.0 8.774814 0.0 -16.002644 18.750273 6.426331 -1.844031 2.498503 -2.507276 -10.163589 4.678941 4.621103 -20.975994 -0.0 1e-06 -21.226252 2.451699 -3.593994 0.0 -6e-06 -0.0 -1.36268 2.240796 -0.746323 -21.334888 0.58491 3.008318 -13.821193 -1e-06 1e-06 -23.887127 -0.249074 -0.839485 -60.617096 2.728978 -1.525707 -0.294025 1.679686 0.833255 -14.218191 0.093216 1.300578 -34.211994 -0.28756 0.967166 -20.033173 0.964536 1.212838 -0.0 0.0 0.0 -3.440386 0.788233 0.501655 -15.928168 -3.167305 2.999702 -6.338816 -0.0 0.0 -18.123415 3.64818 -4.905661 -4e-06 0.0 -2e-06 -27.86311 18.642881 -10.092635 -35.425072 65.455284 -90.901566 -0.061632 29.751207 0.087035 -20.726887 -15.575006 -47.316299 2.24354 -5.255033 -3.180155 14.282875 -0.826595 6.952495 0.0 -12.690593 -1e-06 15.648106 -17.2964 2.656724 1.665665 -1.95592 -2.878296 4.727794 -4.170584 4.993918 11.020509 0.0 -0.0 12.109029 -3.735715 -2.866777 -0.0 0.0 -0.0 1.291984 -1.928548 -1.498088 14.800112 0.567466 3.865604 14.242552 -1.341739 -6.660646 19.631929 0.14392 -0.648243 49.29118 -0.704508 -6.125569 0.353029 -1.511149 -0.03194 20.222765 3.684304 2.316628 18.787243 0.0 -0.0 10.751607 -0.47987 1.397902 0.0 0.0 0.0 3.273804 0.305947 -0.58011 21.486788 11.830361 2.266131 8.162914 -0.0 -0.0 18.399046 -3.798986 -4.940566 3e-06 0.0 -1e-06 3.71413 13.538017 -49.618225 -0.119661 -0.117948 46.703262 -5.848501 -2.734432 -10.488352 1.662808 -1.9002 0.176758 0.0 -0.0 2e-06 -2.113243 -5.781032 -41.321808 0.138457 0.402698 46.911182 7.007102 -2.090605 -20.819151 -1.413954 1.002563 1.018311 0.0 -0.0 -1e-06 
0.0 0.0 0.0 0.0 -0.0 0.0 -18.9505 92.598885 -127.16658 -1.781554 -2.810784 15.438799 -0.538997 -0.390832 15.794193 -0.754538 -0.498377 1.16191 -0.526375 -3.95817 7.917464 4.74186 2.399951 -10.919226 0.301406 3.426497 -3.464049 -2.843684 4.662846 -9.607892 7.7e-05 -2.2e-05 6e-06 0.046617 -0.164936 -0.020272 0.810131 -3.892047 -10.72031 -0.728818 3.568891 -10.727023 29.015917 -17.120552 -5.404449 7.980206 -54.51033 -76.569885 -0.222125 -36.449982 0.286433 4.091131 10.298043 -67.308792 -5.882102 9.861279 0.70259 -10.936858 -0.360574 7.156195 0.0 8.774814 0.0 -16.042032 18.757317 6.408642 -1.844031 2.498503 -2.507276 -10.163589 4.678941 4.621103 -20.975994 -0.0 1e-06 -21.226252 2.451699 -3.593994 0.0 -6e-06 -0.0 -1.36268 2.240796 -0.746323 -21.334888 0.58491 3.008318 -13.821193 -1e-06 1e-06 -23.887127 -0.249074 -0.839485 -60.623566 2.732015 -1.517161 -0.294025 1.679686 0.833255 -14.218191 0.093216 1.300578 -34.211994 -0.28756 0.967166 -20.033173 0.964536 1.212838 -0.0 0.0 0.0 -3.440386 0.788233 0.501655 -15.928168 -3.167305 2.999702 -6.338816 -0.0 0.0 -18.123415 3.64818 -4.905661 -4e-06 0.0 -2e-06 -27.818016 18.643108 -10.017694 -34.964577 65.459114 -90.604027 -0.046202 29.896435 0.135813 -20.739418 -15.586604 -47.389339 2.24354 -5.255033 -3.180155 14.282875 -0.826595 6.952495 0.0 -12.690593 -1e-06 15.626617 -17.267269 2.665458 1.665665 -1.95592 -2.878296 4.727794 -4.170584 4.993918 11.020509 0.0 -0.0 12.109029 -3.735715 -2.866777 -0.0 0.0 -0.0 1.291984 -1.928548 -1.498088 14.800112 0.567466 3.865604 14.242552 -1.341739 -6.660646 19.631929 0.14392 -0.648243 49.295704 -0.700557 -6.118437 0.353029 -1.511149 -0.03194 20.222765 3.684304 2.316628 18.787243 0.0 -0.0 10.751607 -0.47987 1.397902 0.0 0.0 0.0 3.273804 0.305947 -0.58011 21.486788 11.830361 2.266131 8.162914 -0.0 -0.0 18.399046 -3.798986 -4.940566 3e-06 0.0 -1e-06 3.72957 13.503568 -49.514336 -0.130626 -0.119416 46.55838 -5.844683 -2.747169 -10.415189 1.662675 -1.916001 0.168101 0.0 -0.0 2e-06 -2.119393 -5.763516 -41.181034 0.139278 0.389773 46.758278 7.040491 -2.17842 -20.798958 -1.413541 1.003486 0.989393 0.0 -0.0 -1e-06 
0.0 0.0 0.0 0.0 -0.0 0.0 -18.917803 92.630501 -127.218414 -1.806748 -2.746469 15.387541 -0.552248 -0.369032 15.771543 -0.750116 -0.506275 1.143992 -0.539564 -3.952734 7.910712 4.684593 2.381528 -10.889927 0.287305 3.378036 -3.462265 -2.783534 4.569207 -9.591879 7.7e-05 -2.2e-05 6e-06 0.045062 -0.161062 -0.020223 0.810202 -3.887346 -10.720161 -0.73226 3.572497 -10.727271 29.025515 -17.171967 -5.41889 7.87346 -54.498497 -76.450783 -0.301046 -36.583977 0.318174 4.036771 10.385434 -67.093239 -5.882102 9.861279 0.70259 -10.936858 -0.360574 7.156195 0.0 8.774814 0.0 -16.058949 18.747782 6.397005 -1.844031 2.498503 -2.507276 -10.163589 4.678941 4.621103 -20.975994 -0.0 1e-06 -21.226252 2.451699 -3.593994 0.0 -6e-06 -0.0 -1.36268 2.240796 -0.746323 -21.334888 0.58491 3.008318 -13.821193 -1e-06 1e-06 -23.887127 -0.249074 -0.839485 -60.593922 2.726346 -1.50443 -0.294025 1.679686 0.833255 -14.218191 0.093216 1.300578 -34.211994 -0.28756 0.967166 -20.033173 0.964536 1.212838 -0.0 0.0 0.0 -3.440386 0.788233 0.501655 -15.928168 -3.167305 2.999702 -6.338816 -0.0 0.0 -18.123415 3.64818 -4.905661 -4e-06 0.0 -2e-06 -27.799995 18.662766 -9.949517 -34.512966 65.421967 -90.329796 -0.024272 30.082468 0.191023 -20.744131 -15.612546 -47.424225 2.24354 -5.255033 -3.180155 14.282875 -0.826595 6.952495 0.0 -12.690593 -1e-06 15.589852 -17.247231 2.674894 1.665665 -1.95592 -2.878296 4.727794 -4.170584 4.993918 11.020509 0.0 -0.0 12.109029 -3.735715 -2.866777 -0.0 0.0 -0.0 1.291984 -1.928548 -1.498088 14.800112 0.567466 3.865604 14.242552 -1.341739 -6.660646 19.631929 0.14392 -0.648243 49.305477 -0.702066 -6.106418 0.353029 -1.511149 -0.03194 20.222765 3.684304 2.316628 18.787243 0.0 -0.0 10.751607 -0.47987 1.397902 0.0 0.0 0.0 3.273804 0.305947 -0.58011 21.486788 11.830361 2.266131 8.162914 -0.0 -0.0 18.399046 -3.798986 -4.940566 3e-06 0.0 -1e-06 3.735615 13.479712 -49.445801 -0.141457 -0.123351 46.432922 -5.83458 -2.738766 -10.351625 1.662793 -1.932394 0.168436 0.0 -0.0 2e-06 -2.120575 -5.754266 -41.089088 0.142154 0.383346 46.636303 7.072847 -2.242276 -20.774529 -1.412798 1.002283 0.96773 0.0 -0.0 -1e-06 
0.0 0.0 0.0 0.0 -0.0 0.0 -18.890217 92.664673 -127.295563 -1.836469 -2.706626 15.35757 -0.560785 -0.357668 15.760366 -0.745558 -0.509133 1.129659 -0.556633 -3.958627 7.900114 4.645024 2.372275 -10.892269 0.265967 3.333672 -3.458785 -2.727862 4.492352 -9.566446 7.7e-05 -2.2e-05 6e-06 0.042664 -0.152019 -0.020295 0.808774 -3.877477 -10.716874 -0.735799 3.581084 -10.725112 29.024052 -17.210951 -5.447314 7.746955 -54.449539 -76.291687 -0.378916 -36.756363 0.375631 3.990752 10.478548 -66.994942 -5.882102 9.861279 0.70259 -10.936858 -0.360574 7.156195 0.0 8.774814 0.0 -16.058962 18.734434 6.385502 -1.844031 2.498503 -2.507276 -10.163589 4.678941 4.621103 -20.975994 -0.0 1e-06 -21.226252 2.451699 -3.593994 0.0 -6e-06 -0.0 -1.36268 2.240796 -0.746323 -21.334888 0.58491 3.008318 -13.821193 -1e-06 1e-06 -23.887127 -0.249074 -0.839485 -60.576668 2.716007 -1.504723 -0.294025 1.679686 0.833255 -14.218191 0.093216 1.300578 -34.211994 -0.28756 0.967166 -20.033173 0.964536 1.212838 -0.0 0.0 0.0 -3.440386 0.788233 0.501655 -15.928168 -3.167305 2.999702 -6.338816 -0.0 0.0 -18.123415 3.64818 -4.905661 -4e-06 0.0 -2e-06 -27.800091 18.701637 -9.919387 -34.137714 65.376427 -90.072372 -0.034719 30.260719 0.227653 -20.734268 -15.646441 -47.513634 2.24354 -5.255033 -3.180155 14.282875 -0.826595 6.952495 0.0 -12.690593 -1e-06 15.559855 -17.236969 2.67802 1.665665 -1.95592 -2.878296 4.727794 -4.170584 4.993918 11.020509 0.0 -0.0 12.109029 -3.735715 -2.866777 -0.0 0.0 -0.0 1.291984 -1.928548 -1.498088 14.800112 0.567466 3.865604 14.242552 -1.341739 -6.660646 19.631929 0.14392 -0.648243 49.313259 -0.713534 -6.088965 0.353029 -1.511149 -0.03194 20.222765 3.684304 2.316628 18.787243 0.0 -0.0 10.751607 -0.47987 1.397902 0.0 0.0 0.0 3.273804 0.305947 -0.58011 21.486788 11.830361 2.266131 8.162914 -0.0 -0.0 18.399046 -3.798986 -4.940566 3e-06 0.0 -1e-06 3.74087 13.465261 -49.412086 -0.145879 -0.129128 46.302895 -5.825508 -2.730258 -10.248677 1.663456 -1.941379 0.168686 0.0 -0.0 2e-06 -2.103516 -5.751913 -41.040539 0.148876 0.384373 46.506111 7.099812 -2.293301 -20.699694 -1.411254 0.995591 0.951536 0.0 -0.0 -1e-06 
0.0 0.0 0.0 0.0 -0.0 0.0 -18.863312 92.696503 -127.375885 -1.858763 -2.675783 15.34351 -0.563358 -0.359987 15.755599 -0.752443 -0.509391 1.121912 -0.57355 -3.976318 7.887074 4.626648 2.362751 -10.911348 0.242935 3.312114 -3.453368 -2.687369 4.431256 -9.543159 7.7e-05 -2.2e-05 6e-06 0.04018 -0.141179 -0.020735 0.807081 -3.865256 -10.710546 -0.739011 3.590381 -10.720587 29.028994 -17.242846 -5.453867 7.659005 -54.376255 -76.207779 -0.453157 -36.919678 0.42571 3.936997 10.558821 -66.903801 -5.882102 9.861279 0.70259 -10.936858 -0.360574 7.156195 0.0 8.774814 0.0 -16.054083 18.716246 6.395655 -1.844031 2.498503 -2.507276 -10.163589 4.678941 4.621103 -20.975994 -0.0 1e-06 -21.226252 2.451699 -3.593994 0.0 -6e-06 -0.0 -1.36268 2.240796 -0.746323 -21.334888 0.58491 3.008318 -13.821193 -1e-06 1e-06 -23.887127 -0.249074 -0.839485 -60.602051 2.701725 -1.506831 -0.294025 1.679686 0.833255 -14.218191 0.093216 1.300578 -34.211994 -0.28756 0.967166 -20.033173 0.964536 1.212838 -0.0 0.0 0.0 -3.440386 0.788233 0.501655 -15.928168 -3.167305 2.999702 -6.338816 -0.0 0.0 -18.123415 3.64818 -4.905661 -4e-06 0.0 -2e-06 -27.795109 18.740562 -9.892473 -33.888588 65.324623 -89.862831 -0.072646 30.428455 0.226672 -20.701054 -15.705952 -47.590778 2.24354 -5.255033 -3.180155 14.282875 -0.826595 6.952495 0.0 -12.690593 -1e-06 15.547361 -17.233622 2.677654 1.665665 -1.95592 -2.878296 4.727794 -4.170584 4.993918 11.020509 0.0 -0.0 12.109029 -3.735715 -2.866777 -0.0 0.0 -0.0 1.291984 -1.928548 -1.498088 14.800112 0.567466 3.865604 14.242552 -1.341739 -6.660646 19.631929 0.14392 -0.648243 49.306377 -0.729904 -6.065041 0.353029 -1.511149 -0.03194 20.222765 3.684304 2.316628 18.787243 0.0 -0.0 10.751607 -0.47987 1.397902 0.0 0.0 0.0 3.273804 0.305947 -0.58011 21.486788 11.830361 2.266131 8.162914 -0.0 -0.0 18.399046 -3.798986 -4.940566 3e-06 0.0 -1e-06 3.739734 13.438634 -49.391685 -0.143866 -0.131738 46.165039 -5.831932 -2.70504 -10.153277 1.664316 -1.945202 0.15813 0.0 -0.0 2e-06 -2.088396 -5.76767 -41.020088 0.155819 0.383905 46.387299 7.128138 -2.312283 -20.608377 -1.40924 0.987951 0.948428 0.0 -0.0 -1e-06 
0.0 0.0 0.0 0.0 -0.0 0.0 -18.828812 92.726967 -127.448334 -1.867608 -2.655273 15.344411 -0.565063 -0.37251 15.764795 -0.770778 -0.509762 1.121491 -0.590712 -3.998447 7.86445 4.627707 2.355513 -10.921493 0.227965 3.290286 -3.445011 -2.651885 4.407187 -9.507519 7.7e-05 -2.2e-05 6e-06 0.038711 -0.131458 -0.022147 0.805498 -3.854957 -10.706276 -0.740201 3.599114 -10.718322 29.060785 -17.28573 -5.449124 7.616199 -54.26767 -76.145218 -0.491366 -37.030392 0.426175 3.900072 10.603509 -66.809677 -5.882102 9.861279 0.70259 -10.936858 -0.360574 7.156195 0.0 8.774814 0.0 -16.040995 18.694021 6.409688 -1.844031 2.498503 -2.507276 -10.163589 4.678941 4.621103 -20.975994 -0.0 1e-06 -21.226252 2.451699 -3.593994 0.0 -6e-06 -0.0 -1.36268 2.240796 -0.746323 -21.334888 0.58491 3.008318 -13.821193 -1e-06 1e-06 -23.887127 -0.249074 -0.839485 -60.640621 2.691473 -1.52303 -0.294025 1.679686 0.833255 -14.218191 0.093216 1.300578 -34.211994 -0.28756 0.967166 -20.033173 0.964536 1.212838 -0.0 0.0 0.0 -3.440386 0.788233 0.501655 -15.928168 -3.167305 2.999702 -6.338816 -0.0 0.0 -18.123415 3.64818 -4.905661 -4e-06 0.0 -2e-06 -27.790113 18.758474 -9.873126 -33.782768 65.291931 -89.691399 -0.164092 30.548018 0.172798 -20.615892 -15.792943 -47.698906 2.24354 -5.255033 -3.180155 14.282875 -0.826595 6.952495 0.0 -12.690593 -1e-06 15.551991 -17.243383 2.679405 1.665665 -1.95592 -2.878296 4.727794 -4.170584 4.993918 11.020509 0.0 -0.0 12.109029 -3.735715 -2.866777 -0.0 0.0 -0.0 1.291984 -1.928548 -1.498088 14.800112 0.567466 3.865604 14.242552 -1.341739 -6.660646 19.631929 0.14392 -0.648243 49.306751 -0.744267 -6.036286 0.353029 -1.511149 -0.03194 20.222765 3.684304 2.316628 18.787243 0.0 -0.0 10.751607 -0.47987 1.397902 0.0 0.0 0.0 3.273804 0.305947 -0.58011 21.486788 11.830361 2.266131 8.162914 -0.0 -0.0 18.399046 -3.798986 -4.940566 3e-06 0.0 -1e-06 3.718516 13.405324 -49.37907 -0.144432 -0.136542 46.024757 -5.854656 -2.669552 -10.072371 1.666692 -1.946071 0.12818 0.0 -0.0 2e-06 -2.089016 -5.798881 -41.017845 0.159556 0.381994 46.277157 7.176442 -2.304082 -20.516653 -1.40779 0.980102 0.955223 0.0 -0.0 -1e-06 
0.0 0.0 0.0 0.0 -0.0 0.0 -18.778187 92.762199 -127.514076 -1.873577 -2.639687 15.352498 -0.564925 -0.38899 15.788729 -0.786654 -0.511329 1.130683 -0.61515 -4.02317 7.839914 4.650743 2.336614 -10.936179 0.219553 3.301684 -3.439168 -2.623993 4.416757 -9.424695 7.7e-05 -2.2e-05 6e-06 0.039468 -0.12795 -0.021386 0.804176 -3.852765 -10.704105 -0.737194 3.60339 -10.716003 29.103901 -17.34297 -5.425224 7.62316 -54.136589 -76.086937 -0.465905 -37.084335 0.363123 3.834507 10.584909 -66.707184 -5.882102 9.861279 0.70259 -10.936858 -0.360574 7.156195 0.0 8.774814 0.0 -16.028408 18.679796 6.421305 -1.844031 2.498503 -2.507276 -10.163589 4.678941 4.621103 -20.975994 -0.0 1e-06 -21.226252 2.451699 -3.593994 0.0 -6e-06 -0.0 -1.36268 2.240796 -0.746323 -21.334888 0.58491 3.008318 -13.821193 -1e-06 1e-06 -23.887127 -0.249074 -0.839485 -60.673225 2.687758 -1.541453 -0.294025 1.679686 0.833255 -14.218191 0.093216 1.300578 -34.211994 -0.28756 0.967166 -20.033173 0.964536 1.212838 -0.0 0.0 0.0 -3.440386 0.788233 0.501655 -15.928168 -3.167305 2.999702 -6.338816 -0.0 0.0 -18.123415 3.64818 -4.905661 -4e-06 0.0 -2e-06 -27.769375 18.75388 -9.858348 -33.847088 65.276726 -89.696655 -0.226611 30.577665 0.111919 -20.510786 -15.859701 -47.838478 2.24354 -5.255033 -3.180155 14.282875 -0.826595 6.952495 0.0 -12.690593 -1e-06 15.575215 -17.273016 2.679734 1.665665 -1.95592 -2.878296 4.727794 -4.170584 4.993918 11.020509 0.0 -0.0 12.109029 -3.735715 -2.866777 -0.0 0.0 -0.0 1.291984 -1.928548 -1.498088 14.800112 0.567466 3.865604 14.242552 -1.341739 -6.660646 19.631929 0.14392 -0.648243 49.318626 -0.753486 -6.023175 0.353029 -1.511149 -0.03194 20.222765 3.684304 2.316628 18.787243 0.0 -0.0 10.751607 -0.47987 1.397902 0.0 0.0 0.0 3.273804 0.305947 -0.58011 21.486788 11.830361 2.266131 8.162914 -0.0 -0.0 18.399046 -3.798986 -4.940566 3e-06 0.0 -1e-06 3.654904 13.359045 -49.433128 -0.147891 -0.145435 45.902702 -5.832703 -2.605721 -9.893867 1.669735 -1.939538 0.096422 0.0 -0.0 2e-06 -2.096272 -5.847699 -41.011562 0.160359 0.385869 46.14809 7.242426 -2.28009 -20.417585 -1.406926 0.976442 0.941894 0.0 -0.0 -1e-06 
0.0 0.0 0.0 0.0 -0.0 0.0 -18.713757 92.794121 -127.579407 -1.878951 -2.635701 15.391608 -0.564495 -0.402909 15.812515 -0.795917 -0.521028 1.147838 -0.64593 -4.043953 7.81356 4.693408 2.315203 -10.974338 0.229361 3.353849 -3.43136 -2.621927 4.442431 -9.310079 7.7e-05 -2.2e-05 6e-06 0.041609 -0.128822 -0.0188 0.803096 -3.856033 -10.705002 -0.731638 3.604262 -10.715692 29.130104 -17.399134 -5.40928 7.651902 -54.009914 -76.036949 -0.40337 -37.087727 0.273163 3.742998 10.498443 -66.552841 -5.882102 9.861279 0.70259 -10.936858 -0.360574 7.156195 0.0 8.774814 0.0 -16.014696 18.68856 6.426421 -1.844031 2.498503 -2.507276 -10.163589 4.678941 4.621103 -20.975994 -0.0 1e-06 -21.226252 2.451699 -3.593994 0.0 -6e-06 -0.0 -1.36268 2.240796 -0.746323 -21.334888 0.58491 3.008318 -13.821193 -1e-06 1e-06 -23.887127 -0.249074 -0.839485 -60.710205 2.689596 -1.558691 -0.294025 1.679686 0.833255 -14.218191 0.093216 1.300578 -34.211994 -0.28756 0.967166 -20.033173 0.964536 1.212838 -0.0 0.0 0.0 -3.440386 0.788233 0.501655 -15.928168 -3.167305 2.999702 -6.338816 -0.0 0.0 -18.123415 3.64818 -4.905661 -4e-06 0.0 -2e-06 -27.707712 18.737288 -9.839987 -34.102703 65.287392 -89.953445 -0.24246 30.530361 0.058149 -20.441725 -15.875394 -47.890514 2.24354 -5.255033 -3.180155 14.282875 -0.826595 6.952495 0.0 -12.690593 -1e-06 15.630642 -17.318876 2.676834 1.665665 -1.95592 -2.878296 4.727794 -4.170584 4.993918 11.020509 0.0 -0.0 12.109029 -3.735715 -2.866777 -0.0 0.0 -0.0 1.291984 -1.928548 -1.498088 14.800112 0.567466 3.865604 14.242552 -1.341739 -6.660646 19.631929 0.14392 -0.648243 49.352875 -0.758049 -6.040884 0.353029 -1.511149 -0.03194 20.222765 3.684304 2.316628 18.787243 0.0 -0.0 10.751607 -0.47987 1.397902 0.0 0.0 0.0 3.273804 0.305947 -0.58011 21.486788 11.830361 2.266131 8.162914 -0.0 -0.0 18.399046 -3.798986 -4.940566 3e-06 0.0 -1e-06 3.62686 13.311786 -49.459278 -0.149823 -0.151097 45.818218 -5.822557 -2.534307 -9.812654 1.67201 -1.930574 0.071512 0.0 -0.0 2e-06 -2.111967 -5.889716 -41.045261 0.156553 0.388991 46.025581 7.319836 -2.221147 -20.334665 -1.407019 0.974899 0.906756 0.0 -0.0 -1e-06 
0.0 0.0 0.0 0.0 -0.0 0.0 -18.64905 92.818214 -127.65583 -1.879718 -2.646134 15.454386 -0.574281 -0.417949 15.834069 -0.795088 -0.537974 1.158498 -0.685582 -4.053222 7.794186 4.752846 2.301812 -11.017776 0.249136 3.420193 -3.422321 -2.623859 4.477201 -9.205015 7.7e-05 -2.2e-05 6e-06 0.043706 -0.131503 -0.014424 0.802129 -3.860725 -10.703692 -0.726374 3.6029 -10.713081 29.108644 -17.440607 -5.389953 7.692465 -53.920071 -76.032738 -0.3649 -37.078053 0.207299 3.683319 10.361992 -66.424767 -5.882102 9.861279 0.70259 -10.936858 -0.360574 7.156195 0.0 8.774814 0.0 -16.006229 18.705364 6.421294 -1.844031 2.498503 -2.507276 -10.163589 4.678941 4.621103 -20.975994 -0.0 1e-06 -21.226252 2.451699 -3.593994 0.0 -6e-06 -0.0 -1.36268 2.240796 -0.746323 -21.334888 0.58491 3.008318 -13.821193 -1e-06 1e-06 -23.887127 -0.249074 -0.839485 -60.724438 2.701679 -1.573479 -0.294025 1.679686 0.833255 -14.218191 0.093216 1.300578 -34.211994 -0.28756 0.967166 -20.033173 0.964536 1.212838 -0.0 0.0 0.0 -3.440386 0.788233 0.501655 -15.928168 -3.167305 2.999702 -6.338816 -0.0 0.0 -18.123415 3.64818 -4.905661 -4e-06 0.0 -2e-06 -27.613024 18.72238 -9.821607 -34.415707 65.339676 -90.37529 -0.200358 30.461151 0.029141 -20.442062 -15.815065 -47.825424 2.24354 -5.255033 -3.180155 14.282875 -0.826595 6.952495 0.0 -12.690593 -1e-06 15.692282 -17.358496 2.676997 1.665665 -1.95592 -2.878296 4.727794 -4.170584 4.993918 11.020509 0.0 -0.0 12.109029 -3.735715 -2.866777 -0.0 0.0 -0.0 1.291984 -1.928548 -1.498088 14.800112 0.567466 3.865604 14.242552 -1.341739 -6.660646 19.631929 0.14392 -0.648243 49.404205 -0.758431 -6.075075 0.353029 -1.511149 -0.03194 20.222765 3.684304 2.316628 18.787243 0.0 -0.0 10.751607 -0.47987 1.397902 0.0 0.0 0.0 3.273804 0.305947 -0.58011 21.486788 11.830361 2.266131 8.162914 -0.0 -0.0 18.399046 -3.798986 -4.940566 3e-06 0.0 -1e-06 3.592522 13.250188 -49.525963 -0.15201 -0.153494 45.766556 -5.797277 -2.441369 -9.737014 1.673302 -1.924551 0.064763 0.0 -0.0 2e-06 -2.135449 -5.910719 -41.129189 0.153123 0.392502 45.930111 7.368783 -2.143042 -20.242598 -1.407987 0.976641 0.873217 0.0 -0.0 -1e-06 
0.0 0.0 0.0 0.0 -0.0 0.0 -18.590696 92.830261 -127.755356 -1.88118 -2.671251 15.545177 -0.595721 -0.434228 15.852294 -0.789993 -0.55462 1.162736 -0.72695 -4.057281 7.781866 4.824563 2.314332 -11.065976 0.248586 3.482567 -3.418844 -2.59906 4.49914 -9.132265 7.7e-05 -2.2e-05 6e-06 0.045055 -0.13291 -0.01007 0.802053 -3.862753 -10.700302 -0.723615 3.601675 -10.707825 29.011833 -17.457546 -5.362809 7.811202 -53.869709 -76.155029 -0.390193 -37.065632 0.223344 3.66853 10.225849 -66.303162 -5.882102 9.861279 0.70259 -10.936858 -0.360574 7.156195 0.0 8.774814 0.0 -15.993892 18.718466 6.422411 -1.844031 2.498503 -2.507276 -10.163589 4.678941 4.621103 -20.975994 -0.0 1e-06 -21.226252 2.451699 -3.593994 0.0 -6e-06 -0.0 -1.36268 2.240796 -0.746323 -21.334888 0.58491 3.008318 -13.821193 -1e-06 1e-06 -23.887127 -0.249074 -0.839485 -60.716106 2.714762 -1.587788 -0.294025 1.679686 0.833255 -14.218191 0.093216 1.300578 -34.211994 -0.28756 0.967166 -20.033173 0.964536 1.212838 -0.0 0.0 0.0 -3.440386 0.788233 0.501655 -15.928168 -3.167305 2.999702 -6.338816 -0.0 0.0 -18.123415 3.64818 -4.905661 -4e-06 0.0 -2e-06 -27.476013 18.711769 -9.781246 -34.81813 65.41291 -90.954063 -0.128199 30.394451 0.02737 -20.52071 -15.691712 -47.6394 2.24354 -5.255033 -3.180155 14.282875 -0.826595 6.952495 0.0 -12.690593 -1e-06 15.747683 -17.391806 2.673916 1.665665 -1.95592 -2.878296 4.727794 -4.170584 4.993918 11.020509 0.0 -0.0 12.109029 -3.735715 -2.866777 -0.0 0.0 -0.0 1.291984 -1.928548 -1.498088 14.800112 0.567466 3.865604 14.242552 -1.341739 -6.660646 19.631929 0.14392 -0.648243 49.462402 -0.748288 -6.123574 0.353029 -1.511149 -0.03194 20.222765 3.684304 2.316628 18.787243 0.0 -0.0 10.751607 -0.47987 1.397902 0.0 0.0 0.0 3.273804 0.305947 -0.58011 21.486788 11.830361 2.266131 8.162914 -0.0 -0.0 18.399046 -3.798986 -4.940566 3e-06 0.0 -1e-06 3.562954 13.191499 -49.63335 -0.150573 -0.146898 45.743614 -5.768188 -2.339628 -9.68544 1.672419 -1.919929 0.070891 0.0 -0.0 2e-06 -2.155399 -5.907018 -41.283001 0.155346 0.400415 45.874363 7.3895 -2.069247 -20.141033 -1.410052 0.983296 0.847786 0.0 -0.0 -1e-06 
0.0 0.0 0.0 0.0 -0.0 0.0 -18.535999 92.823738 -127.871574 -1.871108 -2.696985 15.662802 -0.627769 -0.446096 15.868905 -0.790566 -0.563027 1.167228 -0.754947 -4.081333 7.779152 4.897178 2.341759 -11.122663 0.245253 3.512501 -3.418294 -2.581737 4.52489 -9.129079 7.7e-05 -2.2e-05 6e-06 0.046533 -0.136147 -0.005663 0.804423 -3.864973 -10.691837 -0.723238 3.597487 -10.697205 28.864363 -17.470711 -5.312748 8.01133 -53.828213 -76.372574 -0.430543 -37.065193 0.303326 3.697415 10.106116 -66.267715 -5.882102 9.861279 0.70259 -10.936858 -0.360574 7.156195 0.0 8.774814 0.0 -15.974571 18.729853 6.439873 -1.844031 2.498503 -2.507276 -10.163589 4.678941 4.621103 -20.975994 -0.0 1e-06 -21.226252 2.451699 -3.593994 0.0 -6e-06 -0.0 -1.36268 2.240796 -0.746323 -21.334888 0.58491 3.008318 -13.821193 -1e-06 1e-06 -23.887127 -0.249074 -0.839485 -60.706612 2.727192 -1.594724 -0.294025 1.679686 0.833255 -14.218191 0.093216 1.300578 -34.211994 -0.28756 0.967166 -20.033173 0.964536 1.212838 -0.0 0.0 0.0 -3.440386 0.788233 0.501655 -15.928168 -3.167305 2.999702 -6.338816 -0.0 0.0 -18.123415 3.64818 -4.905661 -4e-06 0.0 -2e-06 -27.311457 18.702887 -9.731853 -35.286552 65.494164 -91.601387 -0.060826 30.32662 0.058663 -20.647852 -15.536121 -47.381241 2.24354 -5.255033 -3.180155 14.282875 -0.826595 6.952495 0.0 -12.690593 -1e-06 15.78041 -17.404371 2.666964 1.665665 -1.95592 -2.878296 4.727794 -4.170584 4.993918 11.020509 0.0 -0.0 12.109029 -3.735715 -2.866777 -0.0 0.0 -0.0 1.291984 -1.928548 -1.498088 14.800112 0.567466 3.865604 14.242552 -1.341739 -6.660646 19.631929 0.14392 -0.648243 49.514919 -0.726695 -6.161864 0.353029 -1.511149 -0.03194 20.222765 3.684304 2.316628 18.787243 0.0 -0.0 10.751607 -0.47987 1.397902 0.0 0.0 0.0 3.273804 0.305947 -0.58011 21.486788 11.830361 2.266131 8.162914 -0.0 -0.0 18.399046 -3.798986 -4.940566 3e-06 0.0 -1e-06 3.490541 13.125641 -49.900883 -0.14526 -0.132818 45.754971 -5.697296 -2.218603 -9.477015 1.670559 -1.914457 0.073995 0.0 -0.0 2e-06 -2.192218 -5.882078 -41.510902 0.158554 0.401162 45.884258 7.410765 -2.011226 -20.055832 -1.412417 0.992782 0.82833 0.0 -0.0 -1e-06 
0.0 0.0 0.0 0.0 -0.0 0.0 -18.488602 92.798141 -127.994835 -1.849332 -2.717981 15.791843 -0.666 -0.441541 15.890651 -0.792755 -0.56899 1.174171 -0.771634 -4.124074 7.788866 4.965354 2.376861 -11.183291 0.246502 3.494052 -3.4189 -2.570954 4.56237 -9.170717 7.7e-05 -2.2e-05 6e-06 0.049194 -0.143223 -0.003032 0.812971 -3.868851 -10.678748 -0.726738 3.587628 -10.680817 28.692921 -17.49412 -5.268095 8.219846 -53.800655 -76.58284 -0.455133 -37.087761 0.410401 3.751207 10.013908 -66.334381 -5.882102 9.861279 0.70259 -10.936858 -0.360574 7.156195 0.0 8.774814 0.0 -15.965047 18.727968 6.441694 -1.844031 2.498503 -2.507276 -10.163589 4.678941 4.621103 -20.975994 -0.0 1e-06 -21.226252 2.451699 -3.593994 0.0 -6e-06 -0.0 -1.36268 2.240796 -0.746323 -21.334888 0.58491 3.008318 -13.821193 -1e-06 1e-06 -23.887127 -0.249074 -0.839485 -60.686718 2.731311 -1.605367 -0.294025 1.679686 0.833255 -14.218191 0.093216 1.300578 -34.211994 -0.28756 0.967166 -20.033173 0.964536 1.212838 -0.0 0.0 0.0 -3.440386 0.788233 0.501655 -15.928168 -3.167305 2.999702 -6.338816 -0.0 0.0 -18.123415 3.64818 -4.905661 -4e-06 0.0 -2e-06 -27.12211 18.708134 -9.707433 -35.69865 65.578682 -92.213142 0.029338 30.261471 0.135041 -20.821028 -15.365664 -47.098267 2.24354 -5.255033 -3.180155 14.282875 -0.826595 6.952495 0.0 -12.690593 -1e-06 15.788795 -17.392605 2.656648 1.665665 -1.95592 -2.878296 4.727794 -4.170584 4.993918 11.020509 0.0 -0.0 12.109029 -3.735715 -2.866777 -0.0 0.0 -0.0 1.291984 -1.928548 -1.498088 14.800112 0.567466 3.865604 14.242552 -1.341739 -6.660646 19.631929 0.14392 -0.648243 49.553822 -0.713235 -6.187313 0.353029 -1.511149 -0.03194 20.222765 3.684304 2.316628 18.787243 0.0 -0.0 10.751607 -0.47987 1.397902 0.0 0.0 0.0 3.273804 0.305947 -0.58011 21.486788 11.830361 2.266131 8.162914 -0.0 -0.0 18.399046 -3.798986 -4.940566 3e-06 0.0 -1e-06 3.420906 13.061792 -50.15786 -0.139659 -0.117802 45.801281 -5.621465 -2.113547 -9.376432 1.667941 -1.911858 0.082423 0.0 -0.0 2e-06 -2.239903 -5.852861 -41.789364 0.160943 0.396907 45.962231 7.455122 -1.978396 -20.000753 -1.413909 1.004578 0.804576 0.0 -0.0 -1e-06 
0.0 0.0 0.0 0.0 -0.0 0.0 -18.446333 92.759964 -128.113922 -1.814157 -2.72787 15.901196 -0.711583 -0.424268 15.915453 -0.793342 -0.573719 1.18895 -0.778759 -4.176932 7.812414 5.030819 2.389035 -11.252721 0.257433 3.491129 -3.418482 -2.561295 4.603343 -9.199533 7.7e-05 -2.2e-05 6e-06 0.049976 -0.146536 -0.003051 0.821716 -3.869076 -10.666012 -0.734254 3.58192 -10.664064 28.501255 -17.520641 -5.220685 8.368786 -53.809315 -76.6679 -0.436561 -37.113895 0.457512 3.803814 9.941777 -66.341019 -5.882102 9.861279 0.70259 -10.936858 -0.360574 7.156195 0.0 8.774814 0.0 -15.984197 18.716667 6.405687 -1.844031 2.498503 -2.507276 -10.163589 4.678941 4.621103 -20.975994 -0.0 1e-06 -21.226252 2.451699 -3.593994 0.0 -6e-06 -0.0 -1.36268 2.240796 -0.746323 -21.334888 0.58491 3.008318 -13.821193 -1e-06 1e-06 -23.887127 -0.249074 -0.839485 -60.670776 2.71447 -1.634893 -0.294025 1.679686 0.833255 -14.218191 0.093216 1.300578 -34.211994 -0.28756 0.967166 -20.033173 0.964536 1.212838 -0.0 0.0 0.0 -3.440386 0.788233 0.501655 -15.928168 -3.167305 2.999702 -6.338816 -0.0 0.0 -18.123415 3.64818 -4.905661 -4e-06 0.0 -2e-06 -26.899834 18.746475 -9.679108 -36.006653 65.645134 -92.662201 0.158213 30.19656 0.239123 -21.032803 -15.206421 -46.843189 2.24354 -5.255033 -3.180155 14.282875 -0.826595 6.952495 0.0 -12.690593 -1e-06 15.783932 -17.354778 2.644795 1.665665 -1.95592 -2.878296 4.727794 -4.170584 4.993918 11.020509 0.0 -0.0 12.109029 -3.735715 -2.866777 -0.0 0.0 -0.0 1.291984 -1.928548 -1.498088 14.800112 0.567466 3.865604 14.242552 -1.341739 -6.660646 19.631929 0.14392 -0.648243 49.581787 -0.705581 -6.193724 0.353029 -1.511149 -0.03194 20.222765 3.684304 2.316628 18.787243 0.0 -0.0 10.751607 -0.47987 1.397902 0.0 0.0 0.0 3.273804 0.305947 -0.58011 21.486788 11.830361 2.266131 8.162914 -0.0 -0.0 18.399046 -3.798986 -4.940566 3e-06 0.0 -1e-06 3.334468 13.011806 -50.401215 -0.137453 -0.107826 45.858582 -5.528856 -2.030508 -9.312181 1.665821 -1.915135 0.098212 0.0 -0.0 2e-06 -2.297772 -5.843139 -42.064865 0.161172 0.389951 46.087433 7.525387 -1.950707 -19.97175 -1.414022 1.01167 0.786742 0.0 -0.0 -1e-06 
0.0 0.0 0.0 0.0 -0.0 0.0 -18.410347 92.713997 -128.2211 -1.777202 -2.726088 15.981868 -0.752351 -0.39449 15.939838 -0.787451 -0.584828 1.202022 -0.778165 -4.219921 7.850879 5.09074 2.367364 -11.31883 0.288536 3.522625 -3.413566 -2.573293 4.671078 -9.202435 7.7e-05 -2.2e-05 6e-06 0.048664 -0.145297 -0.008844 0.827604 -3.86664 -10.663669 -0.743118 3.582752 -10.658167 28.320467 -17.559669 -5.181305 8.362836 -53.830727 -76.533752 -0.384998 -37.1418 0.448664 3.814906 9.892727 -66.228584 -5.882102 9.861279 0.70259 -10.936858 -0.360574 7.156195 0.0 8.774814 0.0 -16.039841 18.70088 6.337586 -1.844031 2.498503 -2.507276 -10.163589 4.678941 4.621103 -20.975994 -0.0 1e-06 -21.226252 2.451699 -3.593994 0.0 -6e-06 -0.0 -1.36268 2.240796 -0.746323 -21.334888 0.58491 3.008318 -13.821193 -1e-06 1e-06 -23.887127 -0.249074 -0.839485 -60.666348 2.683665 -1.676966 -0.294025 1.679686 0.833255 -14.218191 0.093216 1.300578 -34.211994 -0.28756 0.967166 -20.033173 0.964536 1.212838 -0.0 0.0 0.0 -3.440386 0.788233 0.501655 -15.928168 -3.167305 2.999702 -6.338816 -0.0 0.0 -18.123415 3.64818 -4.905661 -4e-06 0.0 -2e-06 -26.678015 18.814688 -9.629963 -36.192749 65.693161 -92.840866 0.270049 30.120008 0.327381 -21.202053 -15.128348 -46.664436 2.24354 -5.255033 -3.180155 14.282875 -0.826595 6.952495 0.0 -12.690593 -1e-06 15.766549 -17.309391 2.63764 1.665665 -1.95592 -2.878296 4.727794 -4.170584 4.993918 11.020509 0.0 -0.0 12.109029 -3.735715 -2.866777 -0.0 0.0 -0.0 1.291984 -1.928548 -1.498088 14.800112 0.567466 3.865604 14.242552 -1.341739 -6.660646 19.631929 0.14392 -0.648243 49.620495 -0.706128 -6.192286 0.353029 -1.511149 -0.03194 20.222765 3.684304 2.316628 18.787243 0.0 -0.0 10.751607 -0.47987 1.397902 0.0 0.0 0.0 3.273804 0.305947 -0.58011 21.486788 11.830361 2.266131 8.162914 -0.0 -0.0 18.399046 -3.798986 -4.940566 3e-06 0.0 -1e-06 3.249624 12.974106 -50.600288 -0.142292 -0.105182 45.902271 -5.432606 -1.958252 -9.306494 1.662848 -1.921708 0.133562 0.0 -0.0 2e-06 -2.361002 -5.824072 -42.309883 0.156456 0.378847 46.238914 7.588226 -1.943698 -19.952055 -1.412852 1.016642 0.776524 0.0 -0.0 -1e-06 
0.0 0.0 0.0 0.0 -0.0 0.0 -18.379597 92.671349 -128.312439 -1.744948 -2.719915 16.03108 -0.789205 -0.368584 15.954063 -0.778706 -0.595687 1.214793 -0.769838 -4.246696 7.898925 5.140538 2.332155 -11.371924 0.313234 3.57574 -3.406218 -2.57974 4.75169 -9.189601 7.7e-05 -2.2e-05 6e-06 0.047534 -0.142891 -0.014197 0.830271 -3.863384 -10.66377 -0.748186 3.584891 -10.654848 28.139074 -17.614389 -5.146581 8.21506 -53.827553 -76.166595 -0.342562 -37.177582 0.467655 3.765985 9.839572 -66.147949 -5.882102 9.861279 0.70259 -10.936858 -0.360574 7.156195 0.0 8.774814 0.0 -16.101212 18.687771 6.28724 -1.844031 2.498503 -2.507276 -10.163589 4.678941 4.621103 -20.975994 -0.0 1e-06 -21.226252 2.451699 -3.593994 0.0 -6e-06 -0.0 -1.36268 2.240796 -0.746323 -21.334888 0.58491 3.008318 -13.821193 -1e-06 1e-06 -23.887127 -0.249074 -0.839485 -60.661976 2.659967 -1.691485 -0.294025 1.679686 0.833255 -14.218191 0.093216 1.300578 -34.211994 -0.28756 0.967166 -20.033173 0.964536 1.212838 -0.0 0.0 0.0 -3.440386 0.788233 0.501655 -15.928168 -3.167305 2.999702 -6.338816 -0.0 0.0 -18.123415 3.64818 -4.905661 -4e-06 0.0 -2e-06 -26.486235 18.89793 -9.547154 -36.334717 65.734047 -92.831718 0.333078 30.0357 0.372053 -21.298111 -15.137136 -46.563614 2.24354 -5.255033 -3.180155 14.282875 -0.826595 6.952495 0.0 -12.690593 -1e-06 15.749285 -17.273138 2.638896 1.665665 -1.95592 -2.878296 4.727794 -4.170584 4.993918 11.020509 0.0 -0.0 12.109029 -3.735715 -2.866777 -0.0 0.0 -0.0 1.291984 -1.928548 -1.498088 14.800112 0.567466 3.865604 14.242552 -1.341739 -6.660646 19.631929 0.14392 -0.648243 49.654774 -0.715075 -6.175662 0.353029 -1.511149 -0.03194 20.222765 3.684304 2.316628 18.787243 0.0 -0.0 10.751607 -0.47987 1.397902 0.0 0.0 0.0 3.273804 0.305947 -0.58011 21.486788 11.830361 2.266131 8.162914 -0.0 -0.0 18.399046 -3.798986 -4.940566 3e-06 0.0 -1e-06 3.162694 12.972217 -50.746002 -0.147073 -0.108036 45.926243 -5.331904 -1.926129 -9.327303 1.660795 -1.928598 0.175278 0.0 -0.0 2e-06 -2.418127 -5.806219 -42.501186 0.154903 0.373094 46.378338 7.622865 -1.957279 -19.920036 -1.410394 1.022435 0.776708 0.0 -0.0 -1e-06 
0.0 0.0 0.0 0.0 -0.0 0.0 -18.351074 92.65313 -128.396454 -1.722215 -2.706843 16.061398 -0.811559 -0.358633 15.958669 -0.769598 -0.599365 1.222454 -0.761954 -4.262373 7.949911 5.185685 2.288652 -11.419388 0.330225 3.630409 -3.402931 -2.558609 4.820343 -9.182796 7.7e-05 -2.2e-05 6e-06 0.047353 -0.143421 -0.019525 0.830979 -3.862954 -10.661277 -0.749181 3.58391 -10.651265 27.966141 -17.685223 -5.106455 7.96031 -53.768738 -75.625786 -0.317344 -37.253395 0.510653 3.653773 9.761823 -66.205025 -5.882102 9.861279 0.70259 -10.936858 -0.360574 7.156195 0.0 8.774814 0.0 -16.145102 18.690289 6.274575 -1.844031 2.498503 -2.507276 -10.163589 4.678941 4.621103 -20.975994 -0.0 1e-06 -21.226252 2.451699 -3.593994 0.0 -6e-06 -0.0 -1.36268 2.240796 -0.746323 -21.334888 0.58491 3.008318 -13.821193 -1e-06 1e-06 -23.887127 -0.249074 -0.839485 -60.643784 2.649487 -1.665338 -0.294025 1.679686 0.833255 -14.218191 0.093216 1.300578 -34.211994 -0.28756 0.967166 -20.033173 0.964536 1.212838 -0.0 0.0 0.0 -3.440386 0.788233 0.501655 -15.928168 -3.167305 2.999702 -6.338816 -0.0 0.0 -18.123415 3.64818 -4.905661 -4e-06 0.0 -2e-06 -26.326979 18.987751 -9.444057 -36.48843 65.743507 -92.725975 0.378643 29.929306 0.390028 -21.315645 -15.205602 -46.526714 2.24354 -5.255033 -3.180155 14.282875 -0.826595 6.952495 0.0 -12.690593 -1e-06 15.733445 -17.260962 2.647672 1.665665 -1.95592 -2.878296 4.727794 -4.170584 4.993918 11.020509 0.0 -0.0 12.109029 -3.735715 -2.866777 -0.0 0.0 -0.0 1.291984 -1.928548 -1.498088 14.800112 0.567466 3.865604 14.242552 -1.341739 -6.660646 19.631929 0.14392 -0.648243 49.667526 -0.727963 -6.143963 0.353029 -1.511149 -0.03194 20.222765 3.684304 2.316628 18.787243 0.0 -0.0 10.751607 -0.47987 1.397902 0.0 0.0 0.0 3.273804 0.305947 -0.58011 21.486788 11.830361 2.266131 8.162914 -0.0 -0.0 18.399046 -3.798986 -4.940566 3e-06 0.0 -1e-06 3.076815 12.992623 -50.843555 -0.14687 -0.115764 45.902504 -5.232546 -1.945406 -9.299469 1.660204 -1.933306 0.232163 0.0 -0.0 2e-06 -2.457733 -5.806256 -42.624466 0.154849 0.370189 46.436085 7.624836 -1.976597 -19.828283 -1.406806 1.026847 0.793317 0.0 -0.0 -1e-06 
0.0 0.0 0.0 0.0 -0.0 0.0 -18.325804 92.657372 -128.471375 -1.713213 -2.68472 16.07892 -0.813765 -0.363526 15.955889 -0.760609 -0.605951 1.220904 -0.755996 -4.26525 8.0022 5.224115 2.247424 -11.448913 0.350403 3.671346 -3.400804 -2.51939 4.869947 -9.184249 7.7e-05 -2.2e-05 6e-06 0.047412 -0.144495 -0.023997 0.830941 -3.863709 -10.658198 -0.748695 3.582558 -10.650038 27.812002 -17.754967 -5.066941 7.620836 -53.667778 -75.000084 -0.296804 -37.404259 0.550183 3.534246 9.663201 -66.30806 -5.882102 9.861279 0.70259 -10.936858 -0.360574 7.156195 0.0 8.774814 0.0 -16.166079 18.708673 6.303379 -1.844031 2.498503 -2.507276 -10.163589 4.678941 4.621103 -20.975994 -0.0 1e-06 -21.226252 2.451699 -3.593994 0.0 -6e-06 -0.0 -1.36268 2.240796 -0.746323 -21.334888 0.58491 3.008318 -13.821193 -1e-06 1e-06 -23.887127 -0.249074 -0.839485 -60.651802 2.642243 -1.619444 -0.294025 1.679686 0.833255 -14.218191 0.093216 1.300578 -34.211994 -0.28756 0.967166 -20.033173 0.964536 1.212838 -0.0 0.0 0.0 -3.440386 0.788233 0.501655 -15.928168 -3.167305 2.999702 -6.338816 -0.0 0.0 -18.123415 3.64818 -4.905661 -4e-06 0.0 -2e-06 -26.187759 19.091928 -9.326603 -36.664223 65.715607 -92.600136 0.399449 29.839369 0.389643 -21.308144 -15.293393 -46.510448 2.24354 -5.255033 -3.180155 14.282875 -0.826595 6.952495 0.0 -12.690593 -1e-06 15.732087 -17.270454 2.662383 1.665665 -1.95592 -2.878296 4.727794 -4.170584 4.993918 11.020509 0.0 -0.0 12.109029 -3.735715 -2.866777 -0.0 0.0 -0.0 1.291984 -1.928548 -1.498088 14.800112 0.567466 3.865604 14.242552 -1.341739 -6.660646 19.631929 0.14392 -0.648243 49.658314 -0.731569 -6.095966 0.353029 -1.511149 -0.03194 20.222765 3.684304 2.316628 18.787243 0.0 -0.0 10.751607 -0.47987 1.397902 0.0 0.0 0.0 3.273804 0.305947 -0.58011 21.486788 11.830361 2.266131 8.162914 -0.0 -0.0 18.399046 -3.798986 -4.940566 3e-06 0.0 -1e-06 3.013279 13.003557 -50.888149 -0.138669 -0.122195 45.818382 -5.15984 -1.984752 -9.248258 1.660085 -1.933135 0.290561 0.0 -0.0 2e-06 -2.471123 -5.835072 -42.687298 0.156052 0.368383 46.41708 7.591877 -2.002366 -19.684046 -1.402694 1.023969 0.826191 0.0 -0.0 -1e-06 
0.0 0.0 0.0 0.0 -0.0 0.0 -18.300827 92.674095 -128.541199 -1.710883 -2.659706 16.095905 -0.806834 -0.37405 15.960824 -0.756894 -0.613034 1.211053 -0.754334 -4.259642 8.038732 5.266132 2.222477 -11.441919 0.359952 3.69559 -3.39942 -2.47251 4.900038 -9.16436 7.7e-05 -2.2e-05 6e-06 0.048162 -0.148216 -0.027567 0.832743 -3.866401 -10.655803 -0.748427 3.577607 -10.649579 27.715349 -17.81028 -5.054074 7.249698 -53.546185 -74.420845 -0.28052 -37.617905 0.560083 3.495977 9.53294 -66.341057 -5.882102 9.861279 0.70259 -10.936858 -0.360574 7.156195 0.0 8.774814 0.0 -16.157316 18.71682 6.330039 -1.844031 2.498503 -2.507276 -10.163589 4.678941 4.621103 -20.975994 -0.0 1e-06 -21.226252 2.451699 -3.593994 0.0 -6e-06 -0.0 -1.36268 2.240796 -0.746323 -21.334888 0.58491 3.008318 -13.821193 -1e-06 1e-06 -23.887127 -0.249074 -0.839485 -60.693893 2.636035 -1.601367 -0.294025 1.679686 0.833255 -14.218191 0.093216 1.300578 -34.211994 -0.28756 0.967166 -20.033173 0.964536 1.212838 -0.0 0.0 0.0 -3.440386 0.788233 0.501655 -15.928168 -3.167305 2.999702 -6.338816 -0.0 0.0 -18.123415 3.64818 -4.905661 -4e-06 0.0 -2e-06 -26.104376 19.20116 -9.251765 -36.692036 65.696281 -92.433838 0.355216 29.843054 0.374106 -21.366064 -15.358905 -46.490116 2.24354 -5.255033 -3.180155 14.282875 -0.826595 6.952495 0.0 -12.690593 -1e-06 15.740647 -17.274786 2.671622 1.665665 -1.95592 -2.878296 4.727794 -4.170584 4.993918 11.020509 0.0 -0.0 12.109029 -3.735715 -2.866777 -0.0 0.0 -0.0 1.291984 -1.928548 -1.498088 14.800112 0.567466 3.865604 14.242552 -1.341739 -6.660646 19.631929 0.14392 -0.648243 49.633942 -0.730314 -6.041811 0.353029 -1.511149 -0.03194 20.222765 3.684304 2.316628 18.787243 0.0 -0.0 10.751607 -0.47987 1.397902 0.0 0.0 0.0 3.273804 0.305947 -0.58011 21.486788 11.830361 2.266131 8.162914 -0.0 -0.0 18.399046 -3.798986 -4.940566 3e-06 0.0 -1e-06 2.959602 13.010909 -50.899376 -0.132724 -0.129013 45.680649 -5.099179 -2.020823 -9.20238 1.660769 -1.925766 0.331861 0.0 -0.0 2e-06 -2.467851 -5.893182 -42.72467 0.163542 0.370518 46.355366 7.560519 -2.011234 -19.532806 -1.398678 1.017441 0.857758 0.0 -0.0 -1e-06 
0.0 0.0 0.0 0.0 -0.0 0.0 -18.277744 92.715752 -128.596054 -1.705645 -2.6151 16.11334 -0.800145 -0.397879 15.975357 -0.759937 -0.610711 1.204608 -0.763471 -4.248044 8.049026 5.320207 2.201941 -11.40264 0.361056 3.700165 -3.402055 -2.421815 4.912883 -9.098189 7.7e-05 -2.2e-05 6e-06 0.048878 -0.151328 -0.029788 0.83497 -3.868587 -10.656597 -0.748573 3.573055 -10.651108 27.702698 -17.866827 -5.075121 6.90308 -53.431396 -74.022675 -0.278922 -37.836597 0.532023 3.539216 9.35226 -66.271248 -5.882102 9.861279 0.70259 -10.936858 -0.360574 7.156195 0.0 8.774814 0.0 -16.113625 18.713089 6.346013 -1.844031 2.498503 -2.507276 -10.163589 4.678941 4.621103 -20.975994 -0.0 1e-06 -21.226252 2.451699 -3.593994 0.0 -6e-06 -0.0 -1.36268 2.240796 -0.746323 -21.334888 0.58491 3.008318 -13.821193 -1e-06 1e-06 -23.887127 -0.249074 -0.839485 -60.724987 2.63634 -1.616608 -0.294025 1.679686 0.833255 -14.218191 0.093216 1.300578 -34.211994 -0.28756 0.967166 -20.033173 0.964536 1.212838 -0.0 0.0 0.0 -3.440386 0.788233 0.501655 -15.928168 -3.167305 2.999702 -6.338816 -0.0 0.0 -18.123415 3.64818 -4.905661 -4e-06 0.0 -2e-06 -26.013496 19.272226 -9.183279 -36.722015 65.721992 -92.378151 0.24044 29.920593 0.322881 -21.478586 -15.37276 -46.491161 2.24354 -5.255033 -3.180155 14.282875 -0.826595 6.952495 0.0 -12.690593 -1e-06 15.748979 -17.282986 2.673801 1.665665 -1.95592 -2.878296 4.727794 -4.170584 4.993918 11.020509 0.0 -0.0 12.109029 -3.735715 -2.866777 -0.0 0.0 -0.0 1.291984 -1.928548 -1.498088 14.800112 0.567466 3.865604 14.242552 -1.341739 -6.660646 19.631929 0.14392 -0.648243 49.611507 -0.734389 -6.004005 0.353029 -1.511149 -0.03194 20.222765 3.684304 2.316628 18.787243 0.0 -0.0 10.751607 -0.47987 1.397902 0.0 0.0 0.0 3.273804 0.305947 -0.58011 21.486788 11.830361 2.266131 8.162914 -0.0 -0.0 18.399046 -3.798986 -4.940566 3e-06 0.0 -1e-06 2.905828 13.004772 -50.865574 -0.135892 -0.144091 45.470249 -5.050779 -2.053407 -9.127211 1.661243 -1.91023 0.357006 0.0 -0.0 2e-06 -2.453957 -5.988856 -42.71117 0.167368 0.373029 46.217587 7.550956 -1.996877 -19.383564 -1.395831 1.0083 0.878457 0.0 -0.0 -1e-06 
0.0 0.0 0.0 0.0 -0.0 0.0 -18.250984 92.78215 -128.621964 -1.697591 -2.532203 16.125271 -0.794174 -0.427717 15.993778 -0.773326 -0.609525 1.209625 -0.762648 -4.230033 8.041416 5.390059 2.179414 -11.346373 0.360083 3.716127 -3.407382 -2.393243 4.920789 -8.989104 7.7e-05 -2.2e-05 6e-06 0.050335 -0.15189 -0.030606 0.837148 -3.86937 -10.663463 -0.747193 3.572067 -10.657904 27.755928 -17.922455 -5.103779 6.638334 -53.334972 -73.848373 -0.301072 -38.012817 0.503072 3.582074 9.150365 -66.102219 -5.882102 9.861279 0.70259 -10.936858 -0.360574 7.156195 0.0 8.774814 0.0 -16.057331 18.697714 6.352033 -1.844031 2.498503 -2.507276 -10.163589 4.678941 4.621103 -20.975994 -0.0 1e-06 -21.226252 2.451699 -3.593994 0.0 -6e-06 -0.0 -1.36268 2.240796 -0.746323 -21.334888 0.58491 3.008318 -13.821193 -1e-06 1e-06 -23.887127 -0.249074 -0.839485 -60.721462 2.651032 -1.636582 -0.294025 1.679686 0.833255 -14.218191 0.093216 1.300578 -34.211994 -0.28756 0.967166 -20.033173 0.964536 1.212838 -0.0 0.0 0.0 -3.440386 0.788233 0.501655 -15.928168 -3.167305 2.999702 -6.338816 -0.0 0.0 -18.123415 3.64818 -4.905661 -4e-06 0.0 -2e-06 -25.884382 19.290487 -9.107798 -36.761566 65.795906 -92.407837 0.097204 30.051941 0.235297 -21.600451 -15.344858 -46.453773 2.24354 -5.255033 -3.180155 14.282875 -0.826595 6.952495 0.0 -12.690593 -1e-06 15.762589 -17.299652 2.675442 1.665665 -1.95592 -2.878296 4.727794 -4.170584 4.993918 11.020509 0.0 -0.0 12.109029 -3.735715 -2.866777 -0.0 0.0 -0.0 1.291984 -1.928548 -1.498088 14.800112 0.567466 3.865604 14.242552 -1.341739 -6.660646 19.631929 0.14392 -0.648243 49.600594 -0.747091 -5.996472 0.353029 -1.511149 -0.03194 20.222765 3.684304 2.316628 18.787243 0.0 -0.0 10.751607 -0.47987 1.397902 0.0 0.0 0.0 3.273804 0.305947 -0.58011 21.486788 11.830361 2.266131 8.162914 -0.0 -0.0 18.399046 -3.798986 -4.940566 3e-06 0.0 -1e-06 2.858571 12.962447 -50.782104 -0.145993 -0.164081 45.205902 -5.008152 -2.076614 -9.026188 1.661672 -1.88424 0.363274 0.0 -0.0 2e-06 -2.431899 -6.137006 -42.626011 0.164615 0.373254 46.002522 7.60345 -1.950338 -19.24081 -1.394923 1.000807 0.897015 0.0 -0.0 -1e-06 
0.0 0.0 0.0 0.0 -0.0 0.0 -18.218529 92.859993 -128.629028 -1.67986 -2.414519 16.135801 -0.796541 -0.457857 16.004843 -0.786407 -0.606652 1.218037 -0.745484 -4.208961 8.025185 5.461682 2.172065 -11.278055 0.357219 3.721234 -3.408893 -2.389689 4.898636 -8.855215 7.7e-05 -2.2e-05 6e-06 0.052951 -0.154035 -0.02757 0.838462 -3.873609 -10.672319 -0.742822 3.571442 -10.666426 27.844778 -17.986094 -5.146094 6.411473 -53.273109 -73.750931 -0.319169 -38.110004 0.467595 3.617269 8.979284 -65.827133 -5.882102 9.861279 0.70259 -10.936858 -0.360574 7.156195 0.0 8.774814 0.0 -15.991414 18.674234 6.35603 -1.844031 2.498503 -2.507276 -10.163589 4.678941 4.621103 -20.975994 -0.0 1e-06 -21.226252 2.451699 -3.593994 0.0 -6e-06 -0.0 -1.36268 2.240796 -0.746323 -21.334888 0.58491 3.008318 -13.821193 -1e-06 1e-06 -23.887127 -0.249074 -0.839485 -60.703224 2.676054 -1.649895 -0.294025 1.679686 0.833255 -14.218191 0.093216 1.300578 -34.211994 -0.28756 0.967166 -20.033173 0.964536 1.212838 -0.0 0.0 0.0 -3.440386 0.788233 0.501655 -15.928168 -3.167305 2.999702 -6.338816 -0.0 0.0 -18.123415 3.64818 -4.905661 -4e-06 0.0 -2e-06 -25.702215 19.275948 -9.020748 -36.806408 65.907356 -92.50502 0.007779 30.182285 0.160766 -21.703882 -15.265854 -46.284885 2.24354 -5.255033 -3.180155 14.282875 -0.826595 6.952495 0.0 -12.690593 -1e-06 15.795335 -17.326906 2.6705 1.665665 -1.95592 -2.878296 4.727794 -4.170584 4.993918 11.020509 0.0 -0.0 12.109029 -3.735715 -2.866777 -0.0 0.0 -0.0 1.291984 -1.928548 -1.498088 14.800112 0.567466 3.865604 14.242552 -1.341739 -6.660646 19.631929 0.14392 -0.648243 49.585678 -0.754944 -6.02229 0.353029 -1.511149 -0.03194 20.222765 3.684304 2.316628 18.787243 0.0 -0.0 10.751607 -0.47987 1.397902 0.0 0.0 0.0 3.273804 0.305947 -0.58011 21.486788 11.830361 2.266131 8.162914 -0.0 -0.0 18.399046 -3.798986 -4.940566 3e-06 0.0 -1e-06 2.810601 12.877768 -50.676598 -0.154175 -0.180529 44.918129 -4.966854 -2.085348 -8.910679 1.662521 -1.855558 0.343859 0.0 -0.0 2e-06 -2.417556 -6.313542 -42.503319 0.15802 0.374359 45.754379 7.70362 -1.877234 -19.099577 -1.396758 0.992699 0.925802 0.0 -0.0 -1e-06 
0.0 0.0 0.0 0.0 -0.0 0.0 -18.180538 92.931107 -128.639847 -1.665344 -2.290293 16.153046 -0.793273 -0.47494 16.003487 -0.792595 -0.607743 1.223336 -0.721563 -4.180675 8.010777 5.51051 2.176111 -11.214873 0.352627 3.714435 -3.407831 -2.407737 4.844607 -8.714608 7.7e-05 -2.2e-05 6e-06 0.055219 -0.156264 -0.02338 0.837875 -3.879987 -10.6819 -0.737458 3.57289 -10.676962 27.935843 -18.056061 -5.178043 6.26546 -53.243999 -73.63105 -0.282688 -38.125923 0.417421 3.653906 8.861528 -65.56897 -5.882102 9.861279 0.70259 -10.936858 -0.360574 7.156195 0.0 8.774814 0.0 -15.948118 18.664492 6.356787 -1.844031 2.498503 -2.507276 -10.163589 4.678941 4.621103 -20.975994 -0.0 1e-06 -21.226252 2.451699 -3.593994 0.0 -6e-06 -0.0 -1.36268 2.240796 -0.746323 -21.334888 0.58491 3.008318 -13.821193 -1e-06 1e-06 -23.887127 -0.249074 -0.839485 -60.677067 2.701328 -1.65483 -0.294025 1.679686 0.833255 -14.218191 0.093216 1.300578 -34.211994 -0.28756 0.967166 -20.033173 0.964536 1.212838 -0.0 0.0 0.0 -3.440386 0.788233 0.501655 -15.928168 -3.167305 2.999702 -6.338816 -0.0 0.0 -18.123415 3.64818 -4.905661 -4e-06 0.0 -2e-06 -25.504299 19.224716 -8.937843 -36.900314 66.053528 -92.641716 -0.014643 30.240742 0.112765 -21.794533 -15.128589 -46.01112 2.24354 -5.255033 -3.180155 14.282875 -0.826595 6.952495 0.0 -12.690593 -1e-06 15.828209 -17.38073 2.671777 1.665665 -1.95592 -2.878296 4.727794 -4.170584 4.993918 11.020509 0.0 -0.0 12.109029 -3.735715 -2.866777 -0.0 0.0 -0.0 1.291984 -1.928548 -1.498088 14.800112 0.567466 3.865604 14.242552 -1.341739 -6.660646 19.631929 0.14392 -0.648243 49.596729 -0.748859 -6.064915 0.353029 -1.511149 -0.03194 20.222765 3.684304 2.316628 18.787243 0.0 -0.0 10.751607 -0.47987 1.397902 0.0 0.0 0.0 3.273804 0.305947 -0.58011 21.486788 11.830361 2.266131 8.162914 -0.0 -0.0 18.399046 -3.798986 -4.940566 3e-06 0.0 -1e-06 2.771315 12.775345 -50.599777 -0.158174 -0.186733 44.666481 -4.934834 -2.097995 -8.786409 1.662426 -1.831628 0.31864 0.0 -0.0 2e-06 -2.408504 -6.472312 -42.397247 0.150728 0.375297 45.522884 7.819894 -1.816344 -18.962416 -1.400294 0.98799 0.948182 0.0 -0.0 -1e-06 
0.0 0.0 0.0 0.0 -0.0 0.0 -18.140076 92.988762 -128.663101 -1.650552 -2.188298 16.176935 -0.790688 -0.475894 15.988655 -0.790233 -0.607805 1.224134 -0.695129 -4.157108 8.00684 5.527495 2.184625 -11.173167 0.329706 3.694803 -3.412732 -2.417541 4.767795 -8.579424 7.7e-05 -2.2e-05 6e-06 0.057427 -0.160179 -0.019065 0.837731 -3.887982 -10.690074 -0.732903 3.572791 -10.686462 27.997288 -18.121239 -5.199224 6.227325 -53.237598 -73.502655 -0.236149 -38.05212 0.370557 3.684993 8.794166 -65.477722 -5.882102 9.861279 0.70259 -10.936858 -0.360574 7.156195 0.0 8.774814 0.0 -15.940012 18.671314 6.341292 -1.844031 2.498503 -2.507276 -10.163589 4.678941 4.621103 -20.975994 -0.0 1e-06 -21.226252 2.451699 -3.593994 0.0 -6e-06 -0.0 -1.36268 2.240796 -0.746323 -21.334888 0.58491 3.008318 -13.821193 -1e-06 1e-06 -23.887127 -0.249074 -0.839485 -60.626999 2.716295 -1.661385 -0.294025 1.679686 0.833255 -14.218191 0.093216 1.300578 -34.211994 -0.28756 0.967166 -20.033173 0.964536 1.212838 -0.0 0.0 0.0 -3.440386 0.788233 0.501655 -15.928168 -3.167305 2.999702 -6.338816 -0.0 0.0 -18.123415 3.64818 -4.905661 -4e-06 0.0 -2e-06 -25.329485 19.168949 -8.854379 -37.035183 66.186447 -92.732307 -0.016083 30.220968 0.077045 -21.857113 -14.967496 -45.788757 2.24354 -5.255033 -3.180155 14.282875 -0.826595 6.952495 0.0 -12.690593 -1e-06 15.850134 -17.440037 2.672449 1.665665 -1.95592 -2.878296 4.727794 -4.170584 4.993918 11.020509 0.0 -0.0 12.109029 -3.735715 -2.866777 -0.0 0.0 -0.0 1.291984 -1.928548 -1.498088 14.800112 0.567466 3.865604 14.242552 -1.341739 -6.660646 19.631929 0.14392 -0.648243 49.646442 -0.737231 -6.119769 0.353029 -1.511149 -0.03194 20.222765 3.684304 2.316628 18.787243 0.0 -0.0 10.751607 -0.47987 1.397902 0.0 0.0 0.0 3.273804 0.305947 -0.58011 21.486788 11.830361 2.266131 8.162914 -0.0 -0.0 18.399046 -3.798986 -4.940566 3e-06 0.0 -1e-06 2.737991 12.669651 -50.559593 -0.157204 -0.181399 44.466026 -4.907411 -2.118988 -8.662015 1.661015 -1.817096 0.319392 0.0 -0.0 2e-06 -2.41536 -6.586652 -42.330757 0.144699 0.372511 45.332188 7.918039 -1.782078 -18.81542 -1.404023 0.986498 0.961386 0.0 -0.0 -1e-06 
0.0 0.0 0.0 0.0 -0.0 0.0 -18.107426 93.028328 -128.687195 -1.623063 -2.104723 16.195402 -0.791984 -0.469773 15.969476 -0.776046 -0.60457 1.217009 -0.672621 -4.136596 8.003208 5.500117 2.192474 -11.127467 0.30143 3.646874 -3.427802 -2.41006 4.68414 -8.463211 7.7e-05 -2.2e-05 6e-06 0.059425 -0.164444 -0.017021 0.83949 -3.893363 -10.693275 -0.730887 3.569667 -10.690335 28.020617 -18.190836 -5.214381 6.225369 -53.245613 -73.336571 -0.222155 -37.915714 0.342239 3.69381 8.782427 -65.543335 -5.882102 9.861279 0.70259 -10.936858 -0.360574 7.156195 0.0 8.774814 0.0 -15.967957 18.674686 6.314136 -1.844031 2.498503 -2.507276 -10.163589 4.678941 4.621103 -20.975994 -0.0 1e-06 -21.226252 2.451699 -3.593994 0.0 -6e-06 -0.0 -1.36268 2.240796 -0.746323 -21.334888 0.58491 3.008318 -13.821193 -1e-06 1e-06 -23.887127 -0.249074 -0.839485 -60.57251 2.721372 -1.66137 -0.294025 1.679686 0.833255 -14.218191 0.093216 1.300578 -34.211994 -0.28756 0.967166 -20.033173 0.964536 1.212838 -0.0 0.0 0.0 -3.440386 0.788233 0.501655 -15.928168 -3.167305 2.999702 -6.338816 -0.0 0.0 -18.123415 3.64818 -4.905661 -4e-06 0.0 -2e-06 -25.175562 19.128044 -8.801794 -37.082489 66.322495 -92.682236 0.023641 30.142622 0.085908 -21.87657 -14.80948 -45.623867 2.24354 -5.255033 -3.180155 14.282875 -0.826595 6.952495 0.0 -12.690593 -1e-06 15.873602 -17.469282 2.65783 1.665665 -1.95592 -2.878296 4.727794 -4.170584 4.993918 11.020509 0.0 -0.0 12.109029 -3.735715 -2.866777 -0.0 0.0 -0.0 1.291984 -1.928548 -1.498088 14.800112 0.567466 3.865604 14.242552 -1.341739 -6.660646 19.631929 0.14392 -0.648243 49.70853 -0.726049 -6.168518 0.353029 -1.511149 -0.03194 20.222765 3.684304 2.316628 18.787243 0.0 -0.0 10.751607 -0.47987 1.397902 0.0 0.0 0.0 3.273804 0.305947 -0.58011 21.486788 11.830361 2.266131 8.162914 -0.0 -0.0 18.399046 -3.798986 -4.940566 3e-06 0.0 -1e-06 2.710071 12.555342 -50.540375 -0.151444 -0.163948 44.327721 -4.871813 -2.136426 -8.553752 1.657066 -1.808623 0.340109 0.0 -0.0 2e-06 -2.44197 -6.675084 -42.294472 0.143291 0.369135 45.20813 7.979838 -1.758275 -18.677902 -1.406915 0.99674 0.971032 0.0 -0.0 -1e-06 
0.0 0.0 0.0 0.0 -0.0 0.0 -18.088614 93.049004 -128.700516 -1.579909 -2.048093 16.217449 -0.799092 -0.450329 15.95733 -0.7521 -0.607707 1.199627 -0.646651 -4.121909 7.993604 5.434195 2.204594 -11.08325 0.290078 3.584418 -3.438372 -2.392965 4.614308 -8.381315 7.7e-05 -2.2e-05 6e-06 0.060588 -0.168762 -0.017949 0.841856 -3.89704 -10.69774 -0.731355 3.565097 -10.694229 28.00972 -18.243782 -5.237222 6.244456 -53.28566 -73.170174 -0.252759 -37.738346 0.354704 3.690938 8.84102 -65.63958 -5.882102 9.861279 0.70259 -10.936858 -0.360574 7.156195 0.0 8.774814 0.0 -16.02232 18.668798 6.281027 -1.844031 2.498503 -2.507276 -10.163589 4.678941 4.621103 -20.975994 -0.0 1e-06 -21.226252 2.451699 -3.593994 0.0 -6e-06 -0.0 -1.36268 2.240796 -0.746323 -21.334888 0.58491 3.008318 -13.821193 -1e-06 1e-06 -23.887127 -0.249074 -0.839485 -60.533134 2.710525 -1.652791 -0.294025 1.679686 0.833255 -14.218191 0.093216 1.300578 -34.211994 -0.28756 0.967166 -20.033173 0.964536 1.212838 -0.0 0.0 0.0 -3.440386 0.788233 0.501655 -15.928168 -3.167305 2.999702 -6.338816 -0.0 0.0 -18.123415 3.64818 -4.905661 -4e-06 0.0 -2e-06 -25.022076 19.116615 -8.733567 -37.219334 66.39991 -92.685867 0.130563 29.977089 0.143189 -21.876301 -14.646157 -45.504505 2.24354 -5.255033 -3.180155 14.282875 -0.826595 6.952495 0.0 -12.690593 -1e-06 15.889431 -17.463646 2.643534 1.665665 -1.95592 -2.878296 4.727794 -4.170584 4.993918 11.020509 0.0 -0.0 12.109029 -3.735715 -2.866777 -0.0 0.0 -0.0 1.291984 -1.928548 -1.498088 14.800112 0.567466 3.865604 14.242552 -1.341739 -6.660646 19.631929 0.14392 -0.648243 49.754364 -0.710846 -6.1854 0.353029 -1.511149 -0.03194 20.222765 3.684304 2.316628 18.787243 0.0 -0.0 10.751607 -0.47987 1.397902 0.0 0.0 0.0 3.273804 0.305947 -0.58011 21.486788 11.830361 2.266131 8.162914 -0.0 -0.0 18.399046 -3.798986 -4.940566 3e-06 0.0 -1e-06 2.677647 12.451859 -50.552586 -0.141231 -0.141647 44.268135 -4.84995 -2.135943 -8.462227 1.65333 -1.81197 0.370013 0.0 -0.0 2e-06 -2.486803 -6.738407 -42.295216 0.146366 0.365336 45.157932 8.024365 -1.730441 -18.575047 -1.409309 1.008569 0.971226 0.0 -0.0 -1e-06 
0.0 0.0 0.0 0.0 -0.0 0.0 -18.074276 93.050346 -128.708389 -1.526113 -2.019525 16.239729 -0.806756 -0.424226 15.957728 -0.727477 -0.607934 1.175283 -0.617472 -4.11453 7.985847 5.350605 2.202023 -11.049619 0.28837 3.534123 -3.440352 -2.394668 4.569918 -8.325046 7.7e-05 -2.2e-05 6e-06 0.060277 -0.1719 -0.020859 0.842571 -3.898123 -10.698658 -0.733087 3.560347 -10.693116 27.979862 -18.285923 -5.272175 6.227855 -53.363026 -72.972153 -0.286661 -37.580212 0.396376 3.713995 8.971933 -65.607597 -5.882102 9.861279 0.70259 -10.936858 -0.360574 7.156195 0.0 8.774814 0.0 -16.079477 18.650673 6.245705 -1.844031 2.498503 -2.507276 -10.163589 4.678941 4.621103 -20.975994 -0.0 1e-06 -21.226252 2.451699 -3.593994 0.0 -6e-06 -0.0 -1.36268 2.240796 -0.746323 -21.334888 0.58491 3.008318 -13.821193 -1e-06 1e-06 -23.887127 -0.249074 -0.839485 -60.532642 2.694712 -1.636912 -0.294025 1.679686 0.833255 -14.218191 0.093216 1.300578 -34.211994 -0.28756 0.967166 -20.033173 0.964536 1.212838 -0.0 0.0 0.0 -3.440386 0.788233 0.501655 -15.928168 -3.167305 2.999702 -6.338816 -0.0 0.0 -18.123415 3.64818 -4.905661 -4e-06 0.0 -2e-06 -24.869368 19.124748 -8.624802 -37.440235 66.406418 -92.695282 0.269362 29.767658 0.244981 -21.858324 -14.502626 -45.471077 2.24354 -5.255033 -3.180155 14.282875 -0.826595 6.952495 0.0 -12.690593 -1e-06 15.895703 -17.442871 2.640205 1.665665 -1.95592 -2.878296 4.727794 -4.170584 4.993918 11.020509 0.0 -0.0 12.109029 -3.735715 -2.866777 -0.0 0.0 -0.0 1.291984 -1.928548 -1.498088 14.800112 0.567466 3.865604 14.242552 -1.341739 -6.660646 19.631929 0.14392 -0.648243 49.771767 -0.696463 -6.185771 0.353029 -1.511149 -0.03194 20.222765 3.684304 2.316628 18.787243 0.0 -0.0 10.751607 -0.47987 1.397902 0.0 0.0 0.0 3.273804 0.305947 -0.58011 21.486788 11.830361 2.266131 8.162914 -0.0 -0.0 18.399046 -3.798986 -4.940566 3e-06 0.0 -1e-06 2.631886 12.374896 -50.599281 -0.12912 -0.116512 44.289555 -4.834502 -2.138774 -8.38809 1.64942 -1.830101 0.393331 0.0 -0.0 2e-06 -2.545106 -6.793452 -42.331928 0.148965 0.358442 45.177029 8.05336 -1.705216 -18.497471 -1.409929 1.015318 0.939575 0.0 -0.0 -1e-06 
0.0 0.0 0.0 0.0 -0.0 0.0 -18.060291 93.03051 -128.714386 -1.465978 -1.990359 16.24243 -0.808501 -0.399957 15.960196 -0.706545 -0.611101 1.158648 -0.57863 -4.104942 7.987546 5.249816 2.191998 -11.028789 0.291619 3.486912 -3.43675 -2.424483 4.54371 -8.28583 7.7e-05 -2.2e-05 6e-06 0.058261 -0.171271 -0.027236 0.840934 -3.893701 -10.695807 -0.735807 3.557596 -10.689318 27.922922 -18.330505 -5.29343 6.157232 -53.48473 -72.739548 -0.288531 -37.513416 0.446839 3.789412 9.151032 -65.522827 -5.882102 9.861279 0.70259 -10.936858 -0.360574 7.156195 0.0 8.774814 0.0 -16.120314 18.619766 6.207301 -1.844031 2.498503 -2.507276 -10.163589 4.678941 4.621103 -20.975994 -0.0 1e-06 -21.226252 2.451699 -3.593994 0.0 -6e-06 -0.0 -1.36268 2.240796 -0.746323 -21.334888 0.58491 3.008318 -13.821193 -1e-06 1e-06 -23.887127 -0.249074 -0.839485 -60.499146 2.680416 -1.618478 -0.294025 1.679686 0.833255 -14.218191 0.093216 1.300578 -34.211994 -0.28756 0.967166 -20.033173 0.964536 1.212838 -0.0 0.0 0.0 -3.440386 0.788233 0.501655 -15.928168 -3.167305 2.999702 -6.338816 -0.0 0.0 -18.123415 3.64818 -4.905661 -4e-06 0.0 -2e-06 -24.760866 19.131687 -8.515791 -37.490723 66.38195 -92.473846 0.36927 29.580437 0.328932 -21.786135 -14.411404 -45.477055 2.24354 -5.255033 -3.180155 14.282875 -0.826595 6.952495 0.0 -12.690593 -1e-06 15.890613 -17.414415 2.644887 1.665665 -1.95592 -2.878296 4.727794 -4.170584 4.993918 11.020509 0.0 -0.0 12.109029 -3.735715 -2.866777 -0.0 0.0 -0.0 1.291984 -1.928548 -1.498088 14.800112 0.567466 3.865604 14.242552 -1.341739 -6.660646 19.631929 0.14392 -0.648243 49.77771 -0.693305 -6.178264 0.353029 -1.511149 -0.03194 20.222765 3.684304 2.316628 18.787243 0.0 -0.0 10.751607 -0.47987 1.397902 0.0 0.0 0.0 3.273804 0.305947 -0.58011 21.486788 11.830361 2.266131 8.162914 -0.0 -0.0 18.399046 -3.798986 -4.940566 3e-06 0.0 -1e-06 2.55592 12.348852 -50.66156 -0.121266 -0.101435 44.37262 -4.815664 -2.19494 -8.349536 1.64606 -1.856231 0.395964 0.0 -0.0 2e-06 -2.61588 -6.847003 -42.380627 0.150273 0.348381 45.267689 8.062926 -1.672892 -18.47463 -1.408287 1.015261 0.894238 0.0 -0.0 -1e-06 
0.0 0.0 0.0 0.0 -0.0 0.0 -18.051174 92.999588 -128.72821 -1.419486 -1.954823 16.230154 -0.792114 -0.38628 15.950069 -0.690191 -0.609932 1.149893 -0.532882 -4.104521 8.002148 5.13878 2.192946 -11.019279 0.284663 3.451638 -3.435514 -2.457091 4.500573 -8.241927 7.7e-05 -2.2e-05 6e-06 0.056437 -0.168887 -0.03455 0.838586 -3.887134 -10.689022 -0.737202 3.55589 -10.682495 27.834318 -18.36422 -5.308772 5.996103 -53.657688 -72.448311 -0.227271 -37.565823 0.457176 3.885929 9.342371 -65.432564 -5.882102 9.861279 0.70259 -10.936858 -0.360574 7.156195 0.0 8.774814 0.0 -16.118084 18.606438 6.211551 -1.844031 2.498503 -2.507276 -10.163589 4.678941 4.621103 -20.975994 -0.0 1e-06 -21.226252 2.451699 -3.593994 0.0 -6e-06 -0.0 -1.36268 2.240796 -0.746323 -21.334888 0.58491 3.008318 -13.821193 -1e-06 1e-06 -23.887127 -0.249074 -0.839485 -60.448856 2.668364 -1.581264 -0.294025 1.679686 0.833255 -14.218191 0.093216 1.300578 -34.211994 -0.28756 0.967166 -20.033173 0.964536 1.212838 -0.0 0.0 0.0 -3.440386 0.788233 0.501655 -15.928168 -3.167305 2.999702 -6.338816 -0.0 0.0 -18.123415 3.64818 -4.905661 -4e-06 0.0 -2e-06 -24.692345 19.141903 -8.423334 -37.324127 66.341537 -91.979698 0.403102 29.485476 0.362859 -21.705357 -14.397749 -45.505188 2.24354 -5.255033 -3.180155 14.282875 -0.826595 6.952495 0.0 -12.690593 -1e-06 15.881751 -17.401854 2.660904 1.665665 -1.95592 -2.878296 4.727794 -4.170584 4.993918 11.020509 0.0 -0.0 12.109029 -3.735715 -2.866777 -0.0 0.0 -0.0 1.291984 -1.928548 -1.498088 14.800112 0.567466 3.865604 14.242552 -1.341739 -6.660646 19.631929 0.14392 -0.648243 49.781254 -0.70642 -6.146976 0.353029 -1.511149 -0.03194 20.222765 3.684304 2.316628 18.787243 0.0 -0.0 10.751607 -0.47987 1.397902 0.0 0.0 0.0 3.273804 0.305947 -0.58011 21.486788 11.830361 2.266131 8.162914 -0.0 -0.0 18.399046 -3.798986 -4.940566 3e-06 0.0 -1e-06 2.476752 12.366247 -50.732315 -0.114968 -0.0961 44.481716 -4.784518 -2.308872 -8.328572 1.643606 -1.878448 0.39152 0.0 -0.0 2e-06 -2.670651 -6.8908 -42.431129 0.148083 0.338546 45.387821 8.074446 -1.656426 -18.471092 -1.405398 1.011684 0.862484 0.0 -0.0 -1e-06 
0.0 0.0 0.0 0.0 -0.0 0.0 -18.055365 92.970833 -128.750305 -1.383926 -1.924244 16.206116 -0.766032 -0.386879 15.917855 -0.674575 -0.6096 1.138859 -0.494018 -4.099764 8.038453 5.032604 2.202348 -10.992471 0.264895 3.43147 -3.437435 -2.471811 4.431695 -8.205122 7.7e-05 -2.2e-05 6e-06 0.054647 -0.165602 -0.042092 0.836746 -3.87988 -10.681062 -0.73876 3.554962 -10.676193 27.738842 -18.390789 -5.322708 5.740807 -53.84906 -72.167664 -0.138797 -37.725368 0.443884 3.990548 9.539324 -65.286484 -5.882102 9.861279 0.70259 -10.936858 -0.360574 7.156195 0.0 8.774814 0.0 -16.103851 18.609901 6.255678 -1.844031 2.498503 -2.507276 -10.163589 4.678941 4.621103 -20.975994 -0.0 1e-06 -21.226252 2.451699 -3.593994 0.0 -6e-06 -0.0 -1.36268 2.240796 -0.746323 -21.334888 0.58491 3.008318 -13.821193 -1e-06 1e-06 -23.887127 -0.249074 -0.839485 -60.444279 2.649365 -1.530292 -0.294025 1.679686 0.833255 -14.218191 0.093216 1.300578 -34.211994 -0.28756 0.967166 -20.033173 0.964536 1.212838 -0.0 0.0 0.0 -3.440386 0.788233 0.501655 -15.928168 -3.167305 2.999702 -6.338816 -0.0 0.0 -18.123415 3.64818 -4.905661 -4e-06 0.0 -2e-06 -24.636925 19.153307 -8.34391 -37.028728 66.303322 -91.342865 0.369926 29.494608 0.339767 -21.630247 -14.440924 -45.523544 2.24354 -5.255033 -3.180155 14.282875 -0.826595 6.952495 0.0 -12.690593 -1e-06 15.847875 -17.396173 2.693958 1.665665 -1.95592 -2.878296 4.727794 -4.170584 4.993918 11.020509 0.0 -0.0 12.109029 -3.735715 -2.866777 -0.0 0.0 -0.0 1.291984 -1.928548 -1.498088 14.800112 0.567466 3.865604 14.242552 -1.341739 -6.660646 19.631929 0.14392 -0.648243 49.757565 -0.732815 -6.089725 0.353029 -1.511149 -0.03194 20.222765 3.684304 2.316628 18.787243 0.0 -0.0 10.751607 -0.47987 1.397902 0.0 0.0 0.0 3.273804 0.305947 -0.58011 21.486788 11.830361 2.266131 8.162914 -0.0 -0.0 18.399046 -3.798986 -4.940566 3e-06 0.0 -1e-06 2.411999 12.40225 -50.788811 -0.106848 -0.096478 44.578083 -4.73918 -2.428012 -8.300654 1.641764 -1.8869 0.41616 0.0 -0.0 2e-06 -2.707849 -6.912374 -42.470383 0.14663 0.333319 45.499207 8.068718 -1.687669 -18.471621 -1.40248 1.005685 0.878117 0.0 -0.0 -1e-06 
0.0 0.0 0.0 0.0 -0.0 0.0 -18.078188 92.95372 -128.781372 -1.353069 -1.888202 16.174135 -0.734179 -0.396901 15.869472 -0.661885 -0.616675 1.123137 -0.458928 -4.10169 8.091051 4.912381 2.226647 -10.95128 0.245044 3.416679 -3.434221 -2.471345 4.35971 -8.190407 7.7e-05 -2.2e-05 6e-06 0.054049 -0.164805 -0.046526 0.836333 -3.877072 -10.676416 -0.739211 3.55329 -10.675231 27.644835 -18.404043 -5.321402 5.433508 -54.029034 -71.878632 -0.036799 -37.958172 0.414929 4.095384 9.741018 -65.122559 -5.882102 9.861279 0.70259 -10.936858 -0.360574 7.156195 0.0 8.774814 0.0 -16.08054 18.60956 6.30903 -1.844031 2.498503 -2.507276 -10.163589 4.678941 4.621103 -20.975994 -0.0 1e-06 -21.226252 2.451699 -3.593994 0.0 -6e-06 -0.0 -1.36268 2.240796 -0.746323 -21.334888 0.58491 3.008318 -13.821193 -1e-06 1e-06 -23.887127 -0.249074 -0.839485 -60.471497 2.633078 -1.487339 -0.294025 1.679686 0.833255 -14.218191 0.093216 1.300578 -34.211994 -0.28756 0.967166 -20.033173 0.964536 1.212838 -0.0 0.0 0.0 -3.440386 0.788233 0.501655 -15.928168 -3.167305 2.999702 -6.338816 -0.0 0.0 -18.123415 3.64818 -4.905661 -4e-06 0.0 -2e-06 -24.575859 19.160067 -8.253985 -36.756508 66.269951 -90.730179 0.292439 29.579159 0.289586 -21.573 -14.52059 -45.497028 2.24354 -5.255033 -3.180155 14.282875 -0.826595 6.952495 0.0 -12.690593 -1e-06 15.815909 -17.39287 2.714805 1.665665 -1.95592 -2.878296 4.727794 -4.170584 4.993918 11.020509 0.0 -0.0 12.109029 -3.735715 -2.866777 -0.0 0.0 -0.0 1.291984 -1.928548 -1.498088 14.800112 0.567466 3.865604 14.242552 -1.341739 -6.660646 19.631929 0.14392 -0.648243 49.711006 -0.754099 -6.036174 0.353029 -1.511149 -0.03194 20.222765 3.684304 2.316628 18.787243 0.0 -0.0 10.751607 -0.47987 1.397902 0.0 0.0 0.0 3.273804 0.305947 -0.58011 21.486788 11.830361 2.266131 8.162914 -0.0 -0.0 18.399046 -3.798986 -4.940566 3e-06 0.0 -1e-06 2.363802 12.440727 -50.820698 -0.097032 -0.099716 44.63073 -4.701875 -2.537193 -8.240422 1.641925 -1.885447 0.441739 0.0 -0.0 2e-06 -2.730612 -6.91024 -42.488522 0.147094 0.333072 45.57674 8.045066 -1.762844 -18.462639 -1.399524 0.998098 0.910915 0.0 -0.0 -1e-06 
0.0 0.0 0.0 0.0 -0.0 0.0 -18.128574 92.948235 -128.813034 -1.314892 -1.836938 16.117638 -0.700638 -0.411315 15.821537 -0.648253 -0.619492 1.102138 -0.443176 -4.107812 8.15344 4.786664 2.255334 -10.878901 0.22064 3.399404 -3.433652 -2.446998 4.282735 -8.189328 7.7e-05 -2.2e-05 6e-06 0.053231 -0.16272 -0.048605 0.834204 -3.874535 -10.673769 -0.738383 3.554364 -10.675825 27.5585 -18.416451 -5.285735 5.092503 -54.202656 -71.590202 0.077777 -38.265701 0.359032 4.220383 9.919477 -64.935638 -5.882102 9.861279 0.70259 -10.936858 -0.360574 7.156195 0.0 8.774814 0.0 -16.060289 18.590765 6.325123 -1.844031 2.498503 -2.507276 -10.163589 4.678941 4.621103 -20.975994 -0.0 1e-06 -21.226252 2.451699 -3.593994 0.0 -6e-06 -0.0 -1.36268 2.240796 -0.746323 -21.334888 0.58491 3.008318 -13.821193 -1e-06 1e-06 -23.887127 -0.249074 -0.839485 -60.514877 2.619897 -1.486303 -0.294025 1.679686 0.833255 -14.218191 0.093216 1.300578 -34.211994 -0.28756 0.967166 -20.033173 0.964536 1.212838 -0.0 0.0 0.0 -3.440386 0.788233 0.501655 -15.928168 -3.167305 2.999702 -6.338816 -0.0 0.0 -18.123415 3.64818 -4.905661 -4e-06 0.0 -2e-06 -24.512354 19.136002 -8.168573 -36.444229 66.280182 -90.122337 0.154297 29.746834 0.209309 -21.506195 -14.592515 -45.510872 2.24354 -5.255033 -3.180155 14.282875 -0.826595 6.952495 0.0 -12.690593 -1e-06 15.787798 -17.394384 2.716285 1.665665 -1.95592 -2.878296 4.727794 -4.170584 4.993918 11.020509 0.0 -0.0 12.109029 -3.735715 -2.866777 -0.0 0.0 -0.0 1.291984 -1.928548 -1.498088 14.800112 0.567466 3.865604 14.242552 -1.341739 -6.660646 19.631929 0.14392 -0.648243 49.656727 -0.784168 -6.012882 0.353029 -1.511149 -0.03194 20.222765 3.684304 2.316628 18.787243 0.0 -0.0 10.751607 -0.47987 1.397902 0.0 0.0 0.0 3.273804 0.305947 -0.58011 21.486788 11.830361 2.266131 8.162914 -0.0 -0.0 18.399046 -3.798986 -4.940566 3e-06 0.0 -1e-06 2.336993 12.464598 -50.804413 -0.096337 -0.112211 44.640728 -4.685313 -2.618949 -8.14821 1.64273 -1.880682 0.472065 0.0 -0.0 2e-06 -2.743734 -6.9004 -42.464279 0.150594 0.340269 45.630192 8.016878 -1.874794 -18.462219 -1.395787 0.989225 0.955892 0.0 -0.0 -1e-06 
0.0 0.0 0.0 0.0 -0.0 0.0 -18.215639 92.94976 -128.83287 -1.268289 -1.765768 16.034565 -0.663473 -0.423786 15.775261 -0.640064 -0.625277 1.075161 -0.44587 -4.110262 8.220387 4.660996 2.288676 -10.780305 0.189043 3.381433 -3.43524 -2.420063 4.187706 -8.20967 7.7e-05 -2.2e-05 6e-06 0.053031 -0.158809 -0.047698 0.832161 -3.871192 -10.675638 -0.73642 3.558089 -10.679623 27.483946 -18.42474 -5.223022 4.705523 -54.386597 -71.247772 0.204916 -38.601124 0.257057 4.331066 10.055046 -64.602882 -5.882102 9.861279 0.70259 -10.936858 -0.360574 7.156195 0.0 8.774814 0.0 -16.030434 18.564737 6.315554 -1.844031 2.498503 -2.507276 -10.163589 4.678941 4.621103 -20.975994 -0.0 1e-06 -21.226252 2.451699 -3.593994 0.0 -6e-06 -0.0 -1.36268 2.240796 -0.746323 -21.334888 0.58491 3.008318 -13.821193 -1e-06 1e-06 -23.887127 -0.249074 -0.839485 -60.557884 2.613719 -1.510516 -0.294025 1.679686 0.833255 -14.218191 0.093216 1.300578 -34.211994 -0.28756 0.967166 -20.033173 0.964536 1.212838 -0.0 0.0 0.0 -3.440386 0.788233 0.501655 -15.928168 -3.167305 2.999702 -6.338816 -0.0 0.0 -18.123415 3.64818 -4.905661 -4e-06 0.0 -2e-06 -24.423002 19.066402 -8.073222 -36.051991 66.355804 -89.543266 0.005212 30.002254 0.107013 -21.451218 -14.609684 -45.472492 2.24354 -5.255033 -3.180155 14.282875 -0.826595 6.952495 0.0 -12.690593 -1e-06 15.774127 -17.39839 2.706825 1.665665 -1.95592 -2.878296 4.727794 -4.170584 4.993918 11.020509 0.0 -0.0 12.109029 -3.735715 -2.866777 -0.0 0.0 -0.0 1.291984 -1.928548 -1.498088 14.800112 0.567466 3.865604 14.242552 -1.341739 -6.660646 19.631929 0.14392 -0.648243 49.61787 -0.816944 -6.013293 0.353029 -1.511149 -0.03194 20.222765 3.684304 2.316628 18.787243 0.0 -0.0 10.751607 -0.47987 1.397902 0.0 0.0 0.0 3.273804 0.305947 -0.58011 21.486788 11.830361 2.266131 8.162914 -0.0 -0.0 18.399046 -3.798986 -4.940566 3e-06 0.0 -1e-06 2.334031 12.488341 -50.735325 -0.106573 -0.130501 44.617916 -4.71268 -2.682821 -8.0438 1.644424 -1.87125 0.505219 0.0 -0.0 2e-06 -2.740937 -6.89215 -42.394924 0.154575 0.352171 45.678379 7.9993 -1.997924 -18.50312 -1.393017 0.980066 1.010938 0.0 -0.0 -1e-06 
0.0 0.0 0.0 0.0 -0.0 0.0 -18.33839 92.947754 -128.832962 -1.213972 -1.658856 15.919122 -0.62176 -0.432073 15.72467 -0.633395 -0.637732 1.04419 -0.454057 -4.109174 8.284086 4.52388 2.336931 -10.647854 0.16306 3.338181 -3.434481 -2.417816 4.088785 -8.281982 7.7e-05 -2.2e-05 6e-06 0.054474 -0.156757 -0.04184 0.831851 -3.871266 -10.684397 -0.733136 3.561734 -10.689201 27.383512 -18.438372 -5.130179 4.285809 -54.580803 -70.811935 0.284275 -38.930229 0.141153 4.443275 10.149194 -64.10968 -5.882102 9.861279 0.70259 -10.936858 -0.360574 7.156195 0.0 8.774814 0.0 -16.014696 18.530384 6.300557 -1.844031 2.498503 -2.507276 -10.163589 4.678941 4.621103 -20.975994 -0.0 1e-06 -21.226252 2.451699 -3.593994 0.0 -6e-06 -0.0 -1.36268 2.240796 -0.746323 -21.334888 0.58491 3.008318 -13.821193 -1e-06 1e-06 -23.887127 -0.249074 -0.839485 -60.603886 2.633008 -1.532343 -0.294025 1.679686 0.833255 -14.218191 0.093216 1.300578 -34.211994 -0.28756 0.967166 -20.033173 0.964536 1.212838 -0.0 0.0 0.0 -3.440386 0.788233 0.501655 -15.928168 -3.167305 2.999702 -6.338816 -0.0 0.0 -18.123415 3.64818 -4.905661 -4e-06 0.0 -2e-06 -24.268171 18.952322 -7.9297 -35.573212 66.497406 -89.003807 -0.053247 30.32629 0.029984 -21.429853 -14.547779 -45.241913 2.24354 -5.255033 -3.180155 14.282875 -0.826595 6.952495 0.0 -12.690593 -1e-06 15.781583 -17.393177 2.689683 1.665665 -1.95592 -2.878296 4.727794 -4.170584 4.993918 11.020509 0.0 -0.0 12.109029 -3.735715 -2.866777 -0.0 0.0 -0.0 1.291984 -1.928548 -1.498088 14.800112 0.567466 3.865604 14.242552 -1.341739 -6.660646 19.631929 0.14392 -0.648243 49.600533 -0.83175 -6.049253 0.353029 -1.511149 -0.03194 20.222765 3.684304 2.316628 18.787243 0.0 -0.0 10.751607 -0.47987 1.397902 0.0 0.0 0.0 3.273804 0.305947 -0.58011 21.486788 11.830361 2.266131 8.162914 -0.0 -0.0 18.399046 -3.798986 -4.940566 3e-06 0.0 -1e-06 2.349001 12.523075 -50.625004 -0.118726 -0.146231 44.597538 -4.788382 -2.753258 -7.947209 1.647543 -1.856708 0.519248 0.0 -0.0 2e-06 -2.72238 -6.894752 -42.281338 0.156006 0.365701 45.754169 7.981448 -2.099998 -18.606077 -1.392561 0.974348 1.060151 0.0 -0.0 -1e-06 
0.0 0.0 0.0 0.0 -0.0 0.0 -18.480333 92.944153 -128.821823 -1.146443 -1.522828 15.781038 -0.590878 -0.436612 15.653664 -0.624286 -0.658351 1.001249 -0.468734 -4.106043 8.35467 4.384386 2.395246 -10.508541 0.143981 3.253155 -3.432892 -2.429404 4.014616 -8.381635 7.7e-05 -2.2e-05 6e-06 0.057299 -0.161382 -0.031477 0.833376 -3.878992 -10.694149 -0.729054 3.559805 -10.699931 27.223619 -18.468922 -4.987186 3.866191 -54.78791 -70.311661 0.307279 -39.240993 0.055078 4.562086 10.245448 -63.508915 -5.882102 9.861279 0.70259 -10.936858 -0.360574 7.156195 0.0 8.774814 0.0 -16.01189 18.507221 6.302716 -1.844031 2.498503 -2.507276 -10.163589 4.678941 4.621103 -20.975994 -0.0 1e-06 -21.226252 2.451699 -3.593994 0.0 -6e-06 -0.0 -1.36268 2.240796 -0.746323 -21.334888 0.58491 3.008318 -13.821193 -1e-06 1e-06 -23.887127 -0.249074 -0.839485 -60.654327 2.668241 -1.538587 -0.294025 1.679686 0.833255 -14.218191 0.093216 1.300578 -34.211994 -0.28756 0.967166 -20.033173 0.964536 1.212838 -0.0 0.0 0.0 -3.440386 0.788233 0.501655 -15.928168 -3.167305 2.999702 -6.338816 -0.0 0.0 -18.123415 3.64818 -4.905661 -4e-06 0.0 -2e-06 -24.019659 18.796385 -7.707251 -35.051212 66.708351 -88.421478 -0.042387 30.721439 -0.016042 -21.393774 -14.454197 -44.842564 2.24354 -5.255033 -3.180155 14.282875 -0.826595 6.952495 0.0 -12.690593 -1e-06 15.79055 -17.393005 2.682983 1.665665 -1.95592 -2.878296 4.727794 -4.170584 4.993918 11.020509 0.0 -0.0 12.109029 -3.735715 -2.866777 -0.0 0.0 -0.0 1.291984 -1.928548 -1.498088 14.800112 0.567466 3.865604 14.242552 -1.341739 -6.660646 19.631929 0.14392 -0.648243 49.607483 -0.834333 -6.100664 0.353029 -1.511149 -0.03194 20.222765 3.684304 2.316628 18.787243 0.0 -0.0 10.751607 -0.47987 1.397902 0.0 0.0 0.0 3.273804 0.305947 -0.58011 21.486788 11.830361 2.266131 8.162914 -0.0 -0.0 18.399046 -3.798986 -4.940566 3e-06 0.0 -1e-06 2.371127 12.546483 -50.485687 -0.127626 -0.154113 44.574959 -4.906549 -2.829612 -7.847771 1.650145 -1.845866 0.530896 0.0 -0.0 2e-06 -2.712759 -6.890198 -42.136402 0.152232 0.372707 45.847656 7.969923 -2.224828 -18.735601 -1.394996 0.974549 1.108167 0.0 -0.0 -1e-06 
0.0 0.0 0.0 0.0 -0.0 0.0 -18.640522 92.937958 -128.806107 -1.077743 -1.358285 15.622784 -0.566219 -0.431924 15.543304 -0.607218 -0.695654 0.956393 -0.482172 -4.108757 8.438011 4.219001 2.457056 -10.399755 0.133519 3.155529 -3.433806 -2.442432 3.95644 -8.509787 7.7e-05 -2.2e-05 6e-06 0.059029 -0.167735 -0.019394 0.835232 -3.889372 -10.70439 -0.72778 3.557491 -10.711142 26.972469 -18.533863 -4.786906 3.442375 -54.991875 -69.684265 0.313221 -39.549637 -0.017144 4.621155 10.356711 -62.911556 -5.882102 9.861279 0.70259 -10.936858 -0.360574 7.156195 0.0 8.774814 0.0 -16.011709 18.492807 6.304684 -1.844031 2.498503 -2.507276 -10.163589 4.678941 4.621103 -20.975994 -0.0 1e-06 -21.226252 2.451699 -3.593994 0.0 -6e-06 -0.0 -1.36268 2.240796 -0.746323 -21.334888 0.58491 3.008318 -13.821193 -1e-06 1e-06 -23.887127 -0.249074 -0.839485 -60.641132 2.695277 -1.536251 -0.294025 1.679686 0.833255 -14.218191 0.093216 1.300578 -34.211994 -0.28756 0.967166 -20.033173 0.964536 1.212838 -0.0 0.0 0.0 -3.440386 0.788233 0.501655 -15.928168 -3.167305 2.999702 -6.338816 -0.0 0.0 -18.123415 3.64818 -4.905661 -4e-06 0.0 -2e-06 -23.684174 18.599195 -7.401592 -34.438389 67.026527 -87.718056 -0.000515 31.201664 -0.028938 -21.337606 -14.366475 -44.250496 2.24354 -5.255033 -3.180155 14.282875 -0.826595 6.952495 0.0 -12.690593 -1e-06 15.798393 -17.421782 2.669778 1.665665 -1.95592 -2.878296 4.727794 -4.170584 4.993918 11.020509 0.0 -0.0 12.109029 -3.735715 -2.866777 -0.0 0.0 -0.0 1.291984 -1.928548 -1.498088 14.800112 0.567466 3.865604 14.242552 -1.341739 -6.660646 19.631929 0.14392 -0.648243 49.640858 -0.82736 -6.176907 0.353029 -1.511149 -0.03194 20.222765 3.684304 2.316628 18.787243 0.0 -0.0 10.751607 -0.47987 1.397902 0.0 0.0 0.0 3.273804 0.305947 -0.58011 21.486788 11.830361 2.266131 8.162914 -0.0 -0.0 18.399046 -3.798986 -4.940566 3e-06 0.0 -1e-06 2.407686 12.574204 -50.322922 -0.133113 -0.149093 44.545395 -5.045121 -2.951275 -7.750589 1.651391 -1.835209 0.552001 0.0 -0.0 2e-06 -2.708072 -6.856387 -41.964607 0.142866 0.36415 45.954651 7.97769 -2.412713 -18.898661 -1.399603 0.983942 1.136472 0.0 -0.0 -1e-06 
0.0 0.0 0.0 0.0 -0.0 0.0 -18.834595 92.939972 -128.795288 -1.00321 -1.161164 15.430897 -0.549548 -0.422379 15.398458 -0.587267 -0.743602 0.911113 -0.48389 -4.133564 8.530436 4.003633 2.511194 -10.31712 0.141474 3.045619 -3.434707 -2.4479 3.910254 -8.709604 7.7e-05 -2.2e-05 6e-06 0.060944 -0.177546 -0.007308 0.839078 -3.902049 -10.710661 -0.728392 3.550975 -10.718591 26.593723 -18.643478 -4.537899 2.9334 -55.188469 -68.846428 0.276444 -39.901871 -0.051283 4.638443 10.521398 -62.335148 -5.882102 9.861279 0.70259 -10.936858 -0.360574 7.156195 0.0 8.774814 0.0 -16.004347 18.470907 6.293269 -1.844031 2.498503 -2.507276 -10.163589 4.678941 4.621103 -20.975994 -0.0 1e-06 -21.226252 2.451699 -3.593994 0.0 -6e-06 -0.0 -1.36268 2.240796 -0.746323 -21.334888 0.58491 3.008318 -13.821193 -1e-06 1e-06 -23.887127 -0.249074 -0.839485 -60.558323 2.704645 -1.537917 -0.294025 1.679686 0.833255 -14.218191 0.093216 1.300578 -34.211994 -0.28756 0.967166 -20.033173 0.964536 1.212838 -0.0 0.0 0.0 -3.440386 0.788233 0.501655 -15.928168 -3.167305 2.999702 -6.338816 -0.0 0.0 -18.123415 3.64818 -4.905661 -4e-06 0.0 -2e-06 -23.246609 18.399355 -6.997434 -33.693687 67.453156 -86.781425 0.048349 31.755791 -0.009397 -21.304337 -14.300355 -43.515324 2.24354 -5.255033 -3.180155 14.282875 -0.826595 6.952495 0.0 -12.690593 -1e-06 15.80061 -17.465757 2.653734 1.665665 -1.95592 -2.878296 4.727794 -4.170584 4.993918 11.020509 0.0 -0.0 12.109029 -3.735715 -2.866777 -0.0 0.0 -0.0 1.291984 -1.928548 -1.498088 14.800112 0.567466 3.865604 14.242552 -1.341739 -6.660646 19.631929 0.14392 -0.648243 49.693329 -0.821708 -6.244473 0.353029 -1.511149 -0.03194 20.222765 3.684304 2.316628 18.787243 0.0 -0.0 10.751607 -0.47987 1.397902 0.0 0.0 0.0 3.273804 0.305947 -0.58011 21.486788 11.830361 2.266131 8.162914 -0.0 -0.0 18.399046 -3.798986 -4.940566 3e-06 0.0 -1e-06 2.465549 12.602776 -50.104542 -0.136143 -0.135814 44.461788 -5.208435 -3.12667 -7.624721 1.651218 -1.825047 0.576641 0.0 -0.0 2e-06 -2.70213 -6.79176 -41.743408 0.12959 0.340918 46.047234 8.009006 -2.703114 -19.07086 -1.404896 1.005364 1.138299 0.0 -0.0 -1e-06 
0.0 0.0 0.0 0.0 -0.0 0.0 -19.084852 92.947563 -128.778061 -0.91923 -0.939665 15.186014 -0.538307 -0.405924 15.226784 -0.561084 -0.809417 0.851576 -0.482133 -4.1667 8.64631 3.733337 2.541749 -10.245888 0.159702 2.937385 -3.435254 -2.451346 3.855005 -9.050831 7.7e-05 -2.2e-05 6e-06 0.062629 -0.190929 0.003076 0.845305 -3.915543 -10.711323 -0.732085 3.538706 -10.719151 26.090532 -18.787996 -4.241788 2.188807 -55.383991 -67.628448 0.214223 -40.354053 -0.038319 4.705962 10.765635 -61.684395 -5.882102 9.861279 0.70259 -10.936858 -0.360574 7.156195 0.0 8.774814 0.0 -16.003881 18.427189 6.274963 -1.844031 2.498503 -2.507276 -10.163589 4.678941 4.621103 -20.975994 -0.0 1e-06 -21.226252 2.451699 -3.593994 0.0 -6e-06 -0.0 -1.36268 2.240796 -0.746323 -21.334888 0.58491 3.008318 -13.821193 -1e-06 1e-06 -23.887127 -0.249074 -0.839485 -60.484562 2.693406 -1.547897 -0.294025 1.679686 0.833255 -14.218191 0.093216 1.300578 -34.211994 -0.28756 0.967166 -20.033173 0.964536 1.212838 -0.0 0.0 0.0 -3.440386 0.788233 0.501655 -15.928168 -3.167305 2.999702 -6.338816 -0.0 0.0 -18.123415 3.64818 -4.905661 -4e-06 0.0 -2e-06 -22.741594 18.207479 -6.514456 -32.595249 67.999428 -85.408302 0.103037 32.430183 0.042054 -21.353573 -14.253527 -42.682034 2.24354 -5.255033 -3.180155 14.282875 -0.826595 6.952495 0.0 -12.690593 -1e-06 15.774682 -17.48963 2.638353 1.665665 -1.95592 -2.878296 4.727794 -4.170584 4.993918 11.020509 0.0 -0.0 12.109029 -3.735715 -2.866777 -0.0 0.0 -0.0 1.291984 -1.928548 -1.498088 14.800112 0.567466 3.865604 14.242552 -1.341739 -6.660646 19.631929 0.14392 -0.648243 49.719143 -0.815161 -6.282316 0.353029 -1.511149 -0.03194 20.222765 3.684304 2.316628 18.787243 0.0 -0.0 10.751607 -0.47987 1.397902 0.0 0.0 0.0 3.273804 0.305947 -0.58011 21.486788 11.830361 2.266131 8.162914 -0.0 -0.0 18.399046 -3.798986 -4.940566 3e-06 0.0 -1e-06 2.548064 12.663391 -49.799026 -0.139476 -0.1235 44.320213 -5.39937 -3.36676 -7.487653 1.648331 -1.819612 0.615903 0.0 -0.0 2e-06 -2.675199 -6.707701 -41.453869 0.125908 0.327952 46.141327 8.05606 -3.085204 -19.245872 -1.408292 1.034469 1.120057 0.0 -0.0 -1e-06 
0.0 0.0 0.0 0.0 -0.0 0.0 -19.411022 92.971931 -128.742325 -0.828319 -0.683173 14.866139 -0.516456 -0.398754 15.017527 -0.526641 -0.885392 0.769258 -0.48443 -4.191386 8.796841 3.406624 2.532826 -10.174297 0.184075 2.852969 -3.434162 -2.455835 3.799211 -9.518009 7.7e-05 -2.2e-05 6e-06 0.062753 -0.20666 0.007214 0.849755 -3.929052 -10.706985 -0.737089 3.522215 -10.714604 25.453911 -18.952616 -3.845327 1.041591 -55.61816 -65.84539 0.150517 -40.922447 0.008178 4.903598 11.110642 -60.830425 -5.882102 9.861279 0.70259 -10.936858 -0.360574 7.156195 0.0 8.774814 0.0 -16.050064 18.384838 6.238793 -1.844031 2.498503 -2.507276 -10.163589 4.678941 4.621103 -20.975994 -0.0 1e-06 -21.226252 2.451699 -3.593994 0.0 -6e-06 -0.0 -1.36268 2.240796 -0.746323 -21.334888 0.58491 3.008318 -13.821193 -1e-06 1e-06 -23.887127 -0.249074 -0.839485 -60.480301 2.686297 -1.559166 -0.294025 1.679686 0.833255 -14.218191 0.093216 1.300578 -34.211994 -0.28756 0.967166 -20.033173 0.964536 1.212838 -0.0 0.0 0.0 -3.440386 0.788233 0.501655 -15.928168 -3.167305 2.999702 -6.338816 -0.0 0.0 -18.123415 3.64818 -4.905661 -4e-06 0.0 -2e-06 -22.206793 18.04524 -5.968865 -30.834845 68.714935 -83.263824 0.132409 33.259716 0.105499 -21.449062 -14.283341 -41.851501 2.24354 -5.255033 -3.180155 14.282875 -0.826595 6.952495 0.0 -12.690593 -1e-06 15.709618 -17.489786 2.638115 1.665665 -1.95592 -2.878296 4.727794 -4.170584 4.993918 11.020509 0.0 -0.0 12.109029 -3.735715 -2.866777 -0.0 0.0 -0.0 1.291984 -1.928548 -1.498088 14.800112 0.567466 3.865604 14.242552 -1.341739 -6.660646 19.631929 0.14392 -0.648243 49.71423 -0.807571 -6.295677 0.353029 -1.511149 -0.03194 20.222765 3.684304 2.316628 18.787243 0.0 -0.0 10.751607 -0.47987 1.397902 0.0 0.0 0.0 3.273804 0.305947 -0.58011 21.486788 11.830361 2.266131 8.162914 -0.0 -0.0 18.399046 -3.798986 -4.940566 3e-06 0.0 -1e-06 2.652107 12.805518 -49.346336 -0.150613 -0.123353 44.056763 -5.606977 -3.699221 -7.346443 1.644278 -1.828406 0.683315 0.0 -0.0 2e-06 -2.611354 -6.605341 -41.044544 0.133075 0.326745 46.203743 8.038099 -3.534673 -19.428638 -1.40688 1.05772 1.100368 0.0 -0.0 -1e-06 
0.0 0.0 0.0 0.0 -0.0 0.0 -19.825796 93.053848 -128.682022 -0.730133 -0.386311 14.439256 -0.476292 -0.395661 14.740763 -0.492714 -0.952414 0.660137 -0.496357 -4.21987 9.009266 3.021227 2.507447 -10.113899 0.211235 2.803148 -3.424778 -2.450043 3.742408 -10.057321 7.7e-05 -2.2e-05 6e-06 0.059018 -0.211383 0.005452 0.847324 -3.932342 -10.703192 -0.742718 3.51759 -10.714695 24.609743 -19.116617 -3.294039 -0.692548 -55.921623 -63.262417 0.038484 -41.663647 0.131166 5.202481 11.610584 -59.549702 -5.882102 9.861279 0.70259 -10.936858 -0.360574 7.156195 0.0 8.774814 0.0 -16.105497 18.384321 6.23611 -1.844031 2.498503 -2.507276 -10.163589 4.678941 4.621103 -20.975994 -0.0 1e-06 -21.226252 2.451699 -3.593994 0.0 -6e-06 -0.0 -1.36268 2.240796 -0.746323 -21.334888 0.58491 3.008318 -13.821193 -1e-06 1e-06 -23.887127 -0.249074 -0.839485 -60.527649 2.710477 -1.530454 -0.294025 1.679686 0.833255 -14.218191 0.093216 1.300578 -34.211994 -0.28756 0.967166 -20.033173 0.964536 1.212838 -0.0 0.0 0.0 -3.440386 0.788233 0.501655 -15.928168 -3.167305 2.999702 -6.338816 -0.0 0.0 -18.123415 3.64818 -4.905661 -4e-06 0.0 -2e-06 -21.569262 17.962692 -5.288823 -28.125122 69.547668 -79.921021 0.200959 34.36335 0.190246 -21.481539 -14.473329 -41.047886 2.24354 -5.255033 -3.180155 14.282875 -0.826595 6.952495 0.0 -12.690593 -1e-06 15.61694 -17.477184 2.649233 1.665665 -1.95592 -2.878296 4.727794 -4.170584 4.993918 11.020509 0.0 -0.0 12.109029 -3.735715 -2.866777 -0.0 0.0 -0.0 1.291984 -1.928548 -1.498088 14.800112 0.567466 3.865604 14.242552 -1.341739 -6.660646 19.631929 0.14392 -0.648243 49.690067 -0.798647 -6.298212 0.353029 -1.511149 -0.03194 20.222765 3.684304 2.316628 18.787243 0.0 -0.0 10.751607 -0.47987 1.397902 0.0 0.0 0.0 3.273804 0.305947 -0.58011 21.486788 11.830361 2.266131 8.162914 -0.0 -0.0 18.399046 -3.798986 -4.940566 3e-06 0.0 -1e-06 2.802194 13.0063 -48.649647 -0.169137 -0.140594 43.565891 -5.838151 -4.102315 -7.112836 1.640056 -1.839718 0.72783 0.0 -0.0 2e-06 -2.50397 -6.494269 -40.410656 0.143905 0.322355 46.104168 7.900512 -3.993328 -19.547249 -1.402293 1.07304 1.069348 0.0 -0.0 -1e-06 
0.0 0.0 0.0 0.0 -0.0 0.0 -20.323597 93.213249 -128.572327 -0.622054 -0.019824 13.882675 -0.40706 -0.392712 14.396676 -0.460429 -1.005774 0.523103 -0.511439 -4.263786 9.274511 2.587013 2.512203 -10.030365 0.216427 2.743491 -3.412821 -2.426095 3.669871 -10.669475 7.7e-05 -2.2e-05 6e-06 0.05306 -0.204904 0.000771 0.838637 -3.927401 -10.700871 -0.746172 3.52692 -10.719302 23.595369 -19.252848 -2.627901 -3.215024 -56.314251 -59.67223 -0.127186 -42.603481 0.267472 5.533584 12.270079 -57.676605 -5.882102 9.861279 0.70259 -10.936858 -0.360574 7.156195 0.0 8.774814 0.0 -16.158703 18.381823 6.27331 -1.844031 2.498503 -2.507276 -10.163589 4.678941 4.621103 -20.975994 -0.0 1e-06 -21.226252 2.451699 -3.593994 0.0 -6e-06 -0.0 -1.36268 2.240796 -0.746323 -21.334888 0.58491 3.008318 -13.821193 -1e-06 1e-06 -23.887127 -0.249074 -0.839485 -60.571224 2.742073 -1.44607 -0.294025 1.679686 0.833255 -14.218191 0.093216 1.300578 -34.211994 -0.28756 0.967166 -20.033173 0.964536 1.212838 -0.0 0.0 0.0 -3.440386 0.788233 0.501655 -15.928168 -3.167305 2.999702 -6.338816 -0.0 0.0 -18.123415 3.64818 -4.905661 -4e-06 0.0 -2e-06 -20.845377 17.914614 -4.478388 -24.16209 70.422798 -74.95813 0.305602 35.819901 0.245178 -21.301167 -14.799031 -40.210735 2.24354 -5.255033 -3.180155 14.282875 -0.826595 6.952495 0.0 -12.690593 -1e-06 15.533949 -17.448935 2.660539 1.665665 -1.95592 -2.878296 4.727794 -4.170584 4.993918 11.020509 0.0 -0.0 12.109029 -3.735715 -2.866777 -0.0 0.0 -0.0 1.291984 -1.928548 -1.498088 14.800112 0.567466 3.865604 14.242552 -1.341739 -6.660646 19.631929 0.14392 -0.648243 49.667488 -0.796894 -6.280028 0.353029 -1.511149 -0.03194 20.222765 3.684304 2.316628 18.787243 0.0 -0.0 10.751607 -0.47987 1.397902 0.0 0.0 0.0 3.273804 0.305947 -0.58011 21.486788 11.830361 2.266131 8.162914 -0.0 -0.0 18.399046 -3.798986 -4.940566 3e-06 0.0 -1e-06 3.039402 13.162111 -47.640728 -0.190214 -0.173305 42.803612 -6.094343 -4.51728 -6.762771 1.636197 -1.84658 0.732697 0.0 -0.0 2e-06 -2.357893 -6.400466 -39.469372 0.150401 0.308012 45.770615 7.668067 -4.42777 -19.61377 -1.397754 1.083076 1.036755 0.0 -0.0 -1e-06 
0.0 0.0 0.0 0.0 -0.0 0.0 -20.907166 93.449791 -128.396881 -0.495185 0.442993 13.159197 -0.304987 -0.399691 13.986777 -0.424842 -1.056655 0.353097 -0.529748 -4.315508 9.573687 2.126147 2.556215 -9.838715 0.194695 2.657218 -3.403839 -2.38893 3.59015 -11.36664 7.7e-05 -2.2e-05 6e-06 0.046483 -0.195533 0.000742 0.826345 -3.922601 -10.695736 -0.746882 3.541565 -10.722584 22.43108 -19.343828 -1.873322 -6.761353 -56.738705 -54.811939 -0.29159 -43.810062 0.349821 5.886497 13.135992 -54.993263 -5.882102 9.861279 0.70259 -10.936858 -0.360574 7.156195 0.0 8.774814 0.0 -16.227898 18.337706 6.321196 -1.844031 2.498503 -2.507276 -10.163589 4.678941 4.621103 -20.975994 -0.0 1e-06 -21.226252 2.451699 -3.593994 0.0 -6e-06 -0.0 -1.36268 2.240796 -0.746323 -21.334888 0.58491 3.008318 -13.821193 -1e-06 1e-06 -23.887127 -0.249074 -0.839485 -60.598175 2.771205 -1.324765 -0.294025 1.679686 0.833255 -14.218191 0.093216 1.300578 -34.211994 -0.28756 0.967166 -20.033173 0.964536 1.212838 -0.0 0.0 0.0 -3.440386 0.788233 0.501655 -15.928168 -3.167305 2.999702 -6.338816 -0.0 0.0 -18.123415 3.64818 -4.905661 -4e-06 0.0 -2e-06 -20.014412 17.813641 -3.524244 -18.680119 71.260269 -68.033134 0.458015 37.695621 0.276753 -20.740683 -15.195422 -39.27232 2.24354 -5.255033 -3.180155 14.282875 -0.826595 6.952495 0.0 -12.690593 -1e-06 15.496992 -17.412012 2.669823 1.665665 -1.95592 -2.878296 4.727794 -4.170584 4.993918 11.020509 0.0 -0.0 12.109029 -3.735715 -2.866777 -0.0 0.0 -0.0 1.291984 -1.928548 -1.498088 14.800112 0.567466 3.865604 14.242552 -1.341739 -6.660646 19.631929 0.14392 -0.648243 49.633228 -0.803236 -6.239194 0.353029 -1.511149 -0.03194 20.222765 3.684304 2.316628 18.787243 0.0 -0.0 10.751607 -0.47987 1.397902 0.0 0.0 0.0 3.273804 0.305947 -0.58011 21.486788 11.830361 2.266131 8.162914 -0.0 -0.0 18.399046 -3.798986 -4.940566 3e-06 0.0 -1e-06 3.403398 13.171741 -46.249229 -0.210712 -0.214904 41.739677 -6.420309 -4.868491 -6.394139 1.633254 -1.84359 0.718038 0.0 -0.0 2e-06 -2.186574 -6.319624 -38.159485 0.145436 0.283073 45.193401 7.408404 -4.894194 -19.703709 -1.394276 1.088933 1.032001 0.0 -0.0 -1e-06 
0.0 0.0 0.0 0.0 -0.0 0.0 -21.547728 93.739037 -128.172607 -0.368592 0.972713 12.286532 -0.165702 -0.414532 13.51664 -0.392579 -1.110605 0.155547 -0.547554 -4.354889 9.861116 1.66197 2.615049 -9.474389 0.163657 2.554651 -3.401359 -2.360347 3.49676 -12.098531 7.7e-05 -2.2e-05 6e-06 0.040938 -0.190067 0.007682 0.81254 -3.922394 -10.687039 -0.74371 3.552302 -10.722579 21.110699 -19.3906 -1.011221 -11.12254 -57.043297 -48.867809 -0.379395 -45.255524 0.340163 6.262895 14.14347 -51.788937 -5.882102 9.861279 0.70259 -10.936858 -0.360574 7.156195 0.0 8.774814 0.0 -16.30574 18.243113 6.345306 -1.844031 2.498503 -2.507276 -10.163589 4.678941 4.621103 -20.975994 -0.0 1e-06 -21.226252 2.451699 -3.593994 0.0 -6e-06 -0.0 -1.36268 2.240796 -0.746323 -21.334888 0.58491 3.008318 -13.821193 -1e-06 1e-06 -23.887127 -0.249074 -0.839485 -60.665783 2.799974 -1.221868 -0.294025 1.679686 0.833255 -14.218191 0.093216 1.300578 -34.211994 -0.28756 0.967166 -20.033173 0.964536 1.212838 -0.0 0.0 0.0 -3.440386 0.788233 0.501655 -15.928168 -3.167305 2.999702 -6.338816 -0.0 0.0 -18.123415 3.64818 -4.905661 -4e-06 0.0 -2e-06 -19.059607 17.611725 -2.475957 -11.79949 71.883034 -59.217995 0.630813 39.885307 0.297949 -19.831486 -15.621403 -38.162754 2.24354 -5.255033 -3.180155 14.282875 -0.826595 6.952495 0.0 -12.690593 -1e-06 15.507494 -17.384714 2.677153 1.665665 -1.95592 -2.878296 4.727794 -4.170584 4.993918 11.020509 0.0 -0.0 12.109029 -3.735715 -2.866777 -0.0 0.0 -0.0 1.291984 -1.928548 -1.498088 14.800112 0.567466 3.865604 14.242552 -1.341739 -6.660646 19.631929 0.14392 -0.648243 49.591778 -0.814192 -6.205388 0.353029 -1.511149 -0.03194 20.222765 3.684304 2.316628 18.787243 0.0 -0.0 10.751607 -0.47987 1.397902 0.0 0.0 0.0 3.273804 0.305947 -0.58011 21.486788 11.830361 2.266131 8.162914 -0.0 -0.0 18.399046 -3.798986 -4.940566 3e-06 0.0 -1e-06 3.907103 12.988464 -44.540779 -0.225094 -0.257493 40.44978 -6.814904 -5.077189 -5.777066 1.632027 -1.834148 0.657345 0.0 -0.0 2e-06 -1.990577 -6.220859 -36.542805 0.132777 0.257294 44.415051 7.159642 -5.42791 -19.810917 -1.392468 1.094554 1.031502 0.0 -0.0 -1e-06 
0.0 0.0 0.0 0.0 -0.0 0.0 -22.212988 94.054451 -127.911293 -0.261623 1.535863 11.291189 0.011247 -0.444951 13.000857 -0.373558 -1.163108 -0.053906 -0.568915 -4.372108 10.115101 1.237183 2.660264 -8.952735 0.135666 2.477743 -3.401638 -2.375452 3.433053 -12.744749 7.7e-05 -2.2e-05 6e-06 0.035803 -0.186595 0.020339 0.794838 -3.924655 -10.675374 -0.735711 3.561019 -10.717168 19.636086 -19.41077 -0.027401 -15.861878 -57.085258 -42.333767 -0.266514 -46.831062 0.171228 6.671673 15.103222 -48.792847 -5.882102 9.861279 0.70259 -10.936858 -0.360574 7.156195 0.0 8.774814 0.0 -16.367638 18.127033 6.338702 -1.844031 2.498503 -2.507276 -10.163589 4.678941 4.621103 -20.975994 -0.0 1e-06 -21.226252 2.451699 -3.593994 0.0 -6e-06 -0.0 -1.36268 2.240796 -0.746323 -21.334888 0.58491 3.008318 -13.821193 -1e-06 1e-06 -23.887127 -0.249074 -0.839485 -60.754013 2.819733 -1.16185 -0.294025 1.679686 0.833255 -14.218191 0.093216 1.300578 -34.211994 -0.28756 0.967166 -20.033173 0.964536 1.212838 -0.0 0.0 0.0 -3.440386 0.788233 0.501655 -15.928168 -3.167305 2.999702 -6.338816 -0.0 0.0 -18.123415 3.64818 -4.905661 -4e-06 0.0 -2e-06 -18.039064 17.301676 -1.397669 -4.145276 72.144402 -49.193817 0.696069 42.144707 0.226781 -18.688063 -16.002098 -37.053349 2.24354 -5.255033 -3.180155 14.282875 -0.826595 6.952495 0.0 -12.690593 -1e-06 15.544313 -17.405558 2.696378 1.665665 -1.95592 -2.878296 4.727794 -4.170584 4.993918 11.020509 0.0 -0.0 12.109029 -3.735715 -2.866777 -0.0 0.0 -0.0 1.291984 -1.928548 -1.498088 14.800112 0.567466 3.865604 14.242552 -1.341739 -6.660646 19.631929 0.14392 -0.648243 49.58662 -0.834165 -6.184467 0.353029 -1.511149 -0.03194 20.222765 3.684304 2.316628 18.787243 0.0 -0.0 10.751607 -0.47987 1.397902 0.0 0.0 0.0 3.273804 0.305947 -0.58011 21.486788 11.830361 2.266131 8.162914 -0.0 -0.0 18.399046 -3.798986 -4.940566 3e-06 0.0 -1e-06 4.516586 12.661451 -42.606468 -0.238285 -0.303313 39.029472 -7.236938 -5.14572 -5.257914 1.634761 -1.829977 0.566635 0.0 -0.0 2e-06 -1.76496 -6.118883 -34.692947 0.116594 0.232147 43.488155 6.910747 -5.990664 -19.917345 -1.391598 1.096669 1.030985 0.0 -0.0 -1e-06 
0.0 0.0 0.0 0.0 -0.0 0.0 -22.894707 94.37941 -127.620247 -0.180768 2.081988 10.244512 0.212539 -0.498931 12.440537 -0.368004 -1.211443 -0.280027 -0.600313 -4.360395 10.340406 0.876615 2.669979 -8.390086 0.139434 2.520486 -3.400249 -2.448282 3.443103 -13.24889 7.7e-05 -2.2e-05 6e-06 0.031271 -0.182881 0.034109 0.772837 -3.926581 -10.660716 -0.722269 3.569618 -10.704463 18.008125 -19.394014 1.058271 -20.552076 -56.759377 -35.721081 0.068151 -48.440933 -0.162173 7.096504 15.872197 -46.402779 -5.882102 9.861279 0.70259 -10.936858 -0.360574 7.156195 0.0 8.774814 0.0 -16.384304 18.023096 6.337127 -1.844031 2.498503 -2.507276 -10.163589 4.678941 4.621103 -20.975994 -0.0 1e-06 -21.226252 2.451699 -3.593994 0.0 -6e-06 -0.0 -1.36268 2.240796 -0.746323 -21.334888 0.58491 3.008318 -13.821193 -1e-06 1e-06 -23.887127 -0.249074 -0.839485 -60.843052 2.826589 -1.121523 -0.294025 1.679686 0.833255 -14.218191 0.093216 1.300578 -34.211994 -0.28756 0.967166 -20.033173 0.964536 1.212838 -0.0 0.0 0.0 -3.440386 0.788233 0.501655 -15.928168 -3.167305 2.999702 -6.338816 -0.0 0.0 -18.123415 3.64818 -4.905661 -4e-06 0.0 -2e-06 -16.972544 16.930172 -0.312697 3.460168 71.98262 -39.018311 0.655393 44.337543 0.060271 -17.548569 -16.266756 -35.933926 2.24354 -5.255033 -3.180155 14.282875 -0.826595 6.952495 0.0 -12.690593 -1e-06 15.585662 -17.455542 2.720341 1.665665 -1.95592 -2.878296 4.727794 -4.170584 4.993918 11.020509 0.0 -0.0 12.109029 -3.735715 -2.866777 -0.0 0.0 -0.0 1.291984 -1.928548 -1.498088 14.800112 0.567466 3.865604 14.242552 -1.341739 -6.660646 19.631929 0.14392 -0.648243 49.608212 -0.848569 -6.187628 0.353029 -1.511149 -0.03194 20.222765 3.684304 2.316628 18.787243 0.0 -0.0 10.751607 -0.47987 1.397902 0.0 0.0 0.0 3.273804 0.305947 -0.58011 21.486788 11.830361 2.266131 8.162914 -0.0 -0.0 18.399046 -3.798986 -4.940566 3e-06 0.0 -1e-06 5.19583 12.252659 -40.547642 -0.247886 -0.343538 37.5158 -7.67502 -5.107631 -4.705962 1.638481 -1.825709 0.470909 0.0 -0.0 2e-06 -1.496945 -6.047928 -32.726433 0.100326 0.203453 42.453568 6.628424 -6.50983 -19.974928 -1.391903 1.090699 1.028674 0.0 -0.0 -1e-06 
0.0 0.0 0.0 0.0 -0.0 0.0 -23.56835 94.698906 -127.368675 -0.105749 2.566502 9.218653 0.418451 -0.554287 11.835002 -0.360507 -1.250244 -0.533907 -0.650703 -4.325942 10.525633 0.585547 2.662054 -7.878856 0.179829 2.687317 -3.385972 -2.572813 3.521472 -13.65598 7.7e-05 -2.2e-05 6e-06 0.025768 -0.169417 0.048204 0.751957 -3.918192 -10.646857 -0.712119 3.587397 -10.689639 16.216885 -19.290289 2.2072 -24.959 -56.044228 -29.352079 0.476121 -50.050602 -0.520148 7.528108 16.401396 -44.538055 -5.882102 9.861279 0.70259 -10.936858 -0.360574 7.156195 0.0 8.774814 0.0 -16.353985 17.958504 6.358671 -1.844031 2.498503 -2.507276 -10.163589 4.678941 4.621103 -20.975994 -0.0 1e-06 -21.226252 2.451699 -3.593994 0.0 -6e-06 -0.0 -1.36268 2.240796 -0.746323 -21.334888 0.58491 3.008318 -13.821193 -1e-06 1e-06 -23.887127 -0.249074 -0.839485 -60.952068 2.843371 -1.086534 -0.294025 1.679686 0.833255 -14.218191 0.093216 1.300578 -34.211994 -0.28756 0.967166 -20.033173 0.964536 1.212838 -0.0 0.0 0.0 -3.440386 0.788233 0.501655 -15.928168 -3.167305 2.999702 -6.338816 -0.0 0.0 -18.123415 3.64818 -4.905661 -4e-06 0.0 -2e-06 -15.86681 16.574137 0.772826 10.677258 71.34185 -29.245583 0.549453 46.581696 -0.178345 -16.639284 -16.435799 -34.718864 2.24354 -5.255033 -3.180155 14.282875 -0.826595 6.952495 0.0 -12.690593 -1e-06 15.590617 -17.490891 2.736149 1.665665 -1.95592 -2.878296 4.727794 -4.170584 4.993918 11.020509 0.0 -0.0 12.109029 -3.735715 -2.866777 -0.0 0.0 -0.0 1.291984 -1.928548 -1.498088 14.800112 0.567466 3.865604 14.242552 -1.341739 -6.660646 19.631929 0.14392 -0.648243 49.609455 -0.85971 -6.208965 0.353029 -1.511149 -0.03194 20.222765 3.684304 2.316628 18.787243 0.0 -0.0 10.751607 -0.47987 1.397902 0.0 0.0 0.0 3.273804 0.305947 -0.58011 21.486788 11.830361 2.266131 8.162914 -0.0 -0.0 18.399046 -3.798986 -4.940566 3e-06 0.0 -1e-06 5.851787 11.843172 -38.501038 -0.252521 -0.379614 35.925632 -8.127332 -4.995135 -4.094761 1.643043 -1.814182 0.358546 0.0 -0.0 2e-06 -1.219991 -6.010776 -30.811251 0.087006 0.171143 41.375107 6.343807 -6.919152 -19.938143 -1.394765 1.080768 1.00016 0.0 -0.0 -1e-06 
0.0 0.0 0.0 0.0 -0.0 0.0 -24.26248 95.00853 -127.084099 -0.025758 3.001098 8.270772 0.620275 -0.603001 11.197154 -0.341073 -1.278382 -0.809724 -0.708329 -4.300048 10.637186 0.363717 2.662254 -7.492643 0.255958 2.923759 -3.364626 -2.717376 3.6463 -13.939993 7.7e-05 -2.2e-05 6e-06 0.020413 -0.157595 0.061237 0.735854 -3.911477 -10.633601 -0.706555 3.60387 -10.673333 14.328069 -19.06592 3.396684 -29.024004 -54.949066 -23.387779 0.851763 -51.629196 -0.851013 7.956733 16.707594 -43.035347 -5.882102 9.861279 0.70259 -10.936858 -0.360574 7.156195 0.0 8.774814 0.0 -16.296701 17.943403 6.406042 -1.844031 2.498503 -2.507276 -10.163589 4.678941 4.621103 -20.975994 -0.0 1e-06 -21.226252 2.451699 -3.593994 0.0 -6e-06 -0.0 -1.36268 2.240796 -0.746323 -21.334888 0.58491 3.008318 -13.821193 -1e-06 1e-06 -23.887127 -0.249074 -0.839485 -61.085415 2.856651 -1.05427 -0.294025 1.679686 0.833255 -14.218191 0.093216 1.300578 -34.211994 -0.28756 0.967166 -20.033173 0.964536 1.212838 -0.0 0.0 0.0 -3.440386 0.788233 0.501655 -15.928168 -3.167305 2.999702 -6.338816 -0.0 0.0 -18.123415 3.64818 -4.905661 -4e-06 0.0 -2e-06 -14.744685 16.295168 1.811254 17.400093 70.165146 -20.144445 0.476096 49.039658 -0.378823 -16.057253 -16.507957 -33.386692 2.24354 -5.255033 -3.180155 14.282875 -0.826595 6.952495 0.0 -12.690593 -1e-06 15.547925 -17.478222 2.743841 1.665665 -1.95592 -2.878296 4.727794 -4.170584 4.993918 11.020509 0.0 -0.0 12.109029 -3.735715 -2.866777 -0.0 0.0 -0.0 1.291984 -1.928548 -1.498088 14.800112 0.567466 3.865604 14.242552 -1.341739 -6.660646 19.631929 0.14392 -0.648243 49.57449 -0.868426 -6.213431 0.353029 -1.511149 -0.03194 20.222765 3.684304 2.316628 18.787243 0.0 -0.0 10.751607 -0.47987 1.397902 0.0 0.0 0.0 3.273804 0.305947 -0.58011 21.486788 11.830361 2.266131 8.162914 -0.0 -0.0 18.399046 -3.798986 -4.940566 3e-06 0.0 -1e-06 6.475636 11.500753 -36.495602 -0.255024 -0.407829 34.282341 -8.585367 -4.878574 -3.465911 1.647279 -1.802726 0.235402 0.0 -0.0 2e-06 -0.922846 -6.024789 -28.967335 0.081109 0.140492 40.277401 6.029672 -7.20032 -19.871689 -1.399188 1.079547 0.962822 0.0 -0.0 -1e-06 
0.0 0.0 0.0 0.0 -0.0 0.0 -24.945339 95.321167 -126.821175 0.059318 3.393758 7.437496 0.813571 -0.633905 10.521811 -0.307038 -1.305169 -1.100993 -0.759353 -4.279638 10.675344 0.192407 2.690907 -7.293158 0.356461 3.15213 -3.344009 -2.837832 3.800376 -14.031868 7.7e-05 -2.2e-05 6e-06 0.015149 -0.148767 0.072566 0.725706 -3.908395 -10.621053 -0.70694 3.618098 -10.655141 12.41838 -18.721836 4.565279 -32.76091 -53.451496 -17.84609 1.061518 -53.066216 -1.051754 8.250453 16.785995 -41.694218 -5.882102 9.861279 0.70259 -10.936858 -0.360574 7.156195 0.0 8.774814 0.0 -16.23645 17.971592 6.461891 -1.844031 2.498503 -2.507276 -10.163589 4.678941 4.621103 -20.975994 -0.0 1e-06 -21.226252 2.451699 -3.593994 0.0 -6e-06 -0.0 -1.36268 2.240796 -0.746323 -21.334888 0.58491 3.008318 -13.821193 -1e-06 1e-06 -23.887127 -0.249074 -0.839485 -61.188259 2.860853 -1.020688 -0.294025 1.679686 0.833255 -14.218191 0.093216 1.300578 -34.211994 -0.28756 0.967166 -20.033173 0.964536 1.212838 -0.0 0.0 0.0 -3.440386 0.788233 0.501655 -15.928168 -3.167305 2.999702 -6.338816 -0.0 0.0 -18.123415 3.64818 -4.905661 -4e-06 0.0 -2e-06 -13.554076 16.07678 2.862628 23.275391 68.464981 -12.032769 0.539342 51.769947 -0.412336 -15.648437 -16.449389 -32.02914 2.24354 -5.255033 -3.180155 14.282875 -0.826595 6.952495 0.0 -12.690593 -1e-06 15.48637 -17.432442 2.745429 1.665665 -1.95592 -2.878296 4.727794 -4.170584 4.993918 11.020509 0.0 -0.0 12.109029 -3.735715 -2.866777 -0.0 0.0 -0.0 1.291984 -1.928548 -1.498088 14.800112 0.567466 3.865604 14.242552 -1.341739 -6.660646 19.631929 0.14392 -0.648243 49.536388 -0.878007 -6.2098 0.353029 -1.511149 -0.03194 20.222765 3.684304 2.316628 18.787243 0.0 -0.0 10.751607 -0.47987 1.397902 0.0 0.0 0.0 3.273804 0.305947 -0.58011 21.486788 11.830361 2.266131 8.162914 -0.0 -0.0 18.399046 -3.798986 -4.940566 3e-06 0.0 -1e-06 7.032629 11.226796 -34.577564 -0.254393 -0.423763 32.520687 -9.034479 -4.770427 -2.744075 1.648745 -1.796527 0.132662 0.0 -0.0 2e-06 -0.62385 -6.074957 -27.252514 0.077851 0.115026 39.121567 5.690889 -7.404734 -19.729315 -1.404384 1.087835 0.933685 0.0 -0.0 -1e-06 
0.0 0.0 0.0 0.0 -0.0 0.0 -25.584406 95.639107 -126.574326 0.137348 3.773514 6.72962 0.996599 -0.637155 9.827549 -0.269594 -1.330639 -1.391016 -0.764222 -4.271434 10.655582 0.05608 2.720033 -7.286353 0.467006 3.335574 -3.330612 -2.904798 3.973329 -13.978139 7.7e-05 -2.2e-05 6e-06 0.009846 -0.138469 0.080556 0.720721 -3.902478 -10.607312 -0.712604 3.633007 -10.635434 10.566544 -18.285347 5.666534 -36.01535 -51.563671 -12.733752 1.041034 -54.245129 -1.057272 8.265278 16.698917 -40.32523 -5.882102 9.861279 0.70259 -10.936858 -0.360574 7.156195 0.0 8.774814 0.0 -16.157393 18.009438 6.536875 -1.844031 2.498503 -2.507276 -10.163589 4.678941 4.621103 -20.975994 -0.0 1e-06 -21.226252 2.451699 -3.593994 0.0 -6e-06 -0.0 -1.36268 2.240796 -0.746323 -21.334888 0.58491 3.008318 -13.821193 -1e-06 1e-06 -23.887127 -0.249074 -0.839485 -61.236404 2.866476 -0.961652 -0.294025 1.679686 0.833255 -14.218191 0.093216 1.300578 -34.211994 -0.28756 0.967166 -20.033173 0.964536 1.212838 -0.0 0.0 0.0 -3.440386 0.788233 0.501655 -15.928168 -3.167305 2.999702 -6.338816 -0.0 0.0 -18.123415 3.64818 -4.905661 -4e-06 0.0 -2e-06 -12.265697 15.870136 3.937607 28.002102 66.27932 -5.003401 0.700605 54.74963 -0.255032 -15.182267 -16.277674 -30.661409 2.24354 -5.255033 -3.180155 14.282875 -0.826595 6.952495 0.0 -12.690593 -1e-06 15.420556 -17.364058 2.758113 1.665665 -1.95592 -2.878296 4.727794 -4.170584 4.993918 11.020509 0.0 -0.0 12.109029 -3.735715 -2.866777 -0.0 0.0 -0.0 1.291984 -1.928548 -1.498088 14.800112 0.567466 3.865604 14.242552 -1.341739 -6.660646 19.631929 0.14392 -0.648243 49.472515 -0.880977 -6.181188 0.353029 -1.511149 -0.03194 20.222765 3.684304 2.316628 18.787243 0.0 -0.0 10.751607 -0.47987 1.397902 0.0 0.0 0.0 3.273804 0.305947 -0.58011 21.486788 11.830361 2.266131 8.162914 -0.0 -0.0 18.399046 -3.798986 -4.940566 3e-06 0.0 -1e-06 7.524702 10.98165 -32.778606 -0.250068 -0.423781 30.679878 -9.460741 -4.684467 -1.928949 1.646336 -1.79501 0.027909 0.0 -0.0 2e-06 -0.330098 -6.20432 -25.660931 0.078319 0.096852 37.891434 5.327948 -7.522801 -19.503201 -1.40933 1.103377 0.897828 0.0 -0.0 -1e-06 
0.0 0.0 0.0 0.0 -0.0 0.0 -26.198864 95.953964 -126.31414 0.175276 4.169218 6.110018 1.190733 -0.604139 9.126353 -0.240558 -1.346452 -1.675295 -0.695429 -4.283071 10.589243 -0.052705 2.749529 -7.436221 0.568353 3.471175 -3.32781 -2.891098 4.131409 -13.888408 7.7e-05 -2.2e-05 6e-06 0.004849 -0.127045 0.0833 0.719835 -3.895096 -10.597624 -0.721621 3.649224 -10.621922 8.799582 -17.815678 6.717955 -38.724525 -49.230259 -7.788032 0.964471 -55.14587 -0.9764 7.928841 16.518156 -38.88583 -5.882102 9.861279 0.70259 -10.936858 -0.360574 7.156195 0.0 8.774814 0.0 -16.022381 18.065977 6.63969 -1.844031 2.498503 -2.507276 -10.163589 4.678941 4.621103 -20.975994 -0.0 1e-06 -21.226252 2.451699 -3.593994 0.0 -6e-06 -0.0 -1.36268 2.240796 -0.746323 -21.334888 0.58491 3.008318 -13.821193 -1e-06 1e-06 -23.887127 -0.249074 -0.839485 -61.235821 2.887814 -0.894033 -0.294025 1.679686 0.833255 -14.218191 0.093216 1.300578 -34.211994 -0.28756 0.967166 -20.033173 0.964536 1.212838 -0.0 0.0 0.0 -3.440386 0.788233 0.501655 -15.928168 -3.167305 2.999702 -6.338816 -0.0 0.0 -18.123415 3.64818 -4.905661 -4e-06 0.0 -2e-06 -10.84749 15.641808 5.034925 31.5355 63.564384 1.194037 0.786378 57.980385 -0.050883 -14.556624 -15.98905 -29.250828 2.24354 -5.255033 -3.180155 14.282875 -0.826595 6.952495 0.0 -12.690593 -1e-06 15.390274 -17.296957 2.756791 1.665665 -1.95592 -2.878296 4.727794 -4.170584 4.993918 11.020509 0.0 -0.0 12.109029 -3.735715 -2.866777 -0.0 0.0 -0.0 1.291984 -1.928548 -1.498088 14.800112 0.567466 3.865604 14.242552 -1.341739 -6.660646 19.631929 0.14392 -0.648243 49.38549 -0.876833 -6.148792 0.353029 -1.511149 -0.03194 20.222765 3.684304 2.316628 18.787243 0.0 -0.0 10.751607 -0.47987 1.397902 0.0 0.0 0.0 3.273804 0.305947 -0.58011 21.486788 11.830361 2.266131 8.162914 -0.0 -0.0 18.399046 -3.798986 -4.940566 3e-06 0.0 -1e-06 8.016871 10.739301 -31.076374 -0.241884 -0.417314 28.820257 -9.874635 -4.640568 -1.061753 1.642422 -1.804562 -0.121325 0.0 -0.0 2e-06 -0.000786 -6.377429 -24.12932 0.078946 0.08237 36.588657 4.932425 -7.626992 -19.217058 -1.410763 1.116439 0.826082 0.0 -0.0 -1e-06 
0.0 0.0 0.0 0.0 -0.0 0.0 -26.797014 96.258614 -126.017891 0.131699 4.566761 5.517889 1.407953 -0.564411 8.43526 -0.222267 -1.33704 -1.94347 -0.583125 -4.319666 10.523243 -0.093773 2.749377 -7.701978 0.645493 3.628233 -3.320475 -2.800821 4.255071 -13.796257 7.7e-05 -2.2e-05 6e-06 0.00149 -0.1073 0.077664 0.718561 -3.87919 -10.587327 -0.726713 3.673517 -10.609903 7.101779 -17.298424 7.704623 -40.836624 -46.543304 -3.003502 0.924964 -55.69249 -0.867434 7.37292 16.163214 -37.523167 -5.882102 9.861279 0.70259 -10.936858 -0.360574 7.156195 0.0 8.774814 0.0 -15.852244 18.148201 6.719746 -1.844031 2.498503 -2.507276 -10.163589 4.678941 4.621103 -20.975994 -0.0 1e-06 -21.226252 2.451699 -3.593994 0.0 -6e-06 -0.0 -1.36268 2.240796 -0.746323 -21.334888 0.58491 3.008318 -13.821193 -1e-06 1e-06 -23.887127 -0.249074 -0.839485 -61.16201 2.910733 -0.834414 -0.294025 1.679686 0.833255 -14.218191 0.093216 1.300578 -34.211994 -0.28756 0.967166 -20.033173 0.964536 1.212838 -0.0 0.0 0.0 -3.440386 0.788233 0.501655 -15.928168 -3.167305 2.999702 -6.338816 -0.0 0.0 -18.123415 3.64818 -4.905661 -4e-06 0.0 -2e-06 -9.350007 15.408505 6.146477 34.063339 60.444866 6.514957 0.725543 61.240406 0.096869 -13.920513 -15.591844 -28.09177 2.24354 -5.255033 -3.180155 14.282875 -0.826595 6.952495 0.0 -12.690593 -1e-06 15.399645 -17.257179 2.749055 1.665665 -1.95592 -2.878296 4.727794 -4.170584 4.993918 11.020509 0.0 -0.0 12.109029 -3.735715 -2.866777 -0.0 0.0 -0.0 1.291984 -1.928548 -1.498088 14.800112 0.567466 3.865604 14.242552 -1.341739 -6.660646 19.631929 0.14392 -0.648243 49.333363 -0.878131 -6.118999 0.353029 -1.511149 -0.03194 20.222765 3.684304 2.316628 18.787243 0.0 -0.0 10.751607 -0.47987 1.397902 0.0 0.0 0.0 3.273804 0.305947 -0.58011 21.486788 11.830361 2.266131 8.162914 -0.0 -0.0 18.399046 -3.798986 -4.940566 3e-06 0.0 -1e-06 8.571163 10.547032 -29.441797 -0.248548 -0.431774 27.046667 -10.275546 -4.630152 -0.211464 1.640085 -1.826939 -0.346266 0.0 -0.0 2e-06 0.401759 -6.530645 -22.571398 0.069811 0.052513 35.195614 4.519366 -7.776007 -18.892748 -1.406043 1.118172 0.703273 0.0 -0.0 -1e-06 
0.0 0.0 0.0 0.0 -0.0 0.0 -27.397329 96.532433 -125.649071 0.015375 4.988652 4.91214 1.636608 -0.543075 7.760138 -0.20694 -1.319365 -2.203647 -0.472576 -4.336962 10.46702 -0.033253 2.705339 -8.051211 0.686166 3.787729 -3.310914 -2.646151 4.326475 -13.696399 7.7e-05 -2.2e-05 6e-06 -0.000495 -0.09111 0.07139 0.713474 -3.86628 -10.572592 -0.72506 3.693828 -10.592793 5.431149 -16.742828 8.674253 -42.466457 -43.569885 1.564817 0.888045 -55.917183 -0.700597 6.830682 15.547275 -36.188351 -5.882102 9.861279 0.70259 -10.936858 -0.360574 7.156195 0.0 8.774814 0.0 -15.614076 18.247459 6.805623 -1.844031 2.498503 -2.507276 -10.163589 4.678941 4.621103 -20.975994 -0.0 1e-06 -21.226252 2.451699 -3.593994 0.0 -6e-06 -0.0 -1.36268 2.240796 -0.746323 -21.334888 0.58491 3.008318 -13.821193 -1e-06 1e-06 -23.887127 -0.249074 -0.839485 -60.986198 2.931762 -0.771258 -0.294025 1.679686 0.833255 -14.218191 0.093216 1.300578 -34.211994 -0.28756 0.967166 -20.033173 0.964536 1.212838 -0.0 0.0 0.0 -3.440386 0.788233 0.501655 -15.928168 -3.167305 2.999702 -6.338816 -0.0 0.0 -18.123415 3.64818 -4.905661 -4e-06 0.0 -2e-06 -7.800324 15.114278 7.252066 36.042526 56.93462 11.174301 0.44244 64.412148 0.060641 -13.420369 -15.112571 -27.254402 2.24354 -5.255033 -3.180155 14.282875 -0.826595 6.952495 0.0 -12.690593 -1e-06 15.40574 -17.223799 2.743798 1.665665 -1.95592 -2.878296 4.727794 -4.170584 4.993918 11.020509 0.0 -0.0 12.109029 -3.735715 -2.866777 -0.0 0.0 -0.0 1.291984 -1.928548 -1.498088 14.800112 0.567466 3.865604 14.242552 -1.341739 -6.660646 19.631929 0.14392 -0.648243 49.314461 -0.888862 -6.090285 0.353029 -1.511149 -0.03194 20.222765 3.684304 2.316628 18.787243 0.0 -0.0 10.751607 -0.47987 1.397902 0.0 0.0 0.0 3.273804 0.305947 -0.58011 21.486788 11.830361 2.266131 8.162914 -0.0 -0.0 18.399046 -3.798986 -4.940566 3e-06 0.0 -1e-06 9.207492 10.374884 -27.83898 -0.260862 -0.461428 25.412867 -10.66869 -4.609701 0.614602 1.639807 -1.850601 -0.588864 0.0 -0.0 2e-06 0.878805 -6.703658 -20.946192 0.054971 0.012479 33.776039 4.110255 -7.915687 -18.609333 -1.398821 1.11284 0.585192 0.0 -0.0 -1e-06 
0.0 0.0 0.0 0.0 -0.0 0.0 -27.995113 96.773621 -125.327721 -0.171094 5.431351 4.282002 1.867468 -0.545876 7.110559 -0.199629 -1.295123 -2.444447 -0.374386 -4.338203 10.414473 0.106056 2.639525 -8.49719 0.68189 3.900276 -3.308729 -2.415314 4.328346 -13.583766 7.7e-05 -2.2e-05 6e-06 -0.001687 -0.079052 0.068133 0.705389 -3.854396 -10.548742 -0.718684 3.706648 -10.565104 3.721202 -16.10849 9.668554 -43.669182 -40.383625 5.944872 0.879067 -55.825508 -0.54378 6.560823 14.592402 -34.781002 -5.882102 9.861279 0.70259 -10.936858 -0.360574 7.156195 0.0 8.774814 0.0 -15.332726 18.328381 6.906159 -1.844031 2.498503 -2.507276 -10.163589 4.678941 4.621103 -20.975994 -0.0 1e-06 -21.226252 2.451699 -3.593994 0.0 -6e-06 -0.0 -1.36268 2.240796 -0.746323 -21.334888 0.58491 3.008318 -13.821193 -1e-06 1e-06 -23.887127 -0.249074 -0.839485 -60.727211 2.921224 -0.704976 -0.294025 1.679686 0.833255 -14.218191 0.093216 1.300578 -34.211994 -0.28756 0.967166 -20.033173 0.964536 1.212838 -0.0 0.0 0.0 -3.440386 0.788233 0.501655 -15.928168 -3.167305 2.999702 -6.338816 -0.0 0.0 -18.123415 3.64818 -4.905661 -4e-06 0.0 -2e-06 -6.214464 14.755297 8.338704 37.657154 53.079117 15.248178 -0.227249 67.387657 -0.341503 -13.127554 -14.470551 -26.83712 2.24354 -5.255033 -3.180155 14.282875 -0.826595 6.952495 0.0 -12.690593 -1e-06 15.417828 -17.198906 2.7507 1.665665 -1.95592 -2.878296 4.727794 -4.170584 4.993918 11.020509 0.0 -0.0 12.109029 -3.735715 -2.866777 -0.0 0.0 -0.0 1.291984 -1.928548 -1.498088 14.800112 0.567466 3.865604 14.242552 -1.341739 -6.660646 19.631929 0.14392 -0.648243 49.385845 -0.901939 -6.03839 0.353029 -1.511149 -0.03194 20.222765 3.684304 2.316628 18.787243 0.0 -0.0 10.751607 -0.47987 1.397902 0.0 0.0 0.0 3.273804 0.305947 -0.58011 21.486788 11.830361 2.266131 8.162914 -0.0 -0.0 18.399046 -3.798986 -4.940566 3e-06 0.0 -1e-06 9.901742 10.218328 -26.322462 -0.269091 -0.494944 23.881367 -11.019886 -4.592859 1.427974 1.640697 -1.860397 -0.80733 0.0 -0.0 2e-06 1.425708 -6.932707 -19.345537 0.03784 -0.033672 32.363567 3.726138 -7.994732 -18.291176 -1.391764 1.107273 0.500599 0.0 -0.0 -1e-06 
0.0 0.0 0.0 0.0 -0.0 0.0 -28.566568 96.980408 -125.003578 -0.420914 5.894271 3.638932 2.102056 -0.574617 6.485652 -0.199093 -1.266116 -2.667208 -0.292569 -4.318517 10.349475 0.264574 2.555041 -9.07405 0.671004 3.963232 -3.313843 -2.121147 4.262267 -13.417838 7.7e-05 -2.2e-05 6e-06 -0.002489 -0.070018 0.068735 0.697935 -3.84224 -10.518754 -0.712202 3.71287 -10.530048 1.916203 -15.369228 10.672314 -44.563091 -36.987911 10.154768 0.861677 -55.275146 -0.448056 6.534489 13.266251 -33.073879 -5.882102 9.861279 0.70259 -10.936858 -0.360574 7.156195 0.0 8.774814 0.0 -15.07927 18.406281 6.999192 -1.844031 2.498503 -2.507276 -10.163589 4.678941 4.621103 -20.975994 -0.0 1e-06 -21.226252 2.451699 -3.593994 0.0 -6e-06 -0.0 -1.36268 2.240796 -0.746323 -21.334888 0.58491 3.008318 -13.821193 -1e-06 1e-06 -23.887127 -0.249074 -0.839485 -60.49931 2.89985 -0.658133 -0.294025 1.679686 0.833255 -14.218191 0.093216 1.300578 -34.211994 -0.28756 0.967166 -20.033173 0.964536 1.212838 -0.0 0.0 0.0 -3.440386 0.788233 0.501655 -15.928168 -3.167305 2.999702 -6.338816 -0.0 0.0 -18.123415 3.64818 -4.905661 -4e-06 0.0 -2e-06 -4.557559 14.339934 9.412414 38.996105 48.834946 18.646767 -1.035524 70.105133 -0.954616 -13.037331 -13.625213 -26.736233 2.24354 -5.255033 -3.180155 14.282875 -0.826595 6.952495 0.0 -12.690593 -1e-06 15.446087 -17.173189 2.770304 1.665665 -1.95592 -2.878296 4.727794 -4.170584 4.993918 11.020509 0.0 -0.0 12.109029 -3.735715 -2.866777 -0.0 0.0 -0.0 1.291984 -1.928548 -1.498088 14.800112 0.567466 3.865604 14.242552 -1.341739 -6.660646 19.631929 0.14392 -0.648243 49.544998 -0.915222 -5.981713 0.353029 -1.511149 -0.03194 20.222765 3.684304 2.316628 18.787243 0.0 -0.0 10.751607 -0.47987 1.397902 0.0 0.0 0.0 3.273804 0.305947 -0.58011 21.486788 11.830361 2.266131 8.162914 -0.0 -0.0 18.399046 -3.798986 -4.940566 3e-06 0.0 -1e-06 10.638087 10.08602 -24.901375 -0.275385 -0.526077 22.515955 -11.32375 -4.623994 2.178548 1.641575 -1.850943 -0.991738 0.0 -0.0 2e-06 2.017019 -7.251141 -17.748365 0.024205 -0.075533 30.962948 3.393136 -7.970273 -17.976517 -1.386722 1.098638 0.465015 0.0 -0.0 -1e-06 
0.0 0.0 0.0 0.0 -0.0 0.0 -29.139608 97.148026 -124.643303 -0.736227 6.401094 3.01769 2.35156 -0.623128 5.892497 -0.203409 -1.229838 -2.869709 -0.203883 -4.278129 10.266848 0.38649 2.458639 -9.805383 0.664517 3.980195 -3.318208 -1.803045 4.077638 -13.192125 7.7e-05 -2.2e-05 6e-06 -0.002518 -0.059087 0.068464 0.693907 -3.826376 -10.494585 -0.707643 3.718997 -10.501508 -0.009596 -14.55594 11.64959 -45.267067 -33.53125 14.06346 0.808715 -54.011742 -0.394837 6.608961 11.793429 -31.113852 -5.882102 9.861279 0.70259 -10.936858 -0.360574 7.156195 0.0 8.774814 0.0 -14.923193 18.468513 7.048544 -1.844031 2.498503 -2.507276 -10.163589 4.678941 4.621103 -20.975994 -0.0 1e-06 -21.226252 2.451699 -3.593994 0.0 -6e-06 -0.0 -1.36268 2.240796 -0.746323 -21.334888 0.58491 3.008318 -13.821193 -1e-06 1e-06 -23.887127 -0.249074 -0.839485 -60.355808 2.883493 -0.617086 -0.294025 1.679686 0.833255 -14.218191 0.093216 1.300578 -34.211994 -0.28756 0.967166 -20.033173 0.964536 1.212838 -0.0 0.0 0.0 -3.440386 0.788233 0.501655 -15.928168 -3.167305 2.999702 -6.338816 -0.0 0.0 -18.123415 3.64818 -4.905661 -4e-06 0.0 -2e-06 -2.776534 13.853436 10.4727 39.95369 44.300339 21.269974 -1.69062 72.365868 -1.564139 -13.016056 -12.666024 -26.795334 2.24354 -5.255033 -3.180155 14.282875 -0.826595 6.952495 0.0 -12.690593 -1e-06 15.534625 -17.176384 2.790548 1.665665 -1.95592 -2.878296 4.727794 -4.170584 4.993918 11.020509 0.0 -0.0 12.109029 -3.735715 -2.866777 -0.0 0.0 -0.0 1.291984 -1.928548 -1.498088 14.800112 0.567466 3.865604 14.242552 -1.341739 -6.660646 19.631929 0.14392 -0.648243 49.779072 -0.922319 -5.949499 0.353029 -1.511149 -0.03194 20.222765 3.684304 2.316628 18.787243 0.0 -0.0 10.751607 -0.47987 1.397902 0.0 0.0 0.0 3.273804 0.305947 -0.58011 21.486788 11.830361 2.266131 8.162914 -0.0 -0.0 18.399046 -3.798986 -4.940566 3e-06 0.0 -1e-06 11.431726 10.004772 -23.624601 -0.279973 -0.549489 21.358673 -11.616707 -4.752535 2.847996 1.642815 -1.835908 -1.188245 0.0 -0.0 2e-06 2.677827 -7.692822 -16.178833 0.016101 -0.103659 29.588135 3.081794 -7.8326 -17.676132 -1.384882 1.090381 0.461453 0.0 -0.0 -1e-06 
0.0 0.0 0.0 0.0 -0.0 0.0 -29.663265 97.295815 -124.310257 -1.069579 6.894274 2.477373 2.596915 -0.674512 5.335409 -0.209471 -1.181877 -3.055646 -0.114487 -4.229469 10.20253 0.468842 2.366419 -10.696626 0.631877 3.937887 -3.315588 -1.501046 3.794281 -12.963544 7.7e-05 -2.2e-05 6e-06 -0.000507 -0.044134 0.064585 0.693746 -3.804106 -10.470688 -0.702821 3.726706 -10.474733 -2.016804 -13.729461 12.540177 -45.928875 -30.124239 17.342936 0.631719 -51.867188 -0.295724 6.90861 10.46994 -28.972389 -5.882102 9.861279 0.70259 -10.936858 -0.360574 7.156195 0.0 8.774814 0.0 -14.906752 18.433207 7.027603 -1.844031 2.498503 -2.507276 -10.163589 4.678941 4.621103 -20.975994 -0.0 1e-06 -21.226252 2.451699 -3.593994 0.0 -6e-06 -0.0 -1.36268 2.240796 -0.746323 -21.334888 0.58491 3.008318 -13.821193 -1e-06 1e-06 -23.887127 -0.249074 -0.839485 -60.287388 2.876141 -0.562749 -0.294025 1.679686 0.833255 -14.218191 0.093216 1.300578 -34.211994 -0.28756 0.967166 -20.033173 0.964536 1.212838 -0.0 0.0 0.0 -3.440386 0.788233 0.501655 -15.928168 -3.167305 2.999702 -6.338816 -0.0 0.0 -18.123415 3.64818 -4.905661 -4e-06 0.0 -2e-06 -0.879215 13.337973 11.504239 40.434097 39.682526 23.225946 -2.38456 73.952415 -2.235767 -12.886111 -11.645875 -26.811466 2.24354 -5.255033 -3.180155 14.282875 -0.826595 6.952495 0.0 -12.690593 -1e-06 15.635128 -17.219061 2.823697 1.665665 -1.95592 -2.878296 4.727794 -4.170584 4.993918 11.020509 0.0 -0.0 12.109029 -3.735715 -2.866777 -0.0 0.0 -0.0 1.291984 -1.928548 -1.498088 14.800112 0.567466 3.865604 14.242552 -1.341739 -6.660646 19.631929 0.14392 -0.648243 50.042793 -0.928869 -5.928465 0.353029 -1.511149 -0.03194 20.222765 3.684304 2.316628 18.787243 0.0 -0.0 10.751607 -0.47987 1.397902 0.0 0.0 0.0 3.273804 0.305947 -0.58011 21.486788 11.830361 2.266131 8.162914 -0.0 -0.0 18.399046 -3.798986 -4.940566 3e-06 0.0 -1e-06 12.195527 9.921939 -22.519041 -0.281061 -0.561715 20.306339 -11.838274 -4.94304 3.48049 1.643959 -1.822912 -1.422596 0.0 -0.0 2e-06 3.324855 -8.186423 -14.743303 0.013449 -0.121662 28.238995 2.808271 -7.646031 -17.330893 -1.38414 1.091705 0.453371 0.0 -0.0 -1e-06 
0.0 0.0 0.0 0.0 -0.0 0.0 -30.105289 97.438416 -124.041794 -1.394653 7.29915 2.065613 2.848221 -0.707835 4.84621 -0.202696 -1.117277 -3.217378 -0.042701 -4.187696 10.180437 0.488434 2.310276 -11.715589 0.561657 3.853974 -3.316672 -1.27643 3.468003 -12.793104 7.7e-05 -2.2e-05 6e-06 0.002862 -0.028648 0.056334 0.698533 -3.780281 -10.451819 -0.700258 3.733691 -10.454978 -3.996723 -12.925858 13.286431 -46.652802 -26.911343 19.620543 0.334231 -49.036407 -0.138917 7.50598 9.451514 -26.846535 -5.882102 9.861279 0.70259 -10.936858 -0.360574 7.156195 0.0 8.774814 0.0 -14.982794 18.277132 6.935523 -1.844031 2.498503 -2.507276 -10.163589 4.678941 4.621103 -20.975994 -0.0 1e-06 -21.226252 2.451699 -3.593994 0.0 -6e-06 -0.0 -1.36268 2.240796 -0.746323 -21.334888 0.58491 3.008318 -13.821193 -1e-06 1e-06 -23.887127 -0.249074 -0.839485 -60.209732 2.862327 -0.503924 -0.294025 1.679686 0.833255 -14.218191 0.093216 1.300578 -34.211994 -0.28756 0.967166 -20.033173 0.964536 1.212838 -0.0 0.0 0.0 -3.440386 0.788233 0.501655 -15.928168 -3.167305 2.999702 -6.338816 -0.0 0.0 -18.123415 3.64818 -4.905661 -4e-06 0.0 -2e-06 0.958934 12.905801 12.411665 40.592728 35.243504 24.51955 -2.957036 74.75119 -2.775389 -12.658098 -10.674079 -26.643192 2.24354 -5.255033 -3.180155 14.282875 -0.826595 6.952495 0.0 -12.690593 -1e-06 15.700192 -17.245565 2.869556 1.665665 -1.95592 -2.878296 4.727794 -4.170584 4.993918 11.020509 0.0 -0.0 12.109029 -3.735715 -2.866777 -0.0 0.0 -0.0 1.291984 -1.928548 -1.498088 14.800112 0.567466 3.865604 14.242552 -1.341739 -6.660646 19.631929 0.14392 -0.648243 50.26598 -0.926686 -5.902064 0.353029 -1.511149 -0.03194 20.222765 3.684304 2.316628 18.787243 0.0 -0.0 10.751607 -0.47987 1.397902 0.0 0.0 0.0 3.273804 0.305947 -0.58011 21.486788 11.830361 2.266131 8.162914 -0.0 -0.0 18.399046 -3.798986 -4.940566 3e-06 0.0 -1e-06 12.878957 9.836157 -21.609718 -0.27892 -0.568122 19.326143 -11.950745 -5.089588 4.096622 1.642549 -1.810962 -1.637635 0.0 -0.0 2e-06 3.917633 -8.599399 -13.518985 0.015375 -0.131428 26.918957 2.571151 -7.510706 -16.932072 -1.383075 1.106054 0.415264 0.0 -0.0 -1e-06 
0.0 0.0 0.0 0.0 -0.0 0.0 -30.460754 97.588135 -123.851349 -1.686381 7.595778 1.80829 3.106853 -0.713243 4.436449 -0.173626 -1.048492 -3.353103 0.007517 -4.152092 10.18212 0.417271 2.313704 -12.839073 0.469445 3.724483 -3.324397 -1.159112 3.150375 -12.685654 7.7e-05 -2.2e-05 6e-06 0.003765 -0.026089 0.04629 0.705233 -3.770838 -10.450746 -0.704694 3.729015 -10.456836 -5.867974 -12.131771 13.842429 -47.559467 -23.90366 20.849085 -0.056587 -45.737888 0.029618 8.383844 8.675776 -24.923466 -5.882102 9.861279 0.70259 -10.936858 -0.360574 7.156195 0.0 8.774814 0.0 -15.141795 18.051981 6.752554 -1.844031 2.498503 -2.507276 -10.163589 4.678941 4.621103 -20.975994 -0.0 1e-06 -21.226252 2.451699 -3.593994 0.0 -6e-06 -0.0 -1.36268 2.240796 -0.746323 -21.334888 0.58491 3.008318 -13.821193 -1e-06 1e-06 -23.887127 -0.249074 -0.839485 -60.092613 2.851709 -0.501082 -0.294025 1.679686 0.833255 -14.218191 0.093216 1.300578 -34.211994 -0.28756 0.967166 -20.033173 0.964536 1.212838 -0.0 0.0 0.0 -3.440386 0.788233 0.501655 -15.928168 -3.167305 2.999702 -6.338816 -0.0 0.0 -18.123415 3.64818 -4.905661 -4e-06 0.0 -2e-06 2.656962 12.617025 13.162493 40.529606 31.068735 25.300495 -3.236484 74.797409 -3.021913 -12.33356 -9.787889 -26.192238 2.24354 -5.255033 -3.180155 14.282875 -0.826595 6.952495 0.0 -12.690593 -1e-06 15.750992 -17.239025 2.908097 1.665665 -1.95592 -2.878296 4.727794 -4.170584 4.993918 11.020509 0.0 -0.0 12.109029 -3.735715 -2.866777 -0.0 0.0 -0.0 1.291984 -1.928548 -1.498088 14.800112 0.567466 3.865604 14.242552 -1.341739 -6.660646 19.631929 0.14392 -0.648243 50.401573 -0.925275 -5.889086 0.353029 -1.511149 -0.03194 20.222765 3.684304 2.316628 18.787243 0.0 -0.0 10.751607 -0.47987 1.397902 0.0 0.0 0.0 3.273804 0.305947 -0.58011 21.486788 11.830361 2.266131 8.162914 -0.0 -0.0 18.399046 -3.798986 -4.940566 3e-06 0.0 -1e-06 13.444285 9.770396 -20.87076 -0.272944 -0.572583 18.32589 -11.963096 -5.110111 4.735455 1.63895 -1.789605 -1.793877 0.0 -0.0 2e-06 4.431964 -8.90495 -12.532688 0.025358 -0.136735 25.621666 2.348266 -7.426093 -16.462099 -1.382335 1.128508 0.371704 0.0 -0.0 -1e-06 
0.0 0.0 0.0 0.0 -0.0 0.0 -30.706257 97.75901 -123.741272 -1.932459 7.783296 1.705361 3.374803 -0.702675 4.09261 -0.124454 -0.979598 -3.466675 0.039282 -4.109881 10.202662 0.226012 2.35506 -14.033375 0.386911 3.542052 -3.326429 -1.143169 2.804823 -12.61785 7.7e-05 -2.2e-05 6e-06 0.003572 -0.026808 0.036949 0.714203 -3.766768 -10.465019 -0.713795 3.7235 -10.47602 -7.556554 -11.35839 14.219463 -48.66724 -21.148911 21.223759 -0.408421 -42.168861 0.140749 9.329786 8.02574 -23.404234 -5.882102 9.861279 0.70259 -10.936858 -0.360574 7.156195 0.0 8.774814 0.0 -15.351431 17.815044 6.52334 -1.844031 2.498503 -2.507276 -10.163589 4.678941 4.621103 -20.975994 -0.0 1e-06 -21.226252 2.451699 -3.593994 0.0 -6e-06 -0.0 -1.36268 2.240796 -0.746323 -21.334888 0.58491 3.008318 -13.821193 -1e-06 1e-06 -23.887127 -0.249074 -0.839485 -59.953781 2.835288 -0.570863 -0.294025 1.679686 0.833255 -14.218191 0.093216 1.300578 -34.211994 -0.28756 0.967166 -20.033173 0.964536 1.212838 -0.0 0.0 0.0 -3.440386 0.788233 0.501655 -15.928168 -3.167305 2.999702 -6.338816 -0.0 0.0 -18.123415 3.64818 -4.905661 -4e-06 0.0 -2e-06 4.172495 12.481433 13.796423 40.380447 27.230833 25.721123 -3.094315 74.087654 -2.837979 -11.996305 -8.98119 -25.613192 2.24354 -5.255033 -3.180155 14.282875 -0.826595 6.952495 0.0 -12.690593 -1e-06 15.782409 -17.214247 2.941788 1.665665 -1.95592 -2.878296 4.727794 -4.170584 4.993918 11.020509 0.0 -0.0 12.109029 -3.735715 -2.866777 -0.0 0.0 -0.0 1.291984 -1.928548 -1.498088 14.800112 0.567466 3.865604 14.242552 -1.341739 -6.660646 19.631929 0.14392 -0.648243 50.439651 -0.93301 -5.900027 0.353029 -1.511149 -0.03194 20.222765 3.684304 2.316628 18.787243 0.0 -0.0 10.751607 -0.47987 1.397902 0.0 0.0 0.0 3.273804 0.305947 -0.58011 21.486788 11.830361 2.266131 8.162914 -0.0 -0.0 18.399046 -3.798986 -4.940566 3e-06 0.0 -1e-06 13.86418 9.731688 -20.296366 -0.265583 -0.573424 17.31144 -11.92607 -5.089373 5.436831 1.635444 -1.77328 -1.908476 0.0 -0.0 2e-06 4.841058 -9.154823 -11.756656 0.039058 -0.135511 24.305164 2.12575 -7.317883 -15.880924 -1.381642 1.155082 0.347418 0.0 -0.0 -1e-06 
0.0 0.0 0.0 0.0 -0.0 0.0 -30.819208 97.964996 -123.701134 -2.10996 7.898911 1.743749 3.644539 -0.688289 3.78547 -0.068486 -0.911193 -3.576291 0.046315 -4.060833 10.231221 -0.055359 2.405333 -15.162969 0.310751 3.283451 -3.332605 -1.215726 2.447981 -12.553037 7.7e-05 -2.2e-05 6e-06 0.006433 -0.018893 0.029763 0.722848 -3.754556 -10.477952 -0.716634 3.727244 -10.492012 -8.949543 -10.654455 14.496754 -49.936935 -18.776436 21.223091 -0.566455 -38.514622 0.141157 10.060519 7.337949 -22.490667 -5.882102 9.861279 0.70259 -10.936858 -0.360574 7.156195 0.0 8.774814 0.0 -15.564966 17.612391 6.303364 -1.844031 2.498503 -2.507276 -10.163589 4.678941 4.621103 -20.975994 -0.0 1e-06 -21.226252 2.451699 -3.593994 0.0 -6e-06 -0.0 -1.36268 2.240796 -0.746323 -21.334888 0.58491 3.008318 -13.821193 -1e-06 1e-06 -23.887127 -0.249074 -0.839485 -59.856972 2.79429 -0.662209 -0.294025 1.679686 0.833255 -14.218191 0.093216 1.300578 -34.211994 -0.28756 0.967166 -20.033173 0.964536 1.212838 -0.0 0.0 0.0 -3.440386 0.788233 0.501655 -15.928168 -3.167305 2.999702 -6.338816 -0.0 0.0 -18.123415 3.64818 -4.905661 -4e-06 0.0 -2e-06 5.481411 12.463025 14.362086 40.24799 23.875906 25.953213 -2.656899 72.538292 -2.291934 -11.58463 -8.211358 -25.058668 2.24354 -5.255033 -3.180155 14.282875 -0.826595 6.952495 0.0 -12.690593 -1e-06 15.793177 -17.191683 2.974743 1.665665 -1.95592 -2.878296 4.727794 -4.170584 4.993918 11.020509 0.0 -0.0 12.109029 -3.735715 -2.866777 -0.0 0.0 -0.0 1.291984 -1.928548 -1.498088 14.800112 0.567466 3.865604 14.242552 -1.341739 -6.660646 19.631929 0.14392 -0.648243 50.408924 -0.95884 -5.909503 0.353029 -1.511149 -0.03194 20.222765 3.684304 2.316628 18.787243 0.0 -0.0 10.751607 -0.47987 1.397902 0.0 0.0 0.0 3.273804 0.305947 -0.58011 21.486788 11.830361 2.266131 8.162914 -0.0 -0.0 18.399046 -3.798986 -4.940566 3e-06 0.0 -1e-06 14.087321 9.765652 -19.869356 -0.255345 -0.572936 16.278711 -11.838991 -5.073587 6.254045 1.632859 -1.765698 -1.989445 0.0 -0.0 2e-06 5.104634 -9.391731 -11.131203 0.045331 -0.14206 22.913418 1.938738 -7.181628 -15.192186 -1.381343 1.174258 0.331685 0.0 -0.0 -1e-06 
0.0 0.0 0.0 0.0 -0.0 0.0 -30.771473 98.195374 -123.714043 -2.243142 7.990403 1.872501 3.92246 -0.660934 3.483261 -0.008415 -0.835366 -3.687236 0.035411 -4.034019 10.246033 -0.379606 2.435 -16.114733 0.224376 2.975861 -3.354443 -1.318623 2.088779 -12.459797 7.7e-05 -2.2e-05 6e-06 0.012139 -0.005526 0.020607 0.733983 -3.732075 -10.480171 -0.716277 3.732324 -10.496731 -10.062011 -10.061025 14.721944 -51.265606 -16.775208 21.166925 -0.558998 -34.889175 0.079441 10.436633 6.583869 -21.878443 -5.882102 9.861279 0.70259 -10.936858 -0.360574 7.156195 0.0 8.774814 0.0 -15.718245 17.484221 6.169609 -1.844031 2.498503 -2.507276 -10.163589 4.678941 4.621103 -20.975994 -0.0 1e-06 -21.226252 2.451699 -3.593994 0.0 -6e-06 -0.0 -1.36268 2.240796 -0.746323 -21.334888 0.58491 3.008318 -13.821193 -1e-06 1e-06 -23.887127 -0.249074 -0.839485 -59.824898 2.735238 -0.715437 -0.294025 1.679686 0.833255 -14.218191 0.093216 1.300578 -34.211994 -0.28756 0.967166 -20.033173 0.964536 1.212838 -0.0 0.0 0.0 -3.440386 0.788233 0.501655 -15.928168 -3.167305 2.999702 -6.338816 -0.0 0.0 -18.123415 3.64818 -4.905661 -4e-06 0.0 -2e-06 6.640485 12.5062 14.86922 40.176861 21.007381 26.0744 -2.086966 70.137611 -1.594528 -11.035277 -7.491557 -24.538877 2.24354 -5.255033 -3.180155 14.282875 -0.826595 6.952495 0.0 -12.690593 -1e-06 15.790571 -17.170656 3.002048 1.665665 -1.95592 -2.878296 4.727794 -4.170584 4.993918 11.020509 0.0 -0.0 12.109029 -3.735715 -2.866777 -0.0 0.0 -0.0 1.291984 -1.928548 -1.498088 14.800112 0.567466 3.865604 14.242552 -1.341739 -6.660646 19.631929 0.14392 -0.648243 50.345955 -0.988004 -5.894481 0.353029 -1.511149 -0.03194 20.222765 3.684304 2.316628 18.787243 0.0 -0.0 10.751607 -0.47987 1.397902 0.0 0.0 0.0 3.273804 0.305947 -0.58011 21.486788 11.830361 2.266131 8.162914 -0.0 -0.0 18.399046 -3.798986 -4.940566 3e-06 0.0 -1e-06 14.124357 9.837173 -19.577946 -0.238603 -0.58255 15.302297 -11.663322 -5.089312 7.083907 1.628132 -1.756289 -2.127384 0.0 -0.0 2e-06 5.220899 -9.68852 -10.589389 0.046093 -0.158739 21.455822 1.815546 -6.971717 -14.426757 -1.381099 1.181099 0.28796 0.0 -0.0 -1e-06 
0.0 0.0 0.0 0.0 -0.0 0.0 -30.56159 98.442383 -123.752319 -2.274554 8.086807 2.053454 4.149887 -0.617844 3.15782 0.043413 -0.765538 -3.80302 -0.021203 -4.053616 10.254528 -0.689234 2.469082 -16.788683 0.149561 2.604833 -3.383038 -1.463271 1.730211 -12.336297 7.7e-05 -2.2e-05 6e-06 0.018355 0.007851 0.013335 0.745158 -3.70736 -10.470179 -0.714784 3.735127 -10.496523 -10.887647 -9.631313 14.856838 -52.541214 -15.067225 21.224672 -0.503445 -31.488255 -0.007669 10.364331 5.772675 -21.574316 -5.882102 9.861279 0.70259 -10.936858 -0.360574 7.156195 0.0 8.774814 0.0 -15.800648 17.494717 6.141264 -1.844031 2.498503 -2.507276 -10.163589 4.678941 4.621103 -20.975994 -0.0 1e-06 -21.226252 2.451699 -3.593994 0.0 -6e-06 -0.0 -1.36268 2.240796 -0.746323 -21.334888 0.58491 3.008318 -13.821193 -1e-06 1e-06 -23.887127 -0.249074 -0.839485 -59.922165 2.685971 -0.719342 -0.294025 1.679686 0.833255 -14.218191 0.093216 1.300578 -34.211994 -0.28756 0.967166 -20.033173 0.964536 1.212838 -0.0 0.0 0.0 -3.440386 0.788233 0.501655 -15.928168 -3.167305 2.999702 -6.338816 -0.0 0.0 -18.123415 3.64818 -4.905661 -4e-06 0.0 -2e-06 7.739713 12.598832 15.25492 40.146568 18.589596 26.043934 -1.345646 66.993095 -0.798724 -10.387034 -6.803357 -23.861391 2.24354 -5.255033 -3.180155 14.282875 -0.826595 6.952495 0.0 -12.690593 -1e-06 15.798952 -17.138054 2.967979 1.665665 -1.95592 -2.878296 4.727794 -4.170584 4.993918 11.020509 0.0 -0.0 12.109029 -3.735715 -2.866777 -0.0 0.0 -0.0 1.291984 -1.928548 -1.498088 14.800112 0.567466 3.865604 14.242552 -1.341739 -6.660646 19.631929 0.14392 -0.648243 50.205593 -0.994057 -5.885849 0.353029 -1.511149 -0.03194 20.222765 3.684304 2.316628 18.787243 0.0 -0.0 10.751607 -0.47987 1.397902 0.0 0.0 0.0 3.273804 0.305947 -0.58011 21.486788 11.830361 2.266131 8.162914 -0.0 -0.0 18.399046 -3.798986 -4.940566 3e-06 0.0 -1e-06 13.929058 9.87556 -19.386766 -0.213089 -0.594287 14.430464 -11.309864 -5.174344 7.885751 1.62779 -1.751931 -2.355101 0.0 -0.0 2e-06 5.122778 -10.064164 -10.093886 0.046885 -0.169511 20.003742 1.792054 -6.669174 -13.675217 -1.380755 1.171624 0.298018 0.0 -0.0 -1e-06 
0.0 0.0 0.0 0.0 -0.0 0.0 -30.181091 98.76107 -123.744347 -2.179881 8.169131 2.197306 4.343021 -0.60943 2.7755 0.019362 -0.581183 -3.910855 -0.155437 -4.199363 10.251806 -0.78095 2.354163 -17.19268 -0.09489 2.212158 -3.401321 -1.521763 1.413972 -12.162545 7.7e-05 -2.2e-05 6e-06 0.02196 0.011278 0.018546 0.727127 -3.70819 -10.449396 -0.687797 3.743047 -10.472513 -11.358722 -9.446872 14.641586 -53.890392 -13.327621 21.584116 -0.406708 -28.280312 -0.027621 9.783925 5.005124 -21.712599 -5.882102 9.861279 0.70259 -10.936858 -0.360574 7.156195 0.0 8.774814 0.0 -15.822992 17.56053 6.128463 -1.844031 2.498503 -2.507276 -10.163589 4.678941 4.621103 -20.975994 -0.0 1e-06 -21.226252 2.451699 -3.593994 0.0 -6e-06 -0.0 -1.36268 2.240796 -0.746323 -21.334888 0.58491 3.008318 -13.821193 -1e-06 1e-06 -23.887127 -0.249074 -0.839485 -59.837254 2.82358 -0.819105 -0.294025 1.679686 0.833255 -14.218191 0.093216 1.300578 -34.211994 -0.28756 0.967166 -20.033173 0.964536 1.212838 -0.0 0.0 0.0 -3.440386 0.788233 0.501655 -15.928168 -3.167305 2.999702 -6.338816 -0.0 0.0 -18.123415 3.64818 -4.905661 -4e-06 0.0 -2e-06 8.792443 12.589337 15.234159 40.313236 16.391273 26.026192 -0.073873 63.182522 0.370702 -9.968746 -6.23053 -23.195932 2.24354 -5.255033 -3.180155 14.282875 -0.826595 6.952495 0.0 -12.690593 -1e-06 15.732454 -17.07445 2.995095 1.665665 -1.95592 -2.878296 4.727794 -4.170584 4.993918 11.020509 0.0 -0.0 12.109029 -3.735715 -2.866777 -0.0 0.0 -0.0 1.291984 -1.928548 -1.498088 14.800112 0.567466 3.865604 14.242552 -1.341739 -6.660646 19.631929 0.14392 -0.648243 50.029461 -1.066519 -5.896685 0.353029 -1.511149 -0.03194 20.222765 3.684304 2.316628 18.787243 0.0 -0.0 10.751607 -0.47987 1.397902 0.0 0.0 0.0 3.273804 0.305947 -0.58011 21.486788 11.830361 2.266131 8.162914 -0.0 -0.0 18.399046 -3.798986 -4.940566 3e-06 0.0 -1e-06 13.816637 9.906786 -18.009829 -0.145579 -0.512402 12.400725 -11.266597 -5.306592 8.286 1.673818 -1.806215 -2.338142 0.0 -0.0 2e-06 4.785445 -10.468349 -9.283452 0.014037 -0.12777 18.118319 1.943425 -6.309325 -12.657604 -1.381914 1.160827 0.438037 0.0 -0.0 -1e-06 
0.0 0.0 0.0 0.0 -0.0 0.0 -29.738068 99.037018 -123.752037 -1.981942 7.957259 2.144868 4.37917 -0.581574 2.409163 0.006446 -0.489458 -4.028875 -0.289937 -4.0892 10.235867 -0.858261 2.336986 -17.102646 -0.209099 1.906117 -3.421302 -1.689747 0.881708 -11.910223 7.7e-05 -2.2e-05 6e-06 0.031881 0.037259 0.036155 0.729755 -3.677608 -10.401629 -0.670322 3.763298 -10.423343 -11.859784 -9.291956 14.605886 -54.866581 -11.960711 22.175323 -0.318676 -25.430676 -0.02998 9.12279 4.284527 -21.663797 -5.882102 9.861279 0.70259 -10.936858 -0.360574 7.156195 0.0 8.774814 0.0 -15.884592 17.55715 6.139823 -1.844031 2.498503 -2.507276 -10.163589 4.678941 4.621103 -20.975994 -0.0 1e-06 -21.226252 2.451699 -3.593994 0.0 -6e-06 -0.0 -1.36268 2.240796 -0.746323 -21.334888 0.58491 3.008318 -13.821193 -1e-06 1e-06 -23.887127 -0.249074 -0.839485 -59.859589 2.798799 -0.83447 -0.294025 1.679686 0.833255 -14.218191 0.093216 1.300578 -34.211994 -0.28756 0.967166 -20.033173 0.964536 1.212838 -0.0 0.0 0.0 -3.440386 0.788233 0.501655 -15.928168 -3.167305 2.999702 -6.338816 -0.0 0.0 -18.123415 3.64818 -4.905661 -4e-06 0.0 -2e-06 9.766894 12.566419 15.435528 40.631317 14.90103 26.122187 0.163101 58.550678 0.603027 -9.49192 -5.458682 -22.720648 2.24354 -5.255033 -3.180155 14.282875 -0.826595 6.952495 0.0 -12.690593 -1e-06 15.712769 -17.043121 2.991838 1.665665 -1.95592 -2.878296 4.727794 -4.170584 4.993918 11.020509 0.0 -0.0 12.109029 -3.735715 -2.866777 -0.0 0.0 -0.0 1.291984 -1.928548 -1.498088 14.800112 0.567466 3.865604 14.242552 -1.341739 -6.660646 19.631929 0.14392 -0.648243 49.88377 -1.061693 -5.909024 0.353029 -1.511149 -0.03194 20.222765 3.684304 2.316628 18.787243 0.0 -0.0 10.751607 -0.47987 1.397902 0.0 0.0 0.0 3.273804 0.305947 -0.58011 21.486788 11.830361 2.266131 8.162914 -0.0 -0.0 18.399046 -3.798986 -4.940566 3e-06 0.0 -1e-06 13.52371 9.85325 -15.728681 -0.142658 -0.491786 11.314751 -12.088729 -5.564563 6.976285 1.68669 -1.864891 -2.444567 0.0 -0.0 2e-06 4.228098 -10.72906 -8.372031 0.003306 -0.125941 16.48551 2.084678 -5.777349 -11.856027 -1.378278 1.099844 0.473885 0.0 -0.0 -1e-06 
0.0 0.0 0.0 0.0 -0.0 0.0 -29.22467 99.285187 -123.672714 -1.730791 7.551478 1.929947 4.301733 -0.562928 1.987047 -0.011179 -0.357843 -4.171068 -0.473217 -3.961121 10.273245 -0.82168 2.259919 -16.631695 -0.331664 1.611255 -3.429937 -1.810336 0.422191 -11.750252 7.7e-05 -2.2e-05 6e-06 0.037551 0.054008 0.056433 0.727051 -3.659906 -10.377737 -0.655965 3.776859 -10.395 -12.229939 -9.165141 14.620784 -55.656242 -10.928349 23.121344 -0.241379 -22.784203 -0.054295 8.351842 3.623777 -21.593 -5.882102 9.861279 0.70259 -10.936858 -0.360574 7.156195 0.0 8.774814 0.0 -15.985245 17.566414 6.148137 -1.844031 2.498503 -2.507276 -10.163589 4.678941 4.621103 -20.975994 -0.0 1e-06 -21.226252 2.451699 -3.593994 0.0 -6e-06 -0.0 -1.36268 2.240796 -0.746323 -21.334888 0.58491 3.008318 -13.821193 -1e-06 1e-06 -23.887127 -0.249074 -0.839485 -59.850136 2.790947 -0.821344 -0.294025 1.679686 0.833255 -14.218191 0.093216 1.300578 -34.211994 -0.28756 0.967166 -20.033173 0.964536 1.212838 -0.0 0.0 0.0 -3.440386 0.788233 0.501655 -15.928168 -3.167305 2.999702 -6.338816 -0.0 0.0 -18.123415 3.64818 -4.905661 -4e-06 0.0 -2e-06 10.684893 12.454447 15.554224 41.158459 13.800947 26.24877 0.257888 53.720203 0.614156 -9.156489 -4.717921 -22.167919 2.24354 -5.255033 -3.180155 14.282875 -0.826595 6.952495 0.0 -12.690593 -1e-06 15.758252 -17.069229 3.00404 1.665665 -1.95592 -2.878296 4.727794 -4.170584 4.993918 11.020509 0.0 -0.0 12.109029 -3.735715 -2.866777 -0.0 0.0 -0.0 1.291984 -1.928548 -1.498088 14.800112 0.567466 3.865604 14.242552 -1.341739 -6.660646 19.631929 0.14392 -0.648243 49.850334 -1.072454 -5.90122 0.353029 -1.511149 -0.03194 20.222765 3.684304 2.316628 18.787243 0.0 -0.0 10.751607 -0.47987 1.397902 0.0 0.0 0.0 3.273804 0.305947 -0.58011 21.486788 11.830361 2.266131 8.162914 -0.0 -0.0 18.399046 -3.798986 -4.940566 3e-06 0.0 -1e-06 13.120806 9.722514 -12.911057 -0.150519 -0.490438 10.799629 -13.402267 -6.480528 5.487019 1.705521 -1.904742 -2.457281 0.0 -0.0 2e-06 3.517846 -11.011101 -7.237277 -0.010541 -0.124164 14.894886 2.286318 -4.999743 -11.084174 -1.3761 1.040848 0.445628 0.0 -0.0 -1e-06 
0.0 0.0 0.0 0.0 -0.0 0.0 -28.638226 99.455811 -123.496315 -1.529882 6.996947 1.586902 4.166396 -0.524315 1.489482 -0.047647 -0.249659 -4.336928 -0.661247 -3.78619 10.344573 -0.661366 2.145617 -15.877485 -0.460987 1.333199 -3.411301 -1.870167 -0.020744 -11.614377 7.7e-05 -2.2e-05 6e-06 0.039485 0.059384 0.072593 0.720622 -3.65994 -10.376852 -0.6453 3.785343 -10.386105 -12.427945 -9.12403 14.73614 -56.350456 -10.162233 24.258522 -0.132941 -20.3699 -0.108745 7.340667 3.002162 -21.214386 -5.882102 9.861279 0.70259 -10.936858 -0.360574 7.156195 0.0 8.774814 0.0 -16.066561 17.607426 6.154518 -1.844031 2.498503 -2.507276 -10.163589 4.678941 4.621103 -20.975994 -0.0 1e-06 -21.226252 2.451699 -3.593994 0.0 -6e-06 -0.0 -1.36268 2.240796 -0.746323 -21.334888 0.58491 3.008318 -13.821193 -1e-06 1e-06 -23.887127 -0.249074 -0.839485 -59.807091 2.817597 -0.864026 -0.294025 1.679686 0.833255 -14.218191 0.093216 1.300578 -34.211994 -0.28756 0.967166 -20.033173 0.964536 1.212838 -0.0 0.0 0.0 -3.440386 0.788233 0.501655 -15.928168 -3.167305 2.999702 -6.338816 -0.0 0.0 -18.123415 3.64818 -4.905661 -4e-06 0.0 -2e-06 11.445665 12.249688 15.578259 42.068584 12.94261 26.134979 0.449777 48.834747 0.603376 -8.692869 -3.955831 -21.573963 2.24354 -5.255033 -3.180155 14.282875 -0.826595 6.952495 0.0 -12.690593 -1e-06 15.805442 -17.072926 3.009958 1.665665 -1.95592 -2.878296 4.727794 -4.170584 4.993918 11.020509 0.0 -0.0 12.109029 -3.735715 -2.866777 -0.0 0.0 -0.0 1.291984 -1.928548 -1.498088 14.800112 0.567466 3.865604 14.242552 -1.341739 -6.660646 19.631929 0.14392 -0.648243 49.816154 -1.06924 -5.860865 0.353029 -1.511149 -0.03194 20.222765 3.684304 2.316628 18.787243 0.0 -0.0 10.751607 -0.47987 1.397902 0.0 0.0 0.0 3.273804 0.305947 -0.58011 21.486788 11.830361 2.266131 8.162914 -0.0 -0.0 18.399046 -3.798986 -4.940566 3e-06 0.0 -1e-06 12.687488 9.514739 -9.866293 -0.139073 -0.478521 10.27466 -14.47005 -7.751494 4.401275 1.718172 -1.911311 -2.48063 0.0 -0.0 2e-06 2.761166 -11.305083 -6.065091 -0.006383 -0.128637 13.629551 2.641288 -3.979471 -10.535003 -1.373649 0.996218 0.358503 0.0 -0.0 -1e-06 
0.0 0.0 0.0 0.0 -0.0 0.0 -27.974421 99.491318 -123.283325 -1.381346 6.241585 1.180786 3.87548 -0.485721 0.948788 -0.056845 -0.257107 -4.509817 -0.788357 -3.491307 10.408355 -0.515787 2.333261 -14.803994 -0.458564 0.863846 -3.382962 -1.918495 -0.510406 -11.491264 7.7e-05 -2.2e-05 6e-06 0.045135 0.068089 0.071563 0.732245 -3.645367 -10.378164 -0.646271 3.786314 -10.38706 -12.659267 -9.00065 15.019773 -56.645214 -9.727627 25.706175 -0.14805 -18.3433 -0.209298 6.215408 2.337955 -20.233526 -5.882102 9.861279 0.70259 -10.936858 -0.360574 7.156195 0.0 8.774814 0.0 -16.263659 17.715483 6.121864 -1.844031 2.498503 -2.507276 -10.163589 4.678941 4.621103 -20.975994 -0.0 1e-06 -21.226252 2.451699 -3.593994 0.0 -6e-06 -0.0 -1.36268 2.240796 -0.746323 -21.334888 0.58491 3.008318 -13.821193 -1e-06 1e-06 -23.887127 -0.249074 -0.839485 -60.033806 2.670191 -0.802916 -0.294025 1.679686 0.833255 -14.218191 0.093216 1.300578 -34.211994 -0.28756 0.967166 -20.033173 0.964536 1.212838 -0.0 0.0 0.0 -3.440386 0.788233 0.501655 -15.928168 -3.167305 2.999702 -6.338816 -0.0 0.0 -18.123415 3.64818 -4.905661 -4e-06 0.0 -2e-06 12.201739 12.204485 15.756804 43.131786 12.252261 25.810101 0.352296 44.200069 0.416024 -7.835921 -3.157434 -21.000601 2.24354 -5.255033 -3.180155 14.282875 -0.826595 6.952495 0.0 -12.690593 -1e-06 15.830499 -16.949244 2.939147 1.665665 -1.95592 -2.878296 4.727794 -4.170584 4.993918 11.020509 0.0 -0.0 12.109029 -3.735715 -2.866777 -0.0 0.0 -0.0 1.291984 -1.928548 -1.498088 14.800112 0.567466 3.865604 14.242552 -1.341739 -6.660646 19.631929 0.14392 -0.648243 49.812012 -0.982083 -5.808503 0.353029 -1.511149 -0.03194 20.222765 3.684304 2.316628 18.787243 0.0 -0.0 10.751607 -0.47987 1.397902 0.0 0.0 0.0 3.273804 0.305947 -0.58011 21.486788 11.830361 2.266131 8.162914 -0.0 -0.0 18.399046 -3.798986 -4.940566 3e-06 0.0 -1e-06 12.164327 8.958971 -7.092915 -0.13771 -0.520876 9.285935 -13.761004 -7.633955 2.729007 1.663287 -1.862366 -2.911814 0.0 -0.0 2e-06 1.955403 -11.470784 -5.304488 0.050356 -0.169158 13.365741 3.012102 -2.713472 -10.465935 -1.372532 0.939805 0.191125 0.0 -0.0 -1e-06 
0.0 0.0 0.0 0.0 -0.0 0.0 -27.317451 99.556061 -123.062721 -1.276027 5.653535 0.732781 3.532514 -0.525075 0.485747 -0.100583 -0.138193 -4.685134 -0.95276 -3.380141 10.548389 -0.028832 2.037157 -14.143337 -0.645258 0.703336 -3.387146 -1.76683 -0.741272 -11.180096 7.7e-05 -2.2e-05 6e-06 0.027547 0.018308 0.057437 0.705786 -3.711737 -10.414625 -0.65547 3.75014 -10.416365 -12.791342 -9.178882 15.013599 -56.629047 -9.164603 27.202974 -0.22943 -16.925322 -0.119514 5.243668 1.81254 -19.406904 -5.882102 9.861279 0.70259 -10.936858 -0.360574 7.156195 0.0 8.774814 0.0 -16.266523 17.628679 6.039332 -1.844031 2.498503 -2.507276 -10.163589 4.678941 4.621103 -20.975994 -0.0 1e-06 -21.226252 2.451699 -3.593994 0.0 -6e-06 -0.0 -1.36268 2.240796 -0.746323 -21.334888 0.58491 3.008318 -13.821193 -1e-06 1e-06 -23.887127 -0.249074 -0.839485 -59.874168 2.63101 -0.96459 -0.294025 1.679686 0.833255 -14.218191 0.093216 1.300578 -34.211994 -0.28756 0.967166 -20.033173 0.964536 1.212838 -0.0 0.0 0.0 -3.440386 0.788233 0.501655 -15.928168 -3.167305 2.999702 -6.338816 -0.0 0.0 -18.123415 3.64818 -4.905661 -4e-06 0.0 -2e-06 13.050332 12.020752 15.476415 43.946285 11.392953 25.506733 0.68981 40.567841 0.481715 -7.436976 -2.617314 -20.365931 2.24354 -5.255033 -3.180155 14.282875 -0.826595 6.952495 0.0 -12.690593 -1e-06 15.919177 -16.974754 2.94148 1.665665 -1.95592 -2.878296 4.727794 -4.170584 4.993918 11.020509 0.0 -0.0 12.109029 -3.735715 -2.866777 -0.0 0.0 -0.0 1.291984 -1.928548 -1.498088 14.800112 0.567466 3.865604 14.242552 -1.341739 -6.660646 19.631929 0.14392 -0.648243 49.798458 -1.082631 -5.767934 0.353029 -1.511149 -0.03194 20.222765 3.684304 2.316628 18.787243 0.0 -0.0 10.751607 -0.47987 1.397902 0.0 0.0 0.0 3.273804 0.305947 -0.58011 21.486788 11.830361 2.266131 8.162914 -0.0 -0.0 18.399046 -3.798986 -4.940566 3e-06 0.0 -1e-06 11.754203 8.021603 -5.906883 -0.070962 -0.348883 8.767506 -13.041021 -6.962119 1.455253 1.67868 -1.876426 -2.518192 0.0 -0.0 2e-06 1.243286 -11.741979 -4.290318 0.000784 -0.178564 12.654385 3.567931 -1.76658 -9.949232 -1.373173 0.959371 0.100577 0.0 -0.0 -1e-06 
0.0 0.0 0.0 0.0 -0.0 0.0 -26.666483 99.505653 -122.932968 -1.268935 5.006058 0.324157 3.148445 -0.510239 0.039367 -0.16982 -0.174759 -4.894361 -0.938496 -3.176454 10.744697 0.284385 2.141823 -13.534499 -0.700721 0.312237 -3.354493 -1.760769 -1.11573 -10.780557 7.7e-05 -2.2e-05 6e-06 0.034107 0.03785 0.069047 0.7195 -3.680259 -10.39896 -0.655354 3.758108 -10.408945 -13.126992 -9.223456 15.284425 -56.190418 -9.239975 29.501503 -0.355762 -15.832198 -0.181302 4.290265 1.206808 -18.980524 -5.882102 9.861279 0.70259 -10.936858 -0.360574 7.156195 0.0 8.774814 0.0 -16.461739 17.766798 5.986918 -1.844031 2.498503 -2.507276 -10.163589 4.678941 4.621103 -20.975994 -0.0 1e-06 -21.226252 2.451699 -3.593994 0.0 -6e-06 -0.0 -1.36268 2.240796 -0.746323 -21.334888 0.58491 3.008318 -13.821193 -1e-06 1e-06 -23.887127 -0.249074 -0.839485 -60.14716 2.52406 -0.850932 -0.294025 1.679686 0.833255 -14.218191 0.093216 1.300578 -34.211994 -0.28756 0.967166 -20.033173 0.964536 1.212838 -0.0 0.0 0.0 -3.440386 0.788233 0.501655 -15.928168 -3.167305 2.999702 -6.338816 -0.0 0.0 -18.123415 3.64818 -4.905661 -4e-06 0.0 -2e-06 13.94284 11.929549 15.637981 44.623203 10.966716 25.270012 0.500246 37.160282 0.352606 -6.840189 -2.02259 -19.620882 2.24354 -5.255033 -3.180155 14.282875 -0.826595 6.952495 0.0 -12.690593 -1e-06 15.919341 -16.93787 2.876052 1.665665 -1.95592 -2.878296 4.727794 -4.170584 4.993918 11.020509 0.0 -0.0 12.109029 -3.735715 -2.866777 -0.0 0.0 -0.0 1.291984 -1.928548 -1.498088 14.800112 0.567466 3.865604 14.242552 -1.341739 -6.660646 19.631929 0.14392 -0.648243 49.826382 -1.052823 -5.793563 0.353029 -1.511149 -0.03194 20.222765 3.684304 2.316628 18.787243 0.0 -0.0 10.751607 -0.47987 1.397902 0.0 0.0 0.0 3.273804 0.305947 -0.58011 21.486788 11.830361 2.266131 8.162914 -0.0 -0.0 18.399046 -3.798986 -4.940566 3e-06 0.0 -1e-06 11.444622 7.860003 -4.806334 -0.090576 -0.387988 8.278227 -12.076665 -5.992865 -0.001663 1.634988 -1.897502 -2.243936 0.0 -0.0 2e-06 0.625459 -11.980124 -3.873494 0.012066 -0.165609 12.909066 4.129496 -0.866155 -9.907852 -1.37797 0.915374 -0.027203 0.0 -0.0 -1e-06 
0.0 0.0 0.0 0.0 -0.0 0.0 -25.972982 99.45871 -122.880959 -1.028918 4.396608 -0.089903 2.522593 -0.501398 -0.370495 -0.251074 -0.160073 -5.053164 -1.041034 -2.987497 10.960767 0.70442 2.048982 -13.076028 -0.822677 0.062272 -3.329351 -1.642919 -1.448132 -10.317931 7.7e-05 -2.2e-05 6e-06 0.019911 0.006231 0.072786 0.707617 -3.71157 -10.404539 -0.6718 3.725719 -10.418312 -13.446562 -9.393251 15.365329 -55.537884 -9.484607 31.903349 -0.521923 -14.987525 -0.166019 3.572821 0.684355 -18.51862 -5.882102 9.861279 0.70259 -10.936858 -0.360574 7.156195 0.0 8.774814 0.0 -16.540262 17.769836 5.925221 -1.844031 2.498503 -2.507276 -10.163589 4.678941 4.621103 -20.975994 -0.0 1e-06 -21.226252 2.451699 -3.593994 0.0 -6e-06 -0.0 -1.36268 2.240796 -0.746323 -21.334888 0.58491 3.008318 -13.821193 -1e-06 1e-06 -23.887127 -0.249074 -0.839485 -60.299446 2.495689 -0.872204 -0.294025 1.679686 0.833255 -14.218191 0.093216 1.300578 -34.211994 -0.28756 0.967166 -20.033173 0.964536 1.212838 -0.0 0.0 0.0 -3.440386 0.788233 0.501655 -15.928168 -3.167305 2.999702 -6.338816 -0.0 0.0 -18.123415 3.64818 -4.905661 -4e-06 0.0 -2e-06 15.073811 11.810008 15.562864 45.12706 10.401716 24.763512 0.553399 34.060341 0.312281 -6.652146 -1.566333 -18.437222 2.24354 -5.255033 -3.180155 14.282875 -0.826595 6.952495 0.0 -12.690593 -1e-06 15.981756 -17.008169 2.829049 1.665665 -1.95592 -2.878296 4.727794 -4.170584 4.993918 11.020509 0.0 -0.0 12.109029 -3.735715 -2.866777 -0.0 0.0 -0.0 1.291984 -1.928548 -1.498088 14.800112 0.567466 3.865604 14.242552 -1.341739 -6.660646 19.631929 0.14392 -0.648243 49.907795 -1.043128 -5.775342 0.353029 -1.511149 -0.03194 20.222765 3.684304 2.316628 18.787243 0.0 -0.0 10.751607 -0.47987 1.397902 0.0 0.0 0.0 3.273804 0.305947 -0.58011 21.486788 11.830361 2.266131 8.162914 -0.0 -0.0 18.399046 -3.798986 -4.940566 3e-06 0.0 -1e-06 10.81097 7.686043 -4.299927 -0.073533 -0.318958 8.78814 -11.138616 -5.243686 -1.461571 1.622468 -1.925186 -1.984852 0.0 -0.0 2e-06 -0.267089 -12.289919 -3.656612 -0.006878 -0.121575 13.506237 4.692203 0.132839 -9.885764 -1.381822 0.893997 -0.038381 0.0 -0.0 -1e-06 
0.0 0.0 0.0 0.0 -0.0 0.0 -25.306103 99.407333 -122.91523 -0.567445 3.680724 -0.377674 1.774453 -0.462962 -0.849627 -0.374109 -0.144795 -5.249474 -1.273908 -2.777295 11.172863 1.014581 2.061253 -12.489382 -0.914399 -0.188451 -3.308243 -1.515565 -1.72214 -9.773329 7.7e-05 -2.2e-05 6e-06 0.012032 -0.01432 0.068911 0.704588 -3.723125 -10.379356 -0.684751 3.696642 -10.393125 -13.459951 -9.539436 15.526822 -55.357544 -10.181384 34.875751 -0.545431 -14.22107 -0.170785 2.968705 0.097479 -18.426537 -5.882102 9.861279 0.70259 -10.936858 -0.360574 7.156195 0.0 8.774814 0.0 -16.577053 17.737141 5.863762 -1.844031 2.498503 -2.507276 -10.163589 4.678941 4.621103 -20.975994 -0.0 1e-06 -21.226252 2.451699 -3.593994 0.0 -6e-06 -0.0 -1.36268 2.240796 -0.746323 -21.334888 0.58491 3.008318 -13.821193 -1e-06 1e-06 -23.887127 -0.249074 -0.839485 -60.459263 2.541412 -0.963464 -0.294025 1.679686 0.833255 -14.218191 0.093216 1.300578 -34.211994 -0.28756 0.967166 -20.033173 0.964536 1.212838 -0.0 0.0 0.0 -3.440386 0.788233 0.501655 -15.928168 -3.167305 2.999702 -6.338816 -0.0 0.0 -18.123415 3.64818 -4.905661 -4e-06 0.0 -2e-06 16.001656 11.817693 15.64452 46.034969 9.986418 24.144018 0.452979 30.804857 0.198107 -6.490921 -1.450949 -16.786276 2.24354 -5.255033 -3.180155 14.282875 -0.826595 6.952495 0.0 -12.690593 -1e-06 16.011951 -17.101032 2.776515 1.665665 -1.95592 -2.878296 4.727794 -4.170584 4.993918 11.020509 0.0 -0.0 12.109029 -3.735715 -2.866777 -0.0 0.0 -0.0 1.291984 -1.928548 -1.498088 14.800112 0.567466 3.865604 14.242552 -1.341739 -6.660646 19.631929 0.14392 -0.648243 49.877411 -0.940456 -5.820462 0.353029 -1.511149 -0.03194 20.222765 3.684304 2.316628 18.787243 0.0 -0.0 10.751607 -0.47987 1.397902 0.0 0.0 0.0 3.273804 0.305947 -0.58011 21.486788 11.830361 2.266131 8.162914 -0.0 -0.0 18.399046 -3.798986 -4.940566 3e-06 0.0 -1e-06 9.927262 7.859845 -3.987021 -0.067167 -0.261096 9.328832 -10.213449 -4.716889 -2.614148 1.620817 -1.963217 -1.844075 0.0 -0.0 2e-06 -1.344315 -12.489058 -3.870901 -0.019717 -0.057932 14.54247 5.174943 1.223421 -9.972854 -1.387611 0.887251 -0.106398 0.0 -0.0 -1e-06 
0.0 0.0 0.0 0.0 -0.0 0.0 -24.687763 99.378464 -122.986984 -0.077305 2.945057 -0.556535 1.140297 -0.391367 -1.338622 -0.493827 -0.138867 -5.452097 -1.54149 -2.596217 11.314005 1.103169 2.12487 -11.871154 -0.930091 -0.395575 -3.315149 -1.386615 -1.849312 -9.150581 7.7e-05 -2.2e-05 6e-06 0.01618 -0.007697 0.059892 0.709158 -3.710768 -10.345698 -0.681739 3.697219 -10.35306 -13.33181 -9.668793 15.632862 -55.481503 -10.797791 37.587334 -0.468656 -13.778638 -0.185572 2.587606 -0.475843 -18.70409 -5.882102 9.861279 0.70259 -10.936858 -0.360574 7.156195 0.0 8.774814 0.0 -16.542055 17.666231 5.797683 -1.844031 2.498503 -2.507276 -10.163589 4.678941 4.621103 -20.975994 -0.0 1e-06 -21.226252 2.451699 -3.593994 0.0 -6e-06 -0.0 -1.36268 2.240796 -0.746323 -21.334888 0.58491 3.008318 -13.821193 -1e-06 1e-06 -23.887127 -0.249074 -0.839485 -60.465527 2.613992 -1.157113 -0.294025 1.679686 0.833255 -14.218191 0.093216 1.300578 -34.211994 -0.28756 0.967166 -20.033173 0.964536 1.212838 -0.0 0.0 0.0 -3.440386 0.788233 0.501655 -15.928168 -3.167305 2.999702 -6.338816 -0.0 0.0 -18.123415 3.64818 -4.905661 -4e-06 0.0 -2e-06 16.571615 11.855495 15.917693 47.043755 9.724136 23.702324 0.261802 28.281334 0.056315 -6.21657 -1.652936 -15.495223 2.24354 -5.255033 -3.180155 14.282875 -0.826595 6.952495 0.0 -12.690593 -1e-06 16.001692 -17.161768 2.746892 1.665665 -1.95592 -2.878296 4.727794 -4.170584 4.993918 11.020509 0.0 -0.0 12.109029 -3.735715 -2.866777 -0.0 0.0 -0.0 1.291984 -1.928548 -1.498088 14.800112 0.567466 3.865604 14.242552 -1.341739 -6.660646 19.631929 0.14392 -0.648243 49.717812 -0.773389 -5.889331 0.353029 -1.511149 -0.03194 20.222765 3.684304 2.316628 18.787243 0.0 -0.0 10.751607 -0.47987 1.397902 0.0 0.0 0.0 3.273804 0.305947 -0.58011 21.486788 11.830361 2.266131 8.162914 -0.0 -0.0 18.399046 -3.798986 -4.940566 3e-06 0.0 -1e-06 9.015616 7.966624 -3.69555 -0.067465 -0.218216 9.594687 -9.41713 -4.142691 -3.548208 1.620118 -1.985611 -1.707841 0.0 -0.0 2e-06 -2.372775 -12.434887 -4.197142 -0.013064 -0.021128 15.440664 5.576475 2.080229 -10.0429 -1.397637 0.906097 -0.2343 0.0 -0.0 -1e-06 
0.0 0.0 0.0 0.0 -0.0 0.0 -24.076574 99.371223 -123.080658 0.259668 2.470198 -0.746829 0.717545 -0.331131 -1.657759 -0.568977 -0.170586 -5.577528 -1.728931 -2.474144 11.356749 1.037691 2.164752 -11.467072 -0.948334 -0.558577 -3.333812 -1.244588 -1.951751 -8.580097 7.7e-05 -2.2e-05 6e-06 0.017402 -0.001574 0.047204 0.706126 -3.706583 -10.344627 -0.67676 3.704248 -10.344892 -13.43074 -9.821391 15.620325 -55.236248 -11.177088 39.286465 -0.363794 -13.781129 -0.2011 2.678329 -0.845336 -18.998016 -5.882102 9.861279 0.70259 -10.936858 -0.360574 7.156195 0.0 8.774814 0.0 -16.454388 17.643923 5.774961 -1.844031 2.498503 -2.507276 -10.163589 4.678941 4.621103 -20.975994 -0.0 1e-06 -21.226252 2.451699 -3.593994 0.0 -6e-06 -0.0 -1.36268 2.240796 -0.746323 -21.334888 0.58491 3.008318 -13.821193 -1e-06 1e-06 -23.887127 -0.249074 -0.839485 -60.411118 2.656533 -1.340362 -0.294025 1.679686 0.833255 -14.218191 0.093216 1.300578 -34.211994 -0.28756 0.967166 -20.033173 0.964536 1.212838 -0.0 0.0 0.0 -3.440386 0.788233 0.501655 -15.928168 -3.167305 2.999702 -6.338816 -0.0 0.0 -18.123415 3.64818 -4.905661 -4e-06 0.0 -2e-06 16.985403 11.780859 16.113394 47.636597 9.460121 23.822783 0.140366 27.176954 -0.038408 -5.90607 -1.82294 -15.050284 2.24354 -5.255033 -3.180155 14.282875 -0.826595 6.952495 0.0 -12.690593 -1e-06 15.986259 -17.19047 2.711726 1.665665 -1.95592 -2.878296 4.727794 -4.170584 4.993918 11.020509 0.0 -0.0 12.109029 -3.735715 -2.866777 -0.0 0.0 -0.0 1.291984 -1.928548 -1.498088 14.800112 0.567466 3.865604 14.242552 -1.341739 -6.660646 19.631929 0.14392 -0.648243 49.586864 -0.66256 -5.96004 0.353029 -1.511149 -0.03194 20.222765 3.684304 2.316628 18.787243 0.0 -0.0 10.751607 -0.47987 1.397902 0.0 0.0 0.0 3.273804 0.305947 -0.58011 21.486788 11.830361 2.266131 8.162914 -0.0 -0.0 18.399046 -3.798986 -4.940566 3e-06 0.0 -1e-06 8.257839 7.928413 -3.529547 -0.070662 -0.212465 9.907176 -8.861303 -3.793642 -4.284512 1.618721 -1.997231 -1.601581 0.0 -0.0 2e-06 -3.210858 -12.343947 -4.289628 -0.004338 0.004798 15.866991 5.935389 2.521724 -10.016162 -1.405082 0.931787 -0.316279 0.0 -0.0 -1e-06 
0.0 0.0 0.0 0.0 -0.0 0.0 -23.410673 99.415512 -123.201538 0.454949 2.277932 -0.981329 0.438039 -0.323427 -1.7738 -0.598759 -0.192939 -5.629983 -1.866596 -2.394001 11.289513 0.933881 2.184917 -11.219376 -0.982244 -0.690008 -3.333425 -1.113814 -2.144633 -8.174655 7.7e-05 -2.2e-05 6e-06 0.019501 0.009514 0.033948 0.709442 -3.695422 -10.347357 -0.676348 3.714672 -10.346286 -13.536727 -9.960287 15.554835 -54.862419 -11.481241 39.557056 -0.212202 -14.092015 -0.23395 3.064544 -1.049007 -19.247211 -5.882102 9.861279 0.70259 -10.936858 -0.360574 7.156195 0.0 8.774814 0.0 -16.346592 17.685642 5.776163 -1.844031 2.498503 -2.507276 -10.163589 4.678941 4.621103 -20.975994 -0.0 1e-06 -21.226252 2.451699 -3.593994 0.0 -6e-06 -0.0 -1.36268 2.240796 -0.746323 -21.334888 0.58491 3.008318 -13.821193 -1e-06 1e-06 -23.887127 -0.249074 -0.839485 -60.282055 2.662186 -1.469248 -0.294025 1.679686 0.833255 -14.218191 0.093216 1.300578 -34.211994 -0.28756 0.967166 -20.033173 0.964536 1.212838 -0.0 0.0 0.0 -3.440386 0.788233 0.501655 -15.928168 -3.167305 2.999702 -6.338816 -0.0 0.0 -18.123415 3.64818 -4.905661 -4e-06 0.0 -2e-06 17.141062 11.606249 16.135614 48.122917 9.227155 24.522249 0.15825 27.038118 -0.038384 -5.706742 -1.903485 -15.270036 2.24354 -5.255033 -3.180155 14.282875 -0.826595 6.952495 0.0 -12.690593 -1e-06 15.990733 -17.184282 2.661659 1.665665 -1.95592 -2.878296 4.727794 -4.170584 4.993918 11.020509 0.0 -0.0 12.109029 -3.735715 -2.866777 -0.0 0.0 -0.0 1.291984 -1.928548 -1.498088 14.800112 0.567466 3.865604 14.242552 -1.341739 -6.660646 19.631929 0.14392 -0.648243 49.488346 -0.667406 -6.033048 0.353029 -1.511149 -0.03194 20.222765 3.684304 2.316628 18.787243 0.0 -0.0 10.751607 -0.47987 1.397902 0.0 0.0 0.0 3.273804 0.305947 -0.58011 21.486788 11.830361 2.266131 8.162914 -0.0 -0.0 18.399046 -3.798986 -4.940566 3e-06 0.0 -1e-06 7.617844 7.782352 -3.319997 -0.075591 -0.21494 9.956099 -8.390251 -3.567588 -4.566409 1.620406 -1.999092 -1.544397 0.0 -0.0 2e-06 -3.920567 -12.262489 -3.982355 -0.001085 0.032655 15.591053 6.30027 2.560436 -9.710624 -1.404433 0.955946 -0.379929 0.0 -0.0 -1e-06 
0.0 0.0 0.0 0.0 -0.0 0.0 -22.75255 99.489182 -123.327126 0.582249 2.214446 -1.25109 0.213177 -0.34323 -1.759177 -0.603774 -0.208913 -5.64344 -1.966353 -2.343384 11.106449 0.767926 2.220674 -10.993047 -0.993505 -0.832114 -3.320564 -0.925948 -2.347194 -7.83026 7.7e-05 -2.2e-05 6e-06 0.021937 0.015889 0.024475 0.720946 -3.686243 -10.329725 -0.683728 3.718265 -10.322983 -13.4615 -10.12305 15.421498 -54.680164 -11.582316 38.838219 -0.0562 -14.60179 -0.266075 3.470952 -1.257685 -19.382151 -5.882102 9.861279 0.70259 -10.936858 -0.360574 7.156195 0.0 8.774814 0.0 -16.18372 17.773039 5.829789 -1.844031 2.498503 -2.507276 -10.163589 4.678941 4.621103 -20.975994 -0.0 1e-06 -21.226252 2.451699 -3.593994 0.0 -6e-06 -0.0 -1.36268 2.240796 -0.746323 -21.334888 0.58491 3.008318 -13.821193 -1e-06 1e-06 -23.887127 -0.249074 -0.839485 -60.15379 2.706365 -1.575744 -0.294025 1.679686 0.833255 -14.218191 0.093216 1.300578 -34.211994 -0.28756 0.967166 -20.033173 0.964536 1.212838 -0.0 0.0 0.0 -3.440386 0.788233 0.501655 -15.928168 -3.167305 2.999702 -6.338816 -0.0 0.0 -18.123415 3.64818 -4.905661 -4e-06 0.0 -2e-06 16.984571 11.363996 16.008644 48.865845 9.044382 25.421093 0.20885 27.070377 0.003282 -5.650908 -1.770405 -15.730488 2.24354 -5.255033 -3.180155 14.282875 -0.826595 6.952495 0.0 -12.690593 -1e-06 16.00485 -17.19492 2.61676 1.665665 -1.95592 -2.878296 4.727794 -4.170584 4.993918 11.020509 0.0 -0.0 12.109029 -3.735715 -2.866777 -0.0 0.0 -0.0 1.291984 -1.928548 -1.498088 14.800112 0.567466 3.865604 14.242552 -1.341739 -6.660646 19.631929 0.14392 -0.648243 49.377636 -0.717199 -6.1402 0.353029 -1.511149 -0.03194 20.222765 3.684304 2.316628 18.787243 0.0 -0.0 10.751607 -0.47987 1.397902 0.0 0.0 0.0 3.273804 0.305947 -0.58011 21.486788 11.830361 2.266131 8.162914 -0.0 -0.0 18.399046 -3.798986 -4.940566 3e-06 0.0 -1e-06 7.035997 7.451961 -2.940491 -0.084843 -0.219576 9.69227 -7.894936 -3.137822 -4.558177 1.622725 -1.9879 -1.497455 0.0 -0.0 2e-06 -4.53006 -11.996128 -3.426695 -0.000824 0.042638 14.899993 6.650224 2.26004 -9.240534 -1.401084 0.960097 -0.457274 0.0 -0.0 -1e-06 
0.0 0.0 0.0 0.0 -0.0 0.0 -22.143818 99.563789 -123.419479 0.688276 2.101209 -1.569203 -0.027262 -0.328108 -1.727655 -0.609112 -0.252978 -5.631589 -2.020588 -2.292957 10.921583 0.581836 2.250673 -10.830116 -1.016041 -0.952758 -3.327516 -0.601613 -2.470532 -7.344795 7.7e-05 -2.2e-05 6e-06 0.018256 0.002834 0.014498 0.724325 -3.702261 -10.333613 -0.695018 3.707316 -10.315074 -13.513024 -10.336403 15.144799 -54.404404 -11.38556 38.315811 0.058721 -15.24632 -0.28121 3.537528 -1.502396 -19.39204 -5.882102 9.861279 0.70259 -10.936858 -0.360574 7.156195 0.0 8.774814 0.0 -16.039911 17.872984 5.912922 -1.844031 2.498503 -2.507276 -10.163589 4.678941 4.621103 -20.975994 -0.0 1e-06 -21.226252 2.451699 -3.593994 0.0 -6e-06 -0.0 -1.36268 2.240796 -0.746323 -21.334888 0.58491 3.008318 -13.821193 -1e-06 1e-06 -23.887127 -0.249074 -0.839485 -60.183105 2.799464 -1.705194 -0.294025 1.679686 0.833255 -14.218191 0.093216 1.300578 -34.211994 -0.28756 0.967166 -20.033173 0.964536 1.212838 -0.0 0.0 0.0 -3.440386 0.788233 0.501655 -15.928168 -3.167305 2.999702 -6.338816 -0.0 0.0 -18.123415 3.64818 -4.905661 -4e-06 0.0 -2e-06 16.99822 11.069554 15.842978 49.475533 8.805508 26.258759 0.10594 27.028534 -0.020824 -5.523585 -1.301754 -15.937333 2.24354 -5.255033 -3.180155 14.282875 -0.826595 6.952495 0.0 -12.690593 -1e-06 16.039066 -17.254333 2.572648 1.665665 -1.95592 -2.878296 4.727794 -4.170584 4.993918 11.020509 0.0 -0.0 12.109029 -3.735715 -2.866777 -0.0 0.0 -0.0 1.291984 -1.928548 -1.498088 14.800112 0.567466 3.865604 14.242552 -1.341739 -6.660646 19.631929 0.14392 -0.648243 49.317303 -0.687846 -6.253352 0.353029 -1.511149 -0.03194 20.222765 3.684304 2.316628 18.787243 0.0 -0.0 10.751607 -0.47987 1.397902 0.0 0.0 0.0 3.273804 0.305947 -0.58011 21.486788 11.830361 2.266131 8.162914 -0.0 -0.0 18.399046 -3.798986 -4.940566 3e-06 0.0 -1e-06 6.510372 7.087294 -2.364465 -0.088928 -0.239897 9.201762 -7.402721 -2.620074 -4.468608 1.630829 -1.987789 -1.512204 0.0 -0.0 2e-06 -5.075264 -11.562637 -2.745562 -0.00268 0.040382 14.074389 6.863637 1.871313 -8.747258 -1.403361 0.949101 -0.53342 0.0 -0.0 -1e-06 
0.0 0.0 0.0 0.0 -0.0 0.0 -21.586874 99.612785 -123.462929 0.795822 1.926502 -1.883673 -0.290896 -0.283407 -1.714262 -0.632344 -0.312924 -5.605538 -2.025227 -2.195697 10.783429 0.4511 2.235894 -10.795045 -1.046083 -0.98779 -3.354866 -0.238094 -2.594288 -6.748789 7.7e-05 -2.2e-05 6e-06 0.008246 -0.024429 0.011222 0.713358 -3.731311 -10.347945 -0.704358 3.680935 -10.318492 -13.810223 -10.602741 14.85575 -53.916672 -11.045483 38.510105 0.074621 -15.787908 -0.273887 3.425671 -1.821736 -19.389172 -5.882102 9.861279 0.70259 -10.936858 -0.360574 7.156195 0.0 8.774814 0.0 -15.969368 17.918026 5.993789 -1.844031 2.498503 -2.507276 -10.163589 4.678941 4.621103 -20.975994 -0.0 1e-06 -21.226252 2.451699 -3.593994 0.0 -6e-06 -0.0 -1.36268 2.240796 -0.746323 -21.334888 0.58491 3.008318 -13.821193 -1e-06 1e-06 -23.887127 -0.249074 -0.839485 -60.260773 2.866639 -1.788315 -0.294025 1.679686 0.833255 -14.218191 0.093216 1.300578 -34.211994 -0.28756 0.967166 -20.033173 0.964536 1.212838 -0.0 0.0 0.0 -3.440386 0.788233 0.501655 -15.928168 -3.167305 2.999702 -6.338816 -0.0 0.0 -18.123415 3.64818 -4.905661 -4e-06 0.0 -2e-06 17.4522 10.737484 15.692529 49.635273 8.501582 26.861811 -0.151076 26.903242 -0.138386 -5.287117 -0.66575 -16.07881 2.24354 -5.255033 -3.180155 14.282875 -0.826595 6.952495 0.0 -12.690593 -1e-06 16.044985 -17.295988 2.569443 1.665665 -1.95592 -2.878296 4.727794 -4.170584 4.993918 11.020509 0.0 -0.0 12.109029 -3.735715 -2.866777 -0.0 0.0 -0.0 1.291984 -1.928548 -1.498088 14.800112 0.567466 3.865604 14.242552 -1.341739 -6.660646 19.631929 0.14392 -0.648243 49.380489 -0.629035 -6.255786 0.353029 -1.511149 -0.03194 20.222765 3.684304 2.316628 18.787243 0.0 -0.0 10.751607 -0.47987 1.397902 0.0 0.0 0.0 3.273804 0.305947 -0.58011 21.486788 11.830361 2.266131 8.162914 -0.0 -0.0 18.399046 -3.798986 -4.940566 3e-06 0.0 -1e-06 6.016918 6.826281 -1.812879 -0.064857 -0.243504 8.839408 -6.929578 -2.234903 -4.457724 1.63776 -1.988795 -1.587963 0.0 -0.0 2e-06 -5.576589 -11.058536 -2.127078 -0.008537 0.043251 13.401167 7.014184 1.388506 -8.371497 -1.409922 0.960759 -0.656679 0.0 -0.0 -1e-06 
0.0 0.0 0.0 0.0 -0.0 0.0 -21.071596 99.648453 -123.500061 0.870106 1.735871 -2.157948 -0.555917 -0.266546 -1.744086 -0.668893 -0.347734 -5.598396 -1.981188 -2.12165 10.763929 0.405662 2.134645 -10.845215 -1.074873 -0.917498 -3.3996 0.028342 -2.652155 -6.221461 7.7e-05 -2.2e-05 6e-06 0.003948 -0.028034 0.010013 0.701284 -3.730291 -10.348844 -0.700972 3.672828 -10.316088 -14.194184 -10.817628 14.680892 -53.44738 -10.74053 39.012142 0.052009 -16.142929 -0.25739 3.408196 -2.213939 -19.501348 -5.882102 9.861279 0.70259 -10.936858 -0.360574 7.156195 0.0 8.774814 0.0 -15.891559 17.906042 6.086643 -1.844031 2.498503 -2.507276 -10.163589 4.678941 4.621103 -20.975994 -0.0 1e-06 -21.226252 2.451699 -3.593994 0.0 -6e-06 -0.0 -1.36268 2.240796 -0.746323 -21.334888 0.58491 3.008318 -13.821193 -1e-06 1e-06 -23.887127 -0.249074 -0.839485 -60.266914 2.889886 -1.774913 -0.294025 1.679686 0.833255 -14.218191 0.093216 1.300578 -34.211994 -0.28756 0.967166 -20.033173 0.964536 1.212838 -0.0 0.0 0.0 -3.440386 0.788233 0.501655 -15.928168 -3.167305 2.999702 -6.338816 -0.0 0.0 -18.123415 3.64818 -4.905661 -4e-06 0.0 -2e-06 18.162754 10.47334 15.552959 49.455505 8.198881 27.061779 -0.383592 26.701944 -0.246551 -5.097409 -0.138175 -16.32513 2.24354 -5.255033 -3.180155 14.282875 -0.826595 6.952495 0.0 -12.690593 -1e-06 16.009415 -17.305035 2.599785 1.665665 -1.95592 -2.878296 4.727794 -4.170584 4.993918 11.020509 0.0 -0.0 12.109029 -3.735715 -2.866777 -0.0 0.0 -0.0 1.291984 -1.928548 -1.498088 14.800112 0.567466 3.865604 14.242552 -1.341739 -6.660646 19.631929 0.14392 -0.648243 49.466373 -0.597023 -6.142749 0.353029 -1.511149 -0.03194 20.222765 3.684304 2.316628 18.787243 0.0 -0.0 10.751607 -0.47987 1.397902 0.0 0.0 0.0 3.273804 0.305947 -0.58011 21.486788 11.830361 2.266131 8.162914 -0.0 -0.0 18.399046 -3.798986 -4.940566 3e-06 0.0 -1e-06 5.589953 6.68167 -1.39218 -0.031527 -0.231457 8.654727 -6.480035 -1.967119 -4.499731 1.640947 -2.00157 -1.645661 0.0 -0.0 2e-06 -6.014366 -10.683605 -1.583216 -0.018394 0.049569 12.785674 7.115173 1.01681 -8.013094 -1.414635 0.988217 -0.810445 0.0 -0.0 -1e-06 
0.0 0.0 0.0 0.0 -0.0 0.0 -20.549818 99.689354 -123.587402 0.879838 1.526822 -2.332213 -0.787409 -0.287993 -1.838851 -0.708573 -0.364389 -5.622316 -1.920817 -2.119792 10.806819 0.455599 1.957483 -10.912128 -1.019764 -0.653829 -3.454451 0.105964 -2.729519 -5.85415 7.7e-05 -2.2e-05 6e-06 0.001401 -0.025336 0.004724 0.694363 -3.723416 -10.360523 -0.699291 3.671828 -10.330992 -14.45324 -10.901381 14.586765 -53.264523 -10.422906 39.145622 0.034688 -16.394619 -0.240335 3.495881 -2.611506 -19.711773 -5.882102 9.861279 0.70259 -10.936858 -0.360574 7.156195 0.0 8.774814 0.0 -15.804454 17.883736 6.156392 -1.844031 2.498503 -2.507276 -10.163589 4.678941 4.621103 -20.975994 -0.0 1e-06 -21.226252 2.451699 -3.593994 0.0 -6e-06 -0.0 -1.36268 2.240796 -0.746323 -21.334888 0.58491 3.008318 -13.821193 -1e-06 1e-06 -23.887127 -0.249074 -0.839485 -60.208057 2.857871 -1.660068 -0.294025 1.679686 0.833255 -14.218191 0.093216 1.300578 -34.211994 -0.28756 0.967166 -20.033173 0.964536 1.212838 -0.0 0.0 0.0 -3.440386 0.788233 0.501655 -15.928168 -3.167305 2.999702 -6.338816 -0.0 0.0 -18.123415 3.64818 -4.905661 -4e-06 0.0 -2e-06 18.828653 10.34371 15.371658 49.305927 7.888404 27.017653 -0.561906 26.427214 -0.294874 -4.959736 0.272609 -16.733671 2.24354 -5.255033 -3.180155 14.282875 -0.826595 6.952495 0.0 -12.690593 -1e-06 15.955399 -17.334532 2.673786 1.665665 -1.95592 -2.878296 4.727794 -4.170584 4.993918 11.020509 0.0 -0.0 12.109029 -3.735715 -2.866777 -0.0 0.0 -0.0 1.291984 -1.928548 -1.498088 14.800112 0.567466 3.865604 14.242552 -1.341739 -6.660646 19.631929 0.14392 -0.648243 49.505333 -0.578951 -5.975611 0.353029 -1.511149 -0.03194 20.222765 3.684304 2.316628 18.787243 0.0 -0.0 10.751607 -0.47987 1.397902 0.0 0.0 0.0 3.273804 0.305947 -0.58011 21.486788 11.830361 2.266131 8.162914 -0.0 -0.0 18.399046 -3.798986 -4.940566 3e-06 0.0 -1e-06 5.222544 6.564162 -1.20731 -0.017432 -0.225068 8.652079 -6.039154 -1.694103 -4.571133 1.641892 -2.02852 -1.637579 0.0 -0.0 2e-06 -6.377964 -10.47939 -1.14031 -0.026577 0.056514 12.068832 7.243696 0.837865 -7.532539 -1.411651 1.009617 -0.999479 0.0 -0.0 -1e-06 
